"TimeGenerated","Computer","UserName","EventID","Source","Activity","ObjectName","SidHistory","PrivilegeList","TicketEncryptionType","IpAddress"
"16/8/2026, 3:29:04.73141 pm","DC01.darkzero.htb","SYSTEM","4624","Security","Logon","","","","","-"
"16/8/2026, 3:29:06.492735 pm","DC01.darkzero.htb","","{'#attributes': {'Qualifiers': 32768}, '#text': 3054}","DirectoryService","Replication Event","","","","",""
"16/8/2026, 3:29:06.492735 pm","DC01.darkzero.htb","","{'#attributes': {'Qualifiers': 32768}, '#text': 3051}","DirectoryService","Replication Event","","","","",""
"16/8/2026, 3:29:07.112244 pm","DC01.darkzero.htb","","{'#attributes': {'Qualifiers': 16384}, '#text': 2121}","DirectoryService","Replication Event","","","","",""
"16/8/2026, 3:29:07.112244 pm","DC01.darkzero.htb","","{'#attributes': {'Qualifiers': 16384}, '#text': 2406}","DirectoryService","Replication Event","Recycle Bin Feature","","","",""
"16/8/2026, 3:29:07.112244 pm","DC01.darkzero.htb","","{'#attributes': {'Qualifiers': 16384}, '#text': 2406}","DirectoryService","Replication Event","Privileged Access Management Feature","","","",""
"16/8/2026, 3:29:07.112244 pm","DC01.darkzero.htb","","{'#attributes': {'Qualifiers': 16384}, '#text': 2406}","DirectoryService","Replication Event","Database 32k Pages Feature","","","",""
"16/8/2026, 3:29:07.114344 pm","DC01.darkzero.htb","","{'#attributes': {'Qualifiers': 32768}, '#text': 2170}","DirectoryService","Replication Event","","","","",""
"16/8/2026, 3:29:07.114344 pm","DC01.darkzero.htb","","{'#attributes': {'Qualifiers': 16384}, '#text': 2172}","DirectoryService","Replication Event","7921710597112548798","","","",""
"16/8/2026, 3:29:07.114344 pm","DC01.darkzero.htb","","{'#attributes': {'Qualifiers': 16384}, '#text': 2168}","DirectoryService","Replication Event","4498488127653702920","","","",""
"16/8/2026, 3:29:07.119509 pm","DC01.darkzero.htb","","{'#attributes': {'Qualifiers': 16384}, '#text': 1109}","DirectoryService","Replication Event","","","","",""
"16/8/2026, 3:29:07.151417 pm","DC01.darkzero.htb","","{'#attributes': {'Qualifiers': 16384}, '#text': 2179}","DirectoryService","Replication Event","4498488127653702920","","","",""
"16/8/2026, 3:29:07.151417 pm","DC01.darkzero.htb","","{'#attributes': {'Qualifiers': 16384}, '#text': 2208}","DirectoryService","Replication Event","","","","",""
"16/8/2026, 3:29:07.164027 pm","DC01.darkzero.htb","","{'#attributes': {'Qualifiers': 16384}, '#text': 2405}","DirectoryService","Replication Event","Recycle Bin Feature","","","",""
"16/8/2026, 3:29:07.164027 pm","DC01.darkzero.htb","","{'#attributes': {'Qualifiers': 16384}, '#text': 2405}","DirectoryService","Replication Event","Privileged Access Management Feature","","","",""
"16/8/2026, 3:29:07.164027 pm","DC01.darkzero.htb","","{'#attributes': {'Qualifiers': 16384}, '#text': 2120}","DirectoryService","Replication Event","","","","",""
"16/8/2026, 3:29:07.166724 pm","DC01.darkzero.htb","","{'#attributes': {'Qualifiers': 16384}, '#text': 2405}","DirectoryService","Replication Event","Database 32k Pages Feature","","","",""
"16/8/2026, 3:29:07.357831 pm","DC01.darkzero.htb","SYSTEM","4624","Security","Logon","","","","","-"
"16/8/2026, 3:29:07.357851 pm","DC01.darkzero.htb","SYSTEM","4672","Security","Privileged Logon","","","SeAssignPrimaryTokenPrivilege
			SeTcbPrivilege
			SeSecurityPrivilege
			SeTakeOwnershipPrivilege
			SeLoadDriverPrivilege
			SeBackupPrivilege
			SeRestorePrivilege
			SeDebugPrivilege
			SeAuditPrivilege
			SeSystemEnvironmentPrivilege
			SeImpersonatePrivilege
			SeDelegateSessionUserImpersonatePrivilege","",""
"16/8/2026, 3:29:07.42751 pm","DC01.darkzero.htb","UMFD-1","4624","Security","Logon","","","","","-"
"16/8/2026, 3:29:07.478752 pm","DC01.darkzero.htb","UMFD-0","4624","Security","Logon","","","","","-"
"16/8/2026, 3:29:07.88518 pm","DC01.darkzero.htb","NETWORK SERVICE","4624","Security","Logon","","","","","-"
"16/8/2026, 3:29:07.885196 pm","DC01.darkzero.htb","NETWORK SERVICE","4672","Security","Privileged Logon","","","SeAssignPrimaryTokenPrivilege
			SeAuditPrivilege
			SeImpersonatePrivilege","",""
"16/8/2026, 3:29:08.574956 pm","DC01.darkzero.htb","SYSTEM","4624","Security","Logon","","","","","-"
"16/8/2026, 3:29:08.574978 pm","DC01.darkzero.htb","SYSTEM","4672","Security","Privileged Logon","","","SeAssignPrimaryTokenPrivilege
			SeTcbPrivilege
			SeSecurityPrivilege
			SeTakeOwnershipPrivilege
			SeLoadDriverPrivilege
			SeBackupPrivilege
			SeRestorePrivilege
			SeDebugPrivilege
			SeAuditPrivilege
			SeSystemEnvironmentPrivilege
			SeImpersonatePrivilege
			SeDelegateSessionUserImpersonatePrivilege","",""
"16/8/2026, 3:29:09.440028 pm","DC01.darkzero.htb","DWM-1","4624","Security","Logon","","","","","-"
"16/8/2026, 3:29:09.440043 pm","DC01.darkzero.htb","DWM-1","4672","Security","Privileged Logon","","","SeAssignPrimaryTokenPrivilege
			SeAuditPrivilege
			SeImpersonatePrivilege","",""
"16/8/2026, 3:29:09.838198 pm","DC01.darkzero.htb","SYSTEM","4624","Security","Logon","","","","","-"
"16/8/2026, 3:29:09.838213 pm","DC01.darkzero.htb","SYSTEM","4672","Security","Privileged Logon","","","SeAssignPrimaryTokenPrivilege
			SeTcbPrivilege
			SeSecurityPrivilege
			SeTakeOwnershipPrivilege
			SeLoadDriverPrivilege
			SeBackupPrivilege
			SeRestorePrivilege
			SeDebugPrivilege
			SeAuditPrivilege
			SeSystemEnvironmentPrivilege
			SeImpersonatePrivilege
			SeDelegateSessionUserImpersonatePrivilege","",""
"16/8/2026, 3:29:09.86611 pm","DC01.darkzero.htb","LOCAL SERVICE","4624","Security","Logon","","","","","-"
"16/8/2026, 3:29:09.866139 pm","DC01.darkzero.htb","LOCAL SERVICE","4672","Security","Privileged Logon","","","SeAssignPrimaryTokenPrivilege
			SeAuditPrivilege
			SeImpersonatePrivilege","",""
"16/8/2026, 3:29:11.580822 pm","DC01.darkzero.htb","SYSTEM","4624","Security","Logon","","","","","-"
"16/8/2026, 3:29:11.580837 pm","DC01.darkzero.htb","SYSTEM","4672","Security","Privileged Logon","","","SeAssignPrimaryTokenPrivilege
			SeTcbPrivilege
			SeSecurityPrivilege
			SeTakeOwnershipPrivilege
			SeLoadDriverPrivilege
			SeBackupPrivilege
			SeRestorePrivilege
			SeDebugPrivilege
			SeAuditPrivilege
			SeSystemEnvironmentPrivilege
			SeImpersonatePrivilege
			SeDelegateSessionUserImpersonatePrivilege","",""
"16/8/2026, 3:29:12.169867 pm","DC01.darkzero.htb","SYSTEM","4624","Security","Logon","","","","","-"
"16/8/2026, 3:29:12.169881 pm","DC01.darkzero.htb","SYSTEM","4672","Security","Privileged Logon","","","SeAssignPrimaryTokenPrivilege
			SeTcbPrivilege
			SeSecurityPrivilege
			SeTakeOwnershipPrivilege
			SeLoadDriverPrivilege
			SeBackupPrivilege
			SeRestorePrivilege
			SeDebugPrivilege
			SeAuditPrivilege
			SeSystemEnvironmentPrivilege
			SeImpersonatePrivilege
			SeDelegateSessionUserImpersonatePrivilege","",""
"16/8/2026, 3:29:14.030373 pm","DC01.darkzero.htb","SYSTEM","4624","Security","Logon","","","","","-"
"16/8/2026, 3:29:14.030388 pm","DC01.darkzero.htb","SYSTEM","4672","Security","Privileged Logon","","","SeAssignPrimaryTokenPrivilege
			SeTcbPrivilege
			SeSecurityPrivilege
			SeTakeOwnershipPrivilege
			SeLoadDriverPrivilege
			SeBackupPrivilege
			SeRestorePrivilege
			SeDebugPrivilege
			SeAuditPrivilege
			SeSystemEnvironmentPrivilege
			SeImpersonatePrivilege
			SeDelegateSessionUserImpersonatePrivilege","",""
"16/8/2026, 3:29:14.628506 pm","DC01.darkzero.htb","SYSTEM","4624","Security","Logon","","","","","-"
"16/8/2026, 3:29:14.628522 pm","DC01.darkzero.htb","SYSTEM","4672","Security","Privileged Logon","","","SeAssignPrimaryTokenPrivilege
			SeTcbPrivilege
			SeSecurityPrivilege
			SeTakeOwnershipPrivilege
			SeLoadDriverPrivilege
			SeBackupPrivilege
			SeRestorePrivilege
			SeDebugPrivilege
			SeAuditPrivilege
			SeSystemEnvironmentPrivilege
			SeImpersonatePrivilege
			SeDelegateSessionUserImpersonatePrivilege","",""
"16/8/2026, 3:29:14.635567 pm","DC01.darkzero.htb","SYSTEM","4624","Security","Logon","","","","","-"
"16/8/2026, 3:29:14.635581 pm","DC01.darkzero.htb","SYSTEM","4672","Security","Privileged Logon","","","SeAssignPrimaryTokenPrivilege
			SeTcbPrivilege
			SeSecurityPrivilege
			SeTakeOwnershipPrivilege
			SeLoadDriverPrivilege
			SeBackupPrivilege
			SeRestorePrivilege
			SeDebugPrivilege
			SeAuditPrivilege
			SeSystemEnvironmentPrivilege
			SeImpersonatePrivilege
			SeDelegateSessionUserImpersonatePrivilege","",""
"16/8/2026, 3:29:14.638574 pm","DC01.darkzero.htb","SYSTEM","4624","Security","Logon","","","","","-"
"16/8/2026, 3:29:14.638588 pm","DC01.darkzero.htb","SYSTEM","4672","Security","Privileged Logon","","","SeAssignPrimaryTokenPrivilege
			SeTcbPrivilege
			SeSecurityPrivilege
			SeTakeOwnershipPrivilege
			SeLoadDriverPrivilege
			SeBackupPrivilege
			SeRestorePrivilege
			SeDebugPrivilege
			SeAuditPrivilege
			SeSystemEnvironmentPrivilege
			SeImpersonatePrivilege
			SeDelegateSessionUserImpersonatePrivilege","",""
"16/8/2026, 3:29:15.379846 pm","DC01.darkzero.htb","SYSTEM","4624","Security","Logon","","","","","-"
"16/8/2026, 3:29:15.379899 pm","DC01.darkzero.htb","SYSTEM","4672","Security","Privileged Logon","","","SeAssignPrimaryTokenPrivilege
			SeTcbPrivilege
			SeSecurityPrivilege
			SeTakeOwnershipPrivilege
			SeLoadDriverPrivilege
			SeBackupPrivilege
			SeRestorePrivilege
			SeDebugPrivilege
			SeAuditPrivilege
			SeSystemEnvironmentPrivilege
			SeImpersonatePrivilege
			SeDelegateSessionUserImpersonatePrivilege","",""
"16/8/2026, 3:29:16.084517 pm","DC01.darkzero.htb","SYSTEM","4624","Security","Logon","","","","","-"
"16/8/2026, 3:29:16.084532 pm","DC01.darkzero.htb","SYSTEM","4672","Security","Privileged Logon","","","SeAssignPrimaryTokenPrivilege
			SeTcbPrivilege
			SeSecurityPrivilege
			SeTakeOwnershipPrivilege
			SeLoadDriverPrivilege
			SeBackupPrivilege
			SeRestorePrivilege
			SeDebugPrivilege
			SeAuditPrivilege
			SeSystemEnvironmentPrivilege
			SeImpersonatePrivilege
			SeDelegateSessionUserImpersonatePrivilege","",""
"16/8/2026, 3:29:17.709086 pm","DC01.darkzero.htb","","{'#attributes': {'Qualifiers': 16384}, '#text': 1000}","DirectoryService","Replication Event","","","","",""
"16/8/2026, 3:29:19.588039 pm","DC01.darkzero.htb","SYSTEM","4624","Security","Logon","","","","","-"
"16/8/2026, 3:29:19.588056 pm","DC01.darkzero.htb","SYSTEM","4672","Security","Privileged Logon","","","SeAssignPrimaryTokenPrivilege
			SeTcbPrivilege
			SeSecurityPrivilege
			SeTakeOwnershipPrivilege
			SeLoadDriverPrivilege
			SeBackupPrivilege
			SeRestorePrivilege
			SeDebugPrivilege
			SeAuditPrivilege
			SeSystemEnvironmentPrivilege
			SeImpersonatePrivilege
			SeDelegateSessionUserImpersonatePrivilege","",""
"16/8/2026, 3:29:20.624251 pm","DC01.darkzero.htb","SYSTEM","4624","Security","Logon","","","","","-"
"16/8/2026, 3:29:20.624266 pm","DC01.darkzero.htb","SYSTEM","4672","Security","Privileged Logon","","","SeAssignPrimaryTokenPrivilege
			SeTcbPrivilege
			SeSecurityPrivilege
			SeTakeOwnershipPrivilege
			SeLoadDriverPrivilege
			SeBackupPrivilege
			SeRestorePrivilege
			SeDebugPrivilege
			SeAuditPrivilege
			SeSystemEnvironmentPrivilege
			SeImpersonatePrivilege
			SeDelegateSessionUserImpersonatePrivilege","",""
"16/8/2026, 3:29:20.630154 pm","DC01.darkzero.htb","SYSTEM","4624","Security","Logon","","","","","-"
"16/8/2026, 3:29:20.630169 pm","DC01.darkzero.htb","SYSTEM","4672","Security","Privileged Logon","","","SeAssignPrimaryTokenPrivilege
			SeTcbPrivilege
			SeSecurityPrivilege
			SeTakeOwnershipPrivilege
			SeLoadDriverPrivilege
			SeBackupPrivilege
			SeRestorePrivilege
			SeDebugPrivilege
			SeAuditPrivilege
			SeSystemEnvironmentPrivilege
			SeImpersonatePrivilege
			SeDelegateSessionUserImpersonatePrivilege","",""
"16/8/2026, 3:29:21.761456 pm","DC01.darkzero.htb","SYSTEM","4624","Security","Logon","","","","","-"
"16/8/2026, 3:29:21.761477 pm","DC01.darkzero.htb","SYSTEM","4672","Security","Privileged Logon","","","SeAssignPrimaryTokenPrivilege
			SeTcbPrivilege
			SeSecurityPrivilege
			SeTakeOwnershipPrivilege
			SeLoadDriverPrivilege
			SeBackupPrivilege
			SeRestorePrivilege
			SeDebugPrivilege
			SeAuditPrivilege
			SeSystemEnvironmentPrivilege
			SeImpersonatePrivilege
			SeDelegateSessionUserImpersonatePrivilege","",""
"16/8/2026, 3:29:21.770183 pm","DC01.darkzero.htb","SYSTEM","4624","Security","Logon","","","","","-"
"16/8/2026, 3:29:21.770198 pm","DC01.darkzero.htb","SYSTEM","4672","Security","Privileged Logon","","","SeAssignPrimaryTokenPrivilege
			SeTcbPrivilege
			SeSecurityPrivilege
			SeTakeOwnershipPrivilege
			SeLoadDriverPrivilege
			SeBackupPrivilege
			SeRestorePrivilege
			SeDebugPrivilege
			SeAuditPrivilege
			SeSystemEnvironmentPrivilege
			SeImpersonatePrivilege
			SeDelegateSessionUserImpersonatePrivilege","",""
"16/8/2026, 3:29:21.772764 pm","DC01.darkzero.htb","SYSTEM","4624","Security","Logon","","","","","-"
"16/8/2026, 3:29:21.772778 pm","DC01.darkzero.htb","SYSTEM","4672","Security","Privileged Logon","","","SeAssignPrimaryTokenPrivilege
			SeTcbPrivilege
			SeSecurityPrivilege
			SeTakeOwnershipPrivilege
			SeLoadDriverPrivilege
			SeBackupPrivilege
			SeRestorePrivilege
			SeDebugPrivilege
			SeAuditPrivilege
			SeSystemEnvironmentPrivilege
			SeImpersonatePrivilege
			SeDelegateSessionUserImpersonatePrivilege","",""
"16/8/2026, 3:29:21.775325 pm","DC01.darkzero.htb","SYSTEM","4624","Security","Logon","","","","","-"
"16/8/2026, 3:29:21.775339 pm","DC01.darkzero.htb","SYSTEM","4672","Security","Privileged Logon","","","SeAssignPrimaryTokenPrivilege
			SeTcbPrivilege
			SeSecurityPrivilege
			SeTakeOwnershipPrivilege
			SeLoadDriverPrivilege
			SeBackupPrivilege
			SeRestorePrivilege
			SeDebugPrivilege
			SeAuditPrivilege
			SeSystemEnvironmentPrivilege
			SeImpersonatePrivilege
			SeDelegateSessionUserImpersonatePrivilege","",""
"16/8/2026, 3:29:21.78133 pm","DC01.darkzero.htb","SYSTEM","4624","Security","Logon","","","","","-"
"16/8/2026, 3:29:21.78135 pm","DC01.darkzero.htb","SYSTEM","4672","Security","Privileged Logon","","","SeAssignPrimaryTokenPrivilege
			SeTcbPrivilege
			SeSecurityPrivilege
			SeTakeOwnershipPrivilege
			SeLoadDriverPrivilege
			SeBackupPrivilege
			SeRestorePrivilege
			SeDebugPrivilege
			SeAuditPrivilege
			SeSystemEnvironmentPrivilege
			SeImpersonatePrivilege
			SeDelegateSessionUserImpersonatePrivilege","",""
"16/8/2026, 3:29:21.785943 pm","DC01.darkzero.htb","SYSTEM","4624","Security","Logon","","","","","-"
"16/8/2026, 3:29:21.785958 pm","DC01.darkzero.htb","SYSTEM","4672","Security","Privileged Logon","","","SeAssignPrimaryTokenPrivilege
			SeTcbPrivilege
			SeSecurityPrivilege
			SeTakeOwnershipPrivilege
			SeLoadDriverPrivilege
			SeBackupPrivilege
			SeRestorePrivilege
			SeDebugPrivilege
			SeAuditPrivilege
			SeSystemEnvironmentPrivilege
			SeImpersonatePrivilege
			SeDelegateSessionUserImpersonatePrivilege","",""
"16/8/2026, 3:29:21.793969 pm","DC01.darkzero.htb","SYSTEM","4624","Security","Logon","","","","","-"
"16/8/2026, 3:29:21.793984 pm","DC01.darkzero.htb","SYSTEM","4672","Security","Privileged Logon","","","SeAssignPrimaryTokenPrivilege
			SeTcbPrivilege
			SeSecurityPrivilege
			SeTakeOwnershipPrivilege
			SeLoadDriverPrivilege
			SeBackupPrivilege
			SeRestorePrivilege
			SeDebugPrivilege
			SeAuditPrivilege
			SeSystemEnvironmentPrivilege
			SeImpersonatePrivilege
			SeDelegateSessionUserImpersonatePrivilege","",""
"16/8/2026, 3:29:21.806074 pm","DC01.darkzero.htb","SYSTEM","4624","Security","Logon","","","","","-"
"16/8/2026, 3:29:21.806091 pm","DC01.darkzero.htb","SYSTEM","4672","Security","Privileged Logon","","","SeAssignPrimaryTokenPrivilege
			SeTcbPrivilege
			SeSecurityPrivilege
			SeTakeOwnershipPrivilege
			SeLoadDriverPrivilege
			SeBackupPrivilege
			SeRestorePrivilege
			SeDebugPrivilege
			SeAuditPrivilege
			SeSystemEnvironmentPrivilege
			SeImpersonatePrivilege
			SeDelegateSessionUserImpersonatePrivilege","",""
"16/8/2026, 3:29:24.395158 pm","DC01.darkzero.htb","SYSTEM","4624","Security","Logon","","","","","-"
"16/8/2026, 3:29:24.395174 pm","DC01.darkzero.htb","SYSTEM","4672","Security","Privileged Logon","","","SeAssignPrimaryTokenPrivilege
			SeTcbPrivilege
			SeSecurityPrivilege
			SeTakeOwnershipPrivilege
			SeLoadDriverPrivilege
			SeBackupPrivilege
			SeRestorePrivilege
			SeDebugPrivilege
			SeAuditPrivilege
			SeSystemEnvironmentPrivilege
			SeImpersonatePrivilege
			SeDelegateSessionUserImpersonatePrivilege","",""
"16/8/2026, 3:29:25.64983 pm","DC01.darkzero.htb","53C766C9-0CC5-4B0C-A1BC-B3C888510E9B","4624","Security","Logon","","","","","-"
"16/8/2026, 3:29:25.649851 pm","DC01.darkzero.htb","53C766C9-0CC5-4B0C-A1BC-B3C888510E9B","4672","Security","Privileged Logon","","","SeImpersonatePrivilege","",""
"16/8/2026, 3:29:27.068718 pm","DC01.darkzero.htb","SYSTEM","4624","Security","Logon","","","","","-"
"16/8/2026, 3:29:27.068735 pm","DC01.darkzero.htb","SYSTEM","4672","Security","Privileged Logon","","","SeAssignPrimaryTokenPrivilege
			SeTcbPrivilege
			SeSecurityPrivilege
			SeTakeOwnershipPrivilege
			SeLoadDriverPrivilege
			SeBackupPrivilege
			SeRestorePrivilege
			SeDebugPrivilege
			SeAuditPrivilege
			SeSystemEnvironmentPrivilege
			SeImpersonatePrivilege
			SeDelegateSessionUserImpersonatePrivilege","",""
"16/8/2026, 3:29:27.622678 pm","DC01.darkzero.htb","NT AUTHORITY\SYSTEM","11","Sysmon","File Created","C:\DumpStack.log.tmp","","","",""
"16/8/2026, 3:29:27.627215 pm","DC01.darkzero.htb","NT AUTHORITY\SYSTEM","11","Sysmon","File Created","C:\Windows\System32\config\VSMIDK","","","",""
"16/8/2026, 3:29:27.627503 pm","DC01.darkzero.htb","BCCC66F5-2D3E-4DDE-A15A-7B55A67CF932","4624","Security","Logon","","","","","-"
"16/8/2026, 3:29:27.627515 pm","DC01.darkzero.htb","BCCC66F5-2D3E-4DDE-A15A-7B55A67CF932","4672","Security","Privileged Logon","","","SeImpersonatePrivilege","",""
"16/8/2026, 3:29:27.631224 pm","DC01.darkzero.htb","NT AUTHORITY\SYSTEM","1","Sysmon","Process Creation","","","\SystemRoot\System32\smss.exe","",""
"16/8/2026, 3:29:27.66196 pm","DC01.darkzero.htb","NT AUTHORITY\SYSTEM","1","Sysmon","Process Creation","","","\??\C:\WINDOWS\system32\autochk.exe /q /v *","",""
"16/8/2026, 3:29:27.663842 pm","DC01.darkzero.htb","NT AUTHORITY\SYSTEM","11","Sysmon","File Created","C:\Windows\System32\drivers\DriverData\LogFiles\WMI\Microsoft-Windows-Rdp-Graphics-RdpIdd-Trace.etl","","","",""
"16/8/2026, 3:29:27.663879 pm","DC01.darkzero.htb","NT AUTHORITY\SYSTEM","11","Sysmon","File Created","C:\Windows\System32\WDI\LogFiles\WdiContextLog.etl.001","","","",""
"16/8/2026, 3:29:27.663929 pm","DC01.darkzero.htb","NT AUTHORITY\SYSTEM","11","Sysmon","File Created","C:\Windows\System32\LogFiles\WMI\Diagtrack-Listener.etl.003","","","",""
"16/8/2026, 3:29:27.66396 pm","DC01.darkzero.htb","NT AUTHORITY\SYSTEM","11","Sysmon","File Created","C:\Windows\System32\LogFiles\WMI\NtfsLog.etl.004","","","",""
"16/8/2026, 3:29:27.664088 pm","DC01.darkzero.htb","NT AUTHORITY\SYSTEM","11","Sysmon","File Created","C:\Windows\System32\LogFiles\WMI\RtBackup\EtwRTEventlog-Security.etl","","","",""
"16/8/2026, 3:29:27.664484 pm","DC01.darkzero.htb","NT AUTHORITY\SYSTEM","11","Sysmon","File Created","C:\Windows\System32\LogFiles\WMI\ReFSLog.etl","","","",""
"16/8/2026, 3:29:27.664588 pm","DC01.darkzero.htb","NT AUTHORITY\SYSTEM","11","Sysmon","File Created","C:\Windows\System32\LogFiles\WMI\SUM.etl","","","",""
"16/8/2026, 3:29:27.664649 pm","DC01.darkzero.htb","NT AUTHORITY\SYSTEM","11","Sysmon","File Created","C:\Windows\System32\LogFiles\WMI\RtBackup\EtwRTUBPM.etl","","","",""
"16/8/2026, 3:29:28.985447 pm","DC01.darkzero.htb","SYSTEM","4624","Security","Logon","","","","","-"
"16/8/2026, 3:29:28.985463 pm","DC01.darkzero.htb","SYSTEM","4672","Security","Privileged Logon","","","SeAssignPrimaryTokenPrivilege
			SeTcbPrivilege
			SeSecurityPrivilege
			SeTakeOwnershipPrivilege
			SeLoadDriverPrivilege
			SeBackupPrivilege
			SeRestorePrivilege
			SeDebugPrivilege
			SeAuditPrivilege
			SeSystemEnvironmentPrivilege
			SeImpersonatePrivilege
			SeDelegateSessionUserImpersonatePrivilege","",""
"16/8/2026, 3:29:29.014385 pm","DC01.darkzero.htb","NT AUTHORITY\SYSTEM","1","Sysmon","Process Creation","","","\SystemRoot\System32\smss.exe 000000ec 000000e0 ","",""
"16/8/2026, 3:29:29.01658 pm","DC01.darkzero.htb","NT AUTHORITY\SYSTEM","1","Sysmon","Process Creation","","","%%SystemRoot%%\system32\csrss.exe ObjectDirectory=\Windows SharedSection=1024,20480,768 Windows=On SubSystemType=Windows ServerDll=basesrv,1 ServerDll=winsrv:UserServerDllInitialization,3 ServerDll=sxssrv,4 ProfileControl=Off MaxRequestThreads=16","",""
"16/8/2026, 3:29:29.028645 pm","DC01.darkzero.htb","NT AUTHORITY\SYSTEM","1","Sysmon","Process Creation","","","\SystemRoot\System32\smss.exe 00000098 000000e0 ","",""
"16/8/2026, 3:29:29.029642 pm","DC01.darkzero.htb","NT AUTHORITY\SYSTEM","1","Sysmon","Process Creation","","","%%SystemRoot%%\system32\csrss.exe ObjectDirectory=\Windows SharedSection=1024,20480,768 Windows=On SubSystemType=Windows ServerDll=basesrv,1 ServerDll=winsrv:UserServerDllInitialization,3 ServerDll=sxssrv,4 ProfileControl=Off MaxRequestThreads=16","",""
"16/8/2026, 3:29:29.030591 pm","DC01.darkzero.htb","NT AUTHORITY\SYSTEM","1","Sysmon","Process Creation","","","wininit.exe","",""
"16/8/2026, 3:29:29.038757 pm","DC01.darkzero.htb","NT AUTHORITY\SYSTEM","1","Sysmon","Process Creation","","","winlogon.exe","",""
"16/8/2026, 3:29:29.042143 pm","DC01.darkzero.htb","NT AUTHORITY\SYSTEM","1","Sysmon","Process Creation","","","C:\WINDOWS\system32\services.exe","",""
"16/8/2026, 3:29:29.046159 pm","DC01.darkzero.htb","NT AUTHORITY\SYSTEM","1","Sysmon","Process Creation","","","\??\C:\WINDOWS\system32\lsaiso.exe -KeyGuard","",""
"16/8/2026, 3:29:29.047561 pm","DC01.darkzero.htb","NT AUTHORITY\SYSTEM","1","Sysmon","Process Creation","","","C:\WINDOWS\system32\lsass.exe","",""
"16/8/2026, 3:29:29.049811 pm","DC01.darkzero.htb","NT AUTHORITY\SYSTEM","11","Sysmon","File Created","C:\Windows\System32\LogFiles\LSA\LSA.etl","","","",""
"16/8/2026, 3:29:29.055298 pm","DC01.darkzero.htb","NT AUTHORITY\SYSTEM","11","Sysmon","File Created","C:\Windows\debug\PASSWD.LOG","","","",""
"16/8/2026, 3:29:29.05737 pm","DC01.darkzero.htb","NT AUTHORITY\SYSTEM","11","Sysmon","File Created","C:\Windows\System32\LogFiles\SAM\SAM.etl","","","",""
"16/8/2026, 3:29:29.066007 pm","DC01.darkzero.htb","NT AUTHORITY\SYSTEM","11","Sysmon","File Created","C:\Windows\NTDS\temp.edb","","","",""
"16/8/2026, 3:29:29.079261 pm","DC01.darkzero.htb","NT AUTHORITY\SYSTEM","1","Sysmon","Process Creation","","","C:\WINDOWS\system32\svchost.exe -k DcomLaunch -p","",""
"16/8/2026, 3:29:29.090846 pm","DC01.darkzero.htb","NT AUTHORITY\NETWORK SERVICE","1","Sysmon","Process Creation","","","C:\WINDOWS\system32\svchost.exe -k RPCSS -p","",""
"16/8/2026, 3:29:29.097488 pm","DC01.darkzero.htb","NT AUTHORITY\SYSTEM","1","Sysmon","Process Creation","","","C:\WINDOWS\system32\svchost.exe -k DcomLaunch -p -s LSM","",""
"16/8/2026, 3:29:29.101784 pm","DC01.darkzero.htb","NT AUTHORITY\SYSTEM","11","Sysmon","File Created","C:\Windows\resources\Themes\Aero\VSCache\{6BEE0E60-422D-4E3C-AFDC-72417C64C1FF}","","","",""
"16/8/2026, 3:29:29.104234 pm","DC01.darkzero.htb","Window Manager\DWM-1","1","Sysmon","Process Creation","","","""dwm.exe""","",""
"16/8/2026, 3:29:29.125424 pm","DC01.darkzero.htb","NT AUTHORITY\SYSTEM","1","Sysmon","Process Creation","","","C:\WINDOWS\system32\svchost.exe -k LocalSystemNetworkRestricted -p -s HvHost","",""
"16/8/2026, 3:29:29.133067 pm","DC01.darkzero.htb","NT AUTHORITY\LOCAL SERVICE","1","Sysmon","Process Creation","","","C:\WINDOWS\System32\svchost.exe -k LocalServiceNetworkRestricted -p -s lmhosts","",""
"16/8/2026, 3:29:29.148847 pm","DC01.darkzero.htb","NT AUTHORITY\LOCAL SERVICE","1","Sysmon","Process Creation","","","C:\WINDOWS\system32\svchost.exe -k LocalService -p -s nsi","",""
"16/8/2026, 3:29:30.349802 pm","DC01.darkzero.htb","NT AUTHORITY\SYSTEM","1","Sysmon","Process Creation","","","C:\WINDOWS\System32\Upfc.exe /launchtype boot /cv BIxZ1uJCDUOVckff87kwYg.0","",""
"16/8/2026, 3:29:30.350462 pm","DC01.darkzero.htb","NT AUTHORITY\NETWORK SERVICE","1","Sysmon","Process Creation","","","C:\WINDOWS\system32\svchost.exe -k NetworkService -p","",""
"16/8/2026, 3:29:30.45437 pm","DC01.darkzero.htb","NT AUTHORITY\LOCAL SERVICE","1","Sysmon","Process Creation","","","C:\WINDOWS\system32\svchost.exe -k LocalServiceNetworkRestricted -p -s Dhcp","",""
"16/8/2026, 3:29:30.455282 pm","DC01.darkzero.htb","NT AUTHORITY\LOCAL SERVICE","1","Sysmon","Process Creation","","","C:\WINDOWS\system32\svchost.exe -k LocalServiceNoNetwork -p","",""
"16/8/2026, 3:29:30.59508 pm","DC01.darkzero.htb","NT AUTHORITY\SYSTEM","1","Sysmon","Process Creation","","","C:\WINDOWS\system32\svchost.exe -k netsvcs -p -s Winmgmt","",""
"16/8/2026, 3:29:30.605348 pm","DC01.darkzero.htb","NT AUTHORITY\LOCAL SERVICE","1","Sysmon","Process Creation","","","C:\WINDOWS\system32\svchost.exe -k LocalServiceNoNetworkFirewall -p","",""
"16/8/2026, 3:29:30.625771 pm","DC01.darkzero.htb","NT AUTHORITY\LOCAL SERVICE","1","Sysmon","Process Creation","","","C:\WINDOWS\system32\svchost.exe -k LocalService -p -s DispBrokerDesktopSvc","",""
"16/8/2026, 3:29:30.626639 pm","DC01.darkzero.htb","NT AUTHORITY\SYSTEM","1","Sysmon","Process Creation","","","C:\WINDOWS\system32\vmms.exe","",""
"16/8/2026, 3:29:30.628082 pm","DC01.darkzero.htb","NT AUTHORITY\LOCAL SERVICE","1","Sysmon","Process Creation","","","C:\WINDOWS\system32\svchost.exe -k LocalServiceHttp -p","",""
"16/8/2026, 3:29:30.664535 pm","DC01.darkzero.htb","NT AUTHORITY\SYSTEM","1","Sysmon","Process Creation","","","C:\WINDOWS\System32\svchost.exe -k NetSvcs -p -s iphlpsvc","",""
"16/8/2026, 3:29:30.670806 pm","DC01.darkzero.htb","NT AUTHORITY\LOCAL SERVICE","1","Sysmon","Process Creation","","","C:\WINDOWS\System32\svchost.exe -k LocalServiceNetworkRestricted -p -s EventLog","",""
"16/8/2026, 3:29:30.678182 pm","DC01.darkzero.htb","NT AUTHORITY\SYSTEM","1","Sysmon","Process Creation","","","C:\WINDOWS\system32\svchost.exe -k UserProfileService -p -s gpsvc","",""
"16/8/2026, 3:29:30.679355 pm","DC01.darkzero.htb","NT AUTHORITY\SYSTEM","1","Sysmon","Process Creation","","","C:\WINDOWS\system32\svchost.exe -k UserProfileService -p -s ProfSvc","",""
"16/8/2026, 3:29:30.681084 pm","DC01.darkzero.htb","NT AUTHORITY\LOCAL SERVICE","1","Sysmon","Process Creation","","","C:\WINDOWS\system32\svchost.exe -k LocalService -p -s EventSystem","",""
"16/8/2026, 3:29:30.710652 pm","DC01.darkzero.htb","NT AUTHORITY\SYSTEM","1","Sysmon","Process Creation","","","C:\WINDOWS\system32\svchost.exe -k netsvcsRedirectionGuard -p -s SENS","",""
"16/8/2026, 3:29:30.717278 pm","DC01.darkzero.htb","NT AUTHORITY\NETWORK SERVICE","1","Sysmon","Process Creation","","","C:\WINDOWS\System32\svchost.exe -k netprofm -p -s netprofm","",""
"16/8/2026, 3:29:30.726605 pm","DC01.darkzero.htb","NT AUTHORITY\SYSTEM","1","Sysmon","Process Creation","","","C:\WINDOWS\system32\svchost.exe -k netsvcs -p -s Schedule","",""
"16/8/2026, 3:29:30.751691 pm","DC01.darkzero.htb","NT AUTHORITY\NETWORK SERVICE","1","Sysmon","Process Creation","","","C:\WINDOWS\System32\svchost.exe -k NetworkService -p -s LanmanWorkstation","",""
"16/8/2026, 3:29:30.756099 pm","DC01.darkzero.htb","NT AUTHORITY\LOCAL SERVICE","11","Sysmon","File Created","C:\Windows\ServiceState\EventLog\Data\lastalive0.dat","","","",""
"16/8/2026, 3:29:30.757536 pm","DC01.darkzero.htb","NT AUTHORITY\LOCAL SERVICE","11","Sysmon","File Created","C:\ProgramData\Microsoft\Windows\wfp\wfpdiag.etl","","","",""
"16/8/2026, 3:29:30.758191 pm","DC01.darkzero.htb","NT AUTHORITY\SYSTEM","11","Sysmon","File Created","C:\Windows\System32\LogFiles\WMI\RtBackup\EtwRTWFP-IPsec Diagnostics.etl","","","",""
"16/8/2026, 3:29:30.758481 pm","DC01.darkzero.htb","NT AUTHORITY\SYSTEM","11","Sysmon","File Created","C:\Windows\Tasks\SA.DAT","","","",""
"16/8/2026, 3:29:31.865906 pm","DC01.darkzero.htb","NT AUTHORITY\LOCAL SERVICE","1","Sysmon","Process Creation","","","C:\WINDOWS\system32\svchost.exe -k LocalServiceNetworkRestricted -p -s TimeBrokerSvc","",""
"16/8/2026, 3:29:31.868148 pm","DC01.darkzero.htb","SYSTEM","4624","Security","Logon","","","","","-"
"16/8/2026, 3:29:31.868164 pm","DC01.darkzero.htb","SYSTEM","4672","Security","Privileged Logon","","","SeAssignPrimaryTokenPrivilege
			SeTcbPrivilege
			SeSecurityPrivilege
			SeTakeOwnershipPrivilege
			SeLoadDriverPrivilege
			SeBackupPrivilege
			SeRestorePrivilege
			SeDebugPrivilege
			SeAuditPrivilege
			SeSystemEnvironmentPrivilege
			SeImpersonatePrivilege
			SeDelegateSessionUserImpersonatePrivilege","",""
"16/8/2026, 3:29:31.875003 pm","DC01.darkzero.htb","NT AUTHORITY\NETWORK SERVICE","1","Sysmon","Process Creation","","","C:\WINDOWS\system32\svchost.exe -k NetworkService -p","",""
"16/8/2026, 3:29:31.887229 pm","DC01.darkzero.htb","NT AUTHORITY\SYSTEM","1","Sysmon","Process Creation","","","taskhostw.exe ExploitGuardPolicy","",""
"16/8/2026, 3:29:31.889255 pm","DC01.darkzero.htb","NT AUTHORITY\SYSTEM","1","Sysmon","Process Creation","","","""powershell.exe"" -File ""C:\users\Administrator\Links\adapter.ps1""","",""
"16/8/2026, 3:29:31.893947 pm","DC01.darkzero.htb","NT AUTHORITY\SYSTEM","1","Sysmon","Process Creation","","","C:\WINDOWS\system32\svchost.exe -k netsvcs -p -s UserManager","",""
"16/8/2026, 3:29:31.904084 pm","DC01.darkzero.htb","NT AUTHORITY\SYSTEM","1","Sysmon","Process Creation","","","C:\WINDOWS\System32\svchost.exe -k smbsvcs -s LanmanServer","",""
"16/8/2026, 3:29:31.905289 pm","DC01.darkzero.htb","NT AUTHORITY\SYSTEM","1","Sysmon","Process Creation","","","C:\WINDOWS\system32\svchost.exe -k netsvcs -p -s IKEEXT","",""
"16/8/2026, 3:29:31.906101 pm","DC01.darkzero.htb","NT AUTHORITY\NETWORK SERVICE","1","Sysmon","Process Creation","","","C:\WINDOWS\system32\svchost.exe -k NetworkServiceNetworkRestricted -p -s PolicyAgent","",""
"16/8/2026, 3:29:31.930921 pm","DC01.darkzero.htb","NT AUTHORITY\SYSTEM","1","Sysmon","Process Creation","","","C:\WINDOWS\system32\svchost.exe -k appmodel -p -s StateRepository","",""
"16/8/2026, 3:29:31.934942 pm","DC01.darkzero.htb","NT AUTHORITY\LOCAL SERVICE","1","Sysmon","Process Creation","","","C:\WINDOWS\system32\svchost.exe -k localService -p -s RemoteRegistry","",""
"16/8/2026, 3:29:31.937591 pm","DC01.darkzero.htb","NT AUTHORITY\SYSTEM","1","Sysmon","Process Creation","","","C:\WINDOWS\ADWS\Microsoft.ActiveDirectory.WebServices.exe","",""
"16/8/2026, 3:29:31.938376 pm","DC01.darkzero.htb","NT AUTHORITY\SYSTEM","1","Sysmon","Process Creation","","","C:\WINDOWS\System32\svchost.exe -k utcsvc -p","",""
"16/8/2026, 3:29:31.939398 pm","DC01.darkzero.htb","NT AUTHORITY\SYSTEM","1","Sysmon","Process Creation","","","C:\WINDOWS\system32\certsrv.exe","",""
"16/8/2026, 3:29:31.953664 pm","DC01.darkzero.htb","NT AUTHORITY\SYSTEM","1","Sysmon","Process Creation","","","C:\WINDOWS\system32\svchost.exe -k LocalSystemNetworkRestricted -p -s SysMain","",""
"16/8/2026, 3:29:31.957077 pm","DC01.darkzero.htb","NT AUTHORITY\SYSTEM","1","Sysmon","Process Creation","","","C:\WINDOWS\System32\ismserv.exe","",""
"16/8/2026, 3:29:31.96041 pm","DC01.darkzero.htb","NT AUTHORITY\SYSTEM","1","Sysmon","Process Creation","","","C:\WINDOWS\system32\dns.exe","",""
"16/8/2026, 3:29:31.962588 pm","DC01.darkzero.htb","NT AUTHORITY\SYSTEM","1","Sysmon","Process Creation","","","C:\WINDOWS\system32\vmcompute.exe","",""
"16/8/2026, 3:29:31.96334 pm","DC01.darkzero.htb","NT AUTHORITY\SYSTEM","1","Sysmon","Process Creation","","","C:\WINDOWS\Sysmon64.exe","",""
"16/8/2026, 3:29:31.972593 pm","DC01.darkzero.htb","NT AUTHORITY\SYSTEM","1","Sysmon","Process Creation","","","""C:\Program Files\VMware\VMware Tools\vmtoolsd.exe""","",""
"16/8/2026, 3:29:31.973434 pm","DC01.darkzero.htb","NT AUTHORITY\SYSTEM","1","Sysmon","Process Creation","","","C:\WINDOWS\system32\vm3dservice.exe","",""
"16/8/2026, 3:29:31.974815 pm","DC01.darkzero.htb","NT AUTHORITY\SYSTEM","1","Sysmon","Process Creation","","","""C:\Program Files\VMware\VMware Tools\VMware VGAuth\VGAuthService.exe""","",""
"16/8/2026, 3:29:31.990039 pm","DC01.darkzero.htb","NT AUTHORITY\SYSTEM","1","Sysmon","Process Creation","","","C:\WINDOWS\system32\DFSRs.exe","",""
"16/8/2026, 3:29:31.9911 pm","DC01.darkzero.htb","NT AUTHORITY\NETWORK SERVICE","1","Sysmon","Process Creation","","","C:\WINDOWS\System32\svchost.exe -k NetworkService -p -s WinRM","",""
"16/8/2026, 3:29:32.003818 pm","DC01.darkzero.htb","NT AUTHORITY\SYSTEM","11","Sysmon","File Created","C:\Windows\System32\dns\dns.log","","","",""
"16/8/2026, 3:29:32.003996 pm","DC01.darkzero.htb","NT AUTHORITY\SYSTEM","11","Sysmon","File Created","C:\Windows\System32\dns\dns.log","","","",""
"16/8/2026, 3:29:32.022326 pm","DC01.darkzero.htb","NT AUTHORITY\SYSTEM","1","Sysmon","Process Creation","","","vm3dservice.exe -n","",""
"16/8/2026, 3:29:32.023159 pm","DC01.darkzero.htb","NT AUTHORITY\SYSTEM","11","Sysmon","File Created","C:\Windows\System32\dns\dns.log","","","",""
"16/8/2026, 3:29:32.029503 pm","DC01.darkzero.htb","NT AUTHORITY\SYSTEM","1","Sysmon","Process Creation","","","C:\WINDOWS\system32\dfssvc.exe","",""
"16/8/2026, 3:29:32.038144 pm","DC01.darkzero.htb","NT AUTHORITY\SYSTEM","11","Sysmon","File Created","C:\ProgramData\Microsoft\Diagnosis\FeedbackHub","","","",""
"16/8/2026, 3:29:32.047213 pm","DC01.darkzero.htb","NT AUTHORITY\SYSTEM","11","Sysmon","File Created","C:\ProgramData\Microsoft\Diagnosis\Temp","","","",""
"16/8/2026, 3:29:32.047393 pm","DC01.darkzero.htb","NT AUTHORITY\SYSTEM","11","Sysmon","File Created","C:\ProgramData\Microsoft\Diagnosis\AggregatorStorage\Triggers","","","",""
"16/8/2026, 3:29:32.047482 pm","DC01.darkzero.htb","NT AUTHORITY\SYSTEM","11","Sysmon","File Created","C:\ProgramData\Microsoft\Diagnosis\AggregatorStorage\AggregateData","","","",""
"16/8/2026, 3:29:32.047681 pm","DC01.darkzero.htb","NT AUTHORITY\SYSTEM","11","Sysmon","File Created","C:\ProgramData\Microsoft\Diagnosis\osver.txt","","","",""
"16/8/2026, 3:29:32.049453 pm","DC01.darkzero.htb","NT AUTHORITY\SYSTEM","1","Sysmon","Process Creation","","","C:\WINDOWS\system32\wbem\unsecapp.exe -Embedding","",""
"16/8/2026, 3:29:33.192952 pm","DC01.darkzero.htb","NT AUTHORITY\SYSTEM","1","Sysmon","Process Creation","","","Sysprep\sysprep.exe /respecialize /quiet","",""
"16/8/2026, 3:29:33.198223 pm","DC01.darkzero.htb","NT AUTHORITY\SYSTEM","11","Sysmon","File Created","C:\ProgramData\Microsoft\Windows\AppRepository\StateRepository-Machine.srd-wal","","","",""
"16/8/2026, 3:29:33.198258 pm","DC01.darkzero.htb","NT AUTHORITY\SYSTEM","11","Sysmon","File Created","C:\ProgramData\Microsoft\Windows\AppRepository\StateRepository-Machine.srd-shm","","","",""
"16/8/2026, 3:29:33.205899 pm","DC01.darkzero.htb","NT AUTHORITY\SYSTEM","11","Sysmon","File Created","C:\Windows\debug\Dfsr00041.log.gz","","","",""
"16/8/2026, 3:29:33.206046 pm","DC01.darkzero.htb","NT AUTHORITY\SYSTEM","11","Sysmon","File Created","C:\Windows\debug\Dfsr00042.log","","","",""
"16/8/2026, 3:29:33.210511 pm","DC01.darkzero.htb","NT AUTHORITY\SYSTEM","1","Sysmon","Process Creation","","","C:\WINDOWS\System32\vdsldr.exe -Embedding","",""
"16/8/2026, 3:29:33.214269 pm","DC01.darkzero.htb","NT AUTHORITY\SYSTEM","11","Sysmon","File Created","C:\ProgramData\Microsoft\Diagnosis\EventStore.db-wal","","","",""
"16/8/2026, 3:29:33.215559 pm","DC01.darkzero.htb","NT AUTHORITY\SYSTEM","11","Sysmon","File Created","C:\ProgramData\Microsoft\Diagnosis\EventStore.db-shm","","","",""
"16/8/2026, 3:29:33.232339 pm","DC01.darkzero.htb","NT AUTHORITY\SYSTEM","11","Sysmon","File Created","C:\Windows\System32\LogFiles\WMI\RtBackup\EtwRTSYSMON TRACE.etl","","","",""
"16/8/2026, 3:29:33.23622 pm","DC01.darkzero.htb","NT AUTHORITY\SYSTEM","11","Sysmon","File Created","C:\Windows\System32\LogFiles\WMI\RtBackup\EtwRTSysmonDnsEtwSession.etl","","","",""
"16/8/2026, 3:29:33.241888 pm","DC01.darkzero.htb","NT AUTHORITY\SYSTEM","11","Sysmon","File Created","C:\ProgramData\Microsoft\Diagnosis\TimeTravelDebuggingStorage","","","",""
"16/8/2026, 3:29:33.246347 pm","DC01.darkzero.htb","NT AUTHORITY\SYSTEM","11","Sysmon","File Created","C:\ProgramData\Microsoft\Diagnosis\ScenariosSqlStore\EventStore.db-wal","","","",""
"16/8/2026, 3:29:33.246878 pm","DC01.darkzero.htb","NT AUTHORITY\SYSTEM","11","Sysmon","File Created","C:\ProgramData\Microsoft\Diagnosis\ScenariosSqlStore\EventStore.db-shm","","","",""
"16/8/2026, 3:29:33.269901 pm","DC01.darkzero.htb","NT AUTHORITY\SYSTEM","1","Sysmon","Process Creation","","","C:\WINDOWS\System32\vds.exe","",""
"16/8/2026, 3:29:33.273092 pm","DC01.darkzero.htb","NT AUTHORITY\SYSTEM","1","Sysmon","Process Creation","","","""C:\Program Files\VMware\VMware Tools\cblauncher.exe"" --installtype VMTOOLS --installtask INIT","",""
"16/8/2026, 3:29:33.275697 pm","DC01.darkzero.htb","NT AUTHORITY\SYSTEM","11","Sysmon","File Created","C:\ProgramData\Microsoft\Diagnosis\Temp\DiagTrackTraceSlot_alternativeTrace","","","",""
"16/8/2026, 3:29:33.275936 pm","DC01.darkzero.htb","NT AUTHORITY\SYSTEM","11","Sysmon","File Created","C:\ProgramData\Microsoft\Diagnosis\Temp\DiagTrackTraceSlot_aot","","","",""
"16/8/2026, 3:29:33.276281 pm","DC01.darkzero.htb","NT AUTHORITY\SYSTEM","11","Sysmon","File Created","C:\ProgramData\Microsoft\Diagnosis\Temp\DiagTrackTraceSlot_miniTrace","","","",""
"16/8/2026, 3:29:33.27638 pm","DC01.darkzero.htb","NT AUTHORITY\SYSTEM","11","Sysmon","File Created","C:\ProgramData\Microsoft\Diagnosis\Temp\DiagTrackTraceSlot_diag","","","",""
"16/8/2026, 3:29:33.288816 pm","DC01.darkzero.htb","SYSTEM","4624","Security","Logon","","","","","-"
"16/8/2026, 3:29:33.288841 pm","DC01.darkzero.htb","SYSTEM","4672","Security","Privileged Logon","","","SeAssignPrimaryTokenPrivilege
			SeTcbPrivilege
			SeSecurityPrivilege
			SeTakeOwnershipPrivilege
			SeLoadDriverPrivilege
			SeBackupPrivilege
			SeRestorePrivilege
			SeDebugPrivilege
			SeAuditPrivilege
			SeSystemEnvironmentPrivilege
			SeImpersonatePrivilege
			SeDelegateSessionUserImpersonatePrivilege","",""
"16/8/2026, 3:29:33.321778 pm","DC01.darkzero.htb","NT AUTHORITY\NETWORK SERVICE","1","Sysmon","Process Creation","","","C:\WINDOWS\system32\wbem\wmiprvse.exe -secured -Embedding","",""
"16/8/2026, 3:29:33.326917 pm","DC01.darkzero.htb","NT AUTHORITY\SYSTEM","1","Sysmon","Process Creation","","","C:\WINDOWS\system32\cmd.exe /c """"C:\Program Files\VMware\VMware Tools\poweron-vm-default.bat""""","",""
"16/8/2026, 3:29:33.332973 pm","DC01.darkzero.htb","NT AUTHORITY\SYSTEM","1","Sysmon","Process Creation","","","AggregatorHost.exe","",""
"16/8/2026, 3:29:33.334314 pm","DC01.darkzero.htb","NT AUTHORITY\SYSTEM","1","Sysmon","Process Creation","","","C:\WINDOWS\system32\wbem\wmiprvse.exe -Embedding","",""
"16/8/2026, 3:29:33.351276 pm","DC01.darkzero.htb","NT AUTHORITY\SYSTEM","11","Sysmon","File Created","C:\Windows\System32\GroupPolicy\Machine\Registry.pol","","","",""
"16/8/2026, 3:29:33.35345 pm","DC01.darkzero.htb","NT AUTHORITY\SYSTEM","11","Sysmon","File Created","C:\ProgramData\Microsoft\Diagnosis\DownloadedSettings\utc.aggregators.json.bk","","","",""
"16/8/2026, 3:29:33.372493 pm","DC01.darkzero.htb","NT AUTHORITY\SYSTEM","11","Sysmon","File Created","C:\Windows\Registration\{02D4B3F1-FD88-11D1-960D-00805FC79235}.{CC143405-7675-402E-924B-66C628740C24}.crmlog","","","",""
"16/8/2026, 3:29:34.306685 pm","DC01.darkzero.htb","NT AUTHORITY\SYSTEM","1","Sysmon","Process Creation","","","C:\WINDOWS\system32\svchost.exe -k DcomLaunch -p -s DeviceInstall","",""
"16/8/2026, 3:29:35.785983 pm","DC01.darkzero.htb","NT AUTHORITY\NETWORK SERVICE","1","Sysmon","Process Creation","","","C:\WINDOWS\System32\msdtc.exe","",""
"16/8/2026, 3:29:38.020593 pm","DC01.darkzero.htb","NT AUTHORITY\NETWORK SERVICE","11","Sysmon","File Created","C:\Windows\System32\MsDtc\Trace\dtctrace.log","","","",""
"16/8/2026, 3:29:38.095781 pm","DC01.darkzero.htb","NT AUTHORITY\SYSTEM","11","Sysmon","File Created","C:\ProgramData\Microsoft\Diagnosis\DownloadedSettings\utc.allow.json.bk","","","",""
"16/8/2026, 3:29:38.126017 pm","DC01.darkzero.htb","NT AUTHORITY\SYSTEM","11","Sysmon","File Created","C:\ProgramData\Microsoft\Diagnosis\parse.dat","","","",""
"16/8/2026, 3:29:40.256578 pm","DC01.darkzero.htb","NT AUTHORITY\SYSTEM","11","Sysmon","File Created","C:\ProgramData\Microsoft\Diagnosis\AggregatorStorage\Triggers\10014260413626729965_trigger.dat","","","",""
"16/8/2026, 3:29:40.339148 pm","DC01.darkzero.htb","NT AUTHORITY\SYSTEM","11","Sysmon","File Created","C:\ProgramData\Microsoft\Diagnosis\AggregatorStorage\Triggers\10014260413626729965_data.dat","","","",""
"16/8/2026, 3:29:40.37565 pm","DC01.darkzero.htb","NT AUTHORITY\SYSTEM","11","Sysmon","File Created","C:\ProgramData\Microsoft\Diagnosis\AggregatorStorage\Triggers\10787491199294779225_trigger.dat","","","",""
"16/8/2026, 3:29:40.379111 pm","DC01.darkzero.htb","NT AUTHORITY\SYSTEM","11","Sysmon","File Created","C:\ProgramData\Microsoft\Diagnosis\AggregatorStorage\Triggers\10787491199294779225_data.dat","","","",""
"16/8/2026, 3:29:40.386681 pm","DC01.darkzero.htb","NT AUTHORITY\SYSTEM","11","Sysmon","File Created","C:\ProgramData\Microsoft\Diagnosis\AggregatorStorage\Triggers\17647717143869751280_trigger.dat","","","",""
"16/8/2026, 3:29:40.388522 pm","DC01.darkzero.htb","NT AUTHORITY\SYSTEM","11","Sysmon","File Created","C:\ProgramData\Microsoft\Diagnosis\AggregatorStorage\Triggers\17647717143869751280_data.dat","","","",""
"16/8/2026, 3:29:41.730162 pm","DC01.darkzero.htb","SYSTEM","4624","Security","Logon","","","","","-"
"16/8/2026, 3:29:41.730184 pm","DC01.darkzero.htb","SYSTEM","4672","Security","Privileged Logon","","","SeAssignPrimaryTokenPrivilege
			SeTcbPrivilege
			SeSecurityPrivilege
			SeTakeOwnershipPrivilege
			SeLoadDriverPrivilege
			SeBackupPrivilege
			SeRestorePrivilege
			SeDebugPrivilege
			SeAuditPrivilege
			SeSystemEnvironmentPrivilege
			SeImpersonatePrivilege
			SeDelegateSessionUserImpersonatePrivilege","",""
"16/8/2026, 3:29:41.767255 pm","DC01.darkzero.htb","NT AUTHORITY\SYSTEM","1","Sysmon","Process Creation","","","C:\WINDOWS\system32\vssvc.exe","",""
"16/8/2026, 3:29:41.791707 pm","DC01.darkzero.htb","NT VIRTUAL MACHINE\53C766C9-0CC5-4B0C-A1BC-B3C888510E9B","1","Sysmon","Process Creation","","","""C:\WINDOWS\System32\vmwp.exe"" 53C766C9-0CC5-4B0C-A1BC-B3C888510E9B 0x350","",""
"16/8/2026, 3:29:43.431954 pm","DC01.darkzero.htb","NT AUTHORITY\SYSTEM","1","Sysmon","Process Creation","","","""LogonUI.exe"" /flags:0x2 /state0:0xa3acf855 /state1:0x41c64e6d","",""
"16/8/2026, 3:29:46.741881 pm","DC01.darkzero.htb","NT VIRTUAL MACHINE\BCCC66F5-2D3E-4DDE-A15A-7B55A67CF932","1","Sysmon","Process Creation","","","""C:\WINDOWS\System32\vmwp.exe"" BCCC66F5-2D3E-4DDE-A15A-7B55A67CF932 0x3dc","",""
"16/8/2026, 3:29:47.770793 pm","DC01.darkzero.htb","","{'#attributes': {'Qualifiers': 16384}, '#text': 1394}","DirectoryService","Replication Event","","","","",""
"16/8/2026, 3:29:51.994232 pm","DC01.darkzero.htb","NT AUTHORITY\SYSTEM","11","Sysmon","File Created","C:\Windows\SystemTemp\__PSScriptPolicyTest_qks5fnnq.30b.ps1","","","",""
"16/8/2026, 3:29:51.994997 pm","DC01.darkzero.htb","NT AUTHORITY\SYSTEM","11","Sysmon","File Created","C:\Windows\SystemTemp\__PSScriptPolicyTest_4tblg55d.2mi.psm1","","","",""
"16/8/2026, 3:29:52.486737 pm","DC01.darkzero.htb","Administrator","4624","Security","Logon","","","","","-"
"16/8/2026, 3:29:52.486756 pm","DC01.darkzero.htb","Administrator","4672","Security","Privileged Logon","","","SeSecurityPrivilege
			SeTakeOwnershipPrivilege
			SeLoadDriverPrivilege
			SeBackupPrivilege
			SeRestorePrivilege
			SeDebugPrivilege
			SeSystemEnvironmentPrivilege
			SeEnableDelegationPrivilege
			SeImpersonatePrivilege
			SeDelegateSessionUserImpersonatePrivilege","",""
"16/8/2026, 3:29:53.971168 pm","DC01.darkzero.htb","NT AUTHORITY\SYSTEM","11","Sysmon","File Created","C:\Users\Administrator\AppData\vmware45","","","",""
"16/8/2026, 3:29:54.786339 pm","DC01.darkzero.htb","ella","4768","Security","Kerberos TGT","","","","0x12","::1"
"16/8/2026, 3:29:54.791546 pm","DC01.darkzero.htb","ella@DARKZERO.HTB","4769","Security","Kerberos Service Ticket","","","","0x12","::1"
"16/8/2026, 3:29:54.793638 pm","DC01.darkzero.htb","DC01$","4768","Security","Kerberos TGT","","","","0x12","::1"
"16/8/2026, 3:29:54.794637 pm","DC01.darkzero.htb","DC01$","4768","Security","Kerberos TGT","","","","0x12","::1"
"16/8/2026, 3:29:54.806801 pm","DC01.darkzero.htb","DC01$","4768","Security","Kerberos TGT","","","","0x12","::1"
"16/8/2026, 3:29:54.810323 pm","DC01.darkzero.htb","DC01$","4768","Security","Kerberos TGT","","","","0x12","::1"
"16/8/2026, 3:29:54.823489 pm","DC01.darkzero.htb","DC01$","4768","Security","Kerberos TGT","","","","0x12","::1"
"16/8/2026, 3:29:54.826455 pm","DC01.darkzero.htb","DC01$","4768","Security","Kerberos TGT","","","","0x12","::1"
"16/8/2026, 3:29:54.841062 pm","DC01.darkzero.htb","DC01$","4768","Security","Kerberos TGT","","","","0x12","::1"
"16/8/2026, 3:29:54.842257 pm","DC01.darkzero.htb","DC01$@DARKZERO.HTB","4769","Security","Kerberos Service Ticket","","","","0x12","::1"
"16/8/2026, 3:29:54.842918 pm","DC01.darkzero.htb","DC01$@DARKZERO.HTB","4769","Security","Kerberos Service Ticket","","","","0x12","::1"
"16/8/2026, 3:29:54.843833 pm","DC01.darkzero.htb","DC01$@DARKZERO.HTB","4769","Security","Kerberos Service Ticket","","","","0x12","::1"
"16/8/2026, 3:29:54.844226 pm","DC01.darkzero.htb","DC01$","4768","Security","Kerberos TGT","","","","0x12","::1"
"16/8/2026, 3:29:55.272277 pm","DC01.darkzero.htb","DC01$","4768","Security","Kerberos TGT","","","","0x12","::1"
"16/8/2026, 3:29:55.290452 pm","DC01.darkzero.htb","DC01$","4768","Security","Kerberos TGT","","","","0x12","::1"
"16/8/2026, 3:29:55.404443 pm","DC01.darkzero.htb","Administrator","4624","Security","Logon","","","","","-"
"16/8/2026, 3:29:55.404458 pm","DC01.darkzero.htb","Administrator","4672","Security","Privileged Logon","","","SeSecurityPrivilege
			SeTakeOwnershipPrivilege
			SeLoadDriverPrivilege
			SeBackupPrivilege
			SeRestorePrivilege
			SeDebugPrivilege
			SeSystemEnvironmentPrivilege
			SeEnableDelegationPrivilege
			SeImpersonatePrivilege
			SeDelegateSessionUserImpersonatePrivilege","",""
"16/8/2026, 3:29:55.413028 pm","DC01.darkzero.htb","DC01$","4768","Security","Kerberos TGT","","","","0x12","::1"
"16/8/2026, 3:29:55.428578 pm","DC01.darkzero.htb","DC01$","4768","Security","Kerberos TGT","","","","0x12","::1"
"16/8/2026, 3:29:55.443401 pm","DC01.darkzero.htb","DC01$","4768","Security","Kerberos TGT","","","","0x12","::1"
"16/8/2026, 3:29:55.450882 pm","DC01.darkzero.htb","Administrator","4624","Security","Logon","","","","","-"
"16/8/2026, 3:29:55.450902 pm","DC01.darkzero.htb","Administrator","4672","Security","Privileged Logon","","","SeSecurityPrivilege
			SeTakeOwnershipPrivilege
			SeLoadDriverPrivilege
			SeBackupPrivilege
			SeRestorePrivilege
			SeDebugPrivilege
			SeSystemEnvironmentPrivilege
			SeEnableDelegationPrivilege
			SeImpersonatePrivilege
			SeDelegateSessionUserImpersonatePrivilege","",""
"16/8/2026, 3:29:55.453702 pm","DC01.darkzero.htb","NT AUTHORITY\SYSTEM","11","Sysmon","File Created","C:\Users\Administrator\AppData\flagrotation.ps1","","","",""
"16/8/2026, 3:29:55.469774 pm","DC01.darkzero.htb","DC01$","4768","Security","Kerberos TGT","","","","0x12","::1"
"16/8/2026, 3:29:55.470076 pm","DC01.darkzero.htb","DC01$","4672","Security","Privileged Logon","","","SeAuditPrivilege
			SeAssignPrimaryTokenPrivilege
			SeImpersonatePrivilege","",""
"16/8/2026, 3:29:55.47044 pm","DC01.darkzero.htb","DC01$","4672","Security","Privileged Logon","","","SeAuditPrivilege
			SeAssignPrimaryTokenPrivilege
			SeImpersonatePrivilege","",""
"16/8/2026, 3:29:55.470719 pm","DC01.darkzero.htb","DC01$","4624","Security","Logon","","","","","127.0.0.1"
"16/8/2026, 3:29:55.471191 pm","DC01.darkzero.htb","DC01$@DARKZERO.HTB","4769","Security","Kerberos Service Ticket","","","","0x12","::1"
"16/8/2026, 3:29:55.471401 pm","DC01.darkzero.htb","DC01$","4624","Security","Logon","","","","","127.0.0.1"
"16/8/2026, 3:29:55.472521 pm","DC01.darkzero.htb","DC01$@DARKZERO.HTB","4769","Security","Kerberos Service Ticket","","","","0x12","::1"
"16/8/2026, 3:29:55.474088 pm","DC01.darkzero.htb","DC01$","4672","Security","Privileged Logon","","","SeAuditPrivilege
			SeAssignPrimaryTokenPrivilege
			SeImpersonatePrivilege","",""
"16/8/2026, 3:29:55.474314 pm","DC01.darkzero.htb","DC01$","4672","Security","Privileged Logon","","","SeSecurityPrivilege
			SeBackupPrivilege
			SeRestorePrivilege
			SeTakeOwnershipPrivilege
			SeDebugPrivilege
			SeSystemEnvironmentPrivilege
			SeLoadDriverPrivilege
			SeImpersonatePrivilege
			SeDelegateSessionUserImpersonatePrivilege
			SeEnableDelegationPrivilege","",""
"16/8/2026, 3:29:55.47446 pm","DC01.darkzero.htb","DC01$","4624","Security","Logon","","","","","127.0.0.1"
"16/8/2026, 3:29:55.47548 pm","DC01.darkzero.htb","DC01$","4672","Security","Privileged Logon","","","SeSecurityPrivilege
			SeBackupPrivilege
			SeRestorePrivilege
			SeTakeOwnershipPrivilege
			SeDebugPrivilege
			SeSystemEnvironmentPrivilege
			SeLoadDriverPrivilege
			SeImpersonatePrivilege
			SeDelegateSessionUserImpersonatePrivilege
			SeEnableDelegationPrivilege","",""
"16/8/2026, 3:29:55.475633 pm","DC01.darkzero.htb","DC01$","4624","Security","Logon","","","","","127.0.0.1"
"16/8/2026, 3:29:55.476184 pm","DC01.darkzero.htb","DC01$","4672","Security","Privileged Logon","","","SeSecurityPrivilege
			SeBackupPrivilege
			SeRestorePrivilege
			SeTakeOwnershipPrivilege
			SeDebugPrivilege
			SeSystemEnvironmentPrivilege
			SeLoadDriverPrivilege
			SeImpersonatePrivilege
			SeDelegateSessionUserImpersonatePrivilege
			SeEnableDelegationPrivilege","",""
"16/8/2026, 3:29:55.476297 pm","DC01.darkzero.htb","DC01$","4672","Security","Privileged Logon","","","SeAuditPrivilege
			SeAssignPrimaryTokenPrivilege
			SeImpersonatePrivilege","",""
"16/8/2026, 3:29:55.476327 pm","DC01.darkzero.htb","DC01$","4624","Security","Logon","","","","","127.0.0.1"
"16/8/2026, 3:29:55.476438 pm","DC01.darkzero.htb","DC01$@DARKZERO.HTB","4769","Security","Kerberos Service Ticket","","","","0x12","::1"
"16/8/2026, 3:29:55.476444 pm","DC01.darkzero.htb","DC01$","4624","Security","Logon","","","","","127.0.0.1"
"16/8/2026, 3:29:55.476852 pm","DC01.darkzero.htb","DC01$","4624","Security","Logon","","","","","127.0.0.1"
"16/8/2026, 3:29:55.478214 pm","DC01.darkzero.htb","DC01$","4672","Security","Privileged Logon","","","SeSecurityPrivilege
			SeBackupPrivilege
			SeRestorePrivilege
			SeTakeOwnershipPrivilege
			SeDebugPrivilege
			SeSystemEnvironmentPrivilege
			SeLoadDriverPrivilege
			SeImpersonatePrivilege
			SeDelegateSessionUserImpersonatePrivilege
			SeEnableDelegationPrivilege","",""
"16/8/2026, 3:29:55.479621 pm","DC01.darkzero.htb","DC01$","4624","Security","Logon","","","","","::1"
"16/8/2026, 3:29:55.48514 pm","DC01.darkzero.htb","DC01$","4672","Security","Privileged Logon","","","SeSecurityPrivilege
			SeBackupPrivilege
			SeRestorePrivilege
			SeTakeOwnershipPrivilege
			SeDebugPrivilege
			SeSystemEnvironmentPrivilege
			SeLoadDriverPrivilege
			SeImpersonatePrivilege
			SeDelegateSessionUserImpersonatePrivilege
			SeEnableDelegationPrivilege","",""
"16/8/2026, 3:29:55.485293 pm","DC01.darkzero.htb","DC01$","4672","Security","Privileged Logon","","","SeSecurityPrivilege
			SeBackupPrivilege
			SeRestorePrivilege
			SeTakeOwnershipPrivilege
			SeDebugPrivilege
			SeSystemEnvironmentPrivilege
			SeLoadDriverPrivilege
			SeImpersonatePrivilege
			SeDelegateSessionUserImpersonatePrivilege
			SeEnableDelegationPrivilege","",""
"16/8/2026, 3:29:55.485331 pm","DC01.darkzero.htb","DC01$","4624","Security","Logon","","","","","127.0.0.1"
"16/8/2026, 3:29:55.487967 pm","DC01.darkzero.htb","DC01$","4624","Security","Logon","","","","","127.0.0.1"
"16/8/2026, 3:29:55.489673 pm","DC01.darkzero.htb","DC01$","4672","Security","Privileged Logon","","","SeSecurityPrivilege
			SeBackupPrivilege
			SeRestorePrivilege
			SeTakeOwnershipPrivilege
			SeDebugPrivilege
			SeSystemEnvironmentPrivilege
			SeLoadDriverPrivilege
			SeImpersonatePrivilege
			SeDelegateSessionUserImpersonatePrivilege
			SeEnableDelegationPrivilege","",""
"16/8/2026, 3:29:55.49514 pm","DC01.darkzero.htb","DC01$","4672","Security","Privileged Logon","","","SeSecurityPrivilege
			SeBackupPrivilege
			SeRestorePrivilege
			SeTakeOwnershipPrivilege
			SeDebugPrivilege
			SeSystemEnvironmentPrivilege
			SeLoadDriverPrivilege
			SeImpersonatePrivilege
			SeDelegateSessionUserImpersonatePrivilege
			SeEnableDelegationPrivilege","",""
"16/8/2026, 3:29:55.495172 pm","DC01.darkzero.htb","ella","4624","Security","Logon","","","","","-"
"16/8/2026, 3:29:55.495217 pm","DC01.darkzero.htb","DC01$","4624","Security","Logon","","","","","172.16.20.1"
"16/8/2026, 3:29:55.495327 pm","DC01.darkzero.htb","DC01$","4624","Security","Logon","","","","","127.0.0.1"
"16/8/2026, 3:29:55.505703 pm","DC01.darkzero.htb","DC01$","4672","Security","Privileged Logon","","","SeSecurityPrivilege
			SeBackupPrivilege
			SeRestorePrivilege
			SeTakeOwnershipPrivilege
			SeDebugPrivilege
			SeSystemEnvironmentPrivilege
			SeLoadDriverPrivilege
			SeImpersonatePrivilege
			SeDelegateSessionUserImpersonatePrivilege
			SeEnableDelegationPrivilege","",""
"16/8/2026, 3:29:55.506358 pm","DC01.darkzero.htb","DC01$","4624","Security","Logon","","","","","::1"
"16/8/2026, 3:29:55.514178 pm","DC01.darkzero.htb","DC01$@DARKZERO.HTB","4769","Security","Kerberos Service Ticket","","","","0x12","::1"
"16/8/2026, 3:29:55.51545 pm","DC01.darkzero.htb","DC01$","4672","Security","Privileged Logon","","","SeSecurityPrivilege
			SeBackupPrivilege
			SeRestorePrivilege
			SeTakeOwnershipPrivilege
			SeDebugPrivilege
			SeSystemEnvironmentPrivilege
			SeLoadDriverPrivilege
			SeImpersonatePrivilege
			SeDelegateSessionUserImpersonatePrivilege
			SeEnableDelegationPrivilege","",""
"16/8/2026, 3:29:55.516065 pm","DC01.darkzero.htb","DC01$","4624","Security","Logon","","","","","::1"
"16/8/2026, 3:29:55.523249 pm","DC01.darkzero.htb","Administrator","4624","Security","Logon","","","","","-"
"16/8/2026, 3:29:55.523264 pm","DC01.darkzero.htb","Administrator","4672","Security","Privileged Logon","","","SeSecurityPrivilege
			SeTakeOwnershipPrivilege
			SeLoadDriverPrivilege
			SeBackupPrivilege
			SeRestorePrivilege
			SeDebugPrivilege
			SeSystemEnvironmentPrivilege
			SeEnableDelegationPrivilege
			SeImpersonatePrivilege
			SeDelegateSessionUserImpersonatePrivilege","",""
"16/8/2026, 3:29:55.541109 pm","DC01.darkzero.htb","DC01$","4672","Security","Privileged Logon","","","SeSecurityPrivilege
			SeBackupPrivilege
			SeRestorePrivilege
			SeTakeOwnershipPrivilege
			SeDebugPrivilege
			SeSystemEnvironmentPrivilege
			SeLoadDriverPrivilege
			SeImpersonatePrivilege
			SeDelegateSessionUserImpersonatePrivilege
			SeEnableDelegationPrivilege","",""
"16/8/2026, 3:29:55.541787 pm","DC01.darkzero.htb","DC01$","4624","Security","Logon","","","","","::1"
"16/8/2026, 3:29:55.546289 pm","DC01.darkzero.htb","DC01$","4662","Security","Object Access (poss. DCSync)","%{2fbdfc1e-36e0-4e65-b21b-09dbb4e67d2f}","","","",""
"16/8/2026, 3:29:55.547113 pm","DC01.darkzero.htb","DC01$","4662","Security","Object Access (poss. DCSync)","%{2fbdfc1e-36e0-4e65-b21b-09dbb4e67d2f}","","","",""
"16/8/2026, 3:29:55.577136 pm","DC01.darkzero.htb","Administrator","4624","Security","Logon","","","","","-"
"16/8/2026, 3:29:55.57715 pm","DC01.darkzero.htb","Administrator","4672","Security","Privileged Logon","","","SeSecurityPrivilege
			SeTakeOwnershipPrivilege
			SeLoadDriverPrivilege
			SeBackupPrivilege
			SeRestorePrivilege
			SeDebugPrivilege
			SeSystemEnvironmentPrivilege
			SeEnableDelegationPrivilege
			SeImpersonatePrivilege
			SeDelegateSessionUserImpersonatePrivilege","",""
"16/8/2026, 3:29:55.586496 pm","DC01.darkzero.htb","DC01$","4662","Security","Object Access (poss. DCSync)","%{2fbdfc1e-36e0-4e65-b21b-09dbb4e67d2f}","","","",""
"16/8/2026, 3:29:55.587603 pm","DC01.darkzero.htb","DC01$","4662","Security","Object Access (poss. DCSync)","%{2fbdfc1e-36e0-4e65-b21b-09dbb4e67d2f}","","","",""
"16/8/2026, 3:29:55.599724 pm","DC01.darkzero.htb","DC01$","4662","Security","Object Access (poss. DCSync)","%{2fbdfc1e-36e0-4e65-b21b-09dbb4e67d2f}","","","",""
"16/8/2026, 3:29:55.600666 pm","DC01.darkzero.htb","DC01$","4662","Security","Object Access (poss. DCSync)","%{2fbdfc1e-36e0-4e65-b21b-09dbb4e67d2f}","","","",""
"16/8/2026, 3:29:55.625889 pm","DC01.darkzero.htb","Administrator","4624","Security","Logon","","","","","-"
"16/8/2026, 3:29:55.625903 pm","DC01.darkzero.htb","Administrator","4672","Security","Privileged Logon","","","SeSecurityPrivilege
			SeTakeOwnershipPrivilege
			SeLoadDriverPrivilege
			SeBackupPrivilege
			SeRestorePrivilege
			SeDebugPrivilege
			SeSystemEnvironmentPrivilege
			SeEnableDelegationPrivilege
			SeImpersonatePrivilege
			SeDelegateSessionUserImpersonatePrivilege","",""
"16/8/2026, 3:29:55.638185 pm","DC01.darkzero.htb","DC01$","4672","Security","Privileged Logon","","","SeSecurityPrivilege
			SeBackupPrivilege
			SeRestorePrivilege
			SeTakeOwnershipPrivilege
			SeDebugPrivilege
			SeSystemEnvironmentPrivilege
			SeLoadDriverPrivilege
			SeImpersonatePrivilege
			SeDelegateSessionUserImpersonatePrivilege
			SeEnableDelegationPrivilege","",""
"16/8/2026, 3:29:55.638356 pm","DC01.darkzero.htb","DC01$","4624","Security","Logon","","","","","172.16.20.1"
"16/8/2026, 3:29:55.642728 pm","DC01.darkzero.htb","DC01$","4672","Security","Privileged Logon","","","SeSecurityPrivilege
			SeBackupPrivilege
			SeRestorePrivilege
			SeTakeOwnershipPrivilege
			SeDebugPrivilege
			SeSystemEnvironmentPrivilege
			SeLoadDriverPrivilege
			SeImpersonatePrivilege
			SeDelegateSessionUserImpersonatePrivilege
			SeEnableDelegationPrivilege","",""
"16/8/2026, 3:29:55.642885 pm","DC01.darkzero.htb","DC01$","4624","Security","Logon","","","","","127.0.0.1"
"16/8/2026, 3:29:57.23816 pm","DC01.darkzero.htb","Administrator","4624","Security","Logon","","","","","-"
"16/8/2026, 3:29:57.238217 pm","DC01.darkzero.htb","Administrator","4672","Security","Privileged Logon","","","SeSecurityPrivilege
			SeTakeOwnershipPrivilege
			SeLoadDriverPrivilege
			SeBackupPrivilege
			SeRestorePrivilege
			SeDebugPrivilege
			SeSystemEnvironmentPrivilege
			SeEnableDelegationPrivilege
			SeImpersonatePrivilege
			SeDelegateSessionUserImpersonatePrivilege","",""
"16/8/2026, 3:29:57.258399 pm","DC01.darkzero.htb","DC01$","4672","Security","Privileged Logon","","","SeSecurityPrivilege
			SeBackupPrivilege
			SeRestorePrivilege
			SeTakeOwnershipPrivilege
			SeDebugPrivilege
			SeSystemEnvironmentPrivilege
			SeLoadDriverPrivilege
			SeImpersonatePrivilege
			SeDelegateSessionUserImpersonatePrivilege
			SeEnableDelegationPrivilege","",""
"16/8/2026, 3:29:57.258658 pm","DC01.darkzero.htb","DC01$","4624","Security","Logon","","","","","172.16.20.1"
"16/8/2026, 3:29:57.25948 pm","DC01.darkzero.htb","SYSTEM","4624","Security","Logon","","","","","-"
"16/8/2026, 3:29:57.259494 pm","DC01.darkzero.htb","SYSTEM","4672","Security","Privileged Logon","","","SeAssignPrimaryTokenPrivilege
			SeTcbPrivilege
			SeSecurityPrivilege
			SeTakeOwnershipPrivilege
			SeLoadDriverPrivilege
			SeBackupPrivilege
			SeRestorePrivilege
			SeDebugPrivilege
			SeAuditPrivilege
			SeSystemEnvironmentPrivilege
			SeImpersonatePrivilege
			SeDelegateSessionUserImpersonatePrivilege","",""
"16/8/2026, 3:29:57.271898 pm","DC01.darkzero.htb","NT AUTHORITY\SYSTEM","1","Sysmon","Process Creation","","","C:\WINDOWS\System32\svchost.exe -k netsvcs -p -s BITS","",""
"16/8/2026, 3:29:57.297243 pm","DC01.darkzero.htb","DC01$","4672","Security","Privileged Logon","","","SeSecurityPrivilege
			SeBackupPrivilege
			SeRestorePrivilege
			SeTakeOwnershipPrivilege
			SeDebugPrivilege
			SeSystemEnvironmentPrivilege
			SeLoadDriverPrivilege
			SeImpersonatePrivilege
			SeDelegateSessionUserImpersonatePrivilege
			SeEnableDelegationPrivilege","",""
"16/8/2026, 3:29:57.298031 pm","DC01.darkzero.htb","DC01$","4624","Security","Logon","","","","","::1"
"16/8/2026, 3:29:57.298802 pm","DC01.darkzero.htb","DC01$","4672","Security","Privileged Logon","","","SeSecurityPrivilege
			SeBackupPrivilege
			SeRestorePrivilege
			SeTakeOwnershipPrivilege
			SeDebugPrivilege
			SeSystemEnvironmentPrivilege
			SeLoadDriverPrivilege
			SeImpersonatePrivilege
			SeDelegateSessionUserImpersonatePrivilege
			SeEnableDelegationPrivilege","",""
"16/8/2026, 3:29:57.298946 pm","DC01.darkzero.htb","DC01$","4624","Security","Logon","","","","","127.0.0.1"
"16/8/2026, 3:29:57.307075 pm","DC01.darkzero.htb","NT AUTHORITY\SYSTEM","11","Sysmon","File Created","C:\System Volume Information\DFSR\Config\Replica_403BC236-9053-43D0-AAD0-74F0FB6A21A3.XML.TMP","","","",""
"16/8/2026, 3:29:57.32379 pm","DC01.darkzero.htb","NT AUTHORITY\SYSTEM","11","Sysmon","File Created","C:\System Volume Information\DFSR\Config\Volume_57941D7E-1E19-4293-AB21-2231712EE33A.XML.TMP","","","",""
"16/8/2026, 3:29:57.361037 pm","DC01.darkzero.htb","DC01$","4672","Security","Privileged Logon","","","SeSecurityPrivilege
			SeBackupPrivilege
			SeRestorePrivilege
			SeTakeOwnershipPrivilege
			SeDebugPrivilege
			SeSystemEnvironmentPrivilege
			SeLoadDriverPrivilege
			SeImpersonatePrivilege
			SeDelegateSessionUserImpersonatePrivilege
			SeEnableDelegationPrivilege","",""
"16/8/2026, 3:29:57.361247 pm","DC01.darkzero.htb","DC01$","4624","Security","Logon","","","","","127.0.0.1"
"16/8/2026, 3:29:57.398097 pm","DC01.darkzero.htb","DC01$","4672","Security","Privileged Logon","","","SeSecurityPrivilege
			SeBackupPrivilege
			SeRestorePrivilege
			SeTakeOwnershipPrivilege
			SeDebugPrivilege
			SeSystemEnvironmentPrivilege
			SeLoadDriverPrivilege
			SeImpersonatePrivilege
			SeDelegateSessionUserImpersonatePrivilege
			SeEnableDelegationPrivilege","",""
"16/8/2026, 3:29:57.398317 pm","DC01.darkzero.htb","DC01$","4624","Security","Logon","","","","","127.0.0.1"
"16/8/2026, 3:29:57.424613 pm","DC01.darkzero.htb","DC01$","4672","Security","Privileged Logon","","","SeSecurityPrivilege
			SeBackupPrivilege
			SeRestorePrivilege
			SeTakeOwnershipPrivilege
			SeDebugPrivilege
			SeSystemEnvironmentPrivilege
			SeLoadDriverPrivilege
			SeImpersonatePrivilege
			SeDelegateSessionUserImpersonatePrivilege
			SeEnableDelegationPrivilege","",""
"16/8/2026, 3:29:57.424811 pm","DC01.darkzero.htb","DC01$","4624","Security","Logon","","","","","172.16.20.1"
"16/8/2026, 3:29:58.386652 pm","DC01.darkzero.htb","DC01$","4672","Security","Privileged Logon","","","SeSecurityPrivilege
			SeBackupPrivilege
			SeRestorePrivilege
			SeTakeOwnershipPrivilege
			SeDebugPrivilege
			SeSystemEnvironmentPrivilege
			SeLoadDriverPrivilege
			SeImpersonatePrivilege
			SeDelegateSessionUserImpersonatePrivilege
			SeEnableDelegationPrivilege","",""
"16/8/2026, 3:29:58.386931 pm","DC01.darkzero.htb","DC01$","4624","Security","Logon","","","","","172.16.20.1"
"16/8/2026, 3:29:58.387214 pm","DC01.darkzero.htb","darkzero\ella","1","Sysmon","Process Creation","","","""powershell.exe"" -NoProfile -NoLogo -NonInteractive -ExecutionPolicy Bypass -File ""C:\Users\ella\access_gitea.ps1""","",""
"16/8/2026, 3:29:58.404955 pm","DC01.darkzero.htb","Administrator","4624","Security","Logon","","","","","-"
"16/8/2026, 3:29:58.40497 pm","DC01.darkzero.htb","Administrator","4672","Security","Privileged Logon","","","SeSecurityPrivilege
			SeTakeOwnershipPrivilege
			SeLoadDriverPrivilege
			SeBackupPrivilege
			SeRestorePrivilege
			SeDebugPrivilege
			SeSystemEnvironmentPrivilege
			SeEnableDelegationPrivilege
			SeImpersonatePrivilege
			SeDelegateSessionUserImpersonatePrivilege","",""
"16/8/2026, 3:29:58.489048 pm","DC01.darkzero.htb","NT AUTHORITY\SYSTEM","11","Sysmon","File Created","C:\Windows\System32\config\systemprofile\AppData\Local\Microsoft\Windows\SchCache\darkzero.htb.sch","","","",""
"16/8/2026, 3:29:58.4944 pm","DC01.darkzero.htb","DC01$","4672","Security","Privileged Logon","","","SeSecurityPrivilege
			SeBackupPrivilege
			SeRestorePrivilege
			SeTakeOwnershipPrivilege
			SeDebugPrivilege
			SeSystemEnvironmentPrivilege
			SeLoadDriverPrivilege
			SeImpersonatePrivilege
			SeDelegateSessionUserImpersonatePrivilege
			SeEnableDelegationPrivilege","",""
"16/8/2026, 3:29:58.494586 pm","DC01.darkzero.htb","DC01$","4624","Security","Logon","","","","","127.0.0.1"
"16/8/2026, 3:29:59.643854 pm","DC01.darkzero.htb","DC01$","4672","Security","Privileged Logon","","","SeSecurityPrivilege
			SeBackupPrivilege
			SeRestorePrivilege
			SeTakeOwnershipPrivilege
			SeDebugPrivilege
			SeSystemEnvironmentPrivilege
			SeLoadDriverPrivilege
			SeImpersonatePrivilege
			SeDelegateSessionUserImpersonatePrivilege
			SeEnableDelegationPrivilege","",""
"16/8/2026, 3:29:59.644112 pm","DC01.darkzero.htb","DC01$","4624","Security","Logon","","","","","172.16.20.1"
"16/8/2026, 3:29:59.690115 pm","DC01.darkzero.htb","DC01$@DARKZERO.HTB","4769","Security","Kerberos Service Ticket","","","","0x12","::1"
"16/8/2026, 3:29:59.690766 pm","DC01.darkzero.htb","DC01$@DARKZERO.HTB","4769","Security","Kerberos Service Ticket","","","","0x12","::1"
"16/8/2026, 3:29:59.733108 pm","DC01.darkzero.htb","DC01$@DARKZERO.HTB","4769","Security","Kerberos Service Ticket","","","","0x12","::1"
"16/8/2026, 3:29:59.736292 pm","DC01.darkzero.htb","DC01$","4672","Security","Privileged Logon","","","SeSecurityPrivilege
			SeBackupPrivilege
			SeRestorePrivilege
			SeTakeOwnershipPrivilege
			SeDebugPrivilege
			SeSystemEnvironmentPrivilege
			SeLoadDriverPrivilege
			SeImpersonatePrivilege
			SeDelegateSessionUserImpersonatePrivilege
			SeEnableDelegationPrivilege","",""
"16/8/2026, 3:29:59.736587 pm","DC01.darkzero.htb","DC01$","4624","Security","Logon","","","","","-"
"16/8/2026, 3:29:59.740058 pm","DC01.darkzero.htb","DC01$","4672","Security","Privileged Logon","","","SeSecurityPrivilege
			SeBackupPrivilege
			SeRestorePrivilege
			SeTakeOwnershipPrivilege
			SeDebugPrivilege
			SeSystemEnvironmentPrivilege
			SeLoadDriverPrivilege
			SeImpersonatePrivilege
			SeDelegateSessionUserImpersonatePrivilege
			SeEnableDelegationPrivilege","",""
"16/8/2026, 3:29:59.740253 pm","DC01.darkzero.htb","DC01$","4624","Security","Logon","","","","","::1"
"16/8/2026, 3:29:59.74179 pm","DC01.darkzero.htb","NT AUTHORITY\SYSTEM","11","Sysmon","File Created","C:\Users\ADMINI~1\AppData\Local\Temp\govmomi-vmware183","","","",""
"16/8/2026, 3:30:00.445276 pm","DC01.darkzero.htb","DC01$","4672","Security","Privileged Logon","","","SeSecurityPrivilege
			SeBackupPrivilege
			SeRestorePrivilege
			SeTakeOwnershipPrivilege
			SeDebugPrivilege
			SeSystemEnvironmentPrivilege
			SeLoadDriverPrivilege
			SeImpersonatePrivilege
			SeDelegateSessionUserImpersonatePrivilege
			SeEnableDelegationPrivilege","",""
"16/8/2026, 3:30:00.445579 pm","DC01.darkzero.htb","DC01$","4624","Security","Logon","","","","","-"
"16/8/2026, 3:30:00.663796 pm","DC01.darkzero.htb","DC01$","4672","Security","Privileged Logon","","","SeSecurityPrivilege
			SeBackupPrivilege
			SeRestorePrivilege
			SeTakeOwnershipPrivilege
			SeDebugPrivilege
			SeSystemEnvironmentPrivilege
			SeLoadDriverPrivilege
			SeImpersonatePrivilege
			SeDelegateSessionUserImpersonatePrivilege
			SeEnableDelegationPrivilege","",""
"16/8/2026, 3:30:00.664143 pm","DC01.darkzero.htb","DC01$","4624","Security","Logon","","","","","172.16.20.1"
"16/8/2026, 3:30:00.793385 pm","DC01.darkzero.htb","DC01$","4672","Security","Privileged Logon","","","SeSecurityPrivilege
			SeBackupPrivilege
			SeRestorePrivilege
			SeTakeOwnershipPrivilege
			SeDebugPrivilege
			SeSystemEnvironmentPrivilege
			SeLoadDriverPrivilege
			SeImpersonatePrivilege
			SeDelegateSessionUserImpersonatePrivilege
			SeEnableDelegationPrivilege","",""
"16/8/2026, 3:30:00.793632 pm","DC01.darkzero.htb","DC01$","4624","Security","Logon","","","","","-"
"16/8/2026, 3:30:00.801364 pm","DC01.darkzero.htb","NT AUTHORITY\SYSTEM","11","Sysmon","File Created","C:\System Volume Information\DFSR\database_3A38_4550_9481_4B14","","","",""
"16/8/2026, 3:30:00.809645 pm","DC01.darkzero.htb","NT AUTHORITY\SYSTEM","11","Sysmon","File Created","C:\System Volume Information\DFSR\database_3A38_4550_9481_4B14\fsrtmp.log","","","",""
"16/8/2026, 3:30:00.962596 pm","DC01.darkzero.htb","DC01$","4672","Security","Privileged Logon","","","SeSecurityPrivilege
			SeBackupPrivilege
			SeRestorePrivilege
			SeTakeOwnershipPrivilege
			SeDebugPrivilege
			SeSystemEnvironmentPrivilege
			SeLoadDriverPrivilege
			SeImpersonatePrivilege
			SeDelegateSessionUserImpersonatePrivilege
			SeEnableDelegationPrivilege","",""
"16/8/2026, 3:30:00.962807 pm","DC01.darkzero.htb","DC01$","4624","Security","Logon","","","","","172.16.20.1"
"16/8/2026, 3:30:00.96954 pm","DC01.darkzero.htb","DC01$","4672","Security","Privileged Logon","","","SeSecurityPrivilege
			SeBackupPrivilege
			SeRestorePrivilege
			SeTakeOwnershipPrivilege
			SeDebugPrivilege
			SeSystemEnvironmentPrivilege
			SeLoadDriverPrivilege
			SeImpersonatePrivilege
			SeDelegateSessionUserImpersonatePrivilege
			SeEnableDelegationPrivilege","",""
"16/8/2026, 3:30:00.969796 pm","DC01.darkzero.htb","DC01$","4624","Security","Logon","","","","","-"
"16/8/2026, 3:30:01.113941 pm","DC01.darkzero.htb","NT AUTHORITY\SYSTEM","11","Sysmon","File Created","C:\System Volume Information\DFSR\database_3A38_4550_9481_4B14\fsrtmp.log","","","",""
"16/8/2026, 3:30:01.312365 pm","DC01.darkzero.htb","NT AUTHORITY\SYSTEM","11","Sysmon","File Created","C:\System Volume Information\DFSR\database_3A38_4550_9481_4B14\fsrres00001.jrs","","","",""
"16/8/2026, 3:30:01.316946 pm","DC01.darkzero.htb","NT AUTHORITY\SYSTEM","11","Sysmon","File Created","C:\System Volume Information\DFSR\database_3A38_4550_9481_4B14\fsrres00002.jrs","","","",""
"16/8/2026, 3:30:01.332616 pm","DC01.darkzero.htb","NT AUTHORITY\SYSTEM","11","Sysmon","File Created","C:\System Volume Information\DFSR\database_3A38_4550_9481_4B14\fsr.chk","","","",""
"16/8/2026, 3:30:01.342995 pm","DC01.darkzero.htb","Administrator","4624","Security","Logon","","","","","-"
"16/8/2026, 3:30:01.34301 pm","DC01.darkzero.htb","Administrator","4672","Security","Privileged Logon","","","SeSecurityPrivilege
			SeTakeOwnershipPrivilege
			SeLoadDriverPrivilege
			SeBackupPrivilege
			SeRestorePrivilege
			SeDebugPrivilege
			SeSystemEnvironmentPrivilege
			SeEnableDelegationPrivilege
			SeImpersonatePrivilege
			SeDelegateSessionUserImpersonatePrivilege","",""
"16/8/2026, 3:30:01.356828 pm","DC01.darkzero.htb","NT AUTHORITY\SYSTEM","11","Sysmon","File Created","C:\Windows\System32\LogFiles\WMI\RtBackup\EtwRTAdmin_PS_Provider.etl","","","",""
"16/8/2026, 3:30:01.372225 pm","DC01.darkzero.htb","NT AUTHORITY\SYSTEM","11","Sysmon","File Created","C:\Windows\System32\config\netlogon.dnb","","","",""
"16/8/2026, 3:30:01.375755 pm","DC01.darkzero.htb","NT AUTHORITY\SYSTEM","11","Sysmon","File Created","C:\Windows\System32\config\netlogon.dns","","","",""
"16/8/2026, 3:30:01.377626 pm","DC01.darkzero.htb","DC01$","4672","Security","Privileged Logon","","","SeSecurityPrivilege
			SeBackupPrivilege
			SeRestorePrivilege
			SeTakeOwnershipPrivilege
			SeDebugPrivilege
			SeSystemEnvironmentPrivilege
			SeLoadDriverPrivilege
			SeImpersonatePrivilege
			SeDelegateSessionUserImpersonatePrivilege
			SeEnableDelegationPrivilege","",""
"16/8/2026, 3:30:01.378076 pm","DC01.darkzero.htb","DC01$","4624","Security","Logon","","","","","::1"
"16/8/2026, 3:30:01.3822 pm","DC01.darkzero.htb","NT AUTHORITY\SYSTEM","11","Sysmon","File Created","C:\System Volume Information\DFSR\$db_normal$","","","",""
"16/8/2026, 3:30:01.382455 pm","DC01.darkzero.htb","NT AUTHORITY\SYSTEM","11","Sysmon","File Created","C:\System Volume Information\DFSR\database_3A38_4550_9481_4B14\$db_clean$","","","",""
"16/8/2026, 3:30:01.388561 pm","DC01.darkzero.htb","NT AUTHORITY\SYSTEM","11","Sysmon","File Created","C:\Windows\System32\CertLog\tmp.edb","","","",""
"16/8/2026, 3:30:01.388653 pm","DC01.darkzero.htb","NT AUTHORITY\SYSTEM","11","Sysmon","File Created","C:\System Volume Information\DFSR\database_3A38_4550_9481_4B14\dfsr.jfm","","","",""
"16/8/2026, 3:30:01.391894 pm","DC01.darkzero.htb","NT AUTHORITY\SYSTEM","11","Sysmon","File Created","C:\System Volume Information\DFSR\database_3A38_4550_9481_4B14\dfsr.db","","","",""
"16/8/2026, 3:30:02.562415 pm","DC01.darkzero.htb","NT AUTHORITY\SYSTEM","11","Sysmon","File Created","C:\Users\ADMINI~1\AppData\Local\Temp\govmomi-vmware207","","","",""
"16/8/2026, 3:30:02.677002 pm","DC01.darkzero.htb","DC01$","4672","Security","Privileged Logon","","","SeSecurityPrivilege
			SeBackupPrivilege
			SeRestorePrivilege
			SeTakeOwnershipPrivilege
			SeDebugPrivilege
			SeSystemEnvironmentPrivilege
			SeLoadDriverPrivilege
			SeImpersonatePrivilege
			SeDelegateSessionUserImpersonatePrivilege
			SeEnableDelegationPrivilege","",""
"16/8/2026, 3:30:02.677212 pm","DC01.darkzero.htb","DC01$","4624","Security","Logon","","","","","127.0.0.1"
"16/8/2026, 3:30:02.796657 pm","DC01.darkzero.htb","DC01$","4672","Security","Privileged Logon","","","SeSecurityPrivilege
			SeBackupPrivilege
			SeRestorePrivilege
			SeTakeOwnershipPrivilege
			SeDebugPrivilege
			SeSystemEnvironmentPrivilege
			SeLoadDriverPrivilege
			SeImpersonatePrivilege
			SeDelegateSessionUserImpersonatePrivilege
			SeEnableDelegationPrivilege","",""
"16/8/2026, 3:30:02.796848 pm","DC01.darkzero.htb","DC01$","4624","Security","Logon","","","","","172.16.20.1"
"16/8/2026, 3:30:03.021758 pm","DC01.darkzero.htb","DC01$","4672","Security","Privileged Logon","","","SeSecurityPrivilege
			SeBackupPrivilege
			SeRestorePrivilege
			SeTakeOwnershipPrivilege
			SeDebugPrivilege
			SeSystemEnvironmentPrivilege
			SeLoadDriverPrivilege
			SeImpersonatePrivilege
			SeDelegateSessionUserImpersonatePrivilege
			SeEnableDelegationPrivilege","",""
"16/8/2026, 3:30:03.021893 pm","DC01.darkzero.htb","DC01$","4672","Security","Privileged Logon","","","SeSecurityPrivilege
			SeBackupPrivilege
			SeRestorePrivilege
			SeTakeOwnershipPrivilege
			SeDebugPrivilege
			SeSystemEnvironmentPrivilege
			SeLoadDriverPrivilege
			SeImpersonatePrivilege
			SeDelegateSessionUserImpersonatePrivilege
			SeEnableDelegationPrivilege","",""
"16/8/2026, 3:30:03.021936 pm","DC01.darkzero.htb","DC01$","4624","Security","Logon","","","","","172.16.20.1"
"16/8/2026, 3:30:03.02205 pm","DC01.darkzero.htb","DC01$","4624","Security","Logon","","","","","172.16.20.1"
"16/8/2026, 3:30:03.057676 pm","DC01.darkzero.htb","DC01$","4672","Security","Privileged Logon","","","SeSecurityPrivilege
			SeBackupPrivilege
			SeRestorePrivilege
			SeTakeOwnershipPrivilege
			SeDebugPrivilege
			SeSystemEnvironmentPrivilege
			SeLoadDriverPrivilege
			SeImpersonatePrivilege
			SeDelegateSessionUserImpersonatePrivilege
			SeEnableDelegationPrivilege","",""
"16/8/2026, 3:30:03.058461 pm","DC01.darkzero.htb","DC01$","4624","Security","Logon","","","","","::1"
"16/8/2026, 3:30:03.06691 pm","DC01.darkzero.htb","Administrator","4624","Security","Logon","","","","","-"
"16/8/2026, 3:30:03.066969 pm","DC01.darkzero.htb","Administrator","4672","Security","Privileged Logon","","","SeSecurityPrivilege
			SeTakeOwnershipPrivilege
			SeLoadDriverPrivilege
			SeBackupPrivilege
			SeRestorePrivilege
			SeDebugPrivilege
			SeSystemEnvironmentPrivilege
			SeEnableDelegationPrivilege
			SeImpersonatePrivilege
			SeDelegateSessionUserImpersonatePrivilege","",""
"16/8/2026, 3:30:03.225464 pm","DC01.darkzero.htb","DC01$","4672","Security","Privileged Logon","","","SeSecurityPrivilege
			SeBackupPrivilege
			SeRestorePrivilege
			SeTakeOwnershipPrivilege
			SeDebugPrivilege
			SeSystemEnvironmentPrivilege
			SeLoadDriverPrivilege
			SeImpersonatePrivilege
			SeDelegateSessionUserImpersonatePrivilege
			SeEnableDelegationPrivilege","",""
"16/8/2026, 3:30:03.225689 pm","DC01.darkzero.htb","DC01$","4624","Security","Logon","","","","","172.16.20.1"
"16/8/2026, 3:30:03.354345 pm","DC01.darkzero.htb","SYSTEM","4624","Security","Logon","","","","","-"
"16/8/2026, 3:30:03.354368 pm","DC01.darkzero.htb","SYSTEM","4672","Security","Privileged Logon","","","SeAssignPrimaryTokenPrivilege
			SeTcbPrivilege
			SeSecurityPrivilege
			SeTakeOwnershipPrivilege
			SeLoadDriverPrivilege
			SeBackupPrivilege
			SeRestorePrivilege
			SeDebugPrivilege
			SeAuditPrivilege
			SeSystemEnvironmentPrivilege
			SeImpersonatePrivilege
			SeDelegateSessionUserImpersonatePrivilege","",""
"16/8/2026, 3:30:04.452921 pm","DC01.darkzero.htb","Administrator","4624","Security","Logon","","","","","-"
"16/8/2026, 3:30:04.452937 pm","DC01.darkzero.htb","Administrator","4672","Security","Privileged Logon","","","SeSecurityPrivilege
			SeTakeOwnershipPrivilege
			SeLoadDriverPrivilege
			SeBackupPrivilege
			SeRestorePrivilege
			SeDebugPrivilege
			SeSystemEnvironmentPrivilege
			SeEnableDelegationPrivilege
			SeImpersonatePrivilege
			SeDelegateSessionUserImpersonatePrivilege","",""
"16/8/2026, 3:30:04.796429 pm","DC01.darkzero.htb","DC01$","4672","Security","Privileged Logon","","","SeSecurityPrivilege
			SeBackupPrivilege
			SeRestorePrivilege
			SeTakeOwnershipPrivilege
			SeDebugPrivilege
			SeSystemEnvironmentPrivilege
			SeLoadDriverPrivilege
			SeImpersonatePrivilege
			SeDelegateSessionUserImpersonatePrivilege
			SeEnableDelegationPrivilege","",""
"16/8/2026, 3:30:04.796687 pm","DC01.darkzero.htb","DC01$","4624","Security","Logon","","","","","172.16.20.1"
"16/8/2026, 3:30:05.189163 pm","DC01.darkzero.htb","DC01$","4672","Security","Privileged Logon","","","SeSecurityPrivilege
			SeBackupPrivilege
			SeRestorePrivilege
			SeTakeOwnershipPrivilege
			SeDebugPrivilege
			SeSystemEnvironmentPrivilege
			SeLoadDriverPrivilege
			SeImpersonatePrivilege
			SeDelegateSessionUserImpersonatePrivilege
			SeEnableDelegationPrivilege","",""
"16/8/2026, 3:30:05.189347 pm","DC01.darkzero.htb","DC01$","4624","Security","Logon","","","","","127.0.0.1"
"16/8/2026, 3:30:05.202437 pm","DC01.darkzero.htb","NT AUTHORITY\SYSTEM","11","Sysmon","File Created","C:\ProgramData\Microsoft\Crypto\OIDInfo\DsOIDInfo.dat","","","",""
"16/8/2026, 3:30:06.042766 pm","DC01.darkzero.htb","Administrator","4624","Security","Logon","","","","","-"
"16/8/2026, 3:30:06.042856 pm","DC01.darkzero.htb","Administrator","4672","Security","Privileged Logon","","","SeSecurityPrivilege
			SeTakeOwnershipPrivilege
			SeLoadDriverPrivilege
			SeBackupPrivilege
			SeRestorePrivilege
			SeDebugPrivilege
			SeSystemEnvironmentPrivilege
			SeEnableDelegationPrivilege
			SeImpersonatePrivilege
			SeDelegateSessionUserImpersonatePrivilege","",""
"16/8/2026, 3:30:07.224893 pm","DC01.darkzero.htb","darkzero\ella","11","Sysmon","File Created","C:\Users\ella.darkzero\AppData\Local\Temp\__PSScriptPolicyTest_xq2debdf.n1c.ps1","","","",""
"16/8/2026, 3:30:07.224941 pm","DC01.darkzero.htb","darkzero\ella","11","Sysmon","File Created","C:\Users\ella.darkzero\AppData\Local\Temp\__PSScriptPolicyTest_wovx2x2u.lvg.psm1","","","",""
"16/8/2026, 3:30:08.703972 pm","DC01.darkzero.htb","DC01$","4672","Security","Privileged Logon","","","SeSecurityPrivilege
			SeBackupPrivilege
			SeRestorePrivilege
			SeTakeOwnershipPrivilege
			SeDebugPrivilege
			SeSystemEnvironmentPrivilege
			SeLoadDriverPrivilege
			SeImpersonatePrivilege
			SeDelegateSessionUserImpersonatePrivilege
			SeEnableDelegationPrivilege","",""
"16/8/2026, 3:30:08.704196 pm","DC01.darkzero.htb","DC01$","4624","Security","Logon","","","","","127.0.0.1"
"16/8/2026, 3:30:08.772557 pm","DC01.darkzero.htb","DC01$","4672","Security","Privileged Logon","","","SeSecurityPrivilege
			SeBackupPrivilege
			SeRestorePrivilege
			SeTakeOwnershipPrivilege
			SeDebugPrivilege
			SeSystemEnvironmentPrivilege
			SeLoadDriverPrivilege
			SeImpersonatePrivilege
			SeDelegateSessionUserImpersonatePrivilege
			SeEnableDelegationPrivilege","",""
"16/8/2026, 3:30:08.772809 pm","DC01.darkzero.htb","DC01$","4624","Security","Logon","","","","","172.16.20.1"
"16/8/2026, 3:30:08.815092 pm","DC01.darkzero.htb","DC01$","4768","Security","Kerberos TGT","","","","0x12","::1"
"16/8/2026, 3:30:08.817047 pm","DC01.darkzero.htb","DC01$@DARKZERO.HTB","4769","Security","Kerberos Service Ticket","","","","0x12","::1"
"16/8/2026, 3:30:08.81834 pm","DC01.darkzero.htb","DC01$","4672","Security","Privileged Logon","","","SeSecurityPrivilege
			SeBackupPrivilege
			SeRestorePrivilege
			SeTakeOwnershipPrivilege
			SeDebugPrivilege
			SeSystemEnvironmentPrivilege
			SeLoadDriverPrivilege
			SeImpersonatePrivilege
			SeDelegateSessionUserImpersonatePrivilege
			SeEnableDelegationPrivilege","",""
"16/8/2026, 3:30:08.818468 pm","DC01.darkzero.htb","DC01$","4624","Security","Logon","","","","","-"
"16/8/2026, 3:30:10.065988 pm","DC01.darkzero.htb","DC01$","4672","Security","Privileged Logon","","","SeSecurityPrivilege
			SeBackupPrivilege
			SeRestorePrivilege
			SeTakeOwnershipPrivilege
			SeDebugPrivilege
			SeSystemEnvironmentPrivilege
			SeLoadDriverPrivilege
			SeImpersonatePrivilege
			SeDelegateSessionUserImpersonatePrivilege
			SeEnableDelegationPrivilege","",""
"16/8/2026, 3:30:10.066208 pm","DC01.darkzero.htb","DC01$","4624","Security","Logon","","","","","127.0.0.1"
"16/8/2026, 3:30:10.26456 pm","DC01.darkzero.htb","DC01$","4672","Security","Privileged Logon","","","SeSecurityPrivilege
			SeBackupPrivilege
			SeRestorePrivilege
			SeTakeOwnershipPrivilege
			SeDebugPrivilege
			SeSystemEnvironmentPrivilege
			SeLoadDriverPrivilege
			SeImpersonatePrivilege
			SeDelegateSessionUserImpersonatePrivilege
			SeEnableDelegationPrivilege","",""
"16/8/2026, 3:30:10.264782 pm","DC01.darkzero.htb","DC01$","4624","Security","Logon","","","","","172.16.20.1"
"16/8/2026, 3:30:10.671437 pm","DC01.darkzero.htb","DC01$","4672","Security","Privileged Logon","","","SeSecurityPrivilege
			SeBackupPrivilege
			SeRestorePrivilege
			SeTakeOwnershipPrivilege
			SeDebugPrivilege
			SeSystemEnvironmentPrivilege
			SeLoadDriverPrivilege
			SeImpersonatePrivilege
			SeDelegateSessionUserImpersonatePrivilege
			SeEnableDelegationPrivilege","",""
"16/8/2026, 3:30:10.67166 pm","DC01.darkzero.htb","DC01$","4624","Security","Logon","","","","","127.0.0.1"
"16/8/2026, 3:30:11.110192 pm","DC01.darkzero.htb","DC01$","4672","Security","Privileged Logon","","","SeSecurityPrivilege
			SeBackupPrivilege
			SeRestorePrivilege
			SeTakeOwnershipPrivilege
			SeDebugPrivilege
			SeSystemEnvironmentPrivilege
			SeLoadDriverPrivilege
			SeImpersonatePrivilege
			SeDelegateSessionUserImpersonatePrivilege
			SeEnableDelegationPrivilege","",""
"16/8/2026, 3:30:11.110409 pm","DC01.darkzero.htb","DC01$","4624","Security","Logon","","","","","127.0.0.1"
"16/8/2026, 3:30:11.132387 pm","DC01.darkzero.htb","DC01$","4672","Security","Privileged Logon","","","SeSecurityPrivilege
			SeBackupPrivilege
			SeRestorePrivilege
			SeTakeOwnershipPrivilege
			SeDebugPrivilege
			SeSystemEnvironmentPrivilege
			SeLoadDriverPrivilege
			SeImpersonatePrivilege
			SeDelegateSessionUserImpersonatePrivilege
			SeEnableDelegationPrivilege","",""
"16/8/2026, 3:30:11.132606 pm","DC01.darkzero.htb","DC01$","4624","Security","Logon","","","","","172.16.20.1"
"16/8/2026, 3:30:11.151367 pm","DC01.darkzero.htb","DC01$","4768","Security","Kerberos TGT","","","","0x12","::1"
"16/8/2026, 3:30:11.153685 pm","DC01.darkzero.htb","DC01$@DARKZERO.HTB","4769","Security","Kerberos Service Ticket","","","","0x12","::1"
"16/8/2026, 3:30:11.154679 pm","DC01.darkzero.htb","DC01$","4672","Security","Privileged Logon","","","SeSecurityPrivilege
			SeBackupPrivilege
			SeRestorePrivilege
			SeTakeOwnershipPrivilege
			SeDebugPrivilege
			SeSystemEnvironmentPrivilege
			SeLoadDriverPrivilege
			SeImpersonatePrivilege
			SeDelegateSessionUserImpersonatePrivilege
			SeEnableDelegationPrivilege","",""
"16/8/2026, 3:30:11.15481 pm","DC01.darkzero.htb","DC01$","4624","Security","Logon","","","","","-"
"16/8/2026, 3:30:11.622327 pm","DC01.darkzero.htb","DC01$","4672","Security","Privileged Logon","","","SeSecurityPrivilege
			SeBackupPrivilege
			SeRestorePrivilege
			SeTakeOwnershipPrivilege
			SeDebugPrivilege
			SeSystemEnvironmentPrivilege
			SeLoadDriverPrivilege
			SeImpersonatePrivilege
			SeDelegateSessionUserImpersonatePrivilege
			SeEnableDelegationPrivilege","",""
"16/8/2026, 3:30:11.622514 pm","DC01.darkzero.htb","DC01$","4624","Security","Logon","","","","","127.0.0.1"
"16/8/2026, 3:30:12.07407 pm","DC01.darkzero.htb","DC01$","4672","Security","Privileged Logon","","","SeSecurityPrivilege
			SeBackupPrivilege
			SeRestorePrivilege
			SeTakeOwnershipPrivilege
			SeDebugPrivilege
			SeSystemEnvironmentPrivilege
			SeLoadDriverPrivilege
			SeImpersonatePrivilege
			SeDelegateSessionUserImpersonatePrivilege
			SeEnableDelegationPrivilege","",""
"16/8/2026, 3:30:12.07433 pm","DC01.darkzero.htb","DC01$","4624","Security","Logon","","","","","172.16.20.1"
"16/8/2026, 3:30:12.081296 pm","DC01.darkzero.htb","DC01$","4768","Security","Kerberos TGT","","","","0x12","::1"
"16/8/2026, 3:30:12.083403 pm","DC01.darkzero.htb","DC01$@DARKZERO.HTB","4769","Security","Kerberos Service Ticket","","","","0x12","::1"
"16/8/2026, 3:30:12.086427 pm","DC01.darkzero.htb","DC01$","4672","Security","Privileged Logon","","","SeSecurityPrivilege
			SeBackupPrivilege
			SeRestorePrivilege
			SeTakeOwnershipPrivilege
			SeDebugPrivilege
			SeSystemEnvironmentPrivilege
			SeLoadDriverPrivilege
			SeImpersonatePrivilege
			SeDelegateSessionUserImpersonatePrivilege
			SeEnableDelegationPrivilege","",""
"16/8/2026, 3:30:12.086547 pm","DC01.darkzero.htb","DC01$","4624","Security","Logon","","","","","-"
"16/8/2026, 3:30:12.183977 pm","DC01.darkzero.htb","DC01$","4768","Security","Kerberos TGT","","","","0x12","::1"
"16/8/2026, 3:30:12.186433 pm","DC01.darkzero.htb","DC01$@DARKZERO.HTB","4769","Security","Kerberos Service Ticket","","","","0x12","::1"
"16/8/2026, 3:30:12.188541 pm","DC01.darkzero.htb","DC01$","4672","Security","Privileged Logon","","","SeSecurityPrivilege
			SeBackupPrivilege
			SeRestorePrivilege
			SeTakeOwnershipPrivilege
			SeDebugPrivilege
			SeSystemEnvironmentPrivilege
			SeLoadDriverPrivilege
			SeImpersonatePrivilege
			SeDelegateSessionUserImpersonatePrivilege
			SeEnableDelegationPrivilege","",""
"16/8/2026, 3:30:12.188721 pm","DC01.darkzero.htb","DC01$","4624","Security","Logon","","","","","-"
"16/8/2026, 3:30:12.585676 pm","DC01.darkzero.htb","DC01$","4672","Security","Privileged Logon","","","SeSecurityPrivilege
			SeBackupPrivilege
			SeRestorePrivilege
			SeTakeOwnershipPrivilege
			SeDebugPrivilege
			SeSystemEnvironmentPrivilege
			SeLoadDriverPrivilege
			SeImpersonatePrivilege
			SeDelegateSessionUserImpersonatePrivilege
			SeEnableDelegationPrivilege","",""
"16/8/2026, 3:30:12.585881 pm","DC01.darkzero.htb","DC01$","4624","Security","Logon","","","","","127.0.0.1"
"16/8/2026, 3:30:12.602493 pm","DC01.darkzero.htb","DC01$","4768","Security","Kerberos TGT","","","","0x12","::1"
"16/8/2026, 3:30:12.604573 pm","DC01.darkzero.htb","DC01$@DARKZERO.HTB","4769","Security","Kerberos Service Ticket","","","","0x12","::1"
"16/8/2026, 3:30:12.613452 pm","DC01.darkzero.htb","Administrator","4624","Security","Logon","","","","","-"
"16/8/2026, 3:30:12.613473 pm","DC01.darkzero.htb","Administrator","4672","Security","Privileged Logon","","","SeSecurityPrivilege
			SeTakeOwnershipPrivilege
			SeLoadDriverPrivilege
			SeBackupPrivilege
			SeRestorePrivilege
			SeDebugPrivilege
			SeSystemEnvironmentPrivilege
			SeEnableDelegationPrivilege
			SeImpersonatePrivilege
			SeDelegateSessionUserImpersonatePrivilege","",""
"16/8/2026, 3:30:12.795806 pm","DC01.darkzero.htb","DC01$","4672","Security","Privileged Logon","","","SeSecurityPrivilege
			SeBackupPrivilege
			SeRestorePrivilege
			SeTakeOwnershipPrivilege
			SeDebugPrivilege
			SeSystemEnvironmentPrivilege
			SeLoadDriverPrivilege
			SeImpersonatePrivilege
			SeDelegateSessionUserImpersonatePrivilege
			SeEnableDelegationPrivilege","",""
"16/8/2026, 3:30:12.796099 pm","DC01.darkzero.htb","DC01$","4624","Security","Logon","","","","","-"
"16/8/2026, 3:30:12.925071 pm","DC01.darkzero.htb","DC01$","4768","Security","Kerberos TGT","","","","0x12","::1"
"16/8/2026, 3:30:12.927278 pm","DC01.darkzero.htb","DC01$@DARKZERO.HTB","4769","Security","Kerberos Service Ticket","","","","0x12","::1"
"16/8/2026, 3:30:12.928319 pm","DC01.darkzero.htb","DC01$","4672","Security","Privileged Logon","","","SeSecurityPrivilege
			SeBackupPrivilege
			SeRestorePrivilege
			SeTakeOwnershipPrivilege
			SeDebugPrivilege
			SeSystemEnvironmentPrivilege
			SeLoadDriverPrivilege
			SeImpersonatePrivilege
			SeDelegateSessionUserImpersonatePrivilege
			SeEnableDelegationPrivilege","",""
"16/8/2026, 3:30:12.928444 pm","DC01.darkzero.htb","DC01$","4624","Security","Logon","","","","","-"
"16/8/2026, 3:30:12.942791 pm","DC01.darkzero.htb","DC01$","4768","Security","Kerberos TGT","","","","0x12","::1"
"16/8/2026, 3:30:12.945157 pm","DC01.darkzero.htb","DC01$@DARKZERO.HTB","4769","Security","Kerberos Service Ticket","","","","0x12","::1"
"16/8/2026, 3:30:12.947059 pm","DC01.darkzero.htb","DC01$","4672","Security","Privileged Logon","","","SeSecurityPrivilege
			SeBackupPrivilege
			SeRestorePrivilege
			SeTakeOwnershipPrivilege
			SeDebugPrivilege
			SeSystemEnvironmentPrivilege
			SeLoadDriverPrivilege
			SeImpersonatePrivilege
			SeDelegateSessionUserImpersonatePrivilege
			SeEnableDelegationPrivilege","",""
"16/8/2026, 3:30:12.947191 pm","DC01.darkzero.htb","DC01$","4624","Security","Logon","","","","","-"
"16/8/2026, 3:30:12.957717 pm","DC01.darkzero.htb","DC01$","4768","Security","Kerberos TGT","","","","0x12","::1"
"16/8/2026, 3:30:12.959897 pm","DC01.darkzero.htb","DC01$@DARKZERO.HTB","4769","Security","Kerberos Service Ticket","","","","0x12","::1"
"16/8/2026, 3:30:12.961024 pm","DC01.darkzero.htb","DC01$","4672","Security","Privileged Logon","","","SeSecurityPrivilege
			SeBackupPrivilege
			SeRestorePrivilege
			SeTakeOwnershipPrivilege
			SeDebugPrivilege
			SeSystemEnvironmentPrivilege
			SeLoadDriverPrivilege
			SeImpersonatePrivilege
			SeDelegateSessionUserImpersonatePrivilege
			SeEnableDelegationPrivilege","",""
"16/8/2026, 3:30:12.96119 pm","DC01.darkzero.htb","DC01$","4624","Security","Logon","","","","","-"
"16/8/2026, 3:30:12.985707 pm","DC01.darkzero.htb","DC01$","4768","Security","Kerberos TGT","","","","0x12","::1"
"16/8/2026, 3:30:12.987891 pm","DC01.darkzero.htb","DC01$@DARKZERO.HTB","4769","Security","Kerberos Service Ticket","","","","0x12","::1"
"16/8/2026, 3:30:12.989081 pm","DC01.darkzero.htb","DC01$","4672","Security","Privileged Logon","","","SeSecurityPrivilege
			SeBackupPrivilege
			SeRestorePrivilege
			SeTakeOwnershipPrivilege
			SeDebugPrivilege
			SeSystemEnvironmentPrivilege
			SeLoadDriverPrivilege
			SeImpersonatePrivilege
			SeDelegateSessionUserImpersonatePrivilege
			SeEnableDelegationPrivilege","",""
"16/8/2026, 3:30:12.989196 pm","DC01.darkzero.htb","DC01$","4624","Security","Logon","","","","","-"
"16/8/2026, 3:30:13.001416 pm","DC01.darkzero.htb","DC01$","4768","Security","Kerberos TGT","","","","0x12","::1"
"16/8/2026, 3:30:13.003207 pm","DC01.darkzero.htb","DC01$@DARKZERO.HTB","4769","Security","Kerberos Service Ticket","","","","0x12","::1"
"16/8/2026, 3:30:13.004215 pm","DC01.darkzero.htb","DC01$","4672","Security","Privileged Logon","","","SeSecurityPrivilege
			SeBackupPrivilege
			SeRestorePrivilege
			SeTakeOwnershipPrivilege
			SeDebugPrivilege
			SeSystemEnvironmentPrivilege
			SeLoadDriverPrivilege
			SeImpersonatePrivilege
			SeDelegateSessionUserImpersonatePrivilege
			SeEnableDelegationPrivilege","",""
"16/8/2026, 3:30:13.004399 pm","DC01.darkzero.htb","DC01$","4624","Security","Logon","","","","","-"
"16/8/2026, 3:30:13.01356 pm","DC01.darkzero.htb","DC01$","4768","Security","Kerberos TGT","","","","0x12","::1"
"16/8/2026, 3:30:13.015529 pm","DC01.darkzero.htb","DC01$@DARKZERO.HTB","4769","Security","Kerberos Service Ticket","","","","0x12","::1"
"16/8/2026, 3:30:13.016563 pm","DC01.darkzero.htb","DC01$","4672","Security","Privileged Logon","","","SeSecurityPrivilege
			SeBackupPrivilege
			SeRestorePrivilege
			SeTakeOwnershipPrivilege
			SeDebugPrivilege
			SeSystemEnvironmentPrivilege
			SeLoadDriverPrivilege
			SeImpersonatePrivilege
			SeDelegateSessionUserImpersonatePrivilege
			SeEnableDelegationPrivilege","",""
"16/8/2026, 3:30:13.016681 pm","DC01.darkzero.htb","DC01$","4624","Security","Logon","","","","","-"
"16/8/2026, 3:30:13.030121 pm","DC01.darkzero.htb","DC01$","4768","Security","Kerberos TGT","","","","0x12","::1"
"16/8/2026, 3:30:13.032354 pm","DC01.darkzero.htb","DC01$@DARKZERO.HTB","4769","Security","Kerberos Service Ticket","","","","0x12","::1"
"16/8/2026, 3:30:13.645501 pm","DC01.darkzero.htb","DC01$","4672","Security","Privileged Logon","","","SeSecurityPrivilege
			SeBackupPrivilege
			SeRestorePrivilege
			SeTakeOwnershipPrivilege
			SeDebugPrivilege
			SeSystemEnvironmentPrivilege
			SeLoadDriverPrivilege
			SeImpersonatePrivilege
			SeDelegateSessionUserImpersonatePrivilege
			SeEnableDelegationPrivilege","",""
"16/8/2026, 3:30:13.645778 pm","DC01.darkzero.htb","DC01$","4624","Security","Logon","","","","","-"
"16/8/2026, 3:30:13.661756 pm","DC01.darkzero.htb","DC01$","4768","Security","Kerberos TGT","","","","0x12","::1"
"16/8/2026, 3:30:13.663845 pm","DC01.darkzero.htb","DC01$@DARKZERO.HTB","4769","Security","Kerberos Service Ticket","","","","0x12","::1"
"16/8/2026, 3:30:13.784282 pm","DC01.darkzero.htb","DC01$","4672","Security","Privileged Logon","","","SeSecurityPrivilege
			SeBackupPrivilege
			SeRestorePrivilege
			SeTakeOwnershipPrivilege
			SeDebugPrivilege
			SeSystemEnvironmentPrivilege
			SeLoadDriverPrivilege
			SeImpersonatePrivilege
			SeDelegateSessionUserImpersonatePrivilege
			SeEnableDelegationPrivilege","",""
"16/8/2026, 3:30:13.784777 pm","DC01.darkzero.htb","DC01$","4624","Security","Logon","","","","","-"
"16/8/2026, 3:30:13.798927 pm","DC01.darkzero.htb","DC01$","4672","Security","Privileged Logon","","","SeSecurityPrivilege
			SeBackupPrivilege
			SeRestorePrivilege
			SeTakeOwnershipPrivilege
			SeDebugPrivilege
			SeSystemEnvironmentPrivilege
			SeLoadDriverPrivilege
			SeImpersonatePrivilege
			SeDelegateSessionUserImpersonatePrivilege
			SeEnableDelegationPrivilege","",""
"16/8/2026, 3:30:13.799106 pm","DC01.darkzero.htb","DC01$","4624","Security","Logon","","","","","127.0.0.1"
"16/8/2026, 3:30:13.799484 pm","DC01.darkzero.htb","DC01$","4768","Security","Kerberos TGT","","","","0x12","::1"
"16/8/2026, 3:30:13.801439 pm","DC01.darkzero.htb","DC01$@DARKZERO.HTB","4769","Security","Kerberos Service Ticket","","","","0x12","::1"
"16/8/2026, 3:30:13.802491 pm","DC01.darkzero.htb","DC01$","4672","Security","Privileged Logon","","","SeSecurityPrivilege
			SeBackupPrivilege
			SeRestorePrivilege
			SeTakeOwnershipPrivilege
			SeDebugPrivilege
			SeSystemEnvironmentPrivilege
			SeLoadDriverPrivilege
			SeImpersonatePrivilege
			SeDelegateSessionUserImpersonatePrivilege
			SeEnableDelegationPrivilege","",""
"16/8/2026, 3:30:13.802627 pm","DC01.darkzero.htb","DC01$","4624","Security","Logon","","","","","-"
"16/8/2026, 3:30:14.167018 pm","DC01.darkzero.htb","NT AUTHORITY\SYSTEM","11","Sysmon","File Created","C:\Windows\System32\CertSrv\CertEnroll\pre7E43.tmp","","","",""
"16/8/2026, 3:30:14.167626 pm","DC01.darkzero.htb","NT AUTHORITY\SYSTEM","11","Sysmon","File Created","C:\Windows\System32\CertSrv\CertEnroll\pre7E43.tmp","","","",""
"16/8/2026, 3:30:14.168537 pm","DC01.darkzero.htb","NT AUTHORITY\SYSTEM","11","Sysmon","File Created","C:\Windows\System32\CertSrv\CertEnroll\crl7E44.tmp","","","",""
"16/8/2026, 3:30:14.179509 pm","DC01.darkzero.htb","DC01$","4672","Security","Privileged Logon","","","SeSecurityPrivilege
			SeBackupPrivilege
			SeRestorePrivilege
			SeTakeOwnershipPrivilege
			SeDebugPrivilege
			SeSystemEnvironmentPrivilege
			SeLoadDriverPrivilege
			SeImpersonatePrivilege
			SeDelegateSessionUserImpersonatePrivilege
			SeEnableDelegationPrivilege","",""
"16/8/2026, 3:30:14.179674 pm","DC01.darkzero.htb","DC01$","4624","Security","Logon","","","","","172.16.20.1"
"16/8/2026, 3:30:14.363644 pm","DC01.darkzero.htb","DC01$","4672","Security","Privileged Logon","","","SeSecurityPrivilege
			SeBackupPrivilege
			SeRestorePrivilege
			SeTakeOwnershipPrivilege
			SeDebugPrivilege
			SeSystemEnvironmentPrivilege
			SeLoadDriverPrivilege
			SeImpersonatePrivilege
			SeDelegateSessionUserImpersonatePrivilege
			SeEnableDelegationPrivilege","",""
"16/8/2026, 3:30:14.363908 pm","DC01.darkzero.htb","DC01$","4624","Security","Logon","","","","","127.0.0.1"
"16/8/2026, 3:30:14.441427 pm","DC01.darkzero.htb","NT AUTHORITY\SYSTEM","11","Sysmon","File Created","C:\Windows\System32\CertSrv\CertEnroll\pre7F5E.tmp","","","",""
"16/8/2026, 3:30:14.442314 pm","DC01.darkzero.htb","NT AUTHORITY\SYSTEM","11","Sysmon","File Created","C:\Windows\System32\CertSrv\CertEnroll\pre7F5E.tmp","","","",""
"16/8/2026, 3:30:14.442854 pm","DC01.darkzero.htb","NT AUTHORITY\SYSTEM","11","Sysmon","File Created","C:\Windows\System32\CertSrv\CertEnroll\crl7F5F.tmp","","","",""
"16/8/2026, 3:30:14.485927 pm","DC01.darkzero.htb","NT AUTHORITY\SYSTEM","11","Sysmon","File Created","C:\Windows\System32\CertSrv\CertEnroll\pre7F8F.tmp","","","",""
"16/8/2026, 3:30:14.486446 pm","DC01.darkzero.htb","NT AUTHORITY\SYSTEM","11","Sysmon","File Created","C:\Windows\System32\CertSrv\CertEnroll\pre7F8F.tmp","","","",""
"16/8/2026, 3:30:14.487501 pm","DC01.darkzero.htb","NT AUTHORITY\SYSTEM","11","Sysmon","File Created","C:\Windows\System32\CertSrv\CertEnroll\crl7F90.tmp","","","",""
"16/8/2026, 3:30:14.783658 pm","DC01.darkzero.htb","NT AUTHORITY\SYSTEM","11","Sysmon","File Created","C:\Windows\System32\CertSrv\CertEnroll\pre80BA.tmp","","","",""
"16/8/2026, 3:30:14.784686 pm","DC01.darkzero.htb","NT AUTHORITY\SYSTEM","11","Sysmon","File Created","C:\Windows\System32\CertSrv\CertEnroll\pre80BA.tmp","","","",""
"16/8/2026, 3:30:14.786879 pm","DC01.darkzero.htb","NT AUTHORITY\SYSTEM","11","Sysmon","File Created","C:\Windows\System32\CertSrv\CertEnroll\crl80BB.tmp","","","",""
"16/8/2026, 3:30:14.787397 pm","DC01.darkzero.htb","DC01$","4672","Security","Privileged Logon","","","SeSecurityPrivilege
			SeBackupPrivilege
			SeRestorePrivilege
			SeTakeOwnershipPrivilege
			SeDebugPrivilege
			SeSystemEnvironmentPrivilege
			SeLoadDriverPrivilege
			SeImpersonatePrivilege
			SeDelegateSessionUserImpersonatePrivilege
			SeEnableDelegationPrivilege","",""
"16/8/2026, 3:30:14.787634 pm","DC01.darkzero.htb","DC01$","4624","Security","Logon","","","","","127.0.0.1"
"16/8/2026, 3:30:14.804939 pm","DC01.darkzero.htb","Administrator","4624","Security","Logon","","","","","-"
"16/8/2026, 3:30:14.804953 pm","DC01.darkzero.htb","Administrator","4672","Security","Privileged Logon","","","SeSecurityPrivilege
			SeTakeOwnershipPrivilege
			SeLoadDriverPrivilege
			SeBackupPrivilege
			SeRestorePrivilege
			SeDebugPrivilege
			SeSystemEnvironmentPrivilege
			SeEnableDelegationPrivilege
			SeImpersonatePrivilege
			SeDelegateSessionUserImpersonatePrivilege","",""
"16/8/2026, 3:30:15.032336 pm","DC01.darkzero.htb","Administrator","4624","Security","Logon","","","","","-"
"16/8/2026, 3:30:15.03235 pm","DC01.darkzero.htb","Administrator","4672","Security","Privileged Logon","","","SeSecurityPrivilege
			SeTakeOwnershipPrivilege
			SeLoadDriverPrivilege
			SeBackupPrivilege
			SeRestorePrivilege
			SeDebugPrivilege
			SeSystemEnvironmentPrivilege
			SeEnableDelegationPrivilege
			SeImpersonatePrivilege
			SeDelegateSessionUserImpersonatePrivilege","",""
"16/8/2026, 3:30:15.145982 pm","DC01.darkzero.htb","NT AUTHORITY\SYSTEM","11","Sysmon","File Created","C:\Users\Administrator\AppData\flagrotation.ps1","","","",""
"16/8/2026, 3:30:15.188347 pm","DC01.darkzero.htb","Administrator","4624","Security","Logon","","","","","-"
"16/8/2026, 3:30:15.188361 pm","DC01.darkzero.htb","Administrator","4672","Security","Privileged Logon","","","SeSecurityPrivilege
			SeTakeOwnershipPrivilege
			SeLoadDriverPrivilege
			SeBackupPrivilege
			SeRestorePrivilege
			SeDebugPrivilege
			SeSystemEnvironmentPrivilege
			SeEnableDelegationPrivilege
			SeImpersonatePrivilege
			SeDelegateSessionUserImpersonatePrivilege","",""
"16/8/2026, 3:30:15.335746 pm","DC01.darkzero.htb","DC01$","4672","Security","Privileged Logon","","","SeSecurityPrivilege
			SeBackupPrivilege
			SeRestorePrivilege
			SeTakeOwnershipPrivilege
			SeDebugPrivilege
			SeSystemEnvironmentPrivilege
			SeLoadDriverPrivilege
			SeImpersonatePrivilege
			SeDelegateSessionUserImpersonatePrivilege
			SeEnableDelegationPrivilege","",""
"16/8/2026, 3:30:15.335923 pm","DC01.darkzero.htb","DC01$","4624","Security","Logon","","","","","127.0.0.1"
"16/8/2026, 3:30:15.445518 pm","DC01.darkzero.htb","Administrator","4624","Security","Logon","","","","","-"
"16/8/2026, 3:30:15.445534 pm","DC01.darkzero.htb","Administrator","4672","Security","Privileged Logon","","","SeSecurityPrivilege
			SeTakeOwnershipPrivilege
			SeLoadDriverPrivilege
			SeBackupPrivilege
			SeRestorePrivilege
			SeDebugPrivilege
			SeSystemEnvironmentPrivilege
			SeEnableDelegationPrivilege
			SeImpersonatePrivilege
			SeDelegateSessionUserImpersonatePrivilege","",""
"16/8/2026, 3:30:15.766031 pm","DC01.darkzero.htb","Administrator","4624","Security","Logon","","","","","-"
"16/8/2026, 3:30:15.766053 pm","DC01.darkzero.htb","Administrator","4672","Security","Privileged Logon","","","SeSecurityPrivilege
			SeTakeOwnershipPrivilege
			SeLoadDriverPrivilege
			SeBackupPrivilege
			SeRestorePrivilege
			SeDebugPrivilege
			SeSystemEnvironmentPrivilege
			SeEnableDelegationPrivilege
			SeImpersonatePrivilege
			SeDelegateSessionUserImpersonatePrivilege","",""
"16/8/2026, 3:30:15.774972 pm","DC01.darkzero.htb","DC01$","4672","Security","Privileged Logon","","","SeSecurityPrivilege
			SeBackupPrivilege
			SeRestorePrivilege
			SeTakeOwnershipPrivilege
			SeDebugPrivilege
			SeSystemEnvironmentPrivilege
			SeLoadDriverPrivilege
			SeImpersonatePrivilege
			SeDelegateSessionUserImpersonatePrivilege
			SeEnableDelegationPrivilege","",""
"16/8/2026, 3:30:15.775156 pm","DC01.darkzero.htb","DC01$","4624","Security","Logon","","","","","172.16.20.1"
"16/8/2026, 3:30:15.778107 pm","DC01.darkzero.htb","DC01$","4768","Security","Kerberos TGT","","","","0x12","::1"
"16/8/2026, 3:30:15.779911 pm","DC01.darkzero.htb","DC01$@DARKZERO.HTB","4769","Security","Kerberos Service Ticket","","","","0x12","::1"
"16/8/2026, 3:30:15.780901 pm","DC01.darkzero.htb","DC01$","4672","Security","Privileged Logon","","","SeSecurityPrivilege
			SeBackupPrivilege
			SeRestorePrivilege
			SeTakeOwnershipPrivilege
			SeDebugPrivilege
			SeSystemEnvironmentPrivilege
			SeLoadDriverPrivilege
			SeImpersonatePrivilege
			SeDelegateSessionUserImpersonatePrivilege
			SeEnableDelegationPrivilege","",""
"16/8/2026, 3:30:15.973006 pm","DC01.darkzero.htb","DC01$","4624","Security","Logon","","","","","-"
"16/8/2026, 3:30:16.116705 pm","DC01.darkzero.htb","Administrator","4624","Security","Logon","","","","","-"
"16/8/2026, 3:30:16.116722 pm","DC01.darkzero.htb","Administrator","4672","Security","Privileged Logon","","","SeSecurityPrivilege
			SeTakeOwnershipPrivilege
			SeLoadDriverPrivilege
			SeBackupPrivilege
			SeRestorePrivilege
			SeDebugPrivilege
			SeSystemEnvironmentPrivilege
			SeEnableDelegationPrivilege
			SeImpersonatePrivilege
			SeDelegateSessionUserImpersonatePrivilege","",""
"16/8/2026, 3:30:16.913915 pm","DC01.darkzero.htb","NT AUTHORITY\LOCAL SERVICE","11","Sysmon","File Created","C:\Windows\ServiceState\EventLog\Data\lastalive1.dat","","","",""
"16/8/2026, 3:30:17.442451 pm","DC01.darkzero.htb","Administrator","4624","Security","Logon","","","","","-"
"16/8/2026, 3:30:17.442466 pm","DC01.darkzero.htb","Administrator","4672","Security","Privileged Logon","","","SeSecurityPrivilege
			SeTakeOwnershipPrivilege
			SeLoadDriverPrivilege
			SeBackupPrivilege
			SeRestorePrivilege
			SeDebugPrivilege
			SeSystemEnvironmentPrivilege
			SeEnableDelegationPrivilege
			SeImpersonatePrivilege
			SeDelegateSessionUserImpersonatePrivilege","",""
"16/8/2026, 3:30:18.750724 pm","DC01.darkzero.htb","NT AUTHORITY\SYSTEM","11","Sysmon","File Created","C:\Users\ADMINI~1\AppData\Local\Temp\govmomi-vmware75","","","",""
"16/8/2026, 3:30:19.378165 pm","DC01.darkzero.htb","Administrator","4624","Security","Logon","","","","","-"
"16/8/2026, 3:30:19.378183 pm","DC01.darkzero.htb","Administrator","4672","Security","Privileged Logon","","","SeSecurityPrivilege
			SeTakeOwnershipPrivilege
			SeLoadDriverPrivilege
			SeBackupPrivilege
			SeRestorePrivilege
			SeDebugPrivilege
			SeSystemEnvironmentPrivilege
			SeEnableDelegationPrivilege
			SeImpersonatePrivilege
			SeDelegateSessionUserImpersonatePrivilege","",""
"16/8/2026, 3:30:19.387506 pm","DC01.darkzero.htb","NT AUTHORITY\SYSTEM","1","Sysmon","Process Creation","","","""C:\WINDOWS\system32\cmd.exe"" /d /c C:\WINDOWS\system32\silcollector.cmd configure","",""
"16/8/2026, 3:30:19.393602 pm","DC01.darkzero.htb","NT AUTHORITY\SYSTEM","1","Sysmon","Process Creation","","","""powershell.exe"" -ExecutionPolicy Bypass -File C:\Users\Administrator\Documents\rotate.ps1","",""
"16/8/2026, 3:30:19.602878 pm","DC01.darkzero.htb","DC01$@DARKZERO.HTB","4769","Security","Kerberos Service Ticket","","","","0x12","::1"
"16/8/2026, 3:30:19.60473 pm","DC01.darkzero.htb","DC01$","4672","Security","Privileged Logon","","","SeSecurityPrivilege
			SeBackupPrivilege
			SeRestorePrivilege
			SeTakeOwnershipPrivilege
			SeDebugPrivilege
			SeSystemEnvironmentPrivilege
			SeLoadDriverPrivilege
			SeImpersonatePrivilege
			SeDelegateSessionUserImpersonatePrivilege
			SeEnableDelegationPrivilege","",""
"16/8/2026, 3:30:19.604975 pm","DC01.darkzero.htb","DC01$","4624","Security","Logon","","","","","::1"
"16/8/2026, 3:30:20.220896 pm","DC01.darkzero.htb","DC01$","4672","Security","Privileged Logon","","","SeSecurityPrivilege
			SeBackupPrivilege
			SeRestorePrivilege
			SeTakeOwnershipPrivilege
			SeDebugPrivilege
			SeSystemEnvironmentPrivilege
			SeLoadDriverPrivilege
			SeImpersonatePrivilege
			SeDelegateSessionUserImpersonatePrivilege
			SeEnableDelegationPrivilege","",""
"16/8/2026, 3:30:20.221291 pm","DC01.darkzero.htb","DC01$","4624","Security","Logon","","","","","172.16.20.1"
"16/8/2026, 3:30:20.230559 pm","DC01.darkzero.htb","NT AUTHORITY\SYSTEM","11","Sysmon","File Created","C:\Users\ADMINI~1\AppData\Local\Temp\govmomi-vmware77","","","",""
"16/8/2026, 3:30:20.520821 pm","DC01.darkzero.htb","DC01$@DARKZERO.HTB","4769","Security","Kerberos Service Ticket","","","","0x12","::1"
"16/8/2026, 3:30:20.522641 pm","DC01.darkzero.htb","DC01$","4672","Security","Privileged Logon","","","SeSecurityPrivilege
			SeBackupPrivilege
			SeRestorePrivilege
			SeTakeOwnershipPrivilege
			SeDebugPrivilege
			SeSystemEnvironmentPrivilege
			SeLoadDriverPrivilege
			SeImpersonatePrivilege
			SeDelegateSessionUserImpersonatePrivilege
			SeEnableDelegationPrivilege","",""
"16/8/2026, 3:30:20.522805 pm","DC01.darkzero.htb","DC01$","4624","Security","Logon","","","","","::1"
"16/8/2026, 3:30:20.532682 pm","DC01.darkzero.htb","DC01$","4672","Security","Privileged Logon","","","SeSecurityPrivilege
			SeBackupPrivilege
			SeRestorePrivilege
			SeTakeOwnershipPrivilege
			SeDebugPrivilege
			SeSystemEnvironmentPrivilege
			SeLoadDriverPrivilege
			SeImpersonatePrivilege
			SeDelegateSessionUserImpersonatePrivilege
			SeEnableDelegationPrivilege","",""
"16/8/2026, 3:30:20.53287 pm","DC01.darkzero.htb","DC01$","4624","Security","Logon","","","","","172.16.20.1"
"16/8/2026, 3:30:20.567978 pm","DC01.darkzero.htb","DC01$","4672","Security","Privileged Logon","","","SeSecurityPrivilege
			SeBackupPrivilege
			SeRestorePrivilege
			SeTakeOwnershipPrivilege
			SeDebugPrivilege
			SeSystemEnvironmentPrivilege
			SeLoadDriverPrivilege
			SeImpersonatePrivilege
			SeDelegateSessionUserImpersonatePrivilege
			SeEnableDelegationPrivilege","",""
"16/8/2026, 3:30:20.56815 pm","DC01.darkzero.htb","DC01$","4624","Security","Logon","","","","","::1"
"16/8/2026, 3:30:20.948438 pm","DC01.darkzero.htb","Administrator","4624","Security","Logon","","","","","-"
"16/8/2026, 3:30:20.948456 pm","DC01.darkzero.htb","Administrator","4672","Security","Privileged Logon","","","SeSecurityPrivilege
			SeTakeOwnershipPrivilege
			SeLoadDriverPrivilege
			SeBackupPrivilege
			SeRestorePrivilege
			SeDebugPrivilege
			SeSystemEnvironmentPrivilege
			SeEnableDelegationPrivilege
			SeImpersonatePrivilege
			SeDelegateSessionUserImpersonatePrivilege","",""
"16/8/2026, 3:30:21.024513 pm","DC01.darkzero.htb","NT AUTHORITY\SYSTEM","1","Sysmon","Process Creation","","","C:\WINDOWS\system32\cmd.exe /c C:\WINDOWS\system32\reg.exe query hklm\software\microsoft\windows\softwareinventorylogging /v collectionstate /reg:64","",""
"16/8/2026, 3:30:22.170515 pm","DC01.darkzero.htb","darkzero\Administrator","1","Sysmon","Process Creation","","","""c:\Windows\System32\cmd.exe"" /c c:\windows\system32\cmd.exe /c powershell -ExecutionPolicy Bypass -File c:\users\Administrator\appdata\flagrotation.ps1 1> C:\Users\ADMINI~1\AppData\Local\Temp\govmomi-vmware75 2> C:\Users\ADMINI~1\AppData\Local\Temp\govmomi-vmware77","",""
"16/8/2026, 3:30:22.446959 pm","DC01.darkzero.htb","NT AUTHORITY\SYSTEM","11","Sysmon","File Created","C:\ProgramData\ntuser_202608161530220437.pol","","","",""
"16/8/2026, 3:30:22.462283 pm","DC01.darkzero.htb","Administrator","4624","Security","Logon","","","","","-"
"16/8/2026, 3:30:22.462304 pm","DC01.darkzero.htb","Administrator","4672","Security","Privileged Logon","","","SeSecurityPrivilege
			SeTakeOwnershipPrivilege
			SeLoadDriverPrivilege
			SeBackupPrivilege
			SeRestorePrivilege
			SeDebugPrivilege
			SeSystemEnvironmentPrivilege
			SeEnableDelegationPrivilege
			SeImpersonatePrivilege
			SeDelegateSessionUserImpersonatePrivilege","",""
"16/8/2026, 3:30:22.770412 pm","DC01.darkzero.htb","NT AUTHORITY\SYSTEM","1","Sysmon","Process Creation","","","C:\WINDOWS\system32\reg.exe  query hklm\software\microsoft\windows\softwareinventorylogging /v collectionstate /reg:64","",""
"16/8/2026, 3:30:22.805839 pm","DC01.darkzero.htb","darkzero\Administrator","11","Sysmon","File Created","C:\Users\ADMINI~1\AppData\Local\Temp\govmomi-vmware75","","","",""
"16/8/2026, 3:30:22.806408 pm","DC01.darkzero.htb","darkzero\Administrator","11","Sysmon","File Created","C:\Users\ADMINI~1\AppData\Local\Temp\govmomi-vmware77","","","",""
"16/8/2026, 3:30:22.816649 pm","DC01.darkzero.htb","darkzero\Administrator","1","Sysmon","Process Creation","","","c:\windows\system32\cmd.exe  /c powershell -ExecutionPolicy Bypass -File c:\users\Administrator\appdata\flagrotation.ps1 ","",""
"16/8/2026, 3:30:22.852017 pm","DC01.darkzero.htb","darkzero\Administrator","1","Sysmon","Process Creation","","","powershell  -ExecutionPolicy Bypass -File c:\users\Administrator\appdata\flagrotation.ps1 ","",""
"16/8/2026, 3:30:22.928303 pm","DC01.darkzero.htb","SYSTEM","4624","Security","Logon","","","","","-"
"16/8/2026, 3:30:22.928303 pm","DC01.darkzero.htb","SYSTEM","4624","Security","Logon","","","","","-"
"16/8/2026, 3:30:22.928322 pm","DC01.darkzero.htb","SYSTEM","4672","Security","Privileged Logon","","","SeAssignPrimaryTokenPrivilege
			SeTcbPrivilege
			SeSecurityPrivilege
			SeTakeOwnershipPrivilege
			SeLoadDriverPrivilege
			SeBackupPrivilege
			SeRestorePrivilege
			SeDebugPrivilege
			SeAuditPrivilege
			SeSystemEnvironmentPrivilege
			SeImpersonatePrivilege
			SeDelegateSessionUserImpersonatePrivilege","",""
"16/8/2026, 3:30:22.928323 pm","DC01.darkzero.htb","SYSTEM","4672","Security","Privileged Logon","","","SeAssignPrimaryTokenPrivilege
			SeTcbPrivilege
			SeSecurityPrivilege
			SeTakeOwnershipPrivilege
			SeLoadDriverPrivilege
			SeBackupPrivilege
			SeRestorePrivilege
			SeDebugPrivilege
			SeAuditPrivilege
			SeSystemEnvironmentPrivilege
			SeImpersonatePrivilege
			SeDelegateSessionUserImpersonatePrivilege","",""
"16/8/2026, 3:30:22.935693 pm","DC01.darkzero.htb","NT AUTHORITY\SYSTEM","1","Sysmon","Process Creation","","","C:\WINDOWS\system32\svchost.exe -k netsvcs -p -s wuauserv","",""
"16/8/2026, 3:30:22.936751 pm","DC01.darkzero.htb","NT AUTHORITY\NETWORK SERVICE","1","Sysmon","Process Creation","","","C:\WINDOWS\System32\svchost.exe -k NetworkService -p","",""
"16/8/2026, 3:30:23.927118 pm","DC01.darkzero.htb","Administrator","4624","Security","Logon","","","","","-"
"16/8/2026, 3:30:23.927139 pm","DC01.darkzero.htb","Administrator","4672","Security","Privileged Logon","","","SeSecurityPrivilege
			SeTakeOwnershipPrivilege
			SeLoadDriverPrivilege
			SeBackupPrivilege
			SeRestorePrivilege
			SeDebugPrivilege
			SeSystemEnvironmentPrivilege
			SeEnableDelegationPrivilege
			SeImpersonatePrivilege
			SeDelegateSessionUserImpersonatePrivilege","",""
"16/8/2026, 3:30:24.073286 pm","DC01.darkzero.htb","darkzero\Administrator","11","Sysmon","File Created","C:\Users\Administrator\AppData\Local\Temp\__PSScriptPolicyTest_rof0s5kn.5lb.ps1","","","",""
"16/8/2026, 3:30:24.087598 pm","DC01.darkzero.htb","darkzero\Administrator","11","Sysmon","File Created","C:\Users\Administrator\AppData\Local\Temp\__PSScriptPolicyTest_txpyvb2g.mpw.psm1","","","",""
"16/8/2026, 3:30:25.196107 pm","DC01.darkzero.htb","NT AUTHORITY\NETWORK SERVICE","11","Sysmon","File Created","C:\Windows\ServiceProfiles\NetworkService\AppData\Local\Microsoft\Windows\DeliveryOptimization\Logs\dosvc.20260816_153025_089.etl","","","",""
"16/8/2026, 3:30:25.197435 pm","DC01.darkzero.htb","Administrator","4624","Security","Logon","","","","","-"
"16/8/2026, 3:30:25.197454 pm","DC01.darkzero.htb","Administrator","4672","Security","Privileged Logon","","","SeSecurityPrivilege
			SeTakeOwnershipPrivilege
			SeLoadDriverPrivilege
			SeBackupPrivilege
			SeRestorePrivilege
			SeDebugPrivilege
			SeSystemEnvironmentPrivilege
			SeEnableDelegationPrivilege
			SeImpersonatePrivilege
			SeDelegateSessionUserImpersonatePrivilege","",""
"16/8/2026, 3:30:25.22935 pm","DC01.darkzero.htb","NT AUTHORITY\NETWORK SERVICE","11","Sysmon","File Created","C:\Windows\ServiceProfiles\NetworkService\AppData\Local\Microsoft\Windows\DeliveryOptimization\doA979.tmp","","","",""
"16/8/2026, 3:30:25.229464 pm","DC01.darkzero.htb","NT AUTHORITY\NETWORK SERVICE","11","Sysmon","File Created","C:\Windows\ServiceProfiles\NetworkService\AppData\Local\Microsoft\Windows\DeliveryOptimization\Cache\doA97A.tmp","","","",""
"16/8/2026, 3:30:25.2307 pm","DC01.darkzero.htb","NT AUTHORITY\NETWORK SERVICE","11","Sysmon","File Created","C:\Windows\ServiceProfiles\NetworkService\AppData\Local\Microsoft\Windows\DeliveryOptimization\Logs\doA97B.tmp","","","",""
"16/8/2026, 3:30:25.242274 pm","DC01.darkzero.htb","NT AUTHORITY\NETWORK SERVICE","11","Sysmon","File Created","C:\Windows\ServiceProfiles\NetworkService\AppData\Local\Microsoft\Windows\DeliveryOptimization\State\doA97C.tmp","","","",""
"16/8/2026, 3:30:25.243828 pm","DC01.darkzero.htb","NT AUTHORITY\NETWORK SERVICE","11","Sysmon","File Created","C:\Windows\ServiceProfiles\NetworkService\AppData\Local\Microsoft\Windows\DeliveryOptimization\Cache\doA98D.tmp","","","",""
"16/8/2026, 3:30:26.276344 pm","DC01.darkzero.htb","Administrator","4624","Security","Logon","","","","","-"
"16/8/2026, 3:30:26.27636 pm","DC01.darkzero.htb","Administrator","4672","Security","Privileged Logon","","","SeSecurityPrivilege
			SeTakeOwnershipPrivilege
			SeLoadDriverPrivilege
			SeBackupPrivilege
			SeRestorePrivilege
			SeDebugPrivilege
			SeSystemEnvironmentPrivilege
			SeEnableDelegationPrivilege
			SeImpersonatePrivilege
			SeDelegateSessionUserImpersonatePrivilege","",""
"16/8/2026, 3:30:26.409005 pm","DC01.darkzero.htb","NT AUTHORITY\SYSTEM","11","Sysmon","File Created","C:\Windows\Logs\WindowsUpdate\WindowsUpdate.20260816.083026.396.1.etl","","","",""
"16/8/2026, 3:30:27.546289 pm","DC01.darkzero.htb","ella","4768","Security","Kerberos TGT","","","","0x12","::1"
"16/8/2026, 3:30:27.547986 pm","DC01.darkzero.htb","ella@DARKZERO.HTB","4769","Security","Kerberos Service Ticket","","","","0x12","::1"
"16/8/2026, 3:30:27.554485 pm","DC01.darkzero.htb","ella","4624","Security","Logon","","","","","-"
"16/8/2026, 3:30:27.555007 pm","DC01.darkzero.htb","Administrator","4624","Security","Logon","","","","","-"
"16/8/2026, 3:30:27.555029 pm","DC01.darkzero.htb","Administrator","4672","Security","Privileged Logon","","","SeSecurityPrivilege
			SeTakeOwnershipPrivilege
			SeLoadDriverPrivilege
			SeBackupPrivilege
			SeRestorePrivilege
			SeDebugPrivilege
			SeSystemEnvironmentPrivilege
			SeEnableDelegationPrivilege
			SeImpersonatePrivilege
			SeDelegateSessionUserImpersonatePrivilege","",""
"16/8/2026, 3:30:27.665066 pm","DC01.darkzero.htb","NT AUTHORITY\SYSTEM","1","Sysmon","Process Creation","","","taskhostw.exe SYSTEM","",""
"16/8/2026, 3:30:27.722273 pm","DC01.darkzero.htb","NT AUTHORITY\SYSTEM","11","Sysmon","File Created","C:\Windows\WindowsUpdate.log","","","",""
"16/8/2026, 3:30:28.896936 pm","DC01.darkzero.htb","Administrator","4624","Security","Logon","","","","","-"
"16/8/2026, 3:30:28.896952 pm","DC01.darkzero.htb","Administrator","4672","Security","Privileged Logon","","","SeSecurityPrivilege
			SeTakeOwnershipPrivilege
			SeLoadDriverPrivilege
			SeBackupPrivilege
			SeRestorePrivilege
			SeDebugPrivilege
			SeSystemEnvironmentPrivilege
			SeEnableDelegationPrivilege
			SeImpersonatePrivilege
			SeDelegateSessionUserImpersonatePrivilege","",""
"16/8/2026, 3:30:28.919154 pm","DC01.darkzero.htb","NT AUTHORITY\NETWORK SERVICE","11","Sysmon","File Created","C:\Windows\ServiceProfiles\NetworkService\AppData\Local\Microsoft\Windows\DeliveryOptimization\State\migration.dat","","","",""
"16/8/2026, 3:30:28.922725 pm","DC01.darkzero.htb","NT AUTHORITY\NETWORK SERVICE","11","Sysmon","File Created","C:\Windows\ServiceProfiles\NetworkService\AppData\Local\Microsoft\Windows\DeliveryOptimization\State\migration.dat.LOG1","","","",""
"16/8/2026, 3:30:28.93867 pm","DC01.darkzero.htb","NT AUTHORITY\NETWORK SERVICE","11","Sysmon","File Created","C:\Windows\ServiceProfiles\NetworkService\AppData\Local\Microsoft\Windows\DeliveryOptimization\State\migration.dat.LOG2","","","",""
"16/8/2026, 3:30:30.08672 pm","DC01.darkzero.htb","Administrator","4624","Security","Logon","","","","","-"
"16/8/2026, 3:30:30.086737 pm","DC01.darkzero.htb","Administrator","4672","Security","Privileged Logon","","","SeSecurityPrivilege
			SeTakeOwnershipPrivilege
			SeLoadDriverPrivilege
			SeBackupPrivilege
			SeRestorePrivilege
			SeDebugPrivilege
			SeSystemEnvironmentPrivilege
			SeEnableDelegationPrivilege
			SeImpersonatePrivilege
			SeDelegateSessionUserImpersonatePrivilege","",""
"16/8/2026, 3:30:30.222939 pm","DC01.darkzero.htb","NT AUTHORITY\SYSTEM","11","Sysmon","File Created","C:\Windows\SystemTemp\__PSScriptPolicyTest_k4ic2xfn.mty.ps1","","","",""
"16/8/2026, 3:30:30.252382 pm","DC01.darkzero.htb","NT AUTHORITY\SYSTEM","11","Sysmon","File Created","C:\Windows\SystemTemp\__PSScriptPolicyTest_3kvul4m5.tey.psm1","","","",""
"16/8/2026, 3:30:31.318566 pm","DC01.darkzero.htb","Administrator","4624","Security","Logon","","","","","-"
"16/8/2026, 3:30:31.318586 pm","DC01.darkzero.htb","Administrator","4672","Security","Privileged Logon","","","SeSecurityPrivilege
			SeTakeOwnershipPrivilege
			SeLoadDriverPrivilege
			SeBackupPrivilege
			SeRestorePrivilege
			SeDebugPrivilege
			SeSystemEnvironmentPrivilege
			SeEnableDelegationPrivilege
			SeImpersonatePrivilege
			SeDelegateSessionUserImpersonatePrivilege","",""
"16/8/2026, 3:30:31.342806 pm","DC01.darkzero.htb","darkzero\Administrator","11","Sysmon","File Created","C:\Users\Administrator\AppData\Local\Microsoft\Windows\PowerShell\StartupProfileData-NonInteractive","","","",""
"16/8/2026, 3:30:32.543048 pm","DC01.darkzero.htb","NT AUTHORITY\SYSTEM","11","Sysmon","File Created","C:\ProgramData\Microsoft\Diagnosis\AggregatorStorage\Triggers\5353462548742598576_trigger.dat","","","",""
"16/8/2026, 3:30:32.553316 pm","DC01.darkzero.htb","NT AUTHORITY\SYSTEM","11","Sysmon","File Created","C:\ProgramData\Microsoft\Diagnosis\AggregatorStorage\Triggers\5353462548742598576_data.dat","","","",""
"16/8/2026, 3:30:32.589779 pm","DC01.darkzero.htb","NT AUTHORITY\SYSTEM","11","Sysmon","File Created","C:\Windows\Temp\silconfig.log","","","",""
"16/8/2026, 3:30:32.654076 pm","DC01.darkzero.htb","Administrator","4624","Security","Logon","","","","","-"
"16/8/2026, 3:30:32.654091 pm","DC01.darkzero.htb","Administrator","4672","Security","Privileged Logon","","","SeSecurityPrivilege
			SeTakeOwnershipPrivilege
			SeLoadDriverPrivilege
			SeBackupPrivilege
			SeRestorePrivilege
			SeDebugPrivilege
			SeSystemEnvironmentPrivilege
			SeEnableDelegationPrivilege
			SeImpersonatePrivilege
			SeDelegateSessionUserImpersonatePrivilege","",""
"16/8/2026, 3:30:33.831146 pm","DC01.darkzero.htb","NT AUTHORITY\SYSTEM","11","Sysmon","File Created","C:\ProgramData\Microsoft\Diagnosis\AggregatorStorage\UpdatePolicy$","","","",""
"16/8/2026, 3:30:33.836359 pm","DC01.darkzero.htb","NT AUTHORITY\SYSTEM","11","Sysmon","File Created","C:\ProgramData\Microsoft\Diagnosis\AggregatorStorage\UpdateHeartbeatScan$","","","",""
"16/8/2026, 3:30:35.153013 pm","DC01.darkzero.htb","Administrator","4624","Security","Logon","","","","","-"
"16/8/2026, 3:30:35.153028 pm","DC01.darkzero.htb","Administrator","4672","Security","Privileged Logon","","","SeSecurityPrivilege
			SeTakeOwnershipPrivilege
			SeLoadDriverPrivilege
			SeBackupPrivilege
			SeRestorePrivilege
			SeDebugPrivilege
			SeSystemEnvironmentPrivilege
			SeEnableDelegationPrivilege
			SeImpersonatePrivilege
			SeDelegateSessionUserImpersonatePrivilege","",""
"16/8/2026, 3:30:36.9789 pm","DC01.darkzero.htb","darkzero\ella","11","Sysmon","File Created","C:\Users\ella.darkzero\AppData\Local\Microsoft\Windows\PowerShell\StartupProfileData-NonInteractive","","","",""
"16/8/2026, 3:30:37.356664 pm","DC01.darkzero.htb","DC01$","4672","Security","Privileged Logon","","","SeSecurityPrivilege
			SeBackupPrivilege
			SeRestorePrivilege
			SeTakeOwnershipPrivilege
			SeDebugPrivilege
			SeSystemEnvironmentPrivilege
			SeLoadDriverPrivilege
			SeImpersonatePrivilege
			SeDelegateSessionUserImpersonatePrivilege
			SeEnableDelegationPrivilege","",""
"16/8/2026, 3:30:37.356903 pm","DC01.darkzero.htb","DC01$","4624","Security","Logon","","","","","127.0.0.1"
"16/8/2026, 3:30:37.478796 pm","DC01.darkzero.htb","DC01$","4672","Security","Privileged Logon","","","SeSecurityPrivilege
			SeBackupPrivilege
			SeRestorePrivilege
			SeTakeOwnershipPrivilege
			SeDebugPrivilege
			SeSystemEnvironmentPrivilege
			SeLoadDriverPrivilege
			SeImpersonatePrivilege
			SeDelegateSessionUserImpersonatePrivilege
			SeEnableDelegationPrivilege","",""
"16/8/2026, 3:30:37.478963 pm","DC01.darkzero.htb","DC01$","4624","Security","Logon","","","","","172.16.20.1"
"16/8/2026, 3:30:37.834022 pm","DC01.darkzero.htb","Administrator","4624","Security","Logon","","","","","-"
"16/8/2026, 3:30:37.834041 pm","DC01.darkzero.htb","Administrator","4672","Security","Privileged Logon","","","SeSecurityPrivilege
			SeTakeOwnershipPrivilege
			SeLoadDriverPrivilege
			SeBackupPrivilege
			SeRestorePrivilege
			SeDebugPrivilege
			SeSystemEnvironmentPrivilege
			SeEnableDelegationPrivilege
			SeImpersonatePrivilege
			SeDelegateSessionUserImpersonatePrivilege","",""
"16/8/2026, 3:30:37.837632 pm","DC01.darkzero.htb","DC01$","4768","Security","Kerberos TGT","","","","0x12","::1"
"16/8/2026, 3:30:37.840182 pm","DC01.darkzero.htb","DC01$@DARKZERO.HTB","4769","Security","Kerberos Service Ticket","","","","0x12","::1"
"16/8/2026, 3:30:38.02898 pm","DC01.darkzero.htb","DC01$","4672","Security","Privileged Logon","","","SeSecurityPrivilege
			SeBackupPrivilege
			SeRestorePrivilege
			SeTakeOwnershipPrivilege
			SeDebugPrivilege
			SeSystemEnvironmentPrivilege
			SeLoadDriverPrivilege
			SeImpersonatePrivilege
			SeDelegateSessionUserImpersonatePrivilege
			SeEnableDelegationPrivilege","",""
"16/8/2026, 3:30:38.029316 pm","DC01.darkzero.htb","DC01$","4624","Security","Logon","","","","","-"
"16/8/2026, 3:30:38.053159 pm","DC01.darkzero.htb","Administrator","4624","Security","Logon","","","","","-"
"16/8/2026, 3:30:38.053175 pm","DC01.darkzero.htb","Administrator","4672","Security","Privileged Logon","","","SeSecurityPrivilege
			SeTakeOwnershipPrivilege
			SeLoadDriverPrivilege
			SeBackupPrivilege
			SeRestorePrivilege
			SeDebugPrivilege
			SeSystemEnvironmentPrivilege
			SeEnableDelegationPrivilege
			SeImpersonatePrivilege
			SeDelegateSessionUserImpersonatePrivilege","",""
"16/8/2026, 3:30:38.326544 pm","DC01.darkzero.htb","Administrator","4624","Security","Logon","","","","","-"
"16/8/2026, 3:30:38.326559 pm","DC01.darkzero.htb","Administrator","4672","Security","Privileged Logon","","","SeSecurityPrivilege
			SeTakeOwnershipPrivilege
			SeLoadDriverPrivilege
			SeBackupPrivilege
			SeRestorePrivilege
			SeDebugPrivilege
			SeSystemEnvironmentPrivilege
			SeEnableDelegationPrivilege
			SeImpersonatePrivilege
			SeDelegateSessionUserImpersonatePrivilege","",""
"16/8/2026, 3:30:38.524483 pm","DC01.darkzero.htb","Administrator","4624","Security","Logon","","","","","-"
"16/8/2026, 3:30:38.524499 pm","DC01.darkzero.htb","Administrator","4672","Security","Privileged Logon","","","SeSecurityPrivilege
			SeTakeOwnershipPrivilege
			SeLoadDriverPrivilege
			SeBackupPrivilege
			SeRestorePrivilege
			SeDebugPrivilege
			SeSystemEnvironmentPrivilege
			SeEnableDelegationPrivilege
			SeImpersonatePrivilege
			SeDelegateSessionUserImpersonatePrivilege","",""
"16/8/2026, 3:30:38.802312 pm","DC01.darkzero.htb","Administrator","4624","Security","Logon","","","","","-"
"16/8/2026, 3:30:38.802326 pm","DC01.darkzero.htb","Administrator","4672","Security","Privileged Logon","","","SeSecurityPrivilege
			SeTakeOwnershipPrivilege
			SeLoadDriverPrivilege
			SeBackupPrivilege
			SeRestorePrivilege
			SeDebugPrivilege
			SeSystemEnvironmentPrivilege
			SeEnableDelegationPrivilege
			SeImpersonatePrivilege
			SeDelegateSessionUserImpersonatePrivilege","",""
"16/8/2026, 3:30:39.013031 pm","DC01.darkzero.htb","Administrator","4624","Security","Logon","","","","","-"
"16/8/2026, 3:30:39.013049 pm","DC01.darkzero.htb","Administrator","4672","Security","Privileged Logon","","","SeSecurityPrivilege
			SeTakeOwnershipPrivilege
			SeLoadDriverPrivilege
			SeBackupPrivilege
			SeRestorePrivilege
			SeDebugPrivilege
			SeSystemEnvironmentPrivilege
			SeEnableDelegationPrivilege
			SeImpersonatePrivilege
			SeDelegateSessionUserImpersonatePrivilege","",""
"16/8/2026, 3:30:39.765486 pm","DC01.darkzero.htb","Administrator","4624","Security","Logon","","","","","-"
"16/8/2026, 3:30:39.765502 pm","DC01.darkzero.htb","Administrator","4672","Security","Privileged Logon","","","SeSecurityPrivilege
			SeTakeOwnershipPrivilege
			SeLoadDriverPrivilege
			SeBackupPrivilege
			SeRestorePrivilege
			SeDebugPrivilege
			SeSystemEnvironmentPrivilege
			SeEnableDelegationPrivilege
			SeImpersonatePrivilege
			SeDelegateSessionUserImpersonatePrivilege","",""
"16/8/2026, 3:30:40.74385 pm","DC01.darkzero.htb","Administrator","4624","Security","Logon","","","","","-"
"16/8/2026, 3:30:40.743869 pm","DC01.darkzero.htb","Administrator","4672","Security","Privileged Logon","","","SeSecurityPrivilege
			SeTakeOwnershipPrivilege
			SeLoadDriverPrivilege
			SeBackupPrivilege
			SeRestorePrivilege
			SeDebugPrivilege
			SeSystemEnvironmentPrivilege
			SeEnableDelegationPrivilege
			SeImpersonatePrivilege
			SeDelegateSessionUserImpersonatePrivilege","",""
"16/8/2026, 3:30:40.888934 pm","DC01.darkzero.htb","Administrator","4624","Security","Logon","","","","","-"
"16/8/2026, 3:30:40.888953 pm","DC01.darkzero.htb","Administrator","4672","Security","Privileged Logon","","","SeSecurityPrivilege
			SeTakeOwnershipPrivilege
			SeLoadDriverPrivilege
			SeBackupPrivilege
			SeRestorePrivilege
			SeDebugPrivilege
			SeSystemEnvironmentPrivilege
			SeEnableDelegationPrivilege
			SeImpersonatePrivilege
			SeDelegateSessionUserImpersonatePrivilege","",""
"16/8/2026, 3:30:41.184703 pm","DC01.darkzero.htb","Administrator","4624","Security","Logon","","","","","-"
"16/8/2026, 3:30:41.184719 pm","DC01.darkzero.htb","Administrator","4672","Security","Privileged Logon","","","SeSecurityPrivilege
			SeTakeOwnershipPrivilege
			SeLoadDriverPrivilege
			SeBackupPrivilege
			SeRestorePrivilege
			SeDebugPrivilege
			SeSystemEnvironmentPrivilege
			SeEnableDelegationPrivilege
			SeImpersonatePrivilege
			SeDelegateSessionUserImpersonatePrivilege","",""
"16/8/2026, 3:30:41.3133 pm","DC01.darkzero.htb","Administrator","4624","Security","Logon","","","","","-"
"16/8/2026, 3:30:41.313315 pm","DC01.darkzero.htb","Administrator","4672","Security","Privileged Logon","","","SeSecurityPrivilege
			SeTakeOwnershipPrivilege
			SeLoadDriverPrivilege
			SeBackupPrivilege
			SeRestorePrivilege
			SeDebugPrivilege
			SeSystemEnvironmentPrivilege
			SeEnableDelegationPrivilege
			SeImpersonatePrivilege
			SeDelegateSessionUserImpersonatePrivilege","",""
"16/8/2026, 3:30:41.458911 pm","DC01.darkzero.htb","Administrator","4624","Security","Logon","","","","","-"
"16/8/2026, 3:30:41.458928 pm","DC01.darkzero.htb","Administrator","4672","Security","Privileged Logon","","","SeSecurityPrivilege
			SeTakeOwnershipPrivilege
			SeLoadDriverPrivilege
			SeBackupPrivilege
			SeRestorePrivilege
			SeDebugPrivilege
			SeSystemEnvironmentPrivilege
			SeEnableDelegationPrivilege
			SeImpersonatePrivilege
			SeDelegateSessionUserImpersonatePrivilege","",""
"16/8/2026, 3:30:41.709695 pm","DC01.darkzero.htb","Administrator","4624","Security","Logon","","","","","-"
"16/8/2026, 3:30:41.709756 pm","DC01.darkzero.htb","Administrator","4672","Security","Privileged Logon","","","SeSecurityPrivilege
			SeTakeOwnershipPrivilege
			SeLoadDriverPrivilege
			SeBackupPrivilege
			SeRestorePrivilege
			SeDebugPrivilege
			SeSystemEnvironmentPrivilege
			SeEnableDelegationPrivilege
			SeImpersonatePrivilege
			SeDelegateSessionUserImpersonatePrivilege","",""
"16/8/2026, 3:30:42.06119 pm","DC01.darkzero.htb","Administrator","4624","Security","Logon","","","","","-"
"16/8/2026, 3:30:42.061211 pm","DC01.darkzero.htb","Administrator","4672","Security","Privileged Logon","","","SeSecurityPrivilege
			SeTakeOwnershipPrivilege
			SeLoadDriverPrivilege
			SeBackupPrivilege
			SeRestorePrivilege
			SeDebugPrivilege
			SeSystemEnvironmentPrivilege
			SeEnableDelegationPrivilege
			SeImpersonatePrivilege
			SeDelegateSessionUserImpersonatePrivilege","",""
"16/8/2026, 3:30:43.184906 pm","DC01.darkzero.htb","Administrator","4624","Security","Logon","","","","","-"
"16/8/2026, 3:30:43.184926 pm","DC01.darkzero.htb","Administrator","4672","Security","Privileged Logon","","","SeSecurityPrivilege
			SeTakeOwnershipPrivilege
			SeLoadDriverPrivilege
			SeBackupPrivilege
			SeRestorePrivilege
			SeDebugPrivilege
			SeSystemEnvironmentPrivilege
			SeEnableDelegationPrivilege
			SeImpersonatePrivilege
			SeDelegateSessionUserImpersonatePrivilege","",""
"16/8/2026, 3:30:51.401981 pm","DC01.darkzero.htb","DC01$","4768","Security","Kerberos TGT","","","","0x12","::1"
"16/8/2026, 3:30:51.403778 pm","DC01.darkzero.htb","DC01$@DARKZERO.HTB","4769","Security","Kerberos Service Ticket","","","","0x12","::1"
"16/8/2026, 3:30:51.405028 pm","DC01.darkzero.htb","DC01$","4672","Security","Privileged Logon","","","SeSecurityPrivilege
			SeBackupPrivilege
			SeRestorePrivilege
			SeTakeOwnershipPrivilege
			SeDebugPrivilege
			SeSystemEnvironmentPrivilege
			SeLoadDriverPrivilege
			SeImpersonatePrivilege
			SeDelegateSessionUserImpersonatePrivilege
			SeEnableDelegationPrivilege","",""
"16/8/2026, 3:30:51.40516 pm","DC01.darkzero.htb","DC01$","4624","Security","Logon","","","","","-"
"16/8/2026, 3:30:57.466945 pm","DC01.darkzero.htb","DC01$","4672","Security","Privileged Logon","","","SeSecurityPrivilege
			SeBackupPrivilege
			SeRestorePrivilege
			SeTakeOwnershipPrivilege
			SeDebugPrivilege
			SeSystemEnvironmentPrivilege
			SeLoadDriverPrivilege
			SeImpersonatePrivilege
			SeDelegateSessionUserImpersonatePrivilege
			SeEnableDelegationPrivilege","",""
"16/8/2026, 3:30:57.467124 pm","DC01.darkzero.htb","DC01$","4624","Security","Logon","","","","","127.0.0.1"
"16/8/2026, 3:31:00.769202 pm","DC01.darkzero.htb","DC01$","4672","Security","Privileged Logon","","","SeSecurityPrivilege
			SeBackupPrivilege
			SeRestorePrivilege
			SeTakeOwnershipPrivilege
			SeDebugPrivilege
			SeSystemEnvironmentPrivilege
			SeLoadDriverPrivilege
			SeImpersonatePrivilege
			SeDelegateSessionUserImpersonatePrivilege
			SeEnableDelegationPrivilege","",""
"16/8/2026, 3:31:00.769453 pm","DC01.darkzero.htb","DC01$","4624","Security","Logon","","","","","172.16.20.1"
"16/8/2026, 3:31:01.172353 pm","DC01.darkzero.htb","NT AUTHORITY\SYSTEM","11","Sysmon","File Created","C:\Windows\System32\config\systemprofile\AppData\Local\Microsoft\Windows\PowerShell\ModuleAnalysisCache","","","",""
"16/8/2026, 3:31:19.428369 pm","DC01.darkzero.htb","NT AUTHORITY\SYSTEM","1","Sysmon","Process Creation","","","taskhostw.exe ""powershell.exe"" -ExecutionPolicy Bypass -File C:\Users\Administrator\Documents\rotate.ps1","",""
"16/8/2026, 3:31:19.435641 pm","DC01.darkzero.htb","NT AUTHORITY\SYSTEM","1","Sysmon","Process Creation","","","""powershell.exe"" -ExecutionPolicy Bypass -File C:\Users\Administrator\Documents\rotate.ps1","",""
"16/8/2026, 3:31:19.827648 pm","DC01.darkzero.htb","NT AUTHORITY\SYSTEM","11","Sysmon","File Created","C:\Windows\System32\config\systemprofile\AppData\Local\Microsoft\Windows\PowerShell\StartupProfileData-NonInteractive","","","",""
"16/8/2026, 3:31:21.252493 pm","DC01.darkzero.htb","NT AUTHORITY\SYSTEM","11","Sysmon","File Created","C:\Windows\SystemTemp\__PSScriptPolicyTest_mulfl30f.gsg.ps1","","","",""
"16/8/2026, 3:31:21.441881 pm","DC01.darkzero.htb","NT AUTHORITY\SYSTEM","11","Sysmon","File Created","C:\Windows\SystemTemp\__PSScriptPolicyTest_ktghgxvc.eco.psm1","","","",""
"16/8/2026, 3:31:27.765609 pm","DC01.darkzero.htb","ella","4768","Security","Kerberos TGT","","","","0x12","::1"
"16/8/2026, 3:31:27.76722 pm","DC01.darkzero.htb","ella@DARKZERO.HTB","4769","Security","Kerberos Service Ticket","","","","0x12","::1"
"16/8/2026, 3:31:27.776784 pm","DC01.darkzero.htb","ella","4624","Security","Logon","","","","","-"
"16/8/2026, 3:31:27.973085 pm","DC01.darkzero.htb","darkzero\ella","1","Sysmon","Process Creation","","","""powershell.exe"" -NoProfile -NoLogo -NonInteractive -ExecutionPolicy Bypass -File ""C:\Users\ella\access_gitea.ps1""","",""
"16/8/2026, 3:31:29.819855 pm","DC01.darkzero.htb","darkzero\ella","11","Sysmon","File Created","C:\Users\ella.darkzero\AppData\Local\Temp\__PSScriptPolicyTest_tfuftdf0.xei.ps1","","","",""
"16/8/2026, 3:31:29.824591 pm","DC01.darkzero.htb","darkzero\ella","11","Sysmon","File Created","C:\Users\ella.darkzero\AppData\Local\Temp\__PSScriptPolicyTest_c0f2uq2b.gi3.psm1","","","",""
"16/8/2026, 3:31:32.207184 pm","DC01.darkzero.htb","NT AUTHORITY\SYSTEM","11","Sysmon","File Created","C:\ProgramData\Microsoft\Diagnosis\AggregatorStorage\AdoptionHeartbeat$","","","",""
"16/8/2026, 3:31:33.290643 pm","DC01.darkzero.htb","NT AUTHORITY\LOCAL SERVICE","1","Sysmon","Process Creation","","","C:\WINDOWS\System32\svchost.exe -k LocalServiceNoNetwork -p -s DPS","",""
"16/8/2026, 3:31:35.84621 pm","DC01.darkzero.htb","SYSTEM","4624","Security","Logon","","","","","-"
"16/8/2026, 3:31:35.846227 pm","DC01.darkzero.htb","SYSTEM","4672","Security","Privileged Logon","","","SeAssignPrimaryTokenPrivilege
			SeTcbPrivilege
			SeSecurityPrivilege
			SeTakeOwnershipPrivilege
			SeLoadDriverPrivilege
			SeBackupPrivilege
			SeRestorePrivilege
			SeDebugPrivilege
			SeAuditPrivilege
			SeSystemEnvironmentPrivilege
			SeImpersonatePrivilege
			SeDelegateSessionUserImpersonatePrivilege","",""
"16/8/2026, 3:31:35.854829 pm","DC01.darkzero.htb","NT AUTHORITY\SYSTEM","1","Sysmon","Process Creation","","","C:\WINDOWS\system32\svchost.exe -k LocalSystemNetworkRestricted -p -s UALSVC","",""
"16/8/2026, 3:31:41.562802 pm","DC01.darkzero.htb","SYSTEM","4624","Security","Logon","","","","","-"
"16/8/2026, 3:31:41.562818 pm","DC01.darkzero.htb","SYSTEM","4672","Security","Privileged Logon","","","SeAssignPrimaryTokenPrivilege
			SeTcbPrivilege
			SeSecurityPrivilege
			SeTakeOwnershipPrivilege
			SeLoadDriverPrivilege
			SeBackupPrivilege
			SeRestorePrivilege
			SeDebugPrivilege
			SeAuditPrivilege
			SeSystemEnvironmentPrivilege
			SeImpersonatePrivilege
			SeDelegateSessionUserImpersonatePrivilege","",""
"16/8/2026, 3:31:41.571856 pm","DC01.darkzero.htb","NT AUTHORITY\SYSTEM","1","Sysmon","Process Creation","","","C:\WINDOWS\System32\svchost.exe -k netsvcs -p -s NetSetupSvc","",""
"16/8/2026, 3:31:44.614939 pm","DC01.darkzero.htb","darkzero\ella","11","Sysmon","File Created","C:\Users\ella.darkzero\AppData\Local\Microsoft\Windows\PowerShell\StartupProfileData-NonInteractive","","","",""
"16/8/2026, 3:31:50.201727 pm","DC01.darkzero.htb","NT AUTHORITY\NETWORK SERVICE","11","Sysmon","File Created","C:\Windows\System32\spp\store\2.0\data.dat.tmp","","","",""
"16/8/2026, 3:31:51.430836 pm","DC01.darkzero.htb","NT AUTHORITY\SYSTEM","11","Sysmon","File Created","C:\Windows\System32\LogFiles\WMI\RtBackup\EtwRTUAL_Kernelmode_Provider.etl","","","",""
"16/8/2026, 3:31:51.543202 pm","DC01.darkzero.htb","SYSTEM","4624","Security","Logon","","","","","-"
"16/8/2026, 3:31:51.543218 pm","DC01.darkzero.htb","SYSTEM","4672","Security","Privileged Logon","","","SeAssignPrimaryTokenPrivilege
			SeTcbPrivilege
			SeSecurityPrivilege
			SeTakeOwnershipPrivilege
			SeLoadDriverPrivilege
			SeBackupPrivilege
			SeRestorePrivilege
			SeDebugPrivilege
			SeAuditPrivilege
			SeSystemEnvironmentPrivilege
			SeImpersonatePrivilege
			SeDelegateSessionUserImpersonatePrivilege","",""
"16/8/2026, 3:31:51.546765 pm","DC01.darkzero.htb","NT AUTHORITY\SYSTEM","1","Sysmon","Process Creation","","","C:\WINDOWS\system32\svchost.exe -k netsvcs -p -s UsoSvc","",""
"16/8/2026, 3:31:51.54781 pm","DC01.darkzero.htb","NT AUTHORITY\SYSTEM","11","Sysmon","File Created","C:\Windows\System32\LogFiles\WMI\RtBackup\EtwRTUAL_Usermode_Provider.etl","","","",""
"16/8/2026, 3:31:53.423982 pm","DC01.darkzero.htb","NT AUTHORITY\LOCAL SERVICE","1","Sysmon","Process Creation","","","C:\WINDOWS\system32\wbem\wmiprvse.exe -secured -Embedding","",""
"16/8/2026, 3:31:57.489923 pm","DC01.darkzero.htb","DC01$","4672","Security","Privileged Logon","","","SeSecurityPrivilege
			SeBackupPrivilege
			SeRestorePrivilege
			SeTakeOwnershipPrivilege
			SeDebugPrivilege
			SeSystemEnvironmentPrivilege
			SeLoadDriverPrivilege
			SeImpersonatePrivilege
			SeDelegateSessionUserImpersonatePrivilege
			SeEnableDelegationPrivilege","",""
"16/8/2026, 3:31:57.490149 pm","DC01.darkzero.htb","DC01$","4624","Security","Logon","","","","","127.0.0.1"
"16/8/2026, 3:31:59.165152 pm","DC01.darkzero.htb","DC01$","4672","Security","Privileged Logon","","","SeSecurityPrivilege
			SeBackupPrivilege
			SeRestorePrivilege
			SeTakeOwnershipPrivilege
			SeDebugPrivilege
			SeSystemEnvironmentPrivilege
			SeLoadDriverPrivilege
			SeImpersonatePrivilege
			SeDelegateSessionUserImpersonatePrivilege
			SeEnableDelegationPrivilege","",""
"16/8/2026, 3:31:59.16548 pm","DC01.darkzero.htb","DC01$","4624","Security","Logon","","","","","-"
"16/8/2026, 3:31:59.842887 pm","DC01.darkzero.htb","DC01$","4672","Security","Privileged Logon","","","SeAuditPrivilege
			SeAssignPrimaryTokenPrivilege
			SeImpersonatePrivilege","",""
"16/8/2026, 3:31:59.843065 pm","DC01.darkzero.htb","DC01$","4624","Security","Logon","","","","","127.0.0.1"
"16/8/2026, 3:31:59.891405 pm","DC01.darkzero.htb","DC01$","4672","Security","Privileged Logon","","","SeSecurityPrivilege
			SeBackupPrivilege
			SeRestorePrivilege
			SeTakeOwnershipPrivilege
			SeDebugPrivilege
			SeSystemEnvironmentPrivilege
			SeLoadDriverPrivilege
			SeImpersonatePrivilege
			SeDelegateSessionUserImpersonatePrivilege
			SeEnableDelegationPrivilege","",""
"16/8/2026, 3:31:59.891832 pm","DC01.darkzero.htb","DC01$","4624","Security","Logon","","","","","-"
"16/8/2026, 3:32:00.863341 pm","DC01.darkzero.htb","DC01$","4672","Security","Privileged Logon","","","SeSecurityPrivilege
			SeBackupPrivilege
			SeRestorePrivilege
			SeTakeOwnershipPrivilege
			SeDebugPrivilege
			SeSystemEnvironmentPrivilege
			SeLoadDriverPrivilege
			SeImpersonatePrivilege
			SeDelegateSessionUserImpersonatePrivilege
			SeEnableDelegationPrivilege","",""
"16/8/2026, 3:32:00.86358 pm","DC01.darkzero.htb","DC01$","4624","Security","Logon","","","","","-"
"16/8/2026, 3:32:02.066453 pm","DC01.darkzero.htb","DC01$","4672","Security","Privileged Logon","","","SeSecurityPrivilege
			SeBackupPrivilege
			SeRestorePrivilege
			SeTakeOwnershipPrivilege
			SeDebugPrivilege
			SeSystemEnvironmentPrivilege
			SeLoadDriverPrivilege
			SeImpersonatePrivilege
			SeDelegateSessionUserImpersonatePrivilege
			SeEnableDelegationPrivilege","",""
"16/8/2026, 3:32:02.067392 pm","DC01.darkzero.htb","DC01$","4624","Security","Logon","","","","","127.0.0.1"
"16/8/2026, 3:32:04.390514 pm","DC01.darkzero.htb","DC01$","4672","Security","Privileged Logon","","","SeAuditPrivilege
			SeAssignPrimaryTokenPrivilege
			SeImpersonatePrivilege","",""
"16/8/2026, 3:32:04.390799 pm","DC01.darkzero.htb","DC01$","4624","Security","Logon","","","","","127.0.0.1"
"16/8/2026, 3:32:06.299596 pm","DC01.darkzero.htb","DC01$","4672","Security","Privileged Logon","","","SeAuditPrivilege
			SeAssignPrimaryTokenPrivilege
			SeImpersonatePrivilege","",""
"16/8/2026, 3:32:06.299971 pm","DC01.darkzero.htb","DC01$","4624","Security","Logon","","","","","127.0.0.1"
"16/8/2026, 3:32:06.337435 pm","DC01.darkzero.htb","NT AUTHORITY\LOCAL SERVICE","1","Sysmon","Process Creation","","","C:\WINDOWS\System32\svchost.exe -k LocalServiceNetworkRestricted -p -s lmhosts","",""
"16/8/2026, 3:32:08.293515 pm","DC01.darkzero.htb","NT AUTHORITY\SYSTEM","11","Sysmon","File Created","C:\Windows\System32\config\systemprofile\AppData\Local\Microsoft\Windows\PowerShell\StartupProfileData-NonInteractive","","","",""
"16/8/2026, 3:32:13.081795 pm","DC01.darkzero.htb","NT AUTHORITY\SYSTEM","11","Sysmon","File Created","C:\ProgramData\USOShared\Logs\System\UpdateSessionOrchestration.c1f6ec00-41ee-4e07-a0af-ba903b5a3416.1.etl","","","",""
"16/8/2026, 3:32:16.908013 pm","DC01.darkzero.htb","DC01$","4672","Security","Privileged Logon","","","SeSecurityPrivilege
			SeBackupPrivilege
			SeRestorePrivilege
			SeTakeOwnershipPrivilege
			SeDebugPrivilege
			SeSystemEnvironmentPrivilege
			SeLoadDriverPrivilege
			SeImpersonatePrivilege
			SeDelegateSessionUserImpersonatePrivilege
			SeEnableDelegationPrivilege","",""
"16/8/2026, 3:32:16.908256 pm","DC01.darkzero.htb","DC01$","4624","Security","Logon","","","","","-"
"16/8/2026, 3:32:17.452442 pm","DC01.darkzero.htb","DC01$","4672","Security","Privileged Logon","","","SeSecurityPrivilege
			SeBackupPrivilege
			SeRestorePrivilege
			SeTakeOwnershipPrivilege
			SeDebugPrivilege
			SeSystemEnvironmentPrivilege
			SeLoadDriverPrivilege
			SeImpersonatePrivilege
			SeDelegateSessionUserImpersonatePrivilege
			SeEnableDelegationPrivilege","",""
"16/8/2026, 3:32:17.452648 pm","DC01.darkzero.htb","DC01$","4624","Security","Logon","","","","","-"
"16/8/2026, 3:32:17.969276 pm","DC01.darkzero.htb","DC01$","4672","Security","Privileged Logon","","","SeSecurityPrivilege
			SeBackupPrivilege
			SeRestorePrivilege
			SeTakeOwnershipPrivilege
			SeDebugPrivilege
			SeSystemEnvironmentPrivilege
			SeLoadDriverPrivilege
			SeImpersonatePrivilege
			SeDelegateSessionUserImpersonatePrivilege
			SeEnableDelegationPrivilege","",""
"16/8/2026, 3:32:17.969538 pm","DC01.darkzero.htb","DC01$","4624","Security","Logon","","","","","-"
"16/8/2026, 3:32:18.39321 pm","DC01.darkzero.htb","NT AUTHORITY\SYSTEM","11","Sysmon","File Created","C:\Windows\System32\config\netlogon.dnb","","","",""
"16/8/2026, 3:32:18.394466 pm","DC01.darkzero.htb","NT AUTHORITY\SYSTEM","11","Sysmon","File Created","C:\Windows\System32\config\netlogon.dns","","","",""
"16/8/2026, 3:32:19.249722 pm","DC01.darkzero.htb","NT AUTHORITY\SYSTEM","11","Sysmon","File Created","C:\ProgramData\USOShared\Logs\System\MoUxCoreWorker.6f7967c1-e024-4bf8-85d7-2e58ef1e8f0e.1.etl","","","",""
"16/8/2026, 3:32:19.296912 pm","DC01.darkzero.htb","NT AUTHORITY\SYSTEM","1","Sysmon","Process Creation","","","taskhostw.exe ""powershell.exe"" -ExecutionPolicy Bypass -File C:\Users\Administrator\Documents\rotate.ps1","",""
"16/8/2026, 3:32:19.305124 pm","DC01.darkzero.htb","NT AUTHORITY\SYSTEM","1","Sysmon","Process Creation","","","""powershell.exe"" -ExecutionPolicy Bypass -File C:\Users\Administrator\Documents\rotate.ps1","",""
"16/8/2026, 3:32:19.331251 pm","DC01.darkzero.htb","SYSTEM","4624","Security","Logon","","","","","-"
"16/8/2026, 3:32:19.331276 pm","DC01.darkzero.htb","SYSTEM","4672","Security","Privileged Logon","","","SeAssignPrimaryTokenPrivilege
			SeTcbPrivilege
			SeSecurityPrivilege
			SeTakeOwnershipPrivilege
			SeLoadDriverPrivilege
			SeBackupPrivilege
			SeRestorePrivilege
			SeDebugPrivilege
			SeAuditPrivilege
			SeSystemEnvironmentPrivilege
			SeImpersonatePrivilege
			SeDelegateSessionUserImpersonatePrivilege","",""
"16/8/2026, 3:32:19.342452 pm","DC01.darkzero.htb","NT AUTHORITY\SYSTEM","1","Sysmon","Process Creation","","","C:\WINDOWS\system32\svchost.exe -k wusvcs -p -s WaaSMedicSvc","",""
"16/8/2026, 3:32:19.387434 pm","DC01.darkzero.htb","NT AUTHORITY\SYSTEM","11","Sysmon","File Created","C:\Windows\System32\config\systemprofile\AppData\Local\Microsoft\Windows\PowerShell\StartupProfileData-NonInteractive","","","",""
"16/8/2026, 3:32:20.766731 pm","DC01.darkzero.htb","NT AUTHORITY\SYSTEM","11","Sysmon","File Created","C:\Windows\Logs\waasmedic\waasmedic.20260816_153220_757.etl","","","",""
"16/8/2026, 3:32:21.882393 pm","DC01.darkzero.htb","NT AUTHORITY\SYSTEM","1","Sysmon","Process Creation","","","taskhostw.exe","",""
"16/8/2026, 3:32:21.894201 pm","DC01.darkzero.htb","DC01$@DARKZERO.HTB","4769","Security","Kerberos Service Ticket","","","","0x12","::1"
"16/8/2026, 3:32:21.900142 pm","DC01.darkzero.htb","DC01$@DARKZERO.HTB","4769","Security","Kerberos Service Ticket","","","","0x12","::1"
"16/8/2026, 3:32:21.902734 pm","DC01.darkzero.htb","DC01$","4672","Security","Privileged Logon","","","SeAuditPrivilege
			SeAssignPrimaryTokenPrivilege
			SeImpersonatePrivilege","",""
"16/8/2026, 3:32:21.902955 pm","DC01.darkzero.htb","DC01$","4624","Security","Logon","","","","","-"
"16/8/2026, 3:32:22.545932 pm","DC01.darkzero.htb","NT AUTHORITY\SYSTEM","11","Sysmon","File Created","C:\ProgramData\Microsoft\Diagnosis\AggregatorStorage\Triggers\6258807092785928627_trigger.dat","","","",""
"16/8/2026, 3:32:22.548707 pm","DC01.darkzero.htb","NT AUTHORITY\SYSTEM","11","Sysmon","File Created","C:\ProgramData\Microsoft\Diagnosis\AggregatorStorage\Triggers\6258807092785928627_data.dat","","","",""
"16/8/2026, 3:32:22.751169 pm","DC01.darkzero.htb","NT AUTHORITY\SYSTEM","1","Sysmon","Process Creation","","","""C:\WINDOWS\uus\packages\preview\AMD64\MoUsoCoreWorker.exe"" useprivatenamespaces","",""
"16/8/2026, 3:32:23.964802 pm","DC01.darkzero.htb","NT AUTHORITY\SYSTEM","11","Sysmon","File Created","C:\ProgramData\Microsoft\Windows\WER\Temp\e01b055c-69f2-4c05-8d08-0ca7cdf3c091","","","",""
"16/8/2026, 3:32:25.090368 pm","DC01.darkzero.htb","NT AUTHORITY\SYSTEM","11","Sysmon","File Created","C:\ProgramData\Microsoft\Windows\WER\Temp\c57a9918-7b9a-4801-96ca-db8228001cf9","","","",""
"16/8/2026, 3:32:25.148104 pm","DC01.darkzero.htb","NT AUTHORITY\SYSTEM","11","Sysmon","File Created","C:\Windows\SystemTemp\__PSScriptPolicyTest_ztrx3xum.cqj.ps1","","","",""
"16/8/2026, 3:32:25.148948 pm","DC01.darkzero.htb","NT AUTHORITY\SYSTEM","11","Sysmon","File Created","C:\Windows\SystemTemp\__PSScriptPolicyTest_2yvh3pe5.1kb.psm1","","","",""
"16/8/2026, 3:32:25.187602 pm","DC01.darkzero.htb","NT AUTHORITY\SYSTEM","11","Sysmon","File Created","C:\ProgramData\USOPrivate\UpdateStore\store.db-journal","","","",""
"16/8/2026, 3:32:27.971059 pm","DC01.darkzero.htb","ella","4768","Security","Kerberos TGT","","","","0x12","::1"
"16/8/2026, 3:32:27.978602 pm","DC01.darkzero.htb","ella@DARKZERO.HTB","4769","Security","Kerberos Service Ticket","","","","0x12","::1"
"16/8/2026, 3:32:27.985285 pm","DC01.darkzero.htb","ella","4624","Security","Logon","","","","","-"
"16/8/2026, 3:32:28.088461 pm","DC01.darkzero.htb","darkzero\ella","1","Sysmon","Process Creation","","","""powershell.exe"" -NoProfile -NoLogo -NonInteractive -ExecutionPolicy Bypass -File ""C:\Users\ella\access_gitea.ps1""","",""
"16/8/2026, 3:32:29.599692 pm","DC01.darkzero.htb","NT AUTHORITY\SYSTEM","1","Sysmon","Process Creation","","","taskhostw.exe","",""
"16/8/2026, 3:32:32.012242 pm","DC01.darkzero.htb","SYSTEM","4624","Security","Logon","","","","","-"
"16/8/2026, 3:32:32.012259 pm","DC01.darkzero.htb","SYSTEM","4672","Security","Privileged Logon","","","SeAssignPrimaryTokenPrivilege
			SeTcbPrivilege
			SeSecurityPrivilege
			SeTakeOwnershipPrivilege
			SeLoadDriverPrivilege
			SeBackupPrivilege
			SeRestorePrivilege
			SeDebugPrivilege
			SeAuditPrivilege
			SeSystemEnvironmentPrivilege
			SeImpersonatePrivilege
			SeDelegateSessionUserImpersonatePrivilege","",""
"16/8/2026, 3:32:32.032649 pm","DC01.darkzero.htb","darkzero\ella","11","Sysmon","File Created","C:\Users\ella.darkzero\AppData\Local\Temp\__PSScriptPolicyTest_ns3gtk2k.1kd.ps1","","","",""
"16/8/2026, 3:32:32.033797 pm","DC01.darkzero.htb","darkzero\ella","11","Sysmon","File Created","C:\Users\ella.darkzero\AppData\Local\Temp\__PSScriptPolicyTest_1jqzvirq.hpi.psm1","","","",""
"16/8/2026, 3:32:34.568351 pm","DC01.darkzero.htb","SYSTEM","4624","Security","Logon","","","","","-"
"16/8/2026, 3:32:34.568368 pm","DC01.darkzero.htb","SYSTEM","4672","Security","Privileged Logon","","","SeAssignPrimaryTokenPrivilege
			SeTcbPrivilege
			SeSecurityPrivilege
			SeTakeOwnershipPrivilege
			SeLoadDriverPrivilege
			SeBackupPrivilege
			SeRestorePrivilege
			SeDebugPrivilege
			SeAuditPrivilege
			SeSystemEnvironmentPrivilege
			SeImpersonatePrivilege
			SeDelegateSessionUserImpersonatePrivilege","",""
"16/8/2026, 3:32:34.569829 pm","DC01.darkzero.htb","NT AUTHORITY\SYSTEM","11","Sysmon","File Created","C:\ProgramData\USOPrivate\UpdateStore\store.db-journal","","","",""
"16/8/2026, 3:32:34.594936 pm","DC01.darkzero.htb","NT AUTHORITY\SYSTEM","11","Sysmon","File Created","C:\ProgramData\USOPrivate\UpdateStore\store.db-journal","","","",""
"16/8/2026, 3:32:35.348917 pm","DC01.darkzero.htb","NT AUTHORITY\SYSTEM","11","Sysmon","File Created","C:\ProgramData\regid.1991-06.com.microsoft\regid.1991-06.com.microsoft_Windows-Server-2025-Datacenter.swidtag","","","",""
"16/8/2026, 3:32:38.208831 pm","DC01.darkzero.htb","NT AUTHORITY\SYSTEM","1","Sysmon","Process Creation","","","taskhostw.exe","",""
"16/8/2026, 3:32:38.943807 pm","DC01.darkzero.htb","NT AUTHORITY\SYSTEM","11","Sysmon","File Created","C:\ProgramData\USOPrivate\UpdateStore\store.db-journal","","","",""
"16/8/2026, 3:32:38.951208 pm","DC01.darkzero.htb","NT AUTHORITY\SYSTEM","11","Sysmon","File Created","C:\ProgramData\USOPrivate\UpdateStore\store.db-journal","","","",""
"16/8/2026, 3:32:38.964781 pm","DC01.darkzero.htb","NT AUTHORITY\SYSTEM","11","Sysmon","File Created","C:\ProgramData\USOPrivate\UpdateStore\store.db-journal","","","",""
"16/8/2026, 3:32:39.211398 pm","DC01.darkzero.htb","NT AUTHORITY\SYSTEM","11","Sysmon","File Created","C:\ProgramData\USOPrivate\UpdateStore\store.db-journal","","","",""
"16/8/2026, 3:32:39.221887 pm","DC01.darkzero.htb","NT AUTHORITY\SYSTEM","11","Sysmon","File Created","C:\ProgramData\USOPrivate\UpdateStore\store.db-journal","","","",""
"16/8/2026, 3:32:39.46891 pm","DC01.darkzero.htb","NT AUTHORITY\SYSTEM","11","Sysmon","File Created","C:\ProgramData\USOPrivate\UpdateStore\store.db-journal","","","",""
"16/8/2026, 3:32:39.488345 pm","DC01.darkzero.htb","NT AUTHORITY\SYSTEM","11","Sysmon","File Created","C:\ProgramData\USOPrivate\UpdateStore\store.db-journal","","","",""
"16/8/2026, 3:32:40.562279 pm","DC01.darkzero.htb","NT AUTHORITY\SYSTEM","11","Sysmon","File Created","C:\ProgramData\USOPrivate\UpdateStore\store.db-journal","","","",""
"16/8/2026, 3:32:40.713573 pm","DC01.darkzero.htb","NT AUTHORITY\SYSTEM","11","Sysmon","File Created","C:\ProgramData\USOPrivate\UpdateStore\store.db-journal","","","",""
"16/8/2026, 3:32:40.917092 pm","DC01.darkzero.htb","NT AUTHORITY\SYSTEM","11","Sysmon","File Created","C:\ProgramData\USOPrivate\UpdateStore\store.db-journal","","","",""
"16/8/2026, 3:32:41.126371 pm","DC01.darkzero.htb","NT AUTHORITY\SYSTEM","11","Sysmon","File Created","C:\ProgramData\USOPrivate\UpdateStore\store.db-journal","","","",""
"16/8/2026, 3:32:41.193741 pm","DC01.darkzero.htb","NT AUTHORITY\SYSTEM","11","Sysmon","File Created","C:\ProgramData\USOPrivate\UpdateStore\store.db-journal","","","",""
"16/8/2026, 3:32:41.211413 pm","DC01.darkzero.htb","NT AUTHORITY\SYSTEM","11","Sysmon","File Created","C:\ProgramData\USOPrivate\UpdateStore\store.db-journal","","","",""
"16/8/2026, 3:32:41.230726 pm","DC01.darkzero.htb","NT AUTHORITY\SYSTEM","11","Sysmon","File Created","C:\ProgramData\USOPrivate\UpdateStore\store.db-journal","","","",""
"16/8/2026, 3:32:42.007369 pm","DC01.darkzero.htb","NT AUTHORITY\SYSTEM","11","Sysmon","File Created","C:\ProgramData\USOPrivate\UpdateStore\store.db-journal","","","",""
"16/8/2026, 3:32:42.127445 pm","DC01.darkzero.htb","NT AUTHORITY\SYSTEM","11","Sysmon","File Created","C:\ProgramData\USOPrivate\UpdateStore\store.db-journal","","","",""
"16/8/2026, 3:32:42.202668 pm","DC01.darkzero.htb","NT AUTHORITY\SYSTEM","11","Sysmon","File Created","C:\ProgramData\USOPrivate\UpdateStore\store.db-journal","","","",""
"16/8/2026, 3:32:42.210583 pm","DC01.darkzero.htb","NT AUTHORITY\SYSTEM","11","Sysmon","File Created","C:\ProgramData\USOPrivate\UpdateStore\store.db-journal","","","",""
"16/8/2026, 3:32:42.221615 pm","DC01.darkzero.htb","NT AUTHORITY\SYSTEM","11","Sysmon","File Created","C:\ProgramData\USOPrivate\UpdateStore\store.db-journal","","","",""
"16/8/2026, 3:32:42.446422 pm","DC01.darkzero.htb","NT AUTHORITY\SYSTEM","11","Sysmon","File Created","C:\ProgramData\USOPrivate\UpdateStore\store.db-journal","","","",""
"16/8/2026, 3:32:42.603416 pm","DC01.darkzero.htb","NT AUTHORITY\SYSTEM","11","Sysmon","File Created","C:\ProgramData\USOPrivate\UpdateStore\store.db-journal","","","",""
"16/8/2026, 3:32:43.093431 pm","DC01.darkzero.htb","NT AUTHORITY\SYSTEM","11","Sysmon","File Created","C:\ProgramData\USOPrivate\UpdateStore\store.db-journal","","","",""
"16/8/2026, 3:32:43.123363 pm","DC01.darkzero.htb","NT AUTHORITY\SYSTEM","11","Sysmon","File Created","C:\ProgramData\USOPrivate\UpdateStore\store.db-journal","","","",""
"16/8/2026, 3:32:43.150449 pm","DC01.darkzero.htb","NT AUTHORITY\SYSTEM","11","Sysmon","File Created","C:\ProgramData\USOPrivate\UpdateStore\store.db-journal","","","",""
"16/8/2026, 3:32:43.602972 pm","DC01.darkzero.htb","NT AUTHORITY\SYSTEM","11","Sysmon","File Created","C:\ProgramData\USOPrivate\UpdateStore\store.db-journal","","","",""
"16/8/2026, 3:32:43.627667 pm","DC01.darkzero.htb","NT AUTHORITY\SYSTEM","11","Sysmon","File Created","C:\ProgramData\USOPrivate\UpdateStore\store.db-journal","","","",""
"16/8/2026, 3:32:43.673686 pm","DC01.darkzero.htb","NT AUTHORITY\SYSTEM","11","Sysmon","File Created","C:\ProgramData\USOPrivate\UpdateStore\store.db-journal","","","",""
"16/8/2026, 3:32:44.251102 pm","DC01.darkzero.htb","NT AUTHORITY\SYSTEM","11","Sysmon","File Created","C:\ProgramData\USOPrivate\UpdateStore\store.db-journal","","","",""
"16/8/2026, 3:32:44.267798 pm","DC01.darkzero.htb","NT AUTHORITY\SYSTEM","11","Sysmon","File Created","C:\ProgramData\USOPrivate\UpdateStore\store.db-journal","","","",""
"16/8/2026, 3:32:44.488188 pm","DC01.darkzero.htb","NT AUTHORITY\SYSTEM","11","Sysmon","File Created","C:\ProgramData\USOPrivate\UpdateStore\store.db-journal","","","",""
"16/8/2026, 3:32:44.499995 pm","DC01.darkzero.htb","NT AUTHORITY\SYSTEM","11","Sysmon","File Created","C:\ProgramData\USOPrivate\UpdateStore\store.db-journal","","","",""
"16/8/2026, 3:32:44.511766 pm","DC01.darkzero.htb","NT AUTHORITY\SYSTEM","11","Sysmon","File Created","C:\ProgramData\USOPrivate\UpdateStore\store.db-journal","","","",""
"16/8/2026, 3:32:44.797073 pm","DC01.darkzero.htb","NT AUTHORITY\SYSTEM","11","Sysmon","File Created","C:\ProgramData\USOPrivate\UpdateStore\store.db-journal","","","",""
"16/8/2026, 3:32:44.818445 pm","DC01.darkzero.htb","NT AUTHORITY\SYSTEM","11","Sysmon","File Created","C:\ProgramData\USOPrivate\UpdateStore\store.db-journal","","","",""
"16/8/2026, 3:32:45.111621 pm","DC01.darkzero.htb","NT AUTHORITY\SYSTEM","11","Sysmon","File Created","C:\ProgramData\USOPrivate\UpdateStore\store.db-journal","","","",""
"16/8/2026, 3:32:46.333776 pm","DC01.darkzero.htb","NT AUTHORITY\SYSTEM","1","Sysmon","Process Creation","","","taskhostw.exe","",""
"16/8/2026, 3:32:46.363725 pm","DC01.darkzero.htb","NT AUTHORITY\SYSTEM","11","Sysmon","File Created","C:\ProgramData\USOPrivate\UpdateStore\store.db-journal","","","",""
"16/8/2026, 3:32:49.428609 pm","DC01.darkzero.htb","NT AUTHORITY\SYSTEM","11","Sysmon","File Created","C:\ProgramData\USOPrivate\UpdateStore\store.db-journal","","","",""
"16/8/2026, 3:32:49.83319 pm","DC01.darkzero.htb","NT AUTHORITY\SYSTEM","11","Sysmon","File Created","C:\ProgramData\USOPrivate\UpdateStore\store.db-journal","","","",""
"16/8/2026, 3:32:50.328469 pm","DC01.darkzero.htb","darkzero\ella","11","Sysmon","File Created","C:\Users\ella.darkzero\AppData\Local\Microsoft\Windows\PowerShell\StartupProfileData-NonInteractive","","","",""
"16/8/2026, 3:32:57.658273 pm","DC01.darkzero.htb","DC01$","4672","Security","Privileged Logon","","","SeSecurityPrivilege
			SeBackupPrivilege
			SeRestorePrivilege
			SeTakeOwnershipPrivilege
			SeDebugPrivilege
			SeSystemEnvironmentPrivilege
			SeLoadDriverPrivilege
			SeImpersonatePrivilege
			SeDelegateSessionUserImpersonatePrivilege
			SeEnableDelegationPrivilege","",""
"16/8/2026, 3:32:57.65852 pm","DC01.darkzero.htb","DC01$","4624","Security","Logon","","","","","127.0.0.1"
"16/8/2026, 3:33:13.01936 pm","DC01.darkzero.htb","NT AUTHORITY\SYSTEM","1","Sysmon","Process Creation","","","wmiadap.exe /F /T","",""
"16/8/2026, 3:33:17.25421 pm","DC01.darkzero.htb","NT AUTHORITY\SYSTEM","1","Sysmon","Process Creation","","","taskhostw.exe","",""
"16/8/2026, 3:33:17.272779 pm","DC01.darkzero.htb","NT AUTHORITY\SYSTEM","1","Sysmon","Process Creation","","","""C:\WINDOWS\system32\usoclient.exe"" StartScan","",""
"16/8/2026, 3:33:17.273609 pm","DC01.darkzero.htb","NT AUTHORITY\SYSTEM","1","Sysmon","Process Creation","","","""C:\WINDOWS\System32\wsqmcons.exe""","",""
"16/8/2026, 3:33:17.283355 pm","DC01.darkzero.htb","NT AUTHORITY\SYSTEM","1","Sysmon","Process Creation","","","""C:\WINDOWS\system32\devicecensus.exe"" SystemCxt","",""
"16/8/2026, 3:33:18.636858 pm","DC01.darkzero.htb","NT AUTHORITY\SYSTEM","11","Sysmon","File Created","C:\ProgramData\Microsoft\Windows\WER\Temp\9ea47255-1ef9-4517-974e-2ad7120fe58a","","","",""
"16/8/2026, 3:33:18.647122 pm","DC01.darkzero.htb","NT AUTHORITY\SYSTEM","11","Sysmon","File Created","C:\ProgramData\Microsoft\Windows\WER\Temp\f13f18e6-a052-4749-a69d-7d882bf45d23","","","",""
"16/8/2026, 3:33:20.223424 pm","DC01.darkzero.htb","NT AUTHORITY\SYSTEM","1","Sysmon","Process Creation","","","""powershell.exe"" -ExecutionPolicy Bypass -File C:\Users\Administrator\Documents\rotate.ps1","",""
"16/8/2026, 3:33:20.235287 pm","DC01.darkzero.htb","NT AUTHORITY\SYSTEM","11","Sysmon","File Created","C:\ProgramData\USOPrivate\UpdateStore\store.db-journal","","","",""
"16/8/2026, 3:33:20.263774 pm","DC01.darkzero.htb","NT AUTHORITY\SYSTEM","11","Sysmon","File Created","C:\Windows\System32\config\systemprofile\AppData\Local\Microsoft\Windows\PowerShell\StartupProfileData-NonInteractive","","","",""
"16/8/2026, 3:33:23.783463 pm","DC01.darkzero.htb","NT AUTHORITY\SYSTEM","1","Sysmon","Process Creation","","","C:\WINDOWS\system32\wbem\wmiprvse.exe -Embedding","",""
"16/8/2026, 3:33:28.874243 pm","DC01.darkzero.htb","ella","4768","Security","Kerberos TGT","","","","0x12","::1"
"16/8/2026, 3:33:28.876069 pm","DC01.darkzero.htb","ella@DARKZERO.HTB","4769","Security","Kerberos Service Ticket","","","","0x12","::1"
"16/8/2026, 3:33:28.893796 pm","DC01.darkzero.htb","ella","4624","Security","Logon","","","","","-"
"16/8/2026, 3:33:28.931374 pm","DC01.darkzero.htb","darkzero\ella","1","Sysmon","Process Creation","","","""powershell.exe"" -NoProfile -NoLogo -NonInteractive -ExecutionPolicy Bypass -File ""C:\Users\ella\access_gitea.ps1""","",""
"16/8/2026, 3:33:29.879225 pm","DC01.darkzero.htb","NT AUTHORITY\SYSTEM","11","Sysmon","File Created","C:\ProgramData\USOPrivate\UpdateStore\store.db-journal","","","",""
"16/8/2026, 3:33:29.890521 pm","DC01.darkzero.htb","NT AUTHORITY\SYSTEM","11","Sysmon","File Created","C:\Windows\SystemTemp\__PSScriptPolicyTest_1x5ogboa.xkk.ps1","","","",""
"16/8/2026, 3:33:29.895516 pm","DC01.darkzero.htb","NT AUTHORITY\SYSTEM","11","Sysmon","File Created","C:\Windows\SystemTemp\__PSScriptPolicyTest_szdvvfjl.khw.psm1","","","",""
"16/8/2026, 3:33:31.170813 pm","DC01.darkzero.htb","NT AUTHORITY\SYSTEM","11","Sysmon","File Created","C:\ProgramData\USOPrivate\UpdateStore\store.db-journal","","","",""
"16/8/2026, 3:33:35.521935 pm","DC01.darkzero.htb","NT AUTHORITY\SYSTEM","11","Sysmon","File Created","C:\ProgramData\USOPrivate\UpdateStore\store.db-journal","","","",""
"16/8/2026, 3:33:35.604454 pm","DC01.darkzero.htb","NT AUTHORITY\SYSTEM","11","Sysmon","File Created","C:\ProgramData\USOPrivate\UpdateStore\store.db-journal","","","",""
"16/8/2026, 3:33:37.010538 pm","DC01.darkzero.htb","darkzero\ella","11","Sysmon","File Created","C:\Users\ella.darkzero\AppData\Local\Temp\__PSScriptPolicyTest_s03bd0ih.3nd.ps1","","","",""
"16/8/2026, 3:33:37.026154 pm","DC01.darkzero.htb","darkzero\ella","11","Sysmon","File Created","C:\Users\ella.darkzero\AppData\Local\Temp\__PSScriptPolicyTest_h5a4e3kz.5ia.psm1","","","",""
"16/8/2026, 3:33:39.735906 pm","DC01.darkzero.htb","NT AUTHORITY\SYSTEM","1","Sysmon","Process Creation","","","taskhostw.exe","",""
"16/8/2026, 3:33:45.382298 pm","DC01.darkzero.htb","NT AUTHORITY\SYSTEM","11","Sysmon","File Created","C:\ProgramData\USOPrivate\UpdateStore\store.db-journal","","","",""
"16/8/2026, 3:33:48.997203 pm","DC01.darkzero.htb","darkzero\ella","11","Sysmon","File Created","C:\Users\ella.darkzero\AppData\Local\Microsoft\Windows\PowerShell\StartupProfileData-NonInteractive","","","",""
"16/8/2026, 3:33:50.257518 pm","DC01.darkzero.htb","NT AUTHORITY\SYSTEM","11","Sysmon","File Created","C:\ProgramData\USOPrivate\UpdateStore\store.db-journal","","","",""
"16/8/2026, 3:33:51.751763 pm","DC01.darkzero.htb","NT AUTHORITY\SYSTEM","11","Sysmon","File Created","C:\ProgramData\USOPrivate\UpdateStore\store.db-journal","","","",""
"16/8/2026, 3:33:54.332772 pm","DC01.darkzero.htb","NT AUTHORITY\SYSTEM","11","Sysmon","File Created","C:\ProgramData\USOPrivate\UpdateStore\store.db-journal","","","",""
"16/8/2026, 3:33:54.399874 pm","DC01.darkzero.htb","NT AUTHORITY\SYSTEM","11","Sysmon","File Created","C:\ProgramData\USOPrivate\UpdateStore\store.db-journal","","","",""
"16/8/2026, 3:33:57.876254 pm","DC01.darkzero.htb","DC01$","4672","Security","Privileged Logon","","","SeSecurityPrivilege
			SeBackupPrivilege
			SeRestorePrivilege
			SeTakeOwnershipPrivilege
			SeDebugPrivilege
			SeSystemEnvironmentPrivilege
			SeLoadDriverPrivilege
			SeImpersonatePrivilege
			SeDelegateSessionUserImpersonatePrivilege
			SeEnableDelegationPrivilege","",""
"16/8/2026, 3:33:57.87648 pm","DC01.darkzero.htb","DC01$","4624","Security","Logon","","","","","127.0.0.1"
"16/8/2026, 3:34:13.319686 pm","DC01.darkzero.htb","NT AUTHORITY\SYSTEM","1","Sysmon","Process Creation","","","C:\WINDOWS\System32\sihclient.exe  /cv BIxZ1uJCDUOVckff87kwYg.0.1","",""
"16/8/2026, 3:34:13.618653 pm","DC01.darkzero.htb","NT AUTHORITY\SYSTEM","11","Sysmon","File Created","C:\Windows\Logs\SIH\SIH.20260816.083413.615.1.etl","","","",""
"16/8/2026, 3:34:19.305834 pm","DC01.darkzero.htb","NT AUTHORITY\SYSTEM","1","Sysmon","Process Creation","","","taskhostw.exe ""powershell.exe"" -ExecutionPolicy Bypass -File C:\Users\Administrator\Documents\rotate.ps1","",""
"16/8/2026, 3:34:19.328887 pm","DC01.darkzero.htb","NT AUTHORITY\SYSTEM","1","Sysmon","Process Creation","","","""powershell.exe"" -ExecutionPolicy Bypass -File C:\Users\Administrator\Documents\rotate.ps1","",""
"16/8/2026, 3:34:19.53399 pm","DC01.darkzero.htb","NT AUTHORITY\SYSTEM","11","Sysmon","File Created","C:\Windows\System32\config\systemprofile\AppData\Local\Microsoft\Windows\PowerShell\StartupProfileData-NonInteractive","","","",""
"16/8/2026, 3:34:20.870693 pm","DC01.darkzero.htb","NT AUTHORITY\SYSTEM","11","Sysmon","File Created","C:\Windows\SystemTemp\__PSScriptPolicyTest_apwajiv1.r21.ps1","","","",""
"16/8/2026, 3:34:20.870897 pm","DC01.darkzero.htb","NT AUTHORITY\SYSTEM","11","Sysmon","File Created","C:\Windows\SystemTemp\__PSScriptPolicyTest_5ejhwftk.0l4.psm1","","","",""
"16/8/2026, 3:34:21.155725 pm","DC01.darkzero.htb","NT AUTHORITY\SYSTEM","1","Sysmon","Process Creation","","","taskhostw.exe SBServicing","",""
"16/8/2026, 3:34:27.89838 pm","DC01.darkzero.htb","ella","4768","Security","Kerberos TGT","","","","0x12","::1"
"16/8/2026, 3:34:27.900078 pm","DC01.darkzero.htb","ella@DARKZERO.HTB","4769","Security","Kerberos Service Ticket","","","","0x12","::1"
"16/8/2026, 3:34:27.906939 pm","DC01.darkzero.htb","ella","4624","Security","Logon","","","","","-"
"16/8/2026, 3:34:27.916828 pm","DC01.darkzero.htb","darkzero\ella","1","Sysmon","Process Creation","","","""powershell.exe"" -NoProfile -NoLogo -NonInteractive -ExecutionPolicy Bypass -File ""C:\Users\ella\access_gitea.ps1""","",""
"16/8/2026, 3:34:30.137126 pm","DC01.darkzero.htb","darkzero\ella","11","Sysmon","File Created","C:\Users\ella.darkzero\AppData\Local\Temp\__PSScriptPolicyTest_xaiwy41h.zee.ps1","","","",""
"16/8/2026, 3:34:30.137844 pm","DC01.darkzero.htb","darkzero\ella","11","Sysmon","File Created","C:\Users\ella.darkzero\AppData\Local\Temp\__PSScriptPolicyTest_xmxcsvna.mz0.psm1","","","",""
"16/8/2026, 3:34:34.4571 pm","DC01.darkzero.htb","DC01$@DARKZERO.HTB","4769","Security","Kerberos Service Ticket","","","","0x12","::1"
"16/8/2026, 3:34:34.458382 pm","DC01.darkzero.htb","DC01$","4672","Security","Privileged Logon","","","SeSecurityPrivilege
			SeBackupPrivilege
			SeRestorePrivilege
			SeTakeOwnershipPrivilege
			SeDebugPrivilege
			SeSystemEnvironmentPrivilege
			SeLoadDriverPrivilege
			SeImpersonatePrivilege
			SeDelegateSessionUserImpersonatePrivilege
			SeEnableDelegationPrivilege","",""
"16/8/2026, 3:34:34.458623 pm","DC01.darkzero.htb","DC01$","4624","Security","Logon","","","","","::1"
"16/8/2026, 3:34:40.337042 pm","DC01.darkzero.htb","darkzero\ella","11","Sysmon","File Created","C:\Users\ella.darkzero\AppData\Local\Microsoft\Windows\PowerShell\StartupProfileData-NonInteractive","","","",""
"16/8/2026, 3:34:40.75887 pm","DC01.darkzero.htb","NT AUTHORITY\SYSTEM","11","Sysmon","File Created","C:\Windows\SystemTemp\cab8FA5.tmp","","","",""
"16/8/2026, 3:34:40.765736 pm","DC01.darkzero.htb","NT AUTHORITY\SYSTEM","11","Sysmon","File Created","C:\Windows\SystemTemp\cab8FA5.tmp","","","",""
"16/8/2026, 3:34:41.058631 pm","DC01.darkzero.htb","NT AUTHORITY\SYSTEM","11","Sysmon","File Created","C:\Windows\SystemTemp\cab90CF.tmp","","","",""
"16/8/2026, 3:34:41.060216 pm","DC01.darkzero.htb","NT AUTHORITY\SYSTEM","11","Sysmon","File Created","C:\Windows\SystemTemp\cab90CF.tmp","","","",""
"16/8/2026, 3:34:46.439773 pm","DC01.darkzero.htb","NT AUTHORITY\SYSTEM","11","Sysmon","File Created","C:\Windows\SystemTemp\cabA5DE.tmp","","","",""
"16/8/2026, 3:34:46.440563 pm","DC01.darkzero.htb","NT AUTHORITY\SYSTEM","11","Sysmon","File Created","C:\Windows\SystemTemp\cabA5DE.tmp","","","",""
"16/8/2026, 3:34:49.842303 pm","DC01.darkzero.htb","NT AUTHORITY\SYSTEM","11","Sysmon","File Created","C:\Windows\SystemTemp\cabB31E.tmp","","","",""
"16/8/2026, 3:34:49.988936 pm","DC01.darkzero.htb","NT AUTHORITY\SYSTEM","11","Sysmon","File Created","C:\Windows\SystemTemp\cabB31E.tmp","","","",""
"16/8/2026, 3:34:54.808139 pm","DC01.darkzero.htb","DC01$","4672","Security","Privileged Logon","","","SeSecurityPrivilege
			SeBackupPrivilege
			SeRestorePrivilege
			SeTakeOwnershipPrivilege
			SeDebugPrivilege
			SeSystemEnvironmentPrivilege
			SeLoadDriverPrivilege
			SeImpersonatePrivilege
			SeDelegateSessionUserImpersonatePrivilege
			SeEnableDelegationPrivilege","",""
"16/8/2026, 3:34:54.808443 pm","DC01.darkzero.htb","DC01$","4624","Security","Logon","","","","","::1"
"16/8/2026, 3:34:57.634353 pm","DC01.darkzero.htb","DC01$","4672","Security","Privileged Logon","","","SeSecurityPrivilege
			SeBackupPrivilege
			SeRestorePrivilege
			SeTakeOwnershipPrivilege
			SeDebugPrivilege
			SeSystemEnvironmentPrivilege
			SeLoadDriverPrivilege
			SeImpersonatePrivilege
			SeDelegateSessionUserImpersonatePrivilege
			SeEnableDelegationPrivilege","",""
"16/8/2026, 3:34:57.634586 pm","DC01.darkzero.htb","DC01$","4624","Security","Logon","","","","","127.0.0.1"
"16/8/2026, 3:35:01.335908 pm","DC01.darkzero.htb","DC01$","4672","Security","Privileged Logon","","","SeSecurityPrivilege
			SeBackupPrivilege
			SeRestorePrivilege
			SeTakeOwnershipPrivilege
			SeDebugPrivilege
			SeSystemEnvironmentPrivilege
			SeLoadDriverPrivilege
			SeImpersonatePrivilege
			SeDelegateSessionUserImpersonatePrivilege
			SeEnableDelegationPrivilege","",""
"16/8/2026, 3:35:01.336093 pm","DC01.darkzero.htb","DC01$","4624","Security","Logon","","","","","172.16.20.1"
"16/8/2026, 3:35:01.370722 pm","DC01.darkzero.htb","NT AUTHORITY\SYSTEM","11","Sysmon","File Created","C:\System Volume Information\DFSR\Config\Replica_403BC236-9053-43D0-AAD0-74F0FB6A21A3.XML.TMP","","","",""
"16/8/2026, 3:35:01.574646 pm","DC01.darkzero.htb","NT AUTHORITY\SYSTEM","11","Sysmon","File Created","C:\System Volume Information\DFSR\Config\Volume_57941D7E-1E19-4293-AB21-2231712EE33A.XML.TMP","","","",""
"16/8/2026, 3:35:01.778657 pm","DC01.darkzero.htb","DC01$","4672","Security","Privileged Logon","","","SeSecurityPrivilege
			SeBackupPrivilege
			SeRestorePrivilege
			SeTakeOwnershipPrivilege
			SeDebugPrivilege
			SeSystemEnvironmentPrivilege
			SeLoadDriverPrivilege
			SeImpersonatePrivilege
			SeDelegateSessionUserImpersonatePrivilege
			SeEnableDelegationPrivilege","",""
"16/8/2026, 3:35:01.778871 pm","DC01.darkzero.htb","DC01$","4624","Security","Logon","","","","","172.16.20.1"
"16/8/2026, 3:35:01.782098 pm","DC01.darkzero.htb","DC01$","4672","Security","Privileged Logon","","","SeSecurityPrivilege
			SeBackupPrivilege
			SeRestorePrivilege
			SeTakeOwnershipPrivilege
			SeDebugPrivilege
			SeSystemEnvironmentPrivilege
			SeLoadDriverPrivilege
			SeImpersonatePrivilege
			SeDelegateSessionUserImpersonatePrivilege
			SeEnableDelegationPrivilege","",""
"16/8/2026, 3:35:01.788941 pm","DC01.darkzero.htb","DC01$","4624","Security","Logon","","","","","::1"
"16/8/2026, 3:35:05.184955 pm","DC01.darkzero.htb","DC01$","4672","Security","Privileged Logon","","","SeSecurityPrivilege
			SeBackupPrivilege
			SeRestorePrivilege
			SeTakeOwnershipPrivilege
			SeDebugPrivilege
			SeSystemEnvironmentPrivilege
			SeLoadDriverPrivilege
			SeImpersonatePrivilege
			SeDelegateSessionUserImpersonatePrivilege
			SeEnableDelegationPrivilege","",""
"16/8/2026, 3:35:05.185333 pm","DC01.darkzero.htb","DC01$","4624","Security","Logon","","","","","172.16.20.1"
"16/8/2026, 3:35:06.237303 pm","DC01.darkzero.htb","DC01$","4672","Security","Privileged Logon","","","SeSecurityPrivilege
			SeBackupPrivilege
			SeRestorePrivilege
			SeTakeOwnershipPrivilege
			SeDebugPrivilege
			SeSystemEnvironmentPrivilege
			SeLoadDriverPrivilege
			SeImpersonatePrivilege
			SeDelegateSessionUserImpersonatePrivilege
			SeEnableDelegationPrivilege","",""
"16/8/2026, 3:35:06.237508 pm","DC01.darkzero.htb","DC01$","4624","Security","Logon","","","","","172.16.20.1"
"16/8/2026, 3:35:13.474707 pm","DC01.darkzero.htb","NT AUTHORITY\LOCAL SERVICE","1","Sysmon","Process Creation","","","C:\WINDOWS\system32\wbem\wmiprvse.exe -secured -Embedding","",""
"16/8/2026, 3:35:14.754858 pm","DC01.darkzero.htb","SYSTEM","4624","Security","Logon","","","","","-"
"16/8/2026, 3:35:14.754886 pm","DC01.darkzero.htb","SYSTEM","4672","Security","Privileged Logon","","","SeAssignPrimaryTokenPrivilege
			SeTcbPrivilege
			SeSecurityPrivilege
			SeTakeOwnershipPrivilege
			SeLoadDriverPrivilege
			SeBackupPrivilege
			SeRestorePrivilege
			SeDebugPrivilege
			SeAuditPrivilege
			SeSystemEnvironmentPrivilege
			SeImpersonatePrivilege
			SeDelegateSessionUserImpersonatePrivilege","",""
"16/8/2026, 3:35:14.758831 pm","DC01.darkzero.htb","NT AUTHORITY\SYSTEM","1","Sysmon","Process Creation","","","C:\WINDOWS\System32\svchost.exe -k netsvcs -p -s NetSetupSvc","",""
"16/8/2026, 3:35:17.745402 pm","DC01.darkzero.htb","NT AUTHORITY\SYSTEM","1","Sysmon","Process Creation","","","""C:\WINDOWS\System32\OpenSSH\scp.exe"" -P 22 -i C:\ProgramData\flagcopy\id_ed25519 -o StrictHostKeyChecking=no -o UserKnownHostsFile=NUL -o BatchMode=yes C:\Users\Administrator\Desktop\user.txt svc-runner@srv01.darkzero.ext:/home/svc-runner/","",""
"16/8/2026, 3:35:18.526086 pm","DC01.darkzero.htb","NT AUTHORITY\SYSTEM","1","Sysmon","Process Creation","","","""C:\WINDOWS\System32\OpenSSH\ssh.exe"" -x -oPermitLocalCommand=no -oClearAllForwardings=yes -oRemoteCommand=none -oRequestTTY=no -i C:/ProgramData/flagcopy/id_ed25519 -o StrictHostKeyChecking=no -o UserKnownHostsFile=NUL -o BatchMode=yes -oForwardAgent=no -p 22 -l svc-runner -s -- srv01.darkzero.ext sftp","",""
"16/8/2026, 3:35:19.370658 pm","DC01.darkzero.htb","NT AUTHORITY\SYSTEM","1","Sysmon","Process Creation","","","""powershell.exe"" -ExecutionPolicy Bypass -File C:\Users\Administrator\Documents\rotate.ps1","",""
"16/8/2026, 3:35:19.481861 pm","DC01.darkzero.htb","NT AUTHORITY\SYSTEM","11","Sysmon","File Created","C:\Windows\System32\config\systemprofile\AppData\Local\Microsoft\Windows\PowerShell\StartupProfileData-NonInteractive","","","",""
"16/8/2026, 3:35:20.954953 pm","DC01.darkzero.htb","NT AUTHORITY\SYSTEM","11","Sysmon","File Created","C:\Windows\SystemTemp\__PSScriptPolicyTest_0otcd5a4.tp3.ps1","","","",""
"16/8/2026, 3:35:20.956921 pm","DC01.darkzero.htb","NT AUTHORITY\SYSTEM","11","Sysmon","File Created","C:\Windows\SystemTemp\__PSScriptPolicyTest_eidrdjjz.y1m.psm1","","","",""
"16/8/2026, 3:35:23.032846 pm","DC01.darkzero.htb","DC01$","4672","Security","Privileged Logon","","","SeSecurityPrivilege
			SeBackupPrivilege
			SeRestorePrivilege
			SeTakeOwnershipPrivilege
			SeDebugPrivilege
			SeSystemEnvironmentPrivilege
			SeLoadDriverPrivilege
			SeImpersonatePrivilege
			SeDelegateSessionUserImpersonatePrivilege
			SeEnableDelegationPrivilege","",""
"16/8/2026, 3:35:23.037536 pm","DC01.darkzero.htb","DC01$","4624","Security","Logon","","","","","172.16.20.1"
"16/8/2026, 3:35:23.107344 pm","DC01.darkzero.htb","DC01$","4672","Security","Privileged Logon","","","SeSecurityPrivilege
			SeBackupPrivilege
			SeRestorePrivilege
			SeTakeOwnershipPrivilege
			SeDebugPrivilege
			SeSystemEnvironmentPrivilege
			SeLoadDriverPrivilege
			SeImpersonatePrivilege
			SeDelegateSessionUserImpersonatePrivilege
			SeEnableDelegationPrivilege","",""
"16/8/2026, 3:35:23.107561 pm","DC01.darkzero.htb","DC01$","4624","Security","Logon","","","","","::1"
"16/8/2026, 3:35:23.130197 pm","DC01.darkzero.htb","DC01$","4672","Security","Privileged Logon","","","SeSecurityPrivilege
			SeBackupPrivilege
			SeRestorePrivilege
			SeTakeOwnershipPrivilege
			SeDebugPrivilege
			SeSystemEnvironmentPrivilege
			SeLoadDriverPrivilege
			SeImpersonatePrivilege
			SeDelegateSessionUserImpersonatePrivilege
			SeEnableDelegationPrivilege","",""
"16/8/2026, 3:35:23.130406 pm","DC01.darkzero.htb","DC01$","4624","Security","Logon","","","","","::1"
"16/8/2026, 3:35:23.138307 pm","DC01.darkzero.htb","DC01$","4672","Security","Privileged Logon","","","SeSecurityPrivilege
			SeBackupPrivilege
			SeRestorePrivilege
			SeTakeOwnershipPrivilege
			SeDebugPrivilege
			SeSystemEnvironmentPrivilege
			SeLoadDriverPrivilege
			SeImpersonatePrivilege
			SeDelegateSessionUserImpersonatePrivilege
			SeEnableDelegationPrivilege","",""
"16/8/2026, 3:35:23.138467 pm","DC01.darkzero.htb","DC01$","4624","Security","Logon","","","","","10.129.28.204"
"16/8/2026, 3:35:23.24864 pm","DC01.darkzero.htb","DC01$","4672","Security","Privileged Logon","","","SeSecurityPrivilege
			SeBackupPrivilege
			SeRestorePrivilege
			SeTakeOwnershipPrivilege
			SeDebugPrivilege
			SeSystemEnvironmentPrivilege
			SeLoadDriverPrivilege
			SeImpersonatePrivilege
			SeDelegateSessionUserImpersonatePrivilege
			SeEnableDelegationPrivilege","",""
"16/8/2026, 3:35:23.248857 pm","DC01.darkzero.htb","DC01$","4624","Security","Logon","","","","","::1"
"16/8/2026, 3:35:23.427636 pm","DC01.darkzero.htb","NT AUTHORITY\SYSTEM","11","Sysmon","File Created","C:\Windows\security\templates\policies\tmpgptfl.inf","","","",""
"16/8/2026, 3:35:23.494924 pm","DC01.darkzero.htb","NT AUTHORITY\SYSTEM","11","Sysmon","File Created","C:\Windows\security\templates\policies\gpt00000.dom","","","",""
"16/8/2026, 3:35:23.526913 pm","DC01.darkzero.htb","NT AUTHORITY\SYSTEM","11","Sysmon","File Created","C:\Windows\security\templates\policies\tmpgptfl.inf","","","",""
"16/8/2026, 3:35:23.530101 pm","DC01.darkzero.htb","NT AUTHORITY\SYSTEM","11","Sysmon","File Created","C:\Windows\security\templates\policies\gpt00001.inf","","","",""
"16/8/2026, 3:35:26.936346 pm","DC01.darkzero.htb","DC01$","4672","Security","Privileged Logon","","","SeSecurityPrivilege
			SeBackupPrivilege
			SeRestorePrivilege
			SeTakeOwnershipPrivilege
			SeDebugPrivilege
			SeSystemEnvironmentPrivilege
			SeLoadDriverPrivilege
			SeImpersonatePrivilege
			SeDelegateSessionUserImpersonatePrivilege
			SeEnableDelegationPrivilege","",""
"16/8/2026, 3:35:26.936593 pm","DC01.darkzero.htb","DC01$","4624","Security","Logon","","","","","::1"
"16/8/2026, 3:35:27.093348 pm","DC01.darkzero.htb","SYSTEM","4624","Security","Logon","","","","","-"
"16/8/2026, 3:35:27.093363 pm","DC01.darkzero.htb","SYSTEM","4672","Security","Privileged Logon","","","SeAssignPrimaryTokenPrivilege
			SeTcbPrivilege
			SeSecurityPrivilege
			SeTakeOwnershipPrivilege
			SeLoadDriverPrivilege
			SeBackupPrivilege
			SeRestorePrivilege
			SeDebugPrivilege
			SeAuditPrivilege
			SeSystemEnvironmentPrivilege
			SeImpersonatePrivilege
			SeDelegateSessionUserImpersonatePrivilege","",""
"16/8/2026, 3:35:27.098503 pm","DC01.darkzero.htb","NT AUTHORITY\NETWORK SERVICE","1","Sysmon","Process Creation","","","C:\WINDOWS\System32\svchost.exe -k NetworkService -p","",""
"16/8/2026, 3:35:27.173821 pm","DC01.darkzero.htb","NT AUTHORITY\NETWORK SERVICE","11","Sysmon","File Created","C:\Windows\ServiceProfiles\NetworkService\AppData\Local\Microsoft\Windows\DeliveryOptimization\Logs\dosvc.20260816_153527_167.etl","","","",""
"16/8/2026, 3:35:27.203804 pm","DC01.darkzero.htb","NT AUTHORITY\NETWORK SERVICE","11","Sysmon","File Created","C:\Windows\ServiceProfiles\NetworkService\AppData\Local\Microsoft\Windows\DeliveryOptimization\do451A.tmp","","","",""
"16/8/2026, 3:35:27.204882 pm","DC01.darkzero.htb","NT AUTHORITY\NETWORK SERVICE","11","Sysmon","File Created","C:\Windows\ServiceProfiles\NetworkService\AppData\Local\Microsoft\Windows\DeliveryOptimization\Cache\do451B.tmp","","","",""
"16/8/2026, 3:35:27.205779 pm","DC01.darkzero.htb","NT AUTHORITY\NETWORK SERVICE","11","Sysmon","File Created","C:\Windows\ServiceProfiles\NetworkService\AppData\Local\Microsoft\Windows\DeliveryOptimization\Logs\do451C.tmp","","","",""
"16/8/2026, 3:35:27.206887 pm","DC01.darkzero.htb","NT AUTHORITY\NETWORK SERVICE","11","Sysmon","File Created","C:\Windows\ServiceProfiles\NetworkService\AppData\Local\Microsoft\Windows\DeliveryOptimization\State\do451D.tmp","","","",""
"16/8/2026, 3:35:27.2114 pm","DC01.darkzero.htb","NT AUTHORITY\NETWORK SERVICE","11","Sysmon","File Created","C:\Windows\ServiceProfiles\NetworkService\AppData\Local\Microsoft\Windows\DeliveryOptimization\Cache\do451E.tmp","","","",""
"16/8/2026, 3:35:28.218006 pm","DC01.darkzero.htb","ella","4768","Security","Kerberos TGT","","","","0x12","::1"
"16/8/2026, 3:35:28.220027 pm","DC01.darkzero.htb","ella@DARKZERO.HTB","4769","Security","Kerberos Service Ticket","","","","0x12","::1"
"16/8/2026, 3:35:28.226585 pm","DC01.darkzero.htb","ella","4624","Security","Logon","","","","","-"
"16/8/2026, 3:35:28.236767 pm","DC01.darkzero.htb","darkzero\ella","1","Sysmon","Process Creation","","","""powershell.exe"" -NoProfile -NoLogo -NonInteractive -ExecutionPolicy Bypass -File ""C:\Users\ella\access_gitea.ps1""","",""
"16/8/2026, 3:35:29.542932 pm","DC01.darkzero.htb","NT AUTHORITY\NETWORK SERVICE","11","Sysmon","File Created","C:\Windows\ServiceProfiles\NetworkService\AppData\Local\Microsoft\Windows\DeliveryOptimization\State\migration.dat","","","",""
"16/8/2026, 3:35:29.54297 pm","DC01.darkzero.htb","NT AUTHORITY\NETWORK SERVICE","11","Sysmon","File Created","C:\Windows\ServiceProfiles\NetworkService\AppData\Local\Microsoft\Windows\DeliveryOptimization\State\migration.dat.LOG1","","","",""
"16/8/2026, 3:35:29.543489 pm","DC01.darkzero.htb","NT AUTHORITY\NETWORK SERVICE","11","Sysmon","File Created","C:\Windows\ServiceProfiles\NetworkService\AppData\Local\Microsoft\Windows\DeliveryOptimization\State\migration.dat.LOG2","","","",""
"16/8/2026, 3:35:30.905597 pm","DC01.darkzero.htb","darkzero\ella","11","Sysmon","File Created","C:\Users\ella.darkzero\AppData\Local\Temp\__PSScriptPolicyTest_pdivfis3.2ni.ps1","","","",""
"16/8/2026, 3:35:30.906317 pm","DC01.darkzero.htb","darkzero\ella","11","Sysmon","File Created","C:\Users\ella.darkzero\AppData\Local\Temp\__PSScriptPolicyTest_xodgstfu.n2k.psm1","","","",""
"16/8/2026, 3:35:31.258361 pm","DC01.darkzero.htb","DC01$","4672","Security","Privileged Logon","","","SeSecurityPrivilege
			SeBackupPrivilege
			SeRestorePrivilege
			SeTakeOwnershipPrivilege
			SeDebugPrivilege
			SeSystemEnvironmentPrivilege
			SeLoadDriverPrivilege
			SeImpersonatePrivilege
			SeDelegateSessionUserImpersonatePrivilege
			SeEnableDelegationPrivilege","",""
"16/8/2026, 3:35:31.258546 pm","DC01.darkzero.htb","DC01$","4624","Security","Logon","","","","","127.0.0.1"
"16/8/2026, 3:35:31.591422 pm","DC01.darkzero.htb","DC01$","4672","Security","Privileged Logon","","","SeSecurityPrivilege
			SeBackupPrivilege
			SeRestorePrivilege
			SeTakeOwnershipPrivilege
			SeDebugPrivilege
			SeSystemEnvironmentPrivilege
			SeLoadDriverPrivilege
			SeImpersonatePrivilege
			SeDelegateSessionUserImpersonatePrivilege
			SeEnableDelegationPrivilege","",""
"16/8/2026, 3:35:31.591609 pm","DC01.darkzero.htb","DC01$","4624","Security","Logon","","","","","10.129.28.204"
"16/8/2026, 3:35:31.610097 pm","DC01.darkzero.htb","DC01$","4768","Security","Kerberos TGT","","","","0x12","::1"
"16/8/2026, 3:35:31.612288 pm","DC01.darkzero.htb","DC01$@DARKZERO.HTB","4769","Security","Kerberos Service Ticket","","","","0x12","::1"
"16/8/2026, 3:35:31.618556 pm","DC01.darkzero.htb","DC01$","4672","Security","Privileged Logon","","","SeSecurityPrivilege
			SeBackupPrivilege
			SeRestorePrivilege
			SeTakeOwnershipPrivilege
			SeDebugPrivilege
			SeSystemEnvironmentPrivilege
			SeLoadDriverPrivilege
			SeImpersonatePrivilege
			SeDelegateSessionUserImpersonatePrivilege
			SeEnableDelegationPrivilege","",""
"16/8/2026, 3:35:31.618707 pm","DC01.darkzero.htb","DC01$","4624","Security","Logon","","","","","-"
"16/8/2026, 3:35:38.439512 pm","DC01.darkzero.htb","darkzero\ella","11","Sysmon","File Created","C:\Users\ella.darkzero\AppData\Local\Microsoft\Windows\PowerShell\StartupProfileData-NonInteractive","","","",""
"16/8/2026, 3:35:45.592658 pm","DC01.darkzero.htb","DC01$","4768","Security","Kerberos TGT","","","","0x12","::1"
"16/8/2026, 3:35:45.594289 pm","DC01.darkzero.htb","DC01$@DARKZERO.HTB","4769","Security","Kerberos Service Ticket","","","","0x12","::1"
"16/8/2026, 3:35:45.595386 pm","DC01.darkzero.htb","DC01$","4672","Security","Privileged Logon","","","SeSecurityPrivilege
			SeBackupPrivilege
			SeRestorePrivilege
			SeTakeOwnershipPrivilege
			SeDebugPrivilege
			SeSystemEnvironmentPrivilege
			SeLoadDriverPrivilege
			SeImpersonatePrivilege
			SeDelegateSessionUserImpersonatePrivilege
			SeEnableDelegationPrivilege","",""
"16/8/2026, 3:35:45.595583 pm","DC01.darkzero.htb","DC01$","4624","Security","Logon","","","","","-"
"16/8/2026, 3:35:57.560642 pm","DC01.darkzero.htb","NT AUTHORITY\SYSTEM","1","Sysmon","Process Creation","","","""C:\WINDOWS\System32\OpenSSH\scp.exe"" -P 22 -i C:\ProgramData\flagcopy\id_ed25519 -o StrictHostKeyChecking=no -o UserKnownHostsFile=NUL -o BatchMode=yes C:\Users\Administrator\Desktop\user.txt svc-runner@srv01.darkzero.ext:/home/svc-runner/","",""
"16/8/2026, 3:35:57.770586 pm","DC01.darkzero.htb","DC01$","4672","Security","Privileged Logon","","","SeSecurityPrivilege
			SeBackupPrivilege
			SeRestorePrivilege
			SeTakeOwnershipPrivilege
			SeDebugPrivilege
			SeSystemEnvironmentPrivilege
			SeLoadDriverPrivilege
			SeImpersonatePrivilege
			SeDelegateSessionUserImpersonatePrivilege
			SeEnableDelegationPrivilege","",""
"16/8/2026, 3:35:57.770776 pm","DC01.darkzero.htb","DC01$","4624","Security","Logon","","","","","127.0.0.1"
"16/8/2026, 3:35:57.77629 pm","DC01.darkzero.htb","NT AUTHORITY\SYSTEM","1","Sysmon","Process Creation","","","""C:\WINDOWS\System32\OpenSSH\ssh.exe"" -x -oPermitLocalCommand=no -oClearAllForwardings=yes -oRemoteCommand=none -oRequestTTY=no -i C:/ProgramData/flagcopy/id_ed25519 -o StrictHostKeyChecking=no -o UserKnownHostsFile=NUL -o BatchMode=yes -oForwardAgent=no -p 22 -l svc-runner -s -- srv01.darkzero.ext sftp","",""
"16/8/2026, 3:36:03.198505 pm","DC01.darkzero.htb","NT AUTHORITY\SYSTEM","11","Sysmon","File Created","C:\Windows\System32\config\systemprofile\AppData\Local\Microsoft\Windows\PowerShell\StartupProfileData-NonInteractive","","","",""
"16/8/2026, 3:36:27.277558 pm","DC01.darkzero.htb","ella","4768","Security","Kerberos TGT","","","","0x12","::1"
"16/8/2026, 3:36:27.279009 pm","DC01.darkzero.htb","ella@DARKZERO.HTB","4769","Security","Kerberos Service Ticket","","","","0x12","::1"
"16/8/2026, 3:36:27.319049 pm","DC01.darkzero.htb","ella","4624","Security","Logon","","","","","-"
"16/8/2026, 3:36:27.395563 pm","DC01.darkzero.htb","darkzero\ella","1","Sysmon","Process Creation","","","""powershell.exe"" -NoProfile -NoLogo -NonInteractive -ExecutionPolicy Bypass -File ""C:\Users\ella\access_gitea.ps1""","",""
"16/8/2026, 3:36:28.429566 pm","DC01.darkzero.htb","darkzero\ella","11","Sysmon","File Created","C:\Users\ella.darkzero\AppData\Local\Temp\__PSScriptPolicyTest_ypgokpn2.4bh.ps1","","","",""
"16/8/2026, 3:36:28.554715 pm","DC01.darkzero.htb","darkzero\ella","11","Sysmon","File Created","C:\Users\ella.darkzero\AppData\Local\Temp\__PSScriptPolicyTest_l40mqqpl.h5s.psm1","","","",""
"16/8/2026, 3:36:33.784884 pm","DC01.darkzero.htb","darkzero\ella","11","Sysmon","File Created","C:\Users\ella.darkzero\AppData\Local\Microsoft\Windows\PowerShell\StartupProfileData-NonInteractive","","","",""
"16/8/2026, 3:36:57.743607 pm","DC01.darkzero.htb","DC01$","4672","Security","Privileged Logon","","","SeSecurityPrivilege
			SeBackupPrivilege
			SeRestorePrivilege
			SeTakeOwnershipPrivilege
			SeDebugPrivilege
			SeSystemEnvironmentPrivilege
			SeLoadDriverPrivilege
			SeImpersonatePrivilege
			SeDelegateSessionUserImpersonatePrivilege
			SeEnableDelegationPrivilege","",""
"16/8/2026, 3:36:57.743968 pm","DC01.darkzero.htb","DC01$","4624","Security","Logon","","","","","127.0.0.1"
"16/8/2026, 3:37:27.255181 pm","DC01.darkzero.htb","ella","4768","Security","Kerberos TGT","","","","0x12","::1"
"16/8/2026, 3:37:27.256773 pm","DC01.darkzero.htb","ella@DARKZERO.HTB","4769","Security","Kerberos Service Ticket","","","","0x12","::1"
"16/8/2026, 3:37:27.279807 pm","DC01.darkzero.htb","ella","4624","Security","Logon","","","","","-"
"16/8/2026, 3:37:27.290575 pm","DC01.darkzero.htb","darkzero\ella","1","Sysmon","Process Creation","","","""powershell.exe"" -NoProfile -NoLogo -NonInteractive -ExecutionPolicy Bypass -File ""C:\Users\ella\access_gitea.ps1""","",""
"16/8/2026, 3:37:28.158031 pm","DC01.darkzero.htb","darkzero\ella","11","Sysmon","File Created","C:\Users\ella.darkzero\AppData\Local\Temp\__PSScriptPolicyTest_v4yk1vf1.cy4.ps1","","","",""
"16/8/2026, 3:37:28.209547 pm","DC01.darkzero.htb","darkzero\ella","11","Sysmon","File Created","C:\Users\ella.darkzero\AppData\Local\Temp\__PSScriptPolicyTest_e0npwyg0.ebp.psm1","","","",""
"16/8/2026, 3:37:33.172263 pm","DC01.darkzero.htb","darkzero\ella","11","Sysmon","File Created","C:\Users\ella.darkzero\AppData\Local\Microsoft\Windows\PowerShell\StartupProfileData-NonInteractive","","","",""
"16/8/2026, 3:37:57.738819 pm","DC01.darkzero.htb","DC01$","4672","Security","Privileged Logon","","","SeSecurityPrivilege
			SeBackupPrivilege
			SeRestorePrivilege
			SeTakeOwnershipPrivilege
			SeDebugPrivilege
			SeSystemEnvironmentPrivilege
			SeLoadDriverPrivilege
			SeImpersonatePrivilege
			SeDelegateSessionUserImpersonatePrivilege
			SeEnableDelegationPrivilege","",""
"16/8/2026, 3:37:57.739008 pm","DC01.darkzero.htb","DC01$","4624","Security","Logon","","","","","127.0.0.1"
"16/8/2026, 3:38:27.291663 pm","DC01.darkzero.htb","ella","4768","Security","Kerberos TGT","","","","0x12","::1"
"16/8/2026, 3:38:27.293638 pm","DC01.darkzero.htb","ella@DARKZERO.HTB","4769","Security","Kerberos Service Ticket","","","","0x12","::1"
"16/8/2026, 3:38:27.30012 pm","DC01.darkzero.htb","ella","4624","Security","Logon","","","","","-"
"16/8/2026, 3:38:27.310489 pm","DC01.darkzero.htb","darkzero\ella","1","Sysmon","Process Creation","","","""powershell.exe"" -NoProfile -NoLogo -NonInteractive -ExecutionPolicy Bypass -File ""C:\Users\ella\access_gitea.ps1""","",""
"16/8/2026, 3:38:28.169862 pm","DC01.darkzero.htb","darkzero\ella","11","Sysmon","File Created","C:\Users\ella.darkzero\AppData\Local\Temp\__PSScriptPolicyTest_5dq1dpuf.tep.ps1","","","",""
"16/8/2026, 3:38:28.170903 pm","DC01.darkzero.htb","darkzero\ella","11","Sysmon","File Created","C:\Users\ella.darkzero\AppData\Local\Temp\__PSScriptPolicyTest_1vt2xehi.qmz.psm1","","","",""
"16/8/2026, 3:38:32.924285 pm","DC01.darkzero.htb","darkzero\ella","11","Sysmon","File Created","C:\Users\ella.darkzero\AppData\Local\Microsoft\Windows\PowerShell\StartupProfileData-NonInteractive","","","",""
"16/8/2026, 3:38:41.160302 pm","DC01.darkzero.htb","NT AUTHORITY\SYSTEM","1","Sysmon","Process Creation","","","taskhostw.exe","",""
"16/8/2026, 3:38:57.71847 pm","DC01.darkzero.htb","DC01$","4672","Security","Privileged Logon","","","SeSecurityPrivilege
			SeBackupPrivilege
			SeRestorePrivilege
			SeTakeOwnershipPrivilege
			SeDebugPrivilege
			SeSystemEnvironmentPrivilege
			SeLoadDriverPrivilege
			SeImpersonatePrivilege
			SeDelegateSessionUserImpersonatePrivilege
			SeEnableDelegationPrivilege","",""
"16/8/2026, 3:38:57.718726 pm","DC01.darkzero.htb","DC01$","4624","Security","Logon","","","","","127.0.0.1"
"16/8/2026, 3:39:27.260261 pm","DC01.darkzero.htb","ella","4768","Security","Kerberos TGT","","","","0x12","::1"
"16/8/2026, 3:39:27.261835 pm","DC01.darkzero.htb","ella@DARKZERO.HTB","4769","Security","Kerberos Service Ticket","","","","0x12","::1"
"16/8/2026, 3:39:27.268231 pm","DC01.darkzero.htb","ella","4624","Security","Logon","","","","","-"
"16/8/2026, 3:39:27.278437 pm","DC01.darkzero.htb","darkzero\ella","1","Sysmon","Process Creation","","","""powershell.exe"" -NoProfile -NoLogo -NonInteractive -ExecutionPolicy Bypass -File ""C:\Users\ella\access_gitea.ps1""","",""
"16/8/2026, 3:39:27.429722 pm","DC01.darkzero.htb","darkzero\ella","11","Sysmon","File Created","C:\Users\ella.darkzero\AppData\Local\Temp\__PSScriptPolicyTest_edryxair.pd4.ps1","","","",""
"16/8/2026, 3:39:27.430239 pm","DC01.darkzero.htb","darkzero\ella","11","Sysmon","File Created","C:\Users\ella.darkzero\AppData\Local\Temp\__PSScriptPolicyTest_ahjzfcxd.xt4.psm1","","","",""
"16/8/2026, 3:39:30.558229 pm","DC01.darkzero.htb","darkzero\ella","11","Sysmon","File Created","C:\Users\ella.darkzero\AppData\Local\Microsoft\Windows\PowerShell\StartupProfileData-NonInteractive","","","",""
"16/8/2026, 3:39:57.713102 pm","DC01.darkzero.htb","DC01$","4672","Security","Privileged Logon","","","SeSecurityPrivilege
			SeBackupPrivilege
			SeRestorePrivilege
			SeTakeOwnershipPrivilege
			SeDebugPrivilege
			SeSystemEnvironmentPrivilege
			SeLoadDriverPrivilege
			SeImpersonatePrivilege
			SeDelegateSessionUserImpersonatePrivilege
			SeEnableDelegationPrivilege","",""
"16/8/2026, 3:39:57.713266 pm","DC01.darkzero.htb","DC01$","4624","Security","Logon","","","","","127.0.0.1"
"16/8/2026, 3:40:05.759278 pm","DC01.darkzero.htb","NT AUTHORITY\SYSTEM","11","Sysmon","File Created","C:\System Volume Information\DFSR\Config\Replica_403BC236-9053-43D0-AAD0-74F0FB6A21A3.XML.TMP","","","",""
"16/8/2026, 3:40:05.764497 pm","DC01.darkzero.htb","NT AUTHORITY\SYSTEM","11","Sysmon","File Created","C:\System Volume Information\DFSR\Config\Volume_57941D7E-1E19-4293-AB21-2231712EE33A.XML.TMP","","","",""
"16/8/2026, 3:40:05.87541 pm","DC01.darkzero.htb","DC01$","4672","Security","Privileged Logon","","","SeSecurityPrivilege
			SeBackupPrivilege
			SeRestorePrivilege
			SeTakeOwnershipPrivilege
			SeDebugPrivilege
			SeSystemEnvironmentPrivilege
			SeLoadDriverPrivilege
			SeImpersonatePrivilege
			SeDelegateSessionUserImpersonatePrivilege
			SeEnableDelegationPrivilege","",""
"16/8/2026, 3:40:05.875741 pm","DC01.darkzero.htb","DC01$","4624","Security","Logon","","","","","172.16.20.1"
"16/8/2026, 3:40:06.001675 pm","DC01.darkzero.htb","DC01$","4672","Security","Privileged Logon","","","SeSecurityPrivilege
			SeBackupPrivilege
			SeRestorePrivilege
			SeTakeOwnershipPrivilege
			SeDebugPrivilege
			SeSystemEnvironmentPrivilege
			SeLoadDriverPrivilege
			SeImpersonatePrivilege
			SeDelegateSessionUserImpersonatePrivilege
			SeEnableDelegationPrivilege","",""
"16/8/2026, 3:40:06.001844 pm","DC01.darkzero.htb","DC01$","4624","Security","Logon","","","","","172.16.20.1"
"16/8/2026, 3:40:15.411041 pm","DC01.darkzero.htb","NT AUTHORITY\SYSTEM","1","Sysmon","Process Creation","","","""C:\WINDOWS\system32\cmd.exe"" /d /c C:\WINDOWS\system32\hpatchmonTask.cmd","",""
"16/8/2026, 3:40:15.529208 pm","DC01.darkzero.htb","NT AUTHORITY\SYSTEM","1","Sysmon","Process Creation","","","reg  query ""HKEY_LOCAL_MACHINE\SYSTEM\CurrentControlSet\Control\HotPatch"" ","",""
"16/8/2026, 3:40:16.419771 pm","DC01.darkzero.htb","NT AUTHORITY\SYSTEM","1","Sysmon","Process Creation","","","taskhostw.exe PiSqmTasks","",""
"16/8/2026, 3:40:16.435032 pm","DC01.darkzero.htb","NT AUTHORITY\SYSTEM","1","Sysmon","Process Creation","","","""C:\WINDOWS\system32\tzsync.exe""","",""
"16/8/2026, 3:40:16.447461 pm","DC01.darkzero.htb","NT AUTHORITY\SYSTEM","1","Sysmon","Process Creation","","","""C:\WINDOWS\system32\defrag.exe"" -c -h -k -g -$","",""
"16/8/2026, 3:40:16.462373 pm","DC01.darkzero.htb","NT AUTHORITY\SYSTEM","1","Sysmon","Process Creation","","","""C:\WINDOWS\system32\lpremove.exe""","",""
"16/8/2026, 3:40:16.468284 pm","DC01.darkzero.htb","SYSTEM","4624","Security","Logon","","","","","-"
"16/8/2026, 3:40:16.468298 pm","DC01.darkzero.htb","SYSTEM","4672","Security","Privileged Logon","","","SeAssignPrimaryTokenPrivilege
			SeTcbPrivilege
			SeSecurityPrivilege
			SeTakeOwnershipPrivilege
			SeLoadDriverPrivilege
			SeBackupPrivilege
			SeRestorePrivilege
			SeDebugPrivilege
			SeAuditPrivilege
			SeSystemEnvironmentPrivilege
			SeImpersonatePrivilege
			SeDelegateSessionUserImpersonatePrivilege","",""
"16/8/2026, 3:40:16.477236 pm","DC01.darkzero.htb","NT AUTHORITY\SYSTEM","1","Sysmon","Process Creation","","","""C:\WINDOWS\system32\rundll32.exe"" C:\WINDOWS\system32\Windows.StateRepositoryClient.dll,StateRepositoryDoMaintenanceTasks","",""
"16/8/2026, 3:40:16.487212 pm","DC01.darkzero.htb","NT AUTHORITY\SYSTEM","1","Sysmon","Process Creation","","","C:\WINDOWS\servicing\TrustedInstaller.exe","",""
"16/8/2026, 3:40:16.49668 pm","DC01.darkzero.htb","NT AUTHORITY\LOCAL SERVICE","1","Sysmon","Process Creation","","","""C:\WINDOWS\system32\sc.exe"" start w32time task_started","",""
"16/8/2026, 3:40:16.504239 pm","DC01.darkzero.htb","NT AUTHORITY\SYSTEM","1","Sysmon","Process Creation","","","""C:\WINDOWS\system32\usoclient.exe"" ReportPolicies","",""
"16/8/2026, 3:40:16.508626 pm","DC01.darkzero.htb","NT AUTHORITY\SYSTEM","1","Sysmon","Process Creation","","","""C:\WINDOWS\system32\cmd.exe"" /d /c C:\WINDOWS\system32\hpatchmonTask.cmd","",""
"16/8/2026, 3:40:16.578682 pm","DC01.darkzero.htb","NT AUTHORITY\SYSTEM","11","Sysmon","File Created","C:\Windows\System32\config\RegBack\SECURITY","","","",""
"16/8/2026, 3:40:16.611605 pm","DC01.darkzero.htb","NT AUTHORITY\SYSTEM","11","Sysmon","File Created","C:\Windows\System32\config\RegBack\SOFTWARE","","","",""
"16/8/2026, 3:40:16.681031 pm","DC01.darkzero.htb","NT AUTHORITY\SYSTEM","1","Sysmon","Process Creation","","","""C:\Windows\Microsoft.NET\Framework64\v4.0.30319\NGenTask.exe"" /RuntimeWide /StopEvent:700","",""
"16/8/2026, 3:40:16.702328 pm","DC01.darkzero.htb","NT AUTHORITY\SYSTEM","1","Sysmon","Process Creation","","","""C:\Windows\Microsoft.NET\Framework\v4.0.30319\NGenTask.exe"" /RuntimeWide /StopEvent:1128","",""
"16/8/2026, 3:40:16.997843 pm","DC01.darkzero.htb","NT AUTHORITY\SYSTEM","1","Sysmon","Process Creation","","","reg  query ""HKEY_LOCAL_MACHINE\SYSTEM\CurrentControlSet\Control\HotPatch"" ","",""
"16/8/2026, 3:40:17.817135 pm","DC01.darkzero.htb","NT AUTHORITY\SYSTEM","11","Sysmon","File Created","C:\Windows\Microsoft.NET\Framework64\v4.0.30319\ngentasklock.dat","","","",""
"16/8/2026, 3:40:17.824115 pm","DC01.darkzero.htb","SYSTEM","4624","Security","Logon","","","","","-"
"16/8/2026, 3:40:17.824129 pm","DC01.darkzero.htb","SYSTEM","4672","Security","Privileged Logon","","","SeAssignPrimaryTokenPrivilege
			SeTcbPrivilege
			SeSecurityPrivilege
			SeTakeOwnershipPrivilege
			SeLoadDriverPrivilege
			SeBackupPrivilege
			SeRestorePrivilege
			SeDebugPrivilege
			SeAuditPrivilege
			SeSystemEnvironmentPrivilege
			SeImpersonatePrivilege
			SeDelegateSessionUserImpersonatePrivilege","",""
"16/8/2026, 3:40:18.870063 pm","DC01.darkzero.htb","NT AUTHORITY\SYSTEM","11","Sysmon","File Created","C:\Windows\Microsoft.NET\Framework64\v4.0.30319\ngentasknewworklock.dat","","","",""
"16/8/2026, 3:40:19.195214 pm","DC01.darkzero.htb","NT AUTHORITY\SYSTEM","11","Sysmon","File Created","C:\Windows\Microsoft.NET\Framework64\v4.0.30319\ngenofflinequeuelock.dat","","","",""
"16/8/2026, 3:40:19.20697 pm","DC01.darkzero.htb","NT AUTHORITY\SYSTEM","11","Sysmon","File Created","C:\Windows\Microsoft.NET\Framework64\v4.0.30319\ngenofflinequeuelock.dat","","","",""
"16/8/2026, 3:40:19.208329 pm","DC01.darkzero.htb","NT AUTHORITY\SYSTEM","11","Sysmon","File Created","C:\Windows\Microsoft.NET\Framework64\v4.0.30319\ngenrootstorelock.dat","","","",""
"16/8/2026, 3:40:19.415828 pm","DC01.darkzero.htb","NT AUTHORITY\SYSTEM","11","Sysmon","File Created","C:\Windows\Microsoft.NET\ngennicupdatelock.dat","","","",""
"16/8/2026, 3:40:19.775898 pm","DC01.darkzero.htb","NT AUTHORITY\SYSTEM","1","Sysmon","Process Creation","","","""C:\Windows\Microsoft.NET\Framework64\v4.0.30319\NGenTask.exe"" /RuntimeWide /StopEvent:1200","",""
"16/8/2026, 3:40:21.272518 pm","DC01.darkzero.htb","NT AUTHORITY\SYSTEM","11","Sysmon","File Created","C:\Windows\System32\config\RegBack\SYSTEM","","","",""
"16/8/2026, 3:40:22.02652 pm","DC01.darkzero.htb","NT AUTHORITY\SYSTEM","11","Sysmon","File Created","C:\Windows\Microsoft.NET\Framework64\v4.0.30319\ngentasklock.dat","","","",""
"16/8/2026, 3:40:22.50792 pm","DC01.darkzero.htb","NT AUTHORITY\SYSTEM","11","Sysmon","File Created","C:\Windows\Microsoft.NET\Framework64\v4.0.30319\ngentasknewworklock.dat","","","",""
"16/8/2026, 3:40:22.860363 pm","DC01.darkzero.htb","NT AUTHORITY\SYSTEM","11","Sysmon","File Created","C:\Windows\Microsoft.NET\Framework64\v4.0.30319\ngenofflinequeuelock.dat","","","",""
"16/8/2026, 3:40:22.862282 pm","DC01.darkzero.htb","NT AUTHORITY\SYSTEM","11","Sysmon","File Created","C:\Windows\Microsoft.NET\Framework64\v4.0.30319\ngenofflinequeuelock.dat","","","",""
"16/8/2026, 3:40:22.863284 pm","DC01.darkzero.htb","NT AUTHORITY\SYSTEM","11","Sysmon","File Created","C:\Windows\Microsoft.NET\Framework64\v4.0.30319\ngenrootstorelock.dat","","","",""
"16/8/2026, 3:40:22.865032 pm","DC01.darkzero.htb","NT AUTHORITY\SYSTEM","11","Sysmon","File Created","C:\Windows\System32\config\RegBack\DEFAULT","","","",""
"16/8/2026, 3:40:22.993445 pm","DC01.darkzero.htb","NT AUTHORITY\SYSTEM","11","Sysmon","File Created","C:\Windows\System32\config\RegBack\SAM","","","",""
"16/8/2026, 3:40:23.133424 pm","DC01.darkzero.htb","NT AUTHORITY\SYSTEM","11","Sysmon","File Created","C:\Windows\Microsoft.NET\ngennicupdatelock.dat","","","",""
"16/8/2026, 3:40:24.734057 pm","DC01.darkzero.htb","NT AUTHORITY\SYSTEM","11","Sysmon","File Created","C:\Windows\Microsoft.NET\Framework\v4.0.30319\ngentasklock.dat","","","",""
"16/8/2026, 3:40:25.192327 pm","DC01.darkzero.htb","NT AUTHORITY\SYSTEM","11","Sysmon","File Created","C:\Windows\Microsoft.NET\Framework\v4.0.30319\ngentasknewworklock.dat","","","",""
"16/8/2026, 3:40:25.334592 pm","DC01.darkzero.htb","NT AUTHORITY\SYSTEM","11","Sysmon","File Created","C:\Windows\Microsoft.NET\Framework\v4.0.30319\ngenofflinequeuelock.dat","","","",""
"16/8/2026, 3:40:25.336358 pm","DC01.darkzero.htb","NT AUTHORITY\SYSTEM","11","Sysmon","File Created","C:\Windows\Microsoft.NET\Framework\v4.0.30319\ngenofflinequeuelock.dat","","","",""
"16/8/2026, 3:40:25.337926 pm","DC01.darkzero.htb","NT AUTHORITY\SYSTEM","11","Sysmon","File Created","C:\Windows\Microsoft.NET\Framework\v4.0.30319\ngenrootstorelock.dat","","","",""
"16/8/2026, 3:40:25.45213 pm","DC01.darkzero.htb","NT AUTHORITY\SYSTEM","11","Sysmon","File Created","C:\Windows\Microsoft.NET\ngennicupdatelock.dat","","","",""
"16/8/2026, 3:40:26.115839 pm","DC01.darkzero.htb","NT AUTHORITY\SYSTEM","1","Sysmon","Process Creation","","","taskhostw.exe /RuntimeWide","",""
"16/8/2026, 3:40:26.247406 pm","DC01.darkzero.htb","NT AUTHORITY\SYSTEM","1","Sysmon","Process Creation","","","""C:\Windows\Microsoft.NET\Framework\v4.0.30319\NGenTask.exe"" /RuntimeWide /StopEvent:968","",""
"16/8/2026, 3:40:26.440781 pm","DC01.darkzero.htb","NT AUTHORITY\SYSTEM","11","Sysmon","File Created","C:\Windows\Microsoft.NET\Framework\v4.0.30319\ngentasklock.dat","","","",""
"16/8/2026, 3:40:26.591539 pm","DC01.darkzero.htb","NT AUTHORITY\SYSTEM","11","Sysmon","File Created","C:\Windows\Microsoft.NET\Framework\v4.0.30319\ngentasknewworklock.dat","","","",""
"16/8/2026, 3:40:26.750924 pm","DC01.darkzero.htb","NT AUTHORITY\SYSTEM","11","Sysmon","File Created","C:\Windows\Microsoft.NET\Framework\v4.0.30319\ngenofflinequeuelock.dat","","","",""
"16/8/2026, 3:40:26.752592 pm","DC01.darkzero.htb","NT AUTHORITY\SYSTEM","11","Sysmon","File Created","C:\Windows\Microsoft.NET\Framework\v4.0.30319\ngenofflinequeuelock.dat","","","",""
"16/8/2026, 3:40:26.753701 pm","DC01.darkzero.htb","NT AUTHORITY\SYSTEM","11","Sysmon","File Created","C:\Windows\Microsoft.NET\Framework\v4.0.30319\ngenrootstorelock.dat","","","",""
"16/8/2026, 3:40:26.852566 pm","DC01.darkzero.htb","NT AUTHORITY\SYSTEM","11","Sysmon","File Created","C:\Windows\Microsoft.NET\ngennicupdatelock.dat","","","",""
"16/8/2026, 3:40:27.24005 pm","DC01.darkzero.htb","DC01$","4672","Security","Privileged Logon","","","SeSecurityPrivilege
			SeBackupPrivilege
			SeRestorePrivilege
			SeTakeOwnershipPrivilege
			SeDebugPrivilege
			SeSystemEnvironmentPrivilege
			SeLoadDriverPrivilege
			SeImpersonatePrivilege
			SeDelegateSessionUserImpersonatePrivilege
			SeEnableDelegationPrivilege","",""
"16/8/2026, 3:40:27.240238 pm","DC01.darkzero.htb","DC01$","4624","Security","Logon","","","","","172.16.20.1"
"16/8/2026, 3:40:27.248189 pm","DC01.darkzero.htb","DC01$","4672","Security","Privileged Logon","","","SeSecurityPrivilege
			SeBackupPrivilege
			SeRestorePrivilege
			SeTakeOwnershipPrivilege
			SeDebugPrivilege
			SeSystemEnvironmentPrivilege
			SeLoadDriverPrivilege
			SeImpersonatePrivilege
			SeDelegateSessionUserImpersonatePrivilege
			SeEnableDelegationPrivilege","",""
"16/8/2026, 3:40:27.248417 pm","DC01.darkzero.htb","DC01$","4624","Security","Logon","","","","","::1"
"16/8/2026, 3:40:27.259674 pm","DC01.darkzero.htb","DC01$","4672","Security","Privileged Logon","","","SeSecurityPrivilege
			SeBackupPrivilege
			SeRestorePrivilege
			SeTakeOwnershipPrivilege
			SeDebugPrivilege
			SeSystemEnvironmentPrivilege
			SeLoadDriverPrivilege
			SeImpersonatePrivilege
			SeDelegateSessionUserImpersonatePrivilege
			SeEnableDelegationPrivilege","",""
"16/8/2026, 3:40:27.259868 pm","DC01.darkzero.htb","DC01$","4624","Security","Logon","","","","","::1"
"16/8/2026, 3:40:27.261241 pm","DC01.darkzero.htb","ella","4768","Security","Kerberos TGT","","","","0x12","::1"
"16/8/2026, 3:40:27.262817 pm","DC01.darkzero.htb","ella@DARKZERO.HTB","4769","Security","Kerberos Service Ticket","","","","0x12","::1"
"16/8/2026, 3:40:27.267796 pm","DC01.darkzero.htb","DC01$","4672","Security","Privileged Logon","","","SeSecurityPrivilege
			SeBackupPrivilege
			SeRestorePrivilege
			SeTakeOwnershipPrivilege
			SeDebugPrivilege
			SeSystemEnvironmentPrivilege
			SeLoadDriverPrivilege
			SeImpersonatePrivilege
			SeDelegateSessionUserImpersonatePrivilege
			SeEnableDelegationPrivilege","",""
"16/8/2026, 3:40:27.267956 pm","DC01.darkzero.htb","DC01$","4624","Security","Logon","","","","","10.129.28.204"
"16/8/2026, 3:40:27.26943 pm","DC01.darkzero.htb","ella","4624","Security","Logon","","","","","-"
"16/8/2026, 3:40:27.278268 pm","DC01.darkzero.htb","darkzero\ella","1","Sysmon","Process Creation","","","""powershell.exe"" -NoProfile -NoLogo -NonInteractive -ExecutionPolicy Bypass -File ""C:\Users\ella\access_gitea.ps1""","",""
"16/8/2026, 3:40:27.288763 pm","DC01.darkzero.htb","DC01$","4672","Security","Privileged Logon","","","SeSecurityPrivilege
			SeBackupPrivilege
			SeRestorePrivilege
			SeTakeOwnershipPrivilege
			SeDebugPrivilege
			SeSystemEnvironmentPrivilege
			SeLoadDriverPrivilege
			SeImpersonatePrivilege
			SeDelegateSessionUserImpersonatePrivilege
			SeEnableDelegationPrivilege","",""
"16/8/2026, 3:40:27.288977 pm","DC01.darkzero.htb","DC01$","4624","Security","Logon","","","","","::1"
"16/8/2026, 3:40:27.887102 pm","DC01.darkzero.htb","darkzero\ella","11","Sysmon","File Created","C:\Users\ella.darkzero\AppData\Local\Temp\__PSScriptPolicyTest_1pihdzvf.dhd.ps1","","","",""
"16/8/2026, 3:40:27.888266 pm","DC01.darkzero.htb","darkzero\ella","11","Sysmon","File Created","C:\Users\ella.darkzero\AppData\Local\Temp\__PSScriptPolicyTest_tzn3o2av.1ll.psm1","","","",""
"16/8/2026, 3:40:32.015774 pm","DC01.darkzero.htb","darkzero\ella","11","Sysmon","File Created","C:\Users\ella.darkzero\AppData\Local\Microsoft\Windows\PowerShell\StartupProfileData-NonInteractive","","","",""
"16/8/2026, 3:40:57.732909 pm","DC01.darkzero.htb","DC01$","4672","Security","Privileged Logon","","","SeSecurityPrivilege
			SeBackupPrivilege
			SeRestorePrivilege
			SeTakeOwnershipPrivilege
			SeDebugPrivilege
			SeSystemEnvironmentPrivilege
			SeLoadDriverPrivilege
			SeImpersonatePrivilege
			SeDelegateSessionUserImpersonatePrivilege
			SeEnableDelegationPrivilege","",""
"16/8/2026, 3:40:57.733177 pm","DC01.darkzero.htb","DC01$","4624","Security","Logon","","","","","127.0.0.1"
"16/8/2026, 3:41:15.899377 pm","DC01.darkzero.htb","NT AUTHORITY\SYSTEM","1","Sysmon","Process Creation","","","""C:\WINDOWS\system32\cmd.exe"" /d /c C:\WINDOWS\system32\hpatchmonTask.cmd","",""
"16/8/2026, 3:41:15.997722 pm","DC01.darkzero.htb","NT AUTHORITY\SYSTEM","1","Sysmon","Process Creation","","","reg  query ""HKEY_LOCAL_MACHINE\SYSTEM\CurrentControlSet\Control\HotPatch"" ","",""
"16/8/2026, 3:41:27.275351 pm","DC01.darkzero.htb","ella","4768","Security","Kerberos TGT","","","","0x12","::1"
"16/8/2026, 3:41:27.276939 pm","DC01.darkzero.htb","ella@DARKZERO.HTB","4769","Security","Kerberos Service Ticket","","","","0x12","::1"
"16/8/2026, 3:41:27.283536 pm","DC01.darkzero.htb","ella","4624","Security","Logon","","","","","-"
"16/8/2026, 3:41:27.293603 pm","DC01.darkzero.htb","darkzero\ella","1","Sysmon","Process Creation","","","""powershell.exe"" -NoProfile -NoLogo -NonInteractive -ExecutionPolicy Bypass -File ""C:\Users\ella\access_gitea.ps1""","",""
"16/8/2026, 3:41:27.452422 pm","DC01.darkzero.htb","darkzero\ella","11","Sysmon","File Created","C:\Users\ella.darkzero\AppData\Local\Temp\__PSScriptPolicyTest_vmfa3kyk.t2v.ps1","","","",""
"16/8/2026, 3:41:27.452938 pm","DC01.darkzero.htb","darkzero\ella","11","Sysmon","File Created","C:\Users\ella.darkzero\AppData\Local\Temp\__PSScriptPolicyTest_kzhegzw3.50s.psm1","","","",""
"16/8/2026, 3:41:30.611782 pm","DC01.darkzero.htb","darkzero\ella","11","Sysmon","File Created","C:\Users\ella.darkzero\AppData\Local\Microsoft\Windows\PowerShell\StartupProfileData-NonInteractive","","","",""
"16/8/2026, 3:41:57.733053 pm","DC01.darkzero.htb","DC01$","4672","Security","Privileged Logon","","","SeSecurityPrivilege
			SeBackupPrivilege
			SeRestorePrivilege
			SeTakeOwnershipPrivilege
			SeDebugPrivilege
			SeSystemEnvironmentPrivilege
			SeLoadDriverPrivilege
			SeImpersonatePrivilege
			SeDelegateSessionUserImpersonatePrivilege
			SeEnableDelegationPrivilege","",""
"16/8/2026, 3:41:57.733239 pm","DC01.darkzero.htb","DC01$","4624","Security","Logon","","","","","127.0.0.1"
"16/8/2026, 3:42:22.014442 pm","DC01.darkzero.htb","NT AUTHORITY\SYSTEM","1","Sysmon","Process Creation","","","""C:\WINDOWS\uus\packages\preview\AMD64\MoUsoCoreWorker.exe"" useprivatenamespaces","",""
"16/8/2026, 3:42:22.098439 pm","DC01.darkzero.htb","NT AUTHORITY\SYSTEM","11","Sysmon","File Created","C:\ProgramData\USOPrivate\UpdateStore\store.db-journal","","","",""
"16/8/2026, 3:42:22.200533 pm","DC01.darkzero.htb","SYSTEM","4624","Security","Logon","","","","","-"
"16/8/2026, 3:42:22.200556 pm","DC01.darkzero.htb","SYSTEM","4672","Security","Privileged Logon","","","SeAssignPrimaryTokenPrivilege
			SeTcbPrivilege
			SeSecurityPrivilege
			SeTakeOwnershipPrivilege
			SeLoadDriverPrivilege
			SeBackupPrivilege
			SeRestorePrivilege
			SeDebugPrivilege
			SeAuditPrivilege
			SeSystemEnvironmentPrivilege
			SeImpersonatePrivilege
			SeDelegateSessionUserImpersonatePrivilege","",""
"16/8/2026, 3:42:22.204633 pm","DC01.darkzero.htb","NT AUTHORITY\SYSTEM","1","Sysmon","Process Creation","","","C:\WINDOWS\system32\svchost.exe -k wusvcs -p -s WaaSMedicSvc","",""
"16/8/2026, 3:42:22.269589 pm","DC01.darkzero.htb","NT AUTHORITY\SYSTEM","11","Sysmon","File Created","C:\Windows\Logs\waasmedic\waasmedic.20260816_154222_268.etl","","","",""
"16/8/2026, 3:42:22.501791 pm","DC01.darkzero.htb","SYSTEM","4624","Security","Logon","","","","","-"
"16/8/2026, 3:42:22.501805 pm","DC01.darkzero.htb","SYSTEM","4672","Security","Privileged Logon","","","SeAssignPrimaryTokenPrivilege
			SeTcbPrivilege
			SeSecurityPrivilege
			SeTakeOwnershipPrivilege
			SeLoadDriverPrivilege
			SeBackupPrivilege
			SeRestorePrivilege
			SeDebugPrivilege
			SeAuditPrivilege
			SeSystemEnvironmentPrivilege
			SeImpersonatePrivilege
			SeDelegateSessionUserImpersonatePrivilege","",""
"16/8/2026, 3:42:22.639774 pm","DC01.darkzero.htb","SYSTEM","4624","Security","Logon","","","","","-"
"16/8/2026, 3:42:22.639789 pm","DC01.darkzero.htb","SYSTEM","4672","Security","Privileged Logon","","","SeAssignPrimaryTokenPrivilege
			SeTcbPrivilege
			SeSecurityPrivilege
			SeTakeOwnershipPrivilege
			SeLoadDriverPrivilege
			SeBackupPrivilege
			SeRestorePrivilege
			SeDebugPrivilege
			SeAuditPrivilege
			SeSystemEnvironmentPrivilege
			SeImpersonatePrivilege
			SeDelegateSessionUserImpersonatePrivilege","",""
"16/8/2026, 3:42:22.728548 pm","DC01.darkzero.htb","NT AUTHORITY\SYSTEM","11","Sysmon","File Created","C:\Windows\Temp\etilqs_LjcmSPs7Rz05fIc","","","",""
"16/8/2026, 3:42:22.733057 pm","DC01.darkzero.htb","NT AUTHORITY\SYSTEM","11","Sysmon","File Created","C:\ProgramData\regid.1991-06.com.microsoft\regid.1991-06.com.microsoft_Windows-Server-2025-Datacenter.swidtag","","","",""
"16/8/2026, 3:42:22.782008 pm","DC01.darkzero.htb","NT AUTHORITY\SYSTEM","11","Sysmon","File Created","C:\ProgramData\USOPrivate\UpdateStore\store.db-journal","","","",""
"16/8/2026, 3:42:23.128161 pm","DC01.darkzero.htb","NT AUTHORITY\SYSTEM","11","Sysmon","File Created","C:\ProgramData\USOPrivate\UpdateStore\store.bak-journal","","","",""
"16/8/2026, 3:42:23.153716 pm","DC01.darkzero.htb","NT AUTHORITY\SYSTEM","11","Sysmon","File Created","C:\ProgramData\USOPrivate\UpdateStore\store.bak-journal","","","",""
"16/8/2026, 3:42:24.27374 pm","DC01.darkzero.htb","NT AUTHORITY\SYSTEM","11","Sysmon","File Created","C:\ProgramData\USOPrivate\UpdateStore\store.db-journal","","","",""
"16/8/2026, 3:42:24.418649 pm","DC01.darkzero.htb","NT AUTHORITY\SYSTEM","11","Sysmon","File Created","C:\ProgramData\USOPrivate\UpdateStore\store.db-journal","","","",""
"16/8/2026, 3:42:24.651144 pm","DC01.darkzero.htb","NT AUTHORITY\SYSTEM","11","Sysmon","File Created","C:\ProgramData\USOPrivate\UpdateStore\store.db-journal","","","",""
"16/8/2026, 3:42:24.67695 pm","DC01.darkzero.htb","NT AUTHORITY\SYSTEM","11","Sysmon","File Created","C:\ProgramData\USOPrivate\UpdateStore\store.db-journal","","","",""
"16/8/2026, 3:42:27.287538 pm","DC01.darkzero.htb","ella","4768","Security","Kerberos TGT","","","","0x12","::1"
"16/8/2026, 3:42:27.289061 pm","DC01.darkzero.htb","ella@DARKZERO.HTB","4769","Security","Kerberos Service Ticket","","","","0x12","::1"
"16/8/2026, 3:42:27.295469 pm","DC01.darkzero.htb","ella","4624","Security","Logon","","","","","-"
"16/8/2026, 3:42:27.304652 pm","DC01.darkzero.htb","darkzero\ella","1","Sysmon","Process Creation","","","""powershell.exe"" -NoProfile -NoLogo -NonInteractive -ExecutionPolicy Bypass -File ""C:\Users\ella\access_gitea.ps1""","",""
"16/8/2026, 3:42:27.49457 pm","DC01.darkzero.htb","darkzero\ella","11","Sysmon","File Created","C:\Users\ella.darkzero\AppData\Local\Temp\__PSScriptPolicyTest_foue55vg.0dl.ps1","","","",""
"16/8/2026, 3:42:27.494843 pm","DC01.darkzero.htb","darkzero\ella","11","Sysmon","File Created","C:\Users\ella.darkzero\AppData\Local\Temp\__PSScriptPolicyTest_kq02uzub.hu3.psm1","","","",""
"16/8/2026, 3:42:30.890498 pm","DC01.darkzero.htb","darkzero\ella","11","Sysmon","File Created","C:\Users\ella.darkzero\AppData\Local\Microsoft\Windows\PowerShell\StartupProfileData-NonInteractive","","","",""
"16/8/2026, 3:42:58.075254 pm","DC01.darkzero.htb","DC01$","4672","Security","Privileged Logon","","","SeSecurityPrivilege
			SeBackupPrivilege
			SeRestorePrivilege
			SeTakeOwnershipPrivilege
			SeDebugPrivilege
			SeSystemEnvironmentPrivilege
			SeLoadDriverPrivilege
			SeImpersonatePrivilege
			SeDelegateSessionUserImpersonatePrivilege
			SeEnableDelegationPrivilege","",""
"16/8/2026, 3:42:58.075446 pm","DC01.darkzero.htb","DC01$","4624","Security","Logon","","","","","127.0.0.1"
"16/8/2026, 3:43:27.299715 pm","DC01.darkzero.htb","ella","4768","Security","Kerberos TGT","","","","0x12","::1"
"16/8/2026, 3:43:27.301469 pm","DC01.darkzero.htb","ella@DARKZERO.HTB","4769","Security","Kerberos Service Ticket","","","","0x12","::1"
"16/8/2026, 3:43:27.308203 pm","DC01.darkzero.htb","ella","4624","Security","Logon","","","","","-"
"16/8/2026, 3:43:27.481246 pm","DC01.darkzero.htb","darkzero\ella","1","Sysmon","Process Creation","","","""powershell.exe"" -NoProfile -NoLogo -NonInteractive -ExecutionPolicy Bypass -File ""C:\Users\ella\access_gitea.ps1""","",""
"16/8/2026, 3:43:28.660139 pm","DC01.darkzero.htb","darkzero\ella","11","Sysmon","File Created","C:\Users\ella.darkzero\AppData\Local\Temp\__PSScriptPolicyTest_1vipoxjc.a4o.ps1","","","",""
"16/8/2026, 3:43:28.661136 pm","DC01.darkzero.htb","darkzero\ella","11","Sysmon","File Created","C:\Users\ella.darkzero\AppData\Local\Temp\__PSScriptPolicyTest_w45th4md.gbq.psm1","","","",""
"16/8/2026, 3:43:35.567518 pm","DC01.darkzero.htb","darkzero\ella","11","Sysmon","File Created","C:\Users\ella.darkzero\AppData\Local\Microsoft\Windows\PowerShell\StartupProfileData-NonInteractive","","","",""
"16/8/2026, 3:43:58.083877 pm","DC01.darkzero.htb","DC01$","4672","Security","Privileged Logon","","","SeSecurityPrivilege
			SeBackupPrivilege
			SeRestorePrivilege
			SeTakeOwnershipPrivilege
			SeDebugPrivilege
			SeSystemEnvironmentPrivilege
			SeLoadDriverPrivilege
			SeImpersonatePrivilege
			SeDelegateSessionUserImpersonatePrivilege
			SeEnableDelegationPrivilege","",""
"16/8/2026, 3:43:58.084155 pm","DC01.darkzero.htb","DC01$","4624","Security","Logon","","","","","127.0.0.1"
"16/8/2026, 3:44:05.447494 pm","DC01.darkzero.htb","DC01$@DARKZERO.HTB","4769","Security","Kerberos Service Ticket","","","","0x12","::1"
"16/8/2026, 3:44:20.641842 pm","DC01.darkzero.htb","","{'#attributes': {'Qualifiers': 16384}, '#text': 1869}","DirectoryService","Replication Event","","","","",""
"16/8/2026, 3:44:20.692578 pm","DC01.darkzero.htb","DC01$@DARKZERO.HTB","4769","Security","Kerberos Service Ticket","","","","0x12","::1"
"16/8/2026, 3:44:20.693925 pm","DC01.darkzero.htb","DC01$","4672","Security","Privileged Logon","","","SeSecurityPrivilege
			SeBackupPrivilege
			SeRestorePrivilege
			SeTakeOwnershipPrivilege
			SeDebugPrivilege
			SeSystemEnvironmentPrivilege
			SeLoadDriverPrivilege
			SeImpersonatePrivilege
			SeDelegateSessionUserImpersonatePrivilege
			SeEnableDelegationPrivilege","",""
"16/8/2026, 3:44:20.694745 pm","DC01.darkzero.htb","DC01$","4624","Security","Logon","","","","","::1"
"16/8/2026, 3:44:20.697059 pm","DC01.darkzero.htb","DC01$","4662","Security","Object Access (poss. DCSync)","%{c5b34810-a7d4-48a4-ad4c-5fb4ab0f8fed}","","","",""
"16/8/2026, 3:44:21.30455 pm","DC01.darkzero.htb","","{'#attributes': {'Qualifiers': 16384}, '#text': 3033}","DirectoryService","Replication Event","","","","",""
"16/8/2026, 3:44:21.405399 pm","DC01.darkzero.htb","","{'#attributes': {'Qualifiers': 16384}, '#text': 3027}","DirectoryService","Replication Event","3600","","","",""
"16/8/2026, 3:44:21.406238 pm","DC01.darkzero.htb","","{'#attributes': {'Qualifiers': 0}, '#text': 102}","DirectoryService","Replication Event","","","","",""
"16/8/2026, 3:44:21.40698 pm","DC01.darkzero.htb","","{'#attributes': {'Qualifiers': 0}, '#text': 105}","DirectoryService","Replication Event","","","","",""
"16/8/2026, 3:44:21.407681 pm","DC01.darkzero.htb","","{'#attributes': {'Qualifiers': 0}, '#text': 330}","DirectoryService","Replication Event","","","","",""
"16/8/2026, 3:44:21.408054 pm","DC01.darkzero.htb","","{'#attributes': {'Qualifiers': 0}, '#text': 326}","DirectoryService","Replication Event","","","","",""
"16/8/2026, 3:44:21.408649 pm","DC01.darkzero.htb","","{'#attributes': {'Qualifiers': 0}, '#text': 330}","DirectoryService","Replication Event","","","","",""
"16/8/2026, 3:44:21.409026 pm","DC01.darkzero.htb","","{'#attributes': {'Qualifiers': 0}, '#text': 700}","DirectoryService","Replication Event","","","","",""
"16/8/2026, 3:44:22.059379 pm","DC01.darkzero.htb","","{'#attributes': {'Qualifiers': 0}, '#text': 701}","DirectoryService","Replication Event","","","","",""
"16/8/2026, 3:44:27.409155 pm","DC01.darkzero.htb","ella","4768","Security","Kerberos TGT","","","","0x12","::1"
"16/8/2026, 3:44:27.411092 pm","DC01.darkzero.htb","ella@DARKZERO.HTB","4769","Security","Kerberos Service Ticket","","","","0x12","::1"
"16/8/2026, 3:44:27.418455 pm","DC01.darkzero.htb","ella","4624","Security","Logon","","","","","-"
"16/8/2026, 3:44:27.428063 pm","DC01.darkzero.htb","darkzero\ella","1","Sysmon","Process Creation","","","""powershell.exe"" -NoProfile -NoLogo -NonInteractive -ExecutionPolicy Bypass -File ""C:\Users\ella\access_gitea.ps1""","",""
"16/8/2026, 3:44:28.98472 pm","DC01.darkzero.htb","darkzero\ella","11","Sysmon","File Created","C:\Users\ella.darkzero\AppData\Local\Temp\__PSScriptPolicyTest_nzwidll1.ppr.ps1","","","",""
"16/8/2026, 3:44:28.986005 pm","DC01.darkzero.htb","darkzero\ella","11","Sysmon","File Created","C:\Users\ella.darkzero\AppData\Local\Temp\__PSScriptPolicyTest_yh45bmdf.jbc.psm1","","","",""
"16/8/2026, 3:44:35.183958 pm","DC01.darkzero.htb","darkzero\ella","11","Sysmon","File Created","C:\Users\ella.darkzero\AppData\Local\Microsoft\Windows\PowerShell\StartupProfileData-NonInteractive","","","",""
"16/8/2026, 3:44:58.176054 pm","DC01.darkzero.htb","DC01$","4672","Security","Privileged Logon","","","SeSecurityPrivilege
			SeBackupPrivilege
			SeRestorePrivilege
			SeTakeOwnershipPrivilege
			SeDebugPrivilege
			SeSystemEnvironmentPrivilege
			SeLoadDriverPrivilege
			SeImpersonatePrivilege
			SeDelegateSessionUserImpersonatePrivilege
			SeEnableDelegationPrivilege","",""
"16/8/2026, 3:44:58.17626 pm","DC01.darkzero.htb","DC01$","4624","Security","Logon","","","","","127.0.0.1"
"16/8/2026, 3:45:06.201385 pm","DC01.darkzero.htb","NT AUTHORITY\SYSTEM","11","Sysmon","File Created","C:\System Volume Information\DFSR\Config\Replica_403BC236-9053-43D0-AAD0-74F0FB6A21A3.XML.TMP","","","",""
"16/8/2026, 3:45:06.205618 pm","DC01.darkzero.htb","NT AUTHORITY\SYSTEM","11","Sysmon","File Created","C:\System Volume Information\DFSR\Config\Volume_57941D7E-1E19-4293-AB21-2231712EE33A.XML.TMP","","","",""
"16/8/2026, 3:45:07.042288 pm","DC01.darkzero.htb","DC01$","4672","Security","Privileged Logon","","","SeSecurityPrivilege
			SeBackupPrivilege
			SeRestorePrivilege
			SeTakeOwnershipPrivilege
			SeDebugPrivilege
			SeSystemEnvironmentPrivilege
			SeLoadDriverPrivilege
			SeImpersonatePrivilege
			SeDelegateSessionUserImpersonatePrivilege
			SeEnableDelegationPrivilege","",""
"16/8/2026, 3:45:07.042462 pm","DC01.darkzero.htb","DC01$","4624","Security","Logon","","","","","172.16.20.1"
"16/8/2026, 3:45:07.320135 pm","DC01.darkzero.htb","DC01$","4672","Security","Privileged Logon","","","SeSecurityPrivilege
			SeBackupPrivilege
			SeRestorePrivilege
			SeTakeOwnershipPrivilege
			SeDebugPrivilege
			SeSystemEnvironmentPrivilege
			SeLoadDriverPrivilege
			SeImpersonatePrivilege
			SeDelegateSessionUserImpersonatePrivilege
			SeEnableDelegationPrivilege","",""
"16/8/2026, 3:45:07.320337 pm","DC01.darkzero.htb","DC01$","4624","Security","Logon","","","","","172.16.20.1"
"16/8/2026, 3:45:07.329699 pm","DC01.darkzero.htb","DC01$","4672","Security","Privileged Logon","","","SeSecurityPrivilege
			SeBackupPrivilege
			SeRestorePrivilege
			SeTakeOwnershipPrivilege
			SeDebugPrivilege
			SeSystemEnvironmentPrivilege
			SeLoadDriverPrivilege
			SeImpersonatePrivilege
			SeDelegateSessionUserImpersonatePrivilege
			SeEnableDelegationPrivilege","",""
"16/8/2026, 3:45:07.33049 pm","DC01.darkzero.htb","DC01$","4624","Security","Logon","","","","","::1"
"16/8/2026, 3:45:07.367195 pm","DC01.darkzero.htb","DC01$","4672","Security","Privileged Logon","","","SeSecurityPrivilege
			SeBackupPrivilege
			SeRestorePrivilege
			SeTakeOwnershipPrivilege
			SeDebugPrivilege
			SeSystemEnvironmentPrivilege
			SeLoadDriverPrivilege
			SeImpersonatePrivilege
			SeDelegateSessionUserImpersonatePrivilege
			SeEnableDelegationPrivilege","",""
"16/8/2026, 3:45:07.367473 pm","DC01.darkzero.htb","DC01$","4624","Security","Logon","","","","","-"
"16/8/2026, 3:45:07.785581 pm","DC01.darkzero.htb","DC01$","4672","Security","Privileged Logon","","","SeSecurityPrivilege
			SeBackupPrivilege
			SeRestorePrivilege
			SeTakeOwnershipPrivilege
			SeDebugPrivilege
			SeSystemEnvironmentPrivilege
			SeLoadDriverPrivilege
			SeImpersonatePrivilege
			SeDelegateSessionUserImpersonatePrivilege
			SeEnableDelegationPrivilege","",""
"16/8/2026, 3:45:07.78584 pm","DC01.darkzero.htb","DC01$","4624","Security","Logon","","","","","-"
"16/8/2026, 3:45:08.243262 pm","DC01.darkzero.htb","DC01$","4672","Security","Privileged Logon","","","SeSecurityPrivilege
			SeBackupPrivilege
			SeRestorePrivilege
			SeTakeOwnershipPrivilege
			SeDebugPrivilege
			SeSystemEnvironmentPrivilege
			SeLoadDriverPrivilege
			SeImpersonatePrivilege
			SeDelegateSessionUserImpersonatePrivilege
			SeEnableDelegationPrivilege","",""
"16/8/2026, 3:45:08.243527 pm","DC01.darkzero.htb","DC01$","4624","Security","Logon","","","","","-"
"16/8/2026, 3:45:08.43622 pm","DC01.darkzero.htb","DC01$","4672","Security","Privileged Logon","","","SeSecurityPrivilege
			SeBackupPrivilege
			SeRestorePrivilege
			SeTakeOwnershipPrivilege
			SeDebugPrivilege
			SeSystemEnvironmentPrivilege
			SeLoadDriverPrivilege
			SeImpersonatePrivilege
			SeDelegateSessionUserImpersonatePrivilege
			SeEnableDelegationPrivilege","",""
"16/8/2026, 3:45:08.436453 pm","DC01.darkzero.htb","DC01$","4624","Security","Logon","","","","","-"
"16/8/2026, 3:45:08.731654 pm","DC01.darkzero.htb","DC01$","4672","Security","Privileged Logon","","","SeSecurityPrivilege
			SeBackupPrivilege
			SeRestorePrivilege
			SeTakeOwnershipPrivilege
			SeDebugPrivilege
			SeSystemEnvironmentPrivilege
			SeLoadDriverPrivilege
			SeImpersonatePrivilege
			SeDelegateSessionUserImpersonatePrivilege
			SeEnableDelegationPrivilege","",""
"16/8/2026, 3:45:08.731911 pm","DC01.darkzero.htb","DC01$","4624","Security","Logon","","","","","-"
"16/8/2026, 3:45:08.892807 pm","DC01.darkzero.htb","DC01$","4672","Security","Privileged Logon","","","SeSecurityPrivilege
			SeBackupPrivilege
			SeRestorePrivilege
			SeTakeOwnershipPrivilege
			SeDebugPrivilege
			SeSystemEnvironmentPrivilege
			SeLoadDriverPrivilege
			SeImpersonatePrivilege
			SeDelegateSessionUserImpersonatePrivilege
			SeEnableDelegationPrivilege","",""
"16/8/2026, 3:45:08.893035 pm","DC01.darkzero.htb","DC01$","4624","Security","Logon","","","","","-"
"16/8/2026, 3:45:09.448099 pm","DC01.darkzero.htb","DC01$","4672","Security","Privileged Logon","","","SeSecurityPrivilege
			SeBackupPrivilege
			SeRestorePrivilege
			SeTakeOwnershipPrivilege
			SeDebugPrivilege
			SeSystemEnvironmentPrivilege
			SeLoadDriverPrivilege
			SeImpersonatePrivilege
			SeDelegateSessionUserImpersonatePrivilege
			SeEnableDelegationPrivilege","",""
"16/8/2026, 3:45:09.448958 pm","DC01.darkzero.htb","DC01$","4624","Security","Logon","","","","","-"
"16/8/2026, 3:45:09.792564 pm","DC01.darkzero.htb","DC01$","4672","Security","Privileged Logon","","","SeSecurityPrivilege
			SeBackupPrivilege
			SeRestorePrivilege
			SeTakeOwnershipPrivilege
			SeDebugPrivilege
			SeSystemEnvironmentPrivilege
			SeLoadDriverPrivilege
			SeImpersonatePrivilege
			SeDelegateSessionUserImpersonatePrivilege
			SeEnableDelegationPrivilege","",""
"16/8/2026, 3:45:09.792832 pm","DC01.darkzero.htb","DC01$","4624","Security","Logon","","","","","-"
"16/8/2026, 3:45:10.121678 pm","DC01.darkzero.htb","NT AUTHORITY\SYSTEM","11","Sysmon","File Created","C:\Windows\System32\config\netlogon.dnb","","","",""
"16/8/2026, 3:45:10.124562 pm","DC01.darkzero.htb","NT AUTHORITY\SYSTEM","11","Sysmon","File Created","C:\Windows\System32\config\netlogon.dns","","","",""
"16/8/2026, 3:45:15.954361 pm","DC01.darkzero.htb","NT AUTHORITY\SYSTEM","1","Sysmon","Process Creation","","","""C:\WINDOWS\system32\usoclient.exe"" ReportPolicies","",""
"16/8/2026, 3:45:27.125747 pm","DC01.darkzero.htb","DC01$","4672","Security","Privileged Logon","","","SeSecurityPrivilege
			SeBackupPrivilege
			SeRestorePrivilege
			SeTakeOwnershipPrivilege
			SeDebugPrivilege
			SeSystemEnvironmentPrivilege
			SeLoadDriverPrivilege
			SeImpersonatePrivilege
			SeDelegateSessionUserImpersonatePrivilege
			SeEnableDelegationPrivilege","",""
"16/8/2026, 3:45:27.126062 pm","DC01.darkzero.htb","DC01$","4624","Security","Logon","","","","","::1"
"16/8/2026, 3:45:27.447268 pm","DC01.darkzero.htb","ella","4768","Security","Kerberos TGT","","","","0x12","::1"
"16/8/2026, 3:45:27.450129 pm","DC01.darkzero.htb","ella@DARKZERO.HTB","4769","Security","Kerberos Service Ticket","","","","0x12","::1"
"16/8/2026, 3:45:27.45768 pm","DC01.darkzero.htb","ella","4624","Security","Logon","","","","","-"
"16/8/2026, 3:45:27.468279 pm","DC01.darkzero.htb","darkzero\ella","1","Sysmon","Process Creation","","","""powershell.exe"" -NoProfile -NoLogo -NonInteractive -ExecutionPolicy Bypass -File ""C:\Users\ella\access_gitea.ps1""","",""
"16/8/2026, 3:45:27.751802 pm","DC01.darkzero.htb","DC01$","4672","Security","Privileged Logon","","","SeSecurityPrivilege
			SeBackupPrivilege
			SeRestorePrivilege
			SeTakeOwnershipPrivilege
			SeDebugPrivilege
			SeSystemEnvironmentPrivilege
			SeLoadDriverPrivilege
			SeImpersonatePrivilege
			SeDelegateSessionUserImpersonatePrivilege
			SeEnableDelegationPrivilege","",""
"16/8/2026, 3:45:27.752209 pm","DC01.darkzero.htb","DC01$","4624","Security","Logon","","","","","172.16.20.1"
"16/8/2026, 3:45:27.843025 pm","DC01.darkzero.htb","DC01$","4672","Security","Privileged Logon","","","SeSecurityPrivilege
			SeBackupPrivilege
			SeRestorePrivilege
			SeTakeOwnershipPrivilege
			SeDebugPrivilege
			SeSystemEnvironmentPrivilege
			SeLoadDriverPrivilege
			SeImpersonatePrivilege
			SeDelegateSessionUserImpersonatePrivilege
			SeEnableDelegationPrivilege","",""
"16/8/2026, 3:45:27.843334 pm","DC01.darkzero.htb","DC01$","4624","Security","Logon","","","","","::1"
"16/8/2026, 3:45:27.869837 pm","DC01.darkzero.htb","DC01$","4672","Security","Privileged Logon","","","SeSecurityPrivilege
			SeBackupPrivilege
			SeRestorePrivilege
			SeTakeOwnershipPrivilege
			SeDebugPrivilege
			SeSystemEnvironmentPrivilege
			SeLoadDriverPrivilege
			SeImpersonatePrivilege
			SeDelegateSessionUserImpersonatePrivilege
			SeEnableDelegationPrivilege","",""
"16/8/2026, 3:45:27.870016 pm","DC01.darkzero.htb","DC01$","4624","Security","Logon","","","","","::1"
"16/8/2026, 3:45:27.976655 pm","DC01.darkzero.htb","DC01$","4672","Security","Privileged Logon","","","SeSecurityPrivilege
			SeBackupPrivilege
			SeRestorePrivilege
			SeTakeOwnershipPrivilege
			SeDebugPrivilege
			SeSystemEnvironmentPrivilege
			SeLoadDriverPrivilege
			SeImpersonatePrivilege
			SeDelegateSessionUserImpersonatePrivilege
			SeEnableDelegationPrivilege","",""
"16/8/2026, 3:45:27.976841 pm","DC01.darkzero.htb","DC01$","4624","Security","Logon","","","","","10.129.28.204"
"16/8/2026, 3:45:28.248345 pm","DC01.darkzero.htb","DC01$","4672","Security","Privileged Logon","","","SeSecurityPrivilege
			SeBackupPrivilege
			SeRestorePrivilege
			SeTakeOwnershipPrivilege
			SeDebugPrivilege
			SeSystemEnvironmentPrivilege
			SeLoadDriverPrivilege
			SeImpersonatePrivilege
			SeDelegateSessionUserImpersonatePrivilege
			SeEnableDelegationPrivilege","",""
"16/8/2026, 3:45:28.248614 pm","DC01.darkzero.htb","DC01$","4624","Security","Logon","","","","","::1"
"16/8/2026, 3:45:29.058474 pm","DC01.darkzero.htb","darkzero\ella","11","Sysmon","File Created","C:\Users\ella.darkzero\AppData\Local\Temp\__PSScriptPolicyTest_myzwx5g4.g1x.ps1","","","",""
"16/8/2026, 3:45:29.059712 pm","DC01.darkzero.htb","darkzero\ella","11","Sysmon","File Created","C:\Users\ella.darkzero\AppData\Local\Temp\__PSScriptPolicyTest_nq2wqhwe.sre.psm1","","","",""
"16/8/2026, 3:45:35.057417 pm","DC01.darkzero.htb","darkzero\ella","11","Sysmon","File Created","C:\Users\ella.darkzero\AppData\Local\Microsoft\Windows\PowerShell\StartupProfileData-NonInteractive","","","",""
"16/8/2026, 3:45:58.397212 pm","DC01.darkzero.htb","DC01$","4672","Security","Privileged Logon","","","SeSecurityPrivilege
			SeBackupPrivilege
			SeRestorePrivilege
			SeTakeOwnershipPrivilege
			SeDebugPrivilege
			SeSystemEnvironmentPrivilege
			SeLoadDriverPrivilege
			SeImpersonatePrivilege
			SeDelegateSessionUserImpersonatePrivilege
			SeEnableDelegationPrivilege","",""
"16/8/2026, 3:45:58.39745 pm","DC01.darkzero.htb","DC01$","4624","Security","Logon","","","","","127.0.0.1"
"16/8/2026, 3:46:27.504161 pm","DC01.darkzero.htb","ella","4768","Security","Kerberos TGT","","","","0x12","::1"
"16/8/2026, 3:46:27.505865 pm","DC01.darkzero.htb","ella@DARKZERO.HTB","4769","Security","Kerberos Service Ticket","","","","0x12","::1"
"16/8/2026, 3:46:27.513577 pm","DC01.darkzero.htb","ella","4624","Security","Logon","","","","","-"
"16/8/2026, 3:46:27.523605 pm","DC01.darkzero.htb","darkzero\ella","1","Sysmon","Process Creation","","","""powershell.exe"" -NoProfile -NoLogo -NonInteractive -ExecutionPolicy Bypass -File ""C:\Users\ella\access_gitea.ps1""","",""
"16/8/2026, 3:46:28.918263 pm","DC01.darkzero.htb","darkzero\ella","11","Sysmon","File Created","C:\Users\ella.darkzero\AppData\Local\Temp\__PSScriptPolicyTest_edbsnaay.1or.ps1","","","",""
"16/8/2026, 3:46:28.919549 pm","DC01.darkzero.htb","darkzero\ella","11","Sysmon","File Created","C:\Users\ella.darkzero\AppData\Local\Temp\__PSScriptPolicyTest_txuq4ikq.gqw.psm1","","","",""
"16/8/2026, 3:46:35.269536 pm","DC01.darkzero.htb","darkzero\ella","11","Sysmon","File Created","C:\Users\ella.darkzero\AppData\Local\Microsoft\Windows\PowerShell\StartupProfileData-NonInteractive","","","",""
"16/8/2026, 3:46:58.404543 pm","DC01.darkzero.htb","DC01$","4672","Security","Privileged Logon","","","SeSecurityPrivilege
			SeBackupPrivilege
			SeRestorePrivilege
			SeTakeOwnershipPrivilege
			SeDebugPrivilege
			SeSystemEnvironmentPrivilege
			SeLoadDriverPrivilege
			SeImpersonatePrivilege
			SeDelegateSessionUserImpersonatePrivilege
			SeEnableDelegationPrivilege","",""
"16/8/2026, 3:46:58.40492 pm","DC01.darkzero.htb","DC01$","4624","Security","Logon","","","","","127.0.0.1"
"16/8/2026, 3:47:20.461702 pm","DC01.darkzero.htb","DC01$","4672","Security","Privileged Logon","","","SeSecurityPrivilege
			SeBackupPrivilege
			SeRestorePrivilege
			SeTakeOwnershipPrivilege
			SeDebugPrivilege
			SeSystemEnvironmentPrivilege
			SeLoadDriverPrivilege
			SeImpersonatePrivilege
			SeDelegateSessionUserImpersonatePrivilege
			SeEnableDelegationPrivilege","",""
"16/8/2026, 3:47:20.462599 pm","DC01.darkzero.htb","DC01$","4624","Security","Logon","","","","","::1"
"16/8/2026, 3:47:27.606523 pm","DC01.darkzero.htb","ella","4768","Security","Kerberos TGT","","","","0x12","::1"
"16/8/2026, 3:47:27.60869 pm","DC01.darkzero.htb","ella@DARKZERO.HTB","4769","Security","Kerberos Service Ticket","","","","0x12","::1"
"16/8/2026, 3:47:27.615768 pm","DC01.darkzero.htb","ella","4624","Security","Logon","","","","","-"
"16/8/2026, 3:47:27.625217 pm","DC01.darkzero.htb","darkzero\ella","1","Sysmon","Process Creation","","","""powershell.exe"" -NoProfile -NoLogo -NonInteractive -ExecutionPolicy Bypass -File ""C:\Users\ella\access_gitea.ps1""","",""
"16/8/2026, 3:47:29.050062 pm","DC01.darkzero.htb","darkzero\ella","11","Sysmon","File Created","C:\Users\ella.darkzero\AppData\Local\Temp\__PSScriptPolicyTest_iyapswwx.wuy.ps1","","","",""
"16/8/2026, 3:47:29.055248 pm","DC01.darkzero.htb","darkzero\ella","11","Sysmon","File Created","C:\Users\ella.darkzero\AppData\Local\Temp\__PSScriptPolicyTest_4g2ohame.gjr.psm1","","","",""
"16/8/2026, 3:47:35.191763 pm","DC01.darkzero.htb","darkzero\ella","11","Sysmon","File Created","C:\Users\ella.darkzero\AppData\Local\Microsoft\Windows\PowerShell\StartupProfileData-NonInteractive","","","",""
"16/8/2026, 3:47:58.577633 pm","DC01.darkzero.htb","DC01$","4672","Security","Privileged Logon","","","SeSecurityPrivilege
			SeBackupPrivilege
			SeRestorePrivilege
			SeTakeOwnershipPrivilege
			SeDebugPrivilege
			SeSystemEnvironmentPrivilege
			SeLoadDriverPrivilege
			SeImpersonatePrivilege
			SeDelegateSessionUserImpersonatePrivilege
			SeEnableDelegationPrivilege","",""
"16/8/2026, 3:47:58.577827 pm","DC01.darkzero.htb","DC01$","4624","Security","Logon","","","","","127.0.0.1"
"16/8/2026, 3:48:27.758431 pm","DC01.darkzero.htb","ella","4768","Security","Kerberos TGT","","","","0x12","::1"
"16/8/2026, 3:48:27.760566 pm","DC01.darkzero.htb","ella@DARKZERO.HTB","4769","Security","Kerberos Service Ticket","","","","0x12","::1"
"16/8/2026, 3:48:27.771721 pm","DC01.darkzero.htb","ella","4624","Security","Logon","","","","","-"
"16/8/2026, 3:48:27.910905 pm","DC01.darkzero.htb","darkzero\ella","1","Sysmon","Process Creation","","","""powershell.exe"" -NoProfile -NoLogo -NonInteractive -ExecutionPolicy Bypass -File ""C:\Users\ella\access_gitea.ps1""","",""
"16/8/2026, 3:48:29.235057 pm","DC01.darkzero.htb","darkzero\ella","11","Sysmon","File Created","C:\Users\ella.darkzero\AppData\Local\Temp\__PSScriptPolicyTest_ozaazflw.r4t.ps1","","","",""
"16/8/2026, 3:48:29.235828 pm","DC01.darkzero.htb","darkzero\ella","11","Sysmon","File Created","C:\Users\ella.darkzero\AppData\Local\Temp\__PSScriptPolicyTest_xtmr1tcr.33u.psm1","","","",""
"16/8/2026, 3:48:35.305551 pm","DC01.darkzero.htb","darkzero\ella","11","Sysmon","File Created","C:\Users\ella.darkzero\AppData\Local\Microsoft\Windows\PowerShell\StartupProfileData-NonInteractive","","","",""
"16/8/2026, 3:48:35.772388 pm","DC01.darkzero.htb","NT AUTHORITY\SYSTEM","1","Sysmon","Process Creation","","","taskhostw.exe","",""
"16/8/2026, 3:48:58.675866 pm","DC01.darkzero.htb","DC01$","4672","Security","Privileged Logon","","","SeSecurityPrivilege
			SeBackupPrivilege
			SeRestorePrivilege
			SeTakeOwnershipPrivilege
			SeDebugPrivilege
			SeSystemEnvironmentPrivilege
			SeLoadDriverPrivilege
			SeImpersonatePrivilege
			SeDelegateSessionUserImpersonatePrivilege
			SeEnableDelegationPrivilege","",""
"16/8/2026, 3:48:58.676111 pm","DC01.darkzero.htb","DC01$","4624","Security","Logon","","","","","127.0.0.1"
"16/8/2026, 3:49:27.780418 pm","DC01.darkzero.htb","ella","4768","Security","Kerberos TGT","","","","0x12","::1"
"16/8/2026, 3:49:27.783226 pm","DC01.darkzero.htb","ella@DARKZERO.HTB","4769","Security","Kerberos Service Ticket","","","","0x12","::1"
"16/8/2026, 3:49:27.793824 pm","DC01.darkzero.htb","ella","4624","Security","Logon","","","","","-"
"16/8/2026, 3:49:27.877504 pm","DC01.darkzero.htb","darkzero\ella","1","Sysmon","Process Creation","","","""powershell.exe"" -NoProfile -NoLogo -NonInteractive -ExecutionPolicy Bypass -File ""C:\Users\ella\access_gitea.ps1""","",""
"16/8/2026, 3:49:29.237195 pm","DC01.darkzero.htb","darkzero\ella","11","Sysmon","File Created","C:\Users\ella.darkzero\AppData\Local\Temp\__PSScriptPolicyTest_d2hjy5wq.ttk.ps1","","","",""
"16/8/2026, 3:49:29.239842 pm","DC01.darkzero.htb","darkzero\ella","11","Sysmon","File Created","C:\Users\ella.darkzero\AppData\Local\Temp\__PSScriptPolicyTest_i11ylu0y.ghd.psm1","","","",""
"16/8/2026, 3:49:35.390059 pm","DC01.darkzero.htb","darkzero\ella","11","Sysmon","File Created","C:\Users\ella.darkzero\AppData\Local\Microsoft\Windows\PowerShell\StartupProfileData-NonInteractive","","","",""
"16/8/2026, 3:49:58.721124 pm","DC01.darkzero.htb","DC01$","4672","Security","Privileged Logon","","","SeSecurityPrivilege
			SeBackupPrivilege
			SeRestorePrivilege
			SeTakeOwnershipPrivilege
			SeDebugPrivilege
			SeSystemEnvironmentPrivilege
			SeLoadDriverPrivilege
			SeImpersonatePrivilege
			SeDelegateSessionUserImpersonatePrivilege
			SeEnableDelegationPrivilege","",""
"16/8/2026, 3:49:58.721296 pm","DC01.darkzero.htb","DC01$","4624","Security","Logon","","","","","127.0.0.1"
"16/8/2026, 3:50:07.41823 pm","DC01.darkzero.htb","NT AUTHORITY\SYSTEM","11","Sysmon","File Created","C:\System Volume Information\DFSR\Config\Replica_403BC236-9053-43D0-AAD0-74F0FB6A21A3.XML.TMP","","","",""
"16/8/2026, 3:50:07.423799 pm","DC01.darkzero.htb","NT AUTHORITY\SYSTEM","11","Sysmon","File Created","C:\System Volume Information\DFSR\Config\Volume_57941D7E-1E19-4293-AB21-2231712EE33A.XML.TMP","","","",""
"16/8/2026, 3:50:07.603658 pm","DC01.darkzero.htb","DC01$","4672","Security","Privileged Logon","","","SeSecurityPrivilege
			SeBackupPrivilege
			SeRestorePrivilege
			SeTakeOwnershipPrivilege
			SeDebugPrivilege
			SeSystemEnvironmentPrivilege
			SeLoadDriverPrivilege
			SeImpersonatePrivilege
			SeDelegateSessionUserImpersonatePrivilege
			SeEnableDelegationPrivilege","",""
"16/8/2026, 3:50:07.60387 pm","DC01.darkzero.htb","DC01$","4624","Security","Logon","","","","","172.16.20.1"
"16/8/2026, 3:50:07.75882 pm","DC01.darkzero.htb","DC01$","4672","Security","Privileged Logon","","","SeSecurityPrivilege
			SeBackupPrivilege
			SeRestorePrivilege
			SeTakeOwnershipPrivilege
			SeDebugPrivilege
			SeSystemEnvironmentPrivilege
			SeLoadDriverPrivilege
			SeImpersonatePrivilege
			SeDelegateSessionUserImpersonatePrivilege
			SeEnableDelegationPrivilege","",""
"16/8/2026, 3:50:07.759001 pm","DC01.darkzero.htb","DC01$","4624","Security","Logon","","","","","172.16.20.1"
"16/8/2026, 3:50:27.745666 pm","DC01.darkzero.htb","ella","4768","Security","Kerberos TGT","","","","0x12","::1"
"16/8/2026, 3:50:27.750331 pm","DC01.darkzero.htb","ella@DARKZERO.HTB","4769","Security","Kerberos Service Ticket","","","","0x12","::1"
"16/8/2026, 3:50:27.76233 pm","DC01.darkzero.htb","ella","4624","Security","Logon","","","","","-"
"16/8/2026, 3:50:27.77629 pm","DC01.darkzero.htb","darkzero\ella","1","Sysmon","Process Creation","","","""powershell.exe"" -NoProfile -NoLogo -NonInteractive -ExecutionPolicy Bypass -File ""C:\Users\ella\access_gitea.ps1""","",""
"16/8/2026, 3:50:28.661076 pm","DC01.darkzero.htb","DC01$","4672","Security","Privileged Logon","","","SeSecurityPrivilege
			SeBackupPrivilege
			SeRestorePrivilege
			SeTakeOwnershipPrivilege
			SeDebugPrivilege
			SeSystemEnvironmentPrivilege
			SeLoadDriverPrivilege
			SeImpersonatePrivilege
			SeDelegateSessionUserImpersonatePrivilege
			SeEnableDelegationPrivilege","",""
"16/8/2026, 3:50:28.661247 pm","DC01.darkzero.htb","DC01$","4624","Security","Logon","","","","","172.16.20.1"
"16/8/2026, 3:50:28.678972 pm","DC01.darkzero.htb","DC01$","4672","Security","Privileged Logon","","","SeSecurityPrivilege
			SeBackupPrivilege
			SeRestorePrivilege
			SeTakeOwnershipPrivilege
			SeDebugPrivilege
			SeSystemEnvironmentPrivilege
			SeLoadDriverPrivilege
			SeImpersonatePrivilege
			SeDelegateSessionUserImpersonatePrivilege
			SeEnableDelegationPrivilege","",""
"16/8/2026, 3:50:28.679261 pm","DC01.darkzero.htb","DC01$","4624","Security","Logon","","","","","::1"
"16/8/2026, 3:50:28.817728 pm","DC01.darkzero.htb","DC01$","4672","Security","Privileged Logon","","","SeSecurityPrivilege
			SeBackupPrivilege
			SeRestorePrivilege
			SeTakeOwnershipPrivilege
			SeDebugPrivilege
			SeSystemEnvironmentPrivilege
			SeLoadDriverPrivilege
			SeImpersonatePrivilege
			SeDelegateSessionUserImpersonatePrivilege
			SeEnableDelegationPrivilege","",""
"16/8/2026, 3:50:28.817939 pm","DC01.darkzero.htb","DC01$","4624","Security","Logon","","","","","::1"
"16/8/2026, 3:50:28.904974 pm","DC01.darkzero.htb","DC01$","4672","Security","Privileged Logon","","","SeSecurityPrivilege
			SeBackupPrivilege
			SeRestorePrivilege
			SeTakeOwnershipPrivilege
			SeDebugPrivilege
			SeSystemEnvironmentPrivilege
			SeLoadDriverPrivilege
			SeImpersonatePrivilege
			SeDelegateSessionUserImpersonatePrivilege
			SeEnableDelegationPrivilege","",""
"16/8/2026, 3:50:28.905185 pm","DC01.darkzero.htb","DC01$","4624","Security","Logon","","","","","10.129.28.204"
"16/8/2026, 3:50:29.120735 pm","DC01.darkzero.htb","DC01$","4672","Security","Privileged Logon","","","SeSecurityPrivilege
			SeBackupPrivilege
			SeRestorePrivilege
			SeTakeOwnershipPrivilege
			SeDebugPrivilege
			SeSystemEnvironmentPrivilege
			SeLoadDriverPrivilege
			SeImpersonatePrivilege
			SeDelegateSessionUserImpersonatePrivilege
			SeEnableDelegationPrivilege","",""
"16/8/2026, 3:50:29.120914 pm","DC01.darkzero.htb","DC01$","4624","Security","Logon","","","","","::1"
"16/8/2026, 3:50:29.140909 pm","DC01.darkzero.htb","darkzero\ella","11","Sysmon","File Created","C:\Users\ella.darkzero\AppData\Local\Temp\__PSScriptPolicyTest_mh2or4yv.qer.ps1","","","",""
"16/8/2026, 3:50:29.142346 pm","DC01.darkzero.htb","darkzero\ella","11","Sysmon","File Created","C:\Users\ella.darkzero\AppData\Local\Temp\__PSScriptPolicyTest_p4qvkxdz.35q.psm1","","","",""
"16/8/2026, 3:50:35.562087 pm","DC01.darkzero.htb","darkzero\ella","11","Sysmon","File Created","C:\Users\ella.darkzero\AppData\Local\Microsoft\Windows\PowerShell\StartupProfileData-NonInteractive","","","",""
"16/8/2026, 3:50:58.947051 pm","DC01.darkzero.htb","DC01$","4672","Security","Privileged Logon","","","SeSecurityPrivilege
			SeBackupPrivilege
			SeRestorePrivilege
			SeTakeOwnershipPrivilege
			SeDebugPrivilege
			SeSystemEnvironmentPrivilege
			SeLoadDriverPrivilege
			SeImpersonatePrivilege
			SeDelegateSessionUserImpersonatePrivilege
			SeEnableDelegationPrivilege","",""
"16/8/2026, 3:50:58.94724 pm","DC01.darkzero.htb","DC01$","4624","Security","Logon","","","","","127.0.0.1"
"16/8/2026, 3:51:27.878946 pm","DC01.darkzero.htb","ella","4768","Security","Kerberos TGT","","","","0x12","::1"
"16/8/2026, 3:51:27.880937 pm","DC01.darkzero.htb","ella@DARKZERO.HTB","4769","Security","Kerberos Service Ticket","","","","0x12","::1"
"16/8/2026, 3:51:27.890097 pm","DC01.darkzero.htb","ella","4624","Security","Logon","","","","","-"
"16/8/2026, 3:51:28.208918 pm","DC01.darkzero.htb","darkzero\ella","1","Sysmon","Process Creation","","","""powershell.exe"" -NoProfile -NoLogo -NonInteractive -ExecutionPolicy Bypass -File ""C:\Users\ella\access_gitea.ps1""","",""
"16/8/2026, 3:51:29.456274 pm","DC01.darkzero.htb","darkzero\ella","11","Sysmon","File Created","C:\Users\ella.darkzero\AppData\Local\Temp\__PSScriptPolicyTest_gzk0iuox.pae.ps1","","","",""
"16/8/2026, 3:51:29.464339 pm","DC01.darkzero.htb","darkzero\ella","11","Sysmon","File Created","C:\Users\ella.darkzero\AppData\Local\Temp\__PSScriptPolicyTest_edjpbdbp.vlr.psm1","","","",""
"16/8/2026, 3:51:36.103782 pm","DC01.darkzero.htb","darkzero\ella","11","Sysmon","File Created","C:\Users\ella.darkzero\AppData\Local\Microsoft\Windows\PowerShell\StartupProfileData-NonInteractive","","","",""
"16/8/2026, 3:51:58.963825 pm","DC01.darkzero.htb","DC01$","4672","Security","Privileged Logon","","","SeSecurityPrivilege
			SeBackupPrivilege
			SeRestorePrivilege
			SeTakeOwnershipPrivilege
			SeDebugPrivilege
			SeSystemEnvironmentPrivilege
			SeLoadDriverPrivilege
			SeImpersonatePrivilege
			SeDelegateSessionUserImpersonatePrivilege
			SeEnableDelegationPrivilege","",""
"16/8/2026, 3:51:58.963996 pm","DC01.darkzero.htb","DC01$","4624","Security","Logon","","","","","127.0.0.1"
"16/8/2026, 3:52:28.057622 pm","DC01.darkzero.htb","ella","4768","Security","Kerberos TGT","","","","0x12","::1"
"16/8/2026, 3:52:28.064489 pm","DC01.darkzero.htb","ella@DARKZERO.HTB","4769","Security","Kerberos Service Ticket","","","","0x12","::1"
"16/8/2026, 3:52:28.076216 pm","DC01.darkzero.htb","ella","4624","Security","Logon","","","","","-"
"16/8/2026, 3:52:28.266873 pm","DC01.darkzero.htb","darkzero\ella","1","Sysmon","Process Creation","","","""powershell.exe"" -NoProfile -NoLogo -NonInteractive -ExecutionPolicy Bypass -File ""C:\Users\ella\access_gitea.ps1""","",""
"16/8/2026, 3:52:29.236753 pm","DC01.darkzero.htb","darkzero\ella","11","Sysmon","File Created","C:\Users\ella.darkzero\AppData\Local\Temp\__PSScriptPolicyTest_n1jjarte.prg.ps1","","","",""
"16/8/2026, 3:52:29.237519 pm","DC01.darkzero.htb","darkzero\ella","11","Sysmon","File Created","C:\Users\ella.darkzero\AppData\Local\Temp\__PSScriptPolicyTest_ihodytgt.rde.psm1","","","",""
"16/8/2026, 3:52:35.288909 pm","DC01.darkzero.htb","darkzero\ella","11","Sysmon","File Created","C:\Users\ella.darkzero\AppData\Local\Microsoft\Windows\PowerShell\StartupProfileData-NonInteractive","","","",""
"16/8/2026, 3:52:59.543289 pm","DC01.darkzero.htb","DC01$","4672","Security","Privileged Logon","","","SeSecurityPrivilege
			SeBackupPrivilege
			SeRestorePrivilege
			SeTakeOwnershipPrivilege
			SeDebugPrivilege
			SeSystemEnvironmentPrivilege
			SeLoadDriverPrivilege
			SeImpersonatePrivilege
			SeDelegateSessionUserImpersonatePrivilege
			SeEnableDelegationPrivilege","",""
"16/8/2026, 3:52:59.54347 pm","DC01.darkzero.htb","DC01$","4624","Security","Logon","","","","","127.0.0.1"
"16/8/2026, 3:53:27.168552 pm","DC01.darkzero.htb","ella","4768","Security","Kerberos TGT","","","","0x12","::1"
"16/8/2026, 3:53:27.170235 pm","DC01.darkzero.htb","ella@DARKZERO.HTB","4769","Security","Kerberos Service Ticket","","","","0x12","::1"
"16/8/2026, 3:53:27.177225 pm","DC01.darkzero.htb","ella","4624","Security","Logon","","","","","-"
"16/8/2026, 3:53:27.186002 pm","DC01.darkzero.htb","darkzero\ella","1","Sysmon","Process Creation","","","""powershell.exe"" -NoProfile -NoLogo -NonInteractive -ExecutionPolicy Bypass -File ""C:\Users\ella\access_gitea.ps1""","",""
"16/8/2026, 3:53:28.468638 pm","DC01.darkzero.htb","darkzero\ella","11","Sysmon","File Created","C:\Users\ella.darkzero\AppData\Local\Temp\__PSScriptPolicyTest_v2zlq20z.zhk.ps1","","","",""
"16/8/2026, 3:53:28.6103 pm","DC01.darkzero.htb","darkzero\ella","11","Sysmon","File Created","C:\Users\ella.darkzero\AppData\Local\Temp\__PSScriptPolicyTest_jgxzgo2c.na2.psm1","","","",""
"16/8/2026, 3:53:34.552895 pm","DC01.darkzero.htb","darkzero\ella","11","Sysmon","File Created","C:\Users\ella.darkzero\AppData\Local\Microsoft\Windows\PowerShell\StartupProfileData-NonInteractive","","","",""
"16/8/2026, 3:53:59.561421 pm","DC01.darkzero.htb","DC01$","4672","Security","Privileged Logon","","","SeSecurityPrivilege
			SeBackupPrivilege
			SeRestorePrivilege
			SeTakeOwnershipPrivilege
			SeDebugPrivilege
			SeSystemEnvironmentPrivilege
			SeLoadDriverPrivilege
			SeImpersonatePrivilege
			SeDelegateSessionUserImpersonatePrivilege
			SeEnableDelegationPrivilege","",""
"16/8/2026, 3:53:59.561605 pm","DC01.darkzero.htb","DC01$","4624","Security","Logon","","","","","127.0.0.1"
"16/8/2026, 3:54:27.277421 pm","DC01.darkzero.htb","ella","4768","Security","Kerberos TGT","","","","0x12","::1"
"16/8/2026, 3:54:27.279292 pm","DC01.darkzero.htb","ella@DARKZERO.HTB","4769","Security","Kerberos Service Ticket","","","","0x12","::1"
"16/8/2026, 3:54:27.287328 pm","DC01.darkzero.htb","ella","4624","Security","Logon","","","","","-"
"16/8/2026, 3:54:27.298463 pm","DC01.darkzero.htb","darkzero\ella","1","Sysmon","Process Creation","","","""powershell.exe"" -NoProfile -NoLogo -NonInteractive -ExecutionPolicy Bypass -File ""C:\Users\ella\access_gitea.ps1""","",""
"16/8/2026, 3:54:28.53938 pm","DC01.darkzero.htb","darkzero\ella","11","Sysmon","File Created","C:\Users\ella.darkzero\AppData\Local\Temp\__PSScriptPolicyTest_yy0qbirp.jf2.ps1","","","",""
"16/8/2026, 3:54:28.541111 pm","DC01.darkzero.htb","darkzero\ella","11","Sysmon","File Created","C:\Users\ella.darkzero\AppData\Local\Temp\__PSScriptPolicyTest_z3jc033q.p41.psm1","","","",""
"16/8/2026, 3:54:34.756916 pm","DC01.darkzero.htb","darkzero\ella","11","Sysmon","File Created","C:\Users\ella.darkzero\AppData\Local\Microsoft\Windows\PowerShell\StartupProfileData-NonInteractive","","","",""
"16/8/2026, 3:54:59.606439 pm","DC01.darkzero.htb","DC01$","4672","Security","Privileged Logon","","","SeSecurityPrivilege
			SeBackupPrivilege
			SeRestorePrivilege
			SeTakeOwnershipPrivilege
			SeDebugPrivilege
			SeSystemEnvironmentPrivilege
			SeLoadDriverPrivilege
			SeImpersonatePrivilege
			SeDelegateSessionUserImpersonatePrivilege
			SeEnableDelegationPrivilege","",""
"16/8/2026, 3:54:59.607219 pm","DC01.darkzero.htb","DC01$","4624","Security","Logon","","","","","127.0.0.1"
"16/8/2026, 3:55:08.669449 pm","DC01.darkzero.htb","NT AUTHORITY\SYSTEM","11","Sysmon","File Created","C:\System Volume Information\DFSR\Config\Replica_403BC236-9053-43D0-AAD0-74F0FB6A21A3.XML.TMP","","","",""
"16/8/2026, 3:55:08.674839 pm","DC01.darkzero.htb","NT AUTHORITY\SYSTEM","11","Sysmon","File Created","C:\System Volume Information\DFSR\Config\Volume_57941D7E-1E19-4293-AB21-2231712EE33A.XML.TMP","","","",""
"16/8/2026, 3:55:08.920793 pm","DC01.darkzero.htb","DC01$","4672","Security","Privileged Logon","","","SeSecurityPrivilege
			SeBackupPrivilege
			SeRestorePrivilege
			SeTakeOwnershipPrivilege
			SeDebugPrivilege
			SeSystemEnvironmentPrivilege
			SeLoadDriverPrivilege
			SeImpersonatePrivilege
			SeDelegateSessionUserImpersonatePrivilege
			SeEnableDelegationPrivilege","",""
"16/8/2026, 3:55:08.920981 pm","DC01.darkzero.htb","DC01$","4624","Security","Logon","","","","","172.16.20.1"
"16/8/2026, 3:55:09.337986 pm","DC01.darkzero.htb","DC01$","4672","Security","Privileged Logon","","","SeSecurityPrivilege
			SeBackupPrivilege
			SeRestorePrivilege
			SeTakeOwnershipPrivilege
			SeDebugPrivilege
			SeSystemEnvironmentPrivilege
			SeLoadDriverPrivilege
			SeImpersonatePrivilege
			SeDelegateSessionUserImpersonatePrivilege
			SeEnableDelegationPrivilege","",""
"16/8/2026, 3:55:09.338176 pm","DC01.darkzero.htb","DC01$","4624","Security","Logon","","","","","172.16.20.1"
"16/8/2026, 3:55:27.197961 pm","DC01.darkzero.htb","DC01$","4672","Security","Privileged Logon","","","SeSecurityPrivilege
			SeBackupPrivilege
			SeRestorePrivilege
			SeTakeOwnershipPrivilege
			SeDebugPrivilege
			SeSystemEnvironmentPrivilege
			SeLoadDriverPrivilege
			SeImpersonatePrivilege
			SeDelegateSessionUserImpersonatePrivilege
			SeEnableDelegationPrivilege","",""
"16/8/2026, 3:55:27.198386 pm","DC01.darkzero.htb","DC01$","4624","Security","Logon","","","","","::1"
"16/8/2026, 3:55:27.424221 pm","DC01.darkzero.htb","ella","4768","Security","Kerberos TGT","","","","0x12","::1"
"16/8/2026, 3:55:27.42619 pm","DC01.darkzero.htb","ella@DARKZERO.HTB","4769","Security","Kerberos Service Ticket","","","","0x12","::1"
"16/8/2026, 3:55:27.434378 pm","DC01.darkzero.htb","ella","4624","Security","Logon","","","","","-"
"16/8/2026, 3:55:27.445329 pm","DC01.darkzero.htb","darkzero\ella","1","Sysmon","Process Creation","","","""powershell.exe"" -NoProfile -NoLogo -NonInteractive -ExecutionPolicy Bypass -File ""C:\Users\ella\access_gitea.ps1""","",""
"16/8/2026, 3:55:28.936934 pm","DC01.darkzero.htb","darkzero\ella","11","Sysmon","File Created","C:\Users\ella.darkzero\AppData\Local\Temp\__PSScriptPolicyTest_c441llkm.hbf.ps1","","","",""
"16/8/2026, 3:55:28.938046 pm","DC01.darkzero.htb","darkzero\ella","11","Sysmon","File Created","C:\Users\ella.darkzero\AppData\Local\Temp\__PSScriptPolicyTest_tumgrnte.kc0.psm1","","","",""
"16/8/2026, 3:55:29.682864 pm","DC01.darkzero.htb","DC01$","4672","Security","Privileged Logon","","","SeSecurityPrivilege
			SeBackupPrivilege
			SeRestorePrivilege
			SeTakeOwnershipPrivilege
			SeDebugPrivilege
			SeSystemEnvironmentPrivilege
			SeLoadDriverPrivilege
			SeImpersonatePrivilege
			SeDelegateSessionUserImpersonatePrivilege
			SeEnableDelegationPrivilege","",""
"16/8/2026, 3:55:29.683045 pm","DC01.darkzero.htb","DC01$","4624","Security","Logon","","","","","172.16.20.1"
"16/8/2026, 3:55:29.834029 pm","DC01.darkzero.htb","DC01$","4672","Security","Privileged Logon","","","SeSecurityPrivilege
			SeBackupPrivilege
			SeRestorePrivilege
			SeTakeOwnershipPrivilege
			SeDebugPrivilege
			SeSystemEnvironmentPrivilege
			SeLoadDriverPrivilege
			SeImpersonatePrivilege
			SeDelegateSessionUserImpersonatePrivilege
			SeEnableDelegationPrivilege","",""
"16/8/2026, 3:55:29.83495 pm","DC01.darkzero.htb","DC01$","4624","Security","Logon","","","","","::1"
"16/8/2026, 3:55:29.850517 pm","DC01.darkzero.htb","DC01$","4672","Security","Privileged Logon","","","SeSecurityPrivilege
			SeBackupPrivilege
			SeRestorePrivilege
			SeTakeOwnershipPrivilege
			SeDebugPrivilege
			SeSystemEnvironmentPrivilege
			SeLoadDriverPrivilege
			SeImpersonatePrivilege
			SeDelegateSessionUserImpersonatePrivilege
			SeEnableDelegationPrivilege","",""
"16/8/2026, 3:55:29.850711 pm","DC01.darkzero.htb","DC01$","4624","Security","Logon","","","","","::1"
"16/8/2026, 3:55:29.987615 pm","DC01.darkzero.htb","DC01$","4672","Security","Privileged Logon","","","SeSecurityPrivilege
			SeBackupPrivilege
			SeRestorePrivilege
			SeTakeOwnershipPrivilege
			SeDebugPrivilege
			SeSystemEnvironmentPrivilege
			SeLoadDriverPrivilege
			SeImpersonatePrivilege
			SeDelegateSessionUserImpersonatePrivilege
			SeEnableDelegationPrivilege","",""
"16/8/2026, 3:55:29.987792 pm","DC01.darkzero.htb","DC01$","4624","Security","Logon","","","","","10.129.28.204"
"16/8/2026, 3:55:30.165105 pm","DC01.darkzero.htb","DC01$","4672","Security","Privileged Logon","","","SeSecurityPrivilege
			SeBackupPrivilege
			SeRestorePrivilege
			SeTakeOwnershipPrivilege
			SeDebugPrivilege
			SeSystemEnvironmentPrivilege
			SeLoadDriverPrivilege
			SeImpersonatePrivilege
			SeDelegateSessionUserImpersonatePrivilege
			SeEnableDelegationPrivilege","",""
"16/8/2026, 3:55:30.165285 pm","DC01.darkzero.htb","DC01$","4624","Security","Logon","","","","","::1"
"16/8/2026, 3:55:35.41198 pm","DC01.darkzero.htb","darkzero\ella","11","Sysmon","File Created","C:\Users\ella.darkzero\AppData\Local\Microsoft\Windows\PowerShell\StartupProfileData-NonInteractive","","","",""
"16/8/2026, 3:56:00.053381 pm","DC01.darkzero.htb","DC01$","4672","Security","Privileged Logon","","","SeSecurityPrivilege
			SeBackupPrivilege
			SeRestorePrivilege
			SeTakeOwnershipPrivilege
			SeDebugPrivilege
			SeSystemEnvironmentPrivilege
			SeLoadDriverPrivilege
			SeImpersonatePrivilege
			SeDelegateSessionUserImpersonatePrivilege
			SeEnableDelegationPrivilege","",""
"16/8/2026, 3:56:00.053806 pm","DC01.darkzero.htb","DC01$","4624","Security","Logon","","","","","127.0.0.1"
"16/8/2026, 3:56:27.455557 pm","DC01.darkzero.htb","ella","4768","Security","Kerberos TGT","","","","0x12","::1"
"16/8/2026, 3:56:27.457197 pm","DC01.darkzero.htb","ella@DARKZERO.HTB","4769","Security","Kerberos Service Ticket","","","","0x12","::1"
"16/8/2026, 3:56:27.463658 pm","DC01.darkzero.htb","ella","4624","Security","Logon","","","","","-"
"16/8/2026, 3:56:27.473284 pm","DC01.darkzero.htb","darkzero\ella","1","Sysmon","Process Creation","","","""powershell.exe"" -NoProfile -NoLogo -NonInteractive -ExecutionPolicy Bypass -File ""C:\Users\ella\access_gitea.ps1""","",""
"16/8/2026, 3:56:28.941447 pm","DC01.darkzero.htb","darkzero\ella","11","Sysmon","File Created","C:\Users\ella.darkzero\AppData\Local\Temp\__PSScriptPolicyTest_rclzxf24.bpb.ps1","","","",""
"16/8/2026, 3:56:28.942683 pm","DC01.darkzero.htb","darkzero\ella","11","Sysmon","File Created","C:\Users\ella.darkzero\AppData\Local\Temp\__PSScriptPolicyTest_xs3ov3a1.4hp.psm1","","","",""
"16/8/2026, 3:56:35.293788 pm","DC01.darkzero.htb","darkzero\ella","11","Sysmon","File Created","C:\Users\ella.darkzero\AppData\Local\Microsoft\Windows\PowerShell\StartupProfileData-NonInteractive","","","",""
"16/8/2026, 3:56:59.589459 pm","DC01.darkzero.htb","DC01$","4672","Security","Privileged Logon","","","SeSecurityPrivilege
			SeBackupPrivilege
			SeRestorePrivilege
			SeTakeOwnershipPrivilege
			SeDebugPrivilege
			SeSystemEnvironmentPrivilege
			SeLoadDriverPrivilege
			SeImpersonatePrivilege
			SeDelegateSessionUserImpersonatePrivilege
			SeEnableDelegationPrivilege","",""
"16/8/2026, 3:56:59.589637 pm","DC01.darkzero.htb","DC01$","4624","Security","Logon","","","","","127.0.0.1"
"16/8/2026, 3:57:27.460355 pm","DC01.darkzero.htb","ella","4768","Security","Kerberos TGT","","","","0x12","::1"
"16/8/2026, 3:57:27.461955 pm","DC01.darkzero.htb","ella@DARKZERO.HTB","4769","Security","Kerberos Service Ticket","","","","0x12","::1"
"16/8/2026, 3:57:27.468747 pm","DC01.darkzero.htb","ella","4624","Security","Logon","","","","","-"
"16/8/2026, 3:57:27.478278 pm","DC01.darkzero.htb","darkzero\ella","1","Sysmon","Process Creation","","","""powershell.exe"" -NoProfile -NoLogo -NonInteractive -ExecutionPolicy Bypass -File ""C:\Users\ella\access_gitea.ps1""","",""
"16/8/2026, 3:57:27.638558 pm","DC01.darkzero.htb","darkzero\ella","11","Sysmon","File Created","C:\Users\ella.darkzero\AppData\Local\Temp\__PSScriptPolicyTest_dextp43a.sje.ps1","","","",""
"16/8/2026, 3:57:27.638847 pm","DC01.darkzero.htb","darkzero\ella","11","Sysmon","File Created","C:\Users\ella.darkzero\AppData\Local\Temp\__PSScriptPolicyTest_r5lgzhou.kxg.psm1","","","",""
"16/8/2026, 3:57:30.808829 pm","DC01.darkzero.htb","darkzero\ella","11","Sysmon","File Created","C:\Users\ella.darkzero\AppData\Local\Microsoft\Windows\PowerShell\StartupProfileData-NonInteractive","","","",""
"16/8/2026, 3:57:59.601512 pm","DC01.darkzero.htb","DC01$","4672","Security","Privileged Logon","","","SeSecurityPrivilege
			SeBackupPrivilege
			SeRestorePrivilege
			SeTakeOwnershipPrivilege
			SeDebugPrivilege
			SeSystemEnvironmentPrivilege
			SeLoadDriverPrivilege
			SeImpersonatePrivilege
			SeDelegateSessionUserImpersonatePrivilege
			SeEnableDelegationPrivilege","",""
"16/8/2026, 3:57:59.601686 pm","DC01.darkzero.htb","DC01$","4624","Security","Logon","","","","","127.0.0.1"
"16/8/2026, 3:58:27.463373 pm","DC01.darkzero.htb","ella","4768","Security","Kerberos TGT","","","","0x12","::1"
"16/8/2026, 3:58:27.46498 pm","DC01.darkzero.htb","ella@DARKZERO.HTB","4769","Security","Kerberos Service Ticket","","","","0x12","::1"
"16/8/2026, 3:58:27.471787 pm","DC01.darkzero.htb","ella","4624","Security","Logon","","","","","-"
"16/8/2026, 3:58:27.481844 pm","DC01.darkzero.htb","darkzero\ella","1","Sysmon","Process Creation","","","""powershell.exe"" -NoProfile -NoLogo -NonInteractive -ExecutionPolicy Bypass -File ""C:\Users\ella\access_gitea.ps1""","",""
"16/8/2026, 3:58:27.632639 pm","DC01.darkzero.htb","darkzero\ella","11","Sysmon","File Created","C:\Users\ella.darkzero\AppData\Local\Temp\__PSScriptPolicyTest_ulrc1gfc.ple.ps1","","","",""
"16/8/2026, 3:58:27.633626 pm","DC01.darkzero.htb","darkzero\ella","11","Sysmon","File Created","C:\Users\ella.darkzero\AppData\Local\Temp\__PSScriptPolicyTest_4mm3shc5.cqd.psm1","","","",""
"16/8/2026, 3:58:30.80868 pm","DC01.darkzero.htb","darkzero\ella","11","Sysmon","File Created","C:\Users\ella.darkzero\AppData\Local\Microsoft\Windows\PowerShell\StartupProfileData-NonInteractive","","","",""
"16/8/2026, 3:58:59.606388 pm","DC01.darkzero.htb","DC01$","4672","Security","Privileged Logon","","","SeSecurityPrivilege
			SeBackupPrivilege
			SeRestorePrivilege
			SeTakeOwnershipPrivilege
			SeDebugPrivilege
			SeSystemEnvironmentPrivilege
			SeLoadDriverPrivilege
			SeImpersonatePrivilege
			SeDelegateSessionUserImpersonatePrivilege
			SeEnableDelegationPrivilege","",""
"16/8/2026, 3:58:59.606558 pm","DC01.darkzero.htb","DC01$","4624","Security","Logon","","","","","127.0.0.1"
"16/8/2026, 3:59:27.477909 pm","DC01.darkzero.htb","ella","4768","Security","Kerberos TGT","","","","0x12","::1"
"16/8/2026, 3:59:27.479648 pm","DC01.darkzero.htb","ella@DARKZERO.HTB","4769","Security","Kerberos Service Ticket","","","","0x12","::1"
"16/8/2026, 3:59:27.487145 pm","DC01.darkzero.htb","ella","4624","Security","Logon","","","","","-"
"16/8/2026, 3:59:27.496143 pm","DC01.darkzero.htb","darkzero\ella","1","Sysmon","Process Creation","","","""powershell.exe"" -NoProfile -NoLogo -NonInteractive -ExecutionPolicy Bypass -File ""C:\Users\ella\access_gitea.ps1""","",""
"16/8/2026, 3:59:27.642274 pm","DC01.darkzero.htb","darkzero\ella","11","Sysmon","File Created","C:\Users\ella.darkzero\AppData\Local\Temp\__PSScriptPolicyTest_aks3hbl2.obb.ps1","","","",""
"16/8/2026, 3:59:27.643168 pm","DC01.darkzero.htb","darkzero\ella","11","Sysmon","File Created","C:\Users\ella.darkzero\AppData\Local\Temp\__PSScriptPolicyTest_nf53wuyy.npb.psm1","","","",""
"16/8/2026, 3:59:30.761315 pm","DC01.darkzero.htb","darkzero\ella","11","Sysmon","File Created","C:\Users\ella.darkzero\AppData\Local\Microsoft\Windows\PowerShell\StartupProfileData-NonInteractive","","","",""
"16/8/2026, 3:59:59.613081 pm","DC01.darkzero.htb","DC01$","4672","Security","Privileged Logon","","","SeSecurityPrivilege
			SeBackupPrivilege
			SeRestorePrivilege
			SeTakeOwnershipPrivilege
			SeDebugPrivilege
			SeSystemEnvironmentPrivilege
			SeLoadDriverPrivilege
			SeImpersonatePrivilege
			SeDelegateSessionUserImpersonatePrivilege
			SeEnableDelegationPrivilege","",""
"16/8/2026, 3:59:59.613274 pm","DC01.darkzero.htb","DC01$","4624","Security","Logon","","","","","127.0.0.1"
"16/8/2026, 4:00:09.754751 pm","DC01.darkzero.htb","NT AUTHORITY\SYSTEM","11","Sysmon","File Created","C:\System Volume Information\DFSR\Config\Replica_403BC236-9053-43D0-AAD0-74F0FB6A21A3.XML.TMP","","","",""
"16/8/2026, 4:00:09.759424 pm","DC01.darkzero.htb","NT AUTHORITY\SYSTEM","11","Sysmon","File Created","C:\System Volume Information\DFSR\Config\Volume_57941D7E-1E19-4293-AB21-2231712EE33A.XML.TMP","","","",""
"16/8/2026, 4:00:09.877881 pm","DC01.darkzero.htb","DC01$","4672","Security","Privileged Logon","","","SeSecurityPrivilege
			SeBackupPrivilege
			SeRestorePrivilege
			SeTakeOwnershipPrivilege
			SeDebugPrivilege
			SeSystemEnvironmentPrivilege
			SeLoadDriverPrivilege
			SeImpersonatePrivilege
			SeDelegateSessionUserImpersonatePrivilege
			SeEnableDelegationPrivilege","",""
"16/8/2026, 4:00:09.878091 pm","DC01.darkzero.htb","DC01$","4624","Security","Logon","","","","","172.16.20.1"
"16/8/2026, 4:00:10.002766 pm","DC01.darkzero.htb","DC01$","4672","Security","Privileged Logon","","","SeSecurityPrivilege
			SeBackupPrivilege
			SeRestorePrivilege
			SeTakeOwnershipPrivilege
			SeDebugPrivilege
			SeSystemEnvironmentPrivilege
			SeLoadDriverPrivilege
			SeImpersonatePrivilege
			SeDelegateSessionUserImpersonatePrivilege
			SeEnableDelegationPrivilege","",""
"16/8/2026, 4:00:10.002939 pm","DC01.darkzero.htb","DC01$","4624","Security","Logon","","","","","172.16.20.1"
"16/8/2026, 4:00:27.479646 pm","DC01.darkzero.htb","ella","4768","Security","Kerberos TGT","","","","0x12","::1"
"16/8/2026, 4:00:27.48111 pm","DC01.darkzero.htb","ella@DARKZERO.HTB","4769","Security","Kerberos Service Ticket","","","","0x12","::1"
"16/8/2026, 4:00:27.487858 pm","DC01.darkzero.htb","ella","4624","Security","Logon","","","","","-"
"16/8/2026, 4:00:27.497059 pm","DC01.darkzero.htb","darkzero\ella","1","Sysmon","Process Creation","","","""powershell.exe"" -NoProfile -NoLogo -NonInteractive -ExecutionPolicy Bypass -File ""C:\Users\ella\access_gitea.ps1""","",""
"16/8/2026, 4:00:27.64853 pm","DC01.darkzero.htb","darkzero\ella","11","Sysmon","File Created","C:\Users\ella.darkzero\AppData\Local\Temp\__PSScriptPolicyTest_xrrrqur3.5ko.ps1","","","",""
"16/8/2026, 4:00:27.649591 pm","DC01.darkzero.htb","darkzero\ella","11","Sysmon","File Created","C:\Users\ella.darkzero\AppData\Local\Temp\__PSScriptPolicyTest_yps3gmtx.rao.psm1","","","",""
"16/8/2026, 4:00:30.44305 pm","DC01.darkzero.htb","DC01$","4672","Security","Privileged Logon","","","SeSecurityPrivilege
			SeBackupPrivilege
			SeRestorePrivilege
			SeTakeOwnershipPrivilege
			SeDebugPrivilege
			SeSystemEnvironmentPrivilege
			SeLoadDriverPrivilege
			SeImpersonatePrivilege
			SeDelegateSessionUserImpersonatePrivilege
			SeEnableDelegationPrivilege","",""
"16/8/2026, 4:00:30.443701 pm","DC01.darkzero.htb","DC01$","4624","Security","Logon","","","","","::1"
"16/8/2026, 4:00:30.55266 pm","DC01.darkzero.htb","DC01$","4672","Security","Privileged Logon","","","SeSecurityPrivilege
			SeBackupPrivilege
			SeRestorePrivilege
			SeTakeOwnershipPrivilege
			SeDebugPrivilege
			SeSystemEnvironmentPrivilege
			SeLoadDriverPrivilege
			SeImpersonatePrivilege
			SeDelegateSessionUserImpersonatePrivilege
			SeEnableDelegationPrivilege","",""
"16/8/2026, 4:00:30.552874 pm","DC01.darkzero.htb","DC01$","4624","Security","Logon","","","","","172.16.20.1"
"16/8/2026, 4:00:30.562766 pm","DC01.darkzero.htb","DC01$","4672","Security","Privileged Logon","","","SeSecurityPrivilege
			SeBackupPrivilege
			SeRestorePrivilege
			SeTakeOwnershipPrivilege
			SeDebugPrivilege
			SeSystemEnvironmentPrivilege
			SeLoadDriverPrivilege
			SeImpersonatePrivilege
			SeDelegateSessionUserImpersonatePrivilege
			SeEnableDelegationPrivilege","",""
"16/8/2026, 4:00:30.562998 pm","DC01.darkzero.htb","DC01$","4624","Security","Logon","","","","","::1"
"16/8/2026, 4:00:30.572122 pm","DC01.darkzero.htb","DC01$","4672","Security","Privileged Logon","","","SeSecurityPrivilege
			SeBackupPrivilege
			SeRestorePrivilege
			SeTakeOwnershipPrivilege
			SeDebugPrivilege
			SeSystemEnvironmentPrivilege
			SeLoadDriverPrivilege
			SeImpersonatePrivilege
			SeDelegateSessionUserImpersonatePrivilege
			SeEnableDelegationPrivilege","",""
"16/8/2026, 4:00:30.572263 pm","DC01.darkzero.htb","DC01$","4624","Security","Logon","","","","","::1"
"16/8/2026, 4:00:30.578679 pm","DC01.darkzero.htb","DC01$","4672","Security","Privileged Logon","","","SeSecurityPrivilege
			SeBackupPrivilege
			SeRestorePrivilege
			SeTakeOwnershipPrivilege
			SeDebugPrivilege
			SeSystemEnvironmentPrivilege
			SeLoadDriverPrivilege
			SeImpersonatePrivilege
			SeDelegateSessionUserImpersonatePrivilege
			SeEnableDelegationPrivilege","",""
"16/8/2026, 4:00:30.578872 pm","DC01.darkzero.htb","DC01$","4624","Security","Logon","","","","","10.129.28.204"
"16/8/2026, 4:00:30.598474 pm","DC01.darkzero.htb","DC01$","4672","Security","Privileged Logon","","","SeSecurityPrivilege
			SeBackupPrivilege
			SeRestorePrivilege
			SeTakeOwnershipPrivilege
			SeDebugPrivilege
			SeSystemEnvironmentPrivilege
			SeLoadDriverPrivilege
			SeImpersonatePrivilege
			SeDelegateSessionUserImpersonatePrivilege
			SeEnableDelegationPrivilege","",""
"16/8/2026, 4:00:30.598629 pm","DC01.darkzero.htb","DC01$","4624","Security","Logon","","","","","::1"
"16/8/2026, 4:00:30.710916 pm","DC01.darkzero.htb","darkzero\ella","11","Sysmon","File Created","C:\Users\ella.darkzero\AppData\Local\Microsoft\Windows\PowerShell\StartupProfileData-NonInteractive","","","",""
"16/8/2026, 4:00:47.30792 pm","DC01.darkzero.htb","DC01$","4672","Security","Privileged Logon","","","SeAuditPrivilege
			SeAssignPrimaryTokenPrivilege
			SeImpersonatePrivilege","",""
"16/8/2026, 4:00:47.30817 pm","DC01.darkzero.htb","DC01$","4624","Security","Logon","","","","","-"
"16/8/2026, 4:00:59.616427 pm","DC01.darkzero.htb","DC01$","4672","Security","Privileged Logon","","","SeSecurityPrivilege
			SeBackupPrivilege
			SeRestorePrivilege
			SeTakeOwnershipPrivilege
			SeDebugPrivilege
			SeSystemEnvironmentPrivilege
			SeLoadDriverPrivilege
			SeImpersonatePrivilege
			SeDelegateSessionUserImpersonatePrivilege
			SeEnableDelegationPrivilege","",""
"16/8/2026, 4:00:59.616607 pm","DC01.darkzero.htb","DC01$","4624","Security","Logon","","","","","127.0.0.1"
"16/8/2026, 4:01:27.479639 pm","DC01.darkzero.htb","ella","4768","Security","Kerberos TGT","","","","0x12","::1"
"16/8/2026, 4:01:27.481391 pm","DC01.darkzero.htb","ella@DARKZERO.HTB","4769","Security","Kerberos Service Ticket","","","","0x12","::1"
"16/8/2026, 4:01:27.487837 pm","DC01.darkzero.htb","ella","4624","Security","Logon","","","","","-"
"16/8/2026, 4:01:27.498951 pm","DC01.darkzero.htb","darkzero\ella","1","Sysmon","Process Creation","","","""powershell.exe"" -NoProfile -NoLogo -NonInteractive -ExecutionPolicy Bypass -File ""C:\Users\ella\access_gitea.ps1""","",""
"16/8/2026, 4:01:27.650328 pm","DC01.darkzero.htb","darkzero\ella","11","Sysmon","File Created","C:\Users\ella.darkzero\AppData\Local\Temp\__PSScriptPolicyTest_hk0btgwq.k5z.ps1","","","",""
"16/8/2026, 4:01:27.651118 pm","DC01.darkzero.htb","darkzero\ella","11","Sysmon","File Created","C:\Users\ella.darkzero\AppData\Local\Temp\__PSScriptPolicyTest_5pfg5shn.dmm.psm1","","","",""
"16/8/2026, 4:01:30.892988 pm","DC01.darkzero.htb","darkzero\ella","11","Sysmon","File Created","C:\Users\ella.darkzero\AppData\Local\Microsoft\Windows\PowerShell\StartupProfileData-NonInteractive","","","",""
"16/8/2026, 4:01:59.642795 pm","DC01.darkzero.htb","DC01$","4672","Security","Privileged Logon","","","SeSecurityPrivilege
			SeBackupPrivilege
			SeRestorePrivilege
			SeTakeOwnershipPrivilege
			SeDebugPrivilege
			SeSystemEnvironmentPrivilege
			SeLoadDriverPrivilege
			SeImpersonatePrivilege
			SeDelegateSessionUserImpersonatePrivilege
			SeEnableDelegationPrivilege","",""
"16/8/2026, 4:01:59.643009 pm","DC01.darkzero.htb","DC01$","4624","Security","Logon","","","","","127.0.0.1"
"16/8/2026, 4:02:27.481911 pm","DC01.darkzero.htb","ella","4768","Security","Kerberos TGT","","","","0x12","::1"
"16/8/2026, 4:02:27.483545 pm","DC01.darkzero.htb","ella@DARKZERO.HTB","4769","Security","Kerberos Service Ticket","","","","0x12","::1"
"16/8/2026, 4:02:27.491542 pm","DC01.darkzero.htb","ella","4624","Security","Logon","","","","","-"
"16/8/2026, 4:02:27.50066 pm","DC01.darkzero.htb","darkzero\ella","1","Sysmon","Process Creation","","","""powershell.exe"" -NoProfile -NoLogo -NonInteractive -ExecutionPolicy Bypass -File ""C:\Users\ella\access_gitea.ps1""","",""
"16/8/2026, 4:02:27.651505 pm","DC01.darkzero.htb","darkzero\ella","11","Sysmon","File Created","C:\Users\ella.darkzero\AppData\Local\Temp\__PSScriptPolicyTest_zw0dqeri.o4u.ps1","","","",""
"16/8/2026, 4:02:27.651722 pm","DC01.darkzero.htb","darkzero\ella","11","Sysmon","File Created","C:\Users\ella.darkzero\AppData\Local\Temp\__PSScriptPolicyTest_vqczcx04.j1r.psm1","","","",""
"16/8/2026, 4:02:30.754241 pm","DC01.darkzero.htb","darkzero\ella","11","Sysmon","File Created","C:\Users\ella.darkzero\AppData\Local\Microsoft\Windows\PowerShell\StartupProfileData-NonInteractive","","","",""
"16/8/2026, 4:02:59.652316 pm","DC01.darkzero.htb","DC01$","4672","Security","Privileged Logon","","","SeSecurityPrivilege
			SeBackupPrivilege
			SeRestorePrivilege
			SeTakeOwnershipPrivilege
			SeDebugPrivilege
			SeSystemEnvironmentPrivilege
			SeLoadDriverPrivilege
			SeImpersonatePrivilege
			SeDelegateSessionUserImpersonatePrivilege
			SeEnableDelegationPrivilege","",""
"16/8/2026, 4:02:59.652526 pm","DC01.darkzero.htb","DC01$","4624","Security","Logon","","","","","127.0.0.1"
"16/8/2026, 4:03:27.495995 pm","DC01.darkzero.htb","ella","4768","Security","Kerberos TGT","","","","0x12","::1"
"16/8/2026, 4:03:27.497492 pm","DC01.darkzero.htb","ella@DARKZERO.HTB","4769","Security","Kerberos Service Ticket","","","","0x12","::1"
"16/8/2026, 4:03:27.504759 pm","DC01.darkzero.htb","ella","4624","Security","Logon","","","","","-"
"16/8/2026, 4:03:27.515289 pm","DC01.darkzero.htb","darkzero\ella","1","Sysmon","Process Creation","","","""powershell.exe"" -NoProfile -NoLogo -NonInteractive -ExecutionPolicy Bypass -File ""C:\Users\ella\access_gitea.ps1""","",""
"16/8/2026, 4:03:27.670831 pm","DC01.darkzero.htb","darkzero\ella","11","Sysmon","File Created","C:\Users\ella.darkzero\AppData\Local\Temp\__PSScriptPolicyTest_i5vabvfp.5d2.ps1","","","",""
"16/8/2026, 4:03:27.671775 pm","DC01.darkzero.htb","darkzero\ella","11","Sysmon","File Created","C:\Users\ella.darkzero\AppData\Local\Temp\__PSScriptPolicyTest_11dif2hq.ukd.psm1","","","",""
"16/8/2026, 4:03:30.843274 pm","DC01.darkzero.htb","darkzero\ella","11","Sysmon","File Created","C:\Users\ella.darkzero\AppData\Local\Microsoft\Windows\PowerShell\StartupProfileData-NonInteractive","","","",""
"16/8/2026, 4:03:59.663993 pm","DC01.darkzero.htb","DC01$","4672","Security","Privileged Logon","","","SeSecurityPrivilege
			SeBackupPrivilege
			SeRestorePrivilege
			SeTakeOwnershipPrivilege
			SeDebugPrivilege
			SeSystemEnvironmentPrivilege
			SeLoadDriverPrivilege
			SeImpersonatePrivilege
			SeDelegateSessionUserImpersonatePrivilege
			SeEnableDelegationPrivilege","",""
"16/8/2026, 4:03:59.664177 pm","DC01.darkzero.htb","DC01$","4624","Security","Logon","","","","","127.0.0.1"
"16/8/2026, 4:04:27.496062 pm","DC01.darkzero.htb","ella","4768","Security","Kerberos TGT","","","","0x12","::1"
"16/8/2026, 4:04:27.49743 pm","DC01.darkzero.htb","ella@DARKZERO.HTB","4769","Security","Kerberos Service Ticket","","","","0x12","::1"
"16/8/2026, 4:04:27.503422 pm","DC01.darkzero.htb","ella","4624","Security","Logon","","","","","-"
"16/8/2026, 4:04:27.514181 pm","DC01.darkzero.htb","darkzero\ella","1","Sysmon","Process Creation","","","""powershell.exe"" -NoProfile -NoLogo -NonInteractive -ExecutionPolicy Bypass -File ""C:\Users\ella\access_gitea.ps1""","",""
"16/8/2026, 4:04:27.662304 pm","DC01.darkzero.htb","darkzero\ella","11","Sysmon","File Created","C:\Users\ella.darkzero\AppData\Local\Temp\__PSScriptPolicyTest_3jb1kfdo.2r4.ps1","","","",""
"16/8/2026, 4:04:27.663044 pm","DC01.darkzero.htb","darkzero\ella","11","Sysmon","File Created","C:\Users\ella.darkzero\AppData\Local\Temp\__PSScriptPolicyTest_pq4xismx.4kt.psm1","","","",""
"16/8/2026, 4:04:30.764038 pm","DC01.darkzero.htb","darkzero\ella","11","Sysmon","File Created","C:\Users\ella.darkzero\AppData\Local\Microsoft\Windows\PowerShell\StartupProfileData-NonInteractive","","","",""
"16/8/2026, 4:04:59.666425 pm","DC01.darkzero.htb","DC01$","4672","Security","Privileged Logon","","","SeSecurityPrivilege
			SeBackupPrivilege
			SeRestorePrivilege
			SeTakeOwnershipPrivilege
			SeDebugPrivilege
			SeSystemEnvironmentPrivilege
			SeLoadDriverPrivilege
			SeImpersonatePrivilege
			SeDelegateSessionUserImpersonatePrivilege
			SeEnableDelegationPrivilege","",""
"16/8/2026, 4:04:59.66663 pm","DC01.darkzero.htb","DC01$","4624","Security","Logon","","","","","127.0.0.1"
"16/8/2026, 4:05:10.219237 pm","DC01.darkzero.htb","NT AUTHORITY\SYSTEM","11","Sysmon","File Created","C:\System Volume Information\DFSR\Config\Replica_403BC236-9053-43D0-AAD0-74F0FB6A21A3.XML.TMP","","","",""
"16/8/2026, 4:05:10.224371 pm","DC01.darkzero.htb","NT AUTHORITY\SYSTEM","11","Sysmon","File Created","C:\System Volume Information\DFSR\Config\Volume_57941D7E-1E19-4293-AB21-2231712EE33A.XML.TMP","","","",""
"16/8/2026, 4:05:10.343377 pm","DC01.darkzero.htb","DC01$","4672","Security","Privileged Logon","","","SeSecurityPrivilege
			SeBackupPrivilege
			SeRestorePrivilege
			SeTakeOwnershipPrivilege
			SeDebugPrivilege
			SeSystemEnvironmentPrivilege
			SeLoadDriverPrivilege
			SeImpersonatePrivilege
			SeDelegateSessionUserImpersonatePrivilege
			SeEnableDelegationPrivilege","",""
"16/8/2026, 4:05:10.343611 pm","DC01.darkzero.htb","DC01$","4624","Security","Logon","","","","","172.16.20.1"
"16/8/2026, 4:05:10.471472 pm","DC01.darkzero.htb","DC01$","4672","Security","Privileged Logon","","","SeSecurityPrivilege
			SeBackupPrivilege
			SeRestorePrivilege
			SeTakeOwnershipPrivilege
			SeDebugPrivilege
			SeSystemEnvironmentPrivilege
			SeLoadDriverPrivilege
			SeImpersonatePrivilege
			SeDelegateSessionUserImpersonatePrivilege
			SeEnableDelegationPrivilege","",""
"16/8/2026, 4:05:10.471649 pm","DC01.darkzero.htb","DC01$","4624","Security","Logon","","","","","172.16.20.1"
"16/8/2026, 4:05:27.222798 pm","DC01.darkzero.htb","DC01$","4672","Security","Privileged Logon","","","SeSecurityPrivilege
			SeBackupPrivilege
			SeRestorePrivilege
			SeTakeOwnershipPrivilege
			SeDebugPrivilege
			SeSystemEnvironmentPrivilege
			SeLoadDriverPrivilege
			SeImpersonatePrivilege
			SeDelegateSessionUserImpersonatePrivilege
			SeEnableDelegationPrivilege","",""
"16/8/2026, 4:05:27.223065 pm","DC01.darkzero.htb","DC01$","4624","Security","Logon","","","","","::1"
"16/8/2026, 4:05:27.496067 pm","DC01.darkzero.htb","ella","4768","Security","Kerberos TGT","","","","0x12","::1"
"16/8/2026, 4:05:27.497479 pm","DC01.darkzero.htb","ella@DARKZERO.HTB","4769","Security","Kerberos Service Ticket","","","","0x12","::1"
"16/8/2026, 4:05:27.503854 pm","DC01.darkzero.htb","ella","4624","Security","Logon","","","","","-"
"16/8/2026, 4:05:27.513165 pm","DC01.darkzero.htb","darkzero\ella","1","Sysmon","Process Creation","","","""powershell.exe"" -NoProfile -NoLogo -NonInteractive -ExecutionPolicy Bypass -File ""C:\Users\ella\access_gitea.ps1""","",""
"16/8/2026, 4:05:27.65173 pm","DC01.darkzero.htb","darkzero\ella","11","Sysmon","File Created","C:\Users\ella.darkzero\AppData\Local\Temp\__PSScriptPolicyTest_4s2tmofd.53a.ps1","","","",""
"16/8/2026, 4:05:27.652599 pm","DC01.darkzero.htb","darkzero\ella","11","Sysmon","File Created","C:\Users\ella.darkzero\AppData\Local\Temp\__PSScriptPolicyTest_5lfzduxp.ddk.psm1","","","",""
"16/8/2026, 4:05:30.743999 pm","DC01.darkzero.htb","DC01$","4672","Security","Privileged Logon","","","SeSecurityPrivilege
			SeBackupPrivilege
			SeRestorePrivilege
			SeTakeOwnershipPrivilege
			SeDebugPrivilege
			SeSystemEnvironmentPrivilege
			SeLoadDriverPrivilege
			SeImpersonatePrivilege
			SeDelegateSessionUserImpersonatePrivilege
			SeEnableDelegationPrivilege","",""
"16/8/2026, 4:05:30.744195 pm","DC01.darkzero.htb","DC01$","4624","Security","Logon","","","","","172.16.20.1"
"16/8/2026, 4:05:30.751726 pm","DC01.darkzero.htb","DC01$","4672","Security","Privileged Logon","","","SeSecurityPrivilege
			SeBackupPrivilege
			SeRestorePrivilege
			SeTakeOwnershipPrivilege
			SeDebugPrivilege
			SeSystemEnvironmentPrivilege
			SeLoadDriverPrivilege
			SeImpersonatePrivilege
			SeDelegateSessionUserImpersonatePrivilege
			SeEnableDelegationPrivilege","",""
"16/8/2026, 4:05:30.751968 pm","DC01.darkzero.htb","DC01$","4624","Security","Logon","","","","","::1"
"16/8/2026, 4:05:30.761728 pm","DC01.darkzero.htb","DC01$","4672","Security","Privileged Logon","","","SeSecurityPrivilege
			SeBackupPrivilege
			SeRestorePrivilege
			SeTakeOwnershipPrivilege
			SeDebugPrivilege
			SeSystemEnvironmentPrivilege
			SeLoadDriverPrivilege
			SeImpersonatePrivilege
			SeDelegateSessionUserImpersonatePrivilege
			SeEnableDelegationPrivilege","",""
"16/8/2026, 4:05:30.761931 pm","DC01.darkzero.htb","DC01$","4624","Security","Logon","","","","","::1"
"16/8/2026, 4:05:30.771167 pm","DC01.darkzero.htb","DC01$","4672","Security","Privileged Logon","","","SeSecurityPrivilege
			SeBackupPrivilege
			SeRestorePrivilege
			SeTakeOwnershipPrivilege
			SeDebugPrivilege
			SeSystemEnvironmentPrivilege
			SeLoadDriverPrivilege
			SeImpersonatePrivilege
			SeDelegateSessionUserImpersonatePrivilege
			SeEnableDelegationPrivilege","",""
"16/8/2026, 4:05:30.771416 pm","DC01.darkzero.htb","DC01$","4624","Security","Logon","","","","","10.129.28.204"
"16/8/2026, 4:05:30.794111 pm","DC01.darkzero.htb","DC01$","4672","Security","Privileged Logon","","","SeSecurityPrivilege
			SeBackupPrivilege
			SeRestorePrivilege
			SeTakeOwnershipPrivilege
			SeDebugPrivilege
			SeSystemEnvironmentPrivilege
			SeLoadDriverPrivilege
			SeImpersonatePrivilege
			SeDelegateSessionUserImpersonatePrivilege
			SeEnableDelegationPrivilege","",""
"16/8/2026, 4:05:30.794289 pm","DC01.darkzero.htb","DC01$","4624","Security","Logon","","","","","::1"
"16/8/2026, 4:05:30.812409 pm","DC01.darkzero.htb","darkzero\ella","11","Sysmon","File Created","C:\Users\ella.darkzero\AppData\Local\Microsoft\Windows\PowerShell\StartupProfileData-NonInteractive","","","",""
"16/8/2026, 4:05:59.666025 pm","DC01.darkzero.htb","DC01$","4672","Security","Privileged Logon","","","SeSecurityPrivilege
			SeBackupPrivilege
			SeRestorePrivilege
			SeTakeOwnershipPrivilege
			SeDebugPrivilege
			SeSystemEnvironmentPrivilege
			SeLoadDriverPrivilege
			SeImpersonatePrivilege
			SeDelegateSessionUserImpersonatePrivilege
			SeEnableDelegationPrivilege","",""
"16/8/2026, 4:05:59.666278 pm","DC01.darkzero.htb","DC01$","4624","Security","Logon","","","","","127.0.0.1"
"16/8/2026, 4:06:27.496748 pm","DC01.darkzero.htb","ella","4768","Security","Kerberos TGT","","","","0x12","::1"
"16/8/2026, 4:06:27.498259 pm","DC01.darkzero.htb","ella@DARKZERO.HTB","4769","Security","Kerberos Service Ticket","","","","0x12","::1"
"16/8/2026, 4:06:27.504889 pm","DC01.darkzero.htb","ella","4624","Security","Logon","","","","","-"
"16/8/2026, 4:06:27.514657 pm","DC01.darkzero.htb","darkzero\ella","1","Sysmon","Process Creation","","","""powershell.exe"" -NoProfile -NoLogo -NonInteractive -ExecutionPolicy Bypass -File ""C:\Users\ella\access_gitea.ps1""","",""
"16/8/2026, 4:06:27.675771 pm","DC01.darkzero.htb","darkzero\ella","11","Sysmon","File Created","C:\Users\ella.darkzero\AppData\Local\Temp\__PSScriptPolicyTest_12tez3sm.f1x.ps1","","","",""
"16/8/2026, 4:06:27.6769 pm","DC01.darkzero.htb","darkzero\ella","11","Sysmon","File Created","C:\Users\ella.darkzero\AppData\Local\Temp\__PSScriptPolicyTest_wxs2uqyp.jav.psm1","","","",""
"16/8/2026, 4:06:30.834719 pm","DC01.darkzero.htb","darkzero\ella","11","Sysmon","File Created","C:\Users\ella.darkzero\AppData\Local\Microsoft\Windows\PowerShell\StartupProfileData-NonInteractive","","","",""
"16/8/2026, 4:06:59.681584 pm","DC01.darkzero.htb","DC01$","4672","Security","Privileged Logon","","","SeSecurityPrivilege
			SeBackupPrivilege
			SeRestorePrivilege
			SeTakeOwnershipPrivilege
			SeDebugPrivilege
			SeSystemEnvironmentPrivilege
			SeLoadDriverPrivilege
			SeImpersonatePrivilege
			SeDelegateSessionUserImpersonatePrivilege
			SeEnableDelegationPrivilege","",""
"16/8/2026, 4:06:59.681806 pm","DC01.darkzero.htb","DC01$","4624","Security","Logon","","","","","127.0.0.1"
"16/8/2026, 4:07:22.870036 pm","DC01.darkzero.htb","DC01$","4672","Security","Privileged Logon","","","SeSecurityPrivilege
			SeBackupPrivilege
			SeRestorePrivilege
			SeTakeOwnershipPrivilege
			SeDebugPrivilege
			SeSystemEnvironmentPrivilege
			SeLoadDriverPrivilege
			SeImpersonatePrivilege
			SeDelegateSessionUserImpersonatePrivilege
			SeEnableDelegationPrivilege","",""
"16/8/2026, 4:07:22.871009 pm","DC01.darkzero.htb","DC01$","4624","Security","Logon","","","","","::1"
"16/8/2026, 4:07:27.502466 pm","DC01.darkzero.htb","ella","4768","Security","Kerberos TGT","","","","0x12","::1"
"16/8/2026, 4:07:27.504004 pm","DC01.darkzero.htb","ella@DARKZERO.HTB","4769","Security","Kerberos Service Ticket","","","","0x12","::1"
"16/8/2026, 4:07:27.510659 pm","DC01.darkzero.htb","ella","4624","Security","Logon","","","","","-"
"16/8/2026, 4:07:27.520824 pm","DC01.darkzero.htb","darkzero\ella","1","Sysmon","Process Creation","","","""powershell.exe"" -NoProfile -NoLogo -NonInteractive -ExecutionPolicy Bypass -File ""C:\Users\ella\access_gitea.ps1""","",""
"16/8/2026, 4:07:27.668785 pm","DC01.darkzero.htb","darkzero\ella","11","Sysmon","File Created","C:\Users\ella.darkzero\AppData\Local\Temp\__PSScriptPolicyTest_2nxpvfyl.1aq.ps1","","","",""
"16/8/2026, 4:07:27.669498 pm","DC01.darkzero.htb","darkzero\ella","11","Sysmon","File Created","C:\Users\ella.darkzero\AppData\Local\Temp\__PSScriptPolicyTest_koit5sj5.y5l.psm1","","","",""
"16/8/2026, 4:07:30.815265 pm","DC01.darkzero.htb","darkzero\ella","11","Sysmon","File Created","C:\Users\ella.darkzero\AppData\Local\Microsoft\Windows\PowerShell\StartupProfileData-NonInteractive","","","",""
"16/8/2026, 4:07:59.688248 pm","DC01.darkzero.htb","DC01$","4672","Security","Privileged Logon","","","SeSecurityPrivilege
			SeBackupPrivilege
			SeRestorePrivilege
			SeTakeOwnershipPrivilege
			SeDebugPrivilege
			SeSystemEnvironmentPrivilege
			SeLoadDriverPrivilege
			SeImpersonatePrivilege
			SeDelegateSessionUserImpersonatePrivilege
			SeEnableDelegationPrivilege","",""
"16/8/2026, 4:07:59.688493 pm","DC01.darkzero.htb","DC01$","4624","Security","Logon","","","","","127.0.0.1"
"16/8/2026, 4:08:27.510184 pm","DC01.darkzero.htb","ella","4768","Security","Kerberos TGT","","","","0x12","::1"
"16/8/2026, 4:08:27.511839 pm","DC01.darkzero.htb","ella@DARKZERO.HTB","4769","Security","Kerberos Service Ticket","","","","0x12","::1"
"16/8/2026, 4:08:27.519167 pm","DC01.darkzero.htb","ella","4624","Security","Logon","","","","","-"
"16/8/2026, 4:08:27.529201 pm","DC01.darkzero.htb","darkzero\ella","1","Sysmon","Process Creation","","","""powershell.exe"" -NoProfile -NoLogo -NonInteractive -ExecutionPolicy Bypass -File ""C:\Users\ella\access_gitea.ps1""","",""
"16/8/2026, 4:08:27.672441 pm","DC01.darkzero.htb","darkzero\ella","11","Sysmon","File Created","C:\Users\ella.darkzero\AppData\Local\Temp\__PSScriptPolicyTest_5w5obpg3.mb3.ps1","","","",""
"16/8/2026, 4:08:27.673664 pm","DC01.darkzero.htb","darkzero\ella","11","Sysmon","File Created","C:\Users\ella.darkzero\AppData\Local\Temp\__PSScriptPolicyTest_pk0lurxl.sjk.psm1","","","",""
"16/8/2026, 4:08:30.886717 pm","DC01.darkzero.htb","darkzero\ella","11","Sysmon","File Created","C:\Users\ella.darkzero\AppData\Local\Microsoft\Windows\PowerShell\StartupProfileData-NonInteractive","","","",""
"16/8/2026, 4:08:59.692088 pm","DC01.darkzero.htb","DC01$","4672","Security","Privileged Logon","","","SeSecurityPrivilege
			SeBackupPrivilege
			SeRestorePrivilege
			SeTakeOwnershipPrivilege
			SeDebugPrivilege
			SeSystemEnvironmentPrivilege
			SeLoadDriverPrivilege
			SeImpersonatePrivilege
			SeDelegateSessionUserImpersonatePrivilege
			SeEnableDelegationPrivilege","",""
"16/8/2026, 4:08:59.692295 pm","DC01.darkzero.htb","DC01$","4624","Security","Logon","","","","","127.0.0.1"
"16/8/2026, 4:09:27.508792 pm","DC01.darkzero.htb","ella","4768","Security","Kerberos TGT","","","","0x12","::1"
"16/8/2026, 4:09:27.510635 pm","DC01.darkzero.htb","ella@DARKZERO.HTB","4769","Security","Kerberos Service Ticket","","","","0x12","::1"
"16/8/2026, 4:09:27.516762 pm","DC01.darkzero.htb","ella","4624","Security","Logon","","","","","-"
"16/8/2026, 4:09:27.525884 pm","DC01.darkzero.htb","darkzero\ella","1","Sysmon","Process Creation","","","""powershell.exe"" -NoProfile -NoLogo -NonInteractive -ExecutionPolicy Bypass -File ""C:\Users\ella\access_gitea.ps1""","",""
"16/8/2026, 4:09:27.672378 pm","DC01.darkzero.htb","darkzero\ella","11","Sysmon","File Created","C:\Users\ella.darkzero\AppData\Local\Temp\__PSScriptPolicyTest_z4ujk5lg.1ti.ps1","","","",""
"16/8/2026, 4:09:27.672652 pm","DC01.darkzero.htb","darkzero\ella","11","Sysmon","File Created","C:\Users\ella.darkzero\AppData\Local\Temp\__PSScriptPolicyTest_vhdhedp3.e1w.psm1","","","",""
"16/8/2026, 4:09:30.782082 pm","DC01.darkzero.htb","darkzero\ella","11","Sysmon","File Created","C:\Users\ella.darkzero\AppData\Local\Microsoft\Windows\PowerShell\StartupProfileData-NonInteractive","","","",""
"16/8/2026, 4:09:59.702993 pm","DC01.darkzero.htb","DC01$","4672","Security","Privileged Logon","","","SeSecurityPrivilege
			SeBackupPrivilege
			SeRestorePrivilege
			SeTakeOwnershipPrivilege
			SeDebugPrivilege
			SeSystemEnvironmentPrivilege
			SeLoadDriverPrivilege
			SeImpersonatePrivilege
			SeDelegateSessionUserImpersonatePrivilege
			SeEnableDelegationPrivilege","",""
"16/8/2026, 4:09:59.703187 pm","DC01.darkzero.htb","DC01$","4624","Security","Logon","","","","","127.0.0.1"
"16/8/2026, 4:10:10.630056 pm","DC01.darkzero.htb","NT AUTHORITY\SYSTEM","11","Sysmon","File Created","C:\System Volume Information\DFSR\Config\Replica_403BC236-9053-43D0-AAD0-74F0FB6A21A3.XML.TMP","","","",""
"16/8/2026, 4:10:10.636967 pm","DC01.darkzero.htb","NT AUTHORITY\SYSTEM","11","Sysmon","File Created","C:\System Volume Information\DFSR\Config\Volume_57941D7E-1E19-4293-AB21-2231712EE33A.XML.TMP","","","",""
"16/8/2026, 4:10:10.747057 pm","DC01.darkzero.htb","DC01$","4672","Security","Privileged Logon","","","SeSecurityPrivilege
			SeBackupPrivilege
			SeRestorePrivilege
			SeTakeOwnershipPrivilege
			SeDebugPrivilege
			SeSystemEnvironmentPrivilege
			SeLoadDriverPrivilege
			SeImpersonatePrivilege
			SeDelegateSessionUserImpersonatePrivilege
			SeEnableDelegationPrivilege","",""
"16/8/2026, 4:10:10.747226 pm","DC01.darkzero.htb","DC01$","4624","Security","Logon","","","","","172.16.20.1"
"16/8/2026, 4:10:10.876942 pm","DC01.darkzero.htb","DC01$","4672","Security","Privileged Logon","","","SeSecurityPrivilege
			SeBackupPrivilege
			SeRestorePrivilege
			SeTakeOwnershipPrivilege
			SeDebugPrivilege
			SeSystemEnvironmentPrivilege
			SeLoadDriverPrivilege
			SeImpersonatePrivilege
			SeDelegateSessionUserImpersonatePrivilege
			SeEnableDelegationPrivilege","",""
"16/8/2026, 4:10:10.877113 pm","DC01.darkzero.htb","DC01$","4624","Security","Logon","","","","","172.16.20.1"
"16/8/2026, 4:10:27.51066 pm","DC01.darkzero.htb","ella","4768","Security","Kerberos TGT","","","","0x12","::1"
"16/8/2026, 4:10:27.512359 pm","DC01.darkzero.htb","ella@DARKZERO.HTB","4769","Security","Kerberos Service Ticket","","","","0x12","::1"
"16/8/2026, 4:10:27.518555 pm","DC01.darkzero.htb","ella","4624","Security","Logon","","","","","-"
"16/8/2026, 4:10:27.527628 pm","DC01.darkzero.htb","darkzero\ella","1","Sysmon","Process Creation","","","""powershell.exe"" -NoProfile -NoLogo -NonInteractive -ExecutionPolicy Bypass -File ""C:\Users\ella\access_gitea.ps1""","",""
"16/8/2026, 4:10:27.686474 pm","DC01.darkzero.htb","darkzero\ella","11","Sysmon","File Created","C:\Users\ella.darkzero\AppData\Local\Temp\__PSScriptPolicyTest_3atoo2lq.zpf.ps1","","","",""
"16/8/2026, 4:10:27.686992 pm","DC01.darkzero.htb","darkzero\ella","11","Sysmon","File Created","C:\Users\ella.darkzero\AppData\Local\Temp\__PSScriptPolicyTest_swae0a54.ffu.psm1","","","",""
"16/8/2026, 4:10:30.833536 pm","DC01.darkzero.htb","darkzero\ella","11","Sysmon","File Created","C:\Users\ella.darkzero\AppData\Local\Microsoft\Windows\PowerShell\StartupProfileData-NonInteractive","","","",""
"16/8/2026, 4:10:30.933913 pm","DC01.darkzero.htb","DC01$","4672","Security","Privileged Logon","","","SeSecurityPrivilege
			SeBackupPrivilege
			SeRestorePrivilege
			SeTakeOwnershipPrivilege
			SeDebugPrivilege
			SeSystemEnvironmentPrivilege
			SeLoadDriverPrivilege
			SeImpersonatePrivilege
			SeDelegateSessionUserImpersonatePrivilege
			SeEnableDelegationPrivilege","",""
"16/8/2026, 4:10:30.934141 pm","DC01.darkzero.htb","DC01$","4624","Security","Logon","","","","","172.16.20.1"
"16/8/2026, 4:10:30.941801 pm","DC01.darkzero.htb","DC01$","4672","Security","Privileged Logon","","","SeSecurityPrivilege
			SeBackupPrivilege
			SeRestorePrivilege
			SeTakeOwnershipPrivilege
			SeDebugPrivilege
			SeSystemEnvironmentPrivilege
			SeLoadDriverPrivilege
			SeImpersonatePrivilege
			SeDelegateSessionUserImpersonatePrivilege
			SeEnableDelegationPrivilege","",""
"16/8/2026, 4:10:30.942011 pm","DC01.darkzero.htb","DC01$","4624","Security","Logon","","","","","::1"
"16/8/2026, 4:10:30.952102 pm","DC01.darkzero.htb","DC01$","4672","Security","Privileged Logon","","","SeSecurityPrivilege
			SeBackupPrivilege
			SeRestorePrivilege
			SeTakeOwnershipPrivilege
			SeDebugPrivilege
			SeSystemEnvironmentPrivilege
			SeLoadDriverPrivilege
			SeImpersonatePrivilege
			SeDelegateSessionUserImpersonatePrivilege
			SeEnableDelegationPrivilege","",""
"16/8/2026, 4:10:30.952258 pm","DC01.darkzero.htb","DC01$","4624","Security","Logon","","","","","::1"
"16/8/2026, 4:10:30.959461 pm","DC01.darkzero.htb","DC01$","4672","Security","Privileged Logon","","","SeSecurityPrivilege
			SeBackupPrivilege
			SeRestorePrivilege
			SeTakeOwnershipPrivilege
			SeDebugPrivilege
			SeSystemEnvironmentPrivilege
			SeLoadDriverPrivilege
			SeImpersonatePrivilege
			SeDelegateSessionUserImpersonatePrivilege
			SeEnableDelegationPrivilege","",""
"16/8/2026, 4:10:30.959616 pm","DC01.darkzero.htb","DC01$","4624","Security","Logon","","","","","10.129.28.204"
"16/8/2026, 4:10:30.981284 pm","DC01.darkzero.htb","DC01$","4672","Security","Privileged Logon","","","SeSecurityPrivilege
			SeBackupPrivilege
			SeRestorePrivilege
			SeTakeOwnershipPrivilege
			SeDebugPrivilege
			SeSystemEnvironmentPrivilege
			SeLoadDriverPrivilege
			SeImpersonatePrivilege
			SeDelegateSessionUserImpersonatePrivilege
			SeEnableDelegationPrivilege","",""
"16/8/2026, 4:10:30.981664 pm","DC01.darkzero.htb","DC01$","4624","Security","Logon","","","","","::1"
"16/8/2026, 4:10:59.717436 pm","DC01.darkzero.htb","DC01$","4672","Security","Privileged Logon","","","SeSecurityPrivilege
			SeBackupPrivilege
			SeRestorePrivilege
			SeTakeOwnershipPrivilege
			SeDebugPrivilege
			SeSystemEnvironmentPrivilege
			SeLoadDriverPrivilege
			SeImpersonatePrivilege
			SeDelegateSessionUserImpersonatePrivilege
			SeEnableDelegationPrivilege","",""
"16/8/2026, 4:10:59.717658 pm","DC01.darkzero.htb","DC01$","4624","Security","Logon","","","","","127.0.0.1"
"16/8/2026, 4:11:27.510133 pm","DC01.darkzero.htb","ella","4768","Security","Kerberos TGT","","","","0x12","::1"
"16/8/2026, 4:11:27.512159 pm","DC01.darkzero.htb","ella@DARKZERO.HTB","4769","Security","Kerberos Service Ticket","","","","0x12","::1"
"16/8/2026, 4:11:27.519146 pm","DC01.darkzero.htb","ella","4624","Security","Logon","","","","","-"
"16/8/2026, 4:11:27.529979 pm","DC01.darkzero.htb","darkzero\ella","1","Sysmon","Process Creation","","","""powershell.exe"" -NoProfile -NoLogo -NonInteractive -ExecutionPolicy Bypass -File ""C:\Users\ella\access_gitea.ps1""","",""
"16/8/2026, 4:11:27.688203 pm","DC01.darkzero.htb","darkzero\ella","11","Sysmon","File Created","C:\Users\ella.darkzero\AppData\Local\Temp\__PSScriptPolicyTest_ldekdz0c.sdj.ps1","","","",""
"16/8/2026, 4:11:27.68887 pm","DC01.darkzero.htb","darkzero\ella","11","Sysmon","File Created","C:\Users\ella.darkzero\AppData\Local\Temp\__PSScriptPolicyTest_sgmg051h.zhc.psm1","","","",""
"16/8/2026, 4:11:30.949609 pm","DC01.darkzero.htb","darkzero\ella","11","Sysmon","File Created","C:\Users\ella.darkzero\AppData\Local\Microsoft\Windows\PowerShell\StartupProfileData-NonInteractive","","","",""
"16/8/2026, 4:11:59.720846 pm","DC01.darkzero.htb","DC01$","4672","Security","Privileged Logon","","","SeSecurityPrivilege
			SeBackupPrivilege
			SeRestorePrivilege
			SeTakeOwnershipPrivilege
			SeDebugPrivilege
			SeSystemEnvironmentPrivilege
			SeLoadDriverPrivilege
			SeImpersonatePrivilege
			SeDelegateSessionUserImpersonatePrivilege
			SeEnableDelegationPrivilege","",""
"16/8/2026, 4:11:59.721018 pm","DC01.darkzero.htb","DC01$","4624","Security","Logon","","","","","127.0.0.1"
"16/8/2026, 4:12:27.508484 pm","DC01.darkzero.htb","ella","4768","Security","Kerberos TGT","","","","0x12","::1"
"16/8/2026, 4:12:27.509868 pm","DC01.darkzero.htb","ella@DARKZERO.HTB","4769","Security","Kerberos Service Ticket","","","","0x12","::1"
"16/8/2026, 4:12:27.516358 pm","DC01.darkzero.htb","ella","4624","Security","Logon","","","","","-"
"16/8/2026, 4:12:27.525648 pm","DC01.darkzero.htb","darkzero\ella","1","Sysmon","Process Creation","","","""powershell.exe"" -NoProfile -NoLogo -NonInteractive -ExecutionPolicy Bypass -File ""C:\Users\ella\access_gitea.ps1""","",""
"16/8/2026, 4:12:27.686933 pm","DC01.darkzero.htb","darkzero\ella","11","Sysmon","File Created","C:\Users\ella.darkzero\AppData\Local\Temp\__PSScriptPolicyTest_mh12kfbn.v4s.ps1","","","",""
"16/8/2026, 4:12:27.687776 pm","DC01.darkzero.htb","darkzero\ella","11","Sysmon","File Created","C:\Users\ella.darkzero\AppData\Local\Temp\__PSScriptPolicyTest_sb2xz3fb.txv.psm1","","","",""
"16/8/2026, 4:12:30.860051 pm","DC01.darkzero.htb","darkzero\ella","11","Sysmon","File Created","C:\Users\ella.darkzero\AppData\Local\Microsoft\Windows\PowerShell\StartupProfileData-NonInteractive","","","",""
"16/8/2026, 4:12:59.72537 pm","DC01.darkzero.htb","DC01$","4672","Security","Privileged Logon","","","SeSecurityPrivilege
			SeBackupPrivilege
			SeRestorePrivilege
			SeTakeOwnershipPrivilege
			SeDebugPrivilege
			SeSystemEnvironmentPrivilege
			SeLoadDriverPrivilege
			SeImpersonatePrivilege
			SeDelegateSessionUserImpersonatePrivilege
			SeEnableDelegationPrivilege","",""
"16/8/2026, 4:12:59.725572 pm","DC01.darkzero.htb","DC01$","4624","Security","Logon","","","","","127.0.0.1"
"16/8/2026, 4:13:27.515549 pm","DC01.darkzero.htb","ella","4768","Security","Kerberos TGT","","","","0x12","::1"
"16/8/2026, 4:13:27.517372 pm","DC01.darkzero.htb","ella@DARKZERO.HTB","4769","Security","Kerberos Service Ticket","","","","0x12","::1"
"16/8/2026, 4:13:27.523901 pm","DC01.darkzero.htb","ella","4624","Security","Logon","","","","","-"
"16/8/2026, 4:13:27.533616 pm","DC01.darkzero.htb","darkzero\ella","1","Sysmon","Process Creation","","","""powershell.exe"" -NoProfile -NoLogo -NonInteractive -ExecutionPolicy Bypass -File ""C:\Users\ella\access_gitea.ps1""","",""
"16/8/2026, 4:13:27.684436 pm","DC01.darkzero.htb","darkzero\ella","11","Sysmon","File Created","C:\Users\ella.darkzero\AppData\Local\Temp\__PSScriptPolicyTest_fmyfsmij.hsw.ps1","","","",""
"16/8/2026, 4:13:27.684725 pm","DC01.darkzero.htb","darkzero\ella","11","Sysmon","File Created","C:\Users\ella.darkzero\AppData\Local\Temp\__PSScriptPolicyTest_eokd2fle.lsx.psm1","","","",""
"16/8/2026, 4:13:30.928049 pm","DC01.darkzero.htb","darkzero\ella","11","Sysmon","File Created","C:\Users\ella.darkzero\AppData\Local\Microsoft\Windows\PowerShell\StartupProfileData-NonInteractive","","","",""
"16/8/2026, 4:13:59.756749 pm","DC01.darkzero.htb","DC01$","4672","Security","Privileged Logon","","","SeSecurityPrivilege
			SeBackupPrivilege
			SeRestorePrivilege
			SeTakeOwnershipPrivilege
			SeDebugPrivilege
			SeSystemEnvironmentPrivilege
			SeLoadDriverPrivilege
			SeImpersonatePrivilege
			SeDelegateSessionUserImpersonatePrivilege
			SeEnableDelegationPrivilege","",""
"16/8/2026, 4:13:59.756976 pm","DC01.darkzero.htb","DC01$","4624","Security","Logon","","","","","127.0.0.1"
"16/8/2026, 4:14:27.512598 pm","DC01.darkzero.htb","ella","4768","Security","Kerberos TGT","","","","0x12","::1"
"16/8/2026, 4:14:27.514381 pm","DC01.darkzero.htb","ella@DARKZERO.HTB","4769","Security","Kerberos Service Ticket","","","","0x12","::1"
"16/8/2026, 4:14:27.520872 pm","DC01.darkzero.htb","ella","4624","Security","Logon","","","","","-"
"16/8/2026, 4:14:27.52968 pm","DC01.darkzero.htb","darkzero\ella","1","Sysmon","Process Creation","","","""powershell.exe"" -NoProfile -NoLogo -NonInteractive -ExecutionPolicy Bypass -File ""C:\Users\ella\access_gitea.ps1""","",""
"16/8/2026, 4:14:27.686608 pm","DC01.darkzero.htb","darkzero\ella","11","Sysmon","File Created","C:\Users\ella.darkzero\AppData\Local\Temp\__PSScriptPolicyTest_ldmxivpw.hkk.ps1","","","",""
"16/8/2026, 4:14:27.687454 pm","DC01.darkzero.htb","darkzero\ella","11","Sysmon","File Created","C:\Users\ella.darkzero\AppData\Local\Temp\__PSScriptPolicyTest_gzwcqy0a.yxn.psm1","","","",""
"16/8/2026, 4:14:30.828366 pm","DC01.darkzero.htb","darkzero\ella","11","Sysmon","File Created","C:\Users\ella.darkzero\AppData\Local\Microsoft\Windows\PowerShell\StartupProfileData-NonInteractive","","","",""
"16/8/2026, 4:14:59.762301 pm","DC01.darkzero.htb","DC01$","4672","Security","Privileged Logon","","","SeSecurityPrivilege
			SeBackupPrivilege
			SeRestorePrivilege
			SeTakeOwnershipPrivilege
			SeDebugPrivilege
			SeSystemEnvironmentPrivilege
			SeLoadDriverPrivilege
			SeImpersonatePrivilege
			SeDelegateSessionUserImpersonatePrivilege
			SeEnableDelegationPrivilege","",""
"16/8/2026, 4:14:59.762513 pm","DC01.darkzero.htb","DC01$","4624","Security","Logon","","","","","127.0.0.1"
"16/8/2026, 4:15:10.924962 pm","DC01.darkzero.htb","NT AUTHORITY\SYSTEM","11","Sysmon","File Created","C:\System Volume Information\DFSR\Config\Replica_403BC236-9053-43D0-AAD0-74F0FB6A21A3.XML.TMP","","","",""
"16/8/2026, 4:15:10.929628 pm","DC01.darkzero.htb","NT AUTHORITY\SYSTEM","11","Sysmon","File Created","C:\System Volume Information\DFSR\Config\Volume_57941D7E-1E19-4293-AB21-2231712EE33A.XML.TMP","","","",""
"16/8/2026, 4:15:11.052464 pm","DC01.darkzero.htb","DC01$","4672","Security","Privileged Logon","","","SeSecurityPrivilege
			SeBackupPrivilege
			SeRestorePrivilege
			SeTakeOwnershipPrivilege
			SeDebugPrivilege
			SeSystemEnvironmentPrivilege
			SeLoadDriverPrivilege
			SeImpersonatePrivilege
			SeDelegateSessionUserImpersonatePrivilege
			SeEnableDelegationPrivilege","",""
"16/8/2026, 4:15:11.052659 pm","DC01.darkzero.htb","DC01$","4624","Security","Logon","","","","","172.16.20.1"
"16/8/2026, 4:15:11.178868 pm","DC01.darkzero.htb","DC01$","4672","Security","Privileged Logon","","","SeSecurityPrivilege
			SeBackupPrivilege
			SeRestorePrivilege
			SeTakeOwnershipPrivilege
			SeDebugPrivilege
			SeSystemEnvironmentPrivilege
			SeLoadDriverPrivilege
			SeImpersonatePrivilege
			SeDelegateSessionUserImpersonatePrivilege
			SeEnableDelegationPrivilege","",""
"16/8/2026, 4:15:11.17907 pm","DC01.darkzero.htb","DC01$","4624","Security","Logon","","","","","172.16.20.1"
"16/8/2026, 4:15:27.237516 pm","DC01.darkzero.htb","DC01$","4672","Security","Privileged Logon","","","SeSecurityPrivilege
			SeBackupPrivilege
			SeRestorePrivilege
			SeTakeOwnershipPrivilege
			SeDebugPrivilege
			SeSystemEnvironmentPrivilege
			SeLoadDriverPrivilege
			SeImpersonatePrivilege
			SeDelegateSessionUserImpersonatePrivilege
			SeEnableDelegationPrivilege","",""
"16/8/2026, 4:15:27.237763 pm","DC01.darkzero.htb","DC01$","4624","Security","Logon","","","","","::1"
"16/8/2026, 4:15:27.513356 pm","DC01.darkzero.htb","ella","4768","Security","Kerberos TGT","","","","0x12","::1"
"16/8/2026, 4:15:27.514814 pm","DC01.darkzero.htb","ella@DARKZERO.HTB","4769","Security","Kerberos Service Ticket","","","","0x12","::1"
"16/8/2026, 4:15:27.521434 pm","DC01.darkzero.htb","ella","4624","Security","Logon","","","","","-"
"16/8/2026, 4:15:27.531259 pm","DC01.darkzero.htb","darkzero\ella","1","Sysmon","Process Creation","","","""powershell.exe"" -NoProfile -NoLogo -NonInteractive -ExecutionPolicy Bypass -File ""C:\Users\ella\access_gitea.ps1""","",""
"16/8/2026, 4:15:27.682795 pm","DC01.darkzero.htb","darkzero\ella","11","Sysmon","File Created","C:\Users\ella.darkzero\AppData\Local\Temp\__PSScriptPolicyTest_ubtftity.s1d.ps1","","","",""
"16/8/2026, 4:15:27.683538 pm","DC01.darkzero.htb","darkzero\ella","11","Sysmon","File Created","C:\Users\ella.darkzero\AppData\Local\Temp\__PSScriptPolicyTest_odmcl1md.u20.psm1","","","",""
"16/8/2026, 4:15:30.771179 pm","DC01.darkzero.htb","darkzero\ella","11","Sysmon","File Created","C:\Users\ella.darkzero\AppData\Local\Microsoft\Windows\PowerShell\StartupProfileData-NonInteractive","","","",""
"16/8/2026, 4:15:31.11953 pm","DC01.darkzero.htb","DC01$","4672","Security","Privileged Logon","","","SeSecurityPrivilege
			SeBackupPrivilege
			SeRestorePrivilege
			SeTakeOwnershipPrivilege
			SeDebugPrivilege
			SeSystemEnvironmentPrivilege
			SeLoadDriverPrivilege
			SeImpersonatePrivilege
			SeDelegateSessionUserImpersonatePrivilege
			SeEnableDelegationPrivilege","",""
"16/8/2026, 4:15:31.119706 pm","DC01.darkzero.htb","DC01$","4624","Security","Logon","","","","","172.16.20.1"
"16/8/2026, 4:15:31.130521 pm","DC01.darkzero.htb","DC01$","4672","Security","Privileged Logon","","","SeSecurityPrivilege
			SeBackupPrivilege
			SeRestorePrivilege
			SeTakeOwnershipPrivilege
			SeDebugPrivilege
			SeSystemEnvironmentPrivilege
			SeLoadDriverPrivilege
			SeImpersonatePrivilege
			SeDelegateSessionUserImpersonatePrivilege
			SeEnableDelegationPrivilege","",""
"16/8/2026, 4:15:31.130716 pm","DC01.darkzero.htb","DC01$","4624","Security","Logon","","","","","::1"
"16/8/2026, 4:15:31.140655 pm","DC01.darkzero.htb","DC01$","4672","Security","Privileged Logon","","","SeSecurityPrivilege
			SeBackupPrivilege
			SeRestorePrivilege
			SeTakeOwnershipPrivilege
			SeDebugPrivilege
			SeSystemEnvironmentPrivilege
			SeLoadDriverPrivilege
			SeImpersonatePrivilege
			SeDelegateSessionUserImpersonatePrivilege
			SeEnableDelegationPrivilege","",""
"16/8/2026, 4:15:31.140821 pm","DC01.darkzero.htb","DC01$","4624","Security","Logon","","","","","::1"
"16/8/2026, 4:15:31.148565 pm","DC01.darkzero.htb","DC01$","4672","Security","Privileged Logon","","","SeSecurityPrivilege
			SeBackupPrivilege
			SeRestorePrivilege
			SeTakeOwnershipPrivilege
			SeDebugPrivilege
			SeSystemEnvironmentPrivilege
			SeLoadDriverPrivilege
			SeImpersonatePrivilege
			SeDelegateSessionUserImpersonatePrivilege
			SeEnableDelegationPrivilege","",""
"16/8/2026, 4:15:31.148725 pm","DC01.darkzero.htb","DC01$","4624","Security","Logon","","","","","10.129.28.204"
"16/8/2026, 4:15:31.170474 pm","DC01.darkzero.htb","DC01$","4672","Security","Privileged Logon","","","SeSecurityPrivilege
			SeBackupPrivilege
			SeRestorePrivilege
			SeTakeOwnershipPrivilege
			SeDebugPrivilege
			SeSystemEnvironmentPrivilege
			SeLoadDriverPrivilege
			SeImpersonatePrivilege
			SeDelegateSessionUserImpersonatePrivilege
			SeEnableDelegationPrivilege","",""
"16/8/2026, 4:15:31.170669 pm","DC01.darkzero.htb","DC01$","4624","Security","Logon","","","","","::1"
"16/8/2026, 4:15:59.766057 pm","DC01.darkzero.htb","DC01$","4672","Security","Privileged Logon","","","SeSecurityPrivilege
			SeBackupPrivilege
			SeRestorePrivilege
			SeTakeOwnershipPrivilege
			SeDebugPrivilege
			SeSystemEnvironmentPrivilege
			SeLoadDriverPrivilege
			SeImpersonatePrivilege
			SeDelegateSessionUserImpersonatePrivilege
			SeEnableDelegationPrivilege","",""
"16/8/2026, 4:15:59.766276 pm","DC01.darkzero.htb","DC01$","4624","Security","Logon","","","","","127.0.0.1"
"16/8/2026, 4:16:27.512246 pm","DC01.darkzero.htb","ella","4768","Security","Kerberos TGT","","","","0x12","::1"
"16/8/2026, 4:16:27.51365 pm","DC01.darkzero.htb","ella@DARKZERO.HTB","4769","Security","Kerberos Service Ticket","","","","0x12","::1"
"16/8/2026, 4:16:27.519674 pm","DC01.darkzero.htb","ella","4624","Security","Logon","","","","","-"
"16/8/2026, 4:16:27.528172 pm","DC01.darkzero.htb","darkzero\ella","1","Sysmon","Process Creation","","","""powershell.exe"" -NoProfile -NoLogo -NonInteractive -ExecutionPolicy Bypass -File ""C:\Users\ella\access_gitea.ps1""","",""
"16/8/2026, 4:16:27.663934 pm","DC01.darkzero.htb","darkzero\ella","11","Sysmon","File Created","C:\Users\ella.darkzero\AppData\Local\Temp\__PSScriptPolicyTest_e5ou4y11.vle.ps1","","","",""
"16/8/2026, 4:16:27.664816 pm","DC01.darkzero.htb","darkzero\ella","11","Sysmon","File Created","C:\Users\ella.darkzero\AppData\Local\Temp\__PSScriptPolicyTest_5kgheup5.wlx.psm1","","","",""
"16/8/2026, 4:16:30.827692 pm","DC01.darkzero.htb","darkzero\ella","11","Sysmon","File Created","C:\Users\ella.darkzero\AppData\Local\Microsoft\Windows\PowerShell\StartupProfileData-NonInteractive","","","",""
"16/8/2026, 4:16:59.770709 pm","DC01.darkzero.htb","DC01$","4672","Security","Privileged Logon","","","SeSecurityPrivilege
			SeBackupPrivilege
			SeRestorePrivilege
			SeTakeOwnershipPrivilege
			SeDebugPrivilege
			SeSystemEnvironmentPrivilege
			SeLoadDriverPrivilege
			SeImpersonatePrivilege
			SeDelegateSessionUserImpersonatePrivilege
			SeEnableDelegationPrivilege","",""
"16/8/2026, 4:16:59.770936 pm","DC01.darkzero.htb","DC01$","4624","Security","Logon","","","","","127.0.0.1"
"16/8/2026, 4:17:17.744971 pm","DC01.darkzero.htb","DC02$@DARKZERO.EXT","4769","Security","Kerberos Service Ticket","","","","0x12","::ffff:172.16.20.2"
"16/8/2026, 4:17:17.7486 pm","DC01.darkzero.htb","DC02$","4624","Security","Logon","","","","","172.16.20.2"
"16/8/2026, 4:17:17.759933 pm","DC01.darkzero.htb","DC02$","4624","Security","Logon","","","","","172.16.20.2"
"16/8/2026, 4:17:27.517778 pm","DC01.darkzero.htb","ella","4768","Security","Kerberos TGT","","","","0x12","::1"
"16/8/2026, 4:17:27.519368 pm","DC01.darkzero.htb","ella@DARKZERO.HTB","4769","Security","Kerberos Service Ticket","","","","0x12","::1"
"16/8/2026, 4:17:27.526118 pm","DC01.darkzero.htb","ella","4624","Security","Logon","","","","","-"
"16/8/2026, 4:17:27.53515 pm","DC01.darkzero.htb","darkzero\ella","1","Sysmon","Process Creation","","","""powershell.exe"" -NoProfile -NoLogo -NonInteractive -ExecutionPolicy Bypass -File ""C:\Users\ella\access_gitea.ps1""","",""
"16/8/2026, 4:17:27.676776 pm","DC01.darkzero.htb","darkzero\ella","11","Sysmon","File Created","C:\Users\ella.darkzero\AppData\Local\Temp\__PSScriptPolicyTest_lfczkteg.u3d.ps1","","","",""
"16/8/2026, 4:17:27.677467 pm","DC01.darkzero.htb","darkzero\ella","11","Sysmon","File Created","C:\Users\ella.darkzero\AppData\Local\Temp\__PSScriptPolicyTest_dbt4jjd1.2k3.psm1","","","",""
"16/8/2026, 4:17:30.880844 pm","DC01.darkzero.htb","darkzero\ella","11","Sysmon","File Created","C:\Users\ella.darkzero\AppData\Local\Microsoft\Windows\PowerShell\StartupProfileData-NonInteractive","","","",""
"16/8/2026, 4:17:59.780803 pm","DC01.darkzero.htb","DC01$","4672","Security","Privileged Logon","","","SeSecurityPrivilege
			SeBackupPrivilege
			SeRestorePrivilege
			SeTakeOwnershipPrivilege
			SeDebugPrivilege
			SeSystemEnvironmentPrivilege
			SeLoadDriverPrivilege
			SeImpersonatePrivilege
			SeDelegateSessionUserImpersonatePrivilege
			SeEnableDelegationPrivilege","",""
"16/8/2026, 4:17:59.781025 pm","DC01.darkzero.htb","DC01$","4624","Security","Logon","","","","","127.0.0.1"
"16/8/2026, 4:18:27.516704 pm","DC01.darkzero.htb","ella","4768","Security","Kerberos TGT","","","","0x12","::1"
"16/8/2026, 4:18:27.518096 pm","DC01.darkzero.htb","ella@DARKZERO.HTB","4769","Security","Kerberos Service Ticket","","","","0x12","::1"
"16/8/2026, 4:18:27.525405 pm","DC01.darkzero.htb","ella","4624","Security","Logon","","","","","-"
"16/8/2026, 4:18:27.535951 pm","DC01.darkzero.htb","darkzero\ella","1","Sysmon","Process Creation","","","""powershell.exe"" -NoProfile -NoLogo -NonInteractive -ExecutionPolicy Bypass -File ""C:\Users\ella\access_gitea.ps1""","",""
"16/8/2026, 4:18:27.677622 pm","DC01.darkzero.htb","darkzero\ella","11","Sysmon","File Created","C:\Users\ella.darkzero\AppData\Local\Temp\__PSScriptPolicyTest_o2eiqeog.pik.ps1","","","",""
"16/8/2026, 4:18:27.678184 pm","DC01.darkzero.htb","darkzero\ella","11","Sysmon","File Created","C:\Users\ella.darkzero\AppData\Local\Temp\__PSScriptPolicyTest_zxjrrcje.k0s.psm1","","","",""
"16/8/2026, 4:18:30.832855 pm","DC01.darkzero.htb","darkzero\ella","11","Sysmon","File Created","C:\Users\ella.darkzero\AppData\Local\Microsoft\Windows\PowerShell\StartupProfileData-NonInteractive","","","",""
"16/8/2026, 4:18:59.806232 pm","DC01.darkzero.htb","DC01$","4672","Security","Privileged Logon","","","SeSecurityPrivilege
			SeBackupPrivilege
			SeRestorePrivilege
			SeTakeOwnershipPrivilege
			SeDebugPrivilege
			SeSystemEnvironmentPrivilege
			SeLoadDriverPrivilege
			SeImpersonatePrivilege
			SeDelegateSessionUserImpersonatePrivilege
			SeEnableDelegationPrivilege","",""
"16/8/2026, 4:18:59.806483 pm","DC01.darkzero.htb","DC01$","4624","Security","Logon","","","","","127.0.0.1"
"16/8/2026, 4:19:27.528037 pm","DC01.darkzero.htb","ella","4768","Security","Kerberos TGT","","","","0x12","::1"
"16/8/2026, 4:19:27.52943 pm","DC01.darkzero.htb","ella@DARKZERO.HTB","4769","Security","Kerberos Service Ticket","","","","0x12","::1"
"16/8/2026, 4:19:27.535555 pm","DC01.darkzero.htb","ella","4624","Security","Logon","","","","","-"
"16/8/2026, 4:19:27.544846 pm","DC01.darkzero.htb","darkzero\ella","1","Sysmon","Process Creation","","","""powershell.exe"" -NoProfile -NoLogo -NonInteractive -ExecutionPolicy Bypass -File ""C:\Users\ella\access_gitea.ps1""","",""
"16/8/2026, 4:19:27.689051 pm","DC01.darkzero.htb","darkzero\ella","11","Sysmon","File Created","C:\Users\ella.darkzero\AppData\Local\Temp\__PSScriptPolicyTest_zuc3vwyz.uqr.ps1","","","",""
"16/8/2026, 4:19:27.689793 pm","DC01.darkzero.htb","darkzero\ella","11","Sysmon","File Created","C:\Users\ella.darkzero\AppData\Local\Temp\__PSScriptPolicyTest_2evxckeq.0x3.psm1","","","",""
"16/8/2026, 4:19:30.830202 pm","DC01.darkzero.htb","darkzero\ella","11","Sysmon","File Created","C:\Users\ella.darkzero\AppData\Local\Microsoft\Windows\PowerShell\StartupProfileData-NonInteractive","","","",""
"16/8/2026, 4:19:59.811745 pm","DC01.darkzero.htb","DC01$","4672","Security","Privileged Logon","","","SeSecurityPrivilege
			SeBackupPrivilege
			SeRestorePrivilege
			SeTakeOwnershipPrivilege
			SeDebugPrivilege
			SeSystemEnvironmentPrivilege
			SeLoadDriverPrivilege
			SeImpersonatePrivilege
			SeDelegateSessionUserImpersonatePrivilege
			SeEnableDelegationPrivilege","",""
"16/8/2026, 4:19:59.811925 pm","DC01.darkzero.htb","DC01$","4624","Security","Logon","","","","","127.0.0.1"
"16/8/2026, 4:20:11.40244 pm","DC01.darkzero.htb","NT AUTHORITY\SYSTEM","11","Sysmon","File Created","C:\System Volume Information\DFSR\Config\Replica_403BC236-9053-43D0-AAD0-74F0FB6A21A3.XML.TMP","","","",""
"16/8/2026, 4:20:11.407317 pm","DC01.darkzero.htb","NT AUTHORITY\SYSTEM","11","Sysmon","File Created","C:\System Volume Information\DFSR\Config\Volume_57941D7E-1E19-4293-AB21-2231712EE33A.XML.TMP","","","",""
"16/8/2026, 4:20:11.528409 pm","DC01.darkzero.htb","DC01$","4672","Security","Privileged Logon","","","SeSecurityPrivilege
			SeBackupPrivilege
			SeRestorePrivilege
			SeTakeOwnershipPrivilege
			SeDebugPrivilege
			SeSystemEnvironmentPrivilege
			SeLoadDriverPrivilege
			SeImpersonatePrivilege
			SeDelegateSessionUserImpersonatePrivilege
			SeEnableDelegationPrivilege","",""
"16/8/2026, 4:20:11.528648 pm","DC01.darkzero.htb","DC01$","4624","Security","Logon","","","","","172.16.20.1"
"16/8/2026, 4:20:11.646334 pm","DC01.darkzero.htb","DC01$","4672","Security","Privileged Logon","","","SeSecurityPrivilege
			SeBackupPrivilege
			SeRestorePrivilege
			SeTakeOwnershipPrivilege
			SeDebugPrivilege
			SeSystemEnvironmentPrivilege
			SeLoadDriverPrivilege
			SeImpersonatePrivilege
			SeDelegateSessionUserImpersonatePrivilege
			SeEnableDelegationPrivilege","",""
"16/8/2026, 4:20:11.646572 pm","DC01.darkzero.htb","DC01$","4624","Security","Logon","","","","","172.16.20.1"
"16/8/2026, 4:20:27.528056 pm","DC01.darkzero.htb","ella","4768","Security","Kerberos TGT","","","","0x12","::1"
"16/8/2026, 4:20:27.529515 pm","DC01.darkzero.htb","ella@DARKZERO.HTB","4769","Security","Kerberos Service Ticket","","","","0x12","::1"
"16/8/2026, 4:20:27.535742 pm","DC01.darkzero.htb","ella","4624","Security","Logon","","","","","-"
"16/8/2026, 4:20:27.5443 pm","DC01.darkzero.htb","darkzero\ella","1","Sysmon","Process Creation","","","""powershell.exe"" -NoProfile -NoLogo -NonInteractive -ExecutionPolicy Bypass -File ""C:\Users\ella\access_gitea.ps1""","",""
"16/8/2026, 4:20:27.691824 pm","DC01.darkzero.htb","darkzero\ella","11","Sysmon","File Created","C:\Users\ella.darkzero\AppData\Local\Temp\__PSScriptPolicyTest_lrgistpc.eo2.ps1","","","",""
"16/8/2026, 4:20:27.692708 pm","DC01.darkzero.htb","darkzero\ella","11","Sysmon","File Created","C:\Users\ella.darkzero\AppData\Local\Temp\__PSScriptPolicyTest_oyvfpcjh.swo.psm1","","","",""
"16/8/2026, 4:20:30.823421 pm","DC01.darkzero.htb","darkzero\ella","11","Sysmon","File Created","C:\Users\ella.darkzero\AppData\Local\Microsoft\Windows\PowerShell\StartupProfileData-NonInteractive","","","",""
"16/8/2026, 4:20:31.321847 pm","DC01.darkzero.htb","DC01$","4672","Security","Privileged Logon","","","SeSecurityPrivilege
			SeBackupPrivilege
			SeRestorePrivilege
			SeTakeOwnershipPrivilege
			SeDebugPrivilege
			SeSystemEnvironmentPrivilege
			SeLoadDriverPrivilege
			SeImpersonatePrivilege
			SeDelegateSessionUserImpersonatePrivilege
			SeEnableDelegationPrivilege","",""
"16/8/2026, 4:20:31.322027 pm","DC01.darkzero.htb","DC01$","4624","Security","Logon","","","","","172.16.20.1"
"16/8/2026, 4:20:31.330313 pm","DC01.darkzero.htb","DC01$","4672","Security","Privileged Logon","","","SeSecurityPrivilege
			SeBackupPrivilege
			SeRestorePrivilege
			SeTakeOwnershipPrivilege
			SeDebugPrivilege
			SeSystemEnvironmentPrivilege
			SeLoadDriverPrivilege
			SeImpersonatePrivilege
			SeDelegateSessionUserImpersonatePrivilege
			SeEnableDelegationPrivilege","",""
"16/8/2026, 4:20:31.330551 pm","DC01.darkzero.htb","DC01$","4624","Security","Logon","","","","","::1"
"16/8/2026, 4:20:31.340877 pm","DC01.darkzero.htb","DC01$","4672","Security","Privileged Logon","","","SeSecurityPrivilege
			SeBackupPrivilege
			SeRestorePrivilege
			SeTakeOwnershipPrivilege
			SeDebugPrivilege
			SeSystemEnvironmentPrivilege
			SeLoadDriverPrivilege
			SeImpersonatePrivilege
			SeDelegateSessionUserImpersonatePrivilege
			SeEnableDelegationPrivilege","",""
"16/8/2026, 4:20:31.341035 pm","DC01.darkzero.htb","DC01$","4624","Security","Logon","","","","","::1"
"16/8/2026, 4:20:31.349885 pm","DC01.darkzero.htb","DC01$","4672","Security","Privileged Logon","","","SeSecurityPrivilege
			SeBackupPrivilege
			SeRestorePrivilege
			SeTakeOwnershipPrivilege
			SeDebugPrivilege
			SeSystemEnvironmentPrivilege
			SeLoadDriverPrivilege
			SeImpersonatePrivilege
			SeDelegateSessionUserImpersonatePrivilege
			SeEnableDelegationPrivilege","",""
"16/8/2026, 4:20:31.350127 pm","DC01.darkzero.htb","DC01$","4624","Security","Logon","","","","","10.129.28.204"
"16/8/2026, 4:20:31.37279 pm","DC01.darkzero.htb","DC01$","4672","Security","Privileged Logon","","","SeSecurityPrivilege
			SeBackupPrivilege
			SeRestorePrivilege
			SeTakeOwnershipPrivilege
			SeDebugPrivilege
			SeSystemEnvironmentPrivilege
			SeLoadDriverPrivilege
			SeImpersonatePrivilege
			SeDelegateSessionUserImpersonatePrivilege
			SeEnableDelegationPrivilege","",""
"16/8/2026, 4:20:31.37295 pm","DC01.darkzero.htb","DC01$","4624","Security","Logon","","","","","::1"
"16/8/2026, 4:20:59.821343 pm","DC01.darkzero.htb","DC01$","4672","Security","Privileged Logon","","","SeSecurityPrivilege
			SeBackupPrivilege
			SeRestorePrivilege
			SeTakeOwnershipPrivilege
			SeDebugPrivilege
			SeSystemEnvironmentPrivilege
			SeLoadDriverPrivilege
			SeImpersonatePrivilege
			SeDelegateSessionUserImpersonatePrivilege
			SeEnableDelegationPrivilege","",""
"16/8/2026, 4:20:59.821559 pm","DC01.darkzero.htb","DC01$","4624","Security","Logon","","","","","127.0.0.1"
"16/8/2026, 4:21:27.527969 pm","DC01.darkzero.htb","ella","4768","Security","Kerberos TGT","","","","0x12","::1"
"16/8/2026, 4:21:27.529445 pm","DC01.darkzero.htb","ella@DARKZERO.HTB","4769","Security","Kerberos Service Ticket","","","","0x12","::1"
"16/8/2026, 4:21:27.535922 pm","DC01.darkzero.htb","ella","4624","Security","Logon","","","","","-"
"16/8/2026, 4:21:27.544533 pm","DC01.darkzero.htb","darkzero\ella","1","Sysmon","Process Creation","","","""powershell.exe"" -NoProfile -NoLogo -NonInteractive -ExecutionPolicy Bypass -File ""C:\Users\ella\access_gitea.ps1""","",""
"16/8/2026, 4:21:27.68748 pm","DC01.darkzero.htb","darkzero\ella","11","Sysmon","File Created","C:\Users\ella.darkzero\AppData\Local\Temp\__PSScriptPolicyTest_icyhwbej.k44.ps1","","","",""
"16/8/2026, 4:21:27.687963 pm","DC01.darkzero.htb","darkzero\ella","11","Sysmon","File Created","C:\Users\ella.darkzero\AppData\Local\Temp\__PSScriptPolicyTest_se4trrlp.1w2.psm1","","","",""
"16/8/2026, 4:21:30.824884 pm","DC01.darkzero.htb","darkzero\ella","11","Sysmon","File Created","C:\Users\ella.darkzero\AppData\Local\Microsoft\Windows\PowerShell\StartupProfileData-NonInteractive","","","",""
"16/8/2026, 4:21:59.838767 pm","DC01.darkzero.htb","DC01$","4672","Security","Privileged Logon","","","SeSecurityPrivilege
			SeBackupPrivilege
			SeRestorePrivilege
			SeTakeOwnershipPrivilege
			SeDebugPrivilege
			SeSystemEnvironmentPrivilege
			SeLoadDriverPrivilege
			SeImpersonatePrivilege
			SeDelegateSessionUserImpersonatePrivilege
			SeEnableDelegationPrivilege","",""
"16/8/2026, 4:21:59.839008 pm","DC01.darkzero.htb","DC01$","4624","Security","Logon","","","","","127.0.0.1"
"16/8/2026, 4:22:27.536046 pm","DC01.darkzero.htb","ella","4768","Security","Kerberos TGT","","","","0x12","::1"
"16/8/2026, 4:22:27.538709 pm","DC01.darkzero.htb","ella@DARKZERO.HTB","4769","Security","Kerberos Service Ticket","","","","0x12","::1"
"16/8/2026, 4:22:27.547392 pm","DC01.darkzero.htb","ella","4624","Security","Logon","","","","","-"
"16/8/2026, 4:22:27.564998 pm","DC01.darkzero.htb","darkzero\ella","1","Sysmon","Process Creation","","","""powershell.exe"" -NoProfile -NoLogo -NonInteractive -ExecutionPolicy Bypass -File ""C:\Users\ella\access_gitea.ps1""","",""
"16/8/2026, 4:22:27.75422 pm","DC01.darkzero.htb","darkzero\ella","11","Sysmon","File Created","C:\Users\ella.darkzero\AppData\Local\Temp\__PSScriptPolicyTest_thyb3m1c.3tc.ps1","","","",""
"16/8/2026, 4:22:27.755623 pm","DC01.darkzero.htb","darkzero\ella","11","Sysmon","File Created","C:\Users\ella.darkzero\AppData\Local\Temp\__PSScriptPolicyTest_r4auq4x3.ydm.psm1","","","",""
"16/8/2026, 4:22:30.963828 pm","DC01.darkzero.htb","darkzero\ella","11","Sysmon","File Created","C:\Users\ella.darkzero\AppData\Local\Microsoft\Windows\PowerShell\StartupProfileData-NonInteractive","","","",""
"16/8/2026, 4:22:59.845475 pm","DC01.darkzero.htb","DC01$","4672","Security","Privileged Logon","","","SeSecurityPrivilege
			SeBackupPrivilege
			SeRestorePrivilege
			SeTakeOwnershipPrivilege
			SeDebugPrivilege
			SeSystemEnvironmentPrivilege
			SeLoadDriverPrivilege
			SeImpersonatePrivilege
			SeDelegateSessionUserImpersonatePrivilege
			SeEnableDelegationPrivilege","",""
"16/8/2026, 4:22:59.845711 pm","DC01.darkzero.htb","DC01$","4624","Security","Logon","","","","","127.0.0.1"
"16/8/2026, 4:23:27.538161 pm","DC01.darkzero.htb","ella","4768","Security","Kerberos TGT","","","","0x12","::1"
"16/8/2026, 4:23:27.539744 pm","DC01.darkzero.htb","ella@DARKZERO.HTB","4769","Security","Kerberos Service Ticket","","","","0x12","::1"
"16/8/2026, 4:23:27.546117 pm","DC01.darkzero.htb","ella","4624","Security","Logon","","","","","-"
"16/8/2026, 4:23:27.554967 pm","DC01.darkzero.htb","darkzero\ella","1","Sysmon","Process Creation","","","""powershell.exe"" -NoProfile -NoLogo -NonInteractive -ExecutionPolicy Bypass -File ""C:\Users\ella\access_gitea.ps1""","",""
"16/8/2026, 4:23:27.701969 pm","DC01.darkzero.htb","darkzero\ella","11","Sysmon","File Created","C:\Users\ella.darkzero\AppData\Local\Temp\__PSScriptPolicyTest_1kbhx40n.fsh.ps1","","","",""
"16/8/2026, 4:23:27.702893 pm","DC01.darkzero.htb","darkzero\ella","11","Sysmon","File Created","C:\Users\ella.darkzero\AppData\Local\Temp\__PSScriptPolicyTest_rpe0w1m4.va5.psm1","","","",""
"16/8/2026, 4:23:30.90737 pm","DC01.darkzero.htb","darkzero\ella","11","Sysmon","File Created","C:\Users\ella.darkzero\AppData\Local\Microsoft\Windows\PowerShell\StartupProfileData-NonInteractive","","","",""
"16/8/2026, 4:23:59.856704 pm","DC01.darkzero.htb","DC01$","4672","Security","Privileged Logon","","","SeSecurityPrivilege
			SeBackupPrivilege
			SeRestorePrivilege
			SeTakeOwnershipPrivilege
			SeDebugPrivilege
			SeSystemEnvironmentPrivilege
			SeLoadDriverPrivilege
			SeImpersonatePrivilege
			SeDelegateSessionUserImpersonatePrivilege
			SeEnableDelegationPrivilege","",""
"16/8/2026, 4:23:59.856918 pm","DC01.darkzero.htb","DC01$","4624","Security","Logon","","","","","127.0.0.1"
"16/8/2026, 4:24:27.540988 pm","DC01.darkzero.htb","ella","4768","Security","Kerberos TGT","","","","0x12","::1"
"16/8/2026, 4:24:27.542782 pm","DC01.darkzero.htb","ella@DARKZERO.HTB","4769","Security","Kerberos Service Ticket","","","","0x12","::1"
"16/8/2026, 4:24:27.54926 pm","DC01.darkzero.htb","ella","4624","Security","Logon","","","","","-"
"16/8/2026, 4:24:27.558667 pm","DC01.darkzero.htb","darkzero\ella","1","Sysmon","Process Creation","","","""powershell.exe"" -NoProfile -NoLogo -NonInteractive -ExecutionPolicy Bypass -File ""C:\Users\ella\access_gitea.ps1""","",""
"16/8/2026, 4:24:27.702547 pm","DC01.darkzero.htb","darkzero\ella","11","Sysmon","File Created","C:\Users\ella.darkzero\AppData\Local\Temp\__PSScriptPolicyTest_eq0hjvn4.y4r.ps1","","","",""
"16/8/2026, 4:24:27.703065 pm","DC01.darkzero.htb","darkzero\ella","11","Sysmon","File Created","C:\Users\ella.darkzero\AppData\Local\Temp\__PSScriptPolicyTest_nwi45rpi.rda.psm1","","","",""
"16/8/2026, 4:24:30.841569 pm","DC01.darkzero.htb","darkzero\ella","11","Sysmon","File Created","C:\Users\ella.darkzero\AppData\Local\Microsoft\Windows\PowerShell\StartupProfileData-NonInteractive","","","",""
"16/8/2026, 4:24:59.862357 pm","DC01.darkzero.htb","DC01$","4672","Security","Privileged Logon","","","SeSecurityPrivilege
			SeBackupPrivilege
			SeRestorePrivilege
			SeTakeOwnershipPrivilege
			SeDebugPrivilege
			SeSystemEnvironmentPrivilege
			SeLoadDriverPrivilege
			SeImpersonatePrivilege
			SeDelegateSessionUserImpersonatePrivilege
			SeEnableDelegationPrivilege","",""
"16/8/2026, 4:24:59.862525 pm","DC01.darkzero.htb","DC01$","4624","Security","Logon","","","","","127.0.0.1"
"16/8/2026, 4:25:11.793416 pm","DC01.darkzero.htb","NT AUTHORITY\SYSTEM","11","Sysmon","File Created","C:\System Volume Information\DFSR\Config\Replica_403BC236-9053-43D0-AAD0-74F0FB6A21A3.XML.TMP","","","",""
"16/8/2026, 4:25:11.798501 pm","DC01.darkzero.htb","NT AUTHORITY\SYSTEM","11","Sysmon","File Created","C:\System Volume Information\DFSR\Config\Volume_57941D7E-1E19-4293-AB21-2231712EE33A.XML.TMP","","","",""
"16/8/2026, 4:25:11.91872 pm","DC01.darkzero.htb","DC01$","4672","Security","Privileged Logon","","","SeSecurityPrivilege
			SeBackupPrivilege
			SeRestorePrivilege
			SeTakeOwnershipPrivilege
			SeDebugPrivilege
			SeSystemEnvironmentPrivilege
			SeLoadDriverPrivilege
			SeImpersonatePrivilege
			SeDelegateSessionUserImpersonatePrivilege
			SeEnableDelegationPrivilege","",""
"16/8/2026, 4:25:11.918888 pm","DC01.darkzero.htb","DC01$","4624","Security","Logon","","","","","172.16.20.1"
"16/8/2026, 4:25:12.049652 pm","DC01.darkzero.htb","DC01$","4672","Security","Privileged Logon","","","SeSecurityPrivilege
			SeBackupPrivilege
			SeRestorePrivilege
			SeTakeOwnershipPrivilege
			SeDebugPrivilege
			SeSystemEnvironmentPrivilege
			SeLoadDriverPrivilege
			SeImpersonatePrivilege
			SeDelegateSessionUserImpersonatePrivilege
			SeEnableDelegationPrivilege","",""
"16/8/2026, 4:25:12.049864 pm","DC01.darkzero.htb","DC01$","4624","Security","Logon","","","","","172.16.20.1"
"16/8/2026, 4:25:27.249335 pm","DC01.darkzero.htb","DC01$","4672","Security","Privileged Logon","","","SeSecurityPrivilege
			SeBackupPrivilege
			SeRestorePrivilege
			SeTakeOwnershipPrivilege
			SeDebugPrivilege
			SeSystemEnvironmentPrivilege
			SeLoadDriverPrivilege
			SeImpersonatePrivilege
			SeDelegateSessionUserImpersonatePrivilege
			SeEnableDelegationPrivilege","",""
"16/8/2026, 4:25:27.249648 pm","DC01.darkzero.htb","DC01$","4624","Security","Logon","","","","","::1"
"16/8/2026, 4:25:27.54661 pm","DC01.darkzero.htb","ella","4768","Security","Kerberos TGT","","","","0x12","::1"
"16/8/2026, 4:25:27.548434 pm","DC01.darkzero.htb","ella@DARKZERO.HTB","4769","Security","Kerberos Service Ticket","","","","0x12","::1"
"16/8/2026, 4:25:27.55557 pm","DC01.darkzero.htb","ella","4624","Security","Logon","","","","","-"
"16/8/2026, 4:25:27.564935 pm","DC01.darkzero.htb","darkzero\ella","1","Sysmon","Process Creation","","","""powershell.exe"" -NoProfile -NoLogo -NonInteractive -ExecutionPolicy Bypass -File ""C:\Users\ella\access_gitea.ps1""","",""
"16/8/2026, 4:25:27.713335 pm","DC01.darkzero.htb","darkzero\ella","11","Sysmon","File Created","C:\Users\ella.darkzero\AppData\Local\Temp\__PSScriptPolicyTest_v2ijsw4k.4qe.ps1","","","",""
"16/8/2026, 4:25:27.714293 pm","DC01.darkzero.htb","darkzero\ella","11","Sysmon","File Created","C:\Users\ella.darkzero\AppData\Local\Temp\__PSScriptPolicyTest_a24qjqgt.f3k.psm1","","","",""
"16/8/2026, 4:25:30.865992 pm","DC01.darkzero.htb","darkzero\ella","11","Sysmon","File Created","C:\Users\ella.darkzero\AppData\Local\Microsoft\Windows\PowerShell\StartupProfileData-NonInteractive","","","",""
"16/8/2026, 4:25:31.501943 pm","DC01.darkzero.htb","DC01$","4672","Security","Privileged Logon","","","SeSecurityPrivilege
			SeBackupPrivilege
			SeRestorePrivilege
			SeTakeOwnershipPrivilege
			SeDebugPrivilege
			SeSystemEnvironmentPrivilege
			SeLoadDriverPrivilege
			SeImpersonatePrivilege
			SeDelegateSessionUserImpersonatePrivilege
			SeEnableDelegationPrivilege","",""
"16/8/2026, 4:25:31.502148 pm","DC01.darkzero.htb","DC01$","4624","Security","Logon","","","","","172.16.20.1"
"16/8/2026, 4:25:31.511582 pm","DC01.darkzero.htb","DC01$","4672","Security","Privileged Logon","","","SeSecurityPrivilege
			SeBackupPrivilege
			SeRestorePrivilege
			SeTakeOwnershipPrivilege
			SeDebugPrivilege
			SeSystemEnvironmentPrivilege
			SeLoadDriverPrivilege
			SeImpersonatePrivilege
			SeDelegateSessionUserImpersonatePrivilege
			SeEnableDelegationPrivilege","",""
"16/8/2026, 4:25:31.511836 pm","DC01.darkzero.htb","DC01$","4624","Security","Logon","","","","","::1"
"16/8/2026, 4:25:31.522281 pm","DC01.darkzero.htb","DC01$","4672","Security","Privileged Logon","","","SeSecurityPrivilege
			SeBackupPrivilege
			SeRestorePrivilege
			SeTakeOwnershipPrivilege
			SeDebugPrivilege
			SeSystemEnvironmentPrivilege
			SeLoadDriverPrivilege
			SeImpersonatePrivilege
			SeDelegateSessionUserImpersonatePrivilege
			SeEnableDelegationPrivilege","",""
"16/8/2026, 4:25:31.522557 pm","DC01.darkzero.htb","DC01$","4624","Security","Logon","","","","","::1"
"16/8/2026, 4:25:31.530096 pm","DC01.darkzero.htb","DC01$","4672","Security","Privileged Logon","","","SeSecurityPrivilege
			SeBackupPrivilege
			SeRestorePrivilege
			SeTakeOwnershipPrivilege
			SeDebugPrivilege
			SeSystemEnvironmentPrivilege
			SeLoadDriverPrivilege
			SeImpersonatePrivilege
			SeDelegateSessionUserImpersonatePrivilege
			SeEnableDelegationPrivilege","",""
"16/8/2026, 4:25:31.530256 pm","DC01.darkzero.htb","DC01$","4624","Security","Logon","","","","","10.129.28.204"
"16/8/2026, 4:25:31.553391 pm","DC01.darkzero.htb","DC01$","4672","Security","Privileged Logon","","","SeSecurityPrivilege
			SeBackupPrivilege
			SeRestorePrivilege
			SeTakeOwnershipPrivilege
			SeDebugPrivilege
			SeSystemEnvironmentPrivilege
			SeLoadDriverPrivilege
			SeImpersonatePrivilege
			SeDelegateSessionUserImpersonatePrivilege
			SeEnableDelegationPrivilege","",""
"16/8/2026, 4:25:31.553563 pm","DC01.darkzero.htb","DC01$","4624","Security","Logon","","","","","::1"
"16/8/2026, 4:25:59.866669 pm","DC01.darkzero.htb","DC01$","4672","Security","Privileged Logon","","","SeSecurityPrivilege
			SeBackupPrivilege
			SeRestorePrivilege
			SeTakeOwnershipPrivilege
			SeDebugPrivilege
			SeSystemEnvironmentPrivilege
			SeLoadDriverPrivilege
			SeImpersonatePrivilege
			SeDelegateSessionUserImpersonatePrivilege
			SeEnableDelegationPrivilege","",""
"16/8/2026, 4:25:59.866878 pm","DC01.darkzero.htb","DC01$","4624","Security","Logon","","","","","127.0.0.1"
"16/8/2026, 4:26:27.55981 pm","DC01.darkzero.htb","ella","4768","Security","Kerberos TGT","","","","0x12","::1"
"16/8/2026, 4:26:27.561674 pm","DC01.darkzero.htb","ella@DARKZERO.HTB","4769","Security","Kerberos Service Ticket","","","","0x12","::1"
"16/8/2026, 4:26:27.568312 pm","DC01.darkzero.htb","ella","4624","Security","Logon","","","","","-"
"16/8/2026, 4:26:27.577789 pm","DC01.darkzero.htb","darkzero\ella","1","Sysmon","Process Creation","","","""powershell.exe"" -NoProfile -NoLogo -NonInteractive -ExecutionPolicy Bypass -File ""C:\Users\ella\access_gitea.ps1""","",""
"16/8/2026, 4:26:27.72964 pm","DC01.darkzero.htb","darkzero\ella","11","Sysmon","File Created","C:\Users\ella.darkzero\AppData\Local\Temp\__PSScriptPolicyTest_mlq1ya3g.uwu.ps1","","","",""
"16/8/2026, 4:26:27.730307 pm","DC01.darkzero.htb","darkzero\ella","11","Sysmon","File Created","C:\Users\ella.darkzero\AppData\Local\Temp\__PSScriptPolicyTest_0zal42yl.2l5.psm1","","","",""
"16/8/2026, 4:26:30.979116 pm","DC01.darkzero.htb","darkzero\ella","11","Sysmon","File Created","C:\Users\ella.darkzero\AppData\Local\Microsoft\Windows\PowerShell\StartupProfileData-NonInteractive","","","",""
"16/8/2026, 4:26:59.88404 pm","DC01.darkzero.htb","DC01$","4672","Security","Privileged Logon","","","SeSecurityPrivilege
			SeBackupPrivilege
			SeRestorePrivilege
			SeTakeOwnershipPrivilege
			SeDebugPrivilege
			SeSystemEnvironmentPrivilege
			SeLoadDriverPrivilege
			SeImpersonatePrivilege
			SeDelegateSessionUserImpersonatePrivilege
			SeEnableDelegationPrivilege","",""
"16/8/2026, 4:26:59.884283 pm","DC01.darkzero.htb","DC01$","4624","Security","Logon","","","","","127.0.0.1"
"16/8/2026, 4:27:27.564201 pm","DC01.darkzero.htb","ella","4768","Security","Kerberos TGT","","","","0x12","::1"
"16/8/2026, 4:27:27.565855 pm","DC01.darkzero.htb","ella@DARKZERO.HTB","4769","Security","Kerberos Service Ticket","","","","0x12","::1"
"16/8/2026, 4:27:27.572655 pm","DC01.darkzero.htb","ella","4624","Security","Logon","","","","","-"
"16/8/2026, 4:27:27.581943 pm","DC01.darkzero.htb","darkzero\ella","1","Sysmon","Process Creation","","","""powershell.exe"" -NoProfile -NoLogo -NonInteractive -ExecutionPolicy Bypass -File ""C:\Users\ella\access_gitea.ps1""","",""
"16/8/2026, 4:27:27.718917 pm","DC01.darkzero.htb","darkzero\ella","11","Sysmon","File Created","C:\Users\ella.darkzero\AppData\Local\Temp\__PSScriptPolicyTest_skcjnbee.3yq.ps1","","","",""
"16/8/2026, 4:27:27.719756 pm","DC01.darkzero.htb","darkzero\ella","11","Sysmon","File Created","C:\Users\ella.darkzero\AppData\Local\Temp\__PSScriptPolicyTest_1xgr5wab.bgf.psm1","","","",""
"16/8/2026, 4:27:30.977653 pm","DC01.darkzero.htb","darkzero\ella","11","Sysmon","File Created","C:\Users\ella.darkzero\AppData\Local\Microsoft\Windows\PowerShell\StartupProfileData-NonInteractive","","","",""
"16/8/2026, 4:27:59.899531 pm","DC01.darkzero.htb","DC01$","4672","Security","Privileged Logon","","","SeSecurityPrivilege
			SeBackupPrivilege
			SeRestorePrivilege
			SeTakeOwnershipPrivilege
			SeDebugPrivilege
			SeSystemEnvironmentPrivilege
			SeLoadDriverPrivilege
			SeImpersonatePrivilege
			SeDelegateSessionUserImpersonatePrivilege
			SeEnableDelegationPrivilege","",""
"16/8/2026, 4:27:59.899704 pm","DC01.darkzero.htb","DC01$","4624","Security","Logon","","","","","127.0.0.1"
"16/8/2026, 4:28:27.575186 pm","DC01.darkzero.htb","ella","4768","Security","Kerberos TGT","","","","0x12","::1"
"16/8/2026, 4:28:27.576895 pm","DC01.darkzero.htb","ella@DARKZERO.HTB","4769","Security","Kerberos Service Ticket","","","","0x12","::1"
"16/8/2026, 4:28:27.583824 pm","DC01.darkzero.htb","ella","4624","Security","Logon","","","","","-"
"16/8/2026, 4:28:27.593128 pm","DC01.darkzero.htb","darkzero\ella","1","Sysmon","Process Creation","","","""powershell.exe"" -NoProfile -NoLogo -NonInteractive -ExecutionPolicy Bypass -File ""C:\Users\ella\access_gitea.ps1""","",""
"16/8/2026, 4:28:27.738243 pm","DC01.darkzero.htb","darkzero\ella","11","Sysmon","File Created","C:\Users\ella.darkzero\AppData\Local\Temp\__PSScriptPolicyTest_rnoderl5.xkr.ps1","","","",""
"16/8/2026, 4:28:27.739105 pm","DC01.darkzero.htb","darkzero\ella","11","Sysmon","File Created","C:\Users\ella.darkzero\AppData\Local\Temp\__PSScriptPolicyTest_kjfgdped.0iy.psm1","","","",""
"16/8/2026, 4:28:30.836881 pm","DC01.darkzero.htb","darkzero\ella","11","Sysmon","File Created","C:\Users\ella.darkzero\AppData\Local\Microsoft\Windows\PowerShell\StartupProfileData-NonInteractive","","","",""
"16/8/2026, 4:28:59.896526 pm","DC01.darkzero.htb","DC01$","4672","Security","Privileged Logon","","","SeSecurityPrivilege
			SeBackupPrivilege
			SeRestorePrivilege
			SeTakeOwnershipPrivilege
			SeDebugPrivilege
			SeSystemEnvironmentPrivilege
			SeLoadDriverPrivilege
			SeImpersonatePrivilege
			SeDelegateSessionUserImpersonatePrivilege
			SeEnableDelegationPrivilege","",""
"16/8/2026, 4:28:59.896777 pm","DC01.darkzero.htb","DC01$","4624","Security","Logon","","","","","127.0.0.1"
"16/8/2026, 4:29:20.62883 pm","DC01.darkzero.htb","","{'#attributes': {'Qualifiers': 32768}, '#text': 2089}","DirectoryService","Replication Event","","","","",""
"16/8/2026, 4:29:20.62883 pm","DC01.darkzero.htb","","{'#attributes': {'Qualifiers': 32768}, '#text': 2089}","DirectoryService","Replication Event","","","","",""
"16/8/2026, 4:29:20.62883 pm","DC01.darkzero.htb","","{'#attributes': {'Qualifiers': 32768}, '#text': 2089}","DirectoryService","Replication Event","","","","",""
"16/8/2026, 4:29:20.62883 pm","DC01.darkzero.htb","","{'#attributes': {'Qualifiers': 32768}, '#text': 2089}","DirectoryService","Replication Event","","","","",""
"16/8/2026, 4:29:20.62883 pm","DC01.darkzero.htb","","{'#attributes': {'Qualifiers': 32768}, '#text': 2089}","DirectoryService","Replication Event","","","","",""
"16/8/2026, 4:29:27.576133 pm","DC01.darkzero.htb","ella","4768","Security","Kerberos TGT","","","","0x12","::1"
"16/8/2026, 4:29:27.577846 pm","DC01.darkzero.htb","ella@DARKZERO.HTB","4769","Security","Kerberos Service Ticket","","","","0x12","::1"
"16/8/2026, 4:29:27.58536 pm","DC01.darkzero.htb","ella","4624","Security","Logon","","","","","-"
"16/8/2026, 4:29:27.595102 pm","DC01.darkzero.htb","darkzero\ella","1","Sysmon","Process Creation","","","""powershell.exe"" -NoProfile -NoLogo -NonInteractive -ExecutionPolicy Bypass -File ""C:\Users\ella\access_gitea.ps1""","",""
"16/8/2026, 4:29:27.743699 pm","DC01.darkzero.htb","darkzero\ella","11","Sysmon","File Created","C:\Users\ella.darkzero\AppData\Local\Temp\__PSScriptPolicyTest_x2g2apjl.3dq.ps1","","","",""
"16/8/2026, 4:29:27.744047 pm","DC01.darkzero.htb","darkzero\ella","11","Sysmon","File Created","C:\Users\ella.darkzero\AppData\Local\Temp\__PSScriptPolicyTest_jfcksnhr.jrz.psm1","","","",""
"16/8/2026, 4:29:30.998819 pm","DC01.darkzero.htb","darkzero\ella","11","Sysmon","File Created","C:\Users\ella.darkzero\AppData\Local\Microsoft\Windows\PowerShell\StartupProfileData-NonInteractive","","","",""
"16/8/2026, 4:29:59.91268 pm","DC01.darkzero.htb","DC01$","4672","Security","Privileged Logon","","","SeSecurityPrivilege
			SeBackupPrivilege
			SeRestorePrivilege
			SeTakeOwnershipPrivilege
			SeDebugPrivilege
			SeSystemEnvironmentPrivilege
			SeLoadDriverPrivilege
			SeImpersonatePrivilege
			SeDelegateSessionUserImpersonatePrivilege
			SeEnableDelegationPrivilege","",""
"16/8/2026, 4:29:59.912865 pm","DC01.darkzero.htb","DC01$","4624","Security","Logon","","","","","127.0.0.1"
"16/8/2026, 4:30:12.198453 pm","DC01.darkzero.htb","NT AUTHORITY\SYSTEM","11","Sysmon","File Created","C:\System Volume Information\DFSR\Config\Replica_403BC236-9053-43D0-AAD0-74F0FB6A21A3.XML.TMP","","","",""
"16/8/2026, 4:30:12.205379 pm","DC01.darkzero.htb","NT AUTHORITY\SYSTEM","11","Sysmon","File Created","C:\System Volume Information\DFSR\Config\Volume_57941D7E-1E19-4293-AB21-2231712EE33A.XML.TMP","","","",""
"16/8/2026, 4:30:12.326582 pm","DC01.darkzero.htb","DC01$","4672","Security","Privileged Logon","","","SeSecurityPrivilege
			SeBackupPrivilege
			SeRestorePrivilege
			SeTakeOwnershipPrivilege
			SeDebugPrivilege
			SeSystemEnvironmentPrivilege
			SeLoadDriverPrivilege
			SeImpersonatePrivilege
			SeDelegateSessionUserImpersonatePrivilege
			SeEnableDelegationPrivilege","",""
"16/8/2026, 4:30:12.326774 pm","DC01.darkzero.htb","DC01$","4624","Security","Logon","","","","","172.16.20.1"
"16/8/2026, 4:30:12.456221 pm","DC01.darkzero.htb","DC01$","4672","Security","Privileged Logon","","","SeSecurityPrivilege
			SeBackupPrivilege
			SeRestorePrivilege
			SeTakeOwnershipPrivilege
			SeDebugPrivilege
			SeSystemEnvironmentPrivilege
			SeLoadDriverPrivilege
			SeImpersonatePrivilege
			SeDelegateSessionUserImpersonatePrivilege
			SeEnableDelegationPrivilege","",""
"16/8/2026, 4:30:12.456413 pm","DC01.darkzero.htb","DC01$","4624","Security","Logon","","","","","172.16.20.1"
"16/8/2026, 4:30:21.023207 pm","DC01.darkzero.htb","NT AUTHORITY\SYSTEM","11","Sysmon","File Created","C:\ProgramData\Microsoft\Diagnosis\AggregatorStorage\Triggers\17647717143869751280_trigger.dat","","","",""
"16/8/2026, 4:30:21.024059 pm","DC01.darkzero.htb","NT AUTHORITY\SYSTEM","11","Sysmon","File Created","C:\ProgramData\Microsoft\Diagnosis\AggregatorStorage\Triggers\17647717143869751280_data.dat","","","",""
"16/8/2026, 4:30:27.578923 pm","DC01.darkzero.htb","ella","4768","Security","Kerberos TGT","","","","0x12","::1"
"16/8/2026, 4:30:27.580693 pm","DC01.darkzero.htb","ella@DARKZERO.HTB","4769","Security","Kerberos Service Ticket","","","","0x12","::1"
"16/8/2026, 4:30:27.587674 pm","DC01.darkzero.htb","ella","4624","Security","Logon","","","","","-"
"16/8/2026, 4:30:27.597663 pm","DC01.darkzero.htb","darkzero\ella","1","Sysmon","Process Creation","","","""powershell.exe"" -NoProfile -NoLogo -NonInteractive -ExecutionPolicy Bypass -File ""C:\Users\ella\access_gitea.ps1""","",""
"16/8/2026, 4:30:27.757014 pm","DC01.darkzero.htb","darkzero\ella","11","Sysmon","File Created","C:\Users\ella.darkzero\AppData\Local\Temp\__PSScriptPolicyTest_z2xvoorg.2dl.ps1","","","",""
"16/8/2026, 4:30:27.758689 pm","DC01.darkzero.htb","darkzero\ella","11","Sysmon","File Created","C:\Users\ella.darkzero\AppData\Local\Temp\__PSScriptPolicyTest_0pngcq5q.jec.psm1","","","",""
"16/8/2026, 4:30:30.976238 pm","DC01.darkzero.htb","darkzero\ella","11","Sysmon","File Created","C:\Users\ella.darkzero\AppData\Local\Microsoft\Windows\PowerShell\StartupProfileData-NonInteractive","","","",""
"16/8/2026, 4:30:31.596661 pm","DC01.darkzero.htb","DC01$","4672","Security","Privileged Logon","","","SeSecurityPrivilege
			SeBackupPrivilege
			SeRestorePrivilege
			SeTakeOwnershipPrivilege
			SeDebugPrivilege
			SeSystemEnvironmentPrivilege
			SeLoadDriverPrivilege
			SeImpersonatePrivilege
			SeDelegateSessionUserImpersonatePrivilege
			SeEnableDelegationPrivilege","",""
"16/8/2026, 4:30:31.597503 pm","DC01.darkzero.htb","DC01$","4624","Security","Logon","","","","","::1"
"16/8/2026, 4:30:31.715668 pm","DC01.darkzero.htb","DC01$","4672","Security","Privileged Logon","","","SeSecurityPrivilege
			SeBackupPrivilege
			SeRestorePrivilege
			SeTakeOwnershipPrivilege
			SeDebugPrivilege
			SeSystemEnvironmentPrivilege
			SeLoadDriverPrivilege
			SeImpersonatePrivilege
			SeDelegateSessionUserImpersonatePrivilege
			SeEnableDelegationPrivilege","",""
"16/8/2026, 4:30:31.716017 pm","DC01.darkzero.htb","DC01$","4624","Security","Logon","","","","","172.16.20.1"
"16/8/2026, 4:30:31.727092 pm","DC01.darkzero.htb","DC01$","4672","Security","Privileged Logon","","","SeSecurityPrivilege
			SeBackupPrivilege
			SeRestorePrivilege
			SeTakeOwnershipPrivilege
			SeDebugPrivilege
			SeSystemEnvironmentPrivilege
			SeLoadDriverPrivilege
			SeImpersonatePrivilege
			SeDelegateSessionUserImpersonatePrivilege
			SeEnableDelegationPrivilege","",""
"16/8/2026, 4:30:31.727285 pm","DC01.darkzero.htb","DC01$","4624","Security","Logon","","","","","::1"
"16/8/2026, 4:30:31.736875 pm","DC01.darkzero.htb","DC01$","4672","Security","Privileged Logon","","","SeSecurityPrivilege
			SeBackupPrivilege
			SeRestorePrivilege
			SeTakeOwnershipPrivilege
			SeDebugPrivilege
			SeSystemEnvironmentPrivilege
			SeLoadDriverPrivilege
			SeImpersonatePrivilege
			SeDelegateSessionUserImpersonatePrivilege
			SeEnableDelegationPrivilege","",""
"16/8/2026, 4:30:31.737034 pm","DC01.darkzero.htb","DC01$","4624","Security","Logon","","","","","::1"
"16/8/2026, 4:30:31.744378 pm","DC01.darkzero.htb","DC01$","4672","Security","Privileged Logon","","","SeSecurityPrivilege
			SeBackupPrivilege
			SeRestorePrivilege
			SeTakeOwnershipPrivilege
			SeDebugPrivilege
			SeSystemEnvironmentPrivilege
			SeLoadDriverPrivilege
			SeImpersonatePrivilege
			SeDelegateSessionUserImpersonatePrivilege
			SeEnableDelegationPrivilege","",""
"16/8/2026, 4:30:31.744543 pm","DC01.darkzero.htb","DC01$","4624","Security","Logon","","","","","10.129.28.204"
"16/8/2026, 4:30:31.765352 pm","DC01.darkzero.htb","DC01$","4672","Security","Privileged Logon","","","SeSecurityPrivilege
			SeBackupPrivilege
			SeRestorePrivilege
			SeTakeOwnershipPrivilege
			SeDebugPrivilege
			SeSystemEnvironmentPrivilege
			SeLoadDriverPrivilege
			SeImpersonatePrivilege
			SeDelegateSessionUserImpersonatePrivilege
			SeEnableDelegationPrivilege","",""
"16/8/2026, 4:30:31.765553 pm","DC01.darkzero.htb","DC01$","4624","Security","Logon","","","","","::1"
"16/8/2026, 4:30:33.84949 pm","DC01.darkzero.htb","NT AUTHORITY\SYSTEM","11","Sysmon","File Created","C:\ProgramData\Microsoft\Diagnosis\AggregatorStorage\UpdateHeartbeatScan$","","","",""
"16/8/2026, 4:30:48.348928 pm","DC01.darkzero.htb","DC01$","4672","Security","Privileged Logon","","","SeAuditPrivilege
			SeAssignPrimaryTokenPrivilege
			SeImpersonatePrivilege","",""
"16/8/2026, 4:30:48.349134 pm","DC01.darkzero.htb","DC01$","4624","Security","Logon","","","","","-"
"16/8/2026, 4:30:59.921553 pm","DC01.darkzero.htb","DC01$","4672","Security","Privileged Logon","","","SeSecurityPrivilege
			SeBackupPrivilege
			SeRestorePrivilege
			SeTakeOwnershipPrivilege
			SeDebugPrivilege
			SeSystemEnvironmentPrivilege
			SeLoadDriverPrivilege
			SeImpersonatePrivilege
			SeDelegateSessionUserImpersonatePrivilege
			SeEnableDelegationPrivilege","",""
"16/8/2026, 4:30:59.921728 pm","DC01.darkzero.htb","DC01$","4624","Security","Logon","","","","","127.0.0.1"
"16/8/2026, 4:31:27.58494 pm","DC01.darkzero.htb","ella","4768","Security","Kerberos TGT","","","","0x12","::1"
"16/8/2026, 4:31:27.586698 pm","DC01.darkzero.htb","ella@DARKZERO.HTB","4769","Security","Kerberos Service Ticket","","","","0x12","::1"
"16/8/2026, 4:31:27.593356 pm","DC01.darkzero.htb","ella","4624","Security","Logon","","","","","-"
"16/8/2026, 4:31:27.602433 pm","DC01.darkzero.htb","darkzero\ella","1","Sysmon","Process Creation","","","""powershell.exe"" -NoProfile -NoLogo -NonInteractive -ExecutionPolicy Bypass -File ""C:\Users\ella\access_gitea.ps1""","",""
"16/8/2026, 4:31:27.744264 pm","DC01.darkzero.htb","darkzero\ella","11","Sysmon","File Created","C:\Users\ella.darkzero\AppData\Local\Temp\__PSScriptPolicyTest_lfvqkkc2.i0f.ps1","","","",""
"16/8/2026, 4:31:27.745128 pm","DC01.darkzero.htb","darkzero\ella","11","Sysmon","File Created","C:\Users\ella.darkzero\AppData\Local\Temp\__PSScriptPolicyTest_ze0qhalc.lc3.psm1","","","",""
"16/8/2026, 4:31:30.916075 pm","DC01.darkzero.htb","darkzero\ella","11","Sysmon","File Created","C:\Users\ella.darkzero\AppData\Local\Microsoft\Windows\PowerShell\StartupProfileData-NonInteractive","","","",""
"16/8/2026, 4:31:32.217866 pm","DC01.darkzero.htb","NT AUTHORITY\SYSTEM","11","Sysmon","File Created","C:\ProgramData\Microsoft\Diagnosis\AggregatorStorage\AdoptionHeartbeat$","","","",""
"16/8/2026, 4:31:41.189107 pm","DC01.darkzero.htb","SYSTEM","4624","Security","Logon","","","","","-"
"16/8/2026, 4:31:41.189133 pm","DC01.darkzero.htb","SYSTEM","4672","Security","Privileged Logon","","","SeAssignPrimaryTokenPrivilege
			SeTcbPrivilege
			SeSecurityPrivilege
			SeTakeOwnershipPrivilege
			SeLoadDriverPrivilege
			SeBackupPrivilege
			SeRestorePrivilege
			SeDebugPrivilege
			SeAuditPrivilege
			SeSystemEnvironmentPrivilege
			SeImpersonatePrivilege
			SeDelegateSessionUserImpersonatePrivilege","",""
"16/8/2026, 4:31:41.193231 pm","DC01.darkzero.htb","NT AUTHORITY\SYSTEM","1","Sysmon","Process Creation","","","C:\WINDOWS\System32\svchost.exe -k netsvcs -p -s NetSetupSvc","",""
"16/8/2026, 4:31:59.920822 pm","DC01.darkzero.htb","DC01$","4672","Security","Privileged Logon","","","SeSecurityPrivilege
			SeBackupPrivilege
			SeRestorePrivilege
			SeTakeOwnershipPrivilege
			SeDebugPrivilege
			SeSystemEnvironmentPrivilege
			SeLoadDriverPrivilege
			SeImpersonatePrivilege
			SeDelegateSessionUserImpersonatePrivilege
			SeEnableDelegationPrivilege","",""
"16/8/2026, 4:31:59.921019 pm","DC01.darkzero.htb","DC01$","4624","Security","Logon","","","","","127.0.0.1"
"16/8/2026, 4:32:27.594088 pm","DC01.darkzero.htb","ella","4768","Security","Kerberos TGT","","","","0x12","::1"
"16/8/2026, 4:32:27.596005 pm","DC01.darkzero.htb","ella@DARKZERO.HTB","4769","Security","Kerberos Service Ticket","","","","0x12","::1"
"16/8/2026, 4:32:27.602468 pm","DC01.darkzero.htb","ella","4624","Security","Logon","","","","","-"
"16/8/2026, 4:32:27.611214 pm","DC01.darkzero.htb","darkzero\ella","1","Sysmon","Process Creation","","","""powershell.exe"" -NoProfile -NoLogo -NonInteractive -ExecutionPolicy Bypass -File ""C:\Users\ella\access_gitea.ps1""","",""
"16/8/2026, 4:32:27.754146 pm","DC01.darkzero.htb","darkzero\ella","11","Sysmon","File Created","C:\Users\ella.darkzero\AppData\Local\Temp\__PSScriptPolicyTest_f0adfwha.ayl.ps1","","","",""
"16/8/2026, 4:32:27.754401 pm","DC01.darkzero.htb","darkzero\ella","11","Sysmon","File Created","C:\Users\ella.darkzero\AppData\Local\Temp\__PSScriptPolicyTest_gf34exsq.blo.psm1","","","",""
"16/8/2026, 4:32:30.979103 pm","DC01.darkzero.htb","darkzero\ella","11","Sysmon","File Created","C:\Users\ella.darkzero\AppData\Local\Microsoft\Windows\PowerShell\StartupProfileData-NonInteractive","","","",""
"16/8/2026, 4:32:59.93816 pm","DC01.darkzero.htb","DC01$","4672","Security","Privileged Logon","","","SeSecurityPrivilege
			SeBackupPrivilege
			SeRestorePrivilege
			SeTakeOwnershipPrivilege
			SeDebugPrivilege
			SeSystemEnvironmentPrivilege
			SeLoadDriverPrivilege
			SeImpersonatePrivilege
			SeDelegateSessionUserImpersonatePrivilege
			SeEnableDelegationPrivilege","",""
"16/8/2026, 4:32:59.938379 pm","DC01.darkzero.htb","DC01$","4624","Security","Logon","","","","","127.0.0.1"
"16/8/2026, 4:33:27.598423 pm","DC01.darkzero.htb","ella","4768","Security","Kerberos TGT","","","","0x12","::1"
"16/8/2026, 4:33:27.600085 pm","DC01.darkzero.htb","ella@DARKZERO.HTB","4769","Security","Kerberos Service Ticket","","","","0x12","::1"
"16/8/2026, 4:33:27.606812 pm","DC01.darkzero.htb","ella","4624","Security","Logon","","","","","-"
"16/8/2026, 4:33:27.616363 pm","DC01.darkzero.htb","darkzero\ella","1","Sysmon","Process Creation","","","""powershell.exe"" -NoProfile -NoLogo -NonInteractive -ExecutionPolicy Bypass -File ""C:\Users\ella\access_gitea.ps1""","",""
"16/8/2026, 4:33:27.760946 pm","DC01.darkzero.htb","darkzero\ella","11","Sysmon","File Created","C:\Users\ella.darkzero\AppData\Local\Temp\__PSScriptPolicyTest_xz3zeaje.e5y.ps1","","","",""
"16/8/2026, 4:33:27.761755 pm","DC01.darkzero.htb","darkzero\ella","11","Sysmon","File Created","C:\Users\ella.darkzero\AppData\Local\Temp\__PSScriptPolicyTest_ptig1suq.uue.psm1","","","",""
"16/8/2026, 4:33:30.877194 pm","DC01.darkzero.htb","darkzero\ella","11","Sysmon","File Created","C:\Users\ella.darkzero\AppData\Local\Microsoft\Windows\PowerShell\StartupProfileData-NonInteractive","","","",""
"16/8/2026, 4:33:50.020574 pm","DC01.darkzero.htb","NT AUTHORITY\SYSTEM","1","Sysmon","Process Creation","","","""C:\WINDOWS\uus\packages\preview\AMD64\MoUsoCoreWorker.exe"" useprivatenamespaces","",""
"16/8/2026, 4:33:50.151278 pm","DC01.darkzero.htb","NT AUTHORITY\SYSTEM","11","Sysmon","File Created","C:\ProgramData\USOPrivate\UpdateStore\store.db-journal","","","",""
"16/8/2026, 4:33:50.326159 pm","DC01.darkzero.htb","SYSTEM","4624","Security","Logon","","","","","-"
"16/8/2026, 4:33:50.326247 pm","DC01.darkzero.htb","SYSTEM","4672","Security","Privileged Logon","","","SeAssignPrimaryTokenPrivilege
			SeTcbPrivilege
			SeSecurityPrivilege
			SeTakeOwnershipPrivilege
			SeLoadDriverPrivilege
			SeBackupPrivilege
			SeRestorePrivilege
			SeDebugPrivilege
			SeAuditPrivilege
			SeSystemEnvironmentPrivilege
			SeImpersonatePrivilege
			SeDelegateSessionUserImpersonatePrivilege","",""
"16/8/2026, 4:33:50.331713 pm","DC01.darkzero.htb","NT AUTHORITY\SYSTEM","1","Sysmon","Process Creation","","","C:\WINDOWS\system32\svchost.exe -k wusvcs -p -s WaaSMedicSvc","",""
"16/8/2026, 4:33:50.401279 pm","DC01.darkzero.htb","NT AUTHORITY\SYSTEM","11","Sysmon","File Created","C:\Windows\Logs\waasmedic\waasmedic.20260816_163350_400.etl","","","",""
"16/8/2026, 4:33:50.703285 pm","DC01.darkzero.htb","SYSTEM","4624","Security","Logon","","","","","-"
"16/8/2026, 4:33:50.703301 pm","DC01.darkzero.htb","SYSTEM","4672","Security","Privileged Logon","","","SeAssignPrimaryTokenPrivilege
			SeTcbPrivilege
			SeSecurityPrivilege
			SeTakeOwnershipPrivilege
			SeLoadDriverPrivilege
			SeBackupPrivilege
			SeRestorePrivilege
			SeDebugPrivilege
			SeAuditPrivilege
			SeSystemEnvironmentPrivilege
			SeImpersonatePrivilege
			SeDelegateSessionUserImpersonatePrivilege","",""
"16/8/2026, 4:33:50.853324 pm","DC01.darkzero.htb","SYSTEM","4624","Security","Logon","","","","","-"
"16/8/2026, 4:33:50.853338 pm","DC01.darkzero.htb","SYSTEM","4672","Security","Privileged Logon","","","SeAssignPrimaryTokenPrivilege
			SeTcbPrivilege
			SeSecurityPrivilege
			SeTakeOwnershipPrivilege
			SeLoadDriverPrivilege
			SeBackupPrivilege
			SeRestorePrivilege
			SeDebugPrivilege
			SeAuditPrivilege
			SeSystemEnvironmentPrivilege
			SeImpersonatePrivilege
			SeDelegateSessionUserImpersonatePrivilege","",""
"16/8/2026, 4:33:50.918663 pm","DC01.darkzero.htb","NT AUTHORITY\SYSTEM","11","Sysmon","File Created","C:\ProgramData\regid.1991-06.com.microsoft\regid.1991-06.com.microsoft_Windows-Server-2025-Datacenter.swidtag","","","",""
"16/8/2026, 4:33:51.977532 pm","DC01.darkzero.htb","NT AUTHORITY\SYSTEM","11","Sysmon","File Created","C:\ProgramData\USOPrivate\UpdateStore\store.db-journal","","","",""
"16/8/2026, 4:33:52.09117 pm","DC01.darkzero.htb","NT AUTHORITY\SYSTEM","11","Sysmon","File Created","C:\ProgramData\USOPrivate\UpdateStore\store.db-journal","","","",""
"16/8/2026, 4:33:52.351244 pm","DC01.darkzero.htb","NT AUTHORITY\SYSTEM","11","Sysmon","File Created","C:\ProgramData\USOPrivate\UpdateStore\store.db-journal","","","",""
"16/8/2026, 4:33:52.378854 pm","DC01.darkzero.htb","NT AUTHORITY\SYSTEM","11","Sysmon","File Created","C:\ProgramData\USOPrivate\UpdateStore\store.db-journal","","","",""
"16/8/2026, 4:33:59.942391 pm","DC01.darkzero.htb","DC01$","4672","Security","Privileged Logon","","","SeSecurityPrivilege
			SeBackupPrivilege
			SeRestorePrivilege
			SeTakeOwnershipPrivilege
			SeDebugPrivilege
			SeSystemEnvironmentPrivilege
			SeLoadDriverPrivilege
			SeImpersonatePrivilege
			SeDelegateSessionUserImpersonatePrivilege
			SeEnableDelegationPrivilege","",""
"16/8/2026, 4:33:59.942568 pm","DC01.darkzero.htb","DC01$","4624","Security","Logon","","","","","127.0.0.1"
"16/8/2026, 4:34:27.614273 pm","DC01.darkzero.htb","ella","4768","Security","Kerberos TGT","","","","0x12","::1"
"16/8/2026, 4:34:27.616069 pm","DC01.darkzero.htb","ella@DARKZERO.HTB","4769","Security","Kerberos Service Ticket","","","","0x12","::1"
"16/8/2026, 4:34:27.62292 pm","DC01.darkzero.htb","ella","4624","Security","Logon","","","","","-"
"16/8/2026, 4:34:27.632271 pm","DC01.darkzero.htb","darkzero\ella","1","Sysmon","Process Creation","","","""powershell.exe"" -NoProfile -NoLogo -NonInteractive -ExecutionPolicy Bypass -File ""C:\Users\ella\access_gitea.ps1""","",""
"16/8/2026, 4:34:27.899012 pm","DC01.darkzero.htb","darkzero\ella","11","Sysmon","File Created","C:\Users\ella.darkzero\AppData\Local\Temp\__PSScriptPolicyTest_1nv34axx.tig.ps1","","","",""
"16/8/2026, 4:34:27.899823 pm","DC01.darkzero.htb","darkzero\ella","11","Sysmon","File Created","C:\Users\ella.darkzero\AppData\Local\Temp\__PSScriptPolicyTest_qprppkyu.3mo.psm1","","","",""
"16/8/2026, 4:34:31.063434 pm","DC01.darkzero.htb","darkzero\ella","11","Sysmon","File Created","C:\Users\ella.darkzero\AppData\Local\Microsoft\Windows\PowerShell\StartupProfileData-NonInteractive","","","",""
"16/8/2026, 4:34:59.954612 pm","DC01.darkzero.htb","DC01$","4672","Security","Privileged Logon","","","SeSecurityPrivilege
			SeBackupPrivilege
			SeRestorePrivilege
			SeTakeOwnershipPrivilege
			SeDebugPrivilege
			SeSystemEnvironmentPrivilege
			SeLoadDriverPrivilege
			SeImpersonatePrivilege
			SeDelegateSessionUserImpersonatePrivilege
			SeEnableDelegationPrivilege","",""
"16/8/2026, 4:34:59.954857 pm","DC01.darkzero.htb","DC01$","4624","Security","Logon","","","","","127.0.0.1"
"16/8/2026, 4:35:12.54658 pm","DC01.darkzero.htb","NT AUTHORITY\SYSTEM","11","Sysmon","File Created","C:\System Volume Information\DFSR\Config\Replica_403BC236-9053-43D0-AAD0-74F0FB6A21A3.XML.TMP","","","",""
"16/8/2026, 4:35:12.551575 pm","DC01.darkzero.htb","NT AUTHORITY\SYSTEM","11","Sysmon","File Created","C:\System Volume Information\DFSR\Config\Volume_57941D7E-1E19-4293-AB21-2231712EE33A.XML.TMP","","","",""
"16/8/2026, 4:35:12.663933 pm","DC01.darkzero.htb","DC01$","4672","Security","Privileged Logon","","","SeSecurityPrivilege
			SeBackupPrivilege
			SeRestorePrivilege
			SeTakeOwnershipPrivilege
			SeDebugPrivilege
			SeSystemEnvironmentPrivilege
			SeLoadDriverPrivilege
			SeImpersonatePrivilege
			SeDelegateSessionUserImpersonatePrivilege
			SeEnableDelegationPrivilege","",""
"16/8/2026, 4:35:12.664192 pm","DC01.darkzero.htb","DC01$","4624","Security","Logon","","","","","172.16.20.1"
"16/8/2026, 4:35:12.790178 pm","DC01.darkzero.htb","DC01$","4672","Security","Privileged Logon","","","SeSecurityPrivilege
			SeBackupPrivilege
			SeRestorePrivilege
			SeTakeOwnershipPrivilege
			SeDebugPrivilege
			SeSystemEnvironmentPrivilege
			SeLoadDriverPrivilege
			SeImpersonatePrivilege
			SeDelegateSessionUserImpersonatePrivilege
			SeEnableDelegationPrivilege","",""
"16/8/2026, 4:35:12.790352 pm","DC01.darkzero.htb","DC01$","4624","Security","Logon","","","","","172.16.20.1"
"16/8/2026, 4:35:27.254913 pm","DC01.darkzero.htb","DC01$","4672","Security","Privileged Logon","","","SeSecurityPrivilege
			SeBackupPrivilege
			SeRestorePrivilege
			SeTakeOwnershipPrivilege
			SeDebugPrivilege
			SeSystemEnvironmentPrivilege
			SeLoadDriverPrivilege
			SeImpersonatePrivilege
			SeDelegateSessionUserImpersonatePrivilege
			SeEnableDelegationPrivilege","",""
"16/8/2026, 4:35:27.255241 pm","DC01.darkzero.htb","DC01$","4624","Security","Logon","","","","","::1"
"16/8/2026, 4:35:27.625876 pm","DC01.darkzero.htb","ella","4768","Security","Kerberos TGT","","","","0x12","::1"
"16/8/2026, 4:35:27.627498 pm","DC01.darkzero.htb","ella@DARKZERO.HTB","4769","Security","Kerberos Service Ticket","","","","0x12","::1"
"16/8/2026, 4:35:27.633985 pm","DC01.darkzero.htb","ella","4624","Security","Logon","","","","","-"
"16/8/2026, 4:35:27.642387 pm","DC01.darkzero.htb","darkzero\ella","1","Sysmon","Process Creation","","","""powershell.exe"" -NoProfile -NoLogo -NonInteractive -ExecutionPolicy Bypass -File ""C:\Users\ella\access_gitea.ps1""","",""
"16/8/2026, 4:35:27.786664 pm","DC01.darkzero.htb","darkzero\ella","11","Sysmon","File Created","C:\Users\ella.darkzero\AppData\Local\Temp\__PSScriptPolicyTest_2mihhgw4.qro.ps1","","","",""
"16/8/2026, 4:35:27.787886 pm","DC01.darkzero.htb","darkzero\ella","11","Sysmon","File Created","C:\Users\ella.darkzero\AppData\Local\Temp\__PSScriptPolicyTest_k22n2gpi.tnq.psm1","","","",""
"16/8/2026, 4:35:30.964478 pm","DC01.darkzero.htb","darkzero\ella","11","Sysmon","File Created","C:\Users\ella.darkzero\AppData\Local\Microsoft\Windows\PowerShell\StartupProfileData-NonInteractive","","","",""
"16/8/2026, 4:35:31.911669 pm","DC01.darkzero.htb","DC01$","4672","Security","Privileged Logon","","","SeSecurityPrivilege
			SeBackupPrivilege
			SeRestorePrivilege
			SeTakeOwnershipPrivilege
			SeDebugPrivilege
			SeSystemEnvironmentPrivilege
			SeLoadDriverPrivilege
			SeImpersonatePrivilege
			SeDelegateSessionUserImpersonatePrivilege
			SeEnableDelegationPrivilege","",""
"16/8/2026, 4:35:31.911857 pm","DC01.darkzero.htb","DC01$","4624","Security","Logon","","","","","172.16.20.1"
"16/8/2026, 4:35:31.918958 pm","DC01.darkzero.htb","DC01$","4672","Security","Privileged Logon","","","SeSecurityPrivilege
			SeBackupPrivilege
			SeRestorePrivilege
			SeTakeOwnershipPrivilege
			SeDebugPrivilege
			SeSystemEnvironmentPrivilege
			SeLoadDriverPrivilege
			SeImpersonatePrivilege
			SeDelegateSessionUserImpersonatePrivilege
			SeEnableDelegationPrivilege","",""
"16/8/2026, 4:35:31.919169 pm","DC01.darkzero.htb","DC01$","4624","Security","Logon","","","","","::1"
"16/8/2026, 4:35:31.928097 pm","DC01.darkzero.htb","DC01$","4672","Security","Privileged Logon","","","SeSecurityPrivilege
			SeBackupPrivilege
			SeRestorePrivilege
			SeTakeOwnershipPrivilege
			SeDebugPrivilege
			SeSystemEnvironmentPrivilege
			SeLoadDriverPrivilege
			SeImpersonatePrivilege
			SeDelegateSessionUserImpersonatePrivilege
			SeEnableDelegationPrivilege","",""
"16/8/2026, 4:35:31.928239 pm","DC01.darkzero.htb","DC01$","4624","Security","Logon","","","","","::1"
"16/8/2026, 4:35:31.934652 pm","DC01.darkzero.htb","DC01$","4672","Security","Privileged Logon","","","SeSecurityPrivilege
			SeBackupPrivilege
			SeRestorePrivilege
			SeTakeOwnershipPrivilege
			SeDebugPrivilege
			SeSystemEnvironmentPrivilege
			SeLoadDriverPrivilege
			SeImpersonatePrivilege
			SeDelegateSessionUserImpersonatePrivilege
			SeEnableDelegationPrivilege","",""
"16/8/2026, 4:35:31.934827 pm","DC01.darkzero.htb","DC01$","4624","Security","Logon","","","","","10.129.28.204"
"16/8/2026, 4:35:31.954115 pm","DC01.darkzero.htb","DC01$","4672","Security","Privileged Logon","","","SeSecurityPrivilege
			SeBackupPrivilege
			SeRestorePrivilege
			SeTakeOwnershipPrivilege
			SeDebugPrivilege
			SeSystemEnvironmentPrivilege
			SeLoadDriverPrivilege
			SeImpersonatePrivilege
			SeDelegateSessionUserImpersonatePrivilege
			SeEnableDelegationPrivilege","",""
"16/8/2026, 4:35:31.954262 pm","DC01.darkzero.htb","DC01$","4624","Security","Logon","","","","","::1"
"16/8/2026, 4:35:59.945156 pm","DC01.darkzero.htb","DC01$","4672","Security","Privileged Logon","","","SeSecurityPrivilege
			SeBackupPrivilege
			SeRestorePrivilege
			SeTakeOwnershipPrivilege
			SeDebugPrivilege
			SeSystemEnvironmentPrivilege
			SeLoadDriverPrivilege
			SeImpersonatePrivilege
			SeDelegateSessionUserImpersonatePrivilege
			SeEnableDelegationPrivilege","",""
"16/8/2026, 4:35:59.94536 pm","DC01.darkzero.htb","DC01$","4624","Security","Logon","","","","","127.0.0.1"
"16/8/2026, 4:36:27.624445 pm","DC01.darkzero.htb","ella","4768","Security","Kerberos TGT","","","","0x12","::1"
"16/8/2026, 4:36:27.626157 pm","DC01.darkzero.htb","ella@DARKZERO.HTB","4769","Security","Kerberos Service Ticket","","","","0x12","::1"
"16/8/2026, 4:36:27.632627 pm","DC01.darkzero.htb","ella","4624","Security","Logon","","","","","-"
"16/8/2026, 4:36:27.642118 pm","DC01.darkzero.htb","darkzero\ella","1","Sysmon","Process Creation","","","""powershell.exe"" -NoProfile -NoLogo -NonInteractive -ExecutionPolicy Bypass -File ""C:\Users\ella\access_gitea.ps1""","",""
"16/8/2026, 4:36:27.783462 pm","DC01.darkzero.htb","darkzero\ella","11","Sysmon","File Created","C:\Users\ella.darkzero\AppData\Local\Temp\__PSScriptPolicyTest_i1xykvw4.nyp.ps1","","","",""
"16/8/2026, 4:36:27.784611 pm","DC01.darkzero.htb","darkzero\ella","11","Sysmon","File Created","C:\Users\ella.darkzero\AppData\Local\Temp\__PSScriptPolicyTest_djomjxhu.fs2.psm1","","","",""
"16/8/2026, 4:36:31.02433 pm","DC01.darkzero.htb","darkzero\ella","11","Sysmon","File Created","C:\Users\ella.darkzero\AppData\Local\Microsoft\Windows\PowerShell\StartupProfileData-NonInteractive","","","",""
"16/8/2026, 4:36:59.944545 pm","DC01.darkzero.htb","DC01$","4672","Security","Privileged Logon","","","SeSecurityPrivilege
			SeBackupPrivilege
			SeRestorePrivilege
			SeTakeOwnershipPrivilege
			SeDebugPrivilege
			SeSystemEnvironmentPrivilege
			SeLoadDriverPrivilege
			SeImpersonatePrivilege
			SeDelegateSessionUserImpersonatePrivilege
			SeEnableDelegationPrivilege","",""
"16/8/2026, 4:36:59.944773 pm","DC01.darkzero.htb","DC01$","4624","Security","Logon","","","","","127.0.0.1"
"16/8/2026, 4:37:27.632139 pm","DC01.darkzero.htb","ella","4768","Security","Kerberos TGT","","","","0x12","::1"
"16/8/2026, 4:37:27.633665 pm","DC01.darkzero.htb","ella@DARKZERO.HTB","4769","Security","Kerberos Service Ticket","","","","0x12","::1"
"16/8/2026, 4:37:27.639859 pm","DC01.darkzero.htb","ella","4624","Security","Logon","","","","","-"
"16/8/2026, 4:37:27.649014 pm","DC01.darkzero.htb","darkzero\ella","1","Sysmon","Process Creation","","","""powershell.exe"" -NoProfile -NoLogo -NonInteractive -ExecutionPolicy Bypass -File ""C:\Users\ella\access_gitea.ps1""","",""
"16/8/2026, 4:37:27.785377 pm","DC01.darkzero.htb","darkzero\ella","11","Sysmon","File Created","C:\Users\ella.darkzero\AppData\Local\Temp\__PSScriptPolicyTest_vygb1255.kq5.ps1","","","",""
"16/8/2026, 4:37:27.78601 pm","DC01.darkzero.htb","darkzero\ella","11","Sysmon","File Created","C:\Users\ella.darkzero\AppData\Local\Temp\__PSScriptPolicyTest_0uxrfldt.4vc.psm1","","","",""
"16/8/2026, 4:37:31.011028 pm","DC01.darkzero.htb","darkzero\ella","11","Sysmon","File Created","C:\Users\ella.darkzero\AppData\Local\Microsoft\Windows\PowerShell\StartupProfileData-NonInteractive","","","",""
"16/8/2026, 4:37:59.949746 pm","DC01.darkzero.htb","DC01$","4672","Security","Privileged Logon","","","SeSecurityPrivilege
			SeBackupPrivilege
			SeRestorePrivilege
			SeTakeOwnershipPrivilege
			SeDebugPrivilege
			SeSystemEnvironmentPrivilege
			SeLoadDriverPrivilege
			SeImpersonatePrivilege
			SeDelegateSessionUserImpersonatePrivilege
			SeEnableDelegationPrivilege","",""
"16/8/2026, 4:37:59.949949 pm","DC01.darkzero.htb","DC01$","4624","Security","Logon","","","","","127.0.0.1"
"16/8/2026, 4:38:27.633001 pm","DC01.darkzero.htb","ella","4768","Security","Kerberos TGT","","","","0x12","::1"
"16/8/2026, 4:38:27.634826 pm","DC01.darkzero.htb","ella@DARKZERO.HTB","4769","Security","Kerberos Service Ticket","","","","0x12","::1"
"16/8/2026, 4:38:27.641827 pm","DC01.darkzero.htb","ella","4624","Security","Logon","","","","","-"
"16/8/2026, 4:38:27.650878 pm","DC01.darkzero.htb","darkzero\ella","1","Sysmon","Process Creation","","","""powershell.exe"" -NoProfile -NoLogo -NonInteractive -ExecutionPolicy Bypass -File ""C:\Users\ella\access_gitea.ps1""","",""
"16/8/2026, 4:38:27.804386 pm","DC01.darkzero.htb","darkzero\ella","11","Sysmon","File Created","C:\Users\ella.darkzero\AppData\Local\Temp\__PSScriptPolicyTest_zstnive3.quv.ps1","","","",""
"16/8/2026, 4:38:27.804624 pm","DC01.darkzero.htb","darkzero\ella","11","Sysmon","File Created","C:\Users\ella.darkzero\AppData\Local\Temp\__PSScriptPolicyTest_rrwiywx0.41t.psm1","","","",""
"16/8/2026, 4:38:30.919195 pm","DC01.darkzero.htb","darkzero\ella","11","Sysmon","File Created","C:\Users\ella.darkzero\AppData\Local\Microsoft\Windows\PowerShell\StartupProfileData-NonInteractive","","","",""
"16/8/2026, 4:38:59.953903 pm","DC01.darkzero.htb","DC01$","4672","Security","Privileged Logon","","","SeSecurityPrivilege
			SeBackupPrivilege
			SeRestorePrivilege
			SeTakeOwnershipPrivilege
			SeDebugPrivilege
			SeSystemEnvironmentPrivilege
			SeLoadDriverPrivilege
			SeImpersonatePrivilege
			SeDelegateSessionUserImpersonatePrivilege
			SeEnableDelegationPrivilege","",""
"16/8/2026, 4:38:59.954095 pm","DC01.darkzero.htb","DC01$","4624","Security","Logon","","","","","127.0.0.1"
"16/8/2026, 4:39:08.443567 pm","DC01.darkzero.htb","NT AUTHORITY\SYSTEM","1","Sysmon","Process Creation","","","taskhostw.exe","",""
"16/8/2026, 4:39:08.663624 pm","DC01.darkzero.htb","SYSTEM","4624","Security","Logon","","","","","-"
"16/8/2026, 4:39:08.663639 pm","DC01.darkzero.htb","SYSTEM","4672","Security","Privileged Logon","","","SeAssignPrimaryTokenPrivilege
			SeTcbPrivilege
			SeSecurityPrivilege
			SeTakeOwnershipPrivilege
			SeLoadDriverPrivilege
			SeBackupPrivilege
			SeRestorePrivilege
			SeDebugPrivilege
			SeAuditPrivilege
			SeSystemEnvironmentPrivilege
			SeImpersonatePrivilege
			SeDelegateSessionUserImpersonatePrivilege","",""
"16/8/2026, 4:39:08.786409 pm","DC01.darkzero.htb","SYSTEM","4624","Security","Logon","","","","","-"
"16/8/2026, 4:39:08.786424 pm","DC01.darkzero.htb","SYSTEM","4672","Security","Privileged Logon","","","SeAssignPrimaryTokenPrivilege
			SeTcbPrivilege
			SeSecurityPrivilege
			SeTakeOwnershipPrivilege
			SeLoadDriverPrivilege
			SeBackupPrivilege
			SeRestorePrivilege
			SeDebugPrivilege
			SeAuditPrivilege
			SeSystemEnvironmentPrivilege
			SeImpersonatePrivilege
			SeDelegateSessionUserImpersonatePrivilege","",""
"16/8/2026, 4:39:08.833555 pm","DC01.darkzero.htb","NT AUTHORITY\SYSTEM","11","Sysmon","File Created","C:\ProgramData\regid.1991-06.com.microsoft\regid.1991-06.com.microsoft_Windows-Server-2025-Datacenter.swidtag","","","",""
"16/8/2026, 4:39:27.64293 pm","DC01.darkzero.htb","ella","4768","Security","Kerberos TGT","","","","0x12","::1"
"16/8/2026, 4:39:27.644402 pm","DC01.darkzero.htb","ella@DARKZERO.HTB","4769","Security","Kerberos Service Ticket","","","","0x12","::1"
"16/8/2026, 4:39:27.650627 pm","DC01.darkzero.htb","ella","4624","Security","Logon","","","","","-"
"16/8/2026, 4:39:27.65903 pm","DC01.darkzero.htb","darkzero\ella","1","Sysmon","Process Creation","","","""powershell.exe"" -NoProfile -NoLogo -NonInteractive -ExecutionPolicy Bypass -File ""C:\Users\ella\access_gitea.ps1""","",""
"16/8/2026, 4:39:27.813276 pm","DC01.darkzero.htb","darkzero\ella","11","Sysmon","File Created","C:\Users\ella.darkzero\AppData\Local\Temp\__PSScriptPolicyTest_rimfjibv.iax.ps1","","","",""
"16/8/2026, 4:39:27.813647 pm","DC01.darkzero.htb","darkzero\ella","11","Sysmon","File Created","C:\Users\ella.darkzero\AppData\Local\Temp\__PSScriptPolicyTest_xci3qqau.gt0.psm1","","","",""
"16/8/2026, 4:39:30.925365 pm","DC01.darkzero.htb","darkzero\ella","11","Sysmon","File Created","C:\Users\ella.darkzero\AppData\Local\Microsoft\Windows\PowerShell\StartupProfileData-NonInteractive","","","",""
"16/8/2026, 4:39:59.959171 pm","DC01.darkzero.htb","DC01$","4672","Security","Privileged Logon","","","SeSecurityPrivilege
			SeBackupPrivilege
			SeRestorePrivilege
			SeTakeOwnershipPrivilege
			SeDebugPrivilege
			SeSystemEnvironmentPrivilege
			SeLoadDriverPrivilege
			SeImpersonatePrivilege
			SeDelegateSessionUserImpersonatePrivilege
			SeEnableDelegationPrivilege","",""
"16/8/2026, 4:39:59.959373 pm","DC01.darkzero.htb","DC01$","4624","Security","Logon","","","","","127.0.0.1"
"16/8/2026, 4:40:12.939357 pm","DC01.darkzero.htb","NT AUTHORITY\SYSTEM","11","Sysmon","File Created","C:\System Volume Information\DFSR\Config\Replica_403BC236-9053-43D0-AAD0-74F0FB6A21A3.XML.TMP","","","",""
"16/8/2026, 4:40:12.944478 pm","DC01.darkzero.htb","NT AUTHORITY\SYSTEM","11","Sysmon","File Created","C:\System Volume Information\DFSR\Config\Volume_57941D7E-1E19-4293-AB21-2231712EE33A.XML.TMP","","","",""
"16/8/2026, 4:40:13.065688 pm","DC01.darkzero.htb","DC01$","4672","Security","Privileged Logon","","","SeSecurityPrivilege
			SeBackupPrivilege
			SeRestorePrivilege
			SeTakeOwnershipPrivilege
			SeDebugPrivilege
			SeSystemEnvironmentPrivilege
			SeLoadDriverPrivilege
			SeImpersonatePrivilege
			SeDelegateSessionUserImpersonatePrivilege
			SeEnableDelegationPrivilege","",""
"16/8/2026, 4:40:13.065932 pm","DC01.darkzero.htb","DC01$","4624","Security","Logon","","","","","172.16.20.1"
"16/8/2026, 4:40:13.195601 pm","DC01.darkzero.htb","DC01$","4672","Security","Privileged Logon","","","SeSecurityPrivilege
			SeBackupPrivilege
			SeRestorePrivilege
			SeTakeOwnershipPrivilege
			SeDebugPrivilege
			SeSystemEnvironmentPrivilege
			SeLoadDriverPrivilege
			SeImpersonatePrivilege
			SeDelegateSessionUserImpersonatePrivilege
			SeEnableDelegationPrivilege","",""
"16/8/2026, 4:40:13.195772 pm","DC01.darkzero.htb","DC01$","4624","Security","Logon","","","","","172.16.20.1"
"16/8/2026, 4:40:27.652293 pm","DC01.darkzero.htb","ella","4768","Security","Kerberos TGT","","","","0x12","::1"
"16/8/2026, 4:40:27.653902 pm","DC01.darkzero.htb","ella@DARKZERO.HTB","4769","Security","Kerberos Service Ticket","","","","0x12","::1"
"16/8/2026, 4:40:27.660274 pm","DC01.darkzero.htb","ella","4624","Security","Logon","","","","","-"
"16/8/2026, 4:40:27.670017 pm","DC01.darkzero.htb","darkzero\ella","1","Sysmon","Process Creation","","","""powershell.exe"" -NoProfile -NoLogo -NonInteractive -ExecutionPolicy Bypass -File ""C:\Users\ella\access_gitea.ps1""","",""
"16/8/2026, 4:40:27.810898 pm","DC01.darkzero.htb","darkzero\ella","11","Sysmon","File Created","C:\Users\ella.darkzero\AppData\Local\Temp\__PSScriptPolicyTest_kntn2dip.err.ps1","","","",""
"16/8/2026, 4:40:27.812207 pm","DC01.darkzero.htb","darkzero\ella","11","Sysmon","File Created","C:\Users\ella.darkzero\AppData\Local\Temp\__PSScriptPolicyTest_yu1keq2o.fhf.psm1","","","",""
"16/8/2026, 4:40:30.929918 pm","DC01.darkzero.htb","darkzero\ella","11","Sysmon","File Created","C:\Users\ella.darkzero\AppData\Local\Microsoft\Windows\PowerShell\StartupProfileData-NonInteractive","","","",""
"16/8/2026, 4:40:32.102705 pm","DC01.darkzero.htb","DC01$","4672","Security","Privileged Logon","","","SeSecurityPrivilege
			SeBackupPrivilege
			SeRestorePrivilege
			SeTakeOwnershipPrivilege
			SeDebugPrivilege
			SeSystemEnvironmentPrivilege
			SeLoadDriverPrivilege
			SeImpersonatePrivilege
			SeDelegateSessionUserImpersonatePrivilege
			SeEnableDelegationPrivilege","",""
"16/8/2026, 4:40:32.102871 pm","DC01.darkzero.htb","DC01$","4624","Security","Logon","","","","","172.16.20.1"
"16/8/2026, 4:40:32.111694 pm","DC01.darkzero.htb","DC01$","4672","Security","Privileged Logon","","","SeSecurityPrivilege
			SeBackupPrivilege
			SeRestorePrivilege
			SeTakeOwnershipPrivilege
			SeDebugPrivilege
			SeSystemEnvironmentPrivilege
			SeLoadDriverPrivilege
			SeImpersonatePrivilege
			SeDelegateSessionUserImpersonatePrivilege
			SeEnableDelegationPrivilege","",""
"16/8/2026, 4:40:32.111966 pm","DC01.darkzero.htb","DC01$","4624","Security","Logon","","","","","::1"
"16/8/2026, 4:40:32.121957 pm","DC01.darkzero.htb","DC01$","4672","Security","Privileged Logon","","","SeSecurityPrivilege
			SeBackupPrivilege
			SeRestorePrivilege
			SeTakeOwnershipPrivilege
			SeDebugPrivilege
			SeSystemEnvironmentPrivilege
			SeLoadDriverPrivilege
			SeImpersonatePrivilege
			SeDelegateSessionUserImpersonatePrivilege
			SeEnableDelegationPrivilege","",""
"16/8/2026, 4:40:32.122127 pm","DC01.darkzero.htb","DC01$","4624","Security","Logon","","","","","::1"
"16/8/2026, 4:40:32.129075 pm","DC01.darkzero.htb","DC01$","4672","Security","Privileged Logon","","","SeSecurityPrivilege
			SeBackupPrivilege
			SeRestorePrivilege
			SeTakeOwnershipPrivilege
			SeDebugPrivilege
			SeSystemEnvironmentPrivilege
			SeLoadDriverPrivilege
			SeImpersonatePrivilege
			SeDelegateSessionUserImpersonatePrivilege
			SeEnableDelegationPrivilege","",""
"16/8/2026, 4:40:32.129229 pm","DC01.darkzero.htb","DC01$","4624","Security","Logon","","","","","10.129.28.204"
"16/8/2026, 4:40:32.152726 pm","DC01.darkzero.htb","DC01$","4672","Security","Privileged Logon","","","SeSecurityPrivilege
			SeBackupPrivilege
			SeRestorePrivilege
			SeTakeOwnershipPrivilege
			SeDebugPrivilege
			SeSystemEnvironmentPrivilege
			SeLoadDriverPrivilege
			SeImpersonatePrivilege
			SeDelegateSessionUserImpersonatePrivilege
			SeEnableDelegationPrivilege","",""
"16/8/2026, 4:40:32.1529 pm","DC01.darkzero.htb","DC01$","4624","Security","Logon","","","","","::1"
"16/8/2026, 4:40:59.965536 pm","DC01.darkzero.htb","DC01$","4672","Security","Privileged Logon","","","SeSecurityPrivilege
			SeBackupPrivilege
			SeRestorePrivilege
			SeTakeOwnershipPrivilege
			SeDebugPrivilege
			SeSystemEnvironmentPrivilege
			SeLoadDriverPrivilege
			SeImpersonatePrivilege
			SeDelegateSessionUserImpersonatePrivilege
			SeEnableDelegationPrivilege","",""
"16/8/2026, 4:40:59.96571 pm","DC01.darkzero.htb","DC01$","4624","Security","Logon","","","","","127.0.0.1"
"16/8/2026, 4:41:27.652143 pm","DC01.darkzero.htb","ella","4768","Security","Kerberos TGT","","","","0x12","::1"
"16/8/2026, 4:41:27.653952 pm","DC01.darkzero.htb","ella@DARKZERO.HTB","4769","Security","Kerberos Service Ticket","","","","0x12","::1"
"16/8/2026, 4:41:27.660662 pm","DC01.darkzero.htb","ella","4624","Security","Logon","","","","","-"
"16/8/2026, 4:41:27.671021 pm","DC01.darkzero.htb","darkzero\ella","1","Sysmon","Process Creation","","","""powershell.exe"" -NoProfile -NoLogo -NonInteractive -ExecutionPolicy Bypass -File ""C:\Users\ella\access_gitea.ps1""","",""
"16/8/2026, 4:41:27.823302 pm","DC01.darkzero.htb","darkzero\ella","11","Sysmon","File Created","C:\Users\ella.darkzero\AppData\Local\Temp\__PSScriptPolicyTest_vynuhxzn.yi1.ps1","","","",""
"16/8/2026, 4:41:27.824707 pm","DC01.darkzero.htb","darkzero\ella","11","Sysmon","File Created","C:\Users\ella.darkzero\AppData\Local\Temp\__PSScriptPolicyTest_3se0d0ue.iki.psm1","","","",""
"16/8/2026, 4:41:31.014409 pm","DC01.darkzero.htb","darkzero\ella","11","Sysmon","File Created","C:\Users\ella.darkzero\AppData\Local\Microsoft\Windows\PowerShell\StartupProfileData-NonInteractive","","","",""
"16/8/2026, 4:41:59.972393 pm","DC01.darkzero.htb","DC01$","4672","Security","Privileged Logon","","","SeSecurityPrivilege
			SeBackupPrivilege
			SeRestorePrivilege
			SeTakeOwnershipPrivilege
			SeDebugPrivilege
			SeSystemEnvironmentPrivilege
			SeLoadDriverPrivilege
			SeImpersonatePrivilege
			SeDelegateSessionUserImpersonatePrivilege
			SeEnableDelegationPrivilege","",""
"16/8/2026, 4:41:59.972647 pm","DC01.darkzero.htb","DC01$","4624","Security","Logon","","","","","127.0.0.1"
"16/8/2026, 4:42:27.667727 pm","DC01.darkzero.htb","ella","4768","Security","Kerberos TGT","","","","0x12","::1"
"16/8/2026, 4:42:27.669359 pm","DC01.darkzero.htb","ella@DARKZERO.HTB","4769","Security","Kerberos Service Ticket","","","","0x12","::1"
"16/8/2026, 4:42:27.677351 pm","DC01.darkzero.htb","ella","4624","Security","Logon","","","","","-"
"16/8/2026, 4:42:27.687484 pm","DC01.darkzero.htb","darkzero\ella","1","Sysmon","Process Creation","","","""powershell.exe"" -NoProfile -NoLogo -NonInteractive -ExecutionPolicy Bypass -File ""C:\Users\ella\access_gitea.ps1""","",""
"16/8/2026, 4:42:27.840835 pm","DC01.darkzero.htb","darkzero\ella","11","Sysmon","File Created","C:\Users\ella.darkzero\AppData\Local\Temp\__PSScriptPolicyTest_szgpwsh0.0je.ps1","","","",""
"16/8/2026, 4:42:27.841592 pm","DC01.darkzero.htb","darkzero\ella","11","Sysmon","File Created","C:\Users\ella.darkzero\AppData\Local\Temp\__PSScriptPolicyTest_0p1jdahu.ovn.psm1","","","",""
"16/8/2026, 4:42:31.009295 pm","DC01.darkzero.htb","darkzero\ella","11","Sysmon","File Created","C:\Users\ella.darkzero\AppData\Local\Microsoft\Windows\PowerShell\StartupProfileData-NonInteractive","","","",""
"16/8/2026, 4:42:59.973271 pm","DC01.darkzero.htb","DC01$","4672","Security","Privileged Logon","","","SeSecurityPrivilege
			SeBackupPrivilege
			SeRestorePrivilege
			SeTakeOwnershipPrivilege
			SeDebugPrivilege
			SeSystemEnvironmentPrivilege
			SeLoadDriverPrivilege
			SeImpersonatePrivilege
			SeDelegateSessionUserImpersonatePrivilege
			SeEnableDelegationPrivilege","",""
"16/8/2026, 4:42:59.973501 pm","DC01.darkzero.htb","DC01$","4624","Security","Logon","","","","","127.0.0.1"
"16/8/2026, 4:43:27.672703 pm","DC01.darkzero.htb","ella","4768","Security","Kerberos TGT","","","","0x12","::1"
"16/8/2026, 4:43:27.674867 pm","DC01.darkzero.htb","ella@DARKZERO.HTB","4769","Security","Kerberos Service Ticket","","","","0x12","::1"
"16/8/2026, 4:43:27.682291 pm","DC01.darkzero.htb","ella","4624","Security","Logon","","","","","-"
"16/8/2026, 4:43:27.690987 pm","DC01.darkzero.htb","darkzero\ella","1","Sysmon","Process Creation","","","""powershell.exe"" -NoProfile -NoLogo -NonInteractive -ExecutionPolicy Bypass -File ""C:\Users\ella\access_gitea.ps1""","",""
"16/8/2026, 4:43:27.833826 pm","DC01.darkzero.htb","darkzero\ella","11","Sysmon","File Created","C:\Users\ella.darkzero\AppData\Local\Temp\__PSScriptPolicyTest_u44sdcvb.2yh.ps1","","","",""
"16/8/2026, 4:43:27.834713 pm","DC01.darkzero.htb","darkzero\ella","11","Sysmon","File Created","C:\Users\ella.darkzero\AppData\Local\Temp\__PSScriptPolicyTest_bsfuwcgj.jfo.psm1","","","",""
"16/8/2026, 4:43:30.963873 pm","DC01.darkzero.htb","darkzero\ella","11","Sysmon","File Created","C:\Users\ella.darkzero\AppData\Local\Microsoft\Windows\PowerShell\StartupProfileData-NonInteractive","","","",""
"16/8/2026, 4:43:59.981173 pm","DC01.darkzero.htb","DC01$","4672","Security","Privileged Logon","","","SeSecurityPrivilege
			SeBackupPrivilege
			SeRestorePrivilege
			SeTakeOwnershipPrivilege
			SeDebugPrivilege
			SeSystemEnvironmentPrivilege
			SeLoadDriverPrivilege
			SeImpersonatePrivilege
			SeDelegateSessionUserImpersonatePrivilege
			SeEnableDelegationPrivilege","",""
"16/8/2026, 4:43:59.981428 pm","DC01.darkzero.htb","DC01$","4624","Security","Logon","","","","","127.0.0.1"
"16/8/2026, 4:44:20.697752 pm","DC01.darkzero.htb","DC01$","4662","Security","Object Access (poss. DCSync)","%{c5b34810-a7d4-48a4-ad4c-5fb4ab0f8fed}","","","",""
"16/8/2026, 4:44:27.681876 pm","DC01.darkzero.htb","ella","4768","Security","Kerberos TGT","","","","0x12","::1"
"16/8/2026, 4:44:27.683443 pm","DC01.darkzero.htb","ella@DARKZERO.HTB","4769","Security","Kerberos Service Ticket","","","","0x12","::1"
"16/8/2026, 4:44:27.689696 pm","DC01.darkzero.htb","ella","4624","Security","Logon","","","","","-"
"16/8/2026, 4:44:27.699094 pm","DC01.darkzero.htb","darkzero\ella","1","Sysmon","Process Creation","","","""powershell.exe"" -NoProfile -NoLogo -NonInteractive -ExecutionPolicy Bypass -File ""C:\Users\ella\access_gitea.ps1""","",""
"16/8/2026, 4:44:27.846587 pm","DC01.darkzero.htb","darkzero\ella","11","Sysmon","File Created","C:\Users\ella.darkzero\AppData\Local\Temp\__PSScriptPolicyTest_uzjh1vho.dih.ps1","","","",""
"16/8/2026, 4:44:27.847511 pm","DC01.darkzero.htb","darkzero\ella","11","Sysmon","File Created","C:\Users\ella.darkzero\AppData\Local\Temp\__PSScriptPolicyTest_soepzohd.hd3.psm1","","","",""
"16/8/2026, 4:44:31.070677 pm","DC01.darkzero.htb","darkzero\ella","11","Sysmon","File Created","C:\Users\ella.darkzero\AppData\Local\Microsoft\Windows\PowerShell\StartupProfileData-NonInteractive","","","",""
"16/8/2026, 4:45:00.006008 pm","DC01.darkzero.htb","DC01$","4672","Security","Privileged Logon","","","SeSecurityPrivilege
			SeBackupPrivilege
			SeRestorePrivilege
			SeTakeOwnershipPrivilege
			SeDebugPrivilege
			SeSystemEnvironmentPrivilege
			SeLoadDriverPrivilege
			SeImpersonatePrivilege
			SeDelegateSessionUserImpersonatePrivilege
			SeEnableDelegationPrivilege","",""
"16/8/2026, 4:45:00.00623 pm","DC01.darkzero.htb","DC01$","4624","Security","Logon","","","","","127.0.0.1"
"16/8/2026, 4:45:13.120077 pm","DC01.darkzero.htb","NT AUTHORITY\SYSTEM","11","Sysmon","File Created","C:\System Volume Information\DFSR\Config\Replica_403BC236-9053-43D0-AAD0-74F0FB6A21A3.XML.TMP","","","",""
"16/8/2026, 4:45:13.125046 pm","DC01.darkzero.htb","NT AUTHORITY\SYSTEM","11","Sysmon","File Created","C:\System Volume Information\DFSR\Config\Volume_57941D7E-1E19-4293-AB21-2231712EE33A.XML.TMP","","","",""
"16/8/2026, 4:45:13.243356 pm","DC01.darkzero.htb","DC01$","4672","Security","Privileged Logon","","","SeSecurityPrivilege
			SeBackupPrivilege
			SeRestorePrivilege
			SeTakeOwnershipPrivilege
			SeDebugPrivilege
			SeSystemEnvironmentPrivilege
			SeLoadDriverPrivilege
			SeImpersonatePrivilege
			SeDelegateSessionUserImpersonatePrivilege
			SeEnableDelegationPrivilege","",""
"16/8/2026, 4:45:13.243604 pm","DC01.darkzero.htb","DC01$","4624","Security","Logon","","","","","172.16.20.1"
"16/8/2026, 4:45:13.368264 pm","DC01.darkzero.htb","DC01$","4672","Security","Privileged Logon","","","SeSecurityPrivilege
			SeBackupPrivilege
			SeRestorePrivilege
			SeTakeOwnershipPrivilege
			SeDebugPrivilege
			SeSystemEnvironmentPrivilege
			SeLoadDriverPrivilege
			SeImpersonatePrivilege
			SeDelegateSessionUserImpersonatePrivilege
			SeEnableDelegationPrivilege","",""
"16/8/2026, 4:45:13.368492 pm","DC01.darkzero.htb","DC01$","4624","Security","Logon","","","","","172.16.20.1"
"16/8/2026, 4:45:27.265427 pm","DC01.darkzero.htb","DC01$","4672","Security","Privileged Logon","","","SeSecurityPrivilege
			SeBackupPrivilege
			SeRestorePrivilege
			SeTakeOwnershipPrivilege
			SeDebugPrivilege
			SeSystemEnvironmentPrivilege
			SeLoadDriverPrivilege
			SeImpersonatePrivilege
			SeDelegateSessionUserImpersonatePrivilege
			SeEnableDelegationPrivilege","",""
"16/8/2026, 4:45:27.265657 pm","DC01.darkzero.htb","DC01$","4624","Security","Logon","","","","","::1"
"16/8/2026, 4:45:27.686344 pm","DC01.darkzero.htb","ella","4768","Security","Kerberos TGT","","","","0x12","::1"
"16/8/2026, 4:45:27.687887 pm","DC01.darkzero.htb","ella@DARKZERO.HTB","4769","Security","Kerberos Service Ticket","","","","0x12","::1"
"16/8/2026, 4:45:27.694771 pm","DC01.darkzero.htb","ella","4624","Security","Logon","","","","","-"
"16/8/2026, 4:45:27.704937 pm","DC01.darkzero.htb","darkzero\ella","1","Sysmon","Process Creation","","","""powershell.exe"" -NoProfile -NoLogo -NonInteractive -ExecutionPolicy Bypass -File ""C:\Users\ella\access_gitea.ps1""","",""
"16/8/2026, 4:45:27.874947 pm","DC01.darkzero.htb","darkzero\ella","11","Sysmon","File Created","C:\Users\ella.darkzero\AppData\Local\Temp\__PSScriptPolicyTest_2gj3zyst.ug0.ps1","","","",""
"16/8/2026, 4:45:27.87589 pm","DC01.darkzero.htb","darkzero\ella","11","Sysmon","File Created","C:\Users\ella.darkzero\AppData\Local\Temp\__PSScriptPolicyTest_h3wa5q2h.23h.psm1","","","",""
"16/8/2026, 4:45:31.097649 pm","DC01.darkzero.htb","darkzero\ella","11","Sysmon","File Created","C:\Users\ella.darkzero\AppData\Local\Microsoft\Windows\PowerShell\StartupProfileData-NonInteractive","","","",""
"16/8/2026, 4:45:32.305703 pm","DC01.darkzero.htb","DC01$","4672","Security","Privileged Logon","","","SeSecurityPrivilege
			SeBackupPrivilege
			SeRestorePrivilege
			SeTakeOwnershipPrivilege
			SeDebugPrivilege
			SeSystemEnvironmentPrivilege
			SeLoadDriverPrivilege
			SeImpersonatePrivilege
			SeDelegateSessionUserImpersonatePrivilege
			SeEnableDelegationPrivilege","",""
"16/8/2026, 4:45:32.305982 pm","DC01.darkzero.htb","DC01$","4624","Security","Logon","","","","","172.16.20.1"
"16/8/2026, 4:45:32.315901 pm","DC01.darkzero.htb","DC01$","4672","Security","Privileged Logon","","","SeSecurityPrivilege
			SeBackupPrivilege
			SeRestorePrivilege
			SeTakeOwnershipPrivilege
			SeDebugPrivilege
			SeSystemEnvironmentPrivilege
			SeLoadDriverPrivilege
			SeImpersonatePrivilege
			SeDelegateSessionUserImpersonatePrivilege
			SeEnableDelegationPrivilege","",""
"16/8/2026, 4:45:32.316196 pm","DC01.darkzero.htb","DC01$","4624","Security","Logon","","","","","::1"
"16/8/2026, 4:45:32.325678 pm","DC01.darkzero.htb","DC01$","4672","Security","Privileged Logon","","","SeSecurityPrivilege
			SeBackupPrivilege
			SeRestorePrivilege
			SeTakeOwnershipPrivilege
			SeDebugPrivilege
			SeSystemEnvironmentPrivilege
			SeLoadDriverPrivilege
			SeImpersonatePrivilege
			SeDelegateSessionUserImpersonatePrivilege
			SeEnableDelegationPrivilege","",""
"16/8/2026, 4:45:32.325852 pm","DC01.darkzero.htb","DC01$","4624","Security","Logon","","","","","::1"
"16/8/2026, 4:45:32.33382 pm","DC01.darkzero.htb","DC01$","4672","Security","Privileged Logon","","","SeSecurityPrivilege
			SeBackupPrivilege
			SeRestorePrivilege
			SeTakeOwnershipPrivilege
			SeDebugPrivilege
			SeSystemEnvironmentPrivilege
			SeLoadDriverPrivilege
			SeImpersonatePrivilege
			SeDelegateSessionUserImpersonatePrivilege
			SeEnableDelegationPrivilege","",""
"16/8/2026, 4:45:32.333989 pm","DC01.darkzero.htb","DC01$","4624","Security","Logon","","","","","10.129.28.204"
"16/8/2026, 4:45:32.357221 pm","DC01.darkzero.htb","DC01$","4672","Security","Privileged Logon","","","SeSecurityPrivilege
			SeBackupPrivilege
			SeRestorePrivilege
			SeTakeOwnershipPrivilege
			SeDebugPrivilege
			SeSystemEnvironmentPrivilege
			SeLoadDriverPrivilege
			SeImpersonatePrivilege
			SeDelegateSessionUserImpersonatePrivilege
			SeEnableDelegationPrivilege","",""
"16/8/2026, 4:45:32.357396 pm","DC01.darkzero.htb","DC01$","4624","Security","Logon","","","","","::1"
"16/8/2026, 4:46:00.011109 pm","DC01.darkzero.htb","DC01$","4672","Security","Privileged Logon","","","SeSecurityPrivilege
			SeBackupPrivilege
			SeRestorePrivilege
			SeTakeOwnershipPrivilege
			SeDebugPrivilege
			SeSystemEnvironmentPrivilege
			SeLoadDriverPrivilege
			SeImpersonatePrivilege
			SeDelegateSessionUserImpersonatePrivilege
			SeEnableDelegationPrivilege","",""
"16/8/2026, 4:46:00.011294 pm","DC01.darkzero.htb","DC01$","4624","Security","Logon","","","","","127.0.0.1"
"16/8/2026, 4:46:27.686187 pm","DC01.darkzero.htb","ella","4768","Security","Kerberos TGT","","","","0x12","::1"
"16/8/2026, 4:46:27.687689 pm","DC01.darkzero.htb","ella@DARKZERO.HTB","4769","Security","Kerberos Service Ticket","","","","0x12","::1"
"16/8/2026, 4:46:27.694065 pm","DC01.darkzero.htb","ella","4624","Security","Logon","","","","","-"
"16/8/2026, 4:46:27.702778 pm","DC01.darkzero.htb","darkzero\ella","1","Sysmon","Process Creation","","","""powershell.exe"" -NoProfile -NoLogo -NonInteractive -ExecutionPolicy Bypass -File ""C:\Users\ella\access_gitea.ps1""","",""
"16/8/2026, 4:46:27.85127 pm","DC01.darkzero.htb","darkzero\ella","11","Sysmon","File Created","C:\Users\ella.darkzero\AppData\Local\Temp\__PSScriptPolicyTest_rvvpuftg.rp2.ps1","","","",""
"16/8/2026, 4:46:27.8522 pm","DC01.darkzero.htb","darkzero\ella","11","Sysmon","File Created","C:\Users\ella.darkzero\AppData\Local\Temp\__PSScriptPolicyTest_iopbi3vz.hxw.psm1","","","",""
"16/8/2026, 4:46:31.022984 pm","DC01.darkzero.htb","darkzero\ella","11","Sysmon","File Created","C:\Users\ella.darkzero\AppData\Local\Microsoft\Windows\PowerShell\StartupProfileData-NonInteractive","","","",""
"16/8/2026, 4:47:00.01777 pm","DC01.darkzero.htb","DC01$","4672","Security","Privileged Logon","","","SeSecurityPrivilege
			SeBackupPrivilege
			SeRestorePrivilege
			SeTakeOwnershipPrivilege
			SeDebugPrivilege
			SeSystemEnvironmentPrivilege
			SeLoadDriverPrivilege
			SeImpersonatePrivilege
			SeDelegateSessionUserImpersonatePrivilege
			SeEnableDelegationPrivilege","",""
"16/8/2026, 4:47:00.01799 pm","DC01.darkzero.htb","DC01$","4624","Security","Logon","","","","","127.0.0.1"
"16/8/2026, 4:47:24.89905 pm","DC01.darkzero.htb","DC01$","4672","Security","Privileged Logon","","","SeSecurityPrivilege
			SeBackupPrivilege
			SeRestorePrivilege
			SeTakeOwnershipPrivilege
			SeDebugPrivilege
			SeSystemEnvironmentPrivilege
			SeLoadDriverPrivilege
			SeImpersonatePrivilege
			SeDelegateSessionUserImpersonatePrivilege
			SeEnableDelegationPrivilege","",""
"16/8/2026, 4:47:24.899748 pm","DC01.darkzero.htb","DC01$","4624","Security","Logon","","","","","::1"
"16/8/2026, 4:47:27.697073 pm","DC01.darkzero.htb","ella","4768","Security","Kerberos TGT","","","","0x12","::1"
"16/8/2026, 4:47:27.699128 pm","DC01.darkzero.htb","ella@DARKZERO.HTB","4769","Security","Kerberos Service Ticket","","","","0x12","::1"
"16/8/2026, 4:47:27.706674 pm","DC01.darkzero.htb","ella","4624","Security","Logon","","","","","-"
"16/8/2026, 4:47:27.720137 pm","DC01.darkzero.htb","darkzero\ella","1","Sysmon","Process Creation","","","""powershell.exe"" -NoProfile -NoLogo -NonInteractive -ExecutionPolicy Bypass -File ""C:\Users\ella\access_gitea.ps1""","",""
"16/8/2026, 4:47:27.912715 pm","DC01.darkzero.htb","darkzero\ella","11","Sysmon","File Created","C:\Users\ella.darkzero\AppData\Local\Temp\__PSScriptPolicyTest_tce3so0q.5hf.ps1","","","",""
"16/8/2026, 4:47:27.912972 pm","DC01.darkzero.htb","darkzero\ella","11","Sysmon","File Created","C:\Users\ella.darkzero\AppData\Local\Temp\__PSScriptPolicyTest_vffdlss3.r5n.psm1","","","",""
"16/8/2026, 4:47:31.032352 pm","DC01.darkzero.htb","darkzero\ella","11","Sysmon","File Created","C:\Users\ella.darkzero\AppData\Local\Microsoft\Windows\PowerShell\StartupProfileData-NonInteractive","","","",""
"16/8/2026, 4:48:00.024672 pm","DC01.darkzero.htb","DC01$","4672","Security","Privileged Logon","","","SeSecurityPrivilege
			SeBackupPrivilege
			SeRestorePrivilege
			SeTakeOwnershipPrivilege
			SeDebugPrivilege
			SeSystemEnvironmentPrivilege
			SeLoadDriverPrivilege
			SeImpersonatePrivilege
			SeDelegateSessionUserImpersonatePrivilege
			SeEnableDelegationPrivilege","",""
"16/8/2026, 4:48:00.024899 pm","DC01.darkzero.htb","DC01$","4624","Security","Logon","","","","","127.0.0.1"
"16/8/2026, 4:48:27.700509 pm","DC01.darkzero.htb","ella","4768","Security","Kerberos TGT","","","","0x12","::1"
"16/8/2026, 4:48:27.702001 pm","DC01.darkzero.htb","ella@DARKZERO.HTB","4769","Security","Kerberos Service Ticket","","","","0x12","::1"
"16/8/2026, 4:48:27.70812 pm","DC01.darkzero.htb","ella","4624","Security","Logon","","","","","-"
"16/8/2026, 4:48:27.717176 pm","DC01.darkzero.htb","darkzero\ella","1","Sysmon","Process Creation","","","""powershell.exe"" -NoProfile -NoLogo -NonInteractive -ExecutionPolicy Bypass -File ""C:\Users\ella\access_gitea.ps1""","",""
"16/8/2026, 4:48:27.855555 pm","DC01.darkzero.htb","darkzero\ella","11","Sysmon","File Created","C:\Users\ella.darkzero\AppData\Local\Temp\__PSScriptPolicyTest_lgyselo0.ruo.ps1","","","",""
"16/8/2026, 4:48:27.856223 pm","DC01.darkzero.htb","darkzero\ella","11","Sysmon","File Created","C:\Users\ella.darkzero\AppData\Local\Temp\__PSScriptPolicyTest_cszt5bjh.uhf.psm1","","","",""
"16/8/2026, 4:48:30.939515 pm","DC01.darkzero.htb","darkzero\ella","11","Sysmon","File Created","C:\Users\ella.darkzero\AppData\Local\Microsoft\Windows\PowerShell\StartupProfileData-NonInteractive","","","",""
"16/8/2026, 4:49:00.036518 pm","DC01.darkzero.htb","DC01$","4672","Security","Privileged Logon","","","SeSecurityPrivilege
			SeBackupPrivilege
			SeRestorePrivilege
			SeTakeOwnershipPrivilege
			SeDebugPrivilege
			SeSystemEnvironmentPrivilege
			SeLoadDriverPrivilege
			SeImpersonatePrivilege
			SeDelegateSessionUserImpersonatePrivilege
			SeEnableDelegationPrivilege","",""
"16/8/2026, 4:49:00.036961 pm","DC01.darkzero.htb","DC01$","4624","Security","Logon","","","","","127.0.0.1"
"16/8/2026, 4:49:27.702499 pm","DC01.darkzero.htb","ella","4768","Security","Kerberos TGT","","","","0x12","::1"
"16/8/2026, 4:49:27.70447 pm","DC01.darkzero.htb","ella@DARKZERO.HTB","4769","Security","Kerberos Service Ticket","","","","0x12","::1"
"16/8/2026, 4:49:27.711091 pm","DC01.darkzero.htb","ella","4624","Security","Logon","","","","","-"
"16/8/2026, 4:49:27.720747 pm","DC01.darkzero.htb","darkzero\ella","1","Sysmon","Process Creation","","","""powershell.exe"" -NoProfile -NoLogo -NonInteractive -ExecutionPolicy Bypass -File ""C:\Users\ella\access_gitea.ps1""","",""
"16/8/2026, 4:49:27.868958 pm","DC01.darkzero.htb","darkzero\ella","11","Sysmon","File Created","C:\Users\ella.darkzero\AppData\Local\Temp\__PSScriptPolicyTest_jyj4gtwl.ttv.ps1","","","",""
"16/8/2026, 4:49:27.869189 pm","DC01.darkzero.htb","darkzero\ella","11","Sysmon","File Created","C:\Users\ella.darkzero\AppData\Local\Temp\__PSScriptPolicyTest_jtv1xkkr.yaj.psm1","","","",""
"16/8/2026, 4:49:31.000283 pm","DC01.darkzero.htb","darkzero\ella","11","Sysmon","File Created","C:\Users\ella.darkzero\AppData\Local\Microsoft\Windows\PowerShell\StartupProfileData-NonInteractive","","","",""
"16/8/2026, 4:50:00.059451 pm","DC01.darkzero.htb","DC01$","4672","Security","Privileged Logon","","","SeSecurityPrivilege
			SeBackupPrivilege
			SeRestorePrivilege
			SeTakeOwnershipPrivilege
			SeDebugPrivilege
			SeSystemEnvironmentPrivilege
			SeLoadDriverPrivilege
			SeImpersonatePrivilege
			SeDelegateSessionUserImpersonatePrivilege
			SeEnableDelegationPrivilege","",""
"16/8/2026, 4:50:00.059686 pm","DC01.darkzero.htb","DC01$","4624","Security","Logon","","","","","127.0.0.1"
"16/8/2026, 4:50:13.578044 pm","DC01.darkzero.htb","NT AUTHORITY\SYSTEM","11","Sysmon","File Created","C:\System Volume Information\DFSR\Config\Replica_403BC236-9053-43D0-AAD0-74F0FB6A21A3.XML.TMP","","","",""
"16/8/2026, 4:50:13.583557 pm","DC01.darkzero.htb","NT AUTHORITY\SYSTEM","11","Sysmon","File Created","C:\System Volume Information\DFSR\Config\Volume_57941D7E-1E19-4293-AB21-2231712EE33A.XML.TMP","","","",""
"16/8/2026, 4:50:13.690152 pm","DC01.darkzero.htb","DC01$","4672","Security","Privileged Logon","","","SeSecurityPrivilege
			SeBackupPrivilege
			SeRestorePrivilege
			SeTakeOwnershipPrivilege
			SeDebugPrivilege
			SeSystemEnvironmentPrivilege
			SeLoadDriverPrivilege
			SeImpersonatePrivilege
			SeDelegateSessionUserImpersonatePrivilege
			SeEnableDelegationPrivilege","",""
"16/8/2026, 4:50:13.690324 pm","DC01.darkzero.htb","DC01$","4624","Security","Logon","","","","","172.16.20.1"
"16/8/2026, 4:50:13.811446 pm","DC01.darkzero.htb","DC01$","4672","Security","Privileged Logon","","","SeSecurityPrivilege
			SeBackupPrivilege
			SeRestorePrivilege
			SeTakeOwnershipPrivilege
			SeDebugPrivilege
			SeSystemEnvironmentPrivilege
			SeLoadDriverPrivilege
			SeImpersonatePrivilege
			SeDelegateSessionUserImpersonatePrivilege
			SeEnableDelegationPrivilege","",""
"16/8/2026, 4:50:13.811643 pm","DC01.darkzero.htb","DC01$","4624","Security","Logon","","","","","172.16.20.1"
"16/8/2026, 4:50:27.702948 pm","DC01.darkzero.htb","ella","4768","Security","Kerberos TGT","","","","0x12","::1"
"16/8/2026, 4:50:27.704427 pm","DC01.darkzero.htb","ella@DARKZERO.HTB","4769","Security","Kerberos Service Ticket","","","","0x12","::1"
"16/8/2026, 4:50:27.710701 pm","DC01.darkzero.htb","ella","4624","Security","Logon","","","","","-"
"16/8/2026, 4:50:27.719613 pm","DC01.darkzero.htb","darkzero\ella","1","Sysmon","Process Creation","","","""powershell.exe"" -NoProfile -NoLogo -NonInteractive -ExecutionPolicy Bypass -File ""C:\Users\ella\access_gitea.ps1""","",""
"16/8/2026, 4:50:27.875854 pm","DC01.darkzero.htb","darkzero\ella","11","Sysmon","File Created","C:\Users\ella.darkzero\AppData\Local\Temp\__PSScriptPolicyTest_wxxk1nqx.do1.ps1","","","",""
"16/8/2026, 4:50:27.876067 pm","DC01.darkzero.htb","darkzero\ella","11","Sysmon","File Created","C:\Users\ella.darkzero\AppData\Local\Temp\__PSScriptPolicyTest_xsd3il1m.axn.psm1","","","",""
"16/8/2026, 4:50:30.990511 pm","DC01.darkzero.htb","darkzero\ella","11","Sysmon","File Created","C:\Users\ella.darkzero\AppData\Local\Microsoft\Windows\PowerShell\StartupProfileData-NonInteractive","","","",""
"16/8/2026, 4:50:32.512168 pm","DC01.darkzero.htb","DC01$","4672","Security","Privileged Logon","","","SeSecurityPrivilege
			SeBackupPrivilege
			SeRestorePrivilege
			SeTakeOwnershipPrivilege
			SeDebugPrivilege
			SeSystemEnvironmentPrivilege
			SeLoadDriverPrivilege
			SeImpersonatePrivilege
			SeDelegateSessionUserImpersonatePrivilege
			SeEnableDelegationPrivilege","",""
"16/8/2026, 4:50:32.512401 pm","DC01.darkzero.htb","DC01$","4624","Security","Logon","","","","","172.16.20.1"
"16/8/2026, 4:50:32.519985 pm","DC01.darkzero.htb","DC01$","4672","Security","Privileged Logon","","","SeSecurityPrivilege
			SeBackupPrivilege
			SeRestorePrivilege
			SeTakeOwnershipPrivilege
			SeDebugPrivilege
			SeSystemEnvironmentPrivilege
			SeLoadDriverPrivilege
			SeImpersonatePrivilege
			SeDelegateSessionUserImpersonatePrivilege
			SeEnableDelegationPrivilege","",""
"16/8/2026, 4:50:32.520207 pm","DC01.darkzero.htb","DC01$","4624","Security","Logon","","","","","::1"
"16/8/2026, 4:50:32.530436 pm","DC01.darkzero.htb","DC01$","4672","Security","Privileged Logon","","","SeSecurityPrivilege
			SeBackupPrivilege
			SeRestorePrivilege
			SeTakeOwnershipPrivilege
			SeDebugPrivilege
			SeSystemEnvironmentPrivilege
			SeLoadDriverPrivilege
			SeImpersonatePrivilege
			SeDelegateSessionUserImpersonatePrivilege
			SeEnableDelegationPrivilege","",""
"16/8/2026, 4:50:32.53062 pm","DC01.darkzero.htb","DC01$","4624","Security","Logon","","","","","::1"
"16/8/2026, 4:50:32.538005 pm","DC01.darkzero.htb","DC01$","4672","Security","Privileged Logon","","","SeSecurityPrivilege
			SeBackupPrivilege
			SeRestorePrivilege
			SeTakeOwnershipPrivilege
			SeDebugPrivilege
			SeSystemEnvironmentPrivilege
			SeLoadDriverPrivilege
			SeImpersonatePrivilege
			SeDelegateSessionUserImpersonatePrivilege
			SeEnableDelegationPrivilege","",""
"16/8/2026, 4:50:32.538161 pm","DC01.darkzero.htb","DC01$","4624","Security","Logon","","","","","10.129.28.204"
"16/8/2026, 4:50:32.558381 pm","DC01.darkzero.htb","DC01$","4672","Security","Privileged Logon","","","SeSecurityPrivilege
			SeBackupPrivilege
			SeRestorePrivilege
			SeTakeOwnershipPrivilege
			SeDebugPrivilege
			SeSystemEnvironmentPrivilege
			SeLoadDriverPrivilege
			SeImpersonatePrivilege
			SeDelegateSessionUserImpersonatePrivilege
			SeEnableDelegationPrivilege","",""
"16/8/2026, 4:50:32.558605 pm","DC01.darkzero.htb","DC01$","4624","Security","Logon","","","","","::1"
"16/8/2026, 4:51:00.069927 pm","DC01.darkzero.htb","DC01$","4672","Security","Privileged Logon","","","SeSecurityPrivilege
			SeBackupPrivilege
			SeRestorePrivilege
			SeTakeOwnershipPrivilege
			SeDebugPrivilege
			SeSystemEnvironmentPrivilege
			SeLoadDriverPrivilege
			SeImpersonatePrivilege
			SeDelegateSessionUserImpersonatePrivilege
			SeEnableDelegationPrivilege","",""
"16/8/2026, 4:51:00.070175 pm","DC01.darkzero.htb","DC01$","4624","Security","Logon","","","","","127.0.0.1"
"16/8/2026, 4:51:27.708134 pm","DC01.darkzero.htb","ella","4768","Security","Kerberos TGT","","","","0x12","::1"
"16/8/2026, 4:51:27.709826 pm","DC01.darkzero.htb","ella@DARKZERO.HTB","4769","Security","Kerberos Service Ticket","","","","0x12","::1"
"16/8/2026, 4:51:27.718305 pm","DC01.darkzero.htb","ella","4624","Security","Logon","","","","","-"
"16/8/2026, 4:51:27.731281 pm","DC01.darkzero.htb","darkzero\ella","1","Sysmon","Process Creation","","","""powershell.exe"" -NoProfile -NoLogo -NonInteractive -ExecutionPolicy Bypass -File ""C:\Users\ella\access_gitea.ps1""","",""
"16/8/2026, 4:51:27.91273 pm","DC01.darkzero.htb","darkzero\ella","11","Sysmon","File Created","C:\Users\ella.darkzero\AppData\Local\Temp\__PSScriptPolicyTest_kz3grnha.rxk.ps1","","","",""
"16/8/2026, 4:51:27.913079 pm","DC01.darkzero.htb","darkzero\ella","11","Sysmon","File Created","C:\Users\ella.darkzero\AppData\Local\Temp\__PSScriptPolicyTest_rerqqbtf.ynu.psm1","","","",""
"16/8/2026, 4:51:31.033971 pm","DC01.darkzero.htb","darkzero\ella","11","Sysmon","File Created","C:\Users\ella.darkzero\AppData\Local\Microsoft\Windows\PowerShell\StartupProfileData-NonInteractive","","","",""
"16/8/2026, 4:52:00.068428 pm","DC01.darkzero.htb","DC01$","4672","Security","Privileged Logon","","","SeSecurityPrivilege
			SeBackupPrivilege
			SeRestorePrivilege
			SeTakeOwnershipPrivilege
			SeDebugPrivilege
			SeSystemEnvironmentPrivilege
			SeLoadDriverPrivilege
			SeImpersonatePrivilege
			SeDelegateSessionUserImpersonatePrivilege
			SeEnableDelegationPrivilege","",""
"16/8/2026, 4:52:00.068674 pm","DC01.darkzero.htb","DC01$","4624","Security","Logon","","","","","127.0.0.1"
"16/8/2026, 4:52:27.704493 pm","DC01.darkzero.htb","ella","4768","Security","Kerberos TGT","","","","0x12","::1"
"16/8/2026, 4:52:27.706047 pm","DC01.darkzero.htb","ella@DARKZERO.HTB","4769","Security","Kerberos Service Ticket","","","","0x12","::1"
"16/8/2026, 4:52:27.712688 pm","DC01.darkzero.htb","ella","4624","Security","Logon","","","","","-"
"16/8/2026, 4:52:27.72192 pm","DC01.darkzero.htb","darkzero\ella","1","Sysmon","Process Creation","","","""powershell.exe"" -NoProfile -NoLogo -NonInteractive -ExecutionPolicy Bypass -File ""C:\Users\ella\access_gitea.ps1""","",""
"16/8/2026, 4:52:27.871884 pm","DC01.darkzero.htb","darkzero\ella","11","Sysmon","File Created","C:\Users\ella.darkzero\AppData\Local\Temp\__PSScriptPolicyTest_jh24wv3y.gbl.ps1","","","",""
"16/8/2026, 4:52:27.872818 pm","DC01.darkzero.htb","darkzero\ella","11","Sysmon","File Created","C:\Users\ella.darkzero\AppData\Local\Temp\__PSScriptPolicyTest_kxhtwazp.x2f.psm1","","","",""
"16/8/2026, 4:52:31.035987 pm","DC01.darkzero.htb","darkzero\ella","11","Sysmon","File Created","C:\Users\ella.darkzero\AppData\Local\Microsoft\Windows\PowerShell\StartupProfileData-NonInteractive","","","",""
"16/8/2026, 4:53:00.073604 pm","DC01.darkzero.htb","DC01$","4672","Security","Privileged Logon","","","SeSecurityPrivilege
			SeBackupPrivilege
			SeRestorePrivilege
			SeTakeOwnershipPrivilege
			SeDebugPrivilege
			SeSystemEnvironmentPrivilege
			SeLoadDriverPrivilege
			SeImpersonatePrivilege
			SeDelegateSessionUserImpersonatePrivilege
			SeEnableDelegationPrivilege","",""
"16/8/2026, 4:53:00.07384 pm","DC01.darkzero.htb","DC01$","4624","Security","Logon","","","","","127.0.0.1"
"16/8/2026, 4:53:27.710492 pm","DC01.darkzero.htb","ella","4768","Security","Kerberos TGT","","","","0x12","::1"
"16/8/2026, 4:53:27.71233 pm","DC01.darkzero.htb","ella@DARKZERO.HTB","4769","Security","Kerberos Service Ticket","","","","0x12","::1"
"16/8/2026, 4:53:27.720737 pm","DC01.darkzero.htb","ella","4624","Security","Logon","","","","","-"
"16/8/2026, 4:53:27.731696 pm","DC01.darkzero.htb","darkzero\ella","1","Sysmon","Process Creation","","","""powershell.exe"" -NoProfile -NoLogo -NonInteractive -ExecutionPolicy Bypass -File ""C:\Users\ella\access_gitea.ps1""","",""
"16/8/2026, 4:53:27.886534 pm","DC01.darkzero.htb","darkzero\ella","11","Sysmon","File Created","C:\Users\ella.darkzero\AppData\Local\Temp\__PSScriptPolicyTest_e2tlvkvu.p5p.ps1","","","",""
"16/8/2026, 4:53:27.887548 pm","DC01.darkzero.htb","darkzero\ella","11","Sysmon","File Created","C:\Users\ella.darkzero\AppData\Local\Temp\__PSScriptPolicyTest_net0jktp.znx.psm1","","","",""
"16/8/2026, 4:53:31.015916 pm","DC01.darkzero.htb","darkzero\ella","11","Sysmon","File Created","C:\Users\ella.darkzero\AppData\Local\Microsoft\Windows\PowerShell\StartupProfileData-NonInteractive","","","",""
"16/8/2026, 4:54:00.078846 pm","DC01.darkzero.htb","DC01$","4672","Security","Privileged Logon","","","SeSecurityPrivilege
			SeBackupPrivilege
			SeRestorePrivilege
			SeTakeOwnershipPrivilege
			SeDebugPrivilege
			SeSystemEnvironmentPrivilege
			SeLoadDriverPrivilege
			SeImpersonatePrivilege
			SeDelegateSessionUserImpersonatePrivilege
			SeEnableDelegationPrivilege","",""
"16/8/2026, 4:54:00.079076 pm","DC01.darkzero.htb","DC01$","4624","Security","Logon","","","","","127.0.0.1"
"16/8/2026, 4:54:27.704701 pm","DC01.darkzero.htb","ella","4768","Security","Kerberos TGT","","","","0x12","::1"
"16/8/2026, 4:54:27.706082 pm","DC01.darkzero.htb","ella@DARKZERO.HTB","4769","Security","Kerberos Service Ticket","","","","0x12","::1"
"16/8/2026, 4:54:27.712195 pm","DC01.darkzero.htb","ella","4624","Security","Logon","","","","","-"
"16/8/2026, 4:54:27.721163 pm","DC01.darkzero.htb","darkzero\ella","1","Sysmon","Process Creation","","","""powershell.exe"" -NoProfile -NoLogo -NonInteractive -ExecutionPolicy Bypass -File ""C:\Users\ella\access_gitea.ps1""","",""
"16/8/2026, 4:54:27.873093 pm","DC01.darkzero.htb","darkzero\ella","11","Sysmon","File Created","C:\Users\ella.darkzero\AppData\Local\Temp\__PSScriptPolicyTest_0awaptaa.d2u.ps1","","","",""
"16/8/2026, 4:54:27.873556 pm","DC01.darkzero.htb","darkzero\ella","11","Sysmon","File Created","C:\Users\ella.darkzero\AppData\Local\Temp\__PSScriptPolicyTest_vvhtgued.h1v.psm1","","","",""
"16/8/2026, 4:54:31.094939 pm","DC01.darkzero.htb","darkzero\ella","11","Sysmon","File Created","C:\Users\ella.darkzero\AppData\Local\Microsoft\Windows\PowerShell\StartupProfileData-NonInteractive","","","",""
"16/8/2026, 4:54:46.871213 pm","DC01.darkzero.htb","NT AUTHORITY\SYSTEM","11","Sysmon","File Created","C:\ProgramData\Microsoft\Windows\WER\Temp\3d06da0b-514b-400e-a471-f726557f4560","","","",""
"16/8/2026, 4:54:46.877812 pm","DC01.darkzero.htb","NT AUTHORITY\SYSTEM","11","Sysmon","File Created","C:\ProgramData\Microsoft\Windows\WER\Temp\4a405bd8-4725-442a-979c-dcafecf2656b","","","",""
"16/8/2026, 4:55:00.08262 pm","DC01.darkzero.htb","DC01$","4672","Security","Privileged Logon","","","SeSecurityPrivilege
			SeBackupPrivilege
			SeRestorePrivilege
			SeTakeOwnershipPrivilege
			SeDebugPrivilege
			SeSystemEnvironmentPrivilege
			SeLoadDriverPrivilege
			SeImpersonatePrivilege
			SeDelegateSessionUserImpersonatePrivilege
			SeEnableDelegationPrivilege","",""
"16/8/2026, 4:55:00.082811 pm","DC01.darkzero.htb","DC01$","4624","Security","Logon","","","","","127.0.0.1"
"16/8/2026, 4:55:13.983455 pm","DC01.darkzero.htb","NT AUTHORITY\SYSTEM","11","Sysmon","File Created","C:\System Volume Information\DFSR\Config\Replica_403BC236-9053-43D0-AAD0-74F0FB6A21A3.XML.TMP","","","",""
"16/8/2026, 4:55:13.988766 pm","DC01.darkzero.htb","NT AUTHORITY\SYSTEM","11","Sysmon","File Created","C:\System Volume Information\DFSR\Config\Volume_57941D7E-1E19-4293-AB21-2231712EE33A.XML.TMP","","","",""
"16/8/2026, 4:55:14.106805 pm","DC01.darkzero.htb","DC01$","4672","Security","Privileged Logon","","","SeSecurityPrivilege
			SeBackupPrivilege
			SeRestorePrivilege
			SeTakeOwnershipPrivilege
			SeDebugPrivilege
			SeSystemEnvironmentPrivilege
			SeLoadDriverPrivilege
			SeImpersonatePrivilege
			SeDelegateSessionUserImpersonatePrivilege
			SeEnableDelegationPrivilege","",""
"16/8/2026, 4:55:14.107026 pm","DC01.darkzero.htb","DC01$","4624","Security","Logon","","","","","172.16.20.1"
"16/8/2026, 4:55:14.236902 pm","DC01.darkzero.htb","DC01$","4672","Security","Privileged Logon","","","SeSecurityPrivilege
			SeBackupPrivilege
			SeRestorePrivilege
			SeTakeOwnershipPrivilege
			SeDebugPrivilege
			SeSystemEnvironmentPrivilege
			SeLoadDriverPrivilege
			SeImpersonatePrivilege
			SeDelegateSessionUserImpersonatePrivilege
			SeEnableDelegationPrivilege","",""
"16/8/2026, 4:55:14.237162 pm","DC01.darkzero.htb","DC01$","4624","Security","Logon","","","","","172.16.20.1"
"16/8/2026, 4:55:27.285586 pm","DC01.darkzero.htb","DC01$","4672","Security","Privileged Logon","","","SeSecurityPrivilege
			SeBackupPrivilege
			SeRestorePrivilege
			SeTakeOwnershipPrivilege
			SeDebugPrivilege
			SeSystemEnvironmentPrivilege
			SeLoadDriverPrivilege
			SeImpersonatePrivilege
			SeDelegateSessionUserImpersonatePrivilege
			SeEnableDelegationPrivilege","",""
"16/8/2026, 4:55:27.285826 pm","DC01.darkzero.htb","DC01$","4624","Security","Logon","","","","","::1"
"16/8/2026, 4:55:27.708834 pm","DC01.darkzero.htb","ella","4768","Security","Kerberos TGT","","","","0x12","::1"
"16/8/2026, 4:55:27.710467 pm","DC01.darkzero.htb","ella@DARKZERO.HTB","4769","Security","Kerberos Service Ticket","","","","0x12","::1"
"16/8/2026, 4:55:27.71733 pm","DC01.darkzero.htb","ella","4624","Security","Logon","","","","","-"
"16/8/2026, 4:55:27.727031 pm","DC01.darkzero.htb","darkzero\ella","1","Sysmon","Process Creation","","","""powershell.exe"" -NoProfile -NoLogo -NonInteractive -ExecutionPolicy Bypass -File ""C:\Users\ella\access_gitea.ps1""","",""
"16/8/2026, 4:55:27.981188 pm","DC01.darkzero.htb","darkzero\ella","11","Sysmon","File Created","C:\Users\ella.darkzero\AppData\Local\Temp\__PSScriptPolicyTest_tfrubhex.0ha.ps1","","","",""
"16/8/2026, 4:55:27.981869 pm","DC01.darkzero.htb","darkzero\ella","11","Sysmon","File Created","C:\Users\ella.darkzero\AppData\Local\Temp\__PSScriptPolicyTest_x5qwwa40.snw.psm1","","","",""
"16/8/2026, 4:55:31.152742 pm","DC01.darkzero.htb","darkzero\ella","11","Sysmon","File Created","C:\Users\ella.darkzero\AppData\Local\Microsoft\Windows\PowerShell\StartupProfileData-NonInteractive","","","",""
"16/8/2026, 4:55:32.706117 pm","DC01.darkzero.htb","DC01$","4672","Security","Privileged Logon","","","SeSecurityPrivilege
			SeBackupPrivilege
			SeRestorePrivilege
			SeTakeOwnershipPrivilege
			SeDebugPrivilege
			SeSystemEnvironmentPrivilege
			SeLoadDriverPrivilege
			SeImpersonatePrivilege
			SeDelegateSessionUserImpersonatePrivilege
			SeEnableDelegationPrivilege","",""
"16/8/2026, 4:55:32.706452 pm","DC01.darkzero.htb","DC01$","4624","Security","Logon","","","","","172.16.20.1"
"16/8/2026, 4:55:32.716683 pm","DC01.darkzero.htb","DC01$","4672","Security","Privileged Logon","","","SeSecurityPrivilege
			SeBackupPrivilege
			SeRestorePrivilege
			SeTakeOwnershipPrivilege
			SeDebugPrivilege
			SeSystemEnvironmentPrivilege
			SeLoadDriverPrivilege
			SeImpersonatePrivilege
			SeDelegateSessionUserImpersonatePrivilege
			SeEnableDelegationPrivilege","",""
"16/8/2026, 4:55:32.716936 pm","DC01.darkzero.htb","DC01$","4624","Security","Logon","","","","","::1"
"16/8/2026, 4:55:32.727889 pm","DC01.darkzero.htb","DC01$","4672","Security","Privileged Logon","","","SeSecurityPrivilege
			SeBackupPrivilege
			SeRestorePrivilege
			SeTakeOwnershipPrivilege
			SeDebugPrivilege
			SeSystemEnvironmentPrivilege
			SeLoadDriverPrivilege
			SeImpersonatePrivilege
			SeDelegateSessionUserImpersonatePrivilege
			SeEnableDelegationPrivilege","",""
"16/8/2026, 4:55:32.728056 pm","DC01.darkzero.htb","DC01$","4624","Security","Logon","","","","","::1"
"16/8/2026, 4:55:32.738089 pm","DC01.darkzero.htb","DC01$","4672","Security","Privileged Logon","","","SeSecurityPrivilege
			SeBackupPrivilege
			SeRestorePrivilege
			SeTakeOwnershipPrivilege
			SeDebugPrivilege
			SeSystemEnvironmentPrivilege
			SeLoadDriverPrivilege
			SeImpersonatePrivilege
			SeDelegateSessionUserImpersonatePrivilege
			SeEnableDelegationPrivilege","",""
"16/8/2026, 4:55:32.738359 pm","DC01.darkzero.htb","DC01$","4624","Security","Logon","","","","","10.129.28.204"
"16/8/2026, 4:55:32.764284 pm","DC01.darkzero.htb","DC01$","4672","Security","Privileged Logon","","","SeSecurityPrivilege
			SeBackupPrivilege
			SeRestorePrivilege
			SeTakeOwnershipPrivilege
			SeDebugPrivilege
			SeSystemEnvironmentPrivilege
			SeLoadDriverPrivilege
			SeImpersonatePrivilege
			SeDelegateSessionUserImpersonatePrivilege
			SeEnableDelegationPrivilege","",""
"16/8/2026, 4:55:32.764492 pm","DC01.darkzero.htb","DC01$","4624","Security","Logon","","","","","::1"
"16/8/2026, 4:56:00.088107 pm","DC01.darkzero.htb","DC01$","4672","Security","Privileged Logon","","","SeSecurityPrivilege
			SeBackupPrivilege
			SeRestorePrivilege
			SeTakeOwnershipPrivilege
			SeDebugPrivilege
			SeSystemEnvironmentPrivilege
			SeLoadDriverPrivilege
			SeImpersonatePrivilege
			SeDelegateSessionUserImpersonatePrivilege
			SeEnableDelegationPrivilege","",""
"16/8/2026, 4:56:00.088287 pm","DC01.darkzero.htb","DC01$","4624","Security","Logon","","","","","127.0.0.1"
"16/8/2026, 4:56:27.708682 pm","DC01.darkzero.htb","ella","4768","Security","Kerberos TGT","","","","0x12","::1"
"16/8/2026, 4:56:27.710324 pm","DC01.darkzero.htb","ella@DARKZERO.HTB","4769","Security","Kerberos Service Ticket","","","","0x12","::1"
"16/8/2026, 4:56:27.716552 pm","DC01.darkzero.htb","ella","4624","Security","Logon","","","","","-"
"16/8/2026, 4:56:27.726024 pm","DC01.darkzero.htb","darkzero\ella","1","Sysmon","Process Creation","","","""powershell.exe"" -NoProfile -NoLogo -NonInteractive -ExecutionPolicy Bypass -File ""C:\Users\ella\access_gitea.ps1""","",""
"16/8/2026, 4:56:27.887266 pm","DC01.darkzero.htb","darkzero\ella","11","Sysmon","File Created","C:\Users\ella.darkzero\AppData\Local\Temp\__PSScriptPolicyTest_ijj03j2v.hkc.ps1","","","",""
"16/8/2026, 4:56:27.88844 pm","DC01.darkzero.htb","darkzero\ella","11","Sysmon","File Created","C:\Users\ella.darkzero\AppData\Local\Temp\__PSScriptPolicyTest_q4ifaiqd.tu0.psm1","","","",""
"16/8/2026, 4:56:31.040036 pm","DC01.darkzero.htb","darkzero\ella","11","Sysmon","File Created","C:\Users\ella.darkzero\AppData\Local\Microsoft\Windows\PowerShell\StartupProfileData-NonInteractive","","","",""
"16/8/2026, 4:57:00.106389 pm","DC01.darkzero.htb","DC01$","4672","Security","Privileged Logon","","","SeSecurityPrivilege
			SeBackupPrivilege
			SeRestorePrivilege
			SeTakeOwnershipPrivilege
			SeDebugPrivilege
			SeSystemEnvironmentPrivilege
			SeLoadDriverPrivilege
			SeImpersonatePrivilege
			SeDelegateSessionUserImpersonatePrivilege
			SeEnableDelegationPrivilege","",""
"16/8/2026, 4:57:00.106599 pm","DC01.darkzero.htb","DC01$","4624","Security","Logon","","","","","127.0.0.1"
"16/8/2026, 4:57:27.717594 pm","DC01.darkzero.htb","ella","4768","Security","Kerberos TGT","","","","0x12","::1"
"16/8/2026, 4:57:27.719108 pm","DC01.darkzero.htb","ella@DARKZERO.HTB","4769","Security","Kerberos Service Ticket","","","","0x12","::1"
"16/8/2026, 4:57:27.725169 pm","DC01.darkzero.htb","ella","4624","Security","Logon","","","","","-"
"16/8/2026, 4:57:27.733933 pm","DC01.darkzero.htb","darkzero\ella","1","Sysmon","Process Creation","","","""powershell.exe"" -NoProfile -NoLogo -NonInteractive -ExecutionPolicy Bypass -File ""C:\Users\ella\access_gitea.ps1""","",""
"16/8/2026, 4:57:27.888933 pm","DC01.darkzero.htb","darkzero\ella","11","Sysmon","File Created","C:\Users\ella.darkzero\AppData\Local\Temp\__PSScriptPolicyTest_caknzpd2.aaj.ps1","","","",""
"16/8/2026, 4:57:27.889192 pm","DC01.darkzero.htb","darkzero\ella","11","Sysmon","File Created","C:\Users\ella.darkzero\AppData\Local\Temp\__PSScriptPolicyTest_e5gpicuq.uog.psm1","","","",""
"16/8/2026, 4:57:31.036477 pm","DC01.darkzero.htb","darkzero\ella","11","Sysmon","File Created","C:\Users\ella.darkzero\AppData\Local\Microsoft\Windows\PowerShell\StartupProfileData-NonInteractive","","","",""
"16/8/2026, 4:58:00.118695 pm","DC01.darkzero.htb","DC01$","4672","Security","Privileged Logon","","","SeSecurityPrivilege
			SeBackupPrivilege
			SeRestorePrivilege
			SeTakeOwnershipPrivilege
			SeDebugPrivilege
			SeSystemEnvironmentPrivilege
			SeLoadDriverPrivilege
			SeImpersonatePrivilege
			SeDelegateSessionUserImpersonatePrivilege
			SeEnableDelegationPrivilege","",""
"16/8/2026, 4:58:00.118924 pm","DC01.darkzero.htb","DC01$","4624","Security","Logon","","","","","127.0.0.1"
"16/8/2026, 4:58:27.721443 pm","DC01.darkzero.htb","ella","4768","Security","Kerberos TGT","","","","0x12","::1"
"16/8/2026, 4:58:27.722812 pm","DC01.darkzero.htb","ella@DARKZERO.HTB","4769","Security","Kerberos Service Ticket","","","","0x12","::1"
"16/8/2026, 4:58:27.729266 pm","DC01.darkzero.htb","ella","4624","Security","Logon","","","","","-"
"16/8/2026, 4:58:27.738543 pm","DC01.darkzero.htb","darkzero\ella","1","Sysmon","Process Creation","","","""powershell.exe"" -NoProfile -NoLogo -NonInteractive -ExecutionPolicy Bypass -File ""C:\Users\ella\access_gitea.ps1""","",""
"16/8/2026, 4:58:27.893894 pm","DC01.darkzero.htb","darkzero\ella","11","Sysmon","File Created","C:\Users\ella.darkzero\AppData\Local\Temp\__PSScriptPolicyTest_lup22cil.ygo.ps1","","","",""
"16/8/2026, 4:58:27.894536 pm","DC01.darkzero.htb","darkzero\ella","11","Sysmon","File Created","C:\Users\ella.darkzero\AppData\Local\Temp\__PSScriptPolicyTest_tysymion.yef.psm1","","","",""
"16/8/2026, 4:58:31.094443 pm","DC01.darkzero.htb","darkzero\ella","11","Sysmon","File Created","C:\Users\ella.darkzero\AppData\Local\Microsoft\Windows\PowerShell\StartupProfileData-NonInteractive","","","",""
"16/8/2026, 4:59:00.130028 pm","DC01.darkzero.htb","DC01$","4672","Security","Privileged Logon","","","SeSecurityPrivilege
			SeBackupPrivilege
			SeRestorePrivilege
			SeTakeOwnershipPrivilege
			SeDebugPrivilege
			SeSystemEnvironmentPrivilege
			SeLoadDriverPrivilege
			SeImpersonatePrivilege
			SeDelegateSessionUserImpersonatePrivilege
			SeEnableDelegationPrivilege","",""
"16/8/2026, 4:59:00.130207 pm","DC01.darkzero.htb","DC01$","4624","Security","Logon","","","","","127.0.0.1"
"16/8/2026, 4:59:27.726456 pm","DC01.darkzero.htb","ella","4768","Security","Kerberos TGT","","","","0x12","::1"
"16/8/2026, 4:59:27.727929 pm","DC01.darkzero.htb","ella@DARKZERO.HTB","4769","Security","Kerberos Service Ticket","","","","0x12","::1"
"16/8/2026, 4:59:27.734013 pm","DC01.darkzero.htb","ella","4624","Security","Logon","","","","","-"
"16/8/2026, 4:59:27.742939 pm","DC01.darkzero.htb","darkzero\ella","1","Sysmon","Process Creation","","","""powershell.exe"" -NoProfile -NoLogo -NonInteractive -ExecutionPolicy Bypass -File ""C:\Users\ella\access_gitea.ps1""","",""
"16/8/2026, 4:59:27.899627 pm","DC01.darkzero.htb","darkzero\ella","11","Sysmon","File Created","C:\Users\ella.darkzero\AppData\Local\Temp\__PSScriptPolicyTest_0mo2rlda.jl4.ps1","","","",""
"16/8/2026, 4:59:27.900711 pm","DC01.darkzero.htb","darkzero\ella","11","Sysmon","File Created","C:\Users\ella.darkzero\AppData\Local\Temp\__PSScriptPolicyTest_nagwynxo.gxk.psm1","","","",""
"16/8/2026, 4:59:31.052076 pm","DC01.darkzero.htb","darkzero\ella","11","Sysmon","File Created","C:\Users\ella.darkzero\AppData\Local\Microsoft\Windows\PowerShell\StartupProfileData-NonInteractive","","","",""
"16/8/2026, 5:00:00.15151 pm","DC01.darkzero.htb","DC01$","4672","Security","Privileged Logon","","","SeSecurityPrivilege
			SeBackupPrivilege
			SeRestorePrivilege
			SeTakeOwnershipPrivilege
			SeDebugPrivilege
			SeSystemEnvironmentPrivilege
			SeLoadDriverPrivilege
			SeImpersonatePrivilege
			SeDelegateSessionUserImpersonatePrivilege
			SeEnableDelegationPrivilege","",""
"16/8/2026, 5:00:00.151682 pm","DC01.darkzero.htb","DC01$","4624","Security","Logon","","","","","127.0.0.1"
"16/8/2026, 5:00:14.404451 pm","DC01.darkzero.htb","NT AUTHORITY\SYSTEM","11","Sysmon","File Created","C:\System Volume Information\DFSR\Config\Replica_403BC236-9053-43D0-AAD0-74F0FB6A21A3.XML.TMP","","","",""
"16/8/2026, 5:00:14.408613 pm","DC01.darkzero.htb","NT AUTHORITY\SYSTEM","11","Sysmon","File Created","C:\System Volume Information\DFSR\Config\Volume_57941D7E-1E19-4293-AB21-2231712EE33A.XML.TMP","","","",""
"16/8/2026, 5:00:14.525162 pm","DC01.darkzero.htb","DC01$","4672","Security","Privileged Logon","","","SeSecurityPrivilege
			SeBackupPrivilege
			SeRestorePrivilege
			SeTakeOwnershipPrivilege
			SeDebugPrivilege
			SeSystemEnvironmentPrivilege
			SeLoadDriverPrivilege
			SeImpersonatePrivilege
			SeDelegateSessionUserImpersonatePrivilege
			SeEnableDelegationPrivilege","",""
"16/8/2026, 5:00:14.525355 pm","DC01.darkzero.htb","DC01$","4624","Security","Logon","","","","","172.16.20.1"
"16/8/2026, 5:00:14.644113 pm","DC01.darkzero.htb","DC01$","4672","Security","Privileged Logon","","","SeSecurityPrivilege
			SeBackupPrivilege
			SeRestorePrivilege
			SeTakeOwnershipPrivilege
			SeDebugPrivilege
			SeSystemEnvironmentPrivilege
			SeLoadDriverPrivilege
			SeImpersonatePrivilege
			SeDelegateSessionUserImpersonatePrivilege
			SeEnableDelegationPrivilege","",""
"16/8/2026, 5:00:14.644323 pm","DC01.darkzero.htb","DC01$","4624","Security","Logon","","","","","172.16.20.1"
"16/8/2026, 5:00:27.738 pm","DC01.darkzero.htb","ella","4768","Security","Kerberos TGT","","","","0x12","::1"
"16/8/2026, 5:00:27.739898 pm","DC01.darkzero.htb","ella@DARKZERO.HTB","4769","Security","Kerberos Service Ticket","","","","0x12","::1"
"16/8/2026, 5:00:27.748557 pm","DC01.darkzero.htb","ella","4624","Security","Logon","","","","","-"
"16/8/2026, 5:00:27.758452 pm","DC01.darkzero.htb","darkzero\ella","1","Sysmon","Process Creation","","","""powershell.exe"" -NoProfile -NoLogo -NonInteractive -ExecutionPolicy Bypass -File ""C:\Users\ella\access_gitea.ps1""","",""
"16/8/2026, 5:00:27.904884 pm","DC01.darkzero.htb","darkzero\ella","11","Sysmon","File Created","C:\Users\ella.darkzero\AppData\Local\Temp\__PSScriptPolicyTest_jlan4tdo.ju0.ps1","","","",""
"16/8/2026, 5:00:27.905206 pm","DC01.darkzero.htb","darkzero\ella","11","Sysmon","File Created","C:\Users\ella.darkzero\AppData\Local\Temp\__PSScriptPolicyTest_0jyyutlq.yjh.psm1","","","",""
"16/8/2026, 5:00:31.040657 pm","DC01.darkzero.htb","darkzero\ella","11","Sysmon","File Created","C:\Users\ella.darkzero\AppData\Local\Microsoft\Windows\PowerShell\StartupProfileData-NonInteractive","","","",""
"16/8/2026, 5:00:32.799124 pm","DC01.darkzero.htb","DC01$","4672","Security","Privileged Logon","","","SeSecurityPrivilege
			SeBackupPrivilege
			SeRestorePrivilege
			SeTakeOwnershipPrivilege
			SeDebugPrivilege
			SeSystemEnvironmentPrivilege
			SeLoadDriverPrivilege
			SeImpersonatePrivilege
			SeDelegateSessionUserImpersonatePrivilege
			SeEnableDelegationPrivilege","",""
"16/8/2026, 5:00:32.799845 pm","DC01.darkzero.htb","DC01$","4624","Security","Logon","","","","","::1"
"16/8/2026, 5:00:32.90688 pm","DC01.darkzero.htb","DC01$","4672","Security","Privileged Logon","","","SeSecurityPrivilege
			SeBackupPrivilege
			SeRestorePrivilege
			SeTakeOwnershipPrivilege
			SeDebugPrivilege
			SeSystemEnvironmentPrivilege
			SeLoadDriverPrivilege
			SeImpersonatePrivilege
			SeDelegateSessionUserImpersonatePrivilege
			SeEnableDelegationPrivilege","",""
"16/8/2026, 5:00:32.907045 pm","DC01.darkzero.htb","DC01$","4624","Security","Logon","","","","","172.16.20.1"
"16/8/2026, 5:00:32.917763 pm","DC01.darkzero.htb","DC01$","4672","Security","Privileged Logon","","","SeSecurityPrivilege
			SeBackupPrivilege
			SeRestorePrivilege
			SeTakeOwnershipPrivilege
			SeDebugPrivilege
			SeSystemEnvironmentPrivilege
			SeLoadDriverPrivilege
			SeImpersonatePrivilege
			SeDelegateSessionUserImpersonatePrivilege
			SeEnableDelegationPrivilege","",""
"16/8/2026, 5:00:32.91812 pm","DC01.darkzero.htb","DC01$","4624","Security","Logon","","","","","::1"
"16/8/2026, 5:00:32.927621 pm","DC01.darkzero.htb","DC01$","4672","Security","Privileged Logon","","","SeSecurityPrivilege
			SeBackupPrivilege
			SeRestorePrivilege
			SeTakeOwnershipPrivilege
			SeDebugPrivilege
			SeSystemEnvironmentPrivilege
			SeLoadDriverPrivilege
			SeImpersonatePrivilege
			SeDelegateSessionUserImpersonatePrivilege
			SeEnableDelegationPrivilege","",""
"16/8/2026, 5:00:32.927772 pm","DC01.darkzero.htb","DC01$","4624","Security","Logon","","","","","::1"
"16/8/2026, 5:00:32.934427 pm","DC01.darkzero.htb","DC01$","4672","Security","Privileged Logon","","","SeSecurityPrivilege
			SeBackupPrivilege
			SeRestorePrivilege
			SeTakeOwnershipPrivilege
			SeDebugPrivilege
			SeSystemEnvironmentPrivilege
			SeLoadDriverPrivilege
			SeImpersonatePrivilege
			SeDelegateSessionUserImpersonatePrivilege
			SeEnableDelegationPrivilege","",""
"16/8/2026, 5:00:32.934574 pm","DC01.darkzero.htb","DC01$","4624","Security","Logon","","","","","10.129.28.204"
"16/8/2026, 5:00:32.955253 pm","DC01.darkzero.htb","DC01$","4672","Security","Privileged Logon","","","SeSecurityPrivilege
			SeBackupPrivilege
			SeRestorePrivilege
			SeTakeOwnershipPrivilege
			SeDebugPrivilege
			SeSystemEnvironmentPrivilege
			SeLoadDriverPrivilege
			SeImpersonatePrivilege
			SeDelegateSessionUserImpersonatePrivilege
			SeEnableDelegationPrivilege","",""
"16/8/2026, 5:00:32.955424 pm","DC01.darkzero.htb","DC01$","4624","Security","Logon","","","","","::1"
"16/8/2026, 5:00:50.396129 pm","DC01.darkzero.htb","DC01$","4672","Security","Privileged Logon","","","SeAuditPrivilege
			SeAssignPrimaryTokenPrivilege
			SeImpersonatePrivilege","",""
"16/8/2026, 5:00:50.396359 pm","DC01.darkzero.htb","DC01$","4624","Security","Logon","","","","","-"
"16/8/2026, 5:01:00.152389 pm","DC01.darkzero.htb","DC01$","4672","Security","Privileged Logon","","","SeSecurityPrivilege
			SeBackupPrivilege
			SeRestorePrivilege
			SeTakeOwnershipPrivilege
			SeDebugPrivilege
			SeSystemEnvironmentPrivilege
			SeLoadDriverPrivilege
			SeImpersonatePrivilege
			SeDelegateSessionUserImpersonatePrivilege
			SeEnableDelegationPrivilege","",""
"16/8/2026, 5:01:00.152559 pm","DC01.darkzero.htb","DC01$","4624","Security","Logon","","","","","127.0.0.1"
"16/8/2026, 5:01:27.737122 pm","DC01.darkzero.htb","ella","4768","Security","Kerberos TGT","","","","0x12","::1"
"16/8/2026, 5:01:27.738819 pm","DC01.darkzero.htb","ella@DARKZERO.HTB","4769","Security","Kerberos Service Ticket","","","","0x12","::1"
"16/8/2026, 5:01:27.746231 pm","DC01.darkzero.htb","ella","4624","Security","Logon","","","","","-"
"16/8/2026, 5:01:27.755455 pm","DC01.darkzero.htb","darkzero\ella","1","Sysmon","Process Creation","","","""powershell.exe"" -NoProfile -NoLogo -NonInteractive -ExecutionPolicy Bypass -File ""C:\Users\ella\access_gitea.ps1""","",""
"16/8/2026, 5:01:27.905498 pm","DC01.darkzero.htb","darkzero\ella","11","Sysmon","File Created","C:\Users\ella.darkzero\AppData\Local\Temp\__PSScriptPolicyTest_zi45h0mc.qd1.ps1","","","",""
"16/8/2026, 5:01:27.906215 pm","DC01.darkzero.htb","darkzero\ella","11","Sysmon","File Created","C:\Users\ella.darkzero\AppData\Local\Temp\__PSScriptPolicyTest_p5zohixm.myv.psm1","","","",""
"16/8/2026, 5:01:31.142021 pm","DC01.darkzero.htb","darkzero\ella","11","Sysmon","File Created","C:\Users\ella.darkzero\AppData\Local\Microsoft\Windows\PowerShell\StartupProfileData-NonInteractive","","","",""
"16/8/2026, 5:02:00.158299 pm","DC01.darkzero.htb","DC01$","4672","Security","Privileged Logon","","","SeSecurityPrivilege
			SeBackupPrivilege
			SeRestorePrivilege
			SeTakeOwnershipPrivilege
			SeDebugPrivilege
			SeSystemEnvironmentPrivilege
			SeLoadDriverPrivilege
			SeImpersonatePrivilege
			SeDelegateSessionUserImpersonatePrivilege
			SeEnableDelegationPrivilege","",""
"16/8/2026, 5:02:00.158476 pm","DC01.darkzero.htb","DC01$","4624","Security","Logon","","","","","127.0.0.1"
"16/8/2026, 5:02:27.739933 pm","DC01.darkzero.htb","ella","4768","Security","Kerberos TGT","","","","0x12","::1"
"16/8/2026, 5:02:27.741435 pm","DC01.darkzero.htb","ella@DARKZERO.HTB","4769","Security","Kerberos Service Ticket","","","","0x12","::1"
"16/8/2026, 5:02:27.748217 pm","DC01.darkzero.htb","ella","4624","Security","Logon","","","","","-"
"16/8/2026, 5:02:27.757441 pm","DC01.darkzero.htb","darkzero\ella","1","Sysmon","Process Creation","","","""powershell.exe"" -NoProfile -NoLogo -NonInteractive -ExecutionPolicy Bypass -File ""C:\Users\ella\access_gitea.ps1""","",""
"16/8/2026, 5:02:27.908099 pm","DC01.darkzero.htb","darkzero\ella","11","Sysmon","File Created","C:\Users\ella.darkzero\AppData\Local\Temp\__PSScriptPolicyTest_2gsu12b5.ri3.ps1","","","",""
"16/8/2026, 5:02:27.90892 pm","DC01.darkzero.htb","darkzero\ella","11","Sysmon","File Created","C:\Users\ella.darkzero\AppData\Local\Temp\__PSScriptPolicyTest_ke0wfcvc.hdt.psm1","","","",""
"16/8/2026, 5:02:31.092927 pm","DC01.darkzero.htb","darkzero\ella","11","Sysmon","File Created","C:\Users\ella.darkzero\AppData\Local\Microsoft\Windows\PowerShell\StartupProfileData-NonInteractive","","","",""
"16/8/2026, 5:03:00.162992 pm","DC01.darkzero.htb","DC01$","4672","Security","Privileged Logon","","","SeSecurityPrivilege
			SeBackupPrivilege
			SeRestorePrivilege
			SeTakeOwnershipPrivilege
			SeDebugPrivilege
			SeSystemEnvironmentPrivilege
			SeLoadDriverPrivilege
			SeImpersonatePrivilege
			SeDelegateSessionUserImpersonatePrivilege
			SeEnableDelegationPrivilege","",""
"16/8/2026, 5:03:00.163302 pm","DC01.darkzero.htb","DC01$","4624","Security","Logon","","","","","127.0.0.1"
"16/8/2026, 5:03:27.738307 pm","DC01.darkzero.htb","ella","4768","Security","Kerberos TGT","","","","0x12","::1"
"16/8/2026, 5:03:27.739651 pm","DC01.darkzero.htb","ella@DARKZERO.HTB","4769","Security","Kerberos Service Ticket","","","","0x12","::1"
"16/8/2026, 5:03:27.746023 pm","DC01.darkzero.htb","ella","4624","Security","Logon","","","","","-"
"16/8/2026, 5:03:27.754994 pm","DC01.darkzero.htb","darkzero\ella","1","Sysmon","Process Creation","","","""powershell.exe"" -NoProfile -NoLogo -NonInteractive -ExecutionPolicy Bypass -File ""C:\Users\ella\access_gitea.ps1""","",""
"16/8/2026, 5:03:27.907453 pm","DC01.darkzero.htb","darkzero\ella","11","Sysmon","File Created","C:\Users\ella.darkzero\AppData\Local\Temp\__PSScriptPolicyTest_avsjnshk.ozj.ps1","","","",""
"16/8/2026, 5:03:27.907729 pm","DC01.darkzero.htb","darkzero\ella","11","Sysmon","File Created","C:\Users\ella.darkzero\AppData\Local\Temp\__PSScriptPolicyTest_izjnru2v.sks.psm1","","","",""
"16/8/2026, 5:03:31.087571 pm","DC01.darkzero.htb","darkzero\ella","11","Sysmon","File Created","C:\Users\ella.darkzero\AppData\Local\Microsoft\Windows\PowerShell\StartupProfileData-NonInteractive","","","",""
"16/8/2026, 5:04:00.19169 pm","DC01.darkzero.htb","DC01$","4672","Security","Privileged Logon","","","SeSecurityPrivilege
			SeBackupPrivilege
			SeRestorePrivilege
			SeTakeOwnershipPrivilege
			SeDebugPrivilege
			SeSystemEnvironmentPrivilege
			SeLoadDriverPrivilege
			SeImpersonatePrivilege
			SeDelegateSessionUserImpersonatePrivilege
			SeEnableDelegationPrivilege","",""
"16/8/2026, 5:04:00.191904 pm","DC01.darkzero.htb","DC01$","4624","Security","Logon","","","","","127.0.0.1"
"16/8/2026, 5:04:27.738606 pm","DC01.darkzero.htb","ella","4768","Security","Kerberos TGT","","","","0x12","::1"
"16/8/2026, 5:04:27.740475 pm","DC01.darkzero.htb","ella@DARKZERO.HTB","4769","Security","Kerberos Service Ticket","","","","0x12","::1"
"16/8/2026, 5:04:27.747315 pm","DC01.darkzero.htb","ella","4624","Security","Logon","","","","","-"
"16/8/2026, 5:04:27.757204 pm","DC01.darkzero.htb","darkzero\ella","1","Sysmon","Process Creation","","","""powershell.exe"" -NoProfile -NoLogo -NonInteractive -ExecutionPolicy Bypass -File ""C:\Users\ella\access_gitea.ps1""","",""
"16/8/2026, 5:04:27.922596 pm","DC01.darkzero.htb","darkzero\ella","11","Sysmon","File Created","C:\Users\ella.darkzero\AppData\Local\Temp\__PSScriptPolicyTest_4wcuf02c.rvd.ps1","","","",""
"16/8/2026, 5:04:27.923623 pm","DC01.darkzero.htb","darkzero\ella","11","Sysmon","File Created","C:\Users\ella.darkzero\AppData\Local\Temp\__PSScriptPolicyTest_eredq54q.oty.psm1","","","",""
"16/8/2026, 5:04:31.100055 pm","DC01.darkzero.htb","darkzero\ella","11","Sysmon","File Created","C:\Users\ella.darkzero\AppData\Local\Microsoft\Windows\PowerShell\StartupProfileData-NonInteractive","","","",""
"16/8/2026, 5:05:00.210463 pm","DC01.darkzero.htb","DC01$","4672","Security","Privileged Logon","","","SeSecurityPrivilege
			SeBackupPrivilege
			SeRestorePrivilege
			SeTakeOwnershipPrivilege
			SeDebugPrivilege
			SeSystemEnvironmentPrivilege
			SeLoadDriverPrivilege
			SeImpersonatePrivilege
			SeDelegateSessionUserImpersonatePrivilege
			SeEnableDelegationPrivilege","",""
"16/8/2026, 5:05:00.210673 pm","DC01.darkzero.htb","DC01$","4624","Security","Logon","","","","","127.0.0.1"
"16/8/2026, 5:05:14.72797 pm","DC01.darkzero.htb","NT AUTHORITY\SYSTEM","11","Sysmon","File Created","C:\System Volume Information\DFSR\Config\Replica_403BC236-9053-43D0-AAD0-74F0FB6A21A3.XML.TMP","","","",""
"16/8/2026, 5:05:14.732431 pm","DC01.darkzero.htb","NT AUTHORITY\SYSTEM","11","Sysmon","File Created","C:\System Volume Information\DFSR\Config\Volume_57941D7E-1E19-4293-AB21-2231712EE33A.XML.TMP","","","",""
"16/8/2026, 5:05:14.846267 pm","DC01.darkzero.htb","DC01$","4672","Security","Privileged Logon","","","SeSecurityPrivilege
			SeBackupPrivilege
			SeRestorePrivilege
			SeTakeOwnershipPrivilege
			SeDebugPrivilege
			SeSystemEnvironmentPrivilege
			SeLoadDriverPrivilege
			SeImpersonatePrivilege
			SeDelegateSessionUserImpersonatePrivilege
			SeEnableDelegationPrivilege","",""
"16/8/2026, 5:05:14.846461 pm","DC01.darkzero.htb","DC01$","4624","Security","Logon","","","","","172.16.20.1"
"16/8/2026, 5:05:14.957615 pm","DC01.darkzero.htb","DC01$","4672","Security","Privileged Logon","","","SeSecurityPrivilege
			SeBackupPrivilege
			SeRestorePrivilege
			SeTakeOwnershipPrivilege
			SeDebugPrivilege
			SeSystemEnvironmentPrivilege
			SeLoadDriverPrivilege
			SeImpersonatePrivilege
			SeDelegateSessionUserImpersonatePrivilege
			SeEnableDelegationPrivilege","",""
"16/8/2026, 5:05:14.957782 pm","DC01.darkzero.htb","DC01$","4624","Security","Logon","","","","","172.16.20.1"
"16/8/2026, 5:05:27.296565 pm","DC01.darkzero.htb","DC01$","4672","Security","Privileged Logon","","","SeSecurityPrivilege
			SeBackupPrivilege
			SeRestorePrivilege
			SeTakeOwnershipPrivilege
			SeDebugPrivilege
			SeSystemEnvironmentPrivilege
			SeLoadDriverPrivilege
			SeImpersonatePrivilege
			SeDelegateSessionUserImpersonatePrivilege
			SeEnableDelegationPrivilege","",""
"16/8/2026, 5:05:27.296833 pm","DC01.darkzero.htb","DC01$","4624","Security","Logon","","","","","::1"
"16/8/2026, 5:05:27.739831 pm","DC01.darkzero.htb","ella","4768","Security","Kerberos TGT","","","","0x12","::1"
"16/8/2026, 5:05:27.741407 pm","DC01.darkzero.htb","ella@DARKZERO.HTB","4769","Security","Kerberos Service Ticket","","","","0x12","::1"
"16/8/2026, 5:05:27.7473 pm","DC01.darkzero.htb","ella","4624","Security","Logon","","","","","-"
"16/8/2026, 5:05:27.755774 pm","DC01.darkzero.htb","darkzero\ella","1","Sysmon","Process Creation","","","""powershell.exe"" -NoProfile -NoLogo -NonInteractive -ExecutionPolicy Bypass -File ""C:\Users\ella\access_gitea.ps1""","",""
"16/8/2026, 5:05:27.916864 pm","DC01.darkzero.htb","darkzero\ella","11","Sysmon","File Created","C:\Users\ella.darkzero\AppData\Local\Temp\__PSScriptPolicyTest_ctuk12d4.asr.ps1","","","",""
"16/8/2026, 5:05:27.917713 pm","DC01.darkzero.htb","darkzero\ella","11","Sysmon","File Created","C:\Users\ella.darkzero\AppData\Local\Temp\__PSScriptPolicyTest_udq5raiu.nlu.psm1","","","",""
"16/8/2026, 5:05:31.07563 pm","DC01.darkzero.htb","darkzero\ella","11","Sysmon","File Created","C:\Users\ella.darkzero\AppData\Local\Microsoft\Windows\PowerShell\StartupProfileData-NonInteractive","","","",""
"16/8/2026, 5:05:33.108041 pm","DC01.darkzero.htb","DC01$","4672","Security","Privileged Logon","","","SeSecurityPrivilege
			SeBackupPrivilege
			SeRestorePrivilege
			SeTakeOwnershipPrivilege
			SeDebugPrivilege
			SeSystemEnvironmentPrivilege
			SeLoadDriverPrivilege
			SeImpersonatePrivilege
			SeDelegateSessionUserImpersonatePrivilege
			SeEnableDelegationPrivilege","",""
"16/8/2026, 5:05:33.10823 pm","DC01.darkzero.htb","DC01$","4624","Security","Logon","","","","","172.16.20.1"
"16/8/2026, 5:05:33.115863 pm","DC01.darkzero.htb","DC01$","4672","Security","Privileged Logon","","","SeSecurityPrivilege
			SeBackupPrivilege
			SeRestorePrivilege
			SeTakeOwnershipPrivilege
			SeDebugPrivilege
			SeSystemEnvironmentPrivilege
			SeLoadDriverPrivilege
			SeImpersonatePrivilege
			SeDelegateSessionUserImpersonatePrivilege
			SeEnableDelegationPrivilege","",""
"16/8/2026, 5:05:33.11607 pm","DC01.darkzero.htb","DC01$","4624","Security","Logon","","","","","::1"
"16/8/2026, 5:05:33.125932 pm","DC01.darkzero.htb","DC01$","4672","Security","Privileged Logon","","","SeSecurityPrivilege
			SeBackupPrivilege
			SeRestorePrivilege
			SeTakeOwnershipPrivilege
			SeDebugPrivilege
			SeSystemEnvironmentPrivilege
			SeLoadDriverPrivilege
			SeImpersonatePrivilege
			SeDelegateSessionUserImpersonatePrivilege
			SeEnableDelegationPrivilege","",""
"16/8/2026, 5:05:33.126107 pm","DC01.darkzero.htb","DC01$","4624","Security","Logon","","","","","::1"
"16/8/2026, 5:05:33.13326 pm","DC01.darkzero.htb","DC01$","4672","Security","Privileged Logon","","","SeSecurityPrivilege
			SeBackupPrivilege
			SeRestorePrivilege
			SeTakeOwnershipPrivilege
			SeDebugPrivilege
			SeSystemEnvironmentPrivilege
			SeLoadDriverPrivilege
			SeImpersonatePrivilege
			SeDelegateSessionUserImpersonatePrivilege
			SeEnableDelegationPrivilege","",""
"16/8/2026, 5:05:33.13344 pm","DC01.darkzero.htb","DC01$","4624","Security","Logon","","","","","10.129.28.204"
"16/8/2026, 5:05:33.153872 pm","DC01.darkzero.htb","DC01$","4672","Security","Privileged Logon","","","SeSecurityPrivilege
			SeBackupPrivilege
			SeRestorePrivilege
			SeTakeOwnershipPrivilege
			SeDebugPrivilege
			SeSystemEnvironmentPrivilege
			SeLoadDriverPrivilege
			SeImpersonatePrivilege
			SeDelegateSessionUserImpersonatePrivilege
			SeEnableDelegationPrivilege","",""
"16/8/2026, 5:05:33.154025 pm","DC01.darkzero.htb","DC01$","4624","Security","Logon","","","","","::1"
"16/8/2026, 5:06:00.214631 pm","DC01.darkzero.htb","DC01$","4672","Security","Privileged Logon","","","SeSecurityPrivilege
			SeBackupPrivilege
			SeRestorePrivilege
			SeTakeOwnershipPrivilege
			SeDebugPrivilege
			SeSystemEnvironmentPrivilege
			SeLoadDriverPrivilege
			SeImpersonatePrivilege
			SeDelegateSessionUserImpersonatePrivilege
			SeEnableDelegationPrivilege","",""
"16/8/2026, 5:06:00.214868 pm","DC01.darkzero.htb","DC01$","4624","Security","Logon","","","","","127.0.0.1"
"16/8/2026, 5:06:27.741989 pm","DC01.darkzero.htb","ella","4768","Security","Kerberos TGT","","","","0x12","::1"
"16/8/2026, 5:06:27.743653 pm","DC01.darkzero.htb","ella@DARKZERO.HTB","4769","Security","Kerberos Service Ticket","","","","0x12","::1"
"16/8/2026, 5:06:27.750176 pm","DC01.darkzero.htb","ella","4624","Security","Logon","","","","","-"
"16/8/2026, 5:06:27.759265 pm","DC01.darkzero.htb","darkzero\ella","1","Sysmon","Process Creation","","","""powershell.exe"" -NoProfile -NoLogo -NonInteractive -ExecutionPolicy Bypass -File ""C:\Users\ella\access_gitea.ps1""","",""
"16/8/2026, 5:06:27.912654 pm","DC01.darkzero.htb","darkzero\ella","11","Sysmon","File Created","C:\Users\ella.darkzero\AppData\Local\Temp\__PSScriptPolicyTest_220jasxz.z1p.ps1","","","",""
"16/8/2026, 5:06:27.913025 pm","DC01.darkzero.htb","darkzero\ella","11","Sysmon","File Created","C:\Users\ella.darkzero\AppData\Local\Temp\__PSScriptPolicyTest_xqn21wpm.t2u.psm1","","","",""
"16/8/2026, 5:06:31.026748 pm","DC01.darkzero.htb","darkzero\ella","11","Sysmon","File Created","C:\Users\ella.darkzero\AppData\Local\Microsoft\Windows\PowerShell\StartupProfileData-NonInteractive","","","",""
"16/8/2026, 5:07:00.236509 pm","DC01.darkzero.htb","DC01$","4672","Security","Privileged Logon","","","SeSecurityPrivilege
			SeBackupPrivilege
			SeRestorePrivilege
			SeTakeOwnershipPrivilege
			SeDebugPrivilege
			SeSystemEnvironmentPrivilege
			SeLoadDriverPrivilege
			SeImpersonatePrivilege
			SeDelegateSessionUserImpersonatePrivilege
			SeEnableDelegationPrivilege","",""
"16/8/2026, 5:07:00.236907 pm","DC01.darkzero.htb","DC01$","4624","Security","Logon","","","","","127.0.0.1"
"16/8/2026, 5:07:27.747027 pm","DC01.darkzero.htb","ella","4768","Security","Kerberos TGT","","","","0x12","::1"
"16/8/2026, 5:07:27.749464 pm","DC01.darkzero.htb","ella@DARKZERO.HTB","4769","Security","Kerberos Service Ticket","","","","0x12","::1"
"16/8/2026, 5:07:27.756944 pm","DC01.darkzero.htb","ella","4624","Security","Logon","","","","","-"
"16/8/2026, 5:07:27.769965 pm","DC01.darkzero.htb","darkzero\ella","1","Sysmon","Process Creation","","","""powershell.exe"" -NoProfile -NoLogo -NonInteractive -ExecutionPolicy Bypass -File ""C:\Users\ella\access_gitea.ps1""","",""
"16/8/2026, 5:07:27.953705 pm","DC01.darkzero.htb","darkzero\ella","11","Sysmon","File Created","C:\Users\ella.darkzero\AppData\Local\Temp\__PSScriptPolicyTest_igw3pafe.xlu.ps1","","","",""
"16/8/2026, 5:07:27.954624 pm","DC01.darkzero.htb","darkzero\ella","11","Sysmon","File Created","C:\Users\ella.darkzero\AppData\Local\Temp\__PSScriptPolicyTest_a2vxapot.av3.psm1","","","",""
"16/8/2026, 5:07:31.197078 pm","DC01.darkzero.htb","darkzero\ella","11","Sysmon","File Created","C:\Users\ella.darkzero\AppData\Local\Microsoft\Windows\PowerShell\StartupProfileData-NonInteractive","","","",""
"16/8/2026, 5:08:00.249574 pm","DC01.darkzero.htb","DC01$","4672","Security","Privileged Logon","","","SeSecurityPrivilege
			SeBackupPrivilege
			SeRestorePrivilege
			SeTakeOwnershipPrivilege
			SeDebugPrivilege
			SeSystemEnvironmentPrivilege
			SeLoadDriverPrivilege
			SeImpersonatePrivilege
			SeDelegateSessionUserImpersonatePrivilege
			SeEnableDelegationPrivilege","",""
"16/8/2026, 5:08:00.249793 pm","DC01.darkzero.htb","DC01$","4624","Security","Logon","","","","","127.0.0.1"
"16/8/2026, 5:08:27.746043 pm","DC01.darkzero.htb","ella","4768","Security","Kerberos TGT","","","","0x12","::1"
"16/8/2026, 5:08:27.747719 pm","DC01.darkzero.htb","ella@DARKZERO.HTB","4769","Security","Kerberos Service Ticket","","","","0x12","::1"
"16/8/2026, 5:08:27.754981 pm","DC01.darkzero.htb","ella","4624","Security","Logon","","","","","-"
"16/8/2026, 5:08:27.765141 pm","DC01.darkzero.htb","darkzero\ella","1","Sysmon","Process Creation","","","""powershell.exe"" -NoProfile -NoLogo -NonInteractive -ExecutionPolicy Bypass -File ""C:\Users\ella\access_gitea.ps1""","",""
"16/8/2026, 5:08:27.918774 pm","DC01.darkzero.htb","darkzero\ella","11","Sysmon","File Created","C:\Users\ella.darkzero\AppData\Local\Temp\__PSScriptPolicyTest_kdjkv5rf.l1e.ps1","","","",""
"16/8/2026, 5:08:27.919435 pm","DC01.darkzero.htb","darkzero\ella","11","Sysmon","File Created","C:\Users\ella.darkzero\AppData\Local\Temp\__PSScriptPolicyTest_atcdtmso.xin.psm1","","","",""
"16/8/2026, 5:08:30.997692 pm","DC01.darkzero.htb","darkzero\ella","11","Sysmon","File Created","C:\Users\ella.darkzero\AppData\Local\Microsoft\Windows\PowerShell\StartupProfileData-NonInteractive","","","",""
"16/8/2026, 5:09:00.25446 pm","DC01.darkzero.htb","DC01$","4672","Security","Privileged Logon","","","SeSecurityPrivilege
			SeBackupPrivilege
			SeRestorePrivilege
			SeTakeOwnershipPrivilege
			SeDebugPrivilege
			SeSystemEnvironmentPrivilege
			SeLoadDriverPrivilege
			SeImpersonatePrivilege
			SeDelegateSessionUserImpersonatePrivilege
			SeEnableDelegationPrivilege","",""
"16/8/2026, 5:09:00.254801 pm","DC01.darkzero.htb","DC01$","4624","Security","Logon","","","","","127.0.0.1"
"16/8/2026, 5:09:27.746062 pm","DC01.darkzero.htb","ella","4768","Security","Kerberos TGT","","","","0x12","::1"
"16/8/2026, 5:09:27.747684 pm","DC01.darkzero.htb","ella@DARKZERO.HTB","4769","Security","Kerberos Service Ticket","","","","0x12","::1"
"16/8/2026, 5:09:27.754603 pm","DC01.darkzero.htb","ella","4624","Security","Logon","","","","","-"
"16/8/2026, 5:09:27.763402 pm","DC01.darkzero.htb","darkzero\ella","1","Sysmon","Process Creation","","","""powershell.exe"" -NoProfile -NoLogo -NonInteractive -ExecutionPolicy Bypass -File ""C:\Users\ella\access_gitea.ps1""","",""
"16/8/2026, 5:09:27.908303 pm","DC01.darkzero.htb","darkzero\ella","11","Sysmon","File Created","C:\Users\ella.darkzero\AppData\Local\Temp\__PSScriptPolicyTest_no5ev00n.knc.ps1","","","",""
"16/8/2026, 5:09:27.909108 pm","DC01.darkzero.htb","darkzero\ella","11","Sysmon","File Created","C:\Users\ella.darkzero\AppData\Local\Temp\__PSScriptPolicyTest_3rlu5xro.vx0.psm1","","","",""
"16/8/2026, 5:09:31.066085 pm","DC01.darkzero.htb","darkzero\ella","11","Sysmon","File Created","C:\Users\ella.darkzero\AppData\Local\Microsoft\Windows\PowerShell\StartupProfileData-NonInteractive","","","",""
"16/8/2026, 5:10:00.275032 pm","DC01.darkzero.htb","DC01$","4672","Security","Privileged Logon","","","SeSecurityPrivilege
			SeBackupPrivilege
			SeRestorePrivilege
			SeTakeOwnershipPrivilege
			SeDebugPrivilege
			SeSystemEnvironmentPrivilege
			SeLoadDriverPrivilege
			SeImpersonatePrivilege
			SeDelegateSessionUserImpersonatePrivilege
			SeEnableDelegationPrivilege","",""
"16/8/2026, 5:10:00.275324 pm","DC01.darkzero.htb","DC01$","4624","Security","Logon","","","","","127.0.0.1"
"16/8/2026, 5:10:15.07305 pm","DC01.darkzero.htb","NT AUTHORITY\SYSTEM","11","Sysmon","File Created","C:\System Volume Information\DFSR\Config\Replica_403BC236-9053-43D0-AAD0-74F0FB6A21A3.XML.TMP","","","",""
"16/8/2026, 5:10:15.078916 pm","DC01.darkzero.htb","NT AUTHORITY\SYSTEM","11","Sysmon","File Created","C:\System Volume Information\DFSR\Config\Volume_57941D7E-1E19-4293-AB21-2231712EE33A.XML.TMP","","","",""
"16/8/2026, 5:10:15.199976 pm","DC01.darkzero.htb","DC01$","4672","Security","Privileged Logon","","","SeSecurityPrivilege
			SeBackupPrivilege
			SeRestorePrivilege
			SeTakeOwnershipPrivilege
			SeDebugPrivilege
			SeSystemEnvironmentPrivilege
			SeLoadDriverPrivilege
			SeImpersonatePrivilege
			SeDelegateSessionUserImpersonatePrivilege
			SeEnableDelegationPrivilege","",""
"16/8/2026, 5:10:15.200209 pm","DC01.darkzero.htb","DC01$","4624","Security","Logon","","","","","172.16.20.1"
"16/8/2026, 5:10:15.332148 pm","DC01.darkzero.htb","DC01$","4672","Security","Privileged Logon","","","SeSecurityPrivilege
			SeBackupPrivilege
			SeRestorePrivilege
			SeTakeOwnershipPrivilege
			SeDebugPrivilege
			SeSystemEnvironmentPrivilege
			SeLoadDriverPrivilege
			SeImpersonatePrivilege
			SeDelegateSessionUserImpersonatePrivilege
			SeEnableDelegationPrivilege","",""
"16/8/2026, 5:10:15.332364 pm","DC01.darkzero.htb","DC01$","4624","Security","Logon","","","","","172.16.20.1"
"16/8/2026, 5:10:27.759226 pm","DC01.darkzero.htb","ella","4768","Security","Kerberos TGT","","","","0x12","::1"
"16/8/2026, 5:10:27.760762 pm","DC01.darkzero.htb","ella@DARKZERO.HTB","4769","Security","Kerberos Service Ticket","","","","0x12","::1"
"16/8/2026, 5:10:27.767269 pm","DC01.darkzero.htb","ella","4624","Security","Logon","","","","","-"
"16/8/2026, 5:10:27.776974 pm","DC01.darkzero.htb","darkzero\ella","1","Sysmon","Process Creation","","","""powershell.exe"" -NoProfile -NoLogo -NonInteractive -ExecutionPolicy Bypass -File ""C:\Users\ella\access_gitea.ps1""","",""
"16/8/2026, 5:10:27.922258 pm","DC01.darkzero.htb","darkzero\ella","11","Sysmon","File Created","C:\Users\ella.darkzero\AppData\Local\Temp\__PSScriptPolicyTest_qlno2nbo.llo.ps1","","","",""
"16/8/2026, 5:10:27.923466 pm","DC01.darkzero.htb","darkzero\ella","11","Sysmon","File Created","C:\Users\ella.darkzero\AppData\Local\Temp\__PSScriptPolicyTest_bhik2lx3.lle.psm1","","","",""
"16/8/2026, 5:10:31.05769 pm","DC01.darkzero.htb","darkzero\ella","11","Sysmon","File Created","C:\Users\ella.darkzero\AppData\Local\Microsoft\Windows\PowerShell\StartupProfileData-NonInteractive","","","",""
"16/8/2026, 5:10:33.295614 pm","DC01.darkzero.htb","DC01$","4672","Security","Privileged Logon","","","SeSecurityPrivilege
			SeBackupPrivilege
			SeRestorePrivilege
			SeTakeOwnershipPrivilege
			SeDebugPrivilege
			SeSystemEnvironmentPrivilege
			SeLoadDriverPrivilege
			SeImpersonatePrivilege
			SeDelegateSessionUserImpersonatePrivilege
			SeEnableDelegationPrivilege","",""
"16/8/2026, 5:10:33.295791 pm","DC01.darkzero.htb","DC01$","4624","Security","Logon","","","","","172.16.20.1"
"16/8/2026, 5:10:33.304311 pm","DC01.darkzero.htb","DC01$","4672","Security","Privileged Logon","","","SeSecurityPrivilege
			SeBackupPrivilege
			SeRestorePrivilege
			SeTakeOwnershipPrivilege
			SeDebugPrivilege
			SeSystemEnvironmentPrivilege
			SeLoadDriverPrivilege
			SeImpersonatePrivilege
			SeDelegateSessionUserImpersonatePrivilege
			SeEnableDelegationPrivilege","",""
"16/8/2026, 5:10:33.30454 pm","DC01.darkzero.htb","DC01$","4624","Security","Logon","","","","","::1"
"16/8/2026, 5:10:33.314267 pm","DC01.darkzero.htb","DC01$","4672","Security","Privileged Logon","","","SeSecurityPrivilege
			SeBackupPrivilege
			SeRestorePrivilege
			SeTakeOwnershipPrivilege
			SeDebugPrivilege
			SeSystemEnvironmentPrivilege
			SeLoadDriverPrivilege
			SeImpersonatePrivilege
			SeDelegateSessionUserImpersonatePrivilege
			SeEnableDelegationPrivilege","",""
"16/8/2026, 5:10:33.314421 pm","DC01.darkzero.htb","DC01$","4624","Security","Logon","","","","","::1"
"16/8/2026, 5:10:33.321582 pm","DC01.darkzero.htb","DC01$","4672","Security","Privileged Logon","","","SeSecurityPrivilege
			SeBackupPrivilege
			SeRestorePrivilege
			SeTakeOwnershipPrivilege
			SeDebugPrivilege
			SeSystemEnvironmentPrivilege
			SeLoadDriverPrivilege
			SeImpersonatePrivilege
			SeDelegateSessionUserImpersonatePrivilege
			SeEnableDelegationPrivilege","",""
"16/8/2026, 5:10:33.321791 pm","DC01.darkzero.htb","DC01$","4624","Security","Logon","","","","","10.129.28.204"
"16/8/2026, 5:10:33.342862 pm","DC01.darkzero.htb","DC01$","4672","Security","Privileged Logon","","","SeSecurityPrivilege
			SeBackupPrivilege
			SeRestorePrivilege
			SeTakeOwnershipPrivilege
			SeDebugPrivilege
			SeSystemEnvironmentPrivilege
			SeLoadDriverPrivilege
			SeImpersonatePrivilege
			SeDelegateSessionUserImpersonatePrivilege
			SeEnableDelegationPrivilege","",""
"16/8/2026, 5:10:33.343024 pm","DC01.darkzero.htb","DC01$","4624","Security","Logon","","","","","::1"
"16/8/2026, 5:11:00.269674 pm","DC01.darkzero.htb","DC01$","4672","Security","Privileged Logon","","","SeSecurityPrivilege
			SeBackupPrivilege
			SeRestorePrivilege
			SeTakeOwnershipPrivilege
			SeDebugPrivilege
			SeSystemEnvironmentPrivilege
			SeLoadDriverPrivilege
			SeImpersonatePrivilege
			SeDelegateSessionUserImpersonatePrivilege
			SeEnableDelegationPrivilege","",""
"16/8/2026, 5:11:00.269858 pm","DC01.darkzero.htb","DC01$","4624","Security","Logon","","","","","127.0.0.1"
"16/8/2026, 5:11:27.759484 pm","DC01.darkzero.htb","ella","4768","Security","Kerberos TGT","","","","0x12","::1"
"16/8/2026, 5:11:27.760978 pm","DC01.darkzero.htb","ella@DARKZERO.HTB","4769","Security","Kerberos Service Ticket","","","","0x12","::1"
"16/8/2026, 5:11:27.767366 pm","DC01.darkzero.htb","ella","4624","Security","Logon","","","","","-"
"16/8/2026, 5:11:27.776441 pm","DC01.darkzero.htb","darkzero\ella","1","Sysmon","Process Creation","","","""powershell.exe"" -NoProfile -NoLogo -NonInteractive -ExecutionPolicy Bypass -File ""C:\Users\ella\access_gitea.ps1""","",""
"16/8/2026, 5:11:27.925642 pm","DC01.darkzero.htb","darkzero\ella","11","Sysmon","File Created","C:\Users\ella.darkzero\AppData\Local\Temp\__PSScriptPolicyTest_4f50dvgb.zxl.ps1","","","",""
"16/8/2026, 5:11:27.925756 pm","DC01.darkzero.htb","darkzero\ella","11","Sysmon","File Created","C:\Users\ella.darkzero\AppData\Local\Temp\__PSScriptPolicyTest_kfauk4dp.2jq.psm1","","","",""
"16/8/2026, 5:11:31.04509 pm","DC01.darkzero.htb","darkzero\ella","11","Sysmon","File Created","C:\Users\ella.darkzero\AppData\Local\Microsoft\Windows\PowerShell\StartupProfileData-NonInteractive","","","",""
"16/8/2026, 5:12:00.29424 pm","DC01.darkzero.htb","DC01$","4672","Security","Privileged Logon","","","SeSecurityPrivilege
			SeBackupPrivilege
			SeRestorePrivilege
			SeTakeOwnershipPrivilege
			SeDebugPrivilege
			SeSystemEnvironmentPrivilege
			SeLoadDriverPrivilege
			SeImpersonatePrivilege
			SeDelegateSessionUserImpersonatePrivilege
			SeEnableDelegationPrivilege","",""
"16/8/2026, 5:12:00.294407 pm","DC01.darkzero.htb","DC01$","4624","Security","Logon","","","","","127.0.0.1"
"16/8/2026, 5:12:27.75957 pm","DC01.darkzero.htb","ella","4768","Security","Kerberos TGT","","","","0x12","::1"
"16/8/2026, 5:12:27.761117 pm","DC01.darkzero.htb","ella@DARKZERO.HTB","4769","Security","Kerberos Service Ticket","","","","0x12","::1"
"16/8/2026, 5:12:27.767696 pm","DC01.darkzero.htb","ella","4624","Security","Logon","","","","","-"
"16/8/2026, 5:12:27.777166 pm","DC01.darkzero.htb","darkzero\ella","1","Sysmon","Process Creation","","","""powershell.exe"" -NoProfile -NoLogo -NonInteractive -ExecutionPolicy Bypass -File ""C:\Users\ella\access_gitea.ps1""","",""
"16/8/2026, 5:12:27.925732 pm","DC01.darkzero.htb","darkzero\ella","11","Sysmon","File Created","C:\Users\ella.darkzero\AppData\Local\Temp\__PSScriptPolicyTest_xbzoczwv.x1r.ps1","","","",""
"16/8/2026, 5:12:27.92697 pm","DC01.darkzero.htb","darkzero\ella","11","Sysmon","File Created","C:\Users\ella.darkzero\AppData\Local\Temp\__PSScriptPolicyTest_zzd2nimr.qwt.psm1","","","",""
"16/8/2026, 5:12:31.043077 pm","DC01.darkzero.htb","darkzero\ella","11","Sysmon","File Created","C:\Users\ella.darkzero\AppData\Local\Microsoft\Windows\PowerShell\StartupProfileData-NonInteractive","","","",""
"16/8/2026, 5:13:00.299822 pm","DC01.darkzero.htb","DC01$","4672","Security","Privileged Logon","","","SeSecurityPrivilege
			SeBackupPrivilege
			SeRestorePrivilege
			SeTakeOwnershipPrivilege
			SeDebugPrivilege
			SeSystemEnvironmentPrivilege
			SeLoadDriverPrivilege
			SeImpersonatePrivilege
			SeDelegateSessionUserImpersonatePrivilege
			SeEnableDelegationPrivilege","",""
"16/8/2026, 5:13:00.300013 pm","DC01.darkzero.htb","DC01$","4624","Security","Logon","","","","","127.0.0.1"
"16/8/2026, 5:13:27.776177 pm","DC01.darkzero.htb","ella","4768","Security","Kerberos TGT","","","","0x12","::1"
"16/8/2026, 5:13:27.777954 pm","DC01.darkzero.htb","ella@DARKZERO.HTB","4769","Security","Kerberos Service Ticket","","","","0x12","::1"
"16/8/2026, 5:13:27.785241 pm","DC01.darkzero.htb","ella","4624","Security","Logon","","","","","-"
"16/8/2026, 5:13:27.794493 pm","DC01.darkzero.htb","darkzero\ella","1","Sysmon","Process Creation","","","""powershell.exe"" -NoProfile -NoLogo -NonInteractive -ExecutionPolicy Bypass -File ""C:\Users\ella\access_gitea.ps1""","",""
"16/8/2026, 5:13:27.950977 pm","DC01.darkzero.htb","darkzero\ella","11","Sysmon","File Created","C:\Users\ella.darkzero\AppData\Local\Temp\__PSScriptPolicyTest_fnx3gvpm.i33.ps1","","","",""
"16/8/2026, 5:13:27.951889 pm","DC01.darkzero.htb","darkzero\ella","11","Sysmon","File Created","C:\Users\ella.darkzero\AppData\Local\Temp\__PSScriptPolicyTest_vcmdrmft.i5d.psm1","","","",""
"16/8/2026, 5:13:31.036435 pm","DC01.darkzero.htb","darkzero\ella","11","Sysmon","File Created","C:\Users\ella.darkzero\AppData\Local\Microsoft\Windows\PowerShell\StartupProfileData-NonInteractive","","","",""
"16/8/2026, 5:14:00.30522 pm","DC01.darkzero.htb","DC01$","4672","Security","Privileged Logon","","","SeSecurityPrivilege
			SeBackupPrivilege
			SeRestorePrivilege
			SeTakeOwnershipPrivilege
			SeDebugPrivilege
			SeSystemEnvironmentPrivilege
			SeLoadDriverPrivilege
			SeImpersonatePrivilege
			SeDelegateSessionUserImpersonatePrivilege
			SeEnableDelegationPrivilege","",""
"16/8/2026, 5:14:00.305761 pm","DC01.darkzero.htb","DC01$","4624","Security","Logon","","","","","127.0.0.1"
"16/8/2026, 5:14:27.779368 pm","DC01.darkzero.htb","ella","4768","Security","Kerberos TGT","","","","0x12","::1"
"16/8/2026, 5:14:27.781043 pm","DC01.darkzero.htb","ella@DARKZERO.HTB","4769","Security","Kerberos Service Ticket","","","","0x12","::1"
"16/8/2026, 5:14:27.787246 pm","DC01.darkzero.htb","ella","4624","Security","Logon","","","","","-"
"16/8/2026, 5:14:27.796973 pm","DC01.darkzero.htb","darkzero\ella","1","Sysmon","Process Creation","","","""powershell.exe"" -NoProfile -NoLogo -NonInteractive -ExecutionPolicy Bypass -File ""C:\Users\ella\access_gitea.ps1""","",""
"16/8/2026, 5:14:27.95172 pm","DC01.darkzero.htb","darkzero\ella","11","Sysmon","File Created","C:\Users\ella.darkzero\AppData\Local\Temp\__PSScriptPolicyTest_z0tojhcp.gwo.ps1","","","",""
"16/8/2026, 5:14:27.952829 pm","DC01.darkzero.htb","darkzero\ella","11","Sysmon","File Created","C:\Users\ella.darkzero\AppData\Local\Temp\__PSScriptPolicyTest_atbqhxs2.lti.psm1","","","",""
"16/8/2026, 5:14:31.121277 pm","DC01.darkzero.htb","darkzero\ella","11","Sysmon","File Created","C:\Users\ella.darkzero\AppData\Local\Microsoft\Windows\PowerShell\StartupProfileData-NonInteractive","","","",""
"16/8/2026, 5:15:00.329649 pm","DC01.darkzero.htb","DC01$","4672","Security","Privileged Logon","","","SeSecurityPrivilege
			SeBackupPrivilege
			SeRestorePrivilege
			SeTakeOwnershipPrivilege
			SeDebugPrivilege
			SeSystemEnvironmentPrivilege
			SeLoadDriverPrivilege
			SeImpersonatePrivilege
			SeDelegateSessionUserImpersonatePrivilege
			SeEnableDelegationPrivilege","",""
"16/8/2026, 5:15:00.32986 pm","DC01.darkzero.htb","DC01$","4624","Security","Logon","","","","","127.0.0.1"
"16/8/2026, 5:15:15.513763 pm","DC01.darkzero.htb","NT AUTHORITY\SYSTEM","11","Sysmon","File Created","C:\System Volume Information\DFSR\Config\Replica_403BC236-9053-43D0-AAD0-74F0FB6A21A3.XML.TMP","","","",""
"16/8/2026, 5:15:15.518273 pm","DC01.darkzero.htb","NT AUTHORITY\SYSTEM","11","Sysmon","File Created","C:\System Volume Information\DFSR\Config\Volume_57941D7E-1E19-4293-AB21-2231712EE33A.XML.TMP","","","",""
"16/8/2026, 5:15:15.624441 pm","DC01.darkzero.htb","DC01$","4672","Security","Privileged Logon","","","SeSecurityPrivilege
			SeBackupPrivilege
			SeRestorePrivilege
			SeTakeOwnershipPrivilege
			SeDebugPrivilege
			SeSystemEnvironmentPrivilege
			SeLoadDriverPrivilege
			SeImpersonatePrivilege
			SeDelegateSessionUserImpersonatePrivilege
			SeEnableDelegationPrivilege","",""
"16/8/2026, 5:15:15.624618 pm","DC01.darkzero.htb","DC01$","4624","Security","Logon","","","","","172.16.20.1"
"16/8/2026, 5:15:15.747967 pm","DC01.darkzero.htb","DC01$","4672","Security","Privileged Logon","","","SeSecurityPrivilege
			SeBackupPrivilege
			SeRestorePrivilege
			SeTakeOwnershipPrivilege
			SeDebugPrivilege
			SeSystemEnvironmentPrivilege
			SeLoadDriverPrivilege
			SeImpersonatePrivilege
			SeDelegateSessionUserImpersonatePrivilege
			SeEnableDelegationPrivilege","",""
"16/8/2026, 5:15:15.748177 pm","DC01.darkzero.htb","DC01$","4624","Security","Logon","","","","","172.16.20.1"
"16/8/2026, 5:15:27.314475 pm","DC01.darkzero.htb","DC01$","4672","Security","Privileged Logon","","","SeSecurityPrivilege
			SeBackupPrivilege
			SeRestorePrivilege
			SeTakeOwnershipPrivilege
			SeDebugPrivilege
			SeSystemEnvironmentPrivilege
			SeLoadDriverPrivilege
			SeImpersonatePrivilege
			SeDelegateSessionUserImpersonatePrivilege
			SeEnableDelegationPrivilege","",""
"16/8/2026, 5:15:27.314781 pm","DC01.darkzero.htb","DC01$","4624","Security","Logon","","","","","::1"
"16/8/2026, 5:15:27.781977 pm","DC01.darkzero.htb","ella","4768","Security","Kerberos TGT","","","","0x12","::1"
"16/8/2026, 5:15:27.783683 pm","DC01.darkzero.htb","ella@DARKZERO.HTB","4769","Security","Kerberos Service Ticket","","","","0x12","::1"
"16/8/2026, 5:15:27.791917 pm","DC01.darkzero.htb","ella","4624","Security","Logon","","","","","-"
"16/8/2026, 5:15:27.801345 pm","DC01.darkzero.htb","darkzero\ella","1","Sysmon","Process Creation","","","""powershell.exe"" -NoProfile -NoLogo -NonInteractive -ExecutionPolicy Bypass -File ""C:\Users\ella\access_gitea.ps1""","",""
"16/8/2026, 5:15:27.959429 pm","DC01.darkzero.htb","darkzero\ella","11","Sysmon","File Created","C:\Users\ella.darkzero\AppData\Local\Temp\__PSScriptPolicyTest_svp0zqr1.w23.ps1","","","",""
"16/8/2026, 5:15:27.960172 pm","DC01.darkzero.htb","darkzero\ella","11","Sysmon","File Created","C:\Users\ella.darkzero\AppData\Local\Temp\__PSScriptPolicyTest_ha41b50t.c42.psm1","","","",""
"16/8/2026, 5:15:31.06231 pm","DC01.darkzero.htb","darkzero\ella","11","Sysmon","File Created","C:\Users\ella.darkzero\AppData\Local\Microsoft\Windows\PowerShell\StartupProfileData-NonInteractive","","","",""
"16/8/2026, 5:15:33.478103 pm","DC01.darkzero.htb","DC01$","4672","Security","Privileged Logon","","","SeSecurityPrivilege
			SeBackupPrivilege
			SeRestorePrivilege
			SeTakeOwnershipPrivilege
			SeDebugPrivilege
			SeSystemEnvironmentPrivilege
			SeLoadDriverPrivilege
			SeImpersonatePrivilege
			SeDelegateSessionUserImpersonatePrivilege
			SeEnableDelegationPrivilege","",""
"16/8/2026, 5:15:33.478303 pm","DC01.darkzero.htb","DC01$","4624","Security","Logon","","","","","172.16.20.1"
"16/8/2026, 5:15:33.488573 pm","DC01.darkzero.htb","DC01$","4672","Security","Privileged Logon","","","SeSecurityPrivilege
			SeBackupPrivilege
			SeRestorePrivilege
			SeTakeOwnershipPrivilege
			SeDebugPrivilege
			SeSystemEnvironmentPrivilege
			SeLoadDriverPrivilege
			SeImpersonatePrivilege
			SeDelegateSessionUserImpersonatePrivilege
			SeEnableDelegationPrivilege","",""
"16/8/2026, 5:15:33.488799 pm","DC01.darkzero.htb","DC01$","4624","Security","Logon","","","","","::1"
"16/8/2026, 5:15:33.500373 pm","DC01.darkzero.htb","DC01$","4672","Security","Privileged Logon","","","SeSecurityPrivilege
			SeBackupPrivilege
			SeRestorePrivilege
			SeTakeOwnershipPrivilege
			SeDebugPrivilege
			SeSystemEnvironmentPrivilege
			SeLoadDriverPrivilege
			SeImpersonatePrivilege
			SeDelegateSessionUserImpersonatePrivilege
			SeEnableDelegationPrivilege","",""
"16/8/2026, 5:15:33.500585 pm","DC01.darkzero.htb","DC01$","4624","Security","Logon","","","","","::1"
"16/8/2026, 5:15:33.508468 pm","DC01.darkzero.htb","DC01$","4672","Security","Privileged Logon","","","SeSecurityPrivilege
			SeBackupPrivilege
			SeRestorePrivilege
			SeTakeOwnershipPrivilege
			SeDebugPrivilege
			SeSystemEnvironmentPrivilege
			SeLoadDriverPrivilege
			SeImpersonatePrivilege
			SeDelegateSessionUserImpersonatePrivilege
			SeEnableDelegationPrivilege","",""
"16/8/2026, 5:15:33.508633 pm","DC01.darkzero.htb","DC01$","4624","Security","Logon","","","","","10.129.28.204"
"16/8/2026, 5:15:33.528355 pm","DC01.darkzero.htb","DC01$","4672","Security","Privileged Logon","","","SeSecurityPrivilege
			SeBackupPrivilege
			SeRestorePrivilege
			SeTakeOwnershipPrivilege
			SeDebugPrivilege
			SeSystemEnvironmentPrivilege
			SeLoadDriverPrivilege
			SeImpersonatePrivilege
			SeDelegateSessionUserImpersonatePrivilege
			SeEnableDelegationPrivilege","",""
"16/8/2026, 5:15:33.528542 pm","DC01.darkzero.htb","DC01$","4624","Security","Logon","","","","","::1"
"16/8/2026, 5:16:00.340448 pm","DC01.darkzero.htb","DC01$","4672","Security","Privileged Logon","","","SeSecurityPrivilege
			SeBackupPrivilege
			SeRestorePrivilege
			SeTakeOwnershipPrivilege
			SeDebugPrivilege
			SeSystemEnvironmentPrivilege
			SeLoadDriverPrivilege
			SeImpersonatePrivilege
			SeDelegateSessionUserImpersonatePrivilege
			SeEnableDelegationPrivilege","",""
"16/8/2026, 5:16:00.340659 pm","DC01.darkzero.htb","DC01$","4624","Security","Logon","","","","","127.0.0.1"
"16/8/2026, 5:16:27.793785 pm","DC01.darkzero.htb","ella","4768","Security","Kerberos TGT","","","","0x12","::1"
"16/8/2026, 5:16:27.795688 pm","DC01.darkzero.htb","ella@DARKZERO.HTB","4769","Security","Kerberos Service Ticket","","","","0x12","::1"
"16/8/2026, 5:16:27.803097 pm","DC01.darkzero.htb","ella","4624","Security","Logon","","","","","-"
"16/8/2026, 5:16:27.813626 pm","DC01.darkzero.htb","darkzero\ella","1","Sysmon","Process Creation","","","""powershell.exe"" -NoProfile -NoLogo -NonInteractive -ExecutionPolicy Bypass -File ""C:\Users\ella\access_gitea.ps1""","",""
"16/8/2026, 5:16:27.970705 pm","DC01.darkzero.htb","darkzero\ella","11","Sysmon","File Created","C:\Users\ella.darkzero\AppData\Local\Temp\__PSScriptPolicyTest_5fpfu5fd.0yj.ps1","","","",""
"16/8/2026, 5:16:27.971706 pm","DC01.darkzero.htb","darkzero\ella","11","Sysmon","File Created","C:\Users\ella.darkzero\AppData\Local\Temp\__PSScriptPolicyTest_1ffeqomb.ar5.psm1","","","",""
"16/8/2026, 5:16:31.149387 pm","DC01.darkzero.htb","darkzero\ella","11","Sysmon","File Created","C:\Users\ella.darkzero\AppData\Local\Microsoft\Windows\PowerShell\StartupProfileData-NonInteractive","","","",""
"16/8/2026, 5:17:00.341155 pm","DC01.darkzero.htb","DC01$","4672","Security","Privileged Logon","","","SeSecurityPrivilege
			SeBackupPrivilege
			SeRestorePrivilege
			SeTakeOwnershipPrivilege
			SeDebugPrivilege
			SeSystemEnvironmentPrivilege
			SeLoadDriverPrivilege
			SeImpersonatePrivilege
			SeDelegateSessionUserImpersonatePrivilege
			SeEnableDelegationPrivilege","",""
"16/8/2026, 5:17:00.341339 pm","DC01.darkzero.htb","DC01$","4624","Security","Logon","","","","","127.0.0.1"
"16/8/2026, 5:17:27.809184 pm","DC01.darkzero.htb","ella","4768","Security","Kerberos TGT","","","","0x12","::1"
"16/8/2026, 5:17:27.811206 pm","DC01.darkzero.htb","ella@DARKZERO.HTB","4769","Security","Kerberos Service Ticket","","","","0x12","::1"
"16/8/2026, 5:17:27.818834 pm","DC01.darkzero.htb","ella","4624","Security","Logon","","","","","-"
"16/8/2026, 5:17:27.829368 pm","DC01.darkzero.htb","darkzero\ella","1","Sysmon","Process Creation","","","""powershell.exe"" -NoProfile -NoLogo -NonInteractive -ExecutionPolicy Bypass -File ""C:\Users\ella\access_gitea.ps1""","",""
"16/8/2026, 5:17:27.980749 pm","DC01.darkzero.htb","darkzero\ella","11","Sysmon","File Created","C:\Users\ella.darkzero\AppData\Local\Temp\__PSScriptPolicyTest_c4xsqu5m.tlh.ps1","","","",""
"16/8/2026, 5:17:27.981929 pm","DC01.darkzero.htb","darkzero\ella","11","Sysmon","File Created","C:\Users\ella.darkzero\AppData\Local\Temp\__PSScriptPolicyTest_xxm23ppe.ptr.psm1","","","",""
"16/8/2026, 5:17:31.132202 pm","DC01.darkzero.htb","darkzero\ella","11","Sysmon","File Created","C:\Users\ella.darkzero\AppData\Local\Microsoft\Windows\PowerShell\StartupProfileData-NonInteractive","","","",""
"16/8/2026, 5:18:00.349901 pm","DC01.darkzero.htb","DC01$","4672","Security","Privileged Logon","","","SeSecurityPrivilege
			SeBackupPrivilege
			SeRestorePrivilege
			SeTakeOwnershipPrivilege
			SeDebugPrivilege
			SeSystemEnvironmentPrivilege
			SeLoadDriverPrivilege
			SeImpersonatePrivilege
			SeDelegateSessionUserImpersonatePrivilege
			SeEnableDelegationPrivilege","",""
"16/8/2026, 5:18:00.350095 pm","DC01.darkzero.htb","DC01$","4624","Security","Logon","","","","","127.0.0.1"
"16/8/2026, 5:18:27.823674 pm","DC01.darkzero.htb","ella","4768","Security","Kerberos TGT","","","","0x12","::1"
"16/8/2026, 5:18:27.82543 pm","DC01.darkzero.htb","ella@DARKZERO.HTB","4769","Security","Kerberos Service Ticket","","","","0x12","::1"
"16/8/2026, 5:18:27.832271 pm","DC01.darkzero.htb","ella","4624","Security","Logon","","","","","-"
"16/8/2026, 5:18:27.842356 pm","DC01.darkzero.htb","darkzero\ella","1","Sysmon","Process Creation","","","""powershell.exe"" -NoProfile -NoLogo -NonInteractive -ExecutionPolicy Bypass -File ""C:\Users\ella\access_gitea.ps1""","",""
"16/8/2026, 5:18:27.985626 pm","DC01.darkzero.htb","darkzero\ella","11","Sysmon","File Created","C:\Users\ella.darkzero\AppData\Local\Temp\__PSScriptPolicyTest_hmeveile.hex.ps1","","","",""
"16/8/2026, 5:18:27.986275 pm","DC01.darkzero.htb","darkzero\ella","11","Sysmon","File Created","C:\Users\ella.darkzero\AppData\Local\Temp\__PSScriptPolicyTest_gbazgjky.e3j.psm1","","","",""
"16/8/2026, 5:18:31.15579 pm","DC01.darkzero.htb","darkzero\ella","11","Sysmon","File Created","C:\Users\ella.darkzero\AppData\Local\Microsoft\Windows\PowerShell\StartupProfileData-NonInteractive","","","",""
"16/8/2026, 5:19:00.355556 pm","DC01.darkzero.htb","DC01$","4672","Security","Privileged Logon","","","SeSecurityPrivilege
			SeBackupPrivilege
			SeRestorePrivilege
			SeTakeOwnershipPrivilege
			SeDebugPrivilege
			SeSystemEnvironmentPrivilege
			SeLoadDriverPrivilege
			SeImpersonatePrivilege
			SeDelegateSessionUserImpersonatePrivilege
			SeEnableDelegationPrivilege","",""
"16/8/2026, 5:19:00.355821 pm","DC01.darkzero.htb","DC01$","4624","Security","Logon","","","","","127.0.0.1"
"16/8/2026, 5:19:27.829816 pm","DC01.darkzero.htb","ella","4768","Security","Kerberos TGT","","","","0x12","::1"
"16/8/2026, 5:19:27.831498 pm","DC01.darkzero.htb","ella@DARKZERO.HTB","4769","Security","Kerberos Service Ticket","","","","0x12","::1"
"16/8/2026, 5:19:27.838133 pm","DC01.darkzero.htb","ella","4624","Security","Logon","","","","","-"
"16/8/2026, 5:19:27.847878 pm","DC01.darkzero.htb","darkzero\ella","1","Sysmon","Process Creation","","","""powershell.exe"" -NoProfile -NoLogo -NonInteractive -ExecutionPolicy Bypass -File ""C:\Users\ella\access_gitea.ps1""","",""
"16/8/2026, 5:19:27.998051 pm","DC01.darkzero.htb","darkzero\ella","11","Sysmon","File Created","C:\Users\ella.darkzero\AppData\Local\Temp\__PSScriptPolicyTest_uzhzqhd3.fal.ps1","","","",""
"16/8/2026, 5:19:27.998679 pm","DC01.darkzero.htb","darkzero\ella","11","Sysmon","File Created","C:\Users\ella.darkzero\AppData\Local\Temp\__PSScriptPolicyTest_ik420b44.t33.psm1","","","",""
"16/8/2026, 5:19:31.125437 pm","DC01.darkzero.htb","darkzero\ella","11","Sysmon","File Created","C:\Users\ella.darkzero\AppData\Local\Microsoft\Windows\PowerShell\StartupProfileData-NonInteractive","","","",""
"16/8/2026, 5:20:00.364764 pm","DC01.darkzero.htb","DC01$","4672","Security","Privileged Logon","","","SeSecurityPrivilege
			SeBackupPrivilege
			SeRestorePrivilege
			SeTakeOwnershipPrivilege
			SeDebugPrivilege
			SeSystemEnvironmentPrivilege
			SeLoadDriverPrivilege
			SeImpersonatePrivilege
			SeDelegateSessionUserImpersonatePrivilege
			SeEnableDelegationPrivilege","",""
"16/8/2026, 5:20:00.364963 pm","DC01.darkzero.htb","DC01$","4624","Security","Logon","","","","","127.0.0.1"
"16/8/2026, 5:20:15.982009 pm","DC01.darkzero.htb","NT AUTHORITY\SYSTEM","11","Sysmon","File Created","C:\System Volume Information\DFSR\Config\Replica_403BC236-9053-43D0-AAD0-74F0FB6A21A3.XML.TMP","","","",""
"16/8/2026, 5:20:15.986984 pm","DC01.darkzero.htb","NT AUTHORITY\SYSTEM","11","Sysmon","File Created","C:\System Volume Information\DFSR\Config\Volume_57941D7E-1E19-4293-AB21-2231712EE33A.XML.TMP","","","",""
"16/8/2026, 5:20:16.103112 pm","DC01.darkzero.htb","DC01$","4672","Security","Privileged Logon","","","SeSecurityPrivilege
			SeBackupPrivilege
			SeRestorePrivilege
			SeTakeOwnershipPrivilege
			SeDebugPrivilege
			SeSystemEnvironmentPrivilege
			SeLoadDriverPrivilege
			SeImpersonatePrivilege
			SeDelegateSessionUserImpersonatePrivilege
			SeEnableDelegationPrivilege","",""
"16/8/2026, 5:20:16.103283 pm","DC01.darkzero.htb","DC01$","4624","Security","Logon","","","","","172.16.20.1"
"16/8/2026, 5:20:16.229158 pm","DC01.darkzero.htb","DC01$","4672","Security","Privileged Logon","","","SeSecurityPrivilege
			SeBackupPrivilege
			SeRestorePrivilege
			SeTakeOwnershipPrivilege
			SeDebugPrivilege
			SeSystemEnvironmentPrivilege
			SeLoadDriverPrivilege
			SeImpersonatePrivilege
			SeDelegateSessionUserImpersonatePrivilege
			SeEnableDelegationPrivilege","",""
"16/8/2026, 5:20:16.229365 pm","DC01.darkzero.htb","DC01$","4624","Security","Logon","","","","","172.16.20.1"
"16/8/2026, 5:20:27.843668 pm","DC01.darkzero.htb","ella","4768","Security","Kerberos TGT","","","","0x12","::1"
"16/8/2026, 5:20:27.845595 pm","DC01.darkzero.htb","ella@DARKZERO.HTB","4769","Security","Kerberos Service Ticket","","","","0x12","::1"
"16/8/2026, 5:20:27.851973 pm","DC01.darkzero.htb","ella","4624","Security","Logon","","","","","-"
"16/8/2026, 5:20:27.861112 pm","DC01.darkzero.htb","darkzero\ella","1","Sysmon","Process Creation","","","""powershell.exe"" -NoProfile -NoLogo -NonInteractive -ExecutionPolicy Bypass -File ""C:\Users\ella\access_gitea.ps1""","",""
"16/8/2026, 5:20:28.00078 pm","DC01.darkzero.htb","darkzero\ella","11","Sysmon","File Created","C:\Users\ella.darkzero\AppData\Local\Temp\__PSScriptPolicyTest_u0arrp0m.blc.ps1","","","",""
"16/8/2026, 5:20:28.001084 pm","DC01.darkzero.htb","darkzero\ella","11","Sysmon","File Created","C:\Users\ella.darkzero\AppData\Local\Temp\__PSScriptPolicyTest_5al1z1dk.g1g.psm1","","","",""
"16/8/2026, 5:20:31.12792 pm","DC01.darkzero.htb","darkzero\ella","11","Sysmon","File Created","C:\Users\ella.darkzero\AppData\Local\Microsoft\Windows\PowerShell\StartupProfileData-NonInteractive","","","",""
"16/8/2026, 5:20:33.672161 pm","DC01.darkzero.htb","DC01$","4672","Security","Privileged Logon","","","SeSecurityPrivilege
			SeBackupPrivilege
			SeRestorePrivilege
			SeTakeOwnershipPrivilege
			SeDebugPrivilege
			SeSystemEnvironmentPrivilege
			SeLoadDriverPrivilege
			SeImpersonatePrivilege
			SeDelegateSessionUserImpersonatePrivilege
			SeEnableDelegationPrivilege","",""
"16/8/2026, 5:20:33.672332 pm","DC01.darkzero.htb","DC01$","4624","Security","Logon","","","","","172.16.20.1"
"16/8/2026, 5:20:33.680526 pm","DC01.darkzero.htb","DC01$","4672","Security","Privileged Logon","","","SeSecurityPrivilege
			SeBackupPrivilege
			SeRestorePrivilege
			SeTakeOwnershipPrivilege
			SeDebugPrivilege
			SeSystemEnvironmentPrivilege
			SeLoadDriverPrivilege
			SeImpersonatePrivilege
			SeDelegateSessionUserImpersonatePrivilege
			SeEnableDelegationPrivilege","",""
"16/8/2026, 5:20:33.680794 pm","DC01.darkzero.htb","DC01$","4624","Security","Logon","","","","","::1"
"16/8/2026, 5:20:33.693667 pm","DC01.darkzero.htb","DC01$","4672","Security","Privileged Logon","","","SeSecurityPrivilege
			SeBackupPrivilege
			SeRestorePrivilege
			SeTakeOwnershipPrivilege
			SeDebugPrivilege
			SeSystemEnvironmentPrivilege
			SeLoadDriverPrivilege
			SeImpersonatePrivilege
			SeDelegateSessionUserImpersonatePrivilege
			SeEnableDelegationPrivilege","",""
"16/8/2026, 5:20:33.693922 pm","DC01.darkzero.htb","DC01$","4624","Security","Logon","","","","","::1"
"16/8/2026, 5:20:33.701675 pm","DC01.darkzero.htb","DC01$","4672","Security","Privileged Logon","","","SeSecurityPrivilege
			SeBackupPrivilege
			SeRestorePrivilege
			SeTakeOwnershipPrivilege
			SeDebugPrivilege
			SeSystemEnvironmentPrivilege
			SeLoadDriverPrivilege
			SeImpersonatePrivilege
			SeDelegateSessionUserImpersonatePrivilege
			SeEnableDelegationPrivilege","",""
"16/8/2026, 5:20:33.701834 pm","DC01.darkzero.htb","DC01$","4624","Security","Logon","","","","","10.129.28.204"
"16/8/2026, 5:20:33.72357 pm","DC01.darkzero.htb","DC01$","4672","Security","Privileged Logon","","","SeSecurityPrivilege
			SeBackupPrivilege
			SeRestorePrivilege
			SeTakeOwnershipPrivilege
			SeDebugPrivilege
			SeSystemEnvironmentPrivilege
			SeLoadDriverPrivilege
			SeImpersonatePrivilege
			SeDelegateSessionUserImpersonatePrivilege
			SeEnableDelegationPrivilege","",""
"16/8/2026, 5:20:33.723733 pm","DC01.darkzero.htb","DC01$","4624","Security","Logon","","","","","::1"
"16/8/2026, 5:21:00.364471 pm","DC01.darkzero.htb","DC01$","4672","Security","Privileged Logon","","","SeSecurityPrivilege
			SeBackupPrivilege
			SeRestorePrivilege
			SeTakeOwnershipPrivilege
			SeDebugPrivilege
			SeSystemEnvironmentPrivilege
			SeLoadDriverPrivilege
			SeImpersonatePrivilege
			SeDelegateSessionUserImpersonatePrivilege
			SeEnableDelegationPrivilege","",""
"16/8/2026, 5:21:00.36466 pm","DC01.darkzero.htb","DC01$","4624","Security","Logon","","","","","127.0.0.1"
"16/8/2026, 5:21:27.847785 pm","DC01.darkzero.htb","ella","4768","Security","Kerberos TGT","","","","0x12","::1"
"16/8/2026, 5:21:27.849321 pm","DC01.darkzero.htb","ella@DARKZERO.HTB","4769","Security","Kerberos Service Ticket","","","","0x12","::1"
"16/8/2026, 5:21:27.855802 pm","DC01.darkzero.htb","ella","4624","Security","Logon","","","","","-"
"16/8/2026, 5:21:27.86478 pm","DC01.darkzero.htb","darkzero\ella","1","Sysmon","Process Creation","","","""powershell.exe"" -NoProfile -NoLogo -NonInteractive -ExecutionPolicy Bypass -File ""C:\Users\ella\access_gitea.ps1""","",""
"16/8/2026, 5:21:28.012668 pm","DC01.darkzero.htb","darkzero\ella","11","Sysmon","File Created","C:\Users\ella.darkzero\AppData\Local\Temp\__PSScriptPolicyTest_qo0j4iny.afg.ps1","","","",""
"16/8/2026, 5:21:28.013041 pm","DC01.darkzero.htb","darkzero\ella","11","Sysmon","File Created","C:\Users\ella.darkzero\AppData\Local\Temp\__PSScriptPolicyTest_t0vwsuw5.d5j.psm1","","","",""
"16/8/2026, 5:21:31.174022 pm","DC01.darkzero.htb","darkzero\ella","11","Sysmon","File Created","C:\Users\ella.darkzero\AppData\Local\Microsoft\Windows\PowerShell\StartupProfileData-NonInteractive","","","",""
"16/8/2026, 5:22:00.383665 pm","DC01.darkzero.htb","DC01$","4672","Security","Privileged Logon","","","SeSecurityPrivilege
			SeBackupPrivilege
			SeRestorePrivilege
			SeTakeOwnershipPrivilege
			SeDebugPrivilege
			SeSystemEnvironmentPrivilege
			SeLoadDriverPrivilege
			SeImpersonatePrivilege
			SeDelegateSessionUserImpersonatePrivilege
			SeEnableDelegationPrivilege","",""
"16/8/2026, 5:22:00.383828 pm","DC01.darkzero.htb","DC01$","4624","Security","Logon","","","","","127.0.0.1"
"16/8/2026, 5:22:27.849656 pm","DC01.darkzero.htb","ella","4768","Security","Kerberos TGT","","","","0x12","::1"
"16/8/2026, 5:22:27.85164 pm","DC01.darkzero.htb","ella@DARKZERO.HTB","4769","Security","Kerberos Service Ticket","","","","0x12","::1"
"16/8/2026, 5:22:27.858821 pm","DC01.darkzero.htb","ella","4624","Security","Logon","","","","","-"
"16/8/2026, 5:22:27.868563 pm","DC01.darkzero.htb","darkzero\ella","1","Sysmon","Process Creation","","","""powershell.exe"" -NoProfile -NoLogo -NonInteractive -ExecutionPolicy Bypass -File ""C:\Users\ella\access_gitea.ps1""","",""
"16/8/2026, 5:22:28.022907 pm","DC01.darkzero.htb","darkzero\ella","11","Sysmon","File Created","C:\Users\ella.darkzero\AppData\Local\Temp\__PSScriptPolicyTest_vw5in01m.pyo.ps1","","","",""
"16/8/2026, 5:22:28.023333 pm","DC01.darkzero.htb","darkzero\ella","11","Sysmon","File Created","C:\Users\ella.darkzero\AppData\Local\Temp\__PSScriptPolicyTest_oftzhj0u.xo1.psm1","","","",""
"16/8/2026, 5:22:31.126644 pm","DC01.darkzero.htb","darkzero\ella","11","Sysmon","File Created","C:\Users\ella.darkzero\AppData\Local\Microsoft\Windows\PowerShell\StartupProfileData-NonInteractive","","","",""
"16/8/2026, 5:23:00.399788 pm","DC01.darkzero.htb","DC01$","4672","Security","Privileged Logon","","","SeSecurityPrivilege
			SeBackupPrivilege
			SeRestorePrivilege
			SeTakeOwnershipPrivilege
			SeDebugPrivilege
			SeSystemEnvironmentPrivilege
			SeLoadDriverPrivilege
			SeImpersonatePrivilege
			SeDelegateSessionUserImpersonatePrivilege
			SeEnableDelegationPrivilege","",""
"16/8/2026, 5:23:00.400048 pm","DC01.darkzero.htb","DC01$","4624","Security","Logon","","","","","127.0.0.1"
"16/8/2026, 5:23:27.848058 pm","DC01.darkzero.htb","ella","4768","Security","Kerberos TGT","","","","0x12","::1"
"16/8/2026, 5:23:27.849602 pm","DC01.darkzero.htb","ella@DARKZERO.HTB","4769","Security","Kerberos Service Ticket","","","","0x12","::1"
"16/8/2026, 5:23:27.856533 pm","DC01.darkzero.htb","ella","4624","Security","Logon","","","","","-"
"16/8/2026, 5:23:27.866254 pm","DC01.darkzero.htb","darkzero\ella","1","Sysmon","Process Creation","","","""powershell.exe"" -NoProfile -NoLogo -NonInteractive -ExecutionPolicy Bypass -File ""C:\Users\ella\access_gitea.ps1""","",""
"16/8/2026, 5:23:28.009663 pm","DC01.darkzero.htb","darkzero\ella","11","Sysmon","File Created","C:\Users\ella.darkzero\AppData\Local\Temp\__PSScriptPolicyTest_03yn1vkf.5ur.ps1","","","",""
"16/8/2026, 5:23:28.010174 pm","DC01.darkzero.htb","darkzero\ella","11","Sysmon","File Created","C:\Users\ella.darkzero\AppData\Local\Temp\__PSScriptPolicyTest_frqcggsu.zob.psm1","","","",""
"16/8/2026, 5:23:31.123459 pm","DC01.darkzero.htb","darkzero\ella","11","Sysmon","File Created","C:\Users\ella.darkzero\AppData\Local\Microsoft\Windows\PowerShell\StartupProfileData-NonInteractive","","","",""
"16/8/2026, 5:24:00.404055 pm","DC01.darkzero.htb","DC01$","4672","Security","Privileged Logon","","","SeSecurityPrivilege
			SeBackupPrivilege
			SeRestorePrivilege
			SeTakeOwnershipPrivilege
			SeDebugPrivilege
			SeSystemEnvironmentPrivilege
			SeLoadDriverPrivilege
			SeImpersonatePrivilege
			SeDelegateSessionUserImpersonatePrivilege
			SeEnableDelegationPrivilege","",""
"16/8/2026, 5:24:00.404298 pm","DC01.darkzero.htb","DC01$","4624","Security","Logon","","","","","127.0.0.1"
"16/8/2026, 5:24:27.852736 pm","DC01.darkzero.htb","ella","4768","Security","Kerberos TGT","","","","0x12","::1"
"16/8/2026, 5:24:27.854514 pm","DC01.darkzero.htb","ella@DARKZERO.HTB","4769","Security","Kerberos Service Ticket","","","","0x12","::1"
"16/8/2026, 5:24:27.861217 pm","DC01.darkzero.htb","ella","4624","Security","Logon","","","","","-"
"16/8/2026, 5:24:27.870642 pm","DC01.darkzero.htb","darkzero\ella","1","Sysmon","Process Creation","","","""powershell.exe"" -NoProfile -NoLogo -NonInteractive -ExecutionPolicy Bypass -File ""C:\Users\ella\access_gitea.ps1""","",""
"16/8/2026, 5:24:28.037763 pm","DC01.darkzero.htb","darkzero\ella","11","Sysmon","File Created","C:\Users\ella.darkzero\AppData\Local\Temp\__PSScriptPolicyTest_hx5mht1m.i3q.ps1","","","",""
"16/8/2026, 5:24:28.038955 pm","DC01.darkzero.htb","darkzero\ella","11","Sysmon","File Created","C:\Users\ella.darkzero\AppData\Local\Temp\__PSScriptPolicyTest_vyd1t2o4.t1m.psm1","","","",""
"16/8/2026, 5:24:31.161281 pm","DC01.darkzero.htb","darkzero\ella","11","Sysmon","File Created","C:\Users\ella.darkzero\AppData\Local\Microsoft\Windows\PowerShell\StartupProfileData-NonInteractive","","","",""
"16/8/2026, 5:25:00.40905 pm","DC01.darkzero.htb","DC01$","4672","Security","Privileged Logon","","","SeSecurityPrivilege
			SeBackupPrivilege
			SeRestorePrivilege
			SeTakeOwnershipPrivilege
			SeDebugPrivilege
			SeSystemEnvironmentPrivilege
			SeLoadDriverPrivilege
			SeImpersonatePrivilege
			SeDelegateSessionUserImpersonatePrivilege
			SeEnableDelegationPrivilege","",""
"16/8/2026, 5:25:00.409227 pm","DC01.darkzero.htb","DC01$","4624","Security","Logon","","","","","127.0.0.1"
"16/8/2026, 5:25:16.286559 pm","DC01.darkzero.htb","NT AUTHORITY\SYSTEM","11","Sysmon","File Created","C:\System Volume Information\DFSR\Config\Replica_403BC236-9053-43D0-AAD0-74F0FB6A21A3.XML.TMP","","","",""
"16/8/2026, 5:25:16.294 pm","DC01.darkzero.htb","NT AUTHORITY\SYSTEM","11","Sysmon","File Created","C:\System Volume Information\DFSR\Config\Volume_57941D7E-1E19-4293-AB21-2231712EE33A.XML.TMP","","","",""
"16/8/2026, 5:25:16.400729 pm","DC01.darkzero.htb","DC01$","4672","Security","Privileged Logon","","","SeSecurityPrivilege
			SeBackupPrivilege
			SeRestorePrivilege
			SeTakeOwnershipPrivilege
			SeDebugPrivilege
			SeSystemEnvironmentPrivilege
			SeLoadDriverPrivilege
			SeImpersonatePrivilege
			SeDelegateSessionUserImpersonatePrivilege
			SeEnableDelegationPrivilege","",""
"16/8/2026, 5:25:16.400923 pm","DC01.darkzero.htb","DC01$","4624","Security","Logon","","","","","172.16.20.1"
"16/8/2026, 5:25:16.52755 pm","DC01.darkzero.htb","DC01$","4672","Security","Privileged Logon","","","SeSecurityPrivilege
			SeBackupPrivilege
			SeRestorePrivilege
			SeTakeOwnershipPrivilege
			SeDebugPrivilege
			SeSystemEnvironmentPrivilege
			SeLoadDriverPrivilege
			SeImpersonatePrivilege
			SeDelegateSessionUserImpersonatePrivilege
			SeEnableDelegationPrivilege","",""
"16/8/2026, 5:25:16.527746 pm","DC01.darkzero.htb","DC01$","4624","Security","Logon","","","","","172.16.20.1"
"16/8/2026, 5:25:27.333355 pm","DC01.darkzero.htb","DC01$","4672","Security","Privileged Logon","","","SeSecurityPrivilege
			SeBackupPrivilege
			SeRestorePrivilege
			SeTakeOwnershipPrivilege
			SeDebugPrivilege
			SeSystemEnvironmentPrivilege
			SeLoadDriverPrivilege
			SeImpersonatePrivilege
			SeDelegateSessionUserImpersonatePrivilege
			SeEnableDelegationPrivilege","",""
"16/8/2026, 5:25:27.333568 pm","DC01.darkzero.htb","DC01$","4624","Security","Logon","","","","","::1"
"16/8/2026, 5:25:27.864809 pm","DC01.darkzero.htb","ella","4768","Security","Kerberos TGT","","","","0x12","::1"
"16/8/2026, 5:25:27.866436 pm","DC01.darkzero.htb","ella@DARKZERO.HTB","4769","Security","Kerberos Service Ticket","","","","0x12","::1"
"16/8/2026, 5:25:27.873163 pm","DC01.darkzero.htb","ella","4624","Security","Logon","","","","","-"
"16/8/2026, 5:25:27.882129 pm","DC01.darkzero.htb","darkzero\ella","1","Sysmon","Process Creation","","","""powershell.exe"" -NoProfile -NoLogo -NonInteractive -ExecutionPolicy Bypass -File ""C:\Users\ella\access_gitea.ps1""","",""
"16/8/2026, 5:25:28.046817 pm","DC01.darkzero.htb","darkzero\ella","11","Sysmon","File Created","C:\Users\ella.darkzero\AppData\Local\Temp\__PSScriptPolicyTest_dajddqm0.er5.ps1","","","",""
"16/8/2026, 5:25:28.04761 pm","DC01.darkzero.htb","darkzero\ella","11","Sysmon","File Created","C:\Users\ella.darkzero\AppData\Local\Temp\__PSScriptPolicyTest_toobvsot.ccm.psm1","","","",""
"16/8/2026, 5:25:31.165707 pm","DC01.darkzero.htb","darkzero\ella","11","Sysmon","File Created","C:\Users\ella.darkzero\AppData\Local\Microsoft\Windows\PowerShell\StartupProfileData-NonInteractive","","","",""
"16/8/2026, 5:25:33.869482 pm","DC01.darkzero.htb","DC01$","4672","Security","Privileged Logon","","","SeSecurityPrivilege
			SeBackupPrivilege
			SeRestorePrivilege
			SeTakeOwnershipPrivilege
			SeDebugPrivilege
			SeSystemEnvironmentPrivilege
			SeLoadDriverPrivilege
			SeImpersonatePrivilege
			SeDelegateSessionUserImpersonatePrivilege
			SeEnableDelegationPrivilege","",""
"16/8/2026, 5:25:33.869655 pm","DC01.darkzero.htb","DC01$","4624","Security","Logon","","","","","172.16.20.1"
"16/8/2026, 5:25:33.877891 pm","DC01.darkzero.htb","DC01$","4672","Security","Privileged Logon","","","SeSecurityPrivilege
			SeBackupPrivilege
			SeRestorePrivilege
			SeTakeOwnershipPrivilege
			SeDebugPrivilege
			SeSystemEnvironmentPrivilege
			SeLoadDriverPrivilege
			SeImpersonatePrivilege
			SeDelegateSessionUserImpersonatePrivilege
			SeEnableDelegationPrivilege","",""
"16/8/2026, 5:25:33.87827 pm","DC01.darkzero.htb","DC01$","4624","Security","Logon","","","","","::1"
"16/8/2026, 5:25:33.889196 pm","DC01.darkzero.htb","DC01$","4672","Security","Privileged Logon","","","SeSecurityPrivilege
			SeBackupPrivilege
			SeRestorePrivilege
			SeTakeOwnershipPrivilege
			SeDebugPrivilege
			SeSystemEnvironmentPrivilege
			SeLoadDriverPrivilege
			SeImpersonatePrivilege
			SeDelegateSessionUserImpersonatePrivilege
			SeEnableDelegationPrivilege","",""
"16/8/2026, 5:25:33.889355 pm","DC01.darkzero.htb","DC01$","4624","Security","Logon","","","","","::1"
"16/8/2026, 5:25:33.897934 pm","DC01.darkzero.htb","DC01$","4672","Security","Privileged Logon","","","SeSecurityPrivilege
			SeBackupPrivilege
			SeRestorePrivilege
			SeTakeOwnershipPrivilege
			SeDebugPrivilege
			SeSystemEnvironmentPrivilege
			SeLoadDriverPrivilege
			SeImpersonatePrivilege
			SeDelegateSessionUserImpersonatePrivilege
			SeEnableDelegationPrivilege","",""
"16/8/2026, 5:25:33.898094 pm","DC01.darkzero.htb","DC01$","4624","Security","Logon","","","","","10.129.28.204"
"16/8/2026, 5:25:33.921499 pm","DC01.darkzero.htb","DC01$","4672","Security","Privileged Logon","","","SeSecurityPrivilege
			SeBackupPrivilege
			SeRestorePrivilege
			SeTakeOwnershipPrivilege
			SeDebugPrivilege
			SeSystemEnvironmentPrivilege
			SeLoadDriverPrivilege
			SeImpersonatePrivilege
			SeDelegateSessionUserImpersonatePrivilege
			SeEnableDelegationPrivilege","",""
"16/8/2026, 5:25:33.921695 pm","DC01.darkzero.htb","DC01$","4624","Security","Logon","","","","","::1"
"16/8/2026, 5:26:00.429622 pm","DC01.darkzero.htb","DC01$","4672","Security","Privileged Logon","","","SeSecurityPrivilege
			SeBackupPrivilege
			SeRestorePrivilege
			SeTakeOwnershipPrivilege
			SeDebugPrivilege
			SeSystemEnvironmentPrivilege
			SeLoadDriverPrivilege
			SeImpersonatePrivilege
			SeDelegateSessionUserImpersonatePrivilege
			SeEnableDelegationPrivilege","",""
"16/8/2026, 5:26:00.42981 pm","DC01.darkzero.htb","DC01$","4624","Security","Logon","","","","","127.0.0.1"
"16/8/2026, 5:26:27.866964 pm","DC01.darkzero.htb","ella","4768","Security","Kerberos TGT","","","","0x12","::1"
"16/8/2026, 5:26:27.868601 pm","DC01.darkzero.htb","ella@DARKZERO.HTB","4769","Security","Kerberos Service Ticket","","","","0x12","::1"
"16/8/2026, 5:26:27.874844 pm","DC01.darkzero.htb","ella","4624","Security","Logon","","","","","-"
"16/8/2026, 5:26:27.883433 pm","DC01.darkzero.htb","darkzero\ella","1","Sysmon","Process Creation","","","""powershell.exe"" -NoProfile -NoLogo -NonInteractive -ExecutionPolicy Bypass -File ""C:\Users\ella\access_gitea.ps1""","",""
"16/8/2026, 5:26:28.025521 pm","DC01.darkzero.htb","darkzero\ella","11","Sysmon","File Created","C:\Users\ella.darkzero\AppData\Local\Temp\__PSScriptPolicyTest_cy14yuqh.toz.ps1","","","",""
"16/8/2026, 5:26:28.026427 pm","DC01.darkzero.htb","darkzero\ella","11","Sysmon","File Created","C:\Users\ella.darkzero\AppData\Local\Temp\__PSScriptPolicyTest_dqjs0yw1.1e5.psm1","","","",""
"16/8/2026, 5:26:31.168052 pm","DC01.darkzero.htb","darkzero\ella","11","Sysmon","File Created","C:\Users\ella.darkzero\AppData\Local\Microsoft\Windows\PowerShell\StartupProfileData-NonInteractive","","","",""
"16/8/2026, 5:27:00.434837 pm","DC01.darkzero.htb","DC01$","4672","Security","Privileged Logon","","","SeSecurityPrivilege
			SeBackupPrivilege
			SeRestorePrivilege
			SeTakeOwnershipPrivilege
			SeDebugPrivilege
			SeSystemEnvironmentPrivilege
			SeLoadDriverPrivilege
			SeImpersonatePrivilege
			SeDelegateSessionUserImpersonatePrivilege
			SeEnableDelegationPrivilege","",""
"16/8/2026, 5:27:00.435025 pm","DC01.darkzero.htb","DC01$","4624","Security","Logon","","","","","127.0.0.1"
"16/8/2026, 5:27:27.867484 pm","DC01.darkzero.htb","ella","4768","Security","Kerberos TGT","","","","0x12","::1"
"16/8/2026, 5:27:27.869056 pm","DC01.darkzero.htb","ella@DARKZERO.HTB","4769","Security","Kerberos Service Ticket","","","","0x12","::1"
"16/8/2026, 5:27:27.87669 pm","DC01.darkzero.htb","ella","4624","Security","Logon","","","","","-"
"16/8/2026, 5:27:27.886286 pm","DC01.darkzero.htb","darkzero\ella","1","Sysmon","Process Creation","","","""powershell.exe"" -NoProfile -NoLogo -NonInteractive -ExecutionPolicy Bypass -File ""C:\Users\ella\access_gitea.ps1""","",""
"16/8/2026, 5:27:28.025841 pm","DC01.darkzero.htb","darkzero\ella","11","Sysmon","File Created","C:\Users\ella.darkzero\AppData\Local\Temp\__PSScriptPolicyTest_vcesqkyd.0kk.ps1","","","",""
"16/8/2026, 5:27:28.026677 pm","DC01.darkzero.htb","darkzero\ella","11","Sysmon","File Created","C:\Users\ella.darkzero\AppData\Local\Temp\__PSScriptPolicyTest_ijuc0qwh.5qx.psm1","","","",""
"16/8/2026, 5:27:31.165868 pm","DC01.darkzero.htb","darkzero\ella","11","Sysmon","File Created","C:\Users\ella.darkzero\AppData\Local\Microsoft\Windows\PowerShell\StartupProfileData-NonInteractive","","","",""
"16/8/2026, 5:28:00.441782 pm","DC01.darkzero.htb","DC01$","4672","Security","Privileged Logon","","","SeSecurityPrivilege
			SeBackupPrivilege
			SeRestorePrivilege
			SeTakeOwnershipPrivilege
			SeDebugPrivilege
			SeSystemEnvironmentPrivilege
			SeLoadDriverPrivilege
			SeImpersonatePrivilege
			SeDelegateSessionUserImpersonatePrivilege
			SeEnableDelegationPrivilege","",""
"16/8/2026, 5:28:00.441971 pm","DC01.darkzero.htb","DC01$","4624","Security","Logon","","","","","127.0.0.1"
"16/8/2026, 5:28:27.872642 pm","DC01.darkzero.htb","ella","4768","Security","Kerberos TGT","","","","0x12","::1"
"16/8/2026, 5:28:27.874713 pm","DC01.darkzero.htb","ella@DARKZERO.HTB","4769","Security","Kerberos Service Ticket","","","","0x12","::1"
"16/8/2026, 5:28:27.883377 pm","DC01.darkzero.htb","ella","4624","Security","Logon","","","","","-"
"16/8/2026, 5:28:27.894309 pm","DC01.darkzero.htb","darkzero\ella","1","Sysmon","Process Creation","","","""powershell.exe"" -NoProfile -NoLogo -NonInteractive -ExecutionPolicy Bypass -File ""C:\Users\ella\access_gitea.ps1""","",""
"16/8/2026, 5:28:28.047176 pm","DC01.darkzero.htb","darkzero\ella","11","Sysmon","File Created","C:\Users\ella.darkzero\AppData\Local\Temp\__PSScriptPolicyTest_qyudzfn4.siv.ps1","","","",""
"16/8/2026, 5:28:28.048304 pm","DC01.darkzero.htb","darkzero\ella","11","Sysmon","File Created","C:\Users\ella.darkzero\AppData\Local\Temp\__PSScriptPolicyTest_w2zypznn.wr0.psm1","","","",""
"16/8/2026, 5:28:31.192341 pm","DC01.darkzero.htb","darkzero\ella","11","Sysmon","File Created","C:\Users\ella.darkzero\AppData\Local\Microsoft\Windows\PowerShell\StartupProfileData-NonInteractive","","","",""
"16/8/2026, 5:29:00.454771 pm","DC01.darkzero.htb","DC01$","4672","Security","Privileged Logon","","","SeSecurityPrivilege
			SeBackupPrivilege
			SeRestorePrivilege
			SeTakeOwnershipPrivilege
			SeDebugPrivilege
			SeSystemEnvironmentPrivilege
			SeLoadDriverPrivilege
			SeImpersonatePrivilege
			SeDelegateSessionUserImpersonatePrivilege
			SeEnableDelegationPrivilege","",""
"16/8/2026, 5:29:00.455002 pm","DC01.darkzero.htb","DC01$","4624","Security","Logon","","","","","127.0.0.1"
"16/8/2026, 5:29:27.881262 pm","DC01.darkzero.htb","ella","4768","Security","Kerberos TGT","","","","0x12","::1"
"16/8/2026, 5:29:27.882881 pm","DC01.darkzero.htb","ella@DARKZERO.HTB","4769","Security","Kerberos Service Ticket","","","","0x12","::1"
"16/8/2026, 5:29:27.889121 pm","DC01.darkzero.htb","ella","4624","Security","Logon","","","","","-"
"16/8/2026, 5:29:27.897671 pm","DC01.darkzero.htb","darkzero\ella","1","Sysmon","Process Creation","","","""powershell.exe"" -NoProfile -NoLogo -NonInteractive -ExecutionPolicy Bypass -File ""C:\Users\ella\access_gitea.ps1""","",""
"16/8/2026, 5:29:28.046839 pm","DC01.darkzero.htb","darkzero\ella","11","Sysmon","File Created","C:\Users\ella.darkzero\AppData\Local\Temp\__PSScriptPolicyTest_mqkdef1y.vm5.ps1","","","",""
"16/8/2026, 5:29:28.04778 pm","DC01.darkzero.htb","darkzero\ella","11","Sysmon","File Created","C:\Users\ella.darkzero\AppData\Local\Temp\__PSScriptPolicyTest_3i2sa5id.emk.psm1","","","",""
"16/8/2026, 5:29:31.16587 pm","DC01.darkzero.htb","darkzero\ella","11","Sysmon","File Created","C:\Users\ella.darkzero\AppData\Local\Microsoft\Windows\PowerShell\StartupProfileData-NonInteractive","","","",""
"16/8/2026, 5:30:00.459909 pm","DC01.darkzero.htb","DC01$","4672","Security","Privileged Logon","","","SeSecurityPrivilege
			SeBackupPrivilege
			SeRestorePrivilege
			SeTakeOwnershipPrivilege
			SeDebugPrivilege
			SeSystemEnvironmentPrivilege
			SeLoadDriverPrivilege
			SeImpersonatePrivilege
			SeDelegateSessionUserImpersonatePrivilege
			SeEnableDelegationPrivilege","",""
"16/8/2026, 5:30:00.460141 pm","DC01.darkzero.htb","DC01$","4624","Security","Logon","","","","","127.0.0.1"
"16/8/2026, 5:30:16.673629 pm","DC01.darkzero.htb","NT AUTHORITY\SYSTEM","11","Sysmon","File Created","C:\System Volume Information\DFSR\Config\Replica_403BC236-9053-43D0-AAD0-74F0FB6A21A3.XML.TMP","","","",""
"16/8/2026, 5:30:16.678134 pm","DC01.darkzero.htb","NT AUTHORITY\SYSTEM","11","Sysmon","File Created","C:\System Volume Information\DFSR\Config\Volume_57941D7E-1E19-4293-AB21-2231712EE33A.XML.TMP","","","",""
"16/8/2026, 5:30:16.791863 pm","DC01.darkzero.htb","DC01$","4672","Security","Privileged Logon","","","SeSecurityPrivilege
			SeBackupPrivilege
			SeRestorePrivilege
			SeTakeOwnershipPrivilege
			SeDebugPrivilege
			SeSystemEnvironmentPrivilege
			SeLoadDriverPrivilege
			SeImpersonatePrivilege
			SeDelegateSessionUserImpersonatePrivilege
			SeEnableDelegationPrivilege","",""
"16/8/2026, 5:30:16.79205 pm","DC01.darkzero.htb","DC01$","4624","Security","Logon","","","","","172.16.20.1"
"16/8/2026, 5:30:16.916312 pm","DC01.darkzero.htb","DC01$","4672","Security","Privileged Logon","","","SeSecurityPrivilege
			SeBackupPrivilege
			SeRestorePrivilege
			SeTakeOwnershipPrivilege
			SeDebugPrivilege
			SeSystemEnvironmentPrivilege
			SeLoadDriverPrivilege
			SeImpersonatePrivilege
			SeDelegateSessionUserImpersonatePrivilege
			SeEnableDelegationPrivilege","",""
"16/8/2026, 5:30:16.916522 pm","DC01.darkzero.htb","DC01$","4624","Security","Logon","","","","","172.16.20.1"
"16/8/2026, 5:30:21.191929 pm","DC01.darkzero.htb","NT AUTHORITY\SYSTEM","11","Sysmon","File Created","C:\ProgramData\Microsoft\Diagnosis\AggregatorStorage\Triggers\17647717143869751280_trigger.dat","","","",""
"16/8/2026, 5:30:21.193026 pm","DC01.darkzero.htb","NT AUTHORITY\SYSTEM","11","Sysmon","File Created","C:\ProgramData\Microsoft\Diagnosis\AggregatorStorage\Triggers\17647717143869751280_data.dat","","","",""
"16/8/2026, 5:30:27.891351 pm","DC01.darkzero.htb","ella","4768","Security","Kerberos TGT","","","","0x12","::1"
"16/8/2026, 5:30:27.892867 pm","DC01.darkzero.htb","ella@DARKZERO.HTB","4769","Security","Kerberos Service Ticket","","","","0x12","::1"
"16/8/2026, 5:30:27.898798 pm","DC01.darkzero.htb","ella","4624","Security","Logon","","","","","-"
"16/8/2026, 5:30:27.907805 pm","DC01.darkzero.htb","darkzero\ella","1","Sysmon","Process Creation","","","""powershell.exe"" -NoProfile -NoLogo -NonInteractive -ExecutionPolicy Bypass -File ""C:\Users\ella\access_gitea.ps1""","",""
"16/8/2026, 5:30:28.051233 pm","DC01.darkzero.htb","darkzero\ella","11","Sysmon","File Created","C:\Users\ella.darkzero\AppData\Local\Temp\__PSScriptPolicyTest_or41zafs.sqv.ps1","","","",""
"16/8/2026, 5:30:28.052284 pm","DC01.darkzero.htb","darkzero\ella","11","Sysmon","File Created","C:\Users\ella.darkzero\AppData\Local\Temp\__PSScriptPolicyTest_3aplfydu.ccx.psm1","","","",""
"16/8/2026, 5:30:31.259028 pm","DC01.darkzero.htb","darkzero\ella","11","Sysmon","File Created","C:\Users\ella.darkzero\AppData\Local\Microsoft\Windows\PowerShell\StartupProfileData-NonInteractive","","","",""
"16/8/2026, 5:30:33.879117 pm","DC01.darkzero.htb","NT AUTHORITY\SYSTEM","11","Sysmon","File Created","C:\ProgramData\Microsoft\Diagnosis\AggregatorStorage\UpdateHeartbeatScan$","","","",""
"16/8/2026, 5:30:33.961562 pm","DC01.darkzero.htb","DC01$","4672","Security","Privileged Logon","","","SeSecurityPrivilege
			SeBackupPrivilege
			SeRestorePrivilege
			SeTakeOwnershipPrivilege
			SeDebugPrivilege
			SeSystemEnvironmentPrivilege
			SeLoadDriverPrivilege
			SeImpersonatePrivilege
			SeDelegateSessionUserImpersonatePrivilege
			SeEnableDelegationPrivilege","",""
"16/8/2026, 5:30:33.96238 pm","DC01.darkzero.htb","DC01$","4624","Security","Logon","","","","","::1"
"16/8/2026, 5:30:34.06994 pm","DC01.darkzero.htb","DC01$","4672","Security","Privileged Logon","","","SeSecurityPrivilege
			SeBackupPrivilege
			SeRestorePrivilege
			SeTakeOwnershipPrivilege
			SeDebugPrivilege
			SeSystemEnvironmentPrivilege
			SeLoadDriverPrivilege
			SeImpersonatePrivilege
			SeDelegateSessionUserImpersonatePrivilege
			SeEnableDelegationPrivilege","",""
"16/8/2026, 5:30:34.070372 pm","DC01.darkzero.htb","DC01$","4624","Security","Logon","","","","","172.16.20.1"
"16/8/2026, 5:30:34.082554 pm","DC01.darkzero.htb","DC01$","4672","Security","Privileged Logon","","","SeSecurityPrivilege
			SeBackupPrivilege
			SeRestorePrivilege
			SeTakeOwnershipPrivilege
			SeDebugPrivilege
			SeSystemEnvironmentPrivilege
			SeLoadDriverPrivilege
			SeImpersonatePrivilege
			SeDelegateSessionUserImpersonatePrivilege
			SeEnableDelegationPrivilege","",""
"16/8/2026, 5:30:34.082804 pm","DC01.darkzero.htb","DC01$","4624","Security","Logon","","","","","::1"
"16/8/2026, 5:30:34.092862 pm","DC01.darkzero.htb","DC01$","4672","Security","Privileged Logon","","","SeSecurityPrivilege
			SeBackupPrivilege
			SeRestorePrivilege
			SeTakeOwnershipPrivilege
			SeDebugPrivilege
			SeSystemEnvironmentPrivilege
			SeLoadDriverPrivilege
			SeImpersonatePrivilege
			SeDelegateSessionUserImpersonatePrivilege
			SeEnableDelegationPrivilege","",""
"16/8/2026, 5:30:34.09304 pm","DC01.darkzero.htb","DC01$","4624","Security","Logon","","","","","::1"
"16/8/2026, 5:30:34.100109 pm","DC01.darkzero.htb","DC01$","4672","Security","Privileged Logon","","","SeSecurityPrivilege
			SeBackupPrivilege
			SeRestorePrivilege
			SeTakeOwnershipPrivilege
			SeDebugPrivilege
			SeSystemEnvironmentPrivilege
			SeLoadDriverPrivilege
			SeImpersonatePrivilege
			SeDelegateSessionUserImpersonatePrivilege
			SeEnableDelegationPrivilege","",""
"16/8/2026, 5:30:34.100258 pm","DC01.darkzero.htb","DC01$","4624","Security","Logon","","","","","10.129.28.204"
"16/8/2026, 5:30:34.123751 pm","DC01.darkzero.htb","DC01$","4672","Security","Privileged Logon","","","SeSecurityPrivilege
			SeBackupPrivilege
			SeRestorePrivilege
			SeTakeOwnershipPrivilege
			SeDebugPrivilege
			SeSystemEnvironmentPrivilege
			SeLoadDriverPrivilege
			SeImpersonatePrivilege
			SeDelegateSessionUserImpersonatePrivilege
			SeEnableDelegationPrivilege","",""
"16/8/2026, 5:30:34.123909 pm","DC01.darkzero.htb","DC01$","4624","Security","Logon","","","","","::1"
"16/8/2026, 5:30:52.4519 pm","DC01.darkzero.htb","DC01$","4672","Security","Privileged Logon","","","SeAuditPrivilege
			SeAssignPrimaryTokenPrivilege
			SeImpersonatePrivilege","",""
"16/8/2026, 5:30:52.452119 pm","DC01.darkzero.htb","DC01$","4624","Security","Logon","","","","","-"
"16/8/2026, 5:31:00.477955 pm","DC01.darkzero.htb","DC01$","4672","Security","Privileged Logon","","","SeSecurityPrivilege
			SeBackupPrivilege
			SeRestorePrivilege
			SeTakeOwnershipPrivilege
			SeDebugPrivilege
			SeSystemEnvironmentPrivilege
			SeLoadDriverPrivilege
			SeImpersonatePrivilege
			SeDelegateSessionUserImpersonatePrivilege
			SeEnableDelegationPrivilege","",""
"16/8/2026, 5:31:00.478225 pm","DC01.darkzero.htb","DC01$","4624","Security","Logon","","","","","127.0.0.1"
"16/8/2026, 5:31:27.892203 pm","DC01.darkzero.htb","ella","4768","Security","Kerberos TGT","","","","0x12","::1"
"16/8/2026, 5:31:27.893965 pm","DC01.darkzero.htb","ella@DARKZERO.HTB","4769","Security","Kerberos Service Ticket","","","","0x12","::1"
"16/8/2026, 5:31:27.901312 pm","DC01.darkzero.htb","ella","4624","Security","Logon","","","","","-"
"16/8/2026, 5:31:27.9115 pm","DC01.darkzero.htb","darkzero\ella","1","Sysmon","Process Creation","","","""powershell.exe"" -NoProfile -NoLogo -NonInteractive -ExecutionPolicy Bypass -File ""C:\Users\ella\access_gitea.ps1""","",""
"16/8/2026, 5:31:28.064328 pm","DC01.darkzero.htb","darkzero\ella","11","Sysmon","File Created","C:\Users\ella.darkzero\AppData\Local\Temp\__PSScriptPolicyTest_jrqisxnt.oa3.ps1","","","",""
"16/8/2026, 5:31:28.06556 pm","DC01.darkzero.htb","darkzero\ella","11","Sysmon","File Created","C:\Users\ella.darkzero\AppData\Local\Temp\__PSScriptPolicyTest_qqexujdq.1he.psm1","","","",""
"16/8/2026, 5:31:31.156331 pm","DC01.darkzero.htb","darkzero\ella","11","Sysmon","File Created","C:\Users\ella.darkzero\AppData\Local\Microsoft\Windows\PowerShell\StartupProfileData-NonInteractive","","","",""
"16/8/2026, 5:31:32.231975 pm","DC01.darkzero.htb","NT AUTHORITY\SYSTEM","11","Sysmon","File Created","C:\ProgramData\Microsoft\Diagnosis\AggregatorStorage\AdoptionHeartbeat$","","","",""
"16/8/2026, 5:31:41.16196 pm","DC01.darkzero.htb","SYSTEM","4624","Security","Logon","","","","","-"
"16/8/2026, 5:31:41.161975 pm","DC01.darkzero.htb","SYSTEM","4672","Security","Privileged Logon","","","SeAssignPrimaryTokenPrivilege
			SeTcbPrivilege
			SeSecurityPrivilege
			SeTakeOwnershipPrivilege
			SeLoadDriverPrivilege
			SeBackupPrivilege
			SeRestorePrivilege
			SeDebugPrivilege
			SeAuditPrivilege
			SeSystemEnvironmentPrivilege
			SeImpersonatePrivilege
			SeDelegateSessionUserImpersonatePrivilege","",""
"16/8/2026, 5:31:41.165834 pm","DC01.darkzero.htb","NT AUTHORITY\SYSTEM","1","Sysmon","Process Creation","","","C:\WINDOWS\System32\svchost.exe -k netsvcs -p -s NetSetupSvc","",""
"16/8/2026, 5:32:00.486066 pm","DC01.darkzero.htb","DC01$","4672","Security","Privileged Logon","","","SeSecurityPrivilege
			SeBackupPrivilege
			SeRestorePrivilege
			SeTakeOwnershipPrivilege
			SeDebugPrivilege
			SeSystemEnvironmentPrivilege
			SeLoadDriverPrivilege
			SeImpersonatePrivilege
			SeDelegateSessionUserImpersonatePrivilege
			SeEnableDelegationPrivilege","",""
"16/8/2026, 5:32:00.486452 pm","DC01.darkzero.htb","DC01$","4624","Security","Logon","","","","","127.0.0.1"
"16/8/2026, 5:32:27.894016 pm","DC01.darkzero.htb","ella","4768","Security","Kerberos TGT","","","","0x12","::1"
"16/8/2026, 5:32:27.895429 pm","DC01.darkzero.htb","ella@DARKZERO.HTB","4769","Security","Kerberos Service Ticket","","","","0x12","::1"
"16/8/2026, 5:32:27.901698 pm","DC01.darkzero.htb","ella","4624","Security","Logon","","","","","-"
"16/8/2026, 5:32:27.910279 pm","DC01.darkzero.htb","darkzero\ella","1","Sysmon","Process Creation","","","""powershell.exe"" -NoProfile -NoLogo -NonInteractive -ExecutionPolicy Bypass -File ""C:\Users\ella\access_gitea.ps1""","",""
"16/8/2026, 5:32:28.053215 pm","DC01.darkzero.htb","darkzero\ella","11","Sysmon","File Created","C:\Users\ella.darkzero\AppData\Local\Temp\__PSScriptPolicyTest_vcnu3ut3.qlr.ps1","","","",""
"16/8/2026, 5:32:28.05396 pm","DC01.darkzero.htb","darkzero\ella","11","Sysmon","File Created","C:\Users\ella.darkzero\AppData\Local\Temp\__PSScriptPolicyTest_qone453f.dxs.psm1","","","",""
"16/8/2026, 5:32:31.218747 pm","DC01.darkzero.htb","darkzero\ella","11","Sysmon","File Created","C:\Users\ella.darkzero\AppData\Local\Microsoft\Windows\PowerShell\StartupProfileData-NonInteractive","","","",""
"16/8/2026, 5:33:00.500054 pm","DC01.darkzero.htb","DC01$","4672","Security","Privileged Logon","","","SeSecurityPrivilege
			SeBackupPrivilege
			SeRestorePrivilege
			SeTakeOwnershipPrivilege
			SeDebugPrivilege
			SeSystemEnvironmentPrivilege
			SeLoadDriverPrivilege
			SeImpersonatePrivilege
			SeDelegateSessionUserImpersonatePrivilege
			SeEnableDelegationPrivilege","",""
"16/8/2026, 5:33:00.500305 pm","DC01.darkzero.htb","DC01$","4624","Security","Logon","","","","","127.0.0.1"
"16/8/2026, 5:33:27.898372 pm","DC01.darkzero.htb","ella","4768","Security","Kerberos TGT","","","","0x12","::1"
"16/8/2026, 5:33:27.900124 pm","DC01.darkzero.htb","ella@DARKZERO.HTB","4769","Security","Kerberos Service Ticket","","","","0x12","::1"
"16/8/2026, 5:33:27.906769 pm","DC01.darkzero.htb","ella","4624","Security","Logon","","","","","-"
"16/8/2026, 5:33:27.91574 pm","DC01.darkzero.htb","darkzero\ella","1","Sysmon","Process Creation","","","""powershell.exe"" -NoProfile -NoLogo -NonInteractive -ExecutionPolicy Bypass -File ""C:\Users\ella\access_gitea.ps1""","",""
"16/8/2026, 5:33:28.059593 pm","DC01.darkzero.htb","darkzero\ella","11","Sysmon","File Created","C:\Users\ella.darkzero\AppData\Local\Temp\__PSScriptPolicyTest_0qzyj2np.osw.ps1","","","",""
"16/8/2026, 5:33:28.059775 pm","DC01.darkzero.htb","darkzero\ella","11","Sysmon","File Created","C:\Users\ella.darkzero\AppData\Local\Temp\__PSScriptPolicyTest_ean1tjih.imb.psm1","","","",""
"16/8/2026, 5:33:31.245991 pm","DC01.darkzero.htb","darkzero\ella","11","Sysmon","File Created","C:\Users\ella.darkzero\AppData\Local\Microsoft\Windows\PowerShell\StartupProfileData-NonInteractive","","","",""
"16/8/2026, 5:33:49.98256 pm","DC01.darkzero.htb","NT AUTHORITY\SYSTEM","1","Sysmon","Process Creation","","","""C:\WINDOWS\uus\packages\preview\AMD64\MoUsoCoreWorker.exe"" useprivatenamespaces","",""
"16/8/2026, 5:33:50.094812 pm","DC01.darkzero.htb","NT AUTHORITY\SYSTEM","11","Sysmon","File Created","C:\ProgramData\USOPrivate\UpdateStore\store.db-journal","","","",""
"16/8/2026, 5:33:50.195816 pm","DC01.darkzero.htb","SYSTEM","4624","Security","Logon","","","","","-"
"16/8/2026, 5:33:50.195861 pm","DC01.darkzero.htb","SYSTEM","4672","Security","Privileged Logon","","","SeAssignPrimaryTokenPrivilege
			SeTcbPrivilege
			SeSecurityPrivilege
			SeTakeOwnershipPrivilege
			SeLoadDriverPrivilege
			SeBackupPrivilege
			SeRestorePrivilege
			SeDebugPrivilege
			SeAuditPrivilege
			SeSystemEnvironmentPrivilege
			SeImpersonatePrivilege
			SeDelegateSessionUserImpersonatePrivilege","",""
"16/8/2026, 5:33:50.200636 pm","DC01.darkzero.htb","NT AUTHORITY\SYSTEM","1","Sysmon","Process Creation","","","C:\WINDOWS\system32\svchost.exe -k wusvcs -p -s WaaSMedicSvc","",""
"16/8/2026, 5:33:50.266724 pm","DC01.darkzero.htb","NT AUTHORITY\SYSTEM","11","Sysmon","File Created","C:\Windows\Logs\waasmedic\waasmedic.20260816_173350_265.etl","","","",""
"16/8/2026, 5:33:50.528632 pm","DC01.darkzero.htb","SYSTEM","4624","Security","Logon","","","","","-"
"16/8/2026, 5:33:50.528647 pm","DC01.darkzero.htb","SYSTEM","4672","Security","Privileged Logon","","","SeAssignPrimaryTokenPrivilege
			SeTcbPrivilege
			SeSecurityPrivilege
			SeTakeOwnershipPrivilege
			SeLoadDriverPrivilege
			SeBackupPrivilege
			SeRestorePrivilege
			SeDebugPrivilege
			SeAuditPrivilege
			SeSystemEnvironmentPrivilege
			SeImpersonatePrivilege
			SeDelegateSessionUserImpersonatePrivilege","",""
"16/8/2026, 5:33:50.654454 pm","DC01.darkzero.htb","SYSTEM","4624","Security","Logon","","","","","-"
"16/8/2026, 5:33:50.654475 pm","DC01.darkzero.htb","SYSTEM","4672","Security","Privileged Logon","","","SeAssignPrimaryTokenPrivilege
			SeTcbPrivilege
			SeSecurityPrivilege
			SeTakeOwnershipPrivilege
			SeLoadDriverPrivilege
			SeBackupPrivilege
			SeRestorePrivilege
			SeDebugPrivilege
			SeAuditPrivilege
			SeSystemEnvironmentPrivilege
			SeImpersonatePrivilege
			SeDelegateSessionUserImpersonatePrivilege","",""
"16/8/2026, 5:33:50.70813 pm","DC01.darkzero.htb","NT AUTHORITY\SYSTEM","11","Sysmon","File Created","C:\ProgramData\regid.1991-06.com.microsoft\regid.1991-06.com.microsoft_Windows-Server-2025-Datacenter.swidtag","","","",""
"16/8/2026, 5:33:51.86567 pm","DC01.darkzero.htb","NT AUTHORITY\SYSTEM","11","Sysmon","File Created","C:\ProgramData\USOPrivate\UpdateStore\store.db-journal","","","",""
"16/8/2026, 5:33:51.967258 pm","DC01.darkzero.htb","NT AUTHORITY\SYSTEM","11","Sysmon","File Created","C:\ProgramData\USOPrivate\UpdateStore\store.db-journal","","","",""
"16/8/2026, 5:33:52.204255 pm","DC01.darkzero.htb","NT AUTHORITY\SYSTEM","11","Sysmon","File Created","C:\ProgramData\USOPrivate\UpdateStore\store.db-journal","","","",""
"16/8/2026, 5:33:52.228976 pm","DC01.darkzero.htb","NT AUTHORITY\SYSTEM","11","Sysmon","File Created","C:\ProgramData\USOPrivate\UpdateStore\store.db-journal","","","",""
"16/8/2026, 5:34:00.504868 pm","DC01.darkzero.htb","DC01$","4672","Security","Privileged Logon","","","SeSecurityPrivilege
			SeBackupPrivilege
			SeRestorePrivilege
			SeTakeOwnershipPrivilege
			SeDebugPrivilege
			SeSystemEnvironmentPrivilege
			SeLoadDriverPrivilege
			SeImpersonatePrivilege
			SeDelegateSessionUserImpersonatePrivilege
			SeEnableDelegationPrivilege","",""
"16/8/2026, 5:34:00.505104 pm","DC01.darkzero.htb","DC01$","4624","Security","Logon","","","","","127.0.0.1"
"16/8/2026, 5:34:21.756644 pm","DC01.darkzero.htb","NT AUTHORITY\SYSTEM","1","Sysmon","Process Creation","","","""C:\WINDOWS\system32\usoclient.exe"" StartScan","",""
"16/8/2026, 5:34:21.852763 pm","DC01.darkzero.htb","NT AUTHORITY\SYSTEM","11","Sysmon","File Created","C:\ProgramData\USOPrivate\UpdateStore\store.db-journal","","","",""
"16/8/2026, 5:34:22.404421 pm","DC01.darkzero.htb","NT AUTHORITY\SYSTEM","11","Sysmon","File Created","C:\ProgramData\USOPrivate\UpdateStore\store.db-journal","","","",""
"16/8/2026, 5:34:22.495426 pm","DC01.darkzero.htb","NT AUTHORITY\SYSTEM","11","Sysmon","File Created","C:\ProgramData\USOPrivate\UpdateStore\store.db-journal","","","",""
"16/8/2026, 5:34:22.729091 pm","DC01.darkzero.htb","NT AUTHORITY\SYSTEM","11","Sysmon","File Created","C:\ProgramData\USOPrivate\UpdateStore\store.db-journal","","","",""
"16/8/2026, 5:34:22.755414 pm","DC01.darkzero.htb","NT AUTHORITY\SYSTEM","11","Sysmon","File Created","C:\ProgramData\USOPrivate\UpdateStore\store.db-journal","","","",""
"16/8/2026, 5:34:27.91249 pm","DC01.darkzero.htb","ella","4768","Security","Kerberos TGT","","","","0x12","::1"
"16/8/2026, 5:34:27.915028 pm","DC01.darkzero.htb","ella@DARKZERO.HTB","4769","Security","Kerberos Service Ticket","","","","0x12","::1"
"16/8/2026, 5:34:27.924503 pm","DC01.darkzero.htb","ella","4624","Security","Logon","","","","","-"
"16/8/2026, 5:34:27.93721 pm","DC01.darkzero.htb","darkzero\ella","1","Sysmon","Process Creation","","","""powershell.exe"" -NoProfile -NoLogo -NonInteractive -ExecutionPolicy Bypass -File ""C:\Users\ella\access_gitea.ps1""","",""
"16/8/2026, 5:34:28.122071 pm","DC01.darkzero.htb","darkzero\ella","11","Sysmon","File Created","C:\Users\ella.darkzero\AppData\Local\Temp\__PSScriptPolicyTest_zvfo3fcf.tjo.ps1","","","",""
"16/8/2026, 5:34:28.122962 pm","DC01.darkzero.htb","darkzero\ella","11","Sysmon","File Created","C:\Users\ella.darkzero\AppData\Local\Temp\__PSScriptPolicyTest_e0gjecng.t3p.psm1","","","",""
"16/8/2026, 5:34:31.389388 pm","DC01.darkzero.htb","darkzero\ella","11","Sysmon","File Created","C:\Users\ella.darkzero\AppData\Local\Microsoft\Windows\PowerShell\StartupProfileData-NonInteractive","","","",""
"16/8/2026, 5:35:00.510404 pm","DC01.darkzero.htb","DC01$","4672","Security","Privileged Logon","","","SeSecurityPrivilege
			SeBackupPrivilege
			SeRestorePrivilege
			SeTakeOwnershipPrivilege
			SeDebugPrivilege
			SeSystemEnvironmentPrivilege
			SeLoadDriverPrivilege
			SeImpersonatePrivilege
			SeDelegateSessionUserImpersonatePrivilege
			SeEnableDelegationPrivilege","",""
"16/8/2026, 5:35:00.510586 pm","DC01.darkzero.htb","DC01$","4624","Security","Logon","","","","","127.0.0.1"
"16/8/2026, 5:35:16.977563 pm","DC01.darkzero.htb","NT AUTHORITY\SYSTEM","11","Sysmon","File Created","C:\System Volume Information\DFSR\Config\Replica_403BC236-9053-43D0-AAD0-74F0FB6A21A3.XML.TMP","","","",""
"16/8/2026, 5:35:16.982162 pm","DC01.darkzero.htb","NT AUTHORITY\SYSTEM","11","Sysmon","File Created","C:\System Volume Information\DFSR\Config\Volume_57941D7E-1E19-4293-AB21-2231712EE33A.XML.TMP","","","",""
"16/8/2026, 5:35:17.102731 pm","DC01.darkzero.htb","DC01$","4672","Security","Privileged Logon","","","SeSecurityPrivilege
			SeBackupPrivilege
			SeRestorePrivilege
			SeTakeOwnershipPrivilege
			SeDebugPrivilege
			SeSystemEnvironmentPrivilege
			SeLoadDriverPrivilege
			SeImpersonatePrivilege
			SeDelegateSessionUserImpersonatePrivilege
			SeEnableDelegationPrivilege","",""
"16/8/2026, 5:35:17.102933 pm","DC01.darkzero.htb","DC01$","4624","Security","Logon","","","","","172.16.20.1"
"16/8/2026, 5:35:17.23341 pm","DC01.darkzero.htb","DC01$","4672","Security","Privileged Logon","","","SeSecurityPrivilege
			SeBackupPrivilege
			SeRestorePrivilege
			SeTakeOwnershipPrivilege
			SeDebugPrivilege
			SeSystemEnvironmentPrivilege
			SeLoadDriverPrivilege
			SeImpersonatePrivilege
			SeDelegateSessionUserImpersonatePrivilege
			SeEnableDelegationPrivilege","",""
"16/8/2026, 5:35:17.23366 pm","DC01.darkzero.htb","DC01$","4624","Security","Logon","","","","","172.16.20.1"
"16/8/2026, 5:35:27.344393 pm","DC01.darkzero.htb","DC01$","4672","Security","Privileged Logon","","","SeSecurityPrivilege
			SeBackupPrivilege
			SeRestorePrivilege
			SeTakeOwnershipPrivilege
			SeDebugPrivilege
			SeSystemEnvironmentPrivilege
			SeLoadDriverPrivilege
			SeImpersonatePrivilege
			SeDelegateSessionUserImpersonatePrivilege
			SeEnableDelegationPrivilege","",""
"16/8/2026, 5:35:27.344644 pm","DC01.darkzero.htb","DC01$","4624","Security","Logon","","","","","::1"
"16/8/2026, 5:35:27.910038 pm","DC01.darkzero.htb","ella","4768","Security","Kerberos TGT","","","","0x12","::1"
"16/8/2026, 5:35:27.911426 pm","DC01.darkzero.htb","ella@DARKZERO.HTB","4769","Security","Kerberos Service Ticket","","","","0x12","::1"
"16/8/2026, 5:35:27.917725 pm","DC01.darkzero.htb","ella","4624","Security","Logon","","","","","-"
"16/8/2026, 5:35:27.92898 pm","DC01.darkzero.htb","darkzero\ella","1","Sysmon","Process Creation","","","""powershell.exe"" -NoProfile -NoLogo -NonInteractive -ExecutionPolicy Bypass -File ""C:\Users\ella\access_gitea.ps1""","",""
"16/8/2026, 5:35:28.088348 pm","DC01.darkzero.htb","darkzero\ella","11","Sysmon","File Created","C:\Users\ella.darkzero\AppData\Local\Temp\__PSScriptPolicyTest_y0z4foec.3ly.ps1","","","",""
"16/8/2026, 5:35:28.089042 pm","DC01.darkzero.htb","darkzero\ella","11","Sysmon","File Created","C:\Users\ella.darkzero\AppData\Local\Temp\__PSScriptPolicyTest_isu3ewdq.yl1.psm1","","","",""
"16/8/2026, 5:35:31.236623 pm","DC01.darkzero.htb","darkzero\ella","11","Sysmon","File Created","C:\Users\ella.darkzero\AppData\Local\Microsoft\Windows\PowerShell\StartupProfileData-NonInteractive","","","",""
"16/8/2026, 5:35:34.264707 pm","DC01.darkzero.htb","DC01$","4672","Security","Privileged Logon","","","SeSecurityPrivilege
			SeBackupPrivilege
			SeRestorePrivilege
			SeTakeOwnershipPrivilege
			SeDebugPrivilege
			SeSystemEnvironmentPrivilege
			SeLoadDriverPrivilege
			SeImpersonatePrivilege
			SeDelegateSessionUserImpersonatePrivilege
			SeEnableDelegationPrivilege","",""
"16/8/2026, 5:35:34.264887 pm","DC01.darkzero.htb","DC01$","4624","Security","Logon","","","","","172.16.20.1"
"16/8/2026, 5:35:34.273613 pm","DC01.darkzero.htb","DC01$","4672","Security","Privileged Logon","","","SeSecurityPrivilege
			SeBackupPrivilege
			SeRestorePrivilege
			SeTakeOwnershipPrivilege
			SeDebugPrivilege
			SeSystemEnvironmentPrivilege
			SeLoadDriverPrivilege
			SeImpersonatePrivilege
			SeDelegateSessionUserImpersonatePrivilege
			SeEnableDelegationPrivilege","",""
"16/8/2026, 5:35:34.273818 pm","DC01.darkzero.htb","DC01$","4624","Security","Logon","","","","","::1"
"16/8/2026, 5:35:34.283477 pm","DC01.darkzero.htb","DC01$","4672","Security","Privileged Logon","","","SeSecurityPrivilege
			SeBackupPrivilege
			SeRestorePrivilege
			SeTakeOwnershipPrivilege
			SeDebugPrivilege
			SeSystemEnvironmentPrivilege
			SeLoadDriverPrivilege
			SeImpersonatePrivilege
			SeDelegateSessionUserImpersonatePrivilege
			SeEnableDelegationPrivilege","",""
"16/8/2026, 5:35:34.283629 pm","DC01.darkzero.htb","DC01$","4624","Security","Logon","","","","","::1"
"16/8/2026, 5:35:34.290885 pm","DC01.darkzero.htb","DC01$","4672","Security","Privileged Logon","","","SeSecurityPrivilege
			SeBackupPrivilege
			SeRestorePrivilege
			SeTakeOwnershipPrivilege
			SeDebugPrivilege
			SeSystemEnvironmentPrivilege
			SeLoadDriverPrivilege
			SeImpersonatePrivilege
			SeDelegateSessionUserImpersonatePrivilege
			SeEnableDelegationPrivilege","",""
"16/8/2026, 5:35:34.291044 pm","DC01.darkzero.htb","DC01$","4624","Security","Logon","","","","","10.129.28.204"
"16/8/2026, 5:35:34.310283 pm","DC01.darkzero.htb","DC01$","4672","Security","Privileged Logon","","","SeSecurityPrivilege
			SeBackupPrivilege
			SeRestorePrivilege
			SeTakeOwnershipPrivilege
			SeDebugPrivilege
			SeSystemEnvironmentPrivilege
			SeLoadDriverPrivilege
			SeImpersonatePrivilege
			SeDelegateSessionUserImpersonatePrivilege
			SeEnableDelegationPrivilege","",""
"16/8/2026, 5:35:34.310484 pm","DC01.darkzero.htb","DC01$","4624","Security","Logon","","","","","::1"
"16/8/2026, 5:36:00.514812 pm","DC01.darkzero.htb","DC01$","4672","Security","Privileged Logon","","","SeSecurityPrivilege
			SeBackupPrivilege
			SeRestorePrivilege
			SeTakeOwnershipPrivilege
			SeDebugPrivilege
			SeSystemEnvironmentPrivilege
			SeLoadDriverPrivilege
			SeImpersonatePrivilege
			SeDelegateSessionUserImpersonatePrivilege
			SeEnableDelegationPrivilege","",""
"16/8/2026, 5:36:00.514978 pm","DC01.darkzero.htb","DC01$","4624","Security","Logon","","","","","127.0.0.1"
"16/8/2026, 5:36:27.910027 pm","DC01.darkzero.htb","ella","4768","Security","Kerberos TGT","","","","0x12","::1"
"16/8/2026, 5:36:27.911565 pm","DC01.darkzero.htb","ella@DARKZERO.HTB","4769","Security","Kerberos Service Ticket","","","","0x12","::1"
"16/8/2026, 5:36:27.919194 pm","DC01.darkzero.htb","ella","4624","Security","Logon","","","","","-"
"16/8/2026, 5:36:27.928827 pm","DC01.darkzero.htb","darkzero\ella","1","Sysmon","Process Creation","","","""powershell.exe"" -NoProfile -NoLogo -NonInteractive -ExecutionPolicy Bypass -File ""C:\Users\ella\access_gitea.ps1""","",""
"16/8/2026, 5:36:28.079963 pm","DC01.darkzero.htb","darkzero\ella","11","Sysmon","File Created","C:\Users\ella.darkzero\AppData\Local\Temp\__PSScriptPolicyTest_gikhvwoi.xwv.ps1","","","",""
"16/8/2026, 5:36:28.080663 pm","DC01.darkzero.htb","darkzero\ella","11","Sysmon","File Created","C:\Users\ella.darkzero\AppData\Local\Temp\__PSScriptPolicyTest_uscgathj.5sp.psm1","","","",""
"16/8/2026, 5:36:31.202661 pm","DC01.darkzero.htb","darkzero\ella","11","Sysmon","File Created","C:\Users\ella.darkzero\AppData\Local\Microsoft\Windows\PowerShell\StartupProfileData-NonInteractive","","","",""
"16/8/2026, 5:37:00.520875 pm","DC01.darkzero.htb","DC01$","4672","Security","Privileged Logon","","","SeSecurityPrivilege
			SeBackupPrivilege
			SeRestorePrivilege
			SeTakeOwnershipPrivilege
			SeDebugPrivilege
			SeSystemEnvironmentPrivilege
			SeLoadDriverPrivilege
			SeImpersonatePrivilege
			SeDelegateSessionUserImpersonatePrivilege
			SeEnableDelegationPrivilege","",""
"16/8/2026, 5:37:00.521257 pm","DC01.darkzero.htb","DC01$","4624","Security","Logon","","","","","127.0.0.1"
"16/8/2026, 5:37:27.908122 pm","DC01.darkzero.htb","ella","4768","Security","Kerberos TGT","","","","0x12","::1"
"16/8/2026, 5:37:27.909699 pm","DC01.darkzero.htb","ella@DARKZERO.HTB","4769","Security","Kerberos Service Ticket","","","","0x12","::1"
"16/8/2026, 5:37:27.916333 pm","DC01.darkzero.htb","ella","4624","Security","Logon","","","","","-"
"16/8/2026, 5:37:27.925748 pm","DC01.darkzero.htb","darkzero\ella","1","Sysmon","Process Creation","","","""powershell.exe"" -NoProfile -NoLogo -NonInteractive -ExecutionPolicy Bypass -File ""C:\Users\ella\access_gitea.ps1""","",""
"16/8/2026, 5:37:28.081966 pm","DC01.darkzero.htb","darkzero\ella","11","Sysmon","File Created","C:\Users\ella.darkzero\AppData\Local\Temp\__PSScriptPolicyTest_2x0ze2bh.5zg.ps1","","","",""
"16/8/2026, 5:37:28.082918 pm","DC01.darkzero.htb","darkzero\ella","11","Sysmon","File Created","C:\Users\ella.darkzero\AppData\Local\Temp\__PSScriptPolicyTest_y14ex4a0.mzy.psm1","","","",""
"16/8/2026, 5:37:31.225062 pm","DC01.darkzero.htb","darkzero\ella","11","Sysmon","File Created","C:\Users\ella.darkzero\AppData\Local\Microsoft\Windows\PowerShell\StartupProfileData-NonInteractive","","","",""
"16/8/2026, 5:38:00.523251 pm","DC01.darkzero.htb","DC01$","4672","Security","Privileged Logon","","","SeSecurityPrivilege
			SeBackupPrivilege
			SeRestorePrivilege
			SeTakeOwnershipPrivilege
			SeDebugPrivilege
			SeSystemEnvironmentPrivilege
			SeLoadDriverPrivilege
			SeImpersonatePrivilege
			SeDelegateSessionUserImpersonatePrivilege
			SeEnableDelegationPrivilege","",""
"16/8/2026, 5:38:00.523465 pm","DC01.darkzero.htb","DC01$","4624","Security","Logon","","","","","127.0.0.1"
"16/8/2026, 5:38:27.914112 pm","DC01.darkzero.htb","ella","4768","Security","Kerberos TGT","","","","0x12","::1"
"16/8/2026, 5:38:27.915624 pm","DC01.darkzero.htb","ella@DARKZERO.HTB","4769","Security","Kerberos Service Ticket","","","","0x12","::1"
"16/8/2026, 5:38:27.922289 pm","DC01.darkzero.htb","ella","4624","Security","Logon","","","","","-"
"16/8/2026, 5:38:27.931563 pm","DC01.darkzero.htb","darkzero\ella","1","Sysmon","Process Creation","","","""powershell.exe"" -NoProfile -NoLogo -NonInteractive -ExecutionPolicy Bypass -File ""C:\Users\ella\access_gitea.ps1""","",""
"16/8/2026, 5:38:28.083853 pm","DC01.darkzero.htb","darkzero\ella","11","Sysmon","File Created","C:\Users\ella.darkzero\AppData\Local\Temp\__PSScriptPolicyTest_jgiqcxcy.qyr.ps1","","","",""
"16/8/2026, 5:38:28.084709 pm","DC01.darkzero.htb","darkzero\ella","11","Sysmon","File Created","C:\Users\ella.darkzero\AppData\Local\Temp\__PSScriptPolicyTest_zxw2q4ut.ye5.psm1","","","",""
"16/8/2026, 5:38:31.285332 pm","DC01.darkzero.htb","darkzero\ella","11","Sysmon","File Created","C:\Users\ella.darkzero\AppData\Local\Microsoft\Windows\PowerShell\StartupProfileData-NonInteractive","","","",""
"16/8/2026, 5:39:00.554187 pm","DC01.darkzero.htb","DC01$","4672","Security","Privileged Logon","","","SeSecurityPrivilege
			SeBackupPrivilege
			SeRestorePrivilege
			SeTakeOwnershipPrivilege
			SeDebugPrivilege
			SeSystemEnvironmentPrivilege
			SeLoadDriverPrivilege
			SeImpersonatePrivilege
			SeDelegateSessionUserImpersonatePrivilege
			SeEnableDelegationPrivilege","",""
"16/8/2026, 5:39:00.554355 pm","DC01.darkzero.htb","DC01$","4624","Security","Logon","","","","","127.0.0.1"
"16/8/2026, 5:39:27.92063 pm","DC01.darkzero.htb","ella","4768","Security","Kerberos TGT","","","","0x12","::1"
"16/8/2026, 5:39:27.922533 pm","DC01.darkzero.htb","ella@DARKZERO.HTB","4769","Security","Kerberos Service Ticket","","","","0x12","::1"
"16/8/2026, 5:39:27.928858 pm","DC01.darkzero.htb","ella","4624","Security","Logon","","","","","-"
"16/8/2026, 5:39:27.937729 pm","DC01.darkzero.htb","darkzero\ella","1","Sysmon","Process Creation","","","""powershell.exe"" -NoProfile -NoLogo -NonInteractive -ExecutionPolicy Bypass -File ""C:\Users\ella\access_gitea.ps1""","",""
"16/8/2026, 5:39:28.105725 pm","DC01.darkzero.htb","darkzero\ella","11","Sysmon","File Created","C:\Users\ella.darkzero\AppData\Local\Temp\__PSScriptPolicyTest_mon0hl3l.1rb.ps1","","","",""
"16/8/2026, 5:39:28.106667 pm","DC01.darkzero.htb","darkzero\ella","11","Sysmon","File Created","C:\Users\ella.darkzero\AppData\Local\Temp\__PSScriptPolicyTest_blxnivpf.lpf.psm1","","","",""
"16/8/2026, 5:39:31.277824 pm","DC01.darkzero.htb","darkzero\ella","11","Sysmon","File Created","C:\Users\ella.darkzero\AppData\Local\Microsoft\Windows\PowerShell\StartupProfileData-NonInteractive","","","",""
"16/8/2026, 5:40:00.565198 pm","DC01.darkzero.htb","DC01$","4672","Security","Privileged Logon","","","SeSecurityPrivilege
			SeBackupPrivilege
			SeRestorePrivilege
			SeTakeOwnershipPrivilege
			SeDebugPrivilege
			SeSystemEnvironmentPrivilege
			SeLoadDriverPrivilege
			SeImpersonatePrivilege
			SeDelegateSessionUserImpersonatePrivilege
			SeEnableDelegationPrivilege","",""
"16/8/2026, 5:40:00.565364 pm","DC01.darkzero.htb","DC01$","4624","Security","Logon","","","","","127.0.0.1"
"16/8/2026, 5:40:17.362067 pm","DC01.darkzero.htb","NT AUTHORITY\SYSTEM","11","Sysmon","File Created","C:\System Volume Information\DFSR\Config\Replica_403BC236-9053-43D0-AAD0-74F0FB6A21A3.XML.TMP","","","",""
"16/8/2026, 5:40:17.366709 pm","DC01.darkzero.htb","NT AUTHORITY\SYSTEM","11","Sysmon","File Created","C:\System Volume Information\DFSR\Config\Volume_57941D7E-1E19-4293-AB21-2231712EE33A.XML.TMP","","","",""
"16/8/2026, 5:40:17.479165 pm","DC01.darkzero.htb","DC01$","4672","Security","Privileged Logon","","","SeSecurityPrivilege
			SeBackupPrivilege
			SeRestorePrivilege
			SeTakeOwnershipPrivilege
			SeDebugPrivilege
			SeSystemEnvironmentPrivilege
			SeLoadDriverPrivilege
			SeImpersonatePrivilege
			SeDelegateSessionUserImpersonatePrivilege
			SeEnableDelegationPrivilege","",""
"16/8/2026, 5:40:17.479354 pm","DC01.darkzero.htb","DC01$","4624","Security","Logon","","","","","172.16.20.1"
"16/8/2026, 5:40:17.597124 pm","DC01.darkzero.htb","DC01$","4672","Security","Privileged Logon","","","SeSecurityPrivilege
			SeBackupPrivilege
			SeRestorePrivilege
			SeTakeOwnershipPrivilege
			SeDebugPrivilege
			SeSystemEnvironmentPrivilege
			SeLoadDriverPrivilege
			SeImpersonatePrivilege
			SeDelegateSessionUserImpersonatePrivilege
			SeEnableDelegationPrivilege","",""
"16/8/2026, 5:40:17.597292 pm","DC01.darkzero.htb","DC01$","4624","Security","Logon","","","","","172.16.20.1"
"16/8/2026, 5:40:27.917228 pm","DC01.darkzero.htb","ella","4768","Security","Kerberos TGT","","","","0x12","::1"
"16/8/2026, 5:40:27.918737 pm","DC01.darkzero.htb","ella@DARKZERO.HTB","4769","Security","Kerberos Service Ticket","","","","0x12","::1"
"16/8/2026, 5:40:27.925107 pm","DC01.darkzero.htb","ella","4624","Security","Logon","","","","","-"
"16/8/2026, 5:40:27.934163 pm","DC01.darkzero.htb","darkzero\ella","1","Sysmon","Process Creation","","","""powershell.exe"" -NoProfile -NoLogo -NonInteractive -ExecutionPolicy Bypass -File ""C:\Users\ella\access_gitea.ps1""","",""
"16/8/2026, 5:40:28.086834 pm","DC01.darkzero.htb","darkzero\ella","11","Sysmon","File Created","C:\Users\ella.darkzero\AppData\Local\Temp\__PSScriptPolicyTest_abau5oqp.qki.ps1","","","",""
"16/8/2026, 5:40:28.088078 pm","DC01.darkzero.htb","darkzero\ella","11","Sysmon","File Created","C:\Users\ella.darkzero\AppData\Local\Temp\__PSScriptPolicyTest_om52us2l.4kw.psm1","","","",""
"16/8/2026, 5:40:31.20019 pm","DC01.darkzero.htb","darkzero\ella","11","Sysmon","File Created","C:\Users\ella.darkzero\AppData\Local\Microsoft\Windows\PowerShell\StartupProfileData-NonInteractive","","","",""
"16/8/2026, 5:40:34.45384 pm","DC01.darkzero.htb","DC01$","4672","Security","Privileged Logon","","","SeSecurityPrivilege
			SeBackupPrivilege
			SeRestorePrivilege
			SeTakeOwnershipPrivilege
			SeDebugPrivilege
			SeSystemEnvironmentPrivilege
			SeLoadDriverPrivilege
			SeImpersonatePrivilege
			SeDelegateSessionUserImpersonatePrivilege
			SeEnableDelegationPrivilege","",""
"16/8/2026, 5:40:34.45402 pm","DC01.darkzero.htb","DC01$","4624","Security","Logon","","","","","172.16.20.1"
"16/8/2026, 5:40:34.461718 pm","DC01.darkzero.htb","DC01$","4672","Security","Privileged Logon","","","SeSecurityPrivilege
			SeBackupPrivilege
			SeRestorePrivilege
			SeTakeOwnershipPrivilege
			SeDebugPrivilege
			SeSystemEnvironmentPrivilege
			SeLoadDriverPrivilege
			SeImpersonatePrivilege
			SeDelegateSessionUserImpersonatePrivilege
			SeEnableDelegationPrivilege","",""
"16/8/2026, 5:40:34.461919 pm","DC01.darkzero.htb","DC01$","4624","Security","Logon","","","","","::1"
"16/8/2026, 5:40:34.47214 pm","DC01.darkzero.htb","DC01$","4672","Security","Privileged Logon","","","SeSecurityPrivilege
			SeBackupPrivilege
			SeRestorePrivilege
			SeTakeOwnershipPrivilege
			SeDebugPrivilege
			SeSystemEnvironmentPrivilege
			SeLoadDriverPrivilege
			SeImpersonatePrivilege
			SeDelegateSessionUserImpersonatePrivilege
			SeEnableDelegationPrivilege","",""
"16/8/2026, 5:40:34.472315 pm","DC01.darkzero.htb","DC01$","4624","Security","Logon","","","","","::1"
"16/8/2026, 5:40:34.479224 pm","DC01.darkzero.htb","DC01$","4672","Security","Privileged Logon","","","SeSecurityPrivilege
			SeBackupPrivilege
			SeRestorePrivilege
			SeTakeOwnershipPrivilege
			SeDebugPrivilege
			SeSystemEnvironmentPrivilege
			SeLoadDriverPrivilege
			SeImpersonatePrivilege
			SeDelegateSessionUserImpersonatePrivilege
			SeEnableDelegationPrivilege","",""
"16/8/2026, 5:40:34.479416 pm","DC01.darkzero.htb","DC01$","4624","Security","Logon","","","","","10.129.28.204"
"16/8/2026, 5:40:34.499557 pm","DC01.darkzero.htb","DC01$","4672","Security","Privileged Logon","","","SeSecurityPrivilege
			SeBackupPrivilege
			SeRestorePrivilege
			SeTakeOwnershipPrivilege
			SeDebugPrivilege
			SeSystemEnvironmentPrivilege
			SeLoadDriverPrivilege
			SeImpersonatePrivilege
			SeDelegateSessionUserImpersonatePrivilege
			SeEnableDelegationPrivilege","",""
"16/8/2026, 5:40:34.499731 pm","DC01.darkzero.htb","DC01$","4624","Security","Logon","","","","","::1"
"16/8/2026, 5:41:00.564602 pm","DC01.darkzero.htb","DC01$","4672","Security","Privileged Logon","","","SeSecurityPrivilege
			SeBackupPrivilege
			SeRestorePrivilege
			SeTakeOwnershipPrivilege
			SeDebugPrivilege
			SeSystemEnvironmentPrivilege
			SeLoadDriverPrivilege
			SeImpersonatePrivilege
			SeDelegateSessionUserImpersonatePrivilege
			SeEnableDelegationPrivilege","",""
"16/8/2026, 5:41:00.564776 pm","DC01.darkzero.htb","DC01$","4624","Security","Logon","","","","","127.0.0.1"
"16/8/2026, 5:41:27.928048 pm","DC01.darkzero.htb","ella","4768","Security","Kerberos TGT","","","","0x12","::1"
"16/8/2026, 5:41:27.929732 pm","DC01.darkzero.htb","ella@DARKZERO.HTB","4769","Security","Kerberos Service Ticket","","","","0x12","::1"
"16/8/2026, 5:41:27.93755 pm","DC01.darkzero.htb","ella","4624","Security","Logon","","","","","-"
"16/8/2026, 5:41:27.948017 pm","DC01.darkzero.htb","darkzero\ella","1","Sysmon","Process Creation","","","""powershell.exe"" -NoProfile -NoLogo -NonInteractive -ExecutionPolicy Bypass -File ""C:\Users\ella\access_gitea.ps1""","",""
"16/8/2026, 5:41:28.088517 pm","DC01.darkzero.htb","darkzero\ella","11","Sysmon","File Created","C:\Users\ella.darkzero\AppData\Local\Temp\__PSScriptPolicyTest_eq5ynybo.5al.ps1","","","",""
"16/8/2026, 5:41:28.088787 pm","DC01.darkzero.htb","darkzero\ella","11","Sysmon","File Created","C:\Users\ella.darkzero\AppData\Local\Temp\__PSScriptPolicyTest_fit3a1ob.t32.psm1","","","",""
"16/8/2026, 5:41:31.214304 pm","DC01.darkzero.htb","darkzero\ella","11","Sysmon","File Created","C:\Users\ella.darkzero\AppData\Local\Microsoft\Windows\PowerShell\StartupProfileData-NonInteractive","","","",""
"16/8/2026, 5:42:00.568723 pm","DC01.darkzero.htb","DC01$","4672","Security","Privileged Logon","","","SeSecurityPrivilege
			SeBackupPrivilege
			SeRestorePrivilege
			SeTakeOwnershipPrivilege
			SeDebugPrivilege
			SeSystemEnvironmentPrivilege
			SeLoadDriverPrivilege
			SeImpersonatePrivilege
			SeDelegateSessionUserImpersonatePrivilege
			SeEnableDelegationPrivilege","",""
"16/8/2026, 5:42:00.568915 pm","DC01.darkzero.htb","DC01$","4624","Security","Logon","","","","","127.0.0.1"
"16/8/2026, 5:42:27.926571 pm","DC01.darkzero.htb","ella","4768","Security","Kerberos TGT","","","","0x12","::1"
"16/8/2026, 5:42:27.927918 pm","DC01.darkzero.htb","ella@DARKZERO.HTB","4769","Security","Kerberos Service Ticket","","","","0x12","::1"
"16/8/2026, 5:42:27.93487 pm","DC01.darkzero.htb","ella","4624","Security","Logon","","","","","-"
"16/8/2026, 5:42:27.943278 pm","DC01.darkzero.htb","darkzero\ella","1","Sysmon","Process Creation","","","""powershell.exe"" -NoProfile -NoLogo -NonInteractive -ExecutionPolicy Bypass -File ""C:\Users\ella\access_gitea.ps1""","",""
"16/8/2026, 5:42:28.080061 pm","DC01.darkzero.htb","darkzero\ella","11","Sysmon","File Created","C:\Users\ella.darkzero\AppData\Local\Temp\__PSScriptPolicyTest_e3x5cijz.atg.ps1","","","",""
"16/8/2026, 5:42:28.08143 pm","DC01.darkzero.htb","darkzero\ella","11","Sysmon","File Created","C:\Users\ella.darkzero\AppData\Local\Temp\__PSScriptPolicyTest_2x0o2rfm.i4h.psm1","","","",""
"16/8/2026, 5:42:31.190896 pm","DC01.darkzero.htb","darkzero\ella","11","Sysmon","File Created","C:\Users\ella.darkzero\AppData\Local\Microsoft\Windows\PowerShell\StartupProfileData-NonInteractive","","","",""
"16/8/2026, 5:43:00.573973 pm","DC01.darkzero.htb","DC01$","4672","Security","Privileged Logon","","","SeSecurityPrivilege
			SeBackupPrivilege
			SeRestorePrivilege
			SeTakeOwnershipPrivilege
			SeDebugPrivilege
			SeSystemEnvironmentPrivilege
			SeLoadDriverPrivilege
			SeImpersonatePrivilege
			SeDelegateSessionUserImpersonatePrivilege
			SeEnableDelegationPrivilege","",""
"16/8/2026, 5:43:00.574178 pm","DC01.darkzero.htb","DC01$","4624","Security","Logon","","","","","127.0.0.1"
"16/8/2026, 5:43:27.927334 pm","DC01.darkzero.htb","ella","4768","Security","Kerberos TGT","","","","0x12","::1"
"16/8/2026, 5:43:27.929017 pm","DC01.darkzero.htb","ella@DARKZERO.HTB","4769","Security","Kerberos Service Ticket","","","","0x12","::1"
"16/8/2026, 5:43:27.93524 pm","DC01.darkzero.htb","ella","4624","Security","Logon","","","","","-"
"16/8/2026, 5:43:27.94375 pm","DC01.darkzero.htb","darkzero\ella","1","Sysmon","Process Creation","","","""powershell.exe"" -NoProfile -NoLogo -NonInteractive -ExecutionPolicy Bypass -File ""C:\Users\ella\access_gitea.ps1""","",""
"16/8/2026, 5:43:28.090819 pm","DC01.darkzero.htb","darkzero\ella","11","Sysmon","File Created","C:\Users\ella.darkzero\AppData\Local\Temp\__PSScriptPolicyTest_c134cy21.3bu.ps1","","","",""
"16/8/2026, 5:43:28.091655 pm","DC01.darkzero.htb","darkzero\ella","11","Sysmon","File Created","C:\Users\ella.darkzero\AppData\Local\Temp\__PSScriptPolicyTest_behyyokf.z0z.psm1","","","",""
"16/8/2026, 5:43:31.175399 pm","DC01.darkzero.htb","darkzero\ella","11","Sysmon","File Created","C:\Users\ella.darkzero\AppData\Local\Microsoft\Windows\PowerShell\StartupProfileData-NonInteractive","","","",""
"16/8/2026, 5:44:00.589321 pm","DC01.darkzero.htb","DC01$","4672","Security","Privileged Logon","","","SeSecurityPrivilege
			SeBackupPrivilege
			SeRestorePrivilege
			SeTakeOwnershipPrivilege
			SeDebugPrivilege
			SeSystemEnvironmentPrivilege
			SeLoadDriverPrivilege
			SeImpersonatePrivilege
			SeDelegateSessionUserImpersonatePrivilege
			SeEnableDelegationPrivilege","",""
"16/8/2026, 5:44:00.589542 pm","DC01.darkzero.htb","DC01$","4624","Security","Logon","","","","","127.0.0.1"
"16/8/2026, 5:44:20.709918 pm","DC01.darkzero.htb","DC01$","4662","Security","Object Access (poss. DCSync)","%{c5b34810-a7d4-48a4-ad4c-5fb4ab0f8fed}","","","",""
"16/8/2026, 5:44:27.928812 pm","DC01.darkzero.htb","ella","4768","Security","Kerberos TGT","","","","0x12","::1"
"16/8/2026, 5:44:27.93053 pm","DC01.darkzero.htb","ella@DARKZERO.HTB","4769","Security","Kerberos Service Ticket","","","","0x12","::1"
"16/8/2026, 5:44:27.937787 pm","DC01.darkzero.htb","ella","4624","Security","Logon","","","","","-"
"16/8/2026, 5:44:27.947201 pm","DC01.darkzero.htb","darkzero\ella","1","Sysmon","Process Creation","","","""powershell.exe"" -NoProfile -NoLogo -NonInteractive -ExecutionPolicy Bypass -File ""C:\Users\ella\access_gitea.ps1""","",""
"16/8/2026, 5:44:28.109596 pm","DC01.darkzero.htb","darkzero\ella","11","Sysmon","File Created","C:\Users\ella.darkzero\AppData\Local\Temp\__PSScriptPolicyTest_2nsay3ui.f3y.ps1","","","",""
"16/8/2026, 5:44:28.111123 pm","DC01.darkzero.htb","darkzero\ella","11","Sysmon","File Created","C:\Users\ella.darkzero\AppData\Local\Temp\__PSScriptPolicyTest_csjga2ga.h2s.psm1","","","",""
"16/8/2026, 5:44:31.229985 pm","DC01.darkzero.htb","darkzero\ella","11","Sysmon","File Created","C:\Users\ella.darkzero\AppData\Local\Microsoft\Windows\PowerShell\StartupProfileData-NonInteractive","","","",""
"16/8/2026, 5:45:00.596037 pm","DC01.darkzero.htb","DC01$","4672","Security","Privileged Logon","","","SeSecurityPrivilege
			SeBackupPrivilege
			SeRestorePrivilege
			SeTakeOwnershipPrivilege
			SeDebugPrivilege
			SeSystemEnvironmentPrivilege
			SeLoadDriverPrivilege
			SeImpersonatePrivilege
			SeDelegateSessionUserImpersonatePrivilege
			SeEnableDelegationPrivilege","",""
"16/8/2026, 5:45:00.596458 pm","DC01.darkzero.htb","DC01$","4624","Security","Logon","","","","","127.0.0.1"
"16/8/2026, 5:45:17.743577 pm","DC01.darkzero.htb","NT AUTHORITY\SYSTEM","11","Sysmon","File Created","C:\System Volume Information\DFSR\Config\Replica_403BC236-9053-43D0-AAD0-74F0FB6A21A3.XML.TMP","","","",""
"16/8/2026, 5:45:17.750095 pm","DC01.darkzero.htb","NT AUTHORITY\SYSTEM","11","Sysmon","File Created","C:\System Volume Information\DFSR\Config\Volume_57941D7E-1E19-4293-AB21-2231712EE33A.XML.TMP","","","",""
"16/8/2026, 5:45:17.86465 pm","DC01.darkzero.htb","DC01$","4672","Security","Privileged Logon","","","SeSecurityPrivilege
			SeBackupPrivilege
			SeRestorePrivilege
			SeTakeOwnershipPrivilege
			SeDebugPrivilege
			SeSystemEnvironmentPrivilege
			SeLoadDriverPrivilege
			SeImpersonatePrivilege
			SeDelegateSessionUserImpersonatePrivilege
			SeEnableDelegationPrivilege","",""
"16/8/2026, 5:45:17.864828 pm","DC01.darkzero.htb","DC01$","4624","Security","Logon","","","","","172.16.20.1"
"16/8/2026, 5:45:17.988491 pm","DC01.darkzero.htb","DC01$","4672","Security","Privileged Logon","","","SeSecurityPrivilege
			SeBackupPrivilege
			SeRestorePrivilege
			SeTakeOwnershipPrivilege
			SeDebugPrivilege
			SeSystemEnvironmentPrivilege
			SeLoadDriverPrivilege
			SeImpersonatePrivilege
			SeDelegateSessionUserImpersonatePrivilege
			SeEnableDelegationPrivilege","",""
"16/8/2026, 5:45:17.988741 pm","DC01.darkzero.htb","DC01$","4624","Security","Logon","","","","","172.16.20.1"
"16/8/2026, 5:45:27.358908 pm","DC01.darkzero.htb","DC01$","4672","Security","Privileged Logon","","","SeSecurityPrivilege
			SeBackupPrivilege
			SeRestorePrivilege
			SeTakeOwnershipPrivilege
			SeDebugPrivilege
			SeSystemEnvironmentPrivilege
			SeLoadDriverPrivilege
			SeImpersonatePrivilege
			SeDelegateSessionUserImpersonatePrivilege
			SeEnableDelegationPrivilege","",""
"16/8/2026, 5:45:27.359209 pm","DC01.darkzero.htb","DC01$","4624","Security","Logon","","","","","::1"
"16/8/2026, 5:45:27.946259 pm","DC01.darkzero.htb","ella","4768","Security","Kerberos TGT","","","","0x12","::1"
"16/8/2026, 5:45:27.94897 pm","DC01.darkzero.htb","ella@DARKZERO.HTB","4769","Security","Kerberos Service Ticket","","","","0x12","::1"
"16/8/2026, 5:45:27.95745 pm","DC01.darkzero.htb","ella","4624","Security","Logon","","","","","-"
"16/8/2026, 5:45:27.969348 pm","DC01.darkzero.htb","darkzero\ella","1","Sysmon","Process Creation","","","""powershell.exe"" -NoProfile -NoLogo -NonInteractive -ExecutionPolicy Bypass -File ""C:\Users\ella\access_gitea.ps1""","",""
"16/8/2026, 5:45:28.144403 pm","DC01.darkzero.htb","darkzero\ella","11","Sysmon","File Created","C:\Users\ella.darkzero\AppData\Local\Temp\__PSScriptPolicyTest_ovotomcg.35v.ps1","","","",""
"16/8/2026, 5:45:28.145086 pm","DC01.darkzero.htb","darkzero\ella","11","Sysmon","File Created","C:\Users\ella.darkzero\AppData\Local\Temp\__PSScriptPolicyTest_h101pxza.b1g.psm1","","","",""
"16/8/2026, 5:45:31.328336 pm","DC01.darkzero.htb","darkzero\ella","11","Sysmon","File Created","C:\Users\ella.darkzero\AppData\Local\Microsoft\Windows\PowerShell\StartupProfileData-NonInteractive","","","",""
"16/8/2026, 5:45:34.641938 pm","DC01.darkzero.htb","DC01$","4672","Security","Privileged Logon","","","SeSecurityPrivilege
			SeBackupPrivilege
			SeRestorePrivilege
			SeTakeOwnershipPrivilege
			SeDebugPrivilege
			SeSystemEnvironmentPrivilege
			SeLoadDriverPrivilege
			SeImpersonatePrivilege
			SeDelegateSessionUserImpersonatePrivilege
			SeEnableDelegationPrivilege","",""
"16/8/2026, 5:45:34.642194 pm","DC01.darkzero.htb","DC01$","4624","Security","Logon","","","","","172.16.20.1"
"16/8/2026, 5:45:34.656656 pm","DC01.darkzero.htb","DC01$","4672","Security","Privileged Logon","","","SeSecurityPrivilege
			SeBackupPrivilege
			SeRestorePrivilege
			SeTakeOwnershipPrivilege
			SeDebugPrivilege
			SeSystemEnvironmentPrivilege
			SeLoadDriverPrivilege
			SeImpersonatePrivilege
			SeDelegateSessionUserImpersonatePrivilege
			SeEnableDelegationPrivilege","",""
"16/8/2026, 5:45:34.656949 pm","DC01.darkzero.htb","DC01$","4624","Security","Logon","","","","","::1"
"16/8/2026, 5:45:34.668498 pm","DC01.darkzero.htb","DC01$","4672","Security","Privileged Logon","","","SeSecurityPrivilege
			SeBackupPrivilege
			SeRestorePrivilege
			SeTakeOwnershipPrivilege
			SeDebugPrivilege
			SeSystemEnvironmentPrivilege
			SeLoadDriverPrivilege
			SeImpersonatePrivilege
			SeDelegateSessionUserImpersonatePrivilege
			SeEnableDelegationPrivilege","",""
"16/8/2026, 5:45:34.668734 pm","DC01.darkzero.htb","DC01$","4624","Security","Logon","","","","","::1"
"16/8/2026, 5:45:34.67813 pm","DC01.darkzero.htb","DC01$","4672","Security","Privileged Logon","","","SeSecurityPrivilege
			SeBackupPrivilege
			SeRestorePrivilege
			SeTakeOwnershipPrivilege
			SeDebugPrivilege
			SeSystemEnvironmentPrivilege
			SeLoadDriverPrivilege
			SeImpersonatePrivilege
			SeDelegateSessionUserImpersonatePrivilege
			SeEnableDelegationPrivilege","",""
"16/8/2026, 5:45:34.678344 pm","DC01.darkzero.htb","DC01$","4624","Security","Logon","","","","","10.129.28.204"
"16/8/2026, 5:45:34.702159 pm","DC01.darkzero.htb","DC01$","4672","Security","Privileged Logon","","","SeSecurityPrivilege
			SeBackupPrivilege
			SeRestorePrivilege
			SeTakeOwnershipPrivilege
			SeDebugPrivilege
			SeSystemEnvironmentPrivilege
			SeLoadDriverPrivilege
			SeImpersonatePrivilege
			SeDelegateSessionUserImpersonatePrivilege
			SeEnableDelegationPrivilege","",""
"16/8/2026, 5:45:34.702381 pm","DC01.darkzero.htb","DC01$","4624","Security","Logon","","","","","::1"
"16/8/2026, 5:46:00.604113 pm","DC01.darkzero.htb","DC01$","4672","Security","Privileged Logon","","","SeSecurityPrivilege
			SeBackupPrivilege
			SeRestorePrivilege
			SeTakeOwnershipPrivilege
			SeDebugPrivilege
			SeSystemEnvironmentPrivilege
			SeLoadDriverPrivilege
			SeImpersonatePrivilege
			SeDelegateSessionUserImpersonatePrivilege
			SeEnableDelegationPrivilege","",""
"16/8/2026, 5:46:00.604347 pm","DC01.darkzero.htb","DC01$","4624","Security","Logon","","","","","127.0.0.1"
"16/8/2026, 5:46:27.947091 pm","DC01.darkzero.htb","ella","4768","Security","Kerberos TGT","","","","0x12","::1"
"16/8/2026, 5:46:27.948683 pm","DC01.darkzero.htb","ella@DARKZERO.HTB","4769","Security","Kerberos Service Ticket","","","","0x12","::1"
"16/8/2026, 5:46:27.955175 pm","DC01.darkzero.htb","ella","4624","Security","Logon","","","","","-"
"16/8/2026, 5:46:27.96381 pm","DC01.darkzero.htb","darkzero\ella","1","Sysmon","Process Creation","","","""powershell.exe"" -NoProfile -NoLogo -NonInteractive -ExecutionPolicy Bypass -File ""C:\Users\ella\access_gitea.ps1""","",""
"16/8/2026, 5:46:28.11485 pm","DC01.darkzero.htb","darkzero\ella","11","Sysmon","File Created","C:\Users\ella.darkzero\AppData\Local\Temp\__PSScriptPolicyTest_mr04qwdo.0ux.ps1","","","",""
"16/8/2026, 5:46:28.115681 pm","DC01.darkzero.htb","darkzero\ella","11","Sysmon","File Created","C:\Users\ella.darkzero\AppData\Local\Temp\__PSScriptPolicyTest_lof0lxjr.w0h.psm1","","","",""
"16/8/2026, 5:46:31.172515 pm","DC01.darkzero.htb","darkzero\ella","11","Sysmon","File Created","C:\Users\ella.darkzero\AppData\Local\Microsoft\Windows\PowerShell\StartupProfileData-NonInteractive","","","",""
"16/8/2026, 5:47:00.635233 pm","DC01.darkzero.htb","DC01$","4672","Security","Privileged Logon","","","SeSecurityPrivilege
			SeBackupPrivilege
			SeRestorePrivilege
			SeTakeOwnershipPrivilege
			SeDebugPrivilege
			SeSystemEnvironmentPrivilege
			SeLoadDriverPrivilege
			SeImpersonatePrivilege
			SeDelegateSessionUserImpersonatePrivilege
			SeEnableDelegationPrivilege","",""
"16/8/2026, 5:47:00.635402 pm","DC01.darkzero.htb","DC01$","4624","Security","Logon","","","","","127.0.0.1"
"16/8/2026, 5:47:25.027654 pm","DC01.darkzero.htb","DC01$","4672","Security","Privileged Logon","","","SeSecurityPrivilege
			SeBackupPrivilege
			SeRestorePrivilege
			SeTakeOwnershipPrivilege
			SeDebugPrivilege
			SeSystemEnvironmentPrivilege
			SeLoadDriverPrivilege
			SeImpersonatePrivilege
			SeDelegateSessionUserImpersonatePrivilege
			SeEnableDelegationPrivilege","",""
"16/8/2026, 5:47:25.02844 pm","DC01.darkzero.htb","DC01$","4624","Security","Logon","","","","","::1"
"16/8/2026, 5:47:27.947093 pm","DC01.darkzero.htb","ella","4768","Security","Kerberos TGT","","","","0x12","::1"
"16/8/2026, 5:47:27.94871 pm","DC01.darkzero.htb","ella@DARKZERO.HTB","4769","Security","Kerberos Service Ticket","","","","0x12","::1"
"16/8/2026, 5:47:27.955719 pm","DC01.darkzero.htb","ella","4624","Security","Logon","","","","","-"
"16/8/2026, 5:47:27.964687 pm","DC01.darkzero.htb","darkzero\ella","1","Sysmon","Process Creation","","","""powershell.exe"" -NoProfile -NoLogo -NonInteractive -ExecutionPolicy Bypass -File ""C:\Users\ella\access_gitea.ps1""","",""
"16/8/2026, 5:47:28.122341 pm","DC01.darkzero.htb","darkzero\ella","11","Sysmon","File Created","C:\Users\ella.darkzero\AppData\Local\Temp\__PSScriptPolicyTest_gnafaogv.ljm.ps1","","","",""
"16/8/2026, 5:47:28.123005 pm","DC01.darkzero.htb","darkzero\ella","11","Sysmon","File Created","C:\Users\ella.darkzero\AppData\Local\Temp\__PSScriptPolicyTest_4iin0xvz.uvr.psm1","","","",""
"16/8/2026, 5:47:31.251229 pm","DC01.darkzero.htb","darkzero\ella","11","Sysmon","File Created","C:\Users\ella.darkzero\AppData\Local\Microsoft\Windows\PowerShell\StartupProfileData-NonInteractive","","","",""
"16/8/2026, 5:48:00.639677 pm","DC01.darkzero.htb","DC01$","4672","Security","Privileged Logon","","","SeSecurityPrivilege
			SeBackupPrivilege
			SeRestorePrivilege
			SeTakeOwnershipPrivilege
			SeDebugPrivilege
			SeSystemEnvironmentPrivilege
			SeLoadDriverPrivilege
			SeImpersonatePrivilege
			SeDelegateSessionUserImpersonatePrivilege
			SeEnableDelegationPrivilege","",""
"16/8/2026, 5:48:00.639855 pm","DC01.darkzero.htb","DC01$","4624","Security","Logon","","","","","127.0.0.1"
"16/8/2026, 5:48:27.96412 pm","DC01.darkzero.htb","ella","4768","Security","Kerberos TGT","","","","0x12","::1"
"16/8/2026, 5:48:27.965723 pm","DC01.darkzero.htb","ella@DARKZERO.HTB","4769","Security","Kerberos Service Ticket","","","","0x12","::1"
"16/8/2026, 5:48:27.971828 pm","DC01.darkzero.htb","ella","4624","Security","Logon","","","","","-"
"16/8/2026, 5:48:27.980475 pm","DC01.darkzero.htb","darkzero\ella","1","Sysmon","Process Creation","","","""powershell.exe"" -NoProfile -NoLogo -NonInteractive -ExecutionPolicy Bypass -File ""C:\Users\ella\access_gitea.ps1""","",""
"16/8/2026, 5:48:28.126865 pm","DC01.darkzero.htb","darkzero\ella","11","Sysmon","File Created","C:\Users\ella.darkzero\AppData\Local\Temp\__PSScriptPolicyTest_ivgxhcgs.ifr.ps1","","","",""
"16/8/2026, 5:48:28.127857 pm","DC01.darkzero.htb","darkzero\ella","11","Sysmon","File Created","C:\Users\ella.darkzero\AppData\Local\Temp\__PSScriptPolicyTest_21nxxzwa.4n4.psm1","","","",""
"16/8/2026, 5:48:31.266421 pm","DC01.darkzero.htb","darkzero\ella","11","Sysmon","File Created","C:\Users\ella.darkzero\AppData\Local\Microsoft\Windows\PowerShell\StartupProfileData-NonInteractive","","","",""
"16/8/2026, 5:49:00.654385 pm","DC01.darkzero.htb","DC01$","4672","Security","Privileged Logon","","","SeSecurityPrivilege
			SeBackupPrivilege
			SeRestorePrivilege
			SeTakeOwnershipPrivilege
			SeDebugPrivilege
			SeSystemEnvironmentPrivilege
			SeLoadDriverPrivilege
			SeImpersonatePrivilege
			SeDelegateSessionUserImpersonatePrivilege
			SeEnableDelegationPrivilege","",""
"16/8/2026, 5:49:00.654652 pm","DC01.darkzero.htb","DC01$","4624","Security","Logon","","","","","127.0.0.1"
"16/8/2026, 5:49:27.966712 pm","DC01.darkzero.htb","ella","4768","Security","Kerberos TGT","","","","0x12","::1"
"16/8/2026, 5:49:27.968637 pm","DC01.darkzero.htb","ella@DARKZERO.HTB","4769","Security","Kerberos Service Ticket","","","","0x12","::1"
"16/8/2026, 5:49:27.976766 pm","DC01.darkzero.htb","ella","4624","Security","Logon","","","","","-"
"16/8/2026, 5:49:27.986879 pm","DC01.darkzero.htb","darkzero\ella","1","Sysmon","Process Creation","","","""powershell.exe"" -NoProfile -NoLogo -NonInteractive -ExecutionPolicy Bypass -File ""C:\Users\ella\access_gitea.ps1""","",""
"16/8/2026, 5:49:28.162321 pm","DC01.darkzero.htb","darkzero\ella","11","Sysmon","File Created","C:\Users\ella.darkzero\AppData\Local\Temp\__PSScriptPolicyTest_lb3xtnbw.omo.ps1","","","",""
"16/8/2026, 5:49:28.163709 pm","DC01.darkzero.htb","darkzero\ella","11","Sysmon","File Created","C:\Users\ella.darkzero\AppData\Local\Temp\__PSScriptPolicyTest_s12mc5i0.h5h.psm1","","","",""
"16/8/2026, 5:49:31.381801 pm","DC01.darkzero.htb","darkzero\ella","11","Sysmon","File Created","C:\Users\ella.darkzero\AppData\Local\Microsoft\Windows\PowerShell\StartupProfileData-NonInteractive","","","",""
"16/8/2026, 5:50:00.658586 pm","DC01.darkzero.htb","DC01$","4672","Security","Privileged Logon","","","SeSecurityPrivilege
			SeBackupPrivilege
			SeRestorePrivilege
			SeTakeOwnershipPrivilege
			SeDebugPrivilege
			SeSystemEnvironmentPrivilege
			SeLoadDriverPrivilege
			SeImpersonatePrivilege
			SeDelegateSessionUserImpersonatePrivilege
			SeEnableDelegationPrivilege","",""
"16/8/2026, 5:50:00.658749 pm","DC01.darkzero.htb","DC01$","4624","Security","Logon","","","","","127.0.0.1"
"16/8/2026, 5:50:18.025778 pm","DC01.darkzero.htb","NT AUTHORITY\SYSTEM","11","Sysmon","File Created","C:\System Volume Information\DFSR\Config\Replica_403BC236-9053-43D0-AAD0-74F0FB6A21A3.XML.TMP","","","",""
"16/8/2026, 5:50:18.030502 pm","DC01.darkzero.htb","NT AUTHORITY\SYSTEM","11","Sysmon","File Created","C:\System Volume Information\DFSR\Config\Volume_57941D7E-1E19-4293-AB21-2231712EE33A.XML.TMP","","","",""
"16/8/2026, 5:50:18.143676 pm","DC01.darkzero.htb","DC01$","4672","Security","Privileged Logon","","","SeSecurityPrivilege
			SeBackupPrivilege
			SeRestorePrivilege
			SeTakeOwnershipPrivilege
			SeDebugPrivilege
			SeSystemEnvironmentPrivilege
			SeLoadDriverPrivilege
			SeImpersonatePrivilege
			SeDelegateSessionUserImpersonatePrivilege
			SeEnableDelegationPrivilege","",""
"16/8/2026, 5:50:18.143908 pm","DC01.darkzero.htb","DC01$","4624","Security","Logon","","","","","172.16.20.1"
"16/8/2026, 5:50:18.270618 pm","DC01.darkzero.htb","DC01$","4672","Security","Privileged Logon","","","SeSecurityPrivilege
			SeBackupPrivilege
			SeRestorePrivilege
			SeTakeOwnershipPrivilege
			SeDebugPrivilege
			SeSystemEnvironmentPrivilege
			SeLoadDriverPrivilege
			SeImpersonatePrivilege
			SeDelegateSessionUserImpersonatePrivilege
			SeEnableDelegationPrivilege","",""
"16/8/2026, 5:50:18.270843 pm","DC01.darkzero.htb","DC01$","4624","Security","Logon","","","","","172.16.20.1"
"16/8/2026, 5:50:27.964872 pm","DC01.darkzero.htb","ella","4768","Security","Kerberos TGT","","","","0x12","::1"
"16/8/2026, 5:50:27.966447 pm","DC01.darkzero.htb","ella@DARKZERO.HTB","4769","Security","Kerberos Service Ticket","","","","0x12","::1"
"16/8/2026, 5:50:27.973271 pm","DC01.darkzero.htb","ella","4624","Security","Logon","","","","","-"
"16/8/2026, 5:50:27.982043 pm","DC01.darkzero.htb","darkzero\ella","1","Sysmon","Process Creation","","","""powershell.exe"" -NoProfile -NoLogo -NonInteractive -ExecutionPolicy Bypass -File ""C:\Users\ella\access_gitea.ps1""","",""
"16/8/2026, 5:50:28.129797 pm","DC01.darkzero.htb","darkzero\ella","11","Sysmon","File Created","C:\Users\ella.darkzero\AppData\Local\Temp\__PSScriptPolicyTest_pc4aapuz.dj5.ps1","","","",""
"16/8/2026, 5:50:28.130459 pm","DC01.darkzero.htb","darkzero\ella","11","Sysmon","File Created","C:\Users\ella.darkzero\AppData\Local\Temp\__PSScriptPolicyTest_5mljr5xq.bbt.psm1","","","",""
"16/8/2026, 5:50:31.258718 pm","DC01.darkzero.htb","darkzero\ella","11","Sysmon","File Created","C:\Users\ella.darkzero\AppData\Local\Microsoft\Windows\PowerShell\StartupProfileData-NonInteractive","","","",""
"16/8/2026, 5:50:34.85569 pm","DC01.darkzero.htb","DC01$","4672","Security","Privileged Logon","","","SeSecurityPrivilege
			SeBackupPrivilege
			SeRestorePrivilege
			SeTakeOwnershipPrivilege
			SeDebugPrivilege
			SeSystemEnvironmentPrivilege
			SeLoadDriverPrivilege
			SeImpersonatePrivilege
			SeDelegateSessionUserImpersonatePrivilege
			SeEnableDelegationPrivilege","",""
"16/8/2026, 5:50:34.855854 pm","DC01.darkzero.htb","DC01$","4624","Security","Logon","","","","","172.16.20.1"
"16/8/2026, 5:50:34.864053 pm","DC01.darkzero.htb","DC01$","4672","Security","Privileged Logon","","","SeSecurityPrivilege
			SeBackupPrivilege
			SeRestorePrivilege
			SeTakeOwnershipPrivilege
			SeDebugPrivilege
			SeSystemEnvironmentPrivilege
			SeLoadDriverPrivilege
			SeImpersonatePrivilege
			SeDelegateSessionUserImpersonatePrivilege
			SeEnableDelegationPrivilege","",""
"16/8/2026, 5:50:34.864289 pm","DC01.darkzero.htb","DC01$","4624","Security","Logon","","","","","::1"
"16/8/2026, 5:50:34.873999 pm","DC01.darkzero.htb","DC01$","4672","Security","Privileged Logon","","","SeSecurityPrivilege
			SeBackupPrivilege
			SeRestorePrivilege
			SeTakeOwnershipPrivilege
			SeDebugPrivilege
			SeSystemEnvironmentPrivilege
			SeLoadDriverPrivilege
			SeImpersonatePrivilege
			SeDelegateSessionUserImpersonatePrivilege
			SeEnableDelegationPrivilege","",""
"16/8/2026, 5:50:34.874206 pm","DC01.darkzero.htb","DC01$","4624","Security","Logon","","","","","::1"
"16/8/2026, 5:50:34.882537 pm","DC01.darkzero.htb","DC01$","4672","Security","Privileged Logon","","","SeSecurityPrivilege
			SeBackupPrivilege
			SeRestorePrivilege
			SeTakeOwnershipPrivilege
			SeDebugPrivilege
			SeSystemEnvironmentPrivilege
			SeLoadDriverPrivilege
			SeImpersonatePrivilege
			SeDelegateSessionUserImpersonatePrivilege
			SeEnableDelegationPrivilege","",""
"16/8/2026, 5:50:34.88271 pm","DC01.darkzero.htb","DC01$","4624","Security","Logon","","","","","10.129.28.204"
"16/8/2026, 5:50:34.903882 pm","DC01.darkzero.htb","DC01$","4672","Security","Privileged Logon","","","SeSecurityPrivilege
			SeBackupPrivilege
			SeRestorePrivilege
			SeTakeOwnershipPrivilege
			SeDebugPrivilege
			SeSystemEnvironmentPrivilege
			SeLoadDriverPrivilege
			SeImpersonatePrivilege
			SeDelegateSessionUserImpersonatePrivilege
			SeEnableDelegationPrivilege","",""
"16/8/2026, 5:50:34.904105 pm","DC01.darkzero.htb","DC01$","4624","Security","Logon","","","","","::1"
"16/8/2026, 5:51:00.690238 pm","DC01.darkzero.htb","DC01$","4672","Security","Privileged Logon","","","SeSecurityPrivilege
			SeBackupPrivilege
			SeRestorePrivilege
			SeTakeOwnershipPrivilege
			SeDebugPrivilege
			SeSystemEnvironmentPrivilege
			SeLoadDriverPrivilege
			SeImpersonatePrivilege
			SeDelegateSessionUserImpersonatePrivilege
			SeEnableDelegationPrivilege","",""
"16/8/2026, 5:51:00.690413 pm","DC01.darkzero.htb","DC01$","4624","Security","Logon","","","","","127.0.0.1"
"16/8/2026, 5:51:27.978166 pm","DC01.darkzero.htb","ella","4768","Security","Kerberos TGT","","","","0x12","::1"
"16/8/2026, 5:51:27.979751 pm","DC01.darkzero.htb","ella@DARKZERO.HTB","4769","Security","Kerberos Service Ticket","","","","0x12","::1"
"16/8/2026, 5:51:27.986441 pm","DC01.darkzero.htb","ella","4624","Security","Logon","","","","","-"
"16/8/2026, 5:51:27.995827 pm","DC01.darkzero.htb","darkzero\ella","1","Sysmon","Process Creation","","","""powershell.exe"" -NoProfile -NoLogo -NonInteractive -ExecutionPolicy Bypass -File ""C:\Users\ella\access_gitea.ps1""","",""
"16/8/2026, 5:51:28.143635 pm","DC01.darkzero.htb","darkzero\ella","11","Sysmon","File Created","C:\Users\ella.darkzero\AppData\Local\Temp\__PSScriptPolicyTest_kuqrpvre.m4v.ps1","","","",""
"16/8/2026, 5:51:28.144232 pm","DC01.darkzero.htb","darkzero\ella","11","Sysmon","File Created","C:\Users\ella.darkzero\AppData\Local\Temp\__PSScriptPolicyTest_u321jl2t.ovh.psm1","","","",""
"16/8/2026, 5:51:31.303482 pm","DC01.darkzero.htb","darkzero\ella","11","Sysmon","File Created","C:\Users\ella.darkzero\AppData\Local\Microsoft\Windows\PowerShell\StartupProfileData-NonInteractive","","","",""
"16/8/2026, 5:52:00.694674 pm","DC01.darkzero.htb","DC01$","4672","Security","Privileged Logon","","","SeSecurityPrivilege
			SeBackupPrivilege
			SeRestorePrivilege
			SeTakeOwnershipPrivilege
			SeDebugPrivilege
			SeSystemEnvironmentPrivilege
			SeLoadDriverPrivilege
			SeImpersonatePrivilege
			SeDelegateSessionUserImpersonatePrivilege
			SeEnableDelegationPrivilege","",""
"16/8/2026, 5:52:00.694849 pm","DC01.darkzero.htb","DC01$","4624","Security","Logon","","","","","127.0.0.1"
"16/8/2026, 5:52:27.980084 pm","DC01.darkzero.htb","ella","4768","Security","Kerberos TGT","","","","0x12","::1"
"16/8/2026, 5:52:27.981813 pm","DC01.darkzero.htb","ella@DARKZERO.HTB","4769","Security","Kerberos Service Ticket","","","","0x12","::1"
"16/8/2026, 5:52:27.988407 pm","DC01.darkzero.htb","ella","4624","Security","Logon","","","","","-"
"16/8/2026, 5:52:27.997332 pm","DC01.darkzero.htb","darkzero\ella","1","Sysmon","Process Creation","","","""powershell.exe"" -NoProfile -NoLogo -NonInteractive -ExecutionPolicy Bypass -File ""C:\Users\ella\access_gitea.ps1""","",""
"16/8/2026, 5:52:28.140187 pm","DC01.darkzero.htb","darkzero\ella","11","Sysmon","File Created","C:\Users\ella.darkzero\AppData\Local\Temp\__PSScriptPolicyTest_klwiuue3.0a0.ps1","","","",""
"16/8/2026, 5:52:28.141021 pm","DC01.darkzero.htb","darkzero\ella","11","Sysmon","File Created","C:\Users\ella.darkzero\AppData\Local\Temp\__PSScriptPolicyTest_v4v0oc5d.kl5.psm1","","","",""
"16/8/2026, 5:52:31.249499 pm","DC01.darkzero.htb","darkzero\ella","11","Sysmon","File Created","C:\Users\ella.darkzero\AppData\Local\Microsoft\Windows\PowerShell\StartupProfileData-NonInteractive","","","",""
"16/8/2026, 5:53:00.706378 pm","DC01.darkzero.htb","DC01$","4672","Security","Privileged Logon","","","SeSecurityPrivilege
			SeBackupPrivilege
			SeRestorePrivilege
			SeTakeOwnershipPrivilege
			SeDebugPrivilege
			SeSystemEnvironmentPrivilege
			SeLoadDriverPrivilege
			SeImpersonatePrivilege
			SeDelegateSessionUserImpersonatePrivilege
			SeEnableDelegationPrivilege","",""
"16/8/2026, 5:53:00.706574 pm","DC01.darkzero.htb","DC01$","4624","Security","Logon","","","","","127.0.0.1"
"16/8/2026, 5:53:27.997033 pm","DC01.darkzero.htb","ella","4768","Security","Kerberos TGT","","","","0x12","::1"
"16/8/2026, 5:53:27.998783 pm","DC01.darkzero.htb","ella@DARKZERO.HTB","4769","Security","Kerberos Service Ticket","","","","0x12","::1"
"16/8/2026, 5:53:28.00598 pm","DC01.darkzero.htb","ella","4624","Security","Logon","","","","","-"
"16/8/2026, 5:53:28.014739 pm","DC01.darkzero.htb","darkzero\ella","1","Sysmon","Process Creation","","","""powershell.exe"" -NoProfile -NoLogo -NonInteractive -ExecutionPolicy Bypass -File ""C:\Users\ella\access_gitea.ps1""","",""
"16/8/2026, 5:53:28.157885 pm","DC01.darkzero.htb","darkzero\ella","11","Sysmon","File Created","C:\Users\ella.darkzero\AppData\Local\Temp\__PSScriptPolicyTest_m2tbdfzh.qyx.ps1","","","",""
"16/8/2026, 5:53:28.15862 pm","DC01.darkzero.htb","darkzero\ella","11","Sysmon","File Created","C:\Users\ella.darkzero\AppData\Local\Temp\__PSScriptPolicyTest_vgnerh3g.ndm.psm1","","","",""
"16/8/2026, 5:53:31.355211 pm","DC01.darkzero.htb","darkzero\ella","11","Sysmon","File Created","C:\Users\ella.darkzero\AppData\Local\Microsoft\Windows\PowerShell\StartupProfileData-NonInteractive","","","",""
"16/8/2026, 5:54:00.730771 pm","DC01.darkzero.htb","DC01$","4672","Security","Privileged Logon","","","SeSecurityPrivilege
			SeBackupPrivilege
			SeRestorePrivilege
			SeTakeOwnershipPrivilege
			SeDebugPrivilege
			SeSystemEnvironmentPrivilege
			SeLoadDriverPrivilege
			SeImpersonatePrivilege
			SeDelegateSessionUserImpersonatePrivilege
			SeEnableDelegationPrivilege","",""
"16/8/2026, 5:54:00.730943 pm","DC01.darkzero.htb","DC01$","4624","Security","Logon","","","","","127.0.0.1"
"16/8/2026, 5:54:28.009624 pm","DC01.darkzero.htb","ella","4768","Security","Kerberos TGT","","","","0x12","::1"
"16/8/2026, 5:54:28.011068 pm","DC01.darkzero.htb","ella@DARKZERO.HTB","4769","Security","Kerberos Service Ticket","","","","0x12","::1"
"16/8/2026, 5:54:28.017455 pm","DC01.darkzero.htb","ella","4624","Security","Logon","","","","","-"
"16/8/2026, 5:54:28.026984 pm","DC01.darkzero.htb","darkzero\ella","1","Sysmon","Process Creation","","","""powershell.exe"" -NoProfile -NoLogo -NonInteractive -ExecutionPolicy Bypass -File ""C:\Users\ella\access_gitea.ps1""","",""
"16/8/2026, 5:54:28.17709 pm","DC01.darkzero.htb","darkzero\ella","11","Sysmon","File Created","C:\Users\ella.darkzero\AppData\Local\Temp\__PSScriptPolicyTest_ck4oc3fc.kcn.ps1","","","",""
"16/8/2026, 5:54:28.177489 pm","DC01.darkzero.htb","darkzero\ella","11","Sysmon","File Created","C:\Users\ella.darkzero\AppData\Local\Temp\__PSScriptPolicyTest_ur003ia3.fay.psm1","","","",""
"16/8/2026, 5:54:31.302709 pm","DC01.darkzero.htb","darkzero\ella","11","Sysmon","File Created","C:\Users\ella.darkzero\AppData\Local\Microsoft\Windows\PowerShell\StartupProfileData-NonInteractive","","","",""
"16/8/2026, 5:55:00.735457 pm","DC01.darkzero.htb","DC01$","4672","Security","Privileged Logon","","","SeSecurityPrivilege
			SeBackupPrivilege
			SeRestorePrivilege
			SeTakeOwnershipPrivilege
			SeDebugPrivilege
			SeSystemEnvironmentPrivilege
			SeLoadDriverPrivilege
			SeImpersonatePrivilege
			SeDelegateSessionUserImpersonatePrivilege
			SeEnableDelegationPrivilege","",""
"16/8/2026, 5:55:00.735625 pm","DC01.darkzero.htb","DC01$","4624","Security","Logon","","","","","127.0.0.1"
"16/8/2026, 5:55:18.432353 pm","DC01.darkzero.htb","NT AUTHORITY\SYSTEM","11","Sysmon","File Created","C:\System Volume Information\DFSR\Config\Replica_403BC236-9053-43D0-AAD0-74F0FB6A21A3.XML.TMP","","","",""
"16/8/2026, 5:55:18.437144 pm","DC01.darkzero.htb","NT AUTHORITY\SYSTEM","11","Sysmon","File Created","C:\System Volume Information\DFSR\Config\Volume_57941D7E-1E19-4293-AB21-2231712EE33A.XML.TMP","","","",""
"16/8/2026, 5:55:18.556112 pm","DC01.darkzero.htb","DC01$","4672","Security","Privileged Logon","","","SeSecurityPrivilege
			SeBackupPrivilege
			SeRestorePrivilege
			SeTakeOwnershipPrivilege
			SeDebugPrivilege
			SeSystemEnvironmentPrivilege
			SeLoadDriverPrivilege
			SeImpersonatePrivilege
			SeDelegateSessionUserImpersonatePrivilege
			SeEnableDelegationPrivilege","",""
"16/8/2026, 5:55:18.556346 pm","DC01.darkzero.htb","DC01$","4624","Security","Logon","","","","","172.16.20.1"
"16/8/2026, 5:55:18.682562 pm","DC01.darkzero.htb","DC01$","4672","Security","Privileged Logon","","","SeSecurityPrivilege
			SeBackupPrivilege
			SeRestorePrivilege
			SeTakeOwnershipPrivilege
			SeDebugPrivilege
			SeSystemEnvironmentPrivilege
			SeLoadDriverPrivilege
			SeImpersonatePrivilege
			SeDelegateSessionUserImpersonatePrivilege
			SeEnableDelegationPrivilege","",""
"16/8/2026, 5:55:18.682744 pm","DC01.darkzero.htb","DC01$","4624","Security","Logon","","","","","172.16.20.1"
"16/8/2026, 5:55:27.371619 pm","DC01.darkzero.htb","DC01$","4672","Security","Privileged Logon","","","SeSecurityPrivilege
			SeBackupPrivilege
			SeRestorePrivilege
			SeTakeOwnershipPrivilege
			SeDebugPrivilege
			SeSystemEnvironmentPrivilege
			SeLoadDriverPrivilege
			SeImpersonatePrivilege
			SeDelegateSessionUserImpersonatePrivilege
			SeEnableDelegationPrivilege","",""
"16/8/2026, 5:55:27.371851 pm","DC01.darkzero.htb","DC01$","4624","Security","Logon","","","","","::1"
"16/8/2026, 5:55:28.01972 pm","DC01.darkzero.htb","ella","4768","Security","Kerberos TGT","","","","0x12","::1"
"16/8/2026, 5:55:28.021261 pm","DC01.darkzero.htb","ella@DARKZERO.HTB","4769","Security","Kerberos Service Ticket","","","","0x12","::1"
"16/8/2026, 5:55:28.027426 pm","DC01.darkzero.htb","ella","4624","Security","Logon","","","","","-"
"16/8/2026, 5:55:28.036784 pm","DC01.darkzero.htb","darkzero\ella","1","Sysmon","Process Creation","","","""powershell.exe"" -NoProfile -NoLogo -NonInteractive -ExecutionPolicy Bypass -File ""C:\Users\ella\access_gitea.ps1""","",""
"16/8/2026, 5:55:28.181252 pm","DC01.darkzero.htb","darkzero\ella","11","Sysmon","File Created","C:\Users\ella.darkzero\AppData\Local\Temp\__PSScriptPolicyTest_actxgspv.d1u.ps1","","","",""
"16/8/2026, 5:55:28.182019 pm","DC01.darkzero.htb","darkzero\ella","11","Sysmon","File Created","C:\Users\ella.darkzero\AppData\Local\Temp\__PSScriptPolicyTest_cvikpmrh.mn3.psm1","","","",""
"16/8/2026, 5:55:31.294346 pm","DC01.darkzero.htb","darkzero\ella","11","Sysmon","File Created","C:\Users\ella.darkzero\AppData\Local\Microsoft\Windows\PowerShell\StartupProfileData-NonInteractive","","","",""
"16/8/2026, 5:55:35.054761 pm","DC01.darkzero.htb","DC01$","4672","Security","Privileged Logon","","","SeSecurityPrivilege
			SeBackupPrivilege
			SeRestorePrivilege
			SeTakeOwnershipPrivilege
			SeDebugPrivilege
			SeSystemEnvironmentPrivilege
			SeLoadDriverPrivilege
			SeImpersonatePrivilege
			SeDelegateSessionUserImpersonatePrivilege
			SeEnableDelegationPrivilege","",""
"16/8/2026, 5:55:35.054939 pm","DC01.darkzero.htb","DC01$","4624","Security","Logon","","","","","172.16.20.1"
"16/8/2026, 5:55:35.062483 pm","DC01.darkzero.htb","DC01$","4672","Security","Privileged Logon","","","SeSecurityPrivilege
			SeBackupPrivilege
			SeRestorePrivilege
			SeTakeOwnershipPrivilege
			SeDebugPrivilege
			SeSystemEnvironmentPrivilege
			SeLoadDriverPrivilege
			SeImpersonatePrivilege
			SeDelegateSessionUserImpersonatePrivilege
			SeEnableDelegationPrivilege","",""
"16/8/2026, 5:55:35.062677 pm","DC01.darkzero.htb","DC01$","4624","Security","Logon","","","","","::1"
"16/8/2026, 5:55:35.073543 pm","DC01.darkzero.htb","DC01$","4672","Security","Privileged Logon","","","SeSecurityPrivilege
			SeBackupPrivilege
			SeRestorePrivilege
			SeTakeOwnershipPrivilege
			SeDebugPrivilege
			SeSystemEnvironmentPrivilege
			SeLoadDriverPrivilege
			SeImpersonatePrivilege
			SeDelegateSessionUserImpersonatePrivilege
			SeEnableDelegationPrivilege","",""
"16/8/2026, 5:55:35.073749 pm","DC01.darkzero.htb","DC01$","4624","Security","Logon","","","","","::1"
"16/8/2026, 5:55:35.080641 pm","DC01.darkzero.htb","DC01$","4672","Security","Privileged Logon","","","SeSecurityPrivilege
			SeBackupPrivilege
			SeRestorePrivilege
			SeTakeOwnershipPrivilege
			SeDebugPrivilege
			SeSystemEnvironmentPrivilege
			SeLoadDriverPrivilege
			SeImpersonatePrivilege
			SeDelegateSessionUserImpersonatePrivilege
			SeEnableDelegationPrivilege","",""
"16/8/2026, 5:55:35.0808 pm","DC01.darkzero.htb","DC01$","4624","Security","Logon","","","","","10.129.28.204"
"16/8/2026, 5:55:35.10223 pm","DC01.darkzero.htb","DC01$","4672","Security","Privileged Logon","","","SeSecurityPrivilege
			SeBackupPrivilege
			SeRestorePrivilege
			SeTakeOwnershipPrivilege
			SeDebugPrivilege
			SeSystemEnvironmentPrivilege
			SeLoadDriverPrivilege
			SeImpersonatePrivilege
			SeDelegateSessionUserImpersonatePrivilege
			SeEnableDelegationPrivilege","",""
"16/8/2026, 5:55:35.102482 pm","DC01.darkzero.htb","DC01$","4624","Security","Logon","","","","","::1"
"16/8/2026, 5:56:00.741117 pm","DC01.darkzero.htb","DC01$","4672","Security","Privileged Logon","","","SeSecurityPrivilege
			SeBackupPrivilege
			SeRestorePrivilege
			SeTakeOwnershipPrivilege
			SeDebugPrivilege
			SeSystemEnvironmentPrivilege
			SeLoadDriverPrivilege
			SeImpersonatePrivilege
			SeDelegateSessionUserImpersonatePrivilege
			SeEnableDelegationPrivilege","",""
"16/8/2026, 5:56:00.741318 pm","DC01.darkzero.htb","DC01$","4624","Security","Logon","","","","","127.0.0.1"
"16/8/2026, 5:56:27.019953 pm","DC01.darkzero.htb","ella","4768","Security","Kerberos TGT","","","","0x12","::1"
"16/8/2026, 5:56:27.02156 pm","DC01.darkzero.htb","ella@DARKZERO.HTB","4769","Security","Kerberos Service Ticket","","","","0x12","::1"
"16/8/2026, 5:56:27.028428 pm","DC01.darkzero.htb","ella","4624","Security","Logon","","","","","-"
"16/8/2026, 5:56:27.037871 pm","DC01.darkzero.htb","darkzero\ella","1","Sysmon","Process Creation","","","""powershell.exe"" -NoProfile -NoLogo -NonInteractive -ExecutionPolicy Bypass -File ""C:\Users\ella\access_gitea.ps1""","",""
"16/8/2026, 5:56:27.19989 pm","DC01.darkzero.htb","darkzero\ella","11","Sysmon","File Created","C:\Users\ella.darkzero\AppData\Local\Temp\__PSScriptPolicyTest_mabgpfpn.urw.ps1","","","",""
"16/8/2026, 5:56:27.200608 pm","DC01.darkzero.htb","darkzero\ella","11","Sysmon","File Created","C:\Users\ella.darkzero\AppData\Local\Temp\__PSScriptPolicyTest_kiclj2p3.dfs.psm1","","","",""
"16/8/2026, 5:56:30.308254 pm","DC01.darkzero.htb","darkzero\ella","11","Sysmon","File Created","C:\Users\ella.darkzero\AppData\Local\Microsoft\Windows\PowerShell\StartupProfileData-NonInteractive","","","",""
"16/8/2026, 5:57:00.744861 pm","DC01.darkzero.htb","DC01$","4672","Security","Privileged Logon","","","SeSecurityPrivilege
			SeBackupPrivilege
			SeRestorePrivilege
			SeTakeOwnershipPrivilege
			SeDebugPrivilege
			SeSystemEnvironmentPrivilege
			SeLoadDriverPrivilege
			SeImpersonatePrivilege
			SeDelegateSessionUserImpersonatePrivilege
			SeEnableDelegationPrivilege","",""
"16/8/2026, 5:57:00.745061 pm","DC01.darkzero.htb","DC01$","4624","Security","Logon","","","","","127.0.0.1"
"16/8/2026, 5:57:27.032229 pm","DC01.darkzero.htb","ella","4768","Security","Kerberos TGT","","","","0x12","::1"
"16/8/2026, 5:57:27.033603 pm","DC01.darkzero.htb","ella@DARKZERO.HTB","4769","Security","Kerberos Service Ticket","","","","0x12","::1"
"16/8/2026, 5:57:27.039726 pm","DC01.darkzero.htb","ella","4624","Security","Logon","","","","","-"
"16/8/2026, 5:57:27.048519 pm","DC01.darkzero.htb","darkzero\ella","1","Sysmon","Process Creation","","","""powershell.exe"" -NoProfile -NoLogo -NonInteractive -ExecutionPolicy Bypass -File ""C:\Users\ella\access_gitea.ps1""","",""
"16/8/2026, 5:57:27.188807 pm","DC01.darkzero.htb","darkzero\ella","11","Sysmon","File Created","C:\Users\ella.darkzero\AppData\Local\Temp\__PSScriptPolicyTest_ygln0qsf.cbf.ps1","","","",""
"16/8/2026, 5:57:27.189703 pm","DC01.darkzero.htb","darkzero\ella","11","Sysmon","File Created","C:\Users\ella.darkzero\AppData\Local\Temp\__PSScriptPolicyTest_44c4fvbg.fl0.psm1","","","",""
"16/8/2026, 5:57:30.299296 pm","DC01.darkzero.htb","darkzero\ella","11","Sysmon","File Created","C:\Users\ella.darkzero\AppData\Local\Microsoft\Windows\PowerShell\StartupProfileData-NonInteractive","","","",""
"16/8/2026, 5:58:00.750316 pm","DC01.darkzero.htb","DC01$","4672","Security","Privileged Logon","","","SeSecurityPrivilege
			SeBackupPrivilege
			SeRestorePrivilege
			SeTakeOwnershipPrivilege
			SeDebugPrivilege
			SeSystemEnvironmentPrivilege
			SeLoadDriverPrivilege
			SeImpersonatePrivilege
			SeDelegateSessionUserImpersonatePrivilege
			SeEnableDelegationPrivilege","",""
"16/8/2026, 5:58:00.750522 pm","DC01.darkzero.htb","DC01$","4624","Security","Logon","","","","","127.0.0.1"
"16/8/2026, 5:58:27.044566 pm","DC01.darkzero.htb","ella","4768","Security","Kerberos TGT","","","","0x12","::1"
"16/8/2026, 5:58:27.046263 pm","DC01.darkzero.htb","ella@DARKZERO.HTB","4769","Security","Kerberos Service Ticket","","","","0x12","::1"
"16/8/2026, 5:58:27.053867 pm","DC01.darkzero.htb","ella","4624","Security","Logon","","","","","-"
"16/8/2026, 5:58:27.064833 pm","DC01.darkzero.htb","darkzero\ella","1","Sysmon","Process Creation","","","""powershell.exe"" -NoProfile -NoLogo -NonInteractive -ExecutionPolicy Bypass -File ""C:\Users\ella\access_gitea.ps1""","",""
"16/8/2026, 5:58:27.221873 pm","DC01.darkzero.htb","darkzero\ella","11","Sysmon","File Created","C:\Users\ella.darkzero\AppData\Local\Temp\__PSScriptPolicyTest_14n1lab0.10j.ps1","","","",""
"16/8/2026, 5:58:27.222277 pm","DC01.darkzero.htb","darkzero\ella","11","Sysmon","File Created","C:\Users\ella.darkzero\AppData\Local\Temp\__PSScriptPolicyTest_hehhc1mo.ur3.psm1","","","",""
"16/8/2026, 5:58:30.394498 pm","DC01.darkzero.htb","darkzero\ella","11","Sysmon","File Created","C:\Users\ella.darkzero\AppData\Local\Microsoft\Windows\PowerShell\StartupProfileData-NonInteractive","","","",""
"16/8/2026, 5:59:00.770684 pm","DC01.darkzero.htb","DC01$","4672","Security","Privileged Logon","","","SeSecurityPrivilege
			SeBackupPrivilege
			SeRestorePrivilege
			SeTakeOwnershipPrivilege
			SeDebugPrivilege
			SeSystemEnvironmentPrivilege
			SeLoadDriverPrivilege
			SeImpersonatePrivilege
			SeDelegateSessionUserImpersonatePrivilege
			SeEnableDelegationPrivilege","",""
"16/8/2026, 5:59:00.770877 pm","DC01.darkzero.htb","DC01$","4624","Security","Logon","","","","","127.0.0.1"
"16/8/2026, 5:59:27.053217 pm","DC01.darkzero.htb","ella","4768","Security","Kerberos TGT","","","","0x12","::1"
"16/8/2026, 5:59:27.054846 pm","DC01.darkzero.htb","ella@DARKZERO.HTB","4769","Security","Kerberos Service Ticket","","","","0x12","::1"
"16/8/2026, 5:59:27.061515 pm","DC01.darkzero.htb","ella","4624","Security","Logon","","","","","-"
"16/8/2026, 5:59:27.070973 pm","DC01.darkzero.htb","darkzero\ella","1","Sysmon","Process Creation","","","""powershell.exe"" -NoProfile -NoLogo -NonInteractive -ExecutionPolicy Bypass -File ""C:\Users\ella\access_gitea.ps1""","",""
"16/8/2026, 5:59:27.222738 pm","DC01.darkzero.htb","darkzero\ella","11","Sysmon","File Created","C:\Users\ella.darkzero\AppData\Local\Temp\__PSScriptPolicyTest_djvvixct.10d.ps1","","","",""
"16/8/2026, 5:59:27.223091 pm","DC01.darkzero.htb","darkzero\ella","11","Sysmon","File Created","C:\Users\ella.darkzero\AppData\Local\Temp\__PSScriptPolicyTest_xjfazoze.s3e.psm1","","","",""
"16/8/2026, 5:59:30.326308 pm","DC01.darkzero.htb","darkzero\ella","11","Sysmon","File Created","C:\Users\ella.darkzero\AppData\Local\Microsoft\Windows\PowerShell\StartupProfileData-NonInteractive","","","",""
"16/8/2026, 6:00:00.786644 pm","DC01.darkzero.htb","DC01$","4672","Security","Privileged Logon","","","SeSecurityPrivilege
			SeBackupPrivilege
			SeRestorePrivilege
			SeTakeOwnershipPrivilege
			SeDebugPrivilege
			SeSystemEnvironmentPrivilege
			SeLoadDriverPrivilege
			SeImpersonatePrivilege
			SeDelegateSessionUserImpersonatePrivilege
			SeEnableDelegationPrivilege","",""
"16/8/2026, 6:00:00.786839 pm","DC01.darkzero.htb","DC01$","4624","Security","Logon","","","","","127.0.0.1"
"16/8/2026, 6:00:18.793895 pm","DC01.darkzero.htb","NT AUTHORITY\SYSTEM","11","Sysmon","File Created","C:\System Volume Information\DFSR\Config\Replica_403BC236-9053-43D0-AAD0-74F0FB6A21A3.XML.TMP","","","",""
"16/8/2026, 6:00:18.798608 pm","DC01.darkzero.htb","NT AUTHORITY\SYSTEM","11","Sysmon","File Created","C:\System Volume Information\DFSR\Config\Volume_57941D7E-1E19-4293-AB21-2231712EE33A.XML.TMP","","","",""
"16/8/2026, 6:00:18.917371 pm","DC01.darkzero.htb","DC01$","4672","Security","Privileged Logon","","","SeSecurityPrivilege
			SeBackupPrivilege
			SeRestorePrivilege
			SeTakeOwnershipPrivilege
			SeDebugPrivilege
			SeSystemEnvironmentPrivilege
			SeLoadDriverPrivilege
			SeImpersonatePrivilege
			SeDelegateSessionUserImpersonatePrivilege
			SeEnableDelegationPrivilege","",""
"16/8/2026, 6:00:18.917636 pm","DC01.darkzero.htb","DC01$","4624","Security","Logon","","","","","172.16.20.1"
"16/8/2026, 6:00:19.041917 pm","DC01.darkzero.htb","DC01$","4672","Security","Privileged Logon","","","SeSecurityPrivilege
			SeBackupPrivilege
			SeRestorePrivilege
			SeTakeOwnershipPrivilege
			SeDebugPrivilege
			SeSystemEnvironmentPrivilege
			SeLoadDriverPrivilege
			SeImpersonatePrivilege
			SeDelegateSessionUserImpersonatePrivilege
			SeEnableDelegationPrivilege","",""
"16/8/2026, 6:00:19.042168 pm","DC01.darkzero.htb","DC01$","4624","Security","Logon","","","","","172.16.20.1"
"16/8/2026, 6:00:27.063976 pm","DC01.darkzero.htb","ella","4768","Security","Kerberos TGT","","","","0x12","::1"
"16/8/2026, 6:00:27.065587 pm","DC01.darkzero.htb","ella@DARKZERO.HTB","4769","Security","Kerberos Service Ticket","","","","0x12","::1"
"16/8/2026, 6:00:27.07246 pm","DC01.darkzero.htb","ella","4624","Security","Logon","","","","","-"
"16/8/2026, 6:00:27.081102 pm","DC01.darkzero.htb","darkzero\ella","1","Sysmon","Process Creation","","","""powershell.exe"" -NoProfile -NoLogo -NonInteractive -ExecutionPolicy Bypass -File ""C:\Users\ella\access_gitea.ps1""","",""
"16/8/2026, 6:00:27.246601 pm","DC01.darkzero.htb","darkzero\ella","11","Sysmon","File Created","C:\Users\ella.darkzero\AppData\Local\Temp\__PSScriptPolicyTest_fmulszf2.v2f.ps1","","","",""
"16/8/2026, 6:00:27.247583 pm","DC01.darkzero.htb","darkzero\ella","11","Sysmon","File Created","C:\Users\ella.darkzero\AppData\Local\Temp\__PSScriptPolicyTest_vyag43x4.f03.psm1","","","",""
"16/8/2026, 6:00:30.473336 pm","DC01.darkzero.htb","darkzero\ella","11","Sysmon","File Created","C:\Users\ella.darkzero\AppData\Local\Microsoft\Windows\PowerShell\StartupProfileData-NonInteractive","","","",""
"16/8/2026, 6:00:35.145079 pm","DC01.darkzero.htb","DC01$","4672","Security","Privileged Logon","","","SeSecurityPrivilege
			SeBackupPrivilege
			SeRestorePrivilege
			SeTakeOwnershipPrivilege
			SeDebugPrivilege
			SeSystemEnvironmentPrivilege
			SeLoadDriverPrivilege
			SeImpersonatePrivilege
			SeDelegateSessionUserImpersonatePrivilege
			SeEnableDelegationPrivilege","",""
"16/8/2026, 6:00:35.145708 pm","DC01.darkzero.htb","DC01$","4624","Security","Logon","","","","","::1"
"16/8/2026, 6:00:35.257886 pm","DC01.darkzero.htb","DC01$","4672","Security","Privileged Logon","","","SeSecurityPrivilege
			SeBackupPrivilege
			SeRestorePrivilege
			SeTakeOwnershipPrivilege
			SeDebugPrivilege
			SeSystemEnvironmentPrivilege
			SeLoadDriverPrivilege
			SeImpersonatePrivilege
			SeDelegateSessionUserImpersonatePrivilege
			SeEnableDelegationPrivilege","",""
"16/8/2026, 6:00:35.258088 pm","DC01.darkzero.htb","DC01$","4624","Security","Logon","","","","","172.16.20.1"
"16/8/2026, 6:00:35.268612 pm","DC01.darkzero.htb","DC01$","4672","Security","Privileged Logon","","","SeSecurityPrivilege
			SeBackupPrivilege
			SeRestorePrivilege
			SeTakeOwnershipPrivilege
			SeDebugPrivilege
			SeSystemEnvironmentPrivilege
			SeLoadDriverPrivilege
			SeImpersonatePrivilege
			SeDelegateSessionUserImpersonatePrivilege
			SeEnableDelegationPrivilege","",""
"16/8/2026, 6:00:35.268842 pm","DC01.darkzero.htb","DC01$","4624","Security","Logon","","","","","::1"
"16/8/2026, 6:00:35.278104 pm","DC01.darkzero.htb","DC01$","4672","Security","Privileged Logon","","","SeSecurityPrivilege
			SeBackupPrivilege
			SeRestorePrivilege
			SeTakeOwnershipPrivilege
			SeDebugPrivilege
			SeSystemEnvironmentPrivilege
			SeLoadDriverPrivilege
			SeImpersonatePrivilege
			SeDelegateSessionUserImpersonatePrivilege
			SeEnableDelegationPrivilege","",""
"16/8/2026, 6:00:35.278329 pm","DC01.darkzero.htb","DC01$","4624","Security","Logon","","","","","::1"
"16/8/2026, 6:00:35.285115 pm","DC01.darkzero.htb","DC01$","4672","Security","Privileged Logon","","","SeSecurityPrivilege
			SeBackupPrivilege
			SeRestorePrivilege
			SeTakeOwnershipPrivilege
			SeDebugPrivilege
			SeSystemEnvironmentPrivilege
			SeLoadDriverPrivilege
			SeImpersonatePrivilege
			SeDelegateSessionUserImpersonatePrivilege
			SeEnableDelegationPrivilege","",""
"16/8/2026, 6:00:35.285276 pm","DC01.darkzero.htb","DC01$","4624","Security","Logon","","","","","10.129.28.204"
"16/8/2026, 6:00:35.304637 pm","DC01.darkzero.htb","DC01$","4672","Security","Privileged Logon","","","SeSecurityPrivilege
			SeBackupPrivilege
			SeRestorePrivilege
			SeTakeOwnershipPrivilege
			SeDebugPrivilege
			SeSystemEnvironmentPrivilege
			SeLoadDriverPrivilege
			SeImpersonatePrivilege
			SeDelegateSessionUserImpersonatePrivilege
			SeEnableDelegationPrivilege","",""
"16/8/2026, 6:00:35.304805 pm","DC01.darkzero.htb","DC01$","4624","Security","Logon","","","","","::1"
"16/8/2026, 6:00:54.509128 pm","DC01.darkzero.htb","DC01$","4672","Security","Privileged Logon","","","SeAuditPrivilege
			SeAssignPrimaryTokenPrivilege
			SeImpersonatePrivilege","",""
"16/8/2026, 6:00:54.509377 pm","DC01.darkzero.htb","DC01$","4624","Security","Logon","","","","","-"
"16/8/2026, 6:01:00.806258 pm","DC01.darkzero.htb","DC01$","4672","Security","Privileged Logon","","","SeSecurityPrivilege
			SeBackupPrivilege
			SeRestorePrivilege
			SeTakeOwnershipPrivilege
			SeDebugPrivilege
			SeSystemEnvironmentPrivilege
			SeLoadDriverPrivilege
			SeImpersonatePrivilege
			SeDelegateSessionUserImpersonatePrivilege
			SeEnableDelegationPrivilege","",""
"16/8/2026, 6:01:00.806468 pm","DC01.darkzero.htb","DC01$","4624","Security","Logon","","","","","127.0.0.1"
"16/8/2026, 6:01:27.064499 pm","DC01.darkzero.htb","ella","4768","Security","Kerberos TGT","","","","0x12","::1"
"16/8/2026, 6:01:27.066028 pm","DC01.darkzero.htb","ella@DARKZERO.HTB","4769","Security","Kerberos Service Ticket","","","","0x12","::1"
"16/8/2026, 6:01:27.072844 pm","DC01.darkzero.htb","ella","4624","Security","Logon","","","","","-"
"16/8/2026, 6:01:27.082202 pm","DC01.darkzero.htb","darkzero\ella","1","Sysmon","Process Creation","","","""powershell.exe"" -NoProfile -NoLogo -NonInteractive -ExecutionPolicy Bypass -File ""C:\Users\ella\access_gitea.ps1""","",""
"16/8/2026, 6:01:27.222986 pm","DC01.darkzero.htb","darkzero\ella","11","Sysmon","File Created","C:\Users\ella.darkzero\AppData\Local\Temp\__PSScriptPolicyTest_ftigrndo.ksh.ps1","","","",""
"16/8/2026, 6:01:27.224098 pm","DC01.darkzero.htb","darkzero\ella","11","Sysmon","File Created","C:\Users\ella.darkzero\AppData\Local\Temp\__PSScriptPolicyTest_s22b5100.bav.psm1","","","",""
"16/8/2026, 6:01:30.341867 pm","DC01.darkzero.htb","darkzero\ella","11","Sysmon","File Created","C:\Users\ella.darkzero\AppData\Local\Microsoft\Windows\PowerShell\StartupProfileData-NonInteractive","","","",""
"16/8/2026, 6:02:00.822149 pm","DC01.darkzero.htb","DC01$","4672","Security","Privileged Logon","","","SeSecurityPrivilege
			SeBackupPrivilege
			SeRestorePrivilege
			SeTakeOwnershipPrivilege
			SeDebugPrivilege
			SeSystemEnvironmentPrivilege
			SeLoadDriverPrivilege
			SeImpersonatePrivilege
			SeDelegateSessionUserImpersonatePrivilege
			SeEnableDelegationPrivilege","",""
"16/8/2026, 6:02:00.82231 pm","DC01.darkzero.htb","DC01$","4624","Security","Logon","","","","","127.0.0.1"
"16/8/2026, 6:02:27.065308 pm","DC01.darkzero.htb","ella","4768","Security","Kerberos TGT","","","","0x12","::1"
"16/8/2026, 6:02:27.066771 pm","DC01.darkzero.htb","ella@DARKZERO.HTB","4769","Security","Kerberos Service Ticket","","","","0x12","::1"
"16/8/2026, 6:02:27.073615 pm","DC01.darkzero.htb","ella","4624","Security","Logon","","","","","-"
"16/8/2026, 6:02:27.0827 pm","DC01.darkzero.htb","darkzero\ella","1","Sysmon","Process Creation","","","""powershell.exe"" -NoProfile -NoLogo -NonInteractive -ExecutionPolicy Bypass -File ""C:\Users\ella\access_gitea.ps1""","",""
"16/8/2026, 6:02:27.230921 pm","DC01.darkzero.htb","darkzero\ella","11","Sysmon","File Created","C:\Users\ella.darkzero\AppData\Local\Temp\__PSScriptPolicyTest_ovawarvs.z12.ps1","","","",""
"16/8/2026, 6:02:27.231863 pm","DC01.darkzero.htb","darkzero\ella","11","Sysmon","File Created","C:\Users\ella.darkzero\AppData\Local\Temp\__PSScriptPolicyTest_hth5m2ur.avm.psm1","","","",""
"16/8/2026, 6:02:30.348563 pm","DC01.darkzero.htb","darkzero\ella","11","Sysmon","File Created","C:\Users\ella.darkzero\AppData\Local\Microsoft\Windows\PowerShell\StartupProfileData-NonInteractive","","","",""
"16/8/2026, 6:03:00.816018 pm","DC01.darkzero.htb","DC01$","4672","Security","Privileged Logon","","","SeSecurityPrivilege
			SeBackupPrivilege
			SeRestorePrivilege
			SeTakeOwnershipPrivilege
			SeDebugPrivilege
			SeSystemEnvironmentPrivilege
			SeLoadDriverPrivilege
			SeImpersonatePrivilege
			SeDelegateSessionUserImpersonatePrivilege
			SeEnableDelegationPrivilege","",""
"16/8/2026, 6:03:00.816229 pm","DC01.darkzero.htb","DC01$","4624","Security","Logon","","","","","127.0.0.1"
"16/8/2026, 6:03:27.063602 pm","DC01.darkzero.htb","ella","4768","Security","Kerberos TGT","","","","0x12","::1"
"16/8/2026, 6:03:27.065024 pm","DC01.darkzero.htb","ella@DARKZERO.HTB","4769","Security","Kerberos Service Ticket","","","","0x12","::1"
"16/8/2026, 6:03:27.071141 pm","DC01.darkzero.htb","ella","4624","Security","Logon","","","","","-"
"16/8/2026, 6:03:27.079842 pm","DC01.darkzero.htb","darkzero\ella","1","Sysmon","Process Creation","","","""powershell.exe"" -NoProfile -NoLogo -NonInteractive -ExecutionPolicy Bypass -File ""C:\Users\ella\access_gitea.ps1""","",""
"16/8/2026, 6:03:27.221637 pm","DC01.darkzero.htb","darkzero\ella","11","Sysmon","File Created","C:\Users\ella.darkzero\AppData\Local\Temp\__PSScriptPolicyTest_cgctj2jg.foh.ps1","","","",""
"16/8/2026, 6:03:27.222197 pm","DC01.darkzero.htb","darkzero\ella","11","Sysmon","File Created","C:\Users\ella.darkzero\AppData\Local\Temp\__PSScriptPolicyTest_bgpr2jx3.1ep.psm1","","","",""
"16/8/2026, 6:03:30.290118 pm","DC01.darkzero.htb","darkzero\ella","11","Sysmon","File Created","C:\Users\ella.darkzero\AppData\Local\Microsoft\Windows\PowerShell\StartupProfileData-NonInteractive","","","",""
"16/8/2026, 6:04:00.832196 pm","DC01.darkzero.htb","DC01$","4672","Security","Privileged Logon","","","SeSecurityPrivilege
			SeBackupPrivilege
			SeRestorePrivilege
			SeTakeOwnershipPrivilege
			SeDebugPrivilege
			SeSystemEnvironmentPrivilege
			SeLoadDriverPrivilege
			SeImpersonatePrivilege
			SeDelegateSessionUserImpersonatePrivilege
			SeEnableDelegationPrivilege","",""
"16/8/2026, 6:04:00.832419 pm","DC01.darkzero.htb","DC01$","4624","Security","Logon","","","","","127.0.0.1"
"16/8/2026, 6:04:27.065309 pm","DC01.darkzero.htb","ella","4768","Security","Kerberos TGT","","","","0x12","::1"
"16/8/2026, 6:04:27.06695 pm","DC01.darkzero.htb","ella@DARKZERO.HTB","4769","Security","Kerberos Service Ticket","","","","0x12","::1"
"16/8/2026, 6:04:27.073305 pm","DC01.darkzero.htb","ella","4624","Security","Logon","","","","","-"
"16/8/2026, 6:04:27.082457 pm","DC01.darkzero.htb","darkzero\ella","1","Sysmon","Process Creation","","","""powershell.exe"" -NoProfile -NoLogo -NonInteractive -ExecutionPolicy Bypass -File ""C:\Users\ella\access_gitea.ps1""","",""
"16/8/2026, 6:04:27.222008 pm","DC01.darkzero.htb","darkzero\ella","11","Sysmon","File Created","C:\Users\ella.darkzero\AppData\Local\Temp\__PSScriptPolicyTest_aemlll0l.0gp.ps1","","","",""
"16/8/2026, 6:04:27.222769 pm","DC01.darkzero.htb","darkzero\ella","11","Sysmon","File Created","C:\Users\ella.darkzero\AppData\Local\Temp\__PSScriptPolicyTest_qzsywuna.qfl.psm1","","","",""
"16/8/2026, 6:04:30.393679 pm","DC01.darkzero.htb","darkzero\ella","11","Sysmon","File Created","C:\Users\ella.darkzero\AppData\Local\Microsoft\Windows\PowerShell\StartupProfileData-NonInteractive","","","",""
"16/8/2026, 6:05:00.836412 pm","DC01.darkzero.htb","DC01$","4672","Security","Privileged Logon","","","SeSecurityPrivilege
			SeBackupPrivilege
			SeRestorePrivilege
			SeTakeOwnershipPrivilege
			SeDebugPrivilege
			SeSystemEnvironmentPrivilege
			SeLoadDriverPrivilege
			SeImpersonatePrivilege
			SeDelegateSessionUserImpersonatePrivilege
			SeEnableDelegationPrivilege","",""
"16/8/2026, 6:05:00.836629 pm","DC01.darkzero.htb","DC01$","4624","Security","Logon","","","","","127.0.0.1"
"16/8/2026, 6:05:19.104944 pm","DC01.darkzero.htb","NT AUTHORITY\SYSTEM","11","Sysmon","File Created","C:\System Volume Information\DFSR\Config\Replica_403BC236-9053-43D0-AAD0-74F0FB6A21A3.XML.TMP","","","",""
"16/8/2026, 6:05:19.109718 pm","DC01.darkzero.htb","NT AUTHORITY\SYSTEM","11","Sysmon","File Created","C:\System Volume Information\DFSR\Config\Volume_57941D7E-1E19-4293-AB21-2231712EE33A.XML.TMP","","","",""
"16/8/2026, 6:05:19.225321 pm","DC01.darkzero.htb","DC01$","4672","Security","Privileged Logon","","","SeSecurityPrivilege
			SeBackupPrivilege
			SeRestorePrivilege
			SeTakeOwnershipPrivilege
			SeDebugPrivilege
			SeSystemEnvironmentPrivilege
			SeLoadDriverPrivilege
			SeImpersonatePrivilege
			SeDelegateSessionUserImpersonatePrivilege
			SeEnableDelegationPrivilege","",""
"16/8/2026, 6:05:19.225524 pm","DC01.darkzero.htb","DC01$","4624","Security","Logon","","","","","172.16.20.1"
"16/8/2026, 6:05:19.341302 pm","DC01.darkzero.htb","DC01$","4672","Security","Privileged Logon","","","SeSecurityPrivilege
			SeBackupPrivilege
			SeRestorePrivilege
			SeTakeOwnershipPrivilege
			SeDebugPrivilege
			SeSystemEnvironmentPrivilege
			SeLoadDriverPrivilege
			SeImpersonatePrivilege
			SeDelegateSessionUserImpersonatePrivilege
			SeEnableDelegationPrivilege","",""
"16/8/2026, 6:05:19.341507 pm","DC01.darkzero.htb","DC01$","4624","Security","Logon","","","","","172.16.20.1"
"16/8/2026, 6:05:27.073572 pm","DC01.darkzero.htb","ella","4768","Security","Kerberos TGT","","","","0x12","::1"
"16/8/2026, 6:05:27.075265 pm","DC01.darkzero.htb","ella@DARKZERO.HTB","4769","Security","Kerberos Service Ticket","","","","0x12","::1"
"16/8/2026, 6:05:27.08241 pm","DC01.darkzero.htb","ella","4624","Security","Logon","","","","","-"
"16/8/2026, 6:05:27.091768 pm","DC01.darkzero.htb","darkzero\ella","1","Sysmon","Process Creation","","","""powershell.exe"" -NoProfile -NoLogo -NonInteractive -ExecutionPolicy Bypass -File ""C:\Users\ella\access_gitea.ps1""","",""
"16/8/2026, 6:05:27.237109 pm","DC01.darkzero.htb","darkzero\ella","11","Sysmon","File Created","C:\Users\ella.darkzero\AppData\Local\Temp\__PSScriptPolicyTest_eoxnbfdg.hmz.ps1","","","",""
"16/8/2026, 6:05:27.237896 pm","DC01.darkzero.htb","darkzero\ella","11","Sysmon","File Created","C:\Users\ella.darkzero\AppData\Local\Temp\__PSScriptPolicyTest_2shck2pb.5hi.psm1","","","",""
"16/8/2026, 6:05:27.37683 pm","DC01.darkzero.htb","DC01$","4672","Security","Privileged Logon","","","SeSecurityPrivilege
			SeBackupPrivilege
			SeRestorePrivilege
			SeTakeOwnershipPrivilege
			SeDebugPrivilege
			SeSystemEnvironmentPrivilege
			SeLoadDriverPrivilege
			SeImpersonatePrivilege
			SeDelegateSessionUserImpersonatePrivilege
			SeEnableDelegationPrivilege","",""
"16/8/2026, 6:05:27.377057 pm","DC01.darkzero.htb","DC01$","4624","Security","Logon","","","","","::1"
"16/8/2026, 6:05:30.426881 pm","DC01.darkzero.htb","darkzero\ella","11","Sysmon","File Created","C:\Users\ella.darkzero\AppData\Local\Microsoft\Windows\PowerShell\StartupProfileData-NonInteractive","","","",""
"16/8/2026, 6:05:35.44257 pm","DC01.darkzero.htb","DC01$","4672","Security","Privileged Logon","","","SeSecurityPrivilege
			SeBackupPrivilege
			SeRestorePrivilege
			SeTakeOwnershipPrivilege
			SeDebugPrivilege
			SeSystemEnvironmentPrivilege
			SeLoadDriverPrivilege
			SeImpersonatePrivilege
			SeDelegateSessionUserImpersonatePrivilege
			SeEnableDelegationPrivilege","",""
"16/8/2026, 6:05:35.44279 pm","DC01.darkzero.htb","DC01$","4624","Security","Logon","","","","","172.16.20.1"
"16/8/2026, 6:05:35.451657 pm","DC01.darkzero.htb","DC01$","4672","Security","Privileged Logon","","","SeSecurityPrivilege
			SeBackupPrivilege
			SeRestorePrivilege
			SeTakeOwnershipPrivilege
			SeDebugPrivilege
			SeSystemEnvironmentPrivilege
			SeLoadDriverPrivilege
			SeImpersonatePrivilege
			SeDelegateSessionUserImpersonatePrivilege
			SeEnableDelegationPrivilege","",""
"16/8/2026, 6:05:35.451876 pm","DC01.darkzero.htb","DC01$","4624","Security","Logon","","","","","::1"
"16/8/2026, 6:05:35.464696 pm","DC01.darkzero.htb","DC01$","4672","Security","Privileged Logon","","","SeSecurityPrivilege
			SeBackupPrivilege
			SeRestorePrivilege
			SeTakeOwnershipPrivilege
			SeDebugPrivilege
			SeSystemEnvironmentPrivilege
			SeLoadDriverPrivilege
			SeImpersonatePrivilege
			SeDelegateSessionUserImpersonatePrivilege
			SeEnableDelegationPrivilege","",""
"16/8/2026, 6:05:35.464963 pm","DC01.darkzero.htb","DC01$","4624","Security","Logon","","","","","::1"
"16/8/2026, 6:05:35.474836 pm","DC01.darkzero.htb","DC01$","4672","Security","Privileged Logon","","","SeSecurityPrivilege
			SeBackupPrivilege
			SeRestorePrivilege
			SeTakeOwnershipPrivilege
			SeDebugPrivilege
			SeSystemEnvironmentPrivilege
			SeLoadDriverPrivilege
			SeImpersonatePrivilege
			SeDelegateSessionUserImpersonatePrivilege
			SeEnableDelegationPrivilege","",""
"16/8/2026, 6:05:35.475073 pm","DC01.darkzero.htb","DC01$","4624","Security","Logon","","","","","10.129.28.204"
"16/8/2026, 6:05:35.498693 pm","DC01.darkzero.htb","DC01$","4672","Security","Privileged Logon","","","SeSecurityPrivilege
			SeBackupPrivilege
			SeRestorePrivilege
			SeTakeOwnershipPrivilege
			SeDebugPrivilege
			SeSystemEnvironmentPrivilege
			SeLoadDriverPrivilege
			SeImpersonatePrivilege
			SeDelegateSessionUserImpersonatePrivilege
			SeEnableDelegationPrivilege","",""
"16/8/2026, 6:05:35.498877 pm","DC01.darkzero.htb","DC01$","4624","Security","Logon","","","","","::1"
"16/8/2026, 6:06:00.840418 pm","DC01.darkzero.htb","DC01$","4672","Security","Privileged Logon","","","SeSecurityPrivilege
			SeBackupPrivilege
			SeRestorePrivilege
			SeTakeOwnershipPrivilege
			SeDebugPrivilege
			SeSystemEnvironmentPrivilege
			SeLoadDriverPrivilege
			SeImpersonatePrivilege
			SeDelegateSessionUserImpersonatePrivilege
			SeEnableDelegationPrivilege","",""
"16/8/2026, 6:06:00.840618 pm","DC01.darkzero.htb","DC01$","4624","Security","Logon","","","","","127.0.0.1"
"16/8/2026, 6:06:27.084746 pm","DC01.darkzero.htb","ella","4768","Security","Kerberos TGT","","","","0x12","::1"
"16/8/2026, 6:06:27.086274 pm","DC01.darkzero.htb","ella@DARKZERO.HTB","4769","Security","Kerberos Service Ticket","","","","0x12","::1"
"16/8/2026, 6:06:27.092873 pm","DC01.darkzero.htb","ella","4624","Security","Logon","","","","","-"
"16/8/2026, 6:06:27.102139 pm","DC01.darkzero.htb","darkzero\ella","1","Sysmon","Process Creation","","","""powershell.exe"" -NoProfile -NoLogo -NonInteractive -ExecutionPolicy Bypass -File ""C:\Users\ella\access_gitea.ps1""","",""
"16/8/2026, 6:06:27.244354 pm","DC01.darkzero.htb","darkzero\ella","11","Sysmon","File Created","C:\Users\ella.darkzero\AppData\Local\Temp\__PSScriptPolicyTest_a15ffgmx.uim.ps1","","","",""
"16/8/2026, 6:06:27.245614 pm","DC01.darkzero.htb","darkzero\ella","11","Sysmon","File Created","C:\Users\ella.darkzero\AppData\Local\Temp\__PSScriptPolicyTest_a0idkpgi.njc.psm1","","","",""
"16/8/2026, 6:06:30.374763 pm","DC01.darkzero.htb","darkzero\ella","11","Sysmon","File Created","C:\Users\ella.darkzero\AppData\Local\Microsoft\Windows\PowerShell\StartupProfileData-NonInteractive","","","",""
"16/8/2026, 6:07:00.845605 pm","DC01.darkzero.htb","DC01$","4672","Security","Privileged Logon","","","SeSecurityPrivilege
			SeBackupPrivilege
			SeRestorePrivilege
			SeTakeOwnershipPrivilege
			SeDebugPrivilege
			SeSystemEnvironmentPrivilege
			SeLoadDriverPrivilege
			SeImpersonatePrivilege
			SeDelegateSessionUserImpersonatePrivilege
			SeEnableDelegationPrivilege","",""
"16/8/2026, 6:07:00.845796 pm","DC01.darkzero.htb","DC01$","4624","Security","Logon","","","","","127.0.0.1"
"16/8/2026, 6:07:27.084715 pm","DC01.darkzero.htb","ella","4768","Security","Kerberos TGT","","","","0x12","::1"
"16/8/2026, 6:07:27.086373 pm","DC01.darkzero.htb","ella@DARKZERO.HTB","4769","Security","Kerberos Service Ticket","","","","0x12","::1"
"16/8/2026, 6:07:27.093954 pm","DC01.darkzero.htb","ella","4624","Security","Logon","","","","","-"
"16/8/2026, 6:07:27.10249 pm","DC01.darkzero.htb","darkzero\ella","1","Sysmon","Process Creation","","","""powershell.exe"" -NoProfile -NoLogo -NonInteractive -ExecutionPolicy Bypass -File ""C:\Users\ella\access_gitea.ps1""","",""
"16/8/2026, 6:07:27.245051 pm","DC01.darkzero.htb","darkzero\ella","11","Sysmon","File Created","C:\Users\ella.darkzero\AppData\Local\Temp\__PSScriptPolicyTest_4vjbb0ce.lu4.ps1","","","",""
"16/8/2026, 6:07:27.245236 pm","DC01.darkzero.htb","darkzero\ella","11","Sysmon","File Created","C:\Users\ella.darkzero\AppData\Local\Temp\__PSScriptPolicyTest_4z4p3gy3.oi2.psm1","","","",""
"16/8/2026, 6:07:30.401353 pm","DC01.darkzero.htb","darkzero\ella","11","Sysmon","File Created","C:\Users\ella.darkzero\AppData\Local\Microsoft\Windows\PowerShell\StartupProfileData-NonInteractive","","","",""
"16/8/2026, 6:08:00.849765 pm","DC01.darkzero.htb","DC01$","4672","Security","Privileged Logon","","","SeSecurityPrivilege
			SeBackupPrivilege
			SeRestorePrivilege
			SeTakeOwnershipPrivilege
			SeDebugPrivilege
			SeSystemEnvironmentPrivilege
			SeLoadDriverPrivilege
			SeImpersonatePrivilege
			SeDelegateSessionUserImpersonatePrivilege
			SeEnableDelegationPrivilege","",""
"16/8/2026, 6:08:00.849946 pm","DC01.darkzero.htb","DC01$","4624","Security","Logon","","","","","127.0.0.1"
"16/8/2026, 6:08:27.087024 pm","DC01.darkzero.htb","ella","4768","Security","Kerberos TGT","","","","0x12","::1"
"16/8/2026, 6:08:27.08889 pm","DC01.darkzero.htb","ella@DARKZERO.HTB","4769","Security","Kerberos Service Ticket","","","","0x12","::1"
"16/8/2026, 6:08:27.096234 pm","DC01.darkzero.htb","ella","4624","Security","Logon","","","","","-"
"16/8/2026, 6:08:27.106485 pm","DC01.darkzero.htb","darkzero\ella","1","Sysmon","Process Creation","","","""powershell.exe"" -NoProfile -NoLogo -NonInteractive -ExecutionPolicy Bypass -File ""C:\Users\ella\access_gitea.ps1""","",""
"16/8/2026, 6:08:27.265 pm","DC01.darkzero.htb","darkzero\ella","11","Sysmon","File Created","C:\Users\ella.darkzero\AppData\Local\Temp\__PSScriptPolicyTest_zpbg0n5o.2hs.ps1","","","",""
"16/8/2026, 6:08:27.265918 pm","DC01.darkzero.htb","darkzero\ella","11","Sysmon","File Created","C:\Users\ella.darkzero\AppData\Local\Temp\__PSScriptPolicyTest_eels0ium.q3n.psm1","","","",""
"16/8/2026, 6:08:30.374914 pm","DC01.darkzero.htb","darkzero\ella","11","Sysmon","File Created","C:\Users\ella.darkzero\AppData\Local\Microsoft\Windows\PowerShell\StartupProfileData-NonInteractive","","","",""
"16/8/2026, 6:09:00.865421 pm","DC01.darkzero.htb","DC01$","4672","Security","Privileged Logon","","","SeSecurityPrivilege
			SeBackupPrivilege
			SeRestorePrivilege
			SeTakeOwnershipPrivilege
			SeDebugPrivilege
			SeSystemEnvironmentPrivilege
			SeLoadDriverPrivilege
			SeImpersonatePrivilege
			SeDelegateSessionUserImpersonatePrivilege
			SeEnableDelegationPrivilege","",""
"16/8/2026, 6:09:00.865641 pm","DC01.darkzero.htb","DC01$","4624","Security","Logon","","","","","127.0.0.1"
"16/8/2026, 6:09:27.093522 pm","DC01.darkzero.htb","ella","4768","Security","Kerberos TGT","","","","0x12","::1"
"16/8/2026, 6:09:27.095517 pm","DC01.darkzero.htb","ella@DARKZERO.HTB","4769","Security","Kerberos Service Ticket","","","","0x12","::1"
"16/8/2026, 6:09:27.10285 pm","DC01.darkzero.htb","ella","4624","Security","Logon","","","","","-"
"16/8/2026, 6:09:27.112553 pm","DC01.darkzero.htb","darkzero\ella","1","Sysmon","Process Creation","","","""powershell.exe"" -NoProfile -NoLogo -NonInteractive -ExecutionPolicy Bypass -File ""C:\Users\ella\access_gitea.ps1""","",""
"16/8/2026, 6:09:27.263509 pm","DC01.darkzero.htb","darkzero\ella","11","Sysmon","File Created","C:\Users\ella.darkzero\AppData\Local\Temp\__PSScriptPolicyTest_apmiwzom.chy.ps1","","","",""
"16/8/2026, 6:09:27.264445 pm","DC01.darkzero.htb","darkzero\ella","11","Sysmon","File Created","C:\Users\ella.darkzero\AppData\Local\Temp\__PSScriptPolicyTest_5zly3e0i.djq.psm1","","","",""
"16/8/2026, 6:09:30.433807 pm","DC01.darkzero.htb","darkzero\ella","11","Sysmon","File Created","C:\Users\ella.darkzero\AppData\Local\Microsoft\Windows\PowerShell\StartupProfileData-NonInteractive","","","",""
"16/8/2026, 6:10:00.881942 pm","DC01.darkzero.htb","DC01$","4672","Security","Privileged Logon","","","SeSecurityPrivilege
			SeBackupPrivilege
			SeRestorePrivilege
			SeTakeOwnershipPrivilege
			SeDebugPrivilege
			SeSystemEnvironmentPrivilege
			SeLoadDriverPrivilege
			SeImpersonatePrivilege
			SeDelegateSessionUserImpersonatePrivilege
			SeEnableDelegationPrivilege","",""
"16/8/2026, 6:10:00.882204 pm","DC01.darkzero.htb","DC01$","4624","Security","Logon","","","","","127.0.0.1"
"16/8/2026, 6:10:19.36114 pm","DC01.darkzero.htb","NT AUTHORITY\SYSTEM","11","Sysmon","File Created","C:\System Volume Information\DFSR\Config\Replica_403BC236-9053-43D0-AAD0-74F0FB6A21A3.XML.TMP","","","",""
"16/8/2026, 6:10:19.367732 pm","DC01.darkzero.htb","NT AUTHORITY\SYSTEM","11","Sysmon","File Created","C:\System Volume Information\DFSR\Config\Volume_57941D7E-1E19-4293-AB21-2231712EE33A.XML.TMP","","","",""
"16/8/2026, 6:10:19.48792 pm","DC01.darkzero.htb","DC01$","4672","Security","Privileged Logon","","","SeSecurityPrivilege
			SeBackupPrivilege
			SeRestorePrivilege
			SeTakeOwnershipPrivilege
			SeDebugPrivilege
			SeSystemEnvironmentPrivilege
			SeLoadDriverPrivilege
			SeImpersonatePrivilege
			SeDelegateSessionUserImpersonatePrivilege
			SeEnableDelegationPrivilege","",""
"16/8/2026, 6:10:19.488198 pm","DC01.darkzero.htb","DC01$","4624","Security","Logon","","","","","172.16.20.1"
"16/8/2026, 6:10:19.617796 pm","DC01.darkzero.htb","DC01$","4672","Security","Privileged Logon","","","SeSecurityPrivilege
			SeBackupPrivilege
			SeRestorePrivilege
			SeTakeOwnershipPrivilege
			SeDebugPrivilege
			SeSystemEnvironmentPrivilege
			SeLoadDriverPrivilege
			SeImpersonatePrivilege
			SeDelegateSessionUserImpersonatePrivilege
			SeEnableDelegationPrivilege","",""
"16/8/2026, 6:10:19.61801 pm","DC01.darkzero.htb","DC01$","4624","Security","Logon","","","","","172.16.20.1"
"16/8/2026, 6:10:27.095066 pm","DC01.darkzero.htb","ella","4768","Security","Kerberos TGT","","","","0x12","::1"
"16/8/2026, 6:10:27.096732 pm","DC01.darkzero.htb","ella@DARKZERO.HTB","4769","Security","Kerberos Service Ticket","","","","0x12","::1"
"16/8/2026, 6:10:27.104077 pm","DC01.darkzero.htb","ella","4624","Security","Logon","","","","","-"
"16/8/2026, 6:10:27.113146 pm","DC01.darkzero.htb","darkzero\ella","1","Sysmon","Process Creation","","","""powershell.exe"" -NoProfile -NoLogo -NonInteractive -ExecutionPolicy Bypass -File ""C:\Users\ella\access_gitea.ps1""","",""
"16/8/2026, 6:10:27.272215 pm","DC01.darkzero.htb","darkzero\ella","11","Sysmon","File Created","C:\Users\ella.darkzero\AppData\Local\Temp\__PSScriptPolicyTest_4rvo2gcv.tri.ps1","","","",""
"16/8/2026, 6:10:27.272797 pm","DC01.darkzero.htb","darkzero\ella","11","Sysmon","File Created","C:\Users\ella.darkzero\AppData\Local\Temp\__PSScriptPolicyTest_qitljma5.f2j.psm1","","","",""
"16/8/2026, 6:10:30.443348 pm","DC01.darkzero.htb","darkzero\ella","11","Sysmon","File Created","C:\Users\ella.darkzero\AppData\Local\Microsoft\Windows\PowerShell\StartupProfileData-NonInteractive","","","",""
"16/8/2026, 6:10:35.653143 pm","DC01.darkzero.htb","DC01$","4672","Security","Privileged Logon","","","SeSecurityPrivilege
			SeBackupPrivilege
			SeRestorePrivilege
			SeTakeOwnershipPrivilege
			SeDebugPrivilege
			SeSystemEnvironmentPrivilege
			SeLoadDriverPrivilege
			SeImpersonatePrivilege
			SeDelegateSessionUserImpersonatePrivilege
			SeEnableDelegationPrivilege","",""
"16/8/2026, 6:10:35.653312 pm","DC01.darkzero.htb","DC01$","4624","Security","Logon","","","","","172.16.20.1"
"16/8/2026, 6:10:35.661205 pm","DC01.darkzero.htb","DC01$","4672","Security","Privileged Logon","","","SeSecurityPrivilege
			SeBackupPrivilege
			SeRestorePrivilege
			SeTakeOwnershipPrivilege
			SeDebugPrivilege
			SeSystemEnvironmentPrivilege
			SeLoadDriverPrivilege
			SeImpersonatePrivilege
			SeDelegateSessionUserImpersonatePrivilege
			SeEnableDelegationPrivilege","",""
"16/8/2026, 6:10:35.661453 pm","DC01.darkzero.htb","DC01$","4624","Security","Logon","","","","","::1"
"16/8/2026, 6:10:35.670682 pm","DC01.darkzero.htb","DC01$","4672","Security","Privileged Logon","","","SeSecurityPrivilege
			SeBackupPrivilege
			SeRestorePrivilege
			SeTakeOwnershipPrivilege
			SeDebugPrivilege
			SeSystemEnvironmentPrivilege
			SeLoadDriverPrivilege
			SeImpersonatePrivilege
			SeDelegateSessionUserImpersonatePrivilege
			SeEnableDelegationPrivilege","",""
"16/8/2026, 6:10:35.67085 pm","DC01.darkzero.htb","DC01$","4624","Security","Logon","","","","","::1"
"16/8/2026, 6:10:35.677948 pm","DC01.darkzero.htb","DC01$","4672","Security","Privileged Logon","","","SeSecurityPrivilege
			SeBackupPrivilege
			SeRestorePrivilege
			SeTakeOwnershipPrivilege
			SeDebugPrivilege
			SeSystemEnvironmentPrivilege
			SeLoadDriverPrivilege
			SeImpersonatePrivilege
			SeDelegateSessionUserImpersonatePrivilege
			SeEnableDelegationPrivilege","",""
"16/8/2026, 6:10:35.67813 pm","DC01.darkzero.htb","DC01$","4624","Security","Logon","","","","","10.129.28.204"
"16/8/2026, 6:10:35.698042 pm","DC01.darkzero.htb","DC01$","4672","Security","Privileged Logon","","","SeSecurityPrivilege
			SeBackupPrivilege
			SeRestorePrivilege
			SeTakeOwnershipPrivilege
			SeDebugPrivilege
			SeSystemEnvironmentPrivilege
			SeLoadDriverPrivilege
			SeImpersonatePrivilege
			SeDelegateSessionUserImpersonatePrivilege
			SeEnableDelegationPrivilege","",""
"16/8/2026, 6:10:35.698224 pm","DC01.darkzero.htb","DC01$","4624","Security","Logon","","","","","::1"
"16/8/2026, 6:11:00.893923 pm","DC01.darkzero.htb","DC01$","4672","Security","Privileged Logon","","","SeSecurityPrivilege
			SeBackupPrivilege
			SeRestorePrivilege
			SeTakeOwnershipPrivilege
			SeDebugPrivilege
			SeSystemEnvironmentPrivilege
			SeLoadDriverPrivilege
			SeImpersonatePrivilege
			SeDelegateSessionUserImpersonatePrivilege
			SeEnableDelegationPrivilege","",""
"16/8/2026, 6:11:00.894103 pm","DC01.darkzero.htb","DC01$","4624","Security","Logon","","","","","127.0.0.1"
"16/8/2026, 6:11:27.100425 pm","DC01.darkzero.htb","ella","4768","Security","Kerberos TGT","","","","0x12","::1"
"16/8/2026, 6:11:27.102173 pm","DC01.darkzero.htb","ella@DARKZERO.HTB","4769","Security","Kerberos Service Ticket","","","","0x12","::1"
"16/8/2026, 6:11:27.108718 pm","DC01.darkzero.htb","ella","4624","Security","Logon","","","","","-"
"16/8/2026, 6:11:27.118782 pm","DC01.darkzero.htb","darkzero\ella","1","Sysmon","Process Creation","","","""powershell.exe"" -NoProfile -NoLogo -NonInteractive -ExecutionPolicy Bypass -File ""C:\Users\ella\access_gitea.ps1""","",""
"16/8/2026, 6:11:27.260599 pm","DC01.darkzero.htb","darkzero\ella","11","Sysmon","File Created","C:\Users\ella.darkzero\AppData\Local\Temp\__PSScriptPolicyTest_lfxilh5j.cij.ps1","","","",""
"16/8/2026, 6:11:27.261634 pm","DC01.darkzero.htb","darkzero\ella","11","Sysmon","File Created","C:\Users\ella.darkzero\AppData\Local\Temp\__PSScriptPolicyTest_yoanh4sk.zjk.psm1","","","",""
"16/8/2026, 6:11:30.378745 pm","DC01.darkzero.htb","darkzero\ella","11","Sysmon","File Created","C:\Users\ella.darkzero\AppData\Local\Microsoft\Windows\PowerShell\StartupProfileData-NonInteractive","","","",""
"16/8/2026, 6:12:00.90087 pm","DC01.darkzero.htb","DC01$","4672","Security","Privileged Logon","","","SeSecurityPrivilege
			SeBackupPrivilege
			SeRestorePrivilege
			SeTakeOwnershipPrivilege
			SeDebugPrivilege
			SeSystemEnvironmentPrivilege
			SeLoadDriverPrivilege
			SeImpersonatePrivilege
			SeDelegateSessionUserImpersonatePrivilege
			SeEnableDelegationPrivilege","",""
"16/8/2026, 6:12:00.901052 pm","DC01.darkzero.htb","DC01$","4624","Security","Logon","","","","","127.0.0.1"
"16/8/2026, 6:12:27.104839 pm","DC01.darkzero.htb","ella","4768","Security","Kerberos TGT","","","","0x12","::1"
"16/8/2026, 6:12:27.106212 pm","DC01.darkzero.htb","ella@DARKZERO.HTB","4769","Security","Kerberos Service Ticket","","","","0x12","::1"
"16/8/2026, 6:12:27.112691 pm","DC01.darkzero.htb","ella","4624","Security","Logon","","","","","-"
"16/8/2026, 6:12:27.121068 pm","DC01.darkzero.htb","darkzero\ella","1","Sysmon","Process Creation","","","""powershell.exe"" -NoProfile -NoLogo -NonInteractive -ExecutionPolicy Bypass -File ""C:\Users\ella\access_gitea.ps1""","",""
"16/8/2026, 6:12:27.26563 pm","DC01.darkzero.htb","darkzero\ella","11","Sysmon","File Created","C:\Users\ella.darkzero\AppData\Local\Temp\__PSScriptPolicyTest_5y3hgdx0.u2d.ps1","","","",""
"16/8/2026, 6:12:27.266769 pm","DC01.darkzero.htb","darkzero\ella","11","Sysmon","File Created","C:\Users\ella.darkzero\AppData\Local\Temp\__PSScriptPolicyTest_smpx3ven.wbt.psm1","","","",""
"16/8/2026, 6:12:30.435365 pm","DC01.darkzero.htb","darkzero\ella","11","Sysmon","File Created","C:\Users\ella.darkzero\AppData\Local\Microsoft\Windows\PowerShell\StartupProfileData-NonInteractive","","","",""
"16/8/2026, 6:13:00.915369 pm","DC01.darkzero.htb","DC01$","4672","Security","Privileged Logon","","","SeSecurityPrivilege
			SeBackupPrivilege
			SeRestorePrivilege
			SeTakeOwnershipPrivilege
			SeDebugPrivilege
			SeSystemEnvironmentPrivilege
			SeLoadDriverPrivilege
			SeImpersonatePrivilege
			SeDelegateSessionUserImpersonatePrivilege
			SeEnableDelegationPrivilege","",""
"16/8/2026, 6:13:00.915549 pm","DC01.darkzero.htb","DC01$","4624","Security","Logon","","","","","127.0.0.1"
"16/8/2026, 6:13:27.118851 pm","DC01.darkzero.htb","ella","4768","Security","Kerberos TGT","","","","0x12","::1"
"16/8/2026, 6:13:27.120536 pm","DC01.darkzero.htb","ella@DARKZERO.HTB","4769","Security","Kerberos Service Ticket","","","","0x12","::1"
"16/8/2026, 6:13:27.127856 pm","DC01.darkzero.htb","ella","4624","Security","Logon","","","","","-"
"16/8/2026, 6:13:27.137077 pm","DC01.darkzero.htb","darkzero\ella","1","Sysmon","Process Creation","","","""powershell.exe"" -NoProfile -NoLogo -NonInteractive -ExecutionPolicy Bypass -File ""C:\Users\ella\access_gitea.ps1""","",""
"16/8/2026, 6:13:27.280409 pm","DC01.darkzero.htb","darkzero\ella","11","Sysmon","File Created","C:\Users\ella.darkzero\AppData\Local\Temp\__PSScriptPolicyTest_badfxf11.2mr.ps1","","","",""
"16/8/2026, 6:13:27.281234 pm","DC01.darkzero.htb","darkzero\ella","11","Sysmon","File Created","C:\Users\ella.darkzero\AppData\Local\Temp\__PSScriptPolicyTest_jxwg2k40.lh4.psm1","","","",""
"16/8/2026, 6:13:30.395763 pm","DC01.darkzero.htb","darkzero\ella","11","Sysmon","File Created","C:\Users\ella.darkzero\AppData\Local\Microsoft\Windows\PowerShell\StartupProfileData-NonInteractive","","","",""
"16/8/2026, 6:14:00.947151 pm","DC01.darkzero.htb","DC01$","4672","Security","Privileged Logon","","","SeSecurityPrivilege
			SeBackupPrivilege
			SeRestorePrivilege
			SeTakeOwnershipPrivilege
			SeDebugPrivilege
			SeSystemEnvironmentPrivilege
			SeLoadDriverPrivilege
			SeImpersonatePrivilege
			SeDelegateSessionUserImpersonatePrivilege
			SeEnableDelegationPrivilege","",""
"16/8/2026, 6:14:00.94737 pm","DC01.darkzero.htb","DC01$","4624","Security","Logon","","","","","127.0.0.1"
"16/8/2026, 6:14:27.118709 pm","DC01.darkzero.htb","ella","4768","Security","Kerberos TGT","","","","0x12","::1"
"16/8/2026, 6:14:27.120607 pm","DC01.darkzero.htb","ella@DARKZERO.HTB","4769","Security","Kerberos Service Ticket","","","","0x12","::1"
"16/8/2026, 6:14:27.12766 pm","DC01.darkzero.htb","ella","4624","Security","Logon","","","","","-"
"16/8/2026, 6:14:27.137295 pm","DC01.darkzero.htb","darkzero\ella","1","Sysmon","Process Creation","","","""powershell.exe"" -NoProfile -NoLogo -NonInteractive -ExecutionPolicy Bypass -File ""C:\Users\ella\access_gitea.ps1""","",""
"16/8/2026, 6:14:27.280796 pm","DC01.darkzero.htb","darkzero\ella","11","Sysmon","File Created","C:\Users\ella.darkzero\AppData\Local\Temp\__PSScriptPolicyTest_npfajsvo.zsw.ps1","","","",""
"16/8/2026, 6:14:27.281139 pm","DC01.darkzero.htb","darkzero\ella","11","Sysmon","File Created","C:\Users\ella.darkzero\AppData\Local\Temp\__PSScriptPolicyTest_des04jyu.bzf.psm1","","","",""
"16/8/2026, 6:14:30.456555 pm","DC01.darkzero.htb","darkzero\ella","11","Sysmon","File Created","C:\Users\ella.darkzero\AppData\Local\Microsoft\Windows\PowerShell\StartupProfileData-NonInteractive","","","",""
"16/8/2026, 6:15:00.952465 pm","DC01.darkzero.htb","DC01$","4672","Security","Privileged Logon","","","SeSecurityPrivilege
			SeBackupPrivilege
			SeRestorePrivilege
			SeTakeOwnershipPrivilege
			SeDebugPrivilege
			SeSystemEnvironmentPrivilege
			SeLoadDriverPrivilege
			SeImpersonatePrivilege
			SeDelegateSessionUserImpersonatePrivilege
			SeEnableDelegationPrivilege","",""
"16/8/2026, 6:15:00.952693 pm","DC01.darkzero.htb","DC01$","4624","Security","Logon","","","","","127.0.0.1"
"16/8/2026, 6:15:19.676977 pm","DC01.darkzero.htb","NT AUTHORITY\SYSTEM","11","Sysmon","File Created","C:\System Volume Information\DFSR\Config\Replica_403BC236-9053-43D0-AAD0-74F0FB6A21A3.XML.TMP","","","",""
"16/8/2026, 6:15:19.683381 pm","DC01.darkzero.htb","NT AUTHORITY\SYSTEM","11","Sysmon","File Created","C:\System Volume Information\DFSR\Config\Volume_57941D7E-1E19-4293-AB21-2231712EE33A.XML.TMP","","","",""
"16/8/2026, 6:15:19.805491 pm","DC01.darkzero.htb","DC01$","4672","Security","Privileged Logon","","","SeSecurityPrivilege
			SeBackupPrivilege
			SeRestorePrivilege
			SeTakeOwnershipPrivilege
			SeDebugPrivilege
			SeSystemEnvironmentPrivilege
			SeLoadDriverPrivilege
			SeImpersonatePrivilege
			SeDelegateSessionUserImpersonatePrivilege
			SeEnableDelegationPrivilege","",""
"16/8/2026, 6:15:19.805712 pm","DC01.darkzero.htb","DC01$","4624","Security","Logon","","","","","172.16.20.1"
"16/8/2026, 6:15:19.929489 pm","DC01.darkzero.htb","DC01$","4672","Security","Privileged Logon","","","SeSecurityPrivilege
			SeBackupPrivilege
			SeRestorePrivilege
			SeTakeOwnershipPrivilege
			SeDebugPrivilege
			SeSystemEnvironmentPrivilege
			SeLoadDriverPrivilege
			SeImpersonatePrivilege
			SeDelegateSessionUserImpersonatePrivilege
			SeEnableDelegationPrivilege","",""
"16/8/2026, 6:15:19.929672 pm","DC01.darkzero.htb","DC01$","4624","Security","Logon","","","","","172.16.20.1"
"16/8/2026, 6:15:27.119064 pm","DC01.darkzero.htb","ella","4768","Security","Kerberos TGT","","","","0x12","::1"
"16/8/2026, 6:15:27.120546 pm","DC01.darkzero.htb","ella@DARKZERO.HTB","4769","Security","Kerberos Service Ticket","","","","0x12","::1"
"16/8/2026, 6:15:27.126837 pm","DC01.darkzero.htb","ella","4624","Security","Logon","","","","","-"
"16/8/2026, 6:15:27.136051 pm","DC01.darkzero.htb","darkzero\ella","1","Sysmon","Process Creation","","","""powershell.exe"" -NoProfile -NoLogo -NonInteractive -ExecutionPolicy Bypass -File ""C:\Users\ella\access_gitea.ps1""","",""
"16/8/2026, 6:15:27.287183 pm","DC01.darkzero.htb","darkzero\ella","11","Sysmon","File Created","C:\Users\ella.darkzero\AppData\Local\Temp\__PSScriptPolicyTest_2hvkdify.xbs.ps1","","","",""
"16/8/2026, 6:15:27.288044 pm","DC01.darkzero.htb","darkzero\ella","11","Sysmon","File Created","C:\Users\ella.darkzero\AppData\Local\Temp\__PSScriptPolicyTest_k1uejh4t.kgl.psm1","","","",""
"16/8/2026, 6:15:27.384812 pm","DC01.darkzero.htb","DC01$","4672","Security","Privileged Logon","","","SeSecurityPrivilege
			SeBackupPrivilege
			SeRestorePrivilege
			SeTakeOwnershipPrivilege
			SeDebugPrivilege
			SeSystemEnvironmentPrivilege
			SeLoadDriverPrivilege
			SeImpersonatePrivilege
			SeDelegateSessionUserImpersonatePrivilege
			SeEnableDelegationPrivilege","",""
"16/8/2026, 6:15:27.385022 pm","DC01.darkzero.htb","DC01$","4624","Security","Logon","","","","","::1"
"16/8/2026, 6:15:30.43014 pm","DC01.darkzero.htb","darkzero\ella","11","Sysmon","File Created","C:\Users\ella.darkzero\AppData\Local\Microsoft\Windows\PowerShell\StartupProfileData-NonInteractive","","","",""
"16/8/2026, 6:15:35.838385 pm","DC01.darkzero.htb","DC01$","4672","Security","Privileged Logon","","","SeSecurityPrivilege
			SeBackupPrivilege
			SeRestorePrivilege
			SeTakeOwnershipPrivilege
			SeDebugPrivilege
			SeSystemEnvironmentPrivilege
			SeLoadDriverPrivilege
			SeImpersonatePrivilege
			SeDelegateSessionUserImpersonatePrivilege
			SeEnableDelegationPrivilege","",""
"16/8/2026, 6:15:35.838608 pm","DC01.darkzero.htb","DC01$","4624","Security","Logon","","","","","172.16.20.1"
"16/8/2026, 6:15:35.853016 pm","DC01.darkzero.htb","DC01$","4672","Security","Privileged Logon","","","SeSecurityPrivilege
			SeBackupPrivilege
			SeRestorePrivilege
			SeTakeOwnershipPrivilege
			SeDebugPrivilege
			SeSystemEnvironmentPrivilege
			SeLoadDriverPrivilege
			SeImpersonatePrivilege
			SeDelegateSessionUserImpersonatePrivilege
			SeEnableDelegationPrivilege","",""
"16/8/2026, 6:15:35.853257 pm","DC01.darkzero.htb","DC01$","4624","Security","Logon","","","","","::1"
"16/8/2026, 6:15:35.862771 pm","DC01.darkzero.htb","DC01$","4672","Security","Privileged Logon","","","SeSecurityPrivilege
			SeBackupPrivilege
			SeRestorePrivilege
			SeTakeOwnershipPrivilege
			SeDebugPrivilege
			SeSystemEnvironmentPrivilege
			SeLoadDriverPrivilege
			SeImpersonatePrivilege
			SeDelegateSessionUserImpersonatePrivilege
			SeEnableDelegationPrivilege","",""
"16/8/2026, 6:15:35.86293 pm","DC01.darkzero.htb","DC01$","4624","Security","Logon","","","","","::1"
"16/8/2026, 6:15:35.87055 pm","DC01.darkzero.htb","DC01$","4672","Security","Privileged Logon","","","SeSecurityPrivilege
			SeBackupPrivilege
			SeRestorePrivilege
			SeTakeOwnershipPrivilege
			SeDebugPrivilege
			SeSystemEnvironmentPrivilege
			SeLoadDriverPrivilege
			SeImpersonatePrivilege
			SeDelegateSessionUserImpersonatePrivilege
			SeEnableDelegationPrivilege","",""
"16/8/2026, 6:15:35.870758 pm","DC01.darkzero.htb","DC01$","4624","Security","Logon","","","","","10.129.28.204"
"16/8/2026, 6:15:35.892961 pm","DC01.darkzero.htb","DC01$","4672","Security","Privileged Logon","","","SeSecurityPrivilege
			SeBackupPrivilege
			SeRestorePrivilege
			SeTakeOwnershipPrivilege
			SeDebugPrivilege
			SeSystemEnvironmentPrivilege
			SeLoadDriverPrivilege
			SeImpersonatePrivilege
			SeDelegateSessionUserImpersonatePrivilege
			SeEnableDelegationPrivilege","",""
"16/8/2026, 6:15:35.893131 pm","DC01.darkzero.htb","DC01$","4624","Security","Logon","","","","","::1"
"16/8/2026, 6:16:24.309344 pm","DC01.darkzero.htb","DC01$","4672","Security","Privileged Logon","","","SeSecurityPrivilege
			SeBackupPrivilege
			SeRestorePrivilege
			SeTakeOwnershipPrivilege
			SeDebugPrivilege
			SeSystemEnvironmentPrivilege
			SeLoadDriverPrivilege
			SeImpersonatePrivilege
			SeDelegateSessionUserImpersonatePrivilege
			SeEnableDelegationPrivilege","",""
"16/8/2026, 6:16:24.314708 pm","DC01.darkzero.htb","DC01$","4624","Security","Logon","","","","","127.0.0.1"
"16/8/2026, 6:16:27.119628 pm","DC01.darkzero.htb","ella","4768","Security","Kerberos TGT","","","","0x12","::1"
"16/8/2026, 6:16:27.121411 pm","DC01.darkzero.htb","ella@DARKZERO.HTB","4769","Security","Kerberos Service Ticket","","","","0x12","::1"
"16/8/2026, 6:16:27.128285 pm","DC01.darkzero.htb","ella","4624","Security","Logon","","","","","-"
"16/8/2026, 6:16:27.139669 pm","DC01.darkzero.htb","darkzero\ella","1","Sysmon","Process Creation","","","""powershell.exe"" -NoProfile -NoLogo -NonInteractive -ExecutionPolicy Bypass -File ""C:\Users\ella\access_gitea.ps1""","",""
"16/8/2026, 6:16:27.292777 pm","DC01.darkzero.htb","darkzero\ella","11","Sysmon","File Created","C:\Users\ella.darkzero\AppData\Local\Temp\__PSScriptPolicyTest_cmraukso.tyt.ps1","","","",""
"16/8/2026, 6:16:27.294093 pm","DC01.darkzero.htb","darkzero\ella","11","Sysmon","File Created","C:\Users\ella.darkzero\AppData\Local\Temp\__PSScriptPolicyTest_ak4azert.30g.psm1","","","",""
"16/8/2026, 6:16:30.411808 pm","DC01.darkzero.htb","darkzero\ella","11","Sysmon","File Created","C:\Users\ella.darkzero\AppData\Local\Microsoft\Windows\PowerShell\StartupProfileData-NonInteractive","","","",""
"16/8/2026, 6:17:03.290946 pm","DC01.darkzero.htb","DC01$","4672","Security","Privileged Logon","","","SeSecurityPrivilege
			SeBackupPrivilege
			SeRestorePrivilege
			SeTakeOwnershipPrivilege
			SeDebugPrivilege
			SeSystemEnvironmentPrivilege
			SeLoadDriverPrivilege
			SeImpersonatePrivilege
			SeDelegateSessionUserImpersonatePrivilege
			SeEnableDelegationPrivilege","",""
"16/8/2026, 6:17:03.291132 pm","DC01.darkzero.htb","DC01$","4624","Security","Logon","","","","","127.0.0.1"
"16/8/2026, 6:17:27.119276 pm","DC01.darkzero.htb","ella","4768","Security","Kerberos TGT","","","","0x12","::1"
"16/8/2026, 6:17:27.120769 pm","DC01.darkzero.htb","ella@DARKZERO.HTB","4769","Security","Kerberos Service Ticket","","","","0x12","::1"
"16/8/2026, 6:17:27.127259 pm","DC01.darkzero.htb","ella","4624","Security","Logon","","","","","-"
"16/8/2026, 6:17:27.136586 pm","DC01.darkzero.htb","darkzero\ella","1","Sysmon","Process Creation","","","""powershell.exe"" -NoProfile -NoLogo -NonInteractive -ExecutionPolicy Bypass -File ""C:\Users\ella\access_gitea.ps1""","",""
"16/8/2026, 6:17:27.283543 pm","DC01.darkzero.htb","darkzero\ella","11","Sysmon","File Created","C:\Users\ella.darkzero\AppData\Local\Temp\__PSScriptPolicyTest_azu5jgti.3ud.ps1","","","",""
"16/8/2026, 6:17:27.28372 pm","DC01.darkzero.htb","darkzero\ella","11","Sysmon","File Created","C:\Users\ella.darkzero\AppData\Local\Temp\__PSScriptPolicyTest_xqn5yb0u.czy.psm1","","","",""
"16/8/2026, 6:17:30.426329 pm","DC01.darkzero.htb","darkzero\ella","11","Sysmon","File Created","C:\Users\ella.darkzero\AppData\Local\Microsoft\Windows\PowerShell\StartupProfileData-NonInteractive","","","",""
"16/8/2026, 6:18:03.314661 pm","DC01.darkzero.htb","DC01$","4672","Security","Privileged Logon","","","SeSecurityPrivilege
			SeBackupPrivilege
			SeRestorePrivilege
			SeTakeOwnershipPrivilege
			SeDebugPrivilege
			SeSystemEnvironmentPrivilege
			SeLoadDriverPrivilege
			SeImpersonatePrivilege
			SeDelegateSessionUserImpersonatePrivilege
			SeEnableDelegationPrivilege","",""
"16/8/2026, 6:18:03.314847 pm","DC01.darkzero.htb","DC01$","4624","Security","Logon","","","","","127.0.0.1"
"16/8/2026, 6:18:27.134415 pm","DC01.darkzero.htb","ella","4768","Security","Kerberos TGT","","","","0x12","::1"
"16/8/2026, 6:18:27.135832 pm","DC01.darkzero.htb","ella@DARKZERO.HTB","4769","Security","Kerberos Service Ticket","","","","0x12","::1"
"16/8/2026, 6:18:27.143084 pm","DC01.darkzero.htb","ella","4624","Security","Logon","","","","","-"
"16/8/2026, 6:18:27.15294 pm","DC01.darkzero.htb","darkzero\ella","1","Sysmon","Process Creation","","","""powershell.exe"" -NoProfile -NoLogo -NonInteractive -ExecutionPolicy Bypass -File ""C:\Users\ella\access_gitea.ps1""","",""
"16/8/2026, 6:18:27.291882 pm","DC01.darkzero.htb","darkzero\ella","11","Sysmon","File Created","C:\Users\ella.darkzero\AppData\Local\Temp\__PSScriptPolicyTest_idtw13fy.0n4.ps1","","","",""
"16/8/2026, 6:18:27.292666 pm","DC01.darkzero.htb","darkzero\ella","11","Sysmon","File Created","C:\Users\ella.darkzero\AppData\Local\Temp\__PSScriptPolicyTest_xrxi5fxr.hmn.psm1","","","",""
"16/8/2026, 6:18:30.402584 pm","DC01.darkzero.htb","darkzero\ella","11","Sysmon","File Created","C:\Users\ella.darkzero\AppData\Local\Microsoft\Windows\PowerShell\StartupProfileData-NonInteractive","","","",""
"16/8/2026, 6:19:03.314369 pm","DC01.darkzero.htb","DC01$","4672","Security","Privileged Logon","","","SeSecurityPrivilege
			SeBackupPrivilege
			SeRestorePrivilege
			SeTakeOwnershipPrivilege
			SeDebugPrivilege
			SeSystemEnvironmentPrivilege
			SeLoadDriverPrivilege
			SeImpersonatePrivilege
			SeDelegateSessionUserImpersonatePrivilege
			SeEnableDelegationPrivilege","",""
"16/8/2026, 6:19:03.314578 pm","DC01.darkzero.htb","DC01$","4624","Security","Logon","","","","","127.0.0.1"
"16/8/2026, 6:19:27.138834 pm","DC01.darkzero.htb","ella","4768","Security","Kerberos TGT","","","","0x12","::1"
"16/8/2026, 6:19:27.140502 pm","DC01.darkzero.htb","ella@DARKZERO.HTB","4769","Security","Kerberos Service Ticket","","","","0x12","::1"
"16/8/2026, 6:19:27.146666 pm","DC01.darkzero.htb","ella","4624","Security","Logon","","","","","-"
"16/8/2026, 6:19:27.155953 pm","DC01.darkzero.htb","darkzero\ella","1","Sysmon","Process Creation","","","""powershell.exe"" -NoProfile -NoLogo -NonInteractive -ExecutionPolicy Bypass -File ""C:\Users\ella\access_gitea.ps1""","",""
"16/8/2026, 6:19:27.295259 pm","DC01.darkzero.htb","darkzero\ella","11","Sysmon","File Created","C:\Users\ella.darkzero\AppData\Local\Temp\__PSScriptPolicyTest_aypo0qtu.mab.ps1","","","",""
"16/8/2026, 6:19:27.295973 pm","DC01.darkzero.htb","darkzero\ella","11","Sysmon","File Created","C:\Users\ella.darkzero\AppData\Local\Temp\__PSScriptPolicyTest_dncy2llx.3j4.psm1","","","",""
"16/8/2026, 6:19:30.473243 pm","DC01.darkzero.htb","darkzero\ella","11","Sysmon","File Created","C:\Users\ella.darkzero\AppData\Local\Microsoft\Windows\PowerShell\StartupProfileData-NonInteractive","","","",""
"16/8/2026, 6:20:03.334717 pm","DC01.darkzero.htb","DC01$","4672","Security","Privileged Logon","","","SeSecurityPrivilege
			SeBackupPrivilege
			SeRestorePrivilege
			SeTakeOwnershipPrivilege
			SeDebugPrivilege
			SeSystemEnvironmentPrivilege
			SeLoadDriverPrivilege
			SeImpersonatePrivilege
			SeDelegateSessionUserImpersonatePrivilege
			SeEnableDelegationPrivilege","",""
"16/8/2026, 6:20:03.334941 pm","DC01.darkzero.htb","DC01$","4624","Security","Logon","","","","","127.0.0.1"
"16/8/2026, 6:20:20.370062 pm","DC01.darkzero.htb","NT AUTHORITY\SYSTEM","11","Sysmon","File Created","C:\System Volume Information\DFSR\Config\Replica_403BC236-9053-43D0-AAD0-74F0FB6A21A3.XML.TMP","","","",""
"16/8/2026, 6:20:20.374389 pm","DC01.darkzero.htb","NT AUTHORITY\SYSTEM","11","Sysmon","File Created","C:\System Volume Information\DFSR\Config\Volume_57941D7E-1E19-4293-AB21-2231712EE33A.XML.TMP","","","",""
"16/8/2026, 6:20:20.488276 pm","DC01.darkzero.htb","DC01$","4672","Security","Privileged Logon","","","SeSecurityPrivilege
			SeBackupPrivilege
			SeRestorePrivilege
			SeTakeOwnershipPrivilege
			SeDebugPrivilege
			SeSystemEnvironmentPrivilege
			SeLoadDriverPrivilege
			SeImpersonatePrivilege
			SeDelegateSessionUserImpersonatePrivilege
			SeEnableDelegationPrivilege","",""
"16/8/2026, 6:20:20.488473 pm","DC01.darkzero.htb","DC01$","4624","Security","Logon","","","","","172.16.20.1"
"16/8/2026, 6:20:20.600437 pm","DC01.darkzero.htb","DC01$","4672","Security","Privileged Logon","","","SeSecurityPrivilege
			SeBackupPrivilege
			SeRestorePrivilege
			SeTakeOwnershipPrivilege
			SeDebugPrivilege
			SeSystemEnvironmentPrivilege
			SeLoadDriverPrivilege
			SeImpersonatePrivilege
			SeDelegateSessionUserImpersonatePrivilege
			SeEnableDelegationPrivilege","",""
"16/8/2026, 6:20:20.600633 pm","DC01.darkzero.htb","DC01$","4624","Security","Logon","","","","","172.16.20.1"
"16/8/2026, 6:20:27.154196 pm","DC01.darkzero.htb","ella","4768","Security","Kerberos TGT","","","","0x12","::1"
"16/8/2026, 6:20:27.155615 pm","DC01.darkzero.htb","ella@DARKZERO.HTB","4769","Security","Kerberos Service Ticket","","","","0x12","::1"
"16/8/2026, 6:20:27.161702 pm","DC01.darkzero.htb","ella","4624","Security","Logon","","","","","-"
"16/8/2026, 6:20:27.171095 pm","DC01.darkzero.htb","darkzero\ella","1","Sysmon","Process Creation","","","""powershell.exe"" -NoProfile -NoLogo -NonInteractive -ExecutionPolicy Bypass -File ""C:\Users\ella\access_gitea.ps1""","",""
"16/8/2026, 6:20:27.312645 pm","DC01.darkzero.htb","darkzero\ella","11","Sysmon","File Created","C:\Users\ella.darkzero\AppData\Local\Temp\__PSScriptPolicyTest_k1nydp4n.fcr.ps1","","","",""
"16/8/2026, 6:20:27.313329 pm","DC01.darkzero.htb","darkzero\ella","11","Sysmon","File Created","C:\Users\ella.darkzero\AppData\Local\Temp\__PSScriptPolicyTest_3avs3kiu.me4.psm1","","","",""
"16/8/2026, 6:20:30.484344 pm","DC01.darkzero.htb","darkzero\ella","11","Sysmon","File Created","C:\Users\ella.darkzero\AppData\Local\Microsoft\Windows\PowerShell\StartupProfileData-NonInteractive","","","",""
"16/8/2026, 6:20:36.044812 pm","DC01.darkzero.htb","DC01$","4672","Security","Privileged Logon","","","SeSecurityPrivilege
			SeBackupPrivilege
			SeRestorePrivilege
			SeTakeOwnershipPrivilege
			SeDebugPrivilege
			SeSystemEnvironmentPrivilege
			SeLoadDriverPrivilege
			SeImpersonatePrivilege
			SeDelegateSessionUserImpersonatePrivilege
			SeEnableDelegationPrivilege","",""
"16/8/2026, 6:20:36.045055 pm","DC01.darkzero.htb","DC01$","4624","Security","Logon","","","","","172.16.20.1"
"16/8/2026, 6:20:36.054312 pm","DC01.darkzero.htb","DC01$","4672","Security","Privileged Logon","","","SeSecurityPrivilege
			SeBackupPrivilege
			SeRestorePrivilege
			SeTakeOwnershipPrivilege
			SeDebugPrivilege
			SeSystemEnvironmentPrivilege
			SeLoadDriverPrivilege
			SeImpersonatePrivilege
			SeDelegateSessionUserImpersonatePrivilege
			SeEnableDelegationPrivilege","",""
"16/8/2026, 6:20:36.05458 pm","DC01.darkzero.htb","DC01$","4624","Security","Logon","","","","","::1"
"16/8/2026, 6:20:36.064784 pm","DC01.darkzero.htb","DC01$","4672","Security","Privileged Logon","","","SeSecurityPrivilege
			SeBackupPrivilege
			SeRestorePrivilege
			SeTakeOwnershipPrivilege
			SeDebugPrivilege
			SeSystemEnvironmentPrivilege
			SeLoadDriverPrivilege
			SeImpersonatePrivilege
			SeDelegateSessionUserImpersonatePrivilege
			SeEnableDelegationPrivilege","",""
"16/8/2026, 6:20:36.065004 pm","DC01.darkzero.htb","DC01$","4624","Security","Logon","","","","","::1"
"16/8/2026, 6:20:36.073085 pm","DC01.darkzero.htb","DC01$","4672","Security","Privileged Logon","","","SeSecurityPrivilege
			SeBackupPrivilege
			SeRestorePrivilege
			SeTakeOwnershipPrivilege
			SeDebugPrivilege
			SeSystemEnvironmentPrivilege
			SeLoadDriverPrivilege
			SeImpersonatePrivilege
			SeDelegateSessionUserImpersonatePrivilege
			SeEnableDelegationPrivilege","",""
"16/8/2026, 6:20:36.07332 pm","DC01.darkzero.htb","DC01$","4624","Security","Logon","","","","","10.129.28.204"
"16/8/2026, 6:20:36.096337 pm","DC01.darkzero.htb","DC01$","4672","Security","Privileged Logon","","","SeSecurityPrivilege
			SeBackupPrivilege
			SeRestorePrivilege
			SeTakeOwnershipPrivilege
			SeDebugPrivilege
			SeSystemEnvironmentPrivilege
			SeLoadDriverPrivilege
			SeImpersonatePrivilege
			SeDelegateSessionUserImpersonatePrivilege
			SeEnableDelegationPrivilege","",""
"16/8/2026, 6:20:36.096545 pm","DC01.darkzero.htb","DC01$","4624","Security","Logon","","","","","::1"
"16/8/2026, 6:21:03.350995 pm","DC01.darkzero.htb","DC01$","4672","Security","Privileged Logon","","","SeSecurityPrivilege
			SeBackupPrivilege
			SeRestorePrivilege
			SeTakeOwnershipPrivilege
			SeDebugPrivilege
			SeSystemEnvironmentPrivilege
			SeLoadDriverPrivilege
			SeImpersonatePrivilege
			SeDelegateSessionUserImpersonatePrivilege
			SeEnableDelegationPrivilege","",""
"16/8/2026, 6:21:03.351187 pm","DC01.darkzero.htb","DC01$","4624","Security","Logon","","","","","127.0.0.1"
"16/8/2026, 6:21:27.155373 pm","DC01.darkzero.htb","ella","4768","Security","Kerberos TGT","","","","0x12","::1"
"16/8/2026, 6:21:27.157019 pm","DC01.darkzero.htb","ella@DARKZERO.HTB","4769","Security","Kerberos Service Ticket","","","","0x12","::1"
"16/8/2026, 6:21:27.163857 pm","DC01.darkzero.htb","ella","4624","Security","Logon","","","","","-"
"16/8/2026, 6:21:27.174611 pm","DC01.darkzero.htb","darkzero\ella","1","Sysmon","Process Creation","","","""powershell.exe"" -NoProfile -NoLogo -NonInteractive -ExecutionPolicy Bypass -File ""C:\Users\ella\access_gitea.ps1""","",""
"16/8/2026, 6:21:27.329962 pm","DC01.darkzero.htb","darkzero\ella","11","Sysmon","File Created","C:\Users\ella.darkzero\AppData\Local\Temp\__PSScriptPolicyTest_nloirje1.k4p.ps1","","","",""
"16/8/2026, 6:21:27.330548 pm","DC01.darkzero.htb","darkzero\ella","11","Sysmon","File Created","C:\Users\ella.darkzero\AppData\Local\Temp\__PSScriptPolicyTest_olwk5pu0.goi.psm1","","","",""
"16/8/2026, 6:21:30.471702 pm","DC01.darkzero.htb","darkzero\ella","11","Sysmon","File Created","C:\Users\ella.darkzero\AppData\Local\Microsoft\Windows\PowerShell\StartupProfileData-NonInteractive","","","",""
"16/8/2026, 6:22:03.354826 pm","DC01.darkzero.htb","DC01$","4672","Security","Privileged Logon","","","SeSecurityPrivilege
			SeBackupPrivilege
			SeRestorePrivilege
			SeTakeOwnershipPrivilege
			SeDebugPrivilege
			SeSystemEnvironmentPrivilege
			SeLoadDriverPrivilege
			SeImpersonatePrivilege
			SeDelegateSessionUserImpersonatePrivilege
			SeEnableDelegationPrivilege","",""
"16/8/2026, 6:22:03.355063 pm","DC01.darkzero.htb","DC01$","4624","Security","Logon","","","","","127.0.0.1"
"16/8/2026, 6:22:27.154844 pm","DC01.darkzero.htb","ella","4768","Security","Kerberos TGT","","","","0x12","::1"
"16/8/2026, 6:22:27.15642 pm","DC01.darkzero.htb","ella@DARKZERO.HTB","4769","Security","Kerberos Service Ticket","","","","0x12","::1"
"16/8/2026, 6:22:27.16321 pm","DC01.darkzero.htb","ella","4624","Security","Logon","","","","","-"
"16/8/2026, 6:22:27.172932 pm","DC01.darkzero.htb","darkzero\ella","1","Sysmon","Process Creation","","","""powershell.exe"" -NoProfile -NoLogo -NonInteractive -ExecutionPolicy Bypass -File ""C:\Users\ella\access_gitea.ps1""","",""
"16/8/2026, 6:22:27.315164 pm","DC01.darkzero.htb","darkzero\ella","11","Sysmon","File Created","C:\Users\ella.darkzero\AppData\Local\Temp\__PSScriptPolicyTest_cbjhqymr.ahu.ps1","","","",""
"16/8/2026, 6:22:27.316014 pm","DC01.darkzero.htb","darkzero\ella","11","Sysmon","File Created","C:\Users\ella.darkzero\AppData\Local\Temp\__PSScriptPolicyTest_yflxn5pa.orn.psm1","","","",""
"16/8/2026, 6:22:30.478431 pm","DC01.darkzero.htb","darkzero\ella","11","Sysmon","File Created","C:\Users\ella.darkzero\AppData\Local\Microsoft\Windows\PowerShell\StartupProfileData-NonInteractive","","","",""
"16/8/2026, 6:23:03.349782 pm","DC01.darkzero.htb","DC01$","4672","Security","Privileged Logon","","","SeSecurityPrivilege
			SeBackupPrivilege
			SeRestorePrivilege
			SeTakeOwnershipPrivilege
			SeDebugPrivilege
			SeSystemEnvironmentPrivilege
			SeLoadDriverPrivilege
			SeImpersonatePrivilege
			SeDelegateSessionUserImpersonatePrivilege
			SeEnableDelegationPrivilege","",""
"16/8/2026, 6:23:03.350019 pm","DC01.darkzero.htb","DC01$","4624","Security","Logon","","","","","127.0.0.1"
"16/8/2026, 6:23:27.157993 pm","DC01.darkzero.htb","ella","4768","Security","Kerberos TGT","","","","0x12","::1"
"16/8/2026, 6:23:27.159721 pm","DC01.darkzero.htb","ella@DARKZERO.HTB","4769","Security","Kerberos Service Ticket","","","","0x12","::1"
"16/8/2026, 6:23:27.166413 pm","DC01.darkzero.htb","ella","4624","Security","Logon","","","","","-"
"16/8/2026, 6:23:27.175985 pm","DC01.darkzero.htb","darkzero\ella","1","Sysmon","Process Creation","","","""powershell.exe"" -NoProfile -NoLogo -NonInteractive -ExecutionPolicy Bypass -File ""C:\Users\ella\access_gitea.ps1""","",""
"16/8/2026, 6:23:27.315737 pm","DC01.darkzero.htb","darkzero\ella","11","Sysmon","File Created","C:\Users\ella.darkzero\AppData\Local\Temp\__PSScriptPolicyTest_bnnfyi2w.3xz.ps1","","","",""
"16/8/2026, 6:23:27.316535 pm","DC01.darkzero.htb","darkzero\ella","11","Sysmon","File Created","C:\Users\ella.darkzero\AppData\Local\Temp\__PSScriptPolicyTest_adxiiy4x.wxu.psm1","","","",""
"16/8/2026, 6:23:30.47107 pm","DC01.darkzero.htb","darkzero\ella","11","Sysmon","File Created","C:\Users\ella.darkzero\AppData\Local\Microsoft\Windows\PowerShell\StartupProfileData-NonInteractive","","","",""
"16/8/2026, 6:24:03.363752 pm","DC01.darkzero.htb","DC01$","4672","Security","Privileged Logon","","","SeSecurityPrivilege
			SeBackupPrivilege
			SeRestorePrivilege
			SeTakeOwnershipPrivilege
			SeDebugPrivilege
			SeSystemEnvironmentPrivilege
			SeLoadDriverPrivilege
			SeImpersonatePrivilege
			SeDelegateSessionUserImpersonatePrivilege
			SeEnableDelegationPrivilege","",""
"16/8/2026, 6:24:03.363958 pm","DC01.darkzero.htb","DC01$","4624","Security","Logon","","","","","127.0.0.1"
"16/8/2026, 6:24:27.166881 pm","DC01.darkzero.htb","ella","4768","Security","Kerberos TGT","","","","0x12","::1"
"16/8/2026, 6:24:27.168362 pm","DC01.darkzero.htb","ella@DARKZERO.HTB","4769","Security","Kerberos Service Ticket","","","","0x12","::1"
"16/8/2026, 6:24:27.174784 pm","DC01.darkzero.htb","ella","4624","Security","Logon","","","","","-"
"16/8/2026, 6:24:27.18447 pm","DC01.darkzero.htb","darkzero\ella","1","Sysmon","Process Creation","","","""powershell.exe"" -NoProfile -NoLogo -NonInteractive -ExecutionPolicy Bypass -File ""C:\Users\ella\access_gitea.ps1""","",""
"16/8/2026, 6:24:27.318793 pm","DC01.darkzero.htb","darkzero\ella","11","Sysmon","File Created","C:\Users\ella.darkzero\AppData\Local\Temp\__PSScriptPolicyTest_e4vtqh4i.gph.ps1","","","",""
"16/8/2026, 6:24:27.319598 pm","DC01.darkzero.htb","darkzero\ella","11","Sysmon","File Created","C:\Users\ella.darkzero\AppData\Local\Temp\__PSScriptPolicyTest_h2o1eyhl.gus.psm1","","","",""
"16/8/2026, 6:24:30.535565 pm","DC01.darkzero.htb","darkzero\ella","11","Sysmon","File Created","C:\Users\ella.darkzero\AppData\Local\Microsoft\Windows\PowerShell\StartupProfileData-NonInteractive","","","",""
"16/8/2026, 6:25:03.37747 pm","DC01.darkzero.htb","DC01$","4672","Security","Privileged Logon","","","SeSecurityPrivilege
			SeBackupPrivilege
			SeRestorePrivilege
			SeTakeOwnershipPrivilege
			SeDebugPrivilege
			SeSystemEnvironmentPrivilege
			SeLoadDriverPrivilege
			SeImpersonatePrivilege
			SeDelegateSessionUserImpersonatePrivilege
			SeEnableDelegationPrivilege","",""
"16/8/2026, 6:25:03.377659 pm","DC01.darkzero.htb","DC01$","4624","Security","Logon","","","","","127.0.0.1"
"16/8/2026, 6:25:21.177993 pm","DC01.darkzero.htb","NT AUTHORITY\SYSTEM","11","Sysmon","File Created","C:\System Volume Information\DFSR\Config\Replica_403BC236-9053-43D0-AAD0-74F0FB6A21A3.XML.TMP","","","",""
"16/8/2026, 6:25:21.182254 pm","DC01.darkzero.htb","NT AUTHORITY\SYSTEM","11","Sysmon","File Created","C:\System Volume Information\DFSR\Config\Volume_57941D7E-1E19-4293-AB21-2231712EE33A.XML.TMP","","","",""
"16/8/2026, 6:25:21.403401 pm","DC01.darkzero.htb","DC01$","4672","Security","Privileged Logon","","","SeSecurityPrivilege
			SeBackupPrivilege
			SeRestorePrivilege
			SeTakeOwnershipPrivilege
			SeDebugPrivilege
			SeSystemEnvironmentPrivilege
			SeLoadDriverPrivilege
			SeImpersonatePrivilege
			SeDelegateSessionUserImpersonatePrivilege
			SeEnableDelegationPrivilege","",""
"16/8/2026, 6:25:21.403574 pm","DC01.darkzero.htb","DC01$","4624","Security","Logon","","","","","172.16.20.1"
"16/8/2026, 6:25:21.548444 pm","DC01.darkzero.htb","DC01$","4672","Security","Privileged Logon","","","SeSecurityPrivilege
			SeBackupPrivilege
			SeRestorePrivilege
			SeTakeOwnershipPrivilege
			SeDebugPrivilege
			SeSystemEnvironmentPrivilege
			SeLoadDriverPrivilege
			SeImpersonatePrivilege
			SeDelegateSessionUserImpersonatePrivilege
			SeEnableDelegationPrivilege","",""
"16/8/2026, 6:25:21.548632 pm","DC01.darkzero.htb","DC01$","4624","Security","Logon","","","","","172.16.20.1"
"16/8/2026, 6:25:27.217118 pm","DC01.darkzero.htb","ella","4768","Security","Kerberos TGT","","","","0x12","::1"
"16/8/2026, 6:25:27.218811 pm","DC01.darkzero.htb","ella@DARKZERO.HTB","4769","Security","Kerberos Service Ticket","","","","0x12","::1"
"16/8/2026, 6:25:27.225427 pm","DC01.darkzero.htb","ella","4624","Security","Logon","","","","","-"
"16/8/2026, 6:25:27.320793 pm","DC01.darkzero.htb","darkzero\ella","1","Sysmon","Process Creation","","","""powershell.exe"" -NoProfile -NoLogo -NonInteractive -ExecutionPolicy Bypass -File ""C:\Users\ella\access_gitea.ps1""","",""
"16/8/2026, 6:25:27.400176 pm","DC01.darkzero.htb","DC01$","4672","Security","Privileged Logon","","","SeSecurityPrivilege
			SeBackupPrivilege
			SeRestorePrivilege
			SeTakeOwnershipPrivilege
			SeDebugPrivilege
			SeSystemEnvironmentPrivilege
			SeLoadDriverPrivilege
			SeImpersonatePrivilege
			SeDelegateSessionUserImpersonatePrivilege
			SeEnableDelegationPrivilege","",""
"16/8/2026, 6:25:27.400474 pm","DC01.darkzero.htb","DC01$","4624","Security","Logon","","","","","::1"
"16/8/2026, 6:25:28.0231 pm","DC01.darkzero.htb","darkzero\ella","11","Sysmon","File Created","C:\Users\ella.darkzero\AppData\Local\Temp\__PSScriptPolicyTest_cslxwks4.0xm.ps1","","","",""
"16/8/2026, 6:25:28.02432 pm","DC01.darkzero.htb","darkzero\ella","11","Sysmon","File Created","C:\Users\ella.darkzero\AppData\Local\Temp\__PSScriptPolicyTest_i4zhum5z.3wa.psm1","","","",""
"16/8/2026, 6:25:32.786428 pm","DC01.darkzero.htb","darkzero\ella","11","Sysmon","File Created","C:\Users\ella.darkzero\AppData\Local\Microsoft\Windows\PowerShell\StartupProfileData-NonInteractive","","","",""
"16/8/2026, 6:25:36.241494 pm","DC01.darkzero.htb","DC01$","4672","Security","Privileged Logon","","","SeSecurityPrivilege
			SeBackupPrivilege
			SeRestorePrivilege
			SeTakeOwnershipPrivilege
			SeDebugPrivilege
			SeSystemEnvironmentPrivilege
			SeLoadDriverPrivilege
			SeImpersonatePrivilege
			SeDelegateSessionUserImpersonatePrivilege
			SeEnableDelegationPrivilege","",""
"16/8/2026, 6:25:36.25566 pm","DC01.darkzero.htb","DC01$","4624","Security","Logon","","","","","172.16.20.1"
"16/8/2026, 6:25:36.264254 pm","DC01.darkzero.htb","DC01$","4672","Security","Privileged Logon","","","SeSecurityPrivilege
			SeBackupPrivilege
			SeRestorePrivilege
			SeTakeOwnershipPrivilege
			SeDebugPrivilege
			SeSystemEnvironmentPrivilege
			SeLoadDriverPrivilege
			SeImpersonatePrivilege
			SeDelegateSessionUserImpersonatePrivilege
			SeEnableDelegationPrivilege","",""
"16/8/2026, 6:25:36.264524 pm","DC01.darkzero.htb","DC01$","4624","Security","Logon","","","","","::1"
"16/8/2026, 6:25:36.340325 pm","DC01.darkzero.htb","DC01$","4672","Security","Privileged Logon","","","SeSecurityPrivilege
			SeBackupPrivilege
			SeRestorePrivilege
			SeTakeOwnershipPrivilege
			SeDebugPrivilege
			SeSystemEnvironmentPrivilege
			SeLoadDriverPrivilege
			SeImpersonatePrivilege
			SeDelegateSessionUserImpersonatePrivilege
			SeEnableDelegationPrivilege","",""
"16/8/2026, 6:25:36.340543 pm","DC01.darkzero.htb","DC01$","4624","Security","Logon","","","","","::1"
"16/8/2026, 6:25:36.349563 pm","DC01.darkzero.htb","DC01$","4672","Security","Privileged Logon","","","SeSecurityPrivilege
			SeBackupPrivilege
			SeRestorePrivilege
			SeTakeOwnershipPrivilege
			SeDebugPrivilege
			SeSystemEnvironmentPrivilege
			SeLoadDriverPrivilege
			SeImpersonatePrivilege
			SeDelegateSessionUserImpersonatePrivilege
			SeEnableDelegationPrivilege","",""
"16/8/2026, 6:25:36.349714 pm","DC01.darkzero.htb","DC01$","4624","Security","Logon","","","","","10.129.28.204"
"16/8/2026, 6:25:36.449852 pm","DC01.darkzero.htb","DC01$","4672","Security","Privileged Logon","","","SeSecurityPrivilege
			SeBackupPrivilege
			SeRestorePrivilege
			SeTakeOwnershipPrivilege
			SeDebugPrivilege
			SeSystemEnvironmentPrivilege
			SeLoadDriverPrivilege
			SeImpersonatePrivilege
			SeDelegateSessionUserImpersonatePrivilege
			SeEnableDelegationPrivilege","",""
"16/8/2026, 6:25:36.45007 pm","DC01.darkzero.htb","DC01$","4624","Security","Logon","","","","","::1"
"16/8/2026, 6:26:03.400161 pm","DC01.darkzero.htb","DC01$","4672","Security","Privileged Logon","","","SeSecurityPrivilege
			SeBackupPrivilege
			SeRestorePrivilege
			SeTakeOwnershipPrivilege
			SeDebugPrivilege
			SeSystemEnvironmentPrivilege
			SeLoadDriverPrivilege
			SeImpersonatePrivilege
			SeDelegateSessionUserImpersonatePrivilege
			SeEnableDelegationPrivilege","",""
"16/8/2026, 6:26:03.400349 pm","DC01.darkzero.htb","DC01$","4624","Security","Logon","","","","","127.0.0.1"
"16/8/2026, 6:26:27.22687 pm","DC01.darkzero.htb","ella","4768","Security","Kerberos TGT","","","","0x12","::1"
"16/8/2026, 6:26:27.228504 pm","DC01.darkzero.htb","ella@DARKZERO.HTB","4769","Security","Kerberos Service Ticket","","","","0x12","::1"
"16/8/2026, 6:26:27.235959 pm","DC01.darkzero.htb","ella","4624","Security","Logon","","","","","-"
"16/8/2026, 6:26:27.245068 pm","DC01.darkzero.htb","darkzero\ella","1","Sysmon","Process Creation","","","""powershell.exe"" -NoProfile -NoLogo -NonInteractive -ExecutionPolicy Bypass -File ""C:\Users\ella\access_gitea.ps1""","",""
"16/8/2026, 6:26:27.394017 pm","DC01.darkzero.htb","darkzero\ella","11","Sysmon","File Created","C:\Users\ella.darkzero\AppData\Local\Temp\__PSScriptPolicyTest_dnb0znoz.20k.ps1","","","",""
"16/8/2026, 6:26:27.394743 pm","DC01.darkzero.htb","darkzero\ella","11","Sysmon","File Created","C:\Users\ella.darkzero\AppData\Local\Temp\__PSScriptPolicyTest_udy2fsrt.lqs.psm1","","","",""
"16/8/2026, 6:26:30.537228 pm","DC01.darkzero.htb","darkzero\ella","11","Sysmon","File Created","C:\Users\ella.darkzero\AppData\Local\Microsoft\Windows\PowerShell\StartupProfileData-NonInteractive","","","",""
"16/8/2026, 6:27:03.404163 pm","DC01.darkzero.htb","DC01$","4672","Security","Privileged Logon","","","SeSecurityPrivilege
			SeBackupPrivilege
			SeRestorePrivilege
			SeTakeOwnershipPrivilege
			SeDebugPrivilege
			SeSystemEnvironmentPrivilege
			SeLoadDriverPrivilege
			SeImpersonatePrivilege
			SeDelegateSessionUserImpersonatePrivilege
			SeEnableDelegationPrivilege","",""
"16/8/2026, 6:27:03.404332 pm","DC01.darkzero.htb","DC01$","4624","Security","Logon","","","","","127.0.0.1"
"16/8/2026, 6:27:27.22903 pm","DC01.darkzero.htb","ella","4768","Security","Kerberos TGT","","","","0x12","::1"
"16/8/2026, 6:27:27.230901 pm","DC01.darkzero.htb","ella@DARKZERO.HTB","4769","Security","Kerberos Service Ticket","","","","0x12","::1"
"16/8/2026, 6:27:27.238891 pm","DC01.darkzero.htb","ella","4624","Security","Logon","","","","","-"
"16/8/2026, 6:27:27.248477 pm","DC01.darkzero.htb","darkzero\ella","1","Sysmon","Process Creation","","","""powershell.exe"" -NoProfile -NoLogo -NonInteractive -ExecutionPolicy Bypass -File ""C:\Users\ella\access_gitea.ps1""","",""
"16/8/2026, 6:27:27.39564 pm","DC01.darkzero.htb","darkzero\ella","11","Sysmon","File Created","C:\Users\ella.darkzero\AppData\Local\Temp\__PSScriptPolicyTest_gp4zxxq3.0rh.ps1","","","",""
"16/8/2026, 6:27:27.396681 pm","DC01.darkzero.htb","darkzero\ella","11","Sysmon","File Created","C:\Users\ella.darkzero\AppData\Local\Temp\__PSScriptPolicyTest_v4tcw11q.mdn.psm1","","","",""
"16/8/2026, 6:27:30.543341 pm","DC01.darkzero.htb","darkzero\ella","11","Sysmon","File Created","C:\Users\ella.darkzero\AppData\Local\Microsoft\Windows\PowerShell\StartupProfileData-NonInteractive","","","",""
"16/8/2026, 6:28:03.408974 pm","DC01.darkzero.htb","DC01$","4672","Security","Privileged Logon","","","SeSecurityPrivilege
			SeBackupPrivilege
			SeRestorePrivilege
			SeTakeOwnershipPrivilege
			SeDebugPrivilege
			SeSystemEnvironmentPrivilege
			SeLoadDriverPrivilege
			SeImpersonatePrivilege
			SeDelegateSessionUserImpersonatePrivilege
			SeEnableDelegationPrivilege","",""
"16/8/2026, 6:28:03.409179 pm","DC01.darkzero.htb","DC01$","4624","Security","Logon","","","","","127.0.0.1"
"16/8/2026, 6:28:27.233986 pm","DC01.darkzero.htb","ella","4768","Security","Kerberos TGT","","","","0x12","::1"
"16/8/2026, 6:28:27.235786 pm","DC01.darkzero.htb","ella@DARKZERO.HTB","4769","Security","Kerberos Service Ticket","","","","0x12","::1"
"16/8/2026, 6:28:27.243813 pm","DC01.darkzero.htb","ella","4624","Security","Logon","","","","","-"
"16/8/2026, 6:28:27.253902 pm","DC01.darkzero.htb","darkzero\ella","1","Sysmon","Process Creation","","","""powershell.exe"" -NoProfile -NoLogo -NonInteractive -ExecutionPolicy Bypass -File ""C:\Users\ella\access_gitea.ps1""","",""
"16/8/2026, 6:28:27.396437 pm","DC01.darkzero.htb","darkzero\ella","11","Sysmon","File Created","C:\Users\ella.darkzero\AppData\Local\Temp\__PSScriptPolicyTest_pdyw0tvn.hic.ps1","","","",""
"16/8/2026, 6:28:27.396834 pm","DC01.darkzero.htb","darkzero\ella","11","Sysmon","File Created","C:\Users\ella.darkzero\AppData\Local\Temp\__PSScriptPolicyTest_wuazkpdl.qmh.psm1","","","",""
"16/8/2026, 6:28:30.635871 pm","DC01.darkzero.htb","darkzero\ella","11","Sysmon","File Created","C:\Users\ella.darkzero\AppData\Local\Microsoft\Windows\PowerShell\StartupProfileData-NonInteractive","","","",""
"16/8/2026, 6:29:03.430569 pm","DC01.darkzero.htb","DC01$","4672","Security","Privileged Logon","","","SeSecurityPrivilege
			SeBackupPrivilege
			SeRestorePrivilege
			SeTakeOwnershipPrivilege
			SeDebugPrivilege
			SeSystemEnvironmentPrivilege
			SeLoadDriverPrivilege
			SeImpersonatePrivilege
			SeDelegateSessionUserImpersonatePrivilege
			SeEnableDelegationPrivilege","",""
"16/8/2026, 6:29:03.43104 pm","DC01.darkzero.htb","DC01$","4624","Security","Logon","","","","","127.0.0.1"
"16/8/2026, 6:29:27.232675 pm","DC01.darkzero.htb","ella","4768","Security","Kerberos TGT","","","","0x12","::1"
"16/8/2026, 6:29:27.234229 pm","DC01.darkzero.htb","ella@DARKZERO.HTB","4769","Security","Kerberos Service Ticket","","","","0x12","::1"
"16/8/2026, 6:29:27.240444 pm","DC01.darkzero.htb","ella","4624","Security","Logon","","","","","-"
"16/8/2026, 6:29:27.249011 pm","DC01.darkzero.htb","darkzero\ella","1","Sysmon","Process Creation","","","""powershell.exe"" -NoProfile -NoLogo -NonInteractive -ExecutionPolicy Bypass -File ""C:\Users\ella\access_gitea.ps1""","",""
"16/8/2026, 6:29:27.392837 pm","DC01.darkzero.htb","darkzero\ella","11","Sysmon","File Created","C:\Users\ella.darkzero\AppData\Local\Temp\__PSScriptPolicyTest_hn21011y.mj5.ps1","","","",""
"16/8/2026, 6:29:27.393462 pm","DC01.darkzero.htb","darkzero\ella","11","Sysmon","File Created","C:\Users\ella.darkzero\AppData\Local\Temp\__PSScriptPolicyTest_vv2bjc2i.wnw.psm1","","","",""
"16/8/2026, 6:29:30.508582 pm","DC01.darkzero.htb","darkzero\ella","11","Sysmon","File Created","C:\Users\ella.darkzero\AppData\Local\Microsoft\Windows\PowerShell\StartupProfileData-NonInteractive","","","",""
"16/8/2026, 6:30:03.427736 pm","DC01.darkzero.htb","DC01$","4672","Security","Privileged Logon","","","SeSecurityPrivilege
			SeBackupPrivilege
			SeRestorePrivilege
			SeTakeOwnershipPrivilege
			SeDebugPrivilege
			SeSystemEnvironmentPrivilege
			SeLoadDriverPrivilege
			SeImpersonatePrivilege
			SeDelegateSessionUserImpersonatePrivilege
			SeEnableDelegationPrivilege","",""
"16/8/2026, 6:30:03.427922 pm","DC01.darkzero.htb","DC01$","4624","Security","Logon","","","","","127.0.0.1"
"16/8/2026, 6:30:20.539083 pm","DC01.darkzero.htb","NT AUTHORITY\SYSTEM","11","Sysmon","File Created","C:\ProgramData\Microsoft\Diagnosis\AggregatorStorage\Triggers\17647717143869751280_trigger.dat","","","",""
"16/8/2026, 6:30:20.540084 pm","DC01.darkzero.htb","NT AUTHORITY\SYSTEM","11","Sysmon","File Created","C:\ProgramData\Microsoft\Diagnosis\AggregatorStorage\Triggers\17647717143869751280_data.dat","","","",""
"16/8/2026, 6:30:22.066733 pm","DC01.darkzero.htb","NT AUTHORITY\SYSTEM","11","Sysmon","File Created","C:\System Volume Information\DFSR\Config\Replica_403BC236-9053-43D0-AAD0-74F0FB6A21A3.XML.TMP","","","",""
"16/8/2026, 6:30:22.071218 pm","DC01.darkzero.htb","NT AUTHORITY\SYSTEM","11","Sysmon","File Created","C:\System Volume Information\DFSR\Config\Volume_57941D7E-1E19-4293-AB21-2231712EE33A.XML.TMP","","","",""
"16/8/2026, 6:30:22.193961 pm","DC01.darkzero.htb","DC01$","4672","Security","Privileged Logon","","","SeSecurityPrivilege
			SeBackupPrivilege
			SeRestorePrivilege
			SeTakeOwnershipPrivilege
			SeDebugPrivilege
			SeSystemEnvironmentPrivilege
			SeLoadDriverPrivilege
			SeImpersonatePrivilege
			SeDelegateSessionUserImpersonatePrivilege
			SeEnableDelegationPrivilege","",""
"16/8/2026, 6:30:22.194156 pm","DC01.darkzero.htb","DC01$","4624","Security","Logon","","","","","172.16.20.1"
"16/8/2026, 6:30:22.317654 pm","DC01.darkzero.htb","DC01$","4672","Security","Privileged Logon","","","SeSecurityPrivilege
			SeBackupPrivilege
			SeRestorePrivilege
			SeTakeOwnershipPrivilege
			SeDebugPrivilege
			SeSystemEnvironmentPrivilege
			SeLoadDriverPrivilege
			SeImpersonatePrivilege
			SeDelegateSessionUserImpersonatePrivilege
			SeEnableDelegationPrivilege","",""
"16/8/2026, 6:30:22.318009 pm","DC01.darkzero.htb","DC01$","4624","Security","Logon","","","","","172.16.20.1"
"16/8/2026, 6:30:27.244169 pm","DC01.darkzero.htb","ella","4768","Security","Kerberos TGT","","","","0x12","::1"
"16/8/2026, 6:30:27.245659 pm","DC01.darkzero.htb","ella@DARKZERO.HTB","4769","Security","Kerberos Service Ticket","","","","0x12","::1"
"16/8/2026, 6:30:27.251805 pm","DC01.darkzero.htb","ella","4624","Security","Logon","","","","","-"
"16/8/2026, 6:30:27.259931 pm","DC01.darkzero.htb","darkzero\ella","1","Sysmon","Process Creation","","","""powershell.exe"" -NoProfile -NoLogo -NonInteractive -ExecutionPolicy Bypass -File ""C:\Users\ella\access_gitea.ps1""","",""
"16/8/2026, 6:30:27.403102 pm","DC01.darkzero.htb","darkzero\ella","11","Sysmon","File Created","C:\Users\ella.darkzero\AppData\Local\Temp\__PSScriptPolicyTest_0bgfbixg.blk.ps1","","","",""
"16/8/2026, 6:30:27.403221 pm","DC01.darkzero.htb","darkzero\ella","11","Sysmon","File Created","C:\Users\ella.darkzero\AppData\Local\Temp\__PSScriptPolicyTest_3wxgvwlo.udi.psm1","","","",""
"16/8/2026, 6:30:30.530111 pm","DC01.darkzero.htb","darkzero\ella","11","Sysmon","File Created","C:\Users\ella.darkzero\AppData\Local\Microsoft\Windows\PowerShell\StartupProfileData-NonInteractive","","","",""
"16/8/2026, 6:30:33.882038 pm","DC01.darkzero.htb","NT AUTHORITY\SYSTEM","11","Sysmon","File Created","C:\ProgramData\Microsoft\Diagnosis\AggregatorStorage\UpdateHeartbeatScan$","","","",""
"16/8/2026, 6:30:36.557859 pm","DC01.darkzero.htb","DC01$","4672","Security","Privileged Logon","","","SeSecurityPrivilege
			SeBackupPrivilege
			SeRestorePrivilege
			SeTakeOwnershipPrivilege
			SeDebugPrivilege
			SeSystemEnvironmentPrivilege
			SeLoadDriverPrivilege
			SeImpersonatePrivilege
			SeDelegateSessionUserImpersonatePrivilege
			SeEnableDelegationPrivilege","",""
"16/8/2026, 6:30:36.558683 pm","DC01.darkzero.htb","DC01$","4624","Security","Logon","","","","","::1"
"16/8/2026, 6:30:36.658096 pm","DC01.darkzero.htb","DC01$","4672","Security","Privileged Logon","","","SeSecurityPrivilege
			SeBackupPrivilege
			SeRestorePrivilege
			SeTakeOwnershipPrivilege
			SeDebugPrivilege
			SeSystemEnvironmentPrivilege
			SeLoadDriverPrivilege
			SeImpersonatePrivilege
			SeDelegateSessionUserImpersonatePrivilege
			SeEnableDelegationPrivilege","",""
"16/8/2026, 6:30:36.658309 pm","DC01.darkzero.htb","DC01$","4624","Security","Logon","","","","","172.16.20.1"
"16/8/2026, 6:30:36.668556 pm","DC01.darkzero.htb","DC01$","4672","Security","Privileged Logon","","","SeSecurityPrivilege
			SeBackupPrivilege
			SeRestorePrivilege
			SeTakeOwnershipPrivilege
			SeDebugPrivilege
			SeSystemEnvironmentPrivilege
			SeLoadDriverPrivilege
			SeImpersonatePrivilege
			SeDelegateSessionUserImpersonatePrivilege
			SeEnableDelegationPrivilege","",""
"16/8/2026, 6:30:36.668752 pm","DC01.darkzero.htb","DC01$","4624","Security","Logon","","","","","::1"
"16/8/2026, 6:30:36.678196 pm","DC01.darkzero.htb","DC01$","4672","Security","Privileged Logon","","","SeSecurityPrivilege
			SeBackupPrivilege
			SeRestorePrivilege
			SeTakeOwnershipPrivilege
			SeDebugPrivilege
			SeSystemEnvironmentPrivilege
			SeLoadDriverPrivilege
			SeImpersonatePrivilege
			SeDelegateSessionUserImpersonatePrivilege
			SeEnableDelegationPrivilege","",""
"16/8/2026, 6:30:36.67837 pm","DC01.darkzero.htb","DC01$","4624","Security","Logon","","","","","::1"
"16/8/2026, 6:30:36.685143 pm","DC01.darkzero.htb","DC01$","4672","Security","Privileged Logon","","","SeSecurityPrivilege
			SeBackupPrivilege
			SeRestorePrivilege
			SeTakeOwnershipPrivilege
			SeDebugPrivilege
			SeSystemEnvironmentPrivilege
			SeLoadDriverPrivilege
			SeImpersonatePrivilege
			SeDelegateSessionUserImpersonatePrivilege
			SeEnableDelegationPrivilege","",""
"16/8/2026, 6:30:36.685287 pm","DC01.darkzero.htb","DC01$","4624","Security","Logon","","","","","10.129.28.204"
"16/8/2026, 6:30:36.705635 pm","DC01.darkzero.htb","DC01$","4672","Security","Privileged Logon","","","SeSecurityPrivilege
			SeBackupPrivilege
			SeRestorePrivilege
			SeTakeOwnershipPrivilege
			SeDebugPrivilege
			SeSystemEnvironmentPrivilege
			SeLoadDriverPrivilege
			SeImpersonatePrivilege
			SeDelegateSessionUserImpersonatePrivilege
			SeEnableDelegationPrivilege","",""
"16/8/2026, 6:30:36.705797 pm","DC01.darkzero.htb","DC01$","4624","Security","Logon","","","","","::1"
"16/8/2026, 6:30:56.556089 pm","DC01.darkzero.htb","DC01$","4672","Security","Privileged Logon","","","SeAuditPrivilege
			SeAssignPrimaryTokenPrivilege
			SeImpersonatePrivilege","",""
"16/8/2026, 6:30:56.556527 pm","DC01.darkzero.htb","DC01$","4624","Security","Logon","","","","","-"
"16/8/2026, 6:31:03.423753 pm","DC01.darkzero.htb","DC01$","4672","Security","Privileged Logon","","","SeSecurityPrivilege
			SeBackupPrivilege
			SeRestorePrivilege
			SeTakeOwnershipPrivilege
			SeDebugPrivilege
			SeSystemEnvironmentPrivilege
			SeLoadDriverPrivilege
			SeImpersonatePrivilege
			SeDelegateSessionUserImpersonatePrivilege
			SeEnableDelegationPrivilege","",""
"16/8/2026, 6:31:03.423979 pm","DC01.darkzero.htb","DC01$","4624","Security","Logon","","","","","127.0.0.1"
"16/8/2026, 6:31:27.24252 pm","DC01.darkzero.htb","ella","4768","Security","Kerberos TGT","","","","0x12","::1"
"16/8/2026, 6:31:27.243943 pm","DC01.darkzero.htb","ella@DARKZERO.HTB","4769","Security","Kerberos Service Ticket","","","","0x12","::1"
"16/8/2026, 6:31:27.251275 pm","DC01.darkzero.htb","ella","4624","Security","Logon","","","","","-"
"16/8/2026, 6:31:27.259691 pm","DC01.darkzero.htb","darkzero\ella","1","Sysmon","Process Creation","","","""powershell.exe"" -NoProfile -NoLogo -NonInteractive -ExecutionPolicy Bypass -File ""C:\Users\ella\access_gitea.ps1""","",""
"16/8/2026, 6:31:27.413673 pm","DC01.darkzero.htb","darkzero\ella","11","Sysmon","File Created","C:\Users\ella.darkzero\AppData\Local\Temp\__PSScriptPolicyTest_q1ds1u34.5es.ps1","","","",""
"16/8/2026, 6:31:27.415275 pm","DC01.darkzero.htb","darkzero\ella","11","Sysmon","File Created","C:\Users\ella.darkzero\AppData\Local\Temp\__PSScriptPolicyTest_kr3xl3aa.yeq.psm1","","","",""
"16/8/2026, 6:31:30.516671 pm","DC01.darkzero.htb","darkzero\ella","11","Sysmon","File Created","C:\Users\ella.darkzero\AppData\Local\Microsoft\Windows\PowerShell\StartupProfileData-NonInteractive","","","",""
"16/8/2026, 6:31:32.235588 pm","DC01.darkzero.htb","NT AUTHORITY\SYSTEM","11","Sysmon","File Created","C:\ProgramData\Microsoft\Diagnosis\AggregatorStorage\AdoptionHeartbeat$","","","",""
"16/8/2026, 6:31:41.173271 pm","DC01.darkzero.htb","SYSTEM","4624","Security","Logon","","","","","-"
"16/8/2026, 6:31:41.173294 pm","DC01.darkzero.htb","SYSTEM","4672","Security","Privileged Logon","","","SeAssignPrimaryTokenPrivilege
			SeTcbPrivilege
			SeSecurityPrivilege
			SeTakeOwnershipPrivilege
			SeLoadDriverPrivilege
			SeBackupPrivilege
			SeRestorePrivilege
			SeDebugPrivilege
			SeAuditPrivilege
			SeSystemEnvironmentPrivilege
			SeImpersonatePrivilege
			SeDelegateSessionUserImpersonatePrivilege","",""
"16/8/2026, 6:31:41.177626 pm","DC01.darkzero.htb","NT AUTHORITY\SYSTEM","1","Sysmon","Process Creation","","","C:\WINDOWS\System32\svchost.exe -k netsvcs -p -s NetSetupSvc","",""
"16/8/2026, 6:32:15.696656 pm","DC01.darkzero.htb","DC01$","4672","Security","Privileged Logon","","","SeSecurityPrivilege
			SeBackupPrivilege
			SeRestorePrivilege
			SeTakeOwnershipPrivilege
			SeDebugPrivilege
			SeSystemEnvironmentPrivilege
			SeLoadDriverPrivilege
			SeImpersonatePrivilege
			SeDelegateSessionUserImpersonatePrivilege
			SeEnableDelegationPrivilege","",""
"16/8/2026, 6:32:15.696898 pm","DC01.darkzero.htb","DC01$","4624","Security","Logon","","","","","127.0.0.1"
"16/8/2026, 6:32:27.243138 pm","DC01.darkzero.htb","ella","4768","Security","Kerberos TGT","","","","0x12","::1"
"16/8/2026, 6:32:27.244896 pm","DC01.darkzero.htb","ella@DARKZERO.HTB","4769","Security","Kerberos Service Ticket","","","","0x12","::1"
"16/8/2026, 6:32:27.251725 pm","DC01.darkzero.htb","ella","4624","Security","Logon","","","","","-"
"16/8/2026, 6:32:27.26151 pm","DC01.darkzero.htb","darkzero\ella","1","Sysmon","Process Creation","","","""powershell.exe"" -NoProfile -NoLogo -NonInteractive -ExecutionPolicy Bypass -File ""C:\Users\ella\access_gitea.ps1""","",""
"16/8/2026, 6:32:27.436724 pm","DC01.darkzero.htb","darkzero\ella","11","Sysmon","File Created","C:\Users\ella.darkzero\AppData\Local\Temp\__PSScriptPolicyTest_fjdcm4hn.h1j.ps1","","","",""
"16/8/2026, 6:32:27.437335 pm","DC01.darkzero.htb","darkzero\ella","11","Sysmon","File Created","C:\Users\ella.darkzero\AppData\Local\Temp\__PSScriptPolicyTest_iwl3mnks.tml.psm1","","","",""
"16/8/2026, 6:32:30.684294 pm","DC01.darkzero.htb","darkzero\ella","11","Sysmon","File Created","C:\Users\ella.darkzero\AppData\Local\Microsoft\Windows\PowerShell\StartupProfileData-NonInteractive","","","",""
"16/8/2026, 6:33:15.693645 pm","DC01.darkzero.htb","DC01$","4672","Security","Privileged Logon","","","SeSecurityPrivilege
			SeBackupPrivilege
			SeRestorePrivilege
			SeTakeOwnershipPrivilege
			SeDebugPrivilege
			SeSystemEnvironmentPrivilege
			SeLoadDriverPrivilege
			SeImpersonatePrivilege
			SeDelegateSessionUserImpersonatePrivilege
			SeEnableDelegationPrivilege","",""
"16/8/2026, 6:33:15.6939 pm","DC01.darkzero.htb","DC01$","4624","Security","Logon","","","","","127.0.0.1"
"16/8/2026, 6:33:27.243441 pm","DC01.darkzero.htb","ella","4768","Security","Kerberos TGT","","","","0x12","::1"
"16/8/2026, 6:33:27.244999 pm","DC01.darkzero.htb","ella@DARKZERO.HTB","4769","Security","Kerberos Service Ticket","","","","0x12","::1"
"16/8/2026, 6:33:27.252266 pm","DC01.darkzero.htb","ella","4624","Security","Logon","","","","","-"
"16/8/2026, 6:33:27.261007 pm","DC01.darkzero.htb","darkzero\ella","1","Sysmon","Process Creation","","","""powershell.exe"" -NoProfile -NoLogo -NonInteractive -ExecutionPolicy Bypass -File ""C:\Users\ella\access_gitea.ps1""","",""
"16/8/2026, 6:33:27.407978 pm","DC01.darkzero.htb","darkzero\ella","11","Sysmon","File Created","C:\Users\ella.darkzero\AppData\Local\Temp\__PSScriptPolicyTest_h4nn4oig.2xv.ps1","","","",""
"16/8/2026, 6:33:27.408878 pm","DC01.darkzero.htb","darkzero\ella","11","Sysmon","File Created","C:\Users\ella.darkzero\AppData\Local\Temp\__PSScriptPolicyTest_tyc42urd.hqv.psm1","","","",""
"16/8/2026, 6:33:30.601165 pm","DC01.darkzero.htb","darkzero\ella","11","Sysmon","File Created","C:\Users\ella.darkzero\AppData\Local\Microsoft\Windows\PowerShell\StartupProfileData-NonInteractive","","","",""
"16/8/2026, 6:33:49.99669 pm","DC01.darkzero.htb","NT AUTHORITY\SYSTEM","1","Sysmon","Process Creation","","","""C:\WINDOWS\uus\packages\preview\AMD64\MoUsoCoreWorker.exe"" useprivatenamespaces","",""
"16/8/2026, 6:33:50.098164 pm","DC01.darkzero.htb","NT AUTHORITY\SYSTEM","11","Sysmon","File Created","C:\ProgramData\USOPrivate\UpdateStore\store.db-journal","","","",""
"16/8/2026, 6:33:50.185877 pm","DC01.darkzero.htb","SYSTEM","4624","Security","Logon","","","","","-"
"16/8/2026, 6:33:50.185895 pm","DC01.darkzero.htb","SYSTEM","4672","Security","Privileged Logon","","","SeAssignPrimaryTokenPrivilege
			SeTcbPrivilege
			SeSecurityPrivilege
			SeTakeOwnershipPrivilege
			SeLoadDriverPrivilege
			SeBackupPrivilege
			SeRestorePrivilege
			SeDebugPrivilege
			SeAuditPrivilege
			SeSystemEnvironmentPrivilege
			SeImpersonatePrivilege
			SeDelegateSessionUserImpersonatePrivilege","",""
"16/8/2026, 6:33:50.190405 pm","DC01.darkzero.htb","NT AUTHORITY\SYSTEM","1","Sysmon","Process Creation","","","C:\WINDOWS\system32\svchost.exe -k wusvcs -p -s WaaSMedicSvc","",""
"16/8/2026, 6:33:50.247873 pm","DC01.darkzero.htb","NT AUTHORITY\SYSTEM","11","Sysmon","File Created","C:\Windows\Logs\waasmedic\waasmedic.20260816_183350_245.etl","","","",""
"16/8/2026, 6:33:50.484433 pm","DC01.darkzero.htb","SYSTEM","4624","Security","Logon","","","","","-"
"16/8/2026, 6:33:50.484448 pm","DC01.darkzero.htb","SYSTEM","4672","Security","Privileged Logon","","","SeAssignPrimaryTokenPrivilege
			SeTcbPrivilege
			SeSecurityPrivilege
			SeTakeOwnershipPrivilege
			SeLoadDriverPrivilege
			SeBackupPrivilege
			SeRestorePrivilege
			SeDebugPrivilege
			SeAuditPrivilege
			SeSystemEnvironmentPrivilege
			SeImpersonatePrivilege
			SeDelegateSessionUserImpersonatePrivilege","",""
"16/8/2026, 6:33:50.604742 pm","DC01.darkzero.htb","SYSTEM","4624","Security","Logon","","","","","-"
"16/8/2026, 6:33:50.604758 pm","DC01.darkzero.htb","SYSTEM","4672","Security","Privileged Logon","","","SeAssignPrimaryTokenPrivilege
			SeTcbPrivilege
			SeSecurityPrivilege
			SeTakeOwnershipPrivilege
			SeLoadDriverPrivilege
			SeBackupPrivilege
			SeRestorePrivilege
			SeDebugPrivilege
			SeAuditPrivilege
			SeSystemEnvironmentPrivilege
			SeImpersonatePrivilege
			SeDelegateSessionUserImpersonatePrivilege","",""
"16/8/2026, 6:33:50.698852 pm","DC01.darkzero.htb","NT AUTHORITY\SYSTEM","11","Sysmon","File Created","C:\ProgramData\regid.1991-06.com.microsoft\regid.1991-06.com.microsoft_Windows-Server-2025-Datacenter.swidtag","","","",""
"16/8/2026, 6:33:51.822448 pm","DC01.darkzero.htb","NT AUTHORITY\SYSTEM","11","Sysmon","File Created","C:\ProgramData\USOPrivate\UpdateStore\store.db-journal","","","",""
"16/8/2026, 6:33:51.935084 pm","DC01.darkzero.htb","NT AUTHORITY\SYSTEM","11","Sysmon","File Created","C:\ProgramData\USOPrivate\UpdateStore\store.db-journal","","","",""
"16/8/2026, 6:33:52.176381 pm","DC01.darkzero.htb","NT AUTHORITY\SYSTEM","11","Sysmon","File Created","C:\ProgramData\USOPrivate\UpdateStore\store.db-journal","","","",""
"16/8/2026, 6:33:52.205642 pm","DC01.darkzero.htb","NT AUTHORITY\SYSTEM","11","Sysmon","File Created","C:\ProgramData\USOPrivate\UpdateStore\store.db-journal","","","",""
"16/8/2026, 6:34:15.716492 pm","DC01.darkzero.htb","DC01$","4672","Security","Privileged Logon","","","SeSecurityPrivilege
			SeBackupPrivilege
			SeRestorePrivilege
			SeTakeOwnershipPrivilege
			SeDebugPrivilege
			SeSystemEnvironmentPrivilege
			SeLoadDriverPrivilege
			SeImpersonatePrivilege
			SeDelegateSessionUserImpersonatePrivilege
			SeEnableDelegationPrivilege","",""
"16/8/2026, 6:34:15.716753 pm","DC01.darkzero.htb","DC01$","4624","Security","Logon","","","","","127.0.0.1"
"16/8/2026, 6:34:27.259251 pm","DC01.darkzero.htb","ella","4768","Security","Kerberos TGT","","","","0x12","::1"
"16/8/2026, 6:34:27.260702 pm","DC01.darkzero.htb","ella@DARKZERO.HTB","4769","Security","Kerberos Service Ticket","","","","0x12","::1"
"16/8/2026, 6:34:27.267265 pm","DC01.darkzero.htb","ella","4624","Security","Logon","","","","","-"
"16/8/2026, 6:34:27.275851 pm","DC01.darkzero.htb","darkzero\ella","1","Sysmon","Process Creation","","","""powershell.exe"" -NoProfile -NoLogo -NonInteractive -ExecutionPolicy Bypass -File ""C:\Users\ella\access_gitea.ps1""","",""
"16/8/2026, 6:34:27.426908 pm","DC01.darkzero.htb","darkzero\ella","11","Sysmon","File Created","C:\Users\ella.darkzero\AppData\Local\Temp\__PSScriptPolicyTest_rhfmrzy2.g1d.ps1","","","",""
"16/8/2026, 6:34:27.428289 pm","DC01.darkzero.htb","darkzero\ella","11","Sysmon","File Created","C:\Users\ella.darkzero\AppData\Local\Temp\__PSScriptPolicyTest_00ty5tcb.uck.psm1","","","",""
"16/8/2026, 6:34:30.586673 pm","DC01.darkzero.htb","darkzero\ella","11","Sysmon","File Created","C:\Users\ella.darkzero\AppData\Local\Microsoft\Windows\PowerShell\StartupProfileData-NonInteractive","","","",""
"16/8/2026, 6:35:15.721795 pm","DC01.darkzero.htb","DC01$","4672","Security","Privileged Logon","","","SeSecurityPrivilege
			SeBackupPrivilege
			SeRestorePrivilege
			SeTakeOwnershipPrivilege
			SeDebugPrivilege
			SeSystemEnvironmentPrivilege
			SeLoadDriverPrivilege
			SeImpersonatePrivilege
			SeDelegateSessionUserImpersonatePrivilege
			SeEnableDelegationPrivilege","",""
"16/8/2026, 6:35:15.72206 pm","DC01.darkzero.htb","DC01$","4624","Security","Logon","","","","","127.0.0.1"
"16/8/2026, 6:35:22.921316 pm","DC01.darkzero.htb","NT AUTHORITY\SYSTEM","11","Sysmon","File Created","C:\System Volume Information\DFSR\Config\Replica_403BC236-9053-43D0-AAD0-74F0FB6A21A3.XML.TMP","","","",""
"16/8/2026, 6:35:22.926734 pm","DC01.darkzero.htb","NT AUTHORITY\SYSTEM","11","Sysmon","File Created","C:\System Volume Information\DFSR\Config\Volume_57941D7E-1E19-4293-AB21-2231712EE33A.XML.TMP","","","",""
"16/8/2026, 6:35:23.04684 pm","DC01.darkzero.htb","DC01$","4672","Security","Privileged Logon","","","SeSecurityPrivilege
			SeBackupPrivilege
			SeRestorePrivilege
			SeTakeOwnershipPrivilege
			SeDebugPrivilege
			SeSystemEnvironmentPrivilege
			SeLoadDriverPrivilege
			SeImpersonatePrivilege
			SeDelegateSessionUserImpersonatePrivilege
			SeEnableDelegationPrivilege","",""
"16/8/2026, 6:35:23.047024 pm","DC01.darkzero.htb","DC01$","4624","Security","Logon","","","","","172.16.20.1"
"16/8/2026, 6:35:23.174243 pm","DC01.darkzero.htb","DC01$","4672","Security","Privileged Logon","","","SeSecurityPrivilege
			SeBackupPrivilege
			SeRestorePrivilege
			SeTakeOwnershipPrivilege
			SeDebugPrivilege
			SeSystemEnvironmentPrivilege
			SeLoadDriverPrivilege
			SeImpersonatePrivilege
			SeDelegateSessionUserImpersonatePrivilege
			SeEnableDelegationPrivilege","",""
"16/8/2026, 6:35:23.174415 pm","DC01.darkzero.htb","DC01$","4624","Security","Logon","","","","","172.16.20.1"
"16/8/2026, 6:35:27.261967 pm","DC01.darkzero.htb","ella","4768","Security","Kerberos TGT","","","","0x12","::1"
"16/8/2026, 6:35:27.264026 pm","DC01.darkzero.htb","ella@DARKZERO.HTB","4769","Security","Kerberos Service Ticket","","","","0x12","::1"
"16/8/2026, 6:35:27.272375 pm","DC01.darkzero.htb","ella","4624","Security","Logon","","","","","-"
"16/8/2026, 6:35:27.282096 pm","DC01.darkzero.htb","darkzero\ella","1","Sysmon","Process Creation","","","""powershell.exe"" -NoProfile -NoLogo -NonInteractive -ExecutionPolicy Bypass -File ""C:\Users\ella\access_gitea.ps1""","",""
"16/8/2026, 6:35:27.45029 pm","DC01.darkzero.htb","darkzero\ella","11","Sysmon","File Created","C:\Users\ella.darkzero\AppData\Local\Temp\__PSScriptPolicyTest_p2sdtk4z.zt3.ps1","","","",""
"16/8/2026, 6:35:27.451845 pm","DC01.darkzero.htb","darkzero\ella","11","Sysmon","File Created","C:\Users\ella.darkzero\AppData\Local\Temp\__PSScriptPolicyTest_5zlzvdi0.bop.psm1","","","",""
"16/8/2026, 6:35:27.453335 pm","DC01.darkzero.htb","DC01$","4672","Security","Privileged Logon","","","SeSecurityPrivilege
			SeBackupPrivilege
			SeRestorePrivilege
			SeTakeOwnershipPrivilege
			SeDebugPrivilege
			SeSystemEnvironmentPrivilege
			SeLoadDriverPrivilege
			SeImpersonatePrivilege
			SeDelegateSessionUserImpersonatePrivilege
			SeEnableDelegationPrivilege","",""
"16/8/2026, 6:35:27.453593 pm","DC01.darkzero.htb","DC01$","4624","Security","Logon","","","","","::1"
"16/8/2026, 6:35:30.610849 pm","DC01.darkzero.htb","darkzero\ella","11","Sysmon","File Created","C:\Users\ella.darkzero\AppData\Local\Microsoft\Windows\PowerShell\StartupProfileData-NonInteractive","","","",""
"16/8/2026, 6:35:36.845144 pm","DC01.darkzero.htb","DC01$","4672","Security","Privileged Logon","","","SeSecurityPrivilege
			SeBackupPrivilege
			SeRestorePrivilege
			SeTakeOwnershipPrivilege
			SeDebugPrivilege
			SeSystemEnvironmentPrivilege
			SeLoadDriverPrivilege
			SeImpersonatePrivilege
			SeDelegateSessionUserImpersonatePrivilege
			SeEnableDelegationPrivilege","",""
"16/8/2026, 6:35:36.84532 pm","DC01.darkzero.htb","DC01$","4624","Security","Logon","","","","","172.16.20.1"
"16/8/2026, 6:35:36.852952 pm","DC01.darkzero.htb","DC01$","4672","Security","Privileged Logon","","","SeSecurityPrivilege
			SeBackupPrivilege
			SeRestorePrivilege
			SeTakeOwnershipPrivilege
			SeDebugPrivilege
			SeSystemEnvironmentPrivilege
			SeLoadDriverPrivilege
			SeImpersonatePrivilege
			SeDelegateSessionUserImpersonatePrivilege
			SeEnableDelegationPrivilege","",""
"16/8/2026, 6:35:36.853249 pm","DC01.darkzero.htb","DC01$","4624","Security","Logon","","","","","::1"
"16/8/2026, 6:35:36.862628 pm","DC01.darkzero.htb","DC01$","4672","Security","Privileged Logon","","","SeSecurityPrivilege
			SeBackupPrivilege
			SeRestorePrivilege
			SeTakeOwnershipPrivilege
			SeDebugPrivilege
			SeSystemEnvironmentPrivilege
			SeLoadDriverPrivilege
			SeImpersonatePrivilege
			SeDelegateSessionUserImpersonatePrivilege
			SeEnableDelegationPrivilege","",""
"16/8/2026, 6:35:36.862776 pm","DC01.darkzero.htb","DC01$","4624","Security","Logon","","","","","::1"
"16/8/2026, 6:35:36.870993 pm","DC01.darkzero.htb","DC01$","4672","Security","Privileged Logon","","","SeSecurityPrivilege
			SeBackupPrivilege
			SeRestorePrivilege
			SeTakeOwnershipPrivilege
			SeDebugPrivilege
			SeSystemEnvironmentPrivilege
			SeLoadDriverPrivilege
			SeImpersonatePrivilege
			SeDelegateSessionUserImpersonatePrivilege
			SeEnableDelegationPrivilege","",""
"16/8/2026, 6:35:36.871167 pm","DC01.darkzero.htb","DC01$","4624","Security","Logon","","","","","10.129.28.204"
"16/8/2026, 6:35:36.893365 pm","DC01.darkzero.htb","DC01$","4672","Security","Privileged Logon","","","SeSecurityPrivilege
			SeBackupPrivilege
			SeRestorePrivilege
			SeTakeOwnershipPrivilege
			SeDebugPrivilege
			SeSystemEnvironmentPrivilege
			SeLoadDriverPrivilege
			SeImpersonatePrivilege
			SeDelegateSessionUserImpersonatePrivilege
			SeEnableDelegationPrivilege","",""
"16/8/2026, 6:35:36.893572 pm","DC01.darkzero.htb","DC01$","4624","Security","Logon","","","","","::1"
"16/8/2026, 6:36:15.725956 pm","DC01.darkzero.htb","DC01$","4672","Security","Privileged Logon","","","SeSecurityPrivilege
			SeBackupPrivilege
			SeRestorePrivilege
			SeTakeOwnershipPrivilege
			SeDebugPrivilege
			SeSystemEnvironmentPrivilege
			SeLoadDriverPrivilege
			SeImpersonatePrivilege
			SeDelegateSessionUserImpersonatePrivilege
			SeEnableDelegationPrivilege","",""
"16/8/2026, 6:36:15.726219 pm","DC01.darkzero.htb","DC01$","4624","Security","Logon","","","","","127.0.0.1"
"16/8/2026, 6:36:27.273824 pm","DC01.darkzero.htb","ella","4768","Security","Kerberos TGT","","","","0x12","::1"
"16/8/2026, 6:36:27.275683 pm","DC01.darkzero.htb","ella@DARKZERO.HTB","4769","Security","Kerberos Service Ticket","","","","0x12","::1"
"16/8/2026, 6:36:27.283275 pm","DC01.darkzero.htb","ella","4624","Security","Logon","","","","","-"
"16/8/2026, 6:36:27.295078 pm","DC01.darkzero.htb","darkzero\ella","1","Sysmon","Process Creation","","","""powershell.exe"" -NoProfile -NoLogo -NonInteractive -ExecutionPolicy Bypass -File ""C:\Users\ella\access_gitea.ps1""","",""
"16/8/2026, 6:36:27.445925 pm","DC01.darkzero.htb","darkzero\ella","11","Sysmon","File Created","C:\Users\ella.darkzero\AppData\Local\Temp\__PSScriptPolicyTest_cxi1hfbn.d0t.ps1","","","",""
"16/8/2026, 6:36:27.446506 pm","DC01.darkzero.htb","darkzero\ella","11","Sysmon","File Created","C:\Users\ella.darkzero\AppData\Local\Temp\__PSScriptPolicyTest_jsshyb4f.hbs.psm1","","","",""
"16/8/2026, 6:36:30.603459 pm","DC01.darkzero.htb","darkzero\ella","11","Sysmon","File Created","C:\Users\ella.darkzero\AppData\Local\Microsoft\Windows\PowerShell\StartupProfileData-NonInteractive","","","",""
"16/8/2026, 6:37:15.749595 pm","DC01.darkzero.htb","DC01$","4672","Security","Privileged Logon","","","SeSecurityPrivilege
			SeBackupPrivilege
			SeRestorePrivilege
			SeTakeOwnershipPrivilege
			SeDebugPrivilege
			SeSystemEnvironmentPrivilege
			SeLoadDriverPrivilege
			SeImpersonatePrivilege
			SeDelegateSessionUserImpersonatePrivilege
			SeEnableDelegationPrivilege","",""
"16/8/2026, 6:37:15.74995 pm","DC01.darkzero.htb","DC01$","4624","Security","Logon","","","","","127.0.0.1"
"16/8/2026, 6:37:27.276876 pm","DC01.darkzero.htb","ella","4768","Security","Kerberos TGT","","","","0x12","::1"
"16/8/2026, 6:37:27.278626 pm","DC01.darkzero.htb","ella@DARKZERO.HTB","4769","Security","Kerberos Service Ticket","","","","0x12","::1"
"16/8/2026, 6:37:27.286322 pm","DC01.darkzero.htb","ella","4624","Security","Logon","","","","","-"
"16/8/2026, 6:37:27.296233 pm","DC01.darkzero.htb","darkzero\ella","1","Sysmon","Process Creation","","","""powershell.exe"" -NoProfile -NoLogo -NonInteractive -ExecutionPolicy Bypass -File ""C:\Users\ella\access_gitea.ps1""","",""
"16/8/2026, 6:37:27.473133 pm","DC01.darkzero.htb","darkzero\ella","11","Sysmon","File Created","C:\Users\ella.darkzero\AppData\Local\Temp\__PSScriptPolicyTest_ett4bh22.o2u.ps1","","","",""
"16/8/2026, 6:37:27.473918 pm","DC01.darkzero.htb","darkzero\ella","11","Sysmon","File Created","C:\Users\ella.darkzero\AppData\Local\Temp\__PSScriptPolicyTest_n43qelu4.514.psm1","","","",""
"16/8/2026, 6:37:30.59587 pm","DC01.darkzero.htb","darkzero\ella","11","Sysmon","File Created","C:\Users\ella.darkzero\AppData\Local\Microsoft\Windows\PowerShell\StartupProfileData-NonInteractive","","","",""
"16/8/2026, 6:38:15.748435 pm","DC01.darkzero.htb","DC01$","4672","Security","Privileged Logon","","","SeSecurityPrivilege
			SeBackupPrivilege
			SeRestorePrivilege
			SeTakeOwnershipPrivilege
			SeDebugPrivilege
			SeSystemEnvironmentPrivilege
			SeLoadDriverPrivilege
			SeImpersonatePrivilege
			SeDelegateSessionUserImpersonatePrivilege
			SeEnableDelegationPrivilege","",""
"16/8/2026, 6:38:15.748679 pm","DC01.darkzero.htb","DC01$","4624","Security","Logon","","","","","127.0.0.1"
"16/8/2026, 6:38:27.280648 pm","DC01.darkzero.htb","ella","4768","Security","Kerberos TGT","","","","0x12","::1"
"16/8/2026, 6:38:27.282306 pm","DC01.darkzero.htb","ella@DARKZERO.HTB","4769","Security","Kerberos Service Ticket","","","","0x12","::1"
"16/8/2026, 6:38:27.288765 pm","DC01.darkzero.htb","ella","4624","Security","Logon","","","","","-"
"16/8/2026, 6:38:27.298093 pm","DC01.darkzero.htb","darkzero\ella","1","Sysmon","Process Creation","","","""powershell.exe"" -NoProfile -NoLogo -NonInteractive -ExecutionPolicy Bypass -File ""C:\Users\ella\access_gitea.ps1""","",""
"16/8/2026, 6:38:27.454064 pm","DC01.darkzero.htb","darkzero\ella","11","Sysmon","File Created","C:\Users\ella.darkzero\AppData\Local\Temp\__PSScriptPolicyTest_fwdkg5nc.o1a.ps1","","","",""
"16/8/2026, 6:38:27.455293 pm","DC01.darkzero.htb","darkzero\ella","11","Sysmon","File Created","C:\Users\ella.darkzero\AppData\Local\Temp\__PSScriptPolicyTest_vxqssrqw.s45.psm1","","","",""
"16/8/2026, 6:38:30.569989 pm","DC01.darkzero.htb","darkzero\ella","11","Sysmon","File Created","C:\Users\ella.darkzero\AppData\Local\Microsoft\Windows\PowerShell\StartupProfileData-NonInteractive","","","",""
"16/8/2026, 6:39:15.759605 pm","DC01.darkzero.htb","DC01$","4672","Security","Privileged Logon","","","SeSecurityPrivilege
			SeBackupPrivilege
			SeRestorePrivilege
			SeTakeOwnershipPrivilege
			SeDebugPrivilege
			SeSystemEnvironmentPrivilege
			SeLoadDriverPrivilege
			SeImpersonatePrivilege
			SeDelegateSessionUserImpersonatePrivilege
			SeEnableDelegationPrivilege","",""
"16/8/2026, 6:39:15.759926 pm","DC01.darkzero.htb","DC01$","4624","Security","Logon","","","","","127.0.0.1"
"16/8/2026, 6:39:27.294685 pm","DC01.darkzero.htb","ella","4768","Security","Kerberos TGT","","","","0x12","::1"
"16/8/2026, 6:39:27.2965 pm","DC01.darkzero.htb","ella@DARKZERO.HTB","4769","Security","Kerberos Service Ticket","","","","0x12","::1"
"16/8/2026, 6:39:27.305062 pm","DC01.darkzero.htb","ella","4624","Security","Logon","","","","","-"
"16/8/2026, 6:39:27.31528 pm","DC01.darkzero.htb","darkzero\ella","1","Sysmon","Process Creation","","","""powershell.exe"" -NoProfile -NoLogo -NonInteractive -ExecutionPolicy Bypass -File ""C:\Users\ella\access_gitea.ps1""","",""
"16/8/2026, 6:39:27.500351 pm","DC01.darkzero.htb","darkzero\ella","11","Sysmon","File Created","C:\Users\ella.darkzero\AppData\Local\Temp\__PSScriptPolicyTest_flslzuwb.2qf.ps1","","","",""
"16/8/2026, 6:39:27.501708 pm","DC01.darkzero.htb","darkzero\ella","11","Sysmon","File Created","C:\Users\ella.darkzero\AppData\Local\Temp\__PSScriptPolicyTest_uj5vvms5.5kc.psm1","","","",""
"16/8/2026, 6:39:30.691805 pm","DC01.darkzero.htb","darkzero\ella","11","Sysmon","File Created","C:\Users\ella.darkzero\AppData\Local\Microsoft\Windows\PowerShell\StartupProfileData-NonInteractive","","","",""
"16/8/2026, 6:40:15.775211 pm","DC01.darkzero.htb","DC01$","4672","Security","Privileged Logon","","","SeSecurityPrivilege
			SeBackupPrivilege
			SeRestorePrivilege
			SeTakeOwnershipPrivilege
			SeDebugPrivilege
			SeSystemEnvironmentPrivilege
			SeLoadDriverPrivilege
			SeImpersonatePrivilege
			SeDelegateSessionUserImpersonatePrivilege
			SeEnableDelegationPrivilege","",""
"16/8/2026, 6:40:15.775384 pm","DC01.darkzero.htb","DC01$","4624","Security","Logon","","","","","127.0.0.1"
"16/8/2026, 6:40:23.193126 pm","DC01.darkzero.htb","NT AUTHORITY\SYSTEM","11","Sysmon","File Created","C:\System Volume Information\DFSR\Config\Replica_403BC236-9053-43D0-AAD0-74F0FB6A21A3.XML.TMP","","","",""
"16/8/2026, 6:40:23.197797 pm","DC01.darkzero.htb","NT AUTHORITY\SYSTEM","11","Sysmon","File Created","C:\System Volume Information\DFSR\Config\Volume_57941D7E-1E19-4293-AB21-2231712EE33A.XML.TMP","","","",""
"16/8/2026, 6:40:23.310626 pm","DC01.darkzero.htb","DC01$","4672","Security","Privileged Logon","","","SeSecurityPrivilege
			SeBackupPrivilege
			SeRestorePrivilege
			SeTakeOwnershipPrivilege
			SeDebugPrivilege
			SeSystemEnvironmentPrivilege
			SeLoadDriverPrivilege
			SeImpersonatePrivilege
			SeDelegateSessionUserImpersonatePrivilege
			SeEnableDelegationPrivilege","",""
"16/8/2026, 6:40:23.310881 pm","DC01.darkzero.htb","DC01$","4624","Security","Logon","","","","","172.16.20.1"
"16/8/2026, 6:40:23.44053 pm","DC01.darkzero.htb","DC01$","4672","Security","Privileged Logon","","","SeSecurityPrivilege
			SeBackupPrivilege
			SeRestorePrivilege
			SeTakeOwnershipPrivilege
			SeDebugPrivilege
			SeSystemEnvironmentPrivilege
			SeLoadDriverPrivilege
			SeImpersonatePrivilege
			SeDelegateSessionUserImpersonatePrivilege
			SeEnableDelegationPrivilege","",""
"16/8/2026, 6:40:23.440814 pm","DC01.darkzero.htb","DC01$","4624","Security","Logon","","","","","172.16.20.1"
"16/8/2026, 6:40:27.297604 pm","DC01.darkzero.htb","ella","4768","Security","Kerberos TGT","","","","0x12","::1"
"16/8/2026, 6:40:27.299061 pm","DC01.darkzero.htb","ella@DARKZERO.HTB","4769","Security","Kerberos Service Ticket","","","","0x12","::1"
"16/8/2026, 6:40:27.305782 pm","DC01.darkzero.htb","ella","4624","Security","Logon","","","","","-"
"16/8/2026, 6:40:27.314628 pm","DC01.darkzero.htb","darkzero\ella","1","Sysmon","Process Creation","","","""powershell.exe"" -NoProfile -NoLogo -NonInteractive -ExecutionPolicy Bypass -File ""C:\Users\ella\access_gitea.ps1""","",""
"16/8/2026, 6:40:27.47545 pm","DC01.darkzero.htb","darkzero\ella","11","Sysmon","File Created","C:\Users\ella.darkzero\AppData\Local\Temp\__PSScriptPolicyTest_uomesmto.uaj.ps1","","","",""
"16/8/2026, 6:40:27.476811 pm","DC01.darkzero.htb","darkzero\ella","11","Sysmon","File Created","C:\Users\ella.darkzero\AppData\Local\Temp\__PSScriptPolicyTest_3baqthm0.gqi.psm1","","","",""
"16/8/2026, 6:40:30.713469 pm","DC01.darkzero.htb","darkzero\ella","11","Sysmon","File Created","C:\Users\ella.darkzero\AppData\Local\Microsoft\Windows\PowerShell\StartupProfileData-NonInteractive","","","",""
"16/8/2026, 6:40:37.03671 pm","DC01.darkzero.htb","DC01$","4672","Security","Privileged Logon","","","SeSecurityPrivilege
			SeBackupPrivilege
			SeRestorePrivilege
			SeTakeOwnershipPrivilege
			SeDebugPrivilege
			SeSystemEnvironmentPrivilege
			SeLoadDriverPrivilege
			SeImpersonatePrivilege
			SeDelegateSessionUserImpersonatePrivilege
			SeEnableDelegationPrivilege","",""
"16/8/2026, 6:40:37.036908 pm","DC01.darkzero.htb","DC01$","4624","Security","Logon","","","","","172.16.20.1"
"16/8/2026, 6:40:37.04511 pm","DC01.darkzero.htb","DC01$","4672","Security","Privileged Logon","","","SeSecurityPrivilege
			SeBackupPrivilege
			SeRestorePrivilege
			SeTakeOwnershipPrivilege
			SeDebugPrivilege
			SeSystemEnvironmentPrivilege
			SeLoadDriverPrivilege
			SeImpersonatePrivilege
			SeDelegateSessionUserImpersonatePrivilege
			SeEnableDelegationPrivilege","",""
"16/8/2026, 6:40:37.04531 pm","DC01.darkzero.htb","DC01$","4624","Security","Logon","","","","","::1"
"16/8/2026, 6:40:37.055576 pm","DC01.darkzero.htb","DC01$","4672","Security","Privileged Logon","","","SeSecurityPrivilege
			SeBackupPrivilege
			SeRestorePrivilege
			SeTakeOwnershipPrivilege
			SeDebugPrivilege
			SeSystemEnvironmentPrivilege
			SeLoadDriverPrivilege
			SeImpersonatePrivilege
			SeDelegateSessionUserImpersonatePrivilege
			SeEnableDelegationPrivilege","",""
"16/8/2026, 6:40:37.055775 pm","DC01.darkzero.htb","DC01$","4624","Security","Logon","","","","","::1"
"16/8/2026, 6:40:37.064405 pm","DC01.darkzero.htb","DC01$","4672","Security","Privileged Logon","","","SeSecurityPrivilege
			SeBackupPrivilege
			SeRestorePrivilege
			SeTakeOwnershipPrivilege
			SeDebugPrivilege
			SeSystemEnvironmentPrivilege
			SeLoadDriverPrivilege
			SeImpersonatePrivilege
			SeDelegateSessionUserImpersonatePrivilege
			SeEnableDelegationPrivilege","",""
"16/8/2026, 6:40:37.064592 pm","DC01.darkzero.htb","DC01$","4624","Security","Logon","","","","","10.129.28.204"
"16/8/2026, 6:40:37.085753 pm","DC01.darkzero.htb","DC01$","4672","Security","Privileged Logon","","","SeSecurityPrivilege
			SeBackupPrivilege
			SeRestorePrivilege
			SeTakeOwnershipPrivilege
			SeDebugPrivilege
			SeSystemEnvironmentPrivilege
			SeLoadDriverPrivilege
			SeImpersonatePrivilege
			SeDelegateSessionUserImpersonatePrivilege
			SeEnableDelegationPrivilege","",""
"16/8/2026, 6:40:37.085908 pm","DC01.darkzero.htb","DC01$","4624","Security","Logon","","","","","::1"
"16/8/2026, 6:41:15.790385 pm","DC01.darkzero.htb","DC01$","4672","Security","Privileged Logon","","","SeSecurityPrivilege
			SeBackupPrivilege
			SeRestorePrivilege
			SeTakeOwnershipPrivilege
			SeDebugPrivilege
			SeSystemEnvironmentPrivilege
			SeLoadDriverPrivilege
			SeImpersonatePrivilege
			SeDelegateSessionUserImpersonatePrivilege
			SeEnableDelegationPrivilege","",""
"16/8/2026, 6:41:15.79065 pm","DC01.darkzero.htb","DC01$","4624","Security","Logon","","","","","127.0.0.1"
"16/8/2026, 6:41:27.305602 pm","DC01.darkzero.htb","ella","4768","Security","Kerberos TGT","","","","0x12","::1"
"16/8/2026, 6:41:27.307261 pm","DC01.darkzero.htb","ella@DARKZERO.HTB","4769","Security","Kerberos Service Ticket","","","","0x12","::1"
"16/8/2026, 6:41:27.314015 pm","DC01.darkzero.htb","ella","4624","Security","Logon","","","","","-"
"16/8/2026, 6:41:27.324706 pm","DC01.darkzero.htb","darkzero\ella","1","Sysmon","Process Creation","","","""powershell.exe"" -NoProfile -NoLogo -NonInteractive -ExecutionPolicy Bypass -File ""C:\Users\ella\access_gitea.ps1""","",""
"16/8/2026, 6:41:27.509626 pm","DC01.darkzero.htb","darkzero\ella","11","Sysmon","File Created","C:\Users\ella.darkzero\AppData\Local\Temp\__PSScriptPolicyTest_lfhm4jui.5tw.ps1","","","",""
"16/8/2026, 6:41:27.510301 pm","DC01.darkzero.htb","darkzero\ella","11","Sysmon","File Created","C:\Users\ella.darkzero\AppData\Local\Temp\__PSScriptPolicyTest_tuwqmagu.jsq.psm1","","","",""
"16/8/2026, 6:41:30.60346 pm","DC01.darkzero.htb","darkzero\ella","11","Sysmon","File Created","C:\Users\ella.darkzero\AppData\Local\Microsoft\Windows\PowerShell\StartupProfileData-NonInteractive","","","",""
"16/8/2026, 6:42:15.800249 pm","DC01.darkzero.htb","DC01$","4672","Security","Privileged Logon","","","SeSecurityPrivilege
			SeBackupPrivilege
			SeRestorePrivilege
			SeTakeOwnershipPrivilege
			SeDebugPrivilege
			SeSystemEnvironmentPrivilege
			SeLoadDriverPrivilege
			SeImpersonatePrivilege
			SeDelegateSessionUserImpersonatePrivilege
			SeEnableDelegationPrivilege","",""
"16/8/2026, 6:42:15.800448 pm","DC01.darkzero.htb","DC01$","4624","Security","Logon","","","","","127.0.0.1"
"16/8/2026, 6:42:27.305557 pm","DC01.darkzero.htb","ella","4768","Security","Kerberos TGT","","","","0x12","::1"
"16/8/2026, 6:42:27.307203 pm","DC01.darkzero.htb","ella@DARKZERO.HTB","4769","Security","Kerberos Service Ticket","","","","0x12","::1"
"16/8/2026, 6:42:27.313753 pm","DC01.darkzero.htb","ella","4624","Security","Logon","","","","","-"
"16/8/2026, 6:42:27.323805 pm","DC01.darkzero.htb","darkzero\ella","1","Sysmon","Process Creation","","","""powershell.exe"" -NoProfile -NoLogo -NonInteractive -ExecutionPolicy Bypass -File ""C:\Users\ella\access_gitea.ps1""","",""
"16/8/2026, 6:42:27.484623 pm","DC01.darkzero.htb","darkzero\ella","11","Sysmon","File Created","C:\Users\ella.darkzero\AppData\Local\Temp\__PSScriptPolicyTest_5uxajaxz.a3j.ps1","","","",""
"16/8/2026, 6:42:27.485472 pm","DC01.darkzero.htb","darkzero\ella","11","Sysmon","File Created","C:\Users\ella.darkzero\AppData\Local\Temp\__PSScriptPolicyTest_yrpalpdi.3eg.psm1","","","",""
"16/8/2026, 6:42:30.691731 pm","DC01.darkzero.htb","darkzero\ella","11","Sysmon","File Created","C:\Users\ella.darkzero\AppData\Local\Microsoft\Windows\PowerShell\StartupProfileData-NonInteractive","","","",""
"16/8/2026, 6:43:15.794824 pm","DC01.darkzero.htb","DC01$","4672","Security","Privileged Logon","","","SeSecurityPrivilege
			SeBackupPrivilege
			SeRestorePrivilege
			SeTakeOwnershipPrivilege
			SeDebugPrivilege
			SeSystemEnvironmentPrivilege
			SeLoadDriverPrivilege
			SeImpersonatePrivilege
			SeDelegateSessionUserImpersonatePrivilege
			SeEnableDelegationPrivilege","",""
"16/8/2026, 6:43:15.795012 pm","DC01.darkzero.htb","DC01$","4624","Security","Logon","","","","","127.0.0.1"
"16/8/2026, 6:43:27.316004 pm","DC01.darkzero.htb","ella","4768","Security","Kerberos TGT","","","","0x12","::1"
"16/8/2026, 6:43:27.317582 pm","DC01.darkzero.htb","ella@DARKZERO.HTB","4769","Security","Kerberos Service Ticket","","","","0x12","::1"
"16/8/2026, 6:43:27.32467 pm","DC01.darkzero.htb","ella","4624","Security","Logon","","","","","-"
"16/8/2026, 6:43:27.334049 pm","DC01.darkzero.htb","darkzero\ella","1","Sysmon","Process Creation","","","""powershell.exe"" -NoProfile -NoLogo -NonInteractive -ExecutionPolicy Bypass -File ""C:\Users\ella\access_gitea.ps1""","",""
"16/8/2026, 6:43:27.477574 pm","DC01.darkzero.htb","darkzero\ella","11","Sysmon","File Created","C:\Users\ella.darkzero\AppData\Local\Temp\__PSScriptPolicyTest_35dhhlq3.4fw.ps1","","","",""
"16/8/2026, 6:43:27.478266 pm","DC01.darkzero.htb","darkzero\ella","11","Sysmon","File Created","C:\Users\ella.darkzero\AppData\Local\Temp\__PSScriptPolicyTest_oaqfgln3.a4n.psm1","","","",""
"16/8/2026, 6:43:30.657739 pm","DC01.darkzero.htb","darkzero\ella","11","Sysmon","File Created","C:\Users\ella.darkzero\AppData\Local\Microsoft\Windows\PowerShell\StartupProfileData-NonInteractive","","","",""
"16/8/2026, 6:44:15.818031 pm","DC01.darkzero.htb","DC01$","4672","Security","Privileged Logon","","","SeSecurityPrivilege
			SeBackupPrivilege
			SeRestorePrivilege
			SeTakeOwnershipPrivilege
			SeDebugPrivilege
			SeSystemEnvironmentPrivilege
			SeLoadDriverPrivilege
			SeImpersonatePrivilege
			SeDelegateSessionUserImpersonatePrivilege
			SeEnableDelegationPrivilege","",""
"16/8/2026, 6:44:15.818198 pm","DC01.darkzero.htb","DC01$","4624","Security","Logon","","","","","127.0.0.1"
"16/8/2026, 6:44:20.707232 pm","DC01.darkzero.htb","DC01$","4662","Security","Object Access (poss. DCSync)","%{c5b34810-a7d4-48a4-ad4c-5fb4ab0f8fed}","","","",""
"16/8/2026, 6:44:27.317124 pm","DC01.darkzero.htb","ella","4768","Security","Kerberos TGT","","","","0x12","::1"
"16/8/2026, 6:44:27.31891 pm","DC01.darkzero.htb","ella@DARKZERO.HTB","4769","Security","Kerberos Service Ticket","","","","0x12","::1"
"16/8/2026, 6:44:27.326044 pm","DC01.darkzero.htb","ella","4624","Security","Logon","","","","","-"
"16/8/2026, 6:44:27.336959 pm","DC01.darkzero.htb","darkzero\ella","1","Sysmon","Process Creation","","","""powershell.exe"" -NoProfile -NoLogo -NonInteractive -ExecutionPolicy Bypass -File ""C:\Users\ella\access_gitea.ps1""","",""
"16/8/2026, 6:44:27.481583 pm","DC01.darkzero.htb","darkzero\ella","11","Sysmon","File Created","C:\Users\ella.darkzero\AppData\Local\Temp\__PSScriptPolicyTest_kife4cnv.dle.ps1","","","",""
"16/8/2026, 6:44:27.482555 pm","DC01.darkzero.htb","darkzero\ella","11","Sysmon","File Created","C:\Users\ella.darkzero\AppData\Local\Temp\__PSScriptPolicyTest_o4heygop.4jf.psm1","","","",""
"16/8/2026, 6:44:30.626434 pm","DC01.darkzero.htb","darkzero\ella","11","Sysmon","File Created","C:\Users\ella.darkzero\AppData\Local\Microsoft\Windows\PowerShell\StartupProfileData-NonInteractive","","","",""
"16/8/2026, 6:45:15.811793 pm","DC01.darkzero.htb","DC01$","4672","Security","Privileged Logon","","","SeSecurityPrivilege
			SeBackupPrivilege
			SeRestorePrivilege
			SeTakeOwnershipPrivilege
			SeDebugPrivilege
			SeSystemEnvironmentPrivilege
			SeLoadDriverPrivilege
			SeImpersonatePrivilege
			SeDelegateSessionUserImpersonatePrivilege
			SeEnableDelegationPrivilege","",""
"16/8/2026, 6:45:15.812066 pm","DC01.darkzero.htb","DC01$","4624","Security","Logon","","","","","127.0.0.1"
"16/8/2026, 6:45:23.577696 pm","DC01.darkzero.htb","NT AUTHORITY\SYSTEM","11","Sysmon","File Created","C:\System Volume Information\DFSR\Config\Replica_403BC236-9053-43D0-AAD0-74F0FB6A21A3.XML.TMP","","","",""
"16/8/2026, 6:45:23.582168 pm","DC01.darkzero.htb","NT AUTHORITY\SYSTEM","11","Sysmon","File Created","C:\System Volume Information\DFSR\Config\Volume_57941D7E-1E19-4293-AB21-2231712EE33A.XML.TMP","","","",""
"16/8/2026, 6:45:23.701558 pm","DC01.darkzero.htb","DC01$","4672","Security","Privileged Logon","","","SeSecurityPrivilege
			SeBackupPrivilege
			SeRestorePrivilege
			SeTakeOwnershipPrivilege
			SeDebugPrivilege
			SeSystemEnvironmentPrivilege
			SeLoadDriverPrivilege
			SeImpersonatePrivilege
			SeDelegateSessionUserImpersonatePrivilege
			SeEnableDelegationPrivilege","",""
"16/8/2026, 6:45:23.701731 pm","DC01.darkzero.htb","DC01$","4624","Security","Logon","","","","","172.16.20.1"
"16/8/2026, 6:45:23.831843 pm","DC01.darkzero.htb","DC01$","4672","Security","Privileged Logon","","","SeSecurityPrivilege
			SeBackupPrivilege
			SeRestorePrivilege
			SeTakeOwnershipPrivilege
			SeDebugPrivilege
			SeSystemEnvironmentPrivilege
			SeLoadDriverPrivilege
			SeImpersonatePrivilege
			SeDelegateSessionUserImpersonatePrivilege
			SeEnableDelegationPrivilege","",""
"16/8/2026, 6:45:23.832091 pm","DC01.darkzero.htb","DC01$","4624","Security","Logon","","","","","172.16.20.1"
"16/8/2026, 6:45:27.32635 pm","DC01.darkzero.htb","ella","4768","Security","Kerberos TGT","","","","0x12","::1"
"16/8/2026, 6:45:27.327996 pm","DC01.darkzero.htb","ella@DARKZERO.HTB","4769","Security","Kerberos Service Ticket","","","","0x12","::1"
"16/8/2026, 6:45:27.334313 pm","DC01.darkzero.htb","ella","4624","Security","Logon","","","","","-"
"16/8/2026, 6:45:27.344188 pm","DC01.darkzero.htb","darkzero\ella","1","Sysmon","Process Creation","","","""powershell.exe"" -NoProfile -NoLogo -NonInteractive -ExecutionPolicy Bypass -File ""C:\Users\ella\access_gitea.ps1""","",""
"16/8/2026, 6:45:27.464794 pm","DC01.darkzero.htb","DC01$","4672","Security","Privileged Logon","","","SeSecurityPrivilege
			SeBackupPrivilege
			SeRestorePrivilege
			SeTakeOwnershipPrivilege
			SeDebugPrivilege
			SeSystemEnvironmentPrivilege
			SeLoadDriverPrivilege
			SeImpersonatePrivilege
			SeDelegateSessionUserImpersonatePrivilege
			SeEnableDelegationPrivilege","",""
"16/8/2026, 6:45:27.465 pm","DC01.darkzero.htb","DC01$","4624","Security","Logon","","","","","::1"
"16/8/2026, 6:45:27.495586 pm","DC01.darkzero.htb","darkzero\ella","11","Sysmon","File Created","C:\Users\ella.darkzero\AppData\Local\Temp\__PSScriptPolicyTest_rycwhycn.vrl.ps1","","","",""
"16/8/2026, 6:45:27.496419 pm","DC01.darkzero.htb","darkzero\ella","11","Sysmon","File Created","C:\Users\ella.darkzero\AppData\Local\Temp\__PSScriptPolicyTest_11dwttqx.ipx.psm1","","","",""
"16/8/2026, 6:45:30.626184 pm","DC01.darkzero.htb","darkzero\ella","11","Sysmon","File Created","C:\Users\ella.darkzero\AppData\Local\Microsoft\Windows\PowerShell\StartupProfileData-NonInteractive","","","",""
"16/8/2026, 6:45:37.227741 pm","DC01.darkzero.htb","DC01$","4672","Security","Privileged Logon","","","SeSecurityPrivilege
			SeBackupPrivilege
			SeRestorePrivilege
			SeTakeOwnershipPrivilege
			SeDebugPrivilege
			SeSystemEnvironmentPrivilege
			SeLoadDriverPrivilege
			SeImpersonatePrivilege
			SeDelegateSessionUserImpersonatePrivilege
			SeEnableDelegationPrivilege","",""
"16/8/2026, 6:45:37.227904 pm","DC01.darkzero.htb","DC01$","4624","Security","Logon","","","","","172.16.20.1"
"16/8/2026, 6:45:37.23787 pm","DC01.darkzero.htb","DC01$","4672","Security","Privileged Logon","","","SeSecurityPrivilege
			SeBackupPrivilege
			SeRestorePrivilege
			SeTakeOwnershipPrivilege
			SeDebugPrivilege
			SeSystemEnvironmentPrivilege
			SeLoadDriverPrivilege
			SeImpersonatePrivilege
			SeDelegateSessionUserImpersonatePrivilege
			SeEnableDelegationPrivilege","",""
"16/8/2026, 6:45:37.238093 pm","DC01.darkzero.htb","DC01$","4624","Security","Logon","","","","","::1"
"16/8/2026, 6:45:37.248246 pm","DC01.darkzero.htb","DC01$","4672","Security","Privileged Logon","","","SeSecurityPrivilege
			SeBackupPrivilege
			SeRestorePrivilege
			SeTakeOwnershipPrivilege
			SeDebugPrivilege
			SeSystemEnvironmentPrivilege
			SeLoadDriverPrivilege
			SeImpersonatePrivilege
			SeDelegateSessionUserImpersonatePrivilege
			SeEnableDelegationPrivilege","",""
"16/8/2026, 6:45:37.248449 pm","DC01.darkzero.htb","DC01$","4624","Security","Logon","","","","","::1"
"16/8/2026, 6:45:37.256263 pm","DC01.darkzero.htb","DC01$","4672","Security","Privileged Logon","","","SeSecurityPrivilege
			SeBackupPrivilege
			SeRestorePrivilege
			SeTakeOwnershipPrivilege
			SeDebugPrivilege
			SeSystemEnvironmentPrivilege
			SeLoadDriverPrivilege
			SeImpersonatePrivilege
			SeDelegateSessionUserImpersonatePrivilege
			SeEnableDelegationPrivilege","",""
"16/8/2026, 6:45:37.256493 pm","DC01.darkzero.htb","DC01$","4624","Security","Logon","","","","","10.129.28.204"
"16/8/2026, 6:45:37.278281 pm","DC01.darkzero.htb","DC01$","4672","Security","Privileged Logon","","","SeSecurityPrivilege
			SeBackupPrivilege
			SeRestorePrivilege
			SeTakeOwnershipPrivilege
			SeDebugPrivilege
			SeSystemEnvironmentPrivilege
			SeLoadDriverPrivilege
			SeImpersonatePrivilege
			SeDelegateSessionUserImpersonatePrivilege
			SeEnableDelegationPrivilege","",""
"16/8/2026, 6:45:37.278433 pm","DC01.darkzero.htb","DC01$","4624","Security","Logon","","","","","::1"
"16/8/2026, 6:46:15.813884 pm","DC01.darkzero.htb","DC01$","4672","Security","Privileged Logon","","","SeSecurityPrivilege
			SeBackupPrivilege
			SeRestorePrivilege
			SeTakeOwnershipPrivilege
			SeDebugPrivilege
			SeSystemEnvironmentPrivilege
			SeLoadDriverPrivilege
			SeImpersonatePrivilege
			SeDelegateSessionUserImpersonatePrivilege
			SeEnableDelegationPrivilege","",""
"16/8/2026, 6:46:15.814093 pm","DC01.darkzero.htb","DC01$","4624","Security","Logon","","","","","127.0.0.1"
"16/8/2026, 6:46:27.339164 pm","DC01.darkzero.htb","ella","4768","Security","Kerberos TGT","","","","0x12","::1"
"16/8/2026, 6:46:27.340723 pm","DC01.darkzero.htb","ella@DARKZERO.HTB","4769","Security","Kerberos Service Ticket","","","","0x12","::1"
"16/8/2026, 6:46:27.347324 pm","DC01.darkzero.htb","ella","4624","Security","Logon","","","","","-"
"16/8/2026, 6:46:27.355656 pm","DC01.darkzero.htb","darkzero\ella","1","Sysmon","Process Creation","","","""powershell.exe"" -NoProfile -NoLogo -NonInteractive -ExecutionPolicy Bypass -File ""C:\Users\ella\access_gitea.ps1""","",""
"16/8/2026, 6:46:27.509896 pm","DC01.darkzero.htb","darkzero\ella","11","Sysmon","File Created","C:\Users\ella.darkzero\AppData\Local\Temp\__PSScriptPolicyTest_jqzx4gna.ph3.ps1","","","",""
"16/8/2026, 6:46:27.510702 pm","DC01.darkzero.htb","darkzero\ella","11","Sysmon","File Created","C:\Users\ella.darkzero\AppData\Local\Temp\__PSScriptPolicyTest_ncl5nzy3.ixp.psm1","","","",""
"16/8/2026, 6:46:30.607318 pm","DC01.darkzero.htb","darkzero\ella","11","Sysmon","File Created","C:\Users\ella.darkzero\AppData\Local\Microsoft\Windows\PowerShell\StartupProfileData-NonInteractive","","","",""
"16/8/2026, 6:47:15.83632 pm","DC01.darkzero.htb","DC01$","4672","Security","Privileged Logon","","","SeSecurityPrivilege
			SeBackupPrivilege
			SeRestorePrivilege
			SeTakeOwnershipPrivilege
			SeDebugPrivilege
			SeSystemEnvironmentPrivilege
			SeLoadDriverPrivilege
			SeImpersonatePrivilege
			SeDelegateSessionUserImpersonatePrivilege
			SeEnableDelegationPrivilege","",""
"16/8/2026, 6:47:15.836495 pm","DC01.darkzero.htb","DC01$","4624","Security","Logon","","","","","127.0.0.1"
"16/8/2026, 6:47:25.149364 pm","DC01.darkzero.htb","DC01$","4672","Security","Privileged Logon","","","SeSecurityPrivilege
			SeBackupPrivilege
			SeRestorePrivilege
			SeTakeOwnershipPrivilege
			SeDebugPrivilege
			SeSystemEnvironmentPrivilege
			SeLoadDriverPrivilege
			SeImpersonatePrivilege
			SeDelegateSessionUserImpersonatePrivilege
			SeEnableDelegationPrivilege","",""
"16/8/2026, 6:47:25.150086 pm","DC01.darkzero.htb","DC01$","4624","Security","Logon","","","","","::1"
"16/8/2026, 6:47:27.353538 pm","DC01.darkzero.htb","ella","4768","Security","Kerberos TGT","","","","0x12","::1"
"16/8/2026, 6:47:27.355102 pm","DC01.darkzero.htb","ella@DARKZERO.HTB","4769","Security","Kerberos Service Ticket","","","","0x12","::1"
"16/8/2026, 6:47:27.361456 pm","DC01.darkzero.htb","ella","4624","Security","Logon","","","","","-"
"16/8/2026, 6:47:27.370567 pm","DC01.darkzero.htb","darkzero\ella","1","Sysmon","Process Creation","","","""powershell.exe"" -NoProfile -NoLogo -NonInteractive -ExecutionPolicy Bypass -File ""C:\Users\ella\access_gitea.ps1""","",""
"16/8/2026, 6:47:27.526288 pm","DC01.darkzero.htb","darkzero\ella","11","Sysmon","File Created","C:\Users\ella.darkzero\AppData\Local\Temp\__PSScriptPolicyTest_rkckkyxe.vdh.ps1","","","",""
"16/8/2026, 6:47:27.526672 pm","DC01.darkzero.htb","darkzero\ella","11","Sysmon","File Created","C:\Users\ella.darkzero\AppData\Local\Temp\__PSScriptPolicyTest_exvpuyp4.103.psm1","","","",""
"16/8/2026, 6:47:30.583388 pm","DC01.darkzero.htb","darkzero\ella","11","Sysmon","File Created","C:\Users\ella.darkzero\AppData\Local\Microsoft\Windows\PowerShell\StartupProfileData-NonInteractive","","","",""
"16/8/2026, 6:48:15.84662 pm","DC01.darkzero.htb","DC01$","4672","Security","Privileged Logon","","","SeSecurityPrivilege
			SeBackupPrivilege
			SeRestorePrivilege
			SeTakeOwnershipPrivilege
			SeDebugPrivilege
			SeSystemEnvironmentPrivilege
			SeLoadDriverPrivilege
			SeImpersonatePrivilege
			SeDelegateSessionUserImpersonatePrivilege
			SeEnableDelegationPrivilege","",""
"16/8/2026, 6:48:15.846797 pm","DC01.darkzero.htb","DC01$","4624","Security","Logon","","","","","127.0.0.1"
"16/8/2026, 6:48:27.36499 pm","DC01.darkzero.htb","ella","4768","Security","Kerberos TGT","","","","0x12","::1"
"16/8/2026, 6:48:27.366476 pm","DC01.darkzero.htb","ella@DARKZERO.HTB","4769","Security","Kerberos Service Ticket","","","","0x12","::1"
"16/8/2026, 6:48:27.372484 pm","DC01.darkzero.htb","ella","4624","Security","Logon","","","","","-"
"16/8/2026, 6:48:27.381124 pm","DC01.darkzero.htb","darkzero\ella","1","Sysmon","Process Creation","","","""powershell.exe"" -NoProfile -NoLogo -NonInteractive -ExecutionPolicy Bypass -File ""C:\Users\ella\access_gitea.ps1""","",""
"16/8/2026, 6:48:27.527636 pm","DC01.darkzero.htb","darkzero\ella","11","Sysmon","File Created","C:\Users\ella.darkzero\AppData\Local\Temp\__PSScriptPolicyTest_qucueyn3.0pg.ps1","","","",""
"16/8/2026, 6:48:27.528532 pm","DC01.darkzero.htb","darkzero\ella","11","Sysmon","File Created","C:\Users\ella.darkzero\AppData\Local\Temp\__PSScriptPolicyTest_dbws3swa.tnz.psm1","","","",""
"16/8/2026, 6:48:30.647309 pm","DC01.darkzero.htb","darkzero\ella","11","Sysmon","File Created","C:\Users\ella.darkzero\AppData\Local\Microsoft\Windows\PowerShell\StartupProfileData-NonInteractive","","","",""
"16/8/2026, 6:49:15.85707 pm","DC01.darkzero.htb","DC01$","4672","Security","Privileged Logon","","","SeSecurityPrivilege
			SeBackupPrivilege
			SeRestorePrivilege
			SeTakeOwnershipPrivilege
			SeDebugPrivilege
			SeSystemEnvironmentPrivilege
			SeLoadDriverPrivilege
			SeImpersonatePrivilege
			SeDelegateSessionUserImpersonatePrivilege
			SeEnableDelegationPrivilege","",""
"16/8/2026, 6:49:15.857309 pm","DC01.darkzero.htb","DC01$","4624","Security","Logon","","","","","127.0.0.1"
"16/8/2026, 6:49:27.366097 pm","DC01.darkzero.htb","ella","4768","Security","Kerberos TGT","","","","0x12","::1"
"16/8/2026, 6:49:27.367733 pm","DC01.darkzero.htb","ella@DARKZERO.HTB","4769","Security","Kerberos Service Ticket","","","","0x12","::1"
"16/8/2026, 6:49:27.374409 pm","DC01.darkzero.htb","ella","4624","Security","Logon","","","","","-"
"16/8/2026, 6:49:27.384245 pm","DC01.darkzero.htb","darkzero\ella","1","Sysmon","Process Creation","","","""powershell.exe"" -NoProfile -NoLogo -NonInteractive -ExecutionPolicy Bypass -File ""C:\Users\ella\access_gitea.ps1""","",""
"16/8/2026, 6:49:27.53253 pm","DC01.darkzero.htb","darkzero\ella","11","Sysmon","File Created","C:\Users\ella.darkzero\AppData\Local\Temp\__PSScriptPolicyTest_b5mmdft5.40x.ps1","","","",""
"16/8/2026, 6:49:27.532787 pm","DC01.darkzero.htb","darkzero\ella","11","Sysmon","File Created","C:\Users\ella.darkzero\AppData\Local\Temp\__PSScriptPolicyTest_dhc3bieo.503.psm1","","","",""
"16/8/2026, 6:49:30.726956 pm","DC01.darkzero.htb","darkzero\ella","11","Sysmon","File Created","C:\Users\ella.darkzero\AppData\Local\Microsoft\Windows\PowerShell\StartupProfileData-NonInteractive","","","",""
"16/8/2026, 6:50:15.873372 pm","DC01.darkzero.htb","DC01$","4672","Security","Privileged Logon","","","SeSecurityPrivilege
			SeBackupPrivilege
			SeRestorePrivilege
			SeTakeOwnershipPrivilege
			SeDebugPrivilege
			SeSystemEnvironmentPrivilege
			SeLoadDriverPrivilege
			SeImpersonatePrivilege
			SeDelegateSessionUserImpersonatePrivilege
			SeEnableDelegationPrivilege","",""
"16/8/2026, 6:50:15.873598 pm","DC01.darkzero.htb","DC01$","4624","Security","Logon","","","","","127.0.0.1"
"16/8/2026, 6:50:23.886826 pm","DC01.darkzero.htb","NT AUTHORITY\SYSTEM","11","Sysmon","File Created","C:\System Volume Information\DFSR\Config\Replica_403BC236-9053-43D0-AAD0-74F0FB6A21A3.XML.TMP","","","",""
"16/8/2026, 6:50:23.891199 pm","DC01.darkzero.htb","NT AUTHORITY\SYSTEM","11","Sysmon","File Created","C:\System Volume Information\DFSR\Config\Volume_57941D7E-1E19-4293-AB21-2231712EE33A.XML.TMP","","","",""
"16/8/2026, 6:50:24.012632 pm","DC01.darkzero.htb","DC01$","4672","Security","Privileged Logon","","","SeSecurityPrivilege
			SeBackupPrivilege
			SeRestorePrivilege
			SeTakeOwnershipPrivilege
			SeDebugPrivilege
			SeSystemEnvironmentPrivilege
			SeLoadDriverPrivilege
			SeImpersonatePrivilege
			SeDelegateSessionUserImpersonatePrivilege
			SeEnableDelegationPrivilege","",""
"16/8/2026, 6:50:24.012809 pm","DC01.darkzero.htb","DC01$","4624","Security","Logon","","","","","172.16.20.1"
"16/8/2026, 6:50:24.138672 pm","DC01.darkzero.htb","DC01$","4672","Security","Privileged Logon","","","SeSecurityPrivilege
			SeBackupPrivilege
			SeRestorePrivilege
			SeTakeOwnershipPrivilege
			SeDebugPrivilege
			SeSystemEnvironmentPrivilege
			SeLoadDriverPrivilege
			SeImpersonatePrivilege
			SeDelegateSessionUserImpersonatePrivilege
			SeEnableDelegationPrivilege","",""
"16/8/2026, 6:50:24.138847 pm","DC01.darkzero.htb","DC01$","4624","Security","Logon","","","","","172.16.20.1"
"16/8/2026, 6:50:27.375946 pm","DC01.darkzero.htb","ella","4768","Security","Kerberos TGT","","","","0x12","::1"
"16/8/2026, 6:50:27.377463 pm","DC01.darkzero.htb","ella@DARKZERO.HTB","4769","Security","Kerberos Service Ticket","","","","0x12","::1"
"16/8/2026, 6:50:27.383977 pm","DC01.darkzero.htb","ella","4624","Security","Logon","","","","","-"
"16/8/2026, 6:50:27.393548 pm","DC01.darkzero.htb","darkzero\ella","1","Sysmon","Process Creation","","","""powershell.exe"" -NoProfile -NoLogo -NonInteractive -ExecutionPolicy Bypass -File ""C:\Users\ella\access_gitea.ps1""","",""
"16/8/2026, 6:50:27.540478 pm","DC01.darkzero.htb","darkzero\ella","11","Sysmon","File Created","C:\Users\ella.darkzero\AppData\Local\Temp\__PSScriptPolicyTest_bi21otee.cgu.ps1","","","",""
"16/8/2026, 6:50:27.54126 pm","DC01.darkzero.htb","darkzero\ella","11","Sysmon","File Created","C:\Users\ella.darkzero\AppData\Local\Temp\__PSScriptPolicyTest_gdjodgtj.1y3.psm1","","","",""
"16/8/2026, 6:50:30.696049 pm","DC01.darkzero.htb","darkzero\ella","11","Sysmon","File Created","C:\Users\ella.darkzero\AppData\Local\Microsoft\Windows\PowerShell\StartupProfileData-NonInteractive","","","",""
"16/8/2026, 6:50:37.408732 pm","DC01.darkzero.htb","DC01$","4672","Security","Privileged Logon","","","SeSecurityPrivilege
			SeBackupPrivilege
			SeRestorePrivilege
			SeTakeOwnershipPrivilege
			SeDebugPrivilege
			SeSystemEnvironmentPrivilege
			SeLoadDriverPrivilege
			SeImpersonatePrivilege
			SeDelegateSessionUserImpersonatePrivilege
			SeEnableDelegationPrivilege","",""
"16/8/2026, 6:50:37.408903 pm","DC01.darkzero.htb","DC01$","4624","Security","Logon","","","","","172.16.20.1"
"16/8/2026, 6:50:37.424672 pm","DC01.darkzero.htb","DC01$","4672","Security","Privileged Logon","","","SeSecurityPrivilege
			SeBackupPrivilege
			SeRestorePrivilege
			SeTakeOwnershipPrivilege
			SeDebugPrivilege
			SeSystemEnvironmentPrivilege
			SeLoadDriverPrivilege
			SeImpersonatePrivilege
			SeDelegateSessionUserImpersonatePrivilege
			SeEnableDelegationPrivilege","",""
"16/8/2026, 6:50:37.424995 pm","DC01.darkzero.htb","DC01$","4624","Security","Logon","","","","","::1"
"16/8/2026, 6:50:37.435024 pm","DC01.darkzero.htb","DC01$","4672","Security","Privileged Logon","","","SeSecurityPrivilege
			SeBackupPrivilege
			SeRestorePrivilege
			SeTakeOwnershipPrivilege
			SeDebugPrivilege
			SeSystemEnvironmentPrivilege
			SeLoadDriverPrivilege
			SeImpersonatePrivilege
			SeDelegateSessionUserImpersonatePrivilege
			SeEnableDelegationPrivilege","",""
"16/8/2026, 6:50:37.435185 pm","DC01.darkzero.htb","DC01$","4624","Security","Logon","","","","","::1"
"16/8/2026, 6:50:37.442671 pm","DC01.darkzero.htb","DC01$","4672","Security","Privileged Logon","","","SeSecurityPrivilege
			SeBackupPrivilege
			SeRestorePrivilege
			SeTakeOwnershipPrivilege
			SeDebugPrivilege
			SeSystemEnvironmentPrivilege
			SeLoadDriverPrivilege
			SeImpersonatePrivilege
			SeDelegateSessionUserImpersonatePrivilege
			SeEnableDelegationPrivilege","",""
"16/8/2026, 6:50:37.442868 pm","DC01.darkzero.htb","DC01$","4624","Security","Logon","","","","","10.129.28.204"
"16/8/2026, 6:50:37.463162 pm","DC01.darkzero.htb","DC01$","4672","Security","Privileged Logon","","","SeSecurityPrivilege
			SeBackupPrivilege
			SeRestorePrivilege
			SeTakeOwnershipPrivilege
			SeDebugPrivilege
			SeSystemEnvironmentPrivilege
			SeLoadDriverPrivilege
			SeImpersonatePrivilege
			SeDelegateSessionUserImpersonatePrivilege
			SeEnableDelegationPrivilege","",""
"16/8/2026, 6:50:37.46332 pm","DC01.darkzero.htb","DC01$","4624","Security","Logon","","","","","::1"
"16/8/2026, 6:50:58.368738 pm","DC01.darkzero.htb","celia@DARKZERO.EXT","4769","Security","Kerberos Service Ticket","","","","0x12","::ffff:172.16.20.3"
"16/8/2026, 6:50:58.375756 pm","DC01.darkzero.htb","celia","4624","Security","Logon","","","","","172.16.20.3"
"16/8/2026, 6:51:15.883069 pm","DC01.darkzero.htb","DC01$","4672","Security","Privileged Logon","","","SeSecurityPrivilege
			SeBackupPrivilege
			SeRestorePrivilege
			SeTakeOwnershipPrivilege
			SeDebugPrivilege
			SeSystemEnvironmentPrivilege
			SeLoadDriverPrivilege
			SeImpersonatePrivilege
			SeDelegateSessionUserImpersonatePrivilege
			SeEnableDelegationPrivilege","",""
"16/8/2026, 6:51:15.883233 pm","DC01.darkzero.htb","DC01$","4624","Security","Logon","","","","","127.0.0.1"
"16/8/2026, 6:51:27.375185 pm","DC01.darkzero.htb","ella","4768","Security","Kerberos TGT","","","","0x12","::1"
"16/8/2026, 6:51:27.376714 pm","DC01.darkzero.htb","ella@DARKZERO.HTB","4769","Security","Kerberos Service Ticket","","","","0x12","::1"
"16/8/2026, 6:51:27.383128 pm","DC01.darkzero.htb","ella","4624","Security","Logon","","","","","-"
"16/8/2026, 6:51:27.39269 pm","DC01.darkzero.htb","darkzero\ella","1","Sysmon","Process Creation","","","""powershell.exe"" -NoProfile -NoLogo -NonInteractive -ExecutionPolicy Bypass -File ""C:\Users\ella\access_gitea.ps1""","",""
"16/8/2026, 6:51:27.531803 pm","DC01.darkzero.htb","darkzero\ella","11","Sysmon","File Created","C:\Users\ella.darkzero\AppData\Local\Temp\__PSScriptPolicyTest_n3llsach.tyh.ps1","","","",""
"16/8/2026, 6:51:27.532655 pm","DC01.darkzero.htb","darkzero\ella","11","Sysmon","File Created","C:\Users\ella.darkzero\AppData\Local\Temp\__PSScriptPolicyTest_ogdfnmyl.jj0.psm1","","","",""
"16/8/2026, 6:51:30.665529 pm","DC01.darkzero.htb","darkzero\ella","11","Sysmon","File Created","C:\Users\ella.darkzero\AppData\Local\Microsoft\Windows\PowerShell\StartupProfileData-NonInteractive","","","",""
"16/8/2026, 6:52:13.846067 pm","DC01.darkzero.htb","celia","4624","Security","Logon","","","","","172.16.20.3"
"16/8/2026, 6:52:15.900348 pm","DC01.darkzero.htb","DC01$","4672","Security","Privileged Logon","","","SeSecurityPrivilege
			SeBackupPrivilege
			SeRestorePrivilege
			SeTakeOwnershipPrivilege
			SeDebugPrivilege
			SeSystemEnvironmentPrivilege
			SeLoadDriverPrivilege
			SeImpersonatePrivilege
			SeDelegateSessionUserImpersonatePrivilege
			SeEnableDelegationPrivilege","",""
"16/8/2026, 6:52:15.90055 pm","DC01.darkzero.htb","DC01$","4624","Security","Logon","","","","","127.0.0.1"
"16/8/2026, 6:52:27.379783 pm","DC01.darkzero.htb","ella","4768","Security","Kerberos TGT","","","","0x12","::1"
"16/8/2026, 6:52:27.381314 pm","DC01.darkzero.htb","ella@DARKZERO.HTB","4769","Security","Kerberos Service Ticket","","","","0x12","::1"
"16/8/2026, 6:52:27.387667 pm","DC01.darkzero.htb","ella","4624","Security","Logon","","","","","-"
"16/8/2026, 6:52:27.397326 pm","DC01.darkzero.htb","darkzero\ella","1","Sysmon","Process Creation","","","""powershell.exe"" -NoProfile -NoLogo -NonInteractive -ExecutionPolicy Bypass -File ""C:\Users\ella\access_gitea.ps1""","",""
"16/8/2026, 6:52:27.552659 pm","DC01.darkzero.htb","darkzero\ella","11","Sysmon","File Created","C:\Users\ella.darkzero\AppData\Local\Temp\__PSScriptPolicyTest_pv5refsu.z3j.ps1","","","",""
"16/8/2026, 6:52:27.553093 pm","DC01.darkzero.htb","darkzero\ella","11","Sysmon","File Created","C:\Users\ella.darkzero\AppData\Local\Temp\__PSScriptPolicyTest_epqra4cc.ui4.psm1","","","",""
"16/8/2026, 6:52:30.710896 pm","DC01.darkzero.htb","darkzero\ella","11","Sysmon","File Created","C:\Users\ella.darkzero\AppData\Local\Microsoft\Windows\PowerShell\StartupProfileData-NonInteractive","","","",""
"16/8/2026, 6:53:15.928181 pm","DC01.darkzero.htb","DC01$","4672","Security","Privileged Logon","","","SeSecurityPrivilege
			SeBackupPrivilege
			SeRestorePrivilege
			SeTakeOwnershipPrivilege
			SeDebugPrivilege
			SeSystemEnvironmentPrivilege
			SeLoadDriverPrivilege
			SeImpersonatePrivilege
			SeDelegateSessionUserImpersonatePrivilege
			SeEnableDelegationPrivilege","",""
"16/8/2026, 6:53:15.928382 pm","DC01.darkzero.htb","DC01$","4624","Security","Logon","","","","","127.0.0.1"
"16/8/2026, 6:53:27.384264 pm","DC01.darkzero.htb","ella","4768","Security","Kerberos TGT","","","","0x12","::1"
"16/8/2026, 6:53:27.385677 pm","DC01.darkzero.htb","ella@DARKZERO.HTB","4769","Security","Kerberos Service Ticket","","","","0x12","::1"
"16/8/2026, 6:53:27.391779 pm","DC01.darkzero.htb","ella","4624","Security","Logon","","","","","-"
"16/8/2026, 6:53:27.400642 pm","DC01.darkzero.htb","darkzero\ella","1","Sysmon","Process Creation","","","""powershell.exe"" -NoProfile -NoLogo -NonInteractive -ExecutionPolicy Bypass -File ""C:\Users\ella\access_gitea.ps1""","",""
"16/8/2026, 6:53:27.55262 pm","DC01.darkzero.htb","darkzero\ella","11","Sysmon","File Created","C:\Users\ella.darkzero\AppData\Local\Temp\__PSScriptPolicyTest_n0xjb5w4.fmd.ps1","","","",""
"16/8/2026, 6:53:27.553449 pm","DC01.darkzero.htb","darkzero\ella","11","Sysmon","File Created","C:\Users\ella.darkzero\AppData\Local\Temp\__PSScriptPolicyTest_wz0ihsnm.uwd.psm1","","","",""
"16/8/2026, 6:53:30.709886 pm","DC01.darkzero.htb","darkzero\ella","11","Sysmon","File Created","C:\Users\ella.darkzero\AppData\Local\Microsoft\Windows\PowerShell\StartupProfileData-NonInteractive","","","",""
"16/8/2026, 6:54:15.934386 pm","DC01.darkzero.htb","DC01$","4672","Security","Privileged Logon","","","SeSecurityPrivilege
			SeBackupPrivilege
			SeRestorePrivilege
			SeTakeOwnershipPrivilege
			SeDebugPrivilege
			SeSystemEnvironmentPrivilege
			SeLoadDriverPrivilege
			SeImpersonatePrivilege
			SeDelegateSessionUserImpersonatePrivilege
			SeEnableDelegationPrivilege","",""
"16/8/2026, 6:54:15.934566 pm","DC01.darkzero.htb","DC01$","4624","Security","Logon","","","","","127.0.0.1"
"16/8/2026, 6:54:27.398543 pm","DC01.darkzero.htb","ella","4768","Security","Kerberos TGT","","","","0x12","::1"
"16/8/2026, 6:54:27.399959 pm","DC01.darkzero.htb","ella@DARKZERO.HTB","4769","Security","Kerberos Service Ticket","","","","0x12","::1"
"16/8/2026, 6:54:27.406101 pm","DC01.darkzero.htb","ella","4624","Security","Logon","","","","","-"
"16/8/2026, 6:54:27.414834 pm","DC01.darkzero.htb","darkzero\ella","1","Sysmon","Process Creation","","","""powershell.exe"" -NoProfile -NoLogo -NonInteractive -ExecutionPolicy Bypass -File ""C:\Users\ella\access_gitea.ps1""","",""
"16/8/2026, 6:54:27.55858 pm","DC01.darkzero.htb","darkzero\ella","11","Sysmon","File Created","C:\Users\ella.darkzero\AppData\Local\Temp\__PSScriptPolicyTest_x2ouhhyf.dyo.ps1","","","",""
"16/8/2026, 6:54:27.559334 pm","DC01.darkzero.htb","darkzero\ella","11","Sysmon","File Created","C:\Users\ella.darkzero\AppData\Local\Temp\__PSScriptPolicyTest_nwzul0or.xn1.psm1","","","",""
"16/8/2026, 6:54:30.739942 pm","DC01.darkzero.htb","darkzero\ella","11","Sysmon","File Created","C:\Users\ella.darkzero\AppData\Local\Microsoft\Windows\PowerShell\StartupProfileData-NonInteractive","","","",""
"16/8/2026, 6:55:15.949204 pm","DC01.darkzero.htb","DC01$","4672","Security","Privileged Logon","","","SeSecurityPrivilege
			SeBackupPrivilege
			SeRestorePrivilege
			SeTakeOwnershipPrivilege
			SeDebugPrivilege
			SeSystemEnvironmentPrivilege
			SeLoadDriverPrivilege
			SeImpersonatePrivilege
			SeDelegateSessionUserImpersonatePrivilege
			SeEnableDelegationPrivilege","",""
"16/8/2026, 6:55:15.949405 pm","DC01.darkzero.htb","DC01$","4624","Security","Logon","","","","","127.0.0.1"
"16/8/2026, 6:55:24.366731 pm","DC01.darkzero.htb","NT AUTHORITY\SYSTEM","11","Sysmon","File Created","C:\System Volume Information\DFSR\Config\Replica_403BC236-9053-43D0-AAD0-74F0FB6A21A3.XML.TMP","","","",""
"16/8/2026, 6:55:24.370845 pm","DC01.darkzero.htb","NT AUTHORITY\SYSTEM","11","Sysmon","File Created","C:\System Volume Information\DFSR\Config\Volume_57941D7E-1E19-4293-AB21-2231712EE33A.XML.TMP","","","",""
"16/8/2026, 6:55:24.483643 pm","DC01.darkzero.htb","DC01$","4672","Security","Privileged Logon","","","SeSecurityPrivilege
			SeBackupPrivilege
			SeRestorePrivilege
			SeTakeOwnershipPrivilege
			SeDebugPrivilege
			SeSystemEnvironmentPrivilege
			SeLoadDriverPrivilege
			SeImpersonatePrivilege
			SeDelegateSessionUserImpersonatePrivilege
			SeEnableDelegationPrivilege","",""
"16/8/2026, 6:55:24.483834 pm","DC01.darkzero.htb","DC01$","4624","Security","Logon","","","","","172.16.20.1"
"16/8/2026, 6:55:24.613103 pm","DC01.darkzero.htb","DC01$","4672","Security","Privileged Logon","","","SeSecurityPrivilege
			SeBackupPrivilege
			SeRestorePrivilege
			SeTakeOwnershipPrivilege
			SeDebugPrivilege
			SeSystemEnvironmentPrivilege
			SeLoadDriverPrivilege
			SeImpersonatePrivilege
			SeDelegateSessionUserImpersonatePrivilege
			SeEnableDelegationPrivilege","",""
"16/8/2026, 6:55:24.613254 pm","DC01.darkzero.htb","DC01$","4624","Security","Logon","","","","","172.16.20.1"
"16/8/2026, 6:55:27.404358 pm","DC01.darkzero.htb","ella","4768","Security","Kerberos TGT","","","","0x12","::1"
"16/8/2026, 6:55:27.405912 pm","DC01.darkzero.htb","ella@DARKZERO.HTB","4769","Security","Kerberos Service Ticket","","","","0x12","::1"
"16/8/2026, 6:55:27.412297 pm","DC01.darkzero.htb","ella","4624","Security","Logon","","","","","-"
"16/8/2026, 6:55:27.423275 pm","DC01.darkzero.htb","darkzero\ella","1","Sysmon","Process Creation","","","""powershell.exe"" -NoProfile -NoLogo -NonInteractive -ExecutionPolicy Bypass -File ""C:\Users\ella\access_gitea.ps1""","",""
"16/8/2026, 6:55:27.480955 pm","DC01.darkzero.htb","DC01$","4672","Security","Privileged Logon","","","SeSecurityPrivilege
			SeBackupPrivilege
			SeRestorePrivilege
			SeTakeOwnershipPrivilege
			SeDebugPrivilege
			SeSystemEnvironmentPrivilege
			SeLoadDriverPrivilege
			SeImpersonatePrivilege
			SeDelegateSessionUserImpersonatePrivilege
			SeEnableDelegationPrivilege","",""
"16/8/2026, 6:55:27.481233 pm","DC01.darkzero.htb","DC01$","4624","Security","Logon","","","","","::1"
"16/8/2026, 6:55:27.573476 pm","DC01.darkzero.htb","darkzero\ella","11","Sysmon","File Created","C:\Users\ella.darkzero\AppData\Local\Temp\__PSScriptPolicyTest_fo3unjih.s2x.ps1","","","",""
"16/8/2026, 6:55:27.574587 pm","DC01.darkzero.htb","darkzero\ella","11","Sysmon","File Created","C:\Users\ella.darkzero\AppData\Local\Temp\__PSScriptPolicyTest_5zg5hie1.eoo.psm1","","","",""
"16/8/2026, 6:55:30.693347 pm","DC01.darkzero.htb","darkzero\ella","11","Sysmon","File Created","C:\Users\ella.darkzero\AppData\Local\Microsoft\Windows\PowerShell\StartupProfileData-NonInteractive","","","",""
"16/8/2026, 6:55:37.615645 pm","DC01.darkzero.htb","DC01$","4672","Security","Privileged Logon","","","SeSecurityPrivilege
			SeBackupPrivilege
			SeRestorePrivilege
			SeTakeOwnershipPrivilege
			SeDebugPrivilege
			SeSystemEnvironmentPrivilege
			SeLoadDriverPrivilege
			SeImpersonatePrivilege
			SeDelegateSessionUserImpersonatePrivilege
			SeEnableDelegationPrivilege","",""
"16/8/2026, 6:55:37.61582 pm","DC01.darkzero.htb","DC01$","4624","Security","Logon","","","","","172.16.20.1"
"16/8/2026, 6:55:37.623256 pm","DC01.darkzero.htb","DC01$","4672","Security","Privileged Logon","","","SeSecurityPrivilege
			SeBackupPrivilege
			SeRestorePrivilege
			SeTakeOwnershipPrivilege
			SeDebugPrivilege
			SeSystemEnvironmentPrivilege
			SeLoadDriverPrivilege
			SeImpersonatePrivilege
			SeDelegateSessionUserImpersonatePrivilege
			SeEnableDelegationPrivilege","",""
"16/8/2026, 6:55:37.623502 pm","DC01.darkzero.htb","DC01$","4624","Security","Logon","","","","","::1"
"16/8/2026, 6:55:37.632516 pm","DC01.darkzero.htb","DC01$","4672","Security","Privileged Logon","","","SeSecurityPrivilege
			SeBackupPrivilege
			SeRestorePrivilege
			SeTakeOwnershipPrivilege
			SeDebugPrivilege
			SeSystemEnvironmentPrivilege
			SeLoadDriverPrivilege
			SeImpersonatePrivilege
			SeDelegateSessionUserImpersonatePrivilege
			SeEnableDelegationPrivilege","",""
"16/8/2026, 6:55:37.632653 pm","DC01.darkzero.htb","DC01$","4624","Security","Logon","","","","","::1"
"16/8/2026, 6:55:37.640081 pm","DC01.darkzero.htb","DC01$","4672","Security","Privileged Logon","","","SeSecurityPrivilege
			SeBackupPrivilege
			SeRestorePrivilege
			SeTakeOwnershipPrivilege
			SeDebugPrivilege
			SeSystemEnvironmentPrivilege
			SeLoadDriverPrivilege
			SeImpersonatePrivilege
			SeDelegateSessionUserImpersonatePrivilege
			SeEnableDelegationPrivilege","",""
"16/8/2026, 6:55:37.640231 pm","DC01.darkzero.htb","DC01$","4624","Security","Logon","","","","","10.129.28.204"
"16/8/2026, 6:55:37.663016 pm","DC01.darkzero.htb","DC01$","4672","Security","Privileged Logon","","","SeSecurityPrivilege
			SeBackupPrivilege
			SeRestorePrivilege
			SeTakeOwnershipPrivilege
			SeDebugPrivilege
			SeSystemEnvironmentPrivilege
			SeLoadDriverPrivilege
			SeImpersonatePrivilege
			SeDelegateSessionUserImpersonatePrivilege
			SeEnableDelegationPrivilege","",""
"16/8/2026, 6:55:37.663165 pm","DC01.darkzero.htb","DC01$","4624","Security","Logon","","","","","::1"
"16/8/2026, 6:56:15.943083 pm","DC01.darkzero.htb","DC01$","4672","Security","Privileged Logon","","","SeSecurityPrivilege
			SeBackupPrivilege
			SeRestorePrivilege
			SeTakeOwnershipPrivilege
			SeDebugPrivilege
			SeSystemEnvironmentPrivilege
			SeLoadDriverPrivilege
			SeImpersonatePrivilege
			SeDelegateSessionUserImpersonatePrivilege
			SeEnableDelegationPrivilege","",""
"16/8/2026, 6:56:15.943337 pm","DC01.darkzero.htb","DC01$","4624","Security","Logon","","","","","127.0.0.1"
"16/8/2026, 6:56:27.403819 pm","DC01.darkzero.htb","ella","4768","Security","Kerberos TGT","","","","0x12","::1"
"16/8/2026, 6:56:27.405331 pm","DC01.darkzero.htb","ella@DARKZERO.HTB","4769","Security","Kerberos Service Ticket","","","","0x12","::1"
"16/8/2026, 6:56:27.411457 pm","DC01.darkzero.htb","ella","4624","Security","Logon","","","","","-"
"16/8/2026, 6:56:27.420125 pm","DC01.darkzero.htb","darkzero\ella","1","Sysmon","Process Creation","","","""powershell.exe"" -NoProfile -NoLogo -NonInteractive -ExecutionPolicy Bypass -File ""C:\Users\ella\access_gitea.ps1""","",""
"16/8/2026, 6:56:27.56017 pm","DC01.darkzero.htb","darkzero\ella","11","Sysmon","File Created","C:\Users\ella.darkzero\AppData\Local\Temp\__PSScriptPolicyTest_reygin05.q5a.ps1","","","",""
"16/8/2026, 6:56:27.560934 pm","DC01.darkzero.htb","darkzero\ella","11","Sysmon","File Created","C:\Users\ella.darkzero\AppData\Local\Temp\__PSScriptPolicyTest_zunluiu1.twz.psm1","","","",""
"16/8/2026, 6:56:30.672004 pm","DC01.darkzero.htb","darkzero\ella","11","Sysmon","File Created","C:\Users\ella.darkzero\AppData\Local\Microsoft\Windows\PowerShell\StartupProfileData-NonInteractive","","","",""
"16/8/2026, 6:57:15.952504 pm","DC01.darkzero.htb","DC01$","4672","Security","Privileged Logon","","","SeSecurityPrivilege
			SeBackupPrivilege
			SeRestorePrivilege
			SeTakeOwnershipPrivilege
			SeDebugPrivilege
			SeSystemEnvironmentPrivilege
			SeLoadDriverPrivilege
			SeImpersonatePrivilege
			SeDelegateSessionUserImpersonatePrivilege
			SeEnableDelegationPrivilege","",""
"16/8/2026, 6:57:15.952678 pm","DC01.darkzero.htb","DC01$","4624","Security","Logon","","","","","127.0.0.1"
"16/8/2026, 6:57:22.826053 pm","DC01.darkzero.htb","celia@DARKZERO.EXT","4769","Security","Kerberos Service Ticket","","","","0x12","::ffff:172.16.20.3"
"16/8/2026, 6:57:27.407704 pm","DC01.darkzero.htb","ella","4768","Security","Kerberos TGT","","","","0x12","::1"
"16/8/2026, 6:57:27.409391 pm","DC01.darkzero.htb","ella@DARKZERO.HTB","4769","Security","Kerberos Service Ticket","","","","0x12","::1"
"16/8/2026, 6:57:27.416229 pm","DC01.darkzero.htb","ella","4624","Security","Logon","","","","","-"
"16/8/2026, 6:57:27.427032 pm","DC01.darkzero.htb","darkzero\ella","1","Sysmon","Process Creation","","","""powershell.exe"" -NoProfile -NoLogo -NonInteractive -ExecutionPolicy Bypass -File ""C:\Users\ella\access_gitea.ps1""","",""
"16/8/2026, 6:57:27.586509 pm","DC01.darkzero.htb","darkzero\ella","11","Sysmon","File Created","C:\Users\ella.darkzero\AppData\Local\Temp\__PSScriptPolicyTest_mkly3vt0.u20.ps1","","","",""
"16/8/2026, 6:57:27.587444 pm","DC01.darkzero.htb","darkzero\ella","11","Sysmon","File Created","C:\Users\ella.darkzero\AppData\Local\Temp\__PSScriptPolicyTest_rawliv01.wgm.psm1","","","",""
"16/8/2026, 6:57:30.733491 pm","DC01.darkzero.htb","darkzero\ella","11","Sysmon","File Created","C:\Users\ella.darkzero\AppData\Local\Microsoft\Windows\PowerShell\StartupProfileData-NonInteractive","","","",""
"16/8/2026, 6:58:15.959004 pm","DC01.darkzero.htb","DC01$","4672","Security","Privileged Logon","","","SeSecurityPrivilege
			SeBackupPrivilege
			SeRestorePrivilege
			SeTakeOwnershipPrivilege
			SeDebugPrivilege
			SeSystemEnvironmentPrivilege
			SeLoadDriverPrivilege
			SeImpersonatePrivilege
			SeDelegateSessionUserImpersonatePrivilege
			SeEnableDelegationPrivilege","",""
"16/8/2026, 6:58:15.959258 pm","DC01.darkzero.htb","DC01$","4624","Security","Logon","","","","","127.0.0.1"
"16/8/2026, 6:58:19.479247 pm","DC01.darkzero.htb","celia@DARKZERO.EXT","4769","Security","Kerberos Service Ticket","","","","0x12","::ffff:172.16.20.3"
"16/8/2026, 6:58:27.408734 pm","DC01.darkzero.htb","ella","4768","Security","Kerberos TGT","","","","0x12","::1"
"16/8/2026, 6:58:27.410188 pm","DC01.darkzero.htb","ella@DARKZERO.HTB","4769","Security","Kerberos Service Ticket","","","","0x12","::1"
"16/8/2026, 6:58:27.416421 pm","DC01.darkzero.htb","ella","4624","Security","Logon","","","","","-"
"16/8/2026, 6:58:27.425097 pm","DC01.darkzero.htb","darkzero\ella","1","Sysmon","Process Creation","","","""powershell.exe"" -NoProfile -NoLogo -NonInteractive -ExecutionPolicy Bypass -File ""C:\Users\ella\access_gitea.ps1""","",""
"16/8/2026, 6:58:27.568281 pm","DC01.darkzero.htb","darkzero\ella","11","Sysmon","File Created","C:\Users\ella.darkzero\AppData\Local\Temp\__PSScriptPolicyTest_oywtbxrw.jzw.ps1","","","",""
"16/8/2026, 6:58:27.5686 pm","DC01.darkzero.htb","darkzero\ella","11","Sysmon","File Created","C:\Users\ella.darkzero\AppData\Local\Temp\__PSScriptPolicyTest_igovno43.loe.psm1","","","",""
"16/8/2026, 6:58:30.698157 pm","DC01.darkzero.htb","darkzero\ella","11","Sysmon","File Created","C:\Users\ella.darkzero\AppData\Local\Microsoft\Windows\PowerShell\StartupProfileData-NonInteractive","","","",""
"16/8/2026, 6:59:15.973203 pm","DC01.darkzero.htb","DC01$","4672","Security","Privileged Logon","","","SeSecurityPrivilege
			SeBackupPrivilege
			SeRestorePrivilege
			SeTakeOwnershipPrivilege
			SeDebugPrivilege
			SeSystemEnvironmentPrivilege
			SeLoadDriverPrivilege
			SeImpersonatePrivilege
			SeDelegateSessionUserImpersonatePrivilege
			SeEnableDelegationPrivilege","",""
"16/8/2026, 6:59:15.973441 pm","DC01.darkzero.htb","DC01$","4624","Security","Logon","","","","","127.0.0.1"
"16/8/2026, 6:59:27.413911 pm","DC01.darkzero.htb","ella","4768","Security","Kerberos TGT","","","","0x12","::1"
"16/8/2026, 6:59:27.415544 pm","DC01.darkzero.htb","ella@DARKZERO.HTB","4769","Security","Kerberos Service Ticket","","","","0x12","::1"
"16/8/2026, 6:59:27.421729 pm","DC01.darkzero.htb","ella","4624","Security","Logon","","","","","-"
"16/8/2026, 6:59:27.430256 pm","DC01.darkzero.htb","darkzero\ella","1","Sysmon","Process Creation","","","""powershell.exe"" -NoProfile -NoLogo -NonInteractive -ExecutionPolicy Bypass -File ""C:\Users\ella\access_gitea.ps1""","",""
"16/8/2026, 6:59:27.569254 pm","DC01.darkzero.htb","darkzero\ella","11","Sysmon","File Created","C:\Users\ella.darkzero\AppData\Local\Temp\__PSScriptPolicyTest_1fdbjf2x.4jt.ps1","","","",""
"16/8/2026, 6:59:27.570025 pm","DC01.darkzero.htb","darkzero\ella","11","Sysmon","File Created","C:\Users\ella.darkzero\AppData\Local\Temp\__PSScriptPolicyTest_bahw14gq.d22.psm1","","","",""
"16/8/2026, 6:59:30.678785 pm","DC01.darkzero.htb","darkzero\ella","11","Sysmon","File Created","C:\Users\ella.darkzero\AppData\Local\Microsoft\Windows\PowerShell\StartupProfileData-NonInteractive","","","",""
"16/8/2026, 7:00:01.239752 pm","DC01.darkzero.htb","NT AUTHORITY\SYSTEM","1","Sysmon","Process Creation","","","""C:\WINDOWS\System32\wsqmcons.exe""","",""
"16/8/2026, 7:00:15.980035 pm","DC01.darkzero.htb","DC01$","4672","Security","Privileged Logon","","","SeSecurityPrivilege
			SeBackupPrivilege
			SeRestorePrivilege
			SeTakeOwnershipPrivilege
			SeDebugPrivilege
			SeSystemEnvironmentPrivilege
			SeLoadDriverPrivilege
			SeImpersonatePrivilege
			SeDelegateSessionUserImpersonatePrivilege
			SeEnableDelegationPrivilege","",""
"16/8/2026, 7:00:15.980353 pm","DC01.darkzero.htb","DC01$","4624","Security","Logon","","","","","127.0.0.1"
"16/8/2026, 7:00:24.739106 pm","DC01.darkzero.htb","NT AUTHORITY\SYSTEM","11","Sysmon","File Created","C:\System Volume Information\DFSR\Config\Replica_403BC236-9053-43D0-AAD0-74F0FB6A21A3.XML.TMP","","","",""
"16/8/2026, 7:00:24.743808 pm","DC01.darkzero.htb","NT AUTHORITY\SYSTEM","11","Sysmon","File Created","C:\System Volume Information\DFSR\Config\Volume_57941D7E-1E19-4293-AB21-2231712EE33A.XML.TMP","","","",""
"16/8/2026, 7:00:24.865392 pm","DC01.darkzero.htb","DC01$","4672","Security","Privileged Logon","","","SeSecurityPrivilege
			SeBackupPrivilege
			SeRestorePrivilege
			SeTakeOwnershipPrivilege
			SeDebugPrivilege
			SeSystemEnvironmentPrivilege
			SeLoadDriverPrivilege
			SeImpersonatePrivilege
			SeDelegateSessionUserImpersonatePrivilege
			SeEnableDelegationPrivilege","",""
"16/8/2026, 7:00:24.865639 pm","DC01.darkzero.htb","DC01$","4624","Security","Logon","","","","","172.16.20.1"
"16/8/2026, 7:00:24.989695 pm","DC01.darkzero.htb","DC01$","4672","Security","Privileged Logon","","","SeSecurityPrivilege
			SeBackupPrivilege
			SeRestorePrivilege
			SeTakeOwnershipPrivilege
			SeDebugPrivilege
			SeSystemEnvironmentPrivilege
			SeLoadDriverPrivilege
			SeImpersonatePrivilege
			SeDelegateSessionUserImpersonatePrivilege
			SeEnableDelegationPrivilege","",""
"16/8/2026, 7:00:24.9899 pm","DC01.darkzero.htb","DC01$","4624","Security","Logon","","","","","172.16.20.1"
"16/8/2026, 7:00:27.416897 pm","DC01.darkzero.htb","ella","4768","Security","Kerberos TGT","","","","0x12","::1"
"16/8/2026, 7:00:27.418428 pm","DC01.darkzero.htb","ella@DARKZERO.HTB","4769","Security","Kerberos Service Ticket","","","","0x12","::1"
"16/8/2026, 7:00:27.425044 pm","DC01.darkzero.htb","ella","4624","Security","Logon","","","","","-"
"16/8/2026, 7:00:27.434292 pm","DC01.darkzero.htb","darkzero\ella","1","Sysmon","Process Creation","","","""powershell.exe"" -NoProfile -NoLogo -NonInteractive -ExecutionPolicy Bypass -File ""C:\Users\ella\access_gitea.ps1""","",""
"16/8/2026, 7:00:27.574929 pm","DC01.darkzero.htb","darkzero\ella","11","Sysmon","File Created","C:\Users\ella.darkzero\AppData\Local\Temp\__PSScriptPolicyTest_2kwt0i3n.xhl.ps1","","","",""
"16/8/2026, 7:00:27.575547 pm","DC01.darkzero.htb","darkzero\ella","11","Sysmon","File Created","C:\Users\ella.darkzero\AppData\Local\Temp\__PSScriptPolicyTest_rnbfndc5.3fq.psm1","","","",""
"16/8/2026, 7:00:30.723938 pm","DC01.darkzero.htb","darkzero\ella","11","Sysmon","File Created","C:\Users\ella.darkzero\AppData\Local\Microsoft\Windows\PowerShell\StartupProfileData-NonInteractive","","","",""
"16/8/2026, 7:00:37.692728 pm","DC01.darkzero.htb","DC01$","4672","Security","Privileged Logon","","","SeSecurityPrivilege
			SeBackupPrivilege
			SeRestorePrivilege
			SeTakeOwnershipPrivilege
			SeDebugPrivilege
			SeSystemEnvironmentPrivilege
			SeLoadDriverPrivilege
			SeImpersonatePrivilege
			SeDelegateSessionUserImpersonatePrivilege
			SeEnableDelegationPrivilege","",""
"16/8/2026, 7:00:37.693423 pm","DC01.darkzero.htb","DC01$","4624","Security","Logon","","","","","::1"
"16/8/2026, 7:00:37.797515 pm","DC01.darkzero.htb","DC01$","4672","Security","Privileged Logon","","","SeSecurityPrivilege
			SeBackupPrivilege
			SeRestorePrivilege
			SeTakeOwnershipPrivilege
			SeDebugPrivilege
			SeSystemEnvironmentPrivilege
			SeLoadDriverPrivilege
			SeImpersonatePrivilege
			SeDelegateSessionUserImpersonatePrivilege
			SeEnableDelegationPrivilege","",""
"16/8/2026, 7:00:37.797678 pm","DC01.darkzero.htb","DC01$","4624","Security","Logon","","","","","172.16.20.1"
"16/8/2026, 7:00:37.807494 pm","DC01.darkzero.htb","DC01$","4672","Security","Privileged Logon","","","SeSecurityPrivilege
			SeBackupPrivilege
			SeRestorePrivilege
			SeTakeOwnershipPrivilege
			SeDebugPrivilege
			SeSystemEnvironmentPrivilege
			SeLoadDriverPrivilege
			SeImpersonatePrivilege
			SeDelegateSessionUserImpersonatePrivilege
			SeEnableDelegationPrivilege","",""
"16/8/2026, 7:00:37.807729 pm","DC01.darkzero.htb","DC01$","4624","Security","Logon","","","","","::1"
"16/8/2026, 7:00:37.817907 pm","DC01.darkzero.htb","DC01$","4672","Security","Privileged Logon","","","SeSecurityPrivilege
			SeBackupPrivilege
			SeRestorePrivilege
			SeTakeOwnershipPrivilege
			SeDebugPrivilege
			SeSystemEnvironmentPrivilege
			SeLoadDriverPrivilege
			SeImpersonatePrivilege
			SeDelegateSessionUserImpersonatePrivilege
			SeEnableDelegationPrivilege","",""
"16/8/2026, 7:00:37.818125 pm","DC01.darkzero.htb","DC01$","4624","Security","Logon","","","","","::1"
"16/8/2026, 7:00:37.825732 pm","DC01.darkzero.htb","DC01$","4672","Security","Privileged Logon","","","SeSecurityPrivilege
			SeBackupPrivilege
			SeRestorePrivilege
			SeTakeOwnershipPrivilege
			SeDebugPrivilege
			SeSystemEnvironmentPrivilege
			SeLoadDriverPrivilege
			SeImpersonatePrivilege
			SeDelegateSessionUserImpersonatePrivilege
			SeEnableDelegationPrivilege","",""
"16/8/2026, 7:00:37.825904 pm","DC01.darkzero.htb","DC01$","4624","Security","Logon","","","","","10.129.28.204"
"16/8/2026, 7:00:37.846742 pm","DC01.darkzero.htb","DC01$","4672","Security","Privileged Logon","","","SeSecurityPrivilege
			SeBackupPrivilege
			SeRestorePrivilege
			SeTakeOwnershipPrivilege
			SeDebugPrivilege
			SeSystemEnvironmentPrivilege
			SeLoadDriverPrivilege
			SeImpersonatePrivilege
			SeDelegateSessionUserImpersonatePrivilege
			SeEnableDelegationPrivilege","",""
"16/8/2026, 7:00:37.84689 pm","DC01.darkzero.htb","DC01$","4624","Security","Logon","","","","","::1"
"16/8/2026, 7:00:59.612447 pm","DC01.darkzero.htb","DC01$","4672","Security","Privileged Logon","","","SeAuditPrivilege
			SeAssignPrimaryTokenPrivilege
			SeImpersonatePrivilege","",""
"16/8/2026, 7:00:59.612664 pm","DC01.darkzero.htb","DC01$","4624","Security","Logon","","","","","-"
"16/8/2026, 7:01:15.994354 pm","DC01.darkzero.htb","DC01$","4672","Security","Privileged Logon","","","SeSecurityPrivilege
			SeBackupPrivilege
			SeRestorePrivilege
			SeTakeOwnershipPrivilege
			SeDebugPrivilege
			SeSystemEnvironmentPrivilege
			SeLoadDriverPrivilege
			SeImpersonatePrivilege
			SeDelegateSessionUserImpersonatePrivilege
			SeEnableDelegationPrivilege","",""
"16/8/2026, 7:01:15.994545 pm","DC01.darkzero.htb","DC01$","4624","Security","Logon","","","","","127.0.0.1"
"16/8/2026, 7:01:27.422804 pm","DC01.darkzero.htb","ella","4768","Security","Kerberos TGT","","","","0x12","::1"
"16/8/2026, 7:01:27.425343 pm","DC01.darkzero.htb","ella@DARKZERO.HTB","4769","Security","Kerberos Service Ticket","","","","0x12","::1"
"16/8/2026, 7:01:27.43197 pm","DC01.darkzero.htb","ella","4624","Security","Logon","","","","","-"
"16/8/2026, 7:01:27.441173 pm","DC01.darkzero.htb","darkzero\ella","1","Sysmon","Process Creation","","","""powershell.exe"" -NoProfile -NoLogo -NonInteractive -ExecutionPolicy Bypass -File ""C:\Users\ella\access_gitea.ps1""","",""
"16/8/2026, 7:01:27.596151 pm","DC01.darkzero.htb","darkzero\ella","11","Sysmon","File Created","C:\Users\ella.darkzero\AppData\Local\Temp\__PSScriptPolicyTest_gqlvnekj.yju.ps1","","","",""
"16/8/2026, 7:01:27.596805 pm","DC01.darkzero.htb","darkzero\ella","11","Sysmon","File Created","C:\Users\ella.darkzero\AppData\Local\Temp\__PSScriptPolicyTest_ueqjc3en.mzq.psm1","","","",""
"16/8/2026, 7:01:30.806253 pm","DC01.darkzero.htb","darkzero\ella","11","Sysmon","File Created","C:\Users\ella.darkzero\AppData\Local\Microsoft\Windows\PowerShell\StartupProfileData-NonInteractive","","","",""
"16/8/2026, 7:02:15.997699 pm","DC01.darkzero.htb","DC01$","4672","Security","Privileged Logon","","","SeSecurityPrivilege
			SeBackupPrivilege
			SeRestorePrivilege
			SeTakeOwnershipPrivilege
			SeDebugPrivilege
			SeSystemEnvironmentPrivilege
			SeLoadDriverPrivilege
			SeImpersonatePrivilege
			SeDelegateSessionUserImpersonatePrivilege
			SeEnableDelegationPrivilege","",""
"16/8/2026, 7:02:15.997934 pm","DC01.darkzero.htb","DC01$","4624","Security","Logon","","","","","127.0.0.1"
"16/8/2026, 7:02:27.437554 pm","DC01.darkzero.htb","ella","4768","Security","Kerberos TGT","","","","0x12","::1"
"16/8/2026, 7:02:27.439496 pm","DC01.darkzero.htb","ella@DARKZERO.HTB","4769","Security","Kerberos Service Ticket","","","","0x12","::1"
"16/8/2026, 7:02:27.447661 pm","DC01.darkzero.htb","ella","4624","Security","Logon","","","","","-"
"16/8/2026, 7:02:27.457154 pm","DC01.darkzero.htb","darkzero\ella","1","Sysmon","Process Creation","","","""powershell.exe"" -NoProfile -NoLogo -NonInteractive -ExecutionPolicy Bypass -File ""C:\Users\ella\access_gitea.ps1""","",""
"16/8/2026, 7:02:27.607987 pm","DC01.darkzero.htb","darkzero\ella","11","Sysmon","File Created","C:\Users\ella.darkzero\AppData\Local\Temp\__PSScriptPolicyTest_fzjfgoae.ny1.ps1","","","",""
"16/8/2026, 7:02:27.608616 pm","DC01.darkzero.htb","darkzero\ella","11","Sysmon","File Created","C:\Users\ella.darkzero\AppData\Local\Temp\__PSScriptPolicyTest_abl3zox3.u2g.psm1","","","",""
"16/8/2026, 7:02:30.791699 pm","DC01.darkzero.htb","darkzero\ella","11","Sysmon","File Created","C:\Users\ella.darkzero\AppData\Local\Microsoft\Windows\PowerShell\StartupProfileData-NonInteractive","","","",""
"16/8/2026, 7:03:16.008542 pm","DC01.darkzero.htb","DC01$","4672","Security","Privileged Logon","","","SeSecurityPrivilege
			SeBackupPrivilege
			SeRestorePrivilege
			SeTakeOwnershipPrivilege
			SeDebugPrivilege
			SeSystemEnvironmentPrivilege
			SeLoadDriverPrivilege
			SeImpersonatePrivilege
			SeDelegateSessionUserImpersonatePrivilege
			SeEnableDelegationPrivilege","",""
"16/8/2026, 7:03:16.008715 pm","DC01.darkzero.htb","DC01$","4624","Security","Logon","","","","","127.0.0.1"
"16/8/2026, 7:03:27.44175 pm","DC01.darkzero.htb","ella","4768","Security","Kerberos TGT","","","","0x12","::1"
"16/8/2026, 7:03:27.443278 pm","DC01.darkzero.htb","ella@DARKZERO.HTB","4769","Security","Kerberos Service Ticket","","","","0x12","::1"
"16/8/2026, 7:03:27.449919 pm","DC01.darkzero.htb","ella","4624","Security","Logon","","","","","-"
"16/8/2026, 7:03:27.459025 pm","DC01.darkzero.htb","darkzero\ella","1","Sysmon","Process Creation","","","""powershell.exe"" -NoProfile -NoLogo -NonInteractive -ExecutionPolicy Bypass -File ""C:\Users\ella\access_gitea.ps1""","",""
"16/8/2026, 7:03:27.604124 pm","DC01.darkzero.htb","darkzero\ella","11","Sysmon","File Created","C:\Users\ella.darkzero\AppData\Local\Temp\__PSScriptPolicyTest_nobb4ags.mzz.ps1","","","",""
"16/8/2026, 7:03:27.605103 pm","DC01.darkzero.htb","darkzero\ella","11","Sysmon","File Created","C:\Users\ella.darkzero\AppData\Local\Temp\__PSScriptPolicyTest_3yi0rs24.or5.psm1","","","",""
"16/8/2026, 7:03:30.74999 pm","DC01.darkzero.htb","darkzero\ella","11","Sysmon","File Created","C:\Users\ella.darkzero\AppData\Local\Microsoft\Windows\PowerShell\StartupProfileData-NonInteractive","","","",""
"16/8/2026, 7:04:16.03062 pm","DC01.darkzero.htb","DC01$","4672","Security","Privileged Logon","","","SeSecurityPrivilege
			SeBackupPrivilege
			SeRestorePrivilege
			SeTakeOwnershipPrivilege
			SeDebugPrivilege
			SeSystemEnvironmentPrivilege
			SeLoadDriverPrivilege
			SeImpersonatePrivilege
			SeDelegateSessionUserImpersonatePrivilege
			SeEnableDelegationPrivilege","",""
"16/8/2026, 7:04:16.030793 pm","DC01.darkzero.htb","DC01$","4624","Security","Logon","","","","","127.0.0.1"
"16/8/2026, 7:04:27.452414 pm","DC01.darkzero.htb","ella","4768","Security","Kerberos TGT","","","","0x12","::1"
"16/8/2026, 7:04:27.454025 pm","DC01.darkzero.htb","ella@DARKZERO.HTB","4769","Security","Kerberos Service Ticket","","","","0x12","::1"
"16/8/2026, 7:04:27.460463 pm","DC01.darkzero.htb","ella","4624","Security","Logon","","","","","-"
"16/8/2026, 7:04:27.469415 pm","DC01.darkzero.htb","darkzero\ella","1","Sysmon","Process Creation","","","""powershell.exe"" -NoProfile -NoLogo -NonInteractive -ExecutionPolicy Bypass -File ""C:\Users\ella\access_gitea.ps1""","",""
"16/8/2026, 7:04:27.613178 pm","DC01.darkzero.htb","darkzero\ella","11","Sysmon","File Created","C:\Users\ella.darkzero\AppData\Local\Temp\__PSScriptPolicyTest_bttxk0ml.nto.ps1","","","",""
"16/8/2026, 7:04:27.614183 pm","DC01.darkzero.htb","darkzero\ella","11","Sysmon","File Created","C:\Users\ella.darkzero\AppData\Local\Temp\__PSScriptPolicyTest_bogzwfll.jft.psm1","","","",""
"16/8/2026, 7:04:30.773114 pm","DC01.darkzero.htb","darkzero\ella","11","Sysmon","File Created","C:\Users\ella.darkzero\AppData\Local\Microsoft\Windows\PowerShell\StartupProfileData-NonInteractive","","","",""
"16/8/2026, 7:05:16.03936 pm","DC01.darkzero.htb","DC01$","4672","Security","Privileged Logon","","","SeSecurityPrivilege
			SeBackupPrivilege
			SeRestorePrivilege
			SeTakeOwnershipPrivilege
			SeDebugPrivilege
			SeSystemEnvironmentPrivilege
			SeLoadDriverPrivilege
			SeImpersonatePrivilege
			SeDelegateSessionUserImpersonatePrivilege
			SeEnableDelegationPrivilege","",""
"16/8/2026, 7:05:16.039627 pm","DC01.darkzero.htb","DC01$","4624","Security","Logon","","","","","127.0.0.1"
"16/8/2026, 7:05:25.110772 pm","DC01.darkzero.htb","NT AUTHORITY\SYSTEM","11","Sysmon","File Created","C:\System Volume Information\DFSR\Config\Replica_403BC236-9053-43D0-AAD0-74F0FB6A21A3.XML.TMP","","","",""
"16/8/2026, 7:05:25.115416 pm","DC01.darkzero.htb","NT AUTHORITY\SYSTEM","11","Sysmon","File Created","C:\System Volume Information\DFSR\Config\Volume_57941D7E-1E19-4293-AB21-2231712EE33A.XML.TMP","","","",""
"16/8/2026, 7:05:25.234317 pm","DC01.darkzero.htb","DC01$","4672","Security","Privileged Logon","","","SeSecurityPrivilege
			SeBackupPrivilege
			SeRestorePrivilege
			SeTakeOwnershipPrivilege
			SeDebugPrivilege
			SeSystemEnvironmentPrivilege
			SeLoadDriverPrivilege
			SeImpersonatePrivilege
			SeDelegateSessionUserImpersonatePrivilege
			SeEnableDelegationPrivilege","",""
"16/8/2026, 7:05:25.234554 pm","DC01.darkzero.htb","DC01$","4624","Security","Logon","","","","","172.16.20.1"
"16/8/2026, 7:05:25.368343 pm","DC01.darkzero.htb","DC01$","4672","Security","Privileged Logon","","","SeSecurityPrivilege
			SeBackupPrivilege
			SeRestorePrivilege
			SeTakeOwnershipPrivilege
			SeDebugPrivilege
			SeSystemEnvironmentPrivilege
			SeLoadDriverPrivilege
			SeImpersonatePrivilege
			SeDelegateSessionUserImpersonatePrivilege
			SeEnableDelegationPrivilege","",""
"16/8/2026, 7:05:25.368504 pm","DC01.darkzero.htb","DC01$","4624","Security","Logon","","","","","172.16.20.1"
"16/8/2026, 7:05:27.453102 pm","DC01.darkzero.htb","ella","4768","Security","Kerberos TGT","","","","0x12","::1"
"16/8/2026, 7:05:27.454652 pm","DC01.darkzero.htb","ella@DARKZERO.HTB","4769","Security","Kerberos Service Ticket","","","","0x12","::1"
"16/8/2026, 7:05:27.46106 pm","DC01.darkzero.htb","ella","4624","Security","Logon","","","","","-"
"16/8/2026, 7:05:27.470498 pm","DC01.darkzero.htb","darkzero\ella","1","Sysmon","Process Creation","","","""powershell.exe"" -NoProfile -NoLogo -NonInteractive -ExecutionPolicy Bypass -File ""C:\Users\ella\access_gitea.ps1""","",""
"16/8/2026, 7:05:27.496359 pm","DC01.darkzero.htb","DC01$","4672","Security","Privileged Logon","","","SeSecurityPrivilege
			SeBackupPrivilege
			SeRestorePrivilege
			SeTakeOwnershipPrivilege
			SeDebugPrivilege
			SeSystemEnvironmentPrivilege
			SeLoadDriverPrivilege
			SeImpersonatePrivilege
			SeDelegateSessionUserImpersonatePrivilege
			SeEnableDelegationPrivilege","",""
"16/8/2026, 7:05:27.496588 pm","DC01.darkzero.htb","DC01$","4624","Security","Logon","","","","","::1"
"16/8/2026, 7:05:27.61619 pm","DC01.darkzero.htb","darkzero\ella","11","Sysmon","File Created","C:\Users\ella.darkzero\AppData\Local\Temp\__PSScriptPolicyTest_amqlb3gm.ygd.ps1","","","",""
"16/8/2026, 7:05:27.616988 pm","DC01.darkzero.htb","darkzero\ella","11","Sysmon","File Created","C:\Users\ella.darkzero\AppData\Local\Temp\__PSScriptPolicyTest_nob5fawr.cos.psm1","","","",""
"16/8/2026, 7:05:30.824816 pm","DC01.darkzero.htb","darkzero\ella","11","Sysmon","File Created","C:\Users\ella.darkzero\AppData\Local\Microsoft\Windows\PowerShell\StartupProfileData-NonInteractive","","","",""
"16/8/2026, 7:05:37.983888 pm","DC01.darkzero.htb","DC01$","4672","Security","Privileged Logon","","","SeSecurityPrivilege
			SeBackupPrivilege
			SeRestorePrivilege
			SeTakeOwnershipPrivilege
			SeDebugPrivilege
			SeSystemEnvironmentPrivilege
			SeLoadDriverPrivilege
			SeImpersonatePrivilege
			SeDelegateSessionUserImpersonatePrivilege
			SeEnableDelegationPrivilege","",""
"16/8/2026, 7:05:37.984159 pm","DC01.darkzero.htb","DC01$","4624","Security","Logon","","","","","172.16.20.1"
"16/8/2026, 7:05:37.991864 pm","DC01.darkzero.htb","DC01$","4672","Security","Privileged Logon","","","SeSecurityPrivilege
			SeBackupPrivilege
			SeRestorePrivilege
			SeTakeOwnershipPrivilege
			SeDebugPrivilege
			SeSystemEnvironmentPrivilege
			SeLoadDriverPrivilege
			SeImpersonatePrivilege
			SeDelegateSessionUserImpersonatePrivilege
			SeEnableDelegationPrivilege","",""
"16/8/2026, 7:05:37.992077 pm","DC01.darkzero.htb","DC01$","4624","Security","Logon","","","","","::1"
"16/8/2026, 7:05:38.001512 pm","DC01.darkzero.htb","DC01$","4672","Security","Privileged Logon","","","SeSecurityPrivilege
			SeBackupPrivilege
			SeRestorePrivilege
			SeTakeOwnershipPrivilege
			SeDebugPrivilege
			SeSystemEnvironmentPrivilege
			SeLoadDriverPrivilege
			SeImpersonatePrivilege
			SeDelegateSessionUserImpersonatePrivilege
			SeEnableDelegationPrivilege","",""
"16/8/2026, 7:05:38.001683 pm","DC01.darkzero.htb","DC01$","4624","Security","Logon","","","","","::1"
"16/8/2026, 7:05:38.010345 pm","DC01.darkzero.htb","DC01$","4672","Security","Privileged Logon","","","SeSecurityPrivilege
			SeBackupPrivilege
			SeRestorePrivilege
			SeTakeOwnershipPrivilege
			SeDebugPrivilege
			SeSystemEnvironmentPrivilege
			SeLoadDriverPrivilege
			SeImpersonatePrivilege
			SeDelegateSessionUserImpersonatePrivilege
			SeEnableDelegationPrivilege","",""
"16/8/2026, 7:05:38.010527 pm","DC01.darkzero.htb","DC01$","4624","Security","Logon","","","","","10.129.28.204"
"16/8/2026, 7:05:38.033106 pm","DC01.darkzero.htb","DC01$","4672","Security","Privileged Logon","","","SeSecurityPrivilege
			SeBackupPrivilege
			SeRestorePrivilege
			SeTakeOwnershipPrivilege
			SeDebugPrivilege
			SeSystemEnvironmentPrivilege
			SeLoadDriverPrivilege
			SeImpersonatePrivilege
			SeDelegateSessionUserImpersonatePrivilege
			SeEnableDelegationPrivilege","",""
"16/8/2026, 7:05:38.033312 pm","DC01.darkzero.htb","DC01$","4624","Security","Logon","","","","","::1"
"16/8/2026, 7:06:16.058311 pm","DC01.darkzero.htb","DC01$","4672","Security","Privileged Logon","","","SeSecurityPrivilege
			SeBackupPrivilege
			SeRestorePrivilege
			SeTakeOwnershipPrivilege
			SeDebugPrivilege
			SeSystemEnvironmentPrivilege
			SeLoadDriverPrivilege
			SeImpersonatePrivilege
			SeDelegateSessionUserImpersonatePrivilege
			SeEnableDelegationPrivilege","",""
"16/8/2026, 7:06:16.058563 pm","DC01.darkzero.htb","DC01$","4624","Security","Logon","","","","","127.0.0.1"
"16/8/2026, 7:06:27.456466 pm","DC01.darkzero.htb","ella","4768","Security","Kerberos TGT","","","","0x12","::1"
"16/8/2026, 7:06:27.458184 pm","DC01.darkzero.htb","ella@DARKZERO.HTB","4769","Security","Kerberos Service Ticket","","","","0x12","::1"
"16/8/2026, 7:06:27.464966 pm","DC01.darkzero.htb","ella","4624","Security","Logon","","","","","-"
"16/8/2026, 7:06:27.474962 pm","DC01.darkzero.htb","darkzero\ella","1","Sysmon","Process Creation","","","""powershell.exe"" -NoProfile -NoLogo -NonInteractive -ExecutionPolicy Bypass -File ""C:\Users\ella\access_gitea.ps1""","",""
"16/8/2026, 7:06:27.626916 pm","DC01.darkzero.htb","darkzero\ella","11","Sysmon","File Created","C:\Users\ella.darkzero\AppData\Local\Temp\__PSScriptPolicyTest_geseqo5w.jdz.ps1","","","",""
"16/8/2026, 7:06:27.628467 pm","DC01.darkzero.htb","darkzero\ella","11","Sysmon","File Created","C:\Users\ella.darkzero\AppData\Local\Temp\__PSScriptPolicyTest_tcsuxehc.3gr.psm1","","","",""
"16/8/2026, 7:06:30.799087 pm","DC01.darkzero.htb","darkzero\ella","11","Sysmon","File Created","C:\Users\ella.darkzero\AppData\Local\Microsoft\Windows\PowerShell\StartupProfileData-NonInteractive","","","",""
"16/8/2026, 7:07:16.074729 pm","DC01.darkzero.htb","DC01$","4672","Security","Privileged Logon","","","SeSecurityPrivilege
			SeBackupPrivilege
			SeRestorePrivilege
			SeTakeOwnershipPrivilege
			SeDebugPrivilege
			SeSystemEnvironmentPrivilege
			SeLoadDriverPrivilege
			SeImpersonatePrivilege
			SeDelegateSessionUserImpersonatePrivilege
			SeEnableDelegationPrivilege","",""
"16/8/2026, 7:07:16.074996 pm","DC01.darkzero.htb","DC01$","4624","Security","Logon","","","","","127.0.0.1"
"16/8/2026, 7:07:27.467233 pm","DC01.darkzero.htb","ella","4768","Security","Kerberos TGT","","","","0x12","::1"
"16/8/2026, 7:07:27.468804 pm","DC01.darkzero.htb","ella@DARKZERO.HTB","4769","Security","Kerberos Service Ticket","","","","0x12","::1"
"16/8/2026, 7:07:27.475522 pm","DC01.darkzero.htb","ella","4624","Security","Logon","","","","","-"
"16/8/2026, 7:07:27.486054 pm","DC01.darkzero.htb","darkzero\ella","1","Sysmon","Process Creation","","","""powershell.exe"" -NoProfile -NoLogo -NonInteractive -ExecutionPolicy Bypass -File ""C:\Users\ella\access_gitea.ps1""","",""
"16/8/2026, 7:07:27.639572 pm","DC01.darkzero.htb","darkzero\ella","11","Sysmon","File Created","C:\Users\ella.darkzero\AppData\Local\Temp\__PSScriptPolicyTest_pujk0hhn.zoh.ps1","","","",""
"16/8/2026, 7:07:27.640751 pm","DC01.darkzero.htb","darkzero\ella","11","Sysmon","File Created","C:\Users\ella.darkzero\AppData\Local\Temp\__PSScriptPolicyTest_tgijhl30.vwb.psm1","","","",""
"16/8/2026, 7:07:30.816526 pm","DC01.darkzero.htb","darkzero\ella","11","Sysmon","File Created","C:\Users\ella.darkzero\AppData\Local\Microsoft\Windows\PowerShell\StartupProfileData-NonInteractive","","","",""
"16/8/2026, 7:08:16.078094 pm","DC01.darkzero.htb","DC01$","4672","Security","Privileged Logon","","","SeSecurityPrivilege
			SeBackupPrivilege
			SeRestorePrivilege
			SeTakeOwnershipPrivilege
			SeDebugPrivilege
			SeSystemEnvironmentPrivilege
			SeLoadDriverPrivilege
			SeImpersonatePrivilege
			SeDelegateSessionUserImpersonatePrivilege
			SeEnableDelegationPrivilege","",""
"16/8/2026, 7:08:16.078274 pm","DC01.darkzero.htb","DC01$","4624","Security","Logon","","","","","127.0.0.1"
"16/8/2026, 7:08:27.471735 pm","DC01.darkzero.htb","ella","4768","Security","Kerberos TGT","","","","0x12","::1"
"16/8/2026, 7:08:27.47357 pm","DC01.darkzero.htb","ella@DARKZERO.HTB","4769","Security","Kerberos Service Ticket","","","","0x12","::1"
"16/8/2026, 7:08:27.480257 pm","DC01.darkzero.htb","ella","4624","Security","Logon","","","","","-"
"16/8/2026, 7:08:27.489943 pm","DC01.darkzero.htb","darkzero\ella","1","Sysmon","Process Creation","","","""powershell.exe"" -NoProfile -NoLogo -NonInteractive -ExecutionPolicy Bypass -File ""C:\Users\ella\access_gitea.ps1""","",""
"16/8/2026, 7:08:27.65067 pm","DC01.darkzero.htb","darkzero\ella","11","Sysmon","File Created","C:\Users\ella.darkzero\AppData\Local\Temp\__PSScriptPolicyTest_jecos3it.2eo.ps1","","","",""
"16/8/2026, 7:08:27.651174 pm","DC01.darkzero.htb","darkzero\ella","11","Sysmon","File Created","C:\Users\ella.darkzero\AppData\Local\Temp\__PSScriptPolicyTest_3icf4tub.3bu.psm1","","","",""
"16/8/2026, 7:08:30.796834 pm","DC01.darkzero.htb","darkzero\ella","11","Sysmon","File Created","C:\Users\ella.darkzero\AppData\Local\Microsoft\Windows\PowerShell\StartupProfileData-NonInteractive","","","",""
"16/8/2026, 7:09:16.090254 pm","DC01.darkzero.htb","DC01$","4672","Security","Privileged Logon","","","SeSecurityPrivilege
			SeBackupPrivilege
			SeRestorePrivilege
			SeTakeOwnershipPrivilege
			SeDebugPrivilege
			SeSystemEnvironmentPrivilege
			SeLoadDriverPrivilege
			SeImpersonatePrivilege
			SeDelegateSessionUserImpersonatePrivilege
			SeEnableDelegationPrivilege","",""
"16/8/2026, 7:09:16.090729 pm","DC01.darkzero.htb","DC01$","4624","Security","Logon","","","","","127.0.0.1"
"16/8/2026, 7:09:27.477699 pm","DC01.darkzero.htb","ella","4768","Security","Kerberos TGT","","","","0x12","::1"
"16/8/2026, 7:09:27.479257 pm","DC01.darkzero.htb","ella@DARKZERO.HTB","4769","Security","Kerberos Service Ticket","","","","0x12","::1"
"16/8/2026, 7:09:27.486077 pm","DC01.darkzero.htb","ella","4624","Security","Logon","","","","","-"
"16/8/2026, 7:09:27.495304 pm","DC01.darkzero.htb","darkzero\ella","1","Sysmon","Process Creation","","","""powershell.exe"" -NoProfile -NoLogo -NonInteractive -ExecutionPolicy Bypass -File ""C:\Users\ella\access_gitea.ps1""","",""
"16/8/2026, 7:09:27.64758 pm","DC01.darkzero.htb","darkzero\ella","11","Sysmon","File Created","C:\Users\ella.darkzero\AppData\Local\Temp\__PSScriptPolicyTest_x2hti3bp.owk.ps1","","","",""
"16/8/2026, 7:09:27.648425 pm","DC01.darkzero.htb","darkzero\ella","11","Sysmon","File Created","C:\Users\ella.darkzero\AppData\Local\Temp\__PSScriptPolicyTest_av4iw2pb.cwl.psm1","","","",""
"16/8/2026, 7:09:30.750308 pm","DC01.darkzero.htb","darkzero\ella","11","Sysmon","File Created","C:\Users\ella.darkzero\AppData\Local\Microsoft\Windows\PowerShell\StartupProfileData-NonInteractive","","","",""
"16/8/2026, 7:10:16.113393 pm","DC01.darkzero.htb","DC01$","4672","Security","Privileged Logon","","","SeSecurityPrivilege
			SeBackupPrivilege
			SeRestorePrivilege
			SeTakeOwnershipPrivilege
			SeDebugPrivilege
			SeSystemEnvironmentPrivilege
			SeLoadDriverPrivilege
			SeImpersonatePrivilege
			SeDelegateSessionUserImpersonatePrivilege
			SeEnableDelegationPrivilege","",""
"16/8/2026, 7:10:16.11361 pm","DC01.darkzero.htb","DC01$","4624","Security","Logon","","","","","127.0.0.1"
"16/8/2026, 7:10:25.407987 pm","DC01.darkzero.htb","NT AUTHORITY\SYSTEM","11","Sysmon","File Created","C:\System Volume Information\DFSR\Config\Replica_403BC236-9053-43D0-AAD0-74F0FB6A21A3.XML.TMP","","","",""
"16/8/2026, 7:10:25.413499 pm","DC01.darkzero.htb","NT AUTHORITY\SYSTEM","11","Sysmon","File Created","C:\System Volume Information\DFSR\Config\Volume_57941D7E-1E19-4293-AB21-2231712EE33A.XML.TMP","","","",""
"16/8/2026, 7:10:25.527591 pm","DC01.darkzero.htb","DC01$","4672","Security","Privileged Logon","","","SeSecurityPrivilege
			SeBackupPrivilege
			SeRestorePrivilege
			SeTakeOwnershipPrivilege
			SeDebugPrivilege
			SeSystemEnvironmentPrivilege
			SeLoadDriverPrivilege
			SeImpersonatePrivilege
			SeDelegateSessionUserImpersonatePrivilege
			SeEnableDelegationPrivilege","",""
"16/8/2026, 7:10:25.527957 pm","DC01.darkzero.htb","DC01$","4624","Security","Logon","","","","","172.16.20.1"
"16/8/2026, 7:10:25.654515 pm","DC01.darkzero.htb","DC01$","4672","Security","Privileged Logon","","","SeSecurityPrivilege
			SeBackupPrivilege
			SeRestorePrivilege
			SeTakeOwnershipPrivilege
			SeDebugPrivilege
			SeSystemEnvironmentPrivilege
			SeLoadDriverPrivilege
			SeImpersonatePrivilege
			SeDelegateSessionUserImpersonatePrivilege
			SeEnableDelegationPrivilege","",""
"16/8/2026, 7:10:25.654732 pm","DC01.darkzero.htb","DC01$","4624","Security","Logon","","","","","172.16.20.1"
"16/8/2026, 7:10:27.493149 pm","DC01.darkzero.htb","ella","4768","Security","Kerberos TGT","","","","0x12","::1"
"16/8/2026, 7:10:27.494932 pm","DC01.darkzero.htb","ella@DARKZERO.HTB","4769","Security","Kerberos Service Ticket","","","","0x12","::1"
"16/8/2026, 7:10:27.502413 pm","DC01.darkzero.htb","ella","4624","Security","Logon","","","","","-"
"16/8/2026, 7:10:27.512925 pm","DC01.darkzero.htb","darkzero\ella","1","Sysmon","Process Creation","","","""powershell.exe"" -NoProfile -NoLogo -NonInteractive -ExecutionPolicy Bypass -File ""C:\Users\ella\access_gitea.ps1""","",""
"16/8/2026, 7:10:27.682905 pm","DC01.darkzero.htb","darkzero\ella","11","Sysmon","File Created","C:\Users\ella.darkzero\AppData\Local\Temp\__PSScriptPolicyTest_vcvezibp.maz.ps1","","","",""
"16/8/2026, 7:10:27.68375 pm","DC01.darkzero.htb","darkzero\ella","11","Sysmon","File Created","C:\Users\ella.darkzero\AppData\Local\Temp\__PSScriptPolicyTest_3gze5vvn.ht2.psm1","","","",""
"16/8/2026, 7:10:30.8401 pm","DC01.darkzero.htb","darkzero\ella","11","Sysmon","File Created","C:\Users\ella.darkzero\AppData\Local\Microsoft\Windows\PowerShell\StartupProfileData-NonInteractive","","","",""
"16/8/2026, 7:10:38.186419 pm","DC01.darkzero.htb","DC01$","4672","Security","Privileged Logon","","","SeSecurityPrivilege
			SeBackupPrivilege
			SeRestorePrivilege
			SeTakeOwnershipPrivilege
			SeDebugPrivilege
			SeSystemEnvironmentPrivilege
			SeLoadDriverPrivilege
			SeImpersonatePrivilege
			SeDelegateSessionUserImpersonatePrivilege
			SeEnableDelegationPrivilege","",""
"16/8/2026, 7:10:38.186633 pm","DC01.darkzero.htb","DC01$","4624","Security","Logon","","","","","172.16.20.1"
"16/8/2026, 7:10:38.195736 pm","DC01.darkzero.htb","DC01$","4672","Security","Privileged Logon","","","SeSecurityPrivilege
			SeBackupPrivilege
			SeRestorePrivilege
			SeTakeOwnershipPrivilege
			SeDebugPrivilege
			SeSystemEnvironmentPrivilege
			SeLoadDriverPrivilege
			SeImpersonatePrivilege
			SeDelegateSessionUserImpersonatePrivilege
			SeEnableDelegationPrivilege","",""
"16/8/2026, 7:10:38.195929 pm","DC01.darkzero.htb","DC01$","4624","Security","Logon","","","","","::1"
"16/8/2026, 7:10:38.204981 pm","DC01.darkzero.htb","DC01$","4672","Security","Privileged Logon","","","SeSecurityPrivilege
			SeBackupPrivilege
			SeRestorePrivilege
			SeTakeOwnershipPrivilege
			SeDebugPrivilege
			SeSystemEnvironmentPrivilege
			SeLoadDriverPrivilege
			SeImpersonatePrivilege
			SeDelegateSessionUserImpersonatePrivilege
			SeEnableDelegationPrivilege","",""
"16/8/2026, 7:10:38.205137 pm","DC01.darkzero.htb","DC01$","4624","Security","Logon","","","","","::1"
"16/8/2026, 7:10:38.211712 pm","DC01.darkzero.htb","DC01$","4672","Security","Privileged Logon","","","SeSecurityPrivilege
			SeBackupPrivilege
			SeRestorePrivilege
			SeTakeOwnershipPrivilege
			SeDebugPrivilege
			SeSystemEnvironmentPrivilege
			SeLoadDriverPrivilege
			SeImpersonatePrivilege
			SeDelegateSessionUserImpersonatePrivilege
			SeEnableDelegationPrivilege","",""
"16/8/2026, 7:10:38.21188 pm","DC01.darkzero.htb","DC01$","4624","Security","Logon","","","","","10.129.28.204"
"16/8/2026, 7:10:38.231022 pm","DC01.darkzero.htb","DC01$","4672","Security","Privileged Logon","","","SeSecurityPrivilege
			SeBackupPrivilege
			SeRestorePrivilege
			SeTakeOwnershipPrivilege
			SeDebugPrivilege
			SeSystemEnvironmentPrivilege
			SeLoadDriverPrivilege
			SeImpersonatePrivilege
			SeDelegateSessionUserImpersonatePrivilege
			SeEnableDelegationPrivilege","",""
"16/8/2026, 7:10:38.231185 pm","DC01.darkzero.htb","DC01$","4624","Security","Logon","","","","","::1"
"16/8/2026, 7:11:16.124 pm","DC01.darkzero.htb","DC01$","4672","Security","Privileged Logon","","","SeSecurityPrivilege
			SeBackupPrivilege
			SeRestorePrivilege
			SeTakeOwnershipPrivilege
			SeDebugPrivilege
			SeSystemEnvironmentPrivilege
			SeLoadDriverPrivilege
			SeImpersonatePrivilege
			SeDelegateSessionUserImpersonatePrivilege
			SeEnableDelegationPrivilege","",""
"16/8/2026, 7:11:16.124163 pm","DC01.darkzero.htb","DC01$","4624","Security","Logon","","","","","127.0.0.1"
"16/8/2026, 7:11:27.505967 pm","DC01.darkzero.htb","ella","4768","Security","Kerberos TGT","","","","0x12","::1"
"16/8/2026, 7:11:27.507513 pm","DC01.darkzero.htb","ella@DARKZERO.HTB","4769","Security","Kerberos Service Ticket","","","","0x12","::1"
"16/8/2026, 7:11:27.515296 pm","DC01.darkzero.htb","ella","4624","Security","Logon","","","","","-"
"16/8/2026, 7:11:27.525298 pm","DC01.darkzero.htb","darkzero\ella","1","Sysmon","Process Creation","","","""powershell.exe"" -NoProfile -NoLogo -NonInteractive -ExecutionPolicy Bypass -File ""C:\Users\ella\access_gitea.ps1""","",""
"16/8/2026, 7:11:27.680421 pm","DC01.darkzero.htb","darkzero\ella","11","Sysmon","File Created","C:\Users\ella.darkzero\AppData\Local\Temp\__PSScriptPolicyTest_tsy1b2tw.3ro.ps1","","","",""
"16/8/2026, 7:11:27.681731 pm","DC01.darkzero.htb","darkzero\ella","11","Sysmon","File Created","C:\Users\ella.darkzero\AppData\Local\Temp\__PSScriptPolicyTest_qgjyuidx.4wf.psm1","","","",""
"16/8/2026, 7:11:30.857351 pm","DC01.darkzero.htb","darkzero\ella","11","Sysmon","File Created","C:\Users\ella.darkzero\AppData\Local\Microsoft\Windows\PowerShell\StartupProfileData-NonInteractive","","","",""
"16/8/2026, 7:11:39.683208 pm","DC01.darkzero.htb","NT AUTHORITY\SYSTEM","1","Sysmon","Process Creation","","","""C:\WINDOWS\system32\usoclient.exe"" StartScan","",""
"16/8/2026, 7:11:39.745872 pm","DC01.darkzero.htb","NT AUTHORITY\SYSTEM","1","Sysmon","Process Creation","","","""C:\WINDOWS\uus\packages\preview\AMD64\MoUsoCoreWorker.exe"" useprivatenamespaces","",""
"16/8/2026, 7:11:39.832908 pm","DC01.darkzero.htb","NT AUTHORITY\SYSTEM","11","Sysmon","File Created","C:\ProgramData\USOPrivate\UpdateStore\store.db-journal","","","",""
"16/8/2026, 7:11:39.914474 pm","DC01.darkzero.htb","SYSTEM","4624","Security","Logon","","","","","-"
"16/8/2026, 7:11:39.91449 pm","DC01.darkzero.htb","SYSTEM","4672","Security","Privileged Logon","","","SeAssignPrimaryTokenPrivilege
			SeTcbPrivilege
			SeSecurityPrivilege
			SeTakeOwnershipPrivilege
			SeLoadDriverPrivilege
			SeBackupPrivilege
			SeRestorePrivilege
			SeDebugPrivilege
			SeAuditPrivilege
			SeSystemEnvironmentPrivilege
			SeImpersonatePrivilege
			SeDelegateSessionUserImpersonatePrivilege","",""
"16/8/2026, 7:11:39.919173 pm","DC01.darkzero.htb","NT AUTHORITY\SYSTEM","1","Sysmon","Process Creation","","","C:\WINDOWS\system32\svchost.exe -k wusvcs -p -s WaaSMedicSvc","",""
"16/8/2026, 7:11:39.979151 pm","DC01.darkzero.htb","NT AUTHORITY\SYSTEM","11","Sysmon","File Created","C:\Windows\Logs\waasmedic\waasmedic.20260816_191139_977.etl","","","",""
"16/8/2026, 7:11:40.195895 pm","DC01.darkzero.htb","SYSTEM","4624","Security","Logon","","","","","-"
"16/8/2026, 7:11:40.19591 pm","DC01.darkzero.htb","SYSTEM","4672","Security","Privileged Logon","","","SeAssignPrimaryTokenPrivilege
			SeTcbPrivilege
			SeSecurityPrivilege
			SeTakeOwnershipPrivilege
			SeLoadDriverPrivilege
			SeBackupPrivilege
			SeRestorePrivilege
			SeDebugPrivilege
			SeAuditPrivilege
			SeSystemEnvironmentPrivilege
			SeImpersonatePrivilege
			SeDelegateSessionUserImpersonatePrivilege","",""
"16/8/2026, 7:11:40.316256 pm","DC01.darkzero.htb","SYSTEM","4624","Security","Logon","","","","","-"
"16/8/2026, 7:11:40.316281 pm","DC01.darkzero.htb","SYSTEM","4672","Security","Privileged Logon","","","SeAssignPrimaryTokenPrivilege
			SeTcbPrivilege
			SeSecurityPrivilege
			SeTakeOwnershipPrivilege
			SeLoadDriverPrivilege
			SeBackupPrivilege
			SeRestorePrivilege
			SeDebugPrivilege
			SeAuditPrivilege
			SeSystemEnvironmentPrivilege
			SeImpersonatePrivilege
			SeDelegateSessionUserImpersonatePrivilege","",""
"16/8/2026, 7:11:40.387134 pm","DC01.darkzero.htb","NT AUTHORITY\SYSTEM","11","Sysmon","File Created","C:\ProgramData\regid.1991-06.com.microsoft\regid.1991-06.com.microsoft_Windows-Server-2025-Datacenter.swidtag","","","",""
"16/8/2026, 7:11:41.570152 pm","DC01.darkzero.htb","NT AUTHORITY\SYSTEM","11","Sysmon","File Created","C:\ProgramData\USOPrivate\UpdateStore\store.db-journal","","","",""
"16/8/2026, 7:11:41.676075 pm","DC01.darkzero.htb","NT AUTHORITY\SYSTEM","11","Sysmon","File Created","C:\ProgramData\USOPrivate\UpdateStore\store.db-journal","","","",""
"16/8/2026, 7:11:41.914728 pm","DC01.darkzero.htb","NT AUTHORITY\SYSTEM","11","Sysmon","File Created","C:\ProgramData\USOPrivate\UpdateStore\store.db-journal","","","",""
"16/8/2026, 7:11:41.942152 pm","DC01.darkzero.htb","NT AUTHORITY\SYSTEM","11","Sysmon","File Created","C:\ProgramData\USOPrivate\UpdateStore\store.db-journal","","","",""
"16/8/2026, 7:12:16.120312 pm","DC01.darkzero.htb","DC01$","4672","Security","Privileged Logon","","","SeSecurityPrivilege
			SeBackupPrivilege
			SeRestorePrivilege
			SeTakeOwnershipPrivilege
			SeDebugPrivilege
			SeSystemEnvironmentPrivilege
			SeLoadDriverPrivilege
			SeImpersonatePrivilege
			SeDelegateSessionUserImpersonatePrivilege
			SeEnableDelegationPrivilege","",""
"16/8/2026, 7:12:16.120588 pm","DC01.darkzero.htb","DC01$","4624","Security","Logon","","","","","127.0.0.1"
"16/8/2026, 7:12:27.506758 pm","DC01.darkzero.htb","ella","4768","Security","Kerberos TGT","","","","0x12","::1"
"16/8/2026, 7:12:27.508389 pm","DC01.darkzero.htb","ella@DARKZERO.HTB","4769","Security","Kerberos Service Ticket","","","","0x12","::1"
"16/8/2026, 7:12:27.514537 pm","DC01.darkzero.htb","ella","4624","Security","Logon","","","","","-"
"16/8/2026, 7:12:27.523437 pm","DC01.darkzero.htb","darkzero\ella","1","Sysmon","Process Creation","","","""powershell.exe"" -NoProfile -NoLogo -NonInteractive -ExecutionPolicy Bypass -File ""C:\Users\ella\access_gitea.ps1""","",""
"16/8/2026, 7:12:27.683861 pm","DC01.darkzero.htb","darkzero\ella","11","Sysmon","File Created","C:\Users\ella.darkzero\AppData\Local\Temp\__PSScriptPolicyTest_i3ktzd1c.1cx.ps1","","","",""
"16/8/2026, 7:12:27.684711 pm","DC01.darkzero.htb","darkzero\ella","11","Sysmon","File Created","C:\Users\ella.darkzero\AppData\Local\Temp\__PSScriptPolicyTest_vth3dkbl.2du.psm1","","","",""
"16/8/2026, 7:12:30.846055 pm","DC01.darkzero.htb","darkzero\ella","11","Sysmon","File Created","C:\Users\ella.darkzero\AppData\Local\Microsoft\Windows\PowerShell\StartupProfileData-NonInteractive","","","",""
"16/8/2026, 7:13:16.127979 pm","DC01.darkzero.htb","DC01$","4672","Security","Privileged Logon","","","SeSecurityPrivilege
			SeBackupPrivilege
			SeRestorePrivilege
			SeTakeOwnershipPrivilege
			SeDebugPrivilege
			SeSystemEnvironmentPrivilege
			SeLoadDriverPrivilege
			SeImpersonatePrivilege
			SeDelegateSessionUserImpersonatePrivilege
			SeEnableDelegationPrivilege","",""
"16/8/2026, 7:13:16.128208 pm","DC01.darkzero.htb","DC01$","4624","Security","Logon","","","","","127.0.0.1"
"16/8/2026, 7:13:27.506471 pm","DC01.darkzero.htb","ella","4768","Security","Kerberos TGT","","","","0x12","::1"
"16/8/2026, 7:13:27.508032 pm","DC01.darkzero.htb","ella@DARKZERO.HTB","4769","Security","Kerberos Service Ticket","","","","0x12","::1"
"16/8/2026, 7:13:27.514684 pm","DC01.darkzero.htb","ella","4624","Security","Logon","","","","","-"
"16/8/2026, 7:13:27.52359 pm","DC01.darkzero.htb","darkzero\ella","1","Sysmon","Process Creation","","","""powershell.exe"" -NoProfile -NoLogo -NonInteractive -ExecutionPolicy Bypass -File ""C:\Users\ella\access_gitea.ps1""","",""
"16/8/2026, 7:13:27.677709 pm","DC01.darkzero.htb","darkzero\ella","11","Sysmon","File Created","C:\Users\ella.darkzero\AppData\Local\Temp\__PSScriptPolicyTest_r21egkui.n0m.ps1","","","",""
"16/8/2026, 7:13:27.678385 pm","DC01.darkzero.htb","darkzero\ella","11","Sysmon","File Created","C:\Users\ella.darkzero\AppData\Local\Temp\__PSScriptPolicyTest_smcrpjlw.qfb.psm1","","","",""
"16/8/2026, 7:13:30.7894 pm","DC01.darkzero.htb","darkzero\ella","11","Sysmon","File Created","C:\Users\ella.darkzero\AppData\Local\Microsoft\Windows\PowerShell\StartupProfileData-NonInteractive","","","",""
"16/8/2026, 7:14:16.159388 pm","DC01.darkzero.htb","DC01$","4672","Security","Privileged Logon","","","SeSecurityPrivilege
			SeBackupPrivilege
			SeRestorePrivilege
			SeTakeOwnershipPrivilege
			SeDebugPrivilege
			SeSystemEnvironmentPrivilege
			SeLoadDriverPrivilege
			SeImpersonatePrivilege
			SeDelegateSessionUserImpersonatePrivilege
			SeEnableDelegationPrivilege","",""
"16/8/2026, 7:14:16.159601 pm","DC01.darkzero.htb","DC01$","4624","Security","Logon","","","","","127.0.0.1"
"16/8/2026, 7:14:27.512888 pm","DC01.darkzero.htb","ella","4768","Security","Kerberos TGT","","","","0x12","::1"
"16/8/2026, 7:14:27.514933 pm","DC01.darkzero.htb","ella@DARKZERO.HTB","4769","Security","Kerberos Service Ticket","","","","0x12","::1"
"16/8/2026, 7:14:27.521832 pm","DC01.darkzero.htb","ella","4624","Security","Logon","","","","","-"
"16/8/2026, 7:14:27.531349 pm","DC01.darkzero.htb","darkzero\ella","1","Sysmon","Process Creation","","","""powershell.exe"" -NoProfile -NoLogo -NonInteractive -ExecutionPolicy Bypass -File ""C:\Users\ella\access_gitea.ps1""","",""
"16/8/2026, 7:14:27.68214 pm","DC01.darkzero.htb","darkzero\ella","11","Sysmon","File Created","C:\Users\ella.darkzero\AppData\Local\Temp\__PSScriptPolicyTest_xk2ts4kt.5vy.ps1","","","",""
"16/8/2026, 7:14:27.683042 pm","DC01.darkzero.htb","darkzero\ella","11","Sysmon","File Created","C:\Users\ella.darkzero\AppData\Local\Temp\__PSScriptPolicyTest_v0ggxrck.nn0.psm1","","","",""
"16/8/2026, 7:14:30.837341 pm","DC01.darkzero.htb","darkzero\ella","11","Sysmon","File Created","C:\Users\ella.darkzero\AppData\Local\Microsoft\Windows\PowerShell\StartupProfileData-NonInteractive","","","",""
"16/8/2026, 7:15:16.164929 pm","DC01.darkzero.htb","DC01$","4672","Security","Privileged Logon","","","SeSecurityPrivilege
			SeBackupPrivilege
			SeRestorePrivilege
			SeTakeOwnershipPrivilege
			SeDebugPrivilege
			SeSystemEnvironmentPrivilege
			SeLoadDriverPrivilege
			SeImpersonatePrivilege
			SeDelegateSessionUserImpersonatePrivilege
			SeEnableDelegationPrivilege","",""
"16/8/2026, 7:15:16.165097 pm","DC01.darkzero.htb","DC01$","4624","Security","Logon","","","","","127.0.0.1"
"16/8/2026, 7:15:25.780115 pm","DC01.darkzero.htb","NT AUTHORITY\SYSTEM","11","Sysmon","File Created","C:\System Volume Information\DFSR\Config\Replica_403BC236-9053-43D0-AAD0-74F0FB6A21A3.XML.TMP","","","",""
"16/8/2026, 7:15:25.784013 pm","DC01.darkzero.htb","NT AUTHORITY\SYSTEM","11","Sysmon","File Created","C:\System Volume Information\DFSR\Config\Volume_57941D7E-1E19-4293-AB21-2231712EE33A.XML.TMP","","","",""
"16/8/2026, 7:15:25.894424 pm","DC01.darkzero.htb","DC01$","4672","Security","Privileged Logon","","","SeSecurityPrivilege
			SeBackupPrivilege
			SeRestorePrivilege
			SeTakeOwnershipPrivilege
			SeDebugPrivilege
			SeSystemEnvironmentPrivilege
			SeLoadDriverPrivilege
			SeImpersonatePrivilege
			SeDelegateSessionUserImpersonatePrivilege
			SeEnableDelegationPrivilege","",""
"16/8/2026, 7:15:25.894626 pm","DC01.darkzero.htb","DC01$","4624","Security","Logon","","","","","172.16.20.1"
"16/8/2026, 7:15:26.018868 pm","DC01.darkzero.htb","DC01$","4672","Security","Privileged Logon","","","SeSecurityPrivilege
			SeBackupPrivilege
			SeRestorePrivilege
			SeTakeOwnershipPrivilege
			SeDebugPrivilege
			SeSystemEnvironmentPrivilege
			SeLoadDriverPrivilege
			SeImpersonatePrivilege
			SeDelegateSessionUserImpersonatePrivilege
			SeEnableDelegationPrivilege","",""
"16/8/2026, 7:15:26.019051 pm","DC01.darkzero.htb","DC01$","4624","Security","Logon","","","","","172.16.20.1"
"16/8/2026, 7:15:27.51353 pm","DC01.darkzero.htb","DC01$","4672","Security","Privileged Logon","","","SeSecurityPrivilege
			SeBackupPrivilege
			SeRestorePrivilege
			SeTakeOwnershipPrivilege
			SeDebugPrivilege
			SeSystemEnvironmentPrivilege
			SeLoadDriverPrivilege
			SeImpersonatePrivilege
			SeDelegateSessionUserImpersonatePrivilege
			SeEnableDelegationPrivilege","",""
"16/8/2026, 7:15:27.513739 pm","DC01.darkzero.htb","DC01$","4624","Security","Logon","","","","","::1"
"16/8/2026, 7:15:27.517008 pm","DC01.darkzero.htb","ella","4768","Security","Kerberos TGT","","","","0x12","::1"
"16/8/2026, 7:15:27.5188 pm","DC01.darkzero.htb","ella@DARKZERO.HTB","4769","Security","Kerberos Service Ticket","","","","0x12","::1"
"16/8/2026, 7:15:27.525069 pm","DC01.darkzero.htb","ella","4624","Security","Logon","","","","","-"
"16/8/2026, 7:15:27.534328 pm","DC01.darkzero.htb","darkzero\ella","1","Sysmon","Process Creation","","","""powershell.exe"" -NoProfile -NoLogo -NonInteractive -ExecutionPolicy Bypass -File ""C:\Users\ella\access_gitea.ps1""","",""
"16/8/2026, 7:15:27.68791 pm","DC01.darkzero.htb","darkzero\ella","11","Sysmon","File Created","C:\Users\ella.darkzero\AppData\Local\Temp\__PSScriptPolicyTest_4oerz2yk.yxl.ps1","","","",""
"16/8/2026, 7:15:27.688558 pm","DC01.darkzero.htb","darkzero\ella","11","Sysmon","File Created","C:\Users\ella.darkzero\AppData\Local\Temp\__PSScriptPolicyTest_t15hjwcm.q3t.psm1","","","",""
"16/8/2026, 7:15:30.857356 pm","DC01.darkzero.htb","darkzero\ella","11","Sysmon","File Created","C:\Users\ella.darkzero\AppData\Local\Microsoft\Windows\PowerShell\StartupProfileData-NonInteractive","","","",""
"16/8/2026, 7:15:38.372811 pm","DC01.darkzero.htb","DC01$","4672","Security","Privileged Logon","","","SeSecurityPrivilege
			SeBackupPrivilege
			SeRestorePrivilege
			SeTakeOwnershipPrivilege
			SeDebugPrivilege
			SeSystemEnvironmentPrivilege
			SeLoadDriverPrivilege
			SeImpersonatePrivilege
			SeDelegateSessionUserImpersonatePrivilege
			SeEnableDelegationPrivilege","",""
"16/8/2026, 7:15:38.372995 pm","DC01.darkzero.htb","DC01$","4624","Security","Logon","","","","","172.16.20.1"
"16/8/2026, 7:15:38.38181 pm","DC01.darkzero.htb","DC01$","4672","Security","Privileged Logon","","","SeSecurityPrivilege
			SeBackupPrivilege
			SeRestorePrivilege
			SeTakeOwnershipPrivilege
			SeDebugPrivilege
			SeSystemEnvironmentPrivilege
			SeLoadDriverPrivilege
			SeImpersonatePrivilege
			SeDelegateSessionUserImpersonatePrivilege
			SeEnableDelegationPrivilege","",""
"16/8/2026, 7:15:38.381999 pm","DC01.darkzero.htb","DC01$","4624","Security","Logon","","","","","::1"
"16/8/2026, 7:15:38.39048 pm","DC01.darkzero.htb","DC01$","4672","Security","Privileged Logon","","","SeSecurityPrivilege
			SeBackupPrivilege
			SeRestorePrivilege
			SeTakeOwnershipPrivilege
			SeDebugPrivilege
			SeSystemEnvironmentPrivilege
			SeLoadDriverPrivilege
			SeImpersonatePrivilege
			SeDelegateSessionUserImpersonatePrivilege
			SeEnableDelegationPrivilege","",""
"16/8/2026, 7:15:38.390624 pm","DC01.darkzero.htb","DC01$","4624","Security","Logon","","","","","::1"
"16/8/2026, 7:15:38.397679 pm","DC01.darkzero.htb","DC01$","4672","Security","Privileged Logon","","","SeSecurityPrivilege
			SeBackupPrivilege
			SeRestorePrivilege
			SeTakeOwnershipPrivilege
			SeDebugPrivilege
			SeSystemEnvironmentPrivilege
			SeLoadDriverPrivilege
			SeImpersonatePrivilege
			SeDelegateSessionUserImpersonatePrivilege
			SeEnableDelegationPrivilege","",""
"16/8/2026, 7:15:38.397852 pm","DC01.darkzero.htb","DC01$","4624","Security","Logon","","","","","10.129.28.204"
"16/8/2026, 7:15:38.418176 pm","DC01.darkzero.htb","DC01$","4672","Security","Privileged Logon","","","SeSecurityPrivilege
			SeBackupPrivilege
			SeRestorePrivilege
			SeTakeOwnershipPrivilege
			SeDebugPrivilege
			SeSystemEnvironmentPrivilege
			SeLoadDriverPrivilege
			SeImpersonatePrivilege
			SeDelegateSessionUserImpersonatePrivilege
			SeEnableDelegationPrivilege","",""
"16/8/2026, 7:15:38.418335 pm","DC01.darkzero.htb","DC01$","4624","Security","Logon","","","","","::1"
"16/8/2026, 7:16:16.175666 pm","DC01.darkzero.htb","DC01$","4672","Security","Privileged Logon","","","SeSecurityPrivilege
			SeBackupPrivilege
			SeRestorePrivilege
			SeTakeOwnershipPrivilege
			SeDebugPrivilege
			SeSystemEnvironmentPrivilege
			SeLoadDriverPrivilege
			SeImpersonatePrivilege
			SeDelegateSessionUserImpersonatePrivilege
			SeEnableDelegationPrivilege","",""
"16/8/2026, 7:16:16.175914 pm","DC01.darkzero.htb","DC01$","4624","Security","Logon","","","","","127.0.0.1"
"16/8/2026, 7:16:27.51771 pm","DC01.darkzero.htb","ella","4768","Security","Kerberos TGT","","","","0x12","::1"
"16/8/2026, 7:16:27.519339 pm","DC01.darkzero.htb","ella@DARKZERO.HTB","4769","Security","Kerberos Service Ticket","","","","0x12","::1"
"16/8/2026, 7:16:27.526334 pm","DC01.darkzero.htb","ella","4624","Security","Logon","","","","","-"
"16/8/2026, 7:16:27.537075 pm","DC01.darkzero.htb","darkzero\ella","1","Sysmon","Process Creation","","","""powershell.exe"" -NoProfile -NoLogo -NonInteractive -ExecutionPolicy Bypass -File ""C:\Users\ella\access_gitea.ps1""","",""
"16/8/2026, 7:16:27.680918 pm","DC01.darkzero.htb","darkzero\ella","11","Sysmon","File Created","C:\Users\ella.darkzero\AppData\Local\Temp\__PSScriptPolicyTest_lvgkh020.05d.ps1","","","",""
"16/8/2026, 7:16:27.681844 pm","DC01.darkzero.htb","darkzero\ella","11","Sysmon","File Created","C:\Users\ella.darkzero\AppData\Local\Temp\__PSScriptPolicyTest_rwp0temf.ptr.psm1","","","",""
"16/8/2026, 7:16:30.880924 pm","DC01.darkzero.htb","darkzero\ella","11","Sysmon","File Created","C:\Users\ella.darkzero\AppData\Local\Microsoft\Windows\PowerShell\StartupProfileData-NonInteractive","","","",""
"16/8/2026, 7:17:16.190854 pm","DC01.darkzero.htb","DC01$","4672","Security","Privileged Logon","","","SeSecurityPrivilege
			SeBackupPrivilege
			SeRestorePrivilege
			SeTakeOwnershipPrivilege
			SeDebugPrivilege
			SeSystemEnvironmentPrivilege
			SeLoadDriverPrivilege
			SeImpersonatePrivilege
			SeDelegateSessionUserImpersonatePrivilege
			SeEnableDelegationPrivilege","",""
"16/8/2026, 7:17:16.191312 pm","DC01.darkzero.htb","DC01$","4624","Security","Logon","","","","","127.0.0.1"
"16/8/2026, 7:17:27.520211 pm","DC01.darkzero.htb","ella","4768","Security","Kerberos TGT","","","","0x12","::1"
"16/8/2026, 7:17:27.522572 pm","DC01.darkzero.htb","ella@DARKZERO.HTB","4769","Security","Kerberos Service Ticket","","","","0x12","::1"
"16/8/2026, 7:17:27.529638 pm","DC01.darkzero.htb","ella","4624","Security","Logon","","","","","-"
"16/8/2026, 7:17:27.541792 pm","DC01.darkzero.htb","darkzero\ella","1","Sysmon","Process Creation","","","""powershell.exe"" -NoProfile -NoLogo -NonInteractive -ExecutionPolicy Bypass -File ""C:\Users\ella\access_gitea.ps1""","",""
"16/8/2026, 7:17:27.711014 pm","DC01.darkzero.htb","darkzero\ella","11","Sysmon","File Created","C:\Users\ella.darkzero\AppData\Local\Temp\__PSScriptPolicyTest_3ukugskq.ezb.ps1","","","",""
"16/8/2026, 7:17:27.712119 pm","DC01.darkzero.htb","darkzero\ella","11","Sysmon","File Created","C:\Users\ella.darkzero\AppData\Local\Temp\__PSScriptPolicyTest_2obvebii.xqv.psm1","","","",""
"16/8/2026, 7:17:30.865699 pm","DC01.darkzero.htb","darkzero\ella","11","Sysmon","File Created","C:\Users\ella.darkzero\AppData\Local\Microsoft\Windows\PowerShell\StartupProfileData-NonInteractive","","","",""
"16/8/2026, 7:18:16.203599 pm","DC01.darkzero.htb","DC01$","4672","Security","Privileged Logon","","","SeSecurityPrivilege
			SeBackupPrivilege
			SeRestorePrivilege
			SeTakeOwnershipPrivilege
			SeDebugPrivilege
			SeSystemEnvironmentPrivilege
			SeLoadDriverPrivilege
			SeImpersonatePrivilege
			SeDelegateSessionUserImpersonatePrivilege
			SeEnableDelegationPrivilege","",""
"16/8/2026, 7:18:16.20378 pm","DC01.darkzero.htb","DC01$","4624","Security","Logon","","","","","127.0.0.1"
"16/8/2026, 7:18:27.520761 pm","DC01.darkzero.htb","ella","4768","Security","Kerberos TGT","","","","0x12","::1"
"16/8/2026, 7:18:27.522969 pm","DC01.darkzero.htb","ella@DARKZERO.HTB","4769","Security","Kerberos Service Ticket","","","","0x12","::1"
"16/8/2026, 7:18:27.531919 pm","DC01.darkzero.htb","ella","4624","Security","Logon","","","","","-"
"16/8/2026, 7:18:27.543783 pm","DC01.darkzero.htb","darkzero\ella","1","Sysmon","Process Creation","","","""powershell.exe"" -NoProfile -NoLogo -NonInteractive -ExecutionPolicy Bypass -File ""C:\Users\ella\access_gitea.ps1""","",""
"16/8/2026, 7:18:27.693845 pm","DC01.darkzero.htb","darkzero\ella","11","Sysmon","File Created","C:\Users\ella.darkzero\AppData\Local\Temp\__PSScriptPolicyTest_cdfbi0lc.t4c.ps1","","","",""
"16/8/2026, 7:18:27.6952 pm","DC01.darkzero.htb","darkzero\ella","11","Sysmon","File Created","C:\Users\ella.darkzero\AppData\Local\Temp\__PSScriptPolicyTest_14aukfm5.ggt.psm1","","","",""
"16/8/2026, 7:18:30.817125 pm","DC01.darkzero.htb","darkzero\ella","11","Sysmon","File Created","C:\Users\ella.darkzero\AppData\Local\Microsoft\Windows\PowerShell\StartupProfileData-NonInteractive","","","",""
"16/8/2026, 7:19:16.210187 pm","DC01.darkzero.htb","DC01$","4672","Security","Privileged Logon","","","SeSecurityPrivilege
			SeBackupPrivilege
			SeRestorePrivilege
			SeTakeOwnershipPrivilege
			SeDebugPrivilege
			SeSystemEnvironmentPrivilege
			SeLoadDriverPrivilege
			SeImpersonatePrivilege
			SeDelegateSessionUserImpersonatePrivilege
			SeEnableDelegationPrivilege","",""
"16/8/2026, 7:19:16.210369 pm","DC01.darkzero.htb","DC01$","4624","Security","Logon","","","","","127.0.0.1"
"16/8/2026, 7:19:27.529984 pm","DC01.darkzero.htb","ella","4768","Security","Kerberos TGT","","","","0x12","::1"
"16/8/2026, 7:19:27.531862 pm","DC01.darkzero.htb","ella@DARKZERO.HTB","4769","Security","Kerberos Service Ticket","","","","0x12","::1"
"16/8/2026, 7:19:27.538433 pm","DC01.darkzero.htb","ella","4624","Security","Logon","","","","","-"
"16/8/2026, 7:19:27.549675 pm","DC01.darkzero.htb","darkzero\ella","1","Sysmon","Process Creation","","","""powershell.exe"" -NoProfile -NoLogo -NonInteractive -ExecutionPolicy Bypass -File ""C:\Users\ella\access_gitea.ps1""","",""
"16/8/2026, 7:19:27.699662 pm","DC01.darkzero.htb","darkzero\ella","11","Sysmon","File Created","C:\Users\ella.darkzero\AppData\Local\Temp\__PSScriptPolicyTest_a2i50a44.dhc.ps1","","","",""
"16/8/2026, 7:19:27.702077 pm","DC01.darkzero.htb","darkzero\ella","11","Sysmon","File Created","C:\Users\ella.darkzero\AppData\Local\Temp\__PSScriptPolicyTest_oaxle4uz.jks.psm1","","","",""
"16/8/2026, 7:19:30.826251 pm","DC01.darkzero.htb","darkzero\ella","11","Sysmon","File Created","C:\Users\ella.darkzero\AppData\Local\Microsoft\Windows\PowerShell\StartupProfileData-NonInteractive","","","",""
"16/8/2026, 7:20:16.213201 pm","DC01.darkzero.htb","DC01$","4672","Security","Privileged Logon","","","SeSecurityPrivilege
			SeBackupPrivilege
			SeRestorePrivilege
			SeTakeOwnershipPrivilege
			SeDebugPrivilege
			SeSystemEnvironmentPrivilege
			SeLoadDriverPrivilege
			SeImpersonatePrivilege
			SeDelegateSessionUserImpersonatePrivilege
			SeEnableDelegationPrivilege","",""
"16/8/2026, 7:20:16.213373 pm","DC01.darkzero.htb","DC01$","4624","Security","Logon","","","","","127.0.0.1"
"16/8/2026, 7:20:26.00273 pm","DC01.darkzero.htb","NT AUTHORITY\SYSTEM","11","Sysmon","File Created","C:\System Volume Information\DFSR\Config\Replica_403BC236-9053-43D0-AAD0-74F0FB6A21A3.XML.TMP","","","",""
"16/8/2026, 7:20:26.007506 pm","DC01.darkzero.htb","NT AUTHORITY\SYSTEM","11","Sysmon","File Created","C:\System Volume Information\DFSR\Config\Volume_57941D7E-1E19-4293-AB21-2231712EE33A.XML.TMP","","","",""
"16/8/2026, 7:20:26.121753 pm","DC01.darkzero.htb","DC01$","4672","Security","Privileged Logon","","","SeSecurityPrivilege
			SeBackupPrivilege
			SeRestorePrivilege
			SeTakeOwnershipPrivilege
			SeDebugPrivilege
			SeSystemEnvironmentPrivilege
			SeLoadDriverPrivilege
			SeImpersonatePrivilege
			SeDelegateSessionUserImpersonatePrivilege
			SeEnableDelegationPrivilege","",""
"16/8/2026, 7:20:26.121952 pm","DC01.darkzero.htb","DC01$","4624","Security","Logon","","","","","172.16.20.1"
"16/8/2026, 7:20:26.252884 pm","DC01.darkzero.htb","DC01$","4672","Security","Privileged Logon","","","SeSecurityPrivilege
			SeBackupPrivilege
			SeRestorePrivilege
			SeTakeOwnershipPrivilege
			SeDebugPrivilege
			SeSystemEnvironmentPrivilege
			SeLoadDriverPrivilege
			SeImpersonatePrivilege
			SeDelegateSessionUserImpersonatePrivilege
			SeEnableDelegationPrivilege","",""
"16/8/2026, 7:20:26.253045 pm","DC01.darkzero.htb","DC01$","4624","Security","Logon","","","","","172.16.20.1"
"16/8/2026, 7:20:27.528962 pm","DC01.darkzero.htb","ella","4768","Security","Kerberos TGT","","","","0x12","::1"
"16/8/2026, 7:20:27.530469 pm","DC01.darkzero.htb","ella@DARKZERO.HTB","4769","Security","Kerberos Service Ticket","","","","0x12","::1"
"16/8/2026, 7:20:27.536657 pm","DC01.darkzero.htb","ella","4624","Security","Logon","","","","","-"
"16/8/2026, 7:20:27.544867 pm","DC01.darkzero.htb","darkzero\ella","1","Sysmon","Process Creation","","","""powershell.exe"" -NoProfile -NoLogo -NonInteractive -ExecutionPolicy Bypass -File ""C:\Users\ella\access_gitea.ps1""","",""
"16/8/2026, 7:20:27.692695 pm","DC01.darkzero.htb","darkzero\ella","11","Sysmon","File Created","C:\Users\ella.darkzero\AppData\Local\Temp\__PSScriptPolicyTest_hdolsgha.k0y.ps1","","","",""
"16/8/2026, 7:20:27.693467 pm","DC01.darkzero.htb","darkzero\ella","11","Sysmon","File Created","C:\Users\ella.darkzero\AppData\Local\Temp\__PSScriptPolicyTest_slhhr3xb.iti.psm1","","","",""
"16/8/2026, 7:20:30.818769 pm","DC01.darkzero.htb","darkzero\ella","11","Sysmon","File Created","C:\Users\ella.darkzero\AppData\Local\Microsoft\Windows\PowerShell\StartupProfileData-NonInteractive","","","",""
"16/8/2026, 7:20:38.561205 pm","DC01.darkzero.htb","DC01$","4672","Security","Privileged Logon","","","SeSecurityPrivilege
			SeBackupPrivilege
			SeRestorePrivilege
			SeTakeOwnershipPrivilege
			SeDebugPrivilege
			SeSystemEnvironmentPrivilege
			SeLoadDriverPrivilege
			SeImpersonatePrivilege
			SeDelegateSessionUserImpersonatePrivilege
			SeEnableDelegationPrivilege","",""
"16/8/2026, 7:20:38.561384 pm","DC01.darkzero.htb","DC01$","4624","Security","Logon","","","","","172.16.20.1"
"16/8/2026, 7:20:38.571022 pm","DC01.darkzero.htb","DC01$","4672","Security","Privileged Logon","","","SeSecurityPrivilege
			SeBackupPrivilege
			SeRestorePrivilege
			SeTakeOwnershipPrivilege
			SeDebugPrivilege
			SeSystemEnvironmentPrivilege
			SeLoadDriverPrivilege
			SeImpersonatePrivilege
			SeDelegateSessionUserImpersonatePrivilege
			SeEnableDelegationPrivilege","",""
"16/8/2026, 7:20:38.571256 pm","DC01.darkzero.htb","DC01$","4624","Security","Logon","","","","","::1"
"16/8/2026, 7:20:38.582829 pm","DC01.darkzero.htb","DC01$","4672","Security","Privileged Logon","","","SeSecurityPrivilege
			SeBackupPrivilege
			SeRestorePrivilege
			SeTakeOwnershipPrivilege
			SeDebugPrivilege
			SeSystemEnvironmentPrivilege
			SeLoadDriverPrivilege
			SeImpersonatePrivilege
			SeDelegateSessionUserImpersonatePrivilege
			SeEnableDelegationPrivilege","",""
"16/8/2026, 7:20:38.583039 pm","DC01.darkzero.htb","DC01$","4624","Security","Logon","","","","","::1"
"16/8/2026, 7:20:38.591181 pm","DC01.darkzero.htb","DC01$","4672","Security","Privileged Logon","","","SeSecurityPrivilege
			SeBackupPrivilege
			SeRestorePrivilege
			SeTakeOwnershipPrivilege
			SeDebugPrivilege
			SeSystemEnvironmentPrivilege
			SeLoadDriverPrivilege
			SeImpersonatePrivilege
			SeDelegateSessionUserImpersonatePrivilege
			SeEnableDelegationPrivilege","",""
"16/8/2026, 7:20:38.591381 pm","DC01.darkzero.htb","DC01$","4624","Security","Logon","","","","","10.129.28.204"
"16/8/2026, 7:20:38.614127 pm","DC01.darkzero.htb","DC01$","4672","Security","Privileged Logon","","","SeSecurityPrivilege
			SeBackupPrivilege
			SeRestorePrivilege
			SeTakeOwnershipPrivilege
			SeDebugPrivilege
			SeSystemEnvironmentPrivilege
			SeLoadDriverPrivilege
			SeImpersonatePrivilege
			SeDelegateSessionUserImpersonatePrivilege
			SeEnableDelegationPrivilege","",""
"16/8/2026, 7:20:38.614284 pm","DC01.darkzero.htb","DC01$","4624","Security","Logon","","","","","::1"
"16/8/2026, 7:21:16.219409 pm","DC01.darkzero.htb","DC01$","4672","Security","Privileged Logon","","","SeSecurityPrivilege
			SeBackupPrivilege
			SeRestorePrivilege
			SeTakeOwnershipPrivilege
			SeDebugPrivilege
			SeSystemEnvironmentPrivilege
			SeLoadDriverPrivilege
			SeImpersonatePrivilege
			SeDelegateSessionUserImpersonatePrivilege
			SeEnableDelegationPrivilege","",""
"16/8/2026, 7:21:16.219648 pm","DC01.darkzero.htb","DC01$","4624","Security","Logon","","","","","127.0.0.1"
"16/8/2026, 7:21:27.535389 pm","DC01.darkzero.htb","ella","4768","Security","Kerberos TGT","","","","0x12","::1"
"16/8/2026, 7:21:27.537747 pm","DC01.darkzero.htb","ella@DARKZERO.HTB","4769","Security","Kerberos Service Ticket","","","","0x12","::1"
"16/8/2026, 7:21:27.546233 pm","DC01.darkzero.htb","ella","4624","Security","Logon","","","","","-"
"16/8/2026, 7:21:27.558145 pm","DC01.darkzero.htb","darkzero\ella","1","Sysmon","Process Creation","","","""powershell.exe"" -NoProfile -NoLogo -NonInteractive -ExecutionPolicy Bypass -File ""C:\Users\ella\access_gitea.ps1""","",""
"16/8/2026, 7:21:27.719532 pm","DC01.darkzero.htb","darkzero\ella","11","Sysmon","File Created","C:\Users\ella.darkzero\AppData\Local\Temp\__PSScriptPolicyTest_lnuwmlhs.iof.ps1","","","",""
"16/8/2026, 7:21:27.72047 pm","DC01.darkzero.htb","darkzero\ella","11","Sysmon","File Created","C:\Users\ella.darkzero\AppData\Local\Temp\__PSScriptPolicyTest_wlgiyawt.xrn.psm1","","","",""
"16/8/2026, 7:21:30.946019 pm","DC01.darkzero.htb","darkzero\ella","11","Sysmon","File Created","C:\Users\ella.darkzero\AppData\Local\Microsoft\Windows\PowerShell\StartupProfileData-NonInteractive","","","",""
"16/8/2026, 7:22:16.224005 pm","DC01.darkzero.htb","DC01$","4672","Security","Privileged Logon","","","SeSecurityPrivilege
			SeBackupPrivilege
			SeRestorePrivilege
			SeTakeOwnershipPrivilege
			SeDebugPrivilege
			SeSystemEnvironmentPrivilege
			SeLoadDriverPrivilege
			SeImpersonatePrivilege
			SeDelegateSessionUserImpersonatePrivilege
			SeEnableDelegationPrivilege","",""
"16/8/2026, 7:22:16.224247 pm","DC01.darkzero.htb","DC01$","4624","Security","Logon","","","","","127.0.0.1"
"16/8/2026, 7:22:27.54269 pm","DC01.darkzero.htb","ella","4768","Security","Kerberos TGT","","","","0x12","::1"
"16/8/2026, 7:22:27.544456 pm","DC01.darkzero.htb","ella@DARKZERO.HTB","4769","Security","Kerberos Service Ticket","","","","0x12","::1"
"16/8/2026, 7:22:27.550849 pm","DC01.darkzero.htb","ella","4624","Security","Logon","","","","","-"
"16/8/2026, 7:22:27.559989 pm","DC01.darkzero.htb","darkzero\ella","1","Sysmon","Process Creation","","","""powershell.exe"" -NoProfile -NoLogo -NonInteractive -ExecutionPolicy Bypass -File ""C:\Users\ella\access_gitea.ps1""","",""
"16/8/2026, 7:22:27.712391 pm","DC01.darkzero.htb","darkzero\ella","11","Sysmon","File Created","C:\Users\ella.darkzero\AppData\Local\Temp\__PSScriptPolicyTest_vmt4knf0.lcb.ps1","","","",""
"16/8/2026, 7:22:27.712677 pm","DC01.darkzero.htb","darkzero\ella","11","Sysmon","File Created","C:\Users\ella.darkzero\AppData\Local\Temp\__PSScriptPolicyTest_lnvpccdx.uck.psm1","","","",""
"16/8/2026, 7:22:30.816607 pm","DC01.darkzero.htb","darkzero\ella","11","Sysmon","File Created","C:\Users\ella.darkzero\AppData\Local\Microsoft\Windows\PowerShell\StartupProfileData-NonInteractive","","","",""
"16/8/2026, 7:23:16.227663 pm","DC01.darkzero.htb","DC01$","4672","Security","Privileged Logon","","","SeSecurityPrivilege
			SeBackupPrivilege
			SeRestorePrivilege
			SeTakeOwnershipPrivilege
			SeDebugPrivilege
			SeSystemEnvironmentPrivilege
			SeLoadDriverPrivilege
			SeImpersonatePrivilege
			SeDelegateSessionUserImpersonatePrivilege
			SeEnableDelegationPrivilege","",""
"16/8/2026, 7:23:16.227898 pm","DC01.darkzero.htb","DC01$","4624","Security","Logon","","","","","127.0.0.1"
"16/8/2026, 7:23:27.543284 pm","DC01.darkzero.htb","ella","4768","Security","Kerberos TGT","","","","0x12","::1"
"16/8/2026, 7:23:27.544937 pm","DC01.darkzero.htb","ella@DARKZERO.HTB","4769","Security","Kerberos Service Ticket","","","","0x12","::1"
"16/8/2026, 7:23:27.551599 pm","DC01.darkzero.htb","ella","4624","Security","Logon","","","","","-"
"16/8/2026, 7:23:27.560722 pm","DC01.darkzero.htb","darkzero\ella","1","Sysmon","Process Creation","","","""powershell.exe"" -NoProfile -NoLogo -NonInteractive -ExecutionPolicy Bypass -File ""C:\Users\ella\access_gitea.ps1""","",""
"16/8/2026, 7:23:27.70505 pm","DC01.darkzero.htb","darkzero\ella","11","Sysmon","File Created","C:\Users\ella.darkzero\AppData\Local\Temp\__PSScriptPolicyTest_ry41gep0.jro.ps1","","","",""
"16/8/2026, 7:23:27.706051 pm","DC01.darkzero.htb","darkzero\ella","11","Sysmon","File Created","C:\Users\ella.darkzero\AppData\Local\Temp\__PSScriptPolicyTest_keqayhzw.4rz.psm1","","","",""
"16/8/2026, 7:23:30.82197 pm","DC01.darkzero.htb","darkzero\ella","11","Sysmon","File Created","C:\Users\ella.darkzero\AppData\Local\Microsoft\Windows\PowerShell\StartupProfileData-NonInteractive","","","",""
"16/8/2026, 7:24:16.230784 pm","DC01.darkzero.htb","DC01$","4672","Security","Privileged Logon","","","SeSecurityPrivilege
			SeBackupPrivilege
			SeRestorePrivilege
			SeTakeOwnershipPrivilege
			SeDebugPrivilege
			SeSystemEnvironmentPrivilege
			SeLoadDriverPrivilege
			SeImpersonatePrivilege
			SeDelegateSessionUserImpersonatePrivilege
			SeEnableDelegationPrivilege","",""
"16/8/2026, 7:24:16.230994 pm","DC01.darkzero.htb","DC01$","4624","Security","Logon","","","","","127.0.0.1"
"16/8/2026, 7:24:27.552668 pm","DC01.darkzero.htb","ella","4768","Security","Kerberos TGT","","","","0x12","::1"
"16/8/2026, 7:24:27.554587 pm","DC01.darkzero.htb","ella@DARKZERO.HTB","4769","Security","Kerberos Service Ticket","","","","0x12","::1"
"16/8/2026, 7:24:27.560946 pm","DC01.darkzero.htb","ella","4624","Security","Logon","","","","","-"
"16/8/2026, 7:24:27.570124 pm","DC01.darkzero.htb","darkzero\ella","1","Sysmon","Process Creation","","","""powershell.exe"" -NoProfile -NoLogo -NonInteractive -ExecutionPolicy Bypass -File ""C:\Users\ella\access_gitea.ps1""","",""
"16/8/2026, 7:24:27.716364 pm","DC01.darkzero.htb","darkzero\ella","11","Sysmon","File Created","C:\Users\ella.darkzero\AppData\Local\Temp\__PSScriptPolicyTest_03xuvyjq.2dh.ps1","","","",""
"16/8/2026, 7:24:27.716815 pm","DC01.darkzero.htb","darkzero\ella","11","Sysmon","File Created","C:\Users\ella.darkzero\AppData\Local\Temp\__PSScriptPolicyTest_ufymkfjs.3hj.psm1","","","",""
"16/8/2026, 7:24:30.916397 pm","DC01.darkzero.htb","darkzero\ella","11","Sysmon","File Created","C:\Users\ella.darkzero\AppData\Local\Microsoft\Windows\PowerShell\StartupProfileData-NonInteractive","","","",""
"16/8/2026, 7:25:16.244008 pm","DC01.darkzero.htb","DC01$","4672","Security","Privileged Logon","","","SeSecurityPrivilege
			SeBackupPrivilege
			SeRestorePrivilege
			SeTakeOwnershipPrivilege
			SeDebugPrivilege
			SeSystemEnvironmentPrivilege
			SeLoadDriverPrivilege
			SeImpersonatePrivilege
			SeDelegateSessionUserImpersonatePrivilege
			SeEnableDelegationPrivilege","",""
"16/8/2026, 7:25:16.244274 pm","DC01.darkzero.htb","DC01$","4624","Security","Logon","","","","","127.0.0.1"
"16/8/2026, 7:25:26.250559 pm","DC01.darkzero.htb","NT AUTHORITY\SYSTEM","11","Sysmon","File Created","C:\System Volume Information\DFSR\Config\Replica_403BC236-9053-43D0-AAD0-74F0FB6A21A3.XML.TMP","","","",""
"16/8/2026, 7:25:26.256369 pm","DC01.darkzero.htb","NT AUTHORITY\SYSTEM","11","Sysmon","File Created","C:\System Volume Information\DFSR\Config\Volume_57941D7E-1E19-4293-AB21-2231712EE33A.XML.TMP","","","",""
"16/8/2026, 7:25:26.371911 pm","DC01.darkzero.htb","DC01$","4672","Security","Privileged Logon","","","SeSecurityPrivilege
			SeBackupPrivilege
			SeRestorePrivilege
			SeTakeOwnershipPrivilege
			SeDebugPrivilege
			SeSystemEnvironmentPrivilege
			SeLoadDriverPrivilege
			SeImpersonatePrivilege
			SeDelegateSessionUserImpersonatePrivilege
			SeEnableDelegationPrivilege","",""
"16/8/2026, 7:25:26.372153 pm","DC01.darkzero.htb","DC01$","4624","Security","Logon","","","","","172.16.20.1"
"16/8/2026, 7:25:26.503817 pm","DC01.darkzero.htb","DC01$","4672","Security","Privileged Logon","","","SeSecurityPrivilege
			SeBackupPrivilege
			SeRestorePrivilege
			SeTakeOwnershipPrivilege
			SeDebugPrivilege
			SeSystemEnvironmentPrivilege
			SeLoadDriverPrivilege
			SeImpersonatePrivilege
			SeDelegateSessionUserImpersonatePrivilege
			SeEnableDelegationPrivilege","",""
"16/8/2026, 7:25:26.504005 pm","DC01.darkzero.htb","DC01$","4624","Security","Logon","","","","","172.16.20.1"
"16/8/2026, 7:25:27.527566 pm","DC01.darkzero.htb","DC01$","4672","Security","Privileged Logon","","","SeSecurityPrivilege
			SeBackupPrivilege
			SeRestorePrivilege
			SeTakeOwnershipPrivilege
			SeDebugPrivilege
			SeSystemEnvironmentPrivilege
			SeLoadDriverPrivilege
			SeImpersonatePrivilege
			SeDelegateSessionUserImpersonatePrivilege
			SeEnableDelegationPrivilege","",""
"16/8/2026, 7:25:27.527836 pm","DC01.darkzero.htb","DC01$","4624","Security","Logon","","","","","::1"
"16/8/2026, 7:25:27.562899 pm","DC01.darkzero.htb","ella","4768","Security","Kerberos TGT","","","","0x12","::1"
"16/8/2026, 7:25:27.56481 pm","DC01.darkzero.htb","ella@DARKZERO.HTB","4769","Security","Kerberos Service Ticket","","","","0x12","::1"
"16/8/2026, 7:25:27.571018 pm","DC01.darkzero.htb","ella","4624","Security","Logon","","","","","-"
"16/8/2026, 7:25:27.57964 pm","DC01.darkzero.htb","darkzero\ella","1","Sysmon","Process Creation","","","""powershell.exe"" -NoProfile -NoLogo -NonInteractive -ExecutionPolicy Bypass -File ""C:\Users\ella\access_gitea.ps1""","",""
"16/8/2026, 7:25:27.690793 pm","DC01.darkzero.htb","ANONYMOUS LOGON","4624","Security","Logon","","","","","172.16.20.3"
"16/8/2026, 7:25:27.718513 pm","DC01.darkzero.htb","darkzero\ella","11","Sysmon","File Created","C:\Users\ella.darkzero\AppData\Local\Temp\__PSScriptPolicyTest_l3nsegfy.yja.ps1","","","",""
"16/8/2026, 7:25:27.718815 pm","DC01.darkzero.htb","darkzero\ella","11","Sysmon","File Created","C:\Users\ella.darkzero\AppData\Local\Temp\__PSScriptPolicyTest_whuyahmz.xkd.psm1","","","",""
"16/8/2026, 7:25:30.880056 pm","DC01.darkzero.htb","darkzero\ella","11","Sysmon","File Created","C:\Users\ella.darkzero\AppData\Local\Microsoft\Windows\PowerShell\StartupProfileData-NonInteractive","","","",""
"16/8/2026, 7:25:38.755257 pm","DC01.darkzero.htb","DC01$","4672","Security","Privileged Logon","","","SeSecurityPrivilege
			SeBackupPrivilege
			SeRestorePrivilege
			SeTakeOwnershipPrivilege
			SeDebugPrivilege
			SeSystemEnvironmentPrivilege
			SeLoadDriverPrivilege
			SeImpersonatePrivilege
			SeDelegateSessionUserImpersonatePrivilege
			SeEnableDelegationPrivilege","",""
"16/8/2026, 7:25:38.755425 pm","DC01.darkzero.htb","DC01$","4624","Security","Logon","","","","","172.16.20.1"
"16/8/2026, 7:25:38.763531 pm","DC01.darkzero.htb","DC01$","4672","Security","Privileged Logon","","","SeSecurityPrivilege
			SeBackupPrivilege
			SeRestorePrivilege
			SeTakeOwnershipPrivilege
			SeDebugPrivilege
			SeSystemEnvironmentPrivilege
			SeLoadDriverPrivilege
			SeImpersonatePrivilege
			SeDelegateSessionUserImpersonatePrivilege
			SeEnableDelegationPrivilege","",""
"16/8/2026, 7:25:38.763724 pm","DC01.darkzero.htb","DC01$","4624","Security","Logon","","","","","::1"
"16/8/2026, 7:25:38.773568 pm","DC01.darkzero.htb","DC01$","4672","Security","Privileged Logon","","","SeSecurityPrivilege
			SeBackupPrivilege
			SeRestorePrivilege
			SeTakeOwnershipPrivilege
			SeDebugPrivilege
			SeSystemEnvironmentPrivilege
			SeLoadDriverPrivilege
			SeImpersonatePrivilege
			SeDelegateSessionUserImpersonatePrivilege
			SeEnableDelegationPrivilege","",""
"16/8/2026, 7:25:38.773735 pm","DC01.darkzero.htb","DC01$","4624","Security","Logon","","","","","::1"
"16/8/2026, 7:25:38.78027 pm","DC01.darkzero.htb","DC01$","4672","Security","Privileged Logon","","","SeSecurityPrivilege
			SeBackupPrivilege
			SeRestorePrivilege
			SeTakeOwnershipPrivilege
			SeDebugPrivilege
			SeSystemEnvironmentPrivilege
			SeLoadDriverPrivilege
			SeImpersonatePrivilege
			SeDelegateSessionUserImpersonatePrivilege
			SeEnableDelegationPrivilege","",""
"16/8/2026, 7:25:38.780448 pm","DC01.darkzero.htb","DC01$","4624","Security","Logon","","","","","10.129.28.204"
"16/8/2026, 7:25:38.801772 pm","DC01.darkzero.htb","DC01$","4672","Security","Privileged Logon","","","SeSecurityPrivilege
			SeBackupPrivilege
			SeRestorePrivilege
			SeTakeOwnershipPrivilege
			SeDebugPrivilege
			SeSystemEnvironmentPrivilege
			SeLoadDriverPrivilege
			SeImpersonatePrivilege
			SeDelegateSessionUserImpersonatePrivilege
			SeEnableDelegationPrivilege","",""
"16/8/2026, 7:25:38.801958 pm","DC01.darkzero.htb","DC01$","4624","Security","Logon","","","","","::1"
"16/8/2026, 7:26:16.261558 pm","DC01.darkzero.htb","DC01$","4672","Security","Privileged Logon","","","SeSecurityPrivilege
			SeBackupPrivilege
			SeRestorePrivilege
			SeTakeOwnershipPrivilege
			SeDebugPrivilege
			SeSystemEnvironmentPrivilege
			SeLoadDriverPrivilege
			SeImpersonatePrivilege
			SeDelegateSessionUserImpersonatePrivilege
			SeEnableDelegationPrivilege","",""
"16/8/2026, 7:26:16.261811 pm","DC01.darkzero.htb","DC01$","4624","Security","Logon","","","","","127.0.0.1"
"16/8/2026, 7:26:16.518556 pm","DC01.darkzero.htb","ANONYMOUS LOGON","4624","Security","Logon","","","","","172.16.20.3"
"16/8/2026, 7:26:27.563031 pm","DC01.darkzero.htb","ella","4768","Security","Kerberos TGT","","","","0x12","::1"
"16/8/2026, 7:26:27.564643 pm","DC01.darkzero.htb","ella@DARKZERO.HTB","4769","Security","Kerberos Service Ticket","","","","0x12","::1"
"16/8/2026, 7:26:27.571122 pm","DC01.darkzero.htb","ella","4624","Security","Logon","","","","","-"
"16/8/2026, 7:26:27.580994 pm","DC01.darkzero.htb","darkzero\ella","1","Sysmon","Process Creation","","","""powershell.exe"" -NoProfile -NoLogo -NonInteractive -ExecutionPolicy Bypass -File ""C:\Users\ella\access_gitea.ps1""","",""
"16/8/2026, 7:26:27.729876 pm","DC01.darkzero.htb","darkzero\ella","11","Sysmon","File Created","C:\Users\ella.darkzero\AppData\Local\Temp\__PSScriptPolicyTest_ronbabnw.4q2.ps1","","","",""
"16/8/2026, 7:26:27.730647 pm","DC01.darkzero.htb","darkzero\ella","11","Sysmon","File Created","C:\Users\ella.darkzero\AppData\Local\Temp\__PSScriptPolicyTest_ge0rr3wy.1fm.psm1","","","",""
"16/8/2026, 7:26:30.869165 pm","DC01.darkzero.htb","darkzero\ella","11","Sysmon","File Created","C:\Users\ella.darkzero\AppData\Local\Microsoft\Windows\PowerShell\StartupProfileData-NonInteractive","","","",""
"16/8/2026, 7:27:16.289153 pm","DC01.darkzero.htb","DC01$","4672","Security","Privileged Logon","","","SeSecurityPrivilege
			SeBackupPrivilege
			SeRestorePrivilege
			SeTakeOwnershipPrivilege
			SeDebugPrivilege
			SeSystemEnvironmentPrivilege
			SeLoadDriverPrivilege
			SeImpersonatePrivilege
			SeDelegateSessionUserImpersonatePrivilege
			SeEnableDelegationPrivilege","",""
"16/8/2026, 7:27:16.289337 pm","DC01.darkzero.htb","DC01$","4624","Security","Logon","","","","","127.0.0.1"
"16/8/2026, 7:27:27.562261 pm","DC01.darkzero.htb","ella","4768","Security","Kerberos TGT","","","","0x12","::1"
"16/8/2026, 7:27:27.563876 pm","DC01.darkzero.htb","ella@DARKZERO.HTB","4769","Security","Kerberos Service Ticket","","","","0x12","::1"
"16/8/2026, 7:27:27.570253 pm","DC01.darkzero.htb","ella","4624","Security","Logon","","","","","-"
"16/8/2026, 7:27:27.578745 pm","DC01.darkzero.htb","darkzero\ella","1","Sysmon","Process Creation","","","""powershell.exe"" -NoProfile -NoLogo -NonInteractive -ExecutionPolicy Bypass -File ""C:\Users\ella\access_gitea.ps1""","",""
"16/8/2026, 7:27:27.736513 pm","DC01.darkzero.htb","darkzero\ella","11","Sysmon","File Created","C:\Users\ella.darkzero\AppData\Local\Temp\__PSScriptPolicyTest_kersupuw.hsp.ps1","","","",""
"16/8/2026, 7:27:27.737434 pm","DC01.darkzero.htb","darkzero\ella","11","Sysmon","File Created","C:\Users\ella.darkzero\AppData\Local\Temp\__PSScriptPolicyTest_ri5tdyyg.s13.psm1","","","",""
"16/8/2026, 7:27:30.886423 pm","DC01.darkzero.htb","darkzero\ella","11","Sysmon","File Created","C:\Users\ella.darkzero\AppData\Local\Microsoft\Windows\PowerShell\StartupProfileData-NonInteractive","","","",""
"16/8/2026, 7:27:39.76068 pm","DC01.darkzero.htb","ANONYMOUS LOGON","4624","Security","Logon","","","","","172.16.20.3"
"16/8/2026, 7:27:42.933644 pm","DC01.darkzero.htb","ANONYMOUS LOGON","4624","Security","Logon","","","","","172.16.20.3"
"16/8/2026, 7:28:16.284733 pm","DC01.darkzero.htb","DC01$","4672","Security","Privileged Logon","","","SeSecurityPrivilege
			SeBackupPrivilege
			SeRestorePrivilege
			SeTakeOwnershipPrivilege
			SeDebugPrivilege
			SeSystemEnvironmentPrivilege
			SeLoadDriverPrivilege
			SeImpersonatePrivilege
			SeDelegateSessionUserImpersonatePrivilege
			SeEnableDelegationPrivilege","",""
"16/8/2026, 7:28:16.284986 pm","DC01.darkzero.htb","DC01$","4624","Security","Logon","","","","","127.0.0.1"
"16/8/2026, 7:28:27.57374 pm","DC01.darkzero.htb","ella","4768","Security","Kerberos TGT","","","","0x12","::1"
"16/8/2026, 7:28:27.575619 pm","DC01.darkzero.htb","ella@DARKZERO.HTB","4769","Security","Kerberos Service Ticket","","","","0x12","::1"
"16/8/2026, 7:28:27.581915 pm","DC01.darkzero.htb","ella","4624","Security","Logon","","","","","-"
"16/8/2026, 7:28:27.591106 pm","DC01.darkzero.htb","darkzero\ella","1","Sysmon","Process Creation","","","""powershell.exe"" -NoProfile -NoLogo -NonInteractive -ExecutionPolicy Bypass -File ""C:\Users\ella\access_gitea.ps1""","",""
"16/8/2026, 7:28:27.742309 pm","DC01.darkzero.htb","darkzero\ella","11","Sysmon","File Created","C:\Users\ella.darkzero\AppData\Local\Temp\__PSScriptPolicyTest_h5kebeej.bzn.ps1","","","",""
"16/8/2026, 7:28:27.744015 pm","DC01.darkzero.htb","darkzero\ella","11","Sysmon","File Created","C:\Users\ella.darkzero\AppData\Local\Temp\__PSScriptPolicyTest_5u5qgvce.dl1.psm1","","","",""
"16/8/2026, 7:28:30.880393 pm","DC01.darkzero.htb","darkzero\ella","11","Sysmon","File Created","C:\Users\ella.darkzero\AppData\Local\Microsoft\Windows\PowerShell\StartupProfileData-NonInteractive","","","",""
"16/8/2026, 7:29:16.306172 pm","DC01.darkzero.htb","DC01$","4672","Security","Privileged Logon","","","SeSecurityPrivilege
			SeBackupPrivilege
			SeRestorePrivilege
			SeTakeOwnershipPrivilege
			SeDebugPrivilege
			SeSystemEnvironmentPrivilege
			SeLoadDriverPrivilege
			SeImpersonatePrivilege
			SeDelegateSessionUserImpersonatePrivilege
			SeEnableDelegationPrivilege","",""
"16/8/2026, 7:29:16.306399 pm","DC01.darkzero.htb","DC01$","4624","Security","Logon","","","","","127.0.0.1"
"16/8/2026, 7:29:23.862677 pm","DC01.darkzero.htb","celia","4672","Security","Privileged Logon","","","SeBackupPrivilege
			SeRestorePrivilege","",""
"16/8/2026, 7:29:23.862814 pm","DC01.darkzero.htb","celia","4624","Security","Logon","","","","","172.16.20.3"
"16/8/2026, 7:29:24.583929 pm","DC01.darkzero.htb","NT AUTHORITY\LOCAL SERVICE","1","Sysmon","Process Creation","","","C:\WINDOWS\system32\svchost.exe -k localService -p -s RemoteRegistry","",""
"16/8/2026, 7:29:26.312006 pm","DC01.darkzero.htb","NT AUTHORITY\LOCAL SERVICE","11","Sysmon","File Created","C:\Windows\Temp\SAM.save","","","",""
"16/8/2026, 7:29:26.796569 pm","DC01.darkzero.htb","NT AUTHORITY\LOCAL SERVICE","11","Sysmon","File Created","C:\Windows\Temp\SYSTEM.save","","","",""
"16/8/2026, 7:29:27.581649 pm","DC01.darkzero.htb","ella","4768","Security","Kerberos TGT","","","","0x12","::1"
"16/8/2026, 7:29:27.583419 pm","DC01.darkzero.htb","ella@DARKZERO.HTB","4769","Security","Kerberos Service Ticket","","","","0x12","::1"
"16/8/2026, 7:29:27.590178 pm","DC01.darkzero.htb","ella","4624","Security","Logon","","","","","-"
"16/8/2026, 7:29:27.599255 pm","DC01.darkzero.htb","darkzero\ella","1","Sysmon","Process Creation","","","""powershell.exe"" -NoProfile -NoLogo -NonInteractive -ExecutionPolicy Bypass -File ""C:\Users\ella\access_gitea.ps1""","",""
"16/8/2026, 7:29:27.609966 pm","DC01.darkzero.htb","NT AUTHORITY\LOCAL SERVICE","11","Sysmon","File Created","C:\Windows\Temp\SECURITY.save","","","",""
"16/8/2026, 7:29:27.922297 pm","DC01.darkzero.htb","darkzero\ella","11","Sysmon","File Created","C:\Users\ella.darkzero\AppData\Local\Temp\__PSScriptPolicyTest_4brbxazz.gje.ps1","","","",""
"16/8/2026, 7:29:27.923683 pm","DC01.darkzero.htb","darkzero\ella","11","Sysmon","File Created","C:\Users\ella.darkzero\AppData\Local\Temp\__PSScriptPolicyTest_3iw5h4ca.2gl.psm1","","","",""
"16/8/2026, 7:29:31.179516 pm","DC01.darkzero.htb","darkzero\ella","11","Sysmon","File Created","C:\Users\ella.darkzero\AppData\Local\Microsoft\Windows\PowerShell\StartupProfileData-NonInteractive","","","",""
"16/8/2026, 7:29:37.327824 pm","DC01.darkzero.htb","NT AUTHORITY\SYSTEM","11","Sysmon","File Created","C:\ProgramData\Microsoft\Diagnosis\AggregatorStorage\Triggers\5353462548742598576_trigger.dat","","","",""
"16/8/2026, 7:29:37.328701 pm","DC01.darkzero.htb","NT AUTHORITY\SYSTEM","11","Sysmon","File Created","C:\ProgramData\Microsoft\Diagnosis\AggregatorStorage\Triggers\5353462548742598576_data.dat","","","",""
"16/8/2026, 7:30:16.310827 pm","DC01.darkzero.htb","DC01$","4672","Security","Privileged Logon","","","SeSecurityPrivilege
			SeBackupPrivilege
			SeRestorePrivilege
			SeTakeOwnershipPrivilege
			SeDebugPrivilege
			SeSystemEnvironmentPrivilege
			SeLoadDriverPrivilege
			SeImpersonatePrivilege
			SeDelegateSessionUserImpersonatePrivilege
			SeEnableDelegationPrivilege","",""
"16/8/2026, 7:30:16.311019 pm","DC01.darkzero.htb","DC01$","4624","Security","Logon","","","","","127.0.0.1"
"16/8/2026, 7:30:21.016188 pm","DC01.darkzero.htb","NT AUTHORITY\SYSTEM","11","Sysmon","File Created","C:\ProgramData\Microsoft\Diagnosis\AggregatorStorage\Triggers\17647717143869751280_trigger.dat","","","",""
"16/8/2026, 7:30:21.017153 pm","DC01.darkzero.htb","NT AUTHORITY\SYSTEM","11","Sysmon","File Created","C:\ProgramData\Microsoft\Diagnosis\AggregatorStorage\Triggers\17647717143869751280_data.dat","","","",""
"16/8/2026, 7:30:26.635222 pm","DC01.darkzero.htb","NT AUTHORITY\SYSTEM","11","Sysmon","File Created","C:\System Volume Information\DFSR\Config\Replica_403BC236-9053-43D0-AAD0-74F0FB6A21A3.XML.TMP","","","",""
"16/8/2026, 7:30:26.641122 pm","DC01.darkzero.htb","NT AUTHORITY\SYSTEM","11","Sysmon","File Created","C:\System Volume Information\DFSR\Config\Volume_57941D7E-1E19-4293-AB21-2231712EE33A.XML.TMP","","","",""
"16/8/2026, 7:30:26.755273 pm","DC01.darkzero.htb","DC01$","4672","Security","Privileged Logon","","","SeSecurityPrivilege
			SeBackupPrivilege
			SeRestorePrivilege
			SeTakeOwnershipPrivilege
			SeDebugPrivilege
			SeSystemEnvironmentPrivilege
			SeLoadDriverPrivilege
			SeImpersonatePrivilege
			SeDelegateSessionUserImpersonatePrivilege
			SeEnableDelegationPrivilege","",""
"16/8/2026, 7:30:26.755455 pm","DC01.darkzero.htb","DC01$","4624","Security","Logon","","","","","172.16.20.1"
"16/8/2026, 7:30:26.881813 pm","DC01.darkzero.htb","DC01$","4672","Security","Privileged Logon","","","SeSecurityPrivilege
			SeBackupPrivilege
			SeRestorePrivilege
			SeTakeOwnershipPrivilege
			SeDebugPrivilege
			SeSystemEnvironmentPrivilege
			SeLoadDriverPrivilege
			SeImpersonatePrivilege
			SeDelegateSessionUserImpersonatePrivilege
			SeEnableDelegationPrivilege","",""
"16/8/2026, 7:30:26.882028 pm","DC01.darkzero.htb","DC01$","4624","Security","Logon","","","","","172.16.20.1"
"16/8/2026, 7:30:27.596939 pm","DC01.darkzero.htb","ella","4768","Security","Kerberos TGT","","","","0x12","::1"
"16/8/2026, 7:30:27.598569 pm","DC01.darkzero.htb","ella@DARKZERO.HTB","4769","Security","Kerberos Service Ticket","","","","0x12","::1"
"16/8/2026, 7:30:27.605329 pm","DC01.darkzero.htb","ella","4624","Security","Logon","","","","","-"
"16/8/2026, 7:30:27.614666 pm","DC01.darkzero.htb","darkzero\ella","1","Sysmon","Process Creation","","","""powershell.exe"" -NoProfile -NoLogo -NonInteractive -ExecutionPolicy Bypass -File ""C:\Users\ella\access_gitea.ps1""","",""
"16/8/2026, 7:30:27.782447 pm","DC01.darkzero.htb","darkzero\ella","11","Sysmon","File Created","C:\Users\ella.darkzero\AppData\Local\Temp\__PSScriptPolicyTest_3n3bizyz.per.ps1","","","",""
"16/8/2026, 7:30:27.783397 pm","DC01.darkzero.htb","darkzero\ella","11","Sysmon","File Created","C:\Users\ella.darkzero\AppData\Local\Temp\__PSScriptPolicyTest_zsjfrc3l.vux.psm1","","","",""
"16/8/2026, 7:30:31.024127 pm","DC01.darkzero.htb","darkzero\ella","11","Sysmon","File Created","C:\Users\ella.darkzero\AppData\Local\Microsoft\Windows\PowerShell\StartupProfileData-NonInteractive","","","",""
"16/8/2026, 7:30:33.895916 pm","DC01.darkzero.htb","NT AUTHORITY\SYSTEM","11","Sysmon","File Created","C:\ProgramData\Microsoft\Diagnosis\AggregatorStorage\UpdateHeartbeatScan$","","","",""
"16/8/2026, 7:30:38.835492 pm","DC01.darkzero.htb","DC01$","4672","Security","Privileged Logon","","","SeSecurityPrivilege
			SeBackupPrivilege
			SeRestorePrivilege
			SeTakeOwnershipPrivilege
			SeDebugPrivilege
			SeSystemEnvironmentPrivilege
			SeLoadDriverPrivilege
			SeImpersonatePrivilege
			SeDelegateSessionUserImpersonatePrivilege
			SeEnableDelegationPrivilege","",""
"16/8/2026, 7:30:38.836186 pm","DC01.darkzero.htb","DC01$","4624","Security","Logon","","","","","::1"
"16/8/2026, 7:30:38.947567 pm","DC01.darkzero.htb","DC01$","4672","Security","Privileged Logon","","","SeSecurityPrivilege
			SeBackupPrivilege
			SeRestorePrivilege
			SeTakeOwnershipPrivilege
			SeDebugPrivilege
			SeSystemEnvironmentPrivilege
			SeLoadDriverPrivilege
			SeImpersonatePrivilege
			SeDelegateSessionUserImpersonatePrivilege
			SeEnableDelegationPrivilege","",""
"16/8/2026, 7:30:38.947821 pm","DC01.darkzero.htb","DC01$","4624","Security","Logon","","","","","172.16.20.1"
"16/8/2026, 7:30:38.957677 pm","DC01.darkzero.htb","DC01$","4672","Security","Privileged Logon","","","SeSecurityPrivilege
			SeBackupPrivilege
			SeRestorePrivilege
			SeTakeOwnershipPrivilege
			SeDebugPrivilege
			SeSystemEnvironmentPrivilege
			SeLoadDriverPrivilege
			SeImpersonatePrivilege
			SeDelegateSessionUserImpersonatePrivilege
			SeEnableDelegationPrivilege","",""
"16/8/2026, 7:30:38.957898 pm","DC01.darkzero.htb","DC01$","4624","Security","Logon","","","","","::1"
"16/8/2026, 7:30:38.966913 pm","DC01.darkzero.htb","DC01$","4672","Security","Privileged Logon","","","SeSecurityPrivilege
			SeBackupPrivilege
			SeRestorePrivilege
			SeTakeOwnershipPrivilege
			SeDebugPrivilege
			SeSystemEnvironmentPrivilege
			SeLoadDriverPrivilege
			SeImpersonatePrivilege
			SeDelegateSessionUserImpersonatePrivilege
			SeEnableDelegationPrivilege","",""
"16/8/2026, 7:30:38.967059 pm","DC01.darkzero.htb","DC01$","4624","Security","Logon","","","","","::1"
"16/8/2026, 7:30:38.974209 pm","DC01.darkzero.htb","DC01$","4672","Security","Privileged Logon","","","SeSecurityPrivilege
			SeBackupPrivilege
			SeRestorePrivilege
			SeTakeOwnershipPrivilege
			SeDebugPrivilege
			SeSystemEnvironmentPrivilege
			SeLoadDriverPrivilege
			SeImpersonatePrivilege
			SeDelegateSessionUserImpersonatePrivilege
			SeEnableDelegationPrivilege","",""
"16/8/2026, 7:30:38.974354 pm","DC01.darkzero.htb","DC01$","4624","Security","Logon","","","","","10.129.28.204"
"16/8/2026, 7:30:38.994876 pm","DC01.darkzero.htb","DC01$","4672","Security","Privileged Logon","","","SeSecurityPrivilege
			SeBackupPrivilege
			SeRestorePrivilege
			SeTakeOwnershipPrivilege
			SeDebugPrivilege
			SeSystemEnvironmentPrivilege
			SeLoadDriverPrivilege
			SeImpersonatePrivilege
			SeDelegateSessionUserImpersonatePrivilege
			SeEnableDelegationPrivilege","",""
"16/8/2026, 7:30:38.995075 pm","DC01.darkzero.htb","DC01$","4624","Security","Logon","","","","","::1"
"16/8/2026, 7:31:01.662412 pm","DC01.darkzero.htb","DC01$","4672","Security","Privileged Logon","","","SeAuditPrivilege
			SeAssignPrimaryTokenPrivilege
			SeImpersonatePrivilege","",""
"16/8/2026, 7:31:01.662689 pm","DC01.darkzero.htb","DC01$","4624","Security","Logon","","","","","-"
"16/8/2026, 7:31:16.318835 pm","DC01.darkzero.htb","DC01$","4672","Security","Privileged Logon","","","SeSecurityPrivilege
			SeBackupPrivilege
			SeRestorePrivilege
			SeTakeOwnershipPrivilege
			SeDebugPrivilege
			SeSystemEnvironmentPrivilege
			SeLoadDriverPrivilege
			SeImpersonatePrivilege
			SeDelegateSessionUserImpersonatePrivilege
			SeEnableDelegationPrivilege","",""
"16/8/2026, 7:31:16.319099 pm","DC01.darkzero.htb","DC01$","4624","Security","Logon","","","","","127.0.0.1"
"16/8/2026, 7:31:27.602074 pm","DC01.darkzero.htb","ella","4768","Security","Kerberos TGT","","","","0x12","::1"
"16/8/2026, 7:31:27.603976 pm","DC01.darkzero.htb","ella@DARKZERO.HTB","4769","Security","Kerberos Service Ticket","","","","0x12","::1"
"16/8/2026, 7:31:27.611166 pm","DC01.darkzero.htb","ella","4624","Security","Logon","","","","","-"
"16/8/2026, 7:31:27.620464 pm","DC01.darkzero.htb","darkzero\ella","1","Sysmon","Process Creation","","","""powershell.exe"" -NoProfile -NoLogo -NonInteractive -ExecutionPolicy Bypass -File ""C:\Users\ella\access_gitea.ps1""","",""
"16/8/2026, 7:31:27.782774 pm","DC01.darkzero.htb","darkzero\ella","11","Sysmon","File Created","C:\Users\ella.darkzero\AppData\Local\Temp\__PSScriptPolicyTest_nq3yq504.vkx.ps1","","","",""
"16/8/2026, 7:31:27.783876 pm","DC01.darkzero.htb","darkzero\ella","11","Sysmon","File Created","C:\Users\ella.darkzero\AppData\Local\Temp\__PSScriptPolicyTest_0rofwad3.0ma.psm1","","","",""
"16/8/2026, 7:31:30.971829 pm","DC01.darkzero.htb","darkzero\ella","11","Sysmon","File Created","C:\Users\ella.darkzero\AppData\Local\Microsoft\Windows\PowerShell\StartupProfileData-NonInteractive","","","",""
"16/8/2026, 7:31:32.253218 pm","DC01.darkzero.htb","NT AUTHORITY\SYSTEM","11","Sysmon","File Created","C:\ProgramData\Microsoft\Diagnosis\AggregatorStorage\AdoptionHeartbeat$","","","",""
"16/8/2026, 7:31:41.169374 pm","DC01.darkzero.htb","SYSTEM","4624","Security","Logon","","","","","-"
"16/8/2026, 7:31:41.169391 pm","DC01.darkzero.htb","SYSTEM","4672","Security","Privileged Logon","","","SeAssignPrimaryTokenPrivilege
			SeTcbPrivilege
			SeSecurityPrivilege
			SeTakeOwnershipPrivilege
			SeLoadDriverPrivilege
			SeBackupPrivilege
			SeRestorePrivilege
			SeDebugPrivilege
			SeAuditPrivilege
			SeSystemEnvironmentPrivilege
			SeImpersonatePrivilege
			SeDelegateSessionUserImpersonatePrivilege","",""
"16/8/2026, 7:31:41.173919 pm","DC01.darkzero.htb","NT AUTHORITY\SYSTEM","1","Sysmon","Process Creation","","","C:\WINDOWS\System32\svchost.exe -k netsvcs -p -s NetSetupSvc","",""
"16/8/2026, 7:32:16.324101 pm","DC01.darkzero.htb","DC01$","4672","Security","Privileged Logon","","","SeSecurityPrivilege
			SeBackupPrivilege
			SeRestorePrivilege
			SeTakeOwnershipPrivilege
			SeDebugPrivilege
			SeSystemEnvironmentPrivilege
			SeLoadDriverPrivilege
			SeImpersonatePrivilege
			SeDelegateSessionUserImpersonatePrivilege
			SeEnableDelegationPrivilege","",""
"16/8/2026, 7:32:16.32439 pm","DC01.darkzero.htb","DC01$","4624","Security","Logon","","","","","127.0.0.1"
"16/8/2026, 7:32:27.605139 pm","DC01.darkzero.htb","ella","4768","Security","Kerberos TGT","","","","0x12","::1"
"16/8/2026, 7:32:27.606955 pm","DC01.darkzero.htb","ella@DARKZERO.HTB","4769","Security","Kerberos Service Ticket","","","","0x12","::1"
"16/8/2026, 7:32:27.613755 pm","DC01.darkzero.htb","ella","4624","Security","Logon","","","","","-"
"16/8/2026, 7:32:27.623153 pm","DC01.darkzero.htb","darkzero\ella","1","Sysmon","Process Creation","","","""powershell.exe"" -NoProfile -NoLogo -NonInteractive -ExecutionPolicy Bypass -File ""C:\Users\ella\access_gitea.ps1""","",""
"16/8/2026, 7:32:27.777869 pm","DC01.darkzero.htb","darkzero\ella","11","Sysmon","File Created","C:\Users\ella.darkzero\AppData\Local\Temp\__PSScriptPolicyTest_024czqlt.yc2.ps1","","","",""
"16/8/2026, 7:32:27.778679 pm","DC01.darkzero.htb","darkzero\ella","11","Sysmon","File Created","C:\Users\ella.darkzero\AppData\Local\Temp\__PSScriptPolicyTest_eu4mdntv.2qq.psm1","","","",""
"16/8/2026, 7:32:30.940187 pm","DC01.darkzero.htb","darkzero\ella","11","Sysmon","File Created","C:\Users\ella.darkzero\AppData\Local\Microsoft\Windows\PowerShell\StartupProfileData-NonInteractive","","","",""
"16/8/2026, 7:33:16.34556 pm","DC01.darkzero.htb","DC01$","4672","Security","Privileged Logon","","","SeSecurityPrivilege
			SeBackupPrivilege
			SeRestorePrivilege
			SeTakeOwnershipPrivilege
			SeDebugPrivilege
			SeSystemEnvironmentPrivilege
			SeLoadDriverPrivilege
			SeImpersonatePrivilege
			SeDelegateSessionUserImpersonatePrivilege
			SeEnableDelegationPrivilege","",""
"16/8/2026, 7:33:16.345733 pm","DC01.darkzero.htb","DC01$","4624","Security","Logon","","","","","127.0.0.1"
"16/8/2026, 7:33:27.61087 pm","DC01.darkzero.htb","ella","4768","Security","Kerberos TGT","","","","0x12","::1"
"16/8/2026, 7:33:27.612579 pm","DC01.darkzero.htb","ella@DARKZERO.HTB","4769","Security","Kerberos Service Ticket","","","","0x12","::1"
"16/8/2026, 7:33:27.619315 pm","DC01.darkzero.htb","ella","4624","Security","Logon","","","","","-"
"16/8/2026, 7:33:27.628011 pm","DC01.darkzero.htb","darkzero\ella","1","Sysmon","Process Creation","","","""powershell.exe"" -NoProfile -NoLogo -NonInteractive -ExecutionPolicy Bypass -File ""C:\Users\ella\access_gitea.ps1""","",""
"16/8/2026, 7:33:27.778958 pm","DC01.darkzero.htb","darkzero\ella","11","Sysmon","File Created","C:\Users\ella.darkzero\AppData\Local\Temp\__PSScriptPolicyTest_ni5ne02p.zmn.ps1","","","",""
"16/8/2026, 7:33:27.779685 pm","DC01.darkzero.htb","darkzero\ella","11","Sysmon","File Created","C:\Users\ella.darkzero\AppData\Local\Temp\__PSScriptPolicyTest_v32d04dc.v5m.psm1","","","",""
"16/8/2026, 7:33:30.896227 pm","DC01.darkzero.htb","darkzero\ella","11","Sysmon","File Created","C:\Users\ella.darkzero\AppData\Local\Microsoft\Windows\PowerShell\StartupProfileData-NonInteractive","","","",""
"16/8/2026, 7:33:49.997514 pm","DC01.darkzero.htb","NT AUTHORITY\SYSTEM","1","Sysmon","Process Creation","","","""C:\WINDOWS\uus\packages\preview\AMD64\MoUsoCoreWorker.exe"" useprivatenamespaces","",""
"16/8/2026, 7:33:50.09488 pm","DC01.darkzero.htb","NT AUTHORITY\SYSTEM","11","Sysmon","File Created","C:\ProgramData\USOPrivate\UpdateStore\store.db-journal","","","",""
"16/8/2026, 7:33:50.245071 pm","DC01.darkzero.htb","SYSTEM","4624","Security","Logon","","","","","-"
"16/8/2026, 7:33:50.245093 pm","DC01.darkzero.htb","SYSTEM","4672","Security","Privileged Logon","","","SeAssignPrimaryTokenPrivilege
			SeTcbPrivilege
			SeSecurityPrivilege
			SeTakeOwnershipPrivilege
			SeLoadDriverPrivilege
			SeBackupPrivilege
			SeRestorePrivilege
			SeDebugPrivilege
			SeAuditPrivilege
			SeSystemEnvironmentPrivilege
			SeImpersonatePrivilege
			SeDelegateSessionUserImpersonatePrivilege","",""
"16/8/2026, 7:33:50.250662 pm","DC01.darkzero.htb","NT AUTHORITY\SYSTEM","1","Sysmon","Process Creation","","","C:\WINDOWS\system32\svchost.exe -k wusvcs -p -s WaaSMedicSvc","",""
"16/8/2026, 7:33:50.318972 pm","DC01.darkzero.htb","NT AUTHORITY\SYSTEM","11","Sysmon","File Created","C:\Windows\Logs\waasmedic\waasmedic.20260816_193350_317.etl","","","",""
"16/8/2026, 7:33:50.536883 pm","DC01.darkzero.htb","SYSTEM","4624","Security","Logon","","","","","-"
"16/8/2026, 7:33:50.536898 pm","DC01.darkzero.htb","SYSTEM","4672","Security","Privileged Logon","","","SeAssignPrimaryTokenPrivilege
			SeTcbPrivilege
			SeSecurityPrivilege
			SeTakeOwnershipPrivilege
			SeLoadDriverPrivilege
			SeBackupPrivilege
			SeRestorePrivilege
			SeDebugPrivilege
			SeAuditPrivilege
			SeSystemEnvironmentPrivilege
			SeImpersonatePrivilege
			SeDelegateSessionUserImpersonatePrivilege","",""
"16/8/2026, 7:33:50.643109 pm","DC01.darkzero.htb","NT AUTHORITY\SYSTEM","11","Sysmon","File Created","C:\ProgramData\Microsoft\Diagnosis\AggregatorStorage\Triggers\10787491199294779225_trigger.dat","","","",""
"16/8/2026, 7:33:50.644413 pm","DC01.darkzero.htb","NT AUTHORITY\SYSTEM","11","Sysmon","File Created","C:\ProgramData\Microsoft\Diagnosis\AggregatorStorage\Triggers\10787491199294779225_data.dat","","","",""
"16/8/2026, 7:33:50.644429 pm","DC01.darkzero.htb","SYSTEM","4624","Security","Logon","","","","","-"
"16/8/2026, 7:33:50.644446 pm","DC01.darkzero.htb","SYSTEM","4672","Security","Privileged Logon","","","SeAssignPrimaryTokenPrivilege
			SeTcbPrivilege
			SeSecurityPrivilege
			SeTakeOwnershipPrivilege
			SeLoadDriverPrivilege
			SeBackupPrivilege
			SeRestorePrivilege
			SeDebugPrivilege
			SeAuditPrivilege
			SeSystemEnvironmentPrivilege
			SeImpersonatePrivilege
			SeDelegateSessionUserImpersonatePrivilege","",""
"16/8/2026, 7:33:50.696809 pm","DC01.darkzero.htb","NT AUTHORITY\SYSTEM","11","Sysmon","File Created","C:\ProgramData\regid.1991-06.com.microsoft\regid.1991-06.com.microsoft_Windows-Server-2025-Datacenter.swidtag","","","",""
"16/8/2026, 7:33:50.756137 pm","DC01.darkzero.htb","NT AUTHORITY\SYSTEM","11","Sysmon","File Created","C:\ProgramData\USOPrivate\UpdateStore\store.db-journal","","","",""
"16/8/2026, 7:33:52.112878 pm","DC01.darkzero.htb","NT AUTHORITY\SYSTEM","11","Sysmon","File Created","C:\ProgramData\USOPrivate\UpdateStore\store.db-journal","","","",""
"16/8/2026, 7:33:53.591269 pm","DC01.darkzero.htb","NT AUTHORITY\SYSTEM","11","Sysmon","File Created","C:\ProgramData\USOPrivate\UpdateStore\store.db-journal","","","",""
"16/8/2026, 7:33:53.689 pm","DC01.darkzero.htb","NT AUTHORITY\SYSTEM","11","Sysmon","File Created","C:\ProgramData\USOPrivate\UpdateStore\store.db-journal","","","",""
"16/8/2026, 7:33:53.919667 pm","DC01.darkzero.htb","NT AUTHORITY\SYSTEM","11","Sysmon","File Created","C:\ProgramData\USOPrivate\UpdateStore\store.db-journal","","","",""
"16/8/2026, 7:33:53.947881 pm","DC01.darkzero.htb","NT AUTHORITY\SYSTEM","11","Sysmon","File Created","C:\ProgramData\USOPrivate\UpdateStore\store.db-journal","","","",""
"16/8/2026, 7:34:16.355524 pm","DC01.darkzero.htb","DC01$","4672","Security","Privileged Logon","","","SeSecurityPrivilege
			SeBackupPrivilege
			SeRestorePrivilege
			SeTakeOwnershipPrivilege
			SeDebugPrivilege
			SeSystemEnvironmentPrivilege
			SeLoadDriverPrivilege
			SeImpersonatePrivilege
			SeDelegateSessionUserImpersonatePrivilege
			SeEnableDelegationPrivilege","",""
"16/8/2026, 7:34:16.355772 pm","DC01.darkzero.htb","DC01$","4624","Security","Logon","","","","","127.0.0.1"
"16/8/2026, 7:34:24.057049 pm","DC01.darkzero.htb","NT AUTHORITY\SYSTEM","1","Sysmon","Process Creation","","","taskhostw.exe","",""
"16/8/2026, 7:34:27.619444 pm","DC01.darkzero.htb","ella","4768","Security","Kerberos TGT","","","","0x12","::1"
"16/8/2026, 7:34:27.621076 pm","DC01.darkzero.htb","ella@DARKZERO.HTB","4769","Security","Kerberos Service Ticket","","","","0x12","::1"
"16/8/2026, 7:34:27.627475 pm","DC01.darkzero.htb","ella","4624","Security","Logon","","","","","-"
"16/8/2026, 7:34:27.636785 pm","DC01.darkzero.htb","darkzero\ella","1","Sysmon","Process Creation","","","""powershell.exe"" -NoProfile -NoLogo -NonInteractive -ExecutionPolicy Bypass -File ""C:\Users\ella\access_gitea.ps1""","",""
"16/8/2026, 7:34:27.788882 pm","DC01.darkzero.htb","darkzero\ella","11","Sysmon","File Created","C:\Users\ella.darkzero\AppData\Local\Temp\__PSScriptPolicyTest_ihrp43ne.5d2.ps1","","","",""
"16/8/2026, 7:34:27.789567 pm","DC01.darkzero.htb","darkzero\ella","11","Sysmon","File Created","C:\Users\ella.darkzero\AppData\Local\Temp\__PSScriptPolicyTest_hazgx0ko.1xm.psm1","","","",""
"16/8/2026, 7:34:30.912339 pm","DC01.darkzero.htb","darkzero\ella","11","Sysmon","File Created","C:\Users\ella.darkzero\AppData\Local\Microsoft\Windows\PowerShell\StartupProfileData-NonInteractive","","","",""
"16/8/2026, 7:35:16.364717 pm","DC01.darkzero.htb","DC01$","4672","Security","Privileged Logon","","","SeSecurityPrivilege
			SeBackupPrivilege
			SeRestorePrivilege
			SeTakeOwnershipPrivilege
			SeDebugPrivilege
			SeSystemEnvironmentPrivilege
			SeLoadDriverPrivilege
			SeImpersonatePrivilege
			SeDelegateSessionUserImpersonatePrivilege
			SeEnableDelegationPrivilege","",""
"16/8/2026, 7:35:16.364979 pm","DC01.darkzero.htb","DC01$","4624","Security","Logon","","","","","127.0.0.1"
"16/8/2026, 7:35:27.287263 pm","DC01.darkzero.htb","NT AUTHORITY\SYSTEM","11","Sysmon","File Created","C:\System Volume Information\DFSR\Config\Replica_403BC236-9053-43D0-AAD0-74F0FB6A21A3.XML.TMP","","","",""
"16/8/2026, 7:35:27.292963 pm","DC01.darkzero.htb","NT AUTHORITY\SYSTEM","11","Sysmon","File Created","C:\System Volume Information\DFSR\Config\Volume_57941D7E-1E19-4293-AB21-2231712EE33A.XML.TMP","","","",""
"16/8/2026, 7:35:27.412972 pm","DC01.darkzero.htb","DC01$","4672","Security","Privileged Logon","","","SeSecurityPrivilege
			SeBackupPrivilege
			SeRestorePrivilege
			SeTakeOwnershipPrivilege
			SeDebugPrivilege
			SeSystemEnvironmentPrivilege
			SeLoadDriverPrivilege
			SeImpersonatePrivilege
			SeDelegateSessionUserImpersonatePrivilege
			SeEnableDelegationPrivilege","",""
"16/8/2026, 7:35:27.413285 pm","DC01.darkzero.htb","DC01$","4624","Security","Logon","","","","","172.16.20.1"
"16/8/2026, 7:35:27.539232 pm","DC01.darkzero.htb","DC01$","4672","Security","Privileged Logon","","","SeSecurityPrivilege
			SeBackupPrivilege
			SeRestorePrivilege
			SeTakeOwnershipPrivilege
			SeDebugPrivilege
			SeSystemEnvironmentPrivilege
			SeLoadDriverPrivilege
			SeImpersonatePrivilege
			SeDelegateSessionUserImpersonatePrivilege
			SeEnableDelegationPrivilege","",""
"16/8/2026, 7:35:27.539401 pm","DC01.darkzero.htb","DC01$","4624","Security","Logon","","","","","172.16.20.1"
"16/8/2026, 7:35:27.542282 pm","DC01.darkzero.htb","DC01$","4672","Security","Privileged Logon","","","SeSecurityPrivilege
			SeBackupPrivilege
			SeRestorePrivilege
			SeTakeOwnershipPrivilege
			SeDebugPrivilege
			SeSystemEnvironmentPrivilege
			SeLoadDriverPrivilege
			SeImpersonatePrivilege
			SeDelegateSessionUserImpersonatePrivilege
			SeEnableDelegationPrivilege","",""
"16/8/2026, 7:35:27.542483 pm","DC01.darkzero.htb","DC01$","4624","Security","Logon","","","","","::1"
"16/8/2026, 7:35:27.626894 pm","DC01.darkzero.htb","ella","4768","Security","Kerberos TGT","","","","0x12","::1"
"16/8/2026, 7:35:27.628649 pm","DC01.darkzero.htb","ella@DARKZERO.HTB","4769","Security","Kerberos Service Ticket","","","","0x12","::1"
"16/8/2026, 7:35:27.636577 pm","DC01.darkzero.htb","ella","4624","Security","Logon","","","","","-"
"16/8/2026, 7:35:27.650027 pm","DC01.darkzero.htb","darkzero\ella","1","Sysmon","Process Creation","","","""powershell.exe"" -NoProfile -NoLogo -NonInteractive -ExecutionPolicy Bypass -File ""C:\Users\ella\access_gitea.ps1""","",""
"16/8/2026, 7:35:27.816002 pm","DC01.darkzero.htb","darkzero\ella","11","Sysmon","File Created","C:\Users\ella.darkzero\AppData\Local\Temp\__PSScriptPolicyTest_dcvku4mi.xhh.ps1","","","",""
"16/8/2026, 7:35:27.816331 pm","DC01.darkzero.htb","darkzero\ella","11","Sysmon","File Created","C:\Users\ella.darkzero\AppData\Local\Temp\__PSScriptPolicyTest_xmi3ygp2.kpx.psm1","","","",""
"16/8/2026, 7:35:30.971041 pm","DC01.darkzero.htb","darkzero\ella","11","Sysmon","File Created","C:\Users\ella.darkzero\AppData\Local\Microsoft\Windows\PowerShell\StartupProfileData-NonInteractive","","","",""
"16/8/2026, 7:35:39.143793 pm","DC01.darkzero.htb","DC01$","4672","Security","Privileged Logon","","","SeSecurityPrivilege
			SeBackupPrivilege
			SeRestorePrivilege
			SeTakeOwnershipPrivilege
			SeDebugPrivilege
			SeSystemEnvironmentPrivilege
			SeLoadDriverPrivilege
			SeImpersonatePrivilege
			SeDelegateSessionUserImpersonatePrivilege
			SeEnableDelegationPrivilege","",""
"16/8/2026, 7:35:39.144012 pm","DC01.darkzero.htb","DC01$","4624","Security","Logon","","","","","172.16.20.1"
"16/8/2026, 7:35:39.154528 pm","DC01.darkzero.htb","DC01$","4672","Security","Privileged Logon","","","SeSecurityPrivilege
			SeBackupPrivilege
			SeRestorePrivilege
			SeTakeOwnershipPrivilege
			SeDebugPrivilege
			SeSystemEnvironmentPrivilege
			SeLoadDriverPrivilege
			SeImpersonatePrivilege
			SeDelegateSessionUserImpersonatePrivilege
			SeEnableDelegationPrivilege","",""
"16/8/2026, 7:35:39.154824 pm","DC01.darkzero.htb","DC01$","4624","Security","Logon","","","","","::1"
"16/8/2026, 7:35:39.165392 pm","DC01.darkzero.htb","DC01$","4672","Security","Privileged Logon","","","SeSecurityPrivilege
			SeBackupPrivilege
			SeRestorePrivilege
			SeTakeOwnershipPrivilege
			SeDebugPrivilege
			SeSystemEnvironmentPrivilege
			SeLoadDriverPrivilege
			SeImpersonatePrivilege
			SeDelegateSessionUserImpersonatePrivilege
			SeEnableDelegationPrivilege","",""
"16/8/2026, 7:35:39.165539 pm","DC01.darkzero.htb","DC01$","4624","Security","Logon","","","","","::1"
"16/8/2026, 7:35:39.17278 pm","DC01.darkzero.htb","DC01$","4672","Security","Privileged Logon","","","SeSecurityPrivilege
			SeBackupPrivilege
			SeRestorePrivilege
			SeTakeOwnershipPrivilege
			SeDebugPrivilege
			SeSystemEnvironmentPrivilege
			SeLoadDriverPrivilege
			SeImpersonatePrivilege
			SeDelegateSessionUserImpersonatePrivilege
			SeEnableDelegationPrivilege","",""
"16/8/2026, 7:35:39.172937 pm","DC01.darkzero.htb","DC01$","4624","Security","Logon","","","","","10.129.28.204"
"16/8/2026, 7:35:39.194637 pm","DC01.darkzero.htb","DC01$","4672","Security","Privileged Logon","","","SeSecurityPrivilege
			SeBackupPrivilege
			SeRestorePrivilege
			SeTakeOwnershipPrivilege
			SeDebugPrivilege
			SeSystemEnvironmentPrivilege
			SeLoadDriverPrivilege
			SeImpersonatePrivilege
			SeDelegateSessionUserImpersonatePrivilege
			SeEnableDelegationPrivilege","",""
"16/8/2026, 7:35:39.1948 pm","DC01.darkzero.htb","DC01$","4624","Security","Logon","","","","","::1"
"16/8/2026, 7:36:16.368927 pm","DC01.darkzero.htb","DC01$","4672","Security","Privileged Logon","","","SeSecurityPrivilege
			SeBackupPrivilege
			SeRestorePrivilege
			SeTakeOwnershipPrivilege
			SeDebugPrivilege
			SeSystemEnvironmentPrivilege
			SeLoadDriverPrivilege
			SeImpersonatePrivilege
			SeDelegateSessionUserImpersonatePrivilege
			SeEnableDelegationPrivilege","",""
"16/8/2026, 7:36:16.36912 pm","DC01.darkzero.htb","DC01$","4624","Security","Logon","","","","","127.0.0.1"
"16/8/2026, 7:36:27.630531 pm","DC01.darkzero.htb","ella","4768","Security","Kerberos TGT","","","","0x12","::1"
"16/8/2026, 7:36:27.632064 pm","DC01.darkzero.htb","ella@DARKZERO.HTB","4769","Security","Kerberos Service Ticket","","","","0x12","::1"
"16/8/2026, 7:36:27.638318 pm","DC01.darkzero.htb","ella","4624","Security","Logon","","","","","-"
"16/8/2026, 7:36:27.647355 pm","DC01.darkzero.htb","darkzero\ella","1","Sysmon","Process Creation","","","""powershell.exe"" -NoProfile -NoLogo -NonInteractive -ExecutionPolicy Bypass -File ""C:\Users\ella\access_gitea.ps1""","",""
"16/8/2026, 7:36:27.792718 pm","DC01.darkzero.htb","darkzero\ella","11","Sysmon","File Created","C:\Users\ella.darkzero\AppData\Local\Temp\__PSScriptPolicyTest_2d0vcqbf.51l.ps1","","","",""
"16/8/2026, 7:36:27.793522 pm","DC01.darkzero.htb","darkzero\ella","11","Sysmon","File Created","C:\Users\ella.darkzero\AppData\Local\Temp\__PSScriptPolicyTest_oza14jqa.ysh.psm1","","","",""
"16/8/2026, 7:36:30.992705 pm","DC01.darkzero.htb","darkzero\ella","11","Sysmon","File Created","C:\Users\ella.darkzero\AppData\Local\Microsoft\Windows\PowerShell\StartupProfileData-NonInteractive","","","",""
"16/8/2026, 7:37:16.379069 pm","DC01.darkzero.htb","DC01$","4672","Security","Privileged Logon","","","SeSecurityPrivilege
			SeBackupPrivilege
			SeRestorePrivilege
			SeTakeOwnershipPrivilege
			SeDebugPrivilege
			SeSystemEnvironmentPrivilege
			SeLoadDriverPrivilege
			SeImpersonatePrivilege
			SeDelegateSessionUserImpersonatePrivilege
			SeEnableDelegationPrivilege","",""
"16/8/2026, 7:37:16.379277 pm","DC01.darkzero.htb","DC01$","4624","Security","Logon","","","","","127.0.0.1"
"16/8/2026, 7:37:27.632086 pm","DC01.darkzero.htb","ella","4768","Security","Kerberos TGT","","","","0x12","::1"
"16/8/2026, 7:37:27.63405 pm","DC01.darkzero.htb","ella@DARKZERO.HTB","4769","Security","Kerberos Service Ticket","","","","0x12","::1"
"16/8/2026, 7:37:27.640928 pm","DC01.darkzero.htb","ella","4624","Security","Logon","","","","","-"
"16/8/2026, 7:37:27.650461 pm","DC01.darkzero.htb","darkzero\ella","1","Sysmon","Process Creation","","","""powershell.exe"" -NoProfile -NoLogo -NonInteractive -ExecutionPolicy Bypass -File ""C:\Users\ella\access_gitea.ps1""","",""
"16/8/2026, 7:37:27.802382 pm","DC01.darkzero.htb","darkzero\ella","11","Sysmon","File Created","C:\Users\ella.darkzero\AppData\Local\Temp\__PSScriptPolicyTest_unbd5u4q.1kz.ps1","","","",""
"16/8/2026, 7:37:27.803141 pm","DC01.darkzero.htb","darkzero\ella","11","Sysmon","File Created","C:\Users\ella.darkzero\AppData\Local\Temp\__PSScriptPolicyTest_hix5zb0e.udu.psm1","","","",""
"16/8/2026, 7:37:30.954567 pm","DC01.darkzero.htb","darkzero\ella","11","Sysmon","File Created","C:\Users\ella.darkzero\AppData\Local\Microsoft\Windows\PowerShell\StartupProfileData-NonInteractive","","","",""
"16/8/2026, 7:37:47.773978 pm","DC01.darkzero.htb","celia","4672","Security","Privileged Logon","","","SeBackupPrivilege
			SeRestorePrivilege","",""
"16/8/2026, 7:37:47.774115 pm","DC01.darkzero.htb","celia","4624","Security","Logon","","","","","172.16.20.3"
"16/8/2026, 7:38:16.384827 pm","DC01.darkzero.htb","DC01$","4672","Security","Privileged Logon","","","SeSecurityPrivilege
			SeBackupPrivilege
			SeRestorePrivilege
			SeTakeOwnershipPrivilege
			SeDebugPrivilege
			SeSystemEnvironmentPrivilege
			SeLoadDriverPrivilege
			SeImpersonatePrivilege
			SeDelegateSessionUserImpersonatePrivilege
			SeEnableDelegationPrivilege","",""
"16/8/2026, 7:38:16.38508 pm","DC01.darkzero.htb","DC01$","4624","Security","Logon","","","","","127.0.0.1"
"16/8/2026, 7:38:27.638366 pm","DC01.darkzero.htb","ella","4768","Security","Kerberos TGT","","","","0x12","::1"
"16/8/2026, 7:38:27.640542 pm","DC01.darkzero.htb","ella@DARKZERO.HTB","4769","Security","Kerberos Service Ticket","","","","0x12","::1"
"16/8/2026, 7:38:27.648192 pm","DC01.darkzero.htb","ella","4624","Security","Logon","","","","","-"
"16/8/2026, 7:38:27.659231 pm","DC01.darkzero.htb","darkzero\ella","1","Sysmon","Process Creation","","","""powershell.exe"" -NoProfile -NoLogo -NonInteractive -ExecutionPolicy Bypass -File ""C:\Users\ella\access_gitea.ps1""","",""
"16/8/2026, 7:38:27.830935 pm","DC01.darkzero.htb","darkzero\ella","11","Sysmon","File Created","C:\Users\ella.darkzero\AppData\Local\Temp\__PSScriptPolicyTest_4elkm21k.hrk.ps1","","","",""
"16/8/2026, 7:38:27.831754 pm","DC01.darkzero.htb","darkzero\ella","11","Sysmon","File Created","C:\Users\ella.darkzero\AppData\Local\Temp\__PSScriptPolicyTest_dqxwuee2.dgy.psm1","","","",""
"16/8/2026, 7:38:30.998837 pm","DC01.darkzero.htb","darkzero\ella","11","Sysmon","File Created","C:\Users\ella.darkzero\AppData\Local\Microsoft\Windows\PowerShell\StartupProfileData-NonInteractive","","","",""
"16/8/2026, 7:39:16.40979 pm","DC01.darkzero.htb","DC01$","4672","Security","Privileged Logon","","","SeSecurityPrivilege
			SeBackupPrivilege
			SeRestorePrivilege
			SeTakeOwnershipPrivilege
			SeDebugPrivilege
			SeSystemEnvironmentPrivilege
			SeLoadDriverPrivilege
			SeImpersonatePrivilege
			SeDelegateSessionUserImpersonatePrivilege
			SeEnableDelegationPrivilege","",""
"16/8/2026, 7:39:16.409973 pm","DC01.darkzero.htb","DC01$","4624","Security","Logon","","","","","127.0.0.1"
"16/8/2026, 7:39:27.650875 pm","DC01.darkzero.htb","ella","4768","Security","Kerberos TGT","","","","0x12","::1"
"16/8/2026, 7:39:27.653097 pm","DC01.darkzero.htb","ella@DARKZERO.HTB","4769","Security","Kerberos Service Ticket","","","","0x12","::1"
"16/8/2026, 7:39:27.662286 pm","DC01.darkzero.htb","ella","4624","Security","Logon","","","","","-"
"16/8/2026, 7:39:27.673368 pm","DC01.darkzero.htb","darkzero\ella","1","Sysmon","Process Creation","","","""powershell.exe"" -NoProfile -NoLogo -NonInteractive -ExecutionPolicy Bypass -File ""C:\Users\ella\access_gitea.ps1""","",""
"16/8/2026, 7:39:27.813219 pm","DC01.darkzero.htb","darkzero\ella","11","Sysmon","File Created","C:\Users\ella.darkzero\AppData\Local\Temp\__PSScriptPolicyTest_htztp0jy.2c0.ps1","","","",""
"16/8/2026, 7:39:27.813801 pm","DC01.darkzero.htb","darkzero\ella","11","Sysmon","File Created","C:\Users\ella.darkzero\AppData\Local\Temp\__PSScriptPolicyTest_aw1ebdqk.3ny.psm1","","","",""
"16/8/2026, 7:39:31.019249 pm","DC01.darkzero.htb","darkzero\ella","11","Sysmon","File Created","C:\Users\ella.darkzero\AppData\Local\Microsoft\Windows\PowerShell\StartupProfileData-NonInteractive","","","",""
"16/8/2026, 7:39:55.215129 pm","DC01.darkzero.htb","celia","4672","Security","Privileged Logon","","","SeBackupPrivilege
			SeRestorePrivilege","",""
"16/8/2026, 7:39:55.215297 pm","DC01.darkzero.htb","celia","4624","Security","Logon","","","","","172.16.20.3"
"16/8/2026, 7:40:16.42919 pm","DC01.darkzero.htb","DC01$","4672","Security","Privileged Logon","","","SeSecurityPrivilege
			SeBackupPrivilege
			SeRestorePrivilege
			SeTakeOwnershipPrivilege
			SeDebugPrivilege
			SeSystemEnvironmentPrivilege
			SeLoadDriverPrivilege
			SeImpersonatePrivilege
			SeDelegateSessionUserImpersonatePrivilege
			SeEnableDelegationPrivilege","",""
"16/8/2026, 7:40:16.429356 pm","DC01.darkzero.htb","DC01$","4624","Security","Logon","","","","","127.0.0.1"
"16/8/2026, 7:40:27.598295 pm","DC01.darkzero.htb","NT AUTHORITY\SYSTEM","11","Sysmon","File Created","C:\System Volume Information\DFSR\Config\Replica_403BC236-9053-43D0-AAD0-74F0FB6A21A3.XML.TMP","","","",""
"16/8/2026, 7:40:27.603249 pm","DC01.darkzero.htb","NT AUTHORITY\SYSTEM","11","Sysmon","File Created","C:\System Volume Information\DFSR\Config\Volume_57941D7E-1E19-4293-AB21-2231712EE33A.XML.TMP","","","",""
"16/8/2026, 7:40:27.655004 pm","DC01.darkzero.htb","ella","4768","Security","Kerberos TGT","","","","0x12","::1"
"16/8/2026, 7:40:27.656742 pm","DC01.darkzero.htb","ella@DARKZERO.HTB","4769","Security","Kerberos Service Ticket","","","","0x12","::1"
"16/8/2026, 7:40:27.663913 pm","DC01.darkzero.htb","ella","4624","Security","Logon","","","","","-"
"16/8/2026, 7:40:27.673371 pm","DC01.darkzero.htb","darkzero\ella","1","Sysmon","Process Creation","","","""powershell.exe"" -NoProfile -NoLogo -NonInteractive -ExecutionPolicy Bypass -File ""C:\Users\ella\access_gitea.ps1""","",""
"16/8/2026, 7:40:27.711835 pm","DC01.darkzero.htb","DC01$","4672","Security","Privileged Logon","","","SeSecurityPrivilege
			SeBackupPrivilege
			SeRestorePrivilege
			SeTakeOwnershipPrivilege
			SeDebugPrivilege
			SeSystemEnvironmentPrivilege
			SeLoadDriverPrivilege
			SeImpersonatePrivilege
			SeDelegateSessionUserImpersonatePrivilege
			SeEnableDelegationPrivilege","",""
"16/8/2026, 7:40:27.712008 pm","DC01.darkzero.htb","DC01$","4624","Security","Logon","","","","","172.16.20.1"
"16/8/2026, 7:40:27.83683 pm","DC01.darkzero.htb","darkzero\ella","11","Sysmon","File Created","C:\Users\ella.darkzero\AppData\Local\Temp\__PSScriptPolicyTest_3uxo3ryk.mly.ps1","","","",""
"16/8/2026, 7:40:27.838277 pm","DC01.darkzero.htb","darkzero\ella","11","Sysmon","File Created","C:\Users\ella.darkzero\AppData\Local\Temp\__PSScriptPolicyTest_h0dkgmox.nxp.psm1","","","",""
"16/8/2026, 7:40:27.839514 pm","DC01.darkzero.htb","DC01$","4672","Security","Privileged Logon","","","SeSecurityPrivilege
			SeBackupPrivilege
			SeRestorePrivilege
			SeTakeOwnershipPrivilege
			SeDebugPrivilege
			SeSystemEnvironmentPrivilege
			SeLoadDriverPrivilege
			SeImpersonatePrivilege
			SeDelegateSessionUserImpersonatePrivilege
			SeEnableDelegationPrivilege","",""
"16/8/2026, 7:40:27.839735 pm","DC01.darkzero.htb","DC01$","4624","Security","Logon","","","","","172.16.20.1"
"16/8/2026, 7:40:30.969207 pm","DC01.darkzero.htb","darkzero\ella","11","Sysmon","File Created","C:\Users\ella.darkzero\AppData\Local\Microsoft\Windows\PowerShell\StartupProfileData-NonInteractive","","","",""
"16/8/2026, 7:40:39.349593 pm","DC01.darkzero.htb","DC01$","4672","Security","Privileged Logon","","","SeSecurityPrivilege
			SeBackupPrivilege
			SeRestorePrivilege
			SeTakeOwnershipPrivilege
			SeDebugPrivilege
			SeSystemEnvironmentPrivilege
			SeLoadDriverPrivilege
			SeImpersonatePrivilege
			SeDelegateSessionUserImpersonatePrivilege
			SeEnableDelegationPrivilege","",""
"16/8/2026, 7:40:39.34976 pm","DC01.darkzero.htb","DC01$","4624","Security","Logon","","","","","172.16.20.1"
"16/8/2026, 7:40:39.356904 pm","DC01.darkzero.htb","DC01$","4672","Security","Privileged Logon","","","SeSecurityPrivilege
			SeBackupPrivilege
			SeRestorePrivilege
			SeTakeOwnershipPrivilege
			SeDebugPrivilege
			SeSystemEnvironmentPrivilege
			SeLoadDriverPrivilege
			SeImpersonatePrivilege
			SeDelegateSessionUserImpersonatePrivilege
			SeEnableDelegationPrivilege","",""
"16/8/2026, 7:40:39.35711 pm","DC01.darkzero.htb","DC01$","4624","Security","Logon","","","","","::1"
"16/8/2026, 7:40:39.366471 pm","DC01.darkzero.htb","DC01$","4672","Security","Privileged Logon","","","SeSecurityPrivilege
			SeBackupPrivilege
			SeRestorePrivilege
			SeTakeOwnershipPrivilege
			SeDebugPrivilege
			SeSystemEnvironmentPrivilege
			SeLoadDriverPrivilege
			SeImpersonatePrivilege
			SeDelegateSessionUserImpersonatePrivilege
			SeEnableDelegationPrivilege","",""
"16/8/2026, 7:40:39.36663 pm","DC01.darkzero.htb","DC01$","4624","Security","Logon","","","","","::1"
"16/8/2026, 7:40:39.373314 pm","DC01.darkzero.htb","DC01$","4672","Security","Privileged Logon","","","SeSecurityPrivilege
			SeBackupPrivilege
			SeRestorePrivilege
			SeTakeOwnershipPrivilege
			SeDebugPrivilege
			SeSystemEnvironmentPrivilege
			SeLoadDriverPrivilege
			SeImpersonatePrivilege
			SeDelegateSessionUserImpersonatePrivilege
			SeEnableDelegationPrivilege","",""
"16/8/2026, 7:40:39.373482 pm","DC01.darkzero.htb","DC01$","4624","Security","Logon","","","","","10.129.28.204"
"16/8/2026, 7:40:39.393671 pm","DC01.darkzero.htb","DC01$","4672","Security","Privileged Logon","","","SeSecurityPrivilege
			SeBackupPrivilege
			SeRestorePrivilege
			SeTakeOwnershipPrivilege
			SeDebugPrivilege
			SeSystemEnvironmentPrivilege
			SeLoadDriverPrivilege
			SeImpersonatePrivilege
			SeDelegateSessionUserImpersonatePrivilege
			SeEnableDelegationPrivilege","",""
"16/8/2026, 7:40:39.393866 pm","DC01.darkzero.htb","DC01$","4624","Security","Logon","","","","","::1"
"16/8/2026, 7:41:16.426432 pm","DC01.darkzero.htb","DC01$","4672","Security","Privileged Logon","","","SeSecurityPrivilege
			SeBackupPrivilege
			SeRestorePrivilege
			SeTakeOwnershipPrivilege
			SeDebugPrivilege
			SeSystemEnvironmentPrivilege
			SeLoadDriverPrivilege
			SeImpersonatePrivilege
			SeDelegateSessionUserImpersonatePrivilege
			SeEnableDelegationPrivilege","",""
"16/8/2026, 7:41:16.426684 pm","DC01.darkzero.htb","DC01$","4624","Security","Logon","","","","","127.0.0.1"
"16/8/2026, 7:41:27.654421 pm","DC01.darkzero.htb","ella","4768","Security","Kerberos TGT","","","","0x12","::1"
"16/8/2026, 7:41:27.655967 pm","DC01.darkzero.htb","ella@DARKZERO.HTB","4769","Security","Kerberos Service Ticket","","","","0x12","::1"
"16/8/2026, 7:41:27.662049 pm","DC01.darkzero.htb","ella","4624","Security","Logon","","","","","-"
"16/8/2026, 7:41:27.670665 pm","DC01.darkzero.htb","darkzero\ella","1","Sysmon","Process Creation","","","""powershell.exe"" -NoProfile -NoLogo -NonInteractive -ExecutionPolicy Bypass -File ""C:\Users\ella\access_gitea.ps1""","",""
"16/8/2026, 7:41:27.824237 pm","DC01.darkzero.htb","darkzero\ella","11","Sysmon","File Created","C:\Users\ella.darkzero\AppData\Local\Temp\__PSScriptPolicyTest_hz2vp3aw.shx.ps1","","","",""
"16/8/2026, 7:41:27.824453 pm","DC01.darkzero.htb","darkzero\ella","11","Sysmon","File Created","C:\Users\ella.darkzero\AppData\Local\Temp\__PSScriptPolicyTest_unfoxndr.sej.psm1","","","",""
"16/8/2026, 7:41:30.982992 pm","DC01.darkzero.htb","darkzero\ella","11","Sysmon","File Created","C:\Users\ella.darkzero\AppData\Local\Microsoft\Windows\PowerShell\StartupProfileData-NonInteractive","","","",""
"16/8/2026, 7:42:16.435667 pm","DC01.darkzero.htb","DC01$","4672","Security","Privileged Logon","","","SeSecurityPrivilege
			SeBackupPrivilege
			SeRestorePrivilege
			SeTakeOwnershipPrivilege
			SeDebugPrivilege
			SeSystemEnvironmentPrivilege
			SeLoadDriverPrivilege
			SeImpersonatePrivilege
			SeDelegateSessionUserImpersonatePrivilege
			SeEnableDelegationPrivilege","",""
"16/8/2026, 7:42:16.435879 pm","DC01.darkzero.htb","DC01$","4624","Security","Logon","","","","","127.0.0.1"
"16/8/2026, 7:42:27.669742 pm","DC01.darkzero.htb","ella","4768","Security","Kerberos TGT","","","","0x12","::1"
"16/8/2026, 7:42:27.671185 pm","DC01.darkzero.htb","ella@DARKZERO.HTB","4769","Security","Kerberos Service Ticket","","","","0x12","::1"
"16/8/2026, 7:42:27.677803 pm","DC01.darkzero.htb","ella","4624","Security","Logon","","","","","-"
"16/8/2026, 7:42:27.687772 pm","DC01.darkzero.htb","darkzero\ella","1","Sysmon","Process Creation","","","""powershell.exe"" -NoProfile -NoLogo -NonInteractive -ExecutionPolicy Bypass -File ""C:\Users\ella\access_gitea.ps1""","",""
"16/8/2026, 7:42:27.851676 pm","DC01.darkzero.htb","darkzero\ella","11","Sysmon","File Created","C:\Users\ella.darkzero\AppData\Local\Temp\__PSScriptPolicyTest_uyjl4cze.rok.ps1","","","",""
"16/8/2026, 7:42:27.852531 pm","DC01.darkzero.htb","darkzero\ella","11","Sysmon","File Created","C:\Users\ella.darkzero\AppData\Local\Temp\__PSScriptPolicyTest_wuhiwxqz.0pd.psm1","","","",""
"16/8/2026, 7:42:30.958972 pm","DC01.darkzero.htb","darkzero\ella","11","Sysmon","File Created","C:\Users\ella.darkzero\AppData\Local\Microsoft\Windows\PowerShell\StartupProfileData-NonInteractive","","","",""
"16/8/2026, 7:43:16.454481 pm","DC01.darkzero.htb","DC01$","4672","Security","Privileged Logon","","","SeSecurityPrivilege
			SeBackupPrivilege
			SeRestorePrivilege
			SeTakeOwnershipPrivilege
			SeDebugPrivilege
			SeSystemEnvironmentPrivilege
			SeLoadDriverPrivilege
			SeImpersonatePrivilege
			SeDelegateSessionUserImpersonatePrivilege
			SeEnableDelegationPrivilege","",""
"16/8/2026, 7:43:16.454733 pm","DC01.darkzero.htb","DC01$","4624","Security","Logon","","","","","127.0.0.1"
"16/8/2026, 7:43:27.671887 pm","DC01.darkzero.htb","ella","4768","Security","Kerberos TGT","","","","0x12","::1"
"16/8/2026, 7:43:27.673509 pm","DC01.darkzero.htb","ella@DARKZERO.HTB","4769","Security","Kerberos Service Ticket","","","","0x12","::1"
"16/8/2026, 7:43:27.679807 pm","DC01.darkzero.htb","ella","4624","Security","Logon","","","","","-"
"16/8/2026, 7:43:27.690171 pm","DC01.darkzero.htb","darkzero\ella","1","Sysmon","Process Creation","","","""powershell.exe"" -NoProfile -NoLogo -NonInteractive -ExecutionPolicy Bypass -File ""C:\Users\ella\access_gitea.ps1""","",""
"16/8/2026, 7:43:27.84376 pm","DC01.darkzero.htb","darkzero\ella","11","Sysmon","File Created","C:\Users\ella.darkzero\AppData\Local\Temp\__PSScriptPolicyTest_x1ceqwc4.zhu.ps1","","","",""
"16/8/2026, 7:43:27.844629 pm","DC01.darkzero.htb","darkzero\ella","11","Sysmon","File Created","C:\Users\ella.darkzero\AppData\Local\Temp\__PSScriptPolicyTest_kxsuilct.frq.psm1","","","",""
"16/8/2026, 7:43:30.990828 pm","DC01.darkzero.htb","darkzero\ella","11","Sysmon","File Created","C:\Users\ella.darkzero\AppData\Local\Microsoft\Windows\PowerShell\StartupProfileData-NonInteractive","","","",""
"16/8/2026, 7:44:16.459241 pm","DC01.darkzero.htb","DC01$","4672","Security","Privileged Logon","","","SeSecurityPrivilege
			SeBackupPrivilege
			SeRestorePrivilege
			SeTakeOwnershipPrivilege
			SeDebugPrivilege
			SeSystemEnvironmentPrivilege
			SeLoadDriverPrivilege
			SeImpersonatePrivilege
			SeDelegateSessionUserImpersonatePrivilege
			SeEnableDelegationPrivilege","",""
"16/8/2026, 7:44:16.459436 pm","DC01.darkzero.htb","DC01$","4624","Security","Logon","","","","","127.0.0.1"
"16/8/2026, 7:44:20.731283 pm","DC01.darkzero.htb","DC01$","4662","Security","Object Access (poss. DCSync)","%{c5b34810-a7d4-48a4-ad4c-5fb4ab0f8fed}","","","",""
"16/8/2026, 7:44:27.671198 pm","DC01.darkzero.htb","ella","4768","Security","Kerberos TGT","","","","0x12","::1"
"16/8/2026, 7:44:27.672888 pm","DC01.darkzero.htb","ella@DARKZERO.HTB","4769","Security","Kerberos Service Ticket","","","","0x12","::1"
"16/8/2026, 7:44:27.679357 pm","DC01.darkzero.htb","ella","4624","Security","Logon","","","","","-"
"16/8/2026, 7:44:27.688241 pm","DC01.darkzero.htb","darkzero\ella","1","Sysmon","Process Creation","","","""powershell.exe"" -NoProfile -NoLogo -NonInteractive -ExecutionPolicy Bypass -File ""C:\Users\ella\access_gitea.ps1""","",""
"16/8/2026, 7:44:27.861205 pm","DC01.darkzero.htb","darkzero\ella","11","Sysmon","File Created","C:\Users\ella.darkzero\AppData\Local\Temp\__PSScriptPolicyTest_0babrwmy.xgy.ps1","","","",""
"16/8/2026, 7:44:27.862328 pm","DC01.darkzero.htb","darkzero\ella","11","Sysmon","File Created","C:\Users\ella.darkzero\AppData\Local\Temp\__PSScriptPolicyTest_0qreuddk.jmh.psm1","","","",""
"16/8/2026, 7:44:31.043654 pm","DC01.darkzero.htb","darkzero\ella","11","Sysmon","File Created","C:\Users\ella.darkzero\AppData\Local\Microsoft\Windows\PowerShell\StartupProfileData-NonInteractive","","","",""
"16/8/2026, 7:44:58.606893 pm","DC01.darkzero.htb","DC01$","4624","Security","Logon","","","","","172.16.20.3"
"16/8/2026, 7:45:00.095198 pm","DC01.darkzero.htb","DC01$","4624","Security","Logon","","","","","172.16.20.3"
"16/8/2026, 7:45:16.478981 pm","DC01.darkzero.htb","DC01$","4672","Security","Privileged Logon","","","SeSecurityPrivilege
			SeBackupPrivilege
			SeRestorePrivilege
			SeTakeOwnershipPrivilege
			SeDebugPrivilege
			SeSystemEnvironmentPrivilege
			SeLoadDriverPrivilege
			SeImpersonatePrivilege
			SeDelegateSessionUserImpersonatePrivilege
			SeEnableDelegationPrivilege","",""
"16/8/2026, 7:45:16.47934 pm","DC01.darkzero.htb","DC01$","4624","Security","Logon","","","","","127.0.0.1"
"16/8/2026, 7:45:27.571524 pm","DC01.darkzero.htb","DC01$","4672","Security","Privileged Logon","","","SeSecurityPrivilege
			SeBackupPrivilege
			SeRestorePrivilege
			SeTakeOwnershipPrivilege
			SeDebugPrivilege
			SeSystemEnvironmentPrivilege
			SeLoadDriverPrivilege
			SeImpersonatePrivilege
			SeDelegateSessionUserImpersonatePrivilege
			SeEnableDelegationPrivilege","",""
"16/8/2026, 7:45:27.571796 pm","DC01.darkzero.htb","DC01$","4624","Security","Logon","","","","","::1"
"16/8/2026, 7:45:27.678805 pm","DC01.darkzero.htb","ella","4768","Security","Kerberos TGT","","","","0x12","::1"
"16/8/2026, 7:45:27.680335 pm","DC01.darkzero.htb","ella@DARKZERO.HTB","4769","Security","Kerberos Service Ticket","","","","0x12","::1"
"16/8/2026, 7:45:27.688203 pm","DC01.darkzero.htb","ella","4624","Security","Logon","","","","","-"
"16/8/2026, 7:45:27.697864 pm","DC01.darkzero.htb","darkzero\ella","1","Sysmon","Process Creation","","","""powershell.exe"" -NoProfile -NoLogo -NonInteractive -ExecutionPolicy Bypass -File ""C:\Users\ella\access_gitea.ps1""","",""
"16/8/2026, 7:45:27.858506 pm","DC01.darkzero.htb","darkzero\ella","11","Sysmon","File Created","C:\Users\ella.darkzero\AppData\Local\Temp\__PSScriptPolicyTest_4d3czzph.zbu.ps1","","","",""
"16/8/2026, 7:45:27.859284 pm","DC01.darkzero.htb","darkzero\ella","11","Sysmon","File Created","C:\Users\ella.darkzero\AppData\Local\Temp\__PSScriptPolicyTest_02e5awkr.pi1.psm1","","","",""
"16/8/2026, 7:45:28.011984 pm","DC01.darkzero.htb","NT AUTHORITY\SYSTEM","11","Sysmon","File Created","C:\System Volume Information\DFSR\Config\Replica_403BC236-9053-43D0-AAD0-74F0FB6A21A3.XML.TMP","","","",""
"16/8/2026, 7:45:28.016442 pm","DC01.darkzero.htb","NT AUTHORITY\SYSTEM","11","Sysmon","File Created","C:\System Volume Information\DFSR\Config\Volume_57941D7E-1E19-4293-AB21-2231712EE33A.XML.TMP","","","",""
"16/8/2026, 7:45:28.126689 pm","DC01.darkzero.htb","DC01$","4672","Security","Privileged Logon","","","SeSecurityPrivilege
			SeBackupPrivilege
			SeRestorePrivilege
			SeTakeOwnershipPrivilege
			SeDebugPrivilege
			SeSystemEnvironmentPrivilege
			SeLoadDriverPrivilege
			SeImpersonatePrivilege
			SeDelegateSessionUserImpersonatePrivilege
			SeEnableDelegationPrivilege","",""
"16/8/2026, 7:45:28.126862 pm","DC01.darkzero.htb","DC01$","4624","Security","Logon","","","","","172.16.20.1"
"16/8/2026, 7:45:28.241908 pm","DC01.darkzero.htb","DC01$","4672","Security","Privileged Logon","","","SeSecurityPrivilege
			SeBackupPrivilege
			SeRestorePrivilege
			SeTakeOwnershipPrivilege
			SeDebugPrivilege
			SeSystemEnvironmentPrivilege
			SeLoadDriverPrivilege
			SeImpersonatePrivilege
			SeDelegateSessionUserImpersonatePrivilege
			SeEnableDelegationPrivilege","",""
"16/8/2026, 7:45:28.242099 pm","DC01.darkzero.htb","DC01$","4624","Security","Logon","","","","","172.16.20.1"
"16/8/2026, 7:45:31.015083 pm","DC01.darkzero.htb","darkzero\ella","11","Sysmon","File Created","C:\Users\ella.darkzero\AppData\Local\Microsoft\Windows\PowerShell\StartupProfileData-NonInteractive","","","",""
"16/8/2026, 7:45:39.532455 pm","DC01.darkzero.htb","DC01$","4672","Security","Privileged Logon","","","SeSecurityPrivilege
			SeBackupPrivilege
			SeRestorePrivilege
			SeTakeOwnershipPrivilege
			SeDebugPrivilege
			SeSystemEnvironmentPrivilege
			SeLoadDriverPrivilege
			SeImpersonatePrivilege
			SeDelegateSessionUserImpersonatePrivilege
			SeEnableDelegationPrivilege","",""
"16/8/2026, 7:45:39.532645 pm","DC01.darkzero.htb","DC01$","4624","Security","Logon","","","","","172.16.20.1"
"16/8/2026, 7:45:39.542204 pm","DC01.darkzero.htb","DC01$","4672","Security","Privileged Logon","","","SeSecurityPrivilege
			SeBackupPrivilege
			SeRestorePrivilege
			SeTakeOwnershipPrivilege
			SeDebugPrivilege
			SeSystemEnvironmentPrivilege
			SeLoadDriverPrivilege
			SeImpersonatePrivilege
			SeDelegateSessionUserImpersonatePrivilege
			SeEnableDelegationPrivilege","",""
"16/8/2026, 7:45:39.542413 pm","DC01.darkzero.htb","DC01$","4624","Security","Logon","","","","","::1"
"16/8/2026, 7:45:39.552576 pm","DC01.darkzero.htb","DC01$","4672","Security","Privileged Logon","","","SeSecurityPrivilege
			SeBackupPrivilege
			SeRestorePrivilege
			SeTakeOwnershipPrivilege
			SeDebugPrivilege
			SeSystemEnvironmentPrivilege
			SeLoadDriverPrivilege
			SeImpersonatePrivilege
			SeDelegateSessionUserImpersonatePrivilege
			SeEnableDelegationPrivilege","",""
"16/8/2026, 7:45:39.552739 pm","DC01.darkzero.htb","DC01$","4624","Security","Logon","","","","","::1"
"16/8/2026, 7:45:39.56019 pm","DC01.darkzero.htb","DC01$","4672","Security","Privileged Logon","","","SeSecurityPrivilege
			SeBackupPrivilege
			SeRestorePrivilege
			SeTakeOwnershipPrivilege
			SeDebugPrivilege
			SeSystemEnvironmentPrivilege
			SeLoadDriverPrivilege
			SeImpersonatePrivilege
			SeDelegateSessionUserImpersonatePrivilege
			SeEnableDelegationPrivilege","",""
"16/8/2026, 7:45:39.560404 pm","DC01.darkzero.htb","DC01$","4624","Security","Logon","","","","","10.129.28.204"
"16/8/2026, 7:45:39.582143 pm","DC01.darkzero.htb","DC01$","4672","Security","Privileged Logon","","","SeSecurityPrivilege
			SeBackupPrivilege
			SeRestorePrivilege
			SeTakeOwnershipPrivilege
			SeDebugPrivilege
			SeSystemEnvironmentPrivilege
			SeLoadDriverPrivilege
			SeImpersonatePrivilege
			SeDelegateSessionUserImpersonatePrivilege
			SeEnableDelegationPrivilege","",""
"16/8/2026, 7:45:39.582308 pm","DC01.darkzero.htb","DC01$","4624","Security","Logon","","","","","::1"
"16/8/2026, 7:45:43.388488 pm","DC01.darkzero.htb","Administrator","4672","Security","Privileged Logon","","","SeSecurityPrivilege
			SeBackupPrivilege
			SeRestorePrivilege
			SeTakeOwnershipPrivilege
			SeDebugPrivilege
			SeSystemEnvironmentPrivilege
			SeLoadDriverPrivilege
			SeImpersonatePrivilege
			SeDelegateSessionUserImpersonatePrivilege
			SeEnableDelegationPrivilege","",""
"16/8/2026, 7:45:43.388948 pm","DC01.darkzero.htb","Administrator","4624","Security","Logon","","","","","172.16.20.3"
"16/8/2026, 7:45:44.009019 pm","DC01.darkzero.htb","darkzero\Administrator","1","Sysmon","Process Creation","","","C:\WINDOWS\system32\WinrsHost.exe -Embedding","",""
"16/8/2026, 7:45:44.336786 pm","DC01.darkzero.htb","darkzero\Administrator","1","Sysmon","Process Creation","","","C:\WINDOWS\system32\cmd.exe /C type C:\Users\Administrator\Desktop\root.txt & hostname & whoami","",""
"16/8/2026, 7:45:44.362649 pm","DC01.darkzero.htb","darkzero\Administrator","1","Sysmon","Process Creation","","","hostname  ","",""
"16/8/2026, 7:45:44.402195 pm","DC01.darkzero.htb","darkzero\Administrator","1","Sysmon","Process Creation","","","whoami","",""
"16/8/2026, 7:46:16.484604 pm","DC01.darkzero.htb","DC01$","4672","Security","Privileged Logon","","","SeSecurityPrivilege
			SeBackupPrivilege
			SeRestorePrivilege
			SeTakeOwnershipPrivilege
			SeDebugPrivilege
			SeSystemEnvironmentPrivilege
			SeLoadDriverPrivilege
			SeImpersonatePrivilege
			SeDelegateSessionUserImpersonatePrivilege
			SeEnableDelegationPrivilege","",""
"16/8/2026, 7:46:16.484807 pm","DC01.darkzero.htb","DC01$","4624","Security","Logon","","","","","127.0.0.1"
"16/8/2026, 7:46:27.68632 pm","DC01.darkzero.htb","ella","4768","Security","Kerberos TGT","","","","0x12","::1"
"16/8/2026, 7:46:27.687812 pm","DC01.darkzero.htb","ella@DARKZERO.HTB","4769","Security","Kerberos Service Ticket","","","","0x12","::1"
"16/8/2026, 7:46:27.69405 pm","DC01.darkzero.htb","ella","4624","Security","Logon","","","","","-"
"16/8/2026, 7:46:27.710049 pm","DC01.darkzero.htb","darkzero\ella","1","Sysmon","Process Creation","","","""powershell.exe"" -NoProfile -NoLogo -NonInteractive -ExecutionPolicy Bypass -File ""C:\Users\ella\access_gitea.ps1""","",""
"16/8/2026, 7:46:27.933572 pm","DC01.darkzero.htb","darkzero\ella","11","Sysmon","File Created","C:\Users\ella.darkzero\AppData\Local\Temp\__PSScriptPolicyTest_3zmamfaf.ejc.ps1","","","",""
"16/8/2026, 7:46:27.934293 pm","DC01.darkzero.htb","darkzero\ella","11","Sysmon","File Created","C:\Users\ella.darkzero\AppData\Local\Temp\__PSScriptPolicyTest_22vmvurz.jjo.psm1","","","",""
"16/8/2026, 7:46:31.130441 pm","DC01.darkzero.htb","darkzero\ella","11","Sysmon","File Created","C:\Users\ella.darkzero\AppData\Local\Microsoft\Windows\PowerShell\StartupProfileData-NonInteractive","","","",""
"16/8/2026, 7:46:49.514632 pm","DC01.darkzero.htb","Administrator","4672","Security","Privileged Logon","","","SeSecurityPrivilege
			SeBackupPrivilege
			SeRestorePrivilege
			SeTakeOwnershipPrivilege
			SeDebugPrivilege
			SeSystemEnvironmentPrivilege
			SeLoadDriverPrivilege
			SeImpersonatePrivilege
			SeDelegateSessionUserImpersonatePrivilege
			SeEnableDelegationPrivilege","",""
"16/8/2026, 7:46:49.515011 pm","DC01.darkzero.htb","Administrator","4624","Security","Logon","","","","","172.16.20.3"
"16/8/2026, 7:46:50.146869 pm","DC01.darkzero.htb","darkzero\Administrator","1","Sysmon","Process Creation","","","C:\WINDOWS\system32\wsmprovhost.exe -Embedding","",""
"16/8/2026, 7:46:50.571844 pm","DC01.darkzero.htb","darkzero\Administrator","11","Sysmon","File Created","C:\Users\Administrator\AppData\Local\Temp\__PSScriptPolicyTest_tmaihc5n.ek0.psm1","","","",""
"16/8/2026, 7:47:16.507553 pm","DC01.darkzero.htb","DC01$","4672","Security","Privileged Logon","","","SeSecurityPrivilege
			SeBackupPrivilege
			SeRestorePrivilege
			SeTakeOwnershipPrivilege
			SeDebugPrivilege
			SeSystemEnvironmentPrivilege
			SeLoadDriverPrivilege
			SeImpersonatePrivilege
			SeDelegateSessionUserImpersonatePrivilege
			SeEnableDelegationPrivilege","",""
"16/8/2026, 7:47:16.507759 pm","DC01.darkzero.htb","DC01$","4624","Security","Logon","","","","","127.0.0.1"
"16/8/2026, 7:47:20.700239 pm","DC01.darkzero.htb","Administrator","4672","Security","Privileged Logon","","","SeSecurityPrivilege
			SeBackupPrivilege
			SeRestorePrivilege
			SeTakeOwnershipPrivilege
			SeDebugPrivilege
			SeSystemEnvironmentPrivilege
			SeLoadDriverPrivilege
			SeImpersonatePrivilege
			SeDelegateSessionUserImpersonatePrivilege
			SeEnableDelegationPrivilege","",""
"16/8/2026, 7:47:20.70069 pm","DC01.darkzero.htb","Administrator","4624","Security","Logon","","","","","172.16.20.3"
"16/8/2026, 7:47:25.28024 pm","DC01.darkzero.htb","DC01$","4672","Security","Privileged Logon","","","SeSecurityPrivilege
			SeBackupPrivilege
			SeRestorePrivilege
			SeTakeOwnershipPrivilege
			SeDebugPrivilege
			SeSystemEnvironmentPrivilege
			SeLoadDriverPrivilege
			SeImpersonatePrivilege
			SeDelegateSessionUserImpersonatePrivilege
			SeEnableDelegationPrivilege","",""
"16/8/2026, 7:47:25.280902 pm","DC01.darkzero.htb","DC01$","4624","Security","Logon","","","","","::1"
"16/8/2026, 7:47:27.687031 pm","DC01.darkzero.htb","ella","4768","Security","Kerberos TGT","","","","0x12","::1"
"16/8/2026, 7:47:27.688763 pm","DC01.darkzero.htb","ella@DARKZERO.HTB","4769","Security","Kerberos Service Ticket","","","","0x12","::1"
"16/8/2026, 7:47:27.695835 pm","DC01.darkzero.htb","ella","4624","Security","Logon","","","","","-"
"16/8/2026, 7:47:27.705809 pm","DC01.darkzero.htb","darkzero\ella","1","Sysmon","Process Creation","","","""powershell.exe"" -NoProfile -NoLogo -NonInteractive -ExecutionPolicy Bypass -File ""C:\Users\ella\access_gitea.ps1""","",""
"16/8/2026, 7:47:27.880413 pm","DC01.darkzero.htb","darkzero\ella","11","Sysmon","File Created","C:\Users\ella.darkzero\AppData\Local\Temp\__PSScriptPolicyTest_k3xssjai.lvb.ps1","","","",""
"16/8/2026, 7:47:27.881334 pm","DC01.darkzero.htb","darkzero\ella","11","Sysmon","File Created","C:\Users\ella.darkzero\AppData\Local\Temp\__PSScriptPolicyTest_iwwskzf0.vt1.psm1","","","",""
"16/8/2026, 7:47:31.113825 pm","DC01.darkzero.htb","darkzero\ella","11","Sysmon","File Created","C:\Users\ella.darkzero\AppData\Local\Microsoft\Windows\PowerShell\StartupProfileData-NonInteractive","","","",""
"16/8/2026, 7:48:16.505546 pm","DC01.darkzero.htb","DC01$","4672","Security","Privileged Logon","","","SeSecurityPrivilege
			SeBackupPrivilege
			SeRestorePrivilege
			SeTakeOwnershipPrivilege
			SeDebugPrivilege
			SeSystemEnvironmentPrivilege
			SeLoadDriverPrivilege
			SeImpersonatePrivilege
			SeDelegateSessionUserImpersonatePrivilege
			SeEnableDelegationPrivilege","",""
"16/8/2026, 7:48:16.505708 pm","DC01.darkzero.htb","DC01$","4624","Security","Logon","","","","","127.0.0.1"
"16/8/2026, 7:48:27.693345 pm","DC01.darkzero.htb","ella","4768","Security","Kerberos TGT","","","","0x12","::1"
"16/8/2026, 7:48:27.69505 pm","DC01.darkzero.htb","ella@DARKZERO.HTB","4769","Security","Kerberos Service Ticket","","","","0x12","::1"
"16/8/2026, 7:48:27.701438 pm","DC01.darkzero.htb","ella","4624","Security","Logon","","","","","-"
"16/8/2026, 7:48:27.710336 pm","DC01.darkzero.htb","darkzero\ella","1","Sysmon","Process Creation","","","""powershell.exe"" -NoProfile -NoLogo -NonInteractive -ExecutionPolicy Bypass -File ""C:\Users\ella\access_gitea.ps1""","",""
"16/8/2026, 7:48:27.870023 pm","DC01.darkzero.htb","darkzero\ella","11","Sysmon","File Created","C:\Users\ella.darkzero\AppData\Local\Temp\__PSScriptPolicyTest_0ofau4b3.cer.ps1","","","",""
"16/8/2026, 7:48:27.870688 pm","DC01.darkzero.htb","darkzero\ella","11","Sysmon","File Created","C:\Users\ella.darkzero\AppData\Local\Temp\__PSScriptPolicyTest_aellfk2x.mk1.psm1","","","",""
"16/8/2026, 7:48:31.034565 pm","DC01.darkzero.htb","darkzero\ella","11","Sysmon","File Created","C:\Users\ella.darkzero\AppData\Local\Microsoft\Windows\PowerShell\StartupProfileData-NonInteractive","","","",""
"16/8/2026, 7:49:16.509825 pm","DC01.darkzero.htb","DC01$","4672","Security","Privileged Logon","","","SeSecurityPrivilege
			SeBackupPrivilege
			SeRestorePrivilege
			SeTakeOwnershipPrivilege
			SeDebugPrivilege
			SeSystemEnvironmentPrivilege
			SeLoadDriverPrivilege
			SeImpersonatePrivilege
			SeDelegateSessionUserImpersonatePrivilege
			SeEnableDelegationPrivilege","",""
"16/8/2026, 7:49:16.510049 pm","DC01.darkzero.htb","DC01$","4624","Security","Logon","","","","","127.0.0.1"
"16/8/2026, 7:49:27.694338 pm","DC01.darkzero.htb","ella","4768","Security","Kerberos TGT","","","","0x12","::1"
"16/8/2026, 7:49:27.696078 pm","DC01.darkzero.htb","ella@DARKZERO.HTB","4769","Security","Kerberos Service Ticket","","","","0x12","::1"
"16/8/2026, 7:49:27.702673 pm","DC01.darkzero.htb","ella","4624","Security","Logon","","","","","-"
"16/8/2026, 7:49:27.711976 pm","DC01.darkzero.htb","darkzero\ella","1","Sysmon","Process Creation","","","""powershell.exe"" -NoProfile -NoLogo -NonInteractive -ExecutionPolicy Bypass -File ""C:\Users\ella\access_gitea.ps1""","",""
"16/8/2026, 7:49:27.860205 pm","DC01.darkzero.htb","darkzero\ella","11","Sysmon","File Created","C:\Users\ella.darkzero\AppData\Local\Temp\__PSScriptPolicyTest_rtsucdrz.4fe.ps1","","","",""
"16/8/2026, 7:49:27.861147 pm","DC01.darkzero.htb","darkzero\ella","11","Sysmon","File Created","C:\Users\ella.darkzero\AppData\Local\Temp\__PSScriptPolicyTest_smddm0qj.ofk.psm1","","","",""
"16/8/2026, 7:49:31.035464 pm","DC01.darkzero.htb","darkzero\ella","11","Sysmon","File Created","C:\Users\ella.darkzero\AppData\Local\Microsoft\Windows\PowerShell\StartupProfileData-NonInteractive","","","",""
"16/8/2026, 7:50:16.522689 pm","DC01.darkzero.htb","DC01$","4672","Security","Privileged Logon","","","SeSecurityPrivilege
			SeBackupPrivilege
			SeRestorePrivilege
			SeTakeOwnershipPrivilege
			SeDebugPrivilege
			SeSystemEnvironmentPrivilege
			SeLoadDriverPrivilege
			SeImpersonatePrivilege
			SeDelegateSessionUserImpersonatePrivilege
			SeEnableDelegationPrivilege","",""
"16/8/2026, 7:50:16.522876 pm","DC01.darkzero.htb","DC01$","4624","Security","Logon","","","","","127.0.0.1"
"16/8/2026, 7:50:27.694409 pm","DC01.darkzero.htb","ella","4768","Security","Kerberos TGT","","","","0x12","::1"
"16/8/2026, 7:50:27.696055 pm","DC01.darkzero.htb","ella@DARKZERO.HTB","4769","Security","Kerberos Service Ticket","","","","0x12","::1"
"16/8/2026, 7:50:27.702766 pm","DC01.darkzero.htb","ella","4624","Security","Logon","","","","","-"
"16/8/2026, 7:50:27.71205 pm","DC01.darkzero.htb","darkzero\ella","1","Sysmon","Process Creation","","","""powershell.exe"" -NoProfile -NoLogo -NonInteractive -ExecutionPolicy Bypass -File ""C:\Users\ella\access_gitea.ps1""","",""
"16/8/2026, 7:50:27.865092 pm","DC01.darkzero.htb","darkzero\ella","11","Sysmon","File Created","C:\Users\ella.darkzero\AppData\Local\Temp\__PSScriptPolicyTest_woqzmrrj.2ue.ps1","","","",""
"16/8/2026, 7:50:27.865332 pm","DC01.darkzero.htb","darkzero\ella","11","Sysmon","File Created","C:\Users\ella.darkzero\AppData\Local\Temp\__PSScriptPolicyTest_mu1dst5k.egu.psm1","","","",""
"16/8/2026, 7:50:28.511603 pm","DC01.darkzero.htb","NT AUTHORITY\SYSTEM","11","Sysmon","File Created","C:\System Volume Information\DFSR\Config\Replica_403BC236-9053-43D0-AAD0-74F0FB6A21A3.XML.TMP","","","",""
"16/8/2026, 7:50:28.516012 pm","DC01.darkzero.htb","NT AUTHORITY\SYSTEM","11","Sysmon","File Created","C:\System Volume Information\DFSR\Config\Volume_57941D7E-1E19-4293-AB21-2231712EE33A.XML.TMP","","","",""
"16/8/2026, 7:50:28.623517 pm","DC01.darkzero.htb","DC01$","4672","Security","Privileged Logon","","","SeSecurityPrivilege
			SeBackupPrivilege
			SeRestorePrivilege
			SeTakeOwnershipPrivilege
			SeDebugPrivilege
			SeSystemEnvironmentPrivilege
			SeLoadDriverPrivilege
			SeImpersonatePrivilege
			SeDelegateSessionUserImpersonatePrivilege
			SeEnableDelegationPrivilege","",""
"16/8/2026, 7:50:28.623689 pm","DC01.darkzero.htb","DC01$","4624","Security","Logon","","","","","172.16.20.1"
"16/8/2026, 7:50:28.74004 pm","DC01.darkzero.htb","DC01$","4672","Security","Privileged Logon","","","SeSecurityPrivilege
			SeBackupPrivilege
			SeRestorePrivilege
			SeTakeOwnershipPrivilege
			SeDebugPrivilege
			SeSystemEnvironmentPrivilege
			SeLoadDriverPrivilege
			SeImpersonatePrivilege
			SeDelegateSessionUserImpersonatePrivilege
			SeEnableDelegationPrivilege","",""
"16/8/2026, 7:50:28.740298 pm","DC01.darkzero.htb","DC01$","4624","Security","Logon","","","","","172.16.20.1"
"16/8/2026, 7:50:30.981702 pm","DC01.darkzero.htb","darkzero\ella","11","Sysmon","File Created","C:\Users\ella.darkzero\AppData\Local\Microsoft\Windows\PowerShell\StartupProfileData-NonInteractive","","","",""
"16/8/2026, 7:50:39.712723 pm","DC01.darkzero.htb","DC01$","4672","Security","Privileged Logon","","","SeSecurityPrivilege
			SeBackupPrivilege
			SeRestorePrivilege
			SeTakeOwnershipPrivilege
			SeDebugPrivilege
			SeSystemEnvironmentPrivilege
			SeLoadDriverPrivilege
			SeImpersonatePrivilege
			SeDelegateSessionUserImpersonatePrivilege
			SeEnableDelegationPrivilege","",""
"16/8/2026, 7:50:39.712891 pm","DC01.darkzero.htb","DC01$","4624","Security","Logon","","","","","172.16.20.1"
"16/8/2026, 7:50:39.721673 pm","DC01.darkzero.htb","DC01$","4672","Security","Privileged Logon","","","SeSecurityPrivilege
			SeBackupPrivilege
			SeRestorePrivilege
			SeTakeOwnershipPrivilege
			SeDebugPrivilege
			SeSystemEnvironmentPrivilege
			SeLoadDriverPrivilege
			SeImpersonatePrivilege
			SeDelegateSessionUserImpersonatePrivilege
			SeEnableDelegationPrivilege","",""
"16/8/2026, 7:50:39.721957 pm","DC01.darkzero.htb","DC01$","4624","Security","Logon","","","","","::1"
"16/8/2026, 7:50:39.73313 pm","DC01.darkzero.htb","DC01$","4672","Security","Privileged Logon","","","SeSecurityPrivilege
			SeBackupPrivilege
			SeRestorePrivilege
			SeTakeOwnershipPrivilege
			SeDebugPrivilege
			SeSystemEnvironmentPrivilege
			SeLoadDriverPrivilege
			SeImpersonatePrivilege
			SeDelegateSessionUserImpersonatePrivilege
			SeEnableDelegationPrivilege","",""
"16/8/2026, 7:50:39.733337 pm","DC01.darkzero.htb","DC01$","4624","Security","Logon","","","","","::1"
"16/8/2026, 7:50:39.741391 pm","DC01.darkzero.htb","DC01$","4672","Security","Privileged Logon","","","SeSecurityPrivilege
			SeBackupPrivilege
			SeRestorePrivilege
			SeTakeOwnershipPrivilege
			SeDebugPrivilege
			SeSystemEnvironmentPrivilege
			SeLoadDriverPrivilege
			SeImpersonatePrivilege
			SeDelegateSessionUserImpersonatePrivilege
			SeEnableDelegationPrivilege","",""
"16/8/2026, 7:50:39.741652 pm","DC01.darkzero.htb","DC01$","4624","Security","Logon","","","","","10.129.28.204"
"16/8/2026, 7:50:39.762275 pm","DC01.darkzero.htb","DC01$","4672","Security","Privileged Logon","","","SeSecurityPrivilege
			SeBackupPrivilege
			SeRestorePrivilege
			SeTakeOwnershipPrivilege
			SeDebugPrivilege
			SeSystemEnvironmentPrivilege
			SeLoadDriverPrivilege
			SeImpersonatePrivilege
			SeDelegateSessionUserImpersonatePrivilege
			SeEnableDelegationPrivilege","",""
"16/8/2026, 7:50:39.762468 pm","DC01.darkzero.htb","DC01$","4624","Security","Logon","","","","","::1"
"16/8/2026, 7:50:45.681558 pm","DC01.darkzero.htb","Administrator","4672","Security","Privileged Logon","","","SeSecurityPrivilege
			SeBackupPrivilege
			SeRestorePrivilege
			SeTakeOwnershipPrivilege
			SeDebugPrivilege
			SeSystemEnvironmentPrivilege
			SeLoadDriverPrivilege
			SeImpersonatePrivilege
			SeDelegateSessionUserImpersonatePrivilege
			SeEnableDelegationPrivilege","",""
"16/8/2026, 7:50:45.681979 pm","DC01.darkzero.htb","Administrator","4624","Security","Logon","","","","","172.16.20.3"
"16/8/2026, 7:50:46.26788 pm","DC01.darkzero.htb","darkzero\Administrator","11","Sysmon","File Created","C:\Users\Administrator\Desktop\DangletreeEvidence.ps1","","","",""
"16/8/2026, 7:50:58.772283 pm","DC01.darkzero.htb","darkzero\Administrator","1","Sysmon","Process Creation","","","""C:\WINDOWS\System32\WindowsPowerShell\v1.0\powershell.exe""","",""
"16/8/2026, 7:50:58.93165 pm","DC01.darkzero.htb","darkzero\Administrator","11","Sysmon","File Created","C:\Users\Administrator\AppData\Local\Temp\__PSScriptPolicyTest_hzvbyb0o.cu1.ps1","","","",""
"16/8/2026, 7:50:58.932479 pm","DC01.darkzero.htb","darkzero\Administrator","11","Sysmon","File Created","C:\Users\Administrator\AppData\Local\Temp\__PSScriptPolicyTest_ksmo0tnm.4ed.psm1","","","",""
"16/8/2026, 7:50:59.388789 pm","DC01.darkzero.htb","darkzero\Administrator","11","Sysmon","File Created","C:\Users\Administrator\AppData\Local\Microsoft\Windows\PowerShell\StartupProfileData-Interactive","","","",""
"16/8/2026, 7:51:11.345781 pm","DC01.darkzero.htb","darkzero\Administrator","11","Sysmon","File Created","C:\Windows\Temp\attack_chain_20260816_125111","","","",""
"16/8/2026, 7:51:11.349355 pm","DC01.darkzero.htb","darkzero\Administrator","11","Sysmon","File Created","C:\Windows\Temp\attack_chain_20260816_125111\evtx","","","",""
"16/8/2026, 7:51:11.361721 pm","DC01.darkzero.htb","darkzero\Administrator","1","Sysmon","Process Creation","","","""C:\WINDOWS\system32\wevtutil.exe"" epl Security C:\Windows\Temp\attack_chain_20260816_125111\evtx\Security.evtx","",""
"16/8/2026, 7:51:11.437706 pm","DC01.darkzero.htb","NT AUTHORITY\LOCAL SERVICE","11","Sysmon","File Created","C:\Windows\Temp\attack_chain_20260816_125111\evtx\Security.evtx","","","",""
"16/8/2026, 7:51:12.75819 pm","DC01.darkzero.htb","darkzero\Administrator","1","Sysmon","Process Creation","","","""C:\WINDOWS\system32\wevtutil.exe"" epl System C:\Windows\Temp\attack_chain_20260816_125111\evtx\System.evtx","",""
"16/8/2026, 7:51:12.839371 pm","DC01.darkzero.htb","NT AUTHORITY\LOCAL SERVICE","11","Sysmon","File Created","C:\Windows\Temp\attack_chain_20260816_125111\evtx\System.evtx","","","",""
"16/8/2026, 7:51:13.0523 pm","DC01.darkzero.htb","darkzero\Administrator","1","Sysmon","Process Creation","","","""C:\WINDOWS\system32\wevtutil.exe"" epl Application C:\Windows\Temp\attack_chain_20260816_125111\evtx\Application.evtx","",""
"16/8/2026, 7:51:13.132989 pm","DC01.darkzero.htb","NT AUTHORITY\LOCAL SERVICE","11","Sysmon","File Created","C:\Windows\Temp\attack_chain_20260816_125111\evtx\Application.evtx","","","",""
"16/8/2026, 7:51:13.181196 pm","DC01.darkzero.htb","darkzero\Administrator","1","Sysmon","Process Creation","","","""C:\WINDOWS\system32\wevtutil.exe"" epl ""Windows PowerShell"" C:\Windows\Temp\attack_chain_20260816_125111\evtx\Windows_PowerShell.evtx","",""
"16/8/2026, 7:51:13.262598 pm","DC01.darkzero.htb","darkzero\Administrator","1","Sysmon","Process Creation","","","""C:\WINDOWS\system32\wevtutil.exe"" epl Microsoft-Windows-PowerShell/Operational C:\Windows\Temp\attack_chain_20260816_125111\evtx\Microsoft-Windows-PowerShell_Operational.evtx","",""
"16/8/2026, 7:51:13.338922 pm","DC01.darkzero.htb","darkzero\Administrator","1","Sysmon","Process Creation","","","""C:\WINDOWS\system32\wevtutil.exe"" epl Microsoft-Windows-WinRM/Operational C:\Windows\Temp\attack_chain_20260816_125111\evtx\Microsoft-Windows-WinRM_Operational.evtx","",""
"16/8/2026, 7:51:13.408418 pm","DC01.darkzero.htb","NT AUTHORITY\LOCAL SERVICE","11","Sysmon","File Created","C:\Windows\Temp\attack_chain_20260816_125111\evtx\Microsoft-Windows-WinRM_Operational.evtx","","","",""
"16/8/2026, 7:51:13.423875 pm","DC01.darkzero.htb","darkzero\Administrator","1","Sysmon","Process Creation","","","""C:\WINDOWS\system32\wevtutil.exe"" epl Microsoft-Windows-TerminalServices-LocalSessionManager/Operational C:\Windows\Temp\attack_chain_20260816_125111\evtx\Microsoft-Windows-TerminalServices-LocalSessionManager_Operational.evtx","",""
"16/8/2026, 7:51:13.489401 pm","DC01.darkzero.htb","NT AUTHORITY\LOCAL SERVICE","11","Sysmon","File Created","C:\Windows\Temp\attack_chain_20260816_125111\evtx\Microsoft-Windows-TerminalServices-LocalSessionManager_Operational.evtx","","","",""
"16/8/2026, 7:51:13.50344 pm","DC01.darkzero.htb","darkzero\Administrator","1","Sysmon","Process Creation","","","""C:\WINDOWS\system32\wevtutil.exe"" epl Microsoft-Windows-TerminalServices-RemoteConnectionManager/Operational C:\Windows\Temp\attack_chain_20260816_125111\evtx\Microsoft-Windows-TerminalServices-RemoteConnectionManager_Operational.evtx","",""
"16/8/2026, 7:51:13.57892 pm","DC01.darkzero.htb","NT AUTHORITY\LOCAL SERVICE","11","Sysmon","File Created","C:\Windows\System32\winevt\Logs\Microsoft-Windows-TerminalServices-RemoteConnectionManager%4Operational.evtx","","","",""
"16/8/2026, 7:51:13.582606 pm","DC01.darkzero.htb","NT AUTHORITY\LOCAL SERVICE","11","Sysmon","File Created","C:\Windows\Temp\attack_chain_20260816_125111\evtx\Microsoft-Windows-TerminalServices-RemoteConnectionManager_Operational.evtx","","","",""
"16/8/2026, 7:51:13.591744 pm","DC01.darkzero.htb","darkzero\Administrator","1","Sysmon","Process Creation","","","""C:\WINDOWS\system32\wevtutil.exe"" epl Microsoft-Windows-CAPI2/Operational C:\Windows\Temp\attack_chain_20260816_125111\evtx\Microsoft-Windows-CAPI2_Operational.evtx","",""
"16/8/2026, 7:51:13.656059 pm","DC01.darkzero.htb","NT AUTHORITY\LOCAL SERVICE","11","Sysmon","File Created","C:\Windows\Temp\attack_chain_20260816_125111\evtx\Microsoft-Windows-CAPI2_Operational.evtx","","","",""
"16/8/2026, 7:51:13.664564 pm","DC01.darkzero.htb","darkzero\Administrator","1","Sysmon","Process Creation","","","""C:\WINDOWS\system32\wevtutil.exe"" epl Microsoft-Windows-CertificateServicesClient-Lifecycle-System/Operational C:\Windows\Temp\attack_chain_20260816_125111\evtx\Microsoft-Windows-CertificateServicesClient-Lifecycle-System_Operational.evtx","",""
"16/8/2026, 7:51:13.731199 pm","DC01.darkzero.htb","NT AUTHORITY\LOCAL SERVICE","11","Sysmon","File Created","C:\Windows\Temp\attack_chain_20260816_125111\evtx\Microsoft-Windows-CertificateServicesClient-Lifecycle-System_Operational.evtx","","","",""
"16/8/2026, 7:51:13.739885 pm","DC01.darkzero.htb","darkzero\Administrator","1","Sysmon","Process Creation","","","""C:\WINDOWS\system32\wevtutil.exe"" epl Microsoft-Windows-CertificateServicesClient-CredentialRoaming/Operational C:\Windows\Temp\attack_chain_20260816_125111\evtx\Microsoft-Windows-CertificateServicesClient-CredentialRoaming_Operational.evtx","",""
"16/8/2026, 7:51:13.798048 pm","DC01.darkzero.htb","NT AUTHORITY\LOCAL SERVICE","11","Sysmon","File Created","C:\Windows\Temp\attack_chain_20260816_125111\evtx\Microsoft-Windows-CertificateServicesClient-CredentialRoaming_Operational.evtx","","","",""
"16/8/2026, 7:51:13.806174 pm","DC01.darkzero.htb","darkzero\Administrator","1","Sysmon","Process Creation","","","""C:\WINDOWS\system32\wevtutil.exe"" epl Microsoft-Windows-Kerberos/Operational C:\Windows\Temp\attack_chain_20260816_125111\evtx\Microsoft-Windows-Kerberos_Operational.evtx","",""
"16/8/2026, 7:51:13.866948 pm","DC01.darkzero.htb","NT AUTHORITY\LOCAL SERVICE","11","Sysmon","File Created","C:\Windows\Temp\attack_chain_20260816_125111\evtx\Microsoft-Windows-Kerberos_Operational.evtx","","","",""
"16/8/2026, 7:51:13.874544 pm","DC01.darkzero.htb","darkzero\Administrator","1","Sysmon","Process Creation","","","""C:\WINDOWS\system32\wevtutil.exe"" epl ""Directory Service"" C:\Windows\Temp\attack_chain_20260816_125111\evtx\Directory_Service.evtx","",""
"16/8/2026, 7:51:13.937907 pm","DC01.darkzero.htb","NT AUTHORITY\LOCAL SERVICE","11","Sysmon","File Created","C:\Windows\Temp\attack_chain_20260816_125111\evtx\Directory_Service.evtx","","","",""
"16/8/2026, 7:51:13.955543 pm","DC01.darkzero.htb","darkzero\Administrator","1","Sysmon","Process Creation","","","""C:\WINDOWS\system32\wevtutil.exe"" epl Microsoft-Windows-ActiveDirectory_DomainService/Operational C:\Windows\Temp\attack_chain_20260816_125111\evtx\Microsoft-Windows-ActiveDirectory_DomainService_Operational.evtx","",""
"16/8/2026, 7:51:14.031746 pm","DC01.darkzero.htb","darkzero\Administrator","1","Sysmon","Process Creation","","","""C:\WINDOWS\system32\wevtutil.exe"" epl Microsoft-Windows-Sysmon/Operational C:\Windows\Temp\attack_chain_20260816_125111\evtx\Microsoft-Windows-Sysmon_Operational.evtx","",""