TimeGenerated,EventID,Computer,Provider,Channel,RecordID,Level,Binary,Data_text,Data_text_0,Data_text_1,Data_text_10,Data_text_11,Data_text_2,Data_text_3,Data_text_4,Data_text_5,Data_text_6,Data_text_7,Data_text_8,Data_text_9
2026-04-06T08:58:56.991966Z,"{'#attributes': {'Qualifiers': 0}, '#text': 102}",DC01,NTDS ISAM,Directory Service,1,4,,,NTDS,"868,P,98,0",,,NTDSA: ,0,10,00,26100,0000,,
2026-04-06T08:58:57.061610Z,"{'#attributes': {'Qualifiers': 0}, '#text': 105}",DC01,NTDS ISAM,Directory Service,2,4,,,NTDS,"868,D,0,0",,,NTDSA: ,0,0.080,"
[1] 0.000934 +J(0) +M(C:0K, Fs:93, WS:360K # 0K, PF:4512K # 0K, P:4512K)
[2] 0.000278 +J(0) +M(C:64K, Fs:10, WS:28K # 0K, PF:988K # 0K, P:988K)
[3] 0.000020 +J(0) +M(C:0K, Fs:5, WS:20K # 0K, PF:64K # 0K, P:64K)
[4] 0.008905 -0.000314 (1) WT +J(0) +M(C:0K, Fs:158, WS:556K # 0K, PF:7540K # 4428K, P:7540K)
[5] 0.000498 +J(0)
[6] 0.001205 +J(0) +M(C:0K, Fs:4, WS:16K # 0K, PF:16K # 16K, P:16K)
[7] -
[8] -
[9] -
[10] -
[11] -
[12] -
[13] 0.061372 -0.011505 (42) WT +J(CM:0, PgRf:0, Rd:0/0, Dy:0/0, Lg:616/1) +M(C:0K, Fs:2699, WS:528K # 6196K, PF:4K # 10260K, P:4K)
[14] 0.000025 +J(0)
[15] 0.000995 +J(0) +M(C:0K, Fs:819, WS:3276K # 0K, PF:64K # 0K, P:64K)
[16] 0.006149 -0.000235 (3) WT +J(0) +M(C:0K, Fs:2, WS:0K # 0K, PF:0K # 0K, P:0K).","RBSOn = 0
",,,
2026-04-06T08:58:57.079653Z,"{'#attributes': {'Qualifiers': 0}, '#text': 330}",DC01,NTDS ISAM,Directory Service,3,4,,,NTDS,"868,D,50,0",,,NTDSA: ,C:\Windows\NTDS\ntds.dit,0x2580 (9600),9600 (0x2580),9620 (0x2594),,,
2026-04-06T08:58:57.084793Z,"{'#attributes': {'Qualifiers': 0}, '#text': 643}",DC01,NTDS ISAM,Directory Service,4,3,,,NTDS,"868,D,50,0",,,NTDSA: ,C:\Windows\NTDS\ntds.dit,en-US,00000001-57ee-1e5c-00b4-d0000bb1e11e,0006040300060403,00000001-57ee-1e5c-00b4-d0000bb1e11e,0006050200060502,
2026-04-06T08:58:57.085099Z,"{'#attributes': {'Qualifiers': 0}, '#text': 609}",DC01,NTDS ISAM,Directory Service,5,4,,,NTDS,"868,D,50,0",26100,0,NTDSA: ,C:\Windows\NTDS\ntds.dit,10,0,25911,0,10,0
2026-04-06T08:58:57.107868Z,"{'#attributes': {'Qualifiers': 0}, '#text': 614}",DC01,NTDS ISAM,Directory Service,6,3,,,NTDS,"868,D,50,0",0006050200060502,,NTDSA: ,C:\Windows\NTDS\ntds.dit,PDNT_index,datatable,en-US,00000001-57ee-1e5c-00b4-d0000bb1e11e,0006040300060403,00000001-57ee-1e5c-00b4-d0000bb1e11e
2026-04-06T08:58:57.114490Z,"{'#attributes': {'Qualifiers': 0}, '#text': 327}",DC01,NTDS ISAM,Directory Service,7,4,,,NTDS,"868,D,50,0",,,NTDSA: ,1,C:\Windows\NTDS\ntds.dit,0,"
[1] 0.000008 +J(0)
[2] 0.000001 +J(0)
[3] 0.000004 +J(0)
[4] 0.000001 +J(0)
[5] 0.000001 +J(0)
[6] 0.000420 +J(0)
[7] 0.000026 +J(0)
[8] 0.000811 -0.000437 (1) WT +J(CM:0, PgRf:0, Rd:0/0, Dy:0/0, Lg:4042/2)
[9] 0.004162 -0.002249 (6) WT +J(0) +M(C:0K, Fs:10, WS:-20K # 0K, PF:-20K # 0K, P:-20K)
[10] 0.000304 +J(0)
[11] 0.000148 +J(0) +M(C:0K, Fs:0, WS:-96K # 0K, PF:-96K # 0K, P:-96K).",0 0,lgposDetach = 00000001:0002:0036,
2026-04-06T08:58:57.123099Z,"{'#attributes': {'Qualifiers': 0}, '#text': 330}",DC01,NTDS ISAM,Directory Service,8,4,,,NTDS,"868,D,50,0",,,NTDSA: ,C:\Windows\NTDS\ntds.dit,0x2580 (9600),9600 (0x2580),9620 (0x2594),,,
2026-04-06T08:58:57.126940Z,"{'#attributes': {'Qualifiers': 0}, '#text': 326}",DC01,NTDS ISAM,Directory Service,9,4,,,NTDS,"868,D,50,0",,,NTDSA: ,1,C:\Windows\NTDS\ntds.dit,0,"
[1] 0.000004 +J(0)
[2] 0.000847 -0.000271 (1) WT +J(0) +M(C:0K, Fs:24, WS:32K # 0K, PF:32K # 0K, P:32K)
[3] 0.003738 -0.001493 (6) WT +J(CM:0, PgRf:0, Rd:0/0, Dy:0/0, Lg:4096/2) +M(C:0K, Fs:14, WS:24K # 0K, PF:20K # 0K, P:20K)
[4] 0.000560 +J(0)
[5] -
[6] 0.000748 -0.000618 (2) CM -0.000534 (2) WT +J(CM:2, PgRf:2, Rd:0/2, Dy:0/0, Lg:0/0) +M(C:-24K, Fs:8, WS:-24K # 0K, PF:-24K # 0K, P:-24K)
[7] 0.000003 +J(0)
[8] 0.001092 -0.000695 (1) CM -0.000674 (1) WT +J(CM:1, PgRf:1, Rd:8/0, Dy:0/0, Lg:0/0) +M(C:156K, Fs:46, WS:156K # 0K, PF:156K # 0K, P:156K)
[9] -
[10] -
[11] -
[12] 0.000511 +J(CM:0, PgRf:0, Rd:0/0, Dy:0/0, Lg:54/1) +M(C:0K, Fs:1, WS:4K # 0K, PF:0K # 0K, P:0K)
[13] 0.001377 -0.001018 (3) CM -0.000874 (3) WT +J(CM:3, PgRf:23, Rd:0/3, Dy:0/0, Lg:0/0) +M(C:-76K, Fs:1, WS:-76K # 0K, PF:-76K # 0K, P:-76K)
[14] 0.000961 -0.000671 (2) CM -0.000582 (2) WT +J(CM:2, PgRf:40, Rd:0/2, Dy:0/0, Lg:0/0) +M(C:16K, Fs:12, WS:16K # 0K, PF:16K # 0K, P:16K)
[15] 0.000010 +J(CM:0, PgRf:1, Rd:0/0, Dy:0/0, Lg:0/0)
[16] 0.000010 +J(CM:0, PgRf:1, Rd:0/0, Dy:0/0, Lg:0/0)
[17] 0.000001 +J(0)
[18] 0.0 +J(0)
[19] 0.0 +J(0)
[20] 0.000920 -0.000498 (2) WT +J(CM:0, PgRf:2, Rd:0/0, Dy:0/0, Lg:0/0) +M(C:0K, Fs:8, WS:0K # 0K, PF:0K # 0K, P:0K).",1 0,"lgposAttach = 00000001:0003:0000,
dbv = 1568.290.600 (9600)",
2026-04-06T08:58:57.138906Z,"{'#attributes': {'Qualifiers': 0}, '#text': 330}",DC01,NTDS ISAM,Directory Service,10,4,,,NTDS,"868,D,2,0",,,NTDSA: ,C:\Windows\NTDS\temp.edb,0x2580 (9600),9600 (0x2580),9620 (0x2594),,,
2026-04-06T08:58:57.285620Z,"{'#attributes': {'Qualifiers': 0}, '#text': 327}",DC01,NTDS ISAM,Directory Service,11,4,,,NTDS,"868,D,51,0",,,NTDSA: ,1,C:\Windows\NTDS\ntds.dit,0,"
[1] 0.000005 +J(0)
[2] 0.000001 +J(0)
[3] 0.000089 +J(0)
[4] 0.000001 +J(0)
[5] 0.000001 +J(0)
[6] 0.003262 -0.002412 (7) WT +J(0) +M(C:-152K, Fs:8, WS:-148K # 0K, PF:-152K # 0K, P:-152K)
[7] 0.000039 +J(0)
[8] 0.000805 -0.000426 (1) WT +J(CM:0, PgRf:0, Rd:0/0, Dy:0/0, Lg:4096/2) +M(C:0K, Fs:1, WS:4K # 0K, PF:0K # 0K, P:0K)
[9] 0.003149 -0.001437 (6) WT +J(0) +M(C:0K, Fs:10, WS:-20K # 0K, PF:-20K # 0K, P:-20K)
[10] 0.000337 +J(0)
[11] 0.000155 +J(0) +M(C:0K, Fs:0, WS:-96K # 0K, PF:-96K # 0K, P:-96K).",0 0,lgposDetach = 00000001:00AD:0000,
2026-04-06T08:58:57.294261Z,"{'#attributes': {'Qualifiers': 0}, '#text': 330}",DC01,NTDS ISAM,Directory Service,12,4,,,NTDS,"868,D,50,0",,,NTDSA: ,C:\Windows\NTDS\ntds.dit,0x2580 (9600),9600 (0x2580),9620 (0x2594),,,
2026-04-06T08:58:57.296558Z,"{'#attributes': {'Qualifiers': 0}, '#text': 643}",DC01,NTDS ISAM,Directory Service,13,3,,,NTDS,"868,D,50,0",,,NTDSA: ,C:\Windows\NTDS\ntds.dit,en-US,00000001-57ee-1e5c-00b4-d0000bb1e11e,0006040300060403,00000001-57ee-1e5c-00b4-d0000bb1e11e,0006050200060502,
2026-04-06T08:58:57.297036Z,"{'#attributes': {'Qualifiers': 0}, '#text': 609}",DC01,NTDS ISAM,Directory Service,14,4,,,NTDS,"868,D,50,0",26100,0,NTDSA: ,C:\Windows\NTDS\ntds.dit,10,0,26100,0,10,0
2026-04-06T08:58:57.303559Z,"{'#attributes': {'Qualifiers': 0}, '#text': 611}",DC01,NTDS ISAM,Directory Service,15,4,,,NTDS,"868,D,50,0",0006050200060502,,NTDSA: ,C:\Windows\NTDS\ntds.dit,PDNT_index,datatable,en-US,00000001-57ee-1e5c-00b4-d0000bb1e11e,0006040300060403,00000001-57ee-1e5c-00b4-d0000bb1e11e
2026-04-06T08:58:57.319240Z,"{'#attributes': {'Qualifiers': 0}, '#text': 611}",DC01,NTDS ISAM,Directory Service,16,4,,,NTDS,"868,D,50,0",0006050200060502,,NTDSA: ,C:\Windows\NTDS\ntds.dit,INDEX_000201CC,datatable,en-US,00000001-57ee-1e5c-00b4-d0000bb1e11e,0006040300060403,00000001-57ee-1e5c-00b4-d0000bb1e11e
2026-04-06T08:58:57.320564Z,"{'#attributes': {'Qualifiers': 0}, '#text': 611}",DC01,NTDS ISAM,Directory Service,17,4,,,NTDS,"868,D,50,0",0006050200060502,,NTDSA: ,C:\Windows\NTDS\ntds.dit,INDEX_00090001,datatable,en-US,00000001-57ee-1e5c-00b4-d0000bb1e11e,0006040300060403,00000001-57ee-1e5c-00b4-d0000bb1e11e
2026-04-06T08:58:57.442401Z,"{'#attributes': {'Qualifiers': 0}, '#text': 611}",DC01,NTDS ISAM,Directory Service,18,4,,,NTDS,"868,D,50,0",0006050200060502,,NTDSA: ,C:\Windows\NTDS\ntds.dit,INDEX_00000003,datatable,en-US,00000001-57ee-1e5c-00b4-d0000bb1e11e,0006040300060403,00000001-57ee-1e5c-00b4-d0000bb1e11e
2026-04-06T08:58:57.448245Z,"{'#attributes': {'Qualifiers': 0}, '#text': 612}",DC01,NTDS ISAM,Directory Service,19,4,,,NTDS,"868,D,50,0",,,NTDSA: ,C:\Windows\NTDS\ntds.dit,,,,,,
2026-04-06T08:58:57.450783Z,"{'#attributes': {'Qualifiers': 0}, '#text': 326}",DC01,NTDS ISAM,Directory Service,20,4,,,NTDS,"868,D,50,0",,,NTDSA: ,1,C:\Windows\NTDS\ntds.dit,0,"
[1] 0.000004 +J(0)
[2] 0.000791 -0.000246 (1) WT +J(0) +M(C:0K, Fs:24, WS:32K # 0K, PF:32K # 0K, P:32K)
[3] 0.003739 -0.001498 (6) WT +J(CM:0, PgRf:0, Rd:0/0, Dy:0/0, Lg:4096/2) +M(C:0K, Fs:14, WS:24K # 0K, PF:20K # 0K, P:20K)
[4] 0.000519 +J(0)
[5] -
[6] 0.000715 -0.000569 (2) CM -0.000489 (2) WT +J(CM:2, PgRf:2, Rd:0/2, Dy:0/0, Lg:0/0) +M(C:-8K, Fs:12, WS:-8K # 0K, PF:-8K # 0K, P:-8K)
[7] 0.000003 +J(0)
[8] 0.001365 -0.000928 (1) CM -0.000907 (1) WT +J(CM:1, PgRf:1, Rd:12/0, Dy:0/0, Lg:0/0) +M(C:252K, Fs:70, WS:252K # 0K, PF:252K # 0K, P:252K)
[9] -
[10] -
[11] -
[12] 0.000457 +J(CM:0, PgRf:0, Rd:0/0, Dy:0/0, Lg:54/1) +M(C:0K, Fs:1, WS:4K # 0K, PF:0K # 0K, P:0K)
[13] 0.000995 -0.000612 (2) CM -0.000499 (2) WT +J(CM:2, PgRf:23, Rd:0/2, Dy:0/0, Lg:0/0) +M(C:12K, Fs:7, WS:-52K # 0K, PF:12K # 0K, P:12K)
[14] 0.000776 -0.000575 (2) CM -0.000492 (2) WT +J(CM:2, PgRf:40, Rd:0/2, Dy:0/0, Lg:0/0) +M(C:-56K, Fs:9, WS:-20K # 0K, PF:-56K # 0K, P:-56K)
[15] 0.000010 +J(CM:0, PgRf:1, Rd:0/0, Dy:0/0, Lg:0/0)
[16] 0.000010 +J(CM:0, PgRf:1, Rd:0/0, Dy:0/0, Lg:0/0)
[17] 0.000530 +J(CM:0, PgRf:42, Rd:0/0, Dy:0/0, Lg:0/0)
[18] 0.000002 +J(0)
[19] 0.152917 -0.108853 (357) CM -0.093524 (358) WT +J(CM:357, PgRf:9125, Rd:0/357, Dy:8/507, Lg:41024/1017) +M(C:80K, Fs:2574, WS:416K # 0K, PF:272K # 0K, P:272K)
[20] 0.000767 -0.000697 (1) CM -0.000646 (1) WT +J(CM:1, PgRf:2, Rd:0/1, Dy:0/0, Lg:0/0) +M(C:28K, Fs:51, WS:176K # 0K, PF:200K # 0K, P:200K).",1 0,"lgposAttach = 00000001:00AE:0000,
dbv = 1568.290.600 (9600)",
2026-04-06T08:58:57.474021Z,"{'#attributes': {'Qualifiers': 0}, '#text': 327}",DC01,NTDS ISAM,Directory Service,21,4,,,NTDS,"868,D,51,0",,,NTDSA: ,1,C:\Windows\NTDS\ntds.dit,0,"
[1] 0.000004 +J(0)
[2] 0.0 +J(0)
[3] 0.009847 -0.009823 (1) WT +J(0) +M(C:32K, Fs:169, WS:56K # 0K, PF:32K # 0K, P:32K)
[4] 0.000002 +J(0)
[5] 0.0 +J(0)
[6] 0.004437 -0.002793 (8) WT +J(0) +M(C:-64K, Fs:22, WS:-64K # 0K, PF:-64K # 0K, P:-64K)
[7] 0.000025 +J(0)
[8] 0.000975 -0.000341 (2) WT +J(CM:0, PgRf:0, Rd:0/0, Dy:0/0, Lg:488/2)
[9] 0.003425 -0.001661 (6) WT +J(0) +M(C:0K, Fs:10, WS:-20K # 0K, PF:-20K # 0K, P:-20K)
[10] 0.000390 +J(0)
[11] 0.000126 +J(0) +M(C:0K, Fs:0, WS:-32K # 0K, PF:-32K # 0K, P:-32K).",0 0,lgposDetach = 00000001:00B9:0E18,
2026-04-06T08:58:57.482815Z,"{'#attributes': {'Qualifiers': 0}, '#text': 330}",DC01,NTDS ISAM,Directory Service,22,4,,,NTDS,"868,D,50,0",,,NTDSA: ,C:\Windows\NTDS\ntds.dit,0x2580 (9600),9600 (0x2580),9620 (0x2594),,,
2026-04-06T08:58:57.485141Z,"{'#attributes': {'Qualifiers': 0}, '#text': 326}",DC01,NTDS ISAM,Directory Service,23,4,,,NTDS,"868,D,50,0",,,NTDSA: ,1,C:\Windows\NTDS\ntds.dit,0,"
[1] 0.000004 +J(0)
[2] 0.000818 -0.000286 (1) WT +J(0) +M(C:0K, Fs:24, WS:32K # 0K, PF:32K # 0K, P:32K)
[3] 0.003869 -0.001264 (6) WT +J(CM:0, PgRf:0, Rd:0/0, Dy:0/0, Lg:4096/2) +M(C:0K, Fs:14, WS:24K # 0K, PF:20K # 0K, P:20K)
[4] 0.000521 +J(0)
[5] -
[6] 0.000724 -0.000608 (2) CM -0.000514 (2) WT +J(CM:2, PgRf:2, Rd:0/2, Dy:0/0, Lg:0/0) +M(C:-48K, Fs:2, WS:-48K # 0K, PF:-48K # 0K, P:-48K)
[7] 0.000003 +J(0)
[8] 0.001390 -0.001087 (1) CM -0.001066 (1) WT +J(CM:1, PgRf:1, Rd:14/0, Dy:0/0, Lg:0/0) +M(C:172K, Fs:50, WS:172K # 0K, PF:172K # 0K, P:172K)
[9] -
[10] -
[11] -
[12] 0.000461 +J(CM:0, PgRf:0, Rd:0/0, Dy:0/0, Lg:54/1) +M(C:0K, Fs:1, WS:4K # 0K, PF:20K # 0K, P:20K)
[13] 0.000890 -0.000560 (2) CM -0.000468 (2) WT +J(CM:2, PgRf:23, Rd:0/2, Dy:0/0, Lg:0/0) +M(C:-88K, Fs:14, WS:-88K # 0K, PF:-88K # 0K, P:-88K)
[14] 0.000750 -0.000525 (2) CM -0.000439 (2) WT +J(CM:2, PgRf:40, Rd:0/2, Dy:0/0, Lg:0/0) +M(C:0K, Fs:14, WS:0K # 0K, PF:0K # 0K, P:0K)
[15] 0.000010 +J(CM:0, PgRf:1, Rd:0/0, Dy:0/0, Lg:0/0)
[16] 0.000010 +J(CM:0, PgRf:1, Rd:0/0, Dy:0/0, Lg:0/0)
[17] 0.000064 +J(CM:0, PgRf:48, Rd:0/0, Dy:0/0, Lg:0/0)
[18] 0.000001 +J(0)
[19] 0.0 +J(0)
[20] 0.000016 +J(CM:0, PgRf:2, Rd:0/0, Dy:0/0, Lg:0/0).",1 0,"lgposAttach = 00000001:00BA:0000,
dbv = 1568.290.600 (9600)",
2026-04-06T08:58:57.453111Z,"{'#attributes': {'Qualifiers': 32768}, '#text': 1463}",DC01,Microsoft-Windows-ActiveDirectory_DomainService,Directory Service,24,3,,,,,,,,,,,,,,
2026-04-06T08:58:57.621153Z,"{'#attributes': {'Qualifiers': 16384}, '#text': 2013}",DC01,Microsoft-Windows-ActiveDirectory_DomainService,Directory Service,25,4,,,4,PDNT_index +PDNT_col INDEX_000201CC +ATTm131532 INDEX_00090001 +ATTm589825 INDEX_00000003 +ATTm3 ,,,,,,,,,,
2026-04-06T08:58:57.740417Z,"{'#attributes': {'Qualifiers': 16384}, '#text': 2014}",DC01,Microsoft-Windows-ActiveDirectory_DomainService,Directory Service,26,4,,4,,,,,,,,,,,,
2026-04-06T08:58:58.044290Z,"{'#attributes': {'Qualifiers': 16384}, '#text': 2120}",DC01,Microsoft-Windows-ActiveDirectory_DomainService,Directory Service,27,4,,,,,,,,,,,,,,
2026-04-06T08:58:58.044290Z,"{'#attributes': {'Qualifiers': 16384}, '#text': 2405}",DC01,Microsoft-Windows-ActiveDirectory_DomainService,Directory Service,28,4,,Recycle Bin Feature,,,,,,,,,,,,
2026-04-06T08:58:58.044290Z,"{'#attributes': {'Qualifiers': 16384}, '#text': 2405}",DC01,Microsoft-Windows-ActiveDirectory_DomainService,Directory Service,29,4,,Privileged Access Management Feature,,,,,,,,,,,,
2026-04-06T08:58:58.044290Z,"{'#attributes': {'Qualifiers': 16384}, '#text': 2405}",DC01,Microsoft-Windows-ActiveDirectory_DomainService,Directory Service,30,4,,Database 32k Pages Feature,,,,,,,,,,,,
2026-04-06T08:59:09.219810Z,"{'#attributes': {'Qualifiers': 0}, '#text': 700}",DC01,NTDS ISAM,Directory Service,31,4,,,NTDS,"868,D,0,0",,,NTDSA: ,C:\Windows\NTDS\ntds.dit,,,,,,
2026-04-06T08:59:09.266746Z,"{'#attributes': {'Qualifiers': 0}, '#text': 701}",DC01,NTDS ISAM,Directory Service,32,4,,,NTDS,"868,D,0,0",,,NTDSA: ,C:\Windows\NTDS\ntds.dit,1,4/6/2026,0,1,1,1
2026-04-06T08:59:08.824566Z,"{'#attributes': {'Qualifiers': 16384}, '#text': 1898}",DC01,Microsoft-Windows-ActiveDirectory_DomainService,Directory Service,33,4,,"CN=domain-dns,CN=Schema,CN=Configuration,DC=darkzero,DC=htb",,,,,,,,,,,,
2026-04-06T08:59:08.826572Z,"{'#attributes': {'Qualifiers': 16384}, '#text': 1898}",DC01,Microsoft-Windows-ActiveDirectory_DomainService,Directory Service,34,4,,"CN=sam-domain,CN=Schema,CN=Configuration,DC=darkzero,DC=htb",,,,,,,,,,,,
2026-04-06T08:59:09.211551Z,"{'#attributes': {'Qualifiers': 16384}, '#text': 3033}",DC01,Microsoft-Windows-ActiveDirectory_DomainService,Directory Service,35,4,,,,,,,,,,,,,,
2026-04-06T08:59:09.218584Z,"{'#attributes': {'Qualifiers': 16384}, '#text': 3027}",DC01,Microsoft-Windows-ActiveDirectory_DomainService,Directory Service,36,4,,3600,,,,,,,,,,,,
2026-04-06T08:59:09.222156Z,"{'#attributes': {'Qualifiers': 16384}, '#text': 1000}",DC01,Microsoft-Windows-ActiveDirectory_DomainService,Directory Service,37,4,,,,,,,,,,,,,,
2026-04-06T08:59:09.509396Z,"{'#attributes': {'Qualifiers': 16384}, '#text': 2064}",DC01,Microsoft-Windows-ActiveDirectory_DomainService,Directory Service,38,4,,,,,,,,,,,,,,
2026-04-06T08:59:10.520228Z,"{'#attributes': {'Qualifiers': 0}, '#text': 103}",DC01,NTDS ISAM,Directory Service,39,4,,,NTDS,"868,T,97,0",,,NTDSA: ,0,"
[1] 0.000004 +J(0)
[2] 0.000012 +J(0)
[3] 0.000115 +J(CM:0, PgRf:16, Rd:0/0, Dy:0/40, Lg:976/32)
[4] 0.000003 +J(0)
[5] 0.053975 -0.034748 (5) WT +J(0) +M(C:-2308K, Fs:748, WS:-2308K # 0K, PF:-2308K # 0K, P:-2308K)
[6] 0.000011 +J(0)
[7] 0.000006 +J(0)
[8] 0.006583 -0.002233 (10) WT +J(CM:0, PgRf:0, Rd:0/0, Dy:0/0, Lg:1930/2) +M(C:0K, Fs:9, WS:-92K # 0K, PF:-92K # 0K, P:-92K)
[9] 0.000748 -0.000471 (1) WT +J(CM:0, PgRf:0, Rd:0/0, Dy:0/0, Lg:66/1)
[10] 0.000013 +J(0)
[11] 0.001064 -0.000301 (2) WT +J(0)
[12] 0.000016 +J(0) +M(C:0K, Fs:0, WS:-4K # 0K, PF:-4K # 0K, P:-4K)
[13] 0.000101 +J(0)
[14] 0.001417 +J(0) +M(C:0K, Fs:0, WS:-10248K # 0K, PF:-10264K # 0K, P:-10264K)
[15] 0.000004 +J(0).",0,,,,
2026-04-06T08:59:10.525165Z,"{'#attributes': {'Qualifiers': 16384}, '#text': 1004}",DC01,Microsoft-Windows-ActiveDirectory_DomainService,Directory Service,40,4,,,,,,,,,,,,,,
2026-04-06T09:00:04.142156Z,"{'#attributes': {'Qualifiers': 16384}, '#text': 2064}",DC01.darkzero.htb,Microsoft-Windows-ActiveDirectory_DomainService,Directory Service,41,4,,,,,,,,,,,,,,
2026-04-06T09:00:04.287600Z,"{'#attributes': {'Qualifiers': 32768}, '#text': 3051}",DC01.darkzero.htb,Microsoft-Windows-ActiveDirectory_DomainService,Directory Service,42,3,,,,,,,,,,,,,,
2026-04-06T09:00:04.287600Z,"{'#attributes': {'Qualifiers': 32768}, '#text': 3054}",DC01.darkzero.htb,Microsoft-Windows-ActiveDirectory_DomainService,Directory Service,43,3,,,,,,,,,,,,,,
2026-04-06T09:00:04.494088Z,"{'#attributes': {'Qualifiers': 16384}, '#text': 2121}",DC01.darkzero.htb,Microsoft-Windows-ActiveDirectory_DomainService,Directory Service,44,4,,,,,,,,,,,,,,
2026-04-06T09:00:04.496115Z,"{'#attributes': {'Qualifiers': 16384}, '#text': 2406}",DC01.darkzero.htb,Microsoft-Windows-ActiveDirectory_DomainService,Directory Service,45,4,,Recycle Bin Feature,,,,,,,,,,,,
2026-04-06T09:00:04.496115Z,"{'#attributes': {'Qualifiers': 16384}, '#text': 2406}",DC01.darkzero.htb,Microsoft-Windows-ActiveDirectory_DomainService,Directory Service,46,4,,Privileged Access Management Feature,,,,,,,,,,,,
2026-04-06T09:00:04.496115Z,"{'#attributes': {'Qualifiers': 16384}, '#text': 2406}",DC01.darkzero.htb,Microsoft-Windows-ActiveDirectory_DomainService,Directory Service,47,4,,Database 32k Pages Feature,,,,,,,,,,,,
2026-04-06T09:00:04.496115Z,"{'#attributes': {'Qualifiers': 16384}, '#text': 2168}",DC01.darkzero.htb,Microsoft-Windows-ActiveDirectory_DomainService,Directory Service,48,4,,10686758757317138473,,,,,,,,,,,,
2026-04-06T09:00:04.512088Z,"{'#attributes': {'Qualifiers': 16384}, '#text': 2120}",DC01.darkzero.htb,Microsoft-Windows-ActiveDirectory_DomainService,Directory Service,49,4,,,,,,,,,,,,,,
2026-04-06T09:00:04.512088Z,"{'#attributes': {'Qualifiers': 16384}, '#text': 2405}",DC01.darkzero.htb,Microsoft-Windows-ActiveDirectory_DomainService,Directory Service,50,4,,Recycle Bin Feature,,,,,,,,,,,,
2026-04-06T09:00:04.512088Z,"{'#attributes': {'Qualifiers': 16384}, '#text': 2405}",DC01.darkzero.htb,Microsoft-Windows-ActiveDirectory_DomainService,Directory Service,51,4,,Database 32k Pages Feature,,,,,,,,,,,,
2026-04-06T09:00:04.512088Z,"{'#attributes': {'Qualifiers': 16384}, '#text': 2405}",DC01.darkzero.htb,Microsoft-Windows-ActiveDirectory_DomainService,Directory Service,52,4,,Privileged Access Management Feature,,,,,,,,,,,,
2026-04-06T09:00:14.639524Z,"{'#attributes': {'Qualifiers': 16384}, '#text': 1000}",DC01.darkzero.htb,Microsoft-Windows-ActiveDirectory_DomainService,Directory Service,53,4,,,,,,,,,,,,,,
2026-04-06T09:00:25.528677Z,"{'#attributes': {'Qualifiers': 32768}, '#text': 1220}",DC01.darkzero.htb,Microsoft-Windows-ActiveDirectory_DomainService,Directory Service,54,3,,,8009030e,No credentials are available in the security package,,,,,,,,,,
2026-04-06T09:00:44.820836Z,"{'#attributes': {'Qualifiers': 16384}, '#text': 1394}",DC01.darkzero.htb,Microsoft-Windows-ActiveDirectory_DomainService,Directory Service,55,4,,,,,,,,,,,,,,
2026-04-06T09:00:50.320409Z,"{'#attributes': {'Qualifiers': 16384}, '#text': 1404}",DC01.darkzero.htb,Microsoft-Windows-ActiveDirectory_DomainService,Directory Service,56,4,,,,,,,,,,,,,,
2026-04-06T09:02:15.348511Z,"{'#attributes': {'Qualifiers': 16384}, '#text': 2065}",DC01.darkzero.htb,Microsoft-Windows-ActiveDirectory_DomainService,Directory Service,57,4,,,,,,,,,,,,,,
2026-04-06T09:05:04.675582Z,"{'#attributes': {'Qualifiers': 16384}, '#text': 2961}",DC01.darkzero.htb,Microsoft-Windows-ActiveDirectory_DomainService,Directory Service,58,4,,8,,,,,,,,,,,,
2026-04-06T09:05:04.675582Z,"{'#attributes': {'Qualifiers': 16384}, '#text': 2013}",DC01.darkzero.htb,Microsoft-Windows-ActiveDirectory_DomainService,Directory Service,59,4,,,3,link_base_and_data_v2_index +link_base link_bdnt_and_base_and_data_v2_index +backlink_DNT link_dnt_and_base_and_data_v2_index +link_DNT ,,,,,,,,,,
2026-04-06T09:05:04.689644Z,"{'#attributes': {'Qualifiers': 16384}, '#text': 2014}",DC01.darkzero.htb,Microsoft-Windows-ActiveDirectory_DomainService,Directory Service,60,4,,3,,,,,,,,,,,,
2026-04-06T09:05:04.691674Z,"{'#attributes': {'Qualifiers': 16384}, '#text': 2962}",DC01.darkzero.htb,Microsoft-Windows-ActiveDirectory_DomainService,Directory Service,61,4,,8,,,,,,,,,,,,
2026-04-06T09:10:56.870014Z,"{'#attributes': {'Qualifiers': 16384}, '#text': 1221}",DC01.darkzero.htb,Microsoft-Windows-ActiveDirectory_DomainService,Directory Service,62,4,,,,,,,,,,,,,,
2026-04-06T09:15:15.444521Z,"{'#attributes': {'Qualifiers': 0}, '#text': 102}",DC01.darkzero.htb,NTDS ISAM,Directory Service,63,4,,,NTDS,"884,P,98,0",,,NTDSA: ,0,10,00,26100,0000,,
2026-04-06T09:15:15.445055Z,"{'#attributes': {'Qualifiers': 0}, '#text': 105}",DC01.darkzero.htb,NTDS ISAM,Directory Service,64,4,,,NTDS,"884,D,0,0",,,NTDSA: ,0,0.069,"
[1] 0.001924 +J(0) +M(C:0K, Fs:183, WS:708K # 104K, PF:5412K # 2412K, P:5412K)
[2] 0.003080 +J(0) +M(C:64K, Fs:88, WS:344K # 344K, PF:340K # 340K, P:340K)
[3] 0.000368 +J(0) +M(C:0K, Fs:3, WS:12K # 12K, PF:64K # 64K, P:64K)
[4] 0.013127 -0.000333 (1) WT +J(0) +M(C:0K, Fs:141, WS:456K # 456K, PF:7528K # 7528K, P:7528K)
[5] 0.000359 +J(0) +M(C:0K, Fs:1, WS:4K # 4K, PF:0K # 0K, P:0K)
[6] 0.004453 +J(0) +M(C:0K, Fs:24, WS:92K # 92K, PF:24K # 24K, P:24K)
[7] 0.027464 -0.019796 (21) WT +J(0) +M(C:0K, Fs:2580, WS:10300K # 10300K, PF:10260K # 10260K, P:10260K)
[8] -
[9] -
[10] -
[11] -
[12] -
[13] 0.017095 -0.012240 (22) WT +J(CM:0, PgRf:0, Rd:0/0, Dy:0/0, Lg:616/1) +M(C:0K, Fs:14, WS:-10196K # 24K, PF:-10256K # 12K, P:-10256K)
[14] 0.000021 +J(0)
[15] 0.001013 +J(0) +M(C:0K, Fs:821, WS:3280K # 0K, PF:68K # 0K, P:68K)
[16] 0.000522 -0.000259 (1) WT +J(0) +M(C:0K, Fs:2, WS:0K # 0K, PF:0K # 0K, P:0K).","RBSOn = 0
",,,
2026-04-06T09:15:15.445436Z,"{'#attributes': {'Qualifiers': 0}, '#text': 330}",DC01.darkzero.htb,NTDS ISAM,Directory Service,65,4,,,NTDS,"884,D,50,0",,,NTDSA: ,C:\Windows\NTDS\ntds.dit,0x2580 (9600),9600 (0x2580),9620 (0x2594),,,
2026-04-06T09:15:15.445817Z,"{'#attributes': {'Qualifiers': 0}, '#text': 326}",DC01.darkzero.htb,NTDS ISAM,Directory Service,66,4,,,NTDS,"884,D,50,0",,,NTDSA: ,1,C:\Windows\NTDS\ntds.dit,0,"
[1] 0.000006 +J(0) +M(C:0K, Fs:1, WS:4K # 0K, PF:0K # 0K, P:0K)
[2] 0.000648 -0.000310 (1) WT +J(0) +M(C:0K, Fs:28, WS:48K # 0K, PF:32K # 0K, P:32K)
[3] 0.005237 -0.002118 (6) WT +J(CM:0, PgRf:0, Rd:0/0, Dy:0/0, Lg:3480/2) +M(C:0K, Fs:37, WS:112K # 0K, PF:116K # 0K, P:116K)
[4] 0.000805 +J(0) +M(C:0K, Fs:1, WS:4K # 0K, PF:0K # 0K, P:0K)
[5] -
[6] 0.003373 -0.000651 (2) CM -0.000574 (2) WT +J(CM:2, PgRf:2, Rd:0/2, Dy:0/0, Lg:0/0) +M(C:-56K, Fs:65, WS:204K # 0K, PF:148K # 0K, P:148K)
[7] 0.001356 -0.000224 (1) WT +J(0) +M(C:0K, Fs:5, WS:12K # 0K, PF:0K # 0K, P:0K)
[8] 0.002640 -0.000340 (1) CM -0.000294 (1) WT +J(CM:1, PgRf:1, Rd:4/1, Dy:0/0, Lg:0/0) +M(C:92K, Fs:55, WS:192K # 0K, PF:296K # 0K, P:296K)
[9] -
[10] -
[11] -
[12] 0.000284 +J(CM:0, PgRf:0, Rd:0/0, Dy:0/0, Lg:54/1) +M(C:0K, Fs:3, WS:12K # 0K, PF:20K # 0K, P:20K)
[13] 0.003209 -0.002171 (5) CM -0.001989 (5) WT +J(CM:5, PgRf:23, Rd:0/5, Dy:0/0, Lg:0/0) +M(C:-48K, Fs:45, WS:28K # 0K, PF:-16K # 0K, P:-16K)
[14] 0.002780 -0.002169 (6) CM -0.001889 (6) WT +J(CM:6, PgRf:43, Rd:0/6, Dy:0/0, Lg:0/0) +M(C:-8K, Fs:30, WS:8K # 0K, PF:56K # 0K, P:56K)
[15] 0.000388 -0.000324 (1) CM -0.000288 (1) WT +J(CM:1, PgRf:1, Rd:0/1, Dy:0/0, Lg:0/0) +M(C:40K, Fs:2, WS:-24K # 0K, PF:44K # 0K, P:44K)
[16] 0.000024 +J(CM:0, PgRf:1, Rd:0/0, Dy:0/0, Lg:0/0) +M(C:0K, Fs:1, WS:4K # 0K, PF:0K # 0K, P:0K)
[17] 0.000083 +J(CM:0, PgRf:48, Rd:0/0, Dy:0/0, Lg:0/0) +M(C:0K, Fs:5, WS:20K # 0K, PF:0K # 0K, P:0K)
[18] 0.000001 +J(0)
[19] 0.0 +J(0)
[20] 0.000024 +J(CM:0, PgRf:2, Rd:0/0, Dy:0/0, Lg:0/0) +M(C:0K, Fs:2, WS:8K # 0K, PF:0K # 0K, P:0K).",0 0,"lgposAttach = 00000002:0200:0268,
dbv = 1568.290.600 (9600)",
2026-04-06T09:15:15.446258Z,"{'#attributes': {'Qualifiers': 0}, '#text': 330}",DC01.darkzero.htb,NTDS ISAM,Directory Service,67,4,,,NTDS,"884,D,2,0",,,NTDSA: ,C:\Windows\NTDS\temp.edb,0x2580 (9600),9600 (0x2580),9620 (0x2594),,,
2026-04-06T09:15:15.446595Z,"{'#attributes': {'Qualifiers': 0}, '#text': 700}",DC01.darkzero.htb,NTDS ISAM,Directory Service,68,4,,,NTDS,"884,D,0,0",,,NTDSA: ,C:\Windows\NTDS\ntds.dit,,,,,,
2026-04-06T09:15:15.541055Z,"{'#attributes': {'Qualifiers': 0}, '#text': 701}",DC01.darkzero.htb,NTDS ISAM,Directory Service,69,4,,,NTDS,"884,D,0,0",,,NTDSA: ,C:\Windows\NTDS\ntds.dit,5,4/6/2026,0,1,1,2
2026-04-06T09:15:15.137540Z,"{'#attributes': {'Qualifiers': 16384}, '#text': 2041}",DC01.darkzero.htb,Microsoft-Windows-ActiveDirectory_DomainService,Directory Service,70,4,,,400004c5,2,,,,,,,,,,
2026-04-06T09:15:15.137540Z,"{'#attributes': {'Qualifiers': 16384}, '#text': 1869}",DC01.darkzero.htb,Microsoft-Windows-ActiveDirectory_DomainService,Directory Service,71,4,,,\\DC01.darkzero.htb,Default-First-Site-Name,,,,,,,,,,
2026-04-06T09:15:15.436130Z,"{'#attributes': {'Qualifiers': 16384}, '#text': 3033}",DC01.darkzero.htb,Microsoft-Windows-ActiveDirectory_DomainService,Directory Service,72,4,,,,,,,,,,,,,,
2026-04-06T09:15:15.436130Z,"{'#attributes': {'Qualifiers': 16384}, '#text': 3027}",DC01.darkzero.htb,Microsoft-Windows-ActiveDirectory_DomainService,Directory Service,73,4,,3600,,,,,,,,,,,,
2026-04-06T09:40:43.697504Z,"{'#attributes': {'Qualifiers': 16384}, '#text': 2179}",DC01.darkzero.htb,Microsoft-Windows-ActiveDirectory_DomainService,Directory Service,74,4,,10686758757317138473,,,,,,,,,,,,
2026-04-06T09:40:44.668935Z,"{'#attributes': {'Qualifiers': 16384}, '#text': 1004}",DC01.darkzero.htb,Microsoft-Windows-ActiveDirectory_DomainService,Directory Service,75,4,,,,,,,,,,,,,,
2026-04-06T09:45:29.652122Z,"{'#attributes': {'Qualifiers': 32768}, '#text': 3051}",DC01.darkzero.htb,Microsoft-Windows-ActiveDirectory_DomainService,Directory Service,76,3,,,,,,,,,,,,,,
2026-04-06T09:45:29.652122Z,"{'#attributes': {'Qualifiers': 32768}, '#text': 3054}",DC01.darkzero.htb,Microsoft-Windows-ActiveDirectory_DomainService,Directory Service,77,3,,,,,,,,,,,,,,
2026-04-06T09:45:29.858859Z,"{'#attributes': {'Qualifiers': 16384}, '#text': 2121}",DC01.darkzero.htb,Microsoft-Windows-ActiveDirectory_DomainService,Directory Service,78,4,,,,,,,,,,,,,,
2026-04-06T09:45:29.858859Z,"{'#attributes': {'Qualifiers': 16384}, '#text': 2406}",DC01.darkzero.htb,Microsoft-Windows-ActiveDirectory_DomainService,Directory Service,79,4,,Recycle Bin Feature,,,,,,,,,,,,
2026-04-06T09:45:29.858859Z,"{'#attributes': {'Qualifiers': 16384}, '#text': 2406}",DC01.darkzero.htb,Microsoft-Windows-ActiveDirectory_DomainService,Directory Service,80,4,,Privileged Access Management Feature,,,,,,,,,,,,
2026-04-06T09:45:29.858859Z,"{'#attributes': {'Qualifiers': 16384}, '#text': 2406}",DC01.darkzero.htb,Microsoft-Windows-ActiveDirectory_DomainService,Directory Service,81,4,,Database 32k Pages Feature,,,,,,,,,,,,
2026-04-06T09:45:29.858859Z,"{'#attributes': {'Qualifiers': 16384}, '#text': 2168}",DC01.darkzero.htb,Microsoft-Windows-ActiveDirectory_DomainService,Directory Service,82,4,,10686758757317138473,,,,,,,,,,,,
2026-04-06T09:45:29.860882Z,"{'#attributes': {'Qualifiers': 16384}, '#text': 2172}",DC01.darkzero.htb,Microsoft-Windows-ActiveDirectory_DomainService,Directory Service,83,4,,10686758757317138473,,,,,,,,,,,,
2026-04-06T09:45:29.874821Z,"{'#attributes': {'Qualifiers': 16384}, '#text': 2120}",DC01.darkzero.htb,Microsoft-Windows-ActiveDirectory_DomainService,Directory Service,84,4,,,,,,,,,,,,,,
2026-04-06T09:45:29.874821Z,"{'#attributes': {'Qualifiers': 16384}, '#text': 2405}",DC01.darkzero.htb,Microsoft-Windows-ActiveDirectory_DomainService,Directory Service,85,4,,Recycle Bin Feature,,,,,,,,,,,,
2026-04-06T09:45:29.874821Z,"{'#attributes': {'Qualifiers': 16384}, '#text': 2405}",DC01.darkzero.htb,Microsoft-Windows-ActiveDirectory_DomainService,Directory Service,86,4,,Database 32k Pages Feature,,,,,,,,,,,,
2026-04-06T09:45:29.874821Z,"{'#attributes': {'Qualifiers': 16384}, '#text': 2405}",DC01.darkzero.htb,Microsoft-Windows-ActiveDirectory_DomainService,Directory Service,87,4,,Privileged Access Management Feature,,,,,,,,,,,,
2026-04-06T09:45:39.896620Z,"{'#attributes': {'Qualifiers': 16384}, '#text': 1000}",DC01.darkzero.htb,Microsoft-Windows-ActiveDirectory_DomainService,Directory Service,88,4,,,,,,,,,,,,,,
2026-04-06T09:46:09.904856Z,"{'#attributes': {'Qualifiers': 16384}, '#text': 1394}",DC01.darkzero.htb,Microsoft-Windows-ActiveDirectory_DomainService,Directory Service,89,4,,,,,,,,,,,,,,
2026-04-06T10:00:40.091644Z,"{'#attributes': {'Qualifiers': 0}, '#text': 102}",DC01.darkzero.htb,NTDS ISAM,Directory Service,90,4,,,NTDS,"888,P,98,0",,,NTDSA: ,0,10,00,26100,0000,,
2026-04-06T10:00:40.092237Z,"{'#attributes': {'Qualifiers': 0}, '#text': 105}",DC01.darkzero.htb,NTDS ISAM,Directory Service,91,4,,,NTDS,"888,D,0,0",,,NTDSA: ,0,0.112,"
[1] 0.002106 +J(0) +M(C:0K, Fs:183, WS:708K # 100K, PF:5416K # 2412K, P:5416K)
[2] 0.002928 +J(0) +M(C:64K, Fs:91, WS:356K # 356K, PF:352K # 352K, P:352K)
[3] 0.000427 +J(0) +M(C:0K, Fs:4, WS:12K # 12K, PF:68K # 68K, P:68K)
[4] 0.012748 -0.000366 (1) WT +J(0) +M(C:0K, Fs:150, WS:528K # 528K, PF:7672K # 7672K, P:7672K)
[5] 0.000367 +J(0) +M(C:0K, Fs:2, WS:8K # 8K, PF:4K # 4K, P:4K)
[6] 0.004151 +J(0) +M(C:0K, Fs:22, WS:84K # 84K, PF:16K # 16K, P:16K)
[7] 0.058844 -0.052026 (21) WT +J(0) +M(C:0K, Fs:2580, WS:10300K # 10300K, PF:10260K # 10260K, P:10260K)
[8] -
[9] -
[10] -
[11] -
[12] -
[13] 0.028321 -0.023243 (22) WT +J(CM:0, PgRf:0, Rd:0/0, Dy:0/0, Lg:616/1) +M(C:0K, Fs:13, WS:-10200K # 20K, PF:-10256K # 12K, P:-10256K)
[14] 0.000022 +J(0)
[15] 0.001010 +J(0) +M(C:0K, Fs:822, WS:3280K # 0K, PF:68K # 0K, P:68K)
[16] 0.000645 -0.000325 (1) WT +J(0) +M(C:0K, Fs:2, WS:0K # 0K, PF:0K # 0K, P:0K).","RBSOn = 0
",,,
2026-04-06T10:00:40.092562Z,"{'#attributes': {'Qualifiers': 0}, '#text': 330}",DC01.darkzero.htb,NTDS ISAM,Directory Service,92,4,,,NTDS,"888,D,50,0",,,NTDSA: ,C:\Windows\NTDS\ntds.dit,0x2580 (9600),9600 (0x2580),9620 (0x2594),,,
2026-04-06T10:00:40.092881Z,"{'#attributes': {'Qualifiers': 0}, '#text': 326}",DC01.darkzero.htb,NTDS ISAM,Directory Service,93,4,,,NTDS,"888,D,50,0",,,NTDSA: ,1,C:\Windows\NTDS\ntds.dit,0,"
[1] 0.000005 +J(0) +M(C:0K, Fs:1, WS:4K # 0K, PF:0K # 0K, P:0K)
[2] 0.000779 -0.000367 (1) WT +J(0) +M(C:0K, Fs:28, WS:48K # 0K, PF:32K # 0K, P:32K)
[3] 0.006963 -0.003377 (6) WT +J(CM:0, PgRf:0, Rd:0/0, Dy:0/0, Lg:3480/2) +M(C:0K, Fs:41, WS:128K # 0K, PF:128K # 0K, P:128K)
[4] 0.000933 +J(0) +M(C:0K, Fs:1, WS:4K # 0K, PF:0K # 0K, P:0K)
[5] -
[6] 0.004185 -0.000774 (2) CM -0.000670 (2) WT +J(CM:2, PgRf:2, Rd:0/2, Dy:0/0, Lg:0/0) +M(C:-56K, Fs:65, WS:200K # 0K, PF:148K # 0K, P:148K)
[7] 0.000004 +J(0)
[8] 0.002693 -0.000388 (1) CM -0.000343 (1) WT +J(CM:1, PgRf:1, Rd:4/1, Dy:0/0, Lg:0/0) +M(C:92K, Fs:53, WS:184K # 0K, PF:288K # 0K, P:288K)
[9] -
[10] -
[11] -
[12] 0.000326 +J(CM:0, PgRf:0, Rd:0/0, Dy:0/0, Lg:54/1) +M(C:0K, Fs:4, WS:16K # 0K, PF:24K # 0K, P:24K)
[13] 0.004756 -0.003052 (6) CM -0.002828 (6) WT +J(CM:6, PgRf:23, Rd:0/6, Dy:0/0, Lg:0/0) +M(C:-24K, Fs:44, WS:56K # 0K, PF:12K # 0K, P:12K)
[14] 0.001804 -0.001449 (4) CM -0.001312 (4) WT +J(CM:4, PgRf:40, Rd:0/4, Dy:0/0, Lg:0/0) +M(C:-24K, Fs:24, WS:-8K # 0K, PF:40K # 0K, P:40K)
[15] 0.000416 -0.000348 (1) CM -0.000312 (1) WT +J(CM:1, PgRf:1, Rd:0/1, Dy:0/0, Lg:0/0) +M(C:0K, Fs:7, WS:0K # 0K, PF:0K # 0K, P:0K)
[16] 0.000024 +J(CM:0, PgRf:1, Rd:0/0, Dy:0/0, Lg:0/0) +M(C:0K, Fs:1, WS:4K # 0K, PF:0K # 0K, P:0K)
[17] 0.000083 +J(CM:0, PgRf:48, Rd:0/0, Dy:0/0, Lg:0/0) +M(C:0K, Fs:5, WS:20K # 0K, PF:0K # 0K, P:0K)
[18] 0.000001 +J(0)
[19] 0.0 +J(0)
[20] 0.000022 +J(CM:0, PgRf:2, Rd:0/0, Dy:0/0, Lg:0/0) +M(C:0K, Fs:2, WS:8K # 0K, PF:0K # 0K, P:0K).",0 0,"lgposAttach = 00000002:054A:0268,
dbv = 1568.290.600 (9600)",
2026-04-06T10:00:40.093333Z,"{'#attributes': {'Qualifiers': 0}, '#text': 330}",DC01.darkzero.htb,NTDS ISAM,Directory Service,94,4,,,NTDS,"888,D,2,0",,,NTDSA: ,C:\Windows\NTDS\temp.edb,0x2580 (9600),9600 (0x2580),9620 (0x2594),,,
2026-04-06T10:00:40.093685Z,"{'#attributes': {'Qualifiers': 0}, '#text': 700}",DC01.darkzero.htb,NTDS ISAM,Directory Service,95,4,,,NTDS,"888,D,0,0",,,NTDSA: ,C:\Windows\NTDS\ntds.dit,,,,,,
2026-04-06T10:00:40.229247Z,"{'#attributes': {'Qualifiers': 0}, '#text': 701}",DC01.darkzero.htb,NTDS ISAM,Directory Service,96,4,,,NTDS,"888,D,0,0",,,NTDSA: ,C:\Windows\NTDS\ntds.dit,1,4/6/2026,0,1,1,3
2026-04-06T10:00:39.940647Z,"{'#attributes': {'Qualifiers': 16384}, '#text': 1869}",DC01.darkzero.htb,Microsoft-Windows-ActiveDirectory_DomainService,Directory Service,97,4,,,\\DC01.darkzero.htb,Default-First-Site-Name,,,,,,,,,,
2026-04-06T10:00:40.089117Z,"{'#attributes': {'Qualifiers': 16384}, '#text': 3033}",DC01.darkzero.htb,Microsoft-Windows-ActiveDirectory_DomainService,Directory Service,98,4,,,,,,,,,,,,,,
2026-04-06T10:00:40.089117Z,"{'#attributes': {'Qualifiers': 16384}, '#text': 3027}",DC01.darkzero.htb,Microsoft-Windows-ActiveDirectory_DomainService,Directory Service,99,4,,3600,,,,,,,,,,,,
2026-04-06T12:02:03.910985Z,"{'#attributes': {'Qualifiers': 16384}, '#text': 2179}",DC01.darkzero.htb,Microsoft-Windows-ActiveDirectory_DomainService,Directory Service,100,4,,10686758757317138473,,,,,,,,,,,,
2026-04-06T12:02:04.592680Z,"{'#attributes': {'Qualifiers': 16384}, '#text': 1004}",DC01.darkzero.htb,Microsoft-Windows-ActiveDirectory_DomainService,Directory Service,101,4,,,,,,,,,,,,,,
2026-04-06T12:04:30.016150Z,"{'#attributes': {'Qualifiers': 32768}, '#text': 3051}",DC01.darkzero.htb,Microsoft-Windows-ActiveDirectory_DomainService,Directory Service,102,3,,,,,,,,,,,,,,
2026-04-06T12:04:30.016150Z,"{'#attributes': {'Qualifiers': 32768}, '#text': 3054}",DC01.darkzero.htb,Microsoft-Windows-ActiveDirectory_DomainService,Directory Service,103,3,,,,,,,,,,,,,,
2026-04-06T12:04:30.218737Z,"{'#attributes': {'Qualifiers': 16384}, '#text': 2121}",DC01.darkzero.htb,Microsoft-Windows-ActiveDirectory_DomainService,Directory Service,104,4,,,,,,,,,,,,,,
2026-04-06T12:04:30.218737Z,"{'#attributes': {'Qualifiers': 16384}, '#text': 2406}",DC01.darkzero.htb,Microsoft-Windows-ActiveDirectory_DomainService,Directory Service,105,4,,Recycle Bin Feature,,,,,,,,,,,,
2026-04-06T12:04:30.218737Z,"{'#attributes': {'Qualifiers': 16384}, '#text': 2406}",DC01.darkzero.htb,Microsoft-Windows-ActiveDirectory_DomainService,Directory Service,106,4,,Privileged Access Management Feature,,,,,,,,,,,,
2026-04-06T12:04:30.218737Z,"{'#attributes': {'Qualifiers': 16384}, '#text': 2406}",DC01.darkzero.htb,Microsoft-Windows-ActiveDirectory_DomainService,Directory Service,107,4,,Database 32k Pages Feature,,,,,,,,,,,,
2026-04-06T12:04:30.220765Z,"{'#attributes': {'Qualifiers': 16384}, '#text': 2168}",DC01.darkzero.htb,Microsoft-Windows-ActiveDirectory_DomainService,Directory Service,108,4,,10686758757317138473,,,,,,,,,,,,
2026-04-06T12:04:30.220765Z,"{'#attributes': {'Qualifiers': 16384}, '#text': 2172}",DC01.darkzero.htb,Microsoft-Windows-ActiveDirectory_DomainService,Directory Service,109,4,,10686758757317138473,,,,,,,,,,,,
2026-04-06T12:04:30.234697Z,"{'#attributes': {'Qualifiers': 16384}, '#text': 2120}",DC01.darkzero.htb,Microsoft-Windows-ActiveDirectory_DomainService,Directory Service,110,4,,,,,,,,,,,,,,
2026-04-06T12:04:30.234697Z,"{'#attributes': {'Qualifiers': 16384}, '#text': 2405}",DC01.darkzero.htb,Microsoft-Windows-ActiveDirectory_DomainService,Directory Service,111,4,,Recycle Bin Feature,,,,,,,,,,,,
2026-04-06T12:04:30.234697Z,"{'#attributes': {'Qualifiers': 16384}, '#text': 2405}",DC01.darkzero.htb,Microsoft-Windows-ActiveDirectory_DomainService,Directory Service,112,4,,Database 32k Pages Feature,,,,,,,,,,,,
2026-04-06T12:04:30.234697Z,"{'#attributes': {'Qualifiers': 16384}, '#text': 2405}",DC01.darkzero.htb,Microsoft-Windows-ActiveDirectory_DomainService,Directory Service,113,4,,Privileged Access Management Feature,,,,,,,,,,,,
2026-04-06T12:04:40.248397Z,"{'#attributes': {'Qualifiers': 16384}, '#text': 1000}",DC01.darkzero.htb,Microsoft-Windows-ActiveDirectory_DomainService,Directory Service,114,4,,,,,,,,,,,,,,
2026-04-06T12:05:10.351819Z,"{'#attributes': {'Qualifiers': 16384}, '#text': 1394}",DC01.darkzero.htb,Microsoft-Windows-ActiveDirectory_DomainService,Directory Service,115,4,,,,,,,,,,,,,,
2026-04-06T12:19:40.412233Z,"{'#attributes': {'Qualifiers': 0}, '#text': 102}",DC01.darkzero.htb,NTDS ISAM,Directory Service,116,4,,,NTDS,"916,P,98,0",,,NTDSA: ,0,10,00,26100,0000,,
2026-04-06T12:19:40.413122Z,"{'#attributes': {'Qualifiers': 0}, '#text': 105}",DC01.darkzero.htb,NTDS ISAM,Directory Service,117,4,,,NTDS,"916,D,0,0",,,NTDSA: ,0,0.192,"
[1] 0.001893 +J(0) +M(C:0K, Fs:183, WS:708K # 100K, PF:5412K # 2412K, P:5412K)
[2] 0.002903 +J(0) +M(C:64K, Fs:94, WS:364K # 364K, PF:364K # 364K, P:364K)
[3] 0.000413 +J(0) +M(C:0K, Fs:3, WS:12K # 12K, PF:64K # 64K, P:64K)
[4] 0.106808 -0.000330 (1) WT +J(0) +M(C:0K, Fs:149, WS:520K # 520K, PF:7684K # 7684K, P:7684K)
[5] 0.000375 +J(0) +M(C:0K, Fs:3, WS:12K # 12K, PF:8K # 8K, P:8K)
[6] 0.004746 +J(0) +M(C:0K, Fs:22, WS:84K # 84K, PF:16K # 16K, P:16K)
[7] 0.042435 -0.035976 (21) WT +J(0) +M(C:0K, Fs:2580, WS:10300K # 10300K, PF:10260K # 10260K, P:10260K)
[8] -
[9] -
[10] -
[11] -
[12] -
[13] 0.031279 -0.026814 (22) WT +J(CM:0, PgRf:0, Rd:0/0, Dy:0/0, Lg:616/1) +M(C:0K, Fs:14, WS:-10200K # 20K, PF:-10252K # 12K, P:-10252K)
[14] 0.000020 +J(0)
[15] 0.001005 +J(0) +M(C:0K, Fs:820, WS:3280K # 0K, PF:64K # 0K, P:64K)
[16] 0.000613 -0.000297 (1) WT +J(0) +M(C:0K, Fs:2, WS:0K # 0K, PF:0K # 0K, P:0K).","RBSOn = 0
",,,
2026-04-06T12:19:40.416102Z,"{'#attributes': {'Qualifiers': 0}, '#text': 330}",DC01.darkzero.htb,NTDS ISAM,Directory Service,118,4,,,NTDS,"916,D,50,0",,,NTDSA: ,C:\Windows\NTDS\ntds.dit,0x2580 (9600),9600 (0x2580),9620 (0x2594),,,
2026-04-06T12:19:40.416427Z,"{'#attributes': {'Qualifiers': 0}, '#text': 326}",DC01.darkzero.htb,NTDS ISAM,Directory Service,119,4,,,NTDS,"916,D,50,0",,,NTDSA: ,1,C:\Windows\NTDS\ntds.dit,0,"
[1] 0.000006 +J(0) +M(C:0K, Fs:1, WS:4K # 0K, PF:0K # 0K, P:0K)
[2] 0.000743 -0.000366 (1) WT +J(0) +M(C:0K, Fs:28, WS:48K # 0K, PF:32K # 0K, P:32K)
[3] 0.005929 -0.002661 (6) WT +J(CM:0, PgRf:0, Rd:0/0, Dy:0/0, Lg:3480/2) +M(C:0K, Fs:41, WS:132K # 0K, PF:132K # 0K, P:132K)
[4] 0.000848 +J(0) +M(C:0K, Fs:1, WS:4K # 0K, PF:0K # 0K, P:0K)
[5] -
[6] 0.003937 -0.000751 (2) CM -0.000672 (2) WT +J(CM:2, PgRf:2, Rd:0/2, Dy:0/0, Lg:0/0) +M(C:-56K, Fs:66, WS:204K # 0K, PF:152K # 0K, P:152K)
[7] 0.000004 +J(0)
[8] 0.002476 -0.000367 (1) CM -0.000324 (1) WT +J(CM:1, PgRf:1, Rd:4/1, Dy:0/0, Lg:0/0) +M(C:92K, Fs:53, WS:184K # 0K, PF:288K # 0K, P:288K)
[9] -
[10] -
[11] -
[12] 0.000388 +J(CM:0, PgRf:0, Rd:0/0, Dy:0/0, Lg:54/1) +M(C:0K, Fs:4, WS:16K # 0K, PF:24K # 0K, P:24K)
[13] 0.004835 -0.003053 (6) CM -0.002835 (6) WT +J(CM:6, PgRf:23, Rd:0/6, Dy:0/0, Lg:0/0) +M(C:-24K, Fs:43, WS:52K # 0K, PF:8K # 0K, P:8K)
[14] 0.001722 -0.001380 (4) CM -0.001243 (4) WT +J(CM:4, PgRf:40, Rd:0/4, Dy:0/0, Lg:0/0) +M(C:-24K, Fs:24, WS:-8K # 0K, PF:40K # 0K, P:40K)
[15] 0.000396 -0.000333 (1) CM -0.000297 (1) WT +J(CM:1, PgRf:1, Rd:0/1, Dy:0/0, Lg:0/0) +M(C:0K, Fs:7, WS:0K # 0K, PF:0K # 0K, P:0K)
[16] 0.000022 +J(CM:0, PgRf:1, Rd:0/0, Dy:0/0, Lg:0/0) +M(C:0K, Fs:1, WS:4K # 0K, PF:0K # 0K, P:0K)
[17] 0.000080 +J(CM:0, PgRf:48, Rd:0/0, Dy:0/0, Lg:0/0) +M(C:0K, Fs:5, WS:20K # 0K, PF:0K # 0K, P:0K)
[18] 0.0 +J(0)
[19] 0.0 +J(0)
[20] 0.000022 +J(CM:0, PgRf:2, Rd:0/0, Dy:0/0, Lg:0/0) +M(C:0K, Fs:2, WS:8K # 0K, PF:0K # 0K, P:0K).",0 0,"lgposAttach = 00000002:0630:0268,
dbv = 1568.290.600 (9600)",
2026-04-06T12:19:40.416945Z,"{'#attributes': {'Qualifiers': 0}, '#text': 330}",DC01.darkzero.htb,NTDS ISAM,Directory Service,120,4,,,NTDS,"916,D,2,0",,,NTDSA: ,C:\Windows\NTDS\temp.edb,0x2580 (9600),9600 (0x2580),9620 (0x2594),,,
2026-04-06T12:19:40.417511Z,"{'#attributes': {'Qualifiers': 0}, '#text': 700}",DC01.darkzero.htb,NTDS ISAM,Directory Service,121,4,,,NTDS,"916,D,0,0",,,NTDSA: ,C:\Windows\NTDS\ntds.dit,,,,,,
2026-04-06T12:19:40.503577Z,"{'#attributes': {'Qualifiers': 0}, '#text': 701}",DC01.darkzero.htb,NTDS ISAM,Directory Service,122,4,,,NTDS,"916,D,0,0",,,NTDSA: ,C:\Windows\NTDS\ntds.dit,0,4/6/2026,0,1,1,4
2026-04-06T12:19:40.276286Z,"{'#attributes': {'Qualifiers': 16384}, '#text': 1869}",DC01.darkzero.htb,Microsoft-Windows-ActiveDirectory_DomainService,Directory Service,123,4,,,\\DC01.darkzero.htb,Default-First-Site-Name,,,,,,,,,,
2026-04-06T12:19:40.409265Z,"{'#attributes': {'Qualifiers': 16384}, '#text': 3033}",DC01.darkzero.htb,Microsoft-Windows-ActiveDirectory_DomainService,Directory Service,124,4,,,,,,,,,,,,,,
2026-04-06T12:19:40.409265Z,"{'#attributes': {'Qualifiers': 16384}, '#text': 3027}",DC01.darkzero.htb,Microsoft-Windows-ActiveDirectory_DomainService,Directory Service,125,4,,3600,,,,,,,,,,,,
2026-04-06T14:34:42.481670Z,"{'#attributes': {'Qualifiers': 16384}, '#text': 2179}",DC01.darkzero.htb,Microsoft-Windows-ActiveDirectory_DomainService,Directory Service,126,4,,10686758757317138473,,,,,,,,,,,,
2026-04-06T14:34:42.823200Z,"{'#attributes': {'Qualifiers': 16384}, '#text': 1004}",DC01.darkzero.htb,Microsoft-Windows-ActiveDirectory_DomainService,Directory Service,127,4,,,,,,,,,,,,,,
2026-04-27T11:05:29.045503Z,"{'#attributes': {'Qualifiers': 32768}, '#text': 3051}",DC01.darkzero.htb,Microsoft-Windows-ActiveDirectory_DomainService,Directory Service,128,3,,,,,,,,,,,,,,
2026-04-27T11:05:29.045503Z,"{'#attributes': {'Qualifiers': 32768}, '#text': 3054}",DC01.darkzero.htb,Microsoft-Windows-ActiveDirectory_DomainService,Directory Service,129,3,,,,,,,,,,,,,,
2026-04-27T11:05:29.609250Z,"{'#attributes': {'Qualifiers': 16384}, '#text': 2121}",DC01.darkzero.htb,Microsoft-Windows-ActiveDirectory_DomainService,Directory Service,130,4,,,,,,,,,,,,,,
2026-04-27T11:05:29.609250Z,"{'#attributes': {'Qualifiers': 16384}, '#text': 2406}",DC01.darkzero.htb,Microsoft-Windows-ActiveDirectory_DomainService,Directory Service,131,4,,Recycle Bin Feature,,,,,,,,,,,,
2026-04-27T11:05:29.609250Z,"{'#attributes': {'Qualifiers': 16384}, '#text': 2406}",DC01.darkzero.htb,Microsoft-Windows-ActiveDirectory_DomainService,Directory Service,132,4,,Privileged Access Management Feature,,,,,,,,,,,,
2026-04-27T11:05:29.609250Z,"{'#attributes': {'Qualifiers': 16384}, '#text': 2406}",DC01.darkzero.htb,Microsoft-Windows-ActiveDirectory_DomainService,Directory Service,133,4,,Database 32k Pages Feature,,,,,,,,,,,,
2026-04-27T11:05:29.611276Z,"{'#attributes': {'Qualifiers': 16384}, '#text': 2168}",DC01.darkzero.htb,Microsoft-Windows-ActiveDirectory_DomainService,Directory Service,134,4,,6174252213701703133,,,,,,,,,,,,
2026-04-27T11:05:29.611276Z,"{'#attributes': {'Qualifiers': 16384}, '#text': 2172}",DC01.darkzero.htb,Microsoft-Windows-ActiveDirectory_DomainService,Directory Service,135,4,,10686758757317138473,,,,,,,,,,,,
2026-04-27T11:05:29.611276Z,"{'#attributes': {'Qualifiers': 32768}, '#text': 2170}",DC01.darkzero.htb,Microsoft-Windows-ActiveDirectory_DomainService,Directory Service,136,3,,,10686758757317138473,6174252213701703133,,,,,,,,,,
2026-04-27T11:05:29.619129Z,"{'#attributes': {'Qualifiers': 16384}, '#text': 1109}",DC01.darkzero.htb,Microsoft-Windows-ActiveDirectory_DomainService,Directory Service,137,4,,,650e4a4e-de0f-4a96-93ec-d04574ea1151,90338cc2-5900-4633-9ab9-0947a5e7de8a,,,24580,,,,,,,
2026-04-27T11:05:29.637124Z,"{'#attributes': {'Qualifiers': 16384}, '#text': 2208}",DC01.darkzero.htb,Microsoft-Windows-ActiveDirectory_DomainService,Directory Service,138,4,,,,,,,,,,,,,,
2026-04-27T11:05:29.643220Z,"{'#attributes': {'Qualifiers': 16384}, '#text': 2179}",DC01.darkzero.htb,Microsoft-Windows-ActiveDirectory_DomainService,Directory Service,139,4,,6174252213701703133,,,,,,,,,,,,
2026-04-27T11:05:29.657187Z,"{'#attributes': {'Qualifiers': 16384}, '#text': 2120}",DC01.darkzero.htb,Microsoft-Windows-ActiveDirectory_DomainService,Directory Service,140,4,,,,,,,,,,,,,,
2026-04-27T11:05:29.657187Z,"{'#attributes': {'Qualifiers': 16384}, '#text': 2405}",DC01.darkzero.htb,Microsoft-Windows-ActiveDirectory_DomainService,Directory Service,141,4,,Recycle Bin Feature,,,,,,,,,,,,
2026-04-27T11:05:29.657187Z,"{'#attributes': {'Qualifiers': 16384}, '#text': 2405}",DC01.darkzero.htb,Microsoft-Windows-ActiveDirectory_DomainService,Directory Service,142,4,,Database 32k Pages Feature,,,,,,,,,,,,
2026-04-27T11:05:29.657187Z,"{'#attributes': {'Qualifiers': 16384}, '#text': 2405}",DC01.darkzero.htb,Microsoft-Windows-ActiveDirectory_DomainService,Directory Service,143,4,,Privileged Access Management Feature,,,,,,,,,,,,
2026-04-27T11:05:39.671978Z,"{'#attributes': {'Qualifiers': 16384}, '#text': 1000}",DC01.darkzero.htb,Microsoft-Windows-ActiveDirectory_DomainService,Directory Service,144,4,,,,,,,,,,,,,,
2026-04-27T11:06:16.852349Z,"{'#attributes': {'Qualifiers': 16384}, '#text': 1394}",DC01.darkzero.htb,Microsoft-Windows-ActiveDirectory_DomainService,Directory Service,145,4,,,,,,,,,,,,,,
2026-04-27T11:20:40.311316Z,"{'#attributes': {'Qualifiers': 0}, '#text': 102}",DC01.darkzero.htb,NTDS ISAM,Directory Service,146,4,,,NTDS,"892,P,98,0",,,NTDSA: ,0,10,00,26100,0000,,
2026-04-27T11:20:40.312088Z,"{'#attributes': {'Qualifiers': 0}, '#text': 105}",DC01.darkzero.htb,NTDS ISAM,Directory Service,147,4,,,NTDS,"892,D,0,0",,,NTDSA: ,0,0.127,"
[1] 0.001811 +J(0) +M(C:0K, Fs:182, WS:708K # 104K, PF:5412K # 2416K, P:5412K)
[2] 0.002941 +J(0) +M(C:64K, Fs:94, WS:364K # 364K, PF:360K # 360K, P:360K)
[3] 0.000472 +J(0) +M(C:0K, Fs:3, WS:12K # 12K, PF:64K # 64K, P:64K)
[4] 0.012309 -0.000289 (1) WT +J(0) +M(C:0K, Fs:157, WS:552K # 552K, PF:7688K # 7688K, P:7688K)
[5] 0.000334 +J(0)
[6] 0.004384 +J(0) +M(C:0K, Fs:23, WS:88K # 88K, PF:16K # 16K, P:16K)
[7] 0.071075 -0.064578 (21) WT +J(0) +M(C:0K, Fs:2580, WS:10264K # 10264K, PF:10160K # 10260K, P:10160K)
[8] -
[9] -
[10] -
[11] -
[12] -
[13] 0.031793 -0.027475 (22) WT +J(CM:0, PgRf:0, Rd:0/0, Dy:0/0, Lg:616/1) +M(C:0K, Fs:14, WS:-10200K # 20K, PF:-10256K # 0K, P:-10256K)
[14] 0.000019 +J(0)
[15] 0.000986 +J(0) +M(C:0K, Fs:821, WS:3280K # 0K, PF:68K # 0K, P:68K)
[16] 0.000510 -0.000234 (1) WT +J(0) +M(C:0K, Fs:4, WS:4K # 0K, PF:4K # 0K, P:4K).","RBSOn = 0
",,,
2026-04-27T11:20:40.312439Z,"{'#attributes': {'Qualifiers': 0}, '#text': 330}",DC01.darkzero.htb,NTDS ISAM,Directory Service,148,4,,,NTDS,"892,D,50,0",,,NTDSA: ,C:\Windows\NTDS\ntds.dit,0x2580 (9600),9600 (0x2580),9620 (0x2594),,,
2026-04-27T11:20:40.312769Z,"{'#attributes': {'Qualifiers': 0}, '#text': 326}",DC01.darkzero.htb,NTDS ISAM,Directory Service,149,4,,,NTDS,"892,D,50,0",,,NTDSA: ,1,C:\Windows\NTDS\ntds.dit,0,"
[1] 0.000006 +J(0) +M(C:0K, Fs:1, WS:4K # 0K, PF:0K # 0K, P:0K)
[2] 0.000655 -0.000311 (1) WT +J(0) +M(C:0K, Fs:29, WS:48K # 0K, PF:36K # 0K, P:36K)
[3] 0.008015 -0.004698 (6) WT +J(CM:0, PgRf:0, Rd:0/0, Dy:0/0, Lg:3480/2) +M(C:0K, Fs:37, WS:112K # 0K, PF:116K # 0K, P:116K)
[4] 0.000886 +J(0) +M(C:0K, Fs:1, WS:4K # 0K, PF:0K # 0K, P:0K)
[5] -
[6] 0.004259 -0.000994 (2) CM -0.000908 (2) WT +J(CM:2, PgRf:2, Rd:0/2, Dy:0/0, Lg:0/0) +M(C:-56K, Fs:65, WS:204K # 0K, PF:148K # 0K, P:148K)
[7] 0.000004 +J(0)
[8] 0.002378 -0.000387 (1) CM -0.000343 (1) WT +J(CM:1, PgRf:1, Rd:4/1, Dy:0/0, Lg:0/0) +M(C:92K, Fs:69, WS:184K # 0K, PF:288K # 0K, P:288K)
[9] -
[10] -
[11] -
[12] 0.000298 +J(CM:0, PgRf:0, Rd:0/0, Dy:0/0, Lg:54/1) +M(C:0K, Fs:4, WS:16K # 0K, PF:24K # 0K, P:24K)
[13] 0.003634 -0.002047 (3) CM -0.001921 (3) WT +J(CM:3, PgRf:23, Rd:0/3, Dy:0/0, Lg:0/0) +M(C:-44K, Fs:26, WS:32K # 0K, PF:-12K # 0K, P:-12K)
[14] 0.000894 -0.000688 (2) CM -0.000618 (2) WT +J(CM:2, PgRf:40, Rd:0/2, Dy:0/0, Lg:0/0) +M(C:-32K, Fs:10, WS:-16K # 0K, PF:32K # 0K, P:32K)
[15] 0.000433 -0.000376 (1) CM -0.000340 (1) WT +J(CM:1, PgRf:1, Rd:0/1, Dy:0/0, Lg:0/0) +M(C:0K, Fs:7, WS:0K # 0K, PF:0K # 0K, P:0K)
[16] 0.000021 +J(CM:0, PgRf:1, Rd:0/0, Dy:0/0, Lg:0/0) +M(C:0K, Fs:1, WS:4K # 0K, PF:0K # 0K, P:0K)
[17] 0.000432 -0.000295 (1) CM -0.000261 (1) WT +J(CM:1, PgRf:48, Rd:0/1, Dy:0/0, Lg:0/0) +M(C:0K, Fs:12, WS:20K # 0K, PF:0K # 0K, P:0K)
[18] 0.000002 +J(0)
[19] 0.0 +J(0)
[20] 0.000459 -0.000377 (1) CM -0.000341 (1) WT +J(CM:1, PgRf:2, Rd:0/1, Dy:0/0, Lg:0/0) +M(C:0K, Fs:9, WS:8K # 0K, PF:0K # 0K, P:0K).",0 0,"lgposAttach = 00000002:0653:0268,
dbv = 1568.290.600 (9600)",
2026-04-27T11:20:40.313148Z,"{'#attributes': {'Qualifiers': 0}, '#text': 330}",DC01.darkzero.htb,NTDS ISAM,Directory Service,150,4,,,NTDS,"892,D,2,0",,,NTDSA: ,C:\Windows\NTDS\temp.edb,0x2580 (9600),9600 (0x2580),9620 (0x2594),,,
2026-04-27T11:20:40.313614Z,"{'#attributes': {'Qualifiers': 0}, '#text': 700}",DC01.darkzero.htb,NTDS ISAM,Directory Service,151,4,,,NTDS,"892,D,0,0",,,NTDSA: ,C:\Windows\NTDS\ntds.dit,,,,,,
2026-04-27T11:20:40.394688Z,"{'#attributes': {'Qualifiers': 0}, '#text': 701}",DC01.darkzero.htb,NTDS ISAM,Directory Service,152,4,,,NTDS,"892,D,0,0",,,NTDSA: ,C:\Windows\NTDS\ntds.dit,3,4/27/2026,0,1,1,5
2026-04-27T11:20:39.911008Z,"{'#attributes': {'Qualifiers': 16384}, '#text': 1869}",DC01.darkzero.htb,Microsoft-Windows-ActiveDirectory_DomainService,Directory Service,153,4,,,\\DC01.darkzero.htb,Default-First-Site-Name,,,,,,,,,,
2026-04-27T11:20:40.307556Z,"{'#attributes': {'Qualifiers': 16384}, '#text': 3033}",DC01.darkzero.htb,Microsoft-Windows-ActiveDirectory_DomainService,Directory Service,154,4,,,,,,,,,,,,,,
2026-04-27T11:20:40.307556Z,"{'#attributes': {'Qualifiers': 16384}, '#text': 3027}",DC01.darkzero.htb,Microsoft-Windows-ActiveDirectory_DomainService,Directory Service,155,4,,3600,,,,,,,,,,,,
2026-04-27T12:21:10.349710Z,"{'#attributes': {'Qualifiers': 16384}, '#text': 2179}",DC01.darkzero.htb,Microsoft-Windows-ActiveDirectory_DomainService,Directory Service,156,4,,6174252213701703133,,,,,,,,,,,,
2026-04-27T12:21:11.694269Z,"{'#attributes': {'Qualifiers': 16384}, '#text': 1004}",DC01.darkzero.htb,Microsoft-Windows-ActiveDirectory_DomainService,Directory Service,157,4,,,,,,,,,,,,,,
2026-05-18T12:30:21.638048Z,"{'#attributes': {'Qualifiers': 32768}, '#text': 3051}",DC01.darkzero.htb,Microsoft-Windows-ActiveDirectory_DomainService,Directory Service,158,3,,,,,,,,,,,,,,
2026-05-18T12:30:21.638048Z,"{'#attributes': {'Qualifiers': 32768}, '#text': 3054}",DC01.darkzero.htb,Microsoft-Windows-ActiveDirectory_DomainService,Directory Service,159,3,,,,,,,,,,,,,,
2026-05-18T12:30:21.824747Z,"{'#attributes': {'Qualifiers': 16384}, '#text': 2121}",DC01.darkzero.htb,Microsoft-Windows-ActiveDirectory_DomainService,Directory Service,160,4,,,,,,,,,,,,,,
2026-05-18T12:30:21.824747Z,"{'#attributes': {'Qualifiers': 16384}, '#text': 2406}",DC01.darkzero.htb,Microsoft-Windows-ActiveDirectory_DomainService,Directory Service,161,4,,Recycle Bin Feature,,,,,,,,,,,,
2026-05-18T12:30:21.826773Z,"{'#attributes': {'Qualifiers': 16384}, '#text': 2406}",DC01.darkzero.htb,Microsoft-Windows-ActiveDirectory_DomainService,Directory Service,162,4,,Privileged Access Management Feature,,,,,,,,,,,,
2026-05-18T12:30:21.826773Z,"{'#attributes': {'Qualifiers': 16384}, '#text': 2406}",DC01.darkzero.htb,Microsoft-Windows-ActiveDirectory_DomainService,Directory Service,163,4,,Database 32k Pages Feature,,,,,,,,,,,,
2026-05-18T12:30:21.826773Z,"{'#attributes': {'Qualifiers': 16384}, '#text': 2168}",DC01.darkzero.htb,Microsoft-Windows-ActiveDirectory_DomainService,Directory Service,164,4,,6174252213701703133,,,,,,,,,,,,
2026-05-18T12:30:21.826773Z,"{'#attributes': {'Qualifiers': 16384}, '#text': 2172}",DC01.darkzero.htb,Microsoft-Windows-ActiveDirectory_DomainService,Directory Service,165,4,,6174252213701703133,,,,,,,,,,,,
2026-05-18T12:30:21.844758Z,"{'#attributes': {'Qualifiers': 16384}, '#text': 2120}",DC01.darkzero.htb,Microsoft-Windows-ActiveDirectory_DomainService,Directory Service,166,4,,,,,,,,,,,,,,
2026-05-18T12:30:21.844758Z,"{'#attributes': {'Qualifiers': 16384}, '#text': 2405}",DC01.darkzero.htb,Microsoft-Windows-ActiveDirectory_DomainService,Directory Service,167,4,,Recycle Bin Feature,,,,,,,,,,,,
2026-05-18T12:30:21.844758Z,"{'#attributes': {'Qualifiers': 16384}, '#text': 2405}",DC01.darkzero.htb,Microsoft-Windows-ActiveDirectory_DomainService,Directory Service,168,4,,Database 32k Pages Feature,,,,,,,,,,,,
2026-05-18T12:30:21.844758Z,"{'#attributes': {'Qualifiers': 16384}, '#text': 2405}",DC01.darkzero.htb,Microsoft-Windows-ActiveDirectory_DomainService,Directory Service,169,4,,Privileged Access Management Feature,,,,,,,,,,,,
2026-05-18T12:30:31.855405Z,"{'#attributes': {'Qualifiers': 16384}, '#text': 1000}",DC01.darkzero.htb,Microsoft-Windows-ActiveDirectory_DomainService,Directory Service,170,4,,,,,,,,,,,,,,
2026-05-18T12:31:01.873878Z,"{'#attributes': {'Qualifiers': 16384}, '#text': 1394}",DC01.darkzero.htb,Microsoft-Windows-ActiveDirectory_DomainService,Directory Service,171,4,,,,,,,,,,,,,,
2026-05-18T12:45:32.054390Z,"{'#attributes': {'Qualifiers': 16384}, '#text': 1869}",DC01.darkzero.htb,Microsoft-Windows-ActiveDirectory_DomainService,Directory Service,172,4,,,\\DC01.darkzero.htb,Default-First-Site-Name,,,,,,,,,,
2026-05-18T12:45:33.714336Z,"{'#attributes': {'Qualifiers': 0}, '#text': 102}",DC01.darkzero.htb,NTDS ISAM,Directory Service,173,4,,,NTDS,"892,P,98,0",,,NTDSA: ,0,10,00,26100,0000,,
2026-05-18T12:45:33.714890Z,"{'#attributes': {'Qualifiers': 0}, '#text': 105}",DC01.darkzero.htb,NTDS ISAM,Directory Service,174,4,,,NTDS,"892,D,0,0",,,NTDSA: ,0,0.339,"
[1] 0.001824 +J(0) +M(C:0K, Fs:183, WS:708K # 100K, PF:5416K # 2412K, P:5416K)
[2] 0.003117 +J(0) +M(C:64K, Fs:94, WS:364K # 364K, PF:364K # 364K, P:364K)
[3] 0.000472 +J(0) +M(C:0K, Fs:3, WS:12K # 12K, PF:64K # 64K, P:64K)
[4] 0.013334 -0.000391 (1) WT +J(0) +M(C:0K, Fs:154, WS:540K # 540K, PF:7684K # 7684K, P:7684K)
[5] 0.000326 +J(0)
[6] 0.005488 +J(0) +M(C:0K, Fs:23, WS:88K # 88K, PF:16K # 16K, P:16K)
[7] 0.275999 -0.268498 (21) WT +J(0) +M(C:0K, Fs:2580, WS:10300K # 10300K, PF:10260K # 10260K, P:10260K)
[8] -
[9] -
[10] -
[11] -
[12] -
[13] 0.037153 -0.032474 (22) WT +J(CM:0, PgRf:0, Rd:0/0, Dy:0/0, Lg:616/1) +M(C:0K, Fs:13, WS:-10200K # 20K, PF:-10256K # 12K, P:-10256K)
[14] 0.000027 +J(0)
[15] 0.001061 +J(0) +M(C:0K, Fs:822, WS:3280K # 0K, PF:68K # 0K, P:68K)
[16] 0.000580 -0.000330 (1) WT +J(0) +M(C:0K, Fs:2, WS:0K # 0K, PF:0K # 0K, P:0K).","RBSOn = 0
",,,
2026-05-18T12:45:33.715430Z,"{'#attributes': {'Qualifiers': 0}, '#text': 330}",DC01.darkzero.htb,NTDS ISAM,Directory Service,175,4,,,NTDS,"892,D,50,0",,,NTDSA: ,C:\Windows\NTDS\ntds.dit,0x2580 (9600),9600 (0x2580),9620 (0x2594),,,
2026-05-18T12:45:33.715770Z,"{'#attributes': {'Qualifiers': 0}, '#text': 326}",DC01.darkzero.htb,NTDS ISAM,Directory Service,176,4,,,NTDS,"892,D,50,0",,,NTDSA: ,1,C:\Windows\NTDS\ntds.dit,0,"
[1] 0.000006 +J(0) +M(C:0K, Fs:1, WS:4K # 0K, PF:0K # 0K, P:0K)
[2] 0.000659 -0.000360 (1) WT +J(0) +M(C:0K, Fs:28, WS:48K # 0K, PF:32K # 0K, P:32K)
[3] 0.007297 -0.003547 (6) WT +J(CM:0, PgRf:0, Rd:0/0, Dy:0/0, Lg:3480/2) +M(C:0K, Fs:38, WS:120K # 0K, PF:120K # 0K, P:120K)
[4] 0.000893 +J(0) +M(C:0K, Fs:1, WS:4K # 0K, PF:0K # 0K, P:0K)
[5] -
[6] 0.004863 -0.001189 (2) CM -0.001100 (2) WT +J(CM:2, PgRf:2, Rd:0/2, Dy:0/0, Lg:0/0) +M(C:-56K, Fs:65, WS:204K # 0K, PF:148K # 0K, P:148K)
[7] 0.000006 +J(0)
[8] 0.002785 -0.000394 (1) CM -0.000348 (1) WT +J(CM:1, PgRf:1, Rd:4/1, Dy:0/0, Lg:0/0) +M(C:92K, Fs:54, WS:184K # 0K, PF:292K # 0K, P:292K)
[9] -
[10] -
[11] -
[12] 0.000293 +J(CM:0, PgRf:0, Rd:0/0, Dy:0/0, Lg:54/1) +M(C:0K, Fs:3, WS:12K # 0K, PF:20K # 0K, P:20K)
[13] 0.006418 -0.004064 (6) CM -0.003817 (6) WT +J(CM:6, PgRf:23, Rd:0/6, Dy:0/0, Lg:0/0) +M(C:-24K, Fs:44, WS:56K # 0K, PF:12K # 0K, P:12K)
[14] 0.001911 -0.001575 (4) CM -0.001433 (4) WT +J(CM:4, PgRf:40, Rd:0/4, Dy:0/0, Lg:0/0) +M(C:-24K, Fs:24, WS:-8K # 0K, PF:40K # 0K, P:40K)
[15] 0.000484 -0.000418 (1) CM -0.000381 (1) WT +J(CM:1, PgRf:1, Rd:0/1, Dy:0/0, Lg:0/0) +M(C:0K, Fs:7, WS:0K # 0K, PF:0K # 0K, P:0K)
[16] 0.000024 +J(CM:0, PgRf:1, Rd:0/0, Dy:0/0, Lg:0/0) +M(C:0K, Fs:1, WS:4K # 0K, PF:0K # 0K, P:0K)
[17] 0.000081 +J(CM:0, PgRf:48, Rd:0/0, Dy:0/0, Lg:0/0) +M(C:0K, Fs:5, WS:20K # 0K, PF:0K # 0K, P:0K)
[18] 0.0 +J(0)
[19] 0.0 +J(0)
[20] 0.000022 +J(CM:0, PgRf:2, Rd:0/0, Dy:0/0, Lg:0/0) +M(C:0K, Fs:2, WS:8K # 0K, PF:0K # 0K, P:0K).",0 0,"lgposAttach = 00000002:0687:0268,
dbv = 1568.290.600 (9600)",
2026-05-18T12:45:33.716148Z,"{'#attributes': {'Qualifiers': 0}, '#text': 330}",DC01.darkzero.htb,NTDS ISAM,Directory Service,177,4,,,NTDS,"892,D,2,0",,,NTDSA: ,C:\Windows\NTDS\temp.edb,0x2580 (9600),9600 (0x2580),9620 (0x2594),,,
2026-05-18T12:45:33.716421Z,"{'#attributes': {'Qualifiers': 0}, '#text': 700}",DC01.darkzero.htb,NTDS ISAM,Directory Service,178,4,,,NTDS,"892,D,0,0",,,NTDSA: ,C:\Windows\NTDS\ntds.dit,,,,,,
2026-05-18T12:45:33.708211Z,"{'#attributes': {'Qualifiers': 16384}, '#text': 3033}",DC01.darkzero.htb,Microsoft-Windows-ActiveDirectory_DomainService,Directory Service,179,4,,,,,,,,,,,,,,
2026-05-18T12:45:33.708211Z,"{'#attributes': {'Qualifiers': 16384}, '#text': 3027}",DC01.darkzero.htb,Microsoft-Windows-ActiveDirectory_DomainService,Directory Service,180,4,,3600,,,,,,,,,,,,
2026-05-18T12:45:34.856517Z,"{'#attributes': {'Qualifiers': 0}, '#text': 701}",DC01.darkzero.htb,NTDS ISAM,Directory Service,181,4,,,NTDS,"892,D,0,0",,,NTDSA: ,C:\Windows\NTDS\ntds.dit,2,5/18/2026,1,1,1,6
2026-05-18T14:09:25.404358Z,"{'#attributes': {'Qualifiers': 16384}, '#text': 2179}",DC01.darkzero.htb,Microsoft-Windows-ActiveDirectory_DomainService,Directory Service,182,4,,6174252213701703133,,,,,,,,,,,,
2026-05-18T14:09:26.770241Z,"{'#attributes': {'Qualifiers': 16384}, '#text': 1004}",DC01.darkzero.htb,Microsoft-Windows-ActiveDirectory_DomainService,Directory Service,183,4,,,,,,,,,,,,,,
2026-05-18T14:26:53.634588Z,"{'#attributes': {'Qualifiers': 32768}, '#text': 3051}",DC01.darkzero.htb,Microsoft-Windows-ActiveDirectory_DomainService,Directory Service,184,3,,,,,,,,,,,,,,
2026-05-18T14:26:53.634588Z,"{'#attributes': {'Qualifiers': 32768}, '#text': 3054}",DC01.darkzero.htb,Microsoft-Windows-ActiveDirectory_DomainService,Directory Service,185,3,,,,,,,,,,,,,,
2026-05-18T14:26:53.891290Z,"{'#attributes': {'Qualifiers': 16384}, '#text': 2121}",DC01.darkzero.htb,Microsoft-Windows-ActiveDirectory_DomainService,Directory Service,186,4,,,,,,,,,,,,,,
2026-05-18T14:26:53.891290Z,"{'#attributes': {'Qualifiers': 16384}, '#text': 2406}",DC01.darkzero.htb,Microsoft-Windows-ActiveDirectory_DomainService,Directory Service,187,4,,Recycle Bin Feature,,,,,,,,,,,,
2026-05-18T14:26:53.891290Z,"{'#attributes': {'Qualifiers': 16384}, '#text': 2406}",DC01.darkzero.htb,Microsoft-Windows-ActiveDirectory_DomainService,Directory Service,188,4,,Privileged Access Management Feature,,,,,,,,,,,,
2026-05-18T14:26:53.891290Z,"{'#attributes': {'Qualifiers': 16384}, '#text': 2406}",DC01.darkzero.htb,Microsoft-Windows-ActiveDirectory_DomainService,Directory Service,189,4,,Database 32k Pages Feature,,,,,,,,,,,,
2026-05-18T14:26:53.893310Z,"{'#attributes': {'Qualifiers': 16384}, '#text': 2168}",DC01.darkzero.htb,Microsoft-Windows-ActiveDirectory_DomainService,Directory Service,190,4,,9560182742258083877,,,,,,,,,,,,
2026-05-18T14:26:53.893310Z,"{'#attributes': {'Qualifiers': 16384}, '#text': 2172}",DC01.darkzero.htb,Microsoft-Windows-ActiveDirectory_DomainService,Directory Service,191,4,,6174252213701703133,,,,,,,,,,,,
2026-05-18T14:26:53.893310Z,"{'#attributes': {'Qualifiers': 32768}, '#text': 2170}",DC01.darkzero.htb,Microsoft-Windows-ActiveDirectory_DomainService,Directory Service,192,3,,,6174252213701703133,9560182742258083877,,,,,,,,,,
2026-05-18T14:26:53.901412Z,"{'#attributes': {'Qualifiers': 16384}, '#text': 1109}",DC01.darkzero.htb,Microsoft-Windows-ActiveDirectory_DomainService,Directory Service,193,4,,,90338cc2-5900-4633-9ab9-0947a5e7de8a,a1ec0c0f-978c-4ee4-9e21-78e44be49565,,,32774,,,,,,,
2026-05-18T14:26:53.921159Z,"{'#attributes': {'Qualifiers': 16384}, '#text': 2208}",DC01.darkzero.htb,Microsoft-Windows-ActiveDirectory_DomainService,Directory Service,194,4,,,,,,,,,,,,,,
2026-05-18T14:26:53.929270Z,"{'#attributes': {'Qualifiers': 16384}, '#text': 2179}",DC01.darkzero.htb,Microsoft-Windows-ActiveDirectory_DomainService,Directory Service,195,4,,9560182742258083877,,,,,,,,,,,,
2026-05-18T14:26:53.943172Z,"{'#attributes': {'Qualifiers': 16384}, '#text': 2120}",DC01.darkzero.htb,Microsoft-Windows-ActiveDirectory_DomainService,Directory Service,196,4,,,,,,,,,,,,,,
2026-05-18T14:26:53.943172Z,"{'#attributes': {'Qualifiers': 16384}, '#text': 2405}",DC01.darkzero.htb,Microsoft-Windows-ActiveDirectory_DomainService,Directory Service,197,4,,Recycle Bin Feature,,,,,,,,,,,,
2026-05-18T14:26:53.943172Z,"{'#attributes': {'Qualifiers': 16384}, '#text': 2405}",DC01.darkzero.htb,Microsoft-Windows-ActiveDirectory_DomainService,Directory Service,198,4,,Database 32k Pages Feature,,,,,,,,,,,,
2026-05-18T14:26:53.943172Z,"{'#attributes': {'Qualifiers': 16384}, '#text': 2405}",DC01.darkzero.htb,Microsoft-Windows-ActiveDirectory_DomainService,Directory Service,199,4,,Privileged Access Management Feature,,,,,,,,,,,,
2026-05-18T14:27:03.962760Z,"{'#attributes': {'Qualifiers': 16384}, '#text': 1000}",DC01.darkzero.htb,Microsoft-Windows-ActiveDirectory_DomainService,Directory Service,200,4,,,,,,,,,,,,,,
2026-05-18T14:27:34.167740Z,"{'#attributes': {'Qualifiers': 16384}, '#text': 1394}",DC01.darkzero.htb,Microsoft-Windows-ActiveDirectory_DomainService,Directory Service,201,4,,,,,,,,,,,,,,
2026-05-18T14:31:51.443991Z,"{'#attributes': {'Qualifiers': 16384}, '#text': 2179}",DC01.darkzero.htb,Microsoft-Windows-ActiveDirectory_DomainService,Directory Service,202,4,,9560182742258083877,,,,,,,,,,,,
2026-05-18T14:31:51.786071Z,"{'#attributes': {'Qualifiers': 16384}, '#text': 1004}",DC01.darkzero.htb,Microsoft-Windows-ActiveDirectory_DomainService,Directory Service,203,4,,,,,,,,,,,,,,
2026-05-20T13:06:18.743880Z,"{'#attributes': {'Qualifiers': 32768}, '#text': 3051}",DC01.darkzero.htb,Microsoft-Windows-ActiveDirectory_DomainService,Directory Service,204,3,,,,,,,,,,,,,,
2026-05-20T13:06:18.743880Z,"{'#attributes': {'Qualifiers': 32768}, '#text': 3054}",DC01.darkzero.htb,Microsoft-Windows-ActiveDirectory_DomainService,Directory Service,205,3,,,,,,,,,,,,,,
2026-05-20T13:06:18.994583Z,"{'#attributes': {'Qualifiers': 16384}, '#text': 2121}",DC01.darkzero.htb,Microsoft-Windows-ActiveDirectory_DomainService,Directory Service,206,4,,,,,,,,,,,,,,
2026-05-20T13:06:18.994583Z,"{'#attributes': {'Qualifiers': 16384}, '#text': 2406}",DC01.darkzero.htb,Microsoft-Windows-ActiveDirectory_DomainService,Directory Service,207,4,,Recycle Bin Feature,,,,,,,,,,,,
2026-05-20T13:06:18.994583Z,"{'#attributes': {'Qualifiers': 16384}, '#text': 2406}",DC01.darkzero.htb,Microsoft-Windows-ActiveDirectory_DomainService,Directory Service,208,4,,Privileged Access Management Feature,,,,,,,,,,,,
2026-05-20T13:06:18.994583Z,"{'#attributes': {'Qualifiers': 16384}, '#text': 2406}",DC01.darkzero.htb,Microsoft-Windows-ActiveDirectory_DomainService,Directory Service,209,4,,Database 32k Pages Feature,,,,,,,,,,,,
2026-05-20T13:06:18.996603Z,"{'#attributes': {'Qualifiers': 16384}, '#text': 2168}",DC01.darkzero.htb,Microsoft-Windows-ActiveDirectory_DomainService,Directory Service,210,4,,7420655408770027604,,,,,,,,,,,,
2026-05-20T13:06:18.996603Z,"{'#attributes': {'Qualifiers': 16384}, '#text': 2172}",DC01.darkzero.htb,Microsoft-Windows-ActiveDirectory_DomainService,Directory Service,211,4,,9560182742258083877,,,,,,,,,,,,
2026-05-20T13:06:18.996603Z,"{'#attributes': {'Qualifiers': 32768}, '#text': 2170}",DC01.darkzero.htb,Microsoft-Windows-ActiveDirectory_DomainService,Directory Service,212,3,,,9560182742258083877,7420655408770027604,,,,,,,,,,
2026-05-20T13:06:19.002426Z,"{'#attributes': {'Qualifiers': 16384}, '#text': 1109}",DC01.darkzero.htb,Microsoft-Windows-ActiveDirectory_DomainService,Directory Service,213,4,,,a1ec0c0f-978c-4ee4-9e21-78e44be49565,36399a7d-d6f1-4800-ac73-7753ca143da3,,,36871,,,,,,,
2026-05-20T13:06:19.042679Z,"{'#attributes': {'Qualifiers': 16384}, '#text': 2179}",DC01.darkzero.htb,Microsoft-Windows-ActiveDirectory_DomainService,Directory Service,214,4,,7420655408770027604,,,,,,,,,,,,
2026-05-20T13:06:19.082003Z,"{'#attributes': {'Qualifiers': 16384}, '#text': 2208}",DC01.darkzero.htb,Microsoft-Windows-ActiveDirectory_DomainService,Directory Service,215,4,,,,,,,,,,,,,,
2026-05-20T13:06:19.098173Z,"{'#attributes': {'Qualifiers': 16384}, '#text': 2120}",DC01.darkzero.htb,Microsoft-Windows-ActiveDirectory_DomainService,Directory Service,216,4,,,,,,,,,,,,,,
2026-05-20T13:06:19.098173Z,"{'#attributes': {'Qualifiers': 16384}, '#text': 2405}",DC01.darkzero.htb,Microsoft-Windows-ActiveDirectory_DomainService,Directory Service,217,4,,Recycle Bin Feature,,,,,,,,,,,,
2026-05-20T13:06:19.098173Z,"{'#attributes': {'Qualifiers': 16384}, '#text': 2405}",DC01.darkzero.htb,Microsoft-Windows-ActiveDirectory_DomainService,Directory Service,218,4,,Database 32k Pages Feature,,,,,,,,,,,,
2026-05-20T13:06:19.098173Z,"{'#attributes': {'Qualifiers': 16384}, '#text': 2405}",DC01.darkzero.htb,Microsoft-Windows-ActiveDirectory_DomainService,Directory Service,219,4,,Privileged Access Management Feature,,,,,,,,,,,,
2026-05-20T13:06:29.111680Z,"{'#attributes': {'Qualifiers': 16384}, '#text': 1000}",DC01.darkzero.htb,Microsoft-Windows-ActiveDirectory_DomainService,Directory Service,220,4,,,,,,,,,,,,,,
2026-05-20T13:06:59.404663Z,"{'#attributes': {'Qualifiers': 16384}, '#text': 1394}",DC01.darkzero.htb,Microsoft-Windows-ActiveDirectory_DomainService,Directory Service,221,4,,,,,,,,,,,,,,
2026-05-20T13:21:29.437846Z,"{'#attributes': {'Qualifiers': 0}, '#text': 102}",DC01.darkzero.htb,NTDS ISAM,Directory Service,222,4,,,NTDS,"888,P,98,0",,,NTDSA: ,0,10,00,26100,0000,,
2026-05-20T13:21:29.438416Z,"{'#attributes': {'Qualifiers': 0}, '#text': 105}",DC01.darkzero.htb,NTDS ISAM,Directory Service,223,4,,,NTDS,"888,D,0,0",,,NTDSA: ,0,0.147,"
[1] 0.001986 +J(0) +M(C:0K, Fs:181, WS:708K # 100K, PF:5416K # 2416K, P:5416K)
[2] 0.003101 +J(0) +M(C:64K, Fs:93, WS:360K # 360K, PF:356K # 356K, P:356K)
[3] 0.000477 +J(0) +M(C:0K, Fs:4, WS:12K # 12K, PF:68K # 68K, P:68K)
[4] 0.012913 -0.000299 (1) WT +J(0) +M(C:0K, Fs:150, WS:524K # 524K, PF:7676K # 7676K, P:7676K)
[5] 0.000332 +J(0) +M(C:0K, Fs:1, WS:4K # 4K, PF:0K # 0K, P:0K)
[6] 0.005603 +J(0) +M(C:0K, Fs:22, WS:84K # 84K, PF:16K # 16K, P:16K)
[7] 0.075588 -0.069293 (21) WT +J(0) +M(C:0K, Fs:2580, WS:10300K # 10300K, PF:10260K # 10260K, P:10260K)
[8] -
[9] -
[10] -
[11] -
[12] -
[13] 0.045843 -0.041115 (22) WT +J(CM:0, PgRf:0, Rd:0/0, Dy:0/0, Lg:616/1) +M(C:0K, Fs:13, WS:-10200K # 20K, PF:-10256K # 12K, P:-10256K)
[14] 0.000020 +J(0)
[15] 0.001079 +J(0) +M(C:0K, Fs:822, WS:3280K # 0K, PF:68K # 0K, P:68K)
[16] 0.000544 -0.000299 (1) WT +J(0) +M(C:0K, Fs:2, WS:0K # 0K, PF:0K # 0K, P:0K).","RBSOn = 0
",,,
2026-05-20T13:21:29.438735Z,"{'#attributes': {'Qualifiers': 0}, '#text': 330}",DC01.darkzero.htb,NTDS ISAM,Directory Service,224,4,,,NTDS,"888,D,50,0",,,NTDSA: ,C:\Windows\NTDS\ntds.dit,0x2580 (9600),9600 (0x2580),9620 (0x2594),,,
2026-05-20T13:21:29.439087Z,"{'#attributes': {'Qualifiers': 0}, '#text': 326}",DC01.darkzero.htb,NTDS ISAM,Directory Service,225,4,,,NTDS,"888,D,50,0",,,NTDSA: ,1,C:\Windows\NTDS\ntds.dit,0,"
[1] 0.000006 +J(0) +M(C:0K, Fs:1, WS:4K # 0K, PF:0K # 0K, P:0K)
[2] 0.000606 -0.000301 (1) WT +J(0) +M(C:0K, Fs:28, WS:48K # 0K, PF:32K # 0K, P:32K)
[3] 0.006179 -0.003036 (6) WT +J(CM:0, PgRf:0, Rd:0/0, Dy:0/0, Lg:3480/2) +M(C:0K, Fs:39, WS:124K # 0K, PF:124K # 0K, P:124K)
[4] 0.000751 +J(0) +M(C:0K, Fs:1, WS:4K # 0K, PF:0K # 0K, P:0K)
[5] -
[6] 0.005047 -0.001472 (2) CM -0.001392 (2) WT +J(CM:2, PgRf:2, Rd:0/2, Dy:0/0, Lg:0/0) +M(C:-56K, Fs:65, WS:204K # 0K, PF:148K # 0K, P:148K)
[7] 0.000005 +J(0)
[8] 0.003090 -0.000445 (1) CM -0.000401 (1) WT +J(CM:1, PgRf:1, Rd:4/1, Dy:0/0, Lg:0/0) +M(C:156K, Fs:69, WS:248K # 0K, PF:352K # 0K, P:352K)
[9] -
[10] -
[11] -
[12] 0.000315 +J(CM:0, PgRf:0, Rd:0/0, Dy:0/0, Lg:54/1) +M(C:0K, Fs:4, WS:16K # 0K, PF:24K # 0K, P:24K)
[13] 0.005610 -0.003808 (3) CM -0.003693 (3) WT +J(CM:3, PgRf:23, Rd:0/3, Dy:0/0, Lg:0/0) +M(C:-88K, Fs:26, WS:-12K # 0K, PF:-56K # 0K, P:-56K)
[14] 0.001376 -0.001089 (3) CM -0.000987 (3) WT +J(CM:3, PgRf:40, Rd:0/3, Dy:0/0, Lg:0/0) +M(C:-24K, Fs:18, WS:-8K # 0K, PF:44K # 0K, P:44K)
[15] 0.000444 -0.000387 (1) CM -0.000351 (1) WT +J(CM:1, PgRf:1, Rd:0/1, Dy:0/0, Lg:0/0) +M(C:-8K, Fs:5, WS:-8K # 0K, PF:-8K # 0K, P:-8K)
[16] 0.000022 +J(CM:0, PgRf:1, Rd:0/0, Dy:0/0, Lg:0/0) +M(C:0K, Fs:1, WS:4K # 0K, PF:0K # 0K, P:0K)
[17] 0.000550 -0.000346 (1) CM -0.000308 (1) WT +J(CM:1, PgRf:48, Rd:0/1, Dy:0/0, Lg:0/0) +M(C:0K, Fs:12, WS:20K # 0K, PF:0K # 0K, P:0K)
[18] 0.000002 +J(0)
[19] 0.0 +J(0)
[20] 0.000506 -0.000418 (1) CM -0.000381 (1) WT +J(CM:1, PgRf:2, Rd:0/1, Dy:0/0, Lg:0/0) +M(C:0K, Fs:9, WS:8K # 0K, PF:0K # 0K, P:0K).",0 0,"lgposAttach = 00000002:078B:0268,
dbv = 1568.290.600 (9600)",
2026-05-20T13:21:29.439488Z,"{'#attributes': {'Qualifiers': 0}, '#text': 330}",DC01.darkzero.htb,NTDS ISAM,Directory Service,226,4,,,NTDS,"888,D,2,0",,,NTDSA: ,C:\Windows\NTDS\temp.edb,0x2580 (9600),9600 (0x2580),9620 (0x2594),,,
2026-05-20T13:21:29.439764Z,"{'#attributes': {'Qualifiers': 0}, '#text': 700}",DC01.darkzero.htb,NTDS ISAM,Directory Service,227,4,,,NTDS,"888,D,0,0",,,NTDSA: ,C:\Windows\NTDS\ntds.dit,,,,,,
2026-05-20T13:21:29.534798Z,"{'#attributes': {'Qualifiers': 0}, '#text': 701}",DC01.darkzero.htb,NTDS ISAM,Directory Service,228,4,,,NTDS,"888,D,0,0",,,NTDSA: ,C:\Windows\NTDS\ntds.dit,0,5/20/2026,0,1,1,7
2026-05-20T13:21:29.163908Z,"{'#attributes': {'Qualifiers': 16384}, '#text': 1869}",DC01.darkzero.htb,Microsoft-Windows-ActiveDirectory_DomainService,Directory Service,229,4,,,\\DC01.darkzero.htb,Default-First-Site-Name,,,,,,,,,,
2026-05-20T13:21:29.431925Z,"{'#attributes': {'Qualifiers': 16384}, '#text': 3033}",DC01.darkzero.htb,Microsoft-Windows-ActiveDirectory_DomainService,Directory Service,230,4,,,,,,,,,,,,,,
2026-05-20T13:21:29.431925Z,"{'#attributes': {'Qualifiers': 16384}, '#text': 3027}",DC01.darkzero.htb,Microsoft-Windows-ActiveDirectory_DomainService,Directory Service,231,4,,3600,,,,,,,,,,,,
2026-05-20T13:42:58.800563Z,"{'#attributes': {'Qualifiers': 16384}, '#text': 2179}",DC01.darkzero.htb,Microsoft-Windows-ActiveDirectory_DomainService,Directory Service,232,4,,7420655408770027604,,,,,,,,,,,,
2026-05-20T13:42:59.464604Z,"{'#attributes': {'Qualifiers': 16384}, '#text': 1004}",DC01.darkzero.htb,Microsoft-Windows-ActiveDirectory_DomainService,Directory Service,233,4,,,,,,,,,,,,,,
2026-05-20T14:32:46.306228Z,"{'#attributes': {'Qualifiers': 32768}, '#text': 3051}",DC01.darkzero.htb,Microsoft-Windows-ActiveDirectory_DomainService,Directory Service,234,3,,,,,,,,,,,,,,
2026-05-20T14:32:46.306228Z,"{'#attributes': {'Qualifiers': 32768}, '#text': 3054}",DC01.darkzero.htb,Microsoft-Windows-ActiveDirectory_DomainService,Directory Service,235,3,,,,,,,,,,,,,,
2026-05-20T14:32:46.798606Z,"{'#attributes': {'Qualifiers': 16384}, '#text': 2121}",DC01.darkzero.htb,Microsoft-Windows-ActiveDirectory_DomainService,Directory Service,236,4,,,,,,,,,,,,,,
2026-05-20T14:32:46.798606Z,"{'#attributes': {'Qualifiers': 16384}, '#text': 2406}",DC01.darkzero.htb,Microsoft-Windows-ActiveDirectory_DomainService,Directory Service,237,4,,Recycle Bin Feature,,,,,,,,,,,,
2026-05-20T14:32:46.798606Z,"{'#attributes': {'Qualifiers': 16384}, '#text': 2406}",DC01.darkzero.htb,Microsoft-Windows-ActiveDirectory_DomainService,Directory Service,238,4,,Privileged Access Management Feature,,,,,,,,,,,,
2026-05-20T14:32:46.798606Z,"{'#attributes': {'Qualifiers': 16384}, '#text': 2406}",DC01.darkzero.htb,Microsoft-Windows-ActiveDirectory_DomainService,Directory Service,239,4,,Database 32k Pages Feature,,,,,,,,,,,,
2026-05-20T14:32:46.800634Z,"{'#attributes': {'Qualifiers': 16384}, '#text': 2168}",DC01.darkzero.htb,Microsoft-Windows-ActiveDirectory_DomainService,Directory Service,240,4,,7420655408770027604,,,,,,,,,,,,
2026-05-20T14:32:46.800634Z,"{'#attributes': {'Qualifiers': 16384}, '#text': 2172}",DC01.darkzero.htb,Microsoft-Windows-ActiveDirectory_DomainService,Directory Service,241,4,,7420655408770027604,,,,,,,,,,,,
2026-05-20T14:32:46.818395Z,"{'#attributes': {'Qualifiers': 16384}, '#text': 2120}",DC01.darkzero.htb,Microsoft-Windows-ActiveDirectory_DomainService,Directory Service,242,4,,,,,,,,,,,,,,
2026-05-20T14:32:46.818395Z,"{'#attributes': {'Qualifiers': 16384}, '#text': 2405}",DC01.darkzero.htb,Microsoft-Windows-ActiveDirectory_DomainService,Directory Service,243,4,,Recycle Bin Feature,,,,,,,,,,,,
2026-05-20T14:32:46.818395Z,"{'#attributes': {'Qualifiers': 16384}, '#text': 2405}",DC01.darkzero.htb,Microsoft-Windows-ActiveDirectory_DomainService,Directory Service,244,4,,Database 32k Pages Feature,,,,,,,,,,,,
2026-05-20T14:32:46.818395Z,"{'#attributes': {'Qualifiers': 16384}, '#text': 2405}",DC01.darkzero.htb,Microsoft-Windows-ActiveDirectory_DomainService,Directory Service,245,4,,Privileged Access Management Feature,,,,,,,,,,,,
2026-05-20T14:32:56.839943Z,"{'#attributes': {'Qualifiers': 16384}, '#text': 1000}",DC01.darkzero.htb,Microsoft-Windows-ActiveDirectory_DomainService,Directory Service,246,4,,,,,,,,,,,,,,
2026-05-20T14:33:26.845593Z,"{'#attributes': {'Qualifiers': 16384}, '#text': 1394}",DC01.darkzero.htb,Microsoft-Windows-ActiveDirectory_DomainService,Directory Service,247,4,,,,,,,,,,,,,,
2026-05-20T14:47:57.057118Z,"{'#attributes': {'Qualifiers': 0}, '#text': 102}",DC01.darkzero.htb,NTDS ISAM,Directory Service,248,4,,,NTDS,"896,P,98,0",,,NTDSA: ,0,10,00,26100,0000,,
2026-05-20T14:47:57.057758Z,"{'#attributes': {'Qualifiers': 0}, '#text': 105}",DC01.darkzero.htb,NTDS ISAM,Directory Service,249,4,,,NTDS,"896,D,0,0",,,NTDSA: ,0,0.169,"
[1] 0.001943 +J(0) +M(C:0K, Fs:183, WS:708K # 100K, PF:5416K # 2412K, P:5416K)
[2] 0.003105 +J(0) +M(C:64K, Fs:93, WS:360K # 360K, PF:360K # 360K, P:360K)
[3] 0.000424 +J(0) +M(C:0K, Fs:3, WS:12K # 12K, PF:64K # 64K, P:64K)
[4] 0.013368 -0.000368 (1) WT +J(0) +M(C:0K, Fs:150, WS:524K # 524K, PF:6848K # 6848K, P:6848K)
[5] 0.000347 +J(0) +M(C:0K, Fs:2, WS:8K # 8K, PF:4K # 4K, P:4K)
[6] 0.006160 +J(0) +M(C:0K, Fs:22, WS:88K # 88K, PF:16K # 16K, P:16K)
[7] 0.095260 -0.088722 (21) WT +J(0) +M(C:0K, Fs:2581, WS:10300K # 10300K, PF:10260K # 10260K, P:10260K)
[8] -
[9] -
[10] -
[11] -
[12] -
[13] 0.046774 -0.042413 (22) WT +J(CM:0, PgRf:0, Rd:0/0, Dy:0/0, Lg:616/1) +M(C:0K, Fs:14, WS:-10200K # 20K, PF:-10256K # 12K, P:-10256K)
[14] 0.000023 +J(0)
[15] 0.000835 +J(0) +M(C:0K, Fs:616, WS:2460K # 0K, PF:68K # 0K, P:68K)
[16] 0.000573 -0.000340 (1) WT +J(0) +M(C:0K, Fs:2, WS:0K # 0K, PF:0K # 0K, P:0K).","RBSOn = 0
",,,
2026-05-20T14:47:57.058092Z,"{'#attributes': {'Qualifiers': 0}, '#text': 330}",DC01.darkzero.htb,NTDS ISAM,Directory Service,250,4,,,NTDS,"896,D,50,0",,,NTDSA: ,C:\Windows\NTDS\ntds.dit,0x2580 (9600),9600 (0x2580),9620 (0x2594),,,
2026-05-20T14:47:57.058494Z,"{'#attributes': {'Qualifiers': 0}, '#text': 326}",DC01.darkzero.htb,NTDS ISAM,Directory Service,251,4,,,NTDS,"896,D,50,0",,,NTDSA: ,1,C:\Windows\NTDS\ntds.dit,0,"
[1] 0.000005 +J(0) +M(C:0K, Fs:1, WS:4K # 0K, PF:0K # 0K, P:0K)
[2] 0.000713 -0.000400 (1) WT +J(0) +M(C:0K, Fs:28, WS:48K # 0K, PF:32K # 0K, P:32K)
[3] 0.006193 -0.002860 (6) WT +J(CM:0, PgRf:0, Rd:0/0, Dy:0/0, Lg:3480/2) +M(C:0K, Fs:38, WS:120K # 0K, PF:120K # 0K, P:120K)
[4] 0.000835 +J(0) +M(C:0K, Fs:1, WS:4K # 0K, PF:0K # 0K, P:0K)
[5] -
[6] 0.004973 -0.001496 (2) CM -0.001418 (2) WT +J(CM:2, PgRf:2, Rd:0/2, Dy:0/0, Lg:0/0) +M(C:-56K, Fs:64, WS:200K # 0K, PF:144K # 0K, P:144K)
[7] 0.000004 +J(0)
[8] 0.002876 -0.000483 (1) CM -0.000438 (1) WT +J(CM:1, PgRf:1, Rd:4/1, Dy:0/0, Lg:0/0) +M(C:156K, Fs:69, WS:248K # 0K, PF:352K # 0K, P:352K)
[9] -
[10] -
[11] -
[12] 0.000288 +J(CM:0, PgRf:0, Rd:0/0, Dy:0/0, Lg:54/1) +M(C:0K, Fs:4, WS:16K # 0K, PF:24K # 0K, P:24K)
[13] 0.005258 -0.003591 (3) CM -0.003475 (3) WT +J(CM:3, PgRf:23, Rd:0/3, Dy:0/0, Lg:0/0) +M(C:-108K, Fs:19, WS:-32K # 0K, PF:-76K # 0K, P:-76K)
[14] 0.001546 -0.001273 (3) CM -0.001166 (3) WT +J(CM:3, PgRf:40, Rd:0/3, Dy:0/0, Lg:0/0) +M(C:-24K, Fs:19, WS:-8K # 0K, PF:40K # 0K, P:40K)
[15] 0.000516 -0.000452 (1) CM -0.000416 (1) WT +J(CM:1, PgRf:1, Rd:0/1, Dy:0/0, Lg:0/0) +M(C:0K, Fs:7, WS:0K # 0K, PF:0K # 0K, P:0K)
[16] 0.000021 +J(CM:0, PgRf:1, Rd:0/0, Dy:0/0, Lg:0/0) +M(C:0K, Fs:1, WS:4K # 0K, PF:0K # 0K, P:0K)
[17] 0.000515 -0.000372 (1) CM -0.000337 (1) WT +J(CM:1, PgRf:48, Rd:0/1, Dy:0/0, Lg:0/0) +M(C:0K, Fs:12, WS:20K # 0K, PF:0K # 0K, P:0K)
[18] 0.000002 +J(0)
[19] 0.0 +J(0)
[20] 0.000552 -0.000462 (1) CM -0.000424 (1) WT +J(CM:1, PgRf:2, Rd:0/1, Dy:0/0, Lg:0/0) +M(C:0K, Fs:9, WS:8K # 0K, PF:0K # 0K, P:0K).",0 0,"lgposAttach = 00000002:079F:0268,
dbv = 1568.290.600 (9600)",
2026-05-20T14:47:57.058906Z,"{'#attributes': {'Qualifiers': 0}, '#text': 330}",DC01.darkzero.htb,NTDS ISAM,Directory Service,252,4,,,NTDS,"896,D,2,0",,,NTDSA: ,C:\Windows\NTDS\temp.edb,0x2580 (9600),9600 (0x2580),9620 (0x2594),,,
2026-05-20T14:47:57.059191Z,"{'#attributes': {'Qualifiers': 0}, '#text': 700}",DC01.darkzero.htb,NTDS ISAM,Directory Service,253,4,,,NTDS,"896,D,0,0",,,NTDSA: ,C:\Windows\NTDS\ntds.dit,,,,,,
2026-05-20T14:47:57.152179Z,"{'#attributes': {'Qualifiers': 0}, '#text': 701}",DC01.darkzero.htb,NTDS ISAM,Directory Service,254,4,,,NTDS,"896,D,0,0",,,NTDSA: ,C:\Windows\NTDS\ntds.dit,0,5/20/2026,0,1,1,8
2026-05-20T14:47:56.899428Z,"{'#attributes': {'Qualifiers': 16384}, '#text': 1869}",DC01.darkzero.htb,Microsoft-Windows-ActiveDirectory_DomainService,Directory Service,255,4,,,\\DC01.darkzero.htb,Default-First-Site-Name,,,,,,,,,,
2026-05-20T14:47:57.050214Z,"{'#attributes': {'Qualifiers': 16384}, '#text': 3033}",DC01.darkzero.htb,Microsoft-Windows-ActiveDirectory_DomainService,Directory Service,256,4,,,,,,,,,,,,,,
2026-05-20T14:47:57.050214Z,"{'#attributes': {'Qualifiers': 16384}, '#text': 3027}",DC01.darkzero.htb,Microsoft-Windows-ActiveDirectory_DomainService,Directory Service,257,4,,3600,,,,,,,,,,,,
2026-05-20T15:12:30.170520Z,"{'#attributes': {'Qualifiers': 16384}, '#text': 2179}",DC01.darkzero.htb,Microsoft-Windows-ActiveDirectory_DomainService,Directory Service,258,4,,7420655408770027604,,,,,,,,,,,,
2026-05-20T15:12:30.275866Z,"{'#attributes': {'Qualifiers': 16384}, '#text': 1004}",DC01.darkzero.htb,Microsoft-Windows-ActiveDirectory_DomainService,Directory Service,259,4,,,,,,,,,,,,,,
2026-05-20T22:25:34.709857Z,"{'#attributes': {'Qualifiers': 32768}, '#text': 3051}",DC01.darkzero.htb,Microsoft-Windows-ActiveDirectory_DomainService,Directory Service,260,3,,,,,,,,,,,,,,
2026-05-20T22:25:34.709857Z,"{'#attributes': {'Qualifiers': 32768}, '#text': 3054}",DC01.darkzero.htb,Microsoft-Windows-ActiveDirectory_DomainService,Directory Service,261,3,,,,,,,,,,,,,,
2026-05-20T22:25:34.890598Z,"{'#attributes': {'Qualifiers': 16384}, '#text': 2121}",DC01.darkzero.htb,Microsoft-Windows-ActiveDirectory_DomainService,Directory Service,262,4,,,,,,,,,,,,,,
2026-05-20T22:25:34.890598Z,"{'#attributes': {'Qualifiers': 16384}, '#text': 2406}",DC01.darkzero.htb,Microsoft-Windows-ActiveDirectory_DomainService,Directory Service,263,4,,Recycle Bin Feature,,,,,,,,,,,,
2026-05-20T22:25:34.890598Z,"{'#attributes': {'Qualifiers': 16384}, '#text': 2406}",DC01.darkzero.htb,Microsoft-Windows-ActiveDirectory_DomainService,Directory Service,264,4,,Privileged Access Management Feature,,,,,,,,,,,,
2026-05-20T22:25:34.890598Z,"{'#attributes': {'Qualifiers': 16384}, '#text': 2406}",DC01.darkzero.htb,Microsoft-Windows-ActiveDirectory_DomainService,Directory Service,265,4,,Database 32k Pages Feature,,,,,,,,,,,,
2026-05-20T22:25:34.890598Z,"{'#attributes': {'Qualifiers': 16384}, '#text': 2168}",DC01.darkzero.htb,Microsoft-Windows-ActiveDirectory_DomainService,Directory Service,266,4,,14321045603145099187,,,,,,,,,,,,
2026-05-20T22:25:34.890598Z,"{'#attributes': {'Qualifiers': 16384}, '#text': 2172}",DC01.darkzero.htb,Microsoft-Windows-ActiveDirectory_DomainService,Directory Service,267,4,,7420655408770027604,,,,,,,,,,,,
2026-05-20T22:25:34.890598Z,"{'#attributes': {'Qualifiers': 32768}, '#text': 2170}",DC01.darkzero.htb,Microsoft-Windows-ActiveDirectory_DomainService,Directory Service,268,3,,,7420655408770027604,14321045603145099187,,,,,,,,,,
2026-05-20T22:25:34.898706Z,"{'#attributes': {'Qualifiers': 16384}, '#text': 1109}",DC01.darkzero.htb,Microsoft-Windows-ActiveDirectory_DomainService,Directory Service,269,4,,,36399a7d-d6f1-4800-ac73-7753ca143da3,13d5034a-b8bf-4471-b214-e3ab6da36367,,,45065,,,,,,,
2026-05-20T22:25:34.920268Z,"{'#attributes': {'Qualifiers': 16384}, '#text': 2208}",DC01.darkzero.htb,Microsoft-Windows-ActiveDirectory_DomainService,Directory Service,270,4,,,,,,,,,,,,,,
2026-05-20T22:25:34.930411Z,"{'#attributes': {'Qualifiers': 16384}, '#text': 2179}",DC01.darkzero.htb,Microsoft-Windows-ActiveDirectory_DomainService,Directory Service,271,4,,14321045603145099187,,,,,,,,,,,,
2026-05-20T22:25:34.944639Z,"{'#attributes': {'Qualifiers': 16384}, '#text': 2120}",DC01.darkzero.htb,Microsoft-Windows-ActiveDirectory_DomainService,Directory Service,272,4,,,,,,,,,,,,,,
2026-05-20T22:25:34.944639Z,"{'#attributes': {'Qualifiers': 16384}, '#text': 2405}",DC01.darkzero.htb,Microsoft-Windows-ActiveDirectory_DomainService,Directory Service,273,4,,Recycle Bin Feature,,,,,,,,,,,,
2026-05-20T22:25:34.944639Z,"{'#attributes': {'Qualifiers': 16384}, '#text': 2405}",DC01.darkzero.htb,Microsoft-Windows-ActiveDirectory_DomainService,Directory Service,274,4,,Database 32k Pages Feature,,,,,,,,,,,,
2026-05-20T22:25:34.944639Z,"{'#attributes': {'Qualifiers': 16384}, '#text': 2405}",DC01.darkzero.htb,Microsoft-Windows-ActiveDirectory_DomainService,Directory Service,275,4,,Privileged Access Management Feature,,,,,,,,,,,,
2026-05-20T22:25:44.967433Z,"{'#attributes': {'Qualifiers': 16384}, '#text': 1000}",DC01.darkzero.htb,Microsoft-Windows-ActiveDirectory_DomainService,Directory Service,276,4,,,,,,,,,,,,,,
2026-05-20T22:26:15.068888Z,"{'#attributes': {'Qualifiers': 16384}, '#text': 1394}",DC01.darkzero.htb,Microsoft-Windows-ActiveDirectory_DomainService,Directory Service,277,4,,,,,,,,,,,,,,
2026-05-20T22:40:45.194652Z,"{'#attributes': {'Qualifiers': 0}, '#text': 102}",DC01.darkzero.htb,NTDS ISAM,Directory Service,278,4,,,NTDS,"896,P,98,0",,,NTDSA: ,0,10,00,26100,0000,,
2026-05-20T22:40:45.195451Z,"{'#attributes': {'Qualifiers': 0}, '#text': 105}",DC01.darkzero.htb,NTDS ISAM,Directory Service,279,4,,,NTDS,"896,D,0,0",,,NTDSA: ,0,0.186,"
[1] 0.001831 +J(0) +M(C:0K, Fs:183, WS:712K # 104K, PF:5416K # 2416K, P:5416K)
[2] 0.003167 +J(0) +M(C:64K, Fs:92, WS:360K # 360K, PF:356K # 356K, P:356K)
[3] 0.000540 +J(0) +M(C:0K, Fs:3, WS:12K # 12K, PF:64K # 64K, P:64K)
[4] 0.027120 -0.000365 (1) WT +J(0) +M(C:0K, Fs:150, WS:524K # 524K, PF:6848K # 6848K, P:6848K)
[5] 0.000351 +J(0)
[6] 0.006335 +J(0) +M(C:0K, Fs:23, WS:88K # 88K, PF:16K # 16K, P:16K)
[7] 0.093629 -0.086966 (21) WT +J(0) +M(C:0K, Fs:2580, WS:10300K # 10300K, PF:10260K # 10260K, P:10260K)
[8] -
[9] -
[10] -
[11] -
[12] -
[13] 0.051425 -0.047153 (22) WT +J(CM:0, PgRf:0, Rd:0/0, Dy:0/0, Lg:616/1) +M(C:0K, Fs:13, WS:-10200K # 20K, PF:-10256K # 12K, P:-10256K)
[14] 0.000024 +J(0)
[15] 0.000772 +J(0) +M(C:0K, Fs:617, WS:2460K # 0K, PF:68K # 0K, P:68K)
[16] 0.000623 -0.000390 (1) WT +J(0) +M(C:0K, Fs:2, WS:0K # 0K, PF:0K # 0K, P:0K).","RBSOn = 0
",,,
2026-05-20T22:40:45.195902Z,"{'#attributes': {'Qualifiers': 0}, '#text': 330}",DC01.darkzero.htb,NTDS ISAM,Directory Service,280,4,,,NTDS,"896,D,50,0",,,NTDSA: ,C:\Windows\NTDS\ntds.dit,0x2580 (9600),9600 (0x2580),9620 (0x2594),,,
2026-05-20T22:40:45.196214Z,"{'#attributes': {'Qualifiers': 0}, '#text': 326}",DC01.darkzero.htb,NTDS ISAM,Directory Service,281,4,,,NTDS,"896,D,50,0",,,NTDSA: ,1,C:\Windows\NTDS\ntds.dit,0,"
[1] 0.000006 +J(0) +M(C:0K, Fs:1, WS:4K # 0K, PF:0K # 0K, P:0K)
[2] 0.000688 -0.000395 (1) WT +J(0) +M(C:0K, Fs:28, WS:48K # 0K, PF:32K # 0K, P:32K)
[3] 0.006506 -0.003298 (6) WT +J(CM:0, PgRf:0, Rd:0/0, Dy:0/0, Lg:3480/2) +M(C:0K, Fs:40, WS:124K # 0K, PF:128K # 0K, P:128K)
[4] 0.000835 +J(0) +M(C:0K, Fs:1, WS:4K # 0K, PF:0K # 0K, P:0K)
[5] -
[6] 0.005256 -0.001756 (2) CM -0.001678 (2) WT +J(CM:2, PgRf:2, Rd:0/2, Dy:0/0, Lg:0/0) +M(C:-56K, Fs:65, WS:204K # 0K, PF:148K # 0K, P:148K)
[7] 0.000004 +J(0)
[8] 0.002950 -0.000487 (1) CM -0.000437 (1) WT +J(CM:1, PgRf:1, Rd:4/1, Dy:0/0, Lg:0/0) +M(C:156K, Fs:69, WS:248K # 0K, PF:352K # 0K, P:352K)
[9] -
[10] -
[11] -
[12] 0.000281 +J(CM:0, PgRf:0, Rd:0/0, Dy:0/0, Lg:54/1) +M(C:0K, Fs:3, WS:12K # 0K, PF:20K # 0K, P:20K)
[13] 0.005876 -0.004088 (3) CM -0.003971 (3) WT +J(CM:3, PgRf:23, Rd:0/3, Dy:0/0, Lg:0/0) +M(C:-88K, Fs:27, WS:-8K # 0K, PF:-52K # 0K, P:-52K)
[14] 0.002107 -0.001776 (4) CM -0.001642 (4) WT +J(CM:4, PgRf:40, Rd:0/4, Dy:0/0, Lg:0/0) +M(C:-24K, Fs:24, WS:-8K # 0K, PF:40K # 0K, P:40K)
[15] 0.000498 -0.000440 (1) CM -0.000404 (1) WT +J(CM:1, PgRf:1, Rd:0/1, Dy:0/0, Lg:0/0) +M(C:-8K, Fs:5, WS:-8K # 0K, PF:-8K # 0K, P:-8K)
[16] 0.000021 +J(CM:0, PgRf:1, Rd:0/0, Dy:0/0, Lg:0/0) +M(C:0K, Fs:1, WS:4K # 0K, PF:0K # 0K, P:0K)
[17] 0.000080 +J(CM:0, PgRf:48, Rd:0/0, Dy:0/0, Lg:0/0) +M(C:0K, Fs:5, WS:20K # 0K, PF:0K # 0K, P:0K)
[18] 0.000001 +J(0)
[19] 0.0 +J(0)
[20] 0.000022 +J(CM:0, PgRf:2, Rd:0/0, Dy:0/0, Lg:0/0) +M(C:0K, Fs:2, WS:8K # 0K, PF:0K # 0K, P:0K).",0 0,"lgposAttach = 00000002:07AB:0268,
dbv = 1568.290.600 (9600)",
2026-05-20T22:40:45.196552Z,"{'#attributes': {'Qualifiers': 0}, '#text': 330}",DC01.darkzero.htb,NTDS ISAM,Directory Service,282,4,,,NTDS,"896,D,2,0",,,NTDSA: ,C:\Windows\NTDS\temp.edb,0x2580 (9600),9600 (0x2580),9620 (0x2594),,,
2026-05-20T22:40:45.196834Z,"{'#attributes': {'Qualifiers': 0}, '#text': 700}",DC01.darkzero.htb,NTDS ISAM,Directory Service,283,4,,,NTDS,"896,D,0,0",,,NTDSA: ,C:\Windows\NTDS\ntds.dit,,,,,,
2026-05-20T22:40:45.300516Z,"{'#attributes': {'Qualifiers': 0}, '#text': 701}",DC01.darkzero.htb,NTDS ISAM,Directory Service,284,4,,,NTDS,"896,D,0,0",,,NTDSA: ,C:\Windows\NTDS\ntds.dit,0,5/20/2026,0,1,1,9
2026-05-20T22:40:45.027423Z,"{'#attributes': {'Qualifiers': 16384}, '#text': 1869}",DC01.darkzero.htb,Microsoft-Windows-ActiveDirectory_DomainService,Directory Service,285,4,,,\\DC01.darkzero.htb,Default-First-Site-Name,,,,,,,,,,
2026-05-20T22:40:45.191870Z,"{'#attributes': {'Qualifiers': 16384}, '#text': 3033}",DC01.darkzero.htb,Microsoft-Windows-ActiveDirectory_DomainService,Directory Service,286,4,,,,,,,,,,,,,,
2026-05-20T22:40:45.191870Z,"{'#attributes': {'Qualifiers': 16384}, '#text': 3027}",DC01.darkzero.htb,Microsoft-Windows-ActiveDirectory_DomainService,Directory Service,287,4,,3600,,,,,,,,,,,,
2026-05-20T22:58:10.156616Z,"{'#attributes': {'Qualifiers': 32768}, '#text': 2170}",DC01.darkzero.htb,Microsoft-Windows-ActiveDirectory_DomainService,Directory Service,288,3,,,14321045603145099187,7765232775227177531,,,,,,,,,,
2026-05-20T22:58:10.158665Z,"{'#attributes': {'Qualifiers': 16384}, '#text': 2181}",DC01.darkzero.htb,Microsoft-Windows-ActiveDirectory_DomainService,Directory Service,289,4,,,,,,,,,,,,,,
2026-05-20T22:58:10.158665Z,"{'#attributes': {'Qualifiers': 16384}, '#text': 2204}",DC01.darkzero.htb,Microsoft-Windows-ActiveDirectory_DomainService,Directory Service,290,4,,,,,,,,,,,,,,
2026-05-20T22:58:10.170559Z,"{'#attributes': {'Qualifiers': 16384}, '#text': 1109}",DC01.darkzero.htb,Microsoft-Windows-ActiveDirectory_DomainService,Directory Service,291,4,,,13d5034a-b8bf-4471-b214-e3ab6da36367,e6135ab2-6f5b-4c3b-af2e-abfd6cf2ccb3,,,45114,,,,,,,
2026-05-20T22:58:10.170559Z,"{'#attributes': {'Qualifiers': 16384}, '#text': 2181}",DC01.darkzero.htb,Microsoft-Windows-ActiveDirectory_DomainService,Directory Service,292,4,,,,,,,,,,,,,,
2026-05-20T22:58:10.450844Z,"{'#attributes': {'Qualifiers': 16384}, '#text': 2041}",DC01.darkzero.htb,Microsoft-Windows-ActiveDirectory_DomainService,Directory Service,293,4,,,40000885,2,,,,,,,,,,
2026-05-20T22:58:10.450844Z,"{'#attributes': {'Qualifiers': 16384}, '#text': 2179}",DC01.darkzero.htb,Microsoft-Windows-ActiveDirectory_DomainService,Directory Service,294,4,,7765232775227177531,,,,,,,,,,,,
2026-05-20T22:58:10.460502Z,"{'#attributes': {'Qualifiers': 16384}, '#text': 2200}",DC01.darkzero.htb,Microsoft-Windows-ActiveDirectory_DomainService,Directory Service,295,4,,,,,,,,,,,,,,
2026-05-20T22:58:10.461723Z,"{'#attributes': {'Qualifiers': 16384}, '#text': 2201}",DC01.darkzero.htb,Microsoft-Windows-ActiveDirectory_DomainService,Directory Service,296,4,,,,,,,,,,,,,,
2026-05-20T22:58:13.546752Z,"{'#attributes': {'Qualifiers': 16384}, '#text': 2185}",DC01.darkzero.htb,Microsoft-Windows-ActiveDirectory_DomainService,Directory Service,297,4,,DFSR,,,,,,,,,,,,
2026-05-20T22:58:13.548654Z,"{'#attributes': {'Qualifiers': 16384}, '#text': 2208}",DC01.darkzero.htb,Microsoft-Windows-ActiveDirectory_DomainService,Directory Service,298,4,,,,,,,,,,,,,,
2026-05-20T22:58:15.591576Z,"{'#attributes': {'Qualifiers': 16384}, '#text': 2187}",DC01.darkzero.htb,Microsoft-Windows-ActiveDirectory_DomainService,Directory Service,299,4,,DFSR,,,,,,,,,,,,
2026-05-20T23:17:11.506252Z,"{'#attributes': {'Qualifiers': 32768}, '#text': 2170}",DC01.darkzero.htb,Microsoft-Windows-ActiveDirectory_DomainService,Directory Service,300,3,,,7765232775227177531,16157544672779608790,,,,,,,,,,
2026-05-20T23:17:11.507849Z,"{'#attributes': {'Qualifiers': 16384}, '#text': 2181}",DC01.darkzero.htb,Microsoft-Windows-ActiveDirectory_DomainService,Directory Service,301,4,,,,,,,,,,,,,,
2026-05-20T23:17:11.513520Z,"{'#attributes': {'Qualifiers': 16384}, '#text': 2204}",DC01.darkzero.htb,Microsoft-Windows-ActiveDirectory_DomainService,Directory Service,302,4,,,,,,,,,,,,,,
2026-05-20T23:17:11.940720Z,"{'#attributes': {'Qualifiers': 16384}, '#text': 1109}",DC01.darkzero.htb,Microsoft-Windows-ActiveDirectory_DomainService,Directory Service,303,4,,,e6135ab2-6f5b-4c3b-af2e-abfd6cf2ccb3,c7f21dca-3b53-4c7a-9446-dc329d5f61c5,,,45129,,,,,,,
2026-05-20T23:17:11.949420Z,"{'#attributes': {'Qualifiers': 16384}, '#text': 2181}",DC01.darkzero.htb,Microsoft-Windows-ActiveDirectory_DomainService,Directory Service,304,4,,,,,,,,,,,,,,
2026-05-20T23:17:12.241293Z,"{'#attributes': {'Qualifiers': 16384}, '#text': 2179}",DC01.darkzero.htb,Microsoft-Windows-ActiveDirectory_DomainService,Directory Service,305,4,,16157544672779608790,,,,,,,,,,,,
2026-05-20T23:17:12.424255Z,"{'#attributes': {'Qualifiers': 16384}, '#text': 2200}",DC01.darkzero.htb,Microsoft-Windows-ActiveDirectory_DomainService,Directory Service,306,4,,,,,,,,,,,,,,
2026-05-20T23:17:12.505798Z,"{'#attributes': {'Qualifiers': 16384}, '#text': 2201}",DC01.darkzero.htb,Microsoft-Windows-ActiveDirectory_DomainService,Directory Service,307,4,,,,,,,,,,,,,,
2026-05-20T23:17:14.242500Z,"{'#attributes': {'Qualifiers': 49152}, '#text': 2186}",DC01.darkzero.htb,Microsoft-Windows-ActiveDirectory_DomainService,Directory Service,308,2,,,DFSR,258,,,The wait operation timed out.,,,,,,,
2026-05-20T23:17:15.602469Z,"{'#attributes': {'Qualifiers': 49152}, '#text': 2209}",DC01.darkzero.htb,Microsoft-Windows-ActiveDirectory_DomainService,Directory Service,309,2,,,32,The process cannot access the file because it is being used by another process.,,,,,,,,,,
2026-05-20T23:43:03.345296Z,"{'#attributes': {'Qualifiers': 16384}, '#text': 2179}",DC01.darkzero.htb,Microsoft-Windows-ActiveDirectory_DomainService,Directory Service,310,4,,16157544672779608790,,,,,,,,,,,,
2026-05-20T23:43:03.985845Z,"{'#attributes': {'Qualifiers': 16384}, '#text': 1004}",DC01.darkzero.htb,Microsoft-Windows-ActiveDirectory_DomainService,Directory Service,311,4,,,,,,,,,,,,,,
2026-05-21T08:43:06.363396Z,"{'#attributes': {'Qualifiers': 32768}, '#text': 3051}",DC01.darkzero.htb,Microsoft-Windows-ActiveDirectory_DomainService,Directory Service,312,3,,,,,,,,,,,,,,
2026-05-21T08:43:06.363396Z,"{'#attributes': {'Qualifiers': 32768}, '#text': 3054}",DC01.darkzero.htb,Microsoft-Windows-ActiveDirectory_DomainService,Directory Service,313,3,,,,,,,,,,,,,,
2026-05-21T08:43:06.612848Z,"{'#attributes': {'Qualifiers': 16384}, '#text': 2121}",DC01.darkzero.htb,Microsoft-Windows-ActiveDirectory_DomainService,Directory Service,314,4,,,,,,,,,,,,,,
2026-05-21T08:43:06.612848Z,"{'#attributes': {'Qualifiers': 16384}, '#text': 2406}",DC01.darkzero.htb,Microsoft-Windows-ActiveDirectory_DomainService,Directory Service,315,4,,Recycle Bin Feature,,,,,,,,,,,,
2026-05-21T08:43:06.612848Z,"{'#attributes': {'Qualifiers': 16384}, '#text': 2406}",DC01.darkzero.htb,Microsoft-Windows-ActiveDirectory_DomainService,Directory Service,316,4,,Privileged Access Management Feature,,,,,,,,,,,,
2026-05-21T08:43:06.612848Z,"{'#attributes': {'Qualifiers': 16384}, '#text': 2406}",DC01.darkzero.htb,Microsoft-Windows-ActiveDirectory_DomainService,Directory Service,317,4,,Database 32k Pages Feature,,,,,,,,,,,,
2026-05-21T08:43:06.612848Z,"{'#attributes': {'Qualifiers': 16384}, '#text': 2168}",DC01.darkzero.htb,Microsoft-Windows-ActiveDirectory_DomainService,Directory Service,318,4,,4982795714751539114,,,,,,,,,,,,
2026-05-21T08:43:06.612848Z,"{'#attributes': {'Qualifiers': 16384}, '#text': 2172}",DC01.darkzero.htb,Microsoft-Windows-ActiveDirectory_DomainService,Directory Service,319,4,,16157544672779608790,,,,,,,,,,,,
2026-05-21T08:43:06.612848Z,"{'#attributes': {'Qualifiers': 32768}, '#text': 2170}",DC01.darkzero.htb,Microsoft-Windows-ActiveDirectory_DomainService,Directory Service,320,3,,,16157544672779608790,4982795714751539114,,,,,,,,,,
2026-05-21T08:43:06.620954Z,"{'#attributes': {'Qualifiers': 16384}, '#text': 1109}",DC01.darkzero.htb,Microsoft-Windows-ActiveDirectory_DomainService,Directory Service,321,4,,,c7f21dca-3b53-4c7a-9446-dc329d5f61c5,2ccc7241-a09d-4534-8c55-92b510af62ac,,,49162,,,,,,,
2026-05-21T08:43:06.642247Z,"{'#attributes': {'Qualifiers': 16384}, '#text': 2208}",DC01.darkzero.htb,Microsoft-Windows-ActiveDirectory_DomainService,Directory Service,322,4,,,,,,,,,,,,,,
2026-05-21T08:43:06.654406Z,"{'#attributes': {'Qualifiers': 16384}, '#text': 2179}",DC01.darkzero.htb,Microsoft-Windows-ActiveDirectory_DomainService,Directory Service,323,4,,4982795714751539114,,,,,,,,,,,,
2026-05-21T08:43:06.671943Z,"{'#attributes': {'Qualifiers': 16384}, '#text': 2120}",DC01.darkzero.htb,Microsoft-Windows-ActiveDirectory_DomainService,Directory Service,324,4,,,,,,,,,,,,,,
2026-05-21T08:43:06.671943Z,"{'#attributes': {'Qualifiers': 16384}, '#text': 2405}",DC01.darkzero.htb,Microsoft-Windows-ActiveDirectory_DomainService,Directory Service,325,4,,Recycle Bin Feature,,,,,,,,,,,,
2026-05-21T08:43:06.672248Z,"{'#attributes': {'Qualifiers': 16384}, '#text': 2405}",DC01.darkzero.htb,Microsoft-Windows-ActiveDirectory_DomainService,Directory Service,326,4,,Database 32k Pages Feature,,,,,,,,,,,,
2026-05-21T08:43:06.672248Z,"{'#attributes': {'Qualifiers': 16384}, '#text': 2405}",DC01.darkzero.htb,Microsoft-Windows-ActiveDirectory_DomainService,Directory Service,327,4,,Privileged Access Management Feature,,,,,,,,,,,,
2026-05-21T08:43:16.687557Z,"{'#attributes': {'Qualifiers': 16384}, '#text': 1000}",DC01.darkzero.htb,Microsoft-Windows-ActiveDirectory_DomainService,Directory Service,328,4,,,,,,,,,,,,,,
2026-05-21T08:43:46.783957Z,"{'#attributes': {'Qualifiers': 16384}, '#text': 1394}",DC01.darkzero.htb,Microsoft-Windows-ActiveDirectory_DomainService,Directory Service,329,4,,,,,,,,,,,,,,
2026-05-21T10:38:15.118721Z,"{'#attributes': {'Qualifiers': 32768}, '#text': 2170}",DC01.darkzero.htb,Microsoft-Windows-ActiveDirectory_DomainService,Directory Service,330,3,,,4982795714751539114,9511237476311730668,,,,,,,,,,
2026-05-21T10:38:15.121166Z,"{'#attributes': {'Qualifiers': 16384}, '#text': 2181}",DC01.darkzero.htb,Microsoft-Windows-ActiveDirectory_DomainService,Directory Service,331,4,,,,,,,,,,,,,,
2026-05-21T10:38:15.123354Z,"{'#attributes': {'Qualifiers': 16384}, '#text': 2204}",DC01.darkzero.htb,Microsoft-Windows-ActiveDirectory_DomainService,Directory Service,332,4,,,,,,,,,,,,,,
2026-05-21T10:38:15.343778Z,"{'#attributes': {'Qualifiers': 16384}, '#text': 1109}",DC01.darkzero.htb,Microsoft-Windows-ActiveDirectory_DomainService,Directory Service,333,4,,,2ccc7241-a09d-4534-8c55-92b510af62ac,19528ce5-96e0-477d-9bea-469d293c13b8,,,49204,,,,,,,
2026-05-21T10:38:15.355499Z,"{'#attributes': {'Qualifiers': 16384}, '#text': 2181}",DC01.darkzero.htb,Microsoft-Windows-ActiveDirectory_DomainService,Directory Service,334,4,,,,,,,,,,,,,,
2026-05-21T10:38:15.380587Z,"{'#attributes': {'Qualifiers': 16384}, '#text': 2041}",DC01.darkzero.htb,Microsoft-Windows-ActiveDirectory_DomainService,Directory Service,335,4,,,40000885,2,,,,,,,,,,
2026-05-21T10:38:15.380587Z,"{'#attributes': {'Qualifiers': 16384}, '#text': 2179}",DC01.darkzero.htb,Microsoft-Windows-ActiveDirectory_DomainService,Directory Service,336,4,,9511237476311730668,,,,,,,,,,,,
2026-05-21T10:38:15.406918Z,"{'#attributes': {'Qualifiers': 16384}, '#text': 2200}",DC01.darkzero.htb,Microsoft-Windows-ActiveDirectory_DomainService,Directory Service,337,4,,,,,,,,,,,,,,
2026-05-21T10:38:15.406918Z,"{'#attributes': {'Qualifiers': 16384}, '#text': 2201}",DC01.darkzero.htb,Microsoft-Windows-ActiveDirectory_DomainService,Directory Service,338,4,,,,,,,,,,,,,,
2026-05-21T10:38:18.692785Z,"{'#attributes': {'Qualifiers': 16384}, '#text': 2185}",DC01.darkzero.htb,Microsoft-Windows-ActiveDirectory_DomainService,Directory Service,339,4,,DFSR,,,,,,,,,,,,
2026-05-21T10:38:18.695904Z,"{'#attributes': {'Qualifiers': 16384}, '#text': 2208}",DC01.darkzero.htb,Microsoft-Windows-ActiveDirectory_DomainService,Directory Service,340,4,,,,,,,,,,,,,,
2026-05-21T10:38:20.746305Z,"{'#attributes': {'Qualifiers': 16384}, '#text': 2187}",DC01.darkzero.htb,Microsoft-Windows-ActiveDirectory_DomainService,Directory Service,341,4,,DFSR,,,,,,,,,,,,
2026-05-21T10:42:50.381823Z,"{'#attributes': {'Qualifiers': 0}, '#text': 102}",DC01.darkzero.htb,NTDS ISAM,Directory Service,342,4,,,NTDS,"892,P,98,0",,,NTDSA: ,0,10,00,26100,0000,,
2026-05-21T10:42:50.382356Z,"{'#attributes': {'Qualifiers': 0}, '#text': 105}",DC01.darkzero.htb,NTDS ISAM,Directory Service,343,4,,,NTDS,"892,D,0,0",,,NTDSA: ,0,0.212,"
[1] 0.002012 +J(0) +M(C:0K, Fs:180, WS:704K # 96K, PF:5412K # 2416K, P:5412K)
[2] 0.003694 +J(0) +M(C:64K, Fs:97, WS:376K # 376K, PF:372K # 372K, P:372K)
[3] 0.000549 +J(0) +M(C:0K, Fs:3, WS:12K # 12K, PF:64K # 64K, P:64K)
[4] 0.015100 -0.000381 (1) WT +J(0) +M(C:0K, Fs:151, WS:524K # 524K, PF:6844K # 6844K, P:6844K)
[5] 0.000346 +J(0)
[6] 0.006958 +J(0) +M(C:0K, Fs:23, WS:88K # 88K, PF:16K # 16K, P:16K)
[7] 0.120753 -0.113155 (21) WT +J(0) +M(C:0K, Fs:2580, WS:10300K # 10300K, PF:10260K # 10260K, P:10260K)
[8] -
[9] -
[10] -
[11] -
[12] -
[13] 0.060947 -0.056115 (22) WT +J(CM:0, PgRf:0, Rd:0/0, Dy:0/0, Lg:616/1) +M(C:0K, Fs:13, WS:-10200K # 20K, PF:-10256K # 12K, P:-10256K)
[14] 0.000024 +J(0)
[15] 0.000792 +J(0) +M(C:0K, Fs:616, WS:2460K # 0K, PF:68K # 0K, P:68K)
[16] 0.000640 -0.000397 (1) WT +J(0) +M(C:0K, Fs:3, WS:4K # 0K, PF:4K # 0K, P:4K).","RBSOn = 0
",,,
2026-05-21T10:42:50.382672Z,"{'#attributes': {'Qualifiers': 0}, '#text': 330}",DC01.darkzero.htb,NTDS ISAM,Directory Service,344,4,,,NTDS,"892,D,50,0",,,NTDSA: ,C:\Windows\NTDS\ntds.dit,0x2580 (9600),9600 (0x2580),9620 (0x2594),,,
2026-05-21T10:42:50.383116Z,"{'#attributes': {'Qualifiers': 0}, '#text': 326}",DC01.darkzero.htb,NTDS ISAM,Directory Service,345,4,,,NTDS,"892,D,50,0",,,NTDSA: ,1,C:\Windows\NTDS\ntds.dit,0,"
[1] 0.000006 +J(0) +M(C:0K, Fs:1, WS:4K # 0K, PF:0K # 0K, P:0K)
[2] 0.000711 -0.000396 (1) WT +J(0) +M(C:0K, Fs:28, WS:48K # 0K, PF:32K # 0K, P:32K)
[3] 0.007178 -0.003269 (6) WT +J(CM:0, PgRf:0, Rd:0/0, Dy:0/0, Lg:3480/2) +M(C:0K, Fs:40, WS:120K # 0K, PF:128K # 0K, P:128K)
[4] 0.000912 +J(0) +M(C:0K, Fs:1, WS:4K # 0K, PF:0K # 0K, P:0K)
[5] -
[6] 0.006076 -0.002359 (2) CM -0.002246 (2) WT +J(CM:2, PgRf:2, Rd:0/2, Dy:0/0, Lg:0/0) +M(C:-56K, Fs:65, WS:204K # 0K, PF:148K # 0K, P:148K)
[7] 0.000004 +J(0)
[8] 0.007135 -0.004620 (1) CM -0.004567 (1) WT +J(CM:1, PgRf:1, Rd:4/1, Dy:0/0, Lg:0/0) +M(C:156K, Fs:69, WS:248K # 0K, PF:352K # 0K, P:352K)
[9] -
[10] -
[11] -
[12] 0.000305 +J(CM:0, PgRf:0, Rd:0/0, Dy:0/0, Lg:54/1) +M(C:0K, Fs:4, WS:16K # 0K, PF:24K # 0K, P:24K)
[13] 0.007606 -0.005840 (3) CM -0.005719 (3) WT +J(CM:3, PgRf:23, Rd:0/3, Dy:0/0, Lg:0/0) +M(C:-88K, Fs:26, WS:-12K # 0K, PF:-56K # 0K, P:-56K)
[14] 0.002323 -0.001973 (4) CM -0.001833 (4) WT +J(CM:4, PgRf:40, Rd:0/4, Dy:0/0, Lg:0/0) +M(C:-24K, Fs:24, WS:-8K # 0K, PF:40K # 0K, P:40K)
[15] 0.000559 -0.000496 (1) CM -0.000461 (1) WT +J(CM:1, PgRf:1, Rd:0/1, Dy:0/0, Lg:0/0) +M(C:-8K, Fs:5, WS:-8K # 0K, PF:-8K # 0K, P:-8K)
[16] 0.000022 +J(CM:0, PgRf:1, Rd:0/0, Dy:0/0, Lg:0/0) +M(C:0K, Fs:1, WS:4K # 0K, PF:0K # 0K, P:0K)
[17] 0.000081 +J(CM:0, PgRf:48, Rd:0/0, Dy:0/0, Lg:0/0) +M(C:0K, Fs:5, WS:20K # 0K, PF:0K # 0K, P:0K)
[18] 0.0 +J(0)
[19] 0.0 +J(0)
[20] 0.000023 +J(CM:0, PgRf:2, Rd:0/0, Dy:0/0, Lg:0/0) +M(C:0K, Fs:2, WS:8K # 0K, PF:0K # 0K, P:0K).",0 0,"lgposAttach = 00000002:07CC:0268,
dbv = 1568.290.600 (9600)",
2026-05-21T10:42:50.383451Z,"{'#attributes': {'Qualifiers': 0}, '#text': 330}",DC01.darkzero.htb,NTDS ISAM,Directory Service,346,4,,,NTDS,"892,D,2,0",,,NTDSA: ,C:\Windows\NTDS\temp.edb,0x2580 (9600),9600 (0x2580),9620 (0x2594),,,
2026-05-21T10:42:50.383736Z,"{'#attributes': {'Qualifiers': 0}, '#text': 700}",DC01.darkzero.htb,NTDS ISAM,Directory Service,347,4,,,NTDS,"892,D,0,0",,,NTDSA: ,C:\Windows\NTDS\ntds.dit,,,,,,
2026-05-21T10:42:50.495468Z,"{'#attributes': {'Qualifiers': 0}, '#text': 701}",DC01.darkzero.htb,NTDS ISAM,Directory Service,348,4,,,NTDS,"892,D,0,0",,,NTDSA: ,C:\Windows\NTDS\ntds.dit,0,5/21/2026,0,1,1,10
2026-05-21T10:42:50.176318Z,"{'#attributes': {'Qualifiers': 16384}, '#text': 1869}",DC01.darkzero.htb,Microsoft-Windows-ActiveDirectory_DomainService,Directory Service,349,4,,,\\DC01.darkzero.htb,Default-First-Site-Name,,,,,,,,,,
2026-05-21T10:42:50.378250Z,"{'#attributes': {'Qualifiers': 16384}, '#text': 3033}",DC01.darkzero.htb,Microsoft-Windows-ActiveDirectory_DomainService,Directory Service,350,4,,,,,,,,,,,,,,
2026-05-21T10:42:50.378250Z,"{'#attributes': {'Qualifiers': 16384}, '#text': 3027}",DC01.darkzero.htb,Microsoft-Windows-ActiveDirectory_DomainService,Directory Service,351,4,,3600,,,,,,,,,,,,
2026-05-21T10:59:37.340656Z,"{'#attributes': {'Qualifiers': 32768}, '#text': 2170}",DC01.darkzero.htb,Microsoft-Windows-ActiveDirectory_DomainService,Directory Service,352,3,,,9511237476311730668,9740770485964659494,,,,,,,,,,
2026-05-21T10:59:37.341176Z,"{'#attributes': {'Qualifiers': 16384}, '#text': 2181}",DC01.darkzero.htb,Microsoft-Windows-ActiveDirectory_DomainService,Directory Service,353,4,,,,,,,,,,,,,,
2026-05-21T10:59:37.341176Z,"{'#attributes': {'Qualifiers': 16384}, '#text': 2204}",DC01.darkzero.htb,Microsoft-Windows-ActiveDirectory_DomainService,Directory Service,354,4,,,,,,,,,,,,,,
2026-05-21T10:59:37.353273Z,"{'#attributes': {'Qualifiers': 16384}, '#text': 1109}",DC01.darkzero.htb,Microsoft-Windows-ActiveDirectory_DomainService,Directory Service,355,4,,,19528ce5-96e0-477d-9bea-469d293c13b8,842e1f9a-cbc3-4b61-b075-1231e630d814,,,49230,,,,,,,
2026-05-21T10:59:37.353273Z,"{'#attributes': {'Qualifiers': 16384}, '#text': 2181}",DC01.darkzero.htb,Microsoft-Windows-ActiveDirectory_DomainService,Directory Service,356,4,,,,,,,,,,,,,,
2026-05-21T10:59:37.363257Z,"{'#attributes': {'Qualifiers': 16384}, '#text': 2041}",DC01.darkzero.htb,Microsoft-Windows-ActiveDirectory_DomainService,Directory Service,357,4,,,40000885,2,,,,,,,,,,
2026-05-21T10:59:37.364064Z,"{'#attributes': {'Qualifiers': 16384}, '#text': 2179}",DC01.darkzero.htb,Microsoft-Windows-ActiveDirectory_DomainService,Directory Service,358,4,,9740770485964659494,,,,,,,,,,,,
2026-05-21T10:59:37.369462Z,"{'#attributes': {'Qualifiers': 16384}, '#text': 2200}",DC01.darkzero.htb,Microsoft-Windows-ActiveDirectory_DomainService,Directory Service,359,4,,,,,,,,,,,,,,
2026-05-21T10:59:37.369462Z,"{'#attributes': {'Qualifiers': 16384}, '#text': 2201}",DC01.darkzero.htb,Microsoft-Windows-ActiveDirectory_DomainService,Directory Service,360,4,,,,,,,,,,,,,,
2026-05-21T10:59:40.572113Z,"{'#attributes': {'Qualifiers': 16384}, '#text': 2185}",DC01.darkzero.htb,Microsoft-Windows-ActiveDirectory_DomainService,Directory Service,361,4,,DFSR,,,,,,,,,,,,
2026-05-21T10:59:40.574144Z,"{'#attributes': {'Qualifiers': 16384}, '#text': 2208}",DC01.darkzero.htb,Microsoft-Windows-ActiveDirectory_DomainService,Directory Service,362,4,,,,,,,,,,,,,,
2026-05-21T10:59:41.670866Z,"{'#attributes': {'Qualifiers': 16384}, '#text': 2187}",DC01.darkzero.htb,Microsoft-Windows-ActiveDirectory_DomainService,Directory Service,363,4,,DFSR,,,,,,,,,,,,
2026-05-21T11:02:07.057709Z,"{'#attributes': {'Qualifiers': 16384}, '#text': 2179}",DC01.darkzero.htb,Microsoft-Windows-ActiveDirectory_DomainService,Directory Service,364,4,,9740770485964659494,,,,,,,,,,,,
2026-05-21T11:02:07.405103Z,"{'#attributes': {'Qualifiers': 16384}, '#text': 1004}",DC01.darkzero.htb,Microsoft-Windows-ActiveDirectory_DomainService,Directory Service,365,4,,,,,,,,,,,,,,
2026-05-21T11:44:54.920852Z,"{'#attributes': {'Qualifiers': 32768}, '#text': 3051}",DC01.darkzero.htb,Microsoft-Windows-ActiveDirectory_DomainService,Directory Service,366,3,,,,,,,,,,,,,,
2026-05-21T11:44:54.920852Z,"{'#attributes': {'Qualifiers': 32768}, '#text': 3054}",DC01.darkzero.htb,Microsoft-Windows-ActiveDirectory_DomainService,Directory Service,367,3,,,,,,,,,,,,,,
2026-05-21T11:44:55.122894Z,"{'#attributes': {'Qualifiers': 16384}, '#text': 2121}",DC01.darkzero.htb,Microsoft-Windows-ActiveDirectory_DomainService,Directory Service,368,4,,,,,,,,,,,,,,
2026-05-21T11:44:55.122894Z,"{'#attributes': {'Qualifiers': 16384}, '#text': 2406}",DC01.darkzero.htb,Microsoft-Windows-ActiveDirectory_DomainService,Directory Service,369,4,,Recycle Bin Feature,,,,,,,,,,,,
2026-05-21T11:44:55.122894Z,"{'#attributes': {'Qualifiers': 16384}, '#text': 2406}",DC01.darkzero.htb,Microsoft-Windows-ActiveDirectory_DomainService,Directory Service,370,4,,Privileged Access Management Feature,,,,,,,,,,,,
2026-05-21T11:44:55.122894Z,"{'#attributes': {'Qualifiers': 16384}, '#text': 2406}",DC01.darkzero.htb,Microsoft-Windows-ActiveDirectory_DomainService,Directory Service,371,4,,Database 32k Pages Feature,,,,,,,,,,,,
2026-05-21T11:44:55.125070Z,"{'#attributes': {'Qualifiers': 16384}, '#text': 2168}",DC01.darkzero.htb,Microsoft-Windows-ActiveDirectory_DomainService,Directory Service,372,4,,544097029125730751,,,,,,,,,,,,
2026-05-21T11:44:55.125070Z,"{'#attributes': {'Qualifiers': 16384}, '#text': 2172}",DC01.darkzero.htb,Microsoft-Windows-ActiveDirectory_DomainService,Directory Service,373,4,,9740770485964659494,,,,,,,,,,,,
2026-05-21T11:44:55.125070Z,"{'#attributes': {'Qualifiers': 32768}, '#text': 2170}",DC01.darkzero.htb,Microsoft-Windows-ActiveDirectory_DomainService,Directory Service,374,3,,,9740770485964659494,544097029125730751,,,,,,,,,,
2026-05-21T11:44:55.130786Z,"{'#attributes': {'Qualifiers': 16384}, '#text': 1109}",DC01.darkzero.htb,Microsoft-Windows-ActiveDirectory_DomainService,Directory Service,375,4,,,842e1f9a-cbc3-4b61-b075-1231e630d814,0368a1dc-87d9-4570-9820-c8060fb0c51f,,,53259,,,,,,,
2026-05-21T11:44:55.154628Z,"{'#attributes': {'Qualifiers': 16384}, '#text': 2208}",DC01.darkzero.htb,Microsoft-Windows-ActiveDirectory_DomainService,Directory Service,376,4,,,,,,,,,,,,,,
2026-05-21T11:44:55.166556Z,"{'#attributes': {'Qualifiers': 16384}, '#text': 2179}",DC01.darkzero.htb,Microsoft-Windows-ActiveDirectory_DomainService,Directory Service,377,4,,544097029125730751,,,,,,,,,,,,
2026-05-21T11:44:55.182273Z,"{'#attributes': {'Qualifiers': 16384}, '#text': 2120}",DC01.darkzero.htb,Microsoft-Windows-ActiveDirectory_DomainService,Directory Service,378,4,,,,,,,,,,,,,,
2026-05-21T11:44:55.182273Z,"{'#attributes': {'Qualifiers': 16384}, '#text': 2405}",DC01.darkzero.htb,Microsoft-Windows-ActiveDirectory_DomainService,Directory Service,379,4,,Recycle Bin Feature,,,,,,,,,,,,
2026-05-21T11:44:55.184301Z,"{'#attributes': {'Qualifiers': 16384}, '#text': 2405}",DC01.darkzero.htb,Microsoft-Windows-ActiveDirectory_DomainService,Directory Service,380,4,,Database 32k Pages Feature,,,,,,,,,,,,
2026-05-21T11:44:55.184301Z,"{'#attributes': {'Qualifiers': 16384}, '#text': 2405}",DC01.darkzero.htb,Microsoft-Windows-ActiveDirectory_DomainService,Directory Service,381,4,,Privileged Access Management Feature,,,,,,,,,,,,
2026-05-21T11:45:05.192634Z,"{'#attributes': {'Qualifiers': 16384}, '#text': 1000}",DC01.darkzero.htb,Microsoft-Windows-ActiveDirectory_DomainService,Directory Service,382,4,,,,,,,,,,,,,,
2026-05-21T11:45:35.390334Z,"{'#attributes': {'Qualifiers': 16384}, '#text': 1394}",DC01.darkzero.htb,Microsoft-Windows-ActiveDirectory_DomainService,Directory Service,383,4,,,,,,,,,,,,,,
2026-05-21T11:57:35.823839Z,"{'#attributes': {'Qualifiers': 16384}, '#text': 2179}",DC01.darkzero.htb,Microsoft-Windows-ActiveDirectory_DomainService,Directory Service,384,4,,544097029125730751,,,,,,,,,,,,
2026-05-21T11:57:36.166927Z,"{'#attributes': {'Qualifiers': 16384}, '#text': 1004}",DC01.darkzero.htb,Microsoft-Windows-ActiveDirectory_DomainService,Directory Service,385,4,,,,,,,,,,,,,,
2026-05-21T21:04:41.968614Z,"{'#attributes': {'Qualifiers': 32768}, '#text': 3051}",DC01.darkzero.htb,Microsoft-Windows-ActiveDirectory_DomainService,Directory Service,386,3,,,,,,,,,,,,,,
2026-05-21T21:04:41.968614Z,"{'#attributes': {'Qualifiers': 32768}, '#text': 3054}",DC01.darkzero.htb,Microsoft-Windows-ActiveDirectory_DomainService,Directory Service,387,3,,,,,,,,,,,,,,
2026-05-21T21:04:42.191903Z,"{'#attributes': {'Qualifiers': 16384}, '#text': 2121}",DC01.darkzero.htb,Microsoft-Windows-ActiveDirectory_DomainService,Directory Service,388,4,,,,,,,,,,,,,,
2026-05-21T21:04:42.191903Z,"{'#attributes': {'Qualifiers': 16384}, '#text': 2406}",DC01.darkzero.htb,Microsoft-Windows-ActiveDirectory_DomainService,Directory Service,389,4,,Recycle Bin Feature,,,,,,,,,,,,
2026-05-21T21:04:42.191903Z,"{'#attributes': {'Qualifiers': 16384}, '#text': 2406}",DC01.darkzero.htb,Microsoft-Windows-ActiveDirectory_DomainService,Directory Service,390,4,,Privileged Access Management Feature,,,,,,,,,,,,
2026-05-21T21:04:42.191903Z,"{'#attributes': {'Qualifiers': 16384}, '#text': 2406}",DC01.darkzero.htb,Microsoft-Windows-ActiveDirectory_DomainService,Directory Service,391,4,,Database 32k Pages Feature,,,,,,,,,,,,
2026-05-21T21:04:42.191903Z,"{'#attributes': {'Qualifiers': 16384}, '#text': 2168}",DC01.darkzero.htb,Microsoft-Windows-ActiveDirectory_DomainService,Directory Service,392,4,,10262600735339633702,,,,,,,,,,,,
2026-05-21T21:04:42.193929Z,"{'#attributes': {'Qualifiers': 16384}, '#text': 2172}",DC01.darkzero.htb,Microsoft-Windows-ActiveDirectory_DomainService,Directory Service,393,4,,544097029125730751,,,,,,,,,,,,
2026-05-21T21:04:42.193929Z,"{'#attributes': {'Qualifiers': 32768}, '#text': 2170}",DC01.darkzero.htb,Microsoft-Windows-ActiveDirectory_DomainService,Directory Service,394,3,,,544097029125730751,10262600735339633702,,,,,,,,,,
2026-05-21T21:04:42.202040Z,"{'#attributes': {'Qualifiers': 16384}, '#text': 1109}",DC01.darkzero.htb,Microsoft-Windows-ActiveDirectory_DomainService,Directory Service,395,4,,,0368a1dc-87d9-4570-9820-c8060fb0c51f,9996bd22-0efd-4e66-a358-d7a693e76daf,,,57356,,,,,,,
2026-05-21T21:04:42.223827Z,"{'#attributes': {'Qualifiers': 16384}, '#text': 2208}",DC01.darkzero.htb,Microsoft-Windows-ActiveDirectory_DomainService,Directory Service,396,4,,,,,,,,,,,,,,
2026-05-21T21:04:42.237334Z,"{'#attributes': {'Qualifiers': 16384}, '#text': 2179}",DC01.darkzero.htb,Microsoft-Windows-ActiveDirectory_DomainService,Directory Service,397,4,,10262600735339633702,,,,,,,,,,,,
2026-05-21T21:04:42.251665Z,"{'#attributes': {'Qualifiers': 16384}, '#text': 2120}",DC01.darkzero.htb,Microsoft-Windows-ActiveDirectory_DomainService,Directory Service,398,4,,,,,,,,,,,,,,
2026-05-21T21:04:42.251665Z,"{'#attributes': {'Qualifiers': 16384}, '#text': 2405}",DC01.darkzero.htb,Microsoft-Windows-ActiveDirectory_DomainService,Directory Service,399,4,,Recycle Bin Feature,,,,,,,,,,,,
2026-05-21T21:04:42.253133Z,"{'#attributes': {'Qualifiers': 16384}, '#text': 2405}",DC01.darkzero.htb,Microsoft-Windows-ActiveDirectory_DomainService,Directory Service,400,4,,Database 32k Pages Feature,,,,,,,,,,,,
2026-05-21T21:04:42.253133Z,"{'#attributes': {'Qualifiers': 16384}, '#text': 2405}",DC01.darkzero.htb,Microsoft-Windows-ActiveDirectory_DomainService,Directory Service,401,4,,Privileged Access Management Feature,,,,,,,,,,,,
2026-05-21T21:04:52.262084Z,"{'#attributes': {'Qualifiers': 16384}, '#text': 1000}",DC01.darkzero.htb,Microsoft-Windows-ActiveDirectory_DomainService,Directory Service,402,4,,,,,,,,,,,,,,
2026-05-21T21:05:22.538851Z,"{'#attributes': {'Qualifiers': 16384}, '#text': 1394}",DC01.darkzero.htb,Microsoft-Windows-ActiveDirectory_DomainService,Directory Service,403,4,,,,,,,,,,,,,,
2026-05-21T21:19:52.495954Z,"{'#attributes': {'Qualifiers': 0}, '#text': 102}",DC01.darkzero.htb,NTDS ISAM,Directory Service,404,4,,,NTDS,"892,P,98,0",,,NTDSA: ,0,10,00,26100,0000,,
2026-05-21T21:19:52.496576Z,"{'#attributes': {'Qualifiers': 0}, '#text': 105}",DC01.darkzero.htb,NTDS ISAM,Directory Service,405,4,,,NTDS,"892,D,0,0",,,NTDSA: ,0,0.238,"
[1] 0.001980 +J(0) +M(C:0K, Fs:181, WS:708K # 100K, PF:5412K # 2416K, P:5412K)
[2] 0.003246 +J(0) +M(C:64K, Fs:94, WS:364K # 364K, PF:360K # 360K, P:360K)
[3] 0.000513 +J(0) +M(C:0K, Fs:3, WS:12K # 12K, PF:64K # 64K, P:64K)
[4] 0.013627 -0.000348 (1) WT +J(0) +M(C:0K, Fs:151, WS:524K # 524K, PF:6848K # 6848K, P:6848K)
[5] 0.000346 +J(0) +M(C:0K, Fs:2, WS:8K # 8K, PF:8K # 8K, P:8K)
[6] 0.007096 +J(0) +M(C:0K, Fs:23, WS:88K # 88K, PF:16K # 16K, P:16K)
[7] 0.141253 -0.134708 (21) WT +J(0) +M(C:0K, Fs:2580, WS:10300K # 10300K, PF:10260K # 10260K, P:10260K)
[8] -
[9] -
[10] -
[11] -
[12] -
[13] 0.068888 -0.064309 (22) WT +J(CM:0, PgRf:0, Rd:0/0, Dy:0/0, Lg:616/1) +M(C:0K, Fs:13, WS:-10200K # 20K, PF:-10256K # 12K, P:-10256K)
[14] 0.000019 +J(0)
[15] 0.000781 +J(0) +M(C:0K, Fs:616, WS:2460K # 0K, PF:68K # 0K, P:68K)
[16] 0.000590 -0.000368 (1) WT +J(0) +M(C:0K, Fs:2, WS:0K # 0K, PF:0K # 0K, P:0K).","RBSOn = 0
",,,
2026-05-21T21:19:52.496877Z,"{'#attributes': {'Qualifiers': 0}, '#text': 330}",DC01.darkzero.htb,NTDS ISAM,Directory Service,406,4,,,NTDS,"892,D,50,0",,,NTDSA: ,C:\Windows\NTDS\ntds.dit,0x2580 (9600),9600 (0x2580),9620 (0x2594),,,
2026-05-21T21:19:52.497305Z,"{'#attributes': {'Qualifiers': 0}, '#text': 326}",DC01.darkzero.htb,NTDS ISAM,Directory Service,407,4,,,NTDS,"892,D,50,0",,,NTDSA: ,1,C:\Windows\NTDS\ntds.dit,0,"
[1] 0.000006 +J(0) +M(C:0K, Fs:1, WS:4K # 0K, PF:0K # 0K, P:0K)
[2] 0.000708 -0.000411 (1) WT +J(0) +M(C:0K, Fs:28, WS:48K # 0K, PF:32K # 0K, P:32K)
[3] 0.007030 -0.003279 (6) WT +J(CM:0, PgRf:0, Rd:0/0, Dy:0/0, Lg:3480/2) +M(C:0K, Fs:41, WS:128K # 0K, PF:132K # 0K, P:132K)
[4] 0.000977 +J(0) +M(C:0K, Fs:1, WS:4K # 0K, PF:0K # 0K, P:0K)
[5] -
[6] 0.006303 -0.002486 (2) CM -0.002381 (2) WT +J(CM:2, PgRf:2, Rd:0/2, Dy:0/0, Lg:0/0) +M(C:-56K, Fs:65, WS:204K # 0K, PF:148K # 0K, P:148K)
[7] 0.000004 +J(0)
[8] 0.006763 -0.004126 (1) CM -0.004068 (1) WT +J(CM:1, PgRf:1, Rd:4/1, Dy:0/0, Lg:0/0) +M(C:156K, Fs:69, WS:248K # 0K, PF:352K # 0K, P:352K)
[9] -
[10] -
[11] -
[12] 0.000314 +J(CM:0, PgRf:0, Rd:0/0, Dy:0/0, Lg:54/1) +M(C:0K, Fs:5, WS:20K # 0K, PF:28K # 0K, P:28K)
[13] 0.008105 -0.006252 (3) CM -0.006131 (3) WT +J(CM:3, PgRf:23, Rd:0/3, Dy:0/0, Lg:0/0) +M(C:-88K, Fs:26, WS:-12K # 0K, PF:-56K # 0K, P:-56K)
[14] 0.001916 -0.001617 (3) CM -0.001508 (3) WT +J(CM:3, PgRf:40, Rd:0/3, Dy:0/0, Lg:0/0) +M(C:-24K, Fs:17, WS:-8K # 0K, PF:40K # 0K, P:40K)
[15] 0.000587 -0.000527 (1) CM -0.000490 (1) WT +J(CM:1, PgRf:1, Rd:0/1, Dy:0/0, Lg:0/0) +M(C:-8K, Fs:5, WS:-8K # 0K, PF:-8K # 0K, P:-8K)
[16] 0.000022 +J(CM:0, PgRf:1, Rd:0/0, Dy:0/0, Lg:0/0) +M(C:0K, Fs:1, WS:4K # 0K, PF:0K # 0K, P:0K)
[17] 0.000584 -0.000443 (1) CM -0.000406 (1) WT +J(CM:1, PgRf:48, Rd:0/1, Dy:0/0, Lg:0/0) +M(C:0K, Fs:12, WS:20K # 0K, PF:0K # 0K, P:0K)
[18] 0.000002 +J(0)
[19] 0.0 +J(0)
[20] 0.000605 -0.000514 (1) CM -0.000475 (1) WT +J(CM:1, PgRf:2, Rd:0/1, Dy:0/0, Lg:0/0) +M(C:0K, Fs:9, WS:8K # 0K, PF:0K # 0K, P:0K).",0 0,"lgposAttach = 00000002:0801:0268,
dbv = 1568.290.600 (9600)",
2026-05-21T21:19:52.497844Z,"{'#attributes': {'Qualifiers': 0}, '#text': 330}",DC01.darkzero.htb,NTDS ISAM,Directory Service,408,4,,,NTDS,"892,D,2,0",,,NTDSA: ,C:\Windows\NTDS\temp.edb,0x2580 (9600),9600 (0x2580),9620 (0x2594),,,
2026-05-21T21:19:52.498211Z,"{'#attributes': {'Qualifiers': 0}, '#text': 700}",DC01.darkzero.htb,NTDS ISAM,Directory Service,409,4,,,NTDS,"892,D,0,0",,,NTDSA: ,C:\Windows\NTDS\ntds.dit,,,,,,
2026-05-21T21:19:52.618347Z,"{'#attributes': {'Qualifiers': 0}, '#text': 701}",DC01.darkzero.htb,NTDS ISAM,Directory Service,410,4,,,NTDS,"892,D,0,0",,,NTDSA: ,C:\Windows\NTDS\ntds.dit,0,5/21/2026,0,1,1,11
2026-05-21T21:19:52.308293Z,"{'#attributes': {'Qualifiers': 16384}, '#text': 1869}",DC01.darkzero.htb,Microsoft-Windows-ActiveDirectory_DomainService,Directory Service,411,4,,,\\DC01.darkzero.htb,Default-First-Site-Name,,,,,,,,,,
2026-05-21T21:19:52.491728Z,"{'#attributes': {'Qualifiers': 16384}, '#text': 3033}",DC01.darkzero.htb,Microsoft-Windows-ActiveDirectory_DomainService,Directory Service,412,4,,,,,,,,,,,,,,
2026-05-21T21:19:52.491728Z,"{'#attributes': {'Qualifiers': 16384}, '#text': 3027}",DC01.darkzero.htb,Microsoft-Windows-ActiveDirectory_DomainService,Directory Service,413,4,,3600,,,,,,,,,,,,
2026-05-21T22:56:50.379912Z,"{'#attributes': {'Qualifiers': 16384}, '#text': 2179}",DC01.darkzero.htb,Microsoft-Windows-ActiveDirectory_DomainService,Directory Service,414,4,,10262600735339633702,,,,,,,,,,,,
2026-05-21T22:56:50.535133Z,"{'#attributes': {'Qualifiers': 16384}, '#text': 1004}",DC01.darkzero.htb,Microsoft-Windows-ActiveDirectory_DomainService,Directory Service,415,4,,,,,,,,,,,,,,
2026-05-21T22:56:55.895147Z,"{'#attributes': {'Qualifiers': 32768}, '#text': 3051}",DC01.darkzero.htb,Microsoft-Windows-ActiveDirectory_DomainService,Directory Service,416,3,,,,,,,,,,,,,,
2026-05-21T22:56:55.895147Z,"{'#attributes': {'Qualifiers': 32768}, '#text': 3054}",DC01.darkzero.htb,Microsoft-Windows-ActiveDirectory_DomainService,Directory Service,417,3,,,,,,,,,,,,,,
2026-05-21T22:56:56.069578Z,"{'#attributes': {'Qualifiers': 16384}, '#text': 2121}",DC01.darkzero.htb,Microsoft-Windows-ActiveDirectory_DomainService,Directory Service,418,4,,,,,,,,,,,,,,
2026-05-21T22:56:56.069578Z,"{'#attributes': {'Qualifiers': 16384}, '#text': 2406}",DC01.darkzero.htb,Microsoft-Windows-ActiveDirectory_DomainService,Directory Service,419,4,,Recycle Bin Feature,,,,,,,,,,,,
2026-05-21T22:56:56.069578Z,"{'#attributes': {'Qualifiers': 16384}, '#text': 2406}",DC01.darkzero.htb,Microsoft-Windows-ActiveDirectory_DomainService,Directory Service,420,4,,Privileged Access Management Feature,,,,,,,,,,,,
2026-05-21T22:56:56.069578Z,"{'#attributes': {'Qualifiers': 16384}, '#text': 2406}",DC01.darkzero.htb,Microsoft-Windows-ActiveDirectory_DomainService,Directory Service,421,4,,Database 32k Pages Feature,,,,,,,,,,,,
2026-05-21T22:56:56.069578Z,"{'#attributes': {'Qualifiers': 16384}, '#text': 2168}",DC01.darkzero.htb,Microsoft-Windows-ActiveDirectory_DomainService,Directory Service,422,4,,10262600735339633702,,,,,,,,,,,,
2026-05-21T22:56:56.069578Z,"{'#attributes': {'Qualifiers': 16384}, '#text': 2172}",DC01.darkzero.htb,Microsoft-Windows-ActiveDirectory_DomainService,Directory Service,423,4,,10262600735339633702,,,,,,,,,,,,
2026-05-21T22:56:56.077668Z,"{'#attributes': {'Qualifiers': 16384}, '#text': 2405}",DC01.darkzero.htb,Microsoft-Windows-ActiveDirectory_DomainService,Directory Service,424,4,,Privileged Access Management Feature,,,,,,,,,,,,
2026-05-21T22:56:56.079709Z,"{'#attributes': {'Qualifiers': 16384}, '#text': 2120}",DC01.darkzero.htb,Microsoft-Windows-ActiveDirectory_DomainService,Directory Service,425,4,,,,,,,,,,,,,,
2026-05-21T22:56:56.079709Z,"{'#attributes': {'Qualifiers': 16384}, '#text': 2405}",DC01.darkzero.htb,Microsoft-Windows-ActiveDirectory_DomainService,Directory Service,426,4,,Recycle Bin Feature,,,,,,,,,,,,
2026-05-21T22:56:56.079709Z,"{'#attributes': {'Qualifiers': 16384}, '#text': 2405}",DC01.darkzero.htb,Microsoft-Windows-ActiveDirectory_DomainService,Directory Service,427,4,,Database 32k Pages Feature,,,,,,,,,,,,
2026-05-21T22:57:06.090219Z,"{'#attributes': {'Qualifiers': 16384}, '#text': 1000}",DC01.darkzero.htb,Microsoft-Windows-ActiveDirectory_DomainService,Directory Service,428,4,,,,,,,,,,,,,,
2026-05-21T22:57:36.104102Z,"{'#attributes': {'Qualifiers': 16384}, '#text': 1394}",DC01.darkzero.htb,Microsoft-Windows-ActiveDirectory_DomainService,Directory Service,429,4,,,,,,,,,,,,,,
2026-05-21T22:57:51.998344Z,"{'#attributes': {'Qualifiers': 16384}, '#text': 2179}",DC01.darkzero.htb,Microsoft-Windows-ActiveDirectory_DomainService,Directory Service,430,4,,10262600735339633702,,,,,,,,,,,,
2026-05-21T22:57:52.948757Z,"{'#attributes': {'Qualifiers': 16384}, '#text': 1004}",DC01.darkzero.htb,Microsoft-Windows-ActiveDirectory_DomainService,Directory Service,431,4,,,,,,,,,,,,,,
2026-05-21T22:58:18.471655Z,"{'#attributes': {'Qualifiers': 32768}, '#text': 3051}",DC01.darkzero.htb,Microsoft-Windows-ActiveDirectory_DomainService,Directory Service,432,3,,,,,,,,,,,,,,
2026-05-21T22:58:18.471655Z,"{'#attributes': {'Qualifiers': 32768}, '#text': 3054}",DC01.darkzero.htb,Microsoft-Windows-ActiveDirectory_DomainService,Directory Service,433,3,,,,,,,,,,,,,,
2026-05-21T22:58:18.656908Z,"{'#attributes': {'Qualifiers': 16384}, '#text': 2121}",DC01.darkzero.htb,Microsoft-Windows-ActiveDirectory_DomainService,Directory Service,434,4,,,,,,,,,,,,,,
2026-05-21T22:58:18.656908Z,"{'#attributes': {'Qualifiers': 16384}, '#text': 2406}",DC01.darkzero.htb,Microsoft-Windows-ActiveDirectory_DomainService,Directory Service,435,4,,Recycle Bin Feature,,,,,,,,,,,,
2026-05-21T22:58:18.656908Z,"{'#attributes': {'Qualifiers': 16384}, '#text': 2406}",DC01.darkzero.htb,Microsoft-Windows-ActiveDirectory_DomainService,Directory Service,436,4,,Privileged Access Management Feature,,,,,,,,,,,,
2026-05-21T22:58:18.656908Z,"{'#attributes': {'Qualifiers': 16384}, '#text': 2406}",DC01.darkzero.htb,Microsoft-Windows-ActiveDirectory_DomainService,Directory Service,437,4,,Database 32k Pages Feature,,,,,,,,,,,,
2026-05-21T22:58:18.658931Z,"{'#attributes': {'Qualifiers': 16384}, '#text': 2168}",DC01.darkzero.htb,Microsoft-Windows-ActiveDirectory_DomainService,Directory Service,438,4,,10262600735339633702,,,,,,,,,,,,
2026-05-21T22:58:18.658931Z,"{'#attributes': {'Qualifiers': 16384}, '#text': 2172}",DC01.darkzero.htb,Microsoft-Windows-ActiveDirectory_DomainService,Directory Service,439,4,,10262600735339633702,,,,,,,,,,,,
2026-05-21T22:58:18.672638Z,"{'#attributes': {'Qualifiers': 16384}, '#text': 2405}",DC01.darkzero.htb,Microsoft-Windows-ActiveDirectory_DomainService,Directory Service,440,4,,Privileged Access Management Feature,,,,,,,,,,,,
2026-05-21T22:58:18.672638Z,"{'#attributes': {'Qualifiers': 16384}, '#text': 2120}",DC01.darkzero.htb,Microsoft-Windows-ActiveDirectory_DomainService,Directory Service,441,4,,,,,,,,,,,,,,
2026-05-21T22:58:18.672638Z,"{'#attributes': {'Qualifiers': 16384}, '#text': 2405}",DC01.darkzero.htb,Microsoft-Windows-ActiveDirectory_DomainService,Directory Service,442,4,,Recycle Bin Feature,,,,,,,,,,,,
2026-05-21T22:58:18.674663Z,"{'#attributes': {'Qualifiers': 16384}, '#text': 2405}",DC01.darkzero.htb,Microsoft-Windows-ActiveDirectory_DomainService,Directory Service,443,4,,Database 32k Pages Feature,,,,,,,,,,,,
2026-05-21T22:58:28.693530Z,"{'#attributes': {'Qualifiers': 16384}, '#text': 1000}",DC01.darkzero.htb,Microsoft-Windows-ActiveDirectory_DomainService,Directory Service,444,4,,,,,,,,,,,,,,
2026-05-21T22:58:58.701598Z,"{'#attributes': {'Qualifiers': 16384}, '#text': 1394}",DC01.darkzero.htb,Microsoft-Windows-ActiveDirectory_DomainService,Directory Service,445,4,,,,,,,,,,,,,,
2026-05-21T23:13:28.995908Z,"{'#attributes': {'Qualifiers': 0}, '#text': 102}",DC01.darkzero.htb,NTDS ISAM,Directory Service,446,4,,,NTDS,"888,P,98,0",,,NTDSA: ,0,10,00,26100,0000,,
2026-05-21T23:13:28.996390Z,"{'#attributes': {'Qualifiers': 0}, '#text': 105}",DC01.darkzero.htb,NTDS ISAM,Directory Service,447,4,,,NTDS,"888,D,0,0",,,NTDSA: ,0,0.264,"
[1] 0.001837 +J(0) +M(C:0K, Fs:183, WS:708K # 96K, PF:5412K # 2412K, P:5412K)
[2] 0.003458 +J(0) +M(C:64K, Fs:96, WS:368K # 368K, PF:368K # 368K, P:368K)
[3] 0.000463 +J(0) +M(C:0K, Fs:4, WS:12K # 12K, PF:68K # 68K, P:68K)
[4] 0.013363 -0.000338 (1) WT +J(0) +M(C:0K, Fs:158, WS:556K # 556K, PF:6864K # 6864K, P:6864K)
[5] 0.000349 +J(0) +M(C:0K, Fs:1, WS:4K # 4K, PF:4K # 4K, P:4K)
[6] 0.005233 +J(0) +M(C:0K, Fs:21, WS:84K # 84K, PF:16K # 16K, P:16K)
[7] 0.161105 -0.154658 (21) WT +J(0) +M(C:0K, Fs:2578, WS:10288K # 10288K, PF:10260K # 10260K, P:10260K)
[8] -
[9] -
[10] -
[11] -
[12] -
[13] 0.077056 -0.072491 (22) WT +J(CM:0, PgRf:0, Rd:0/0, Dy:0/0, Lg:616/1) +M(C:0K, Fs:14, WS:-10200K # 24K, PF:-10256K # 12K, P:-10256K)
[14] 0.000025 +J(0) +M(C:0K, Fs:1, WS:4K # 0K, PF:0K # 0K, P:0K)
[15] 0.000739 +J(0) +M(C:0K, Fs:615, WS:2460K # 0K, PF:64K # 0K, P:64K)
[16] 0.000611 -0.000313 (1) WT +J(0) +M(C:0K, Fs:2, WS:0K # 0K, PF:0K # 0K, P:0K).","RBSOn = 0
",,,
2026-05-21T23:13:28.997189Z,"{'#attributes': {'Qualifiers': 0}, '#text': 330}",DC01.darkzero.htb,NTDS ISAM,Directory Service,448,4,,,NTDS,"888,D,50,0",,,NTDSA: ,C:\Windows\NTDS\ntds.dit,0x2580 (9600),9600 (0x2580),9620 (0x2594),,,
2026-05-21T23:13:28.997547Z,"{'#attributes': {'Qualifiers': 0}, '#text': 326}",DC01.darkzero.htb,NTDS ISAM,Directory Service,449,4,,,NTDS,"888,D,50,0",,,NTDSA: ,1,C:\Windows\NTDS\ntds.dit,0,"
[1] 0.000005 +J(0) +M(C:0K, Fs:1, WS:4K # 0K, PF:0K # 0K, P:0K)
[2] 0.000669 -0.000374 (1) WT +J(0) +M(C:0K, Fs:26, WS:40K # 0K, PF:32K # 0K, P:32K)
[3] 0.006783 -0.002553 (6) WT +J(CM:0, PgRf:0, Rd:0/0, Dy:0/0, Lg:3480/2) +M(C:0K, Fs:37, WS:116K # 0K, PF:116K # 0K, P:116K)
[4] 0.000889 +J(0) +M(C:0K, Fs:1, WS:4K # 0K, PF:0K # 0K, P:0K)
[5] -
[6] 0.006037 -0.002719 (2) CM -0.002635 (2) WT +J(CM:2, PgRf:2, Rd:0/2, Dy:0/0, Lg:0/0) +M(C:-56K, Fs:66, WS:208K # 0K, PF:148K # 0K, P:148K)
[7] 0.000004 +J(0)
[8] 0.005792 -0.003191 (1) CM -0.003133 (1) WT +J(CM:1, PgRf:1, Rd:4/1, Dy:0/0, Lg:0/0) +M(C:156K, Fs:70, WS:204K # 0K, PF:240K # 0K, P:240K)
[9] -
[10] -
[11] -
[12] 0.000333 +J(CM:0, PgRf:0, Rd:0/0, Dy:0/0, Lg:54/1) +M(C:0K, Fs:5, WS:20K # 0K, PF:28K # 0K, P:28K)
[13] 0.010605 -0.008897 (6) CM -0.008654 (6) WT +J(CM:6, PgRf:23, Rd:0/6, Dy:0/0, Lg:0/0) +M(C:-88K, Fs:44, WS:-8K # 0K, PF:-56K # 0K, P:-56K)
[14] 0.002406 -0.002092 (4) CM -0.001954 (4) WT +J(CM:4, PgRf:40, Rd:0/4, Dy:0/0, Lg:0/0) +M(C:-24K, Fs:23, WS:-12K # 0K, PF:40K # 0K, P:40K)
[15] 0.000630 -0.000576 (1) CM -0.000539 (1) WT +J(CM:1, PgRf:1, Rd:0/1, Dy:0/0, Lg:0/0) +M(C:-8K, Fs:5, WS:-8K # 0K, PF:-8K # 0K, P:-8K)
[16] 0.000022 +J(CM:0, PgRf:1, Rd:0/0, Dy:0/0, Lg:0/0) +M(C:0K, Fs:1, WS:4K # 0K, PF:0K # 0K, P:0K)
[17] 0.000083 +J(CM:0, PgRf:48, Rd:0/0, Dy:0/0, Lg:0/0) +M(C:0K, Fs:6, WS:24K # 0K, PF:0K # 0K, P:0K)
[18] 0.000001 +J(0)
[19] 0.0 +J(0)
[20] 0.000023 +J(CM:0, PgRf:2, Rd:0/0, Dy:0/0, Lg:0/0) +M(C:0K, Fs:3, WS:12K # 0K, PF:0K # 0K, P:0K).",0 0,"lgposAttach = 00000002:0838:0268,
dbv = 1568.290.600 (9600)",
2026-05-21T23:13:28.997967Z,"{'#attributes': {'Qualifiers': 0}, '#text': 330}",DC01.darkzero.htb,NTDS ISAM,Directory Service,450,4,,,NTDS,"888,D,2,0",,,NTDSA: ,C:\Windows\NTDS\temp.edb,0x2580 (9600),9600 (0x2580),9620 (0x2594),,,
2026-05-21T23:13:28.998309Z,"{'#attributes': {'Qualifiers': 0}, '#text': 700}",DC01.darkzero.htb,NTDS ISAM,Directory Service,451,4,,,NTDS,"888,D,0,0",,,NTDSA: ,C:\Windows\NTDS\ntds.dit,,,,,,
2026-05-21T23:13:29.160135Z,"{'#attributes': {'Qualifiers': 0}, '#text': 701}",DC01.darkzero.htb,NTDS ISAM,Directory Service,452,4,,,NTDS,"888,D,0,0",,,NTDSA: ,C:\Windows\NTDS\ntds.dit,0,5/21/2026,0,1,1,12
2026-05-21T23:13:28.993099Z,"{'#attributes': {'Qualifiers': 16384}, '#text': 3033}",DC01.darkzero.htb,Microsoft-Windows-ActiveDirectory_DomainService,Directory Service,453,4,,,,,,,,,,,,,,
2026-05-21T23:13:28.993099Z,"{'#attributes': {'Qualifiers': 16384}, '#text': 3027}",DC01.darkzero.htb,Microsoft-Windows-ActiveDirectory_DomainService,Directory Service,454,4,,3600,,,,,,,,,,,,
2026-05-21T23:13:29.003422Z,"{'#attributes': {'Qualifiers': 16384}, '#text': 1869}",DC01.darkzero.htb,Microsoft-Windows-ActiveDirectory_DomainService,Directory Service,455,4,,,\\DC01.darkzero.htb,Default-First-Site-Name,,,,,,,,,,
2026-05-21T23:50:56.061444Z,"{'#attributes': {'Qualifiers': 16384}, '#text': 2179}",DC01.darkzero.htb,Microsoft-Windows-ActiveDirectory_DomainService,Directory Service,456,4,,10262600735339633702,,,,,,,,,,,,
2026-05-21T23:50:57.025320Z,"{'#attributes': {'Qualifiers': 16384}, '#text': 1004}",DC01.darkzero.htb,Microsoft-Windows-ActiveDirectory_DomainService,Directory Service,457,4,,,,,,,,,,,,,,
2026-05-22T01:17:41.644295Z,"{'#attributes': {'Qualifiers': 32768}, '#text': 3051}",DC01.darkzero.htb,Microsoft-Windows-ActiveDirectory_DomainService,Directory Service,458,3,,,,,,,,,,,,,,
2026-05-22T01:17:41.644295Z,"{'#attributes': {'Qualifiers': 32768}, '#text': 3054}",DC01.darkzero.htb,Microsoft-Windows-ActiveDirectory_DomainService,Directory Service,459,3,,,,,,,,,,,,,,
2026-05-22T01:17:42.594560Z,"{'#attributes': {'Qualifiers': 16384}, '#text': 2121}",DC01.darkzero.htb,Microsoft-Windows-ActiveDirectory_DomainService,Directory Service,460,4,,,,,,,,,,,,,,
2026-05-22T01:17:42.594560Z,"{'#attributes': {'Qualifiers': 16384}, '#text': 2406}",DC01.darkzero.htb,Microsoft-Windows-ActiveDirectory_DomainService,Directory Service,461,4,,Recycle Bin Feature,,,,,,,,,,,,
2026-05-22T01:17:42.594560Z,"{'#attributes': {'Qualifiers': 16384}, '#text': 2406}",DC01.darkzero.htb,Microsoft-Windows-ActiveDirectory_DomainService,Directory Service,462,4,,Privileged Access Management Feature,,,,,,,,,,,,
2026-05-22T01:17:42.594560Z,"{'#attributes': {'Qualifiers': 16384}, '#text': 2406}",DC01.darkzero.htb,Microsoft-Windows-ActiveDirectory_DomainService,Directory Service,463,4,,Database 32k Pages Feature,,,,,,,,,,,,
2026-05-22T01:17:42.601549Z,"{'#attributes': {'Qualifiers': 16384}, '#text': 2168}",DC01.darkzero.htb,Microsoft-Windows-ActiveDirectory_DomainService,Directory Service,464,4,,2833322490155575112,,,,,,,,,,,,
2026-05-22T01:17:42.601549Z,"{'#attributes': {'Qualifiers': 16384}, '#text': 2172}",DC01.darkzero.htb,Microsoft-Windows-ActiveDirectory_DomainService,Directory Service,465,4,,10262600735339633702,,,,,,,,,,,,
2026-05-22T01:17:42.601549Z,"{'#attributes': {'Qualifiers': 32768}, '#text': 2170}",DC01.darkzero.htb,Microsoft-Windows-ActiveDirectory_DomainService,Directory Service,466,3,,,10262600735339633702,2833322490155575112,,,,,,,,,,
2026-05-22T01:17:42.642671Z,"{'#attributes': {'Qualifiers': 16384}, '#text': 1109}",DC01.darkzero.htb,Microsoft-Windows-ActiveDirectory_DomainService,Directory Service,467,4,,,9996bd22-0efd-4e66-a358-d7a693e76daf,b3f0a9b5-de1a-4580-99f9-3af1c38840ef,,,69647,,,,,,,
2026-05-22T01:17:42.740137Z,"{'#attributes': {'Qualifiers': 16384}, '#text': 2208}",DC01.darkzero.htb,Microsoft-Windows-ActiveDirectory_DomainService,Directory Service,468,4,,,,,,,,,,,,,,
2026-05-22T01:17:42.740137Z,"{'#attributes': {'Qualifiers': 16384}, '#text': 2179}",DC01.darkzero.htb,Microsoft-Windows-ActiveDirectory_DomainService,Directory Service,469,4,,2833322490155575112,,,,,,,,,,,,
2026-05-22T01:17:42.788182Z,"{'#attributes': {'Qualifiers': 16384}, '#text': 2405}",DC01.darkzero.htb,Microsoft-Windows-ActiveDirectory_DomainService,Directory Service,470,4,,Privileged Access Management Feature,,,,,,,,,,,,
2026-05-22T01:17:42.788182Z,"{'#attributes': {'Qualifiers': 16384}, '#text': 2120}",DC01.darkzero.htb,Microsoft-Windows-ActiveDirectory_DomainService,Directory Service,471,4,,,,,,,,,,,,,,
2026-05-22T01:17:42.788182Z,"{'#attributes': {'Qualifiers': 16384}, '#text': 2405}",DC01.darkzero.htb,Microsoft-Windows-ActiveDirectory_DomainService,Directory Service,472,4,,Recycle Bin Feature,,,,,,,,,,,,
2026-05-22T01:17:42.788182Z,"{'#attributes': {'Qualifiers': 16384}, '#text': 2405}",DC01.darkzero.htb,Microsoft-Windows-ActiveDirectory_DomainService,Directory Service,473,4,,Database 32k Pages Feature,,,,,,,,,,,,
2026-05-22T01:17:52.796736Z,"{'#attributes': {'Qualifiers': 16384}, '#text': 1000}",DC01.darkzero.htb,Microsoft-Windows-ActiveDirectory_DomainService,Directory Service,474,4,,,,,,,,,,,,,,
2026-05-22T01:18:22.805167Z,"{'#attributes': {'Qualifiers': 16384}, '#text': 1394}",DC01.darkzero.htb,Microsoft-Windows-ActiveDirectory_DomainService,Directory Service,475,4,,,,,,,,,,,,,,
2026-05-22T01:22:03.238709Z,"{'#attributes': {'Qualifiers': 16384}, '#text': 2179}",DC01.darkzero.htb,Microsoft-Windows-ActiveDirectory_DomainService,Directory Service,476,4,,2833322490155575112,,,,,,,,,,,,
2026-05-22T01:22:03.588930Z,"{'#attributes': {'Qualifiers': 16384}, '#text': 1004}",DC01.darkzero.htb,Microsoft-Windows-ActiveDirectory_DomainService,Directory Service,477,4,,,,,,,,,,,,,,
2026-05-22T15:20:22.992217Z,"{'#attributes': {'Qualifiers': 32768}, '#text': 3051}",DC01.darkzero.htb,Microsoft-Windows-ActiveDirectory_DomainService,Directory Service,478,3,,,,,,,,,,,,,,
2026-05-22T15:20:22.992217Z,"{'#attributes': {'Qualifiers': 32768}, '#text': 3054}",DC01.darkzero.htb,Microsoft-Windows-ActiveDirectory_DomainService,Directory Service,479,3,,,,,,,,,,,,,,
2026-05-22T15:20:23.694135Z,"{'#attributes': {'Qualifiers': 16384}, '#text': 2121}",DC01.darkzero.htb,Microsoft-Windows-ActiveDirectory_DomainService,Directory Service,480,4,,,,,,,,,,,,,,
2026-05-22T15:20:23.694135Z,"{'#attributes': {'Qualifiers': 16384}, '#text': 2406}",DC01.darkzero.htb,Microsoft-Windows-ActiveDirectory_DomainService,Directory Service,481,4,,Recycle Bin Feature,,,,,,,,,,,,
2026-05-22T15:20:23.694135Z,"{'#attributes': {'Qualifiers': 16384}, '#text': 2406}",DC01.darkzero.htb,Microsoft-Windows-ActiveDirectory_DomainService,Directory Service,482,4,,Privileged Access Management Feature,,,,,,,,,,,,
2026-05-22T15:20:23.694135Z,"{'#attributes': {'Qualifiers': 16384}, '#text': 2406}",DC01.darkzero.htb,Microsoft-Windows-ActiveDirectory_DomainService,Directory Service,483,4,,Database 32k Pages Feature,,,,,,,,,,,,
2026-05-22T15:20:23.696165Z,"{'#attributes': {'Qualifiers': 16384}, '#text': 2168}",DC01.darkzero.htb,Microsoft-Windows-ActiveDirectory_DomainService,Directory Service,484,4,,12738803861114956915,,,,,,,,,,,,
2026-05-22T15:20:23.696165Z,"{'#attributes': {'Qualifiers': 16384}, '#text': 2172}",DC01.darkzero.htb,Microsoft-Windows-ActiveDirectory_DomainService,Directory Service,485,4,,2833322490155575112,,,,,,,,,,,,
2026-05-22T15:20:23.696165Z,"{'#attributes': {'Qualifiers': 32768}, '#text': 2170}",DC01.darkzero.htb,Microsoft-Windows-ActiveDirectory_DomainService,Directory Service,486,3,,,2833322490155575112,12738803861114956915,,,,,,,,,,
2026-05-22T15:20:23.704335Z,"{'#attributes': {'Qualifiers': 16384}, '#text': 1109}",DC01.darkzero.htb,Microsoft-Windows-ActiveDirectory_DomainService,Directory Service,487,4,,,b3f0a9b5-de1a-4580-99f9-3af1c38840ef,bf31ad21-e7b9-4bd1-b85d-8886276fea78,,,73744,,,,,,,
2026-05-22T15:20:23.757476Z,"{'#attributes': {'Qualifiers': 16384}, '#text': 2208}",DC01.darkzero.htb,Microsoft-Windows-ActiveDirectory_DomainService,Directory Service,488,4,,,,,,,,,,,,,,
2026-05-22T15:20:23.793226Z,"{'#attributes': {'Qualifiers': 16384}, '#text': 2179}",DC01.darkzero.htb,Microsoft-Windows-ActiveDirectory_DomainService,Directory Service,489,4,,12738803861114956915,,,,,,,,,,,,
2026-05-22T15:20:23.851267Z,"{'#attributes': {'Qualifiers': 16384}, '#text': 2405}",DC01.darkzero.htb,Microsoft-Windows-ActiveDirectory_DomainService,Directory Service,490,4,,Privileged Access Management Feature,,,,,,,,,,,,
2026-05-22T15:20:23.853297Z,"{'#attributes': {'Qualifiers': 16384}, '#text': 2120}",DC01.darkzero.htb,Microsoft-Windows-ActiveDirectory_DomainService,Directory Service,491,4,,,,,,,,,,,,,,
2026-05-22T15:20:23.853297Z,"{'#attributes': {'Qualifiers': 16384}, '#text': 2405}",DC01.darkzero.htb,Microsoft-Windows-ActiveDirectory_DomainService,Directory Service,492,4,,Recycle Bin Feature,,,,,,,,,,,,
2026-05-22T15:20:23.853297Z,"{'#attributes': {'Qualifiers': 16384}, '#text': 2405}",DC01.darkzero.htb,Microsoft-Windows-ActiveDirectory_DomainService,Directory Service,493,4,,Database 32k Pages Feature,,,,,,,,,,,,
2026-05-22T15:20:34.497299Z,"{'#attributes': {'Qualifiers': 16384}, '#text': 1000}",DC01.darkzero.htb,Microsoft-Windows-ActiveDirectory_DomainService,Directory Service,494,4,,,,,,,,,,,,,,
2026-05-22T15:21:04.525926Z,"{'#attributes': {'Qualifiers': 16384}, '#text': 1394}",DC01.darkzero.htb,Microsoft-Windows-ActiveDirectory_DomainService,Directory Service,495,4,,,,,,,,,,,,,,
2026-05-22T15:35:34.783078Z,"{'#attributes': {'Qualifiers': 0}, '#text': 102}",DC01.darkzero.htb,NTDS ISAM,Directory Service,496,4,,,NTDS,"896,P,98,0",,,NTDSA: ,0,10,00,26100,0000,,
2026-05-22T15:35:34.783770Z,"{'#attributes': {'Qualifiers': 0}, '#text': 105}",DC01.darkzero.htb,NTDS ISAM,Directory Service,497,4,,,NTDS,"896,D,0,0",,,NTDSA: ,0,0.913,"
[1] 0.001784 +J(0) +M(C:0K, Fs:184, WS:712K # 100K, PF:5416K # 2412K, P:5416K)
[2] 0.003709 +J(0) +M(C:64K, Fs:94, WS:368K # 368K, PF:360K # 360K, P:360K)
[3] 0.000577 +J(0) +M(C:0K, Fs:4, WS:12K # 12K, PF:68K # 68K, P:68K)
[4] 0.152613 -0.000318 (1) WT +J(0) +M(C:0K, Fs:153, WS:540K # 540K, PF:6848K # 6848K, P:6848K)
[5] 0.000426 +J(0)
[6] 0.041852 -0.000001 (1) WT +J(0) +M(C:0K, Fs:23, WS:84K # 84K, PF:20K # 20K, P:20K)
[7] 0.461857 -0.454736 (21) WT +J(0) +M(C:0K, Fs:2577, WS:10280K # 10280K, PF:10252K # 10260K, P:10252K)
[8] -
[9] -
[10] -
[11] -
[12] -
[13] 0.248209 -0.242680 (22) WT +J(CM:0, PgRf:0, Rd:0/0, Dy:0/0, Lg:616/1) +M(C:0K, Fs:13, WS:-10200K # 24K, PF:-10256K # 4K, P:-10256K)
[14] 0.000080 +J(0) +M(C:0K, Fs:1, WS:4K # 0K, PF:0K # 0K, P:0K)
[15] 0.000841 +J(0) +M(C:0K, Fs:616, WS:2460K # 0K, PF:68K # 0K, P:68K)
[16] 0.000898 -0.000450 (1) WT +J(0) +M(C:0K, Fs:2, WS:0K # 0K, PF:0K # 0K, P:0K).","RBSOn = 0
",,,
2026-05-22T15:35:34.784248Z,"{'#attributes': {'Qualifiers': 0}, '#text': 330}",DC01.darkzero.htb,NTDS ISAM,Directory Service,498,4,,,NTDS,"896,D,50,0",,,NTDSA: ,C:\Windows\NTDS\ntds.dit,0x2580 (9600),9600 (0x2580),9620 (0x2594),,,
2026-05-22T15:35:34.784571Z,"{'#attributes': {'Qualifiers': 0}, '#text': 326}",DC01.darkzero.htb,NTDS ISAM,Directory Service,499,4,,,NTDS,"896,D,50,0",,,NTDSA: ,1,C:\Windows\NTDS\ntds.dit,0,"
[1] 0.000007 +J(0) +M(C:0K, Fs:1, WS:4K # 0K, PF:0K # 0K, P:0K)
[2] 0.000849 -0.000420 (1) WT +J(0) +M(C:0K, Fs:26, WS:40K # 0K, PF:32K # 0K, P:32K)
[3] 0.040606 -0.003222 (6) WT +J(CM:0, PgRf:0, Rd:0/0, Dy:0/0, Lg:3480/2) +M(C:0K, Fs:37, WS:116K # 0K, PF:116K # 0K, P:116K)
[4] 0.000856 +J(0) +M(C:0K, Fs:1, WS:4K # 0K, PF:0K # 0K, P:0K)
[5] -
[6] 0.006764 -0.002951 (2) CM -0.002848 (2) WT +J(CM:2, PgRf:2, Rd:0/2, Dy:0/0, Lg:0/0) +M(C:-56K, Fs:65, WS:204K # 0K, PF:144K # 0K, P:144K)
[7] 0.000005 +J(0)
[8] 0.039255 -0.036076 (1) CM -0.036018 (1) WT +J(CM:1, PgRf:1, Rd:4/1, Dy:0/0, Lg:0/0) +M(C:156K, Fs:70, WS:252K # 0K, PF:352K # 0K, P:352K)
[9] -
[10] -
[11] -
[12] 0.000311 -0.000001 (1) WT +J(CM:0, PgRf:0, Rd:0/0, Dy:0/0, Lg:54/1) +M(C:0K, Fs:4, WS:16K # 0K, PF:24K # 0K, P:24K)
[13] 0.009600 -0.007775 (3) CM -0.007619 (3) WT +J(CM:3, PgRf:23, Rd:0/3, Dy:0/0, Lg:0/0) +M(C:-108K, Fs:20, WS:-28K # 0K, PF:-76K # 0K, P:-76K)
[14] 0.002118 -0.001841 (3) CM -0.001700 (3) WT +J(CM:3, PgRf:40, Rd:0/3, Dy:0/0, Lg:0/0) +M(C:-24K, Fs:18, WS:-12K # 0K, PF:40K # 0K, P:40K)
[15] 0.000668 -0.000605 (1) CM -0.000558 (1) WT +J(CM:1, PgRf:1, Rd:0/1, Dy:0/0, Lg:0/0) +M(C:0K, Fs:7, WS:0K # 0K, PF:0K # 0K, P:0K)
[16] 0.000024 +J(CM:0, PgRf:1, Rd:0/0, Dy:0/0, Lg:0/0) +M(C:0K, Fs:1, WS:4K # 0K, PF:0K # 0K, P:0K)
[17] 0.000681 -0.000480 (1) CM -0.000435 (1) WT +J(CM:1, PgRf:48, Rd:0/1, Dy:0/0, Lg:0/0) +M(C:0K, Fs:13, WS:24K # 0K, PF:0K # 0K, P:0K)
[18] 0.000003 +J(0)
[19] 0.000001 +J(0)
[20] 0.034061 -0.033969 (1) CM -0.033868 (1) WT +J(CM:1, PgRf:2, Rd:0/1, Dy:0/0, Lg:0/0) +M(C:96K, Fs:10, WS:12K # 0K, PF:96K # 0K, P:96K).",0 0,"lgposAttach = 00000002:0953:0268,
dbv = 1568.290.600 (9600)",
2026-05-22T15:35:34.785104Z,"{'#attributes': {'Qualifiers': 0}, '#text': 330}",DC01.darkzero.htb,NTDS ISAM,Directory Service,500,4,,,NTDS,"896,D,2,0",,,NTDSA: ,C:\Windows\NTDS\temp.edb,0x2580 (9600),9600 (0x2580),9620 (0x2594),,,
2026-05-22T15:35:34.785434Z,"{'#attributes': {'Qualifiers': 0}, '#text': 700}",DC01.darkzero.htb,NTDS ISAM,Directory Service,501,4,,,NTDS,"896,D,0,0",,,NTDSA: ,C:\Windows\NTDS\ntds.dit,,,,,,
2026-05-22T15:35:34.892585Z,"{'#attributes': {'Qualifiers': 0}, '#text': 701}",DC01.darkzero.htb,NTDS ISAM,Directory Service,502,4,,,NTDS,"896,D,0,0",,,NTDSA: ,C:\Windows\NTDS\ntds.dit,1,5/22/2026,0,1,1,13
2026-05-22T15:35:34.777125Z,"{'#attributes': {'Qualifiers': 16384}, '#text': 3033}",DC01.darkzero.htb,Microsoft-Windows-ActiveDirectory_DomainService,Directory Service,503,4,,,,,,,,,,,,,,
2026-05-22T15:35:34.777125Z,"{'#attributes': {'Qualifiers': 16384}, '#text': 3027}",DC01.darkzero.htb,Microsoft-Windows-ActiveDirectory_DomainService,Directory Service,504,4,,3600,,,,,,,,,,,,
2026-05-22T15:35:34.787212Z,"{'#attributes': {'Qualifiers': 16384}, '#text': 1869}",DC01.darkzero.htb,Microsoft-Windows-ActiveDirectory_DomainService,Directory Service,505,4,,,\\DC01.darkzero.htb,Default-First-Site-Name,,,,,,,,,,
2026-05-22T15:36:30.080200Z,"{'#attributes': {'Qualifiers': 16384}, '#text': 2179}",DC01.darkzero.htb,Microsoft-Windows-ActiveDirectory_DomainService,Directory Service,506,4,,12738803861114956915,,,,,,,,,,,,
2026-05-22T15:36:31.336345Z,"{'#attributes': {'Qualifiers': 16384}, '#text': 1004}",DC01.darkzero.htb,Microsoft-Windows-ActiveDirectory_DomainService,Directory Service,507,4,,,,,,,,,,,,,,
2026-05-29T11:03:40.385888Z,"{'#attributes': {'Qualifiers': 32768}, '#text': 3051}",DC01.darkzero.htb,Microsoft-Windows-ActiveDirectory_DomainService,Directory Service,508,3,,,,,,,,,,,,,,
2026-05-29T11:03:40.385888Z,"{'#attributes': {'Qualifiers': 32768}, '#text': 3054}",DC01.darkzero.htb,Microsoft-Windows-ActiveDirectory_DomainService,Directory Service,509,3,,,,,,,,,,,,,,
2026-05-29T11:03:40.899082Z,"{'#attributes': {'Qualifiers': 16384}, '#text': 2121}",DC01.darkzero.htb,Microsoft-Windows-ActiveDirectory_DomainService,Directory Service,510,4,,,,,,,,,,,,,,
2026-05-29T11:03:40.899082Z,"{'#attributes': {'Qualifiers': 16384}, '#text': 2406}",DC01.darkzero.htb,Microsoft-Windows-ActiveDirectory_DomainService,Directory Service,511,4,,Recycle Bin Feature,,,,,,,,,,,,
2026-05-29T11:03:40.899082Z,"{'#attributes': {'Qualifiers': 16384}, '#text': 2406}",DC01.darkzero.htb,Microsoft-Windows-ActiveDirectory_DomainService,Directory Service,512,4,,Privileged Access Management Feature,,,,,,,,,,,,
2026-05-29T11:03:40.899082Z,"{'#attributes': {'Qualifiers': 16384}, '#text': 2406}",DC01.darkzero.htb,Microsoft-Windows-ActiveDirectory_DomainService,Directory Service,513,4,,Database 32k Pages Feature,,,,,,,,,,,,
2026-05-29T11:03:40.901114Z,"{'#attributes': {'Qualifiers': 16384}, '#text': 2168}",DC01.darkzero.htb,Microsoft-Windows-ActiveDirectory_DomainService,Directory Service,514,4,,7047957691786237058,,,,,,,,,,,,
2026-05-29T11:03:40.901114Z,"{'#attributes': {'Qualifiers': 16384}, '#text': 2172}",DC01.darkzero.htb,Microsoft-Windows-ActiveDirectory_DomainService,Directory Service,515,4,,12738803861114956915,,,,,,,,,,,,
2026-05-29T11:03:40.901114Z,"{'#attributes': {'Qualifiers': 32768}, '#text': 2170}",DC01.darkzero.htb,Microsoft-Windows-ActiveDirectory_DomainService,Directory Service,516,3,,,12738803861114956915,7047957691786237058,,,,,,,,,,
2026-05-29T11:03:40.944426Z,"{'#attributes': {'Qualifiers': 16384}, '#text': 1109}",DC01.darkzero.htb,Microsoft-Windows-ActiveDirectory_DomainService,Directory Service,517,4,,,bf31ad21-e7b9-4bd1-b85d-8886276fea78,67cabfd6-b8a9-40ff-a7e1-548e43583060,,,77841,,,,,,,
2026-05-29T11:03:40.998121Z,"{'#attributes': {'Qualifiers': 16384}, '#text': 2208}",DC01.darkzero.htb,Microsoft-Windows-ActiveDirectory_DomainService,Directory Service,518,4,,,,,,,,,,,,,,
2026-05-29T11:03:41.045160Z,"{'#attributes': {'Qualifiers': 16384}, '#text': 2179}",DC01.darkzero.htb,Microsoft-Windows-ActiveDirectory_DomainService,Directory Service,519,4,,7047957691786237058,,,,,,,,,,,,
2026-05-29T11:03:41.092120Z,"{'#attributes': {'Qualifiers': 16384}, '#text': 2405}",DC01.darkzero.htb,Microsoft-Windows-ActiveDirectory_DomainService,Directory Service,520,4,,Privileged Access Management Feature,,,,,,,,,,,,
2026-05-29T11:03:41.092120Z,"{'#attributes': {'Qualifiers': 16384}, '#text': 2120}",DC01.darkzero.htb,Microsoft-Windows-ActiveDirectory_DomainService,Directory Service,521,4,,,,,,,,,,,,,,
2026-05-29T11:03:41.092120Z,"{'#attributes': {'Qualifiers': 16384}, '#text': 2405}",DC01.darkzero.htb,Microsoft-Windows-ActiveDirectory_DomainService,Directory Service,522,4,,Recycle Bin Feature,,,,,,,,,,,,
2026-05-29T11:03:41.092120Z,"{'#attributes': {'Qualifiers': 16384}, '#text': 2405}",DC01.darkzero.htb,Microsoft-Windows-ActiveDirectory_DomainService,Directory Service,523,4,,Database 32k Pages Feature,,,,,,,,,,,,
2026-05-29T11:03:51.194811Z,"{'#attributes': {'Qualifiers': 16384}, '#text': 1000}",DC01.darkzero.htb,Microsoft-Windows-ActiveDirectory_DomainService,Directory Service,524,4,,,,,,,,,,,,,,
2026-05-29T11:04:21.258816Z,"{'#attributes': {'Qualifiers': 16384}, '#text': 1394}",DC01.darkzero.htb,Microsoft-Windows-ActiveDirectory_DomainService,Directory Service,525,4,,,,,,,,,,,,,,
2026-05-29T11:09:47.287136Z,"{'#attributes': {'Qualifiers': 16384}, '#text': 2179}",DC01.darkzero.htb,Microsoft-Windows-ActiveDirectory_DomainService,Directory Service,526,4,,7047957691786237058,,,,,,,,,,,,
2026-05-29T11:09:47.464813Z,"{'#attributes': {'Qualifiers': 16384}, '#text': 1004}",DC01.darkzero.htb,Microsoft-Windows-ActiveDirectory_DomainService,Directory Service,527,4,,,,,,,,,,,,,,
2026-05-29T22:05:11.014898Z,"{'#attributes': {'Qualifiers': 32768}, '#text': 3051}",DC01.darkzero.htb,Microsoft-Windows-ActiveDirectory_DomainService,Directory Service,528,3,,,,,,,,,,,,,,
2026-05-29T22:05:11.014898Z,"{'#attributes': {'Qualifiers': 32768}, '#text': 3054}",DC01.darkzero.htb,Microsoft-Windows-ActiveDirectory_DomainService,Directory Service,529,3,,,,,,,,,,,,,,
2026-05-29T22:05:11.227744Z,"{'#attributes': {'Qualifiers': 16384}, '#text': 2121}",DC01.darkzero.htb,Microsoft-Windows-ActiveDirectory_DomainService,Directory Service,530,4,,,,,,,,,,,,,,
2026-05-29T22:05:11.227744Z,"{'#attributes': {'Qualifiers': 16384}, '#text': 2406}",DC01.darkzero.htb,Microsoft-Windows-ActiveDirectory_DomainService,Directory Service,531,4,,Recycle Bin Feature,,,,,,,,,,,,
2026-05-29T22:05:11.227744Z,"{'#attributes': {'Qualifiers': 16384}, '#text': 2406}",DC01.darkzero.htb,Microsoft-Windows-ActiveDirectory_DomainService,Directory Service,532,4,,Privileged Access Management Feature,,,,,,,,,,,,
2026-05-29T22:05:11.227744Z,"{'#attributes': {'Qualifiers': 16384}, '#text': 2406}",DC01.darkzero.htb,Microsoft-Windows-ActiveDirectory_DomainService,Directory Service,533,4,,Database 32k Pages Feature,,,,,,,,,,,,
2026-05-29T22:05:11.229765Z,"{'#attributes': {'Qualifiers': 16384}, '#text': 2168}",DC01.darkzero.htb,Microsoft-Windows-ActiveDirectory_DomainService,Directory Service,534,4,,966821770470605434,,,,,,,,,,,,
2026-05-29T22:05:11.229765Z,"{'#attributes': {'Qualifiers': 16384}, '#text': 2172}",DC01.darkzero.htb,Microsoft-Windows-ActiveDirectory_DomainService,Directory Service,535,4,,7047957691786237058,,,,,,,,,,,,
2026-05-29T22:05:11.229765Z,"{'#attributes': {'Qualifiers': 32768}, '#text': 2170}",DC01.darkzero.htb,Microsoft-Windows-ActiveDirectory_DomainService,Directory Service,536,3,,,7047957691786237058,966821770470605434,,,,,,,,,,
2026-05-29T22:05:11.239692Z,"{'#attributes': {'Qualifiers': 16384}, '#text': 1109}",DC01.darkzero.htb,Microsoft-Windows-ActiveDirectory_DomainService,Directory Service,537,4,,,67cabfd6-b8a9-40ff-a7e1-548e43583060,64daf768-3f61-4dac-bd49-36ca49307b7a,,,81938,,,,,,,
2026-05-29T22:05:11.258057Z,"{'#attributes': {'Qualifiers': 16384}, '#text': 2208}",DC01.darkzero.htb,Microsoft-Windows-ActiveDirectory_DomainService,Directory Service,538,4,,,,,,,,,,,,,,
2026-05-29T22:05:11.269229Z,"{'#attributes': {'Qualifiers': 16384}, '#text': 2179}",DC01.darkzero.htb,Microsoft-Windows-ActiveDirectory_DomainService,Directory Service,539,4,,966821770470605434,,,,,,,,,,,,
2026-05-29T22:05:11.285264Z,"{'#attributes': {'Qualifiers': 16384}, '#text': 2405}",DC01.darkzero.htb,Microsoft-Windows-ActiveDirectory_DomainService,Directory Service,540,4,,Privileged Access Management Feature,,,,,,,,,,,,
2026-05-29T22:05:11.285264Z,"{'#attributes': {'Qualifiers': 16384}, '#text': 2120}",DC01.darkzero.htb,Microsoft-Windows-ActiveDirectory_DomainService,Directory Service,541,4,,,,,,,,,,,,,,
2026-05-29T22:05:11.285264Z,"{'#attributes': {'Qualifiers': 16384}, '#text': 2405}",DC01.darkzero.htb,Microsoft-Windows-ActiveDirectory_DomainService,Directory Service,542,4,,Recycle Bin Feature,,,,,,,,,,,,
2026-05-29T22:05:11.285264Z,"{'#attributes': {'Qualifiers': 16384}, '#text': 2405}",DC01.darkzero.htb,Microsoft-Windows-ActiveDirectory_DomainService,Directory Service,543,4,,Database 32k Pages Feature,,,,,,,,,,,,
2026-05-29T22:05:21.306603Z,"{'#attributes': {'Qualifiers': 16384}, '#text': 1000}",DC01.darkzero.htb,Microsoft-Windows-ActiveDirectory_DomainService,Directory Service,544,4,,,,,,,,,,,,,,
2026-05-29T22:05:51.308384Z,"{'#attributes': {'Qualifiers': 16384}, '#text': 1394}",DC01.darkzero.htb,Microsoft-Windows-ActiveDirectory_DomainService,Directory Service,545,4,,,,,,,,,,,,,,
2026-05-29T22:12:26.417112Z,"{'#attributes': {'Qualifiers': 16384}, '#text': 2179}",DC01.darkzero.htb,Microsoft-Windows-ActiveDirectory_DomainService,Directory Service,546,4,,966821770470605434,,,,,,,,,,,,
2026-05-29T22:12:26.515940Z,"{'#attributes': {'Qualifiers': 16384}, '#text': 1004}",DC01.darkzero.htb,Microsoft-Windows-ActiveDirectory_DomainService,Directory Service,547,4,,,,,,,,,,,,,,
2026-05-29T22:22:41.935359Z,"{'#attributes': {'Qualifiers': 32768}, '#text': 3051}",DC01.darkzero.htb,Microsoft-Windows-ActiveDirectory_DomainService,Directory Service,548,3,,,,,,,,,,,,,,
2026-05-29T22:22:41.935359Z,"{'#attributes': {'Qualifiers': 32768}, '#text': 3054}",DC01.darkzero.htb,Microsoft-Windows-ActiveDirectory_DomainService,Directory Service,549,3,,,,,,,,,,,,,,
2026-05-29T22:22:42.127719Z,"{'#attributes': {'Qualifiers': 16384}, '#text': 2121}",DC01.darkzero.htb,Microsoft-Windows-ActiveDirectory_DomainService,Directory Service,550,4,,,,,,,,,,,,,,
2026-05-29T22:22:42.127719Z,"{'#attributes': {'Qualifiers': 16384}, '#text': 2406}",DC01.darkzero.htb,Microsoft-Windows-ActiveDirectory_DomainService,Directory Service,551,4,,Recycle Bin Feature,,,,,,,,,,,,
2026-05-29T22:22:42.127719Z,"{'#attributes': {'Qualifiers': 16384}, '#text': 2406}",DC01.darkzero.htb,Microsoft-Windows-ActiveDirectory_DomainService,Directory Service,552,4,,Privileged Access Management Feature,,,,,,,,,,,,
2026-05-29T22:22:42.127719Z,"{'#attributes': {'Qualifiers': 16384}, '#text': 2406}",DC01.darkzero.htb,Microsoft-Windows-ActiveDirectory_DomainService,Directory Service,553,4,,Database 32k Pages Feature,,,,,,,,,,,,
2026-05-29T22:22:42.129754Z,"{'#attributes': {'Qualifiers': 16384}, '#text': 2168}",DC01.darkzero.htb,Microsoft-Windows-ActiveDirectory_DomainService,Directory Service,554,4,,3847935315796255249,,,,,,,,,,,,
2026-05-29T22:22:42.129754Z,"{'#attributes': {'Qualifiers': 16384}, '#text': 2172}",DC01.darkzero.htb,Microsoft-Windows-ActiveDirectory_DomainService,Directory Service,555,4,,966821770470605434,,,,,,,,,,,,
2026-05-29T22:22:42.129754Z,"{'#attributes': {'Qualifiers': 32768}, '#text': 2170}",DC01.darkzero.htb,Microsoft-Windows-ActiveDirectory_DomainService,Directory Service,556,3,,,966821770470605434,3847935315796255249,,,,,,,,,,
2026-05-29T22:22:42.137860Z,"{'#attributes': {'Qualifiers': 16384}, '#text': 1109}",DC01.darkzero.htb,Microsoft-Windows-ActiveDirectory_DomainService,Directory Service,557,4,,,64daf768-3f61-4dac-bd49-36ca49307b7a,9d9c6924-0143-4c7b-9a7a-113a2d0549a9,,,86035,,,,,,,
2026-05-29T22:22:42.161277Z,"{'#attributes': {'Qualifiers': 16384}, '#text': 2208}",DC01.darkzero.htb,Microsoft-Windows-ActiveDirectory_DomainService,Directory Service,558,4,,,,,,,,,,,,,,
2026-05-29T22:22:42.172449Z,"{'#attributes': {'Qualifiers': 16384}, '#text': 2179}",DC01.darkzero.htb,Microsoft-Windows-ActiveDirectory_DomainService,Directory Service,559,4,,3847935315796255249,,,,,,,,,,,,
2026-05-29T22:22:42.188191Z,"{'#attributes': {'Qualifiers': 16384}, '#text': 2405}",DC01.darkzero.htb,Microsoft-Windows-ActiveDirectory_DomainService,Directory Service,560,4,,Privileged Access Management Feature,,,,,,,,,,,,
2026-05-29T22:22:42.188721Z,"{'#attributes': {'Qualifiers': 16384}, '#text': 2120}",DC01.darkzero.htb,Microsoft-Windows-ActiveDirectory_DomainService,Directory Service,561,4,,,,,,,,,,,,,,
2026-05-29T22:22:42.188721Z,"{'#attributes': {'Qualifiers': 16384}, '#text': 2405}",DC01.darkzero.htb,Microsoft-Windows-ActiveDirectory_DomainService,Directory Service,562,4,,Recycle Bin Feature,,,,,,,,,,,,
2026-05-29T22:22:42.188721Z,"{'#attributes': {'Qualifiers': 16384}, '#text': 2405}",DC01.darkzero.htb,Microsoft-Windows-ActiveDirectory_DomainService,Directory Service,563,4,,Database 32k Pages Feature,,,,,,,,,,,,
2026-05-29T22:22:52.199953Z,"{'#attributes': {'Qualifiers': 16384}, '#text': 1000}",DC01.darkzero.htb,Microsoft-Windows-ActiveDirectory_DomainService,Directory Service,564,4,,,,,,,,,,,,,,
2026-05-29T22:23:22.228397Z,"{'#attributes': {'Qualifiers': 16384}, '#text': 1394}",DC01.darkzero.htb,Microsoft-Windows-ActiveDirectory_DomainService,Directory Service,565,4,,,,,,,,,,,,,,
2026-05-29T22:37:52.459414Z,"{'#attributes': {'Qualifiers': 0}, '#text': 102}",DC01.darkzero.htb,NTDS ISAM,Directory Service,566,4,,,NTDS,"888,P,98,0",,,NTDSA: ,0,10,00,26100,0000,,
2026-05-29T22:37:52.460408Z,"{'#attributes': {'Qualifiers': 0}, '#text': 105}",DC01.darkzero.htb,NTDS ISAM,Directory Service,567,4,,,NTDS,"888,D,0,0",,,NTDSA: ,0,0.124,"
[1] 0.001859 +J(0) +M(C:0K, Fs:184, WS:716K # 108K, PF:5416K # 2416K, P:5416K)
[2] 0.004253 +J(0) +M(C:64K, Fs:93, WS:364K # 364K, PF:356K # 356K, P:356K)
[3] 0.000395 +J(0) +M(C:0K, Fs:3, WS:12K # 12K, PF:64K # 64K, P:64K)
[4] 0.014398 -0.000280 (1) WT +J(0) +M(C:0K, Fs:151, WS:524K # 524K, PF:6848K # 6848K, P:6848K)
[5] 0.000344 +J(0) +M(C:0K, Fs:2, WS:8K # 8K, PF:8K # 8K, P:8K)
[6] 0.004337 +J(0) +M(C:0K, Fs:21, WS:84K # 84K, PF:16K # 16K, P:16K)
[7] 0.053070 -0.046739 (21) WT +J(0) +M(C:0K, Fs:2578, WS:10288K # 10288K, PF:10260K # 10260K, P:10260K)
[8] -
[9] -
[10] -
[11] -
[12] -
[13] 0.043690 -0.038912 (22) WT +J(CM:0, PgRf:0, Rd:0/0, Dy:0/0, Lg:616/1) +M(C:0K, Fs:14, WS:-10200K # 24K, PF:-10256K # 12K, P:-10256K)
[14] 0.000027 +J(0) +M(C:0K, Fs:1, WS:4K # 0K, PF:0K # 0K, P:0K)
[15] 0.000911 +J(0) +M(C:0K, Fs:616, WS:2460K # 0K, PF:64K # 0K, P:64K)
[16] 0.000647 -0.000278 (1) WT +J(0) +M(C:0K, Fs:2, WS:0K # 0K, PF:0K # 0K, P:0K).","RBSOn = 0
",,,
2026-05-29T22:37:52.461204Z,"{'#attributes': {'Qualifiers': 0}, '#text': 330}",DC01.darkzero.htb,NTDS ISAM,Directory Service,568,4,,,NTDS,"888,D,50,0",,,NTDSA: ,C:\Windows\NTDS\ntds.dit,0x2580 (9600),9600 (0x2580),9620 (0x2594),,,
2026-05-29T22:37:52.461660Z,"{'#attributes': {'Qualifiers': 0}, '#text': 326}",DC01.darkzero.htb,NTDS ISAM,Directory Service,569,4,,,NTDS,"888,D,50,0",,,NTDSA: ,1,C:\Windows\NTDS\ntds.dit,0,"
[1] 0.000006 +J(0) +M(C:0K, Fs:1, WS:4K # 0K, PF:0K # 0K, P:0K)
[2] 0.000828 -0.000476 (1) WT +J(0) +M(C:0K, Fs:27, WS:40K # 0K, PF:32K # 0K, P:32K)
[3] 0.008835 -0.003522 (6) WT +J(CM:0, PgRf:0, Rd:0/0, Dy:0/0, Lg:3480/2) +M(C:0K, Fs:40, WS:124K # 0K, PF:128K # 0K, P:128K)
[4] 0.001381 +J(0) +M(C:0K, Fs:1, WS:4K # 0K, PF:0K # 0K, P:0K)
[5] -
[6] 0.005676 -0.002012 (2) CM -0.001924 (2) WT +J(CM:2, PgRf:2, Rd:0/2, Dy:0/0, Lg:0/0) +M(C:-56K, Fs:65, WS:204K # 0K, PF:144K # 0K, P:144K)
[7] 0.000004 +J(0)
[8] 0.003435 -0.000893 (1) CM -0.000798 (1) WT +J(CM:1, PgRf:1, Rd:4/1, Dy:0/0, Lg:0/0) +M(C:156K, Fs:62, WS:220K # 0K, PF:352K # 0K, P:352K)
[9] -
[10] -
[11] -
[12] 0.000325 +J(CM:0, PgRf:0, Rd:0/0, Dy:0/0, Lg:54/1) +M(C:0K, Fs:3, WS:12K # 0K, PF:20K # 0K, P:20K)
[13] 0.005365 -0.003298 (3) CM -0.003175 (3) WT +J(CM:3, PgRf:23, Rd:0/3, Dy:0/0, Lg:0/0) +M(C:-116K, Fs:28, WS:-4K # 0K, PF:-84K # 0K, P:-84K)
[14] 0.001808 -0.001564 (2) CM -0.001490 (2) WT +J(CM:2, PgRf:40, Rd:0/2, Dy:0/0, Lg:0/0) +M(C:-24K, Fs:9, WS:-12K # 0K, PF:40K # 0K, P:40K)
[15] 0.000009 +J(CM:0, PgRf:1, Rd:0/0, Dy:0/0, Lg:0/0)
[16] 0.000012 +J(CM:0, PgRf:1, Rd:0/0, Dy:0/0, Lg:0/0) +M(C:0K, Fs:1, WS:4K # 0K, PF:0K # 0K, P:0K)
[17] 0.000079 +J(CM:0, PgRf:48, Rd:0/0, Dy:0/0, Lg:0/0) +M(C:0K, Fs:6, WS:24K # 0K, PF:0K # 0K, P:0K)
[18] 0.000001 +J(0)
[19] 0.0 +J(0)
[20] 0.000024 +J(CM:0, PgRf:2, Rd:0/0, Dy:0/0, Lg:0/0) +M(C:0K, Fs:3, WS:12K # 0K, PF:0K # 0K, P:0K).",0 0,"lgposAttach = 00000002:09CC:0268,
dbv = 1568.290.600 (9600)",
2026-05-29T22:37:52.462405Z,"{'#attributes': {'Qualifiers': 0}, '#text': 330}",DC01.darkzero.htb,NTDS ISAM,Directory Service,570,4,,,NTDS,"888,D,2,0",,,NTDSA: ,C:\Windows\NTDS\temp.edb,0x2580 (9600),9600 (0x2580),9620 (0x2594),,,
2026-05-29T22:37:52.462860Z,"{'#attributes': {'Qualifiers': 0}, '#text': 700}",DC01.darkzero.htb,NTDS ISAM,Directory Service,571,4,,,NTDS,"888,D,0,0",,,NTDSA: ,C:\Windows\NTDS\ntds.dit,,,,,,
2026-05-29T22:37:52.618456Z,"{'#attributes': {'Qualifiers': 0}, '#text': 701}",DC01.darkzero.htb,NTDS ISAM,Directory Service,572,4,,,NTDS,"888,D,0,0",,,NTDSA: ,C:\Windows\NTDS\ntds.dit,1,5/29/2026,0,1,1,14
2026-05-29T22:37:52.456024Z,"{'#attributes': {'Qualifiers': 16384}, '#text': 3033}",DC01.darkzero.htb,Microsoft-Windows-ActiveDirectory_DomainService,Directory Service,573,4,,,,,,,,,,,,,,
2026-05-29T22:37:52.456024Z,"{'#attributes': {'Qualifiers': 16384}, '#text': 3027}",DC01.darkzero.htb,Microsoft-Windows-ActiveDirectory_DomainService,Directory Service,574,4,,3600,,,,,,,,,,,,
2026-05-29T22:37:52.464192Z,"{'#attributes': {'Qualifiers': 16384}, '#text': 1869}",DC01.darkzero.htb,Microsoft-Windows-ActiveDirectory_DomainService,Directory Service,575,4,,,\\DC01.darkzero.htb,Default-First-Site-Name,,,,,,,,,,
2026-05-29T22:59:17.550046Z,"{'#attributes': {'Qualifiers': 16384}, '#text': 2179}",DC01.darkzero.htb,Microsoft-Windows-ActiveDirectory_DomainService,Directory Service,576,4,,3847935315796255249,,,,,,,,,,,,
2026-05-29T22:59:17.893447Z,"{'#attributes': {'Qualifiers': 16384}, '#text': 1004}",DC01.darkzero.htb,Microsoft-Windows-ActiveDirectory_DomainService,Directory Service,577,4,,,,,,,,,,,,,,
2026-07-14T12:59:03.557462Z,"{'#attributes': {'Qualifiers': 32768}, '#text': 3051}",DC01.darkzero.htb,Microsoft-Windows-ActiveDirectory_DomainService,Directory Service,578,3,,,,,,,,,,,,,,
2026-07-14T12:59:03.557462Z,"{'#attributes': {'Qualifiers': 32768}, '#text': 3054}",DC01.darkzero.htb,Microsoft-Windows-ActiveDirectory_DomainService,Directory Service,579,3,,,,,,,,,,,,,,
2026-07-14T12:59:04.059432Z,"{'#attributes': {'Qualifiers': 16384}, '#text': 2121}",DC01.darkzero.htb,Microsoft-Windows-ActiveDirectory_DomainService,Directory Service,580,4,,,,,,,,,,,,,,
2026-07-14T12:59:04.059432Z,"{'#attributes': {'Qualifiers': 16384}, '#text': 2406}",DC01.darkzero.htb,Microsoft-Windows-ActiveDirectory_DomainService,Directory Service,581,4,,Recycle Bin Feature,,,,,,,,,,,,
2026-07-14T12:59:04.059432Z,"{'#attributes': {'Qualifiers': 16384}, '#text': 2406}",DC01.darkzero.htb,Microsoft-Windows-ActiveDirectory_DomainService,Directory Service,582,4,,Privileged Access Management Feature,,,,,,,,,,,,
2026-07-14T12:59:04.059432Z,"{'#attributes': {'Qualifiers': 16384}, '#text': 2406}",DC01.darkzero.htb,Microsoft-Windows-ActiveDirectory_DomainService,Directory Service,583,4,,Database 32k Pages Feature,,,,,,,,,,,,
2026-07-14T12:59:04.063493Z,"{'#attributes': {'Qualifiers': 16384}, '#text': 2168}",DC01.darkzero.htb,Microsoft-Windows-ActiveDirectory_DomainService,Directory Service,584,4,,2353878596790439606,,,,,,,,,,,,
2026-07-14T12:59:04.063493Z,"{'#attributes': {'Qualifiers': 16384}, '#text': 2172}",DC01.darkzero.htb,Microsoft-Windows-ActiveDirectory_DomainService,Directory Service,585,4,,3847935315796255249,,,,,,,,,,,,
2026-07-14T12:59:04.063493Z,"{'#attributes': {'Qualifiers': 32768}, '#text': 2170}",DC01.darkzero.htb,Microsoft-Windows-ActiveDirectory_DomainService,Directory Service,586,3,,,3847935315796255249,2353878596790439606,,,,,,,,,,
2026-07-14T12:59:04.072635Z,"{'#attributes': {'Qualifiers': 16384}, '#text': 1109}",DC01.darkzero.htb,Microsoft-Windows-ActiveDirectory_DomainService,Directory Service,587,4,,,9d9c6924-0143-4c7b-9a7a-113a2d0549a9,3047df3a-42f5-4337-9e58-820f01777949,,,90132,,,,,,,
2026-07-14T12:59:04.096581Z,"{'#attributes': {'Qualifiers': 16384}, '#text': 2208}",DC01.darkzero.htb,Microsoft-Windows-ActiveDirectory_DomainService,Directory Service,588,4,,,,,,,,,,,,,,
2026-07-14T12:59:04.108740Z,"{'#attributes': {'Qualifiers': 16384}, '#text': 2179}",DC01.darkzero.htb,Microsoft-Windows-ActiveDirectory_DomainService,Directory Service,589,4,,2353878596790439606,,,,,,,,,,,,
2026-07-14T12:59:04.124460Z,"{'#attributes': {'Qualifiers': 16384}, '#text': 2405}",DC01.darkzero.htb,Microsoft-Windows-ActiveDirectory_DomainService,Directory Service,590,4,,Privileged Access Management Feature,,,,,,,,,,,,
2026-07-14T12:59:04.124460Z,"{'#attributes': {'Qualifiers': 16384}, '#text': 2120}",DC01.darkzero.htb,Microsoft-Windows-ActiveDirectory_DomainService,Directory Service,591,4,,,,,,,,,,,,,,
2026-07-14T12:59:04.124460Z,"{'#attributes': {'Qualifiers': 16384}, '#text': 2405}",DC01.darkzero.htb,Microsoft-Windows-ActiveDirectory_DomainService,Directory Service,592,4,,Recycle Bin Feature,,,,,,,,,,,,
2026-07-14T12:59:04.124460Z,"{'#attributes': {'Qualifiers': 16384}, '#text': 2405}",DC01.darkzero.htb,Microsoft-Windows-ActiveDirectory_DomainService,Directory Service,593,4,,Database 32k Pages Feature,,,,,,,,,,,,
2026-07-14T12:59:14.151074Z,"{'#attributes': {'Qualifiers': 16384}, '#text': 1000}",DC01.darkzero.htb,Microsoft-Windows-ActiveDirectory_DomainService,Directory Service,594,4,,,,,,,,,,,,,,
2026-07-14T12:59:44.165595Z,"{'#attributes': {'Qualifiers': 16384}, '#text': 1394}",DC01.darkzero.htb,Microsoft-Windows-ActiveDirectory_DomainService,Directory Service,595,4,,,,,,,,,,,,,,
2026-07-14T13:14:14.430927Z,"{'#attributes': {'Qualifiers': 0}, '#text': 102}",DC01.darkzero.htb,NTDS ISAM,Directory Service,596,4,,,NTDS,"892,P,98,0",,,NTDSA: ,0,10,00,26100,0000,,
2026-07-14T13:14:14.431779Z,"{'#attributes': {'Qualifiers': 0}, '#text': 105}",DC01.darkzero.htb,NTDS ISAM,Directory Service,597,4,,,NTDS,"892,D,0,0",,,NTDSA: ,0,0.074,"
[1] 0.002597 +J(0) +M(C:0K, Fs:184, WS:716K # 104K, PF:5412K # 2416K, P:5412K)
[2] 0.005310 +J(0) +M(C:64K, Fs:94, WS:364K # 364K, PF:360K # 360K, P:360K)
[3] 0.000534 +J(0) +M(C:0K, Fs:3, WS:12K # 12K, PF:64K # 64K, P:64K)
[4] 0.015711 -0.000368 (1) WT +J(0) +M(C:0K, Fs:154, WS:536K # 536K, PF:6848K # 6848K, P:6848K)
[5] 0.000357 +J(0) +M(C:0K, Fs:2, WS:8K # 8K, PF:8K # 8K, P:8K)
[6] 0.005255 +J(0) +M(C:0K, Fs:21, WS:84K # 84K, PF:16K # 16K, P:16K)
[7] 0.025718 -0.018161 (21) WT +J(0) +M(C:0K, Fs:2578, WS:10288K # 10288K, PF:10260K # 10260K, P:10260K)
[8] -
[9] -
[10] -
[11] -
[12] -
[13] 0.016450 -0.010373 (22) WT +J(CM:0, PgRf:0, Rd:0/0, Dy:0/0, Lg:616/1) +M(C:0K, Fs:14, WS:-10200K # 24K, PF:-10256K # 12K, P:-10256K)
[14] 0.000034 +J(0) +M(C:0K, Fs:1, WS:4K # 0K, PF:0K # 0K, P:0K)
[15] 0.000982 +J(0) +M(C:0K, Fs:615, WS:2460K # 0K, PF:64K # 0K, P:64K)
[16] 0.001097 -0.000647 (1) WT +J(0) +M(C:0K, Fs:2, WS:0K # 0K, PF:0K # 0K, P:0K).","RBSOn = 0
",,,
2026-07-14T13:14:14.432350Z,"{'#attributes': {'Qualifiers': 0}, '#text': 330}",DC01.darkzero.htb,NTDS ISAM,Directory Service,598,4,,,NTDS,"892,D,50,0",,,NTDSA: ,C:\Windows\NTDS\ntds.dit,0x2580 (9600),9600 (0x2580),9620 (0x2594),,,
2026-07-14T13:14:14.432894Z,"{'#attributes': {'Qualifiers': 0}, '#text': 326}",DC01.darkzero.htb,NTDS ISAM,Directory Service,599,4,,,NTDS,"892,D,50,0",,,NTDSA: ,1,C:\Windows\NTDS\ntds.dit,0,"
[1] 0.000008 +J(0) +M(C:0K, Fs:1, WS:4K # 0K, PF:0K # 0K, P:0K)
[2] 0.000915 -0.000499 (1) WT +J(0) +M(C:0K, Fs:26, WS:40K # 0K, PF:32K # 0K, P:32K)
[3] 0.008898 -0.004012 (6) WT +J(CM:0, PgRf:0, Rd:0/0, Dy:0/0, Lg:3480/2) +M(C:0K, Fs:38, WS:116K # 0K, PF:120K # 0K, P:120K)
[4] 0.001079 +J(0) +M(C:0K, Fs:1, WS:4K # 0K, PF:0K # 0K, P:0K)
[5] -
[6] 0.005618 -0.001894 (2) CM -0.001811 (2) WT +J(CM:2, PgRf:2, Rd:0/2, Dy:0/0, Lg:0/0) +M(C:-56K, Fs:66, WS:208K # 0K, PF:148K # 0K, P:148K)
[7] 0.000005 +J(0)
[8] 0.003721 -0.000615 (1) CM -0.000559 (1) WT +J(CM:1, PgRf:1, Rd:4/1, Dy:0/0, Lg:0/0) +M(C:156K, Fs:62, WS:220K # 0K, PF:352K # 0K, P:352K)
[9] -
[10] -
[11] -
[12] 0.000345 +J(CM:0, PgRf:0, Rd:0/0, Dy:0/0, Lg:54/1) +M(C:0K, Fs:3, WS:12K # 0K, PF:20K # 0K, P:20K)
[13] 0.005966 -0.003886 (3) CM -0.003755 (3) WT +J(CM:3, PgRf:23, Rd:0/3, Dy:0/0, Lg:0/0) +M(C:-88K, Fs:34, WS:28K # 0K, PF:-56K # 0K, P:-56K)
[14] 0.003003 -0.002673 (3) CM -0.002551 (3) WT +J(CM:3, PgRf:40, Rd:0/3, Dy:0/0, Lg:0/0) +M(C:-24K, Fs:16, WS:-12K # 0K, PF:40K # 0K, P:40K)
[15] 0.000758 -0.000673 (1) CM -0.000621 (1) WT +J(CM:1, PgRf:1, Rd:0/1, Dy:0/0, Lg:0/0) +M(C:-8K, Fs:5, WS:-8K # 0K, PF:-8K # 0K, P:-8K)
[16] 0.000025 +J(CM:0, PgRf:1, Rd:0/0, Dy:0/0, Lg:0/0) +M(C:0K, Fs:1, WS:4K # 0K, PF:0K # 0K, P:0K)
[17] 0.001256 -0.001093 (1) CM -0.001049 (1) WT +J(CM:1, PgRf:48, Rd:0/1, Dy:0/0, Lg:0/0) +M(C:0K, Fs:13, WS:24K # 0K, PF:0K # 0K, P:0K)
[18] 0.000002 +J(0)
[19] 0.0 +J(0)
[20] 0.000727 -0.000633 (1) CM -0.000594 (1) WT +J(CM:1, PgRf:2, Rd:0/1, Dy:0/0, Lg:0/0) +M(C:0K, Fs:10, WS:12K # 0K, PF:0K # 0K, P:0K).",0 0,"lgposAttach = 00000003:001A:0268,
dbv = 1568.290.600 (9600)",
2026-07-14T13:14:14.437155Z,"{'#attributes': {'Qualifiers': 0}, '#text': 330}",DC01.darkzero.htb,NTDS ISAM,Directory Service,600,4,,,NTDS,"892,D,2,0",,,NTDSA: ,C:\Windows\NTDS\temp.edb,0x2580 (9600),9600 (0x2580),9620 (0x2594),,,
2026-07-14T13:14:14.437708Z,"{'#attributes': {'Qualifiers': 0}, '#text': 700}",DC01.darkzero.htb,NTDS ISAM,Directory Service,601,4,,,NTDS,"892,D,0,0",,,NTDSA: ,C:\Windows\NTDS\ntds.dit,,,,,,
2026-07-14T13:14:14.585910Z,"{'#attributes': {'Qualifiers': 0}, '#text': 701}",DC01.darkzero.htb,NTDS ISAM,Directory Service,602,4,,,NTDS,"892,D,0,0",,,NTDSA: ,C:\Windows\NTDS\ntds.dit,0,7/14/2026,0,1,1,15
2026-07-14T13:14:14.416134Z,"{'#attributes': {'Qualifiers': 16384}, '#text': 3033}",DC01.darkzero.htb,Microsoft-Windows-ActiveDirectory_DomainService,Directory Service,603,4,,,,,,,,,,,,,,
2026-07-14T13:14:14.416134Z,"{'#attributes': {'Qualifiers': 16384}, '#text': 3027}",DC01.darkzero.htb,Microsoft-Windows-ActiveDirectory_DomainService,Directory Service,604,4,,3600,,,,,,,,,,,,
2026-07-14T13:14:14.433353Z,"{'#attributes': {'Qualifiers': 16384}, '#text': 1869}",DC01.darkzero.htb,Microsoft-Windows-ActiveDirectory_DomainService,Directory Service,605,4,,,\\DC01.darkzero.htb,Default-First-Site-Name,,,,,,,,,,
2026-07-14T13:59:14.197212Z,"{'#attributes': {'Qualifiers': 32768}, '#text': 2089}",DC01.darkzero.htb,Microsoft-Windows-ActiveDirectory_DomainService,Directory Service,606,3,,,"DC=darkzero,DC=htb",90,,,System\CurrentControlSet\Services\NTDS\Parameters,Backup Latency Threshold (days),,,,,,
2026-07-14T13:59:14.197212Z,"{'#attributes': {'Qualifiers': 32768}, '#text': 2089}",DC01.darkzero.htb,Microsoft-Windows-ActiveDirectory_DomainService,Directory Service,607,3,,,"CN=Configuration,DC=darkzero,DC=htb",90,,,System\CurrentControlSet\Services\NTDS\Parameters,Backup Latency Threshold (days),,,,,,
2026-07-14T13:59:14.198756Z,"{'#attributes': {'Qualifiers': 32768}, '#text': 2089}",DC01.darkzero.htb,Microsoft-Windows-ActiveDirectory_DomainService,Directory Service,608,3,,,"CN=Schema,CN=Configuration,DC=darkzero,DC=htb",90,,,System\CurrentControlSet\Services\NTDS\Parameters,Backup Latency Threshold (days),,,,,,
2026-07-14T13:59:14.198756Z,"{'#attributes': {'Qualifiers': 32768}, '#text': 2089}",DC01.darkzero.htb,Microsoft-Windows-ActiveDirectory_DomainService,Directory Service,609,3,,,"DC=DomainDnsZones,DC=darkzero,DC=htb",90,,,System\CurrentControlSet\Services\NTDS\Parameters,Backup Latency Threshold (days),,,,,,
2026-07-14T13:59:14.198756Z,"{'#attributes': {'Qualifiers': 32768}, '#text': 2089}",DC01.darkzero.htb,Microsoft-Windows-ActiveDirectory_DomainService,Directory Service,610,3,,,"DC=ForestDnsZones,DC=darkzero,DC=htb",90,,,System\CurrentControlSet\Services\NTDS\Parameters,Backup Latency Threshold (days),,,,,,
2026-07-14T14:06:59.521747Z,"{'#attributes': {'Qualifiers': 16384}, '#text': 2179}",DC01.darkzero.htb,Microsoft-Windows-ActiveDirectory_DomainService,Directory Service,611,4,,2353878596790439606,,,,,,,,,,,,
2026-07-14T14:06:59.872338Z,"{'#attributes': {'Qualifiers': 16384}, '#text': 1004}",DC01.darkzero.htb,Microsoft-Windows-ActiveDirectory_DomainService,Directory Service,612,4,,,,,,,,,,,,,,
2026-07-14T14:15:31.959481Z,"{'#attributes': {'Qualifiers': 32768}, '#text': 3051}",DC01.darkzero.htb,Microsoft-Windows-ActiveDirectory_DomainService,Directory Service,613,3,,,,,,,,,,,,,,
2026-07-14T14:15:31.959481Z,"{'#attributes': {'Qualifiers': 32768}, '#text': 3054}",DC01.darkzero.htb,Microsoft-Windows-ActiveDirectory_DomainService,Directory Service,614,3,,,,,,,,,,,,,,
2026-07-14T14:15:32.181529Z,"{'#attributes': {'Qualifiers': 16384}, '#text': 2121}",DC01.darkzero.htb,Microsoft-Windows-ActiveDirectory_DomainService,Directory Service,615,4,,,,,,,,,,,,,,
2026-07-14T14:15:32.181529Z,"{'#attributes': {'Qualifiers': 16384}, '#text': 2406}",DC01.darkzero.htb,Microsoft-Windows-ActiveDirectory_DomainService,Directory Service,616,4,,Recycle Bin Feature,,,,,,,,,,,,
2026-07-14T14:15:32.181529Z,"{'#attributes': {'Qualifiers': 16384}, '#text': 2406}",DC01.darkzero.htb,Microsoft-Windows-ActiveDirectory_DomainService,Directory Service,617,4,,Privileged Access Management Feature,,,,,,,,,,,,
2026-07-14T14:15:32.181529Z,"{'#attributes': {'Qualifiers': 16384}, '#text': 2406}",DC01.darkzero.htb,Microsoft-Windows-ActiveDirectory_DomainService,Directory Service,618,4,,Database 32k Pages Feature,,,,,,,,,,,,
2026-07-14T14:15:32.183553Z,"{'#attributes': {'Qualifiers': 16384}, '#text': 2168}",DC01.darkzero.htb,Microsoft-Windows-ActiveDirectory_DomainService,Directory Service,619,4,,2353878596790439606,,,,,,,,,,,,
2026-07-14T14:15:32.183553Z,"{'#attributes': {'Qualifiers': 16384}, '#text': 2172}",DC01.darkzero.htb,Microsoft-Windows-ActiveDirectory_DomainService,Directory Service,620,4,,2353878596790439606,,,,,,,,,,,,
2026-07-14T14:15:32.196959Z,"{'#attributes': {'Qualifiers': 16384}, '#text': 2405}",DC01.darkzero.htb,Microsoft-Windows-ActiveDirectory_DomainService,Directory Service,621,4,,Privileged Access Management Feature,,,,,,,,,,,,
2026-07-14T14:15:32.199245Z,"{'#attributes': {'Qualifiers': 16384}, '#text': 2120}",DC01.darkzero.htb,Microsoft-Windows-ActiveDirectory_DomainService,Directory Service,622,4,,,,,,,,,,,,,,
2026-07-14T14:15:32.199245Z,"{'#attributes': {'Qualifiers': 16384}, '#text': 2405}",DC01.darkzero.htb,Microsoft-Windows-ActiveDirectory_DomainService,Directory Service,623,4,,Recycle Bin Feature,,,,,,,,,,,,
2026-07-14T14:15:32.199245Z,"{'#attributes': {'Qualifiers': 16384}, '#text': 2405}",DC01.darkzero.htb,Microsoft-Windows-ActiveDirectory_DomainService,Directory Service,624,4,,Database 32k Pages Feature,,,,,,,,,,,,
2026-07-14T14:15:42.215913Z,"{'#attributes': {'Qualifiers': 16384}, '#text': 1000}",DC01.darkzero.htb,Microsoft-Windows-ActiveDirectory_DomainService,Directory Service,625,4,,,,,,,,,,,,,,
2026-07-14T14:16:12.235453Z,"{'#attributes': {'Qualifiers': 16384}, '#text': 1394}",DC01.darkzero.htb,Microsoft-Windows-ActiveDirectory_DomainService,Directory Service,626,4,,,,,,,,,,,,,,
2026-07-14T14:30:42.470747Z,"{'#attributes': {'Qualifiers': 0}, '#text': 102}",DC01.darkzero.htb,NTDS ISAM,Directory Service,627,4,,,NTDS,"880,P,98,0",,,NTDSA: ,0,10,00,26100,0000,,
2026-07-14T14:30:42.475869Z,"{'#attributes': {'Qualifiers': 0}, '#text': 105}",DC01.darkzero.htb,NTDS ISAM,Directory Service,628,4,,,NTDS,"880,D,0,0",,,NTDSA: ,0,0.082,"
[1] 0.002091 +J(0) +M(C:0K, Fs:184, WS:712K # 100K, PF:5416K # 2416K, P:5416K)
[2] 0.005002 +J(0) +M(C:64K, Fs:93, WS:364K # 364K, PF:356K # 356K, P:356K)
[3] 0.000543 +J(0) +M(C:0K, Fs:4, WS:12K # 12K, PF:68K # 68K, P:68K)
[4] 0.014802 -0.000337 (1) WT +J(0) +M(C:0K, Fs:153, WS:540K # 540K, PF:6852K # 6852K, P:6852K)
[5] 0.000369 +J(0)
[6] 0.006080 +J(0) +M(C:0K, Fs:23, WS:88K # 88K, PF:20K # 20K, P:20K)
[7] 0.033430 -0.025623 (21) WT +J(0) +M(C:0K, Fs:2577, WS:10288K # 10288K, PF:10260K # 10260K, P:10260K)
[8] -
[9] -
[10] -
[11] -
[12] -
[13] 0.018446 -0.013270 (22) WT +J(CM:0, PgRf:0, Rd:0/0, Dy:0/0, Lg:616/1) +M(C:0K, Fs:13, WS:-10200K # 24K, PF:-10256K # 12K, P:-10256K)
[14] 0.000028 +J(0) +M(C:0K, Fs:1, WS:4K # 0K, PF:0K # 0K, P:0K)
[15] 0.000920 +J(0) +M(C:0K, Fs:617, WS:2460K # 0K, PF:68K # 0K, P:68K)
[16] 0.000698 -0.000447 (1) WT +J(0) +M(C:0K, Fs:2, WS:0K # 0K, PF:0K # 0K, P:0K).","RBSOn = 0
",,,
2026-07-14T14:30:42.476243Z,"{'#attributes': {'Qualifiers': 0}, '#text': 330}",DC01.darkzero.htb,NTDS ISAM,Directory Service,629,4,,,NTDS,"880,D,50,0",,,NTDSA: ,C:\Windows\NTDS\ntds.dit,0x2580 (9600),9600 (0x2580),9620 (0x2594),,,
2026-07-14T14:30:42.476756Z,"{'#attributes': {'Qualifiers': 0}, '#text': 326}",DC01.darkzero.htb,NTDS ISAM,Directory Service,630,4,,,NTDS,"880,D,50,0",,,NTDSA: ,1,C:\Windows\NTDS\ntds.dit,0,"
[1] 0.000006 +J(0) +M(C:0K, Fs:1, WS:4K # 0K, PF:0K # 0K, P:0K)
[2] 0.000684 -0.000361 (1) WT +J(0) +M(C:0K, Fs:27, WS:44K # 0K, PF:36K # 0K, P:36K)
[3] 0.008269 -0.003322 (6) WT +J(CM:0, PgRf:0, Rd:0/0, Dy:0/0, Lg:3480/2) +M(C:0K, Fs:39, WS:120K # 0K, PF:124K # 0K, P:124K)
[4] 0.001094 +J(0) +M(C:0K, Fs:1, WS:4K # 0K, PF:0K # 0K, P:0K)
[5] -
[6] 0.007755 -0.002194 (2) CM -0.002112 (2) WT +J(CM:2, PgRf:2, Rd:0/2, Dy:0/0, Lg:0/0) +M(C:-56K, Fs:66, WS:208K # 0K, PF:148K # 0K, P:148K)
[7] 0.000006 +J(0)
[8] 0.003789 -0.000837 (1) CM -0.000786 (1) WT +J(CM:1, PgRf:1, Rd:4/1, Dy:0/0, Lg:0/0) +M(C:156K, Fs:70, WS:252K # 0K, PF:352K # 0K, P:352K)
[9] -
[10] -
[11] -
[12] 0.000428 +J(CM:0, PgRf:0, Rd:0/0, Dy:0/0, Lg:54/1) +M(C:0K, Fs:3, WS:12K # 0K, PF:20K # 0K, P:20K)
[13] 0.005499 -0.003523 (3) CM -0.003395 (3) WT +J(CM:3, PgRf:23, Rd:0/3, Dy:0/0, Lg:0/0) +M(C:-88K, Fs:28, WS:-4K # 0K, PF:-56K # 0K, P:-56K)
[14] 0.003481 -0.003131 (4) CM -0.002983 (4) WT +J(CM:4, PgRf:40, Rd:0/4, Dy:0/0, Lg:0/0) +M(C:-24K, Fs:23, WS:-12K # 0K, PF:40K # 0K, P:40K)
[15] 0.000668 -0.000606 (1) CM -0.000565 (1) WT +J(CM:1, PgRf:1, Rd:0/1, Dy:0/0, Lg:0/0) +M(C:-8K, Fs:5, WS:-8K # 0K, PF:-8K # 0K, P:-8K)
[16] 0.000023 +J(CM:0, PgRf:1, Rd:0/0, Dy:0/0, Lg:0/0) +M(C:0K, Fs:1, WS:4K # 0K, PF:0K # 0K, P:0K)
[17] 0.000144 +J(CM:0, PgRf:48, Rd:0/0, Dy:0/0, Lg:0/0) +M(C:0K, Fs:6, WS:24K # 0K, PF:0K # 0K, P:0K)
[18] 0.000001 +J(0)
[19] 0.0 +J(0)
[20] 0.000028 +J(CM:0, PgRf:2, Rd:0/0, Dy:0/0, Lg:0/0) +M(C:0K, Fs:3, WS:12K # 0K, PF:0K # 0K, P:0K).",0 0,"lgposAttach = 00000003:0053:0268,
dbv = 1568.290.600 (9600)",
2026-07-14T14:30:42.477124Z,"{'#attributes': {'Qualifiers': 0}, '#text': 330}",DC01.darkzero.htb,NTDS ISAM,Directory Service,631,4,,,NTDS,"880,D,2,0",,,NTDSA: ,C:\Windows\NTDS\temp.edb,0x2580 (9600),9600 (0x2580),9620 (0x2594),,,
2026-07-14T14:30:42.477402Z,"{'#attributes': {'Qualifiers': 0}, '#text': 700}",DC01.darkzero.htb,NTDS ISAM,Directory Service,632,4,,,NTDS,"880,D,0,0",,,NTDSA: ,C:\Windows\NTDS\ntds.dit,,,,,,
2026-07-14T14:30:42.620527Z,"{'#attributes': {'Qualifiers': 0}, '#text': 701}",DC01.darkzero.htb,NTDS ISAM,Directory Service,633,4,,,NTDS,"880,D,0,0",,,NTDSA: ,C:\Windows\NTDS\ntds.dit,0,7/14/2026,0,1,1,16
2026-07-14T14:30:42.466470Z,"{'#attributes': {'Qualifiers': 16384}, '#text': 3033}",DC01.darkzero.htb,Microsoft-Windows-ActiveDirectory_DomainService,Directory Service,634,4,,,,,,,,,,,,,,
2026-07-14T14:30:42.466470Z,"{'#attributes': {'Qualifiers': 16384}, '#text': 3027}",DC01.darkzero.htb,Microsoft-Windows-ActiveDirectory_DomainService,Directory Service,635,4,,3600,,,,,,,,,,,,
2026-07-14T14:30:42.475092Z,"{'#attributes': {'Qualifiers': 16384}, '#text': 1869}",DC01.darkzero.htb,Microsoft-Windows-ActiveDirectory_DomainService,Directory Service,636,4,,,\\DC01.darkzero.htb,Default-First-Site-Name,,,,,,,,,,
2026-07-14T15:15:42.247082Z,"{'#attributes': {'Qualifiers': 32768}, '#text': 2089}",DC01.darkzero.htb,Microsoft-Windows-ActiveDirectory_DomainService,Directory Service,637,3,,,"DC=darkzero,DC=htb",90,,,System\CurrentControlSet\Services\NTDS\Parameters,Backup Latency Threshold (days),,,,,,
2026-07-14T15:15:42.247082Z,"{'#attributes': {'Qualifiers': 32768}, '#text': 2089}",DC01.darkzero.htb,Microsoft-Windows-ActiveDirectory_DomainService,Directory Service,638,3,,,"CN=Configuration,DC=darkzero,DC=htb",90,,,System\CurrentControlSet\Services\NTDS\Parameters,Backup Latency Threshold (days),,,,,,
2026-07-14T15:15:42.247082Z,"{'#attributes': {'Qualifiers': 32768}, '#text': 2089}",DC01.darkzero.htb,Microsoft-Windows-ActiveDirectory_DomainService,Directory Service,639,3,,,"CN=Schema,CN=Configuration,DC=darkzero,DC=htb",90,,,System\CurrentControlSet\Services\NTDS\Parameters,Backup Latency Threshold (days),,,,,,
2026-07-14T15:15:42.247082Z,"{'#attributes': {'Qualifiers': 32768}, '#text': 2089}",DC01.darkzero.htb,Microsoft-Windows-ActiveDirectory_DomainService,Directory Service,640,3,,,"DC=DomainDnsZones,DC=darkzero,DC=htb",90,,,System\CurrentControlSet\Services\NTDS\Parameters,Backup Latency Threshold (days),,,,,,
2026-07-14T15:15:42.248659Z,"{'#attributes': {'Qualifiers': 32768}, '#text': 2089}",DC01.darkzero.htb,Microsoft-Windows-ActiveDirectory_DomainService,Directory Service,641,3,,,"DC=ForestDnsZones,DC=darkzero,DC=htb",90,,,System\CurrentControlSet\Services\NTDS\Parameters,Backup Latency Threshold (days),,,,,,
2026-07-14T16:09:21.741564Z,"{'#attributes': {'Qualifiers': 16384}, '#text': 2179}",DC01.darkzero.htb,Microsoft-Windows-ActiveDirectory_DomainService,Directory Service,642,4,,2353878596790439606,,,,,,,,,,,,
2026-07-14T16:09:23.454159Z,"{'#attributes': {'Qualifiers': 16384}, '#text': 1004}",DC01.darkzero.htb,Microsoft-Windows-ActiveDirectory_DomainService,Directory Service,643,4,,,,,,,,,,,,,,
2026-07-14T16:09:55.749908Z,"{'#attributes': {'Qualifiers': 32768}, '#text': 3051}",DC01.darkzero.htb,Microsoft-Windows-ActiveDirectory_DomainService,Directory Service,644,3,,,,,,,,,,,,,,
2026-07-14T16:09:55.749908Z,"{'#attributes': {'Qualifiers': 32768}, '#text': 3054}",DC01.darkzero.htb,Microsoft-Windows-ActiveDirectory_DomainService,Directory Service,645,3,,,,,,,,,,,,,,
2026-07-14T16:09:55.935077Z,"{'#attributes': {'Qualifiers': 16384}, '#text': 2121}",DC01.darkzero.htb,Microsoft-Windows-ActiveDirectory_DomainService,Directory Service,646,4,,,,,,,,,,,,,,
2026-07-14T16:09:55.935077Z,"{'#attributes': {'Qualifiers': 16384}, '#text': 2406}",DC01.darkzero.htb,Microsoft-Windows-ActiveDirectory_DomainService,Directory Service,647,4,,Recycle Bin Feature,,,,,,,,,,,,
2026-07-14T16:09:55.935077Z,"{'#attributes': {'Qualifiers': 16384}, '#text': 2406}",DC01.darkzero.htb,Microsoft-Windows-ActiveDirectory_DomainService,Directory Service,648,4,,Privileged Access Management Feature,,,,,,,,,,,,
2026-07-14T16:09:55.935077Z,"{'#attributes': {'Qualifiers': 16384}, '#text': 2406}",DC01.darkzero.htb,Microsoft-Windows-ActiveDirectory_DomainService,Directory Service,649,4,,Database 32k Pages Feature,,,,,,,,,,,,
2026-07-14T16:09:55.937116Z,"{'#attributes': {'Qualifiers': 16384}, '#text': 2168}",DC01.darkzero.htb,Microsoft-Windows-ActiveDirectory_DomainService,Directory Service,650,4,,2353878596790439606,,,,,,,,,,,,
2026-07-14T16:09:55.937116Z,"{'#attributes': {'Qualifiers': 16384}, '#text': 2172}",DC01.darkzero.htb,Microsoft-Windows-ActiveDirectory_DomainService,Directory Service,651,4,,2353878596790439606,,,,,,,,,,,,
2026-07-14T16:09:55.952889Z,"{'#attributes': {'Qualifiers': 16384}, '#text': 2120}",DC01.darkzero.htb,Microsoft-Windows-ActiveDirectory_DomainService,Directory Service,652,4,,,,,,,,,,,,,,
2026-07-14T16:09:55.952889Z,"{'#attributes': {'Qualifiers': 16384}, '#text': 2405}",DC01.darkzero.htb,Microsoft-Windows-ActiveDirectory_DomainService,Directory Service,653,4,,Recycle Bin Feature,,,,,,,,,,,,
2026-07-14T16:09:55.952889Z,"{'#attributes': {'Qualifiers': 16384}, '#text': 2405}",DC01.darkzero.htb,Microsoft-Windows-ActiveDirectory_DomainService,Directory Service,654,4,,Privileged Access Management Feature,,,,,,,,,,,,
2026-07-14T16:09:55.954923Z,"{'#attributes': {'Qualifiers': 16384}, '#text': 2405}",DC01.darkzero.htb,Microsoft-Windows-ActiveDirectory_DomainService,Directory Service,655,4,,Database 32k Pages Feature,,,,,,,,,,,,
2026-07-14T16:10:05.965747Z,"{'#attributes': {'Qualifiers': 16384}, '#text': 1000}",DC01.darkzero.htb,Microsoft-Windows-ActiveDirectory_DomainService,Directory Service,656,4,,,,,,,,,,,,,,
2026-07-14T16:10:35.974230Z,"{'#attributes': {'Qualifiers': 16384}, '#text': 1394}",DC01.darkzero.htb,Microsoft-Windows-ActiveDirectory_DomainService,Directory Service,657,4,,,,,,,,,,,,,,
2026-07-14T16:10:47.643440Z,"{'#attributes': {'Qualifiers': 16384}, '#text': 2179}",DC01.darkzero.htb,Microsoft-Windows-ActiveDirectory_DomainService,Directory Service,658,4,,2353878596790439606,,,,,,,,,,,,
2026-07-14T16:10:47.782550Z,"{'#attributes': {'Qualifiers': 16384}, '#text': 1004}",DC01.darkzero.htb,Microsoft-Windows-ActiveDirectory_DomainService,Directory Service,659,4,,,,,,,,,,,,,,
2026-07-14T16:11:17.054599Z,"{'#attributes': {'Qualifiers': 32768}, '#text': 3051}",DC01.darkzero.htb,Microsoft-Windows-ActiveDirectory_DomainService,Directory Service,660,3,,,,,,,,,,,,,,
2026-07-14T16:11:17.054599Z,"{'#attributes': {'Qualifiers': 32768}, '#text': 3054}",DC01.darkzero.htb,Microsoft-Windows-ActiveDirectory_DomainService,Directory Service,661,3,,,,,,,,,,,,,,
2026-07-14T16:11:17.264438Z,"{'#attributes': {'Qualifiers': 16384}, '#text': 2121}",DC01.darkzero.htb,Microsoft-Windows-ActiveDirectory_DomainService,Directory Service,662,4,,,,,,,,,,,,,,
2026-07-14T16:11:17.264438Z,"{'#attributes': {'Qualifiers': 16384}, '#text': 2406}",DC01.darkzero.htb,Microsoft-Windows-ActiveDirectory_DomainService,Directory Service,663,4,,Recycle Bin Feature,,,,,,,,,,,,
2026-07-14T16:11:17.264438Z,"{'#attributes': {'Qualifiers': 16384}, '#text': 2406}",DC01.darkzero.htb,Microsoft-Windows-ActiveDirectory_DomainService,Directory Service,664,4,,Privileged Access Management Feature,,,,,,,,,,,,
2026-07-14T16:11:17.264438Z,"{'#attributes': {'Qualifiers': 16384}, '#text': 2406}",DC01.darkzero.htb,Microsoft-Windows-ActiveDirectory_DomainService,Directory Service,665,4,,Database 32k Pages Feature,,,,,,,,,,,,
2026-07-14T16:11:17.268510Z,"{'#attributes': {'Qualifiers': 16384}, '#text': 2168}",DC01.darkzero.htb,Microsoft-Windows-ActiveDirectory_DomainService,Directory Service,666,4,,2353878596790439606,,,,,,,,,,,,
2026-07-14T16:11:17.268510Z,"{'#attributes': {'Qualifiers': 16384}, '#text': 2172}",DC01.darkzero.htb,Microsoft-Windows-ActiveDirectory_DomainService,Directory Service,667,4,,2353878596790439606,,,,,,,,,,,,
2026-07-14T16:11:17.285784Z,"{'#attributes': {'Qualifiers': 16384}, '#text': 2120}",DC01.darkzero.htb,Microsoft-Windows-ActiveDirectory_DomainService,Directory Service,668,4,,,,,,,,,,,,,,
2026-07-14T16:11:17.285784Z,"{'#attributes': {'Qualifiers': 16384}, '#text': 2405}",DC01.darkzero.htb,Microsoft-Windows-ActiveDirectory_DomainService,Directory Service,669,4,,Recycle Bin Feature,,,,,,,,,,,,
2026-07-14T16:11:17.285784Z,"{'#attributes': {'Qualifiers': 16384}, '#text': 2405}",DC01.darkzero.htb,Microsoft-Windows-ActiveDirectory_DomainService,Directory Service,670,4,,Privileged Access Management Feature,,,,,,,,,,,,
2026-07-14T16:11:17.285784Z,"{'#attributes': {'Qualifiers': 16384}, '#text': 2405}",DC01.darkzero.htb,Microsoft-Windows-ActiveDirectory_DomainService,Directory Service,671,4,,Database 32k Pages Feature,,,,,,,,,,,,
2026-07-14T16:11:27.292980Z,"{'#attributes': {'Qualifiers': 16384}, '#text': 1000}",DC01.darkzero.htb,Microsoft-Windows-ActiveDirectory_DomainService,Directory Service,672,4,,,,,,,,,,,,,,
2026-07-14T16:11:57.312178Z,"{'#attributes': {'Qualifiers': 16384}, '#text': 1394}",DC01.darkzero.htb,Microsoft-Windows-ActiveDirectory_DomainService,Directory Service,673,4,,,,,,,,,,,,,,
2026-07-14T16:26:27.587954Z,"{'#attributes': {'Qualifiers': 0}, '#text': 102}",DC01.darkzero.htb,NTDS ISAM,Directory Service,674,4,,,NTDS,"892,P,98,0",,,NTDSA: ,0,10,00,26100,0000,,
2026-07-14T16:26:27.588588Z,"{'#attributes': {'Qualifiers': 0}, '#text': 105}",DC01.darkzero.htb,NTDS ISAM,Directory Service,675,4,,,NTDS,"892,D,0,0",,,NTDSA: ,0,0.098,"
[1] 0.001860 +J(0) +M(C:0K, Fs:185, WS:716K # 108K, PF:5420K # 2416K, P:5420K)
[2] 0.005294 +J(0) +M(C:64K, Fs:93, WS:364K # 364K, PF:356K # 356K, P:356K)
[3] 0.000450 +J(0) +M(C:0K, Fs:4, WS:12K # 12K, PF:68K # 68K, P:68K)
[4] 0.013502 -0.000612 (1) WT +J(0) +M(C:0K, Fs:140, WS:488K # 488K, PF:6832K # 6832K, P:6832K)
[5] 0.000338 +J(0)
[6] 0.005461 +J(0) +M(C:0K, Fs:22, WS:84K # 84K, PF:16K # 16K, P:16K)
[7] 0.046835 -0.038885 (21) WT +J(0) +M(C:0K, Fs:2577, WS:10288K # 10288K, PF:10260K # 10260K, P:10260K)
[8] -
[9] -
[10] -
[11] -
[12] -
[13] 0.022375 -0.016877 (22) WT +J(CM:0, PgRf:0, Rd:0/0, Dy:0/0, Lg:616/1) +M(C:0K, Fs:14, WS:-10200K # 24K, PF:-10256K # 16K, P:-10256K)
[14] 0.000028 +J(0) +M(C:0K, Fs:1, WS:4K # 0K, PF:0K # 0K, P:0K)
[15] 0.001100 +J(0) +M(C:0K, Fs:616, WS:2460K # 0K, PF:68K # 0K, P:68K)
[16] 0.000614 -0.000314 (1) WT +J(0) +M(C:0K, Fs:3, WS:4K # 0K, PF:4K # 0K, P:4K).","RBSOn = 0
",,,
2026-07-14T16:26:27.588913Z,"{'#attributes': {'Qualifiers': 0}, '#text': 330}",DC01.darkzero.htb,NTDS ISAM,Directory Service,676,4,,,NTDS,"892,D,50,0",,,NTDSA: ,C:\Windows\NTDS\ntds.dit,0x2580 (9600),9600 (0x2580),9620 (0x2594),,,
2026-07-14T16:26:27.589238Z,"{'#attributes': {'Qualifiers': 0}, '#text': 326}",DC01.darkzero.htb,NTDS ISAM,Directory Service,677,4,,,NTDS,"892,D,50,0",,,NTDSA: ,1,C:\Windows\NTDS\ntds.dit,0,"
[1] 0.000006 +J(0) +M(C:0K, Fs:1, WS:4K # 0K, PF:0K # 0K, P:0K)
[2] 0.000836 -0.000547 (1) WT +J(0) +M(C:0K, Fs:26, WS:40K # 0K, PF:32K # 0K, P:32K)
[3] 0.008912 -0.003990 (6) WT +J(CM:0, PgRf:0, Rd:0/0, Dy:0/0, Lg:3480/2) +M(C:0K, Fs:38, WS:120K # 0K, PF:120K # 0K, P:120K)
[4] 0.001178 +J(0) +M(C:0K, Fs:1, WS:4K # 0K, PF:0K # 0K, P:0K)
[5] -
[6] 0.006482 -0.002289 (2) CM -0.002206 (2) WT +J(CM:2, PgRf:2, Rd:0/2, Dy:0/0, Lg:0/0) +M(C:-56K, Fs:65, WS:204K # 0K, PF:144K # 0K, P:144K)
[7] 0.000005 +J(0)
[8] 0.003839 -0.000628 (1) CM -0.000574 (1) WT +J(CM:1, PgRf:1, Rd:4/1, Dy:0/0, Lg:0/0) +M(C:156K, Fs:62, WS:220K # 0K, PF:352K # 0K, P:352K)
[9] -
[10] -
[11] -
[12] 0.000357 +J(CM:0, PgRf:0, Rd:0/0, Dy:0/0, Lg:54/1) +M(C:0K, Fs:4, WS:16K # 0K, PF:24K # 0K, P:24K)
[13] 0.005812 -0.003803 (3) CM -0.003682 (3) WT +J(CM:3, PgRf:23, Rd:0/3, Dy:0/0, Lg:0/0) +M(C:-88K, Fs:34, WS:28K # 0K, PF:-56K # 0K, P:-56K)
[14] 0.003174 -0.002668 (3) CM -0.002549 (3) WT +J(CM:3, PgRf:40, Rd:0/3, Dy:0/0, Lg:0/0) +M(C:-24K, Fs:16, WS:-12K # 0K, PF:40K # 0K, P:40K)
[15] 0.000877 -0.000763 (1) CM -0.000669 (1) WT +J(CM:1, PgRf:1, Rd:0/1, Dy:0/0, Lg:0/0) +M(C:-8K, Fs:5, WS:-8K # 0K, PF:-8K # 0K, P:-8K)
[16] 0.000026 +J(CM:0, PgRf:1, Rd:0/0, Dy:0/0, Lg:0/0) +M(C:0K, Fs:1, WS:4K # 0K, PF:0K # 0K, P:0K)
[17] 0.001269 -0.001084 (1) CM -0.001035 (1) WT +J(CM:1, PgRf:48, Rd:0/1, Dy:0/0, Lg:0/0) +M(C:0K, Fs:13, WS:24K # 0K, PF:0K # 0K, P:0K)
[18] 0.000002 +J(0)
[19] 0.0 +J(0)
[20] 0.000736 -0.000628 (1) CM -0.000585 (1) WT +J(CM:1, PgRf:2, Rd:0/1, Dy:0/0, Lg:0/0) +M(C:0K, Fs:10, WS:12K # 0K, PF:0K # 0K, P:0K).",0 0,"lgposAttach = 00000003:0078:0268,
dbv = 1568.290.600 (9600)",
2026-07-14T16:26:27.589719Z,"{'#attributes': {'Qualifiers': 0}, '#text': 330}",DC01.darkzero.htb,NTDS ISAM,Directory Service,678,4,,,NTDS,"892,D,2,0",,,NTDSA: ,C:\Windows\NTDS\temp.edb,0x2580 (9600),9600 (0x2580),9620 (0x2594),,,
2026-07-14T16:26:27.590180Z,"{'#attributes': {'Qualifiers': 0}, '#text': 700}",DC01.darkzero.htb,NTDS ISAM,Directory Service,679,4,,,NTDS,"892,D,0,0",,,NTDSA: ,C:\Windows\NTDS\ntds.dit,,,,,,
2026-07-14T16:26:27.737906Z,"{'#attributes': {'Qualifiers': 0}, '#text': 701}",DC01.darkzero.htb,NTDS ISAM,Directory Service,680,4,,,NTDS,"892,D,0,0",,,NTDSA: ,C:\Windows\NTDS\ntds.dit,0,7/14/2026,0,1,1,17
2026-07-14T16:26:27.339469Z,"{'#attributes': {'Qualifiers': 16384}, '#text': 1869}",DC01.darkzero.htb,Microsoft-Windows-ActiveDirectory_DomainService,Directory Service,681,4,,,\\DC01.darkzero.htb,Default-First-Site-Name,,,,,,,,,,
2026-07-14T16:26:27.583149Z,"{'#attributes': {'Qualifiers': 16384}, '#text': 3033}",DC01.darkzero.htb,Microsoft-Windows-ActiveDirectory_DomainService,Directory Service,682,4,,,,,,,,,,,,,,
2026-07-14T16:26:27.583149Z,"{'#attributes': {'Qualifiers': 16384}, '#text': 3027}",DC01.darkzero.htb,Microsoft-Windows-ActiveDirectory_DomainService,Directory Service,683,4,,3600,,,,,,,,,,,,
2026-07-14T16:27:15.566226Z,"{'#attributes': {'Qualifiers': 16384}, '#text': 2179}",DC01.darkzero.htb,Microsoft-Windows-ActiveDirectory_DomainService,Directory Service,684,4,,2353878596790439606,,,,,,,,,,,,
2026-07-14T16:27:15.736058Z,"{'#attributes': {'Qualifiers': 16384}, '#text': 1004}",DC01.darkzero.htb,Microsoft-Windows-ActiveDirectory_DomainService,Directory Service,685,4,,,,,,,,,,,,,,
2026-07-14T16:43:36.445984Z,"{'#attributes': {'Qualifiers': 32768}, '#text': 3051}",DC01.darkzero.htb,Microsoft-Windows-ActiveDirectory_DomainService,Directory Service,686,3,,,,,,,,,,,,,,
2026-07-14T16:43:36.445984Z,"{'#attributes': {'Qualifiers': 32768}, '#text': 3054}",DC01.darkzero.htb,Microsoft-Windows-ActiveDirectory_DomainService,Directory Service,687,3,,,,,,,,,,,,,,
2026-07-14T16:43:37.044006Z,"{'#attributes': {'Qualifiers': 16384}, '#text': 2121}",DC01.darkzero.htb,Microsoft-Windows-ActiveDirectory_DomainService,Directory Service,688,4,,,,,,,,,,,,,,
2026-07-14T16:43:37.044006Z,"{'#attributes': {'Qualifiers': 16384}, '#text': 2406}",DC01.darkzero.htb,Microsoft-Windows-ActiveDirectory_DomainService,Directory Service,689,4,,Recycle Bin Feature,,,,,,,,,,,,
2026-07-14T16:43:37.044006Z,"{'#attributes': {'Qualifiers': 16384}, '#text': 2406}",DC01.darkzero.htb,Microsoft-Windows-ActiveDirectory_DomainService,Directory Service,690,4,,Privileged Access Management Feature,,,,,,,,,,,,
2026-07-14T16:43:37.044006Z,"{'#attributes': {'Qualifiers': 16384}, '#text': 2406}",DC01.darkzero.htb,Microsoft-Windows-ActiveDirectory_DomainService,Directory Service,691,4,,Database 32k Pages Feature,,,,,,,,,,,,
2026-07-14T16:43:37.047036Z,"{'#attributes': {'Qualifiers': 16384}, '#text': 2168}",DC01.darkzero.htb,Microsoft-Windows-ActiveDirectory_DomainService,Directory Service,692,4,,7717295651777792940,,,,,,,,,,,,
2026-07-14T16:43:37.047036Z,"{'#attributes': {'Qualifiers': 16384}, '#text': 2172}",DC01.darkzero.htb,Microsoft-Windows-ActiveDirectory_DomainService,Directory Service,693,4,,2353878596790439606,,,,,,,,,,,,
2026-07-14T16:43:37.047036Z,"{'#attributes': {'Qualifiers': 32768}, '#text': 2170}",DC01.darkzero.htb,Microsoft-Windows-ActiveDirectory_DomainService,Directory Service,694,3,,,2353878596790439606,7717295651777792940,,,,,,,,,,
2026-07-14T16:43:37.057192Z,"{'#attributes': {'Qualifiers': 16384}, '#text': 1109}",DC01.darkzero.htb,Microsoft-Windows-ActiveDirectory_DomainService,Directory Service,695,4,,,3047df3a-42f5-4337-9e58-820f01777949,07405c1d-e88a-47b5-8ffd-48d41ad477db,,,106520,,,,,,,
2026-07-14T16:43:37.087419Z,"{'#attributes': {'Qualifiers': 16384}, '#text': 2208}",DC01.darkzero.htb,Microsoft-Windows-ActiveDirectory_DomainService,Directory Service,696,4,,,,,,,,,,,,,,
2026-07-14T16:43:37.089446Z,"{'#attributes': {'Qualifiers': 16384}, '#text': 2179}",DC01.darkzero.htb,Microsoft-Windows-ActiveDirectory_DomainService,Directory Service,697,4,,7717295651777792940,,,,,,,,,,,,
2026-07-14T16:43:37.107282Z,"{'#attributes': {'Qualifiers': 16384}, '#text': 2120}",DC01.darkzero.htb,Microsoft-Windows-ActiveDirectory_DomainService,Directory Service,698,4,,,,,,,,,,,,,,
2026-07-14T16:43:37.107282Z,"{'#attributes': {'Qualifiers': 16384}, '#text': 2405}",DC01.darkzero.htb,Microsoft-Windows-ActiveDirectory_DomainService,Directory Service,699,4,,Recycle Bin Feature,,,,,,,,,,,,
2026-07-14T16:43:37.107282Z,"{'#attributes': {'Qualifiers': 16384}, '#text': 2405}",DC01.darkzero.htb,Microsoft-Windows-ActiveDirectory_DomainService,Directory Service,700,4,,Privileged Access Management Feature,,,,,,,,,,,,
2026-07-14T16:43:37.107282Z,"{'#attributes': {'Qualifiers': 16384}, '#text': 2405}",DC01.darkzero.htb,Microsoft-Windows-ActiveDirectory_DomainService,Directory Service,701,4,,Database 32k Pages Feature,,,,,,,,,,,,
2026-07-14T16:43:47.121469Z,"{'#attributes': {'Qualifiers': 16384}, '#text': 1000}",DC01.darkzero.htb,Microsoft-Windows-ActiveDirectory_DomainService,Directory Service,702,4,,,,,,,,,,,,,,
2026-07-14T16:44:17.140752Z,"{'#attributes': {'Qualifiers': 16384}, '#text': 1394}",DC01.darkzero.htb,Microsoft-Windows-ActiveDirectory_DomainService,Directory Service,703,4,,,,,,,,,,,,,,
2026-07-14T16:58:47.413878Z,"{'#attributes': {'Qualifiers': 0}, '#text': 102}",DC01.darkzero.htb,NTDS ISAM,Directory Service,704,4,,,NTDS,"888,P,98,0",,,NTDSA: ,0,10,00,26100,0000,,
2026-07-14T16:58:47.414621Z,"{'#attributes': {'Qualifiers': 0}, '#text': 105}",DC01.darkzero.htb,NTDS ISAM,Directory Service,705,4,,,NTDS,"888,D,0,0",,,NTDSA: ,0,0.097,"
[1] 0.001865 +J(0) +M(C:0K, Fs:183, WS:712K # 104K, PF:5416K # 2416K, P:5416K)
[2] 0.005592 +J(0) +M(C:64K, Fs:94, WS:364K # 364K, PF:360K # 360K, P:360K)
[3] 0.000572 +J(0) +M(C:0K, Fs:4, WS:12K # 12K, PF:64K # 64K, P:64K)
[4] 0.013535 -0.000469 (1) WT +J(0) +M(C:0K, Fs:140, WS:488K # 488K, PF:6840K # 6840K, P:6840K)
[5] 0.000339 +J(0) +M(C:0K, Fs:2, WS:8K # 8K, PF:4K # 4K, P:4K)
[6] 0.005744 +J(0) +M(C:0K, Fs:21, WS:80K # 80K, PF:16K # 16K, P:16K)
[7] 0.044067 -0.036843 (21) WT +J(0) +M(C:0K, Fs:2578, WS:10288K # 10288K, PF:10260K # 10260K, P:10260K)
[8] -
[9] -
[10] -
[11] -
[12] -
[13] 0.024047 -0.018299 (22) WT +J(CM:0, PgRf:0, Rd:0/0, Dy:0/0, Lg:616/1) +M(C:0K, Fs:14, WS:-10200K # 24K, PF:-10256K # 12K, P:-10256K)
[14] 0.000029 +J(0) +M(C:0K, Fs:2, WS:8K # 0K, PF:4K # 0K, P:4K)
[15] 0.000740 +J(0) +M(C:0K, Fs:615, WS:2460K # 0K, PF:64K # 0K, P:64K)
[16] 0.000652 -0.000423 (1) WT +J(0) +M(C:0K, Fs:2, WS:0K # 0K, PF:0K # 0K, P:0K).","RBSOn = 0
",,,
2026-07-14T16:58:47.415149Z,"{'#attributes': {'Qualifiers': 0}, '#text': 330}",DC01.darkzero.htb,NTDS ISAM,Directory Service,706,4,,,NTDS,"888,D,50,0",,,NTDSA: ,C:\Windows\NTDS\ntds.dit,0x2580 (9600),9600 (0x2580),9620 (0x2594),,,
2026-07-14T16:58:47.415527Z,"{'#attributes': {'Qualifiers': 0}, '#text': 326}",DC01.darkzero.htb,NTDS ISAM,Directory Service,707,4,,,NTDS,"888,D,50,0",,,NTDSA: ,1,C:\Windows\NTDS\ntds.dit,0,"
[1] 0.000005 +J(0) +M(C:0K, Fs:1, WS:4K # 0K, PF:0K # 0K, P:0K)
[2] 0.000767 -0.000466 (1) WT +J(0) +M(C:0K, Fs:26, WS:40K # 0K, PF:32K # 0K, P:32K)
[3] 0.008579 -0.003581 (6) WT +J(CM:0, PgRf:0, Rd:0/0, Dy:0/0, Lg:3480/2) +M(C:0K, Fs:39, WS:124K # 0K, PF:124K # 0K, P:124K)
[4] 0.001248 +J(0) +M(C:0K, Fs:1, WS:4K # 0K, PF:0K # 0K, P:0K)
[5] -
[6] 0.006413 -0.002376 (2) CM -0.002294 (2) WT +J(CM:2, PgRf:2, Rd:0/2, Dy:0/0, Lg:0/0) +M(C:-56K, Fs:66, WS:208K # 0K, PF:148K # 0K, P:148K)
[7] 0.000005 +J(0)
[8] 0.004177 -0.000814 (1) CM -0.000754 (1) WT +J(CM:1, PgRf:1, Rd:4/1, Dy:0/0, Lg:0/0) +M(C:156K, Fs:71, WS:252K # 0K, PF:356K # 0K, P:356K)
[9] -
[10] -
[11] -
[12] 0.000366 +J(CM:0, PgRf:0, Rd:0/0, Dy:0/0, Lg:54/1) +M(C:0K, Fs:3, WS:12K # 0K, PF:20K # 0K, P:20K)
[13] 0.007480 -0.005500 (5) CM -0.005303 (5) WT +J(CM:5, PgRf:23, Rd:0/5, Dy:0/0, Lg:0/0) +M(C:-88K, Fs:37, WS:-8K # 0K, PF:-56K # 0K, P:-56K)
[14] 0.002818 -0.002536 (3) CM -0.002429 (3) WT +J(CM:3, PgRf:40, Rd:0/3, Dy:0/0, Lg:0/0) +M(C:-24K, Fs:16, WS:-12K # 0K, PF:40K # 0K, P:40K)
[15] 0.000656 -0.000598 (1) CM -0.000562 (1) WT +J(CM:1, PgRf:1, Rd:0/1, Dy:0/0, Lg:0/0) +M(C:-8K, Fs:5, WS:-8K # 0K, PF:-8K # 0K, P:-8K)
[16] 0.000021 +J(CM:0, PgRf:1, Rd:0/0, Dy:0/0, Lg:0/0) +M(C:0K, Fs:1, WS:4K # 0K, PF:0K # 0K, P:0K)
[17] 0.001155 -0.001008 (1) CM -0.000972 (1) WT +J(CM:1, PgRf:48, Rd:0/1, Dy:0/0, Lg:0/0) +M(C:0K, Fs:13, WS:24K # 0K, PF:0K # 0K, P:0K)
[18] 0.000002 +J(0)
[19] 0.0 +J(0)
[20] 0.000650 -0.000560 (1) CM -0.000521 (1) WT +J(CM:1, PgRf:2, Rd:0/1, Dy:0/0, Lg:0/0) +M(C:0K, Fs:10, WS:12K # 0K, PF:0K # 0K, P:0K).",0 0,"lgposAttach = 00000003:008A:0268,
dbv = 1568.290.600 (9600)",
2026-07-14T16:58:47.415967Z,"{'#attributes': {'Qualifiers': 0}, '#text': 330}",DC01.darkzero.htb,NTDS ISAM,Directory Service,708,4,,,NTDS,"888,D,2,0",,,NTDSA: ,C:\Windows\NTDS\temp.edb,0x2580 (9600),9600 (0x2580),9620 (0x2594),,,
2026-07-14T16:58:47.416245Z,"{'#attributes': {'Qualifiers': 0}, '#text': 700}",DC01.darkzero.htb,NTDS ISAM,Directory Service,709,4,,,NTDS,"888,D,0,0",,,NTDSA: ,C:\Windows\NTDS\ntds.dit,,,,,,
2026-07-14T16:58:47.563335Z,"{'#attributes': {'Qualifiers': 0}, '#text': 701}",DC01.darkzero.htb,NTDS ISAM,Directory Service,710,4,,,NTDS,"888,D,0,0",,,NTDSA: ,C:\Windows\NTDS\ntds.dit,0,7/14/2026,0,1,1,18
2026-07-14T16:58:47.164554Z,"{'#attributes': {'Qualifiers': 16384}, '#text': 1869}",DC01.darkzero.htb,Microsoft-Windows-ActiveDirectory_DomainService,Directory Service,711,4,,,\\DC01.darkzero.htb,Default-First-Site-Name,,,,,,,,,,
2026-07-14T16:58:47.406084Z,"{'#attributes': {'Qualifiers': 16384}, '#text': 3033}",DC01.darkzero.htb,Microsoft-Windows-ActiveDirectory_DomainService,Directory Service,712,4,,,,,,,,,,,,,,
2026-07-14T16:58:47.406084Z,"{'#attributes': {'Qualifiers': 16384}, '#text': 3027}",DC01.darkzero.htb,Microsoft-Windows-ActiveDirectory_DomainService,Directory Service,713,4,,3600,,,,,,,,,,,,
2026-07-14T17:43:47.162149Z,"{'#attributes': {'Qualifiers': 32768}, '#text': 2089}",DC01.darkzero.htb,Microsoft-Windows-ActiveDirectory_DomainService,Directory Service,714,3,,,"DC=darkzero,DC=htb",90,,,System\CurrentControlSet\Services\NTDS\Parameters,Backup Latency Threshold (days),,,,,,
2026-07-14T17:43:47.162149Z,"{'#attributes': {'Qualifiers': 32768}, '#text': 2089}",DC01.darkzero.htb,Microsoft-Windows-ActiveDirectory_DomainService,Directory Service,715,3,,,"CN=Configuration,DC=darkzero,DC=htb",90,,,System\CurrentControlSet\Services\NTDS\Parameters,Backup Latency Threshold (days),,,,,,
2026-07-14T17:43:47.162149Z,"{'#attributes': {'Qualifiers': 32768}, '#text': 2089}",DC01.darkzero.htb,Microsoft-Windows-ActiveDirectory_DomainService,Directory Service,716,3,,,"CN=Schema,CN=Configuration,DC=darkzero,DC=htb",90,,,System\CurrentControlSet\Services\NTDS\Parameters,Backup Latency Threshold (days),,,,,,
2026-07-14T17:43:47.162149Z,"{'#attributes': {'Qualifiers': 32768}, '#text': 2089}",DC01.darkzero.htb,Microsoft-Windows-ActiveDirectory_DomainService,Directory Service,717,3,,,"DC=DomainDnsZones,DC=darkzero,DC=htb",90,,,System\CurrentControlSet\Services\NTDS\Parameters,Backup Latency Threshold (days),,,,,,
2026-07-14T17:43:47.164177Z,"{'#attributes': {'Qualifiers': 32768}, '#text': 2089}",DC01.darkzero.htb,Microsoft-Windows-ActiveDirectory_DomainService,Directory Service,718,3,,,"DC=ForestDnsZones,DC=darkzero,DC=htb",90,,,System\CurrentControlSet\Services\NTDS\Parameters,Backup Latency Threshold (days),,,,,,
2026-07-14T18:43:52.424114Z,"{'#attributes': {'Qualifiers': 16384}, '#text': 2179}",DC01.darkzero.htb,Microsoft-Windows-ActiveDirectory_DomainService,Directory Service,719,4,,7717295651777792940,,,,,,,,,,,,
2026-07-14T18:43:52.531674Z,"{'#attributes': {'Qualifiers': 16384}, '#text': 1004}",DC01.darkzero.htb,Microsoft-Windows-ActiveDirectory_DomainService,Directory Service,720,4,,,,,,,,,,,,,,
2026-07-20T12:17:31.586154Z,"{'#attributes': {'Qualifiers': 32768}, '#text': 3051}",DC01.darkzero.htb,Microsoft-Windows-ActiveDirectory_DomainService,Directory Service,721,3,,,,,,,,,,,,,,
2026-07-20T12:17:31.586154Z,"{'#attributes': {'Qualifiers': 32768}, '#text': 3054}",DC01.darkzero.htb,Microsoft-Windows-ActiveDirectory_DomainService,Directory Service,722,3,,,,,,,,,,,,,,
2026-07-20T12:17:31.823964Z,"{'#attributes': {'Qualifiers': 16384}, '#text': 2121}",DC01.darkzero.htb,Microsoft-Windows-ActiveDirectory_DomainService,Directory Service,723,4,,,,,,,,,,,,,,
2026-07-20T12:17:31.823964Z,"{'#attributes': {'Qualifiers': 16384}, '#text': 2406}",DC01.darkzero.htb,Microsoft-Windows-ActiveDirectory_DomainService,Directory Service,724,4,,Recycle Bin Feature,,,,,,,,,,,,
2026-07-20T12:17:31.823964Z,"{'#attributes': {'Qualifiers': 16384}, '#text': 2406}",DC01.darkzero.htb,Microsoft-Windows-ActiveDirectory_DomainService,Directory Service,725,4,,Privileged Access Management Feature,,,,,,,,,,,,
2026-07-20T12:17:31.823964Z,"{'#attributes': {'Qualifiers': 16384}, '#text': 2406}",DC01.darkzero.htb,Microsoft-Windows-ActiveDirectory_DomainService,Directory Service,726,4,,Database 32k Pages Feature,,,,,,,,,,,,
2026-07-20T12:17:31.825994Z,"{'#attributes': {'Qualifiers': 16384}, '#text': 2168}",DC01.darkzero.htb,Microsoft-Windows-ActiveDirectory_DomainService,Directory Service,727,4,,7717295651777792940,,,,,,,,,,,,
2026-07-20T12:17:31.828022Z,"{'#attributes': {'Qualifiers': 16384}, '#text': 2172}",DC01.darkzero.htb,Microsoft-Windows-ActiveDirectory_DomainService,Directory Service,728,4,,7717295651777792940,,,,,,,,,,,,
2026-07-20T12:17:31.843552Z,"{'#attributes': {'Qualifiers': 16384}, '#text': 2120}",DC01.darkzero.htb,Microsoft-Windows-ActiveDirectory_DomainService,Directory Service,729,4,,,,,,,,,,,,,,
2026-07-20T12:17:31.843552Z,"{'#attributes': {'Qualifiers': 16384}, '#text': 2405}",DC01.darkzero.htb,Microsoft-Windows-ActiveDirectory_DomainService,Directory Service,730,4,,Recycle Bin Feature,,,,,,,,,,,,
2026-07-20T12:17:31.843552Z,"{'#attributes': {'Qualifiers': 16384}, '#text': 2405}",DC01.darkzero.htb,Microsoft-Windows-ActiveDirectory_DomainService,Directory Service,731,4,,Privileged Access Management Feature,,,,,,,,,,,,
2026-07-20T12:17:31.843552Z,"{'#attributes': {'Qualifiers': 16384}, '#text': 2405}",DC01.darkzero.htb,Microsoft-Windows-ActiveDirectory_DomainService,Directory Service,732,4,,Database 32k Pages Feature,,,,,,,,,,,,
2026-07-20T12:17:41.851503Z,"{'#attributes': {'Qualifiers': 16384}, '#text': 1000}",DC01.darkzero.htb,Microsoft-Windows-ActiveDirectory_DomainService,Directory Service,733,4,,,,,,,,,,,,,,
2026-07-20T12:18:11.952588Z,"{'#attributes': {'Qualifiers': 16384}, '#text': 1394}",DC01.darkzero.htb,Microsoft-Windows-ActiveDirectory_DomainService,Directory Service,734,4,,,,,,,,,,,,,,
2026-07-20T12:32:42.621577Z,"{'#attributes': {'Qualifiers': 0}, '#text': 102}",DC01.darkzero.htb,NTDS ISAM,Directory Service,735,4,,,NTDS,"888,P,98,0",,,NTDSA: ,0,10,00,26100,0000,,
2026-07-20T12:32:42.622190Z,"{'#attributes': {'Qualifiers': 0}, '#text': 105}",DC01.darkzero.htb,NTDS ISAM,Directory Service,736,4,,,NTDS,"888,D,0,0",,,NTDSA: ,0,0.116,"
[1] 0.001816 +J(0) +M(C:0K, Fs:183, WS:712K # 108K, PF:5416K # 2416K, P:5416K)
[2] 0.005298 +J(0) +M(C:64K, Fs:94, WS:364K # 364K, PF:356K # 356K, P:356K)
[3] 0.000478 +J(0) +M(C:0K, Fs:3, WS:12K # 12K, PF:64K # 64K, P:64K)
[4] 0.013550 -0.000580 (1) WT +J(0) +M(C:0K, Fs:144, WS:496K # 496K, PF:6844K # 6844K, P:6844K)
[5] 0.000347 +J(0)
[6] 0.006448 +J(0) +M(C:0K, Fs:22, WS:84K # 84K, PF:16K # 16K, P:16K)
[7] 0.058502 -0.050834 (21) WT +J(0) +M(C:0K, Fs:2577, WS:10288K # 10288K, PF:10260K # 10260K, P:10260K)
[8] -
[9] -
[10] -
[11] -
[12] -
[13] 0.028039 -0.022377 (22) WT +J(CM:0, PgRf:0, Rd:0/0, Dy:0/0, Lg:616/1) +M(C:0K, Fs:13, WS:-10200K # 24K, PF:-10256K # 12K, P:-10256K)
[14] 0.000031 +J(0) +M(C:0K, Fs:1, WS:4K # 0K, PF:0K # 0K, P:0K)
[15] 0.000953 +J(0) +M(C:0K, Fs:616, WS:2460K # 0K, PF:68K # 0K, P:68K)
[16] 0.000688 -0.000407 (1) WT +J(0) +M(C:0K, Fs:2, WS:0K # 0K, PF:0K # 0K, P:0K).","RBSOn = 0
",,,
2026-07-20T12:32:42.622671Z,"{'#attributes': {'Qualifiers': 0}, '#text': 330}",DC01.darkzero.htb,NTDS ISAM,Directory Service,737,4,,,NTDS,"888,D,50,0",,,NTDSA: ,C:\Windows\NTDS\ntds.dit,0x2580 (9600),9600 (0x2580),9620 (0x2594),,,
2026-07-20T12:32:42.623011Z,"{'#attributes': {'Qualifiers': 0}, '#text': 326}",DC01.darkzero.htb,NTDS ISAM,Directory Service,738,4,,,NTDS,"888,D,50,0",,,NTDSA: ,1,C:\Windows\NTDS\ntds.dit,0,"
[1] 0.000006 +J(0) +M(C:0K, Fs:1, WS:4K # 0K, PF:0K # 0K, P:0K)
[2] 0.000679 -0.000357 (1) WT +J(0) +M(C:0K, Fs:27, WS:44K # 0K, PF:36K # 0K, P:36K)
[3] 0.007535 -0.002565 (6) WT +J(CM:0, PgRf:0, Rd:0/0, Dy:0/0, Lg:3480/2) +M(C:0K, Fs:40, WS:124K # 0K, PF:128K # 0K, P:128K)
[4] 0.001070 +J(0) +M(C:0K, Fs:1, WS:4K # 0K, PF:0K # 0K, P:0K)
[5] -
[6] 0.006569 -0.002475 (2) CM -0.002392 (2) WT +J(CM:2, PgRf:2, Rd:0/2, Dy:0/0, Lg:0/0) +M(C:-56K, Fs:66, WS:208K # 0K, PF:148K # 0K, P:148K)
[7] 0.000005 +J(0)
[8] 0.003895 -0.001061 (1) CM -0.001008 (1) WT +J(CM:1, PgRf:1, Rd:4/1, Dy:0/0, Lg:0/0) +M(C:156K, Fs:70, WS:252K # 0K, PF:352K # 0K, P:352K)
[9] -
[10] -
[11] -
[12] 0.000319 +J(CM:0, PgRf:0, Rd:0/0, Dy:0/0, Lg:54/1) +M(C:0K, Fs:3, WS:12K # 0K, PF:20K # 0K, P:20K)
[13] 0.007653 -0.005511 (5) CM -0.005318 (5) WT +J(CM:5, PgRf:23, Rd:0/5, Dy:0/0, Lg:0/0) +M(C:-88K, Fs:37, WS:-8K # 0K, PF:-56K # 0K, P:-56K)
[14] 0.002709 -0.002410 (3) CM -0.002308 (3) WT +J(CM:3, PgRf:40, Rd:0/3, Dy:0/0, Lg:0/0) +M(C:-24K, Fs:16, WS:-12K # 0K, PF:40K # 0K, P:40K)
[15] 0.000621 -0.000561 (1) CM -0.000524 (1) WT +J(CM:1, PgRf:1, Rd:0/1, Dy:0/0, Lg:0/0) +M(C:-8K, Fs:5, WS:-8K # 0K, PF:-8K # 0K, P:-8K)
[16] 0.000022 +J(CM:0, PgRf:1, Rd:0/0, Dy:0/0, Lg:0/0) +M(C:0K, Fs:1, WS:4K # 0K, PF:0K # 0K, P:0K)
[17] 0.001170 -0.001015 (1) CM -0.000979 (1) WT +J(CM:1, PgRf:48, Rd:0/1, Dy:0/0, Lg:0/0) +M(C:0K, Fs:13, WS:24K # 0K, PF:0K # 0K, P:0K)
[18] 0.000002 +J(0)
[19] 0.0 +J(0)
[20] 0.000657 -0.000550 (1) CM -0.000512 (1) WT +J(CM:1, PgRf:2, Rd:0/1, Dy:0/0, Lg:0/0) +M(C:0K, Fs:10, WS:12K # 0K, PF:0K # 0K, P:0K).",0 0,"lgposAttach = 00000003:00AE:0268,
dbv = 1568.290.600 (9600)",
2026-07-20T12:32:42.626828Z,"{'#attributes': {'Qualifiers': 0}, '#text': 330}",DC01.darkzero.htb,NTDS ISAM,Directory Service,739,4,,,NTDS,"888,D,2,0",,,NTDSA: ,C:\Windows\NTDS\temp.edb,0x2580 (9600),9600 (0x2580),9620 (0x2594),,,
2026-07-20T12:32:42.627224Z,"{'#attributes': {'Qualifiers': 0}, '#text': 700}",DC01.darkzero.htb,NTDS ISAM,Directory Service,740,4,,,NTDS,"888,D,0,0",,,NTDSA: ,C:\Windows\NTDS\ntds.dit,,,,,,
2026-07-20T12:32:42.941315Z,"{'#attributes': {'Qualifiers': 0}, '#text': 701}",DC01.darkzero.htb,NTDS ISAM,Directory Service,741,4,,,NTDS,"888,D,0,0",,,NTDSA: ,C:\Windows\NTDS\ntds.dit,0,7/20/2026,0,1,1,19
2026-07-20T12:32:41.970641Z,"{'#attributes': {'Qualifiers': 16384}, '#text': 1869}",DC01.darkzero.htb,Microsoft-Windows-ActiveDirectory_DomainService,Directory Service,742,4,,,\\DC01.darkzero.htb,Default-First-Site-Name,,,,,,,,,,
2026-07-20T12:32:42.618569Z,"{'#attributes': {'Qualifiers': 16384}, '#text': 3033}",DC01.darkzero.htb,Microsoft-Windows-ActiveDirectory_DomainService,Directory Service,743,4,,,,,,,,,,,,,,
2026-07-20T12:32:42.618569Z,"{'#attributes': {'Qualifiers': 16384}, '#text': 3027}",DC01.darkzero.htb,Microsoft-Windows-ActiveDirectory_DomainService,Directory Service,744,4,,3600,,,,,,,,,,,,
2026-07-20T13:17:42.035526Z,"{'#attributes': {'Qualifiers': 32768}, '#text': 2089}",DC01.darkzero.htb,Microsoft-Windows-ActiveDirectory_DomainService,Directory Service,745,3,,,"DC=darkzero,DC=htb",90,,,System\CurrentControlSet\Services\NTDS\Parameters,Backup Latency Threshold (days),,,,,,
2026-07-20T13:17:42.036048Z,"{'#attributes': {'Qualifiers': 32768}, '#text': 2089}",DC01.darkzero.htb,Microsoft-Windows-ActiveDirectory_DomainService,Directory Service,746,3,,,"CN=Configuration,DC=darkzero,DC=htb",90,,,System\CurrentControlSet\Services\NTDS\Parameters,Backup Latency Threshold (days),,,,,,
2026-07-20T13:17:42.037534Z,"{'#attributes': {'Qualifiers': 32768}, '#text': 2089}",DC01.darkzero.htb,Microsoft-Windows-ActiveDirectory_DomainService,Directory Service,747,3,,,"CN=Schema,CN=Configuration,DC=darkzero,DC=htb",90,,,System\CurrentControlSet\Services\NTDS\Parameters,Backup Latency Threshold (days),,,,,,
2026-07-20T13:17:42.038072Z,"{'#attributes': {'Qualifiers': 32768}, '#text': 2089}",DC01.darkzero.htb,Microsoft-Windows-ActiveDirectory_DomainService,Directory Service,748,3,,,"DC=DomainDnsZones,DC=darkzero,DC=htb",90,,,System\CurrentControlSet\Services\NTDS\Parameters,Backup Latency Threshold (days),,,,,,
2026-07-20T13:17:42.038072Z,"{'#attributes': {'Qualifiers': 32768}, '#text': 2089}",DC01.darkzero.htb,Microsoft-Windows-ActiveDirectory_DomainService,Directory Service,749,3,,,"DC=ForestDnsZones,DC=darkzero,DC=htb",90,,,System\CurrentControlSet\Services\NTDS\Parameters,Backup Latency Threshold (days),,,,,,
2026-07-20T13:32:31.720409Z,"{'#attributes': {'Qualifiers': 16384}, '#text': 2179}",DC01.darkzero.htb,Microsoft-Windows-ActiveDirectory_DomainService,Directory Service,750,4,,7717295651777792940,,,,,,,,,,,,
2026-07-20T13:32:33.367408Z,"{'#attributes': {'Qualifiers': 16384}, '#text': 1004}",DC01.darkzero.htb,Microsoft-Windows-ActiveDirectory_DomainService,Directory Service,751,4,,,,,,,,,,,,,,
2026-07-20T13:33:10.462343Z,"{'#attributes': {'Qualifiers': 32768}, '#text': 3051}",DC01.darkzero.htb,Microsoft-Windows-ActiveDirectory_DomainService,Directory Service,752,3,,,,,,,,,,,,,,
2026-07-20T13:33:10.462343Z,"{'#attributes': {'Qualifiers': 32768}, '#text': 3054}",DC01.darkzero.htb,Microsoft-Windows-ActiveDirectory_DomainService,Directory Service,753,3,,,,,,,,,,,,,,
2026-07-20T13:33:10.696893Z,"{'#attributes': {'Qualifiers': 16384}, '#text': 2121}",DC01.darkzero.htb,Microsoft-Windows-ActiveDirectory_DomainService,Directory Service,754,4,,,,,,,,,,,,,,
2026-07-20T13:33:10.696893Z,"{'#attributes': {'Qualifiers': 16384}, '#text': 2406}",DC01.darkzero.htb,Microsoft-Windows-ActiveDirectory_DomainService,Directory Service,755,4,,Recycle Bin Feature,,,,,,,,,,,,
2026-07-20T13:33:10.696893Z,"{'#attributes': {'Qualifiers': 16384}, '#text': 2406}",DC01.darkzero.htb,Microsoft-Windows-ActiveDirectory_DomainService,Directory Service,756,4,,Privileged Access Management Feature,,,,,,,,,,,,
2026-07-20T13:33:10.696893Z,"{'#attributes': {'Qualifiers': 16384}, '#text': 2406}",DC01.darkzero.htb,Microsoft-Windows-ActiveDirectory_DomainService,Directory Service,757,4,,Database 32k Pages Feature,,,,,,,,,,,,
2026-07-20T13:33:10.696893Z,"{'#attributes': {'Qualifiers': 16384}, '#text': 2168}",DC01.darkzero.htb,Microsoft-Windows-ActiveDirectory_DomainService,Directory Service,758,4,,7717295651777792940,,,,,,,,,,,,
2026-07-20T13:33:10.696893Z,"{'#attributes': {'Qualifiers': 16384}, '#text': 2172}",DC01.darkzero.htb,Microsoft-Windows-ActiveDirectory_DomainService,Directory Service,759,4,,7717295651777792940,,,,,,,,,,,,
2026-07-20T13:33:10.704737Z,"{'#attributes': {'Qualifiers': 16384}, '#text': 2405}",DC01.darkzero.htb,Microsoft-Windows-ActiveDirectory_DomainService,Directory Service,760,4,,Privileged Access Management Feature,,,,,,,,,,,,
2026-07-20T13:33:10.706759Z,"{'#attributes': {'Qualifiers': 16384}, '#text': 2120}",DC01.darkzero.htb,Microsoft-Windows-ActiveDirectory_DomainService,Directory Service,761,4,,,,,,,,,,,,,,
2026-07-20T13:33:10.706759Z,"{'#attributes': {'Qualifiers': 16384}, '#text': 2405}",DC01.darkzero.htb,Microsoft-Windows-ActiveDirectory_DomainService,Directory Service,762,4,,Recycle Bin Feature,,,,,,,,,,,,
2026-07-20T13:33:10.706759Z,"{'#attributes': {'Qualifiers': 16384}, '#text': 2405}",DC01.darkzero.htb,Microsoft-Windows-ActiveDirectory_DomainService,Directory Service,763,4,,Database 32k Pages Feature,,,,,,,,,,,,
2026-07-20T13:33:20.729383Z,"{'#attributes': {'Qualifiers': 16384}, '#text': 1000}",DC01.darkzero.htb,Microsoft-Windows-ActiveDirectory_DomainService,Directory Service,764,4,,,,,,,,,,,,,,
2026-07-20T13:33:50.767366Z,"{'#attributes': {'Qualifiers': 16384}, '#text': 1394}",DC01.darkzero.htb,Microsoft-Windows-ActiveDirectory_DomainService,Directory Service,765,4,,,,,,,,,,,,,,
2026-07-20T13:35:15.006076Z,"{'#attributes': {'Qualifiers': 16384}, '#text': 2179}",DC01.darkzero.htb,Microsoft-Windows-ActiveDirectory_DomainService,Directory Service,766,4,,7717295651777792940,,,,,,,,,,,,
2026-07-20T13:35:16.005559Z,"{'#attributes': {'Qualifiers': 16384}, '#text': 1004}",DC01.darkzero.htb,Microsoft-Windows-ActiveDirectory_DomainService,Directory Service,767,4,,,,,,,,,,,,,,
2026-07-20T13:35:50.055989Z,"{'#attributes': {'Qualifiers': 32768}, '#text': 3051}",DC01.darkzero.htb,Microsoft-Windows-ActiveDirectory_DomainService,Directory Service,768,3,,,,,,,,,,,,,,
2026-07-20T13:35:50.055989Z,"{'#attributes': {'Qualifiers': 32768}, '#text': 3054}",DC01.darkzero.htb,Microsoft-Windows-ActiveDirectory_DomainService,Directory Service,769,3,,,,,,,,,,,,,,
2026-07-20T13:35:50.281531Z,"{'#attributes': {'Qualifiers': 16384}, '#text': 2121}",DC01.darkzero.htb,Microsoft-Windows-ActiveDirectory_DomainService,Directory Service,770,4,,,,,,,,,,,,,,
2026-07-20T13:35:50.281531Z,"{'#attributes': {'Qualifiers': 16384}, '#text': 2406}",DC01.darkzero.htb,Microsoft-Windows-ActiveDirectory_DomainService,Directory Service,771,4,,Recycle Bin Feature,,,,,,,,,,,,
2026-07-20T13:35:50.283555Z,"{'#attributes': {'Qualifiers': 16384}, '#text': 2406}",DC01.darkzero.htb,Microsoft-Windows-ActiveDirectory_DomainService,Directory Service,772,4,,Privileged Access Management Feature,,,,,,,,,,,,
2026-07-20T13:35:50.283555Z,"{'#attributes': {'Qualifiers': 16384}, '#text': 2406}",DC01.darkzero.htb,Microsoft-Windows-ActiveDirectory_DomainService,Directory Service,773,4,,Database 32k Pages Feature,,,,,,,,,,,,
2026-07-20T13:35:50.283555Z,"{'#attributes': {'Qualifiers': 16384}, '#text': 2168}",DC01.darkzero.htb,Microsoft-Windows-ActiveDirectory_DomainService,Directory Service,774,4,,7717295651777792940,,,,,,,,,,,,
2026-07-20T13:35:50.283555Z,"{'#attributes': {'Qualifiers': 16384}, '#text': 2172}",DC01.darkzero.htb,Microsoft-Windows-ActiveDirectory_DomainService,Directory Service,775,4,,7717295651777792940,,,,,,,,,,,,
2026-07-20T13:35:50.299495Z,"{'#attributes': {'Qualifiers': 16384}, '#text': 2405}",DC01.darkzero.htb,Microsoft-Windows-ActiveDirectory_DomainService,Directory Service,776,4,,Privileged Access Management Feature,,,,,,,,,,,,
2026-07-20T13:35:50.299495Z,"{'#attributes': {'Qualifiers': 16384}, '#text': 2120}",DC01.darkzero.htb,Microsoft-Windows-ActiveDirectory_DomainService,Directory Service,777,4,,,,,,,,,,,,,,
2026-07-20T13:35:50.299495Z,"{'#attributes': {'Qualifiers': 16384}, '#text': 2405}",DC01.darkzero.htb,Microsoft-Windows-ActiveDirectory_DomainService,Directory Service,778,4,,Recycle Bin Feature,,,,,,,,,,,,
2026-07-20T13:35:50.299495Z,"{'#attributes': {'Qualifiers': 16384}, '#text': 2405}",DC01.darkzero.htb,Microsoft-Windows-ActiveDirectory_DomainService,Directory Service,779,4,,Database 32k Pages Feature,,,,,,,,,,,,
2026-07-20T13:36:00.358532Z,"{'#attributes': {'Qualifiers': 16384}, '#text': 1000}",DC01.darkzero.htb,Microsoft-Windows-ActiveDirectory_DomainService,Directory Service,780,4,,,,,,,,,,,,,,
2026-07-20T13:36:30.405180Z,"{'#attributes': {'Qualifiers': 16384}, '#text': 1394}",DC01.darkzero.htb,Microsoft-Windows-ActiveDirectory_DomainService,Directory Service,781,4,,,,,,,,,,,,,,
2026-07-20T13:51:00.679505Z,"{'#attributes': {'Qualifiers': 16384}, '#text': 1869}",DC01.darkzero.htb,Microsoft-Windows-ActiveDirectory_DomainService,Directory Service,782,4,,,\\DC01.darkzero.htb,Default-First-Site-Name,,,,,,,,,,
2026-07-20T13:51:02.444167Z,"{'#attributes': {'Qualifiers': 0}, '#text': 102}",DC01.darkzero.htb,NTDS ISAM,Directory Service,783,4,,,NTDS,"888,P,98,0",,,NTDSA: ,0,10,00,26100,0000,,
2026-07-20T13:51:02.444763Z,"{'#attributes': {'Qualifiers': 0}, '#text': 105}",DC01.darkzero.htb,NTDS ISAM,Directory Service,784,4,,,NTDS,"888,D,0,0",,,NTDSA: ,0,0.114,"
[1] 0.002636 +J(0) +M(C:0K, Fs:184, WS:712K # 108K, PF:5416K # 2416K, P:5416K)
[2] 0.005796 +J(0) +M(C:64K, Fs:93, WS:360K # 360K, PF:356K # 356K, P:356K)
[3] 0.000540 +J(0) +M(C:0K, Fs:3, WS:12K # 12K, PF:64K # 64K, P:64K)
[4] 0.014165 -0.000330 (1) WT +J(0) +M(C:0K, Fs:141, WS:488K # 488K, PF:6840K # 6840K, P:6840K)
[5] 0.000351 +J(0) +M(C:0K, Fs:2, WS:8K # 8K, PF:4K # 4K, P:4K)
[6] 0.005649 +J(0) +M(C:0K, Fs:20, WS:76K # 76K, PF:16K # 16K, P:16K)
[7] 0.056605 -0.048520 (21) WT +J(0) +M(C:0K, Fs:2578, WS:10288K # 10288K, PF:10260K # 10260K, P:10260K)
[8] -
[9] -
[10] -
[11] -
[12] -
[13] 0.027160 -0.021398 (22) WT +J(CM:0, PgRf:0, Rd:0/0, Dy:0/0, Lg:616/1) +M(C:0K, Fs:14, WS:-10200K # 24K, PF:-10256K # 12K, P:-10256K)
[14] 0.000030 +J(0) +M(C:0K, Fs:1, WS:4K # 0K, PF:0K # 0K, P:0K)
[15] 0.000856 +J(0) +M(C:0K, Fs:615, WS:2460K # 0K, PF:64K # 0K, P:64K)
[16] 0.000674 -0.000394 (1) WT +J(0) +M(C:0K, Fs:2, WS:0K # 0K, PF:0K # 0K, P:0K).","RBSOn = 0
",,,
2026-07-20T13:51:02.445183Z,"{'#attributes': {'Qualifiers': 0}, '#text': 330}",DC01.darkzero.htb,NTDS ISAM,Directory Service,785,4,,,NTDS,"888,D,50,0",,,NTDSA: ,C:\Windows\NTDS\ntds.dit,0x2580 (9600),9600 (0x2580),9620 (0x2594),,,
2026-07-20T13:51:02.445476Z,"{'#attributes': {'Qualifiers': 0}, '#text': 326}",DC01.darkzero.htb,NTDS ISAM,Directory Service,786,4,,,NTDS,"888,D,50,0",,,NTDSA: ,1,C:\Windows\NTDS\ntds.dit,0,"
[1] 0.000006 +J(0) +M(C:0K, Fs:1, WS:4K # 0K, PF:0K # 0K, P:0K)
[2] 0.000733 -0.000425 (1) WT +J(0) +M(C:0K, Fs:26, WS:40K # 0K, PF:32K # 0K, P:32K)
[3] 0.006962 -0.002371 (6) WT +J(CM:0, PgRf:0, Rd:0/0, Dy:0/0, Lg:3480/2) +M(C:0K, Fs:37, WS:116K # 0K, PF:116K # 0K, P:116K)
[4] 0.001367 +J(0) +M(C:0K, Fs:1, WS:4K # 0K, PF:0K # 0K, P:0K)
[5] -
[6] 0.007079 -0.002664 (2) CM -0.002578 (2) WT +J(CM:2, PgRf:2, Rd:0/2, Dy:0/0, Lg:0/0) +M(C:-56K, Fs:66, WS:208K # 0K, PF:148K # 0K, P:148K)
[7] 0.000005 +J(0)
[8] 0.003860 -0.000582 (1) CM -0.000534 (1) WT +J(CM:1, PgRf:1, Rd:4/1, Dy:0/0, Lg:0/0) +M(C:156K, Fs:70, WS:252K # 0K, PF:352K # 0K, P:352K)
[9] -
[10] -
[11] -
[12] 0.000308 +J(CM:0, PgRf:0, Rd:0/0, Dy:0/0, Lg:54/1) +M(C:0K, Fs:4, WS:16K # 0K, PF:24K # 0K, P:24K)
[13] 0.005865 -0.003964 (3) CM -0.003810 (3) WT +J(CM:3, PgRf:23, Rd:0/3, Dy:0/0, Lg:0/0) +M(C:-108K, Fs:20, WS:-28K # 0K, PF:-76K # 0K, P:-76K)
[14] 0.002538 -0.002157 (3) CM -0.002041 (3) WT +J(CM:3, PgRf:40, Rd:0/3, Dy:0/0, Lg:0/0) +M(C:-24K, Fs:18, WS:-12K # 0K, PF:40K # 0K, P:40K)
[15] 0.000613 -0.000551 (1) CM -0.000511 (1) WT +J(CM:1, PgRf:1, Rd:0/1, Dy:0/0, Lg:0/0) +M(C:0K, Fs:7, WS:0K # 0K, PF:0K # 0K, P:0K)
[16] 0.000021 +J(CM:0, PgRf:1, Rd:0/0, Dy:0/0, Lg:0/0) +M(C:0K, Fs:1, WS:4K # 0K, PF:0K # 0K, P:0K)
[17] 0.000085 +J(CM:0, PgRf:48, Rd:0/0, Dy:0/0, Lg:0/0) +M(C:0K, Fs:6, WS:24K # 0K, PF:0K # 0K, P:0K)
[18] 0.000001 +J(0)
[19] 0.0 +J(0)
[20] 0.000025 +J(CM:0, PgRf:2, Rd:0/0, Dy:0/0, Lg:0/0) +M(C:0K, Fs:3, WS:12K # 0K, PF:0K # 0K, P:0K).",0 0,"lgposAttach = 00000003:00D3:0268,
dbv = 1568.290.600 (9600)",
2026-07-20T13:51:02.445896Z,"{'#attributes': {'Qualifiers': 0}, '#text': 330}",DC01.darkzero.htb,NTDS ISAM,Directory Service,787,4,,,NTDS,"888,D,2,0",,,NTDSA: ,C:\Windows\NTDS\temp.edb,0x2580 (9600),9600 (0x2580),9620 (0x2594),,,
2026-07-20T13:51:02.446182Z,"{'#attributes': {'Qualifiers': 0}, '#text': 700}",DC01.darkzero.htb,NTDS ISAM,Directory Service,788,4,,,NTDS,"888,D,0,0",,,NTDSA: ,C:\Windows\NTDS\ntds.dit,,,,,,
2026-07-20T13:51:02.441131Z,"{'#attributes': {'Qualifiers': 16384}, '#text': 3033}",DC01.darkzero.htb,Microsoft-Windows-ActiveDirectory_DomainService,Directory Service,789,4,,,,,,,,,,,,,,
2026-07-20T13:51:02.441131Z,"{'#attributes': {'Qualifiers': 16384}, '#text': 3027}",DC01.darkzero.htb,Microsoft-Windows-ActiveDirectory_DomainService,Directory Service,790,4,,3600,,,,,,,,,,,,
2026-07-20T13:51:03.651627Z,"{'#attributes': {'Qualifiers': 0}, '#text': 701}",DC01.darkzero.htb,NTDS ISAM,Directory Service,791,4,,,NTDS,"888,D,0,0",,,NTDSA: ,C:\Windows\NTDS\ntds.dit,1,7/20/2026,1,1,1,20
2026-07-20T14:36:00.451306Z,"{'#attributes': {'Qualifiers': 32768}, '#text': 2089}",DC01.darkzero.htb,Microsoft-Windows-ActiveDirectory_DomainService,Directory Service,792,3,,,"DC=darkzero,DC=htb",90,,,System\CurrentControlSet\Services\NTDS\Parameters,Backup Latency Threshold (days),,,,,,
2026-07-20T14:36:00.451306Z,"{'#attributes': {'Qualifiers': 32768}, '#text': 2089}",DC01.darkzero.htb,Microsoft-Windows-ActiveDirectory_DomainService,Directory Service,793,3,,,"CN=Configuration,DC=darkzero,DC=htb",90,,,System\CurrentControlSet\Services\NTDS\Parameters,Backup Latency Threshold (days),,,,,,
2026-07-20T14:36:00.451960Z,"{'#attributes': {'Qualifiers': 32768}, '#text': 2089}",DC01.darkzero.htb,Microsoft-Windows-ActiveDirectory_DomainService,Directory Service,794,3,,,"CN=Schema,CN=Configuration,DC=darkzero,DC=htb",90,,,System\CurrentControlSet\Services\NTDS\Parameters,Backup Latency Threshold (days),,,,,,
2026-07-20T14:36:00.451960Z,"{'#attributes': {'Qualifiers': 32768}, '#text': 2089}",DC01.darkzero.htb,Microsoft-Windows-ActiveDirectory_DomainService,Directory Service,795,3,,,"DC=DomainDnsZones,DC=darkzero,DC=htb",90,,,System\CurrentControlSet\Services\NTDS\Parameters,Backup Latency Threshold (days),,,,,,
2026-07-20T14:36:00.451960Z,"{'#attributes': {'Qualifiers': 32768}, '#text': 2089}",DC01.darkzero.htb,Microsoft-Windows-ActiveDirectory_DomainService,Directory Service,796,3,,,"DC=ForestDnsZones,DC=darkzero,DC=htb",90,,,System\CurrentControlSet\Services\NTDS\Parameters,Backup Latency Threshold (days),,,,,,
2026-07-20T16:13:25.194008Z,"{'#attributes': {'Qualifiers': 16384}, '#text': 2179}",DC01.darkzero.htb,Microsoft-Windows-ActiveDirectory_DomainService,Directory Service,797,4,,7717295651777792940,,,,,,,,,,,,
2026-07-20T16:13:25.557360Z,"{'#attributes': {'Qualifiers': 16384}, '#text': 1004}",DC01.darkzero.htb,Microsoft-Windows-ActiveDirectory_DomainService,Directory Service,798,4,,,,,,,,,,,,,,
2026-07-20T16:18:19.600850Z,"{'#attributes': {'Qualifiers': 32768}, '#text': 3051}",DC01.darkzero.htb,Microsoft-Windows-ActiveDirectory_DomainService,Directory Service,799,3,,,,,,,,,,,,,,
2026-07-20T16:18:19.600850Z,"{'#attributes': {'Qualifiers': 32768}, '#text': 3054}",DC01.darkzero.htb,Microsoft-Windows-ActiveDirectory_DomainService,Directory Service,800,3,,,,,,,,,,,,,,
2026-07-20T16:18:19.804725Z,"{'#attributes': {'Qualifiers': 16384}, '#text': 2121}",DC01.darkzero.htb,Microsoft-Windows-ActiveDirectory_DomainService,Directory Service,801,4,,,,,,,,,,,,,,
2026-07-20T16:18:19.804725Z,"{'#attributes': {'Qualifiers': 16384}, '#text': 2406}",DC01.darkzero.htb,Microsoft-Windows-ActiveDirectory_DomainService,Directory Service,802,4,,Recycle Bin Feature,,,,,,,,,,,,
2026-07-20T16:18:19.806503Z,"{'#attributes': {'Qualifiers': 16384}, '#text': 2406}",DC01.darkzero.htb,Microsoft-Windows-ActiveDirectory_DomainService,Directory Service,803,4,,Privileged Access Management Feature,,,,,,,,,,,,
2026-07-20T16:18:19.806503Z,"{'#attributes': {'Qualifiers': 16384}, '#text': 2406}",DC01.darkzero.htb,Microsoft-Windows-ActiveDirectory_DomainService,Directory Service,804,4,,Database 32k Pages Feature,,,,,,,,,,,,
2026-07-20T16:18:19.808531Z,"{'#attributes': {'Qualifiers': 16384}, '#text': 2168}",DC01.darkzero.htb,Microsoft-Windows-ActiveDirectory_DomainService,Directory Service,805,4,,7717295651777792940,,,,,,,,,,,,
2026-07-20T16:18:19.808531Z,"{'#attributes': {'Qualifiers': 16384}, '#text': 2172}",DC01.darkzero.htb,Microsoft-Windows-ActiveDirectory_DomainService,Directory Service,806,4,,7717295651777792940,,,,,,,,,,,,
2026-07-20T16:18:19.824476Z,"{'#attributes': {'Qualifiers': 16384}, '#text': 2405}",DC01.darkzero.htb,Microsoft-Windows-ActiveDirectory_DomainService,Directory Service,807,4,,Privileged Access Management Feature,,,,,,,,,,,,
2026-07-20T16:18:19.824476Z,"{'#attributes': {'Qualifiers': 16384}, '#text': 2120}",DC01.darkzero.htb,Microsoft-Windows-ActiveDirectory_DomainService,Directory Service,808,4,,,,,,,,,,,,,,
2026-07-20T16:18:19.824476Z,"{'#attributes': {'Qualifiers': 16384}, '#text': 2405}",DC01.darkzero.htb,Microsoft-Windows-ActiveDirectory_DomainService,Directory Service,809,4,,Recycle Bin Feature,,,,,,,,,,,,
2026-07-20T16:18:19.824476Z,"{'#attributes': {'Qualifiers': 16384}, '#text': 2405}",DC01.darkzero.htb,Microsoft-Windows-ActiveDirectory_DomainService,Directory Service,810,4,,Database 32k Pages Feature,,,,,,,,,,,,
2026-07-20T16:18:29.862151Z,"{'#attributes': {'Qualifiers': 16384}, '#text': 1000}",DC01.darkzero.htb,Microsoft-Windows-ActiveDirectory_DomainService,Directory Service,811,4,,,,,,,,,,,,,,
2026-07-20T16:18:59.878718Z,"{'#attributes': {'Qualifiers': 16384}, '#text': 1394}",DC01.darkzero.htb,Microsoft-Windows-ActiveDirectory_DomainService,Directory Service,812,4,,,,,,,,,,,,,,
2026-07-20T16:24:12.010696Z,"{'#attributes': {'Qualifiers': 16384}, '#text': 2179}",DC01.darkzero.htb,Microsoft-Windows-ActiveDirectory_DomainService,Directory Service,813,4,,7717295651777792940,,,,,,,,,,,,
2026-07-20T16:24:12.358758Z,"{'#attributes': {'Qualifiers': 16384}, '#text': 1004}",DC01.darkzero.htb,Microsoft-Windows-ActiveDirectory_DomainService,Directory Service,814,4,,,,,,,,,,,,,,
2026-07-20T19:27:20.432372Z,"{'#attributes': {'Qualifiers': 32768}, '#text': 3051}",DC01.darkzero.htb,Microsoft-Windows-ActiveDirectory_DomainService,Directory Service,815,3,,,,,,,,,,,,,,
2026-07-20T19:27:20.432372Z,"{'#attributes': {'Qualifiers': 32768}, '#text': 3054}",DC01.darkzero.htb,Microsoft-Windows-ActiveDirectory_DomainService,Directory Service,816,3,,,,,,,,,,,,,,
2026-07-20T19:27:20.683588Z,"{'#attributes': {'Qualifiers': 16384}, '#text': 2121}",DC01.darkzero.htb,Microsoft-Windows-ActiveDirectory_DomainService,Directory Service,817,4,,,,,,,,,,,,,,
2026-07-20T19:27:20.683588Z,"{'#attributes': {'Qualifiers': 16384}, '#text': 2406}",DC01.darkzero.htb,Microsoft-Windows-ActiveDirectory_DomainService,Directory Service,818,4,,Recycle Bin Feature,,,,,,,,,,,,
2026-07-20T19:27:20.683588Z,"{'#attributes': {'Qualifiers': 16384}, '#text': 2406}",DC01.darkzero.htb,Microsoft-Windows-ActiveDirectory_DomainService,Directory Service,819,4,,Privileged Access Management Feature,,,,,,,,,,,,
2026-07-20T19:27:20.683588Z,"{'#attributes': {'Qualifiers': 16384}, '#text': 2406}",DC01.darkzero.htb,Microsoft-Windows-ActiveDirectory_DomainService,Directory Service,820,4,,Database 32k Pages Feature,,,,,,,,,,,,
2026-07-20T19:27:20.685892Z,"{'#attributes': {'Qualifiers': 16384}, '#text': 2168}",DC01.darkzero.htb,Microsoft-Windows-ActiveDirectory_DomainService,Directory Service,821,4,,5399198234791390327,,,,,,,,,,,,
2026-07-20T19:27:20.685892Z,"{'#attributes': {'Qualifiers': 16384}, '#text': 2172}",DC01.darkzero.htb,Microsoft-Windows-ActiveDirectory_DomainService,Directory Service,822,4,,7717295651777792940,,,,,,,,,,,,
2026-07-20T19:27:20.685892Z,"{'#attributes': {'Qualifiers': 32768}, '#text': 2170}",DC01.darkzero.htb,Microsoft-Windows-ActiveDirectory_DomainService,Directory Service,823,3,,,7717295651777792940,5399198234791390327,,,,,,,,,,
2026-07-20T19:27:20.694039Z,"{'#attributes': {'Qualifiers': 16384}, '#text': 1109}",DC01.darkzero.htb,Microsoft-Windows-ActiveDirectory_DomainService,Directory Service,824,4,,,07405c1d-e88a-47b5-8ffd-48d41ad477db,0edc31a3-1cea-4db7-96b8-c86a14850f8b,,,127005,,,,,,,
2026-07-20T19:27:20.720936Z,"{'#attributes': {'Qualifiers': 16384}, '#text': 2208}",DC01.darkzero.htb,Microsoft-Windows-ActiveDirectory_DomainService,Directory Service,825,4,,,,,,,,,,,,,,
2026-07-20T19:27:20.727027Z,"{'#attributes': {'Qualifiers': 16384}, '#text': 2179}",DC01.darkzero.htb,Microsoft-Windows-ActiveDirectory_DomainService,Directory Service,826,4,,5399198234791390327,,,,,,,,,,,,
2026-07-20T19:27:20.743008Z,"{'#attributes': {'Qualifiers': 16384}, '#text': 2405}",DC01.darkzero.htb,Microsoft-Windows-ActiveDirectory_DomainService,Directory Service,827,4,,Privileged Access Management Feature,,,,,,,,,,,,
2026-07-20T19:27:20.743008Z,"{'#attributes': {'Qualifiers': 16384}, '#text': 2120}",DC01.darkzero.htb,Microsoft-Windows-ActiveDirectory_DomainService,Directory Service,828,4,,,,,,,,,,,,,,
2026-07-20T19:27:20.743008Z,"{'#attributes': {'Qualifiers': 16384}, '#text': 2405}",DC01.darkzero.htb,Microsoft-Windows-ActiveDirectory_DomainService,Directory Service,829,4,,Recycle Bin Feature,,,,,,,,,,,,
2026-07-20T19:27:20.743008Z,"{'#attributes': {'Qualifiers': 16384}, '#text': 2405}",DC01.darkzero.htb,Microsoft-Windows-ActiveDirectory_DomainService,Directory Service,830,4,,Database 32k Pages Feature,,,,,,,,,,,,
2026-07-20T19:27:30.819194Z,"{'#attributes': {'Qualifiers': 16384}, '#text': 1000}",DC01.darkzero.htb,Microsoft-Windows-ActiveDirectory_DomainService,Directory Service,831,4,,,,,,,,,,,,,,
2026-07-20T19:28:00.840725Z,"{'#attributes': {'Qualifiers': 16384}, '#text': 1394}",DC01.darkzero.htb,Microsoft-Windows-ActiveDirectory_DomainService,Directory Service,832,4,,,,,,,,,,,,,,
2026-07-20T19:42:31.191353Z,"{'#attributes': {'Qualifiers': 0}, '#text': 102}",DC01.darkzero.htb,NTDS ISAM,Directory Service,833,4,,,NTDS,"888,P,98,0",,,NTDSA: ,0,10,00,26100,0000,,
2026-07-20T19:42:31.192015Z,"{'#attributes': {'Qualifiers': 0}, '#text': 105}",DC01.darkzero.htb,NTDS ISAM,Directory Service,834,4,,,NTDS,"888,D,0,0",,,NTDSA: ,0,0.110,"
[1] 0.001927 +J(0) +M(C:0K, Fs:184, WS:716K # 112K, PF:5420K # 2420K, P:5420K)
[2] 0.005681 +J(0) +M(C:64K, Fs:95, WS:368K # 368K, PF:364K # 364K, P:364K)
[3] 0.000502 +J(0) +M(C:0K, Fs:3, WS:12K # 12K, PF:64K # 64K, P:64K)
[4] 0.013996 -0.000355 (1) WT +J(0) +M(C:0K, Fs:144, WS:496K # 496K, PF:6868K # 6868K, P:6868K)
[5] 0.000391 +J(0) +M(C:0K, Fs:1, WS:4K # 4K, PF:0K # 0K, P:0K)
[6] 0.005658 +J(0) +M(C:0K, Fs:21, WS:80K # 80K, PF:16K # 16K, P:16K)
[7] 0.050590 -0.042940 (21) WT +J(0) +M(C:0K, Fs:2578, WS:10288K # 10288K, PF:10260K # 10260K, P:10260K)
[8] -
[9] -
[10] -
[11] -
[12] -
[13] 0.029313 -0.023371 (22) WT +J(CM:0, PgRf:0, Rd:0/0, Dy:0/0, Lg:616/1) +M(C:0K, Fs:14, WS:-10200K # 24K, PF:-10256K # 12K, P:-10256K)
[14] 0.000030 +J(0) +M(C:0K, Fs:1, WS:4K # 0K, PF:0K # 0K, P:0K)
[15] 0.001037 +J(0) +M(C:0K, Fs:615, WS:2460K # 0K, PF:64K # 0K, P:64K)
[16] 0.000802 -0.000461 (1) WT +J(0) +M(C:0K, Fs:3, WS:4K # 0K, PF:4K # 0K, P:4K).","RBSOn = 0
",,,
2026-07-20T19:42:31.192330Z,"{'#attributes': {'Qualifiers': 0}, '#text': 330}",DC01.darkzero.htb,NTDS ISAM,Directory Service,835,4,,,NTDS,"888,D,50,0",,,NTDSA: ,C:\Windows\NTDS\ntds.dit,0x2580 (9600),9600 (0x2580),9620 (0x2594),,,
2026-07-20T19:42:31.192758Z,"{'#attributes': {'Qualifiers': 0}, '#text': 326}",DC01.darkzero.htb,NTDS ISAM,Directory Service,836,4,,,NTDS,"888,D,50,0",,,NTDSA: ,1,C:\Windows\NTDS\ntds.dit,0,"
[1] 0.000005 +J(0) +M(C:0K, Fs:1, WS:4K # 0K, PF:0K # 0K, P:0K)
[2] 0.000697 -0.000396 (1) WT +J(0) +M(C:0K, Fs:26, WS:40K # 0K, PF:32K # 0K, P:32K)
[3] 0.009661 -0.004613 (6) WT +J(CM:0, PgRf:0, Rd:0/0, Dy:0/0, Lg:3480/2) +M(C:0K, Fs:40, WS:128K # 0K, PF:128K # 0K, P:128K)
[4] 0.001060 +J(0) +M(C:0K, Fs:1, WS:4K # 0K, PF:0K # 0K, P:0K)
[5] -
[6] 0.006326 -0.002275 (2) CM -0.002188 (2) WT +J(CM:2, PgRf:2, Rd:0/2, Dy:0/0, Lg:0/0) +M(C:-56K, Fs:65, WS:204K # 0K, PF:144K # 0K, P:144K)
[7] 0.000005 +J(0)
[8] 0.003747 -0.000576 (1) CM -0.000521 (1) WT +J(CM:1, PgRf:1, Rd:4/1, Dy:0/0, Lg:0/0) +M(C:156K, Fs:63, WS:220K # 0K, PF:356K # 0K, P:356K)
[9] -
[10] -
[11] -
[12] 0.000309 +J(CM:0, PgRf:0, Rd:0/0, Dy:0/0, Lg:54/1) +M(C:0K, Fs:3, WS:12K # 0K, PF:20K # 0K, P:20K)
[13] 0.005545 -0.003749 (3) CM -0.003632 (3) WT +J(CM:3, PgRf:23, Rd:0/3, Dy:0/0, Lg:0/0) +M(C:-116K, Fs:29, WS:0K # 0K, PF:-80K # 0K, P:-80K)
[14] 0.002161 -0.001927 (2) CM -0.001850 (2) WT +J(CM:2, PgRf:40, Rd:0/2, Dy:0/0, Lg:0/0) +M(C:-24K, Fs:9, WS:-12K # 0K, PF:40K # 0K, P:40K)
[15] 0.000009 +J(CM:0, PgRf:1, Rd:0/0, Dy:0/0, Lg:0/0)
[16] 0.000012 +J(CM:0, PgRf:1, Rd:0/0, Dy:0/0, Lg:0/0) +M(C:0K, Fs:1, WS:4K # 0K, PF:0K # 0K, P:0K)
[17] 0.000076 +J(CM:0, PgRf:48, Rd:0/0, Dy:0/0, Lg:0/0) +M(C:0K, Fs:6, WS:24K # 0K, PF:0K # 0K, P:0K)
[18] 0.0 +J(0)
[19] 0.0 +J(0)
[20] 0.000023 +J(CM:0, PgRf:2, Rd:0/0, Dy:0/0, Lg:0/0) +M(C:0K, Fs:3, WS:12K # 0K, PF:0K # 0K, P:0K).",0 0,"lgposAttach = 00000003:013D:0268,
dbv = 1568.290.600 (9600)",
2026-07-20T19:42:31.193204Z,"{'#attributes': {'Qualifiers': 0}, '#text': 330}",DC01.darkzero.htb,NTDS ISAM,Directory Service,837,4,,,NTDS,"888,D,2,0",,,NTDSA: ,C:\Windows\NTDS\temp.edb,0x2580 (9600),9600 (0x2580),9620 (0x2594),,,
2026-07-20T19:42:31.193558Z,"{'#attributes': {'Qualifiers': 0}, '#text': 700}",DC01.darkzero.htb,NTDS ISAM,Directory Service,838,4,,,NTDS,"888,D,0,0",,,NTDSA: ,C:\Windows\NTDS\ntds.dit,,,,,,
2026-07-20T19:42:31.345903Z,"{'#attributes': {'Qualifiers': 0}, '#text': 701}",DC01.darkzero.htb,NTDS ISAM,Directory Service,839,4,,,NTDS,"888,D,0,0",,,NTDSA: ,C:\Windows\NTDS\ntds.dit,0,7/20/2026,0,1,1,21
2026-07-20T19:42:30.948376Z,"{'#attributes': {'Qualifiers': 16384}, '#text': 1869}",DC01.darkzero.htb,Microsoft-Windows-ActiveDirectory_DomainService,Directory Service,840,4,,,\\DC01.darkzero.htb,Default-First-Site-Name,,,,,,,,,,
2026-07-20T19:42:31.180433Z,"{'#attributes': {'Qualifiers': 16384}, '#text': 3033}",DC01.darkzero.htb,Microsoft-Windows-ActiveDirectory_DomainService,Directory Service,841,4,,,,,,,,,,,,,,
2026-07-20T19:42:31.180433Z,"{'#attributes': {'Qualifiers': 16384}, '#text': 3027}",DC01.darkzero.htb,Microsoft-Windows-ActiveDirectory_DomainService,Directory Service,842,4,,3600,,,,,,,,,,,,
2026-07-20T20:27:16.629134Z,"{'#attributes': {'Qualifiers': 16384}, '#text': 2179}",DC01.darkzero.htb,Microsoft-Windows-ActiveDirectory_DomainService,Directory Service,843,4,,5399198234791390327,,,,,,,,,,,,
2026-07-20T20:27:16.800415Z,"{'#attributes': {'Qualifiers': 16384}, '#text': 1004}",DC01.darkzero.htb,Microsoft-Windows-ActiveDirectory_DomainService,Directory Service,844,4,,,,,,,,,,,,,,
2026-07-21T12:23:32.359927Z,"{'#attributes': {'Qualifiers': 32768}, '#text': 3051}",DC01.darkzero.htb,Microsoft-Windows-ActiveDirectory_DomainService,Directory Service,845,3,,,,,,,,,,,,,,
2026-07-21T12:23:32.359927Z,"{'#attributes': {'Qualifiers': 32768}, '#text': 3054}",DC01.darkzero.htb,Microsoft-Windows-ActiveDirectory_DomainService,Directory Service,846,3,,,,,,,,,,,,,,
2026-07-21T12:23:32.546396Z,"{'#attributes': {'Qualifiers': 16384}, '#text': 2121}",DC01.darkzero.htb,Microsoft-Windows-ActiveDirectory_DomainService,Directory Service,847,4,,,,,,,,,,,,,,
2026-07-21T12:23:32.546396Z,"{'#attributes': {'Qualifiers': 16384}, '#text': 2406}",DC01.darkzero.htb,Microsoft-Windows-ActiveDirectory_DomainService,Directory Service,848,4,,Recycle Bin Feature,,,,,,,,,,,,
2026-07-21T12:23:32.546396Z,"{'#attributes': {'Qualifiers': 16384}, '#text': 2406}",DC01.darkzero.htb,Microsoft-Windows-ActiveDirectory_DomainService,Directory Service,849,4,,Privileged Access Management Feature,,,,,,,,,,,,
2026-07-21T12:23:32.546396Z,"{'#attributes': {'Qualifiers': 16384}, '#text': 2406}",DC01.darkzero.htb,Microsoft-Windows-ActiveDirectory_DomainService,Directory Service,850,4,,Database 32k Pages Feature,,,,,,,,,,,,
2026-07-21T12:23:32.548428Z,"{'#attributes': {'Qualifiers': 16384}, '#text': 2168}",DC01.darkzero.htb,Microsoft-Windows-ActiveDirectory_DomainService,Directory Service,851,4,,6588564651763685020,,,,,,,,,,,,
2026-07-21T12:23:32.548428Z,"{'#attributes': {'Qualifiers': 16384}, '#text': 2172}",DC01.darkzero.htb,Microsoft-Windows-ActiveDirectory_DomainService,Directory Service,852,4,,5399198234791390327,,,,,,,,,,,,
2026-07-21T12:23:32.548428Z,"{'#attributes': {'Qualifiers': 32768}, '#text': 2170}",DC01.darkzero.htb,Microsoft-Windows-ActiveDirectory_DomainService,Directory Service,853,3,,,5399198234791390327,6588564651763685020,,,,,,,,,,
2026-07-21T12:23:32.556055Z,"{'#attributes': {'Qualifiers': 16384}, '#text': 1109}",DC01.darkzero.htb,Microsoft-Windows-ActiveDirectory_DomainService,Directory Service,854,4,,,0edc31a3-1cea-4db7-96b8-c86a14850f8b,8f22cc2c-5e52-44f7-921d-1d0ad187b5f4,,,131102,,,,,,,
2026-07-21T12:23:32.587500Z,"{'#attributes': {'Qualifiers': 16384}, '#text': 2208}",DC01.darkzero.htb,Microsoft-Windows-ActiveDirectory_DomainService,Directory Service,855,4,,,,,,,,,,,,,,
2026-07-21T12:23:32.597781Z,"{'#attributes': {'Qualifiers': 16384}, '#text': 2179}",DC01.darkzero.htb,Microsoft-Windows-ActiveDirectory_DomainService,Directory Service,856,4,,6588564651763685020,,,,,,,,,,,,
2026-07-21T12:23:32.611692Z,"{'#attributes': {'Qualifiers': 16384}, '#text': 2405}",DC01.darkzero.htb,Microsoft-Windows-ActiveDirectory_DomainService,Directory Service,857,4,,Privileged Access Management Feature,,,,,,,,,,,,
2026-07-21T12:23:32.611692Z,"{'#attributes': {'Qualifiers': 16384}, '#text': 2120}",DC01.darkzero.htb,Microsoft-Windows-ActiveDirectory_DomainService,Directory Service,858,4,,,,,,,,,,,,,,
2026-07-21T12:23:32.611692Z,"{'#attributes': {'Qualifiers': 16384}, '#text': 2405}",DC01.darkzero.htb,Microsoft-Windows-ActiveDirectory_DomainService,Directory Service,859,4,,Recycle Bin Feature,,,,,,,,,,,,
2026-07-21T12:23:32.611692Z,"{'#attributes': {'Qualifiers': 16384}, '#text': 2405}",DC01.darkzero.htb,Microsoft-Windows-ActiveDirectory_DomainService,Directory Service,860,4,,Database 32k Pages Feature,,,,,,,,,,,,
2026-07-21T12:23:42.662172Z,"{'#attributes': {'Qualifiers': 16384}, '#text': 1000}",DC01.darkzero.htb,Microsoft-Windows-ActiveDirectory_DomainService,Directory Service,861,4,,,,,,,,,,,,,,
2026-07-21T12:24:12.747129Z,"{'#attributes': {'Qualifiers': 16384}, '#text': 1394}",DC01.darkzero.htb,Microsoft-Windows-ActiveDirectory_DomainService,Directory Service,862,4,,,,,,,,,,,,,,
2026-07-21T12:38:43.147402Z,"{'#attributes': {'Qualifiers': 0}, '#text': 102}",DC01.darkzero.htb,NTDS ISAM,Directory Service,863,4,,,NTDS,"880,P,98,0",,,NTDSA: ,0,10,00,26100,0000,,
2026-07-21T12:38:43.148128Z,"{'#attributes': {'Qualifiers': 0}, '#text': 105}",DC01.darkzero.htb,NTDS ISAM,Directory Service,864,4,,,NTDS,"880,D,0,0",,,NTDSA: ,0,0.142,"
[1] 0.002292 +J(0) +M(C:0K, Fs:184, WS:716K # 112K, PF:5420K # 2416K, P:5420K)
[2] 0.025025 +J(0) +M(C:64K, Fs:95, WS:368K # 368K, PF:364K # 364K, P:364K)
[3] 0.000474 +J(0) +M(C:0K, Fs:3, WS:12K # 12K, PF:64K # 64K, P:64K)
[4] 0.019937 -0.001759 (1) WT +J(0) +M(C:0K, Fs:146, WS:508K # 508K, PF:6852K # 6852K, P:6852K)
[5] 0.000493 +J(0)
[6] 0.003917 +J(0) +M(C:0K, Fs:21, WS:80K # 80K, PF:16K # 16K, P:16K)
[7] 0.046197 -0.037651 (21) WT +J(0) +M(C:0K, Fs:2578, WS:10288K # 10288K, PF:10260K # 10260K, P:10260K)
[8] -
[9] -
[10] -
[11] -
[12] -
[13] 0.042088 -0.035750 (22) WT +J(CM:0, PgRf:0, Rd:0/0, Dy:0/0, Lg:616/1) +M(C:0K, Fs:14, WS:-10200K # 24K, PF:-10256K # 12K, P:-10256K)
[14] 0.000028 +J(0) +M(C:0K, Fs:1, WS:4K # 0K, PF:0K # 0K, P:0K)
[15] 0.000889 +J(0) +M(C:0K, Fs:615, WS:2460K # 0K, PF:64K # 0K, P:64K)
[16] 0.000696 -0.000423 (1) WT +J(0) +M(C:0K, Fs:3, WS:4K # 0K, PF:4K # 0K, P:4K).","RBSOn = 0
",,,
2026-07-21T12:38:43.148577Z,"{'#attributes': {'Qualifiers': 0}, '#text': 330}",DC01.darkzero.htb,NTDS ISAM,Directory Service,865,4,,,NTDS,"880,D,50,0",,,NTDSA: ,C:\Windows\NTDS\ntds.dit,0x2580 (9600),9600 (0x2580),9620 (0x2594),,,
2026-07-21T12:38:43.149000Z,"{'#attributes': {'Qualifiers': 0}, '#text': 326}",DC01.darkzero.htb,NTDS ISAM,Directory Service,866,4,,,NTDS,"880,D,50,0",,,NTDSA: ,1,C:\Windows\NTDS\ntds.dit,0,"
[1] 0.000006 +J(0) +M(C:0K, Fs:1, WS:4K # 0K, PF:0K # 0K, P:0K)
[2] 0.001100 -0.000711 (1) WT +J(0) +M(C:0K, Fs:26, WS:40K # 0K, PF:32K # 0K, P:32K)
[3] 0.008687 -0.003771 (6) WT +J(CM:0, PgRf:0, Rd:0/0, Dy:0/0, Lg:3480/2) +M(C:0K, Fs:40, WS:124K # 0K, PF:128K # 0K, P:128K)
[4] 0.001086 +J(0) +M(C:0K, Fs:1, WS:4K # 0K, PF:0K # 0K, P:0K)
[5] -
[6] 0.004437 -0.000951 (2) CM -0.000867 (2) WT +J(CM:2, PgRf:2, Rd:0/2, Dy:0/0, Lg:0/0) +M(C:-56K, Fs:65, WS:204K # 0K, PF:144K # 0K, P:144K)
[7] 0.000004 +J(0)
[8] 0.004094 -0.000767 (1) CM -0.000722 (1) WT +J(CM:1, PgRf:1, Rd:4/1, Dy:0/0, Lg:0/0) +M(C:156K, Fs:62, WS:220K # 0K, PF:352K # 0K, P:352K)
[9] -
[10] -
[11] -
[12] 0.000318 +J(CM:0, PgRf:0, Rd:0/0, Dy:0/0, Lg:54/1) +M(C:0K, Fs:4, WS:16K # 0K, PF:24K # 0K, P:24K)
[13] 0.004136 -0.002365 (3) CM -0.002243 (3) WT +J(CM:3, PgRf:23, Rd:0/3, Dy:0/0, Lg:0/0) +M(C:-116K, Fs:33, WS:-4K # 0K, PF:-84K # 0K, P:-84K)
[14] 0.002647 -0.002337 (3) CM -0.002225 (3) WT +J(CM:3, PgRf:40, Rd:0/3, Dy:0/0, Lg:0/0) +M(C:0K, Fs:22, WS:12K # 0K, PF:64K # 0K, P:64K)
[15] 0.000666 -0.000602 (1) CM -0.000564 (1) WT +J(CM:1, PgRf:1, Rd:0/1, Dy:0/0, Lg:0/0) +M(C:0K, Fs:7, WS:0K # 0K, PF:0K # 0K, P:0K)
[16] 0.000023 +J(CM:0, PgRf:1, Rd:0/0, Dy:0/0, Lg:0/0) +M(C:0K, Fs:1, WS:4K # 0K, PF:0K # 0K, P:0K)
[17] 0.000085 +J(CM:0, PgRf:48, Rd:0/0, Dy:0/0, Lg:0/0) +M(C:0K, Fs:6, WS:24K # 0K, PF:0K # 0K, P:0K)
[18] 0.000001 +J(0)
[19] 0.0 +J(0)
[20] 0.000024 +J(CM:0, PgRf:2, Rd:0/0, Dy:0/0, Lg:0/0) +M(C:0K, Fs:3, WS:12K # 0K, PF:0K # 0K, P:0K).",0 0,"lgposAttach = 00000003:015D:0268,
dbv = 1568.290.600 (9600)",
2026-07-21T12:38:43.149397Z,"{'#attributes': {'Qualifiers': 0}, '#text': 330}",DC01.darkzero.htb,NTDS ISAM,Directory Service,867,4,,,NTDS,"880,D,2,0",,,NTDSA: ,C:\Windows\NTDS\temp.edb,0x2580 (9600),9600 (0x2580),9620 (0x2594),,,
2026-07-21T12:38:43.149865Z,"{'#attributes': {'Qualifiers': 0}, '#text': 700}",DC01.darkzero.htb,NTDS ISAM,Directory Service,868,4,,,NTDS,"880,D,0,0",,,NTDSA: ,C:\Windows\NTDS\ntds.dit,,,,,,
2026-07-21T12:38:43.330559Z,"{'#attributes': {'Qualifiers': 0}, '#text': 701}",DC01.darkzero.htb,NTDS ISAM,Directory Service,869,4,,,NTDS,"880,D,0,0",,,NTDSA: ,C:\Windows\NTDS\ntds.dit,0,7/21/2026,0,1,1,22
2026-07-21T12:38:42.690336Z,"{'#attributes': {'Qualifiers': 16384}, '#text': 1869}",DC01.darkzero.htb,Microsoft-Windows-ActiveDirectory_DomainService,Directory Service,870,4,,,\\DC01.darkzero.htb,Default-First-Site-Name,,,,,,,,,,
2026-07-21T12:38:43.140080Z,"{'#attributes': {'Qualifiers': 16384}, '#text': 3033}",DC01.darkzero.htb,Microsoft-Windows-ActiveDirectory_DomainService,Directory Service,871,4,,,,,,,,,,,,,,
2026-07-21T12:38:43.140080Z,"{'#attributes': {'Qualifiers': 16384}, '#text': 3027}",DC01.darkzero.htb,Microsoft-Windows-ActiveDirectory_DomainService,Directory Service,872,4,,3600,,,,,,,,,,,,
2026-07-21T13:18:35.549090Z,"{'#attributes': {'Qualifiers': 16384}, '#text': 2179}",DC01.darkzero.htb,Microsoft-Windows-ActiveDirectory_DomainService,Directory Service,873,4,,6588564651763685020,,,,,,,,,,,,
2026-07-21T13:18:36.197706Z,"{'#attributes': {'Qualifiers': 16384}, '#text': 1004}",DC01.darkzero.htb,Microsoft-Windows-ActiveDirectory_DomainService,Directory Service,874,4,,,,,,,,,,,,,,
2026-07-23T12:23:24.165263Z,"{'#attributes': {'Qualifiers': 32768}, '#text': 3051}",DC01.darkzero.htb,Microsoft-Windows-ActiveDirectory_DomainService,Directory Service,875,3,,,,,,,,,,,,,,
2026-07-23T12:23:24.165263Z,"{'#attributes': {'Qualifiers': 32768}, '#text': 3054}",DC01.darkzero.htb,Microsoft-Windows-ActiveDirectory_DomainService,Directory Service,876,3,,,,,,,,,,,,,,
2026-07-23T12:23:24.379731Z,"{'#attributes': {'Qualifiers': 16384}, '#text': 2121}",DC01.darkzero.htb,Microsoft-Windows-ActiveDirectory_DomainService,Directory Service,877,4,,,,,,,,,,,,,,
2026-07-23T12:23:24.379731Z,"{'#attributes': {'Qualifiers': 16384}, '#text': 2406}",DC01.darkzero.htb,Microsoft-Windows-ActiveDirectory_DomainService,Directory Service,878,4,,Recycle Bin Feature,,,,,,,,,,,,
2026-07-23T12:23:24.379731Z,"{'#attributes': {'Qualifiers': 16384}, '#text': 2406}",DC01.darkzero.htb,Microsoft-Windows-ActiveDirectory_DomainService,Directory Service,879,4,,Privileged Access Management Feature,,,,,,,,,,,,
2026-07-23T12:23:24.379731Z,"{'#attributes': {'Qualifiers': 16384}, '#text': 2406}",DC01.darkzero.htb,Microsoft-Windows-ActiveDirectory_DomainService,Directory Service,880,4,,Database 32k Pages Feature,,,,,,,,,,,,
2026-07-23T12:23:24.381762Z,"{'#attributes': {'Qualifiers': 16384}, '#text': 2168}",DC01.darkzero.htb,Microsoft-Windows-ActiveDirectory_DomainService,Directory Service,881,4,,553944325343950857,,,,,,,,,,,,
2026-07-23T12:23:24.381762Z,"{'#attributes': {'Qualifiers': 16384}, '#text': 2172}",DC01.darkzero.htb,Microsoft-Windows-ActiveDirectory_DomainService,Directory Service,882,4,,6588564651763685020,,,,,,,,,,,,
2026-07-23T12:23:24.381762Z,"{'#attributes': {'Qualifiers': 32768}, '#text': 2170}",DC01.darkzero.htb,Microsoft-Windows-ActiveDirectory_DomainService,Directory Service,883,3,,,6588564651763685020,553944325343950857,,,,,,,,,,
2026-07-23T12:23:24.390393Z,"{'#attributes': {'Qualifiers': 16384}, '#text': 1109}",DC01.darkzero.htb,Microsoft-Windows-ActiveDirectory_DomainService,Directory Service,884,4,,,8f22cc2c-5e52-44f7-921d-1d0ad187b5f4,b1a7fec8-b910-4b75-9044-a7b62d87efa8,,,135199,,,,,,,
2026-07-23T12:23:24.413927Z,"{'#attributes': {'Qualifiers': 16384}, '#text': 2208}",DC01.darkzero.htb,Microsoft-Windows-ActiveDirectory_DomainService,Directory Service,885,4,,,,,,,,,,,,,,
2026-07-23T12:23:24.421842Z,"{'#attributes': {'Qualifiers': 16384}, '#text': 2179}",DC01.darkzero.htb,Microsoft-Windows-ActiveDirectory_DomainService,Directory Service,886,4,,553944325343950857,,,,,,,,,,,,
2026-07-23T12:23:24.437797Z,"{'#attributes': {'Qualifiers': 16384}, '#text': 2405}",DC01.darkzero.htb,Microsoft-Windows-ActiveDirectory_DomainService,Directory Service,887,4,,Privileged Access Management Feature,,,,,,,,,,,,
2026-07-23T12:23:24.437797Z,"{'#attributes': {'Qualifiers': 16384}, '#text': 2120}",DC01.darkzero.htb,Microsoft-Windows-ActiveDirectory_DomainService,Directory Service,888,4,,,,,,,,,,,,,,
2026-07-23T12:23:24.437797Z,"{'#attributes': {'Qualifiers': 16384}, '#text': 2405}",DC01.darkzero.htb,Microsoft-Windows-ActiveDirectory_DomainService,Directory Service,889,4,,Recycle Bin Feature,,,,,,,,,,,,
2026-07-23T12:23:24.437797Z,"{'#attributes': {'Qualifiers': 16384}, '#text': 2405}",DC01.darkzero.htb,Microsoft-Windows-ActiveDirectory_DomainService,Directory Service,890,4,,Database 32k Pages Feature,,,,,,,,,,,,
2026-07-23T12:23:34.453908Z,"{'#attributes': {'Qualifiers': 16384}, '#text': 1000}",DC01.darkzero.htb,Microsoft-Windows-ActiveDirectory_DomainService,Directory Service,891,4,,,,,,,,,,,,,,
2026-07-23T12:24:04.468850Z,"{'#attributes': {'Qualifiers': 16384}, '#text': 1394}",DC01.darkzero.htb,Microsoft-Windows-ActiveDirectory_DomainService,Directory Service,892,4,,,,,,,,,,,,,,
2026-07-23T12:29:04.019434Z,"{'#attributes': {'Qualifiers': 16384}, '#text': 2179}",DC01.darkzero.htb,Microsoft-Windows-ActiveDirectory_DomainService,Directory Service,893,4,,553944325343950857,,,,,,,,,,,,
2026-07-23T12:29:04.393908Z,"{'#attributes': {'Qualifiers': 16384}, '#text': 1004}",DC01.darkzero.htb,Microsoft-Windows-ActiveDirectory_DomainService,Directory Service,894,4,,,,,,,,,,,,,,
2026-07-23T12:29:42.929724Z,"{'#attributes': {'Qualifiers': 32768}, '#text': 3051}",DC01.darkzero.htb,Microsoft-Windows-ActiveDirectory_DomainService,Directory Service,895,3,,,,,,,,,,,,,,
2026-07-23T12:29:42.929724Z,"{'#attributes': {'Qualifiers': 32768}, '#text': 3054}",DC01.darkzero.htb,Microsoft-Windows-ActiveDirectory_DomainService,Directory Service,896,3,,,,,,,,,,,,,,
2026-07-23T12:29:43.149913Z,"{'#attributes': {'Qualifiers': 16384}, '#text': 2121}",DC01.darkzero.htb,Microsoft-Windows-ActiveDirectory_DomainService,Directory Service,897,4,,,,,,,,,,,,,,
2026-07-23T12:29:43.149913Z,"{'#attributes': {'Qualifiers': 16384}, '#text': 2406}",DC01.darkzero.htb,Microsoft-Windows-ActiveDirectory_DomainService,Directory Service,898,4,,Recycle Bin Feature,,,,,,,,,,,,
2026-07-23T12:29:43.151519Z,"{'#attributes': {'Qualifiers': 16384}, '#text': 2406}",DC01.darkzero.htb,Microsoft-Windows-ActiveDirectory_DomainService,Directory Service,899,4,,Privileged Access Management Feature,,,,,,,,,,,,
2026-07-23T12:29:43.151519Z,"{'#attributes': {'Qualifiers': 16384}, '#text': 2406}",DC01.darkzero.htb,Microsoft-Windows-ActiveDirectory_DomainService,Directory Service,900,4,,Database 32k Pages Feature,,,,,,,,,,,,
2026-07-23T12:29:43.151519Z,"{'#attributes': {'Qualifiers': 16384}, '#text': 2168}",DC01.darkzero.htb,Microsoft-Windows-ActiveDirectory_DomainService,Directory Service,901,4,,553944325343950857,,,,,,,,,,,,
2026-07-23T12:29:43.151519Z,"{'#attributes': {'Qualifiers': 16384}, '#text': 2172}",DC01.darkzero.htb,Microsoft-Windows-ActiveDirectory_DomainService,Directory Service,902,4,,553944325343950857,,,,,,,,,,,,
2026-07-23T12:29:43.169705Z,"{'#attributes': {'Qualifiers': 16384}, '#text': 2405}",DC01.darkzero.htb,Microsoft-Windows-ActiveDirectory_DomainService,Directory Service,903,4,,Privileged Access Management Feature,,,,,,,,,,,,
2026-07-23T12:29:43.169705Z,"{'#attributes': {'Qualifiers': 16384}, '#text': 2120}",DC01.darkzero.htb,Microsoft-Windows-ActiveDirectory_DomainService,Directory Service,904,4,,,,,,,,,,,,,,
2026-07-23T12:29:43.169705Z,"{'#attributes': {'Qualifiers': 16384}, '#text': 2405}",DC01.darkzero.htb,Microsoft-Windows-ActiveDirectory_DomainService,Directory Service,905,4,,Recycle Bin Feature,,,,,,,,,,,,
2026-07-23T12:29:43.169705Z,"{'#attributes': {'Qualifiers': 16384}, '#text': 2405}",DC01.darkzero.htb,Microsoft-Windows-ActiveDirectory_DomainService,Directory Service,906,4,,Database 32k Pages Feature,,,,,,,,,,,,
2026-07-23T12:29:53.375253Z,"{'#attributes': {'Qualifiers': 16384}, '#text': 1000}",DC01.darkzero.htb,Microsoft-Windows-ActiveDirectory_DomainService,Directory Service,907,4,,,,,,,,,,,,,,
2026-07-23T12:30:23.477092Z,"{'#attributes': {'Qualifiers': 16384}, '#text': 1394}",DC01.darkzero.htb,Microsoft-Windows-ActiveDirectory_DomainService,Directory Service,908,4,,,,,,,,,,,,,,
2026-07-23T12:35:48.176918Z,"{'#attributes': {'Qualifiers': 16384}, '#text': 2179}",DC01.darkzero.htb,Microsoft-Windows-ActiveDirectory_DomainService,Directory Service,909,4,,553944325343950857,,,,,,,,,,,,
2026-07-23T12:35:48.830097Z,"{'#attributes': {'Qualifiers': 16384}, '#text': 1004}",DC01.darkzero.htb,Microsoft-Windows-ActiveDirectory_DomainService,Directory Service,910,4,,,,,,,,,,,,,,
2026-07-23T13:02:10.753986Z,"{'#attributes': {'Qualifiers': 32768}, '#text': 3051}",DC01.darkzero.htb,Microsoft-Windows-ActiveDirectory_DomainService,Directory Service,911,3,,,,,,,,,,,,,,
2026-07-23T13:02:10.753986Z,"{'#attributes': {'Qualifiers': 32768}, '#text': 3054}",DC01.darkzero.htb,Microsoft-Windows-ActiveDirectory_DomainService,Directory Service,912,3,,,,,,,,,,,,,,
2026-07-23T13:02:11.179294Z,"{'#attributes': {'Qualifiers': 16384}, '#text': 2121}",DC01.darkzero.htb,Microsoft-Windows-ActiveDirectory_DomainService,Directory Service,913,4,,,,,,,,,,,,,,
2026-07-23T13:02:11.179294Z,"{'#attributes': {'Qualifiers': 16384}, '#text': 2406}",DC01.darkzero.htb,Microsoft-Windows-ActiveDirectory_DomainService,Directory Service,914,4,,Recycle Bin Feature,,,,,,,,,,,,
2026-07-23T13:02:11.179294Z,"{'#attributes': {'Qualifiers': 16384}, '#text': 2406}",DC01.darkzero.htb,Microsoft-Windows-ActiveDirectory_DomainService,Directory Service,915,4,,Privileged Access Management Feature,,,,,,,,,,,,
2026-07-23T13:02:11.179294Z,"{'#attributes': {'Qualifiers': 16384}, '#text': 2406}",DC01.darkzero.htb,Microsoft-Windows-ActiveDirectory_DomainService,Directory Service,916,4,,Database 32k Pages Feature,,,,,,,,,,,,
2026-07-23T13:02:11.181323Z,"{'#attributes': {'Qualifiers': 16384}, '#text': 2168}",DC01.darkzero.htb,Microsoft-Windows-ActiveDirectory_DomainService,Directory Service,917,4,,553944325343950857,,,,,,,,,,,,
2026-07-23T13:02:11.181323Z,"{'#attributes': {'Qualifiers': 16384}, '#text': 2172}",DC01.darkzero.htb,Microsoft-Windows-ActiveDirectory_DomainService,Directory Service,918,4,,553944325343950857,,,,,,,,,,,,
2026-07-23T13:02:11.199928Z,"{'#attributes': {'Qualifiers': 16384}, '#text': 2405}",DC01.darkzero.htb,Microsoft-Windows-ActiveDirectory_DomainService,Directory Service,919,4,,Privileged Access Management Feature,,,,,,,,,,,,
2026-07-23T13:02:11.201956Z,"{'#attributes': {'Qualifiers': 16384}, '#text': 2120}",DC01.darkzero.htb,Microsoft-Windows-ActiveDirectory_DomainService,Directory Service,920,4,,,,,,,,,,,,,,
2026-07-23T13:02:11.201956Z,"{'#attributes': {'Qualifiers': 16384}, '#text': 2405}",DC01.darkzero.htb,Microsoft-Windows-ActiveDirectory_DomainService,Directory Service,921,4,,Recycle Bin Feature,,,,,,,,,,,,
2026-07-23T13:02:11.201956Z,"{'#attributes': {'Qualifiers': 16384}, '#text': 2405}",DC01.darkzero.htb,Microsoft-Windows-ActiveDirectory_DomainService,Directory Service,922,4,,Database 32k Pages Feature,,,,,,,,,,,,
2026-07-23T13:02:21.263526Z,"{'#attributes': {'Qualifiers': 16384}, '#text': 1000}",DC01.darkzero.htb,Microsoft-Windows-ActiveDirectory_DomainService,Directory Service,923,4,,,,,,,,,,,,,,
2026-07-23T13:02:51.277103Z,"{'#attributes': {'Qualifiers': 16384}, '#text': 1394}",DC01.darkzero.htb,Microsoft-Windows-ActiveDirectory_DomainService,Directory Service,924,4,,,,,,,,,,,,,,
2026-07-23T13:06:53.892360Z,"{'#attributes': {'Qualifiers': 16384}, '#text': 2179}",DC01.darkzero.htb,Microsoft-Windows-ActiveDirectory_DomainService,Directory Service,925,4,,553944325343950857,,,,,,,,,,,,
2026-07-23T13:06:54.244033Z,"{'#attributes': {'Qualifiers': 16384}, '#text': 1004}",DC01.darkzero.htb,Microsoft-Windows-ActiveDirectory_DomainService,Directory Service,926,4,,,,,,,,,,,,,,
2026-07-23T19:12:14.766624Z,"{'#attributes': {'Qualifiers': 32768}, '#text': 3051}",DC01.darkzero.htb,Microsoft-Windows-ActiveDirectory_DomainService,Directory Service,927,3,,,,,,,,,,,,,,
2026-07-23T19:12:14.766624Z,"{'#attributes': {'Qualifiers': 32768}, '#text': 3054}",DC01.darkzero.htb,Microsoft-Windows-ActiveDirectory_DomainService,Directory Service,928,3,,,,,,,,,,,,,,
2026-07-23T19:12:15.016366Z,"{'#attributes': {'Qualifiers': 16384}, '#text': 2121}",DC01.darkzero.htb,Microsoft-Windows-ActiveDirectory_DomainService,Directory Service,929,4,,,,,,,,,,,,,,
2026-07-23T19:12:15.016366Z,"{'#attributes': {'Qualifiers': 16384}, '#text': 2406}",DC01.darkzero.htb,Microsoft-Windows-ActiveDirectory_DomainService,Directory Service,930,4,,Recycle Bin Feature,,,,,,,,,,,,
2026-07-23T19:12:15.018398Z,"{'#attributes': {'Qualifiers': 16384}, '#text': 2406}",DC01.darkzero.htb,Microsoft-Windows-ActiveDirectory_DomainService,Directory Service,931,4,,Privileged Access Management Feature,,,,,,,,,,,,
2026-07-23T19:12:15.018398Z,"{'#attributes': {'Qualifiers': 16384}, '#text': 2406}",DC01.darkzero.htb,Microsoft-Windows-ActiveDirectory_DomainService,Directory Service,932,4,,Database 32k Pages Feature,,,,,,,,,,,,
2026-07-23T19:12:15.018398Z,"{'#attributes': {'Qualifiers': 16384}, '#text': 2168}",DC01.darkzero.htb,Microsoft-Windows-ActiveDirectory_DomainService,Directory Service,933,4,,1887484154445314065,,,,,,,,,,,,
2026-07-23T19:12:15.018398Z,"{'#attributes': {'Qualifiers': 16384}, '#text': 2172}",DC01.darkzero.htb,Microsoft-Windows-ActiveDirectory_DomainService,Directory Service,934,4,,553944325343950857,,,,,,,,,,,,
2026-07-23T19:12:15.018398Z,"{'#attributes': {'Qualifiers': 32768}, '#text': 2170}",DC01.darkzero.htb,Microsoft-Windows-ActiveDirectory_DomainService,Directory Service,935,3,,,553944325343950857,1887484154445314065,,,,,,,,,,
2026-07-23T19:12:15.030680Z,"{'#attributes': {'Qualifiers': 16384}, '#text': 1109}",DC01.darkzero.htb,Microsoft-Windows-ActiveDirectory_DomainService,Directory Service,936,4,,,b1a7fec8-b910-4b75-9044-a7b62d87efa8,ebeff113-2d93-4abf-803f-1c50fe00af28,,,147490,,,,,,,
2026-07-23T19:12:15.058917Z,"{'#attributes': {'Qualifiers': 16384}, '#text': 2208}",DC01.darkzero.htb,Microsoft-Windows-ActiveDirectory_DomainService,Directory Service,937,4,,,,,,,,,,,,,,
2026-07-23T19:12:15.072105Z,"{'#attributes': {'Qualifiers': 16384}, '#text': 2179}",DC01.darkzero.htb,Microsoft-Windows-ActiveDirectory_DomainService,Directory Service,938,4,,1887484154445314065,,,,,,,,,,,,
2026-07-23T19:12:15.092125Z,"{'#attributes': {'Qualifiers': 16384}, '#text': 2405}",DC01.darkzero.htb,Microsoft-Windows-ActiveDirectory_DomainService,Directory Service,939,4,,Privileged Access Management Feature,,,,,,,,,,,,
2026-07-23T19:12:15.092125Z,"{'#attributes': {'Qualifiers': 16384}, '#text': 2120}",DC01.darkzero.htb,Microsoft-Windows-ActiveDirectory_DomainService,Directory Service,940,4,,,,,,,,,,,,,,
2026-07-23T19:12:15.092125Z,"{'#attributes': {'Qualifiers': 16384}, '#text': 2405}",DC01.darkzero.htb,Microsoft-Windows-ActiveDirectory_DomainService,Directory Service,941,4,,Recycle Bin Feature,,,,,,,,,,,,
2026-07-23T19:12:15.094155Z,"{'#attributes': {'Qualifiers': 16384}, '#text': 2405}",DC01.darkzero.htb,Microsoft-Windows-ActiveDirectory_DomainService,Directory Service,942,4,,Database 32k Pages Feature,,,,,,,,,,,,
2026-07-23T19:12:25.108574Z,"{'#attributes': {'Qualifiers': 16384}, '#text': 1000}",DC01.darkzero.htb,Microsoft-Windows-ActiveDirectory_DomainService,Directory Service,943,4,,,,,,,,,,,,,,
2026-07-23T19:12:55.106177Z,"{'#attributes': {'Qualifiers': 16384}, '#text': 1394}",DC01.darkzero.htb,Microsoft-Windows-ActiveDirectory_DomainService,Directory Service,944,4,,,,,,,,,,,,,,
2026-07-23T19:27:25.503786Z,"{'#attributes': {'Qualifiers': 0}, '#text': 102}",DC01.darkzero.htb,NTDS ISAM,Directory Service,945,4,,,NTDS,"896,P,98,0",,,NTDSA: ,0,10,00,26100,0000,,
2026-07-23T19:27:25.504475Z,"{'#attributes': {'Qualifiers': 0}, '#text': 105}",DC01.darkzero.htb,NTDS ISAM,Directory Service,946,4,,,NTDS,"896,D,0,0",,,NTDSA: ,0,0.199,"
[1] 0.009618 +J(0) +M(C:0K, Fs:183, WS:712K # 108K, PF:5416K # 2416K, P:5416K)
[2] 0.016393 +J(0) +M(C:64K, Fs:96, WS:372K # 372K, PF:368K # 368K, P:368K)
[3] 0.000517 +J(0) +M(C:0K, Fs:3, WS:12K # 12K, PF:64K # 64K, P:64K)
[4] 0.016570 -0.000499 (1) WT +J(0) +M(C:0K, Fs:145, WS:508K # 508K, PF:6856K # 6856K, P:6856K)
[5] 0.000445 +J(0)
[6] 0.006588 +J(0) +M(C:0K, Fs:21, WS:80K # 80K, PF:16K # 16K, P:16K)
[7] 0.093357 -0.084027 (21) WT +J(0) +M(C:0K, Fs:2578, WS:10288K # 10288K, PF:10260K # 10260K, P:10260K)
[8] -
[9] -
[10] -
[11] -
[12] -
[13] 0.053161 -0.046909 (22) WT +J(CM:0, PgRf:0, Rd:0/0, Dy:0/0, Lg:616/1) +M(C:0K, Fs:14, WS:-10200K # 24K, PF:-10256K # 12K, P:-10256K)
[14] 0.000032 +J(0) +M(C:0K, Fs:1, WS:4K # 0K, PF:0K # 0K, P:0K)
[15] 0.001181 +J(0) +M(C:0K, Fs:615, WS:2460K # 0K, PF:64K # 0K, P:64K)
[16] 0.000803 -0.000262 (1) WT +J(0) +M(C:0K, Fs:2, WS:0K # 0K, PF:0K # 0K, P:0K).","RBSOn = 0
",,,
2026-07-23T19:27:25.504940Z,"{'#attributes': {'Qualifiers': 0}, '#text': 330}",DC01.darkzero.htb,NTDS ISAM,Directory Service,947,4,,,NTDS,"896,D,50,0",,,NTDSA: ,C:\Windows\NTDS\ntds.dit,0x2580 (9600),9600 (0x2580),9620 (0x2594),,,
2026-07-23T19:27:25.505286Z,"{'#attributes': {'Qualifiers': 0}, '#text': 326}",DC01.darkzero.htb,NTDS ISAM,Directory Service,948,4,,,NTDS,"896,D,50,0",,,NTDSA: ,1,C:\Windows\NTDS\ntds.dit,0,"
[1] 0.000007 +J(0) +M(C:0K, Fs:1, WS:4K # 0K, PF:0K # 0K, P:0K)
[2] 0.001113 -0.000699 (1) WT +J(0) +M(C:0K, Fs:26, WS:40K # 0K, PF:32K # 0K, P:32K)
[3] 0.007612 -0.003074 (6) WT +J(CM:0, PgRf:0, Rd:0/0, Dy:0/0, Lg:3480/2) +M(C:0K, Fs:37, WS:112K # 0K, PF:116K # 0K, P:116K)
[4] 0.001157 +J(0) +M(C:0K, Fs:1, WS:4K # 0K, PF:0K # 0K, P:0K)
[5] -
[6] 0.005685 -0.001929 (2) CM -0.001831 (2) WT +J(CM:2, PgRf:2, Rd:0/2, Dy:0/0, Lg:0/0) +M(C:-56K, Fs:66, WS:208K # 0K, PF:148K # 0K, P:148K)
[7] 0.000005 +J(0)
[8] 0.005018 -0.001345 (1) CM -0.001293 (1) WT +J(CM:1, PgRf:1, Rd:4/1, Dy:0/0, Lg:0/0) +M(C:156K, Fs:71, WS:252K # 0K, PF:356K # 0K, P:356K)
[9] -
[10] -
[11] -
[12] 0.000495 +J(CM:0, PgRf:0, Rd:0/0, Dy:0/0, Lg:54/1) +M(C:0K, Fs:4, WS:16K # 0K, PF:24K # 0K, P:24K)
[13] 0.005033 -0.002899 (3) CM -0.002750 (3) WT +J(CM:3, PgRf:23, Rd:0/3, Dy:0/0, Lg:0/0) +M(C:-88K, Fs:28, WS:-4K # 0K, PF:-56K # 0K, P:-56K)
[14] 0.002327 -0.002022 (3) CM -0.001904 (3) WT +J(CM:3, PgRf:40, Rd:0/3, Dy:0/0, Lg:0/0) +M(C:-24K, Fs:16, WS:-12K # 0K, PF:40K # 0K, P:40K)
[15] 0.000630 -0.000567 (1) CM -0.000527 (1) WT +J(CM:1, PgRf:1, Rd:0/1, Dy:0/0, Lg:0/0) +M(C:-8K, Fs:5, WS:-8K # 0K, PF:-8K # 0K, P:-8K)
[16] 0.000025 +J(CM:0, PgRf:1, Rd:0/0, Dy:0/0, Lg:0/0) +M(C:0K, Fs:1, WS:4K # 0K, PF:0K # 0K, P:0K)
[17] 0.000896 -0.000743 (1) CM -0.000704 (1) WT +J(CM:1, PgRf:48, Rd:0/1, Dy:0/0, Lg:0/0) +M(C:0K, Fs:13, WS:24K # 0K, PF:0K # 0K, P:0K)
[18] 0.000002 +J(0)
[19] 0.0 +J(0)
[20] 0.000682 -0.000577 (1) CM -0.000535 (1) WT +J(CM:1, PgRf:2, Rd:0/1, Dy:0/0, Lg:0/0) +M(C:0K, Fs:10, WS:12K # 0K, PF:0K # 0K, P:0K).",0 0,"lgposAttach = 00000003:01C9:0268,
dbv = 1568.290.600 (9600)",
2026-07-23T19:27:25.505831Z,"{'#attributes': {'Qualifiers': 0}, '#text': 330}",DC01.darkzero.htb,NTDS ISAM,Directory Service,949,4,,,NTDS,"896,D,2,0",,,NTDSA: ,C:\Windows\NTDS\temp.edb,0x2580 (9600),9600 (0x2580),9620 (0x2594),,,
2026-07-23T19:27:25.506109Z,"{'#attributes': {'Qualifiers': 0}, '#text': 700}",DC01.darkzero.htb,NTDS ISAM,Directory Service,950,4,,,NTDS,"896,D,0,0",,,NTDSA: ,C:\Windows\NTDS\ntds.dit,,,,,,
2026-07-23T19:27:25.668278Z,"{'#attributes': {'Qualifiers': 0}, '#text': 701}",DC01.darkzero.htb,NTDS ISAM,Directory Service,951,4,,,NTDS,"896,D,0,0",,,NTDSA: ,C:\Windows\NTDS\ntds.dit,1,7/23/2026,0,1,1,23
2026-07-23T19:27:25.244241Z,"{'#attributes': {'Qualifiers': 16384}, '#text': 1869}",DC01.darkzero.htb,Microsoft-Windows-ActiveDirectory_DomainService,Directory Service,952,4,,,\\DC01.darkzero.htb,Default-First-Site-Name,,,,,,,,,,
2026-07-23T19:27:25.498610Z,"{'#attributes': {'Qualifiers': 16384}, '#text': 3033}",DC01.darkzero.htb,Microsoft-Windows-ActiveDirectory_DomainService,Directory Service,953,4,,,,,,,,,,,,,,
2026-07-23T19:27:25.498610Z,"{'#attributes': {'Qualifiers': 16384}, '#text': 3027}",DC01.darkzero.htb,Microsoft-Windows-ActiveDirectory_DomainService,Directory Service,954,4,,3600,,,,,,,,,,,,
2026-07-23T19:35:51.361674Z,"{'#attributes': {'Qualifiers': 16384}, '#text': 2179}",DC01.darkzero.htb,Microsoft-Windows-ActiveDirectory_DomainService,Directory Service,955,4,,1887484154445314065,,,,,,,,,,,,
2026-07-23T19:35:52.031908Z,"{'#attributes': {'Qualifiers': 16384}, '#text': 1004}",DC01.darkzero.htb,Microsoft-Windows-ActiveDirectory_DomainService,Directory Service,956,4,,,,,,,,,,,,,,
2026-07-23T19:42:35.727087Z,"{'#attributes': {'Qualifiers': 32768}, '#text': 3051}",DC01.darkzero.htb,Microsoft-Windows-ActiveDirectory_DomainService,Directory Service,957,3,,,,,,,,,,,,,,
2026-07-23T19:42:35.727087Z,"{'#attributes': {'Qualifiers': 32768}, '#text': 3054}",DC01.darkzero.htb,Microsoft-Windows-ActiveDirectory_DomainService,Directory Service,958,3,,,,,,,,,,,,,,
2026-07-23T19:42:36.196716Z,"{'#attributes': {'Qualifiers': 16384}, '#text': 2121}",DC01.darkzero.htb,Microsoft-Windows-ActiveDirectory_DomainService,Directory Service,959,4,,,,,,,,,,,,,,
2026-07-23T19:42:36.196716Z,"{'#attributes': {'Qualifiers': 16384}, '#text': 2406}",DC01.darkzero.htb,Microsoft-Windows-ActiveDirectory_DomainService,Directory Service,960,4,,Recycle Bin Feature,,,,,,,,,,,,
2026-07-23T19:42:36.196716Z,"{'#attributes': {'Qualifiers': 16384}, '#text': 2406}",DC01.darkzero.htb,Microsoft-Windows-ActiveDirectory_DomainService,Directory Service,961,4,,Privileged Access Management Feature,,,,,,,,,,,,
2026-07-23T19:42:36.196716Z,"{'#attributes': {'Qualifiers': 16384}, '#text': 2406}",DC01.darkzero.htb,Microsoft-Windows-ActiveDirectory_DomainService,Directory Service,962,4,,Database 32k Pages Feature,,,,,,,,,,,,
2026-07-23T19:42:36.198736Z,"{'#attributes': {'Qualifiers': 16384}, '#text': 2168}",DC01.darkzero.htb,Microsoft-Windows-ActiveDirectory_DomainService,Directory Service,963,4,,11135248003768871156,,,,,,,,,,,,
2026-07-23T19:42:36.198736Z,"{'#attributes': {'Qualifiers': 16384}, '#text': 2172}",DC01.darkzero.htb,Microsoft-Windows-ActiveDirectory_DomainService,Directory Service,964,4,,1887484154445314065,,,,,,,,,,,,
2026-07-23T19:42:36.198736Z,"{'#attributes': {'Qualifiers': 32768}, '#text': 2170}",DC01.darkzero.htb,Microsoft-Windows-ActiveDirectory_DomainService,Directory Service,965,3,,,1887484154445314065,11135248003768871156,,,,,,,,,,
2026-07-23T19:42:36.210646Z,"{'#attributes': {'Qualifiers': 16384}, '#text': 1109}",DC01.darkzero.htb,Microsoft-Windows-ActiveDirectory_DomainService,Directory Service,966,4,,,ebeff113-2d93-4abf-803f-1c50fe00af28,3fd62ffc-1b11-42b2-a636-283a5d3718f8,,,151587,,,,,,,
2026-07-23T19:42:36.235377Z,"{'#attributes': {'Qualifiers': 16384}, '#text': 2208}",DC01.darkzero.htb,Microsoft-Windows-ActiveDirectory_DomainService,Directory Service,967,4,,,,,,,,,,,,,,
2026-07-23T19:42:36.245632Z,"{'#attributes': {'Qualifiers': 16384}, '#text': 2179}",DC01.darkzero.htb,Microsoft-Windows-ActiveDirectory_DomainService,Directory Service,968,4,,11135248003768871156,,,,,,,,,,,,
2026-07-23T19:42:36.264150Z,"{'#attributes': {'Qualifiers': 16384}, '#text': 2405}",DC01.darkzero.htb,Microsoft-Windows-ActiveDirectory_DomainService,Directory Service,969,4,,Privileged Access Management Feature,,,,,,,,,,,,
2026-07-23T19:42:36.264150Z,"{'#attributes': {'Qualifiers': 16384}, '#text': 2120}",DC01.darkzero.htb,Microsoft-Windows-ActiveDirectory_DomainService,Directory Service,970,4,,,,,,,,,,,,,,
2026-07-23T19:42:36.266208Z,"{'#attributes': {'Qualifiers': 16384}, '#text': 2405}",DC01.darkzero.htb,Microsoft-Windows-ActiveDirectory_DomainService,Directory Service,971,4,,Recycle Bin Feature,,,,,,,,,,,,
2026-07-23T19:42:36.266208Z,"{'#attributes': {'Qualifiers': 16384}, '#text': 2405}",DC01.darkzero.htb,Microsoft-Windows-ActiveDirectory_DomainService,Directory Service,972,4,,Database 32k Pages Feature,,,,,,,,,,,,
2026-07-23T19:42:46.278996Z,"{'#attributes': {'Qualifiers': 16384}, '#text': 1000}",DC01.darkzero.htb,Microsoft-Windows-ActiveDirectory_DomainService,Directory Service,973,4,,,,,,,,,,,,,,
2026-07-23T19:43:16.333387Z,"{'#attributes': {'Qualifiers': 16384}, '#text': 1394}",DC01.darkzero.htb,Microsoft-Windows-ActiveDirectory_DomainService,Directory Service,974,4,,,,,,,,,,,,,,
2026-07-23T19:47:25.425930Z,"{'#attributes': {'Qualifiers': 16384}, '#text': 2179}",DC01.darkzero.htb,Microsoft-Windows-ActiveDirectory_DomainService,Directory Service,975,4,,11135248003768871156,,,,,,,,,,,,
2026-07-23T19:47:25.620632Z,"{'#attributes': {'Qualifiers': 16384}, '#text': 1004}",DC01.darkzero.htb,Microsoft-Windows-ActiveDirectory_DomainService,Directory Service,976,4,,,,,,,,,,,,,,
2026-07-23T20:22:20.404100Z,"{'#attributes': {'Qualifiers': 32768}, '#text': 3051}",DC01.darkzero.htb,Microsoft-Windows-ActiveDirectory_DomainService,Directory Service,977,3,,,,,,,,,,,,,,
2026-07-23T20:22:20.404100Z,"{'#attributes': {'Qualifiers': 32768}, '#text': 3054}",DC01.darkzero.htb,Microsoft-Windows-ActiveDirectory_DomainService,Directory Service,978,3,,,,,,,,,,,,,,
2026-07-23T20:22:20.598807Z,"{'#attributes': {'Qualifiers': 16384}, '#text': 2121}",DC01.darkzero.htb,Microsoft-Windows-ActiveDirectory_DomainService,Directory Service,979,4,,,,,,,,,,,,,,
2026-07-23T20:22:20.598807Z,"{'#attributes': {'Qualifiers': 16384}, '#text': 2406}",DC01.darkzero.htb,Microsoft-Windows-ActiveDirectory_DomainService,Directory Service,980,4,,Recycle Bin Feature,,,,,,,,,,,,
2026-07-23T20:22:20.600828Z,"{'#attributes': {'Qualifiers': 16384}, '#text': 2406}",DC01.darkzero.htb,Microsoft-Windows-ActiveDirectory_DomainService,Directory Service,981,4,,Privileged Access Management Feature,,,,,,,,,,,,
2026-07-23T20:22:20.600828Z,"{'#attributes': {'Qualifiers': 16384}, '#text': 2406}",DC01.darkzero.htb,Microsoft-Windows-ActiveDirectory_DomainService,Directory Service,982,4,,Database 32k Pages Feature,,,,,,,,,,,,
2026-07-23T20:22:20.602859Z,"{'#attributes': {'Qualifiers': 16384}, '#text': 2168}",DC01.darkzero.htb,Microsoft-Windows-ActiveDirectory_DomainService,Directory Service,983,4,,6614683436990707063,,,,,,,,,,,,
2026-07-23T20:22:20.602859Z,"{'#attributes': {'Qualifiers': 16384}, '#text': 2172}",DC01.darkzero.htb,Microsoft-Windows-ActiveDirectory_DomainService,Directory Service,984,4,,11135248003768871156,,,,,,,,,,,,
2026-07-23T20:22:20.602859Z,"{'#attributes': {'Qualifiers': 32768}, '#text': 2170}",DC01.darkzero.htb,Microsoft-Windows-ActiveDirectory_DomainService,Directory Service,985,3,,,11135248003768871156,6614683436990707063,,,,,,,,,,
2026-07-23T20:22:20.613141Z,"{'#attributes': {'Qualifiers': 16384}, '#text': 1109}",DC01.darkzero.htb,Microsoft-Windows-ActiveDirectory_DomainService,Directory Service,986,4,,,3fd62ffc-1b11-42b2-a636-283a5d3718f8,96eaac2a-57a9-4841-939f-3375ee1cad12,,,155684,,,,,,,
2026-07-23T20:22:20.641443Z,"{'#attributes': {'Qualifiers': 16384}, '#text': 2208}",DC01.darkzero.htb,Microsoft-Windows-ActiveDirectory_DomainService,Directory Service,987,4,,,,,,,,,,,,,,
2026-07-23T20:22:20.651130Z,"{'#attributes': {'Qualifiers': 16384}, '#text': 2179}",DC01.darkzero.htb,Microsoft-Windows-ActiveDirectory_DomainService,Directory Service,988,4,,6614683436990707063,,,,,,,,,,,,
2026-07-23T20:22:20.666877Z,"{'#attributes': {'Qualifiers': 16384}, '#text': 2405}",DC01.darkzero.htb,Microsoft-Windows-ActiveDirectory_DomainService,Directory Service,989,4,,Privileged Access Management Feature,,,,,,,,,,,,
2026-07-23T20:22:20.666877Z,"{'#attributes': {'Qualifiers': 16384}, '#text': 2120}",DC01.darkzero.htb,Microsoft-Windows-ActiveDirectory_DomainService,Directory Service,990,4,,,,,,,,,,,,,,
2026-07-23T20:22:20.668907Z,"{'#attributes': {'Qualifiers': 16384}, '#text': 2405}",DC01.darkzero.htb,Microsoft-Windows-ActiveDirectory_DomainService,Directory Service,991,4,,Recycle Bin Feature,,,,,,,,,,,,
2026-07-23T20:22:20.668907Z,"{'#attributes': {'Qualifiers': 16384}, '#text': 2405}",DC01.darkzero.htb,Microsoft-Windows-ActiveDirectory_DomainService,Directory Service,992,4,,Database 32k Pages Feature,,,,,,,,,,,,
2026-07-23T20:22:30.727738Z,"{'#attributes': {'Qualifiers': 16384}, '#text': 1000}",DC01.darkzero.htb,Microsoft-Windows-ActiveDirectory_DomainService,Directory Service,993,4,,,,,,,,,,,,,,
2026-07-23T20:23:00.833715Z,"{'#attributes': {'Qualifiers': 16384}, '#text': 1394}",DC01.darkzero.htb,Microsoft-Windows-ActiveDirectory_DomainService,Directory Service,994,4,,,,,,,,,,,,,,
2026-07-23T20:37:31.109433Z,"{'#attributes': {'Qualifiers': 0}, '#text': 102}",DC01.darkzero.htb,NTDS ISAM,Directory Service,995,4,,,NTDS,"904,P,98,0",,,NTDSA: ,0,10,00,26100,0000,,
2026-07-23T20:37:31.110258Z,"{'#attributes': {'Qualifiers': 0}, '#text': 105}",DC01.darkzero.htb,NTDS ISAM,Directory Service,996,4,,,NTDS,"904,D,0,0",,,NTDSA: ,0,0.203,"
[1] 0.002283 +J(0) +M(C:0K, Fs:183, WS:712K # 112K, PF:5412K # 2412K, P:5412K)
[2] 0.005334 +J(0) +M(C:64K, Fs:94, WS:360K # 360K, PF:360K # 360K, P:360K)
[3] 0.000492 +J(0) +M(C:0K, Fs:3, WS:12K # 12K, PF:64K # 64K, P:64K)
[4] 0.018106 -0.000455 (1) WT +J(0) +M(C:0K, Fs:143, WS:496K # 496K, PF:6868K # 6868K, P:6868K)
[5] 0.000432 +J(0)
[6] 0.006183 +J(0) +M(C:0K, Fs:21, WS:80K # 80K, PF:16K # 16K, P:16K)
[7] 0.107496 -0.099350 (21) WT +J(0) +M(C:0K, Fs:2577, WS:10288K # 10288K, PF:10260K # 10260K, P:10260K)
[8] -
[9] -
[10] -
[11] -
[12] -
[13] 0.060807 -0.054340 (22) WT +J(CM:0, PgRf:0, Rd:0/0, Dy:0/0, Lg:616/1) +M(C:0K, Fs:15, WS:-10200K # 24K, PF:-10252K # 16K, P:-10252K)
[14] 0.000026 +J(0) +M(C:0K, Fs:1, WS:4K # 0K, PF:0K # 0K, P:0K)
[15] 0.000695 +J(0) +M(C:0K, Fs:615, WS:2460K # 0K, PF:64K # 0K, P:64K)
[16] 0.000689 -0.000394 (1) WT +J(0) +M(C:0K, Fs:4, WS:4K # 0K, PF:4K # 0K, P:4K).","RBSOn = 0
",,,
2026-07-23T20:37:31.111026Z,"{'#attributes': {'Qualifiers': 0}, '#text': 330}",DC01.darkzero.htb,NTDS ISAM,Directory Service,997,4,,,NTDS,"904,D,50,0",,,NTDSA: ,C:\Windows\NTDS\ntds.dit,0x2580 (9600),9600 (0x2580),9620 (0x2594),,,
2026-07-23T20:37:31.111428Z,"{'#attributes': {'Qualifiers': 0}, '#text': 326}",DC01.darkzero.htb,NTDS ISAM,Directory Service,998,4,,,NTDS,"904,D,50,0",,,NTDSA: ,1,C:\Windows\NTDS\ntds.dit,0,"
[1] 0.000006 +J(0) +M(C:0K, Fs:1, WS:4K # 0K, PF:0K # 0K, P:0K)
[2] 0.000912 -0.000422 (1) WT +J(0) +M(C:0K, Fs:27, WS:40K # 0K, PF:36K # 0K, P:36K)
[3] 0.008077 -0.003476 (6) WT +J(CM:0, PgRf:0, Rd:0/0, Dy:0/0, Lg:3480/2) +M(C:0K, Fs:40, WS:128K # 0K, PF:128K # 0K, P:128K)
[4] 0.001151 +J(0) +M(C:0K, Fs:1, WS:4K # 0K, PF:0K # 0K, P:0K)
[5] -
[6] 0.007026 -0.002834 (2) CM -0.002751 (2) WT +J(CM:2, PgRf:2, Rd:0/2, Dy:0/0, Lg:0/0) +M(C:-56K, Fs:66, WS:208K # 0K, PF:148K # 0K, P:148K)
[7] 0.000005 +J(0)
[8] 0.005904 -0.001396 (1) CM -0.001348 (1) WT +J(CM:1, PgRf:1, Rd:4/1, Dy:0/0, Lg:0/0) +M(C:92K, Fs:70, WS:188K # 0K, PF:288K # 0K, P:288K)
[9] -
[10] -
[11] -
[12] 0.000331 +J(CM:0, PgRf:0, Rd:0/0, Dy:0/0, Lg:54/1) +M(C:0K, Fs:4, WS:16K # 0K, PF:24K # 0K, P:24K)
[13] 0.006825 -0.004782 (5) CM -0.004587 (5) WT +J(CM:5, PgRf:23, Rd:0/5, Dy:0/0, Lg:0/0) +M(C:-24K, Fs:44, WS:56K # 0K, PF:8K # 0K, P:8K)
[14] 0.002414 -0.002101 (3) CM -0.001974 (3) WT +J(CM:3, PgRf:40, Rd:0/3, Dy:0/0, Lg:0/0) +M(C:-24K, Fs:16, WS:-12K # 0K, PF:40K # 0K, P:40K)
[15] 0.000620 -0.000557 (1) CM -0.000517 (1) WT +J(CM:1, PgRf:1, Rd:0/1, Dy:0/0, Lg:0/0) +M(C:-8K, Fs:5, WS:-8K # 0K, PF:-8K # 0K, P:-8K)
[16] 0.000024 +J(CM:0, PgRf:1, Rd:0/0, Dy:0/0, Lg:0/0) +M(C:0K, Fs:1, WS:4K # 0K, PF:0K # 0K, P:0K)
[17] 0.000969 -0.000820 (1) CM -0.000784 (1) WT +J(CM:1, PgRf:48, Rd:0/1, Dy:0/0, Lg:0/0) +M(C:0K, Fs:13, WS:24K # 0K, PF:0K # 0K, P:0K)
[18] 0.000002 +J(0)
[19] 0.0 +J(0)
[20] 0.000705 -0.000608 (1) CM -0.000571 (1) WT +J(CM:1, PgRf:2, Rd:0/1, Dy:0/0, Lg:0/0) +M(C:0K, Fs:10, WS:12K # 0K, PF:0K # 0K, P:0K).",0 0,"lgposAttach = 00000003:02BB:0268,
dbv = 1568.290.600 (9600)",
2026-07-23T20:37:31.112065Z,"{'#attributes': {'Qualifiers': 0}, '#text': 330}",DC01.darkzero.htb,NTDS ISAM,Directory Service,999,4,,,NTDS,"904,D,2,0",,,NTDSA: ,C:\Windows\NTDS\temp.edb,0x2580 (9600),9600 (0x2580),9620 (0x2594),,,
2026-07-23T20:37:31.112626Z,"{'#attributes': {'Qualifiers': 0}, '#text': 700}",DC01.darkzero.htb,NTDS ISAM,Directory Service,1000,4,,,NTDS,"904,D,0,0",,,NTDSA: ,C:\Windows\NTDS\ntds.dit,,,,,,
2026-07-23T20:37:31.248973Z,"{'#attributes': {'Qualifiers': 0}, '#text': 701}",DC01.darkzero.htb,NTDS ISAM,Directory Service,1001,4,,,NTDS,"904,D,0,0",,,NTDSA: ,C:\Windows\NTDS\ntds.dit,0,7/23/2026,0,1,1,24
2026-07-23T20:37:30.867982Z,"{'#attributes': {'Qualifiers': 16384}, '#text': 1869}",DC01.darkzero.htb,Microsoft-Windows-ActiveDirectory_DomainService,Directory Service,1002,4,,,\\DC01.darkzero.htb,Default-First-Site-Name,,,,,,,,,,
2026-07-23T20:37:31.104737Z,"{'#attributes': {'Qualifiers': 16384}, '#text': 3033}",DC01.darkzero.htb,Microsoft-Windows-ActiveDirectory_DomainService,Directory Service,1003,4,,,,,,,,,,,,,,
2026-07-23T20:37:31.104737Z,"{'#attributes': {'Qualifiers': 16384}, '#text': 3027}",DC01.darkzero.htb,Microsoft-Windows-ActiveDirectory_DomainService,Directory Service,1004,4,,3600,,,,,,,,,,,,
2026-07-23T20:42:08.618666Z,"{'#attributes': {'Qualifiers': 16384}, '#text': 2179}",DC01.darkzero.htb,Microsoft-Windows-ActiveDirectory_DomainService,Directory Service,1005,4,,6614683436990707063,,,,,,,,,,,,
2026-07-23T20:42:08.807933Z,"{'#attributes': {'Qualifiers': 16384}, '#text': 1004}",DC01.darkzero.htb,Microsoft-Windows-ActiveDirectory_DomainService,Directory Service,1006,4,,,,,,,,,,,,,,
2026-07-23T20:49:42.673337Z,"{'#attributes': {'Qualifiers': 32768}, '#text': 3051}",DC01.darkzero.htb,Microsoft-Windows-ActiveDirectory_DomainService,Directory Service,1007,3,,,,,,,,,,,,,,
2026-07-23T20:49:42.673337Z,"{'#attributes': {'Qualifiers': 32768}, '#text': 3054}",DC01.darkzero.htb,Microsoft-Windows-ActiveDirectory_DomainService,Directory Service,1008,3,,,,,,,,,,,,,,
2026-07-23T20:49:42.883962Z,"{'#attributes': {'Qualifiers': 16384}, '#text': 2121}",DC01.darkzero.htb,Microsoft-Windows-ActiveDirectory_DomainService,Directory Service,1009,4,,,,,,,,,,,,,,
2026-07-23T20:49:42.883962Z,"{'#attributes': {'Qualifiers': 16384}, '#text': 2406}",DC01.darkzero.htb,Microsoft-Windows-ActiveDirectory_DomainService,Directory Service,1010,4,,Recycle Bin Feature,,,,,,,,,,,,
2026-07-23T20:49:42.883962Z,"{'#attributes': {'Qualifiers': 16384}, '#text': 2406}",DC01.darkzero.htb,Microsoft-Windows-ActiveDirectory_DomainService,Directory Service,1011,4,,Privileged Access Management Feature,,,,,,,,,,,,
2026-07-23T20:49:42.883962Z,"{'#attributes': {'Qualifiers': 16384}, '#text': 2406}",DC01.darkzero.htb,Microsoft-Windows-ActiveDirectory_DomainService,Directory Service,1012,4,,Database 32k Pages Feature,,,,,,,,,,,,
2026-07-23T20:49:42.883962Z,"{'#attributes': {'Qualifiers': 16384}, '#text': 2168}",DC01.darkzero.htb,Microsoft-Windows-ActiveDirectory_DomainService,Directory Service,1013,4,,7921710597112548798,,,,,,,,,,,,
2026-07-23T20:49:42.883962Z,"{'#attributes': {'Qualifiers': 16384}, '#text': 2172}",DC01.darkzero.htb,Microsoft-Windows-ActiveDirectory_DomainService,Directory Service,1014,4,,6614683436990707063,,,,,,,,,,,,
2026-07-23T20:49:42.883962Z,"{'#attributes': {'Qualifiers': 32768}, '#text': 2170}",DC01.darkzero.htb,Microsoft-Windows-ActiveDirectory_DomainService,Directory Service,1015,3,,,6614683436990707063,7921710597112548798,,,,,,,,,,
2026-07-23T20:49:42.890067Z,"{'#attributes': {'Qualifiers': 16384}, '#text': 1109}",DC01.darkzero.htb,Microsoft-Windows-ActiveDirectory_DomainService,Directory Service,1016,4,,,96eaac2a-57a9-4841-939f-3375ee1cad12,baf149da-85ab-4ecc-8f8b-9e2bfae4e915,,,159781,,,,,,,
2026-07-23T20:49:42.904172Z,"{'#attributes': {'Qualifiers': 16384}, '#text': 2208}",DC01.darkzero.htb,Microsoft-Windows-ActiveDirectory_DomainService,Directory Service,1017,4,,,,,,,,,,,,,,
2026-07-23T20:49:42.916409Z,"{'#attributes': {'Qualifiers': 16384}, '#text': 2179}",DC01.darkzero.htb,Microsoft-Windows-ActiveDirectory_DomainService,Directory Service,1018,4,,7921710597112548798,,,,,,,,,,,,
2026-07-23T20:49:42.924343Z,"{'#attributes': {'Qualifiers': 16384}, '#text': 2405}",DC01.darkzero.htb,Microsoft-Windows-ActiveDirectory_DomainService,Directory Service,1019,4,,Privileged Access Management Feature,,,,,,,,,,,,
2026-07-23T20:49:42.926559Z,"{'#attributes': {'Qualifiers': 16384}, '#text': 2120}",DC01.darkzero.htb,Microsoft-Windows-ActiveDirectory_DomainService,Directory Service,1020,4,,,,,,,,,,,,,,
2026-07-23T20:49:42.926559Z,"{'#attributes': {'Qualifiers': 16384}, '#text': 2405}",DC01.darkzero.htb,Microsoft-Windows-ActiveDirectory_DomainService,Directory Service,1021,4,,Recycle Bin Feature,,,,,,,,,,,,
2026-07-23T20:49:42.926559Z,"{'#attributes': {'Qualifiers': 16384}, '#text': 2405}",DC01.darkzero.htb,Microsoft-Windows-ActiveDirectory_DomainService,Directory Service,1022,4,,Database 32k Pages Feature,,,,,,,,,,,,
2026-07-23T20:49:52.938354Z,"{'#attributes': {'Qualifiers': 16384}, '#text': 1000}",DC01.darkzero.htb,Microsoft-Windows-ActiveDirectory_DomainService,Directory Service,1023,4,,,,,,,,,,,,,,
2026-07-23T20:50:22.941331Z,"{'#attributes': {'Qualifiers': 16384}, '#text': 1394}",DC01.darkzero.htb,Microsoft-Windows-ActiveDirectory_DomainService,Directory Service,1024,4,,,,,,,,,,,,,,
2026-07-23T20:51:12.069821Z,"{'#attributes': {'Qualifiers': 16384}, '#text': 2179}",DC01.darkzero.htb,Microsoft-Windows-ActiveDirectory_DomainService,Directory Service,1025,4,,7921710597112548798,,,,,,,,,,,,
2026-07-23T20:51:12.217276Z,"{'#attributes': {'Qualifiers': 16384}, '#text': 1004}",DC01.darkzero.htb,Microsoft-Windows-ActiveDirectory_DomainService,Directory Service,1026,4,,,,,,,,,,,,,,
2026-08-16T15:29:06.492735Z,"{'#attributes': {'Qualifiers': 32768}, '#text': 3051}",DC01.darkzero.htb,Microsoft-Windows-ActiveDirectory_DomainService,Directory Service,1027,3,,,,,,,,,,,,,,
2026-08-16T15:29:06.492735Z,"{'#attributes': {'Qualifiers': 32768}, '#text': 3054}",DC01.darkzero.htb,Microsoft-Windows-ActiveDirectory_DomainService,Directory Service,1028,3,,,,,,,,,,,,,,
2026-08-16T15:29:07.112244Z,"{'#attributes': {'Qualifiers': 16384}, '#text': 2121}",DC01.darkzero.htb,Microsoft-Windows-ActiveDirectory_DomainService,Directory Service,1029,4,,,,,,,,,,,,,,
2026-08-16T15:29:07.112244Z,"{'#attributes': {'Qualifiers': 16384}, '#text': 2406}",DC01.darkzero.htb,Microsoft-Windows-ActiveDirectory_DomainService,Directory Service,1030,4,,Recycle Bin Feature,,,,,,,,,,,,
2026-08-16T15:29:07.112244Z,"{'#attributes': {'Qualifiers': 16384}, '#text': 2406}",DC01.darkzero.htb,Microsoft-Windows-ActiveDirectory_DomainService,Directory Service,1031,4,,Privileged Access Management Feature,,,,,,,,,,,,
2026-08-16T15:29:07.112244Z,"{'#attributes': {'Qualifiers': 16384}, '#text': 2406}",DC01.darkzero.htb,Microsoft-Windows-ActiveDirectory_DomainService,Directory Service,1032,4,,Database 32k Pages Feature,,,,,,,,,,,,
2026-08-16T15:29:07.114344Z,"{'#attributes': {'Qualifiers': 16384}, '#text': 2168}",DC01.darkzero.htb,Microsoft-Windows-ActiveDirectory_DomainService,Directory Service,1033,4,,4498488127653702920,,,,,,,,,,,,
2026-08-16T15:29:07.114344Z,"{'#attributes': {'Qualifiers': 16384}, '#text': 2172}",DC01.darkzero.htb,Microsoft-Windows-ActiveDirectory_DomainService,Directory Service,1034,4,,7921710597112548798,,,,,,,,,,,,
2026-08-16T15:29:07.114344Z,"{'#attributes': {'Qualifiers': 32768}, '#text': 2170}",DC01.darkzero.htb,Microsoft-Windows-ActiveDirectory_DomainService,Directory Service,1035,3,,,7921710597112548798,4498488127653702920,,,,,,,,,,
2026-08-16T15:29:07.119509Z,"{'#attributes': {'Qualifiers': 16384}, '#text': 1109}",DC01.darkzero.htb,Microsoft-Windows-ActiveDirectory_DomainService,Directory Service,1036,4,,,baf149da-85ab-4ecc-8f8b-9e2bfae4e915,1ad4f334-a3d0-4822-b2e9-1e455b23b1e3,,,163878,,,,,,,
2026-08-16T15:29:07.151417Z,"{'#attributes': {'Qualifiers': 16384}, '#text': 2208}",DC01.darkzero.htb,Microsoft-Windows-ActiveDirectory_DomainService,Directory Service,1037,4,,,,,,,,,,,,,,
2026-08-16T15:29:07.151417Z,"{'#attributes': {'Qualifiers': 16384}, '#text': 2179}",DC01.darkzero.htb,Microsoft-Windows-ActiveDirectory_DomainService,Directory Service,1038,4,,4498488127653702920,,,,,,,,,,,,
2026-08-16T15:29:07.164027Z,"{'#attributes': {'Qualifiers': 16384}, '#text': 2405}",DC01.darkzero.htb,Microsoft-Windows-ActiveDirectory_DomainService,Directory Service,1039,4,,Privileged Access Management Feature,,,,,,,,,,,,
2026-08-16T15:29:07.164027Z,"{'#attributes': {'Qualifiers': 16384}, '#text': 2120}",DC01.darkzero.htb,Microsoft-Windows-ActiveDirectory_DomainService,Directory Service,1040,4,,,,,,,,,,,,,,
2026-08-16T15:29:07.164027Z,"{'#attributes': {'Qualifiers': 16384}, '#text': 2405}",DC01.darkzero.htb,Microsoft-Windows-ActiveDirectory_DomainService,Directory Service,1041,4,,Recycle Bin Feature,,,,,,,,,,,,
2026-08-16T15:29:07.166724Z,"{'#attributes': {'Qualifiers': 16384}, '#text': 2405}",DC01.darkzero.htb,Microsoft-Windows-ActiveDirectory_DomainService,Directory Service,1042,4,,Database 32k Pages Feature,,,,,,,,,,,,
2026-08-16T15:29:17.709086Z,"{'#attributes': {'Qualifiers': 16384}, '#text': 1000}",DC01.darkzero.htb,Microsoft-Windows-ActiveDirectory_DomainService,Directory Service,1043,4,,,,,,,,,,,,,,
2026-08-16T15:29:47.770793Z,"{'#attributes': {'Qualifiers': 16384}, '#text': 1394}",DC01.darkzero.htb,Microsoft-Windows-ActiveDirectory_DomainService,Directory Service,1044,4,,,,,,,,,,,,,,
2026-08-16T15:44:21.406238Z,"{'#attributes': {'Qualifiers': 0}, '#text': 102}",DC01.darkzero.htb,NTDS ISAM,Directory Service,1045,4,,,NTDS,"908,P,98,0",,,NTDSA: ,0,10,00,26100,0000,,
2026-08-16T15:44:21.406980Z,"{'#attributes': {'Qualifiers': 0}, '#text': 105}",DC01.darkzero.htb,NTDS ISAM,Directory Service,1046,4,,,NTDS,"908,D,0,0",,,NTDSA: ,0,0.073,"
[1] 0.001358 +J(0) +M(C:0K, Fs:103, WS:392K # 0K, PF:4564K # 1524K, P:4564K)
[2] 0.000612 +J(0) +M(C:64K, Fs:153, WS:600K # 380K, PF:1260K # 1260K, P:1260K)
[3] 0.000041 +J(0) +M(C:0K, Fs:6, WS:24K # 24K, PF:64K # 64K, P:64K)
[4] 0.006428 -0.000600 (1) WT +J(0) +M(C:0K, Fs:179, WS:632K # 632K, PF:6896K # 6896K, P:6896K)
[5] 0.000425 +J(0)
[6] 0.005491 +J(0) +M(C:0K, Fs:21, WS:80K # 80K, PF:16K # 16K, P:16K)
[7] 0.045628 -0.039321 (21) WT +J(0) +M(C:0K, Fs:2577, WS:10288K # 10288K, PF:10260K # 10260K, P:10260K)
[8] -
[9] -
[10] -
[11] -
[12] -
[13] 0.011063 -0.006590 (22) WT +J(CM:0, PgRf:0, Rd:0/0, Dy:0/0, Lg:616/1) +M(C:0K, Fs:13, WS:-10200K # 24K, PF:-10256K # 12K, P:-10256K)
[14] 0.000034 +J(0) +M(C:0K, Fs:1, WS:4K # 0K, PF:0K # 0K, P:0K)
[15] 0.001012 +J(0) +M(C:0K, Fs:616, WS:2460K # 0K, PF:68K # 0K, P:68K)
[16] 0.000607 -0.000325 (1) WT +J(0) +M(C:0K, Fs:2, WS:0K # 0K, PF:0K # 0K, P:0K).","RBSOn = 0
",,,
2026-08-16T15:44:21.407681Z,"{'#attributes': {'Qualifiers': 0}, '#text': 330}",DC01.darkzero.htb,NTDS ISAM,Directory Service,1047,4,,,NTDS,"908,D,50,0",,,NTDSA: ,C:\Windows\NTDS\ntds.dit,0x2580 (9600),9600 (0x2580),9620 (0x2594),,,
2026-08-16T15:44:21.408054Z,"{'#attributes': {'Qualifiers': 0}, '#text': 326}",DC01.darkzero.htb,NTDS ISAM,Directory Service,1048,4,,,NTDS,"908,D,50,0",,,NTDSA: ,1,C:\Windows\NTDS\ntds.dit,0,"
[1] 0.000013 +J(0) +M(C:0K, Fs:1, WS:4K # 0K, PF:0K # 0K, P:0K)
[2] 0.000856 -0.000486 (1) WT +J(0) +M(C:0K, Fs:26, WS:40K # 0K, PF:32K # 0K, P:32K)
[3] 0.019749 -0.014286 (6) WT +J(CM:0, PgRf:0, Rd:0/0, Dy:0/0, Lg:3480/2) +M(C:0K, Fs:41, WS:128K # 0K, PF:148K # 0K, P:148K)
[4] 0.000515 +J(0) +M(C:0K, Fs:1, WS:4K # 0K, PF:0K # 0K, P:0K)
[5] -
[6] 0.001833 -0.001035 (2) CM -0.000965 (2) WT +J(CM:2, PgRf:2, Rd:0/2, Dy:0/0, Lg:0/0) +M(C:-56K, Fs:66, WS:208K # 0K, PF:148K # 0K, P:148K)
[7] 0.000007 +J(0)
[8] 0.001267 -0.000445 (1) CM -0.000399 (1) WT +J(CM:1, PgRf:1, Rd:4/1, Dy:0/0, Lg:0/0) +M(C:156K, Fs:70, WS:252K # 0K, PF:352K # 0K, P:352K)
[9] -
[10] -
[11] -
[12] 0.000577 +J(CM:0, PgRf:0, Rd:0/0, Dy:0/0, Lg:54/1) +M(C:0K, Fs:3, WS:12K # 0K, PF:20K # 0K, P:20K)
[13] 0.002138 -0.001514 (3) CM -0.001419 (3) WT +J(CM:3, PgRf:23, Rd:0/3, Dy:0/0, Lg:0/0) +M(C:-88K, Fs:28, WS:-4K # 0K, PF:-56K # 0K, P:-56K)
[14] 0.001903 -0.001344 (4) CM -0.001210 (4) WT +J(CM:4, PgRf:40, Rd:0/4, Dy:0/0, Lg:0/0) +M(C:-24K, Fs:23, WS:-12K # 0K, PF:40K # 0K, P:40K)
[15] 0.000451 -0.000369 (1) CM -0.000340 (1) WT +J(CM:1, PgRf:1, Rd:0/1, Dy:0/0, Lg:0/0) +M(C:-8K, Fs:5, WS:-8K # 0K, PF:-8K # 0K, P:-8K)
[16] 0.000034 +J(CM:0, PgRf:1, Rd:0/0, Dy:0/0, Lg:0/0) +M(C:0K, Fs:1, WS:4K # 0K, PF:0K # 0K, P:0K)
[17] 0.000102 +J(CM:0, PgRf:48, Rd:0/0, Dy:0/0, Lg:0/0) +M(C:0K, Fs:6, WS:24K # 0K, PF:0K # 0K, P:0K)
[18] 0.000004 +J(0)
[19] 0.000002 +J(0)
[20] 0.000033 +J(CM:0, PgRf:2, Rd:0/0, Dy:0/0, Lg:0/0) +M(C:0K, Fs:3, WS:12K # 0K, PF:0K # 0K, P:0K).",0 0,"lgposAttach = 00000003:02F0:0268,
dbv = 1568.290.600 (9600)",
2026-08-16T15:44:21.408649Z,"{'#attributes': {'Qualifiers': 0}, '#text': 330}",DC01.darkzero.htb,NTDS ISAM,Directory Service,1049,4,,,NTDS,"908,D,2,0",,,NTDSA: ,C:\Windows\NTDS\temp.edb,0x2580 (9600),9600 (0x2580),9620 (0x2594),,,
2026-08-16T15:44:21.409026Z,"{'#attributes': {'Qualifiers': 0}, '#text': 700}",DC01.darkzero.htb,NTDS ISAM,Directory Service,1050,4,,,NTDS,"908,D,0,0",,,NTDSA: ,C:\Windows\NTDS\ntds.dit,,,,,,
2026-08-16T15:44:20.641842Z,"{'#attributes': {'Qualifiers': 16384}, '#text': 1869}",DC01.darkzero.htb,Microsoft-Windows-ActiveDirectory_DomainService,Directory Service,1051,4,,,\\DC01.darkzero.htb,Default-First-Site-Name,,,,,,,,,,
2026-08-16T15:44:21.304550Z,"{'#attributes': {'Qualifiers': 16384}, '#text': 3033}",DC01.darkzero.htb,Microsoft-Windows-ActiveDirectory_DomainService,Directory Service,1052,4,,,,,,,,,,,,,,
2026-08-16T15:44:21.405399Z,"{'#attributes': {'Qualifiers': 16384}, '#text': 3027}",DC01.darkzero.htb,Microsoft-Windows-ActiveDirectory_DomainService,Directory Service,1053,4,,3600,,,,,,,,,,,,
2026-08-16T15:44:22.059379Z,"{'#attributes': {'Qualifiers': 0}, '#text': 701}",DC01.darkzero.htb,NTDS ISAM,Directory Service,1054,4,,,NTDS,"908,D,0,0",,,NTDSA: ,C:\Windows\NTDS\ntds.dit,1,8/16/2026,0,1,1,25
2026-08-16T16:29:20.628830Z,"{'#attributes': {'Qualifiers': 32768}, '#text': 2089}",DC01.darkzero.htb,Microsoft-Windows-ActiveDirectory_DomainService,Directory Service,1055,3,,,"DC=darkzero,DC=htb",90,,,System\CurrentControlSet\Services\NTDS\Parameters,Backup Latency Threshold (days),,,,,,
2026-08-16T16:29:20.628830Z,"{'#attributes': {'Qualifiers': 32768}, '#text': 2089}",DC01.darkzero.htb,Microsoft-Windows-ActiveDirectory_DomainService,Directory Service,1056,3,,,"CN=Configuration,DC=darkzero,DC=htb",90,,,System\CurrentControlSet\Services\NTDS\Parameters,Backup Latency Threshold (days),,,,,,
2026-08-16T16:29:20.628830Z,"{'#attributes': {'Qualifiers': 32768}, '#text': 2089}",DC01.darkzero.htb,Microsoft-Windows-ActiveDirectory_DomainService,Directory Service,1057,3,,,"CN=Schema,CN=Configuration,DC=darkzero,DC=htb",90,,,System\CurrentControlSet\Services\NTDS\Parameters,Backup Latency Threshold (days),,,,,,
2026-08-16T16:29:20.628830Z,"{'#attributes': {'Qualifiers': 32768}, '#text': 2089}",DC01.darkzero.htb,Microsoft-Windows-ActiveDirectory_DomainService,Directory Service,1058,3,,,"DC=DomainDnsZones,DC=darkzero,DC=htb",90,,,System\CurrentControlSet\Services\NTDS\Parameters,Backup Latency Threshold (days),,,,,,
2026-08-16T16:29:20.628830Z,"{'#attributes': {'Qualifiers': 32768}, '#text': 2089}",DC01.darkzero.htb,Microsoft-Windows-ActiveDirectory_DomainService,Directory Service,1059,3,,,"DC=ForestDnsZones,DC=darkzero,DC=htb",90,,,System\CurrentControlSet\Services\NTDS\Parameters,Backup Latency Threshold (days),,,,,,
