TimeGenerated,EventID,Computer,Provider,Channel,RecordID,Level,Address,CallerImageName,ClientProcessId,Function,Reason,Session,SessionID,SessionId,Source,TargetSession,User,attributes_xmlns,messageName
2025-03-24T03:37:21.272807Z,32,WIN-10087MEU94D,Microsoft-Windows-TerminalServices-LocalSessionManager,Microsoft-Windows-TerminalServices-LocalSessionManager/Operational,1,4,,,,,,,,,,,,Event_NS,RDSAppXPlugin
2025-03-24T03:37:21.282990Z,34,WIN-10087MEU94D,Microsoft-Windows-TerminalServices-LocalSessionManager,Microsoft-Windows-TerminalServices-LocalSessionManager/Operational,2,4,,,,,,,,,,,,,
2025-03-24T03:37:21.284360Z,34,WIN-10087MEU94D,Microsoft-Windows-TerminalServices-LocalSessionManager,Microsoft-Windows-TerminalServices-LocalSessionManager/Operational,3,4,,,,,,,,,,,,,
2025-03-24T03:37:21.285126Z,34,WIN-10087MEU94D,Microsoft-Windows-TerminalServices-LocalSessionManager,Microsoft-Windows-TerminalServices-LocalSessionManager/Operational,4,4,,,,,,,,,,,,,
2025-03-24T03:37:21.285240Z,34,WIN-10087MEU94D,Microsoft-Windows-TerminalServices-LocalSessionManager,Microsoft-Windows-TerminalServices-LocalSessionManager/Operational,5,4,,,,,,,,,,,,,
2025-03-24T03:37:21.286900Z,34,WIN-10087MEU94D,Microsoft-Windows-TerminalServices-LocalSessionManager,Microsoft-Windows-TerminalServices-LocalSessionManager/Operational,6,4,,,,,,,,,,,,,
2025-03-24T03:37:29.187299Z,34,WIN-10087MEU94D,Microsoft-Windows-TerminalServices-LocalSessionManager,Microsoft-Windows-TerminalServices-LocalSessionManager/Operational,7,4,,,,,,,,,,,,,
2025-03-24T03:37:29.188441Z,34,WIN-10087MEU94D,Microsoft-Windows-TerminalServices-LocalSessionManager,Microsoft-Windows-TerminalServices-LocalSessionManager/Operational,8,4,,,,,,,,,,,,,
2025-03-24T03:37:29.215299Z,34,WIN-10087MEU94D,Microsoft-Windows-TerminalServices-LocalSessionManager,Microsoft-Windows-TerminalServices-LocalSessionManager/Operational,9,4,,,,,,,,,,,,,
2025-03-24T03:37:29.215815Z,34,WIN-10087MEU94D,Microsoft-Windows-TerminalServices-LocalSessionManager,Microsoft-Windows-TerminalServices-LocalSessionManager/Operational,10,4,,,,,,,,,,,,,
2025-03-24T03:37:37.976378Z,34,WIN-10087MEU94D,Microsoft-Windows-TerminalServices-LocalSessionManager,Microsoft-Windows-TerminalServices-LocalSessionManager/Operational,11,4,,,,,,,,,,,,,
2025-03-24T03:37:38.093031Z,34,WIN-10087MEU94D,Microsoft-Windows-TerminalServices-LocalSessionManager,Microsoft-Windows-TerminalServices-LocalSessionManager/Operational,12,4,,,,,,,,,,,,,
2025-03-24T03:37:38.093151Z,34,WIN-10087MEU94D,Microsoft-Windows-TerminalServices-LocalSessionManager,Microsoft-Windows-TerminalServices-LocalSessionManager/Operational,13,4,,,,,,,,,,,,,
2025-03-24T03:37:38.496753Z,34,WIN-10087MEU94D,Microsoft-Windows-TerminalServices-LocalSessionManager,Microsoft-Windows-TerminalServices-LocalSessionManager/Operational,14,4,,,,,,,,,,,,,
2025-03-24T03:37:41.539026Z,34,WIN-10087MEU94D,Microsoft-Windows-TerminalServices-LocalSessionManager,Microsoft-Windows-TerminalServices-LocalSessionManager/Operational,15,4,,,,,,,,,,,,,
2025-03-24T03:37:41.541003Z,34,WIN-10087MEU94D,Microsoft-Windows-TerminalServices-LocalSessionManager,Microsoft-Windows-TerminalServices-LocalSessionManager/Operational,16,4,,,,,,,,,,,,,
2025-03-24T03:37:41.558311Z,34,WIN-10087MEU94D,Microsoft-Windows-TerminalServices-LocalSessionManager,Microsoft-Windows-TerminalServices-LocalSessionManager/Operational,17,4,,,,,,,,,,,,,
2025-03-24T03:37:41.564929Z,54,WIN-10087MEU94D,Microsoft-Windows-TerminalServices-LocalSessionManager,Microsoft-Windows-TerminalServices-LocalSessionManager/Operational,18,4,,,,,,,,,,,,,
2025-03-24T03:37:57.824490Z,32,WIN-10087MEU94D,Microsoft-Windows-TerminalServices-LocalSessionManager,Microsoft-Windows-TerminalServices-LocalSessionManager/Operational,19,4,,,,,,,,,,,,Event_NS,RDSAppXPlugin
2025-03-24T03:37:57.831471Z,34,WIN-10087MEU94D,Microsoft-Windows-TerminalServices-LocalSessionManager,Microsoft-Windows-TerminalServices-LocalSessionManager/Operational,20,4,,,,,,,,,,,,,
2025-03-24T03:37:57.833040Z,34,WIN-10087MEU94D,Microsoft-Windows-TerminalServices-LocalSessionManager,Microsoft-Windows-TerminalServices-LocalSessionManager/Operational,21,4,,,,,,,,,,,,,
2025-03-24T03:37:57.833173Z,34,WIN-10087MEU94D,Microsoft-Windows-TerminalServices-LocalSessionManager,Microsoft-Windows-TerminalServices-LocalSessionManager/Operational,22,4,,,,,,,,,,,,,
2025-03-24T03:37:57.833276Z,34,WIN-10087MEU94D,Microsoft-Windows-TerminalServices-LocalSessionManager,Microsoft-Windows-TerminalServices-LocalSessionManager/Operational,23,4,,,,,,,,,,,,,
2025-03-24T03:37:57.833377Z,34,WIN-10087MEU94D,Microsoft-Windows-TerminalServices-LocalSessionManager,Microsoft-Windows-TerminalServices-LocalSessionManager/Operational,24,4,,,,,,,,,,,,,
2025-03-24T03:38:01.737674Z,34,WIN-10087MEU94D,Microsoft-Windows-TerminalServices-LocalSessionManager,Microsoft-Windows-TerminalServices-LocalSessionManager/Operational,25,4,,,,,,,,,,,,,
2025-03-24T03:38:01.739081Z,34,WIN-10087MEU94D,Microsoft-Windows-TerminalServices-LocalSessionManager,Microsoft-Windows-TerminalServices-LocalSessionManager/Operational,26,4,,,,,,,,,,,,,
2025-03-24T03:38:01.762774Z,34,WIN-10087MEU94D,Microsoft-Windows-TerminalServices-LocalSessionManager,Microsoft-Windows-TerminalServices-LocalSessionManager/Operational,27,4,,,,,,,,,,,,,
2025-03-24T03:38:02.012684Z,34,WIN-10087MEU94D,Microsoft-Windows-TerminalServices-LocalSessionManager,Microsoft-Windows-TerminalServices-LocalSessionManager/Operational,28,4,,,,,,,,,,,,,
2025-03-24T03:38:02.038844Z,34,WIN-10087MEU94D,Microsoft-Windows-TerminalServices-LocalSessionManager,Microsoft-Windows-TerminalServices-LocalSessionManager/Operational,29,4,,,,,,,,,,,,,
2025-03-24T03:38:02.038950Z,34,WIN-10087MEU94D,Microsoft-Windows-TerminalServices-LocalSessionManager,Microsoft-Windows-TerminalServices-LocalSessionManager/Operational,30,4,,,,,,,,,,,,,
2025-03-24T03:38:02.965751Z,34,WIN-10087MEU94D,Microsoft-Windows-TerminalServices-LocalSessionManager,Microsoft-Windows-TerminalServices-LocalSessionManager/Operational,31,4,,,,,,,,,,,,,
2025-03-24T03:38:03.135138Z,34,WIN-10087MEU94D,Microsoft-Windows-TerminalServices-LocalSessionManager,Microsoft-Windows-TerminalServices-LocalSessionManager/Operational,32,4,,,,,,,,,,,,,
2025-03-24T03:38:06.372557Z,34,WIN-10087MEU94D,Microsoft-Windows-TerminalServices-LocalSessionManager,Microsoft-Windows-TerminalServices-LocalSessionManager/Operational,33,4,,,,,,,,,,,,,
2025-03-24T03:38:13.487720Z,34,WIN-10087MEU94D,Microsoft-Windows-TerminalServices-LocalSessionManager,Microsoft-Windows-TerminalServices-LocalSessionManager/Operational,34,4,,,,,,,,,,,,,
2025-03-24T03:38:28.098813Z,41,WIN-10087MEU94D,Microsoft-Windows-TerminalServices-LocalSessionManager,Microsoft-Windows-TerminalServices-LocalSessionManager/Operational,35,4,,,,,,,1,,,,WIN-10087MEU94D\Administrator,Event_NS,
2025-03-24T03:38:28.099129Z,42,WIN-10087MEU94D,Microsoft-Windows-TerminalServices-LocalSessionManager,Microsoft-Windows-TerminalServices-LocalSessionManager/Operational,36,4,,,,,,,1,,,,WIN-10087MEU94D\Administrator,Event_NS,
2025-03-24T03:38:28.744773Z,21,WIN-10087MEU94D,Microsoft-Windows-TerminalServices-LocalSessionManager,Microsoft-Windows-TerminalServices-LocalSessionManager/Operational,37,4,LOCAL,,,,,,1,,,,WIN-10087MEU94D\Administrator,Event_NS,
2025-03-24T03:38:28.884746Z,22,WIN-10087MEU94D,Microsoft-Windows-TerminalServices-LocalSessionManager,Microsoft-Windows-TerminalServices-LocalSessionManager/Operational,38,4,LOCAL,,,,,,1,,,,WIN-10087MEU94D\Administrator,Event_NS,
2025-03-24T03:39:00.552684Z,23,WIN-10087MEU94D,Microsoft-Windows-TerminalServices-LocalSessionManager,Microsoft-Windows-TerminalServices-LocalSessionManager/Operational,39,4,,,,,,,1,,,,WIN-10087MEU94D\Administrator,Event_NS,
2025-03-24T03:39:00.565200Z,54,WIN-10087MEU94D,Microsoft-Windows-TerminalServices-LocalSessionManager,Microsoft-Windows-TerminalServices-LocalSessionManager/Operational,40,4,,,,,,,,,,,,,
2025-04-18T19:22:17.226934Z,32,WIN-10087MEU94D,Microsoft-Windows-TerminalServices-LocalSessionManager,Microsoft-Windows-TerminalServices-LocalSessionManager/Operational,41,4,,,,,,,,,,,,Event_NS,RDSAppXPlugin
2025-04-18T12:22:38.306939Z,41,WIN-10087MEU94D,Microsoft-Windows-TerminalServices-LocalSessionManager,Microsoft-Windows-TerminalServices-LocalSessionManager/Operational,42,4,,,,,,,1,,,,WIN-10087MEU94D\Administrator,Event_NS,
2025-04-18T12:22:38.308242Z,42,WIN-10087MEU94D,Microsoft-Windows-TerminalServices-LocalSessionManager,Microsoft-Windows-TerminalServices-LocalSessionManager/Operational,43,4,,,,,,,1,,,,WIN-10087MEU94D\Administrator,Event_NS,
2025-04-18T12:22:38.616024Z,21,WIN-10087MEU94D,Microsoft-Windows-TerminalServices-LocalSessionManager,Microsoft-Windows-TerminalServices-LocalSessionManager/Operational,44,4,LOCAL,,,,,,1,,,,WIN-10087MEU94D\Administrator,Event_NS,
2025-04-18T12:22:38.914736Z,22,WIN-10087MEU94D,Microsoft-Windows-TerminalServices-LocalSessionManager,Microsoft-Windows-TerminalServices-LocalSessionManager/Operational,45,4,LOCAL,,,,,,1,,,,WIN-10087MEU94D\Administrator,Event_NS,
2025-04-18T12:23:21.435112Z,59,WIN-10087MEU94D,Microsoft-Windows-TerminalServices-LocalSessionManager,Microsoft-Windows-TerminalServices-LocalSessionManager/Operational,46,4,,C:\WINDOWS\system32\logoff.exe,4928,RpcLogoff,,,,1,,,,Event_NS,
2025-04-18T12:23:21.741304Z,23,WIN-10087MEU94D,Microsoft-Windows-TerminalServices-LocalSessionManager,Microsoft-Windows-TerminalServices-LocalSessionManager/Operational,47,4,,,,,,,1,,,,WIN-10087MEU94D\Administrator,Event_NS,
2025-04-18T12:23:21.807422Z,39,WIN-10087MEU94D,Microsoft-Windows-TerminalServices-LocalSessionManager,Microsoft-Windows-TerminalServices-LocalSessionManager/Operational,48,4,,,,,,,,,1,1,,Event_NS,
2025-04-18T12:23:21.807435Z,40,WIN-10087MEU94D,Microsoft-Windows-TerminalServices-LocalSessionManager,Microsoft-Windows-TerminalServices-LocalSessionManager/Operational,49,4,,,,,11,1,,,,,,Event_NS,
2025-04-18T12:23:21.855004Z,24,WIN-10087MEU94D,Microsoft-Windows-TerminalServices-LocalSessionManager,Microsoft-Windows-TerminalServices-LocalSessionManager/Operational,50,4,LOCAL,,,,,,1,,,,WIN-10087MEU94D\Administrator,Event_NS,
2025-04-18T12:23:29.500780Z,41,WIN-10087MEU94D,Microsoft-Windows-TerminalServices-LocalSessionManager,Microsoft-Windows-TerminalServices-LocalSessionManager/Operational,51,4,,,,,,,2,,,,WIN-10087MEU94D\Administrator,Event_NS,
2025-04-18T12:23:29.501647Z,42,WIN-10087MEU94D,Microsoft-Windows-TerminalServices-LocalSessionManager,Microsoft-Windows-TerminalServices-LocalSessionManager/Operational,52,4,,,,,,,2,,,,WIN-10087MEU94D\Administrator,Event_NS,
2025-04-18T12:23:29.593188Z,21,WIN-10087MEU94D,Microsoft-Windows-TerminalServices-LocalSessionManager,Microsoft-Windows-TerminalServices-LocalSessionManager/Operational,53,4,LOCAL,,,,,,2,,,,WIN-10087MEU94D\Administrator,Event_NS,
2025-04-18T12:23:29.692147Z,22,WIN-10087MEU94D,Microsoft-Windows-TerminalServices-LocalSessionManager,Microsoft-Windows-TerminalServices-LocalSessionManager/Operational,54,4,LOCAL,,,,,,2,,,,WIN-10087MEU94D\Administrator,Event_NS,
2025-04-18T12:23:39.696653Z,23,WIN-10087MEU94D,Microsoft-Windows-TerminalServices-LocalSessionManager,Microsoft-Windows-TerminalServices-LocalSessionManager/Operational,55,4,,,,,,,2,,,,WIN-10087MEU94D\Administrator,Event_NS,
2025-04-18T12:23:39.721244Z,54,WIN-10087MEU94D,Microsoft-Windows-TerminalServices-LocalSessionManager,Microsoft-Windows-TerminalServices-LocalSessionManager/Operational,56,4,,,,,,,,,,,,,
2026-04-05T16:48:26.048954Z,32,WIN-10087MEU94D,Microsoft-Windows-TerminalServices-LocalSessionManager,Microsoft-Windows-TerminalServices-LocalSessionManager/Operational,57,4,,,,,,,,,,,,Event_NS,RDSAppXPlugin
2026-04-05T16:50:47.945878Z,41,WIN-10087MEU94D,Microsoft-Windows-TerminalServices-LocalSessionManager,Microsoft-Windows-TerminalServices-LocalSessionManager/Operational,58,4,,,,,,,1,,,,WIN-10087MEU94D\Administrator,Event_NS,
2026-04-05T16:50:47.946563Z,42,WIN-10087MEU94D,Microsoft-Windows-TerminalServices-LocalSessionManager,Microsoft-Windows-TerminalServices-LocalSessionManager/Operational,59,4,,,,,,,1,,,,WIN-10087MEU94D\Administrator,Event_NS,
2026-04-05T16:50:48.218653Z,21,WIN-10087MEU94D,Microsoft-Windows-TerminalServices-LocalSessionManager,Microsoft-Windows-TerminalServices-LocalSessionManager/Operational,60,4,LOCAL,,,,,,1,,,,WIN-10087MEU94D\Administrator,Event_NS,
2026-04-05T16:50:48.500744Z,22,WIN-10087MEU94D,Microsoft-Windows-TerminalServices-LocalSessionManager,Microsoft-Windows-TerminalServices-LocalSessionManager/Operational,61,4,LOCAL,,,,,,1,,,,WIN-10087MEU94D\Administrator,Event_NS,
2026-04-05T16:52:31.147503Z,34,WIN-10087MEU94D,Microsoft-Windows-TerminalServices-LocalSessionManager,Microsoft-Windows-TerminalServices-LocalSessionManager/Operational,62,4,,,,,,,,,,,,,
2026-04-05T16:52:31.147797Z,34,WIN-10087MEU94D,Microsoft-Windows-TerminalServices-LocalSessionManager,Microsoft-Windows-TerminalServices-LocalSessionManager/Operational,63,4,,,,,,,,,,,,,
2026-04-05T16:52:31.151104Z,34,WIN-10087MEU94D,Microsoft-Windows-TerminalServices-LocalSessionManager,Microsoft-Windows-TerminalServices-LocalSessionManager/Operational,64,4,,,,,,,,,,,,,
2026-04-05T16:52:31.151351Z,34,WIN-10087MEU94D,Microsoft-Windows-TerminalServices-LocalSessionManager,Microsoft-Windows-TerminalServices-LocalSessionManager/Operational,65,4,,,,,,,,,,,,,
2026-04-05T16:52:31.159979Z,54,WIN-10087MEU94D,Microsoft-Windows-TerminalServices-LocalSessionManager,Microsoft-Windows-TerminalServices-LocalSessionManager/Operational,66,4,,,,,,,,,,,,,
2026-04-05T16:52:31.565542Z,23,WIN-10087MEU94D,Microsoft-Windows-TerminalServices-LocalSessionManager,Microsoft-Windows-TerminalServices-LocalSessionManager/Operational,67,4,,,,,,,1,,,,WIN-10087MEU94D\Administrator,Event_NS,
2026-04-05T16:52:47.177201Z,32,WIN-TTCPK05807O,Microsoft-Windows-TerminalServices-LocalSessionManager,Microsoft-Windows-TerminalServices-LocalSessionManager/Operational,68,4,,,,,,,,,,,,Event_NS,RDSAppXPlugin
2026-04-05T16:52:47.182544Z,34,WIN-TTCPK05807O,Microsoft-Windows-TerminalServices-LocalSessionManager,Microsoft-Windows-TerminalServices-LocalSessionManager/Operational,69,4,,,,,,,,,,,,,
2026-04-05T16:52:47.183693Z,34,WIN-TTCPK05807O,Microsoft-Windows-TerminalServices-LocalSessionManager,Microsoft-Windows-TerminalServices-LocalSessionManager/Operational,70,4,,,,,,,,,,,,,
2026-04-05T16:52:47.183990Z,34,WIN-TTCPK05807O,Microsoft-Windows-TerminalServices-LocalSessionManager,Microsoft-Windows-TerminalServices-LocalSessionManager/Operational,71,4,,,,,,,,,,,,,
2026-04-05T16:52:47.184300Z,34,WIN-TTCPK05807O,Microsoft-Windows-TerminalServices-LocalSessionManager,Microsoft-Windows-TerminalServices-LocalSessionManager/Operational,72,4,,,,,,,,,,,,,
2026-04-05T16:52:47.184619Z,34,WIN-TTCPK05807O,Microsoft-Windows-TerminalServices-LocalSessionManager,Microsoft-Windows-TerminalServices-LocalSessionManager/Operational,73,4,,,,,,,,,,,,,
2026-04-05T16:52:51.478177Z,34,WIN-TTCPK05807O,Microsoft-Windows-TerminalServices-LocalSessionManager,Microsoft-Windows-TerminalServices-LocalSessionManager/Operational,74,4,,,,,,,,,,,,,
2026-04-05T16:52:51.478434Z,34,WIN-TTCPK05807O,Microsoft-Windows-TerminalServices-LocalSessionManager,Microsoft-Windows-TerminalServices-LocalSessionManager/Operational,75,4,,,,,,,,,,,,,
2026-04-05T16:52:51.512033Z,34,WIN-TTCPK05807O,Microsoft-Windows-TerminalServices-LocalSessionManager,Microsoft-Windows-TerminalServices-LocalSessionManager/Operational,76,4,,,,,,,,,,,,,
2026-04-05T16:52:51.512581Z,34,WIN-TTCPK05807O,Microsoft-Windows-TerminalServices-LocalSessionManager,Microsoft-Windows-TerminalServices-LocalSessionManager/Operational,77,4,,,,,,,,,,,,,
2026-04-05T16:52:51.983718Z,34,WIN-TTCPK05807O,Microsoft-Windows-TerminalServices-LocalSessionManager,Microsoft-Windows-TerminalServices-LocalSessionManager/Operational,78,4,,,,,,,,,,,,,
2026-04-05T16:53:00.030577Z,34,WIN-TTCPK05807O,Microsoft-Windows-TerminalServices-LocalSessionManager,Microsoft-Windows-TerminalServices-LocalSessionManager/Operational,79,4,,,,,,,,,,,,,
2026-04-05T16:53:00.030786Z,34,WIN-TTCPK05807O,Microsoft-Windows-TerminalServices-LocalSessionManager,Microsoft-Windows-TerminalServices-LocalSessionManager/Operational,80,4,,,,,,,,,,,,,
2026-04-05T16:53:00.043710Z,34,WIN-TTCPK05807O,Microsoft-Windows-TerminalServices-LocalSessionManager,Microsoft-Windows-TerminalServices-LocalSessionManager/Operational,81,4,,,,,,,,,,,,,
2026-04-05T16:53:00.051296Z,54,WIN-TTCPK05807O,Microsoft-Windows-TerminalServices-LocalSessionManager,Microsoft-Windows-TerminalServices-LocalSessionManager/Operational,82,4,,,,,,,,,,,,,
2026-04-05T16:53:15.819218Z,32,WIN-TTCPK05807O,Microsoft-Windows-TerminalServices-LocalSessionManager,Microsoft-Windows-TerminalServices-LocalSessionManager/Operational,83,4,,,,,,,,,,,,Event_NS,RDSAppXPlugin
2026-04-05T16:53:15.826759Z,34,WIN-TTCPK05807O,Microsoft-Windows-TerminalServices-LocalSessionManager,Microsoft-Windows-TerminalServices-LocalSessionManager/Operational,84,4,,,,,,,,,,,,,
2026-04-05T16:53:15.827838Z,34,WIN-TTCPK05807O,Microsoft-Windows-TerminalServices-LocalSessionManager,Microsoft-Windows-TerminalServices-LocalSessionManager/Operational,85,4,,,,,,,,,,,,,
2026-04-05T16:53:15.828091Z,34,WIN-TTCPK05807O,Microsoft-Windows-TerminalServices-LocalSessionManager,Microsoft-Windows-TerminalServices-LocalSessionManager/Operational,86,4,,,,,,,,,,,,,
2026-04-05T16:53:15.828343Z,34,WIN-TTCPK05807O,Microsoft-Windows-TerminalServices-LocalSessionManager,Microsoft-Windows-TerminalServices-LocalSessionManager/Operational,87,4,,,,,,,,,,,,,
2026-04-05T16:53:15.828599Z,34,WIN-TTCPK05807O,Microsoft-Windows-TerminalServices-LocalSessionManager,Microsoft-Windows-TerminalServices-LocalSessionManager/Operational,88,4,,,,,,,,,,,,,
2026-04-05T16:53:20.005403Z,34,WIN-TTCPK05807O,Microsoft-Windows-TerminalServices-LocalSessionManager,Microsoft-Windows-TerminalServices-LocalSessionManager/Operational,89,4,,,,,,,,,,,,,
2026-04-05T16:53:20.005660Z,34,WIN-TTCPK05807O,Microsoft-Windows-TerminalServices-LocalSessionManager,Microsoft-Windows-TerminalServices-LocalSessionManager/Operational,90,4,,,,,,,,,,,,,
2026-04-05T16:53:20.042657Z,34,WIN-TTCPK05807O,Microsoft-Windows-TerminalServices-LocalSessionManager,Microsoft-Windows-TerminalServices-LocalSessionManager/Operational,91,4,,,,,,,,,,,,,
2026-04-05T16:53:20.245175Z,34,WIN-TTCPK05807O,Microsoft-Windows-TerminalServices-LocalSessionManager,Microsoft-Windows-TerminalServices-LocalSessionManager/Operational,92,4,,,,,,,,,,,,,
2026-04-05T16:53:26.048597Z,34,WIN-TTCPK05807O,Microsoft-Windows-TerminalServices-LocalSessionManager,Microsoft-Windows-TerminalServices-LocalSessionManager/Operational,93,4,,,,,,,,,,,,,
2026-04-05T16:53:26.106718Z,34,WIN-TTCPK05807O,Microsoft-Windows-TerminalServices-LocalSessionManager,Microsoft-Windows-TerminalServices-LocalSessionManager/Operational,94,4,,,,,,,,,,,,,
2026-04-05T16:54:36.832171Z,41,WIN-TTCPK05807O,Microsoft-Windows-TerminalServices-LocalSessionManager,Microsoft-Windows-TerminalServices-LocalSessionManager/Operational,95,4,,,,,,,1,,,,WIN-TTCPK05807O\Administrator,Event_NS,
2026-04-05T16:54:36.832863Z,42,WIN-TTCPK05807O,Microsoft-Windows-TerminalServices-LocalSessionManager,Microsoft-Windows-TerminalServices-LocalSessionManager/Operational,96,4,,,,,,,1,,,,WIN-TTCPK05807O\Administrator,Event_NS,
2026-04-05T16:54:38.603684Z,21,WIN-TTCPK05807O,Microsoft-Windows-TerminalServices-LocalSessionManager,Microsoft-Windows-TerminalServices-LocalSessionManager/Operational,97,4,LOCAL,,,,,,1,,,,WIN-TTCPK05807O\Administrator,Event_NS,
2026-04-05T16:54:38.963463Z,22,WIN-TTCPK05807O,Microsoft-Windows-TerminalServices-LocalSessionManager,Microsoft-Windows-TerminalServices-LocalSessionManager/Operational,98,4,LOCAL,,,,,,1,,,,WIN-TTCPK05807O\Administrator,Event_NS,
2026-04-05T16:55:58.628450Z,23,WIN-TTCPK05807O,Microsoft-Windows-TerminalServices-LocalSessionManager,Microsoft-Windows-TerminalServices-LocalSessionManager/Operational,99,4,,,,,,,1,,,,WIN-TTCPK05807O\Administrator,Event_NS,
2026-04-05T16:55:58.644249Z,54,WIN-TTCPK05807O,Microsoft-Windows-TerminalServices-LocalSessionManager,Microsoft-Windows-TerminalServices-LocalSessionManager/Operational,100,4,,,,,,,,,,,,,
2026-04-05T16:56:10.862518Z,32,WIN-TTCPK05807O,Microsoft-Windows-TerminalServices-LocalSessionManager,Microsoft-Windows-TerminalServices-LocalSessionManager/Operational,101,4,,,,,,,,,,,,Event_NS,RDSAppXPlugin
2026-04-05T16:57:15.088897Z,41,WIN-TTCPK05807O,Microsoft-Windows-TerminalServices-LocalSessionManager,Microsoft-Windows-TerminalServices-LocalSessionManager/Operational,102,4,,,,,,,1,,,,WIN-TTCPK05807O\Administrator,Event_NS,
2026-04-05T16:57:15.089938Z,42,WIN-TTCPK05807O,Microsoft-Windows-TerminalServices-LocalSessionManager,Microsoft-Windows-TerminalServices-LocalSessionManager/Operational,103,4,,,,,,,1,,,,WIN-TTCPK05807O\Administrator,Event_NS,
2026-04-05T16:57:15.358786Z,21,WIN-TTCPK05807O,Microsoft-Windows-TerminalServices-LocalSessionManager,Microsoft-Windows-TerminalServices-LocalSessionManager/Operational,104,4,LOCAL,,,,,,1,,,,WIN-TTCPK05807O\Administrator,Event_NS,
2026-04-05T16:57:15.598795Z,22,WIN-TTCPK05807O,Microsoft-Windows-TerminalServices-LocalSessionManager,Microsoft-Windows-TerminalServices-LocalSessionManager/Operational,105,4,LOCAL,,,,,,1,,,,WIN-TTCPK05807O\Administrator,Event_NS,
2026-04-05T17:18:52.013346Z,23,WIN-TTCPK05807O,Microsoft-Windows-TerminalServices-LocalSessionManager,Microsoft-Windows-TerminalServices-LocalSessionManager/Operational,106,4,,,,,,,1,,,,WIN-TTCPK05807O\Administrator,Event_NS,
2026-04-05T17:18:52.036631Z,54,WIN-TTCPK05807O,Microsoft-Windows-TerminalServices-LocalSessionManager,Microsoft-Windows-TerminalServices-LocalSessionManager/Operational,107,4,,,,,,,,,,,,,
2026-04-05T17:20:18.167069Z,32,WIN-TTCPK05807O,Microsoft-Windows-TerminalServices-LocalSessionManager,Microsoft-Windows-TerminalServices-LocalSessionManager/Operational,108,4,,,,,,,,,,,,Event_NS,RDSAppXPlugin
2026-04-05T17:21:12.175140Z,54,WIN-TTCPK05807O,Microsoft-Windows-TerminalServices-LocalSessionManager,Microsoft-Windows-TerminalServices-LocalSessionManager/Operational,109,4,,,,,,,,,,,,,
2026-04-05T17:21:23.775409Z,32,WIN-TTCPK05807O,Microsoft-Windows-TerminalServices-LocalSessionManager,Microsoft-Windows-TerminalServices-LocalSessionManager/Operational,110,4,,,,,,,,,,,,Event_NS,RDSAppXPlugin
2026-04-05T17:22:22.627590Z,41,WIN-TTCPK05807O,Microsoft-Windows-TerminalServices-LocalSessionManager,Microsoft-Windows-TerminalServices-LocalSessionManager/Operational,111,4,,,,,,,1,,,,WIN-TTCPK05807O\Administrator,Event_NS,
2026-04-05T17:22:22.628613Z,42,WIN-TTCPK05807O,Microsoft-Windows-TerminalServices-LocalSessionManager,Microsoft-Windows-TerminalServices-LocalSessionManager/Operational,112,4,,,,,,,1,,,,WIN-TTCPK05807O\Administrator,Event_NS,
2026-04-05T17:22:23.360732Z,21,WIN-TTCPK05807O,Microsoft-Windows-TerminalServices-LocalSessionManager,Microsoft-Windows-TerminalServices-LocalSessionManager/Operational,113,4,LOCAL,,,,,,1,,,,WIN-TTCPK05807O\Administrator,Event_NS,
2026-04-05T17:22:23.602261Z,22,WIN-TTCPK05807O,Microsoft-Windows-TerminalServices-LocalSessionManager,Microsoft-Windows-TerminalServices-LocalSessionManager/Operational,114,4,LOCAL,,,,,,1,,,,WIN-TTCPK05807O\Administrator,Event_NS,
2026-04-05T17:24:35.046826Z,23,WIN-TTCPK05807O,Microsoft-Windows-TerminalServices-LocalSessionManager,Microsoft-Windows-TerminalServices-LocalSessionManager/Operational,115,4,,,,,,,1,,,,WIN-TTCPK05807O\Administrator,Event_NS,
2026-04-05T17:24:35.062669Z,54,WIN-TTCPK05807O,Microsoft-Windows-TerminalServices-LocalSessionManager,Microsoft-Windows-TerminalServices-LocalSessionManager/Operational,116,4,,,,,,,,,,,,,
2026-04-05T17:24:51.157013Z,32,WIN-TTCPK05807O,Microsoft-Windows-TerminalServices-LocalSessionManager,Microsoft-Windows-TerminalServices-LocalSessionManager/Operational,117,4,,,,,,,,,,,,Event_NS,RDSAppXPlugin
2026-04-05T17:25:44.370665Z,41,WIN-TTCPK05807O,Microsoft-Windows-TerminalServices-LocalSessionManager,Microsoft-Windows-TerminalServices-LocalSessionManager/Operational,118,4,,,,,,,1,,,,WIN-TTCPK05807O\Administrator,Event_NS,
2026-04-05T17:25:44.371808Z,42,WIN-TTCPK05807O,Microsoft-Windows-TerminalServices-LocalSessionManager,Microsoft-Windows-TerminalServices-LocalSessionManager/Operational,119,4,,,,,,,1,,,,WIN-TTCPK05807O\Administrator,Event_NS,
2026-04-05T17:25:44.616562Z,21,WIN-TTCPK05807O,Microsoft-Windows-TerminalServices-LocalSessionManager,Microsoft-Windows-TerminalServices-LocalSessionManager/Operational,120,4,LOCAL,,,,,,1,,,,WIN-TTCPK05807O\Administrator,Event_NS,
2026-04-05T17:25:44.879238Z,22,WIN-TTCPK05807O,Microsoft-Windows-TerminalServices-LocalSessionManager,Microsoft-Windows-TerminalServices-LocalSessionManager/Operational,121,4,LOCAL,,,,,,1,,,,WIN-TTCPK05807O\Administrator,Event_NS,
2026-04-05T17:48:58.952126Z,23,WIN-TTCPK05807O,Microsoft-Windows-TerminalServices-LocalSessionManager,Microsoft-Windows-TerminalServices-LocalSessionManager/Operational,122,4,,,,,,,1,,,,WIN-TTCPK05807O\Administrator,Event_NS,
2026-04-05T17:48:58.973520Z,54,WIN-TTCPK05807O,Microsoft-Windows-TerminalServices-LocalSessionManager,Microsoft-Windows-TerminalServices-LocalSessionManager/Operational,123,4,,,,,,,,,,,,,
2026-04-05T17:50:52.699057Z,32,WIN-TTCPK05807O,Microsoft-Windows-TerminalServices-LocalSessionManager,Microsoft-Windows-TerminalServices-LocalSessionManager/Operational,124,4,,,,,,,,,,,,Event_NS,RDSAppXPlugin
2026-04-05T20:21:27.398156Z,41,WIN-TTCPK05807O,Microsoft-Windows-TerminalServices-LocalSessionManager,Microsoft-Windows-TerminalServices-LocalSessionManager/Operational,125,4,,,,,,,1,,,,WIN-TTCPK05807O\Administrator,Event_NS,
2026-04-05T20:21:27.399442Z,42,WIN-TTCPK05807O,Microsoft-Windows-TerminalServices-LocalSessionManager,Microsoft-Windows-TerminalServices-LocalSessionManager/Operational,126,4,,,,,,,1,,,,WIN-TTCPK05807O\Administrator,Event_NS,
2026-04-05T20:21:27.665421Z,21,WIN-TTCPK05807O,Microsoft-Windows-TerminalServices-LocalSessionManager,Microsoft-Windows-TerminalServices-LocalSessionManager/Operational,127,4,LOCAL,,,,,,1,,,,WIN-TTCPK05807O\Administrator,Event_NS,
2026-04-05T20:21:27.902531Z,22,WIN-TTCPK05807O,Microsoft-Windows-TerminalServices-LocalSessionManager,Microsoft-Windows-TerminalServices-LocalSessionManager/Operational,128,4,LOCAL,,,,,,1,,,,WIN-TTCPK05807O\Administrator,Event_NS,
2026-04-05T20:22:02.799380Z,54,WIN-TTCPK05807O,Microsoft-Windows-TerminalServices-LocalSessionManager,Microsoft-Windows-TerminalServices-LocalSessionManager/Operational,129,4,,,,,,,,,,,,,
2026-04-05T20:22:03.092360Z,23,WIN-TTCPK05807O,Microsoft-Windows-TerminalServices-LocalSessionManager,Microsoft-Windows-TerminalServices-LocalSessionManager/Operational,130,4,,,,,,,1,,,,WIN-TTCPK05807O\Administrator,Event_NS,
2026-04-05T20:22:15.974491Z,32,DC01,Microsoft-Windows-TerminalServices-LocalSessionManager,Microsoft-Windows-TerminalServices-LocalSessionManager/Operational,131,4,,,,,,,,,,,,Event_NS,RDSAppXPlugin
2026-04-05T20:23:33.547519Z,41,DC01,Microsoft-Windows-TerminalServices-LocalSessionManager,Microsoft-Windows-TerminalServices-LocalSessionManager/Operational,132,4,,,,,,,1,,,,DC01\Administrator,Event_NS,
2026-04-05T20:23:33.548429Z,42,DC01,Microsoft-Windows-TerminalServices-LocalSessionManager,Microsoft-Windows-TerminalServices-LocalSessionManager/Operational,133,4,,,,,,,1,,,,DC01\Administrator,Event_NS,
2026-04-05T20:23:33.799235Z,21,DC01,Microsoft-Windows-TerminalServices-LocalSessionManager,Microsoft-Windows-TerminalServices-LocalSessionManager/Operational,134,4,LOCAL,,,,,,1,,,,DC01\Administrator,Event_NS,
2026-04-05T20:23:33.990113Z,22,DC01,Microsoft-Windows-TerminalServices-LocalSessionManager,Microsoft-Windows-TerminalServices-LocalSessionManager/Operational,135,4,LOCAL,,,,,,1,,,,DC01\Administrator,Event_NS,
2026-04-05T20:23:50.837217Z,23,DC01,Microsoft-Windows-TerminalServices-LocalSessionManager,Microsoft-Windows-TerminalServices-LocalSessionManager/Operational,136,4,,,,,,,1,,,,DC01\Administrator,Event_NS,
2026-04-05T20:23:50.855420Z,54,DC01,Microsoft-Windows-TerminalServices-LocalSessionManager,Microsoft-Windows-TerminalServices-LocalSessionManager/Operational,137,4,,,,,,,,,,,,,
2026-04-06T08:41:23.949722Z,32,DC01,Microsoft-Windows-TerminalServices-LocalSessionManager,Microsoft-Windows-TerminalServices-LocalSessionManager/Operational,138,4,,,,,,,,,,,,Event_NS,RDSAppXPlugin
2026-04-06T08:42:09.922830Z,41,DC01,Microsoft-Windows-TerminalServices-LocalSessionManager,Microsoft-Windows-TerminalServices-LocalSessionManager/Operational,139,4,,,,,,,1,,,,DC01\Administrator,Event_NS,
2026-04-06T08:42:09.923678Z,42,DC01,Microsoft-Windows-TerminalServices-LocalSessionManager,Microsoft-Windows-TerminalServices-LocalSessionManager/Operational,140,4,,,,,,,1,,,,DC01\Administrator,Event_NS,
2026-04-06T08:42:10.149132Z,21,DC01,Microsoft-Windows-TerminalServices-LocalSessionManager,Microsoft-Windows-TerminalServices-LocalSessionManager/Operational,141,4,LOCAL,,,,,,1,,,,DC01\Administrator,Event_NS,
2026-04-06T08:42:10.331446Z,22,DC01,Microsoft-Windows-TerminalServices-LocalSessionManager,Microsoft-Windows-TerminalServices-LocalSessionManager/Operational,142,4,LOCAL,,,,,,1,,,,DC01\Administrator,Event_NS,
2026-04-06T08:53:24.403330Z,54,DC01,Microsoft-Windows-TerminalServices-LocalSessionManager,Microsoft-Windows-TerminalServices-LocalSessionManager/Operational,143,4,,,,,,,,,,,,,
2026-04-06T08:53:24.728329Z,23,DC01,Microsoft-Windows-TerminalServices-LocalSessionManager,Microsoft-Windows-TerminalServices-LocalSessionManager/Operational,144,4,,,,,,,1,,,,DC01\Administrator,Event_NS,
2026-04-06T08:53:59.036618Z,32,DC01,Microsoft-Windows-TerminalServices-LocalSessionManager,Microsoft-Windows-TerminalServices-LocalSessionManager/Operational,145,4,,,,,,,,,,,,Event_NS,RDSAppXPlugin
2026-04-06T08:55:58.059281Z,41,DC01,Microsoft-Windows-TerminalServices-LocalSessionManager,Microsoft-Windows-TerminalServices-LocalSessionManager/Operational,146,4,,,,,,,1,,,,DC01\Administrator,Event_NS,
2026-04-06T08:55:58.060245Z,42,DC01,Microsoft-Windows-TerminalServices-LocalSessionManager,Microsoft-Windows-TerminalServices-LocalSessionManager/Operational,147,4,,,,,,,1,,,,DC01\Administrator,Event_NS,
2026-04-06T08:55:58.360755Z,21,DC01,Microsoft-Windows-TerminalServices-LocalSessionManager,Microsoft-Windows-TerminalServices-LocalSessionManager/Operational,148,4,LOCAL,,,,,,1,,,,DC01\Administrator,Event_NS,
2026-04-06T08:55:58.541301Z,22,DC01,Microsoft-Windows-TerminalServices-LocalSessionManager,Microsoft-Windows-TerminalServices-LocalSessionManager/Operational,149,4,LOCAL,,,,,,1,,,,DC01\Administrator,Event_NS,
2026-04-06T08:59:38.767441Z,54,DC01,Microsoft-Windows-TerminalServices-LocalSessionManager,Microsoft-Windows-TerminalServices-LocalSessionManager/Operational,150,4,,,,,,,,,,,,,
2026-04-06T08:59:39.169127Z,23,DC01,Microsoft-Windows-TerminalServices-LocalSessionManager,Microsoft-Windows-TerminalServices-LocalSessionManager/Operational,151,4,,,,,,,1,,,,DC01\Administrator,Event_NS,
2026-04-06T09:00:06.665466Z,32,DC01.darkzero.htb,Microsoft-Windows-TerminalServices-LocalSessionManager,Microsoft-Windows-TerminalServices-LocalSessionManager/Operational,152,4,,,,,,,,,,,,Event_NS,RDSAppXPlugin
2026-04-06T09:00:53.022317Z,59,DC01.darkzero.htb,Microsoft-Windows-TerminalServices-LocalSessionManager,Microsoft-Windows-TerminalServices-LocalSessionManager/Operational,153,4,,"""LogonUI.exe"" /flags:0x2 /state0:0xa3b92055 /state1:0x41c64e6d",1176,RpcGetCurrentSessionCapabilities,,,,1,,,,Event_NS,
2026-04-06T09:00:53.024628Z,59,DC01.darkzero.htb,Microsoft-Windows-TerminalServices-LocalSessionManager,Microsoft-Windows-TerminalServices-LocalSessionManager/Operational,154,4,,"""LogonUI.exe"" /flags:0x2 /state0:0xa3b92055 /state1:0x41c64e6d",1176,RpcGetCurrentSessionCapabilities,,,,1,,,,Event_NS,
2026-04-06T09:01:16.371907Z,41,DC01.darkzero.htb,Microsoft-Windows-TerminalServices-LocalSessionManager,Microsoft-Windows-TerminalServices-LocalSessionManager/Operational,155,4,,,,,,,1,,,,darkzero\Administrator,Event_NS,
2026-04-06T09:01:16.372513Z,42,DC01.darkzero.htb,Microsoft-Windows-TerminalServices-LocalSessionManager,Microsoft-Windows-TerminalServices-LocalSessionManager/Operational,156,4,,,,,,,1,,,,darkzero\Administrator,Event_NS,
2026-04-06T09:01:16.768438Z,21,DC01.darkzero.htb,Microsoft-Windows-TerminalServices-LocalSessionManager,Microsoft-Windows-TerminalServices-LocalSessionManager/Operational,157,4,LOCAL,,,,,,1,,,,darkzero\Administrator,Event_NS,
2026-04-06T09:01:16.951973Z,22,DC01.darkzero.htb,Microsoft-Windows-TerminalServices-LocalSessionManager,Microsoft-Windows-TerminalServices-LocalSessionManager/Operational,158,4,LOCAL,,,,,,1,,,,darkzero\Administrator,Event_NS,
2026-04-06T09:06:12.522619Z,59,DC01.darkzero.htb,Microsoft-Windows-TerminalServices-LocalSessionManager,Microsoft-Windows-TerminalServices-LocalSessionManager/Operational,159,4,,"C:\WINDOWS\System32\WindowsPowerShell\v1.0\powershell.exe  -noExit -Command ""Invoke-SConfigLogon""",3292,RpcGetCurrentSessionCapabilities,,,,1,,,,Event_NS,
2026-04-06T09:06:12.523451Z,59,DC01.darkzero.htb,Microsoft-Windows-TerminalServices-LocalSessionManager,Microsoft-Windows-TerminalServices-LocalSessionManager/Operational,160,4,,"C:\WINDOWS\System32\WindowsPowerShell\v1.0\powershell.exe  -noExit -Command ""Invoke-SConfigLogon""",3292,RpcGetCurrentSessionCapabilities,,,,1,,,,Event_NS,
2026-04-06T09:40:43.178401Z,23,DC01.darkzero.htb,Microsoft-Windows-TerminalServices-LocalSessionManager,Microsoft-Windows-TerminalServices-LocalSessionManager/Operational,161,4,,,,,,,1,,,,darkzero\Administrator,Event_NS,
2026-04-06T09:40:43.202261Z,54,DC01.darkzero.htb,Microsoft-Windows-TerminalServices-LocalSessionManager,Microsoft-Windows-TerminalServices-LocalSessionManager/Operational,162,4,,,,,,,,,,,,,
2026-04-06T09:45:31.058435Z,32,DC01.darkzero.htb,Microsoft-Windows-TerminalServices-LocalSessionManager,Microsoft-Windows-TerminalServices-LocalSessionManager/Operational,163,4,,,,,,,,,,,,Event_NS,RDSAppXPlugin
2026-04-06T09:46:11.580472Z,59,DC01.darkzero.htb,Microsoft-Windows-TerminalServices-LocalSessionManager,Microsoft-Windows-TerminalServices-LocalSessionManager/Operational,164,4,,"""LogonUI.exe"" /flags:0x2 /state0:0xa3b41855 /state1:0x41c64e6d",1200,RpcGetCurrentSessionCapabilities,,,,1,,,,Event_NS,
2026-04-06T09:46:11.581603Z,59,DC01.darkzero.htb,Microsoft-Windows-TerminalServices-LocalSessionManager,Microsoft-Windows-TerminalServices-LocalSessionManager/Operational,165,4,,"""LogonUI.exe"" /flags:0x2 /state0:0xa3b41855 /state1:0x41c64e6d",1200,RpcGetCurrentSessionCapabilities,,,,1,,,,Event_NS,
2026-04-06T09:46:53.635634Z,41,DC01.darkzero.htb,Microsoft-Windows-TerminalServices-LocalSessionManager,Microsoft-Windows-TerminalServices-LocalSessionManager/Operational,166,4,,,,,,,1,,,,darkzero\Administrator,Event_NS,
2026-04-06T09:46:53.636282Z,42,DC01.darkzero.htb,Microsoft-Windows-TerminalServices-LocalSessionManager,Microsoft-Windows-TerminalServices-LocalSessionManager/Operational,167,4,,,,,,,1,,,,darkzero\Administrator,Event_NS,
2026-04-06T09:46:53.909579Z,21,DC01.darkzero.htb,Microsoft-Windows-TerminalServices-LocalSessionManager,Microsoft-Windows-TerminalServices-LocalSessionManager/Operational,168,4,LOCAL,,,,,,1,,,,darkzero\Administrator,Event_NS,
2026-04-06T09:46:54.033936Z,22,DC01.darkzero.htb,Microsoft-Windows-TerminalServices-LocalSessionManager,Microsoft-Windows-TerminalServices-LocalSessionManager/Operational,169,4,LOCAL,,,,,,1,,,,darkzero\Administrator,Event_NS,
2026-04-06T10:11:28.100904Z,59,DC01.darkzero.htb,Microsoft-Windows-TerminalServices-LocalSessionManager,Microsoft-Windows-TerminalServices-LocalSessionManager/Operational,170,4,,"""LogonUI.exe"" /flags:0x0 /state0:0xa3a90055 /state1:0x41c64e6d",2176,RpcGetCurrentSessionCapabilities,,,,1,,,,Event_NS,
2026-04-06T10:11:28.101779Z,59,DC01.darkzero.htb,Microsoft-Windows-TerminalServices-LocalSessionManager,Microsoft-Windows-TerminalServices-LocalSessionManager/Operational,171,4,,"""LogonUI.exe"" /flags:0x0 /state0:0xa3a90055 /state1:0x41c64e6d",2176,RpcGetCurrentSessionCapabilities,,,,1,,,,Event_NS,
2026-04-06T12:02:03.235738Z,23,DC01.darkzero.htb,Microsoft-Windows-TerminalServices-LocalSessionManager,Microsoft-Windows-TerminalServices-LocalSessionManager/Operational,172,4,,,,,,,1,,,,darkzero\Administrator,Event_NS,
2026-04-06T12:02:03.254854Z,54,DC01.darkzero.htb,Microsoft-Windows-TerminalServices-LocalSessionManager,Microsoft-Windows-TerminalServices-LocalSessionManager/Operational,173,4,,,,,,,,,,,,,
2026-04-06T12:04:31.194248Z,32,DC01.darkzero.htb,Microsoft-Windows-TerminalServices-LocalSessionManager,Microsoft-Windows-TerminalServices-LocalSessionManager/Operational,174,4,,,,,,,,,,,,Event_NS,RDSAppXPlugin
2026-04-06T12:05:41.666505Z,59,DC01.darkzero.htb,Microsoft-Windows-TerminalServices-LocalSessionManager,Microsoft-Windows-TerminalServices-LocalSessionManager/Operational,175,4,,"""LogonUI.exe"" /flags:0x2 /state0:0xa3b41855 /state1:0x41c64e6d",1248,RpcGetCurrentSessionCapabilities,,,,1,,,,Event_NS,
2026-04-06T12:05:41.667390Z,59,DC01.darkzero.htb,Microsoft-Windows-TerminalServices-LocalSessionManager,Microsoft-Windows-TerminalServices-LocalSessionManager/Operational,176,4,,"""LogonUI.exe"" /flags:0x2 /state0:0xa3b41855 /state1:0x41c64e6d",1248,RpcGetCurrentSessionCapabilities,,,,1,,,,Event_NS,
2026-04-06T12:07:05.051249Z,41,DC01.darkzero.htb,Microsoft-Windows-TerminalServices-LocalSessionManager,Microsoft-Windows-TerminalServices-LocalSessionManager/Operational,177,4,,,,,,,1,,,,darkzero\Administrator,Event_NS,
2026-04-06T12:07:05.052082Z,42,DC01.darkzero.htb,Microsoft-Windows-TerminalServices-LocalSessionManager,Microsoft-Windows-TerminalServices-LocalSessionManager/Operational,178,4,,,,,,,1,,,,darkzero\Administrator,Event_NS,
2026-04-06T12:07:05.320763Z,21,DC01.darkzero.htb,Microsoft-Windows-TerminalServices-LocalSessionManager,Microsoft-Windows-TerminalServices-LocalSessionManager/Operational,179,4,LOCAL,,,,,,1,,,,darkzero\Administrator,Event_NS,
2026-04-06T12:07:05.449521Z,22,DC01.darkzero.htb,Microsoft-Windows-TerminalServices-LocalSessionManager,Microsoft-Windows-TerminalServices-LocalSessionManager/Operational,180,4,LOCAL,,,,,,1,,,,darkzero\Administrator,Event_NS,
2026-04-06T12:32:20.540872Z,59,DC01.darkzero.htb,Microsoft-Windows-TerminalServices-LocalSessionManager,Microsoft-Windows-TerminalServices-LocalSessionManager/Operational,181,4,,"""LogonUI.exe"" /flags:0x0 /state0:0xa3a8a055 /state1:0x41c64e6d",2644,RpcGetCurrentSessionCapabilities,,,,1,,,,Event_NS,
2026-04-06T12:32:20.541825Z,59,DC01.darkzero.htb,Microsoft-Windows-TerminalServices-LocalSessionManager,Microsoft-Windows-TerminalServices-LocalSessionManager/Operational,182,4,,"""LogonUI.exe"" /flags:0x0 /state0:0xa3a8a055 /state1:0x41c64e6d",2644,RpcGetCurrentSessionCapabilities,,,,1,,,,Event_NS,
2026-04-06T14:34:40.684222Z,23,DC01.darkzero.htb,Microsoft-Windows-TerminalServices-LocalSessionManager,Microsoft-Windows-TerminalServices-LocalSessionManager/Operational,183,4,,,,,,,1,,,,darkzero\Administrator,Event_NS,
2026-04-06T14:34:40.703035Z,54,DC01.darkzero.htb,Microsoft-Windows-TerminalServices-LocalSessionManager,Microsoft-Windows-TerminalServices-LocalSessionManager/Operational,184,4,,,,,,,,,,,,,
2026-04-27T11:05:30.737078Z,32,DC01.darkzero.htb,Microsoft-Windows-TerminalServices-LocalSessionManager,Microsoft-Windows-TerminalServices-LocalSessionManager/Operational,185,4,,,,,,,,,,,,Event_NS,RDSAppXPlugin
2026-04-27T11:06:38.491656Z,59,DC01.darkzero.htb,Microsoft-Windows-TerminalServices-LocalSessionManager,Microsoft-Windows-TerminalServices-LocalSessionManager/Operational,186,4,,"""LogonUI.exe"" /flags:0x2 /state0:0xa3bb7855 /state1:0x41c64e6d",1216,RpcGetCurrentSessionCapabilities,,,,1,,,,Event_NS,
2026-04-27T11:06:38.492417Z,59,DC01.darkzero.htb,Microsoft-Windows-TerminalServices-LocalSessionManager,Microsoft-Windows-TerminalServices-LocalSessionManager/Operational,187,4,,"""LogonUI.exe"" /flags:0x2 /state0:0xa3bb7855 /state1:0x41c64e6d",1216,RpcGetCurrentSessionCapabilities,,,,1,,,,Event_NS,
2026-04-27T12:18:17.931280Z,41,DC01.darkzero.htb,Microsoft-Windows-TerminalServices-LocalSessionManager,Microsoft-Windows-TerminalServices-LocalSessionManager/Operational,188,4,,,,,,,1,,,,darkzero\Administrator,Event_NS,
2026-04-27T12:18:17.932378Z,42,DC01.darkzero.htb,Microsoft-Windows-TerminalServices-LocalSessionManager,Microsoft-Windows-TerminalServices-LocalSessionManager/Operational,189,4,,,,,,,1,,,,darkzero\Administrator,Event_NS,
2026-04-27T12:18:18.591102Z,21,DC01.darkzero.htb,Microsoft-Windows-TerminalServices-LocalSessionManager,Microsoft-Windows-TerminalServices-LocalSessionManager/Operational,190,4,LOCAL,,,,,,1,,,,darkzero\Administrator,Event_NS,
2026-04-27T12:18:19.259455Z,22,DC01.darkzero.htb,Microsoft-Windows-TerminalServices-LocalSessionManager,Microsoft-Windows-TerminalServices-LocalSessionManager/Operational,191,4,LOCAL,,,,,,1,,,,darkzero\Administrator,Event_NS,
2026-04-27T12:21:07.840509Z,23,DC01.darkzero.htb,Microsoft-Windows-TerminalServices-LocalSessionManager,Microsoft-Windows-TerminalServices-LocalSessionManager/Operational,192,4,,,,,,,1,,,,darkzero\Administrator,Event_NS,
2026-04-27T12:21:07.918704Z,54,DC01.darkzero.htb,Microsoft-Windows-TerminalServices-LocalSessionManager,Microsoft-Windows-TerminalServices-LocalSessionManager/Operational,193,4,,,,,,,,,,,,,
2026-05-18T12:30:22.780904Z,32,DC01.darkzero.htb,Microsoft-Windows-TerminalServices-LocalSessionManager,Microsoft-Windows-TerminalServices-LocalSessionManager/Operational,194,4,,,,,,,,,,,,Event_NS,RDSAppXPlugin
2026-05-18T12:31:05.367941Z,59,DC01.darkzero.htb,Microsoft-Windows-TerminalServices-LocalSessionManager,Microsoft-Windows-TerminalServices-LocalSessionManager/Operational,195,4,,"""LogonUI.exe"" /flags:0x2 /state0:0xa3bb0855 /state1:0x41c64e6d",1204,RpcGetCurrentSessionCapabilities,,,,1,,,,Event_NS,
2026-05-18T12:31:05.369046Z,59,DC01.darkzero.htb,Microsoft-Windows-TerminalServices-LocalSessionManager,Microsoft-Windows-TerminalServices-LocalSessionManager/Operational,196,4,,"""LogonUI.exe"" /flags:0x2 /state0:0xa3bb0855 /state1:0x41c64e6d",1204,RpcGetCurrentSessionCapabilities,,,,1,,,,Event_NS,
2026-05-18T12:39:17.655347Z,41,DC01.darkzero.htb,Microsoft-Windows-TerminalServices-LocalSessionManager,Microsoft-Windows-TerminalServices-LocalSessionManager/Operational,197,4,,,,,,,1,,,,darkzero\Administrator,Event_NS,
2026-05-18T12:39:17.750430Z,42,DC01.darkzero.htb,Microsoft-Windows-TerminalServices-LocalSessionManager,Microsoft-Windows-TerminalServices-LocalSessionManager/Operational,198,4,,,,,,,1,,,,darkzero\Administrator,Event_NS,
2026-05-18T12:39:19.131874Z,21,DC01.darkzero.htb,Microsoft-Windows-TerminalServices-LocalSessionManager,Microsoft-Windows-TerminalServices-LocalSessionManager/Operational,199,4,LOCAL,,,,,,1,,,,darkzero\Administrator,Event_NS,
2026-05-18T12:39:19.782310Z,22,DC01.darkzero.htb,Microsoft-Windows-TerminalServices-LocalSessionManager,Microsoft-Windows-TerminalServices-LocalSessionManager/Operational,200,4,LOCAL,,,,,,1,,,,darkzero\Administrator,Event_NS,
2026-05-18T14:09:22.882019Z,23,DC01.darkzero.htb,Microsoft-Windows-TerminalServices-LocalSessionManager,Microsoft-Windows-TerminalServices-LocalSessionManager/Operational,201,4,,,,,,,1,,,,darkzero\Administrator,Event_NS,
2026-05-18T14:09:22.904711Z,54,DC01.darkzero.htb,Microsoft-Windows-TerminalServices-LocalSessionManager,Microsoft-Windows-TerminalServices-LocalSessionManager/Operational,202,4,,,,,,,,,,,,,
2026-05-18T14:26:55.228821Z,32,DC01.darkzero.htb,Microsoft-Windows-TerminalServices-LocalSessionManager,Microsoft-Windows-TerminalServices-LocalSessionManager/Operational,203,4,,,,,,,,,,,,Event_NS,RDSAppXPlugin
2026-05-18T14:28:01.052916Z,59,DC01.darkzero.htb,Microsoft-Windows-TerminalServices-LocalSessionManager,Microsoft-Windows-TerminalServices-LocalSessionManager/Operational,204,4,,"""LogonUI.exe"" /flags:0x2 /state0:0xa3bb9855 /state1:0x41c64e6d",1208,RpcGetCurrentSessionCapabilities,,,,1,,,,Event_NS,
2026-05-18T14:28:01.054053Z,59,DC01.darkzero.htb,Microsoft-Windows-TerminalServices-LocalSessionManager,Microsoft-Windows-TerminalServices-LocalSessionManager/Operational,205,4,,"""LogonUI.exe"" /flags:0x2 /state0:0xa3bb9855 /state1:0x41c64e6d",1208,RpcGetCurrentSessionCapabilities,,,,1,,,,Event_NS,
2026-05-18T14:28:15.667654Z,41,DC01.darkzero.htb,Microsoft-Windows-TerminalServices-LocalSessionManager,Microsoft-Windows-TerminalServices-LocalSessionManager/Operational,206,4,,,,,,,1,,,,darkzero\Administrator,Event_NS,
2026-05-18T14:28:15.668350Z,42,DC01.darkzero.htb,Microsoft-Windows-TerminalServices-LocalSessionManager,Microsoft-Windows-TerminalServices-LocalSessionManager/Operational,207,4,,,,,,,1,,,,darkzero\Administrator,Event_NS,
2026-05-18T14:28:16.053549Z,21,DC01.darkzero.htb,Microsoft-Windows-TerminalServices-LocalSessionManager,Microsoft-Windows-TerminalServices-LocalSessionManager/Operational,208,4,LOCAL,,,,,,1,,,,darkzero\Administrator,Event_NS,
2026-05-18T14:28:16.167360Z,22,DC01.darkzero.htb,Microsoft-Windows-TerminalServices-LocalSessionManager,Microsoft-Windows-TerminalServices-LocalSessionManager/Operational,209,4,LOCAL,,,,,,1,,,,darkzero\Administrator,Event_NS,
2026-05-18T14:31:49.494956Z,23,DC01.darkzero.htb,Microsoft-Windows-TerminalServices-LocalSessionManager,Microsoft-Windows-TerminalServices-LocalSessionManager/Operational,210,4,,,,,,,1,,,,darkzero\Administrator,Event_NS,
2026-05-18T14:31:49.509245Z,54,DC01.darkzero.htb,Microsoft-Windows-TerminalServices-LocalSessionManager,Microsoft-Windows-TerminalServices-LocalSessionManager/Operational,211,4,,,,,,,,,,,,,
2026-05-20T13:06:20.037054Z,32,DC01.darkzero.htb,Microsoft-Windows-TerminalServices-LocalSessionManager,Microsoft-Windows-TerminalServices-LocalSessionManager/Operational,212,4,,,,,,,,,,,,Event_NS,RDSAppXPlugin
2026-05-20T13:07:25.873879Z,59,DC01.darkzero.htb,Microsoft-Windows-TerminalServices-LocalSessionManager,Microsoft-Windows-TerminalServices-LocalSessionManager/Operational,213,4,,"""LogonUI.exe"" /flags:0x2 /state0:0xa3bb9855 /state1:0x41c64e6d",1192,RpcGetCurrentSessionCapabilities,,,,1,,,,Event_NS,
2026-05-20T13:07:25.874877Z,59,DC01.darkzero.htb,Microsoft-Windows-TerminalServices-LocalSessionManager,Microsoft-Windows-TerminalServices-LocalSessionManager/Operational,214,4,,"""LogonUI.exe"" /flags:0x2 /state0:0xa3bb9855 /state1:0x41c64e6d",1192,RpcGetCurrentSessionCapabilities,,,,1,,,,Event_NS,
2026-05-20T13:10:01.402307Z,41,DC01.darkzero.htb,Microsoft-Windows-TerminalServices-LocalSessionManager,Microsoft-Windows-TerminalServices-LocalSessionManager/Operational,215,4,,,,,,,1,,,,darkzero\Administrator,Event_NS,
2026-05-20T13:10:01.403017Z,42,DC01.darkzero.htb,Microsoft-Windows-TerminalServices-LocalSessionManager,Microsoft-Windows-TerminalServices-LocalSessionManager/Operational,216,4,,,,,,,1,,,,darkzero\Administrator,Event_NS,
2026-05-20T13:10:01.669747Z,21,DC01.darkzero.htb,Microsoft-Windows-TerminalServices-LocalSessionManager,Microsoft-Windows-TerminalServices-LocalSessionManager/Operational,217,4,LOCAL,,,,,,1,,,,darkzero\Administrator,Event_NS,
2026-05-20T13:10:01.779770Z,22,DC01.darkzero.htb,Microsoft-Windows-TerminalServices-LocalSessionManager,Microsoft-Windows-TerminalServices-LocalSessionManager/Operational,218,4,LOCAL,,,,,,1,,,,darkzero\Administrator,Event_NS,
2026-05-20T13:42:57.843965Z,23,DC01.darkzero.htb,Microsoft-Windows-TerminalServices-LocalSessionManager,Microsoft-Windows-TerminalServices-LocalSessionManager/Operational,219,4,,,,,,,1,,,,darkzero\Administrator,Event_NS,
2026-05-20T13:42:57.863251Z,54,DC01.darkzero.htb,Microsoft-Windows-TerminalServices-LocalSessionManager,Microsoft-Windows-TerminalServices-LocalSessionManager/Operational,220,4,,,,,,,,,,,,,
2026-05-20T14:32:47.948436Z,32,DC01.darkzero.htb,Microsoft-Windows-TerminalServices-LocalSessionManager,Microsoft-Windows-TerminalServices-LocalSessionManager/Operational,221,4,,,,,,,,,,,,Event_NS,RDSAppXPlugin
2026-05-20T14:33:31.298969Z,59,DC01.darkzero.htb,Microsoft-Windows-TerminalServices-LocalSessionManager,Microsoft-Windows-TerminalServices-LocalSessionManager/Operational,222,4,,"""LogonUI.exe"" /flags:0x2 /state0:0xa3b41855 /state1:0x41c64e6d",1208,RpcGetCurrentSessionCapabilities,,,,1,,,,Event_NS,
2026-05-20T14:33:31.300140Z,59,DC01.darkzero.htb,Microsoft-Windows-TerminalServices-LocalSessionManager,Microsoft-Windows-TerminalServices-LocalSessionManager/Operational,223,4,,"""LogonUI.exe"" /flags:0x2 /state0:0xa3b41855 /state1:0x41c64e6d",1208,RpcGetCurrentSessionCapabilities,,,,1,,,,Event_NS,
2026-05-20T14:49:25.980677Z,41,DC01.darkzero.htb,Microsoft-Windows-TerminalServices-LocalSessionManager,Microsoft-Windows-TerminalServices-LocalSessionManager/Operational,224,4,,,,,,,1,,,,darkzero\Administrator,Event_NS,
2026-05-20T14:49:25.981406Z,42,DC01.darkzero.htb,Microsoft-Windows-TerminalServices-LocalSessionManager,Microsoft-Windows-TerminalServices-LocalSessionManager/Operational,225,4,,,,,,,1,,,,darkzero\Administrator,Event_NS,
2026-05-20T14:49:26.334782Z,21,DC01.darkzero.htb,Microsoft-Windows-TerminalServices-LocalSessionManager,Microsoft-Windows-TerminalServices-LocalSessionManager/Operational,226,4,LOCAL,,,,,,1,,,,darkzero\Administrator,Event_NS,
2026-05-20T14:49:26.462513Z,22,DC01.darkzero.htb,Microsoft-Windows-TerminalServices-LocalSessionManager,Microsoft-Windows-TerminalServices-LocalSessionManager/Operational,227,4,LOCAL,,,,,,1,,,,darkzero\Administrator,Event_NS,
2026-05-20T15:12:28.293619Z,23,DC01.darkzero.htb,Microsoft-Windows-TerminalServices-LocalSessionManager,Microsoft-Windows-TerminalServices-LocalSessionManager/Operational,228,4,,,,,,,1,,,,darkzero\Administrator,Event_NS,
2026-05-20T15:12:28.308813Z,54,DC01.darkzero.htb,Microsoft-Windows-TerminalServices-LocalSessionManager,Microsoft-Windows-TerminalServices-LocalSessionManager/Operational,229,4,,,,,,,,,,,,,
2026-05-20T22:25:36.188360Z,32,DC01.darkzero.htb,Microsoft-Windows-TerminalServices-LocalSessionManager,Microsoft-Windows-TerminalServices-LocalSessionManager/Operational,230,4,,,,,,,,,,,,Event_NS,RDSAppXPlugin
2026-05-20T22:26:19.865600Z,59,DC01.darkzero.htb,Microsoft-Windows-TerminalServices-LocalSessionManager,Microsoft-Windows-TerminalServices-LocalSessionManager/Operational,231,4,,"""LogonUI.exe"" /flags:0x2 /state0:0xa3bb4855 /state1:0x41c64e6d",1208,RpcGetCurrentSessionCapabilities,,,,1,,,,Event_NS,
2026-05-20T22:26:19.866872Z,59,DC01.darkzero.htb,Microsoft-Windows-TerminalServices-LocalSessionManager,Microsoft-Windows-TerminalServices-LocalSessionManager/Operational,232,4,,"""LogonUI.exe"" /flags:0x2 /state0:0xa3bb4855 /state1:0x41c64e6d",1208,RpcGetCurrentSessionCapabilities,,,,1,,,,Event_NS,
2026-05-20T23:42:46.911659Z,41,DC01.darkzero.htb,Microsoft-Windows-TerminalServices-LocalSessionManager,Microsoft-Windows-TerminalServices-LocalSessionManager/Operational,233,4,,,,,,,1,,,,darkzero\Administrator,Event_NS,
2026-05-20T23:42:46.912524Z,42,DC01.darkzero.htb,Microsoft-Windows-TerminalServices-LocalSessionManager,Microsoft-Windows-TerminalServices-LocalSessionManager/Operational,234,4,,,,,,,1,,,,darkzero\Administrator,Event_NS,
2026-05-20T23:42:47.296836Z,21,DC01.darkzero.htb,Microsoft-Windows-TerminalServices-LocalSessionManager,Microsoft-Windows-TerminalServices-LocalSessionManager/Operational,235,4,LOCAL,,,,,,1,,,,darkzero\Administrator,Event_NS,
2026-05-20T23:42:47.421593Z,22,DC01.darkzero.htb,Microsoft-Windows-TerminalServices-LocalSessionManager,Microsoft-Windows-TerminalServices-LocalSessionManager/Operational,236,4,LOCAL,,,,,,1,,,,darkzero\Administrator,Event_NS,
2026-05-20T23:43:02.452710Z,23,DC01.darkzero.htb,Microsoft-Windows-TerminalServices-LocalSessionManager,Microsoft-Windows-TerminalServices-LocalSessionManager/Operational,237,4,,,,,,,1,,,,darkzero\Administrator,Event_NS,
2026-05-20T23:43:02.475936Z,54,DC01.darkzero.htb,Microsoft-Windows-TerminalServices-LocalSessionManager,Microsoft-Windows-TerminalServices-LocalSessionManager/Operational,238,4,,,,,,,,,,,,,
2026-05-21T08:43:07.767221Z,32,DC01.darkzero.htb,Microsoft-Windows-TerminalServices-LocalSessionManager,Microsoft-Windows-TerminalServices-LocalSessionManager/Operational,239,4,,,,,,,,,,,,Event_NS,RDSAppXPlugin
2026-05-21T08:43:52.538116Z,59,DC01.darkzero.htb,Microsoft-Windows-TerminalServices-LocalSessionManager,Microsoft-Windows-TerminalServices-LocalSessionManager/Operational,240,4,,"""LogonUI.exe"" /flags:0x2 /state0:0xa3b40855 /state1:0x41c64e6d",1220,RpcGetCurrentSessionCapabilities,,,,1,,,,Event_NS,
2026-05-21T08:43:52.539075Z,59,DC01.darkzero.htb,Microsoft-Windows-TerminalServices-LocalSessionManager,Microsoft-Windows-TerminalServices-LocalSessionManager/Operational,241,4,,"""LogonUI.exe"" /flags:0x2 /state0:0xa3b40855 /state1:0x41c64e6d",1220,RpcGetCurrentSessionCapabilities,,,,1,,,,Event_NS,
2026-05-21T08:43:58.193537Z,41,DC01.darkzero.htb,Microsoft-Windows-TerminalServices-LocalSessionManager,Microsoft-Windows-TerminalServices-LocalSessionManager/Operational,242,4,,,,,,,1,,,,darkzero\Administrator,Event_NS,
2026-05-21T08:43:58.195325Z,42,DC01.darkzero.htb,Microsoft-Windows-TerminalServices-LocalSessionManager,Microsoft-Windows-TerminalServices-LocalSessionManager/Operational,243,4,,,,,,,1,,,,darkzero\Administrator,Event_NS,
2026-05-21T08:43:59.105536Z,21,DC01.darkzero.htb,Microsoft-Windows-TerminalServices-LocalSessionManager,Microsoft-Windows-TerminalServices-LocalSessionManager/Operational,244,4,LOCAL,,,,,,1,,,,darkzero\Administrator,Event_NS,
2026-05-21T08:43:59.776771Z,22,DC01.darkzero.htb,Microsoft-Windows-TerminalServices-LocalSessionManager,Microsoft-Windows-TerminalServices-LocalSessionManager/Operational,245,4,LOCAL,,,,,,1,,,,darkzero\Administrator,Event_NS,
2026-05-21T11:02:06.131630Z,23,DC01.darkzero.htb,Microsoft-Windows-TerminalServices-LocalSessionManager,Microsoft-Windows-TerminalServices-LocalSessionManager/Operational,246,4,,,,,,,1,,,,darkzero\Administrator,Event_NS,
2026-05-21T11:02:06.146519Z,54,DC01.darkzero.htb,Microsoft-Windows-TerminalServices-LocalSessionManager,Microsoft-Windows-TerminalServices-LocalSessionManager/Operational,247,4,,,,,,,,,,,,,
2026-05-21T11:44:56.215934Z,32,DC01.darkzero.htb,Microsoft-Windows-TerminalServices-LocalSessionManager,Microsoft-Windows-TerminalServices-LocalSessionManager/Operational,248,4,,,,,,,,,,,,Event_NS,RDSAppXPlugin
2026-05-21T11:45:40.223933Z,59,DC01.darkzero.htb,Microsoft-Windows-TerminalServices-LocalSessionManager,Microsoft-Windows-TerminalServices-LocalSessionManager/Operational,249,4,,"""LogonUI.exe"" /flags:0x2 /state0:0xa3b41855 /state1:0x41c64e6d",1228,RpcGetCurrentSessionCapabilities,,,,1,,,,Event_NS,
2026-05-21T11:45:40.225365Z,59,DC01.darkzero.htb,Microsoft-Windows-TerminalServices-LocalSessionManager,Microsoft-Windows-TerminalServices-LocalSessionManager/Operational,250,4,,"""LogonUI.exe"" /flags:0x2 /state0:0xa3b41855 /state1:0x41c64e6d",1228,RpcGetCurrentSessionCapabilities,,,,1,,,,Event_NS,
2026-05-21T11:46:33.608108Z,41,DC01.darkzero.htb,Microsoft-Windows-TerminalServices-LocalSessionManager,Microsoft-Windows-TerminalServices-LocalSessionManager/Operational,251,4,,,,,,,1,,,,darkzero\Administrator,Event_NS,
2026-05-21T11:46:33.608959Z,42,DC01.darkzero.htb,Microsoft-Windows-TerminalServices-LocalSessionManager,Microsoft-Windows-TerminalServices-LocalSessionManager/Operational,252,4,,,,,,,1,,,,darkzero\Administrator,Event_NS,
2026-05-21T11:46:35.194675Z,21,DC01.darkzero.htb,Microsoft-Windows-TerminalServices-LocalSessionManager,Microsoft-Windows-TerminalServices-LocalSessionManager/Operational,253,4,LOCAL,,,,,,1,,,,darkzero\Administrator,Event_NS,
2026-05-21T11:46:36.166384Z,22,DC01.darkzero.htb,Microsoft-Windows-TerminalServices-LocalSessionManager,Microsoft-Windows-TerminalServices-LocalSessionManager/Operational,254,4,LOCAL,,,,,,1,,,,darkzero\Administrator,Event_NS,
2026-05-21T11:57:34.904686Z,23,DC01.darkzero.htb,Microsoft-Windows-TerminalServices-LocalSessionManager,Microsoft-Windows-TerminalServices-LocalSessionManager/Operational,255,4,,,,,,,1,,,,darkzero\Administrator,Event_NS,
2026-05-21T11:57:34.921184Z,54,DC01.darkzero.htb,Microsoft-Windows-TerminalServices-LocalSessionManager,Microsoft-Windows-TerminalServices-LocalSessionManager/Operational,256,4,,,,,,,,,,,,,
2026-05-21T21:04:43.465510Z,32,DC01.darkzero.htb,Microsoft-Windows-TerminalServices-LocalSessionManager,Microsoft-Windows-TerminalServices-LocalSessionManager/Operational,257,4,,,,,,,,,,,,Event_NS,RDSAppXPlugin
2026-05-21T21:05:27.626739Z,59,DC01.darkzero.htb,Microsoft-Windows-TerminalServices-LocalSessionManager,Microsoft-Windows-TerminalServices-LocalSessionManager/Operational,258,4,,"""LogonUI.exe"" /flags:0x2 /state0:0xa3b41855 /state1:0x41c64e6d",1196,RpcGetCurrentSessionCapabilities,,,,1,,,,Event_NS,
2026-05-21T21:05:27.628704Z,59,DC01.darkzero.htb,Microsoft-Windows-TerminalServices-LocalSessionManager,Microsoft-Windows-TerminalServices-LocalSessionManager/Operational,259,4,,"""LogonUI.exe"" /flags:0x2 /state0:0xa3b41855 /state1:0x41c64e6d",1196,RpcGetCurrentSessionCapabilities,,,,1,,,,Event_NS,
2026-05-21T21:27:42.994102Z,41,DC01.darkzero.htb,Microsoft-Windows-TerminalServices-LocalSessionManager,Microsoft-Windows-TerminalServices-LocalSessionManager/Operational,260,4,,,,,,,1,,,,darkzero\Administrator,Event_NS,
2026-05-21T21:27:42.994758Z,42,DC01.darkzero.htb,Microsoft-Windows-TerminalServices-LocalSessionManager,Microsoft-Windows-TerminalServices-LocalSessionManager/Operational,261,4,,,,,,,1,,,,darkzero\Administrator,Event_NS,
2026-05-21T21:27:43.273320Z,21,DC01.darkzero.htb,Microsoft-Windows-TerminalServices-LocalSessionManager,Microsoft-Windows-TerminalServices-LocalSessionManager/Operational,262,4,LOCAL,,,,,,1,,,,darkzero\Administrator,Event_NS,
2026-05-21T21:27:43.398401Z,22,DC01.darkzero.htb,Microsoft-Windows-TerminalServices-LocalSessionManager,Microsoft-Windows-TerminalServices-LocalSessionManager/Operational,263,4,LOCAL,,,,,,1,,,,darkzero\Administrator,Event_NS,
2026-05-21T21:46:38.074669Z,59,DC01.darkzero.htb,Microsoft-Windows-TerminalServices-LocalSessionManager,Microsoft-Windows-TerminalServices-LocalSessionManager/Operational,264,4,,"C:\WINDOWS\System32\WindowsPowerShell\v1.0\powershell.exe  -noExit -Command ""Invoke-SConfigLogon""",2688,RpcGetCurrentSessionCapabilities,,,,1,,,,Event_NS,
2026-05-21T21:46:38.075947Z,59,DC01.darkzero.htb,Microsoft-Windows-TerminalServices-LocalSessionManager,Microsoft-Windows-TerminalServices-LocalSessionManager/Operational,265,4,,"C:\WINDOWS\System32\WindowsPowerShell\v1.0\powershell.exe  -noExit -Command ""Invoke-SConfigLogon""",2688,RpcGetCurrentSessionCapabilities,,,,1,,,,Event_NS,
2026-05-21T21:46:38.134722Z,59,DC01.darkzero.htb,Microsoft-Windows-TerminalServices-LocalSessionManager,Microsoft-Windows-TerminalServices-LocalSessionManager/Operational,266,4,,"C:\WINDOWS\System32\WindowsPowerShell\v1.0\powershell.exe  -noExit -Command ""Invoke-SConfigLogon""",2688,RpcGetCurrentSessionCapabilities,,,,1,,,,Event_NS,
2026-05-21T22:55:45.382378Z,23,DC01.darkzero.htb,Microsoft-Windows-TerminalServices-LocalSessionManager,Microsoft-Windows-TerminalServices-LocalSessionManager/Operational,267,4,,,,,,,1,,,,darkzero\Administrator,Event_NS,
2026-05-21T22:55:45.443421Z,54,DC01.darkzero.htb,Microsoft-Windows-TerminalServices-LocalSessionManager,Microsoft-Windows-TerminalServices-LocalSessionManager/Operational,268,4,,,,,,,,,,,,,
2026-05-21T22:56:56.633592Z,32,DC01.darkzero.htb,Microsoft-Windows-TerminalServices-LocalSessionManager,Microsoft-Windows-TerminalServices-LocalSessionManager/Operational,269,4,,,,,,,,,,,,Event_NS,RDSAppXPlugin
2026-05-21T22:57:50.990395Z,54,DC01.darkzero.htb,Microsoft-Windows-TerminalServices-LocalSessionManager,Microsoft-Windows-TerminalServices-LocalSessionManager/Operational,270,4,,,,,,,,,,,,,
2026-05-21T22:58:19.148721Z,32,DC01.darkzero.htb,Microsoft-Windows-TerminalServices-LocalSessionManager,Microsoft-Windows-TerminalServices-LocalSessionManager/Operational,271,4,,,,,,,,,,,,Event_NS,RDSAppXPlugin
2026-05-21T22:59:00.154278Z,59,DC01.darkzero.htb,Microsoft-Windows-TerminalServices-LocalSessionManager,Microsoft-Windows-TerminalServices-LocalSessionManager/Operational,272,4,,"""LogonUI.exe"" /flags:0x2 /state0:0xa3bc9055 /state1:0x41c64e6d",1156,RpcGetCurrentSessionCapabilities,,,,1,,,,Event_NS,
2026-05-21T22:59:00.155210Z,59,DC01.darkzero.htb,Microsoft-Windows-TerminalServices-LocalSessionManager,Microsoft-Windows-TerminalServices-LocalSessionManager/Operational,273,4,,"""LogonUI.exe"" /flags:0x2 /state0:0xa3bc9055 /state1:0x41c64e6d",1156,RpcGetCurrentSessionCapabilities,,,,1,,,,Event_NS,
2026-05-21T23:03:57.993116Z,41,DC01.darkzero.htb,Microsoft-Windows-TerminalServices-LocalSessionManager,Microsoft-Windows-TerminalServices-LocalSessionManager/Operational,274,4,,,,,,,1,,,,darkzero\Administrator,Event_NS,
2026-05-21T23:03:57.994143Z,42,DC01.darkzero.htb,Microsoft-Windows-TerminalServices-LocalSessionManager,Microsoft-Windows-TerminalServices-LocalSessionManager/Operational,275,4,,,,,,,1,,,,darkzero\Administrator,Event_NS,
2026-05-21T23:03:58.334408Z,21,DC01.darkzero.htb,Microsoft-Windows-TerminalServices-LocalSessionManager,Microsoft-Windows-TerminalServices-LocalSessionManager/Operational,276,4,LOCAL,,,,,,1,,,,darkzero\Administrator,Event_NS,
2026-05-21T23:03:58.470608Z,22,DC01.darkzero.htb,Microsoft-Windows-TerminalServices-LocalSessionManager,Microsoft-Windows-TerminalServices-LocalSessionManager/Operational,277,4,LOCAL,,,,,,1,,,,darkzero\Administrator,Event_NS,
2026-05-21T23:50:55.126149Z,23,DC01.darkzero.htb,Microsoft-Windows-TerminalServices-LocalSessionManager,Microsoft-Windows-TerminalServices-LocalSessionManager/Operational,278,4,,,,,,,1,,,,darkzero\Administrator,Event_NS,
2026-05-21T23:50:55.140542Z,54,DC01.darkzero.htb,Microsoft-Windows-TerminalServices-LocalSessionManager,Microsoft-Windows-TerminalServices-LocalSessionManager/Operational,279,4,,,,,,,,,,,,,
2026-05-22T01:17:44.301795Z,32,DC01.darkzero.htb,Microsoft-Windows-TerminalServices-LocalSessionManager,Microsoft-Windows-TerminalServices-LocalSessionManager/Operational,280,4,,,,,,,,,,,,Event_NS,RDSAppXPlugin
2026-05-22T01:18:24.210118Z,59,DC01.darkzero.htb,Microsoft-Windows-TerminalServices-LocalSessionManager,Microsoft-Windows-TerminalServices-LocalSessionManager/Operational,281,4,,"""LogonUI.exe"" /flags:0x2 /state0:0xa3bcc055 /state1:0x41c64e6d",1176,RpcGetCurrentSessionCapabilities,,,,1,,,,Event_NS,
2026-05-22T01:18:24.210933Z,59,DC01.darkzero.htb,Microsoft-Windows-TerminalServices-LocalSessionManager,Microsoft-Windows-TerminalServices-LocalSessionManager/Operational,282,4,,"""LogonUI.exe"" /flags:0x2 /state0:0xa3bcc055 /state1:0x41c64e6d",1176,RpcGetCurrentSessionCapabilities,,,,1,,,,Event_NS,
2026-05-22T01:21:43.083440Z,41,DC01.darkzero.htb,Microsoft-Windows-TerminalServices-LocalSessionManager,Microsoft-Windows-TerminalServices-LocalSessionManager/Operational,283,4,,,,,,,1,,,,darkzero\Administrator,Event_NS,
2026-05-22T01:21:43.084391Z,42,DC01.darkzero.htb,Microsoft-Windows-TerminalServices-LocalSessionManager,Microsoft-Windows-TerminalServices-LocalSessionManager/Operational,284,4,,,,,,,1,,,,darkzero\Administrator,Event_NS,
2026-05-22T01:21:43.413490Z,21,DC01.darkzero.htb,Microsoft-Windows-TerminalServices-LocalSessionManager,Microsoft-Windows-TerminalServices-LocalSessionManager/Operational,285,4,LOCAL,,,,,,1,,,,darkzero\Administrator,Event_NS,
2026-05-22T01:21:43.528637Z,22,DC01.darkzero.htb,Microsoft-Windows-TerminalServices-LocalSessionManager,Microsoft-Windows-TerminalServices-LocalSessionManager/Operational,286,4,LOCAL,,,,,,1,,,,darkzero\Administrator,Event_NS,
2026-05-22T01:22:01.321629Z,23,DC01.darkzero.htb,Microsoft-Windows-TerminalServices-LocalSessionManager,Microsoft-Windows-TerminalServices-LocalSessionManager/Operational,287,4,,,,,,,1,,,,darkzero\Administrator,Event_NS,
2026-05-22T01:22:01.342358Z,54,DC01.darkzero.htb,Microsoft-Windows-TerminalServices-LocalSessionManager,Microsoft-Windows-TerminalServices-LocalSessionManager/Operational,288,4,,,,,,,,,,,,,
2026-05-22T15:20:29.095652Z,32,DC01.darkzero.htb,Microsoft-Windows-TerminalServices-LocalSessionManager,Microsoft-Windows-TerminalServices-LocalSessionManager/Operational,289,4,,,,,,,,,,,,Event_NS,RDSAppXPlugin
2026-05-22T15:21:10.796765Z,59,DC01.darkzero.htb,Microsoft-Windows-TerminalServices-LocalSessionManager,Microsoft-Windows-TerminalServices-LocalSessionManager/Operational,290,4,,"""LogonUI.exe"" /flags:0x2 /state0:0xa3bc9855 /state1:0x41c64e6d",1184,RpcGetCurrentSessionCapabilities,,,,1,,,,Event_NS,
2026-05-22T15:21:10.798118Z,59,DC01.darkzero.htb,Microsoft-Windows-TerminalServices-LocalSessionManager,Microsoft-Windows-TerminalServices-LocalSessionManager/Operational,291,4,,"""LogonUI.exe"" /flags:0x2 /state0:0xa3bc9855 /state1:0x41c64e6d",1184,RpcGetCurrentSessionCapabilities,,,,1,,,,Event_NS,
2026-05-22T15:21:47.281544Z,41,DC01.darkzero.htb,Microsoft-Windows-TerminalServices-LocalSessionManager,Microsoft-Windows-TerminalServices-LocalSessionManager/Operational,292,4,,,,,,,1,,,,darkzero\Administrator,Event_NS,
2026-05-22T15:21:47.282301Z,42,DC01.darkzero.htb,Microsoft-Windows-TerminalServices-LocalSessionManager,Microsoft-Windows-TerminalServices-LocalSessionManager/Operational,293,4,,,,,,,1,,,,darkzero\Administrator,Event_NS,
2026-05-22T15:21:48.646220Z,21,DC01.darkzero.htb,Microsoft-Windows-TerminalServices-LocalSessionManager,Microsoft-Windows-TerminalServices-LocalSessionManager/Operational,294,4,LOCAL,,,,,,1,,,,darkzero\Administrator,Event_NS,
2026-05-22T15:21:49.535193Z,22,DC01.darkzero.htb,Microsoft-Windows-TerminalServices-LocalSessionManager,Microsoft-Windows-TerminalServices-LocalSessionManager/Operational,295,4,LOCAL,,,,,,1,,,,darkzero\Administrator,Event_NS,
2026-05-22T15:36:28.119010Z,23,DC01.darkzero.htb,Microsoft-Windows-TerminalServices-LocalSessionManager,Microsoft-Windows-TerminalServices-LocalSessionManager/Operational,296,4,,,,,,,1,,,,darkzero\Administrator,Event_NS,
2026-05-22T15:36:28.134215Z,54,DC01.darkzero.htb,Microsoft-Windows-TerminalServices-LocalSessionManager,Microsoft-Windows-TerminalServices-LocalSessionManager/Operational,297,4,,,,,,,,,,,,,
2026-05-29T11:03:45.845902Z,32,DC01.darkzero.htb,Microsoft-Windows-TerminalServices-LocalSessionManager,Microsoft-Windows-TerminalServices-LocalSessionManager/Operational,298,4,,,,,,,,,,,,Event_NS,RDSAppXPlugin
2026-05-29T11:05:01.168301Z,59,DC01.darkzero.htb,Microsoft-Windows-TerminalServices-LocalSessionManager,Microsoft-Windows-TerminalServices-LocalSessionManager/Operational,299,4,,"""LogonUI.exe"" /flags:0x2 /state0:0xa3bc9055 /state1:0x41c64e6d",1192,RpcGetCurrentSessionCapabilities,,,,1,,,,Event_NS,
2026-05-29T11:05:01.169085Z,59,DC01.darkzero.htb,Microsoft-Windows-TerminalServices-LocalSessionManager,Microsoft-Windows-TerminalServices-LocalSessionManager/Operational,300,4,,"""LogonUI.exe"" /flags:0x2 /state0:0xa3bc9055 /state1:0x41c64e6d",1192,RpcGetCurrentSessionCapabilities,,,,1,,,,Event_NS,
2026-05-29T11:05:52.239429Z,41,DC01.darkzero.htb,Microsoft-Windows-TerminalServices-LocalSessionManager,Microsoft-Windows-TerminalServices-LocalSessionManager/Operational,301,4,,,,,,,1,,,,darkzero\Administrator,Event_NS,
2026-05-29T11:05:52.240210Z,42,DC01.darkzero.htb,Microsoft-Windows-TerminalServices-LocalSessionManager,Microsoft-Windows-TerminalServices-LocalSessionManager/Operational,302,4,,,,,,,1,,,,darkzero\Administrator,Event_NS,
2026-05-29T11:05:53.814694Z,21,DC01.darkzero.htb,Microsoft-Windows-TerminalServices-LocalSessionManager,Microsoft-Windows-TerminalServices-LocalSessionManager/Operational,303,4,LOCAL,,,,,,1,,,,darkzero\Administrator,Event_NS,
2026-05-29T11:05:54.913869Z,22,DC01.darkzero.htb,Microsoft-Windows-TerminalServices-LocalSessionManager,Microsoft-Windows-TerminalServices-LocalSessionManager/Operational,304,4,LOCAL,,,,,,1,,,,darkzero\Administrator,Event_NS,
2026-05-29T11:09:45.278600Z,23,DC01.darkzero.htb,Microsoft-Windows-TerminalServices-LocalSessionManager,Microsoft-Windows-TerminalServices-LocalSessionManager/Operational,305,4,,,,,,,1,,,,darkzero\Administrator,Event_NS,
2026-05-29T11:09:45.293580Z,54,DC01.darkzero.htb,Microsoft-Windows-TerminalServices-LocalSessionManager,Microsoft-Windows-TerminalServices-LocalSessionManager/Operational,306,4,,,,,,,,,,,,,
2026-05-29T22:05:11.992635Z,32,DC01.darkzero.htb,Microsoft-Windows-TerminalServices-LocalSessionManager,Microsoft-Windows-TerminalServices-LocalSessionManager/Operational,307,4,,,,,,,,,,,,Event_NS,RDSAppXPlugin
2026-05-29T22:05:52.589424Z,59,DC01.darkzero.htb,Microsoft-Windows-TerminalServices-LocalSessionManager,Microsoft-Windows-TerminalServices-LocalSessionManager/Operational,308,4,,"""LogonUI.exe"" /flags:0x2 /state0:0xa3ac4055 /state1:0x41c64e6d",4084,RpcGetCurrentSessionCapabilities,,,,1,,,,Event_NS,
2026-05-29T22:05:52.590622Z,59,DC01.darkzero.htb,Microsoft-Windows-TerminalServices-LocalSessionManager,Microsoft-Windows-TerminalServices-LocalSessionManager/Operational,309,4,,"""LogonUI.exe"" /flags:0x2 /state0:0xa3ac4055 /state1:0x41c64e6d",4084,RpcGetCurrentSessionCapabilities,,,,1,,,,Event_NS,
2026-05-29T22:12:24.371760Z,54,DC01.darkzero.htb,Microsoft-Windows-TerminalServices-LocalSessionManager,Microsoft-Windows-TerminalServices-LocalSessionManager/Operational,310,4,,,,,,,,,,,,,
2026-05-29T22:22:42.661762Z,32,DC01.darkzero.htb,Microsoft-Windows-TerminalServices-LocalSessionManager,Microsoft-Windows-TerminalServices-LocalSessionManager/Operational,311,4,,,,,,,,,,,,Event_NS,RDSAppXPlugin
2026-05-29T22:23:24.556526Z,59,DC01.darkzero.htb,Microsoft-Windows-TerminalServices-LocalSessionManager,Microsoft-Windows-TerminalServices-LocalSessionManager/Operational,312,4,,"""LogonUI.exe"" /flags:0x2 /state0:0xa3bc9855 /state1:0x41c64e6d",1160,RpcGetCurrentSessionCapabilities,,,,1,,,,Event_NS,
2026-05-29T22:23:24.557616Z,59,DC01.darkzero.htb,Microsoft-Windows-TerminalServices-LocalSessionManager,Microsoft-Windows-TerminalServices-LocalSessionManager/Operational,313,4,,"""LogonUI.exe"" /flags:0x2 /state0:0xa3bc9855 /state1:0x41c64e6d",1160,RpcGetCurrentSessionCapabilities,,,,1,,,,Event_NS,
2026-05-29T22:36:50.180004Z,41,DC01.darkzero.htb,Microsoft-Windows-TerminalServices-LocalSessionManager,Microsoft-Windows-TerminalServices-LocalSessionManager/Operational,314,4,,,,,,,1,,,,darkzero\Administrator,Event_NS,
2026-05-29T22:36:50.181343Z,42,DC01.darkzero.htb,Microsoft-Windows-TerminalServices-LocalSessionManager,Microsoft-Windows-TerminalServices-LocalSessionManager/Operational,315,4,,,,,,,1,,,,darkzero\Administrator,Event_NS,
2026-05-29T22:36:50.481419Z,21,DC01.darkzero.htb,Microsoft-Windows-TerminalServices-LocalSessionManager,Microsoft-Windows-TerminalServices-LocalSessionManager/Operational,316,4,LOCAL,,,,,,1,,,,darkzero\Administrator,Event_NS,
2026-05-29T22:36:50.630369Z,22,DC01.darkzero.htb,Microsoft-Windows-TerminalServices-LocalSessionManager,Microsoft-Windows-TerminalServices-LocalSessionManager/Operational,317,4,LOCAL,,,,,,1,,,,darkzero\Administrator,Event_NS,
2026-05-29T22:59:16.646663Z,23,DC01.darkzero.htb,Microsoft-Windows-TerminalServices-LocalSessionManager,Microsoft-Windows-TerminalServices-LocalSessionManager/Operational,318,4,,,,,,,1,,,,darkzero\Administrator,Event_NS,
2026-05-29T22:59:16.659866Z,54,DC01.darkzero.htb,Microsoft-Windows-TerminalServices-LocalSessionManager,Microsoft-Windows-TerminalServices-LocalSessionManager/Operational,319,4,,,,,,,,,,,,,
2026-07-14T12:59:04.852939Z,32,DC01.darkzero.htb,Microsoft-Windows-TerminalServices-LocalSessionManager,Microsoft-Windows-TerminalServices-LocalSessionManager/Operational,320,4,,,,,,,,,,,,Event_NS,RDSAppXPlugin
2026-07-14T12:59:45.335224Z,59,DC01.darkzero.htb,Microsoft-Windows-TerminalServices-LocalSessionManager,Microsoft-Windows-TerminalServices-LocalSessionManager/Operational,321,4,,"""LogonUI.exe"" /flags:0x2 /state0:0xa3bc9855 /state1:0x41c64e6d",1156,RpcGetCurrentSessionCapabilities,,,,1,,,,Event_NS,
2026-07-14T12:59:45.336047Z,59,DC01.darkzero.htb,Microsoft-Windows-TerminalServices-LocalSessionManager,Microsoft-Windows-TerminalServices-LocalSessionManager/Operational,322,4,,"""LogonUI.exe"" /flags:0x2 /state0:0xa3bc9855 /state1:0x41c64e6d",1156,RpcGetCurrentSessionCapabilities,,,,1,,,,Event_NS,
2026-07-14T13:00:58.428249Z,41,DC01.darkzero.htb,Microsoft-Windows-TerminalServices-LocalSessionManager,Microsoft-Windows-TerminalServices-LocalSessionManager/Operational,323,4,,,,,,,1,,,,darkzero\Administrator,Event_NS,
2026-07-14T13:00:58.429239Z,42,DC01.darkzero.htb,Microsoft-Windows-TerminalServices-LocalSessionManager,Microsoft-Windows-TerminalServices-LocalSessionManager/Operational,324,4,,,,,,,1,,,,darkzero\Administrator,Event_NS,
2026-07-14T13:00:58.744219Z,21,DC01.darkzero.htb,Microsoft-Windows-TerminalServices-LocalSessionManager,Microsoft-Windows-TerminalServices-LocalSessionManager/Operational,325,4,LOCAL,,,,,,1,,,,darkzero\Administrator,Event_NS,
2026-07-14T13:00:58.870223Z,22,DC01.darkzero.htb,Microsoft-Windows-TerminalServices-LocalSessionManager,Microsoft-Windows-TerminalServices-LocalSessionManager/Operational,326,4,LOCAL,,,,,,1,,,,darkzero\Administrator,Event_NS,
2026-07-14T14:06:58.572261Z,23,DC01.darkzero.htb,Microsoft-Windows-TerminalServices-LocalSessionManager,Microsoft-Windows-TerminalServices-LocalSessionManager/Operational,327,4,,,,,,,1,,,,darkzero\Administrator,Event_NS,
2026-07-14T14:06:58.591473Z,54,DC01.darkzero.htb,Microsoft-Windows-TerminalServices-LocalSessionManager,Microsoft-Windows-TerminalServices-LocalSessionManager/Operational,328,4,,,,,,,,,,,,,
2026-07-14T14:15:32.743135Z,32,DC01.darkzero.htb,Microsoft-Windows-TerminalServices-LocalSessionManager,Microsoft-Windows-TerminalServices-LocalSessionManager/Operational,329,4,,,,,,,,,,,,Event_NS,RDSAppXPlugin
2026-07-14T14:16:13.452986Z,59,DC01.darkzero.htb,Microsoft-Windows-TerminalServices-LocalSessionManager,Microsoft-Windows-TerminalServices-LocalSessionManager/Operational,330,4,,"""LogonUI.exe"" /flags:0x2 /state0:0xa3bc9055 /state1:0x41c64e6d",1148,RpcGetCurrentSessionCapabilities,,,,1,,,,Event_NS,
2026-07-14T14:16:13.453796Z,59,DC01.darkzero.htb,Microsoft-Windows-TerminalServices-LocalSessionManager,Microsoft-Windows-TerminalServices-LocalSessionManager/Operational,331,4,,"""LogonUI.exe"" /flags:0x2 /state0:0xa3bc9055 /state1:0x41c64e6d",1148,RpcGetCurrentSessionCapabilities,,,,1,,,,Event_NS,
2026-07-14T14:16:30.765092Z,41,DC01.darkzero.htb,Microsoft-Windows-TerminalServices-LocalSessionManager,Microsoft-Windows-TerminalServices-LocalSessionManager/Operational,332,4,,,,,,,1,,,,darkzero\Administrator,Event_NS,
2026-07-14T14:16:30.765987Z,42,DC01.darkzero.htb,Microsoft-Windows-TerminalServices-LocalSessionManager,Microsoft-Windows-TerminalServices-LocalSessionManager/Operational,333,4,,,,,,,1,,,,darkzero\Administrator,Event_NS,
2026-07-14T14:16:31.058163Z,21,DC01.darkzero.htb,Microsoft-Windows-TerminalServices-LocalSessionManager,Microsoft-Windows-TerminalServices-LocalSessionManager/Operational,334,4,LOCAL,,,,,,1,,,,darkzero\Administrator,Event_NS,
2026-07-14T14:16:31.217737Z,22,DC01.darkzero.htb,Microsoft-Windows-TerminalServices-LocalSessionManager,Microsoft-Windows-TerminalServices-LocalSessionManager/Operational,335,4,LOCAL,,,,,,1,,,,darkzero\Administrator,Event_NS,
2026-07-14T16:08:24.927390Z,23,DC01.darkzero.htb,Microsoft-Windows-TerminalServices-LocalSessionManager,Microsoft-Windows-TerminalServices-LocalSessionManager/Operational,336,4,,,,,,,1,,,,darkzero\Administrator,Event_NS,
2026-07-14T16:08:24.995316Z,54,DC01.darkzero.htb,Microsoft-Windows-TerminalServices-LocalSessionManager,Microsoft-Windows-TerminalServices-LocalSessionManager/Operational,337,4,,,,,,,,,,,,,
2026-07-14T16:09:56.508675Z,32,DC01.darkzero.htb,Microsoft-Windows-TerminalServices-LocalSessionManager,Microsoft-Windows-TerminalServices-LocalSessionManager/Operational,338,4,,,,,,,,,,,,Event_NS,RDSAppXPlugin
2026-07-14T16:10:45.971677Z,54,DC01.darkzero.htb,Microsoft-Windows-TerminalServices-LocalSessionManager,Microsoft-Windows-TerminalServices-LocalSessionManager/Operational,339,4,,,,,,,,,,,,,
2026-07-14T16:11:17.758438Z,32,DC01.darkzero.htb,Microsoft-Windows-TerminalServices-LocalSessionManager,Microsoft-Windows-TerminalServices-LocalSessionManager/Operational,340,4,,,,,,,,,,,,Event_NS,RDSAppXPlugin
2026-07-14T16:11:58.545821Z,59,DC01.darkzero.htb,Microsoft-Windows-TerminalServices-LocalSessionManager,Microsoft-Windows-TerminalServices-LocalSessionManager/Operational,341,4,,"""LogonUI.exe"" /flags:0x2 /state0:0xa3bc9855 /state1:0x41c64e6d",1160,RpcGetCurrentSessionCapabilities,,,,1,,,,Event_NS,
2026-07-14T16:11:58.546524Z,59,DC01.darkzero.htb,Microsoft-Windows-TerminalServices-LocalSessionManager,Microsoft-Windows-TerminalServices-LocalSessionManager/Operational,342,4,,"""LogonUI.exe"" /flags:0x2 /state0:0xa3bc9855 /state1:0x41c64e6d",1160,RpcGetCurrentSessionCapabilities,,,,1,,,,Event_NS,
2026-07-14T16:13:06.796969Z,41,DC01.darkzero.htb,Microsoft-Windows-TerminalServices-LocalSessionManager,Microsoft-Windows-TerminalServices-LocalSessionManager/Operational,343,4,,,,,,,1,,,,darkzero\Administrator,Event_NS,
2026-07-14T16:13:06.797768Z,42,DC01.darkzero.htb,Microsoft-Windows-TerminalServices-LocalSessionManager,Microsoft-Windows-TerminalServices-LocalSessionManager/Operational,344,4,,,,,,,1,,,,darkzero\Administrator,Event_NS,
2026-07-14T16:13:07.102945Z,21,DC01.darkzero.htb,Microsoft-Windows-TerminalServices-LocalSessionManager,Microsoft-Windows-TerminalServices-LocalSessionManager/Operational,345,4,LOCAL,,,,,,1,,,,darkzero\Administrator,Event_NS,
2026-07-14T16:13:07.218551Z,22,DC01.darkzero.htb,Microsoft-Windows-TerminalServices-LocalSessionManager,Microsoft-Windows-TerminalServices-LocalSessionManager/Operational,346,4,LOCAL,,,,,,1,,,,darkzero\Administrator,Event_NS,
2026-07-14T16:27:13.994002Z,23,DC01.darkzero.htb,Microsoft-Windows-TerminalServices-LocalSessionManager,Microsoft-Windows-TerminalServices-LocalSessionManager/Operational,347,4,,,,,,,1,,,,darkzero\Administrator,Event_NS,
2026-07-14T16:27:14.013530Z,54,DC01.darkzero.htb,Microsoft-Windows-TerminalServices-LocalSessionManager,Microsoft-Windows-TerminalServices-LocalSessionManager/Operational,348,4,,,,,,,,,,,,,
2026-07-14T16:43:37.608804Z,32,DC01.darkzero.htb,Microsoft-Windows-TerminalServices-LocalSessionManager,Microsoft-Windows-TerminalServices-LocalSessionManager/Operational,349,4,,,,,,,,,,,,Event_NS,RDSAppXPlugin
2026-07-14T16:44:18.423776Z,59,DC01.darkzero.htb,Microsoft-Windows-TerminalServices-LocalSessionManager,Microsoft-Windows-TerminalServices-LocalSessionManager/Operational,350,4,,"""LogonUI.exe"" /flags:0x2 /state0:0xa3bc9055 /state1:0x41c64e6d",1156,RpcGetCurrentSessionCapabilities,,,,1,,,,Event_NS,
2026-07-14T16:44:18.424447Z,59,DC01.darkzero.htb,Microsoft-Windows-TerminalServices-LocalSessionManager,Microsoft-Windows-TerminalServices-LocalSessionManager/Operational,351,4,,"""LogonUI.exe"" /flags:0x2 /state0:0xa3bc9055 /state1:0x41c64e6d",1156,RpcGetCurrentSessionCapabilities,,,,1,,,,Event_NS,
2026-07-14T18:43:20.667995Z,41,DC01.darkzero.htb,Microsoft-Windows-TerminalServices-LocalSessionManager,Microsoft-Windows-TerminalServices-LocalSessionManager/Operational,352,4,,,,,,,1,,,,darkzero\Administrator,Event_NS,
2026-07-14T18:43:20.669165Z,42,DC01.darkzero.htb,Microsoft-Windows-TerminalServices-LocalSessionManager,Microsoft-Windows-TerminalServices-LocalSessionManager/Operational,353,4,,,,,,,1,,,,darkzero\Administrator,Event_NS,
2026-07-14T18:43:20.979591Z,21,DC01.darkzero.htb,Microsoft-Windows-TerminalServices-LocalSessionManager,Microsoft-Windows-TerminalServices-LocalSessionManager/Operational,354,4,LOCAL,,,,,,1,,,,darkzero\Administrator,Event_NS,
2026-07-14T18:43:21.107863Z,22,DC01.darkzero.htb,Microsoft-Windows-TerminalServices-LocalSessionManager,Microsoft-Windows-TerminalServices-LocalSessionManager/Operational,355,4,LOCAL,,,,,,1,,,,darkzero\Administrator,Event_NS,
2026-07-14T18:43:51.518606Z,23,DC01.darkzero.htb,Microsoft-Windows-TerminalServices-LocalSessionManager,Microsoft-Windows-TerminalServices-LocalSessionManager/Operational,356,4,,,,,,,1,,,,darkzero\Administrator,Event_NS,
2026-07-14T18:43:51.545126Z,54,DC01.darkzero.htb,Microsoft-Windows-TerminalServices-LocalSessionManager,Microsoft-Windows-TerminalServices-LocalSessionManager/Operational,357,4,,,,,,,,,,,,,
2026-07-20T12:17:33.372752Z,32,DC01.darkzero.htb,Microsoft-Windows-TerminalServices-LocalSessionManager,Microsoft-Windows-TerminalServices-LocalSessionManager/Operational,358,4,,,,,,,,,,,,Event_NS,RDSAppXPlugin
2026-07-20T12:18:17.967329Z,59,DC01.darkzero.htb,Microsoft-Windows-TerminalServices-LocalSessionManager,Microsoft-Windows-TerminalServices-LocalSessionManager/Operational,359,4,,"""LogonUI.exe"" /flags:0x2 /state0:0xa3bcc855 /state1:0x41c64e6d",1168,RpcGetCurrentSessionCapabilities,,,,1,,,,Event_NS,
2026-07-20T12:18:17.968311Z,59,DC01.darkzero.htb,Microsoft-Windows-TerminalServices-LocalSessionManager,Microsoft-Windows-TerminalServices-LocalSessionManager/Operational,360,4,,"""LogonUI.exe"" /flags:0x2 /state0:0xa3bcc855 /state1:0x41c64e6d",1168,RpcGetCurrentSessionCapabilities,,,,1,,,,Event_NS,
2026-07-20T12:18:37.884672Z,41,DC01.darkzero.htb,Microsoft-Windows-TerminalServices-LocalSessionManager,Microsoft-Windows-TerminalServices-LocalSessionManager/Operational,361,4,,,,,,,1,,,,darkzero\Administrator,Event_NS,
2026-07-20T12:18:37.885672Z,42,DC01.darkzero.htb,Microsoft-Windows-TerminalServices-LocalSessionManager,Microsoft-Windows-TerminalServices-LocalSessionManager/Operational,362,4,,,,,,,1,,,,darkzero\Administrator,Event_NS,
2026-07-20T12:18:38.940771Z,21,DC01.darkzero.htb,Microsoft-Windows-TerminalServices-LocalSessionManager,Microsoft-Windows-TerminalServices-LocalSessionManager/Operational,363,4,LOCAL,,,,,,1,,,,darkzero\Administrator,Event_NS,
2026-07-20T12:18:39.822332Z,22,DC01.darkzero.htb,Microsoft-Windows-TerminalServices-LocalSessionManager,Microsoft-Windows-TerminalServices-LocalSessionManager/Operational,364,4,LOCAL,,,,,,1,,,,darkzero\Administrator,Event_NS,
2026-07-20T13:30:56.409177Z,23,DC01.darkzero.htb,Microsoft-Windows-TerminalServices-LocalSessionManager,Microsoft-Windows-TerminalServices-LocalSessionManager/Operational,365,4,,,,,,,1,,,,darkzero\Administrator,Event_NS,
2026-07-20T13:30:56.475900Z,54,DC01.darkzero.htb,Microsoft-Windows-TerminalServices-LocalSessionManager,Microsoft-Windows-TerminalServices-LocalSessionManager/Operational,366,4,,,,,,,,,,,,,
2026-07-20T13:33:12.032852Z,32,DC01.darkzero.htb,Microsoft-Windows-TerminalServices-LocalSessionManager,Microsoft-Windows-TerminalServices-LocalSessionManager/Operational,367,4,,,,,,,,,,,,Event_NS,RDSAppXPlugin
2026-07-20T13:35:13.865575Z,54,DC01.darkzero.htb,Microsoft-Windows-TerminalServices-LocalSessionManager,Microsoft-Windows-TerminalServices-LocalSessionManager/Operational,368,4,,,,,,,,,,,,,
2026-07-20T13:35:51.787994Z,32,DC01.darkzero.htb,Microsoft-Windows-TerminalServices-LocalSessionManager,Microsoft-Windows-TerminalServices-LocalSessionManager/Operational,369,4,,,,,,,,,,,,Event_NS,RDSAppXPlugin
2026-07-20T13:36:43.593550Z,59,DC01.darkzero.htb,Microsoft-Windows-TerminalServices-LocalSessionManager,Microsoft-Windows-TerminalServices-LocalSessionManager/Operational,370,4,,"""LogonUI.exe"" /flags:0x2 /state0:0xa3bc9855 /state1:0x41c64e6d",1176,RpcGetCurrentSessionCapabilities,,,,1,,,,Event_NS,
2026-07-20T13:36:43.596559Z,59,DC01.darkzero.htb,Microsoft-Windows-TerminalServices-LocalSessionManager,Microsoft-Windows-TerminalServices-LocalSessionManager/Operational,371,4,,"""LogonUI.exe"" /flags:0x2 /state0:0xa3bc9855 /state1:0x41c64e6d",1176,RpcGetCurrentSessionCapabilities,,,,1,,,,Event_NS,
2026-07-20T13:41:30.386226Z,41,DC01.darkzero.htb,Microsoft-Windows-TerminalServices-LocalSessionManager,Microsoft-Windows-TerminalServices-LocalSessionManager/Operational,372,4,,,,,,,1,,,,darkzero\Administrator,Event_NS,
2026-07-20T13:41:30.387349Z,42,DC01.darkzero.htb,Microsoft-Windows-TerminalServices-LocalSessionManager,Microsoft-Windows-TerminalServices-LocalSessionManager/Operational,373,4,,,,,,,1,,,,darkzero\Administrator,Event_NS,
2026-07-20T13:41:30.707063Z,21,DC01.darkzero.htb,Microsoft-Windows-TerminalServices-LocalSessionManager,Microsoft-Windows-TerminalServices-LocalSessionManager/Operational,374,4,LOCAL,,,,,,1,,,,darkzero\Administrator,Event_NS,
2026-07-20T13:41:30.843170Z,22,DC01.darkzero.htb,Microsoft-Windows-TerminalServices-LocalSessionManager,Microsoft-Windows-TerminalServices-LocalSessionManager/Operational,375,4,LOCAL,,,,,,1,,,,darkzero\Administrator,Event_NS,
2026-07-20T16:13:24.156140Z,23,DC01.darkzero.htb,Microsoft-Windows-TerminalServices-LocalSessionManager,Microsoft-Windows-TerminalServices-LocalSessionManager/Operational,376,4,,,,,,,1,,,,darkzero\Administrator,Event_NS,
2026-07-20T16:13:24.177307Z,54,DC01.darkzero.htb,Microsoft-Windows-TerminalServices-LocalSessionManager,Microsoft-Windows-TerminalServices-LocalSessionManager/Operational,377,4,,,,,,,,,,,,,
2026-07-20T16:18:21.226283Z,32,DC01.darkzero.htb,Microsoft-Windows-TerminalServices-LocalSessionManager,Microsoft-Windows-TerminalServices-LocalSessionManager/Operational,378,4,,,,,,,,,,,,Event_NS,RDSAppXPlugin
2026-07-20T16:19:04.563983Z,59,DC01.darkzero.htb,Microsoft-Windows-TerminalServices-LocalSessionManager,Microsoft-Windows-TerminalServices-LocalSessionManager/Operational,379,4,,"""LogonUI.exe"" /flags:0x2 /state0:0xa3bca055 /state1:0x41c64e6d",1168,RpcGetCurrentSessionCapabilities,,,,1,,,,Event_NS,
2026-07-20T16:19:04.564666Z,59,DC01.darkzero.htb,Microsoft-Windows-TerminalServices-LocalSessionManager,Microsoft-Windows-TerminalServices-LocalSessionManager/Operational,380,4,,"""LogonUI.exe"" /flags:0x2 /state0:0xa3bca055 /state1:0x41c64e6d",1168,RpcGetCurrentSessionCapabilities,,,,1,,,,Event_NS,
2026-07-20T16:19:54.792078Z,41,DC01.darkzero.htb,Microsoft-Windows-TerminalServices-LocalSessionManager,Microsoft-Windows-TerminalServices-LocalSessionManager/Operational,381,4,,,,,,,1,,,,darkzero\Administrator,Event_NS,
2026-07-20T16:19:54.792937Z,42,DC01.darkzero.htb,Microsoft-Windows-TerminalServices-LocalSessionManager,Microsoft-Windows-TerminalServices-LocalSessionManager/Operational,382,4,,,,,,,1,,,,darkzero\Administrator,Event_NS,
2026-07-20T16:19:55.900729Z,21,DC01.darkzero.htb,Microsoft-Windows-TerminalServices-LocalSessionManager,Microsoft-Windows-TerminalServices-LocalSessionManager/Operational,383,4,LOCAL,,,,,,1,,,,darkzero\Administrator,Event_NS,
2026-07-20T16:19:56.655870Z,22,DC01.darkzero.htb,Microsoft-Windows-TerminalServices-LocalSessionManager,Microsoft-Windows-TerminalServices-LocalSessionManager/Operational,384,4,LOCAL,,,,,,1,,,,darkzero\Administrator,Event_NS,
2026-07-20T16:24:10.016574Z,23,DC01.darkzero.htb,Microsoft-Windows-TerminalServices-LocalSessionManager,Microsoft-Windows-TerminalServices-LocalSessionManager/Operational,385,4,,,,,,,1,,,,darkzero\Administrator,Event_NS,
2026-07-20T16:24:10.031764Z,54,DC01.darkzero.htb,Microsoft-Windows-TerminalServices-LocalSessionManager,Microsoft-Windows-TerminalServices-LocalSessionManager/Operational,386,4,,,,,,,,,,,,,
2026-07-20T19:27:22.199374Z,32,DC01.darkzero.htb,Microsoft-Windows-TerminalServices-LocalSessionManager,Microsoft-Windows-TerminalServices-LocalSessionManager/Operational,387,4,,,,,,,,,,,,Event_NS,RDSAppXPlugin
2026-07-20T19:28:06.094376Z,59,DC01.darkzero.htb,Microsoft-Windows-TerminalServices-LocalSessionManager,Microsoft-Windows-TerminalServices-LocalSessionManager/Operational,388,4,,"""LogonUI.exe"" /flags:0x2 /state0:0xa3be2055 /state1:0x41c64e6d",1192,RpcGetCurrentSessionCapabilities,,,,1,,,,Event_NS,
2026-07-20T19:28:06.095088Z,59,DC01.darkzero.htb,Microsoft-Windows-TerminalServices-LocalSessionManager,Microsoft-Windows-TerminalServices-LocalSessionManager/Operational,389,4,,"""LogonUI.exe"" /flags:0x2 /state0:0xa3be2055 /state1:0x41c64e6d",1192,RpcGetCurrentSessionCapabilities,,,,1,,,,Event_NS,
2026-07-20T19:28:17.965207Z,41,DC01.darkzero.htb,Microsoft-Windows-TerminalServices-LocalSessionManager,Microsoft-Windows-TerminalServices-LocalSessionManager/Operational,390,4,,,,,,,1,,,,darkzero\Administrator,Event_NS,
2026-07-20T19:28:17.966937Z,42,DC01.darkzero.htb,Microsoft-Windows-TerminalServices-LocalSessionManager,Microsoft-Windows-TerminalServices-LocalSessionManager/Operational,391,4,,,,,,,1,,,,darkzero\Administrator,Event_NS,
2026-07-20T19:28:19.078580Z,21,DC01.darkzero.htb,Microsoft-Windows-TerminalServices-LocalSessionManager,Microsoft-Windows-TerminalServices-LocalSessionManager/Operational,392,4,LOCAL,,,,,,1,,,,darkzero\Administrator,Event_NS,
2026-07-20T19:28:19.670311Z,22,DC01.darkzero.htb,Microsoft-Windows-TerminalServices-LocalSessionManager,Microsoft-Windows-TerminalServices-LocalSessionManager/Operational,393,4,LOCAL,,,,,,1,,,,darkzero\Administrator,Event_NS,
2026-07-20T20:27:15.692488Z,23,DC01.darkzero.htb,Microsoft-Windows-TerminalServices-LocalSessionManager,Microsoft-Windows-TerminalServices-LocalSessionManager/Operational,394,4,,,,,,,1,,,,darkzero\Administrator,Event_NS,
2026-07-20T20:27:15.709322Z,54,DC01.darkzero.htb,Microsoft-Windows-TerminalServices-LocalSessionManager,Microsoft-Windows-TerminalServices-LocalSessionManager/Operational,395,4,,,,,,,,,,,,,
2026-07-21T12:23:33.869078Z,32,DC01.darkzero.htb,Microsoft-Windows-TerminalServices-LocalSessionManager,Microsoft-Windows-TerminalServices-LocalSessionManager/Operational,396,4,,,,,,,,,,,,Event_NS,RDSAppXPlugin
2026-07-21T12:24:19.890365Z,59,DC01.darkzero.htb,Microsoft-Windows-TerminalServices-LocalSessionManager,Microsoft-Windows-TerminalServices-LocalSessionManager/Operational,397,4,,"""LogonUI.exe"" /flags:0x2 /state0:0xa3bc9055 /state1:0x41c64e6d",1160,RpcGetCurrentSessionCapabilities,,,,1,,,,Event_NS,
2026-07-21T12:24:19.893462Z,59,DC01.darkzero.htb,Microsoft-Windows-TerminalServices-LocalSessionManager,Microsoft-Windows-TerminalServices-LocalSessionManager/Operational,398,4,,"""LogonUI.exe"" /flags:0x2 /state0:0xa3bc9055 /state1:0x41c64e6d",1160,RpcGetCurrentSessionCapabilities,,,,1,,,,Event_NS,
2026-07-21T13:01:26.848289Z,41,DC01.darkzero.htb,Microsoft-Windows-TerminalServices-LocalSessionManager,Microsoft-Windows-TerminalServices-LocalSessionManager/Operational,399,4,,,,,,,1,,,,darkzero\Administrator,Event_NS,
2026-07-21T13:01:26.849872Z,42,DC01.darkzero.htb,Microsoft-Windows-TerminalServices-LocalSessionManager,Microsoft-Windows-TerminalServices-LocalSessionManager/Operational,400,4,,,,,,,1,,,,darkzero\Administrator,Event_NS,
2026-07-21T13:01:27.132160Z,21,DC01.darkzero.htb,Microsoft-Windows-TerminalServices-LocalSessionManager,Microsoft-Windows-TerminalServices-LocalSessionManager/Operational,401,4,LOCAL,,,,,,1,,,,darkzero\Administrator,Event_NS,
2026-07-21T13:01:27.248247Z,22,DC01.darkzero.htb,Microsoft-Windows-TerminalServices-LocalSessionManager,Microsoft-Windows-TerminalServices-LocalSessionManager/Operational,402,4,LOCAL,,,,,,1,,,,darkzero\Administrator,Event_NS,
2026-07-21T13:18:34.543221Z,23,DC01.darkzero.htb,Microsoft-Windows-TerminalServices-LocalSessionManager,Microsoft-Windows-TerminalServices-LocalSessionManager/Operational,403,4,,,,,,,1,,,,darkzero\Administrator,Event_NS,
2026-07-21T13:18:34.567779Z,54,DC01.darkzero.htb,Microsoft-Windows-TerminalServices-LocalSessionManager,Microsoft-Windows-TerminalServices-LocalSessionManager/Operational,404,4,,,,,,,,,,,,,
2026-07-23T12:23:25.721083Z,32,DC01.darkzero.htb,Microsoft-Windows-TerminalServices-LocalSessionManager,Microsoft-Windows-TerminalServices-LocalSessionManager/Operational,405,4,,,,,,,,,,,,Event_NS,RDSAppXPlugin
2026-07-23T12:24:36.439202Z,59,DC01.darkzero.htb,Microsoft-Windows-TerminalServices-LocalSessionManager,Microsoft-Windows-TerminalServices-LocalSessionManager/Operational,406,4,,"""LogonUI.exe"" /flags:0x2 /state0:0xa3bc9855 /state1:0x41c64e6d",1180,RpcGetCurrentSessionCapabilities,,,,1,,,,Event_NS,
2026-07-23T12:24:36.441361Z,59,DC01.darkzero.htb,Microsoft-Windows-TerminalServices-LocalSessionManager,Microsoft-Windows-TerminalServices-LocalSessionManager/Operational,407,4,,"""LogonUI.exe"" /flags:0x2 /state0:0xa3bc9855 /state1:0x41c64e6d",1180,RpcGetCurrentSessionCapabilities,,,,1,,,,Event_NS,
2026-07-23T12:24:55.966831Z,41,DC01.darkzero.htb,Microsoft-Windows-TerminalServices-LocalSessionManager,Microsoft-Windows-TerminalServices-LocalSessionManager/Operational,408,4,,,,,,,1,,,,darkzero\Administrator,Event_NS,
2026-07-23T12:24:55.967841Z,42,DC01.darkzero.htb,Microsoft-Windows-TerminalServices-LocalSessionManager,Microsoft-Windows-TerminalServices-LocalSessionManager/Operational,409,4,,,,,,,1,,,,darkzero\Administrator,Event_NS,
2026-07-23T12:24:57.152037Z,21,DC01.darkzero.htb,Microsoft-Windows-TerminalServices-LocalSessionManager,Microsoft-Windows-TerminalServices-LocalSessionManager/Operational,410,4,LOCAL,,,,,,1,,,,darkzero\Administrator,Event_NS,
2026-07-23T12:24:57.904403Z,22,DC01.darkzero.htb,Microsoft-Windows-TerminalServices-LocalSessionManager,Microsoft-Windows-TerminalServices-LocalSessionManager/Operational,411,4,LOCAL,,,,,,1,,,,darkzero\Administrator,Event_NS,
2026-07-23T12:29:01.435463Z,54,DC01.darkzero.htb,Microsoft-Windows-TerminalServices-LocalSessionManager,Microsoft-Windows-TerminalServices-LocalSessionManager/Operational,412,4,,,,,,,,,,,,,
2026-07-23T12:29:01.806932Z,23,DC01.darkzero.htb,Microsoft-Windows-TerminalServices-LocalSessionManager,Microsoft-Windows-TerminalServices-LocalSessionManager/Operational,413,4,,,,,,,1,,,,darkzero\Administrator,Event_NS,
2026-07-23T12:29:44.665144Z,32,DC01.darkzero.htb,Microsoft-Windows-TerminalServices-LocalSessionManager,Microsoft-Windows-TerminalServices-LocalSessionManager/Operational,414,4,,,,,,,,,,,,Event_NS,RDSAppXPlugin
2026-07-23T12:30:29.472138Z,59,DC01.darkzero.htb,Microsoft-Windows-TerminalServices-LocalSessionManager,Microsoft-Windows-TerminalServices-LocalSessionManager/Operational,415,4,,"""LogonUI.exe"" /flags:0x2 /state0:0xa3bc9055 /state1:0x41c64e6d",1156,RpcGetCurrentSessionCapabilities,,,,1,,,,Event_NS,
2026-07-23T12:30:29.476254Z,59,DC01.darkzero.htb,Microsoft-Windows-TerminalServices-LocalSessionManager,Microsoft-Windows-TerminalServices-LocalSessionManager/Operational,416,4,,"""LogonUI.exe"" /flags:0x2 /state0:0xa3bc9055 /state1:0x41c64e6d",1156,RpcGetCurrentSessionCapabilities,,,,1,,,,Event_NS,
2026-07-23T12:31:26.361709Z,41,DC01.darkzero.htb,Microsoft-Windows-TerminalServices-LocalSessionManager,Microsoft-Windows-TerminalServices-LocalSessionManager/Operational,417,4,,,,,,,1,,,,darkzero\Administrator,Event_NS,
2026-07-23T12:31:26.362918Z,42,DC01.darkzero.htb,Microsoft-Windows-TerminalServices-LocalSessionManager,Microsoft-Windows-TerminalServices-LocalSessionManager/Operational,418,4,,,,,,,1,,,,darkzero\Administrator,Event_NS,
2026-07-23T12:31:27.228503Z,21,DC01.darkzero.htb,Microsoft-Windows-TerminalServices-LocalSessionManager,Microsoft-Windows-TerminalServices-LocalSessionManager/Operational,419,4,LOCAL,,,,,,1,,,,darkzero\Administrator,Event_NS,
2026-07-23T12:31:28.076371Z,22,DC01.darkzero.htb,Microsoft-Windows-TerminalServices-LocalSessionManager,Microsoft-Windows-TerminalServices-LocalSessionManager/Operational,420,4,LOCAL,,,,,,1,,,,darkzero\Administrator,Event_NS,
2026-07-23T12:35:46.118453Z,23,DC01.darkzero.htb,Microsoft-Windows-TerminalServices-LocalSessionManager,Microsoft-Windows-TerminalServices-LocalSessionManager/Operational,421,4,,,,,,,1,,,,darkzero\Administrator,Event_NS,
2026-07-23T12:35:46.137989Z,54,DC01.darkzero.htb,Microsoft-Windows-TerminalServices-LocalSessionManager,Microsoft-Windows-TerminalServices-LocalSessionManager/Operational,422,4,,,,,,,,,,,,,
2026-07-23T13:02:12.491651Z,32,DC01.darkzero.htb,Microsoft-Windows-TerminalServices-LocalSessionManager,Microsoft-Windows-TerminalServices-LocalSessionManager/Operational,423,4,,,,,,,,,,,,Event_NS,RDSAppXPlugin
2026-07-23T13:02:56.866646Z,59,DC01.darkzero.htb,Microsoft-Windows-TerminalServices-LocalSessionManager,Microsoft-Windows-TerminalServices-LocalSessionManager/Operational,424,4,,"""LogonUI.exe"" /flags:0x2 /state0:0xa3bca055 /state1:0x41c64e6d",1172,RpcGetCurrentSessionCapabilities,,,,1,,,,Event_NS,
2026-07-23T13:02:56.877061Z,59,DC01.darkzero.htb,Microsoft-Windows-TerminalServices-LocalSessionManager,Microsoft-Windows-TerminalServices-LocalSessionManager/Operational,425,4,,"""LogonUI.exe"" /flags:0x2 /state0:0xa3bca055 /state1:0x41c64e6d",1172,RpcGetCurrentSessionCapabilities,,,,1,,,,Event_NS,
2026-07-23T13:04:56.155310Z,41,DC01.darkzero.htb,Microsoft-Windows-TerminalServices-LocalSessionManager,Microsoft-Windows-TerminalServices-LocalSessionManager/Operational,426,4,,,,,,,1,,,,darkzero\Administrator,Event_NS,
2026-07-23T13:04:56.156916Z,42,DC01.darkzero.htb,Microsoft-Windows-TerminalServices-LocalSessionManager,Microsoft-Windows-TerminalServices-LocalSessionManager/Operational,427,4,,,,,,,1,,,,darkzero\Administrator,Event_NS,
2026-07-23T13:04:57.279206Z,21,DC01.darkzero.htb,Microsoft-Windows-TerminalServices-LocalSessionManager,Microsoft-Windows-TerminalServices-LocalSessionManager/Operational,428,4,LOCAL,,,,,,1,,,,darkzero\Administrator,Event_NS,
2026-07-23T13:04:58.047035Z,22,DC01.darkzero.htb,Microsoft-Windows-TerminalServices-LocalSessionManager,Microsoft-Windows-TerminalServices-LocalSessionManager/Operational,429,4,LOCAL,,,,,,1,,,,darkzero\Administrator,Event_NS,
2026-07-23T13:06:51.865484Z,23,DC01.darkzero.htb,Microsoft-Windows-TerminalServices-LocalSessionManager,Microsoft-Windows-TerminalServices-LocalSessionManager/Operational,430,4,,,,,,,1,,,,darkzero\Administrator,Event_NS,
2026-07-23T13:06:51.885997Z,54,DC01.darkzero.htb,Microsoft-Windows-TerminalServices-LocalSessionManager,Microsoft-Windows-TerminalServices-LocalSessionManager/Operational,431,4,,,,,,,,,,,,,
2026-07-23T19:12:16.418946Z,32,DC01.darkzero.htb,Microsoft-Windows-TerminalServices-LocalSessionManager,Microsoft-Windows-TerminalServices-LocalSessionManager/Operational,432,4,,,,,,,,,,,,Event_NS,RDSAppXPlugin
2026-07-23T19:13:00.579804Z,59,DC01.darkzero.htb,Microsoft-Windows-TerminalServices-LocalSessionManager,Microsoft-Windows-TerminalServices-LocalSessionManager/Operational,433,4,,"""LogonUI.exe"" /flags:0x2 /state0:0xa3bc9055 /state1:0x41c64e6d",1168,RpcGetCurrentSessionCapabilities,,,,1,,,,Event_NS,
2026-07-23T19:13:00.587517Z,59,DC01.darkzero.htb,Microsoft-Windows-TerminalServices-LocalSessionManager,Microsoft-Windows-TerminalServices-LocalSessionManager/Operational,434,4,,"""LogonUI.exe"" /flags:0x2 /state0:0xa3bc9055 /state1:0x41c64e6d",1168,RpcGetCurrentSessionCapabilities,,,,1,,,,Event_NS,
2026-07-23T19:14:36.415719Z,41,DC01.darkzero.htb,Microsoft-Windows-TerminalServices-LocalSessionManager,Microsoft-Windows-TerminalServices-LocalSessionManager/Operational,435,4,,,,,,,1,,,,darkzero\Administrator,Event_NS,
2026-07-23T19:14:36.416920Z,42,DC01.darkzero.htb,Microsoft-Windows-TerminalServices-LocalSessionManager,Microsoft-Windows-TerminalServices-LocalSessionManager/Operational,436,4,,,,,,,1,,,,darkzero\Administrator,Event_NS,
2026-07-23T19:14:37.577431Z,21,DC01.darkzero.htb,Microsoft-Windows-TerminalServices-LocalSessionManager,Microsoft-Windows-TerminalServices-LocalSessionManager/Operational,437,4,LOCAL,,,,,,1,,,,darkzero\Administrator,Event_NS,
2026-07-23T19:14:38.132441Z,22,DC01.darkzero.htb,Microsoft-Windows-TerminalServices-LocalSessionManager,Microsoft-Windows-TerminalServices-LocalSessionManager/Operational,438,4,LOCAL,,,,,,1,,,,darkzero\Administrator,Event_NS,
2026-07-23T19:35:50.351651Z,23,DC01.darkzero.htb,Microsoft-Windows-TerminalServices-LocalSessionManager,Microsoft-Windows-TerminalServices-LocalSessionManager/Operational,439,4,,,,,,,1,,,,darkzero\Administrator,Event_NS,
2026-07-23T19:35:50.376146Z,54,DC01.darkzero.htb,Microsoft-Windows-TerminalServices-LocalSessionManager,Microsoft-Windows-TerminalServices-LocalSessionManager/Operational,440,4,,,,,,,,,,,,,
2026-07-23T19:42:37.864968Z,32,DC01.darkzero.htb,Microsoft-Windows-TerminalServices-LocalSessionManager,Microsoft-Windows-TerminalServices-LocalSessionManager/Operational,441,4,,,,,,,,,,,,Event_NS,RDSAppXPlugin
2026-07-23T19:43:21.522573Z,59,DC01.darkzero.htb,Microsoft-Windows-TerminalServices-LocalSessionManager,Microsoft-Windows-TerminalServices-LocalSessionManager/Operational,442,4,,"""LogonUI.exe"" /flags:0x2 /state0:0xa3bca055 /state1:0x41c64e6d",1180,RpcGetCurrentSessionCapabilities,,,,1,,,,Event_NS,
2026-07-23T19:43:21.525252Z,59,DC01.darkzero.htb,Microsoft-Windows-TerminalServices-LocalSessionManager,Microsoft-Windows-TerminalServices-LocalSessionManager/Operational,443,4,,"""LogonUI.exe"" /flags:0x2 /state0:0xa3bca055 /state1:0x41c64e6d",1180,RpcGetCurrentSessionCapabilities,,,,1,,,,Event_NS,
2026-07-23T19:43:41.642086Z,41,DC01.darkzero.htb,Microsoft-Windows-TerminalServices-LocalSessionManager,Microsoft-Windows-TerminalServices-LocalSessionManager/Operational,444,4,,,,,,,1,,,,darkzero\Administrator,Event_NS,
2026-07-23T19:43:41.643457Z,42,DC01.darkzero.htb,Microsoft-Windows-TerminalServices-LocalSessionManager,Microsoft-Windows-TerminalServices-LocalSessionManager/Operational,445,4,,,,,,,1,,,,darkzero\Administrator,Event_NS,
2026-07-23T19:43:42.662842Z,21,DC01.darkzero.htb,Microsoft-Windows-TerminalServices-LocalSessionManager,Microsoft-Windows-TerminalServices-LocalSessionManager/Operational,446,4,LOCAL,,,,,,1,,,,darkzero\Administrator,Event_NS,
2026-07-23T19:43:43.416105Z,22,DC01.darkzero.htb,Microsoft-Windows-TerminalServices-LocalSessionManager,Microsoft-Windows-TerminalServices-LocalSessionManager/Operational,447,4,LOCAL,,,,,,1,,,,darkzero\Administrator,Event_NS,
2026-07-23T19:47:23.386778Z,23,DC01.darkzero.htb,Microsoft-Windows-TerminalServices-LocalSessionManager,Microsoft-Windows-TerminalServices-LocalSessionManager/Operational,448,4,,,,,,,1,,,,darkzero\Administrator,Event_NS,
2026-07-23T19:47:23.408922Z,54,DC01.darkzero.htb,Microsoft-Windows-TerminalServices-LocalSessionManager,Microsoft-Windows-TerminalServices-LocalSessionManager/Operational,449,4,,,,,,,,,,,,,
2026-07-23T20:22:22.104665Z,32,DC01.darkzero.htb,Microsoft-Windows-TerminalServices-LocalSessionManager,Microsoft-Windows-TerminalServices-LocalSessionManager/Operational,450,4,,,,,,,,,,,,Event_NS,RDSAppXPlugin
2026-07-23T20:23:06.442520Z,59,DC01.darkzero.htb,Microsoft-Windows-TerminalServices-LocalSessionManager,Microsoft-Windows-TerminalServices-LocalSessionManager/Operational,451,4,,"""LogonUI.exe"" /flags:0x2 /state0:0xa3bc9055 /state1:0x41c64e6d",1172,RpcGetCurrentSessionCapabilities,,,,1,,,,Event_NS,
2026-07-23T20:23:06.450380Z,59,DC01.darkzero.htb,Microsoft-Windows-TerminalServices-LocalSessionManager,Microsoft-Windows-TerminalServices-LocalSessionManager/Operational,452,4,,"""LogonUI.exe"" /flags:0x2 /state0:0xa3bc9055 /state1:0x41c64e6d",1172,RpcGetCurrentSessionCapabilities,,,,1,,,,Event_NS,
2026-07-23T20:27:17.182366Z,41,DC01.darkzero.htb,Microsoft-Windows-TerminalServices-LocalSessionManager,Microsoft-Windows-TerminalServices-LocalSessionManager/Operational,453,4,,,,,,,1,,,,darkzero\Administrator,Event_NS,
2026-07-23T20:27:17.183805Z,42,DC01.darkzero.htb,Microsoft-Windows-TerminalServices-LocalSessionManager,Microsoft-Windows-TerminalServices-LocalSessionManager/Operational,454,4,,,,,,,1,,,,darkzero\Administrator,Event_NS,
2026-07-23T20:27:17.507054Z,21,DC01.darkzero.htb,Microsoft-Windows-TerminalServices-LocalSessionManager,Microsoft-Windows-TerminalServices-LocalSessionManager/Operational,455,4,LOCAL,,,,,,1,,,,darkzero\Administrator,Event_NS,
2026-07-23T20:27:17.623961Z,22,DC01.darkzero.htb,Microsoft-Windows-TerminalServices-LocalSessionManager,Microsoft-Windows-TerminalServices-LocalSessionManager/Operational,456,4,LOCAL,,,,,,1,,,,darkzero\Administrator,Event_NS,
2026-07-23T20:42:07.624083Z,23,DC01.darkzero.htb,Microsoft-Windows-TerminalServices-LocalSessionManager,Microsoft-Windows-TerminalServices-LocalSessionManager/Operational,457,4,,,,,,,1,,,,darkzero\Administrator,Event_NS,
2026-07-23T20:42:07.651060Z,54,DC01.darkzero.htb,Microsoft-Windows-TerminalServices-LocalSessionManager,Microsoft-Windows-TerminalServices-LocalSessionManager/Operational,458,4,,,,,,,,,,,,,
2026-07-23T20:49:44.458994Z,32,DC01.darkzero.htb,Microsoft-Windows-TerminalServices-LocalSessionManager,Microsoft-Windows-TerminalServices-LocalSessionManager/Operational,459,4,,,,,,,,,,,,Event_NS,RDSAppXPlugin
2026-07-23T20:50:29.442404Z,59,DC01.darkzero.htb,Microsoft-Windows-TerminalServices-LocalSessionManager,Microsoft-Windows-TerminalServices-LocalSessionManager/Operational,460,4,,"""LogonUI.exe"" /flags:0x2 /state0:0xa3ad0055 /state1:0x41c64e6d",4920,RpcGetCurrentSessionCapabilities,,,,1,,,,Event_NS,
2026-07-23T20:50:29.461968Z,59,DC01.darkzero.htb,Microsoft-Windows-TerminalServices-LocalSessionManager,Microsoft-Windows-TerminalServices-LocalSessionManager/Operational,461,4,,"""LogonUI.exe"" /flags:0x2 /state0:0xa3ad0055 /state1:0x41c64e6d",4920,RpcGetCurrentSessionCapabilities,,,,1,,,,Event_NS,
2026-07-23T20:51:07.771524Z,54,DC01.darkzero.htb,Microsoft-Windows-TerminalServices-LocalSessionManager,Microsoft-Windows-TerminalServices-LocalSessionManager/Operational,462,4,,,,,,,,,,,,,
2026-08-16T15:29:09.027214Z,32,DC01.darkzero.htb,Microsoft-Windows-TerminalServices-LocalSessionManager,Microsoft-Windows-TerminalServices-LocalSessionManager/Operational,463,4,,,,,,,,,,,,Event_NS,RDSAppXPlugin
2026-08-16T15:30:25.324336Z,59,DC01.darkzero.htb,Microsoft-Windows-TerminalServices-LocalSessionManager,Microsoft-Windows-TerminalServices-LocalSessionManager/Operational,464,4,,"""LogonUI.exe"" /flags:0x2 /state0:0xa3acf855 /state1:0x41c64e6d",4936,RpcGetCurrentSessionCapabilities,,,,1,,,,Event_NS,
2026-08-16T15:30:25.330843Z,59,DC01.darkzero.htb,Microsoft-Windows-TerminalServices-LocalSessionManager,Microsoft-Windows-TerminalServices-LocalSessionManager/Operational,465,4,,"""LogonUI.exe"" /flags:0x2 /state0:0xa3acf855 /state1:0x41c64e6d",4936,RpcGetCurrentSessionCapabilities,,,,1,,,,Event_NS,
