TimeGenerated,EventID,Computer,Provider,Channel,RecordID,Level,Binary,Data_text,Data_text_0,Data_text_1,Data_text_10,Data_text_11,Data_text_2,Data_text_3,Data_text_4,Data_text_5,Data_text_6,Data_text_7,Data_text_8,Data_text_9
2026-05-13T14:42:50.930252Z,"{'#attributes': {'Qualifiers': 0}, '#text': 102}",dc,NTDS ISAM,Directory Service,1,4,,,NTDS,"724,P,98",,,NTDSA: ,0,10,00,20348,0000,,
2026-05-13T14:42:50.947201Z,"{'#attributes': {'Qualifiers': 0}, '#text': 105}",dc,NTDS ISAM,Directory Service,2,4,,,NTDS,"724,D,0",,,NTDSA: ,0,0,"
[1] 0.000270 +J(0) +M(C:0K, Fs:62, WS:228K # 0K, PF:2432K # 0K, P:2432K)
[2] 0.000134 +J(0) +M(C:16K, Fs:69, WS:272K # 0K, PF:288K # 0K, P:288K)
[3] 0.000019 +J(0) +M(C:0K, Fs:5, WS:16K # 0K, PF:936K # 0K, P:936K)
[4] 0.001847 -0.000116 (1) WT +J(0) +M(C:0K, Fs:136, WS:464K # 0K, PF:5896K # 656K, P:5896K)
[5] 0.000127 +J(0)
[6] 0.000407 +J(0) +M(C:0K, Fs:1, WS:4K # 0K, PF:12K # 12K, P:12K)
[7] -
[8] -
[9] -
[10] -
[11] -
[12] -
[13] 0.013109 -0.003448 (24) WT +J(CM:0, PgRf:0, Rd:0/0, Dy:0/0, Lg:616/1) +M(C:0K, Fs:2696, WS:528K # 5764K, PF:4K # 10260K, P:4K)
[14] 0.000013 +J(0)
[15] 0.000286 +J(0) +M(C:0K, Fs:411, WS:1640K # 0K, PF:68K # 0K, P:68K)
[16] 0.001915 -0.000052 (1) WT +J(0) +M(C:0K, Fs:2, WS:0K # 0K, PF:0K # 0K, P:0K).",,,,
2026-05-13T14:42:50.950573Z,"{'#attributes': {'Qualifiers': 0}, '#text': 330}",dc,NTDS ISAM,Directory Service,3,4,,,NTDS,"724,D,50",,,NTDSA: ,C:\Windows\NTDS\ntds.dit,0x22D8 (8920),8920 (0x22d8),9360 (0x2490),,,
2026-05-13T14:42:50.950573Z,"{'#attributes': {'Qualifiers': 0}, '#text': 643}",dc,NTDS ISAM,Directory Service,4,3,,,NTDS,"724,D,50",,,NTDSA: ,C:\Windows\NTDS\ntds.dit,en-US,00000001-57ee-1e5c-00b4-d0000bb1e11e,0006020F0006020F,00000001-57ee-1e5c-00b4-d0000bb1e11e,0006040300060403,
2026-05-13T14:42:50.950573Z,"{'#attributes': {'Qualifiers': 0}, '#text': 609}",dc,NTDS ISAM,Directory Service,5,4,,,NTDS,"724,D,50",20348,0,NTDSA: ,C:\Windows\NTDS\ntds.dit,10,0,17025,0,10,0
2026-05-13T14:42:50.966336Z,"{'#attributes': {'Qualifiers': 0}, '#text': 614}",dc,NTDS ISAM,Directory Service,6,3,,,NTDS,"724,D,50",,,NTDSA: ,C:\Windows\NTDS\ntds.dit,INDEX_00000003,datatable,,,,
2026-05-13T14:42:50.970396Z,"{'#attributes': {'Qualifiers': 0}, '#text': 327}",dc,NTDS ISAM,Directory Service,7,4,,,NTDS,"724,D,50",,,NTDSA: ,1,C:\Windows\NTDS\ntds.dit,0,"
[1] 0.000002 +J(0)
[2] 0.0 +J(0)
[3] 0.000002 +J(0)
[4] 0.0 +J(0)
[5] 0.0 +J(0)
[6] 0.000794 -0.000296 (4) WT +J(0) +M(C:-12K, Fs:0, WS:-12K # 0K, PF:-12K # 0K, P:-12K)
[7] 0.000015 +J(0)
[8] 0.000417 -0.000076 (2) WT +J(CM:0, PgRf:0, Rd:0/0, Dy:0/0, Lg:2949/2)
[9] 0.001349 -0.000557 (6) WT +J(0) +M(C:0K, Fs:5, WS:-16K # 0K, PF:-16K # 0K, P:-16K)
[10] 0.000112 +J(0)
[11] 0.000041 +J(0) +M(C:0K, Fs:0, WS:-8K # 0K, PF:-8K # 0K, P:-8K).",0 0,lgposDetach = 00000001:0002:047B,
2026-05-13T14:42:50.972400Z,"{'#attributes': {'Qualifiers': 0}, '#text': 330}",dc,NTDS ISAM,Directory Service,8,4,,,NTDS,"724,D,50",,,NTDSA: ,C:\Windows\NTDS\ntds.dit,0x22D8 (8920),8920 (0x22d8),9360 (0x2490),,,
2026-05-13T14:42:50.975207Z,"{'#attributes': {'Qualifiers': 0}, '#text': 326}",dc,NTDS ISAM,Directory Service,9,4,,,NTDS,"724,D,50",,,NTDSA: ,1,C:\Windows\NTDS\ntds.dit,0,"
[1] 0.000001 +J(0)
[2] 0.000212 -0.000069 (1) WT +J(0) +M(C:0K, Fs:18, WS:8K # 0K, PF:8K # 0K, P:8K)
[3] 0.001417 -0.000421 (6) WT +J(CM:0, PgRf:0, Rd:0/0, Dy:0/0, Lg:4096/2) +M(C:0K, Fs:8, WS:24K # 0K, PF:20K # 0K, P:20K)
[4] 0.000125 +J(0)
[5] -
[6] -
[7] -
[8] 0.000806 -0.000225 (2) CM -0.000129 (2) WT +J(CM:2, PgRf:2, Rd:8/2, Dy:0/0, Lg:0/0) +M(C:40K, Fs:12, WS:40K # 0K, PF:40K # 0K, P:40K)
[9] 0.000816 -0.000591 (6) CM -0.000338 (6) WT +J(CM:6, PgRf:24, Rd:0/6, Dy:0/0, Lg:0/0) +M(C:-8K, Fs:3, WS:-8K # 0K, PF:-8K # 0K, P:-8K)
[10] 0.000459 -0.000349 (3) CM -0.000232 (3) WT +J(CM:3, PgRf:40, Rd:0/3, Dy:0/0, Lg:0/0) +M(C:-4K, Fs:1, WS:-4K # 0K, PF:-4K # 0K, P:-4K)
[11] 0.000005 +J(CM:0, PgRf:1, Rd:0/0, Dy:0/0, Lg:0/0)
[12] 0.0 +J(0)
[13] 0.0 +J(0)
[14] 0.0 +J(0)
[15] 0.000573 -0.000173 (2) WT +J(CM:0, PgRf:1, Rd:0/0, Dy:0/0, Lg:0/0) +M(C:0K, Fs:2, WS:0K # 0K, PF:0K # 0K, P:0K).",1 0,"lgposAttach = 00000001:0003:0000,
dbv = 1568.20.0 (8920)",
2026-05-13T14:42:50.980238Z,"{'#attributes': {'Qualifiers': 0}, '#text': 330}",dc,NTDS ISAM,Directory Service,10,4,,,NTDS,"724,D,2",,,NTDSA: ,C:\Windows\NTDS\temp.edb,0x22D8 (8920),8920 (0x22d8),9360 (0x2490),,,
2026-05-13T14:42:51.053198Z,"{'#attributes': {'Qualifiers': 0}, '#text': 327}",dc,NTDS ISAM,Directory Service,11,4,,,NTDS,"724,D,51",,,NTDSA: ,1,C:\Windows\NTDS\ntds.dit,0,"
[1] 0.000001 +J(0)
[2] 0.0 +J(0)
[3] 0.000031 +J(0)
[4] 0.0 +J(0)
[5] 0.0 +J(0)
[6] 0.000399 -0.000207 (2) WT +J(0) +M(C:-28K, Fs:0, WS:-28K # 0K, PF:-28K # 0K, P:-28K)
[7] 0.000024 +J(0)
[8] 0.000181 -0.000044 (1) WT +J(CM:0, PgRf:0, Rd:0/0, Dy:0/0, Lg:4096/2) +M(C:0K, Fs:1, WS:4K # 0K, PF:0K # 0K, P:0K)
[9] 0.001043 -0.000440 (6) WT +J(0) +M(C:0K, Fs:4, WS:-20K # 0K, PF:-20K # 0K, P:-20K)
[10] 0.000100 +J(0)
[11] 0.000046 +J(0) +M(C:0K, Fs:0, WS:-8K # 0K, PF:-8K # 0K, P:-8K).",0 0,lgposDetach = 00000001:00AD:0000,
2026-05-13T14:42:51.055202Z,"{'#attributes': {'Qualifiers': 0}, '#text': 330}",dc,NTDS ISAM,Directory Service,12,4,,,NTDS,"724,D,50",,,NTDSA: ,C:\Windows\NTDS\ntds.dit,0x22D8 (8920),8920 (0x22d8),9360 (0x2490),,,
2026-05-13T14:42:51.056200Z,"{'#attributes': {'Qualifiers': 0}, '#text': 643}",dc,NTDS ISAM,Directory Service,13,3,,,NTDS,"724,D,50",,,NTDSA: ,C:\Windows\NTDS\ntds.dit,en-US,00000001-57ee-1e5c-00b4-d0000bb1e11e,0006020F0006020F,00000001-57ee-1e5c-00b4-d0000bb1e11e,0006040300060403,
2026-05-13T14:42:51.056200Z,"{'#attributes': {'Qualifiers': 0}, '#text': 609}",dc,NTDS ISAM,Directory Service,14,4,,,NTDS,"724,D,50",20348,0,NTDSA: ,C:\Windows\NTDS\ntds.dit,10,0,20348,0,10,0
2026-05-13T14:42:51.062084Z,"{'#attributes': {'Qualifiers': 0}, '#text': 611}",dc,NTDS ISAM,Directory Service,15,4,,,NTDS,"724,D,50",,,NTDSA: ,C:\Windows\NTDS\ntds.dit,INDEX_00000003,datatable,,,,
2026-05-13T14:42:51.119855Z,"{'#attributes': {'Qualifiers': 0}, '#text': 611}",dc,NTDS ISAM,Directory Service,16,4,,,NTDS,"724,D,50",,,NTDSA: ,C:\Windows\NTDS\ntds.dit,INDEX_00090001,datatable,,,,
2026-05-13T14:42:51.120847Z,"{'#attributes': {'Qualifiers': 0}, '#text': 611}",dc,NTDS ISAM,Directory Service,17,4,,,NTDS,"724,D,50",,,NTDSA: ,C:\Windows\NTDS\ntds.dit,INDEX_000201CC,datatable,,,,
2026-05-13T14:42:51.124921Z,"{'#attributes': {'Qualifiers': 0}, '#text': 611}",dc,NTDS ISAM,Directory Service,18,4,,,NTDS,"724,D,50",,,NTDSA: ,C:\Windows\NTDS\ntds.dit,PDNT_index,datatable,,,,
2026-05-13T14:42:51.127850Z,"{'#attributes': {'Qualifiers': 0}, '#text': 612}",dc,NTDS ISAM,Directory Service,19,4,,,NTDS,"724,D,50",,,NTDSA: ,C:\Windows\NTDS\ntds.dit,,,,,,
2026-05-13T14:42:51.132852Z,"{'#attributes': {'Qualifiers': 0}, '#text': 326}",dc,NTDS ISAM,Directory Service,20,4,,,NTDS,"724,D,50",,,NTDSA: ,1,C:\Windows\NTDS\ntds.dit,0,"
[1] 0.000001 +J(0)
[2] 0.000290 -0.000105 (1) WT +J(0) +M(C:0K, Fs:18, WS:8K # 0K, PF:8K # 0K, P:8K)
[3] 0.001104 -0.000341 (6) WT +J(CM:0, PgRf:0, Rd:0/0, Dy:0/0, Lg:4096/2) +M(C:0K, Fs:8, WS:24K # 0K, PF:20K # 0K, P:20K)
[4] 0.000081 +J(0)
[5] -
[6] -
[7] -
[8] 0.000543 -0.000151 (2) CM -0.000094 (2) WT +J(CM:2, PgRf:2, Rd:12/2, Dy:0/0, Lg:0/0) +M(C:60K, Fs:13, WS:44K # 0K, PF:60K # 0K, P:60K)
[9] 0.000395 -0.000262 (3) CM -0.000160 (3) WT +J(CM:3, PgRf:24, Rd:0/3, Dy:0/0, Lg:0/0) +M(C:-32K, Fs:4, WS:-16K # 0K, PF:-32K # 0K, P:-32K)
[10] 0.000206 -0.000154 (2) CM -0.000094 (2) WT +J(CM:2, PgRf:40, Rd:0/2, Dy:0/0, Lg:0/0) +M(C:-4K, Fs:1, WS:-4K # 0K, PF:-4K # 0K, P:-4K)
[11] 0.000093 -0.000079 (1) CM -0.000049 (1) WT +J(CM:1, PgRf:1, Rd:0/1, Dy:0/0, Lg:0/0) +M(C:0K, Fs:1, WS:0K # 0K, PF:0K # 0K, P:0K)
[12] 0.000306 -0.000064 (1) CM -0.000040 (1) WT +J(CM:1, PgRf:48, Rd:0/1, Dy:0/0, Lg:0/0) +M(C:0K, Fs:1, WS:0K # 0K, PF:0K # 0K, P:0K)
[13] 0.000001 +J(0)
[14] 0.075414 -0.056304 (660) CM -0.036148 (661) WT +J(CM:660, PgRf:9202, Rd:0/660, Dy:14/500, Lg:49334/1059) +M(C:44K, Fs:566, WS:320K # 0K, PF:180K # 0K, P:180K)
[15] 0.000139 -0.000125 (1) CM -0.000102 (1) WT +J(CM:1, PgRf:1, Rd:0/1, Dy:0/0, Lg:0/0) +M(C:4K, Fs:5, WS:16K # 0K, PF:4K # 0K, P:4K).",1 0,"lgposAttach = 00000001:00AE:0000,
dbv = 1568.20.0 (8920)",
2026-05-13T14:42:51.142846Z,"{'#attributes': {'Qualifiers': 0}, '#text': 327}",dc,NTDS ISAM,Directory Service,21,4,,,NTDS,"724,D,51",,,NTDSA: ,1,C:\Windows\NTDS\ntds.dit,0,"
[1] 0.000001 +J(0)
[2] 0.0 +J(0)
[3] 0.007001 -0.006983 (1) WT +J(0) +M(C:28K, Fs:54, WS:100K # 0K, PF:28K # 0K, P:28K)
[4] 0.000001 +J(0)
[5] 0.0 +J(0)
[6] 0.001645 -0.000912 (9) WT +J(0) +M(C:-24K, Fs:4, WS:-16K # 0K, PF:-24K # 0K, P:-24K)
[7] 0.000016 +J(0)
[8] 0.000334 -0.000082 (2) WT +J(CM:0, PgRf:0, Rd:0/0, Dy:0/0, Lg:3902/2)
[9] 0.001018 -0.000432 (6) WT +J(0) +M(C:0K, Fs:4, WS:-20K # 0K, PF:-20K # 0K, P:-20K)
[10] 0.000089 +J(0)
[11] 0.000041 +J(0) +M(C:0K, Fs:0, WS:-8K # 0K, PF:-8K # 0K, P:-8K).",0 0,lgposDetach = 00000001:00BC:00C2,
2026-05-13T14:42:51.146514Z,"{'#attributes': {'Qualifiers': 0}, '#text': 330}",dc,NTDS ISAM,Directory Service,22,4,,,NTDS,"724,D,50",,,NTDSA: ,C:\Windows\NTDS\ntds.dit,0x22D8 (8920),8920 (0x22d8),9360 (0x2490),,,
2026-05-13T14:42:51.146514Z,"{'#attributes': {'Qualifiers': 0}, '#text': 326}",dc,NTDS ISAM,Directory Service,23,4,,,NTDS,"724,D,50",,,NTDSA: ,1,C:\Windows\NTDS\ntds.dit,0,"
[1] 0.000001 +J(0)
[2] 0.000595 -0.000152 (1) WT +J(0) +M(C:0K, Fs:18, WS:8K # 0K, PF:8K # 0K, P:8K)
[3] 0.001436 -0.000486 (6) WT +J(CM:0, PgRf:0, Rd:0/0, Dy:0/0, Lg:4096/2) +M(C:0K, Fs:8, WS:24K # 0K, PF:20K # 0K, P:20K)
[4] 0.000083 +J(0)
[5] -
[6] -
[7] -
[8] 0.000498 -0.000163 (2) CM -0.000103 (2) WT +J(CM:2, PgRf:2, Rd:14/2, Dy:0/0, Lg:0/0) +M(C:24K, Fs:8, WS:24K # 0K, PF:24K # 0K, P:24K)
[9] 0.000387 -0.000264 (3) CM -0.000174 (3) WT +J(CM:3, PgRf:24, Rd:0/3, Dy:0/0, Lg:0/0) +M(C:-8K, Fs:2, WS:-8K # 0K, PF:-8K # 0K, P:-8K)
[10] 0.000130 -0.000076 (1) CM -0.000045 (1) WT +J(CM:1, PgRf:40, Rd:0/1, Dy:0/0, Lg:0/0) +M(C:-4K, Fs:0, WS:-4K # 0K, PF:-4K # 0K, P:-4K)
[11] 0.000005 +J(CM:0, PgRf:1, Rd:0/0, Dy:0/0, Lg:0/0)
[12] 0.000016 +J(CM:0, PgRf:48, Rd:0/0, Dy:0/0, Lg:0/0)
[13] 0.0 +J(0)
[14] 0.0 +J(0)
[15] 0.000001 +J(CM:0, PgRf:1, Rd:0/0, Dy:0/0, Lg:0/0).",1 0,"lgposAttach = 00000001:00BD:0000,
dbv = 1568.20.0 (8920)",
2026-05-13T14:42:51.132852Z,"{'#attributes': {'Qualifiers': 32768}, '#text': 1463}",dc,Microsoft-Windows-ActiveDirectory_DomainService,Directory Service,24,3,,,,,,,,,,,,,,
2026-05-13T14:42:51.275882Z,"{'#attributes': {'Qualifiers': 16384}, '#text': 2013}",dc,Microsoft-Windows-ActiveDirectory_DomainService,Directory Service,25,4,,,5,PDNT_index +PDNT_col LCL_ABVIEW_index00000409 +ATTb590468 INDEX_000201CC +ATTm131532 INDEX_00090001 +ATTm589825 INDEX_00000003 +ATTm3 ,,,,,,,,,,
2026-05-13T14:42:51.381482Z,"{'#attributes': {'Qualifiers': 16384}, '#text': 2014}",dc,Microsoft-Windows-ActiveDirectory_DomainService,Directory Service,26,4,,5,,,,,,,,,,,,
2026-05-13T14:42:51.602248Z,"{'#attributes': {'Qualifiers': 16384}, '#text': 2120}",dc,Microsoft-Windows-ActiveDirectory_DomainService,Directory Service,27,4,,,,,,,,,,,,,,
2026-05-13T14:42:51.602248Z,"{'#attributes': {'Qualifiers': 16384}, '#text': 2405}",dc,Microsoft-Windows-ActiveDirectory_DomainService,Directory Service,28,4,,Recycle Bin Feature,,,,,,,,,,,,
2026-05-13T14:42:51.602248Z,"{'#attributes': {'Qualifiers': 16384}, '#text': 2405}",dc,Microsoft-Windows-ActiveDirectory_DomainService,Directory Service,29,4,,Privileged Access Management Feature,,,,,,,,,,,,
2026-05-13T14:42:55.270234Z,"{'#attributes': {'Qualifiers': 0}, '#text': 700}",dc,NTDS ISAM,Directory Service,30,4,,,NTDS,"724,D,0",,,NTDSA: ,C:\Windows\NTDS\ntds.dit,,,,,,
2026-05-13T14:42:55.306445Z,"{'#attributes': {'Qualifiers': 0}, '#text': 701}",dc,NTDS ISAM,Directory Service,31,4,,,NTDS,"724,D,0",,,NTDSA: ,C:\Windows\NTDS\ntds.dit,9,5/13/2026,0,1,1,1
2026-05-13T14:42:55.451256Z,"{'#attributes': {'Qualifiers': 0}, '#text': 103}",dc,NTDS ISAM,Directory Service,32,4,,,NTDS,"724,T,97",,,NTDSA: ,0,"
[1] 0.000003 +J(0)
[2] 0.000007 +J(0)
[3] 0.000137 +J(CM:0, PgRf:35, Rd:0/0, Dy:4/42, Lg:1665/31) +M(C:0K, Fs:8, WS:32K # 0K, PF:0K # 0K, P:0K)
[4] 0.000003 +J(0)
[5] 0.016242 -0.007313 (7) WT +J(0) +M(C:104K, Fs:289, WS:224K # 0K, PF:224K # 0K, P:224K)
[6] 0.000010 +J(0)
[7] 0.000004 +J(0)
[8] 0.002970 -0.000938 (12) WT +J(CM:0, PgRf:0, Rd:0/0, Dy:0/0, Lg:1293/2) +M(C:0K, Fs:20, WS:16K # 0K, PF:12K # 0K, P:12K)
[9] 0.000289 -0.000162 (1) WT +J(CM:0, PgRf:0, Rd:0/0, Dy:0/0, Lg:66/1)
[10] 0.000014 +J(0)
[11] 0.000606 -0.000097 (2) WT +J(0)
[12] 0.000009 +J(0) +M(C:0K, Fs:0, WS:-4K # 0K, PF:-4K # 0K, P:-4K)
[13] 0.000065 +J(0)
[14] 0.000626 +J(0) +M(C:0K, Fs:0, WS:-10248K # 0K, PF:-10264K # 0K, P:-10264K)
[15] 0.000003 +J(0).",0,,,,
2026-05-13T14:42:55.246718Z,"{'#attributes': {'Qualifiers': 16384}, '#text': 1898}",dc,Microsoft-Windows-ActiveDirectory_DomainService,Directory Service,33,4,,"CN=domain-dns,CN=Schema,CN=Configuration,DC=scaffold,DC=htb",,,,,,,,,,,,
2026-05-13T14:42:55.246718Z,"{'#attributes': {'Qualifiers': 16384}, '#text': 1898}",dc,Microsoft-Windows-ActiveDirectory_DomainService,Directory Service,34,4,,"CN=sam-domain,CN=Schema,CN=Configuration,DC=scaffold,DC=htb",,,,,,,,,,,,
2026-05-13T14:42:55.268226Z,"{'#attributes': {'Qualifiers': 16384}, '#text': 3033}",dc,Microsoft-Windows-ActiveDirectory_DomainService,Directory Service,35,4,,,,,,,,,,,,,,
2026-05-13T14:42:55.268495Z,"{'#attributes': {'Qualifiers': 16384}, '#text': 3027}",dc,Microsoft-Windows-ActiveDirectory_DomainService,Directory Service,36,4,,3600,,,,,,,,,,,,
2026-05-13T14:42:55.271241Z,"{'#attributes': {'Qualifiers': 16384}, '#text': 1000}",dc,Microsoft-Windows-ActiveDirectory_DomainService,Directory Service,37,4,,,,,,,,,,,,,,
2026-05-13T14:42:55.337349Z,"{'#attributes': {'Qualifiers': 16384}, '#text': 2064}",dc,Microsoft-Windows-ActiveDirectory_DomainService,Directory Service,38,4,,,,,,,,,,,,,,
2026-05-13T14:42:55.454577Z,"{'#attributes': {'Qualifiers': 16384}, '#text': 1004}",dc,Microsoft-Windows-ActiveDirectory_DomainService,Directory Service,39,4,,,,,,,,,,,,,,
2026-05-13T14:43:40.988430Z,"{'#attributes': {'Qualifiers': 16384}, '#text': 2064}",dc.scaffold.htb,Microsoft-Windows-ActiveDirectory_DomainService,Directory Service,40,4,,,,,,,,,,,,,,
2026-05-13T14:43:41.254071Z,"{'#attributes': {'Qualifiers': 32768}, '#text': 3051}",dc.scaffold.htb,Microsoft-Windows-ActiveDirectory_DomainService,Directory Service,41,3,,,,,,,,,,,,,,
2026-05-13T14:43:41.254071Z,"{'#attributes': {'Qualifiers': 32768}, '#text': 3054}",dc.scaffold.htb,Microsoft-Windows-ActiveDirectory_DomainService,Directory Service,42,3,,,,,,,,,,,,,,
2026-05-13T14:43:41.428217Z,"{'#attributes': {'Qualifiers': 16384}, '#text': 2121}",dc.scaffold.htb,Microsoft-Windows-ActiveDirectory_DomainService,Directory Service,43,4,,,,,,,,,,,,,,
2026-05-13T14:43:41.428217Z,"{'#attributes': {'Qualifiers': 16384}, '#text': 2406}",dc.scaffold.htb,Microsoft-Windows-ActiveDirectory_DomainService,Directory Service,44,4,,Recycle Bin Feature,,,,,,,,,,,,
2026-05-13T14:43:41.428217Z,"{'#attributes': {'Qualifiers': 16384}, '#text': 2406}",dc.scaffold.htb,Microsoft-Windows-ActiveDirectory_DomainService,Directory Service,45,4,,Privileged Access Management Feature,,,,,,,,,,,,
2026-05-13T14:43:41.428217Z,"{'#attributes': {'Qualifiers': 16384}, '#text': 2168}",dc.scaffold.htb,Microsoft-Windows-ActiveDirectory_DomainService,Directory Service,46,4,,10993029920352642379,,,,,,,,,,,,
2026-05-13T14:43:41.443147Z,"{'#attributes': {'Qualifiers': 16384}, '#text': 2120}",dc.scaffold.htb,Microsoft-Windows-ActiveDirectory_DomainService,Directory Service,47,4,,,,,,,,,,,,,,
2026-05-13T14:43:41.443147Z,"{'#attributes': {'Qualifiers': 16384}, '#text': 2405}",dc.scaffold.htb,Microsoft-Windows-ActiveDirectory_DomainService,Directory Service,48,4,,Recycle Bin Feature,,,,,,,,,,,,
2026-05-13T14:43:41.443147Z,"{'#attributes': {'Qualifiers': 16384}, '#text': 2405}",dc.scaffold.htb,Microsoft-Windows-ActiveDirectory_DomainService,Directory Service,49,4,,Privileged Access Management Feature,,,,,,,,,,,,
2026-05-13T14:43:51.455411Z,"{'#attributes': {'Qualifiers': 32768}, '#text': 2886}",dc.scaffold.htb,Microsoft-Windows-ActiveDirectory_DomainService,Directory Service,50,3,,,,,,,,,,,,,,
2026-05-13T14:43:51.455411Z,"{'#attributes': {'Qualifiers': 32768}, '#text': 3041}",dc.scaffold.htb,Microsoft-Windows-ActiveDirectory_DomainService,Directory Service,51,3,,,,,,,,,,,,,,
2026-05-13T14:43:51.455411Z,"{'#attributes': {'Qualifiers': 16384}, '#text': 1000}",dc.scaffold.htb,Microsoft-Windows-ActiveDirectory_DomainService,Directory Service,52,4,,,,,,,,,,,,,,
2026-05-13T14:44:21.487598Z,"{'#attributes': {'Qualifiers': 16384}, '#text': 1394}",dc.scaffold.htb,Microsoft-Windows-ActiveDirectory_DomainService,Directory Service,53,4,,,,,,,,,,,,,,
2026-05-13T14:44:25.721645Z,"{'#attributes': {'Qualifiers': 16384}, '#text': 1404}",dc.scaffold.htb,Microsoft-Windows-ActiveDirectory_DomainService,Directory Service,54,4,,,,,,,,,,,,,,
2026-05-13T14:45:51.504048Z,"{'#attributes': {'Qualifiers': 16384}, '#text': 2065}",dc.scaffold.htb,Microsoft-Windows-ActiveDirectory_DomainService,Directory Service,55,4,,,,,,,,,,,,,,
2026-05-13T14:48:41.482738Z,"{'#attributes': {'Qualifiers': 16384}, '#text': 2961}",dc.scaffold.htb,Microsoft-Windows-ActiveDirectory_DomainService,Directory Service,56,4,,8,,,,,,,,,,,,
2026-05-13T14:48:41.482738Z,"{'#attributes': {'Qualifiers': 16384}, '#text': 2013}",dc.scaffold.htb,Microsoft-Windows-ActiveDirectory_DomainService,Directory Service,57,4,,,3,link_base_and_data_v2_index +link_base link_bdnt_and_base_and_data_v2_index +backlink_DNT link_dnt_and_base_and_data_v2_index +link_DNT ,,,,,,,,,,
2026-05-13T14:48:41.486791Z,"{'#attributes': {'Qualifiers': 16384}, '#text': 2014}",dc.scaffold.htb,Microsoft-Windows-ActiveDirectory_DomainService,Directory Service,58,4,,3,,,,,,,,,,,,
2026-05-13T14:48:41.486791Z,"{'#attributes': {'Qualifiers': 16384}, '#text': 2962}",dc.scaffold.htb,Microsoft-Windows-ActiveDirectory_DomainService,Directory Service,59,4,,8,,,,,,,,,,,,
2026-05-13T14:51:28.358358Z,"{'#attributes': {'Qualifiers': 32768}, '#text': 1220}",dc.scaffold.htb,Microsoft-Windows-ActiveDirectory_DomainService,Directory Service,60,3,,,8009030e,No credentials are available in the security package,,,,,,,,,,
2026-05-13T14:51:50.375465Z,"{'#attributes': {'Qualifiers': 16384}, '#text': 1221}",dc.scaffold.htb,Microsoft-Windows-ActiveDirectory_DomainService,Directory Service,61,4,,,,,,,,,,,,,,
2026-05-13T14:58:51.529779Z,"{'#attributes': {'Qualifiers': 0}, '#text': 102}",dc.scaffold.htb,NTDS ISAM,Directory Service,62,4,,,NTDS,"736,P,98",,,NTDSA: ,0,10,00,20348,0000,,
2026-05-13T14:58:51.529779Z,"{'#attributes': {'Qualifiers': 0}, '#text': 105}",dc.scaffold.htb,NTDS ISAM,Directory Service,63,4,,,NTDS,"736,D,0",,,NTDSA: ,0,0,"
[1] 0.000390 +J(0) +M(C:0K, Fs:149, WS:572K # 0K, PF:3396K # 356K, P:3396K)
[2] 0.000289 +J(0) +M(C:16K, Fs:88, WS:344K # 296K, PF:300K # 300K, P:300K)
[3] 0.000338 +J(0) +M(C:0K, Fs:5, WS:20K # 20K, PF:64K # 64K, P:64K)
[4] 0.003113 -0.000067 (1) WT +J(0) +M(C:0K, Fs:127, WS:428K # 428K, PF:6044K # 6044K, P:6044K)
[5] 0.000208 +J(0) +M(C:0K, Fs:2, WS:8K # 8K, PF:4K # 4K, P:4K)
[6] 0.000946 +J(0) +M(C:0K, Fs:21, WS:80K # 80K, PF:12K # 12K, P:12K)
[7] 0.006759 -0.003140 (21) WT +J(0) +M(C:0K, Fs:2579, WS:10296K # 10296K, PF:10260K # 10260K, P:10260K)
[8] -
[9] -
[10] -
[11] -
[12] -
[13] 0.006756 -0.003237 (22) WT +J(CM:0, PgRf:0, Rd:0/0, Dy:0/0, Lg:616/1) +M(C:0K, Fs:8, WS:-10216K # 24K, PF:-10256K # 12K, P:-10256K)
[14] 0.000013 +J(0) +M(C:0K, Fs:1, WS:4K # 0K, PF:4K # 0K, P:4K)
[15] 0.000239 +J(0) +M(C:0K, Fs:411, WS:1640K # 0K, PF:68K # 0K, P:68K)
[16] 0.000245 -0.000121 (1) WT +J(0) +M(C:0K, Fs:3, WS:4K # 0K, PF:0K # 0K, P:0K).",,,,
2026-05-13T14:58:51.529779Z,"{'#attributes': {'Qualifiers': 0}, '#text': 330}",dc.scaffold.htb,NTDS ISAM,Directory Service,64,4,,,NTDS,"736,D,50",,,NTDSA: ,C:\Windows\NTDS\ntds.dit,0x22D8 (8920),8920 (0x22d8),9360 (0x2490),,,
2026-05-13T14:58:51.529779Z,"{'#attributes': {'Qualifiers': 0}, '#text': 326}",dc.scaffold.htb,NTDS ISAM,Directory Service,65,4,,,NTDS,"736,D,50",,,NTDSA: ,1,C:\Windows\NTDS\ntds.dit,0,"
[1] 0.000003 +J(0) +M(C:0K, Fs:1, WS:4K # 0K, PF:0K # 0K, P:0K)
[2] 0.000221 -0.000105 (1) WT +J(0) +M(C:0K, Fs:19, WS:12K # 0K, PF:8K # 0K, P:8K)
[3] 0.001396 -0.000435 (6) WT +J(CM:0, PgRf:0, Rd:0/0, Dy:0/0, Lg:3480/2) +M(C:0K, Fs:22, WS:76K # 0K, PF:148K # 0K, P:148K)
[4] 0.000076 +J(0)
[5] -
[6] -
[7] -
[8] 0.001361 -0.000165 (2) CM -0.000292 (6) WT +J(CM:2, PgRf:2, Rd:4/2, Dy:0/0, Lg:0/0) +M(C:32K, Fs:53, WS:172K # 0K, PF:232K # 0K, P:232K)
[9] 0.000674 -0.000457 (5) CM -0.000285 (5) WT +J(CM:5, PgRf:24, Rd:0/5, Dy:0/0, Lg:0/0) +M(C:-24K, Fs:33, WS:100K # 0K, PF:176K # 0K, P:176K)
[10] 0.000379 -0.000292 (4) CM -0.000191 (4) WT +J(CM:4, PgRf:40, Rd:0/4, Dy:0/0, Lg:0/0) +M(C:0K, Fs:7, WS:16K # 0K, PF:64K # 0K, P:64K)
[11] 0.000102 -0.000073 (1) CM -0.000043 (1) WT +J(CM:1, PgRf:1, Rd:0/1, Dy:0/0, Lg:0/0) +M(C:0K, Fs:5, WS:16K # 0K, PF:0K # 0K, P:0K)
[12] 0.000024 +J(CM:0, PgRf:48, Rd:0/0, Dy:0/0, Lg:0/0) +M(C:0K, Fs:2, WS:8K # 0K, PF:0K # 0K, P:0K)
[13] 0.0 +J(0)
[14] 0.0 +J(0)
[15] 0.000002 +J(CM:0, PgRf:1, Rd:0/0, Dy:0/0, Lg:0/0).",0 0,"lgposAttach = 00000002:02E2:0268,
dbv = 1568.20.0 (8920)",
2026-05-13T14:58:51.529779Z,"{'#attributes': {'Qualifiers': 0}, '#text': 330}",dc.scaffold.htb,NTDS ISAM,Directory Service,66,4,,,NTDS,"736,D,2",,,NTDSA: ,C:\Windows\NTDS\temp.edb,0x22D8 (8920),8920 (0x22d8),9360 (0x2490),,,
2026-05-13T14:58:51.530795Z,"{'#attributes': {'Qualifiers': 0}, '#text': 700}",dc.scaffold.htb,NTDS ISAM,Directory Service,67,4,,,NTDS,"736,D,0",,,NTDSA: ,C:\Windows\NTDS\ntds.dit,,,,,,
2026-05-13T14:58:51.579790Z,"{'#attributes': {'Qualifiers': 0}, '#text': 701}",dc.scaffold.htb,NTDS ISAM,Directory Service,68,4,,,NTDS,"736,D,0",,,NTDSA: ,C:\Windows\NTDS\ntds.dit,5,5/13/2026,0,1,1,2
2026-05-13T14:58:51.527319Z,"{'#attributes': {'Qualifiers': 16384}, '#text': 2041}",dc.scaffold.htb,Microsoft-Windows-ActiveDirectory_DomainService,Directory Service,69,4,,,400004c5,2,,,,,,,,,,
2026-05-13T14:58:51.527319Z,"{'#attributes': {'Qualifiers': 16384}, '#text': 3033}",dc.scaffold.htb,Microsoft-Windows-ActiveDirectory_DomainService,Directory Service,70,4,,,,,,,,,,,,,,
2026-05-13T14:58:51.527319Z,"{'#attributes': {'Qualifiers': 16384}, '#text': 3027}",dc.scaffold.htb,Microsoft-Windows-ActiveDirectory_DomainService,Directory Service,71,4,,3600,,,,,,,,,,,,
2026-05-13T14:58:51.529779Z,"{'#attributes': {'Qualifiers': 16384}, '#text': 1869}",dc.scaffold.htb,Microsoft-Windows-ActiveDirectory_DomainService,Directory Service,72,4,,,\\dc.scaffold.htb,Default-First-Site-Name,,,,,,,,,,
2026-05-13T17:06:17.978244Z,"{'#attributes': {'Qualifiers': 16384}, '#text': 2179}",dc.scaffold.htb,Microsoft-Windows-ActiveDirectory_DomainService,Directory Service,73,4,,10993029920352642379,,,,,,,,,,,,
2026-05-13T17:06:20.476837Z,"{'#attributes': {'Qualifiers': 16384}, '#text': 1004}",dc.scaffold.htb,Microsoft-Windows-ActiveDirectory_DomainService,Directory Service,74,4,,,,,,,,,,,,,,
2026-05-13T20:07:51.086209Z,"{'#attributes': {'Qualifiers': 32768}, '#text': 3051}",dc.scaffold.htb,Microsoft-Windows-ActiveDirectory_DomainService,Directory Service,75,3,,,,,,,,,,,,,,
2026-05-13T20:07:51.086209Z,"{'#attributes': {'Qualifiers': 32768}, '#text': 3054}",dc.scaffold.htb,Microsoft-Windows-ActiveDirectory_DomainService,Directory Service,76,3,,,,,,,,,,,,,,
2026-05-13T20:07:51.430085Z,"{'#attributes': {'Qualifiers': 16384}, '#text': 2121}",dc.scaffold.htb,Microsoft-Windows-ActiveDirectory_DomainService,Directory Service,77,4,,,,,,,,,,,,,,
2026-05-13T20:07:51.430085Z,"{'#attributes': {'Qualifiers': 16384}, '#text': 2406}",dc.scaffold.htb,Microsoft-Windows-ActiveDirectory_DomainService,Directory Service,78,4,,Recycle Bin Feature,,,,,,,,,,,,
2026-05-13T20:07:51.430085Z,"{'#attributes': {'Qualifiers': 16384}, '#text': 2406}",dc.scaffold.htb,Microsoft-Windows-ActiveDirectory_DomainService,Directory Service,79,4,,Privileged Access Management Feature,,,,,,,,,,,,
2026-05-13T20:07:51.445306Z,"{'#attributes': {'Qualifiers': 16384}, '#text': 2168}",dc.scaffold.htb,Microsoft-Windows-ActiveDirectory_DomainService,Directory Service,80,4,,10993029920352642379,,,,,,,,,,,,
2026-05-13T20:07:51.445306Z,"{'#attributes': {'Qualifiers': 16384}, '#text': 2172}",dc.scaffold.htb,Microsoft-Windows-ActiveDirectory_DomainService,Directory Service,81,4,,10993029920352642379,,,,,,,,,,,,
2026-05-13T20:07:51.445306Z,"{'#attributes': {'Qualifiers': 16384}, '#text': 2120}",dc.scaffold.htb,Microsoft-Windows-ActiveDirectory_DomainService,Directory Service,82,4,,,,,,,,,,,,,,
2026-05-13T20:07:51.445306Z,"{'#attributes': {'Qualifiers': 16384}, '#text': 2405}",dc.scaffold.htb,Microsoft-Windows-ActiveDirectory_DomainService,Directory Service,83,4,,Recycle Bin Feature,,,,,,,,,,,,
2026-05-13T20:07:51.445306Z,"{'#attributes': {'Qualifiers': 16384}, '#text': 2405}",dc.scaffold.htb,Microsoft-Windows-ActiveDirectory_DomainService,Directory Service,84,4,,Privileged Access Management Feature,,,,,,,,,,,,
2026-05-13T20:08:01.524741Z,"{'#attributes': {'Qualifiers': 32768}, '#text': 2886}",dc.scaffold.htb,Microsoft-Windows-ActiveDirectory_DomainService,Directory Service,85,3,,,,,,,,,,,,,,
2026-05-13T20:08:01.524741Z,"{'#attributes': {'Qualifiers': 32768}, '#text': 3041}",dc.scaffold.htb,Microsoft-Windows-ActiveDirectory_DomainService,Directory Service,86,3,,,,,,,,,,,,,,
2026-05-13T20:08:01.524741Z,"{'#attributes': {'Qualifiers': 16384}, '#text': 1000}",dc.scaffold.htb,Microsoft-Windows-ActiveDirectory_DomainService,Directory Service,87,4,,,,,,,,,,,,,,
2026-05-13T20:08:31.530305Z,"{'#attributes': {'Qualifiers': 16384}, '#text': 1394}",dc.scaffold.htb,Microsoft-Windows-ActiveDirectory_DomainService,Directory Service,88,4,,,,,,,,,,,,,,
2026-05-13T20:23:01.700292Z,"{'#attributes': {'Qualifiers': 0}, '#text': 102}",dc.scaffold.htb,NTDS ISAM,Directory Service,89,4,,,NTDS,"768,P,98",,,NTDSA: ,0,10,00,20348,0000,,
2026-05-13T20:23:01.700292Z,"{'#attributes': {'Qualifiers': 0}, '#text': 105}",dc.scaffold.htb,NTDS ISAM,Directory Service,90,4,,,NTDS,"768,D,0",,,NTDSA: ,0,0,"
[1] 0.003653 +J(0) +M(C:0K, Fs:143, WS:544K # 0K, PF:3364K # 356K, P:3364K)
[2] 0.001723 +J(0) +M(C:16K, Fs:92, WS:352K # 308K, PF:320K # 320K, P:320K)
[3] 0.001324 +J(0) +M(C:0K, Fs:5, WS:20K # 20K, PF:64K # 64K, P:64K)
[4] 0.018586 -0.000429 (1) WT +J(0) +M(C:0K, Fs:128, WS:436K # 436K, PF:6028K # 6028K, P:6028K)
[5] 0.001712 +J(0) +M(C:0K, Fs:2, WS:8K # 8K, PF:4K # 4K, P:4K)
[6] 0.009886 -0.000001 (1) WT +J(0) +M(C:0K, Fs:20, WS:80K # 80K, PF:12K # 12K, P:12K)
[7] 0.111152 -0.029838 (21) WT +J(0) +M(C:0K, Fs:2579, WS:10296K # 10296K, PF:10260K # 10260K, P:10260K)
[8] -
[9] -
[10] -
[11] -
[12] -
[13] 0.019459 -0.012356 (22) WT +J(CM:0, PgRf:0, Rd:0/0, Dy:0/0, Lg:616/1) +M(C:0K, Fs:8, WS:-10216K # 24K, PF:-10256K # 12K, P:-10256K)
[14] 0.000025 +J(0) +M(C:0K, Fs:1, WS:4K # 0K, PF:4K # 0K, P:4K)
[15] 0.008879 +J(0) +M(C:0K, Fs:410, WS:1640K # 0K, PF:64K # 0K, P:64K)
[16] 0.000529 -0.000191 (1) WT +J(0) +M(C:0K, Fs:4, WS:8K # 0K, PF:4K # 0K, P:4K).",,,,
2026-05-13T20:23:01.700292Z,"{'#attributes': {'Qualifiers': 0}, '#text': 330}",dc.scaffold.htb,NTDS ISAM,Directory Service,91,4,,,NTDS,"768,D,50",,,NTDSA: ,C:\Windows\NTDS\ntds.dit,0x22D8 (8920),8920 (0x22d8),9360 (0x2490),,,
2026-05-13T20:23:01.700292Z,"{'#attributes': {'Qualifiers': 0}, '#text': 326}",dc.scaffold.htb,NTDS ISAM,Directory Service,92,4,,,NTDS,"768,D,50",,,NTDSA: ,1,C:\Windows\NTDS\ntds.dit,0,"
[1] 0.000005 +J(0) +M(C:0K, Fs:1, WS:4K # 0K, PF:0K # 0K, P:0K)
[2] 0.000419 -0.000168 (1) WT +J(0) +M(C:0K, Fs:19, WS:12K # 0K, PF:8K # 0K, P:8K)
[3] 0.005464 -0.002598 (6) WT +J(CM:0, PgRf:0, Rd:0/0, Dy:0/0, Lg:3480/2) +M(C:0K, Fs:20, WS:68K # 0K, PF:140K # 0K, P:140K)
[4] 0.000109 +J(0)
[5] -
[6] -
[7] -
[8] 0.004240 -0.000506 (2) CM -0.000337 (2) WT +J(CM:2, PgRf:2, Rd:4/2, Dy:0/0, Lg:0/0) +M(C:16K, Fs:45, WS:172K # 0K, PF:220K # 0K, P:220K)
[9] 0.003742 -0.002955 (8) CM -0.002457 (8) WT +J(CM:8, PgRf:24, Rd:0/8, Dy:0/0, Lg:0/0) +M(C:-4K, Fs:32, WS:108K # 0K, PF:204K # 0K, P:204K)
[10] 0.001235 -0.000924 (4) CM -0.000704 (4) WT +J(CM:4, PgRf:40, Rd:0/4, Dy:0/0, Lg:0/0) +M(C:-4K, Fs:7, WS:16K # 0K, PF:64K # 0K, P:64K)
[11] 0.000323 -0.000204 (1) CM -0.000127 (1) WT +J(CM:1, PgRf:1, Rd:0/1, Dy:0/0, Lg:0/0) +M(C:0K, Fs:5, WS:16K # 0K, PF:0K # 0K, P:0K)
[12] 0.000046 +J(CM:0, PgRf:48, Rd:0/0, Dy:0/0, Lg:0/0) +M(C:0K, Fs:2, WS:8K # 0K, PF:0K # 0K, P:0K)
[13] 0.0 +J(0)
[14] 0.0 +J(0)
[15] 0.000005 +J(CM:0, PgRf:1, Rd:0/0, Dy:0/0, Lg:0/0).",0 0,"lgposAttach = 00000002:06D9:0268,
dbv = 1568.20.0 (8920)",
2026-05-13T20:23:01.700292Z,"{'#attributes': {'Qualifiers': 0}, '#text': 330}",dc.scaffold.htb,NTDS ISAM,Directory Service,93,4,,,NTDS,"768,D,2",,,NTDSA: ,C:\Windows\NTDS\temp.edb,0x22D8 (8920),8920 (0x22d8),9360 (0x2490),,,
2026-05-13T20:23:01.700292Z,"{'#attributes': {'Qualifiers': 0}, '#text': 700}",dc.scaffold.htb,NTDS ISAM,Directory Service,94,4,,,NTDS,"768,D,0",,,NTDSA: ,C:\Windows\NTDS\ntds.dit,,,,,,
2026-05-13T20:23:01.842585Z,"{'#attributes': {'Qualifiers': 0}, '#text': 701}",dc.scaffold.htb,NTDS ISAM,Directory Service,95,4,,,NTDS,"768,D,0",,,NTDSA: ,C:\Windows\NTDS\ntds.dit,2,5/13/2026,0,1,1,3
2026-05-13T20:23:01.700292Z,"{'#attributes': {'Qualifiers': 16384}, '#text': 3033}",dc.scaffold.htb,Microsoft-Windows-ActiveDirectory_DomainService,Directory Service,96,4,,,,,,,,,,,,,,
2026-05-13T20:23:01.700292Z,"{'#attributes': {'Qualifiers': 16384}, '#text': 3027}",dc.scaffold.htb,Microsoft-Windows-ActiveDirectory_DomainService,Directory Service,97,4,,3600,,,,,,,,,,,,
2026-05-13T20:23:01.700292Z,"{'#attributes': {'Qualifiers': 16384}, '#text': 1869}",dc.scaffold.htb,Microsoft-Windows-ActiveDirectory_DomainService,Directory Service,98,4,,,\\dc.scaffold.htb,Default-First-Site-Name,,,,,,,,,,
2026-05-13T23:17:26.555241Z,"{'#attributes': {'Qualifiers': 16384}, '#text': 2179}",dc.scaffold.htb,Microsoft-Windows-ActiveDirectory_DomainService,Directory Service,99,4,,10993029920352642379,,,,,,,,,,,,
2026-05-13T23:17:27.825013Z,"{'#attributes': {'Qualifiers': 16384}, '#text': 1004}",dc.scaffold.htb,Microsoft-Windows-ActiveDirectory_DomainService,Directory Service,100,4,,,,,,,,,,,,,,
2026-05-13T23:17:47.779102Z,"{'#attributes': {'Qualifiers': 32768}, '#text': 3051}",dc.scaffold.htb,Microsoft-Windows-ActiveDirectory_DomainService,Directory Service,101,3,,,,,,,,,,,,,,
2026-05-13T23:17:47.779102Z,"{'#attributes': {'Qualifiers': 32768}, '#text': 3054}",dc.scaffold.htb,Microsoft-Windows-ActiveDirectory_DomainService,Directory Service,102,3,,,,,,,,,,,,,,
2026-05-13T23:17:47.858865Z,"{'#attributes': {'Qualifiers': 16384}, '#text': 2121}",dc.scaffold.htb,Microsoft-Windows-ActiveDirectory_DomainService,Directory Service,103,4,,,,,,,,,,,,,,
2026-05-13T23:17:47.858865Z,"{'#attributes': {'Qualifiers': 16384}, '#text': 2406}",dc.scaffold.htb,Microsoft-Windows-ActiveDirectory_DomainService,Directory Service,104,4,,Recycle Bin Feature,,,,,,,,,,,,
2026-05-13T23:17:47.858865Z,"{'#attributes': {'Qualifiers': 16384}, '#text': 2406}",dc.scaffold.htb,Microsoft-Windows-ActiveDirectory_DomainService,Directory Service,105,4,,Privileged Access Management Feature,,,,,,,,,,,,
2026-05-13T23:17:47.858865Z,"{'#attributes': {'Qualifiers': 16384}, '#text': 2168}",dc.scaffold.htb,Microsoft-Windows-ActiveDirectory_DomainService,Directory Service,106,4,,10993029920352642379,,,,,,,,,,,,
2026-05-13T23:17:47.858865Z,"{'#attributes': {'Qualifiers': 16384}, '#text': 2172}",dc.scaffold.htb,Microsoft-Windows-ActiveDirectory_DomainService,Directory Service,107,4,,10993029920352642379,,,,,,,,,,,,
2026-05-13T23:17:47.858865Z,"{'#attributes': {'Qualifiers': 16384}, '#text': 2120}",dc.scaffold.htb,Microsoft-Windows-ActiveDirectory_DomainService,Directory Service,108,4,,,,,,,,,,,,,,
2026-05-13T23:17:47.858865Z,"{'#attributes': {'Qualifiers': 16384}, '#text': 2405}",dc.scaffold.htb,Microsoft-Windows-ActiveDirectory_DomainService,Directory Service,109,4,,Recycle Bin Feature,,,,,,,,,,,,
2026-05-13T23:17:47.858865Z,"{'#attributes': {'Qualifiers': 16384}, '#text': 2405}",dc.scaffold.htb,Microsoft-Windows-ActiveDirectory_DomainService,Directory Service,110,4,,Privileged Access Management Feature,,,,,,,,,,,,
2026-05-13T23:17:57.878768Z,"{'#attributes': {'Qualifiers': 32768}, '#text': 2886}",dc.scaffold.htb,Microsoft-Windows-ActiveDirectory_DomainService,Directory Service,111,3,,,,,,,,,,,,,,
2026-05-13T23:17:57.878768Z,"{'#attributes': {'Qualifiers': 32768}, '#text': 3041}",dc.scaffold.htb,Microsoft-Windows-ActiveDirectory_DomainService,Directory Service,112,3,,,,,,,,,,,,,,
2026-05-13T23:17:57.878768Z,"{'#attributes': {'Qualifiers': 16384}, '#text': 1000}",dc.scaffold.htb,Microsoft-Windows-ActiveDirectory_DomainService,Directory Service,113,4,,,,,,,,,,,,,,
2026-05-13T23:18:27.874285Z,"{'#attributes': {'Qualifiers': 16384}, '#text': 1394}",dc.scaffold.htb,Microsoft-Windows-ActiveDirectory_DomainService,Directory Service,114,4,,,,,,,,,,,,,,
2026-05-14T00:36:06.906241Z,"{'#attributes': {'Qualifiers': 0}, '#text': 102}",dc.scaffold.htb,NTDS ISAM,Directory Service,115,4,,,NTDS,"736,P,98",,,NTDSA: ,0,10,00,20348,0000,,
2026-05-14T00:36:06.906241Z,"{'#attributes': {'Qualifiers': 0}, '#text': 105}",dc.scaffold.htb,NTDS ISAM,Directory Service,116,4,,,NTDS,"736,D,0",,,NTDSA: ,0,0,"
[1] 0.001084 +J(0) +M(C:0K, Fs:143, WS:548K # 0K, PF:3372K # 364K, P:3372K)
[2] 0.001153 +J(0) +M(C:16K, Fs:88, WS:344K # 304K, PF:300K # 300K, P:300K)
[3] 0.000832 +J(0) +M(C:0K, Fs:5, WS:20K # 20K, PF:64K # 64K, P:64K)
[4] 0.013893 -0.000248 (1) WT +J(0) +M(C:0K, Fs:128, WS:432K # 432K, PF:6032K # 6032K, P:6032K)
[5] 0.000944 +J(0) +M(C:0K, Fs:3, WS:12K # 12K, PF:8K # 8K, P:8K)
[6] 0.005224 +J(0) +M(C:0K, Fs:21, WS:80K # 80K, PF:12K # 12K, P:12K)
[7] 0.044104 -0.031258 (21) WT +J(0) +M(C:0K, Fs:2579, WS:10296K # 10296K, PF:10260K # 10260K, P:10260K)
[8] -
[9] -
[10] -
[11] -
[12] -
[13] 0.047956 -0.028127 (22) WT +J(CM:0, PgRf:0, Rd:0/0, Dy:0/0, Lg:616/1) +M(C:0K, Fs:8, WS:-10216K # 24K, PF:-10256K # 12K, P:-10256K)
[14] 0.000081 +J(0) +M(C:0K, Fs:2, WS:8K # 0K, PF:8K # 0K, P:8K)
[15] 0.001335 +J(0) +M(C:0K, Fs:411, WS:1640K # 0K, PF:68K # 0K, P:68K)
[16] 0.002534 -0.000716 (1) WT +J(0) +M(C:0K, Fs:3, WS:4K # 0K, PF:0K # 0K, P:0K).",,,,
2026-05-14T00:36:06.906241Z,"{'#attributes': {'Qualifiers': 0}, '#text': 330}",dc.scaffold.htb,NTDS ISAM,Directory Service,117,4,,,NTDS,"736,D,50",,,NTDSA: ,C:\Windows\NTDS\ntds.dit,0x22D8 (8920),8920 (0x22d8),9360 (0x2490),,,
2026-05-14T00:36:06.906241Z,"{'#attributes': {'Qualifiers': 0}, '#text': 326}",dc.scaffold.htb,NTDS ISAM,Directory Service,118,4,,,NTDS,"736,D,50",,,NTDSA: ,1,C:\Windows\NTDS\ntds.dit,0,"
[1] 0.000020 +J(0) +M(C:0K, Fs:1, WS:4K # 0K, PF:0K # 0K, P:0K)
[2] 0.001498 -0.000830 (1) WT +J(0) +M(C:0K, Fs:19, WS:12K # 0K, PF:8K # 0K, P:8K)
[3] 0.010275 -0.004013 (6) WT +J(CM:0, PgRf:0, Rd:0/0, Dy:0/0, Lg:3480/2) +M(C:0K, Fs:22, WS:80K # 0K, PF:148K # 0K, P:148K)
[4] 0.000363 +J(0)
[5] -
[6] -
[7] -
[8] 0.010037 -0.001269 (2) CM -0.000795 (3) WT +J(CM:2, PgRf:2, Rd:4/2, Dy:0/0, Lg:0/0) +M(C:32K, Fs:45, WS:172K # 0K, PF:236K # 0K, P:236K)
[9] 0.007926 -0.006570 (5) CM -0.005365 (5) WT +J(CM:5, PgRf:24, Rd:0/5, Dy:0/0, Lg:0/0) +M(C:-20K, Fs:32, WS:104K # 0K, PF:180K # 0K, P:180K)
[10] 0.000753 -0.000590 (3) CM -0.000388 (3) WT +J(CM:3, PgRf:40, Rd:0/3, Dy:0/0, Lg:0/0) +M(C:-8K, Fs:5, WS:8K # 0K, PF:56K # 0K, P:56K)
[11] 0.000185 -0.000150 (1) CM -0.000085 (1) WT +J(CM:1, PgRf:1, Rd:0/1, Dy:0/0, Lg:0/0) +M(C:0K, Fs:5, WS:16K # 0K, PF:0K # 0K, P:0K)
[12] 0.000368 -0.000230 (1) CM -0.000178 (1) WT +J(CM:1, PgRf:48, Rd:0/1, Dy:0/0, Lg:0/0) +M(C:0K, Fs:3, WS:8K # 0K, PF:0K # 0K, P:0K)
[13] 0.000003 +J(0)
[14] 0.0 +J(0)
[15] 0.000327 -0.000289 (1) CM -0.000201 (1) WT +J(CM:1, PgRf:1, Rd:0/1, Dy:0/0, Lg:0/0) +M(C:0K, Fs:1, WS:0K # 0K, PF:0K # 0K, P:0K).",0 0,"lgposAttach = 00000002:0704:0268,
dbv = 1568.20.0 (8920)",
2026-05-14T00:36:06.906241Z,"{'#attributes': {'Qualifiers': 0}, '#text': 330}",dc.scaffold.htb,NTDS ISAM,Directory Service,119,4,,,NTDS,"736,D,2",,,NTDSA: ,C:\Windows\NTDS\temp.edb,0x22D8 (8920),8920 (0x22d8),9360 (0x2490),,,
2026-05-14T00:36:06.906241Z,"{'#attributes': {'Qualifiers': 0}, '#text': 700}",dc.scaffold.htb,NTDS ISAM,Directory Service,120,4,,,NTDS,"736,D,0",,,NTDSA: ,C:\Windows\NTDS\ntds.dit,,,,,,
2026-05-14T00:36:07.016667Z,"{'#attributes': {'Qualifiers': 0}, '#text': 701}",dc.scaffold.htb,NTDS ISAM,Directory Service,121,4,,,NTDS,"736,D,0",,,NTDSA: ,C:\Windows\NTDS\ntds.dit,0,5/13/2026,0,1,1,4
2026-05-14T00:36:06.906241Z,"{'#attributes': {'Qualifiers': 16384}, '#text': 3033}",dc.scaffold.htb,Microsoft-Windows-ActiveDirectory_DomainService,Directory Service,122,4,,,,,,,,,,,,,,
2026-05-14T00:36:06.906241Z,"{'#attributes': {'Qualifiers': 16384}, '#text': 3027}",dc.scaffold.htb,Microsoft-Windows-ActiveDirectory_DomainService,Directory Service,123,4,,3600,,,,,,,,,,,,
2026-05-14T00:36:06.906241Z,"{'#attributes': {'Qualifiers': 16384}, '#text': 1869}",dc.scaffold.htb,Microsoft-Windows-ActiveDirectory_DomainService,Directory Service,124,4,,,\\dc.scaffold.htb,Default-First-Site-Name,,,,,,,,,,
2026-05-14T00:52:02.843075Z,"{'#attributes': {'Qualifiers': 16384}, '#text': 2179}",dc.scaffold.htb,Microsoft-Windows-ActiveDirectory_DomainService,Directory Service,125,4,,10993029920352642379,,,,,,,,,,,,
2026-05-14T00:52:04.439335Z,"{'#attributes': {'Qualifiers': 16384}, '#text': 1004}",dc.scaffold.htb,Microsoft-Windows-ActiveDirectory_DomainService,Directory Service,126,4,,,,,,,,,,,,,,
2026-05-14T18:52:06.586939Z,"{'#attributes': {'Qualifiers': 32768}, '#text': 3051}",dc.scaffold.htb,Microsoft-Windows-ActiveDirectory_DomainService,Directory Service,127,3,,,,,,,,,,,,,,
2026-05-14T18:52:06.586939Z,"{'#attributes': {'Qualifiers': 32768}, '#text': 3054}",dc.scaffold.htb,Microsoft-Windows-ActiveDirectory_DomainService,Directory Service,128,3,,,,,,,,,,,,,,
2026-05-14T18:52:07.008801Z,"{'#attributes': {'Qualifiers': 16384}, '#text': 2121}",dc.scaffold.htb,Microsoft-Windows-ActiveDirectory_DomainService,Directory Service,129,4,,,,,,,,,,,,,,
2026-05-14T18:52:07.008801Z,"{'#attributes': {'Qualifiers': 16384}, '#text': 2406}",dc.scaffold.htb,Microsoft-Windows-ActiveDirectory_DomainService,Directory Service,130,4,,Recycle Bin Feature,,,,,,,,,,,,
2026-05-14T18:52:07.008801Z,"{'#attributes': {'Qualifiers': 16384}, '#text': 2406}",dc.scaffold.htb,Microsoft-Windows-ActiveDirectory_DomainService,Directory Service,131,4,,Privileged Access Management Feature,,,,,,,,,,,,
2026-05-14T18:52:07.008801Z,"{'#attributes': {'Qualifiers': 16384}, '#text': 2168}",dc.scaffold.htb,Microsoft-Windows-ActiveDirectory_DomainService,Directory Service,132,4,,10993029920352642379,,,,,,,,,,,,
2026-05-14T18:52:07.008801Z,"{'#attributes': {'Qualifiers': 16384}, '#text': 2172}",dc.scaffold.htb,Microsoft-Windows-ActiveDirectory_DomainService,Directory Service,133,4,,10993029920352642379,,,,,,,,,,,,
2026-05-14T18:52:07.024752Z,"{'#attributes': {'Qualifiers': 16384}, '#text': 2120}",dc.scaffold.htb,Microsoft-Windows-ActiveDirectory_DomainService,Directory Service,134,4,,,,,,,,,,,,,,
2026-05-14T18:52:07.024752Z,"{'#attributes': {'Qualifiers': 16384}, '#text': 2405}",dc.scaffold.htb,Microsoft-Windows-ActiveDirectory_DomainService,Directory Service,135,4,,Recycle Bin Feature,,,,,,,,,,,,
2026-05-14T18:52:07.024752Z,"{'#attributes': {'Qualifiers': 16384}, '#text': 2405}",dc.scaffold.htb,Microsoft-Windows-ActiveDirectory_DomainService,Directory Service,136,4,,Privileged Access Management Feature,,,,,,,,,,,,
2026-05-14T18:52:17.036048Z,"{'#attributes': {'Qualifiers': 32768}, '#text': 2886}",dc.scaffold.htb,Microsoft-Windows-ActiveDirectory_DomainService,Directory Service,137,3,,,,,,,,,,,,,,
2026-05-14T18:52:17.036048Z,"{'#attributes': {'Qualifiers': 32768}, '#text': 3041}",dc.scaffold.htb,Microsoft-Windows-ActiveDirectory_DomainService,Directory Service,138,3,,,,,,,,,,,,,,
2026-05-14T18:52:17.036048Z,"{'#attributes': {'Qualifiers': 16384}, '#text': 1000}",dc.scaffold.htb,Microsoft-Windows-ActiveDirectory_DomainService,Directory Service,139,4,,,,,,,,,,,,,,
2026-05-14T18:52:47.045072Z,"{'#attributes': {'Qualifiers': 16384}, '#text': 1394}",dc.scaffold.htb,Microsoft-Windows-ActiveDirectory_DomainService,Directory Service,140,4,,,,,,,,,,,,,,
2026-05-14T19:07:17.123909Z,"{'#attributes': {'Qualifiers': 0}, '#text': 102}",dc.scaffold.htb,NTDS ISAM,Directory Service,141,4,,,NTDS,"768,P,98",,,NTDSA: ,0,10,00,20348,0000,,
2026-05-14T19:07:17.123909Z,"{'#attributes': {'Qualifiers': 0}, '#text': 105}",dc.scaffold.htb,NTDS ISAM,Directory Service,142,4,,,NTDS,"768,D,0",,,NTDSA: ,0,0,"
[1] 0.005004 +J(0) +M(C:0K, Fs:144, WS:548K # 0K, PF:3368K # 360K, P:3368K)
[2] 0.001284 +J(0) +M(C:16K, Fs:93, WS:356K # 316K, PF:324K # 324K, P:324K)
[3] 0.000508 +J(0) +M(C:0K, Fs:5, WS:20K # 20K, PF:64K # 64K, P:64K)
[4] 0.012059 -0.000271 (1) WT +J(0) +M(C:0K, Fs:129, WS:440K # 440K, PF:6036K # 6036K, P:6036K)
[5] 0.000646 +J(0) +M(C:0K, Fs:2, WS:8K # 8K, PF:4K # 4K, P:4K)
[6] 0.002527 +J(0) +M(C:0K, Fs:22, WS:88K # 88K, PF:20K # 20K, P:20K)
[7] 0.083150 -0.022463 (21) WT +J(0) +M(C:0K, Fs:2579, WS:10296K # 10296K, PF:10260K # 10260K, P:10260K)
[8] -
[9] -
[10] -
[11] -
[12] -
[13] 0.018665 -0.012305 (22) WT +J(CM:0, PgRf:0, Rd:0/0, Dy:0/0, Lg:616/1) +M(C:0K, Fs:8, WS:-10216K # 24K, PF:-10256K # 12K, P:-10256K)
[14] 0.000011 +J(0)
[15] 0.007276 +J(0) +M(C:0K, Fs:410, WS:1640K # 0K, PF:64K # 0K, P:64K)
[16] 0.000741 -0.000311 (1) WT +J(0) +M(C:0K, Fs:3, WS:4K # 0K, PF:0K # 0K, P:0K).",,,,
2026-05-14T19:07:17.123909Z,"{'#attributes': {'Qualifiers': 0}, '#text': 330}",dc.scaffold.htb,NTDS ISAM,Directory Service,143,4,,,NTDS,"768,D,50",,,NTDSA: ,C:\Windows\NTDS\ntds.dit,0x22D8 (8920),8920 (0x22d8),9360 (0x2490),,,
2026-05-14T19:07:17.123909Z,"{'#attributes': {'Qualifiers': 0}, '#text': 326}",dc.scaffold.htb,NTDS ISAM,Directory Service,144,4,,,NTDS,"768,D,50",,,NTDSA: ,1,C:\Windows\NTDS\ntds.dit,0,"
[1] 0.000007 +J(0) +M(C:0K, Fs:1, WS:4K # 0K, PF:0K # 0K, P:0K)
[2] 0.000364 -0.000174 (1) WT +J(0) +M(C:0K, Fs:19, WS:12K # 0K, PF:8K # 0K, P:8K)
[3] 0.002987 -0.001096 (6) WT +J(CM:0, PgRf:0, Rd:0/0, Dy:0/0, Lg:3480/2) +M(C:0K, Fs:20, WS:64K # 0K, PF:140K # 0K, P:140K)
[4] 0.000096 +J(0)
[5] -
[6] -
[7] -
[8] 0.003065 -0.000378 (2) CM -0.000233 (2) WT +J(CM:2, PgRf:2, Rd:4/2, Dy:0/0, Lg:0/0) +M(C:16K, Fs:46, WS:176K # 0K, PF:224K # 0K, P:224K)
[9] 0.003866 -0.003246 (8) CM -0.002773 (8) WT +J(CM:8, PgRf:24, Rd:0/8, Dy:0/0, Lg:0/0) +M(C:-4K, Fs:31, WS:108K # 0K, PF:200K # 0K, P:200K)
[10] 0.001132 -0.000812 (4) CM -0.000620 (4) WT +J(CM:4, PgRf:40, Rd:0/4, Dy:0/0, Lg:0/0) +M(C:-4K, Fs:7, WS:16K # 0K, PF:64K # 0K, P:64K)
[11] 0.000162 -0.000103 (1) CM -0.000066 (1) WT +J(CM:1, PgRf:1, Rd:0/1, Dy:0/0, Lg:0/0) +M(C:0K, Fs:5, WS:16K # 0K, PF:0K # 0K, P:0K)
[12] 0.000030 +J(CM:0, PgRf:48, Rd:0/0, Dy:0/0, Lg:0/0) +M(C:0K, Fs:2, WS:8K # 0K, PF:0K # 0K, P:0K)
[13] 0.0 +J(0)
[14] 0.0 +J(0)
[15] 0.000002 +J(CM:0, PgRf:1, Rd:0/0, Dy:0/0, Lg:0/0).",0 0,"lgposAttach = 00000002:070F:0268,
dbv = 1568.20.0 (8920)",
2026-05-14T19:07:17.123909Z,"{'#attributes': {'Qualifiers': 0}, '#text': 330}",dc.scaffold.htb,NTDS ISAM,Directory Service,145,4,,,NTDS,"768,D,2",,,NTDSA: ,C:\Windows\NTDS\temp.edb,0x22D8 (8920),8920 (0x22d8),9360 (0x2490),,,
2026-05-14T19:07:17.139543Z,"{'#attributes': {'Qualifiers': 0}, '#text': 700}",dc.scaffold.htb,NTDS ISAM,Directory Service,146,4,,,NTDS,"768,D,0",,,NTDSA: ,C:\Windows\NTDS\ntds.dit,,,,,,
2026-05-14T19:07:17.233421Z,"{'#attributes': {'Qualifiers': 0}, '#text': 701}",dc.scaffold.htb,NTDS ISAM,Directory Service,147,4,,,NTDS,"768,D,0",,,NTDSA: ,C:\Windows\NTDS\ntds.dit,0,5/14/2026,0,1,1,5
2026-05-14T19:07:17.123909Z,"{'#attributes': {'Qualifiers': 16384}, '#text': 3033}",dc.scaffold.htb,Microsoft-Windows-ActiveDirectory_DomainService,Directory Service,148,4,,,,,,,,,,,,,,
2026-05-14T19:07:17.123909Z,"{'#attributes': {'Qualifiers': 16384}, '#text': 3027}",dc.scaffold.htb,Microsoft-Windows-ActiveDirectory_DomainService,Directory Service,149,4,,3600,,,,,,,,,,,,
2026-05-14T19:07:17.123909Z,"{'#attributes': {'Qualifiers': 16384}, '#text': 1869}",dc.scaffold.htb,Microsoft-Windows-ActiveDirectory_DomainService,Directory Service,150,4,,,\\dc.scaffold.htb,Default-First-Site-Name,,,,,,,,,,
2026-05-14T23:41:10.488990Z,"{'#attributes': {'Qualifiers': 16384}, '#text': 2179}",dc.scaffold.htb,Microsoft-Windows-ActiveDirectory_DomainService,Directory Service,151,4,,10993029920352642379,,,,,,,,,,,,
2026-05-14T23:41:12.373325Z,"{'#attributes': {'Qualifiers': 16384}, '#text': 1004}",dc.scaffold.htb,Microsoft-Windows-ActiveDirectory_DomainService,Directory Service,152,4,,,,,,,,,,,,,,
2026-05-15T14:55:10.354868Z,"{'#attributes': {'Qualifiers': 32768}, '#text': 3051}",dc.scaffold.htb,Microsoft-Windows-ActiveDirectory_DomainService,Directory Service,153,3,,,,,,,,,,,,,,
2026-05-15T14:55:10.354868Z,"{'#attributes': {'Qualifiers': 32768}, '#text': 3054}",dc.scaffold.htb,Microsoft-Windows-ActiveDirectory_DomainService,Directory Service,154,3,,,,,,,,,,,,,,
2026-05-15T14:55:10.620448Z,"{'#attributes': {'Qualifiers': 16384}, '#text': 2121}",dc.scaffold.htb,Microsoft-Windows-ActiveDirectory_DomainService,Directory Service,155,4,,,,,,,,,,,,,,
2026-05-15T14:55:10.636272Z,"{'#attributes': {'Qualifiers': 16384}, '#text': 2406}",dc.scaffold.htb,Microsoft-Windows-ActiveDirectory_DomainService,Directory Service,156,4,,Recycle Bin Feature,,,,,,,,,,,,
2026-05-15T14:55:10.636272Z,"{'#attributes': {'Qualifiers': 16384}, '#text': 2406}",dc.scaffold.htb,Microsoft-Windows-ActiveDirectory_DomainService,Directory Service,157,4,,Privileged Access Management Feature,,,,,,,,,,,,
2026-05-15T14:55:10.636272Z,"{'#attributes': {'Qualifiers': 16384}, '#text': 2168}",dc.scaffold.htb,Microsoft-Windows-ActiveDirectory_DomainService,Directory Service,158,4,,2991723996884354776,,,,,,,,,,,,
2026-05-15T14:55:10.636272Z,"{'#attributes': {'Qualifiers': 16384}, '#text': 2172}",dc.scaffold.htb,Microsoft-Windows-ActiveDirectory_DomainService,Directory Service,159,4,,10993029920352642379,,,,,,,,,,,,
2026-05-15T14:55:10.636272Z,"{'#attributes': {'Qualifiers': 32768}, '#text': 2170}",dc.scaffold.htb,Microsoft-Windows-ActiveDirectory_DomainService,Directory Service,160,3,,,10993029920352642379,2991723996884354776,,,,,,,,,,
2026-05-15T14:55:10.636272Z,"{'#attributes': {'Qualifiers': 16384}, '#text': 1109}",dc.scaffold.htb,Microsoft-Windows-ActiveDirectory_DomainService,Directory Service,161,4,,,8d19e4df-5b30-43ff-9cc0-b6553b38f37b,1e5b1de9-2cb0-43c4-9851-58e561598121,,,28677,,,,,,,
2026-05-15T14:55:10.651906Z,"{'#attributes': {'Qualifiers': 16384}, '#text': 2179}",dc.scaffold.htb,Microsoft-Windows-ActiveDirectory_DomainService,Directory Service,162,4,,2991723996884354776,,,,,,,,,,,,
2026-05-15T14:55:10.651906Z,"{'#attributes': {'Qualifiers': 16384}, '#text': 2208}",dc.scaffold.htb,Microsoft-Windows-ActiveDirectory_DomainService,Directory Service,163,4,,,,,,,,,,,,,,
2026-05-15T14:55:10.651906Z,"{'#attributes': {'Qualifiers': 16384}, '#text': 2120}",dc.scaffold.htb,Microsoft-Windows-ActiveDirectory_DomainService,Directory Service,164,4,,,,,,,,,,,,,,
2026-05-15T14:55:10.651906Z,"{'#attributes': {'Qualifiers': 16384}, '#text': 2405}",dc.scaffold.htb,Microsoft-Windows-ActiveDirectory_DomainService,Directory Service,165,4,,Recycle Bin Feature,,,,,,,,,,,,
2026-05-15T14:55:10.651906Z,"{'#attributes': {'Qualifiers': 16384}, '#text': 2405}",dc.scaffold.htb,Microsoft-Windows-ActiveDirectory_DomainService,Directory Service,166,4,,Privileged Access Management Feature,,,,,,,,,,,,
2026-05-15T14:55:20.670042Z,"{'#attributes': {'Qualifiers': 32768}, '#text': 2886}",dc.scaffold.htb,Microsoft-Windows-ActiveDirectory_DomainService,Directory Service,167,3,,,,,,,,,,,,,,
2026-05-15T14:55:20.670042Z,"{'#attributes': {'Qualifiers': 32768}, '#text': 3041}",dc.scaffold.htb,Microsoft-Windows-ActiveDirectory_DomainService,Directory Service,168,3,,,,,,,,,,,,,,
2026-05-15T14:55:20.670042Z,"{'#attributes': {'Qualifiers': 16384}, '#text': 1000}",dc.scaffold.htb,Microsoft-Windows-ActiveDirectory_DomainService,Directory Service,169,4,,,,,,,,,,,,,,
2026-05-15T14:55:50.664353Z,"{'#attributes': {'Qualifiers': 16384}, '#text': 1394}",dc.scaffold.htb,Microsoft-Windows-ActiveDirectory_DomainService,Directory Service,170,4,,,,,,,,,,,,,,
2026-05-15T15:10:31.966442Z,"{'#attributes': {'Qualifiers': 0}, '#text': 102}",dc.scaffold.htb,NTDS ISAM,Directory Service,171,4,,,NTDS,"724,P,98",,,NTDSA: ,0,10,00,20348,0000,,
2026-05-15T15:10:31.966442Z,"{'#attributes': {'Qualifiers': 0}, '#text': 105}",dc.scaffold.htb,NTDS ISAM,Directory Service,172,4,,,NTDS,"724,D,0",,,NTDSA: ,0,0,"
[1] 0.002163 +J(0) +M(C:0K, Fs:110, WS:412K # 0K, PF:3368K # 360K, P:3368K)
[2] 0.001513 +J(0) +M(C:16K, Fs:122, WS:480K # 304K, PF:304K # 304K, P:304K)
[3] 0.000507 +J(0) +M(C:0K, Fs:5, WS:20K # 20K, PF:64K # 64K, P:64K)
[4] 0.006585 -0.000098 (1) WT +J(0) +M(C:0K, Fs:129, WS:436K # 436K, PF:6028K # 6028K, P:6028K)
[5] 0.000439 +J(0) +M(C:0K, Fs:1, WS:4K # 4K, PF:0K # 0K, P:0K)
[6] 0.002328 +J(0) +M(C:0K, Fs:20, WS:80K # 80K, PF:12K # 12K, P:12K)
[7] 0.071870 -0.033942 (21) WT +J(0) +M(C:0K, Fs:2579, WS:10296K # 10296K, PF:10260K # 10260K, P:10260K)
[8] -
[9] -
[10] -
[11] -
[12] -
[13] 0.010449 -0.006163 (22) WT +J(CM:0, PgRf:0, Rd:0/0, Dy:0/0, Lg:616/1) +M(C:0K, Fs:9, WS:-10216K # 24K, PF:-10256K # 16K, P:-10256K)
[14] 0.000011 +J(0)
[15] 0.004787 +J(0) +M(C:0K, Fs:411, WS:1640K # 0K, PF:68K # 0K, P:68K)
[16] 0.000229 -0.000091 (1) WT +J(0) +M(C:0K, Fs:4, WS:4K # 0K, PF:0K # 0K, P:0K).",,,,
2026-05-15T15:10:31.966442Z,"{'#attributes': {'Qualifiers': 0}, '#text': 330}",dc.scaffold.htb,NTDS ISAM,Directory Service,173,4,,,NTDS,"724,D,50",,,NTDSA: ,C:\Windows\NTDS\ntds.dit,0x22D8 (8920),8920 (0x22d8),9360 (0x2490),,,
2026-05-15T15:10:31.966442Z,"{'#attributes': {'Qualifiers': 0}, '#text': 326}",dc.scaffold.htb,NTDS ISAM,Directory Service,174,4,,,NTDS,"724,D,50",,,NTDSA: ,1,C:\Windows\NTDS\ntds.dit,0,"
[1] 0.000002 +J(0) +M(C:0K, Fs:1, WS:4K # 0K, PF:0K # 0K, P:0K)
[2] 0.000194 -0.000084 (1) WT +J(0) +M(C:0K, Fs:20, WS:12K # 0K, PF:12K # 0K, P:12K)
[3] 0.002712 -0.001424 (6) WT +J(CM:0, PgRf:0, Rd:0/0, Dy:0/0, Lg:3480/2) +M(C:0K, Fs:21, WS:72K # 0K, PF:144K # 0K, P:144K)
[4] 0.000068 +J(0)
[5] -
[6] -
[7] -
[8] 0.002477 -0.000253 (2) CM -0.000142 (2) WT +J(CM:2, PgRf:2, Rd:4/2, Dy:0/0, Lg:0/0) +M(C:16K, Fs:45, WS:172K # 0K, PF:220K # 0K, P:220K)
[9] 0.002519 -0.001988 (8) CM -0.001684 (8) WT +J(CM:8, PgRf:24, Rd:0/8, Dy:0/0, Lg:0/0) +M(C:-4K, Fs:30, WS:104K # 0K, PF:196K # 0K, P:196K)
[10] 0.000967 -0.000693 (4) CM -0.000495 (4) WT +J(CM:4, PgRf:40, Rd:0/4, Dy:0/0, Lg:0/0) +M(C:-4K, Fs:7, WS:16K # 0K, PF:64K # 0K, P:64K)
[11] 0.000276 -0.000110 (1) CM -0.000061 (1) WT +J(CM:1, PgRf:1, Rd:0/1, Dy:0/0, Lg:0/0) +M(C:0K, Fs:5, WS:16K # 0K, PF:0K # 0K, P:0K)
[12] 0.000031 +J(CM:0, PgRf:48, Rd:0/0, Dy:0/0, Lg:0/0) +M(C:0K, Fs:2, WS:8K # 0K, PF:0K # 0K, P:0K)
[13] 0.0 +J(0)
[14] 0.0 +J(0)
[15] 0.000003 +J(CM:0, PgRf:1, Rd:0/0, Dy:0/0, Lg:0/0).",0 0,"lgposAttach = 00000002:0738:0268,
dbv = 1568.20.0 (8920)",
2026-05-15T15:10:31.966442Z,"{'#attributes': {'Qualifiers': 0}, '#text': 330}",dc.scaffold.htb,NTDS ISAM,Directory Service,175,4,,,NTDS,"724,D,2",,,NTDSA: ,C:\Windows\NTDS\temp.edb,0x22D8 (8920),8920 (0x22d8),9360 (0x2490),,,
2026-05-15T15:10:31.966442Z,"{'#attributes': {'Qualifiers': 0}, '#text': 700}",dc.scaffold.htb,NTDS ISAM,Directory Service,176,4,,,NTDS,"724,D,0",,,NTDSA: ,C:\Windows\NTDS\ntds.dit,,,,,,
2026-05-15T15:10:32.108618Z,"{'#attributes': {'Qualifiers': 0}, '#text': 701}",dc.scaffold.htb,NTDS ISAM,Directory Service,177,4,,,NTDS,"724,D,0",,,NTDSA: ,C:\Windows\NTDS\ntds.dit,2,5/15/2026,0,1,1,6
2026-05-15T15:10:31.966442Z,"{'#attributes': {'Qualifiers': 16384}, '#text': 3033}",dc.scaffold.htb,Microsoft-Windows-ActiveDirectory_DomainService,Directory Service,178,4,,,,,,,,,,,,,,
2026-05-15T15:10:31.966442Z,"{'#attributes': {'Qualifiers': 16384}, '#text': 3027}",dc.scaffold.htb,Microsoft-Windows-ActiveDirectory_DomainService,Directory Service,179,4,,3600,,,,,,,,,,,,
2026-05-15T15:10:31.966442Z,"{'#attributes': {'Qualifiers': 16384}, '#text': 1869}",dc.scaffold.htb,Microsoft-Windows-ActiveDirectory_DomainService,Directory Service,180,4,,,\\dc.scaffold.htb,Default-First-Site-Name,,,,,,,,,,
2026-05-15T15:13:42.005347Z,"{'#attributes': {'Qualifiers': 16384}, '#text': 2179}",dc.scaffold.htb,Microsoft-Windows-ActiveDirectory_DomainService,Directory Service,181,4,,2991723996884354776,,,,,,,,,,,,
2026-05-15T15:13:43.589683Z,"{'#attributes': {'Qualifiers': 16384}, '#text': 1004}",dc.scaffold.htb,Microsoft-Windows-ActiveDirectory_DomainService,Directory Service,182,4,,,,,,,,,,,,,,
2026-05-15T15:16:48.788946Z,"{'#attributes': {'Qualifiers': 32768}, '#text': 3051}",dc.scaffold.htb,Microsoft-Windows-ActiveDirectory_DomainService,Directory Service,183,3,,,,,,,,,,,,,,
2026-05-15T15:16:48.788946Z,"{'#attributes': {'Qualifiers': 32768}, '#text': 3054}",dc.scaffold.htb,Microsoft-Windows-ActiveDirectory_DomainService,Directory Service,184,3,,,,,,,,,,,,,,
2026-05-15T15:16:48.898997Z,"{'#attributes': {'Qualifiers': 16384}, '#text': 2121}",dc.scaffold.htb,Microsoft-Windows-ActiveDirectory_DomainService,Directory Service,185,4,,,,,,,,,,,,,,
2026-05-15T15:16:48.898997Z,"{'#attributes': {'Qualifiers': 16384}, '#text': 2406}",dc.scaffold.htb,Microsoft-Windows-ActiveDirectory_DomainService,Directory Service,186,4,,Recycle Bin Feature,,,,,,,,,,,,
2026-05-15T15:16:48.898997Z,"{'#attributes': {'Qualifiers': 16384}, '#text': 2406}",dc.scaffold.htb,Microsoft-Windows-ActiveDirectory_DomainService,Directory Service,187,4,,Privileged Access Management Feature,,,,,,,,,,,,
2026-05-15T15:16:48.898997Z,"{'#attributes': {'Qualifiers': 16384}, '#text': 2168}",dc.scaffold.htb,Microsoft-Windows-ActiveDirectory_DomainService,Directory Service,188,4,,2991723996884354776,,,,,,,,,,,,
2026-05-15T15:16:48.898997Z,"{'#attributes': {'Qualifiers': 16384}, '#text': 2172}",dc.scaffold.htb,Microsoft-Windows-ActiveDirectory_DomainService,Directory Service,189,4,,2991723996884354776,,,,,,,,,,,,
2026-05-15T15:16:48.898997Z,"{'#attributes': {'Qualifiers': 16384}, '#text': 2120}",dc.scaffold.htb,Microsoft-Windows-ActiveDirectory_DomainService,Directory Service,190,4,,,,,,,,,,,,,,
2026-05-15T15:16:48.898997Z,"{'#attributes': {'Qualifiers': 16384}, '#text': 2405}",dc.scaffold.htb,Microsoft-Windows-ActiveDirectory_DomainService,Directory Service,191,4,,Recycle Bin Feature,,,,,,,,,,,,
2026-05-15T15:16:48.898997Z,"{'#attributes': {'Qualifiers': 16384}, '#text': 2405}",dc.scaffold.htb,Microsoft-Windows-ActiveDirectory_DomainService,Directory Service,192,4,,Privileged Access Management Feature,,,,,,,,,,,,
2026-05-15T15:16:58.924414Z,"{'#attributes': {'Qualifiers': 32768}, '#text': 2886}",dc.scaffold.htb,Microsoft-Windows-ActiveDirectory_DomainService,Directory Service,193,3,,,,,,,,,,,,,,
2026-05-15T15:16:58.924414Z,"{'#attributes': {'Qualifiers': 32768}, '#text': 3041}",dc.scaffold.htb,Microsoft-Windows-ActiveDirectory_DomainService,Directory Service,194,3,,,,,,,,,,,,,,
2026-05-15T15:16:58.924414Z,"{'#attributes': {'Qualifiers': 16384}, '#text': 1000}",dc.scaffold.htb,Microsoft-Windows-ActiveDirectory_DomainService,Directory Service,195,4,,,,,,,,,,,,,,
2026-05-15T15:17:28.927467Z,"{'#attributes': {'Qualifiers': 16384}, '#text': 1394}",dc.scaffold.htb,Microsoft-Windows-ActiveDirectory_DomainService,Directory Service,196,4,,,,,,,,,,,,,,
2026-05-17T13:52:12.065951Z,"{'#attributes': {'Qualifiers': 32768}, '#text': 3051}",dc.scaffold.htb,Microsoft-Windows-ActiveDirectory_DomainService,Directory Service,197,3,,,,,,,,,,,,,,
2026-05-17T13:52:12.065951Z,"{'#attributes': {'Qualifiers': 32768}, '#text': 3054}",dc.scaffold.htb,Microsoft-Windows-ActiveDirectory_DomainService,Directory Service,198,3,,,,,,,,,,,,,,
2026-05-17T13:52:12.145747Z,"{'#attributes': {'Qualifiers': 16384}, '#text': 2121}",dc.scaffold.htb,Microsoft-Windows-ActiveDirectory_DomainService,Directory Service,199,4,,,,,,,,,,,,,,
2026-05-17T13:52:12.145747Z,"{'#attributes': {'Qualifiers': 16384}, '#text': 2406}",dc.scaffold.htb,Microsoft-Windows-ActiveDirectory_DomainService,Directory Service,200,4,,Recycle Bin Feature,,,,,,,,,,,,
2026-05-17T13:52:12.145747Z,"{'#attributes': {'Qualifiers': 16384}, '#text': 2406}",dc.scaffold.htb,Microsoft-Windows-ActiveDirectory_DomainService,Directory Service,201,4,,Privileged Access Management Feature,,,,,,,,,,,,
2026-05-17T13:52:12.145747Z,"{'#attributes': {'Qualifiers': 16384}, '#text': 2168}",dc.scaffold.htb,Microsoft-Windows-ActiveDirectory_DomainService,Directory Service,202,4,,7590016471179186184,,,,,,,,,,,,
2026-05-17T13:52:12.145747Z,"{'#attributes': {'Qualifiers': 16384}, '#text': 2172}",dc.scaffold.htb,Microsoft-Windows-ActiveDirectory_DomainService,Directory Service,203,4,,2991723996884354776,,,,,,,,,,,,
2026-05-17T13:52:12.145747Z,"{'#attributes': {'Qualifiers': 32768}, '#text': 2170}",dc.scaffold.htb,Microsoft-Windows-ActiveDirectory_DomainService,Directory Service,204,3,,,2991723996884354776,7590016471179186184,,,,,,,,,,
2026-05-17T13:52:12.145747Z,"{'#attributes': {'Qualifiers': 16384}, '#text': 1109}",dc.scaffold.htb,Microsoft-Windows-ActiveDirectory_DomainService,Directory Service,205,4,,,1e5b1de9-2cb0-43c4-9851-58e561598121,aa1b9b8d-f646-42aa-84dc-bbbd833bcde7,,,36871,,,,,,,
2026-05-17T13:52:12.160715Z,"{'#attributes': {'Qualifiers': 16384}, '#text': 2179}",dc.scaffold.htb,Microsoft-Windows-ActiveDirectory_DomainService,Directory Service,206,4,,7590016471179186184,,,,,,,,,,,,
2026-05-17T13:52:12.160715Z,"{'#attributes': {'Qualifiers': 16384}, '#text': 2208}",dc.scaffold.htb,Microsoft-Windows-ActiveDirectory_DomainService,Directory Service,207,4,,,,,,,,,,,,,,
2026-05-17T13:52:12.160715Z,"{'#attributes': {'Qualifiers': 16384}, '#text': 2120}",dc.scaffold.htb,Microsoft-Windows-ActiveDirectory_DomainService,Directory Service,208,4,,,,,,,,,,,,,,
2026-05-17T13:52:12.160715Z,"{'#attributes': {'Qualifiers': 16384}, '#text': 2405}",dc.scaffold.htb,Microsoft-Windows-ActiveDirectory_DomainService,Directory Service,209,4,,Recycle Bin Feature,,,,,,,,,,,,
2026-05-17T13:52:12.160715Z,"{'#attributes': {'Qualifiers': 16384}, '#text': 2405}",dc.scaffold.htb,Microsoft-Windows-ActiveDirectory_DomainService,Directory Service,210,4,,Privileged Access Management Feature,,,,,,,,,,,,
2026-05-17T13:52:22.166202Z,"{'#attributes': {'Qualifiers': 32768}, '#text': 2886}",dc.scaffold.htb,Microsoft-Windows-ActiveDirectory_DomainService,Directory Service,211,3,,,,,,,,,,,,,,
2026-05-17T13:52:22.166202Z,"{'#attributes': {'Qualifiers': 32768}, '#text': 3041}",dc.scaffold.htb,Microsoft-Windows-ActiveDirectory_DomainService,Directory Service,212,3,,,,,,,,,,,,,,
2026-05-17T13:52:22.166202Z,"{'#attributes': {'Qualifiers': 16384}, '#text': 1000}",dc.scaffold.htb,Microsoft-Windows-ActiveDirectory_DomainService,Directory Service,213,4,,,,,,,,,,,,,,
2026-05-17T13:52:52.183700Z,"{'#attributes': {'Qualifiers': 16384}, '#text': 1394}",dc.scaffold.htb,Microsoft-Windows-ActiveDirectory_DomainService,Directory Service,214,4,,,,,,,,,,,,,,
2026-05-17T14:07:22.248337Z,"{'#attributes': {'Qualifiers': 16384}, '#text': 3033}",dc.scaffold.htb,Microsoft-Windows-ActiveDirectory_DomainService,Directory Service,215,4,,,,,,,,,,,,,,
2026-05-17T14:07:22.248337Z,"{'#attributes': {'Qualifiers': 16384}, '#text': 3027}",dc.scaffold.htb,Microsoft-Windows-ActiveDirectory_DomainService,Directory Service,216,4,,3600,,,,,,,,,,,,
2026-05-17T14:07:22.248337Z,"{'#attributes': {'Qualifiers': 16384}, '#text': 1869}",dc.scaffold.htb,Microsoft-Windows-ActiveDirectory_DomainService,Directory Service,217,4,,,\\dc.scaffold.htb,Default-First-Site-Name,,,,,,,,,,
2026-05-17T14:29:28.989883Z,"{'#attributes': {'Qualifiers': 16384}, '#text': 2179}",dc.scaffold.htb,Microsoft-Windows-ActiveDirectory_DomainService,Directory Service,218,4,,7590016471179186184,,,,,,,,,,,,
2026-05-17T14:29:30.864526Z,"{'#attributes': {'Qualifiers': 16384}, '#text': 1004}",dc.scaffold.htb,Microsoft-Windows-ActiveDirectory_DomainService,Directory Service,219,4,,,,,,,,,,,,,,
2026-05-17T14:30:54.394085Z,"{'#attributes': {'Qualifiers': 32768}, '#text': 3051}",dc.scaffold.htb,Microsoft-Windows-ActiveDirectory_DomainService,Directory Service,220,3,,,,,,,,,,,,,,
2026-05-17T14:30:54.394085Z,"{'#attributes': {'Qualifiers': 32768}, '#text': 3054}",dc.scaffold.htb,Microsoft-Windows-ActiveDirectory_DomainService,Directory Service,221,3,,,,,,,,,,,,,,
2026-05-17T14:30:54.519163Z,"{'#attributes': {'Qualifiers': 16384}, '#text': 2121}",dc.scaffold.htb,Microsoft-Windows-ActiveDirectory_DomainService,Directory Service,222,4,,,,,,,,,,,,,,
2026-05-17T14:30:54.519163Z,"{'#attributes': {'Qualifiers': 16384}, '#text': 2406}",dc.scaffold.htb,Microsoft-Windows-ActiveDirectory_DomainService,Directory Service,223,4,,Recycle Bin Feature,,,,,,,,,,,,
2026-05-17T14:30:54.519163Z,"{'#attributes': {'Qualifiers': 16384}, '#text': 2406}",dc.scaffold.htb,Microsoft-Windows-ActiveDirectory_DomainService,Directory Service,224,4,,Privileged Access Management Feature,,,,,,,,,,,,
2026-05-17T14:30:54.519163Z,"{'#attributes': {'Qualifiers': 16384}, '#text': 2168}",dc.scaffold.htb,Microsoft-Windows-ActiveDirectory_DomainService,Directory Service,225,4,,7590016471179186184,,,,,,,,,,,,
2026-05-17T14:30:54.519163Z,"{'#attributes': {'Qualifiers': 16384}, '#text': 2172}",dc.scaffold.htb,Microsoft-Windows-ActiveDirectory_DomainService,Directory Service,226,4,,7590016471179186184,,,,,,,,,,,,
2026-05-17T14:30:54.519163Z,"{'#attributes': {'Qualifiers': 16384}, '#text': 2120}",dc.scaffold.htb,Microsoft-Windows-ActiveDirectory_DomainService,Directory Service,227,4,,,,,,,,,,,,,,
2026-05-17T14:30:54.519163Z,"{'#attributes': {'Qualifiers': 16384}, '#text': 2405}",dc.scaffold.htb,Microsoft-Windows-ActiveDirectory_DomainService,Directory Service,228,4,,Recycle Bin Feature,,,,,,,,,,,,
2026-05-17T14:30:54.519163Z,"{'#attributes': {'Qualifiers': 16384}, '#text': 2405}",dc.scaffold.htb,Microsoft-Windows-ActiveDirectory_DomainService,Directory Service,229,4,,Privileged Access Management Feature,,,,,,,,,,,,
2026-05-17T14:31:04.538271Z,"{'#attributes': {'Qualifiers': 32768}, '#text': 2886}",dc.scaffold.htb,Microsoft-Windows-ActiveDirectory_DomainService,Directory Service,230,3,,,,,,,,,,,,,,
2026-05-17T14:31:04.538271Z,"{'#attributes': {'Qualifiers': 32768}, '#text': 3041}",dc.scaffold.htb,Microsoft-Windows-ActiveDirectory_DomainService,Directory Service,231,3,,,,,,,,,,,,,,
2026-05-17T14:31:04.538271Z,"{'#attributes': {'Qualifiers': 16384}, '#text': 1000}",dc.scaffold.htb,Microsoft-Windows-ActiveDirectory_DomainService,Directory Service,232,4,,,,,,,,,,,,,,
2026-05-17T14:31:34.549166Z,"{'#attributes': {'Qualifiers': 16384}, '#text': 1394}",dc.scaffold.htb,Microsoft-Windows-ActiveDirectory_DomainService,Directory Service,233,4,,,,,,,,,,,,,,
2026-05-17T14:46:04.609681Z,"{'#attributes': {'Qualifiers': 0}, '#text': 102}",dc.scaffold.htb,NTDS ISAM,Directory Service,234,4,,,NTDS,"724,P,98",,,NTDSA: ,0,10,00,20348,0000,,
2026-05-17T14:46:04.609681Z,"{'#attributes': {'Qualifiers': 0}, '#text': 105}",dc.scaffold.htb,NTDS ISAM,Directory Service,235,4,,,NTDS,"724,D,0",,,NTDSA: ,0,0,"
[1] 0.000801 +J(0) +M(C:0K, Fs:152, WS:580K # 0K, PF:3400K # 356K, P:3400K)
[2] 0.000579 +J(0) +M(C:16K, Fs:88, WS:348K # 304K, PF:304K # 304K, P:304K)
[3] 0.000381 +J(0) +M(C:0K, Fs:5, WS:20K # 20K, PF:64K # 64K, P:64K)
[4] 0.006087 -0.000119 (1) WT +J(0) +M(C:0K, Fs:129, WS:440K # 440K, PF:5220K # 5220K, P:5220K)
[5] 0.000458 +J(0) +M(C:0K, Fs:1, WS:4K # 4K, PF:0K # 0K, P:0K)
[6] 0.002401 +J(0) +M(C:0K, Fs:20, WS:80K # 80K, PF:12K # 12K, P:12K)
[7] 0.021254 -0.015653 (21) WT +J(0) +M(C:0K, Fs:2580, WS:10296K # 10296K, PF:10260K # 10260K, P:10260K)
[8] -
[9] -
[10] -
[11] -
[12] -
[13] 0.009838 -0.005391 (22) WT +J(CM:0, PgRf:0, Rd:0/0, Dy:0/0, Lg:616/1) +M(C:0K, Fs:9, WS:-10216K # 24K, PF:-10256K # 12K, P:-10256K)
[14] 0.000013 +J(0)
[15] 0.000139 +J(0) +M(C:0K, Fs:205, WS:820K # 0K, PF:64K # 0K, P:64K)
[16] 0.000240 -0.000110 (1) WT +J(0) +M(C:0K, Fs:3, WS:4K # 0K, PF:0K # 0K, P:0K).",,,,
2026-05-17T14:46:04.609681Z,"{'#attributes': {'Qualifiers': 0}, '#text': 330}",dc.scaffold.htb,NTDS ISAM,Directory Service,236,4,,,NTDS,"724,D,50",,,NTDSA: ,C:\Windows\NTDS\ntds.dit,0x22D8 (8920),8920 (0x22d8),9360 (0x2490),,,
2026-05-17T14:46:04.609681Z,"{'#attributes': {'Qualifiers': 0}, '#text': 326}",dc.scaffold.htb,NTDS ISAM,Directory Service,237,4,,,NTDS,"724,D,50",,,NTDSA: ,1,C:\Windows\NTDS\ntds.dit,0,"
[1] 0.000002 +J(0) +M(C:0K, Fs:1, WS:4K # 0K, PF:0K # 0K, P:0K)
[2] 0.000205 -0.000101 (1) WT +J(0) +M(C:0K, Fs:20, WS:12K # 0K, PF:8K # 0K, P:8K)
[3] 0.002791 -0.001322 (6) WT +J(CM:0, PgRf:0, Rd:0/0, Dy:0/0, Lg:3480/2) +M(C:0K, Fs:22, WS:72K # 0K, PF:148K # 0K, P:148K)
[4] 0.000074 +J(0)
[5] -
[6] -
[7] -
[8] 0.001857 -0.000231 (2) CM -0.000128 (2) WT +J(CM:2, PgRf:2, Rd:6/2, Dy:0/0, Lg:0/0) +M(C:32K, Fs:49, WS:188K # 0K, PF:236K # 0K, P:236K)
[9] 0.001691 -0.001441 (7) CM -0.001193 (7) WT +J(CM:7, PgRf:24, Rd:0/7, Dy:0/0, Lg:0/0) +M(C:-8K, Fs:30, WS:104K # 0K, PF:196K # 0K, P:196K)
[10] 0.000551 -0.000369 (3) CM -0.000243 (3) WT +J(CM:3, PgRf:40, Rd:0/3, Dy:0/0, Lg:0/0) +M(C:-4K, Fs:5, WS:12K # 0K, PF:60K # 0K, P:60K)
[11] 0.000008 +J(CM:0, PgRf:1, Rd:0/0, Dy:0/0, Lg:0/0) +M(C:0K, Fs:4, WS:16K # 0K, PF:0K # 0K, P:0K)
[12] 0.000019 +J(CM:0, PgRf:48, Rd:0/0, Dy:0/0, Lg:0/0) +M(C:0K, Fs:2, WS:8K # 0K, PF:0K # 0K, P:0K)
[13] 0.0 +J(0)
[14] 0.0 +J(0)
[15] 0.000001 +J(CM:0, PgRf:1, Rd:0/0, Dy:0/0, Lg:0/0).",0 0,"lgposAttach = 00000002:078C:0268,
dbv = 1568.20.0 (8920)",
2026-05-17T14:46:04.609681Z,"{'#attributes': {'Qualifiers': 0}, '#text': 330}",dc.scaffold.htb,NTDS ISAM,Directory Service,238,4,,,NTDS,"724,D,2",,,NTDSA: ,C:\Windows\NTDS\temp.edb,0x22D8 (8920),8920 (0x22d8),9360 (0x2490),,,
2026-05-17T14:46:04.609681Z,"{'#attributes': {'Qualifiers': 0}, '#text': 700}",dc.scaffold.htb,NTDS ISAM,Directory Service,239,4,,,NTDS,"724,D,0",,,NTDSA: ,C:\Windows\NTDS\ntds.dit,,,,,,
2026-05-17T14:46:04.719058Z,"{'#attributes': {'Qualifiers': 0}, '#text': 701}",dc.scaffold.htb,NTDS ISAM,Directory Service,240,4,,,NTDS,"724,D,0",,,NTDSA: ,C:\Windows\NTDS\ntds.dit,0,5/17/2026,0,1,1,7
2026-05-17T14:46:04.609681Z,"{'#attributes': {'Qualifiers': 16384}, '#text': 3033}",dc.scaffold.htb,Microsoft-Windows-ActiveDirectory_DomainService,Directory Service,241,4,,,,,,,,,,,,,,
2026-05-17T14:46:04.609681Z,"{'#attributes': {'Qualifiers': 16384}, '#text': 3027}",dc.scaffold.htb,Microsoft-Windows-ActiveDirectory_DomainService,Directory Service,242,4,,3600,,,,,,,,,,,,
2026-05-17T14:46:04.609681Z,"{'#attributes': {'Qualifiers': 16384}, '#text': 1869}",dc.scaffold.htb,Microsoft-Windows-ActiveDirectory_DomainService,Directory Service,243,4,,,\\dc.scaffold.htb,Default-First-Site-Name,,,,,,,,,,
2026-05-17T15:09:16.625436Z,"{'#attributes': {'Qualifiers': 16384}, '#text': 2179}",dc.scaffold.htb,Microsoft-Windows-ActiveDirectory_DomainService,Directory Service,244,4,,7590016471179186184,,,,,,,,,,,,
2026-05-17T15:09:17.625407Z,"{'#attributes': {'Qualifiers': 16384}, '#text': 1004}",dc.scaffold.htb,Microsoft-Windows-ActiveDirectory_DomainService,Directory Service,245,4,,,,,,,,,,,,,,
2026-05-17T15:10:26.783393Z,"{'#attributes': {'Qualifiers': 32768}, '#text': 3051}",dc.scaffold.htb,Microsoft-Windows-ActiveDirectory_DomainService,Directory Service,246,3,,,,,,,,,,,,,,
2026-05-17T15:10:26.783393Z,"{'#attributes': {'Qualifiers': 32768}, '#text': 3054}",dc.scaffold.htb,Microsoft-Windows-ActiveDirectory_DomainService,Directory Service,247,3,,,,,,,,,,,,,,
2026-05-17T15:10:26.863040Z,"{'#attributes': {'Qualifiers': 16384}, '#text': 2121}",dc.scaffold.htb,Microsoft-Windows-ActiveDirectory_DomainService,Directory Service,248,4,,,,,,,,,,,,,,
2026-05-17T15:10:26.863040Z,"{'#attributes': {'Qualifiers': 16384}, '#text': 2406}",dc.scaffold.htb,Microsoft-Windows-ActiveDirectory_DomainService,Directory Service,249,4,,Recycle Bin Feature,,,,,,,,,,,,
2026-05-17T15:10:26.863040Z,"{'#attributes': {'Qualifiers': 16384}, '#text': 2406}",dc.scaffold.htb,Microsoft-Windows-ActiveDirectory_DomainService,Directory Service,250,4,,Privileged Access Management Feature,,,,,,,,,,,,
2026-05-17T15:10:26.863040Z,"{'#attributes': {'Qualifiers': 16384}, '#text': 2168}",dc.scaffold.htb,Microsoft-Windows-ActiveDirectory_DomainService,Directory Service,251,4,,7590016471179186184,,,,,,,,,,,,
2026-05-17T15:10:26.863040Z,"{'#attributes': {'Qualifiers': 16384}, '#text': 2172}",dc.scaffold.htb,Microsoft-Windows-ActiveDirectory_DomainService,Directory Service,252,4,,7590016471179186184,,,,,,,,,,,,
2026-05-17T15:10:26.863040Z,"{'#attributes': {'Qualifiers': 16384}, '#text': 2120}",dc.scaffold.htb,Microsoft-Windows-ActiveDirectory_DomainService,Directory Service,253,4,,,,,,,,,,,,,,
2026-05-17T15:10:26.863040Z,"{'#attributes': {'Qualifiers': 16384}, '#text': 2405}",dc.scaffold.htb,Microsoft-Windows-ActiveDirectory_DomainService,Directory Service,254,4,,Recycle Bin Feature,,,,,,,,,,,,
2026-05-17T15:10:26.863040Z,"{'#attributes': {'Qualifiers': 16384}, '#text': 2405}",dc.scaffold.htb,Microsoft-Windows-ActiveDirectory_DomainService,Directory Service,255,4,,Privileged Access Management Feature,,,,,,,,,,,,
2026-05-17T15:10:36.877657Z,"{'#attributes': {'Qualifiers': 32768}, '#text': 2886}",dc.scaffold.htb,Microsoft-Windows-ActiveDirectory_DomainService,Directory Service,256,3,,,,,,,,,,,,,,
2026-05-17T15:10:36.877657Z,"{'#attributes': {'Qualifiers': 32768}, '#text': 3041}",dc.scaffold.htb,Microsoft-Windows-ActiveDirectory_DomainService,Directory Service,257,3,,,,,,,,,,,,,,
2026-05-17T15:10:36.877657Z,"{'#attributes': {'Qualifiers': 16384}, '#text': 1000}",dc.scaffold.htb,Microsoft-Windows-ActiveDirectory_DomainService,Directory Service,258,4,,,,,,,,,,,,,,
2026-05-17T15:11:06.900200Z,"{'#attributes': {'Qualifiers': 16384}, '#text': 1394}",dc.scaffold.htb,Microsoft-Windows-ActiveDirectory_DomainService,Directory Service,259,4,,,,,,,,,,,,,,
2026-05-17T15:25:36.933176Z,"{'#attributes': {'Qualifiers': 0}, '#text': 102}",dc.scaffold.htb,NTDS ISAM,Directory Service,260,4,,,NTDS,"744,P,98",,,NTDSA: ,0,10,00,20348,0000,,
2026-05-17T15:25:36.933176Z,"{'#attributes': {'Qualifiers': 0}, '#text': 105}",dc.scaffold.htb,NTDS ISAM,Directory Service,261,4,,,NTDS,"744,D,0",,,NTDSA: ,0,0,"
[1] 0.000611 +J(0) +M(C:0K, Fs:143, WS:544K # 0K, PF:3364K # 356K, P:3364K)
[2] 0.000640 +J(0) +M(C:16K, Fs:92, WS:356K # 312K, PF:320K # 320K, P:320K)
[3] 0.000416 +J(0) +M(C:0K, Fs:5, WS:20K # 20K, PF:64K # 64K, P:64K)
[4] 0.005658 -0.000296 (1) WT +J(0) +M(C:0K, Fs:125, WS:428K # 428K, PF:5200K # 5200K, P:5200K)
[5] 0.000392 +J(0) +M(C:0K, Fs:2, WS:8K # 8K, PF:4K # 4K, P:4K)
[6] 0.001792 +J(0) +M(C:0K, Fs:21, WS:80K # 80K, PF:16K # 16K, P:16K)
[7] 0.019551 -0.014809 (21) WT +J(0) +M(C:0K, Fs:2579, WS:10296K # 10296K, PF:10260K # 10260K, P:10260K)
[8] -
[9] -
[10] -
[11] -
[12] -
[13] 0.012636 -0.007326 (22) WT +J(CM:0, PgRf:0, Rd:0/0, Dy:0/0, Lg:616/1) +M(C:0K, Fs:8, WS:-10216K # 24K, PF:-10256K # 12K, P:-10256K)
[14] 0.000023 +J(0)
[15] 0.000186 +J(0) +M(C:0K, Fs:206, WS:820K # 0K, PF:68K # 0K, P:68K)
[16] 0.000277 -0.000132 (1) WT +J(0) +M(C:0K, Fs:3, WS:4K # 0K, PF:0K # 0K, P:0K).",,,,
2026-05-17T15:25:36.933176Z,"{'#attributes': {'Qualifiers': 0}, '#text': 330}",dc.scaffold.htb,NTDS ISAM,Directory Service,262,4,,,NTDS,"744,D,50",,,NTDSA: ,C:\Windows\NTDS\ntds.dit,0x22D8 (8920),8920 (0x22d8),9360 (0x2490),,,
2026-05-17T15:25:36.933176Z,"{'#attributes': {'Qualifiers': 0}, '#text': 326}",dc.scaffold.htb,NTDS ISAM,Directory Service,263,4,,,NTDS,"744,D,50",,,NTDSA: ,1,C:\Windows\NTDS\ntds.dit,0,"
[1] 0.000004 +J(0) +M(C:0K, Fs:1, WS:4K # 0K, PF:0K # 0K, P:0K)
[2] 0.000351 -0.000211 (1) WT +J(0) +M(C:0K, Fs:19, WS:12K # 0K, PF:8K # 0K, P:8K)
[3] 0.002228 -0.000746 (6) WT +J(CM:0, PgRf:0, Rd:0/0, Dy:0/0, Lg:3480/2) +M(C:0K, Fs:22, WS:76K # 0K, PF:148K # 0K, P:148K)
[4] 0.000066 +J(0)
[5] -
[6] -
[7] -
[8] 0.002076 -0.000289 (2) CM -0.000195 (2) WT +J(CM:2, PgRf:2, Rd:4/2, Dy:0/0, Lg:0/0) +M(C:32K, Fs:45, WS:172K # 0K, PF:236K # 0K, P:236K)
[9] 0.001027 -0.000807 (5) CM -0.000606 (5) WT +J(CM:5, PgRf:24, Rd:0/5, Dy:0/0, Lg:0/0) +M(C:-24K, Fs:31, WS:100K # 0K, PF:176K # 0K, P:176K)
[10] 0.000745 -0.000494 (3) CM -0.000306 (3) WT +J(CM:3, PgRf:40, Rd:0/3, Dy:0/0, Lg:0/0) +M(C:-4K, Fs:5, WS:12K # 0K, PF:60K # 0K, P:60K)
[11] 0.000013 +J(CM:0, PgRf:1, Rd:0/0, Dy:0/0, Lg:0/0) +M(C:0K, Fs:4, WS:16K # 0K, PF:0K # 0K, P:0K)
[12] 0.000027 +J(CM:0, PgRf:48, Rd:0/0, Dy:0/0, Lg:0/0) +M(C:0K, Fs:2, WS:8K # 0K, PF:0K # 0K, P:0K)
[13] 0.0 +J(0)
[14] 0.0 +J(0)
[15] 0.000002 +J(CM:0, PgRf:1, Rd:0/0, Dy:0/0, Lg:0/0).",0 0,"lgposAttach = 00000002:07A4:0268,
dbv = 1568.20.0 (8920)",
2026-05-17T15:25:36.933176Z,"{'#attributes': {'Qualifiers': 0}, '#text': 330}",dc.scaffold.htb,NTDS ISAM,Directory Service,264,4,,,NTDS,"744,D,2",,,NTDSA: ,C:\Windows\NTDS\temp.edb,0x22D8 (8920),8920 (0x22d8),9360 (0x2490),,,
2026-05-17T15:25:36.933176Z,"{'#attributes': {'Qualifiers': 0}, '#text': 700}",dc.scaffold.htb,NTDS ISAM,Directory Service,265,4,,,NTDS,"744,D,0",,,NTDSA: ,C:\Windows\NTDS\ntds.dit,,,,,,
2026-05-17T15:25:36.995692Z,"{'#attributes': {'Qualifiers': 0}, '#text': 701}",dc.scaffold.htb,NTDS ISAM,Directory Service,266,4,,,NTDS,"744,D,0",,,NTDSA: ,C:\Windows\NTDS\ntds.dit,1,5/17/2026,0,1,1,8
2026-05-17T15:25:36.933176Z,"{'#attributes': {'Qualifiers': 16384}, '#text': 3033}",dc.scaffold.htb,Microsoft-Windows-ActiveDirectory_DomainService,Directory Service,267,4,,,,,,,,,,,,,,
2026-05-17T15:25:36.933176Z,"{'#attributes': {'Qualifiers': 16384}, '#text': 3027}",dc.scaffold.htb,Microsoft-Windows-ActiveDirectory_DomainService,Directory Service,268,4,,3600,,,,,,,,,,,,
2026-05-17T15:25:36.933176Z,"{'#attributes': {'Qualifiers': 16384}, '#text': 1869}",dc.scaffold.htb,Microsoft-Windows-ActiveDirectory_DomainService,Directory Service,269,4,,,\\dc.scaffold.htb,Default-First-Site-Name,,,,,,,,,,
2026-05-17T15:31:18.372001Z,"{'#attributes': {'Qualifiers': 16384}, '#text': 2179}",dc.scaffold.htb,Microsoft-Windows-ActiveDirectory_DomainService,Directory Service,270,4,,7590016471179186184,,,,,,,,,,,,
2026-05-17T15:31:20.892557Z,"{'#attributes': {'Qualifiers': 16384}, '#text': 1004}",dc.scaffold.htb,Microsoft-Windows-ActiveDirectory_DomainService,Directory Service,271,4,,,,,,,,,,,,,,
2026-05-17T16:00:34.562358Z,"{'#attributes': {'Qualifiers': 32768}, '#text': 3051}",dc.scaffold.htb,Microsoft-Windows-ActiveDirectory_DomainService,Directory Service,272,3,,,,,,,,,,,,,,
2026-05-17T16:00:34.562358Z,"{'#attributes': {'Qualifiers': 32768}, '#text': 3054}",dc.scaffold.htb,Microsoft-Windows-ActiveDirectory_DomainService,Directory Service,273,3,,,,,,,,,,,,,,
2026-05-17T16:00:34.656425Z,"{'#attributes': {'Qualifiers': 16384}, '#text': 2121}",dc.scaffold.htb,Microsoft-Windows-ActiveDirectory_DomainService,Directory Service,274,4,,,,,,,,,,,,,,
2026-05-17T16:00:34.656425Z,"{'#attributes': {'Qualifiers': 16384}, '#text': 2406}",dc.scaffold.htb,Microsoft-Windows-ActiveDirectory_DomainService,Directory Service,275,4,,Recycle Bin Feature,,,,,,,,,,,,
2026-05-17T16:00:34.656425Z,"{'#attributes': {'Qualifiers': 16384}, '#text': 2406}",dc.scaffold.htb,Microsoft-Windows-ActiveDirectory_DomainService,Directory Service,276,4,,Privileged Access Management Feature,,,,,,,,,,,,
2026-05-17T16:00:34.656425Z,"{'#attributes': {'Qualifiers': 16384}, '#text': 2168}",dc.scaffold.htb,Microsoft-Windows-ActiveDirectory_DomainService,Directory Service,277,4,,10443572934462739665,,,,,,,,,,,,
2026-05-17T16:00:34.656425Z,"{'#attributes': {'Qualifiers': 16384}, '#text': 2172}",dc.scaffold.htb,Microsoft-Windows-ActiveDirectory_DomainService,Directory Service,278,4,,7590016471179186184,,,,,,,,,,,,
2026-05-17T16:00:34.656425Z,"{'#attributes': {'Qualifiers': 32768}, '#text': 2170}",dc.scaffold.htb,Microsoft-Windows-ActiveDirectory_DomainService,Directory Service,279,3,,,7590016471179186184,10443572934462739665,,,,,,,,,,
2026-05-17T16:00:34.656425Z,"{'#attributes': {'Qualifiers': 16384}, '#text': 1109}",dc.scaffold.htb,Microsoft-Windows-ActiveDirectory_DomainService,Directory Service,280,4,,,aa1b9b8d-f646-42aa-84dc-bbbd833bcde7,763dd69e-0c28-4d29-a073-12ab21bb8149,,,49162,,,,,,,
2026-05-17T16:00:34.656425Z,"{'#attributes': {'Qualifiers': 16384}, '#text': 2179}",dc.scaffold.htb,Microsoft-Windows-ActiveDirectory_DomainService,Directory Service,281,4,,10443572934462739665,,,,,,,,,,,,
2026-05-17T16:00:34.656425Z,"{'#attributes': {'Qualifiers': 16384}, '#text': 2208}",dc.scaffold.htb,Microsoft-Windows-ActiveDirectory_DomainService,Directory Service,282,4,,,,,,,,,,,,,,
2026-05-17T16:00:34.671888Z,"{'#attributes': {'Qualifiers': 16384}, '#text': 2120}",dc.scaffold.htb,Microsoft-Windows-ActiveDirectory_DomainService,Directory Service,283,4,,,,,,,,,,,,,,
2026-05-17T16:00:34.671888Z,"{'#attributes': {'Qualifiers': 16384}, '#text': 2405}",dc.scaffold.htb,Microsoft-Windows-ActiveDirectory_DomainService,Directory Service,284,4,,Recycle Bin Feature,,,,,,,,,,,,
2026-05-17T16:00:34.671888Z,"{'#attributes': {'Qualifiers': 16384}, '#text': 2405}",dc.scaffold.htb,Microsoft-Windows-ActiveDirectory_DomainService,Directory Service,285,4,,Privileged Access Management Feature,,,,,,,,,,,,
2026-05-17T16:00:44.676674Z,"{'#attributes': {'Qualifiers': 32768}, '#text': 2886}",dc.scaffold.htb,Microsoft-Windows-ActiveDirectory_DomainService,Directory Service,286,3,,,,,,,,,,,,,,
2026-05-17T16:00:44.676674Z,"{'#attributes': {'Qualifiers': 32768}, '#text': 3041}",dc.scaffold.htb,Microsoft-Windows-ActiveDirectory_DomainService,Directory Service,287,3,,,,,,,,,,,,,,
2026-05-17T16:00:44.676674Z,"{'#attributes': {'Qualifiers': 16384}, '#text': 1000}",dc.scaffold.htb,Microsoft-Windows-ActiveDirectory_DomainService,Directory Service,288,4,,,,,,,,,,,,,,
2026-05-17T16:01:14.686328Z,"{'#attributes': {'Qualifiers': 16384}, '#text': 1394}",dc.scaffold.htb,Microsoft-Windows-ActiveDirectory_DomainService,Directory Service,289,4,,,,,,,,,,,,,,
2026-05-17T16:14:21.825804Z,"{'#attributes': {'Qualifiers': 16384}, '#text': 2179}",dc.scaffold.htb,Microsoft-Windows-ActiveDirectory_DomainService,Directory Service,290,4,,10443572934462739665,,,,,,,,,,,,
2026-05-17T16:14:22.779022Z,"{'#attributes': {'Qualifiers': 16384}, '#text': 1004}",dc.scaffold.htb,Microsoft-Windows-ActiveDirectory_DomainService,Directory Service,291,4,,,,,,,,,,,,,,
2026-05-17T16:15:04.867531Z,"{'#attributes': {'Qualifiers': 32768}, '#text': 3051}",dc.scaffold.htb,Microsoft-Windows-ActiveDirectory_DomainService,Directory Service,292,3,,,,,,,,,,,,,,
2026-05-17T16:15:04.867531Z,"{'#attributes': {'Qualifiers': 32768}, '#text': 3054}",dc.scaffold.htb,Microsoft-Windows-ActiveDirectory_DomainService,Directory Service,293,3,,,,,,,,,,,,,,
2026-05-17T16:15:05.120238Z,"{'#attributes': {'Qualifiers': 16384}, '#text': 2121}",dc.scaffold.htb,Microsoft-Windows-ActiveDirectory_DomainService,Directory Service,294,4,,,,,,,,,,,,,,
2026-05-17T16:15:05.120238Z,"{'#attributes': {'Qualifiers': 16384}, '#text': 2406}",dc.scaffold.htb,Microsoft-Windows-ActiveDirectory_DomainService,Directory Service,295,4,,Recycle Bin Feature,,,,,,,,,,,,
2026-05-17T16:15:05.120238Z,"{'#attributes': {'Qualifiers': 16384}, '#text': 2406}",dc.scaffold.htb,Microsoft-Windows-ActiveDirectory_DomainService,Directory Service,296,4,,Privileged Access Management Feature,,,,,,,,,,,,
2026-05-17T16:15:05.120238Z,"{'#attributes': {'Qualifiers': 16384}, '#text': 2168}",dc.scaffold.htb,Microsoft-Windows-ActiveDirectory_DomainService,Directory Service,297,4,,10443572934462739665,,,,,,,,,,,,
2026-05-17T16:15:05.120238Z,"{'#attributes': {'Qualifiers': 16384}, '#text': 2172}",dc.scaffold.htb,Microsoft-Windows-ActiveDirectory_DomainService,Directory Service,298,4,,10443572934462739665,,,,,,,,,,,,
2026-05-17T16:15:05.120238Z,"{'#attributes': {'Qualifiers': 16384}, '#text': 2120}",dc.scaffold.htb,Microsoft-Windows-ActiveDirectory_DomainService,Directory Service,299,4,,,,,,,,,,,,,,
2026-05-17T16:15:05.120238Z,"{'#attributes': {'Qualifiers': 16384}, '#text': 2405}",dc.scaffold.htb,Microsoft-Windows-ActiveDirectory_DomainService,Directory Service,300,4,,Recycle Bin Feature,,,,,,,,,,,,
2026-05-17T16:15:05.120238Z,"{'#attributes': {'Qualifiers': 16384}, '#text': 2405}",dc.scaffold.htb,Microsoft-Windows-ActiveDirectory_DomainService,Directory Service,301,4,,Privileged Access Management Feature,,,,,,,,,,,,
2026-05-17T16:15:15.130816Z,"{'#attributes': {'Qualifiers': 32768}, '#text': 2886}",dc.scaffold.htb,Microsoft-Windows-ActiveDirectory_DomainService,Directory Service,302,3,,,,,,,,,,,,,,
2026-05-17T16:15:15.130816Z,"{'#attributes': {'Qualifiers': 32768}, '#text': 3041}",dc.scaffold.htb,Microsoft-Windows-ActiveDirectory_DomainService,Directory Service,303,3,,,,,,,,,,,,,,
2026-05-17T16:15:15.130816Z,"{'#attributes': {'Qualifiers': 16384}, '#text': 1000}",dc.scaffold.htb,Microsoft-Windows-ActiveDirectory_DomainService,Directory Service,304,4,,,,,,,,,,,,,,
2026-05-17T16:15:45.144686Z,"{'#attributes': {'Qualifiers': 16384}, '#text': 1394}",dc.scaffold.htb,Microsoft-Windows-ActiveDirectory_DomainService,Directory Service,305,4,,,,,,,,,,,,,,
2026-05-17T16:23:26.421435Z,"{'#attributes': {'Qualifiers': 16384}, '#text': 2179}",dc.scaffold.htb,Microsoft-Windows-ActiveDirectory_DomainService,Directory Service,306,4,,10443572934462739665,,,,,,,,,,,,
2026-05-17T16:23:27.718303Z,"{'#attributes': {'Qualifiers': 16384}, '#text': 1004}",dc.scaffold.htb,Microsoft-Windows-ActiveDirectory_DomainService,Directory Service,307,4,,,,,,,,,,,,,,
2026-05-17T16:23:44.585041Z,"{'#attributes': {'Qualifiers': 32768}, '#text': 3051}",dc.scaffold.htb,Microsoft-Windows-ActiveDirectory_DomainService,Directory Service,308,3,,,,,,,,,,,,,,
2026-05-17T16:23:44.585041Z,"{'#attributes': {'Qualifiers': 32768}, '#text': 3054}",dc.scaffold.htb,Microsoft-Windows-ActiveDirectory_DomainService,Directory Service,309,3,,,,,,,,,,,,,,
2026-05-17T16:23:44.805081Z,"{'#attributes': {'Qualifiers': 16384}, '#text': 2121}",dc.scaffold.htb,Microsoft-Windows-ActiveDirectory_DomainService,Directory Service,310,4,,,,,,,,,,,,,,
2026-05-17T16:23:44.805081Z,"{'#attributes': {'Qualifiers': 16384}, '#text': 2406}",dc.scaffold.htb,Microsoft-Windows-ActiveDirectory_DomainService,Directory Service,311,4,,Recycle Bin Feature,,,,,,,,,,,,
2026-05-17T16:23:44.805081Z,"{'#attributes': {'Qualifiers': 16384}, '#text': 2406}",dc.scaffold.htb,Microsoft-Windows-ActiveDirectory_DomainService,Directory Service,312,4,,Privileged Access Management Feature,,,,,,,,,,,,
2026-05-17T16:23:44.805081Z,"{'#attributes': {'Qualifiers': 16384}, '#text': 2168}",dc.scaffold.htb,Microsoft-Windows-ActiveDirectory_DomainService,Directory Service,313,4,,10443572934462739665,,,,,,,,,,,,
2026-05-17T16:23:44.805081Z,"{'#attributes': {'Qualifiers': 16384}, '#text': 2172}",dc.scaffold.htb,Microsoft-Windows-ActiveDirectory_DomainService,Directory Service,314,4,,10443572934462739665,,,,,,,,,,,,
2026-05-17T16:23:44.820792Z,"{'#attributes': {'Qualifiers': 16384}, '#text': 2120}",dc.scaffold.htb,Microsoft-Windows-ActiveDirectory_DomainService,Directory Service,315,4,,,,,,,,,,,,,,
2026-05-17T16:23:44.820792Z,"{'#attributes': {'Qualifiers': 16384}, '#text': 2405}",dc.scaffold.htb,Microsoft-Windows-ActiveDirectory_DomainService,Directory Service,316,4,,Recycle Bin Feature,,,,,,,,,,,,
2026-05-17T16:23:44.820792Z,"{'#attributes': {'Qualifiers': 16384}, '#text': 2405}",dc.scaffold.htb,Microsoft-Windows-ActiveDirectory_DomainService,Directory Service,317,4,,Privileged Access Management Feature,,,,,,,,,,,,
2026-05-17T16:23:54.821852Z,"{'#attributes': {'Qualifiers': 32768}, '#text': 2886}",dc.scaffold.htb,Microsoft-Windows-ActiveDirectory_DomainService,Directory Service,318,3,,,,,,,,,,,,,,
2026-05-17T16:23:54.821852Z,"{'#attributes': {'Qualifiers': 32768}, '#text': 3041}",dc.scaffold.htb,Microsoft-Windows-ActiveDirectory_DomainService,Directory Service,319,3,,,,,,,,,,,,,,
2026-05-17T16:23:54.821852Z,"{'#attributes': {'Qualifiers': 16384}, '#text': 1000}",dc.scaffold.htb,Microsoft-Windows-ActiveDirectory_DomainService,Directory Service,320,4,,,,,,,,,,,,,,
2026-05-17T16:24:24.833242Z,"{'#attributes': {'Qualifiers': 16384}, '#text': 1394}",dc.scaffold.htb,Microsoft-Windows-ActiveDirectory_DomainService,Directory Service,321,4,,,,,,,,,,,,,,
2026-05-17T16:29:20.800491Z,"{'#attributes': {'Qualifiers': 16384}, '#text': 2179}",dc.scaffold.htb,Microsoft-Windows-ActiveDirectory_DomainService,Directory Service,322,4,,10443572934462739665,,,,,,,,,,,,
2026-05-17T16:29:21.770063Z,"{'#attributes': {'Qualifiers': 16384}, '#text': 1004}",dc.scaffold.htb,Microsoft-Windows-ActiveDirectory_DomainService,Directory Service,323,4,,,,,,,,,,,,,,
2026-05-17T16:36:15.771013Z,"{'#attributes': {'Qualifiers': 32768}, '#text': 3051}",dc.scaffold.htb,Microsoft-Windows-ActiveDirectory_DomainService,Directory Service,324,3,,,,,,,,,,,,,,
2026-05-17T16:36:15.771013Z,"{'#attributes': {'Qualifiers': 32768}, '#text': 3054}",dc.scaffold.htb,Microsoft-Windows-ActiveDirectory_DomainService,Directory Service,325,3,,,,,,,,,,,,,,
2026-05-17T16:36:15.864817Z,"{'#attributes': {'Qualifiers': 16384}, '#text': 2121}",dc.scaffold.htb,Microsoft-Windows-ActiveDirectory_DomainService,Directory Service,326,4,,,,,,,,,,,,,,
2026-05-17T16:36:15.864817Z,"{'#attributes': {'Qualifiers': 16384}, '#text': 2406}",dc.scaffold.htb,Microsoft-Windows-ActiveDirectory_DomainService,Directory Service,327,4,,Recycle Bin Feature,,,,,,,,,,,,
2026-05-17T16:36:15.864817Z,"{'#attributes': {'Qualifiers': 16384}, '#text': 2406}",dc.scaffold.htb,Microsoft-Windows-ActiveDirectory_DomainService,Directory Service,328,4,,Privileged Access Management Feature,,,,,,,,,,,,
2026-05-17T16:36:15.864817Z,"{'#attributes': {'Qualifiers': 16384}, '#text': 2168}",dc.scaffold.htb,Microsoft-Windows-ActiveDirectory_DomainService,Directory Service,329,4,,17625826534607556780,,,,,,,,,,,,
2026-05-17T16:36:15.864817Z,"{'#attributes': {'Qualifiers': 16384}, '#text': 2172}",dc.scaffold.htb,Microsoft-Windows-ActiveDirectory_DomainService,Directory Service,330,4,,10443572934462739665,,,,,,,,,,,,
2026-05-17T16:36:15.864817Z,"{'#attributes': {'Qualifiers': 32768}, '#text': 2170}",dc.scaffold.htb,Microsoft-Windows-ActiveDirectory_DomainService,Directory Service,331,3,,,10443572934462739665,17625826534607556780,,,,,,,,,,
2026-05-17T16:36:15.864817Z,"{'#attributes': {'Qualifiers': 16384}, '#text': 1109}",dc.scaffold.htb,Microsoft-Windows-ActiveDirectory_DomainService,Directory Service,332,4,,,763dd69e-0c28-4d29-a073-12ab21bb8149,e7a75541-2ff7-4859-a894-77c09b775463,,,61453,,,,,,,
2026-05-17T16:36:15.880345Z,"{'#attributes': {'Qualifiers': 16384}, '#text': 2179}",dc.scaffold.htb,Microsoft-Windows-ActiveDirectory_DomainService,Directory Service,333,4,,17625826534607556780,,,,,,,,,,,,
2026-05-17T16:36:15.880345Z,"{'#attributes': {'Qualifiers': 16384}, '#text': 2208}",dc.scaffold.htb,Microsoft-Windows-ActiveDirectory_DomainService,Directory Service,334,4,,,,,,,,,,,,,,
2026-05-17T16:36:15.880345Z,"{'#attributes': {'Qualifiers': 16384}, '#text': 2120}",dc.scaffold.htb,Microsoft-Windows-ActiveDirectory_DomainService,Directory Service,335,4,,,,,,,,,,,,,,
2026-05-17T16:36:15.880345Z,"{'#attributes': {'Qualifiers': 16384}, '#text': 2405}",dc.scaffold.htb,Microsoft-Windows-ActiveDirectory_DomainService,Directory Service,336,4,,Recycle Bin Feature,,,,,,,,,,,,
2026-05-17T16:36:15.880345Z,"{'#attributes': {'Qualifiers': 16384}, '#text': 2405}",dc.scaffold.htb,Microsoft-Windows-ActiveDirectory_DomainService,Directory Service,337,4,,Privileged Access Management Feature,,,,,,,,,,,,
2026-05-17T16:36:25.897810Z,"{'#attributes': {'Qualifiers': 32768}, '#text': 2886}",dc.scaffold.htb,Microsoft-Windows-ActiveDirectory_DomainService,Directory Service,338,3,,,,,,,,,,,,,,
2026-05-17T16:36:25.897810Z,"{'#attributes': {'Qualifiers': 32768}, '#text': 3041}",dc.scaffold.htb,Microsoft-Windows-ActiveDirectory_DomainService,Directory Service,339,3,,,,,,,,,,,,,,
2026-05-17T16:36:25.897810Z,"{'#attributes': {'Qualifiers': 16384}, '#text': 1000}",dc.scaffold.htb,Microsoft-Windows-ActiveDirectory_DomainService,Directory Service,340,4,,,,,,,,,,,,,,
2026-05-17T16:36:55.926415Z,"{'#attributes': {'Qualifiers': 16384}, '#text': 1394}",dc.scaffold.htb,Microsoft-Windows-ActiveDirectory_DomainService,Directory Service,341,4,,,,,,,,,,,,,,
2026-05-17T16:41:20.318383Z,"{'#attributes': {'Qualifiers': 16384}, '#text': 2179}",dc.scaffold.htb,Microsoft-Windows-ActiveDirectory_DomainService,Directory Service,342,4,,17625826534607556780,,,,,,,,,,,,
2026-05-17T16:41:21.271528Z,"{'#attributes': {'Qualifiers': 16384}, '#text': 1004}",dc.scaffold.htb,Microsoft-Windows-ActiveDirectory_DomainService,Directory Service,343,4,,,,,,,,,,,,,,
2026-05-18T14:36:17.144836Z,"{'#attributes': {'Qualifiers': 32768}, '#text': 3051}",dc.scaffold.htb,Microsoft-Windows-ActiveDirectory_DomainService,Directory Service,344,3,,,,,,,,,,,,,,
2026-05-18T14:36:17.144836Z,"{'#attributes': {'Qualifiers': 32768}, '#text': 3054}",dc.scaffold.htb,Microsoft-Windows-ActiveDirectory_DomainService,Directory Service,345,3,,,,,,,,,,,,,,
2026-05-18T14:36:17.333078Z,"{'#attributes': {'Qualifiers': 16384}, '#text': 2121}",dc.scaffold.htb,Microsoft-Windows-ActiveDirectory_DomainService,Directory Service,346,4,,,,,,,,,,,,,,
2026-05-18T14:36:17.333078Z,"{'#attributes': {'Qualifiers': 16384}, '#text': 2406}",dc.scaffold.htb,Microsoft-Windows-ActiveDirectory_DomainService,Directory Service,347,4,,Recycle Bin Feature,,,,,,,,,,,,
2026-05-18T14:36:17.333078Z,"{'#attributes': {'Qualifiers': 16384}, '#text': 2406}",dc.scaffold.htb,Microsoft-Windows-ActiveDirectory_DomainService,Directory Service,348,4,,Privileged Access Management Feature,,,,,,,,,,,,
2026-05-18T14:36:17.333078Z,"{'#attributes': {'Qualifiers': 16384}, '#text': 2168}",dc.scaffold.htb,Microsoft-Windows-ActiveDirectory_DomainService,Directory Service,349,4,,5725228055428830413,,,,,,,,,,,,
2026-05-18T14:36:17.333078Z,"{'#attributes': {'Qualifiers': 16384}, '#text': 2172}",dc.scaffold.htb,Microsoft-Windows-ActiveDirectory_DomainService,Directory Service,350,4,,17625826534607556780,,,,,,,,,,,,
2026-05-18T14:36:17.333078Z,"{'#attributes': {'Qualifiers': 32768}, '#text': 2170}",dc.scaffold.htb,Microsoft-Windows-ActiveDirectory_DomainService,Directory Service,351,3,,,17625826534607556780,5725228055428830413,,,,,,,,,,
2026-05-18T14:36:17.333078Z,"{'#attributes': {'Qualifiers': 16384}, '#text': 1109}",dc.scaffold.htb,Microsoft-Windows-ActiveDirectory_DomainService,Directory Service,352,4,,,e7a75541-2ff7-4859-a894-77c09b775463,cac48e79-a114-4dbe-925d-fed34aa92124,,,65550,,,,,,,
2026-05-18T14:36:17.348283Z,"{'#attributes': {'Qualifiers': 16384}, '#text': 2179}",dc.scaffold.htb,Microsoft-Windows-ActiveDirectory_DomainService,Directory Service,353,4,,5725228055428830413,,,,,,,,,,,,
2026-05-18T14:36:17.348283Z,"{'#attributes': {'Qualifiers': 16384}, '#text': 2208}",dc.scaffold.htb,Microsoft-Windows-ActiveDirectory_DomainService,Directory Service,354,4,,,,,,,,,,,,,,
2026-05-18T14:36:17.348283Z,"{'#attributes': {'Qualifiers': 16384}, '#text': 2120}",dc.scaffold.htb,Microsoft-Windows-ActiveDirectory_DomainService,Directory Service,355,4,,,,,,,,,,,,,,
2026-05-18T14:36:17.348283Z,"{'#attributes': {'Qualifiers': 16384}, '#text': 2405}",dc.scaffold.htb,Microsoft-Windows-ActiveDirectory_DomainService,Directory Service,356,4,,Recycle Bin Feature,,,,,,,,,,,,
2026-05-18T14:36:17.348283Z,"{'#attributes': {'Qualifiers': 16384}, '#text': 2405}",dc.scaffold.htb,Microsoft-Windows-ActiveDirectory_DomainService,Directory Service,357,4,,Privileged Access Management Feature,,,,,,,,,,,,
2026-05-18T14:36:27.366897Z,"{'#attributes': {'Qualifiers': 32768}, '#text': 2886}",dc.scaffold.htb,Microsoft-Windows-ActiveDirectory_DomainService,Directory Service,358,3,,,,,,,,,,,,,,
2026-05-18T14:36:27.366897Z,"{'#attributes': {'Qualifiers': 32768}, '#text': 3041}",dc.scaffold.htb,Microsoft-Windows-ActiveDirectory_DomainService,Directory Service,359,3,,,,,,,,,,,,,,
2026-05-18T14:36:27.366897Z,"{'#attributes': {'Qualifiers': 16384}, '#text': 1000}",dc.scaffold.htb,Microsoft-Windows-ActiveDirectory_DomainService,Directory Service,360,4,,,,,,,,,,,,,,
2026-05-18T14:36:57.362522Z,"{'#attributes': {'Qualifiers': 16384}, '#text': 1394}",dc.scaffold.htb,Microsoft-Windows-ActiveDirectory_DomainService,Directory Service,361,4,,,,,,,,,,,,,,
2026-05-18T14:38:35.124912Z,"{'#attributes': {'Qualifiers': 16384}, '#text': 2179}",dc.scaffold.htb,Microsoft-Windows-ActiveDirectory_DomainService,Directory Service,362,4,,5725228055428830413,,,,,,,,,,,,
2026-05-18T14:38:36.715596Z,"{'#attributes': {'Qualifiers': 16384}, '#text': 1004}",dc.scaffold.htb,Microsoft-Windows-ActiveDirectory_DomainService,Directory Service,363,4,,,,,,,,,,,,,,
2026-05-18T22:09:07.628516Z,"{'#attributes': {'Qualifiers': 32768}, '#text': 3051}",dc.scaffold.htb,Microsoft-Windows-ActiveDirectory_DomainService,Directory Service,364,3,,,,,,,,,,,,,,
2026-05-18T22:09:07.628516Z,"{'#attributes': {'Qualifiers': 32768}, '#text': 3054}",dc.scaffold.htb,Microsoft-Windows-ActiveDirectory_DomainService,Directory Service,365,3,,,,,,,,,,,,,,
2026-05-18T22:09:07.725064Z,"{'#attributes': {'Qualifiers': 16384}, '#text': 2121}",dc.scaffold.htb,Microsoft-Windows-ActiveDirectory_DomainService,Directory Service,366,4,,,,,,,,,,,,,,
2026-05-18T22:09:07.725064Z,"{'#attributes': {'Qualifiers': 16384}, '#text': 2406}",dc.scaffold.htb,Microsoft-Windows-ActiveDirectory_DomainService,Directory Service,367,4,,Recycle Bin Feature,,,,,,,,,,,,
2026-05-18T22:09:07.725064Z,"{'#attributes': {'Qualifiers': 16384}, '#text': 2406}",dc.scaffold.htb,Microsoft-Windows-ActiveDirectory_DomainService,Directory Service,368,4,,Privileged Access Management Feature,,,,,,,,,,,,
2026-05-18T22:09:07.725064Z,"{'#attributes': {'Qualifiers': 16384}, '#text': 2168}",dc.scaffold.htb,Microsoft-Windows-ActiveDirectory_DomainService,Directory Service,369,4,,15222988849553689426,,,,,,,,,,,,
2026-05-18T22:09:07.725064Z,"{'#attributes': {'Qualifiers': 16384}, '#text': 2172}",dc.scaffold.htb,Microsoft-Windows-ActiveDirectory_DomainService,Directory Service,370,4,,5725228055428830413,,,,,,,,,,,,
2026-05-18T22:09:07.725064Z,"{'#attributes': {'Qualifiers': 32768}, '#text': 2170}",dc.scaffold.htb,Microsoft-Windows-ActiveDirectory_DomainService,Directory Service,371,3,,,5725228055428830413,15222988849553689426,,,,,,,,,,
2026-05-18T22:09:07.725064Z,"{'#attributes': {'Qualifiers': 16384}, '#text': 1109}",dc.scaffold.htb,Microsoft-Windows-ActiveDirectory_DomainService,Directory Service,372,4,,,cac48e79-a114-4dbe-925d-fed34aa92124,47b247ee-2a93-40c7-82e1-9e30452cc58f,,,69647,,,,,,,
2026-05-18T22:09:07.740765Z,"{'#attributes': {'Qualifiers': 16384}, '#text': 2208}",dc.scaffold.htb,Microsoft-Windows-ActiveDirectory_DomainService,Directory Service,373,4,,,,,,,,,,,,,,
2026-05-18T22:09:07.740765Z,"{'#attributes': {'Qualifiers': 16384}, '#text': 2179}",dc.scaffold.htb,Microsoft-Windows-ActiveDirectory_DomainService,Directory Service,374,4,,15222988849553689426,,,,,,,,,,,,
2026-05-18T22:09:07.740765Z,"{'#attributes': {'Qualifiers': 16384}, '#text': 2120}",dc.scaffold.htb,Microsoft-Windows-ActiveDirectory_DomainService,Directory Service,375,4,,,,,,,,,,,,,,
2026-05-18T22:09:07.740765Z,"{'#attributes': {'Qualifiers': 16384}, '#text': 2405}",dc.scaffold.htb,Microsoft-Windows-ActiveDirectory_DomainService,Directory Service,376,4,,Recycle Bin Feature,,,,,,,,,,,,
2026-05-18T22:09:07.740765Z,"{'#attributes': {'Qualifiers': 16384}, '#text': 2405}",dc.scaffold.htb,Microsoft-Windows-ActiveDirectory_DomainService,Directory Service,377,4,,Privileged Access Management Feature,,,,,,,,,,,,
2026-05-18T22:09:17.755299Z,"{'#attributes': {'Qualifiers': 32768}, '#text': 2886}",dc.scaffold.htb,Microsoft-Windows-ActiveDirectory_DomainService,Directory Service,378,3,,,,,,,,,,,,,,
2026-05-18T22:09:17.755299Z,"{'#attributes': {'Qualifiers': 32768}, '#text': 3041}",dc.scaffold.htb,Microsoft-Windows-ActiveDirectory_DomainService,Directory Service,379,3,,,,,,,,,,,,,,
2026-05-18T22:09:17.755299Z,"{'#attributes': {'Qualifiers': 16384}, '#text': 1000}",dc.scaffold.htb,Microsoft-Windows-ActiveDirectory_DomainService,Directory Service,380,4,,,,,,,,,,,,,,
2026-05-18T22:09:47.750682Z,"{'#attributes': {'Qualifiers': 16384}, '#text': 1394}",dc.scaffold.htb,Microsoft-Windows-ActiveDirectory_DomainService,Directory Service,381,4,,,,,,,,,,,,,,
2026-05-18T22:24:17.792348Z,"{'#attributes': {'Qualifiers': 0}, '#text': 102}",dc.scaffold.htb,NTDS ISAM,Directory Service,382,4,,,NTDS,"748,P,98",,,NTDSA: ,0,10,00,20348,0000,,
2026-05-18T22:24:17.792348Z,"{'#attributes': {'Qualifiers': 0}, '#text': 105}",dc.scaffold.htb,NTDS ISAM,Directory Service,383,4,,,NTDS,"748,D,0",,,NTDSA: ,0,0,"
[1] 0.000586 +J(0) +M(C:0K, Fs:150, WS:576K # 0K, PF:3400K # 360K, P:3400K)
[2] 0.000611 +J(0) +M(C:16K, Fs:91, WS:352K # 308K, PF:316K # 316K, P:316K)
[3] 0.001573 +J(0) +M(C:0K, Fs:6, WS:20K # 20K, PF:64K # 64K, P:64K)
[4] 0.005623 -0.000161 (1) WT +J(0) +M(C:0K, Fs:126, WS:428K # 428K, PF:5200K # 5200K, P:5200K)
[5] 0.000330 +J(0) +M(C:0K, Fs:3, WS:12K # 12K, PF:8K # 8K, P:8K)
[6] 0.001818 +J(0) +M(C:0K, Fs:20, WS:80K # 80K, PF:12K # 12K, P:12K)
[7] 0.023592 -0.019205 (21) WT +J(0) +M(C:0K, Fs:2579, WS:10296K # 10296K, PF:10260K # 10260K, P:10260K)
[8] -
[9] -
[10] -
[11] -
[12] -
[13] 0.011084 -0.007288 (22) WT +J(CM:0, PgRf:0, Rd:0/0, Dy:0/0, Lg:616/1) +M(C:0K, Fs:9, WS:-10216K # 24K, PF:-10252K # 12K, P:-10252K)
[14] 0.000015 +J(0) +M(C:0K, Fs:1, WS:4K # 0K, PF:4K # 0K, P:4K)
[15] 0.000138 +J(0) +M(C:0K, Fs:205, WS:820K # 0K, PF:64K # 0K, P:64K)
[16] 0.000167 -0.000081 (1) WT +J(0) +M(C:0K, Fs:3, WS:4K # 0K, PF:0K # 0K, P:0K).",,,,
2026-05-18T22:24:17.808847Z,"{'#attributes': {'Qualifiers': 0}, '#text': 330}",dc.scaffold.htb,NTDS ISAM,Directory Service,384,4,,,NTDS,"748,D,50",,,NTDSA: ,C:\Windows\NTDS\ntds.dit,0x22D8 (8920),8920 (0x22d8),9360 (0x2490),,,
2026-05-18T22:24:17.808847Z,"{'#attributes': {'Qualifiers': 0}, '#text': 326}",dc.scaffold.htb,NTDS ISAM,Directory Service,385,4,,,NTDS,"748,D,50",,,NTDSA: ,1,C:\Windows\NTDS\ntds.dit,0,"
[1] 0.000002 +J(0) +M(C:0K, Fs:1, WS:4K # 0K, PF:0K # 0K, P:0K)
[2] 0.000211 -0.000122 (1) WT +J(0) +M(C:0K, Fs:20, WS:12K # 0K, PF:8K # 0K, P:8K)
[3] 0.003201 -0.001848 (6) WT +J(CM:0, PgRf:0, Rd:0/0, Dy:0/0, Lg:3480/2) +M(C:0K, Fs:20, WS:68K # 0K, PF:140K # 0K, P:140K)
[4] 0.000031 +J(0)
[5] -
[6] -
[7] -
[8] 0.001581 -0.000140 (2) CM -0.000092 (2) WT +J(CM:2, PgRf:2, Rd:4/2, Dy:0/0, Lg:0/0) +M(C:16K, Fs:45, WS:172K # 0K, PF:220K # 0K, P:220K)
[9] 0.001933 -0.001661 (7) CM -0.001453 (7) WT +J(CM:7, PgRf:24, Rd:0/7, Dy:0/0, Lg:0/0) +M(C:-8K, Fs:30, WS:104K # 0K, PF:196K # 0K, P:196K)
[10] 0.000553 -0.000430 (3) CM -0.000331 (3) WT +J(CM:3, PgRf:40, Rd:0/3, Dy:0/0, Lg:0/0) +M(C:-4K, Fs:5, WS:12K # 0K, PF:60K # 0K, P:60K)
[11] 0.000017 +J(CM:0, PgRf:1, Rd:0/0, Dy:0/0, Lg:0/0) +M(C:0K, Fs:4, WS:16K # 0K, PF:0K # 0K, P:0K)
[12] 0.000036 +J(CM:0, PgRf:48, Rd:0/0, Dy:0/0, Lg:0/0) +M(C:0K, Fs:2, WS:8K # 0K, PF:0K # 0K, P:0K)
[13] 0.000001 +J(0)
[14] 0.0 +J(0)
[15] 0.000004 +J(CM:0, PgRf:1, Rd:0/0, Dy:0/0, Lg:0/0).",0 0,"lgposAttach = 00000002:0813:0268,
dbv = 1568.20.0 (8920)",
2026-05-18T22:24:17.808847Z,"{'#attributes': {'Qualifiers': 0}, '#text': 330}",dc.scaffold.htb,NTDS ISAM,Directory Service,386,4,,,NTDS,"748,D,2",,,NTDSA: ,C:\Windows\NTDS\temp.edb,0x22D8 (8920),8920 (0x22d8),9360 (0x2490),,,
2026-05-18T22:24:17.808847Z,"{'#attributes': {'Qualifiers': 0}, '#text': 700}",dc.scaffold.htb,NTDS ISAM,Directory Service,387,4,,,NTDS,"748,D,0",,,NTDSA: ,C:\Windows\NTDS\ntds.dit,,,,,,
2026-05-18T22:24:17.902371Z,"{'#attributes': {'Qualifiers': 0}, '#text': 701}",dc.scaffold.htb,NTDS ISAM,Directory Service,388,4,,,NTDS,"748,D,0",,,NTDSA: ,C:\Windows\NTDS\ntds.dit,3,5/18/2026,0,1,1,9
2026-05-18T22:24:17.792348Z,"{'#attributes': {'Qualifiers': 16384}, '#text': 3033}",dc.scaffold.htb,Microsoft-Windows-ActiveDirectory_DomainService,Directory Service,389,4,,,,,,,,,,,,,,
2026-05-18T22:24:17.792348Z,"{'#attributes': {'Qualifiers': 16384}, '#text': 3027}",dc.scaffold.htb,Microsoft-Windows-ActiveDirectory_DomainService,Directory Service,390,4,,3600,,,,,,,,,,,,
2026-05-18T22:24:17.792348Z,"{'#attributes': {'Qualifiers': 16384}, '#text': 1869}",dc.scaffold.htb,Microsoft-Windows-ActiveDirectory_DomainService,Directory Service,391,4,,,\\dc.scaffold.htb,Default-First-Site-Name,,,,,,,,,,
2026-05-18T22:58:18.411232Z,"{'#attributes': {'Qualifiers': 16384}, '#text': 2179}",dc.scaffold.htb,Microsoft-Windows-ActiveDirectory_DomainService,Directory Service,392,4,,15222988849553689426,,,,,,,,,,,,
2026-05-18T22:58:20.308074Z,"{'#attributes': {'Qualifiers': 16384}, '#text': 1004}",dc.scaffold.htb,Microsoft-Windows-ActiveDirectory_DomainService,Directory Service,393,4,,,,,,,,,,,,,,
2026-05-18T23:39:59.973329Z,"{'#attributes': {'Qualifiers': 32768}, '#text': 3051}",dc.scaffold.htb,Microsoft-Windows-ActiveDirectory_DomainService,Directory Service,394,3,,,,,,,,,,,,,,
2026-05-18T23:39:59.973329Z,"{'#attributes': {'Qualifiers': 32768}, '#text': 3054}",dc.scaffold.htb,Microsoft-Windows-ActiveDirectory_DomainService,Directory Service,395,3,,,,,,,,,,,,,,
2026-05-18T23:40:00.097975Z,"{'#attributes': {'Qualifiers': 16384}, '#text': 2121}",dc.scaffold.htb,Microsoft-Windows-ActiveDirectory_DomainService,Directory Service,396,4,,,,,,,,,,,,,,
2026-05-18T23:40:00.097975Z,"{'#attributes': {'Qualifiers': 16384}, '#text': 2406}",dc.scaffold.htb,Microsoft-Windows-ActiveDirectory_DomainService,Directory Service,397,4,,Recycle Bin Feature,,,,,,,,,,,,
2026-05-18T23:40:00.097975Z,"{'#attributes': {'Qualifiers': 16384}, '#text': 2406}",dc.scaffold.htb,Microsoft-Windows-ActiveDirectory_DomainService,Directory Service,398,4,,Privileged Access Management Feature,,,,,,,,,,,,
2026-05-18T23:40:00.097975Z,"{'#attributes': {'Qualifiers': 16384}, '#text': 2168}",dc.scaffold.htb,Microsoft-Windows-ActiveDirectory_DomainService,Directory Service,399,4,,14506972188055473583,,,,,,,,,,,,
2026-05-18T23:40:00.097975Z,"{'#attributes': {'Qualifiers': 16384}, '#text': 2172}",dc.scaffold.htb,Microsoft-Windows-ActiveDirectory_DomainService,Directory Service,400,4,,15222988849553689426,,,,,,,,,,,,
2026-05-18T23:40:00.097975Z,"{'#attributes': {'Qualifiers': 32768}, '#text': 2170}",dc.scaffold.htb,Microsoft-Windows-ActiveDirectory_DomainService,Directory Service,401,3,,,15222988849553689426,14506972188055473583,,,,,,,,,,
2026-05-18T23:40:00.097975Z,"{'#attributes': {'Qualifiers': 16384}, '#text': 1109}",dc.scaffold.htb,Microsoft-Windows-ActiveDirectory_DomainService,Directory Service,402,4,,,47b247ee-2a93-40c7-82e1-9e30452cc58f,3bb9a4fc-68b6-4c9f-9213-a86fcf0e5d84,,,73744,,,,,,,
2026-05-18T23:40:00.097975Z,"{'#attributes': {'Qualifiers': 16384}, '#text': 2179}",dc.scaffold.htb,Microsoft-Windows-ActiveDirectory_DomainService,Directory Service,403,4,,14506972188055473583,,,,,,,,,,,,
2026-05-18T23:40:00.113558Z,"{'#attributes': {'Qualifiers': 16384}, '#text': 2208}",dc.scaffold.htb,Microsoft-Windows-ActiveDirectory_DomainService,Directory Service,404,4,,,,,,,,,,,,,,
2026-05-18T23:40:00.113558Z,"{'#attributes': {'Qualifiers': 16384}, '#text': 2120}",dc.scaffold.htb,Microsoft-Windows-ActiveDirectory_DomainService,Directory Service,405,4,,,,,,,,,,,,,,
2026-05-18T23:40:00.113558Z,"{'#attributes': {'Qualifiers': 16384}, '#text': 2405}",dc.scaffold.htb,Microsoft-Windows-ActiveDirectory_DomainService,Directory Service,406,4,,Recycle Bin Feature,,,,,,,,,,,,
2026-05-18T23:40:00.113558Z,"{'#attributes': {'Qualifiers': 16384}, '#text': 2405}",dc.scaffold.htb,Microsoft-Windows-ActiveDirectory_DomainService,Directory Service,407,4,,Privileged Access Management Feature,,,,,,,,,,,,
2026-05-18T23:40:10.138486Z,"{'#attributes': {'Qualifiers': 32768}, '#text': 2886}",dc.scaffold.htb,Microsoft-Windows-ActiveDirectory_DomainService,Directory Service,408,3,,,,,,,,,,,,,,
2026-05-18T23:40:10.138486Z,"{'#attributes': {'Qualifiers': 32768}, '#text': 3041}",dc.scaffold.htb,Microsoft-Windows-ActiveDirectory_DomainService,Directory Service,409,3,,,,,,,,,,,,,,
2026-05-18T23:40:10.138486Z,"{'#attributes': {'Qualifiers': 16384}, '#text': 1000}",dc.scaffold.htb,Microsoft-Windows-ActiveDirectory_DomainService,Directory Service,410,4,,,,,,,,,,,,,,
2026-05-18T23:40:40.143082Z,"{'#attributes': {'Qualifiers': 16384}, '#text': 1394}",dc.scaffold.htb,Microsoft-Windows-ActiveDirectory_DomainService,Directory Service,411,4,,,,,,,,,,,,,,
2026-05-18T23:51:27.007900Z,"{'#attributes': {'Qualifiers': 16384}, '#text': 2179}",dc.scaffold.htb,Microsoft-Windows-ActiveDirectory_DomainService,Directory Service,412,4,,14506972188055473583,,,,,,,,,,,,
2026-05-18T23:51:28.940833Z,"{'#attributes': {'Qualifiers': 16384}, '#text': 1004}",dc.scaffold.htb,Microsoft-Windows-ActiveDirectory_DomainService,Directory Service,413,4,,,,,,,,,,,,,,
2026-05-21T23:18:57.096811Z,"{'#attributes': {'Qualifiers': 32768}, '#text': 3051}",dc.scaffold.htb,Microsoft-Windows-ActiveDirectory_DomainService,Directory Service,414,3,,,,,,,,,,,,,,
2026-05-21T23:18:57.096811Z,"{'#attributes': {'Qualifiers': 32768}, '#text': 3054}",dc.scaffold.htb,Microsoft-Windows-ActiveDirectory_DomainService,Directory Service,415,3,,,,,,,,,,,,,,
2026-05-21T23:18:57.236944Z,"{'#attributes': {'Qualifiers': 16384}, '#text': 2121}",dc.scaffold.htb,Microsoft-Windows-ActiveDirectory_DomainService,Directory Service,416,4,,,,,,,,,,,,,,
2026-05-21T23:18:57.236944Z,"{'#attributes': {'Qualifiers': 16384}, '#text': 2406}",dc.scaffold.htb,Microsoft-Windows-ActiveDirectory_DomainService,Directory Service,417,4,,Recycle Bin Feature,,,,,,,,,,,,
2026-05-21T23:18:57.236944Z,"{'#attributes': {'Qualifiers': 16384}, '#text': 2406}",dc.scaffold.htb,Microsoft-Windows-ActiveDirectory_DomainService,Directory Service,418,4,,Privileged Access Management Feature,,,,,,,,,,,,
2026-05-21T23:18:57.236944Z,"{'#attributes': {'Qualifiers': 16384}, '#text': 2168}",dc.scaffold.htb,Microsoft-Windows-ActiveDirectory_DomainService,Directory Service,419,4,,3093923122130046776,,,,,,,,,,,,
2026-05-21T23:18:57.236944Z,"{'#attributes': {'Qualifiers': 16384}, '#text': 2172}",dc.scaffold.htb,Microsoft-Windows-ActiveDirectory_DomainService,Directory Service,420,4,,14506972188055473583,,,,,,,,,,,,
2026-05-21T23:18:57.236944Z,"{'#attributes': {'Qualifiers': 32768}, '#text': 2170}",dc.scaffold.htb,Microsoft-Windows-ActiveDirectory_DomainService,Directory Service,421,3,,,14506972188055473583,3093923122130046776,,,,,,,,,,
2026-05-21T23:18:57.236944Z,"{'#attributes': {'Qualifiers': 16384}, '#text': 1109}",dc.scaffold.htb,Microsoft-Windows-ActiveDirectory_DomainService,Directory Service,422,4,,,3bb9a4fc-68b6-4c9f-9213-a86fcf0e5d84,306fc8ad-c13d-4210-bfa4-348bedf88771,,,77841,,,,,,,
2026-05-21T23:18:57.252807Z,"{'#attributes': {'Qualifiers': 16384}, '#text': 2179}",dc.scaffold.htb,Microsoft-Windows-ActiveDirectory_DomainService,Directory Service,423,4,,3093923122130046776,,,,,,,,,,,,
2026-05-21T23:18:57.252807Z,"{'#attributes': {'Qualifiers': 16384}, '#text': 2208}",dc.scaffold.htb,Microsoft-Windows-ActiveDirectory_DomainService,Directory Service,424,4,,,,,,,,,,,,,,
2026-05-21T23:18:57.252807Z,"{'#attributes': {'Qualifiers': 16384}, '#text': 2120}",dc.scaffold.htb,Microsoft-Windows-ActiveDirectory_DomainService,Directory Service,425,4,,,,,,,,,,,,,,
2026-05-21T23:18:57.252807Z,"{'#attributes': {'Qualifiers': 16384}, '#text': 2405}",dc.scaffold.htb,Microsoft-Windows-ActiveDirectory_DomainService,Directory Service,426,4,,Recycle Bin Feature,,,,,,,,,,,,
2026-05-21T23:18:57.252807Z,"{'#attributes': {'Qualifiers': 16384}, '#text': 2405}",dc.scaffold.htb,Microsoft-Windows-ActiveDirectory_DomainService,Directory Service,427,4,,Privileged Access Management Feature,,,,,,,,,,,,
2026-05-21T23:19:07.264096Z,"{'#attributes': {'Qualifiers': 32768}, '#text': 2886}",dc.scaffold.htb,Microsoft-Windows-ActiveDirectory_DomainService,Directory Service,428,3,,,,,,,,,,,,,,
2026-05-21T23:19:07.264096Z,"{'#attributes': {'Qualifiers': 32768}, '#text': 3041}",dc.scaffold.htb,Microsoft-Windows-ActiveDirectory_DomainService,Directory Service,429,3,,,,,,,,,,,,,,
2026-05-21T23:19:07.264096Z,"{'#attributes': {'Qualifiers': 16384}, '#text': 1000}",dc.scaffold.htb,Microsoft-Windows-ActiveDirectory_DomainService,Directory Service,430,4,,,,,,,,,,,,,,
2026-05-21T23:19:37.298510Z,"{'#attributes': {'Qualifiers': 16384}, '#text': 1394}",dc.scaffold.htb,Microsoft-Windows-ActiveDirectory_DomainService,Directory Service,431,4,,,,,,,,,,,,,,
2026-05-21T23:34:07.345142Z,"{'#attributes': {'Qualifiers': 0}, '#text': 102}",dc.scaffold.htb,NTDS ISAM,Directory Service,432,4,,,NTDS,"764,P,98",,,NTDSA: ,0,10,00,20348,0000,,
2026-05-21T23:34:07.345142Z,"{'#attributes': {'Qualifiers': 0}, '#text': 105}",dc.scaffold.htb,NTDS ISAM,Directory Service,433,4,,,NTDS,"764,D,0",,,NTDSA: ,0,0,"
[1] 0.000710 +J(0) +M(C:0K, Fs:143, WS:544K # 0K, PF:3364K # 356K, P:3364K)
[2] 0.000878 +J(0) +M(C:16K, Fs:89, WS:348K # 304K, PF:308K # 308K, P:308K)
[3] 0.000888 +J(0) +M(C:0K, Fs:5, WS:20K # 20K, PF:64K # 64K, P:64K)
[4] 0.009604 -0.000205 (1) WT +J(0) +M(C:0K, Fs:125, WS:424K # 424K, PF:5204K # 5204K, P:5204K)
[5] 0.000780 +J(0) +M(C:0K, Fs:2, WS:8K # 8K, PF:4K # 4K, P:4K)
[6] 0.002701 +J(0) +M(C:0K, Fs:24, WS:92K # 92K, PF:24K # 24K, P:24K)
[7] 0.029712 -0.021337 (21) WT +J(0) +M(C:0K, Fs:2579, WS:10296K # 10296K, PF:10260K # 10260K, P:10260K)
[8] -
[9] -
[10] -
[11] -
[12] -
[13] 0.019540 -0.010728 (22) WT +J(CM:0, PgRf:0, Rd:0/0, Dy:0/0, Lg:616/1) +M(C:0K, Fs:8, WS:-10216K # 24K, PF:-10256K # 12K, P:-10256K)
[14] 0.000052 +J(0)
[15] 0.000379 +J(0) +M(C:0K, Fs:206, WS:820K # 0K, PF:68K # 0K, P:68K)
[16] 0.000564 -0.000227 (1) WT +J(0) +M(C:0K, Fs:3, WS:4K # 0K, PF:0K # 0K, P:0K).",,,,
2026-05-21T23:34:07.345142Z,"{'#attributes': {'Qualifiers': 0}, '#text': 330}",dc.scaffold.htb,NTDS ISAM,Directory Service,434,4,,,NTDS,"764,D,50",,,NTDSA: ,C:\Windows\NTDS\ntds.dit,0x22D8 (8920),8920 (0x22d8),9360 (0x2490),,,
2026-05-21T23:34:07.345142Z,"{'#attributes': {'Qualifiers': 0}, '#text': 326}",dc.scaffold.htb,NTDS ISAM,Directory Service,435,4,,,NTDS,"764,D,50",,,NTDSA: ,1,C:\Windows\NTDS\ntds.dit,0,"
[1] 0.000005 +J(0) +M(C:0K, Fs:1, WS:4K # 0K, PF:0K # 0K, P:0K)
[2] 0.000398 -0.000113 (1) WT +J(0) +M(C:0K, Fs:19, WS:12K # 0K, PF:8K # 0K, P:8K)
[3] 0.006050 -0.002041 (6) WT +J(CM:0, PgRf:0, Rd:0/0, Dy:0/0, Lg:3480/2) +M(C:0K, Fs:23, WS:80K # 0K, PF:152K # 0K, P:152K)
[4] 0.000123 +J(0)
[5] -
[6] -
[7] -
[8] 0.004247 -0.000372 (2) CM -0.000221 (2) WT +J(CM:2, PgRf:2, Rd:4/2, Dy:0/0, Lg:0/0) +M(C:16K, Fs:45, WS:172K # 0K, PF:220K # 0K, P:220K)
[9] 0.003280 -0.002796 (7) CM -0.002346 (7) WT +J(CM:7, PgRf:24, Rd:0/7, Dy:0/0, Lg:0/0) +M(C:-8K, Fs:30, WS:104K # 0K, PF:196K # 0K, P:196K)
[10] 0.000999 -0.000808 (3) CM -0.000509 (3) WT +J(CM:3, PgRf:40, Rd:0/3, Dy:0/0, Lg:0/0) +M(C:-4K, Fs:5, WS:12K # 0K, PF:60K # 0K, P:60K)
[11] 0.000014 +J(CM:0, PgRf:1, Rd:0/0, Dy:0/0, Lg:0/0) +M(C:0K, Fs:4, WS:16K # 0K, PF:0K # 0K, P:0K)
[12] 0.000026 +J(CM:0, PgRf:48, Rd:0/0, Dy:0/0, Lg:0/0) +M(C:0K, Fs:2, WS:8K # 0K, PF:0K # 0K, P:0K)
[13] 0.0 +J(0)
[14] 0.0 +J(0)
[15] 0.000002 +J(CM:0, PgRf:1, Rd:0/0, Dy:0/0, Lg:0/0).",0 0,"lgposAttach = 00000002:0866:0268,
dbv = 1568.20.0 (8920)",
2026-05-21T23:34:07.345142Z,"{'#attributes': {'Qualifiers': 0}, '#text': 330}",dc.scaffold.htb,NTDS ISAM,Directory Service,436,4,,,NTDS,"764,D,2",,,NTDSA: ,C:\Windows\NTDS\temp.edb,0x22D8 (8920),8920 (0x22d8),9360 (0x2490),,,
2026-05-21T23:34:07.345142Z,"{'#attributes': {'Qualifiers': 0}, '#text': 700}",dc.scaffold.htb,NTDS ISAM,Directory Service,437,4,,,NTDS,"764,D,0",,,NTDSA: ,C:\Windows\NTDS\ntds.dit,,,,,,
2026-05-21T23:34:07.471252Z,"{'#attributes': {'Qualifiers': 0}, '#text': 701}",dc.scaffold.htb,NTDS ISAM,Directory Service,438,4,,,NTDS,"764,D,0",,,NTDSA: ,C:\Windows\NTDS\ntds.dit,2,5/21/2026,0,1,1,10
2026-05-21T23:34:07.345142Z,"{'#attributes': {'Qualifiers': 16384}, '#text': 3033}",dc.scaffold.htb,Microsoft-Windows-ActiveDirectory_DomainService,Directory Service,439,4,,,,,,,,,,,,,,
2026-05-21T23:34:07.345142Z,"{'#attributes': {'Qualifiers': 16384}, '#text': 3027}",dc.scaffold.htb,Microsoft-Windows-ActiveDirectory_DomainService,Directory Service,440,4,,3600,,,,,,,,,,,,
2026-05-21T23:34:07.345142Z,"{'#attributes': {'Qualifiers': 16384}, '#text': 1869}",dc.scaffold.htb,Microsoft-Windows-ActiveDirectory_DomainService,Directory Service,441,4,,,\\dc.scaffold.htb,Default-First-Site-Name,,,,,,,,,,
2026-05-22T00:28:02.481104Z,"{'#attributes': {'Qualifiers': 16384}, '#text': 2179}",dc.scaffold.htb,Microsoft-Windows-ActiveDirectory_DomainService,Directory Service,442,4,,3093923122130046776,,,,,,,,,,,,
2026-05-22T00:28:04.695673Z,"{'#attributes': {'Qualifiers': 16384}, '#text': 1004}",dc.scaffold.htb,Microsoft-Windows-ActiveDirectory_DomainService,Directory Service,443,4,,,,,,,,,,,,,,
2026-05-22T13:51:07.089482Z,"{'#attributes': {'Qualifiers': 32768}, '#text': 3051}",dc.scaffold.htb,Microsoft-Windows-ActiveDirectory_DomainService,Directory Service,444,3,,,,,,,,,,,,,,
2026-05-22T13:51:07.089482Z,"{'#attributes': {'Qualifiers': 32768}, '#text': 3054}",dc.scaffold.htb,Microsoft-Windows-ActiveDirectory_DomainService,Directory Service,445,3,,,,,,,,,,,,,,
2026-05-22T13:51:07.328632Z,"{'#attributes': {'Qualifiers': 16384}, '#text': 2121}",dc.scaffold.htb,Microsoft-Windows-ActiveDirectory_DomainService,Directory Service,446,4,,,,,,,,,,,,,,
2026-05-22T13:51:07.328632Z,"{'#attributes': {'Qualifiers': 16384}, '#text': 2406}",dc.scaffold.htb,Microsoft-Windows-ActiveDirectory_DomainService,Directory Service,447,4,,Recycle Bin Feature,,,,,,,,,,,,
2026-05-22T13:51:07.328632Z,"{'#attributes': {'Qualifiers': 16384}, '#text': 2406}",dc.scaffold.htb,Microsoft-Windows-ActiveDirectory_DomainService,Directory Service,448,4,,Privileged Access Management Feature,,,,,,,,,,,,
2026-05-22T13:51:07.328632Z,"{'#attributes': {'Qualifiers': 16384}, '#text': 2168}",dc.scaffold.htb,Microsoft-Windows-ActiveDirectory_DomainService,Directory Service,449,4,,3093923122130046776,,,,,,,,,,,,
2026-05-22T13:51:07.328632Z,"{'#attributes': {'Qualifiers': 16384}, '#text': 2172}",dc.scaffold.htb,Microsoft-Windows-ActiveDirectory_DomainService,Directory Service,450,4,,3093923122130046776,,,,,,,,,,,,
2026-05-22T13:51:07.339485Z,"{'#attributes': {'Qualifiers': 16384}, '#text': 2120}",dc.scaffold.htb,Microsoft-Windows-ActiveDirectory_DomainService,Directory Service,451,4,,,,,,,,,,,,,,
2026-05-22T13:51:07.339485Z,"{'#attributes': {'Qualifiers': 16384}, '#text': 2405}",dc.scaffold.htb,Microsoft-Windows-ActiveDirectory_DomainService,Directory Service,452,4,,Recycle Bin Feature,,,,,,,,,,,,
2026-05-22T13:51:07.339485Z,"{'#attributes': {'Qualifiers': 16384}, '#text': 2405}",dc.scaffold.htb,Microsoft-Windows-ActiveDirectory_DomainService,Directory Service,453,4,,Privileged Access Management Feature,,,,,,,,,,,,
2026-05-22T13:51:17.344129Z,"{'#attributes': {'Qualifiers': 32768}, '#text': 2886}",dc.scaffold.htb,Microsoft-Windows-ActiveDirectory_DomainService,Directory Service,454,3,,,,,,,,,,,,,,
2026-05-22T13:51:17.344129Z,"{'#attributes': {'Qualifiers': 32768}, '#text': 3041}",dc.scaffold.htb,Microsoft-Windows-ActiveDirectory_DomainService,Directory Service,455,3,,,,,,,,,,,,,,
2026-05-22T13:51:17.344129Z,"{'#attributes': {'Qualifiers': 16384}, '#text': 1000}",dc.scaffold.htb,Microsoft-Windows-ActiveDirectory_DomainService,Directory Service,456,4,,,,,,,,,,,,,,
2026-05-22T13:51:47.348221Z,"{'#attributes': {'Qualifiers': 16384}, '#text': 1394}",dc.scaffold.htb,Microsoft-Windows-ActiveDirectory_DomainService,Directory Service,457,4,,,,,,,,,,,,,,
2026-05-22T14:06:17.399695Z,"{'#attributes': {'Qualifiers': 0}, '#text': 102}",dc.scaffold.htb,NTDS ISAM,Directory Service,458,4,,,NTDS,"740,P,98",,,NTDSA: ,0,10,00,20348,0000,,
2026-05-22T14:06:17.399695Z,"{'#attributes': {'Qualifiers': 0}, '#text': 105}",dc.scaffold.htb,NTDS ISAM,Directory Service,459,4,,,NTDS,"740,D,0",,,NTDSA: ,0,0,"
[1] 0.001155 +J(0) +M(C:0K, Fs:142, WS:544K # 0K, PF:3368K # 360K, P:3368K)
[2] 0.001552 +J(0) +M(C:16K, Fs:92, WS:356K # 312K, PF:320K # 320K, P:320K)
[3] 0.000843 +J(0) +M(C:0K, Fs:6, WS:20K # 20K, PF:64K # 64K, P:64K)
[4] 0.012872 -0.000201 (1) WT +J(0) +M(C:0K, Fs:125, WS:428K # 428K, PF:5200K # 5200K, P:5200K)
[5] 0.000887 +J(0) +M(C:0K, Fs:1, WS:4K # 4K, PF:0K # 0K, P:0K)
[6] 0.005008 +J(0) +M(C:0K, Fs:20, WS:80K # 80K, PF:12K # 12K, P:12K)
[7] 0.044201 -0.031771 (21) WT +J(0) +M(C:0K, Fs:2579, WS:10296K # 10296K, PF:10260K # 10260K, P:10260K)
[8] -
[9] -
[10] -
[11] -
[12] -
[13] 0.022628 -0.014139 (22) WT +J(CM:0, PgRf:0, Rd:0/0, Dy:0/0, Lg:616/1) +M(C:0K, Fs:9, WS:-10216K # 24K, PF:-10252K # 12K, P:-10252K)
[14] 0.000027 +J(0) +M(C:0K, Fs:1, WS:4K # 0K, PF:4K # 0K, P:4K)
[15] 0.000280 +J(0) +M(C:0K, Fs:205, WS:820K # 0K, PF:64K # 0K, P:64K)
[16] 0.000647 -0.000293 (1) WT +J(0) +M(C:0K, Fs:3, WS:4K # 0K, PF:0K # 0K, P:0K).",,,,
2026-05-22T14:06:17.415708Z,"{'#attributes': {'Qualifiers': 0}, '#text': 330}",dc.scaffold.htb,NTDS ISAM,Directory Service,460,4,,,NTDS,"740,D,50",,,NTDSA: ,C:\Windows\NTDS\ntds.dit,0x22D8 (8920),8920 (0x22d8),9360 (0x2490),,,
2026-05-22T14:06:17.415708Z,"{'#attributes': {'Qualifiers': 0}, '#text': 326}",dc.scaffold.htb,NTDS ISAM,Directory Service,461,4,,,NTDS,"740,D,50",,,NTDSA: ,1,C:\Windows\NTDS\ntds.dit,0,"
[1] 0.000004 +J(0) +M(C:0K, Fs:1, WS:4K # 0K, PF:0K # 0K, P:0K)
[2] 0.000485 -0.000262 (1) WT +J(0) +M(C:0K, Fs:19, WS:12K # 0K, PF:8K # 0K, P:8K)
[3] 0.009825 -0.005416 (6) WT +J(CM:0, PgRf:0, Rd:0/0, Dy:0/0, Lg:3480/2) +M(C:0K, Fs:23, WS:80K # 0K, PF:152K # 0K, P:152K)
[4] 0.000161 +J(0)
[5] -
[6] -
[7] -
[8] 0.005332 -0.000622 (2) CM -0.000421 (2) WT +J(CM:2, PgRf:2, Rd:4/2, Dy:0/0, Lg:0/0) +M(C:16K, Fs:45, WS:172K # 0K, PF:220K # 0K, P:220K)
[9] 0.007037 -0.006054 (8) CM -0.004781 (8) WT +J(CM:8, PgRf:24, Rd:0/8, Dy:0/0, Lg:0/0) +M(C:-4K, Fs:32, WS:108K # 0K, PF:204K # 0K, P:204K)
[10] 0.002391 -0.002056 (4) CM -0.001610 (4) WT +J(CM:4, PgRf:40, Rd:0/4, Dy:0/0, Lg:0/0) +M(C:-4K, Fs:6, WS:12K # 0K, PF:60K # 0K, P:60K)
[11] 0.000361 -0.000286 (1) CM -0.000205 (1) WT +J(CM:1, PgRf:1, Rd:0/1, Dy:0/0, Lg:0/0) +M(C:0K, Fs:5, WS:16K # 0K, PF:0K # 0K, P:0K)
[12] 0.000115 +J(CM:0, PgRf:48, Rd:0/0, Dy:0/0, Lg:0/0) +M(C:0K, Fs:2, WS:8K # 0K, PF:0K # 0K, P:0K)
[13] 0.000002 +J(0)
[14] 0.0 +J(0)
[15] 0.000009 +J(CM:0, PgRf:1, Rd:0/0, Dy:0/0, Lg:0/0).",0 0,"lgposAttach = 00000002:088D:0268,
dbv = 1568.20.0 (8920)",
2026-05-22T14:06:17.415708Z,"{'#attributes': {'Qualifiers': 0}, '#text': 330}",dc.scaffold.htb,NTDS ISAM,Directory Service,462,4,,,NTDS,"740,D,2",,,NTDSA: ,C:\Windows\NTDS\temp.edb,0x22D8 (8920),8920 (0x22d8),9360 (0x2490),,,
2026-05-22T14:06:17.415708Z,"{'#attributes': {'Qualifiers': 0}, '#text': 700}",dc.scaffold.htb,NTDS ISAM,Directory Service,463,4,,,NTDS,"740,D,0",,,NTDSA: ,C:\Windows\NTDS\ntds.dit,,,,,,
2026-05-22T14:06:17.540422Z,"{'#attributes': {'Qualifiers': 0}, '#text': 701}",dc.scaffold.htb,NTDS ISAM,Directory Service,464,4,,,NTDS,"740,D,0",,,NTDSA: ,C:\Windows\NTDS\ntds.dit,1,5/22/2026,0,1,1,11
2026-05-22T14:06:17.399695Z,"{'#attributes': {'Qualifiers': 16384}, '#text': 3033}",dc.scaffold.htb,Microsoft-Windows-ActiveDirectory_DomainService,Directory Service,465,4,,,,,,,,,,,,,,
2026-05-22T14:06:17.399695Z,"{'#attributes': {'Qualifiers': 16384}, '#text': 3027}",dc.scaffold.htb,Microsoft-Windows-ActiveDirectory_DomainService,Directory Service,466,4,,3600,,,,,,,,,,,,
2026-05-22T14:06:17.399695Z,"{'#attributes': {'Qualifiers': 16384}, '#text': 1869}",dc.scaffold.htb,Microsoft-Windows-ActiveDirectory_DomainService,Directory Service,467,4,,,\\dc.scaffold.htb,Default-First-Site-Name,,,,,,,,,,
2026-05-22T21:24:25.684665Z,"{'#attributes': {'Qualifiers': 32768}, '#text': 3051}",dc.scaffold.htb,Microsoft-Windows-ActiveDirectory_DomainService,Directory Service,468,3,,,,,,,,,,,,,,
2026-05-22T21:24:25.684665Z,"{'#attributes': {'Qualifiers': 32768}, '#text': 3054}",dc.scaffold.htb,Microsoft-Windows-ActiveDirectory_DomainService,Directory Service,469,3,,,,,,,,,,,,,,
2026-05-22T21:24:26.059649Z,"{'#attributes': {'Qualifiers': 16384}, '#text': 2121}",dc.scaffold.htb,Microsoft-Windows-ActiveDirectory_DomainService,Directory Service,470,4,,,,,,,,,,,,,,
2026-05-22T21:24:26.059649Z,"{'#attributes': {'Qualifiers': 16384}, '#text': 2406}",dc.scaffold.htb,Microsoft-Windows-ActiveDirectory_DomainService,Directory Service,471,4,,Recycle Bin Feature,,,,,,,,,,,,
2026-05-22T21:24:26.059649Z,"{'#attributes': {'Qualifiers': 16384}, '#text': 2406}",dc.scaffold.htb,Microsoft-Windows-ActiveDirectory_DomainService,Directory Service,472,4,,Privileged Access Management Feature,,,,,,,,,,,,
2026-05-22T21:24:26.059649Z,"{'#attributes': {'Qualifiers': 16384}, '#text': 2168}",dc.scaffold.htb,Microsoft-Windows-ActiveDirectory_DomainService,Directory Service,473,4,,3093923122130046776,,,,,,,,,,,,
2026-05-22T21:24:26.059649Z,"{'#attributes': {'Qualifiers': 16384}, '#text': 2172}",dc.scaffold.htb,Microsoft-Windows-ActiveDirectory_DomainService,Directory Service,474,4,,3093923122130046776,,,,,,,,,,,,
2026-05-22T21:24:26.059649Z,"{'#attributes': {'Qualifiers': 16384}, '#text': 2120}",dc.scaffold.htb,Microsoft-Windows-ActiveDirectory_DomainService,Directory Service,475,4,,,,,,,,,,,,,,
2026-05-22T21:24:26.059649Z,"{'#attributes': {'Qualifiers': 16384}, '#text': 2405}",dc.scaffold.htb,Microsoft-Windows-ActiveDirectory_DomainService,Directory Service,476,4,,Recycle Bin Feature,,,,,,,,,,,,
2026-05-22T21:24:26.059649Z,"{'#attributes': {'Qualifiers': 16384}, '#text': 2405}",dc.scaffold.htb,Microsoft-Windows-ActiveDirectory_DomainService,Directory Service,477,4,,Privileged Access Management Feature,,,,,,,,,,,,
2026-05-22T21:24:36.083697Z,"{'#attributes': {'Qualifiers': 32768}, '#text': 2886}",dc.scaffold.htb,Microsoft-Windows-ActiveDirectory_DomainService,Directory Service,478,3,,,,,,,,,,,,,,
2026-05-22T21:24:36.083697Z,"{'#attributes': {'Qualifiers': 32768}, '#text': 3041}",dc.scaffold.htb,Microsoft-Windows-ActiveDirectory_DomainService,Directory Service,479,3,,,,,,,,,,,,,,
2026-05-22T21:24:36.083697Z,"{'#attributes': {'Qualifiers': 16384}, '#text': 1000}",dc.scaffold.htb,Microsoft-Windows-ActiveDirectory_DomainService,Directory Service,480,4,,,,,,,,,,,,,,
2026-05-22T21:25:06.121212Z,"{'#attributes': {'Qualifiers': 16384}, '#text': 1394}",dc.scaffold.htb,Microsoft-Windows-ActiveDirectory_DomainService,Directory Service,481,4,,,,,,,,,,,,,,
2026-05-22T21:39:36.238755Z,"{'#attributes': {'Qualifiers': 16384}, '#text': 3033}",dc.scaffold.htb,Microsoft-Windows-ActiveDirectory_DomainService,Directory Service,482,4,,,,,,,,,,,,,,
2026-05-22T21:39:36.238755Z,"{'#attributes': {'Qualifiers': 16384}, '#text': 3027}",dc.scaffold.htb,Microsoft-Windows-ActiveDirectory_DomainService,Directory Service,483,4,,3600,,,,,,,,,,,,
2026-05-22T21:39:36.238755Z,"{'#attributes': {'Qualifiers': 16384}, '#text': 1869}",dc.scaffold.htb,Microsoft-Windows-ActiveDirectory_DomainService,Directory Service,484,4,,,\\dc.scaffold.htb,Default-First-Site-Name,,,,,,,,,,
2026-05-23T11:25:50.692379Z,"{'#attributes': {'Qualifiers': 32768}, '#text': 3051}",dc.scaffold.htb,Microsoft-Windows-ActiveDirectory_DomainService,Directory Service,485,3,,,,,,,,,,,,,,
2026-05-23T11:25:50.692379Z,"{'#attributes': {'Qualifiers': 32768}, '#text': 3054}",dc.scaffold.htb,Microsoft-Windows-ActiveDirectory_DomainService,Directory Service,486,3,,,,,,,,,,,,,,
2026-05-23T11:25:51.036135Z,"{'#attributes': {'Qualifiers': 16384}, '#text': 2121}",dc.scaffold.htb,Microsoft-Windows-ActiveDirectory_DomainService,Directory Service,487,4,,,,,,,,,,,,,,
2026-05-23T11:25:51.036135Z,"{'#attributes': {'Qualifiers': 16384}, '#text': 2406}",dc.scaffold.htb,Microsoft-Windows-ActiveDirectory_DomainService,Directory Service,488,4,,Recycle Bin Feature,,,,,,,,,,,,
2026-05-23T11:25:51.036135Z,"{'#attributes': {'Qualifiers': 16384}, '#text': 2406}",dc.scaffold.htb,Microsoft-Windows-ActiveDirectory_DomainService,Directory Service,489,4,,Privileged Access Management Feature,,,,,,,,,,,,
2026-05-23T11:25:51.036135Z,"{'#attributes': {'Qualifiers': 16384}, '#text': 2168}",dc.scaffold.htb,Microsoft-Windows-ActiveDirectory_DomainService,Directory Service,490,4,,3093923122130046776,,,,,,,,,,,,
2026-05-23T11:25:51.036135Z,"{'#attributes': {'Qualifiers': 16384}, '#text': 2172}",dc.scaffold.htb,Microsoft-Windows-ActiveDirectory_DomainService,Directory Service,491,4,,3093923122130046776,,,,,,,,,,,,
2026-05-23T11:25:51.036135Z,"{'#attributes': {'Qualifiers': 16384}, '#text': 2120}",dc.scaffold.htb,Microsoft-Windows-ActiveDirectory_DomainService,Directory Service,492,4,,,,,,,,,,,,,,
2026-05-23T11:25:51.036135Z,"{'#attributes': {'Qualifiers': 16384}, '#text': 2405}",dc.scaffold.htb,Microsoft-Windows-ActiveDirectory_DomainService,Directory Service,493,4,,Recycle Bin Feature,,,,,,,,,,,,
2026-05-23T11:25:51.036135Z,"{'#attributes': {'Qualifiers': 16384}, '#text': 2405}",dc.scaffold.htb,Microsoft-Windows-ActiveDirectory_DomainService,Directory Service,494,4,,Privileged Access Management Feature,,,,,,,,,,,,
2026-05-23T11:26:01.060479Z,"{'#attributes': {'Qualifiers': 32768}, '#text': 2886}",dc.scaffold.htb,Microsoft-Windows-ActiveDirectory_DomainService,Directory Service,495,3,,,,,,,,,,,,,,
2026-05-23T11:26:01.060479Z,"{'#attributes': {'Qualifiers': 32768}, '#text': 3041}",dc.scaffold.htb,Microsoft-Windows-ActiveDirectory_DomainService,Directory Service,496,3,,,,,,,,,,,,,,
2026-05-23T11:26:01.060479Z,"{'#attributes': {'Qualifiers': 16384}, '#text': 1000}",dc.scaffold.htb,Microsoft-Windows-ActiveDirectory_DomainService,Directory Service,497,4,,,,,,,,,,,,,,
2026-05-23T11:26:31.055593Z,"{'#attributes': {'Qualifiers': 16384}, '#text': 1394}",dc.scaffold.htb,Microsoft-Windows-ActiveDirectory_DomainService,Directory Service,498,4,,,,,,,,,,,,,,
2026-05-23T11:41:01.154525Z,"{'#attributes': {'Qualifiers': 16384}, '#text': 3033}",dc.scaffold.htb,Microsoft-Windows-ActiveDirectory_DomainService,Directory Service,499,4,,,,,,,,,,,,,,
2026-05-23T11:41:01.154525Z,"{'#attributes': {'Qualifiers': 16384}, '#text': 3027}",dc.scaffold.htb,Microsoft-Windows-ActiveDirectory_DomainService,Directory Service,500,4,,3600,,,,,,,,,,,,
2026-05-23T11:41:01.154525Z,"{'#attributes': {'Qualifiers': 16384}, '#text': 1869}",dc.scaffold.htb,Microsoft-Windows-ActiveDirectory_DomainService,Directory Service,501,4,,,\\dc.scaffold.htb,Default-First-Site-Name,,,,,,,,,,
2026-05-23T13:32:07.771437Z,"{'#attributes': {'Qualifiers': 16384}, '#text': 2179}",dc.scaffold.htb,Microsoft-Windows-ActiveDirectory_DomainService,Directory Service,502,4,,3093923122130046776,,,,,,,,,,,,
2026-05-23T13:32:09.357470Z,"{'#attributes': {'Qualifiers': 16384}, '#text': 1004}",dc.scaffold.htb,Microsoft-Windows-ActiveDirectory_DomainService,Directory Service,503,4,,,,,,,,,,,,,,
2026-05-23T13:32:22.028847Z,"{'#attributes': {'Qualifiers': 32768}, '#text': 3051}",dc.scaffold.htb,Microsoft-Windows-ActiveDirectory_DomainService,Directory Service,504,3,,,,,,,,,,,,,,
2026-05-23T13:32:22.028847Z,"{'#attributes': {'Qualifiers': 32768}, '#text': 3054}",dc.scaffold.htb,Microsoft-Windows-ActiveDirectory_DomainService,Directory Service,505,3,,,,,,,,,,,,,,
2026-05-23T13:32:22.443410Z,"{'#attributes': {'Qualifiers': 16384}, '#text': 2121}",dc.scaffold.htb,Microsoft-Windows-ActiveDirectory_DomainService,Directory Service,506,4,,,,,,,,,,,,,,
2026-05-23T13:32:22.443410Z,"{'#attributes': {'Qualifiers': 16384}, '#text': 2406}",dc.scaffold.htb,Microsoft-Windows-ActiveDirectory_DomainService,Directory Service,507,4,,Recycle Bin Feature,,,,,,,,,,,,
2026-05-23T13:32:22.443410Z,"{'#attributes': {'Qualifiers': 16384}, '#text': 2406}",dc.scaffold.htb,Microsoft-Windows-ActiveDirectory_DomainService,Directory Service,508,4,,Privileged Access Management Feature,,,,,,,,,,,,
2026-05-23T13:32:22.443410Z,"{'#attributes': {'Qualifiers': 16384}, '#text': 2168}",dc.scaffold.htb,Microsoft-Windows-ActiveDirectory_DomainService,Directory Service,509,4,,3093923122130046776,,,,,,,,,,,,
2026-05-23T13:32:22.443410Z,"{'#attributes': {'Qualifiers': 16384}, '#text': 2172}",dc.scaffold.htb,Microsoft-Windows-ActiveDirectory_DomainService,Directory Service,510,4,,3093923122130046776,,,,,,,,,,,,
2026-05-23T13:32:22.458062Z,"{'#attributes': {'Qualifiers': 16384}, '#text': 2120}",dc.scaffold.htb,Microsoft-Windows-ActiveDirectory_DomainService,Directory Service,511,4,,,,,,,,,,,,,,
2026-05-23T13:32:22.458062Z,"{'#attributes': {'Qualifiers': 16384}, '#text': 2405}",dc.scaffold.htb,Microsoft-Windows-ActiveDirectory_DomainService,Directory Service,512,4,,Recycle Bin Feature,,,,,,,,,,,,
2026-05-23T13:32:22.458062Z,"{'#attributes': {'Qualifiers': 16384}, '#text': 2405}",dc.scaffold.htb,Microsoft-Windows-ActiveDirectory_DomainService,Directory Service,513,4,,Privileged Access Management Feature,,,,,,,,,,,,
2026-05-23T13:32:32.460885Z,"{'#attributes': {'Qualifiers': 32768}, '#text': 2886}",dc.scaffold.htb,Microsoft-Windows-ActiveDirectory_DomainService,Directory Service,514,3,,,,,,,,,,,,,,
2026-05-23T13:32:32.460885Z,"{'#attributes': {'Qualifiers': 32768}, '#text': 3041}",dc.scaffold.htb,Microsoft-Windows-ActiveDirectory_DomainService,Directory Service,515,3,,,,,,,,,,,,,,
2026-05-23T13:32:32.460885Z,"{'#attributes': {'Qualifiers': 16384}, '#text': 1000}",dc.scaffold.htb,Microsoft-Windows-ActiveDirectory_DomainService,Directory Service,516,4,,,,,,,,,,,,,,
2026-05-23T13:33:02.451478Z,"{'#attributes': {'Qualifiers': 16384}, '#text': 1394}",dc.scaffold.htb,Microsoft-Windows-ActiveDirectory_DomainService,Directory Service,517,4,,,,,,,,,,,,,,
2026-05-23T13:47:33.726241Z,"{'#attributes': {'Qualifiers': 0}, '#text': 102}",dc.scaffold.htb,NTDS ISAM,Directory Service,518,4,,,NTDS,"752,P,98",,,NTDSA: ,0,10,00,20348,0000,,
2026-05-23T13:47:33.741700Z,"{'#attributes': {'Qualifiers': 0}, '#text': 105}",dc.scaffold.htb,NTDS ISAM,Directory Service,519,4,,,NTDS,"752,D,0",,,NTDSA: ,0,0,"
[1] 0.000533 +J(0) +M(C:0K, Fs:143, WS:544K # 0K, PF:3368K # 360K, P:3368K)
[2] 0.000679 +J(0) +M(C:16K, Fs:87, WS:344K # 300K, PF:300K # 300K, P:300K)
[3] 0.000380 +J(0) +M(C:0K, Fs:5, WS:20K # 20K, PF:64K # 64K, P:64K)
[4] 0.004199 -0.000087 (1) WT +J(0) +M(C:0K, Fs:128, WS:432K # 432K, PF:5208K # 5208K, P:5208K)
[5] 0.000358 +J(0) +M(C:0K, Fs:1, WS:4K # 4K, PF:0K # 0K, P:0K)
[6] 0.001478 +J(0) +M(C:0K, Fs:20, WS:80K # 80K, PF:12K # 12K, P:12K)
[7] 0.019622 -0.015783 (21) WT +J(0) +M(C:0K, Fs:2579, WS:10296K # 10296K, PF:10260K # 10260K, P:10260K)
[8] -
[9] -
[10] -
[11] -
[12] -
[13] 0.009598 -0.005938 (22) WT +J(CM:0, PgRf:0, Rd:0/0, Dy:0/0, Lg:616/1) +M(C:0K, Fs:8, WS:-10216K # 24K, PF:-10256K # 12K, P:-10256K)
[14] 0.000014 +J(0) +M(C:0K, Fs:1, WS:4K # 0K, PF:4K # 0K, P:4K)
[15] 0.000137 +J(0) +M(C:0K, Fs:206, WS:820K # 0K, PF:68K # 0K, P:68K)
[16] 0.000177 -0.000073 (1) WT +J(0) +M(C:0K, Fs:3, WS:4K # 0K, PF:0K # 0K, P:0K).",,,,
2026-05-23T13:47:33.741700Z,"{'#attributes': {'Qualifiers': 0}, '#text': 330}",dc.scaffold.htb,NTDS ISAM,Directory Service,520,4,,,NTDS,"752,D,50",,,NTDSA: ,C:\Windows\NTDS\ntds.dit,0x22D8 (8920),8920 (0x22d8),9360 (0x2490),,,
2026-05-23T13:47:33.741700Z,"{'#attributes': {'Qualifiers': 0}, '#text': 326}",dc.scaffold.htb,NTDS ISAM,Directory Service,521,4,,,NTDS,"752,D,50",,,NTDSA: ,1,C:\Windows\NTDS\ntds.dit,0,"
[1] 0.000002 +J(0) +M(C:0K, Fs:1, WS:4K # 0K, PF:0K # 0K, P:0K)
[2] 0.000213 -0.000083 (1) WT +J(0) +M(C:0K, Fs:20, WS:12K # 0K, PF:8K # 0K, P:8K)
[3] 0.001789 -0.000579 (6) WT +J(CM:0, PgRf:0, Rd:0/0, Dy:0/0, Lg:3480/2) +M(C:0K, Fs:22, WS:76K # 0K, PF:148K # 0K, P:148K)
[4] 0.000046 +J(0)
[5] -
[6] -
[7] -
[8] 0.001857 -0.000193 (2) CM -0.000124 (2) WT +J(CM:2, PgRf:2, Rd:4/2, Dy:0/0, Lg:0/0) +M(C:16K, Fs:45, WS:172K # 0K, PF:220K # 0K, P:220K)
[9] 0.001621 -0.001392 (8) CM -0.001169 (8) WT +J(CM:8, PgRf:24, Rd:0/8, Dy:0/0, Lg:0/0) +M(C:-4K, Fs:30, WS:104K # 0K, PF:196K # 0K, P:196K)
[10] 0.000492 -0.000399 (4) CM -0.000308 (4) WT +J(CM:4, PgRf:40, Rd:0/4, Dy:0/0, Lg:0/0) +M(C:-4K, Fs:6, WS:12K # 0K, PF:60K # 0K, P:60K)
[11] 0.000120 -0.000091 (1) CM -0.000062 (1) WT +J(CM:1, PgRf:1, Rd:0/1, Dy:0/0, Lg:0/0) +M(C:0K, Fs:5, WS:16K # 0K, PF:0K # 0K, P:0K)
[12] 0.000021 +J(CM:0, PgRf:48, Rd:0/0, Dy:0/0, Lg:0/0) +M(C:0K, Fs:2, WS:8K # 0K, PF:0K # 0K, P:0K)
[13] 0.0 +J(0)
[14] 0.0 +J(0)
[15] 0.000002 +J(CM:0, PgRf:1, Rd:0/0, Dy:0/0, Lg:0/0).",0 0,"lgposAttach = 00000002:090C:0268,
dbv = 1568.20.0 (8920)",
2026-05-23T13:47:33.741700Z,"{'#attributes': {'Qualifiers': 0}, '#text': 330}",dc.scaffold.htb,NTDS ISAM,Directory Service,522,4,,,NTDS,"752,D,2",,,NTDSA: ,C:\Windows\NTDS\temp.edb,0x22D8 (8920),8920 (0x22d8),9360 (0x2490),,,
2026-05-23T13:47:33.741700Z,"{'#attributes': {'Qualifiers': 0}, '#text': 700}",dc.scaffold.htb,NTDS ISAM,Directory Service,523,4,,,NTDS,"752,D,0",,,NTDSA: ,C:\Windows\NTDS\ntds.dit,,,,,,
2026-05-23T13:47:34.045543Z,"{'#attributes': {'Qualifiers': 0}, '#text': 701}",dc.scaffold.htb,NTDS ISAM,Directory Service,524,4,,,NTDS,"752,D,0",,,NTDSA: ,C:\Windows\NTDS\ntds.dit,0,5/23/2026,0,1,1,12
2026-05-23T13:47:33.726241Z,"{'#attributes': {'Qualifiers': 16384}, '#text': 3033}",dc.scaffold.htb,Microsoft-Windows-ActiveDirectory_DomainService,Directory Service,525,4,,,,,,,,,,,,,,
2026-05-23T13:47:33.726241Z,"{'#attributes': {'Qualifiers': 16384}, '#text': 3027}",dc.scaffold.htb,Microsoft-Windows-ActiveDirectory_DomainService,Directory Service,526,4,,3600,,,,,,,,,,,,
2026-05-23T13:47:33.726241Z,"{'#attributes': {'Qualifiers': 16384}, '#text': 1869}",dc.scaffold.htb,Microsoft-Windows-ActiveDirectory_DomainService,Directory Service,527,4,,,\\dc.scaffold.htb,Default-First-Site-Name,,,,,,,,,,
2026-05-23T15:34:23.956829Z,"{'#attributes': {'Qualifiers': 16384}, '#text': 2179}",dc.scaffold.htb,Microsoft-Windows-ActiveDirectory_DomainService,Directory Service,528,4,,3093923122130046776,,,,,,,,,,,,
2026-05-23T15:34:25.239524Z,"{'#attributes': {'Qualifiers': 16384}, '#text': 1004}",dc.scaffold.htb,Microsoft-Windows-ActiveDirectory_DomainService,Directory Service,529,4,,,,,,,,,,,,,,
2026-05-23T23:00:39.986386Z,"{'#attributes': {'Qualifiers': 32768}, '#text': 3051}",dc.scaffold.htb,Microsoft-Windows-ActiveDirectory_DomainService,Directory Service,530,3,,,,,,,,,,,,,,
2026-05-23T23:00:39.986386Z,"{'#attributes': {'Qualifiers': 32768}, '#text': 3054}",dc.scaffold.htb,Microsoft-Windows-ActiveDirectory_DomainService,Directory Service,531,3,,,,,,,,,,,,,,
2026-05-23T23:00:40.174132Z,"{'#attributes': {'Qualifiers': 16384}, '#text': 2121}",dc.scaffold.htb,Microsoft-Windows-ActiveDirectory_DomainService,Directory Service,532,4,,,,,,,,,,,,,,
2026-05-23T23:00:40.174132Z,"{'#attributes': {'Qualifiers': 16384}, '#text': 2406}",dc.scaffold.htb,Microsoft-Windows-ActiveDirectory_DomainService,Directory Service,533,4,,Recycle Bin Feature,,,,,,,,,,,,
2026-05-23T23:00:40.174132Z,"{'#attributes': {'Qualifiers': 16384}, '#text': 2406}",dc.scaffold.htb,Microsoft-Windows-ActiveDirectory_DomainService,Directory Service,534,4,,Privileged Access Management Feature,,,,,,,,,,,,
2026-05-23T23:00:40.174132Z,"{'#attributes': {'Qualifiers': 16384}, '#text': 2168}",dc.scaffold.htb,Microsoft-Windows-ActiveDirectory_DomainService,Directory Service,535,4,,3093923122130046776,,,,,,,,,,,,
2026-05-23T23:00:40.174132Z,"{'#attributes': {'Qualifiers': 16384}, '#text': 2172}",dc.scaffold.htb,Microsoft-Windows-ActiveDirectory_DomainService,Directory Service,536,4,,3093923122130046776,,,,,,,,,,,,
2026-05-23T23:00:40.189833Z,"{'#attributes': {'Qualifiers': 16384}, '#text': 2120}",dc.scaffold.htb,Microsoft-Windows-ActiveDirectory_DomainService,Directory Service,537,4,,,,,,,,,,,,,,
2026-05-23T23:00:40.189833Z,"{'#attributes': {'Qualifiers': 16384}, '#text': 2405}",dc.scaffold.htb,Microsoft-Windows-ActiveDirectory_DomainService,Directory Service,538,4,,Recycle Bin Feature,,,,,,,,,,,,
2026-05-23T23:00:40.189833Z,"{'#attributes': {'Qualifiers': 16384}, '#text': 2405}",dc.scaffold.htb,Microsoft-Windows-ActiveDirectory_DomainService,Directory Service,539,4,,Privileged Access Management Feature,,,,,,,,,,,,
2026-05-23T23:00:50.204844Z,"{'#attributes': {'Qualifiers': 32768}, '#text': 2886}",dc.scaffold.htb,Microsoft-Windows-ActiveDirectory_DomainService,Directory Service,540,3,,,,,,,,,,,,,,
2026-05-23T23:00:50.204844Z,"{'#attributes': {'Qualifiers': 32768}, '#text': 3041}",dc.scaffold.htb,Microsoft-Windows-ActiveDirectory_DomainService,Directory Service,541,3,,,,,,,,,,,,,,
2026-05-23T23:00:50.204844Z,"{'#attributes': {'Qualifiers': 16384}, '#text': 1000}",dc.scaffold.htb,Microsoft-Windows-ActiveDirectory_DomainService,Directory Service,542,4,,,,,,,,,,,,,,
2026-05-23T23:01:20.218066Z,"{'#attributes': {'Qualifiers': 16384}, '#text': 1394}",dc.scaffold.htb,Microsoft-Windows-ActiveDirectory_DomainService,Directory Service,543,4,,,,,,,,,,,,,,
2026-05-23T23:15:50.268573Z,"{'#attributes': {'Qualifiers': 0}, '#text': 102}",dc.scaffold.htb,NTDS ISAM,Directory Service,544,4,,,NTDS,"768,P,98",,,NTDSA: ,0,10,00,20348,0000,,
2026-05-23T23:15:50.268573Z,"{'#attributes': {'Qualifiers': 0}, '#text': 105}",dc.scaffold.htb,NTDS ISAM,Directory Service,545,4,,,NTDS,"768,D,0",,,NTDSA: ,0,0,"
[1] 0.002805 +J(0) +M(C:0K, Fs:146, WS:556K # 0K, PF:3376K # 344K, P:3376K)
[2] 0.002559 +J(0) +M(C:16K, Fs:93, WS:368K # 312K, PF:324K # 324K, P:324K)
[3] 0.002197 +J(0) +M(C:0K, Fs:6, WS:20K # 20K, PF:68K # 68K, P:68K)
[4] 0.021639 -0.000327 (1) WT +J(0) +M(C:0K, Fs:129, WS:444K # 444K, PF:5212K # 5212K, P:5212K)
[5] 0.001294 +J(0) +M(C:0K, Fs:2, WS:8K # 8K, PF:4K # 4K, P:4K)
[6] 0.006612 +J(0) +M(C:0K, Fs:23, WS:88K # 88K, PF:20K # 20K, P:20K)
[7] 0.057353 -0.034859 (21) WT +J(0) +M(C:0K, Fs:2580, WS:10296K # 10296K, PF:10264K # 10264K, P:10264K)
[8] -
[9] -
[10] -
[11] -
[12] -
[13] 0.030712 -0.016062 (22) WT +J(CM:0, PgRf:0, Rd:0/0, Dy:0/0, Lg:616/1) +M(C:0K, Fs:8, WS:-10216K # 24K, PF:-10260K # 12K, P:-10260K)
[14] 0.000045 +J(0)
[15] 0.000518 +J(0) +M(C:0K, Fs:207, WS:820K # 0K, PF:72K # 0K, P:72K)
[16] 0.001072 -0.000362 (1) WT +J(0) +M(C:0K, Fs:4, WS:8K # 0K, PF:4K # 0K, P:4K).",,,,
2026-05-23T23:15:50.268573Z,"{'#attributes': {'Qualifiers': 0}, '#text': 330}",dc.scaffold.htb,NTDS ISAM,Directory Service,546,4,,,NTDS,"768,D,50",,,NTDSA: ,C:\Windows\NTDS\ntds.dit,0x22D8 (8920),8920 (0x22d8),9360 (0x2490),,,
2026-05-23T23:15:50.268573Z,"{'#attributes': {'Qualifiers': 0}, '#text': 326}",dc.scaffold.htb,NTDS ISAM,Directory Service,547,4,,,NTDS,"768,D,50",,,NTDSA: ,1,C:\Windows\NTDS\ntds.dit,0,"
[1] 0.000014 +J(0) +M(C:0K, Fs:1, WS:4K # 0K, PF:0K # 0K, P:0K)
[2] 0.000721 -0.000224 (1) WT +J(0) +M(C:0K, Fs:19, WS:12K # 0K, PF:8K # 0K, P:8K)
[3] 0.007006 -0.002649 (6) WT +J(CM:0, PgRf:0, Rd:0/0, Dy:0/0, Lg:3480/2) +M(C:0K, Fs:18, WS:60K # 0K, PF:132K # 0K, P:132K)
[4] 0.000229 +J(0)
[5] -
[6] -
[7] -
[8] 0.006301 -0.000744 (2) CM -0.000464 (2) WT +J(CM:2, PgRf:2, Rd:4/2, Dy:0/0, Lg:0/0) +M(C:16K, Fs:45, WS:172K # 0K, PF:220K # 0K, P:220K)
[9] 0.006531 -0.004856 (7) CM -0.003977 (7) WT +J(CM:7, PgRf:24, Rd:0/7, Dy:0/0, Lg:0/0) +M(C:-8K, Fs:30, WS:104K # 0K, PF:196K # 0K, P:196K)
[10] 0.001706 -0.001234 (3) CM -0.000840 (3) WT +J(CM:3, PgRf:40, Rd:0/3, Dy:0/0, Lg:0/0) +M(C:-4K, Fs:5, WS:12K # 0K, PF:60K # 0K, P:60K)
[11] 0.000091 +J(CM:0, PgRf:1, Rd:0/0, Dy:0/0, Lg:0/0) +M(C:0K, Fs:4, WS:16K # 0K, PF:0K # 0K, P:0K)
[12] 0.000077 +J(CM:0, PgRf:48, Rd:0/0, Dy:0/0, Lg:0/0) +M(C:0K, Fs:2, WS:8K # 0K, PF:0K # 0K, P:0K)
[13] 0.000002 +J(0)
[14] 0.0 +J(0)
[15] 0.000008 +J(CM:0, PgRf:1, Rd:0/0, Dy:0/0, Lg:0/0).",0 0,"lgposAttach = 00000002:0933:0268,
dbv = 1568.20.0 (8920)",
2026-05-23T23:15:50.268573Z,"{'#attributes': {'Qualifiers': 0}, '#text': 330}",dc.scaffold.htb,NTDS ISAM,Directory Service,548,4,,,NTDS,"768,D,2",,,NTDSA: ,C:\Windows\NTDS\temp.edb,0x22D8 (8920),8920 (0x22d8),9360 (0x2490),,,
2026-05-23T23:15:50.284329Z,"{'#attributes': {'Qualifiers': 0}, '#text': 700}",dc.scaffold.htb,NTDS ISAM,Directory Service,549,4,,,NTDS,"768,D,0",,,NTDSA: ,C:\Windows\NTDS\ntds.dit,,,,,,
2026-05-23T23:15:50.393347Z,"{'#attributes': {'Qualifiers': 0}, '#text': 701}",dc.scaffold.htb,NTDS ISAM,Directory Service,550,4,,,NTDS,"768,D,0",,,NTDSA: ,C:\Windows\NTDS\ntds.dit,1,5/23/2026,0,1,1,13
2026-05-23T23:15:50.268573Z,"{'#attributes': {'Qualifiers': 16384}, '#text': 3033}",dc.scaffold.htb,Microsoft-Windows-ActiveDirectory_DomainService,Directory Service,551,4,,,,,,,,,,,,,,
2026-05-23T23:15:50.268573Z,"{'#attributes': {'Qualifiers': 16384}, '#text': 3027}",dc.scaffold.htb,Microsoft-Windows-ActiveDirectory_DomainService,Directory Service,552,4,,3600,,,,,,,,,,,,
2026-05-23T23:15:50.268573Z,"{'#attributes': {'Qualifiers': 16384}, '#text': 1869}",dc.scaffold.htb,Microsoft-Windows-ActiveDirectory_DomainService,Directory Service,553,4,,,\\dc.scaffold.htb,Default-First-Site-Name,,,,,,,,,,
2026-05-24T00:05:02.377495Z,"{'#attributes': {'Qualifiers': 32768}, '#text': 3051}",dc.scaffold.htb,Microsoft-Windows-ActiveDirectory_DomainService,Directory Service,554,3,,,,,,,,,,,,,,
2026-05-24T00:05:02.377495Z,"{'#attributes': {'Qualifiers': 32768}, '#text': 3054}",dc.scaffold.htb,Microsoft-Windows-ActiveDirectory_DomainService,Directory Service,555,3,,,,,,,,,,,,,,
2026-05-24T00:05:02.627776Z,"{'#attributes': {'Qualifiers': 16384}, '#text': 2121}",dc.scaffold.htb,Microsoft-Windows-ActiveDirectory_DomainService,Directory Service,556,4,,,,,,,,,,,,,,
2026-05-24T00:05:02.627776Z,"{'#attributes': {'Qualifiers': 16384}, '#text': 2406}",dc.scaffold.htb,Microsoft-Windows-ActiveDirectory_DomainService,Directory Service,557,4,,Recycle Bin Feature,,,,,,,,,,,,
2026-05-24T00:05:02.627776Z,"{'#attributes': {'Qualifiers': 16384}, '#text': 2406}",dc.scaffold.htb,Microsoft-Windows-ActiveDirectory_DomainService,Directory Service,558,4,,Privileged Access Management Feature,,,,,,,,,,,,
2026-05-24T00:05:02.627776Z,"{'#attributes': {'Qualifiers': 16384}, '#text': 2168}",dc.scaffold.htb,Microsoft-Windows-ActiveDirectory_DomainService,Directory Service,559,4,,3093923122130046776,,,,,,,,,,,,
2026-05-24T00:05:02.627776Z,"{'#attributes': {'Qualifiers': 16384}, '#text': 2172}",dc.scaffold.htb,Microsoft-Windows-ActiveDirectory_DomainService,Directory Service,560,4,,3093923122130046776,,,,,,,,,,,,
2026-05-24T00:05:02.642738Z,"{'#attributes': {'Qualifiers': 16384}, '#text': 2120}",dc.scaffold.htb,Microsoft-Windows-ActiveDirectory_DomainService,Directory Service,561,4,,,,,,,,,,,,,,
2026-05-24T00:05:02.642738Z,"{'#attributes': {'Qualifiers': 16384}, '#text': 2405}",dc.scaffold.htb,Microsoft-Windows-ActiveDirectory_DomainService,Directory Service,562,4,,Recycle Bin Feature,,,,,,,,,,,,
2026-05-24T00:05:02.642738Z,"{'#attributes': {'Qualifiers': 16384}, '#text': 2405}",dc.scaffold.htb,Microsoft-Windows-ActiveDirectory_DomainService,Directory Service,563,4,,Privileged Access Management Feature,,,,,,,,,,,,
2026-05-24T00:05:12.668884Z,"{'#attributes': {'Qualifiers': 32768}, '#text': 2886}",dc.scaffold.htb,Microsoft-Windows-ActiveDirectory_DomainService,Directory Service,564,3,,,,,,,,,,,,,,
2026-05-24T00:05:12.668884Z,"{'#attributes': {'Qualifiers': 32768}, '#text': 3041}",dc.scaffold.htb,Microsoft-Windows-ActiveDirectory_DomainService,Directory Service,565,3,,,,,,,,,,,,,,
2026-05-24T00:05:12.668884Z,"{'#attributes': {'Qualifiers': 16384}, '#text': 1000}",dc.scaffold.htb,Microsoft-Windows-ActiveDirectory_DomainService,Directory Service,566,4,,,,,,,,,,,,,,
2026-05-24T00:05:42.701226Z,"{'#attributes': {'Qualifiers': 16384}, '#text': 1394}",dc.scaffold.htb,Microsoft-Windows-ActiveDirectory_DomainService,Directory Service,567,4,,,,,,,,,,,,,,
2026-05-24T00:20:12.750454Z,"{'#attributes': {'Qualifiers': 16384}, '#text': 3033}",dc.scaffold.htb,Microsoft-Windows-ActiveDirectory_DomainService,Directory Service,568,4,,,,,,,,,,,,,,
2026-05-24T00:20:12.750454Z,"{'#attributes': {'Qualifiers': 16384}, '#text': 3027}",dc.scaffold.htb,Microsoft-Windows-ActiveDirectory_DomainService,Directory Service,569,4,,3600,,,,,,,,,,,,
2026-05-24T00:20:12.750454Z,"{'#attributes': {'Qualifiers': 16384}, '#text': 1869}",dc.scaffold.htb,Microsoft-Windows-ActiveDirectory_DomainService,Directory Service,570,4,,,\\dc.scaffold.htb,Default-First-Site-Name,,,,,,,,,,
2026-05-24T00:37:11.037939Z,"{'#attributes': {'Qualifiers': 16384}, '#text': 2179}",dc.scaffold.htb,Microsoft-Windows-ActiveDirectory_DomainService,Directory Service,571,4,,3093923122130046776,,,,,,,,,,,,
2026-05-24T00:37:12.318527Z,"{'#attributes': {'Qualifiers': 16384}, '#text': 1004}",dc.scaffold.htb,Microsoft-Windows-ActiveDirectory_DomainService,Directory Service,572,4,,,,,,,,,,,,,,
2026-05-24T01:08:24.474579Z,"{'#attributes': {'Qualifiers': 32768}, '#text': 3051}",dc.scaffold.htb,Microsoft-Windows-ActiveDirectory_DomainService,Directory Service,573,3,,,,,,,,,,,,,,
2026-05-24T01:08:24.474579Z,"{'#attributes': {'Qualifiers': 32768}, '#text': 3054}",dc.scaffold.htb,Microsoft-Windows-ActiveDirectory_DomainService,Directory Service,574,3,,,,,,,,,,,,,,
2026-05-24T01:08:24.709419Z,"{'#attributes': {'Qualifiers': 16384}, '#text': 2121}",dc.scaffold.htb,Microsoft-Windows-ActiveDirectory_DomainService,Directory Service,575,4,,,,,,,,,,,,,,
2026-05-24T01:08:24.724590Z,"{'#attributes': {'Qualifiers': 16384}, '#text': 2406}",dc.scaffold.htb,Microsoft-Windows-ActiveDirectory_DomainService,Directory Service,576,4,,Recycle Bin Feature,,,,,,,,,,,,
2026-05-24T01:08:24.724590Z,"{'#attributes': {'Qualifiers': 16384}, '#text': 2406}",dc.scaffold.htb,Microsoft-Windows-ActiveDirectory_DomainService,Directory Service,577,4,,Privileged Access Management Feature,,,,,,,,,,,,
2026-05-24T01:08:24.724590Z,"{'#attributes': {'Qualifiers': 16384}, '#text': 2168}",dc.scaffold.htb,Microsoft-Windows-ActiveDirectory_DomainService,Directory Service,578,4,,3093923122130046776,,,,,,,,,,,,
2026-05-24T01:08:24.724590Z,"{'#attributes': {'Qualifiers': 16384}, '#text': 2172}",dc.scaffold.htb,Microsoft-Windows-ActiveDirectory_DomainService,Directory Service,579,4,,3093923122130046776,,,,,,,,,,,,
2026-05-24T01:08:24.724590Z,"{'#attributes': {'Qualifiers': 16384}, '#text': 2120}",dc.scaffold.htb,Microsoft-Windows-ActiveDirectory_DomainService,Directory Service,580,4,,,,,,,,,,,,,,
2026-05-24T01:08:24.724590Z,"{'#attributes': {'Qualifiers': 16384}, '#text': 2405}",dc.scaffold.htb,Microsoft-Windows-ActiveDirectory_DomainService,Directory Service,581,4,,Recycle Bin Feature,,,,,,,,,,,,
2026-05-24T01:08:24.724590Z,"{'#attributes': {'Qualifiers': 16384}, '#text': 2405}",dc.scaffold.htb,Microsoft-Windows-ActiveDirectory_DomainService,Directory Service,582,4,,Privileged Access Management Feature,,,,,,,,,,,,
2026-05-24T01:08:34.746678Z,"{'#attributes': {'Qualifiers': 32768}, '#text': 2886}",dc.scaffold.htb,Microsoft-Windows-ActiveDirectory_DomainService,Directory Service,583,3,,,,,,,,,,,,,,
2026-05-24T01:08:34.746678Z,"{'#attributes': {'Qualifiers': 32768}, '#text': 3041}",dc.scaffold.htb,Microsoft-Windows-ActiveDirectory_DomainService,Directory Service,584,3,,,,,,,,,,,,,,
2026-05-24T01:08:34.746678Z,"{'#attributes': {'Qualifiers': 16384}, '#text': 1000}",dc.scaffold.htb,Microsoft-Windows-ActiveDirectory_DomainService,Directory Service,585,4,,,,,,,,,,,,,,
2026-05-24T01:09:04.759845Z,"{'#attributes': {'Qualifiers': 16384}, '#text': 1394}",dc.scaffold.htb,Microsoft-Windows-ActiveDirectory_DomainService,Directory Service,586,4,,,,,,,,,,,,,,
2026-05-24T01:13:12.688697Z,"{'#attributes': {'Qualifiers': 16384}, '#text': 2179}",dc.scaffold.htb,Microsoft-Windows-ActiveDirectory_DomainService,Directory Service,587,4,,3093923122130046776,,,,,,,,,,,,
2026-05-24T01:13:14.626566Z,"{'#attributes': {'Qualifiers': 16384}, '#text': 1004}",dc.scaffold.htb,Microsoft-Windows-ActiveDirectory_DomainService,Directory Service,588,4,,,,,,,,,,,,,,
2026-05-24T10:55:22.973346Z,"{'#attributes': {'Qualifiers': 32768}, '#text': 3051}",dc.scaffold.htb,Microsoft-Windows-ActiveDirectory_DomainService,Directory Service,589,3,,,,,,,,,,,,,,
2026-05-24T10:55:22.973346Z,"{'#attributes': {'Qualifiers': 32768}, '#text': 3054}",dc.scaffold.htb,Microsoft-Windows-ActiveDirectory_DomainService,Directory Service,590,3,,,,,,,,,,,,,,
2026-05-24T10:55:23.068028Z,"{'#attributes': {'Qualifiers': 16384}, '#text': 2121}",dc.scaffold.htb,Microsoft-Windows-ActiveDirectory_DomainService,Directory Service,591,4,,,,,,,,,,,,,,
2026-05-24T10:55:23.068028Z,"{'#attributes': {'Qualifiers': 16384}, '#text': 2406}",dc.scaffold.htb,Microsoft-Windows-ActiveDirectory_DomainService,Directory Service,592,4,,Recycle Bin Feature,,,,,,,,,,,,
2026-05-24T10:55:23.068028Z,"{'#attributes': {'Qualifiers': 16384}, '#text': 2406}",dc.scaffold.htb,Microsoft-Windows-ActiveDirectory_DomainService,Directory Service,593,4,,Privileged Access Management Feature,,,,,,,,,,,,
2026-05-24T10:55:23.068028Z,"{'#attributes': {'Qualifiers': 16384}, '#text': 2168}",dc.scaffold.htb,Microsoft-Windows-ActiveDirectory_DomainService,Directory Service,594,4,,6269755032554590376,,,,,,,,,,,,
2026-05-24T10:55:23.068028Z,"{'#attributes': {'Qualifiers': 16384}, '#text': 2172}",dc.scaffold.htb,Microsoft-Windows-ActiveDirectory_DomainService,Directory Service,595,4,,3093923122130046776,,,,,,,,,,,,
2026-05-24T10:55:23.068028Z,"{'#attributes': {'Qualifiers': 32768}, '#text': 2170}",dc.scaffold.htb,Microsoft-Windows-ActiveDirectory_DomainService,Directory Service,596,3,,,3093923122130046776,6269755032554590376,,,,,,,,,,
2026-05-24T10:55:23.068028Z,"{'#attributes': {'Qualifiers': 16384}, '#text': 1109}",dc.scaffold.htb,Microsoft-Windows-ActiveDirectory_DomainService,Directory Service,597,4,,,306fc8ad-c13d-4210-bfa4-348bedf88771,4052b88a-c04f-42f0-b0f6-5fd81c39c0a6,,,110617,,,,,,,
2026-05-24T10:55:23.083702Z,"{'#attributes': {'Qualifiers': 16384}, '#text': 2179}",dc.scaffold.htb,Microsoft-Windows-ActiveDirectory_DomainService,Directory Service,598,4,,6269755032554590376,,,,,,,,,,,,
2026-05-24T10:55:23.083702Z,"{'#attributes': {'Qualifiers': 16384}, '#text': 2208}",dc.scaffold.htb,Microsoft-Windows-ActiveDirectory_DomainService,Directory Service,599,4,,,,,,,,,,,,,,
2026-05-24T10:55:23.083702Z,"{'#attributes': {'Qualifiers': 16384}, '#text': 2120}",dc.scaffold.htb,Microsoft-Windows-ActiveDirectory_DomainService,Directory Service,600,4,,,,,,,,,,,,,,
2026-05-24T10:55:23.083702Z,"{'#attributes': {'Qualifiers': 16384}, '#text': 2405}",dc.scaffold.htb,Microsoft-Windows-ActiveDirectory_DomainService,Directory Service,601,4,,Recycle Bin Feature,,,,,,,,,,,,
2026-05-24T10:55:23.083702Z,"{'#attributes': {'Qualifiers': 16384}, '#text': 2405}",dc.scaffold.htb,Microsoft-Windows-ActiveDirectory_DomainService,Directory Service,602,4,,Privileged Access Management Feature,,,,,,,,,,,,
2026-05-24T10:55:33.108835Z,"{'#attributes': {'Qualifiers': 32768}, '#text': 2886}",dc.scaffold.htb,Microsoft-Windows-ActiveDirectory_DomainService,Directory Service,603,3,,,,,,,,,,,,,,
2026-05-24T10:55:33.108835Z,"{'#attributes': {'Qualifiers': 32768}, '#text': 3041}",dc.scaffold.htb,Microsoft-Windows-ActiveDirectory_DomainService,Directory Service,604,3,,,,,,,,,,,,,,
2026-05-24T10:55:33.108835Z,"{'#attributes': {'Qualifiers': 16384}, '#text': 1000}",dc.scaffold.htb,Microsoft-Windows-ActiveDirectory_DomainService,Directory Service,605,4,,,,,,,,,,,,,,
2026-05-24T10:56:03.112709Z,"{'#attributes': {'Qualifiers': 16384}, '#text': 1394}",dc.scaffold.htb,Microsoft-Windows-ActiveDirectory_DomainService,Directory Service,606,4,,,,,,,,,,,,,,
2026-05-24T11:10:37.480487Z,"{'#attributes': {'Qualifiers': 0}, '#text': 102}",dc.scaffold.htb,NTDS ISAM,Directory Service,607,4,,,NTDS,"760,P,98",,,NTDSA: ,0,10,00,20348,0000,,
2026-05-24T11:10:37.496138Z,"{'#attributes': {'Qualifiers': 0}, '#text': 105}",dc.scaffold.htb,NTDS ISAM,Directory Service,608,4,,,NTDS,"760,D,0",,,NTDSA: ,0,0,"
[1] 0.001114 +J(0) +M(C:0K, Fs:142, WS:544K # 0K, PF:3368K # 360K, P:3368K)
[2] 0.001106 +J(0) +M(C:16K, Fs:88, WS:344K # 300K, PF:300K # 300K, P:300K)
[3] 0.000701 +J(0) +M(C:0K, Fs:5, WS:20K # 20K, PF:64K # 64K, P:64K)
[4] 0.008672 -0.000126 (1) WT +J(0) +M(C:0K, Fs:125, WS:424K # 424K, PF:5200K # 5200K, P:5200K)
[5] 0.000712 +J(0) +M(C:0K, Fs:4, WS:16K # 16K, PF:12K # 12K, P:12K)
[6] 0.003514 +J(0) +M(C:0K, Fs:21, WS:84K # 84K, PF:16K # 16K, P:16K)
[7] 0.032951 -0.024321 (21) WT +J(0) +M(C:0K, Fs:2579, WS:10296K # 10296K, PF:10260K # 10260K, P:10260K)
[8] -
[9] -
[10] -
[11] -
[12] -
[13] 0.015597 -0.007991 (22) WT +J(CM:0, PgRf:0, Rd:0/0, Dy:0/0, Lg:616/1) +M(C:0K, Fs:10, WS:-10216K # 24K, PF:-10252K # 16K, P:-10252K)
[14] 0.000031 +J(0)
[15] 0.000240 +J(0) +M(C:0K, Fs:206, WS:820K # 0K, PF:68K # 0K, P:68K)
[16] 0.000510 -0.000155 (1) WT +J(0) +M(C:0K, Fs:3, WS:4K # 0K, PF:0K # 0K, P:0K).",,,,
2026-05-24T11:10:37.496138Z,"{'#attributes': {'Qualifiers': 0}, '#text': 330}",dc.scaffold.htb,NTDS ISAM,Directory Service,609,4,,,NTDS,"760,D,50",,,NTDSA: ,C:\Windows\NTDS\ntds.dit,0x22D8 (8920),8920 (0x22d8),9360 (0x2490),,,
2026-05-24T11:10:37.496138Z,"{'#attributes': {'Qualifiers': 0}, '#text': 326}",dc.scaffold.htb,NTDS ISAM,Directory Service,610,4,,,NTDS,"760,D,50",,,NTDSA: ,1,C:\Windows\NTDS\ntds.dit,0,"
[1] 0.000004 +J(0) +M(C:0K, Fs:1, WS:4K # 0K, PF:0K # 0K, P:0K)
[2] 0.000312 -0.000142 (1) WT +J(0) +M(C:0K, Fs:19, WS:12K # 0K, PF:8K # 0K, P:8K)
[3] 0.003137 -0.001144 (6) WT +J(CM:0, PgRf:0, Rd:0/0, Dy:0/0, Lg:3480/2) +M(C:0K, Fs:19, WS:64K # 0K, PF:136K # 0K, P:136K)
[4] 0.000085 +J(0)
[5] -
[6] -
[7] -
[8] 0.003313 -0.000414 (2) CM -0.000240 (2) WT +J(CM:2, PgRf:2, Rd:4/2, Dy:0/0, Lg:0/0) +M(C:32K, Fs:45, WS:172K # 0K, PF:236K # 0K, P:236K)
[9] 0.002042 -0.001637 (5) CM -0.001315 (5) WT +J(CM:5, PgRf:24, Rd:0/5, Dy:0/0, Lg:0/0) +M(C:-20K, Fs:32, WS:104K # 0K, PF:180K # 0K, P:180K)
[10] 0.000627 -0.000453 (3) CM -0.000285 (3) WT +J(CM:3, PgRf:40, Rd:0/3, Dy:0/0, Lg:0/0) +M(C:-8K, Fs:5, WS:8K # 0K, PF:56K # 0K, P:56K)
[11] 0.000190 -0.000145 (1) CM -0.000088 (1) WT +J(CM:1, PgRf:1, Rd:0/1, Dy:0/0, Lg:0/0) +M(C:0K, Fs:5, WS:16K # 0K, PF:0K # 0K, P:0K)
[12] 0.000224 -0.000112 (1) CM -0.000074 (1) WT +J(CM:1, PgRf:48, Rd:0/1, Dy:0/0, Lg:0/0) +M(C:0K, Fs:3, WS:8K # 0K, PF:0K # 0K, P:0K)
[13] 0.000002 +J(0)
[14] 0.0 +J(0)
[15] 0.000198 -0.000161 (1) CM -0.000084 (1) WT +J(CM:1, PgRf:1, Rd:0/1, Dy:0/0, Lg:0/0) +M(C:0K, Fs:1, WS:0K # 0K, PF:0K # 0K, P:0K).",0 0,"lgposAttach = 00000002:0969:0268,
dbv = 1568.20.0 (8920)",
2026-05-24T11:10:37.496138Z,"{'#attributes': {'Qualifiers': 0}, '#text': 330}",dc.scaffold.htb,NTDS ISAM,Directory Service,611,4,,,NTDS,"760,D,2",,,NTDSA: ,C:\Windows\NTDS\temp.edb,0x22D8 (8920),8920 (0x22d8),9360 (0x2490),,,
2026-05-24T11:10:37.496138Z,"{'#attributes': {'Qualifiers': 0}, '#text': 700}",dc.scaffold.htb,NTDS ISAM,Directory Service,612,4,,,NTDS,"760,D,0",,,NTDSA: ,C:\Windows\NTDS\ntds.dit,,,,,,
2026-05-24T11:10:37.638178Z,"{'#attributes': {'Qualifiers': 0}, '#text': 701}",dc.scaffold.htb,NTDS ISAM,Directory Service,613,4,,,NTDS,"760,D,0",,,NTDSA: ,C:\Windows\NTDS\ntds.dit,2,5/24/2026,0,1,1,14
2026-05-24T11:10:37.480487Z,"{'#attributes': {'Qualifiers': 16384}, '#text': 3033}",dc.scaffold.htb,Microsoft-Windows-ActiveDirectory_DomainService,Directory Service,614,4,,,,,,,,,,,,,,
2026-05-24T11:10:37.480487Z,"{'#attributes': {'Qualifiers': 16384}, '#text': 3027}",dc.scaffold.htb,Microsoft-Windows-ActiveDirectory_DomainService,Directory Service,615,4,,3600,,,,,,,,,,,,
2026-05-24T11:10:37.480487Z,"{'#attributes': {'Qualifiers': 16384}, '#text': 1869}",dc.scaffold.htb,Microsoft-Windows-ActiveDirectory_DomainService,Directory Service,616,4,,,\\dc.scaffold.htb,Default-First-Site-Name,,,,,,,,,,
2026-05-24T11:38:48.872557Z,"{'#attributes': {'Qualifiers': 16384}, '#text': 2179}",dc.scaffold.htb,Microsoft-Windows-ActiveDirectory_DomainService,Directory Service,617,4,,6269755032554590376,,,,,,,,,,,,
2026-05-24T11:38:50.145406Z,"{'#attributes': {'Qualifiers': 16384}, '#text': 1004}",dc.scaffold.htb,Microsoft-Windows-ActiveDirectory_DomainService,Directory Service,618,4,,,,,,,,,,,,,,
2026-05-24T14:36:37.099114Z,"{'#attributes': {'Qualifiers': 32768}, '#text': 3051}",dc.scaffold.htb,Microsoft-Windows-ActiveDirectory_DomainService,Directory Service,619,3,,,,,,,,,,,,,,
2026-05-24T14:36:37.099114Z,"{'#attributes': {'Qualifiers': 32768}, '#text': 3054}",dc.scaffold.htb,Microsoft-Windows-ActiveDirectory_DomainService,Directory Service,620,3,,,,,,,,,,,,,,
2026-05-24T14:36:37.224116Z,"{'#attributes': {'Qualifiers': 16384}, '#text': 2121}",dc.scaffold.htb,Microsoft-Windows-ActiveDirectory_DomainService,Directory Service,621,4,,,,,,,,,,,,,,
2026-05-24T14:36:37.224116Z,"{'#attributes': {'Qualifiers': 16384}, '#text': 2406}",dc.scaffold.htb,Microsoft-Windows-ActiveDirectory_DomainService,Directory Service,622,4,,Recycle Bin Feature,,,,,,,,,,,,
2026-05-24T14:36:37.224116Z,"{'#attributes': {'Qualifiers': 16384}, '#text': 2406}",dc.scaffold.htb,Microsoft-Windows-ActiveDirectory_DomainService,Directory Service,623,4,,Privileged Access Management Feature,,,,,,,,,,,,
2026-05-24T14:36:37.224116Z,"{'#attributes': {'Qualifiers': 16384}, '#text': 2168}",dc.scaffold.htb,Microsoft-Windows-ActiveDirectory_DomainService,Directory Service,624,4,,6522952311863616234,,,,,,,,,,,,
2026-05-24T14:36:37.224116Z,"{'#attributes': {'Qualifiers': 16384}, '#text': 2172}",dc.scaffold.htb,Microsoft-Windows-ActiveDirectory_DomainService,Directory Service,625,4,,6269755032554590376,,,,,,,,,,,,
2026-05-24T14:36:37.224116Z,"{'#attributes': {'Qualifiers': 32768}, '#text': 2170}",dc.scaffold.htb,Microsoft-Windows-ActiveDirectory_DomainService,Directory Service,626,3,,,6269755032554590376,6522952311863616234,,,,,,,,,,
2026-05-24T14:36:37.224116Z,"{'#attributes': {'Qualifiers': 16384}, '#text': 1109}",dc.scaffold.htb,Microsoft-Windows-ActiveDirectory_DomainService,Directory Service,627,4,,,4052b88a-c04f-42f0-b0f6-5fd81c39c0a6,70fdab6f-1997-40e8-b919-611e3f84174c,,,114714,,,,,,,
2026-05-24T14:36:37.224116Z,"{'#attributes': {'Qualifiers': 16384}, '#text': 2179}",dc.scaffold.htb,Microsoft-Windows-ActiveDirectory_DomainService,Directory Service,628,4,,6522952311863616234,,,,,,,,,,,,
2026-05-24T14:36:37.239729Z,"{'#attributes': {'Qualifiers': 16384}, '#text': 2208}",dc.scaffold.htb,Microsoft-Windows-ActiveDirectory_DomainService,Directory Service,629,4,,,,,,,,,,,,,,
2026-05-24T14:36:37.239729Z,"{'#attributes': {'Qualifiers': 16384}, '#text': 2120}",dc.scaffold.htb,Microsoft-Windows-ActiveDirectory_DomainService,Directory Service,630,4,,,,,,,,,,,,,,
2026-05-24T14:36:37.239729Z,"{'#attributes': {'Qualifiers': 16384}, '#text': 2405}",dc.scaffold.htb,Microsoft-Windows-ActiveDirectory_DomainService,Directory Service,631,4,,Recycle Bin Feature,,,,,,,,,,,,
2026-05-24T14:36:37.239729Z,"{'#attributes': {'Qualifiers': 16384}, '#text': 2405}",dc.scaffold.htb,Microsoft-Windows-ActiveDirectory_DomainService,Directory Service,632,4,,Privileged Access Management Feature,,,,,,,,,,,,
2026-05-24T14:36:47.248285Z,"{'#attributes': {'Qualifiers': 32768}, '#text': 2886}",dc.scaffold.htb,Microsoft-Windows-ActiveDirectory_DomainService,Directory Service,633,3,,,,,,,,,,,,,,
2026-05-24T14:36:47.248285Z,"{'#attributes': {'Qualifiers': 32768}, '#text': 3041}",dc.scaffold.htb,Microsoft-Windows-ActiveDirectory_DomainService,Directory Service,634,3,,,,,,,,,,,,,,
2026-05-24T14:36:47.248285Z,"{'#attributes': {'Qualifiers': 16384}, '#text': 1000}",dc.scaffold.htb,Microsoft-Windows-ActiveDirectory_DomainService,Directory Service,635,4,,,,,,,,,,,,,,
2026-05-24T14:37:17.258734Z,"{'#attributes': {'Qualifiers': 16384}, '#text': 1394}",dc.scaffold.htb,Microsoft-Windows-ActiveDirectory_DomainService,Directory Service,636,4,,,,,,,,,,,,,,
2026-05-24T14:43:11.274084Z,"{'#attributes': {'Qualifiers': 16384}, '#text': 2179}",dc.scaffold.htb,Microsoft-Windows-ActiveDirectory_DomainService,Directory Service,637,4,,6522952311863616234,,,,,,,,,,,,
2026-05-24T14:43:13.772026Z,"{'#attributes': {'Qualifiers': 16384}, '#text': 1004}",dc.scaffold.htb,Microsoft-Windows-ActiveDirectory_DomainService,Directory Service,638,4,,,,,,,,,,,,,,
2026-05-24T14:43:32.754861Z,"{'#attributes': {'Qualifiers': 32768}, '#text': 3051}",dc.scaffold.htb,Microsoft-Windows-ActiveDirectory_DomainService,Directory Service,639,3,,,,,,,,,,,,,,
2026-05-24T14:43:32.754861Z,"{'#attributes': {'Qualifiers': 32768}, '#text': 3054}",dc.scaffold.htb,Microsoft-Windows-ActiveDirectory_DomainService,Directory Service,640,3,,,,,,,,,,,,,,
2026-05-24T14:43:32.911092Z,"{'#attributes': {'Qualifiers': 16384}, '#text': 2121}",dc.scaffold.htb,Microsoft-Windows-ActiveDirectory_DomainService,Directory Service,641,4,,,,,,,,,,,,,,
2026-05-24T14:43:32.911092Z,"{'#attributes': {'Qualifiers': 16384}, '#text': 2406}",dc.scaffold.htb,Microsoft-Windows-ActiveDirectory_DomainService,Directory Service,642,4,,Recycle Bin Feature,,,,,,,,,,,,
2026-05-24T14:43:32.911092Z,"{'#attributes': {'Qualifiers': 16384}, '#text': 2406}",dc.scaffold.htb,Microsoft-Windows-ActiveDirectory_DomainService,Directory Service,643,4,,Privileged Access Management Feature,,,,,,,,,,,,
2026-05-24T14:43:32.911092Z,"{'#attributes': {'Qualifiers': 16384}, '#text': 2168}",dc.scaffold.htb,Microsoft-Windows-ActiveDirectory_DomainService,Directory Service,644,4,,6522952311863616234,,,,,,,,,,,,
2026-05-24T14:43:32.911092Z,"{'#attributes': {'Qualifiers': 16384}, '#text': 2172}",dc.scaffold.htb,Microsoft-Windows-ActiveDirectory_DomainService,Directory Service,645,4,,6522952311863616234,,,,,,,,,,,,
2026-05-24T14:43:32.911092Z,"{'#attributes': {'Qualifiers': 16384}, '#text': 2120}",dc.scaffold.htb,Microsoft-Windows-ActiveDirectory_DomainService,Directory Service,646,4,,,,,,,,,,,,,,
2026-05-24T14:43:32.911092Z,"{'#attributes': {'Qualifiers': 16384}, '#text': 2405}",dc.scaffold.htb,Microsoft-Windows-ActiveDirectory_DomainService,Directory Service,647,4,,Recycle Bin Feature,,,,,,,,,,,,
2026-05-24T14:43:32.911092Z,"{'#attributes': {'Qualifiers': 16384}, '#text': 2405}",dc.scaffold.htb,Microsoft-Windows-ActiveDirectory_DomainService,Directory Service,648,4,,Privileged Access Management Feature,,,,,,,,,,,,
2026-05-24T14:43:42.930616Z,"{'#attributes': {'Qualifiers': 32768}, '#text': 2886}",dc.scaffold.htb,Microsoft-Windows-ActiveDirectory_DomainService,Directory Service,649,3,,,,,,,,,,,,,,
2026-05-24T14:43:42.930616Z,"{'#attributes': {'Qualifiers': 32768}, '#text': 3041}",dc.scaffold.htb,Microsoft-Windows-ActiveDirectory_DomainService,Directory Service,650,3,,,,,,,,,,,,,,
2026-05-24T14:43:42.930616Z,"{'#attributes': {'Qualifiers': 16384}, '#text': 1000}",dc.scaffold.htb,Microsoft-Windows-ActiveDirectory_DomainService,Directory Service,651,4,,,,,,,,,,,,,,
2026-05-24T14:44:12.937019Z,"{'#attributes': {'Qualifiers': 16384}, '#text': 1394}",dc.scaffold.htb,Microsoft-Windows-ActiveDirectory_DomainService,Directory Service,652,4,,,,,,,,,,,,,,
2026-05-24T14:58:42.987138Z,"{'#attributes': {'Qualifiers': 0}, '#text': 102}",dc.scaffold.htb,NTDS ISAM,Directory Service,653,4,,,NTDS,"744,P,98",,,NTDSA: ,0,10,00,20348,0000,,
2026-05-24T14:58:42.987138Z,"{'#attributes': {'Qualifiers': 0}, '#text': 105}",dc.scaffold.htb,NTDS ISAM,Directory Service,654,4,,,NTDS,"744,D,0",,,NTDSA: ,0,0,"
[1] 0.000402 +J(0) +M(C:0K, Fs:106, WS:396K # 0K, PF:3392K # 348K, P:3392K)
[2] 0.000322 +J(0) +M(C:16K, Fs:132, WS:524K # 296K, PF:304K # 304K, P:304K)
[3] 0.000156 +J(0) +M(C:0K, Fs:5, WS:20K # 20K, PF:64K # 64K, P:64K)
[4] 0.003264 -0.000100 (1) WT +J(0) +M(C:0K, Fs:129, WS:436K # 436K, PF:5216K # 5216K, P:5216K)
[5] 0.000408 +J(0) +M(C:0K, Fs:2, WS:8K # 8K, PF:4K # 4K, P:4K)
[6] 0.001931 +J(0) +M(C:0K, Fs:22, WS:84K # 84K, PF:20K # 20K, P:20K)
[7] 0.015780 -0.009458 (21) WT +J(0) +M(C:0K, Fs:2579, WS:10296K # 10296K, PF:10260K # 10260K, P:10260K)
[8] -
[9] -
[10] -
[11] -
[12] -
[13] 0.011742 -0.007504 (22) WT +J(CM:0, PgRf:0, Rd:0/0, Dy:0/0, Lg:616/1) +M(C:0K, Fs:8, WS:-10216K # 24K, PF:-10256K # 12K, P:-10256K)
[14] 0.000009 +J(0)
[15] 0.000135 +J(0) +M(C:0K, Fs:206, WS:820K # 0K, PF:68K # 0K, P:68K)
[16] 0.000151 -0.000063 (1) WT +J(0) +M(C:0K, Fs:3, WS:4K # 0K, PF:0K # 0K, P:0K).",,,,
2026-05-24T14:58:42.987138Z,"{'#attributes': {'Qualifiers': 0}, '#text': 330}",dc.scaffold.htb,NTDS ISAM,Directory Service,655,4,,,NTDS,"744,D,50",,,NTDSA: ,C:\Windows\NTDS\ntds.dit,0x22D8 (8920),8920 (0x22d8),9360 (0x2490),,,
2026-05-24T14:58:42.987138Z,"{'#attributes': {'Qualifiers': 0}, '#text': 326}",dc.scaffold.htb,NTDS ISAM,Directory Service,656,4,,,NTDS,"744,D,50",,,NTDSA: ,1,C:\Windows\NTDS\ntds.dit,0,"
[1] 0.000005 +J(0) +M(C:0K, Fs:1, WS:4K # 0K, PF:0K # 0K, P:0K)
[2] 0.000294 -0.000121 (1) WT +J(0) +M(C:0K, Fs:19, WS:12K # 0K, PF:8K # 0K, P:8K)
[3] 0.001782 -0.000506 (6) WT +J(CM:0, PgRf:0, Rd:0/0, Dy:0/0, Lg:3480/2) +M(C:0K, Fs:18, WS:64K # 0K, PF:132K # 0K, P:132K)
[4] 0.000066 +J(0)
[5] -
[6] -
[7] -
[8] 0.001281 -0.000168 (2) CM -0.000101 (2) WT +J(CM:2, PgRf:2, Rd:4/2, Dy:0/0, Lg:0/0) +M(C:16K, Fs:45, WS:172K # 0K, PF:220K # 0K, P:220K)
[9] 0.001103 -0.000770 (8) CM -0.000462 (8) WT +J(CM:8, PgRf:24, Rd:0/8, Dy:0/0, Lg:0/0) +M(C:-4K, Fs:30, WS:104K # 0K, PF:196K # 0K, P:196K)
[10] 0.000440 -0.000301 (4) CM -0.000170 (4) WT +J(CM:4, PgRf:40, Rd:0/4, Dy:0/0, Lg:0/0) +M(C:-4K, Fs:6, WS:12K # 0K, PF:60K # 0K, P:60K)
[11] 0.000142 -0.000095 (1) CM -0.000048 (1) WT +J(CM:1, PgRf:1, Rd:0/1, Dy:0/0, Lg:0/0) +M(C:0K, Fs:5, WS:16K # 0K, PF:0K # 0K, P:0K)
[12] 0.000035 +J(CM:0, PgRf:48, Rd:0/0, Dy:0/0, Lg:0/0) +M(C:0K, Fs:2, WS:8K # 0K, PF:0K # 0K, P:0K)
[13] 0.000001 +J(0)
[14] 0.0 +J(0)
[15] 0.000003 +J(CM:0, PgRf:1, Rd:0/0, Dy:0/0, Lg:0/0).",0 0,"lgposAttach = 00000002:09CA:0268,
dbv = 1568.20.0 (8920)",
2026-05-24T14:58:42.987138Z,"{'#attributes': {'Qualifiers': 0}, '#text': 330}",dc.scaffold.htb,NTDS ISAM,Directory Service,657,4,,,NTDS,"744,D,2",,,NTDSA: ,C:\Windows\NTDS\temp.edb,0x22D8 (8920),8920 (0x22d8),9360 (0x2490),,,
2026-05-24T14:58:42.987138Z,"{'#attributes': {'Qualifiers': 0}, '#text': 700}",dc.scaffold.htb,NTDS ISAM,Directory Service,658,4,,,NTDS,"744,D,0",,,NTDSA: ,C:\Windows\NTDS\ntds.dit,,,,,,
2026-05-24T14:58:43.080896Z,"{'#attributes': {'Qualifiers': 0}, '#text': 701}",dc.scaffold.htb,NTDS ISAM,Directory Service,659,4,,,NTDS,"744,D,0",,,NTDSA: ,C:\Windows\NTDS\ntds.dit,0,5/24/2026,0,1,1,15
2026-05-24T14:58:42.987138Z,"{'#attributes': {'Qualifiers': 16384}, '#text': 3033}",dc.scaffold.htb,Microsoft-Windows-ActiveDirectory_DomainService,Directory Service,660,4,,,,,,,,,,,,,,
2026-05-24T14:58:42.987138Z,"{'#attributes': {'Qualifiers': 16384}, '#text': 3027}",dc.scaffold.htb,Microsoft-Windows-ActiveDirectory_DomainService,Directory Service,661,4,,3600,,,,,,,,,,,,
2026-05-24T14:58:42.987138Z,"{'#attributes': {'Qualifiers': 16384}, '#text': 1869}",dc.scaffold.htb,Microsoft-Windows-ActiveDirectory_DomainService,Directory Service,662,4,,,\\dc.scaffold.htb,Default-First-Site-Name,,,,,,,,,,
2026-05-24T15:07:04.592225Z,"{'#attributes': {'Qualifiers': 16384}, '#text': 2179}",dc.scaffold.htb,Microsoft-Windows-ActiveDirectory_DomainService,Directory Service,663,4,,6522952311863616234,,,,,,,,,,,,
2026-05-24T15:07:06.810983Z,"{'#attributes': {'Qualifiers': 16384}, '#text': 1004}",dc.scaffold.htb,Microsoft-Windows-ActiveDirectory_DomainService,Directory Service,664,4,,,,,,,,,,,,,,
2026-05-24T15:32:06.943688Z,"{'#attributes': {'Qualifiers': 32768}, '#text': 3051}",dc.scaffold.htb,Microsoft-Windows-ActiveDirectory_DomainService,Directory Service,665,3,,,,,,,,,,,,,,
2026-05-24T15:32:06.943688Z,"{'#attributes': {'Qualifiers': 32768}, '#text': 3054}",dc.scaffold.htb,Microsoft-Windows-ActiveDirectory_DomainService,Directory Service,666,3,,,,,,,,,,,,,,
2026-05-24T15:32:07.022086Z,"{'#attributes': {'Qualifiers': 16384}, '#text': 2121}",dc.scaffold.htb,Microsoft-Windows-ActiveDirectory_DomainService,Directory Service,667,4,,,,,,,,,,,,,,
2026-05-24T15:32:07.022086Z,"{'#attributes': {'Qualifiers': 16384}, '#text': 2406}",dc.scaffold.htb,Microsoft-Windows-ActiveDirectory_DomainService,Directory Service,668,4,,Recycle Bin Feature,,,,,,,,,,,,
2026-05-24T15:32:07.022086Z,"{'#attributes': {'Qualifiers': 16384}, '#text': 2406}",dc.scaffold.htb,Microsoft-Windows-ActiveDirectory_DomainService,Directory Service,669,4,,Privileged Access Management Feature,,,,,,,,,,,,
2026-05-24T15:32:07.022086Z,"{'#attributes': {'Qualifiers': 16384}, '#text': 2168}",dc.scaffold.htb,Microsoft-Windows-ActiveDirectory_DomainService,Directory Service,670,4,,15019505282635490399,,,,,,,,,,,,
2026-05-24T15:32:07.022086Z,"{'#attributes': {'Qualifiers': 16384}, '#text': 2172}",dc.scaffold.htb,Microsoft-Windows-ActiveDirectory_DomainService,Directory Service,671,4,,6522952311863616234,,,,,,,,,,,,
2026-05-24T15:32:07.022086Z,"{'#attributes': {'Qualifiers': 32768}, '#text': 2170}",dc.scaffold.htb,Microsoft-Windows-ActiveDirectory_DomainService,Directory Service,672,3,,,6522952311863616234,15019505282635490399,,,,,,,,,,
2026-05-24T15:32:07.022086Z,"{'#attributes': {'Qualifiers': 16384}, '#text': 1109}",dc.scaffold.htb,Microsoft-Windows-ActiveDirectory_DomainService,Directory Service,673,4,,,70fdab6f-1997-40e8-b919-611e3f84174c,fc208aa6-c048-4e80-8aec-774553ba5a4c,,,122908,,,,,,,
2026-05-24T15:32:07.022086Z,"{'#attributes': {'Qualifiers': 16384}, '#text': 2179}",dc.scaffold.htb,Microsoft-Windows-ActiveDirectory_DomainService,Directory Service,674,4,,15019505282635490399,,,,,,,,,,,,
2026-05-24T15:32:07.037566Z,"{'#attributes': {'Qualifiers': 16384}, '#text': 2208}",dc.scaffold.htb,Microsoft-Windows-ActiveDirectory_DomainService,Directory Service,675,4,,,,,,,,,,,,,,
2026-05-24T15:32:07.037566Z,"{'#attributes': {'Qualifiers': 16384}, '#text': 2120}",dc.scaffold.htb,Microsoft-Windows-ActiveDirectory_DomainService,Directory Service,676,4,,,,,,,,,,,,,,
2026-05-24T15:32:07.037566Z,"{'#attributes': {'Qualifiers': 16384}, '#text': 2405}",dc.scaffold.htb,Microsoft-Windows-ActiveDirectory_DomainService,Directory Service,677,4,,Recycle Bin Feature,,,,,,,,,,,,
2026-05-24T15:32:07.037566Z,"{'#attributes': {'Qualifiers': 16384}, '#text': 2405}",dc.scaffold.htb,Microsoft-Windows-ActiveDirectory_DomainService,Directory Service,678,4,,Privileged Access Management Feature,,,,,,,,,,,,
2026-05-24T15:32:17.045220Z,"{'#attributes': {'Qualifiers': 32768}, '#text': 2886}",dc.scaffold.htb,Microsoft-Windows-ActiveDirectory_DomainService,Directory Service,679,3,,,,,,,,,,,,,,
2026-05-24T15:32:17.045220Z,"{'#attributes': {'Qualifiers': 32768}, '#text': 3041}",dc.scaffold.htb,Microsoft-Windows-ActiveDirectory_DomainService,Directory Service,680,3,,,,,,,,,,,,,,
2026-05-24T15:32:17.045220Z,"{'#attributes': {'Qualifiers': 16384}, '#text': 1000}",dc.scaffold.htb,Microsoft-Windows-ActiveDirectory_DomainService,Directory Service,681,4,,,,,,,,,,,,,,
2026-05-24T15:32:47.058334Z,"{'#attributes': {'Qualifiers': 16384}, '#text': 1394}",dc.scaffold.htb,Microsoft-Windows-ActiveDirectory_DomainService,Directory Service,682,4,,,,,,,,,,,,,,
2026-05-24T15:47:17.100675Z,"{'#attributes': {'Qualifiers': 0}, '#text': 102}",dc.scaffold.htb,NTDS ISAM,Directory Service,683,4,,,NTDS,"756,P,98",,,NTDSA: ,0,10,00,20348,0000,,
2026-05-24T15:47:17.100675Z,"{'#attributes': {'Qualifiers': 0}, '#text': 105}",dc.scaffold.htb,NTDS ISAM,Directory Service,684,4,,,NTDS,"756,D,0",,,NTDSA: ,0,0,"
[1] 0.000701 +J(0) +M(C:0K, Fs:143, WS:544K # 0K, PF:3364K # 356K, P:3364K)
[2] 0.000487 +J(0) +M(C:16K, Fs:92, WS:356K # 312K, PF:320K # 320K, P:320K)
[3] 0.000209 +J(0) +M(C:0K, Fs:5, WS:20K # 20K, PF:64K # 64K, P:64K)
[4] 0.004301 -0.000143 (1) WT +J(0) +M(C:0K, Fs:127, WS:432K # 432K, PF:5208K # 5208K, P:5208K)
[5] 0.000458 +J(0) +M(C:0K, Fs:4, WS:16K # 16K, PF:12K # 12K, P:12K)
[6] 0.001242 +J(0) +M(C:0K, Fs:20, WS:80K # 80K, PF:12K # 12K, P:12K)
[7] 0.011871 -0.007545 (21) WT +J(0) +M(C:0K, Fs:2579, WS:10296K # 10296K, PF:10260K # 10260K, P:10260K)
[8] -
[9] -
[10] -
[11] -
[12] -
[13] 0.010272 -0.006351 (22) WT +J(CM:0, PgRf:0, Rd:0/0, Dy:0/0, Lg:616/1) +M(C:0K, Fs:8, WS:-10216K # 24K, PF:-10256K # 12K, P:-10256K)
[14] 0.000010 +J(0)
[15] 0.000120 +J(0) +M(C:0K, Fs:205, WS:820K # 0K, PF:64K # 0K, P:64K)
[16] 0.000201 -0.000091 (1) WT +J(0) +M(C:0K, Fs:4, WS:8K # 0K, PF:4K # 0K, P:4K).",,,,
2026-05-24T15:47:17.100675Z,"{'#attributes': {'Qualifiers': 0}, '#text': 330}",dc.scaffold.htb,NTDS ISAM,Directory Service,685,4,,,NTDS,"756,D,50",,,NTDSA: ,C:\Windows\NTDS\ntds.dit,0x22D8 (8920),8920 (0x22d8),9360 (0x2490),,,
2026-05-24T15:47:17.100675Z,"{'#attributes': {'Qualifiers': 0}, '#text': 326}",dc.scaffold.htb,NTDS ISAM,Directory Service,686,4,,,NTDS,"756,D,50",,,NTDSA: ,1,C:\Windows\NTDS\ntds.dit,0,"
[1] 0.000002 +J(0) +M(C:0K, Fs:1, WS:4K # 0K, PF:0K # 0K, P:0K)
[2] 0.000214 -0.000125 (1) WT +J(0) +M(C:0K, Fs:19, WS:12K # 0K, PF:8K # 0K, P:8K)
[3] 0.001932 -0.000825 (6) WT +J(CM:0, PgRf:0, Rd:0/0, Dy:0/0, Lg:3480/2) +M(C:0K, Fs:19, WS:64K # 0K, PF:136K # 0K, P:136K)
[4] 0.000076 +J(0)
[5] -
[6] -
[7] -
[8] 0.001076 -0.000229 (2) CM -0.000128 (2) WT +J(CM:2, PgRf:2, Rd:4/2, Dy:0/0, Lg:0/0) +M(C:32K, Fs:45, WS:172K # 0K, PF:236K # 0K, P:236K)
[9] 0.000624 -0.000442 (5) CM -0.000308 (5) WT +J(CM:5, PgRf:24, Rd:0/5, Dy:0/0, Lg:0/0) +M(C:-24K, Fs:33, WS:104K # 0K, PF:184K # 0K, P:184K)
[10] 0.000499 -0.000336 (3) CM -0.000184 (3) WT +J(CM:3, PgRf:40, Rd:0/3, Dy:0/0, Lg:0/0) +M(C:-4K, Fs:5, WS:12K # 0K, PF:60K # 0K, P:60K)
[11] 0.000017 +J(CM:0, PgRf:1, Rd:0/0, Dy:0/0, Lg:0/0) +M(C:0K, Fs:4, WS:16K # 0K, PF:0K # 0K, P:0K)
[12] 0.000034 +J(CM:0, PgRf:48, Rd:0/0, Dy:0/0, Lg:0/0) +M(C:0K, Fs:2, WS:8K # 0K, PF:0K # 0K, P:0K)
[13] 0.000001 +J(0)
[14] 0.0 +J(0)
[15] 0.000003 +J(CM:0, PgRf:1, Rd:0/0, Dy:0/0, Lg:0/0).",0 0,"lgposAttach = 00000002:09DF:0268,
dbv = 1568.20.0 (8920)",
2026-05-24T15:47:17.100675Z,"{'#attributes': {'Qualifiers': 0}, '#text': 330}",dc.scaffold.htb,NTDS ISAM,Directory Service,687,4,,,NTDS,"756,D,2",,,NTDSA: ,C:\Windows\NTDS\temp.edb,0x22D8 (8920),8920 (0x22d8),9360 (0x2490),,,
2026-05-24T15:47:17.116391Z,"{'#attributes': {'Qualifiers': 0}, '#text': 700}",dc.scaffold.htb,NTDS ISAM,Directory Service,688,4,,,NTDS,"756,D,0",,,NTDSA: ,C:\Windows\NTDS\ntds.dit,,,,,,
2026-05-24T15:47:17.131956Z,"{'#attributes': {'Qualifiers': 0}, '#text': 701}",dc.scaffold.htb,NTDS ISAM,Directory Service,689,4,,,NTDS,"756,D,0",,,NTDSA: ,C:\Windows\NTDS\ntds.dit,1,5/24/2026,0,1,1,16
2026-05-24T15:47:17.100675Z,"{'#attributes': {'Qualifiers': 16384}, '#text': 3033}",dc.scaffold.htb,Microsoft-Windows-ActiveDirectory_DomainService,Directory Service,690,4,,,,,,,,,,,,,,
2026-05-24T15:47:17.100675Z,"{'#attributes': {'Qualifiers': 16384}, '#text': 3027}",dc.scaffold.htb,Microsoft-Windows-ActiveDirectory_DomainService,Directory Service,691,4,,3600,,,,,,,,,,,,
2026-05-24T15:47:17.100675Z,"{'#attributes': {'Qualifiers': 16384}, '#text': 1869}",dc.scaffold.htb,Microsoft-Windows-ActiveDirectory_DomainService,Directory Service,692,4,,,\\dc.scaffold.htb,Default-First-Site-Name,,,,,,,,,,
2026-05-24T16:30:25.936087Z,"{'#attributes': {'Qualifiers': 16384}, '#text': 2179}",dc.scaffold.htb,Microsoft-Windows-ActiveDirectory_DomainService,Directory Service,693,4,,15019505282635490399,,,,,,,,,,,,
2026-05-24T16:30:27.837687Z,"{'#attributes': {'Qualifiers': 16384}, '#text': 1004}",dc.scaffold.htb,Microsoft-Windows-ActiveDirectory_DomainService,Directory Service,694,4,,,,,,,,,,,,,,
2026-05-24T22:09:40.287809Z,"{'#attributes': {'Qualifiers': 32768}, '#text': 3051}",dc.scaffold.htb,Microsoft-Windows-ActiveDirectory_DomainService,Directory Service,695,3,,,,,,,,,,,,,,
2026-05-24T22:09:40.287809Z,"{'#attributes': {'Qualifiers': 32768}, '#text': 3054}",dc.scaffold.htb,Microsoft-Windows-ActiveDirectory_DomainService,Directory Service,696,3,,,,,,,,,,,,,,
2026-05-24T22:09:40.384094Z,"{'#attributes': {'Qualifiers': 16384}, '#text': 2121}",dc.scaffold.htb,Microsoft-Windows-ActiveDirectory_DomainService,Directory Service,697,4,,,,,,,,,,,,,,
2026-05-24T22:09:40.384094Z,"{'#attributes': {'Qualifiers': 16384}, '#text': 2406}",dc.scaffold.htb,Microsoft-Windows-ActiveDirectory_DomainService,Directory Service,698,4,,Recycle Bin Feature,,,,,,,,,,,,
2026-05-24T22:09:40.384094Z,"{'#attributes': {'Qualifiers': 16384}, '#text': 2406}",dc.scaffold.htb,Microsoft-Windows-ActiveDirectory_DomainService,Directory Service,699,4,,Privileged Access Management Feature,,,,,,,,,,,,
2026-05-24T22:09:40.384094Z,"{'#attributes': {'Qualifiers': 16384}, '#text': 2168}",dc.scaffold.htb,Microsoft-Windows-ActiveDirectory_DomainService,Directory Service,700,4,,5393941936346587461,,,,,,,,,,,,
2026-05-24T22:09:40.384094Z,"{'#attributes': {'Qualifiers': 16384}, '#text': 2172}",dc.scaffold.htb,Microsoft-Windows-ActiveDirectory_DomainService,Directory Service,701,4,,15019505282635490399,,,,,,,,,,,,
2026-05-24T22:09:40.384094Z,"{'#attributes': {'Qualifiers': 32768}, '#text': 2170}",dc.scaffold.htb,Microsoft-Windows-ActiveDirectory_DomainService,Directory Service,702,3,,,15019505282635490399,5393941936346587461,,,,,,,,,,
2026-05-24T22:09:40.384094Z,"{'#attributes': {'Qualifiers': 16384}, '#text': 1109}",dc.scaffold.htb,Microsoft-Windows-ActiveDirectory_DomainService,Directory Service,703,4,,,fc208aa6-c048-4e80-8aec-774553ba5a4c,fcc1980d-6e57-4010-b4d1-13c5d416ac9d,,,127005,,,,,,,
2026-05-24T22:09:40.384094Z,"{'#attributes': {'Qualifiers': 16384}, '#text': 2179}",dc.scaffold.htb,Microsoft-Windows-ActiveDirectory_DomainService,Directory Service,704,4,,5393941936346587461,,,,,,,,,,,,
2026-05-24T22:09:40.384094Z,"{'#attributes': {'Qualifiers': 16384}, '#text': 2208}",dc.scaffold.htb,Microsoft-Windows-ActiveDirectory_DomainService,Directory Service,705,4,,,,,,,,,,,,,,
2026-05-24T22:09:40.399573Z,"{'#attributes': {'Qualifiers': 16384}, '#text': 2120}",dc.scaffold.htb,Microsoft-Windows-ActiveDirectory_DomainService,Directory Service,706,4,,,,,,,,,,,,,,
2026-05-24T22:09:40.399573Z,"{'#attributes': {'Qualifiers': 16384}, '#text': 2405}",dc.scaffold.htb,Microsoft-Windows-ActiveDirectory_DomainService,Directory Service,707,4,,Recycle Bin Feature,,,,,,,,,,,,
2026-05-24T22:09:40.399573Z,"{'#attributes': {'Qualifiers': 16384}, '#text': 2405}",dc.scaffold.htb,Microsoft-Windows-ActiveDirectory_DomainService,Directory Service,708,4,,Privileged Access Management Feature,,,,,,,,,,,,
2026-05-24T22:09:50.407261Z,"{'#attributes': {'Qualifiers': 32768}, '#text': 2886}",dc.scaffold.htb,Microsoft-Windows-ActiveDirectory_DomainService,Directory Service,709,3,,,,,,,,,,,,,,
2026-05-24T22:09:50.407261Z,"{'#attributes': {'Qualifiers': 32768}, '#text': 3041}",dc.scaffold.htb,Microsoft-Windows-ActiveDirectory_DomainService,Directory Service,710,3,,,,,,,,,,,,,,
2026-05-24T22:09:50.407261Z,"{'#attributes': {'Qualifiers': 16384}, '#text': 1000}",dc.scaffold.htb,Microsoft-Windows-ActiveDirectory_DomainService,Directory Service,711,4,,,,,,,,,,,,,,
2026-05-24T22:10:20.441846Z,"{'#attributes': {'Qualifiers': 16384}, '#text': 1394}",dc.scaffold.htb,Microsoft-Windows-ActiveDirectory_DomainService,Directory Service,712,4,,,,,,,,,,,,,,
2026-05-24T22:24:50.494427Z,"{'#attributes': {'Qualifiers': 0}, '#text': 102}",dc.scaffold.htb,NTDS ISAM,Directory Service,713,4,,,NTDS,"748,P,98",,,NTDSA: ,0,10,00,20348,0000,,
2026-05-24T22:24:50.494427Z,"{'#attributes': {'Qualifiers': 0}, '#text': 105}",dc.scaffold.htb,NTDS ISAM,Directory Service,714,4,,,NTDS,"748,D,0",,,NTDSA: ,0,0,"
[1] 0.000573 +J(0) +M(C:0K, Fs:150, WS:572K # 0K, PF:3392K # 356K, P:3392K)
[2] 0.000824 +J(0) +M(C:16K, Fs:89, WS:348K # 304K, PF:308K # 308K, P:308K)
[3] 0.000528 +J(0) +M(C:0K, Fs:5, WS:20K # 20K, PF:64K # 64K, P:64K)
[4] 0.006253 -0.000102 (1) WT +J(0) +M(C:0K, Fs:127, WS:428K # 428K, PF:5204K # 5204K, P:5204K)
[5] 0.000500 +J(0) +M(C:0K, Fs:3, WS:12K # 12K, PF:8K # 8K, P:8K)
[6] 0.002240 +J(0) +M(C:0K, Fs:22, WS:88K # 88K, PF:20K # 20K, P:20K)
[7] 0.026383 -0.020122 (21) WT +J(0) +M(C:0K, Fs:2579, WS:10296K # 10296K, PF:10260K # 10260K, P:10260K)
[8] -
[9] -
[10] -
[11] -
[12] -
[13] 0.013255 -0.007034 (22) WT +J(CM:0, PgRf:0, Rd:0/0, Dy:0/0, Lg:616/1) +M(C:0K, Fs:8, WS:-10216K # 24K, PF:-10256K # 12K, P:-10256K)
[14] 0.000015 +J(0)
[15] 0.000158 +J(0) +M(C:0K, Fs:206, WS:820K # 0K, PF:68K # 0K, P:68K)
[16] 0.000304 -0.000134 (1) WT +J(0) +M(C:0K, Fs:3, WS:4K # 0K, PF:0K # 0K, P:0K).",,,,
2026-05-24T22:24:50.494427Z,"{'#attributes': {'Qualifiers': 0}, '#text': 330}",dc.scaffold.htb,NTDS ISAM,Directory Service,715,4,,,NTDS,"748,D,50",,,NTDSA: ,C:\Windows\NTDS\ntds.dit,0x22D8 (8920),8920 (0x22d8),9360 (0x2490),,,
2026-05-24T22:24:50.494427Z,"{'#attributes': {'Qualifiers': 0}, '#text': 326}",dc.scaffold.htb,NTDS ISAM,Directory Service,716,4,,,NTDS,"748,D,50",,,NTDSA: ,1,C:\Windows\NTDS\ntds.dit,0,"
[1] 0.000005 +J(0) +M(C:0K, Fs:1, WS:4K # 0K, PF:0K # 0K, P:0K)
[2] 0.000324 -0.000144 (1) WT +J(0) +M(C:0K, Fs:19, WS:12K # 0K, PF:8K # 0K, P:8K)
[3] 0.003877 -0.001586 (6) WT +J(CM:0, PgRf:0, Rd:0/0, Dy:0/0, Lg:3480/2) +M(C:0K, Fs:20, WS:68K # 0K, PF:136K # 0K, P:136K)
[4] 0.000068 +J(0)
[5] -
[6] -
[7] -
[8] 0.002837 -0.000542 (2) CM -0.000406 (2) WT +J(CM:2, PgRf:2, Rd:4/2, Dy:0/0, Lg:0/0) +M(C:32K, Fs:46, WS:172K # 0K, PF:240K # 0K, P:240K)
[9] 0.001041 -0.000794 (5) CM -0.000627 (5) WT +J(CM:5, PgRf:24, Rd:0/5, Dy:0/0, Lg:0/0) +M(C:-24K, Fs:32, WS:104K # 0K, PF:180K # 0K, P:180K)
[10] 0.000517 -0.000380 (3) CM -0.000278 (3) WT +J(CM:3, PgRf:40, Rd:0/3, Dy:0/0, Lg:0/0) +M(C:-4K, Fs:5, WS:12K # 0K, PF:60K # 0K, P:60K)
[11] 0.000020 +J(CM:0, PgRf:1, Rd:0/0, Dy:0/0, Lg:0/0) +M(C:0K, Fs:4, WS:16K # 0K, PF:0K # 0K, P:0K)
[12] 0.000035 +J(CM:0, PgRf:48, Rd:0/0, Dy:0/0, Lg:0/0) +M(C:0K, Fs:2, WS:8K # 0K, PF:0K # 0K, P:0K)
[13] 0.000001 +J(0)
[14] 0.0 +J(0)
[15] 0.000004 +J(CM:0, PgRf:1, Rd:0/0, Dy:0/0, Lg:0/0).",0 0,"lgposAttach = 00000003:0022:0268,
dbv = 1568.20.0 (8920)",
2026-05-24T22:24:50.494427Z,"{'#attributes': {'Qualifiers': 0}, '#text': 330}",dc.scaffold.htb,NTDS ISAM,Directory Service,717,4,,,NTDS,"748,D,2",,,NTDSA: ,C:\Windows\NTDS\temp.edb,0x22D8 (8920),8920 (0x22d8),9360 (0x2490),,,
2026-05-24T22:24:50.494427Z,"{'#attributes': {'Qualifiers': 0}, '#text': 700}",dc.scaffold.htb,NTDS ISAM,Directory Service,718,4,,,NTDS,"748,D,0",,,NTDSA: ,C:\Windows\NTDS\ntds.dit,,,,,,
2026-05-24T22:24:50.572512Z,"{'#attributes': {'Qualifiers': 0}, '#text': 701}",dc.scaffold.htb,NTDS ISAM,Directory Service,719,4,,,NTDS,"748,D,0",,,NTDSA: ,C:\Windows\NTDS\ntds.dit,1,5/24/2026,0,1,1,17
2026-05-24T22:24:50.494427Z,"{'#attributes': {'Qualifiers': 16384}, '#text': 3033}",dc.scaffold.htb,Microsoft-Windows-ActiveDirectory_DomainService,Directory Service,720,4,,,,,,,,,,,,,,
2026-05-24T22:24:50.494427Z,"{'#attributes': {'Qualifiers': 16384}, '#text': 3027}",dc.scaffold.htb,Microsoft-Windows-ActiveDirectory_DomainService,Directory Service,721,4,,3600,,,,,,,,,,,,
2026-05-24T22:24:50.494427Z,"{'#attributes': {'Qualifiers': 16384}, '#text': 1869}",dc.scaffold.htb,Microsoft-Windows-ActiveDirectory_DomainService,Directory Service,722,4,,,\\dc.scaffold.htb,Default-First-Site-Name,,,,,,,,,,
2026-05-24T22:56:03.713182Z,"{'#attributes': {'Qualifiers': 16384}, '#text': 2179}",dc.scaffold.htb,Microsoft-Windows-ActiveDirectory_DomainService,Directory Service,723,4,,5393941936346587461,,,,,,,,,,,,
2026-05-24T22:56:04.680380Z,"{'#attributes': {'Qualifiers': 16384}, '#text': 1004}",dc.scaffold.htb,Microsoft-Windows-ActiveDirectory_DomainService,Directory Service,724,4,,,,,,,,,,,,,,
2026-05-25T14:40:22.474468Z,"{'#attributes': {'Qualifiers': 32768}, '#text': 3051}",dc.scaffold.htb,Microsoft-Windows-ActiveDirectory_DomainService,Directory Service,725,3,,,,,,,,,,,,,,
2026-05-25T14:40:22.474468Z,"{'#attributes': {'Qualifiers': 32768}, '#text': 3054}",dc.scaffold.htb,Microsoft-Windows-ActiveDirectory_DomainService,Directory Service,726,3,,,,,,,,,,,,,,
2026-05-25T14:40:22.584961Z,"{'#attributes': {'Qualifiers': 16384}, '#text': 2121}",dc.scaffold.htb,Microsoft-Windows-ActiveDirectory_DomainService,Directory Service,727,4,,,,,,,,,,,,,,
2026-05-25T14:40:22.584961Z,"{'#attributes': {'Qualifiers': 16384}, '#text': 2406}",dc.scaffold.htb,Microsoft-Windows-ActiveDirectory_DomainService,Directory Service,728,4,,Recycle Bin Feature,,,,,,,,,,,,
2026-05-25T14:40:22.584961Z,"{'#attributes': {'Qualifiers': 16384}, '#text': 2406}",dc.scaffold.htb,Microsoft-Windows-ActiveDirectory_DomainService,Directory Service,729,4,,Privileged Access Management Feature,,,,,,,,,,,,
2026-05-25T14:40:22.584961Z,"{'#attributes': {'Qualifiers': 16384}, '#text': 2168}",dc.scaffold.htb,Microsoft-Windows-ActiveDirectory_DomainService,Directory Service,730,4,,15332508568834610484,,,,,,,,,,,,
2026-05-25T14:40:22.584961Z,"{'#attributes': {'Qualifiers': 16384}, '#text': 2172}",dc.scaffold.htb,Microsoft-Windows-ActiveDirectory_DomainService,Directory Service,731,4,,5393941936346587461,,,,,,,,,,,,
2026-05-25T14:40:22.584961Z,"{'#attributes': {'Qualifiers': 32768}, '#text': 2170}",dc.scaffold.htb,Microsoft-Windows-ActiveDirectory_DomainService,Directory Service,732,3,,,5393941936346587461,15332508568834610484,,,,,,,,,,
2026-05-25T14:40:22.599428Z,"{'#attributes': {'Qualifiers': 16384}, '#text': 1109}",dc.scaffold.htb,Microsoft-Windows-ActiveDirectory_DomainService,Directory Service,733,4,,,fcc1980d-6e57-4010-b4d1-13c5d416ac9d,9198a772-b6fc-4ab3-a892-8609ad17c8f3,,,131102,,,,,,,
2026-05-25T14:40:22.599428Z,"{'#attributes': {'Qualifiers': 16384}, '#text': 2179}",dc.scaffold.htb,Microsoft-Windows-ActiveDirectory_DomainService,Directory Service,734,4,,15332508568834610484,,,,,,,,,,,,
2026-05-25T14:40:22.614953Z,"{'#attributes': {'Qualifiers': 16384}, '#text': 2208}",dc.scaffold.htb,Microsoft-Windows-ActiveDirectory_DomainService,Directory Service,735,4,,,,,,,,,,,,,,
2026-05-25T14:40:22.614953Z,"{'#attributes': {'Qualifiers': 16384}, '#text': 2120}",dc.scaffold.htb,Microsoft-Windows-ActiveDirectory_DomainService,Directory Service,736,4,,,,,,,,,,,,,,
2026-05-25T14:40:22.614953Z,"{'#attributes': {'Qualifiers': 16384}, '#text': 2405}",dc.scaffold.htb,Microsoft-Windows-ActiveDirectory_DomainService,Directory Service,737,4,,Recycle Bin Feature,,,,,,,,,,,,
2026-05-25T14:40:22.614953Z,"{'#attributes': {'Qualifiers': 16384}, '#text': 2405}",dc.scaffold.htb,Microsoft-Windows-ActiveDirectory_DomainService,Directory Service,738,4,,Privileged Access Management Feature,,,,,,,,,,,,
2026-05-25T14:40:32.627162Z,"{'#attributes': {'Qualifiers': 32768}, '#text': 2886}",dc.scaffold.htb,Microsoft-Windows-ActiveDirectory_DomainService,Directory Service,739,3,,,,,,,,,,,,,,
2026-05-25T14:40:32.627162Z,"{'#attributes': {'Qualifiers': 32768}, '#text': 3041}",dc.scaffold.htb,Microsoft-Windows-ActiveDirectory_DomainService,Directory Service,740,3,,,,,,,,,,,,,,
2026-05-25T14:40:32.627162Z,"{'#attributes': {'Qualifiers': 16384}, '#text': 1000}",dc.scaffold.htb,Microsoft-Windows-ActiveDirectory_DomainService,Directory Service,741,4,,,,,,,,,,,,,,
2026-05-25T14:41:02.649970Z,"{'#attributes': {'Qualifiers': 16384}, '#text': 1394}",dc.scaffold.htb,Microsoft-Windows-ActiveDirectory_DomainService,Directory Service,742,4,,,,,,,,,,,,,,
2026-05-25T14:55:32.698381Z,"{'#attributes': {'Qualifiers': 0}, '#text': 102}",dc.scaffold.htb,NTDS ISAM,Directory Service,743,4,,,NTDS,"740,P,98",,,NTDSA: ,0,10,00,20348,0000,,
2026-05-25T14:55:32.698381Z,"{'#attributes': {'Qualifiers': 0}, '#text': 105}",dc.scaffold.htb,NTDS ISAM,Directory Service,744,4,,,NTDS,"740,D,0",,,NTDSA: ,0,0,"
[1] 0.000460 +J(0) +M(C:0K, Fs:106, WS:396K # 0K, PF:3372K # 340K, P:3372K)
[2] 0.000432 +J(0) +M(C:16K, Fs:131, WS:516K # 300K, PF:320K # 320K, P:320K)
[3] 0.000421 +J(0) +M(C:0K, Fs:6, WS:20K # 20K, PF:68K # 68K, P:68K)
[4] 0.003864 -0.000137 (1) WT +J(0) +M(C:0K, Fs:125, WS:428K # 428K, PF:5196K # 5196K, P:5196K)
[5] 0.000279 +J(0) +M(C:0K, Fs:3, WS:12K # 12K, PF:8K # 8K, P:8K)
[6] 0.001550 +J(0) +M(C:0K, Fs:23, WS:92K # 92K, PF:24K # 24K, P:24K)
[7] 0.013265 -0.009007 (21) WT +J(0) +M(C:0K, Fs:2579, WS:10296K # 10296K, PF:10260K # 10260K, P:10260K)
[8] -
[9] -
[10] -
[11] -
[12] -
[13] 0.012295 -0.007732 (22) WT +J(CM:0, PgRf:0, Rd:0/0, Dy:0/0, Lg:616/1) +M(C:0K, Fs:8, WS:-10216K # 24K, PF:-10256K # 12K, P:-10256K)
[14] 0.000012 +J(0)
[15] 0.000136 +J(0) +M(C:0K, Fs:206, WS:820K # 0K, PF:68K # 0K, P:68K)
[16] 0.000255 -0.000124 (1) WT +J(0) +M(C:0K, Fs:3, WS:4K # 0K, PF:0K # 0K, P:0K).",,,,
2026-05-25T14:55:32.698381Z,"{'#attributes': {'Qualifiers': 0}, '#text': 330}",dc.scaffold.htb,NTDS ISAM,Directory Service,745,4,,,NTDS,"740,D,50",,,NTDSA: ,C:\Windows\NTDS\ntds.dit,0x22D8 (8920),8920 (0x22d8),9360 (0x2490),,,
2026-05-25T14:55:32.698381Z,"{'#attributes': {'Qualifiers': 0}, '#text': 326}",dc.scaffold.htb,NTDS ISAM,Directory Service,746,4,,,NTDS,"740,D,50",,,NTDSA: ,1,C:\Windows\NTDS\ntds.dit,0,"
[1] 0.000003 +J(0) +M(C:0K, Fs:1, WS:4K # 0K, PF:0K # 0K, P:0K)
[2] 0.000225 -0.000120 (1) WT +J(0) +M(C:0K, Fs:19, WS:12K # 0K, PF:8K # 0K, P:8K)
[3] 0.003351 -0.001768 (6) WT +J(CM:0, PgRf:0, Rd:0/0, Dy:0/0, Lg:3480/2) +M(C:0K, Fs:19, WS:60K # 0K, PF:136K # 0K, P:136K)
[4] 0.000068 +J(0)
[5] -
[6] -
[7] -
[8] 0.001301 -0.000256 (2) CM -0.000161 (2) WT +J(CM:2, PgRf:2, Rd:4/2, Dy:0/0, Lg:0/0) +M(C:32K, Fs:44, WS:168K # 0K, PF:232K # 0K, P:232K)
[9] 0.000960 -0.000770 (5) CM -0.000584 (5) WT +J(CM:5, PgRf:24, Rd:0/5, Dy:0/0, Lg:0/0) +M(C:-24K, Fs:31, WS:100K # 0K, PF:176K # 0K, P:176K)
[10] 0.000556 -0.000430 (3) CM -0.000290 (3) WT +J(CM:3, PgRf:40, Rd:0/3, Dy:0/0, Lg:0/0) +M(C:-4K, Fs:5, WS:12K # 0K, PF:60K # 0K, P:60K)
[11] 0.000008 +J(CM:0, PgRf:1, Rd:0/0, Dy:0/0, Lg:0/0) +M(C:0K, Fs:4, WS:16K # 0K, PF:0K # 0K, P:0K)
[12] 0.000025 +J(CM:0, PgRf:48, Rd:0/0, Dy:0/0, Lg:0/0) +M(C:0K, Fs:3, WS:12K # 0K, PF:4K # 0K, P:4K)
[13] 0.0 +J(0)
[14] 0.0 +J(0)
[15] 0.000001 +J(CM:0, PgRf:1, Rd:0/0, Dy:0/0, Lg:0/0).",0 0,"lgposAttach = 00000003:006F:0268,
dbv = 1568.20.0 (8920)",
2026-05-25T14:55:32.698381Z,"{'#attributes': {'Qualifiers': 0}, '#text': 330}",dc.scaffold.htb,NTDS ISAM,Directory Service,747,4,,,NTDS,"740,D,2",,,NTDSA: ,C:\Windows\NTDS\temp.edb,0x22D8 (8920),8920 (0x22d8),9360 (0x2490),,,
2026-05-25T14:55:32.698381Z,"{'#attributes': {'Qualifiers': 0}, '#text': 700}",dc.scaffold.htb,NTDS ISAM,Directory Service,748,4,,,NTDS,"740,D,0",,,NTDSA: ,C:\Windows\NTDS\ntds.dit,,,,,,
2026-05-25T14:55:32.807764Z,"{'#attributes': {'Qualifiers': 0}, '#text': 701}",dc.scaffold.htb,NTDS ISAM,Directory Service,749,4,,,NTDS,"740,D,0",,,NTDSA: ,C:\Windows\NTDS\ntds.dit,0,5/25/2026,0,1,1,18
2026-05-25T14:55:32.698381Z,"{'#attributes': {'Qualifiers': 16384}, '#text': 3033}",dc.scaffold.htb,Microsoft-Windows-ActiveDirectory_DomainService,Directory Service,750,4,,,,,,,,,,,,,,
2026-05-25T14:55:32.698381Z,"{'#attributes': {'Qualifiers': 16384}, '#text': 3027}",dc.scaffold.htb,Microsoft-Windows-ActiveDirectory_DomainService,Directory Service,751,4,,3600,,,,,,,,,,,,
2026-05-25T14:55:32.698381Z,"{'#attributes': {'Qualifiers': 16384}, '#text': 1869}",dc.scaffold.htb,Microsoft-Windows-ActiveDirectory_DomainService,Directory Service,752,4,,,\\dc.scaffold.htb,Default-First-Site-Name,,,,,,,,,,
2026-05-25T15:56:44.148829Z,"{'#attributes': {'Qualifiers': 16384}, '#text': 2179}",dc.scaffold.htb,Microsoft-Windows-ActiveDirectory_DomainService,Directory Service,753,4,,15332508568834610484,,,,,,,,,,,,
2026-05-25T15:56:45.755084Z,"{'#attributes': {'Qualifiers': 16384}, '#text': 1004}",dc.scaffold.htb,Microsoft-Windows-ActiveDirectory_DomainService,Directory Service,754,4,,,,,,,,,,,,,,
2026-05-26T14:09:53.644651Z,"{'#attributes': {'Qualifiers': 32768}, '#text': 3051}",dc.scaffold.htb,Microsoft-Windows-ActiveDirectory_DomainService,Directory Service,755,3,,,,,,,,,,,,,,
2026-05-26T14:09:53.644651Z,"{'#attributes': {'Qualifiers': 32768}, '#text': 3054}",dc.scaffold.htb,Microsoft-Windows-ActiveDirectory_DomainService,Directory Service,756,3,,,,,,,,,,,,,,
2026-05-26T14:09:53.785608Z,"{'#attributes': {'Qualifiers': 16384}, '#text': 2121}",dc.scaffold.htb,Microsoft-Windows-ActiveDirectory_DomainService,Directory Service,757,4,,,,,,,,,,,,,,
2026-05-26T14:09:53.785608Z,"{'#attributes': {'Qualifiers': 16384}, '#text': 2406}",dc.scaffold.htb,Microsoft-Windows-ActiveDirectory_DomainService,Directory Service,758,4,,Recycle Bin Feature,,,,,,,,,,,,
2026-05-26T14:09:53.785608Z,"{'#attributes': {'Qualifiers': 16384}, '#text': 2406}",dc.scaffold.htb,Microsoft-Windows-ActiveDirectory_DomainService,Directory Service,759,4,,Privileged Access Management Feature,,,,,,,,,,,,
2026-05-26T14:09:53.785608Z,"{'#attributes': {'Qualifiers': 16384}, '#text': 2168}",dc.scaffold.htb,Microsoft-Windows-ActiveDirectory_DomainService,Directory Service,760,4,,3149889245066158878,,,,,,,,,,,,
2026-05-26T14:09:53.785608Z,"{'#attributes': {'Qualifiers': 16384}, '#text': 2172}",dc.scaffold.htb,Microsoft-Windows-ActiveDirectory_DomainService,Directory Service,761,4,,15332508568834610484,,,,,,,,,,,,
2026-05-26T14:09:53.785608Z,"{'#attributes': {'Qualifiers': 32768}, '#text': 2170}",dc.scaffold.htb,Microsoft-Windows-ActiveDirectory_DomainService,Directory Service,762,3,,,15332508568834610484,3149889245066158878,,,,,,,,,,
2026-05-26T14:09:53.785608Z,"{'#attributes': {'Qualifiers': 16384}, '#text': 1109}",dc.scaffold.htb,Microsoft-Windows-ActiveDirectory_DomainService,Directory Service,763,4,,,9198a772-b6fc-4ab3-a892-8609ad17c8f3,e2ae00c5-d902-4248-9457-3c852739ede7,,,135199,,,,,,,
2026-05-26T14:09:53.800857Z,"{'#attributes': {'Qualifiers': 16384}, '#text': 2179}",dc.scaffold.htb,Microsoft-Windows-ActiveDirectory_DomainService,Directory Service,764,4,,3149889245066158878,,,,,,,,,,,,
2026-05-26T14:09:53.800857Z,"{'#attributes': {'Qualifiers': 16384}, '#text': 2208}",dc.scaffold.htb,Microsoft-Windows-ActiveDirectory_DomainService,Directory Service,765,4,,,,,,,,,,,,,,
2026-05-26T14:09:53.800857Z,"{'#attributes': {'Qualifiers': 16384}, '#text': 2120}",dc.scaffold.htb,Microsoft-Windows-ActiveDirectory_DomainService,Directory Service,766,4,,,,,,,,,,,,,,
2026-05-26T14:09:53.800857Z,"{'#attributes': {'Qualifiers': 16384}, '#text': 2405}",dc.scaffold.htb,Microsoft-Windows-ActiveDirectory_DomainService,Directory Service,767,4,,Recycle Bin Feature,,,,,,,,,,,,
2026-05-26T14:09:53.800857Z,"{'#attributes': {'Qualifiers': 16384}, '#text': 2405}",dc.scaffold.htb,Microsoft-Windows-ActiveDirectory_DomainService,Directory Service,768,4,,Privileged Access Management Feature,,,,,,,,,,,,
2026-05-26T14:10:03.826979Z,"{'#attributes': {'Qualifiers': 32768}, '#text': 2886}",dc.scaffold.htb,Microsoft-Windows-ActiveDirectory_DomainService,Directory Service,769,3,,,,,,,,,,,,,,
2026-05-26T14:10:03.826979Z,"{'#attributes': {'Qualifiers': 32768}, '#text': 3041}",dc.scaffold.htb,Microsoft-Windows-ActiveDirectory_DomainService,Directory Service,770,3,,,,,,,,,,,,,,
2026-05-26T14:10:03.826979Z,"{'#attributes': {'Qualifiers': 16384}, '#text': 1000}",dc.scaffold.htb,Microsoft-Windows-ActiveDirectory_DomainService,Directory Service,771,4,,,,,,,,,,,,,,
2026-05-26T14:10:33.845470Z,"{'#attributes': {'Qualifiers': 16384}, '#text': 1394}",dc.scaffold.htb,Microsoft-Windows-ActiveDirectory_DomainService,Directory Service,772,4,,,,,,,,,,,,,,
2026-05-26T14:25:03.889116Z,"{'#attributes': {'Qualifiers': 0}, '#text': 102}",dc.scaffold.htb,NTDS ISAM,Directory Service,773,4,,,NTDS,"752,P,98",,,NTDSA: ,0,10,00,20348,0000,,
2026-05-26T14:25:03.889116Z,"{'#attributes': {'Qualifiers': 0}, '#text': 105}",dc.scaffold.htb,NTDS ISAM,Directory Service,774,4,,,NTDS,"752,D,0",,,NTDSA: ,0,0,"
[1] 0.000463 +J(0) +M(C:0K, Fs:107, WS:400K # 0K, PF:3396K # 356K, P:3396K)
[2] 0.000589 +J(0) +M(C:16K, Fs:133, WS:524K # 304K, PF:308K # 308K, P:308K)
[3] 0.000293 +J(0) +M(C:0K, Fs:5, WS:20K # 20K, PF:64K # 64K, P:64K)
[4] 0.005913 -0.000121 (1) WT +J(0) +M(C:0K, Fs:129, WS:436K # 436K, PF:5208K # 5208K, P:5208K)
[5] 0.000493 +J(0) +M(C:0K, Fs:2, WS:8K # 8K, PF:4K # 4K, P:4K)
[6] 0.002090 +J(0) +M(C:0K, Fs:22, WS:88K # 88K, PF:20K # 20K, P:20K)
[7] 0.018314 -0.010476 (21) WT +J(0) +M(C:0K, Fs:2579, WS:10296K # 10296K, PF:10260K # 10260K, P:10260K)
[8] -
[9] -
[10] -
[11] -
[12] -
[13] 0.015329 -0.008506 (22) WT +J(CM:0, PgRf:0, Rd:0/0, Dy:0/0, Lg:616/1) +M(C:0K, Fs:8, WS:-10216K # 24K, PF:-10256K # 12K, P:-10256K)
[14] 0.000012 +J(0)
[15] 0.000167 +J(0) +M(C:0K, Fs:206, WS:820K # 0K, PF:68K # 0K, P:68K)
[16] 0.000352 -0.000158 (1) WT +J(0) +M(C:0K, Fs:3, WS:4K # 0K, PF:0K # 0K, P:0K).",,,,
2026-05-26T14:25:03.889116Z,"{'#attributes': {'Qualifiers': 0}, '#text': 330}",dc.scaffold.htb,NTDS ISAM,Directory Service,775,4,,,NTDS,"752,D,50",,,NTDSA: ,C:\Windows\NTDS\ntds.dit,0x22D8 (8920),8920 (0x22d8),9360 (0x2490),,,
2026-05-26T14:25:03.905296Z,"{'#attributes': {'Qualifiers': 0}, '#text': 326}",dc.scaffold.htb,NTDS ISAM,Directory Service,776,4,,,NTDS,"752,D,50",,,NTDSA: ,1,C:\Windows\NTDS\ntds.dit,0,"
[1] 0.000003 +J(0) +M(C:0K, Fs:1, WS:4K # 0K, PF:0K # 0K, P:0K)
[2] 0.000333 -0.000207 (1) WT +J(0) +M(C:0K, Fs:19, WS:12K # 0K, PF:8K # 0K, P:8K)
[3] 0.003209 -0.001379 (6) WT +J(CM:0, PgRf:0, Rd:0/0, Dy:0/0, Lg:3480/2) +M(C:0K, Fs:20, WS:68K # 0K, PF:136K # 0K, P:136K)
[4] 0.000108 +J(0)
[5] -
[6] -
[7] -
[8] 0.002186 -0.000412 (2) CM -0.000261 (2) WT +J(CM:2, PgRf:2, Rd:4/2, Dy:0/0, Lg:0/0) +M(C:16K, Fs:45, WS:168K # 0K, PF:220K # 0K, P:220K)
[9] 0.002030 -0.001512 (7) CM -0.001091 (7) WT +J(CM:7, PgRf:24, Rd:0/7, Dy:0/0, Lg:0/0) +M(C:-8K, Fs:29, WS:100K # 0K, PF:192K # 0K, P:192K)
[10] 0.001905 -0.001370 (3) CM -0.001010 (3) WT +J(CM:3, PgRf:40, Rd:0/3, Dy:0/0, Lg:0/0) +M(C:-4K, Fs:5, WS:12K # 0K, PF:60K # 0K, P:60K)
[11] 0.000061 +J(CM:0, PgRf:1, Rd:0/0, Dy:0/0, Lg:0/0) +M(C:0K, Fs:4, WS:16K # 0K, PF:0K # 0K, P:0K)
[12] 0.000089 +J(CM:0, PgRf:48, Rd:0/0, Dy:0/0, Lg:0/0) +M(C:0K, Fs:2, WS:8K # 0K, PF:0K # 0K, P:0K)
[13] 0.000002 +J(0)
[14] 0.0 +J(0)
[15] 0.000007 +J(CM:0, PgRf:1, Rd:0/0, Dy:0/0, Lg:0/0).",0 0,"lgposAttach = 00000003:0097:0268,
dbv = 1568.20.0 (8920)",
2026-05-26T14:25:03.905296Z,"{'#attributes': {'Qualifiers': 0}, '#text': 330}",dc.scaffold.htb,NTDS ISAM,Directory Service,777,4,,,NTDS,"752,D,2",,,NTDSA: ,C:\Windows\NTDS\temp.edb,0x22D8 (8920),8920 (0x22d8),9360 (0x2490),,,
2026-05-26T14:25:03.905296Z,"{'#attributes': {'Qualifiers': 0}, '#text': 700}",dc.scaffold.htb,NTDS ISAM,Directory Service,778,4,,,NTDS,"752,D,0",,,NTDSA: ,C:\Windows\NTDS\ntds.dit,,,,,,
2026-05-26T14:25:03.967283Z,"{'#attributes': {'Qualifiers': 0}, '#text': 701}",dc.scaffold.htb,NTDS ISAM,Directory Service,779,4,,,NTDS,"752,D,0",,,NTDSA: ,C:\Windows\NTDS\ntds.dit,0,5/26/2026,0,1,1,19
2026-05-26T14:25:03.889116Z,"{'#attributes': {'Qualifiers': 16384}, '#text': 3033}",dc.scaffold.htb,Microsoft-Windows-ActiveDirectory_DomainService,Directory Service,780,4,,,,,,,,,,,,,,
2026-05-26T14:25:03.889116Z,"{'#attributes': {'Qualifiers': 16384}, '#text': 3027}",dc.scaffold.htb,Microsoft-Windows-ActiveDirectory_DomainService,Directory Service,781,4,,3600,,,,,,,,,,,,
2026-05-26T14:25:03.905296Z,"{'#attributes': {'Qualifiers': 16384}, '#text': 1869}",dc.scaffold.htb,Microsoft-Windows-ActiveDirectory_DomainService,Directory Service,782,4,,,\\dc.scaffold.htb,Default-First-Site-Name,,,,,,,,,,
2026-05-26T14:28:08.450224Z,"{'#attributes': {'Qualifiers': 16384}, '#text': 2179}",dc.scaffold.htb,Microsoft-Windows-ActiveDirectory_DomainService,Directory Service,783,4,,3149889245066158878,,,,,,,,,,,,
2026-05-26T14:28:09.434596Z,"{'#attributes': {'Qualifiers': 16384}, '#text': 1004}",dc.scaffold.htb,Microsoft-Windows-ActiveDirectory_DomainService,Directory Service,784,4,,,,,,,,,,,,,,
2026-05-29T19:26:57.504563Z,"{'#attributes': {'Qualifiers': 32768}, '#text': 3051}",dc.scaffold.htb,Microsoft-Windows-ActiveDirectory_DomainService,Directory Service,785,3,,,,,,,,,,,,,,
2026-05-29T19:26:57.504563Z,"{'#attributes': {'Qualifiers': 32768}, '#text': 3054}",dc.scaffold.htb,Microsoft-Windows-ActiveDirectory_DomainService,Directory Service,786,3,,,,,,,,,,,,,,
2026-05-29T19:26:57.707711Z,"{'#attributes': {'Qualifiers': 16384}, '#text': 2121}",dc.scaffold.htb,Microsoft-Windows-ActiveDirectory_DomainService,Directory Service,787,4,,,,,,,,,,,,,,
2026-05-29T19:26:57.707711Z,"{'#attributes': {'Qualifiers': 16384}, '#text': 2406}",dc.scaffold.htb,Microsoft-Windows-ActiveDirectory_DomainService,Directory Service,788,4,,Recycle Bin Feature,,,,,,,,,,,,
2026-05-29T19:26:57.707711Z,"{'#attributes': {'Qualifiers': 16384}, '#text': 2406}",dc.scaffold.htb,Microsoft-Windows-ActiveDirectory_DomainService,Directory Service,789,4,,Privileged Access Management Feature,,,,,,,,,,,,
2026-05-29T19:26:57.707711Z,"{'#attributes': {'Qualifiers': 16384}, '#text': 2168}",dc.scaffold.htb,Microsoft-Windows-ActiveDirectory_DomainService,Directory Service,790,4,,7957738971340850032,,,,,,,,,,,,
2026-05-29T19:26:57.707711Z,"{'#attributes': {'Qualifiers': 16384}, '#text': 2172}",dc.scaffold.htb,Microsoft-Windows-ActiveDirectory_DomainService,Directory Service,791,4,,3149889245066158878,,,,,,,,,,,,
2026-05-29T19:26:57.707711Z,"{'#attributes': {'Qualifiers': 32768}, '#text': 2170}",dc.scaffold.htb,Microsoft-Windows-ActiveDirectory_DomainService,Directory Service,792,3,,,3149889245066158878,7957738971340850032,,,,,,,,,,
2026-05-29T19:26:57.707711Z,"{'#attributes': {'Qualifiers': 16384}, '#text': 1109}",dc.scaffold.htb,Microsoft-Windows-ActiveDirectory_DomainService,Directory Service,793,4,,,e2ae00c5-d902-4248-9457-3c852739ede7,a12ed332-dee5-425b-a2e9-63f34a94258b,,,139296,,,,,,,
2026-05-29T19:26:57.723314Z,"{'#attributes': {'Qualifiers': 16384}, '#text': 2179}",dc.scaffold.htb,Microsoft-Windows-ActiveDirectory_DomainService,Directory Service,794,4,,7957738971340850032,,,,,,,,,,,,
2026-05-29T19:26:57.723314Z,"{'#attributes': {'Qualifiers': 16384}, '#text': 2208}",dc.scaffold.htb,Microsoft-Windows-ActiveDirectory_DomainService,Directory Service,795,4,,,,,,,,,,,,,,
2026-05-29T19:26:57.723314Z,"{'#attributes': {'Qualifiers': 16384}, '#text': 2120}",dc.scaffold.htb,Microsoft-Windows-ActiveDirectory_DomainService,Directory Service,796,4,,,,,,,,,,,,,,
2026-05-29T19:26:57.723314Z,"{'#attributes': {'Qualifiers': 16384}, '#text': 2405}",dc.scaffold.htb,Microsoft-Windows-ActiveDirectory_DomainService,Directory Service,797,4,,Recycle Bin Feature,,,,,,,,,,,,
2026-05-29T19:26:57.723314Z,"{'#attributes': {'Qualifiers': 16384}, '#text': 2405}",dc.scaffold.htb,Microsoft-Windows-ActiveDirectory_DomainService,Directory Service,798,4,,Privileged Access Management Feature,,,,,,,,,,,,
2026-05-29T19:27:07.744897Z,"{'#attributes': {'Qualifiers': 32768}, '#text': 2886}",dc.scaffold.htb,Microsoft-Windows-ActiveDirectory_DomainService,Directory Service,799,3,,,,,,,,,,,,,,
2026-05-29T19:27:07.744897Z,"{'#attributes': {'Qualifiers': 32768}, '#text': 3041}",dc.scaffold.htb,Microsoft-Windows-ActiveDirectory_DomainService,Directory Service,800,3,,,,,,,,,,,,,,
2026-05-29T19:27:07.744897Z,"{'#attributes': {'Qualifiers': 16384}, '#text': 1000}",dc.scaffold.htb,Microsoft-Windows-ActiveDirectory_DomainService,Directory Service,801,4,,,,,,,,,,,,,,
2026-05-29T19:27:37.754159Z,"{'#attributes': {'Qualifiers': 16384}, '#text': 1394}",dc.scaffold.htb,Microsoft-Windows-ActiveDirectory_DomainService,Directory Service,802,4,,,,,,,,,,,,,,
2026-05-29T19:32:11.548826Z,"{'#attributes': {'Qualifiers': 16384}, '#text': 2179}",dc.scaffold.htb,Microsoft-Windows-ActiveDirectory_DomainService,Directory Service,803,4,,7957738971340850032,,,,,,,,,,,,
2026-05-29T19:32:13.735895Z,"{'#attributes': {'Qualifiers': 16384}, '#text': 1004}",dc.scaffold.htb,Microsoft-Windows-ActiveDirectory_DomainService,Directory Service,804,4,,,,,,,,,,,,,,
2026-06-01T00:56:07.739113Z,"{'#attributes': {'Qualifiers': 32768}, '#text': 3051}",dc.scaffold.htb,Microsoft-Windows-ActiveDirectory_DomainService,Directory Service,805,3,,,,,,,,,,,,,,
2026-06-01T00:56:07.739113Z,"{'#attributes': {'Qualifiers': 32768}, '#text': 3054}",dc.scaffold.htb,Microsoft-Windows-ActiveDirectory_DomainService,Directory Service,806,3,,,,,,,,,,,,,,
2026-06-01T00:56:07.942520Z,"{'#attributes': {'Qualifiers': 16384}, '#text': 2121}",dc.scaffold.htb,Microsoft-Windows-ActiveDirectory_DomainService,Directory Service,807,4,,,,,,,,,,,,,,
2026-06-01T00:56:07.942520Z,"{'#attributes': {'Qualifiers': 16384}, '#text': 2406}",dc.scaffold.htb,Microsoft-Windows-ActiveDirectory_DomainService,Directory Service,808,4,,Recycle Bin Feature,,,,,,,,,,,,
2026-06-01T00:56:07.942520Z,"{'#attributes': {'Qualifiers': 16384}, '#text': 2406}",dc.scaffold.htb,Microsoft-Windows-ActiveDirectory_DomainService,Directory Service,809,4,,Privileged Access Management Feature,,,,,,,,,,,,
2026-06-01T00:56:07.942520Z,"{'#attributes': {'Qualifiers': 16384}, '#text': 2168}",dc.scaffold.htb,Microsoft-Windows-ActiveDirectory_DomainService,Directory Service,810,4,,11953350576716186868,,,,,,,,,,,,
2026-06-01T00:56:07.942520Z,"{'#attributes': {'Qualifiers': 16384}, '#text': 2172}",dc.scaffold.htb,Microsoft-Windows-ActiveDirectory_DomainService,Directory Service,811,4,,7957738971340850032,,,,,,,,,,,,
2026-06-01T00:56:07.942520Z,"{'#attributes': {'Qualifiers': 32768}, '#text': 2170}",dc.scaffold.htb,Microsoft-Windows-ActiveDirectory_DomainService,Directory Service,812,3,,,7957738971340850032,11953350576716186868,,,,,,,,,,
2026-06-01T00:56:07.942520Z,"{'#attributes': {'Qualifiers': 16384}, '#text': 1109}",dc.scaffold.htb,Microsoft-Windows-ActiveDirectory_DomainService,Directory Service,813,4,,,a12ed332-dee5-425b-a2e9-63f34a94258b,ed3a2857-5024-41ae-8b33-366b091ecf39,,,143393,,,,,,,
2026-06-01T00:56:07.957883Z,"{'#attributes': {'Qualifiers': 16384}, '#text': 2179}",dc.scaffold.htb,Microsoft-Windows-ActiveDirectory_DomainService,Directory Service,814,4,,11953350576716186868,,,,,,,,,,,,
2026-06-01T00:56:07.957883Z,"{'#attributes': {'Qualifiers': 16384}, '#text': 2208}",dc.scaffold.htb,Microsoft-Windows-ActiveDirectory_DomainService,Directory Service,815,4,,,,,,,,,,,,,,
2026-06-01T00:56:07.957883Z,"{'#attributes': {'Qualifiers': 16384}, '#text': 2120}",dc.scaffold.htb,Microsoft-Windows-ActiveDirectory_DomainService,Directory Service,816,4,,,,,,,,,,,,,,
2026-06-01T00:56:07.957883Z,"{'#attributes': {'Qualifiers': 16384}, '#text': 2405}",dc.scaffold.htb,Microsoft-Windows-ActiveDirectory_DomainService,Directory Service,817,4,,Recycle Bin Feature,,,,,,,,,,,,
2026-06-01T00:56:07.957883Z,"{'#attributes': {'Qualifiers': 16384}, '#text': 2405}",dc.scaffold.htb,Microsoft-Windows-ActiveDirectory_DomainService,Directory Service,818,4,,Privileged Access Management Feature,,,,,,,,,,,,
2026-06-01T00:56:17.984482Z,"{'#attributes': {'Qualifiers': 32768}, '#text': 2886}",dc.scaffold.htb,Microsoft-Windows-ActiveDirectory_DomainService,Directory Service,819,3,,,,,,,,,,,,,,
2026-06-01T00:56:17.984482Z,"{'#attributes': {'Qualifiers': 32768}, '#text': 3041}",dc.scaffold.htb,Microsoft-Windows-ActiveDirectory_DomainService,Directory Service,820,3,,,,,,,,,,,,,,
2026-06-01T00:56:17.984482Z,"{'#attributes': {'Qualifiers': 16384}, '#text': 1000}",dc.scaffold.htb,Microsoft-Windows-ActiveDirectory_DomainService,Directory Service,821,4,,,,,,,,,,,,,,
2026-06-01T00:56:47.984812Z,"{'#attributes': {'Qualifiers': 16384}, '#text': 1394}",dc.scaffold.htb,Microsoft-Windows-ActiveDirectory_DomainService,Directory Service,822,4,,,,,,,,,,,,,,
2026-06-01T01:00:24.204805Z,"{'#attributes': {'Qualifiers': 16384}, '#text': 2179}",dc.scaffold.htb,Microsoft-Windows-ActiveDirectory_DomainService,Directory Service,823,4,,11953350576716186868,,,,,,,,,,,,
2026-06-01T01:00:27.467028Z,"{'#attributes': {'Qualifiers': 16384}, '#text': 1004}",dc.scaffold.htb,Microsoft-Windows-ActiveDirectory_DomainService,Directory Service,824,4,,,,,,,,,,,,,,
2026-06-01T18:41:46.019887Z,"{'#attributes': {'Qualifiers': 32768}, '#text': 3051}",dc.scaffold.htb,Microsoft-Windows-ActiveDirectory_DomainService,Directory Service,825,3,,,,,,,,,,,,,,
2026-06-01T18:41:46.019887Z,"{'#attributes': {'Qualifiers': 32768}, '#text': 3054}",dc.scaffold.htb,Microsoft-Windows-ActiveDirectory_DomainService,Directory Service,826,3,,,,,,,,,,,,,,
2026-06-01T18:41:46.160762Z,"{'#attributes': {'Qualifiers': 16384}, '#text': 2121}",dc.scaffold.htb,Microsoft-Windows-ActiveDirectory_DomainService,Directory Service,827,4,,,,,,,,,,,,,,
2026-06-01T18:41:46.160762Z,"{'#attributes': {'Qualifiers': 16384}, '#text': 2406}",dc.scaffold.htb,Microsoft-Windows-ActiveDirectory_DomainService,Directory Service,828,4,,Recycle Bin Feature,,,,,,,,,,,,
2026-06-01T18:41:46.160762Z,"{'#attributes': {'Qualifiers': 16384}, '#text': 2406}",dc.scaffold.htb,Microsoft-Windows-ActiveDirectory_DomainService,Directory Service,829,4,,Privileged Access Management Feature,,,,,,,,,,,,
2026-06-01T18:41:46.160762Z,"{'#attributes': {'Qualifiers': 16384}, '#text': 2168}",dc.scaffold.htb,Microsoft-Windows-ActiveDirectory_DomainService,Directory Service,830,4,,10917094983128373380,,,,,,,,,,,,
2026-06-01T18:41:46.160762Z,"{'#attributes': {'Qualifiers': 16384}, '#text': 2172}",dc.scaffold.htb,Microsoft-Windows-ActiveDirectory_DomainService,Directory Service,831,4,,11953350576716186868,,,,,,,,,,,,
2026-06-01T18:41:46.160762Z,"{'#attributes': {'Qualifiers': 32768}, '#text': 2170}",dc.scaffold.htb,Microsoft-Windows-ActiveDirectory_DomainService,Directory Service,832,3,,,11953350576716186868,10917094983128373380,,,,,,,,,,
2026-06-01T18:41:46.176170Z,"{'#attributes': {'Qualifiers': 16384}, '#text': 1109}",dc.scaffold.htb,Microsoft-Windows-ActiveDirectory_DomainService,Directory Service,833,4,,,ed3a2857-5024-41ae-8b33-366b091ecf39,f8ccf903-d9b1-483a-a3ac-44a9ef1a097f,,,147490,,,,,,,
2026-06-01T18:41:46.176170Z,"{'#attributes': {'Qualifiers': 16384}, '#text': 2179}",dc.scaffold.htb,Microsoft-Windows-ActiveDirectory_DomainService,Directory Service,834,4,,10917094983128373380,,,,,,,,,,,,
2026-06-01T18:41:46.176170Z,"{'#attributes': {'Qualifiers': 16384}, '#text': 2208}",dc.scaffold.htb,Microsoft-Windows-ActiveDirectory_DomainService,Directory Service,835,4,,,,,,,,,,,,,,
2026-06-01T18:41:46.191804Z,"{'#attributes': {'Qualifiers': 16384}, '#text': 2120}",dc.scaffold.htb,Microsoft-Windows-ActiveDirectory_DomainService,Directory Service,836,4,,,,,,,,,,,,,,
2026-06-01T18:41:46.191804Z,"{'#attributes': {'Qualifiers': 16384}, '#text': 2405}",dc.scaffold.htb,Microsoft-Windows-ActiveDirectory_DomainService,Directory Service,837,4,,Recycle Bin Feature,,,,,,,,,,,,
2026-06-01T18:41:46.191804Z,"{'#attributes': {'Qualifiers': 16384}, '#text': 2405}",dc.scaffold.htb,Microsoft-Windows-ActiveDirectory_DomainService,Directory Service,838,4,,Privileged Access Management Feature,,,,,,,,,,,,
2026-06-01T18:41:56.196597Z,"{'#attributes': {'Qualifiers': 32768}, '#text': 2886}",dc.scaffold.htb,Microsoft-Windows-ActiveDirectory_DomainService,Directory Service,839,3,,,,,,,,,,,,,,
2026-06-01T18:41:56.196597Z,"{'#attributes': {'Qualifiers': 32768}, '#text': 3041}",dc.scaffold.htb,Microsoft-Windows-ActiveDirectory_DomainService,Directory Service,840,3,,,,,,,,,,,,,,
2026-06-01T18:41:56.196597Z,"{'#attributes': {'Qualifiers': 16384}, '#text': 1000}",dc.scaffold.htb,Microsoft-Windows-ActiveDirectory_DomainService,Directory Service,841,4,,,,,,,,,,,,,,
2026-06-01T18:42:26.212843Z,"{'#attributes': {'Qualifiers': 16384}, '#text': 1394}",dc.scaffold.htb,Microsoft-Windows-ActiveDirectory_DomainService,Directory Service,842,4,,,,,,,,,,,,,,
2026-06-01T18:48:56.806874Z,"{'#attributes': {'Qualifiers': 16384}, '#text': 2179}",dc.scaffold.htb,Microsoft-Windows-ActiveDirectory_DomainService,Directory Service,843,4,,10917094983128373380,,,,,,,,,,,,
2026-06-01T18:48:59.378345Z,"{'#attributes': {'Qualifiers': 16384}, '#text': 1004}",dc.scaffold.htb,Microsoft-Windows-ActiveDirectory_DomainService,Directory Service,844,4,,,,,,,,,,,,,,
2026-06-02T14:04:12.488181Z,"{'#attributes': {'Qualifiers': 32768}, '#text': 3051}",dc.scaffold.htb,Microsoft-Windows-ActiveDirectory_DomainService,Directory Service,845,3,,,,,,,,,,,,,,
2026-06-02T14:04:12.488181Z,"{'#attributes': {'Qualifiers': 32768}, '#text': 3054}",dc.scaffold.htb,Microsoft-Windows-ActiveDirectory_DomainService,Directory Service,846,3,,,,,,,,,,,,,,
2026-06-02T14:04:12.632752Z,"{'#attributes': {'Qualifiers': 16384}, '#text': 2121}",dc.scaffold.htb,Microsoft-Windows-ActiveDirectory_DomainService,Directory Service,847,4,,,,,,,,,,,,,,
2026-06-02T14:04:12.632752Z,"{'#attributes': {'Qualifiers': 16384}, '#text': 2406}",dc.scaffold.htb,Microsoft-Windows-ActiveDirectory_DomainService,Directory Service,848,4,,Recycle Bin Feature,,,,,,,,,,,,
2026-06-02T14:04:12.632752Z,"{'#attributes': {'Qualifiers': 16384}, '#text': 2406}",dc.scaffold.htb,Microsoft-Windows-ActiveDirectory_DomainService,Directory Service,849,4,,Privileged Access Management Feature,,,,,,,,,,,,
2026-06-02T14:04:12.632752Z,"{'#attributes': {'Qualifiers': 16384}, '#text': 2168}",dc.scaffold.htb,Microsoft-Windows-ActiveDirectory_DomainService,Directory Service,850,4,,2776095824828486858,,,,,,,,,,,,
2026-06-02T14:04:12.632752Z,"{'#attributes': {'Qualifiers': 16384}, '#text': 2172}",dc.scaffold.htb,Microsoft-Windows-ActiveDirectory_DomainService,Directory Service,851,4,,10917094983128373380,,,,,,,,,,,,
2026-06-02T14:04:12.632752Z,"{'#attributes': {'Qualifiers': 32768}, '#text': 2170}",dc.scaffold.htb,Microsoft-Windows-ActiveDirectory_DomainService,Directory Service,852,3,,,10917094983128373380,2776095824828486858,,,,,,,,,,
2026-06-02T14:04:12.632752Z,"{'#attributes': {'Qualifiers': 16384}, '#text': 1109}",dc.scaffold.htb,Microsoft-Windows-ActiveDirectory_DomainService,Directory Service,853,4,,,f8ccf903-d9b1-483a-a3ac-44a9ef1a097f,f5274f03-a8ab-4e70-b7cd-39ee2fb9b3d3,,,151587,,,,,,,
2026-06-02T14:04:12.647855Z,"{'#attributes': {'Qualifiers': 16384}, '#text': 2179}",dc.scaffold.htb,Microsoft-Windows-ActiveDirectory_DomainService,Directory Service,854,4,,2776095824828486858,,,,,,,,,,,,
2026-06-02T14:04:12.647855Z,"{'#attributes': {'Qualifiers': 16384}, '#text': 2208}",dc.scaffold.htb,Microsoft-Windows-ActiveDirectory_DomainService,Directory Service,855,4,,,,,,,,,,,,,,
2026-06-02T14:04:12.647855Z,"{'#attributes': {'Qualifiers': 16384}, '#text': 2120}",dc.scaffold.htb,Microsoft-Windows-ActiveDirectory_DomainService,Directory Service,856,4,,,,,,,,,,,,,,
2026-06-02T14:04:12.647855Z,"{'#attributes': {'Qualifiers': 16384}, '#text': 2405}",dc.scaffold.htb,Microsoft-Windows-ActiveDirectory_DomainService,Directory Service,857,4,,Recycle Bin Feature,,,,,,,,,,,,
2026-06-02T14:04:12.647855Z,"{'#attributes': {'Qualifiers': 16384}, '#text': 2405}",dc.scaffold.htb,Microsoft-Windows-ActiveDirectory_DomainService,Directory Service,858,4,,Privileged Access Management Feature,,,,,,,,,,,,
2026-06-02T14:04:22.671447Z,"{'#attributes': {'Qualifiers': 32768}, '#text': 2886}",dc.scaffold.htb,Microsoft-Windows-ActiveDirectory_DomainService,Directory Service,859,3,,,,,,,,,,,,,,
2026-06-02T14:04:22.671447Z,"{'#attributes': {'Qualifiers': 32768}, '#text': 3041}",dc.scaffold.htb,Microsoft-Windows-ActiveDirectory_DomainService,Directory Service,860,3,,,,,,,,,,,,,,
2026-06-02T14:04:22.671447Z,"{'#attributes': {'Qualifiers': 16384}, '#text': 1000}",dc.scaffold.htb,Microsoft-Windows-ActiveDirectory_DomainService,Directory Service,861,4,,,,,,,,,,,,,,
2026-06-02T14:04:52.685196Z,"{'#attributes': {'Qualifiers': 16384}, '#text': 1394}",dc.scaffold.htb,Microsoft-Windows-ActiveDirectory_DomainService,Directory Service,862,4,,,,,,,,,,,,,,
2026-06-02T14:06:20.570012Z,"{'#attributes': {'Qualifiers': 16384}, '#text': 2179}",dc.scaffold.htb,Microsoft-Windows-ActiveDirectory_DomainService,Directory Service,863,4,,2776095824828486858,,,,,,,,,,,,
2026-06-02T14:06:23.424781Z,"{'#attributes': {'Qualifiers': 16384}, '#text': 1004}",dc.scaffold.htb,Microsoft-Windows-ActiveDirectory_DomainService,Directory Service,864,4,,,,,,,,,,,,,,
2026-06-02T14:09:16.382732Z,"{'#attributes': {'Qualifiers': 32768}, '#text': 3051}",dc.scaffold.htb,Microsoft-Windows-ActiveDirectory_DomainService,Directory Service,865,3,,,,,,,,,,,,,,
2026-06-02T14:09:16.382732Z,"{'#attributes': {'Qualifiers': 32768}, '#text': 3054}",dc.scaffold.htb,Microsoft-Windows-ActiveDirectory_DomainService,Directory Service,866,3,,,,,,,,,,,,,,
2026-06-02T14:09:16.479323Z,"{'#attributes': {'Qualifiers': 16384}, '#text': 2121}",dc.scaffold.htb,Microsoft-Windows-ActiveDirectory_DomainService,Directory Service,867,4,,,,,,,,,,,,,,
2026-06-02T14:09:16.479323Z,"{'#attributes': {'Qualifiers': 16384}, '#text': 2406}",dc.scaffold.htb,Microsoft-Windows-ActiveDirectory_DomainService,Directory Service,868,4,,Recycle Bin Feature,,,,,,,,,,,,
2026-06-02T14:09:16.479323Z,"{'#attributes': {'Qualifiers': 16384}, '#text': 2406}",dc.scaffold.htb,Microsoft-Windows-ActiveDirectory_DomainService,Directory Service,869,4,,Privileged Access Management Feature,,,,,,,,,,,,
2026-06-02T14:09:16.479323Z,"{'#attributes': {'Qualifiers': 16384}, '#text': 2168}",dc.scaffold.htb,Microsoft-Windows-ActiveDirectory_DomainService,Directory Service,870,4,,1716482619039775184,,,,,,,,,,,,
2026-06-02T14:09:16.479323Z,"{'#attributes': {'Qualifiers': 16384}, '#text': 2172}",dc.scaffold.htb,Microsoft-Windows-ActiveDirectory_DomainService,Directory Service,871,4,,2776095824828486858,,,,,,,,,,,,
2026-06-02T14:09:16.479323Z,"{'#attributes': {'Qualifiers': 32768}, '#text': 2170}",dc.scaffold.htb,Microsoft-Windows-ActiveDirectory_DomainService,Directory Service,872,3,,,2776095824828486858,1716482619039775184,,,,,,,,,,
2026-06-02T14:09:16.479323Z,"{'#attributes': {'Qualifiers': 16384}, '#text': 1109}",dc.scaffold.htb,Microsoft-Windows-ActiveDirectory_DomainService,Directory Service,873,4,,,f5274f03-a8ab-4e70-b7cd-39ee2fb9b3d3,a471ef37-ab8f-4620-9819-7d0da51c1a8f,,,155684,,,,,,,
2026-06-02T14:09:16.494986Z,"{'#attributes': {'Qualifiers': 16384}, '#text': 2179}",dc.scaffold.htb,Microsoft-Windows-ActiveDirectory_DomainService,Directory Service,874,4,,1716482619039775184,,,,,,,,,,,,
2026-06-02T14:09:16.494986Z,"{'#attributes': {'Qualifiers': 16384}, '#text': 2208}",dc.scaffold.htb,Microsoft-Windows-ActiveDirectory_DomainService,Directory Service,875,4,,,,,,,,,,,,,,
2026-06-02T14:09:16.494986Z,"{'#attributes': {'Qualifiers': 16384}, '#text': 2120}",dc.scaffold.htb,Microsoft-Windows-ActiveDirectory_DomainService,Directory Service,876,4,,,,,,,,,,,,,,
2026-06-02T14:09:16.494986Z,"{'#attributes': {'Qualifiers': 16384}, '#text': 2405}",dc.scaffold.htb,Microsoft-Windows-ActiveDirectory_DomainService,Directory Service,877,4,,Recycle Bin Feature,,,,,,,,,,,,
2026-06-02T14:09:16.494986Z,"{'#attributes': {'Qualifiers': 16384}, '#text': 2405}",dc.scaffold.htb,Microsoft-Windows-ActiveDirectory_DomainService,Directory Service,878,4,,Privileged Access Management Feature,,,,,,,,,,,,
2026-06-02T14:09:26.521350Z,"{'#attributes': {'Qualifiers': 32768}, '#text': 2886}",dc.scaffold.htb,Microsoft-Windows-ActiveDirectory_DomainService,Directory Service,879,3,,,,,,,,,,,,,,
2026-06-02T14:09:26.521350Z,"{'#attributes': {'Qualifiers': 32768}, '#text': 3041}",dc.scaffold.htb,Microsoft-Windows-ActiveDirectory_DomainService,Directory Service,880,3,,,,,,,,,,,,,,
2026-06-02T14:09:26.521350Z,"{'#attributes': {'Qualifiers': 16384}, '#text': 1000}",dc.scaffold.htb,Microsoft-Windows-ActiveDirectory_DomainService,Directory Service,881,4,,,,,,,,,,,,,,
2026-06-02T14:09:56.528126Z,"{'#attributes': {'Qualifiers': 16384}, '#text': 1394}",dc.scaffold.htb,Microsoft-Windows-ActiveDirectory_DomainService,Directory Service,882,4,,,,,,,,,,,,,,
2026-06-02T14:24:26.606363Z,"{'#attributes': {'Qualifiers': 0}, '#text': 102}",dc.scaffold.htb,NTDS ISAM,Directory Service,883,4,,,NTDS,"760,P,98",,,NTDSA: ,0,10,00,20348,0000,,
2026-06-02T14:24:26.606363Z,"{'#attributes': {'Qualifiers': 0}, '#text': 105}",dc.scaffold.htb,NTDS ISAM,Directory Service,884,4,,,NTDS,"760,D,0",,,NTDSA: ,0,0,"
[1] 0.000674 +J(0) +M(C:0K, Fs:145, WS:552K # 0K, PF:3372K # 340K, P:3372K)
[2] 0.000785 +J(0) +M(C:16K, Fs:92, WS:364K # 304K, PF:320K # 320K, P:320K)
[3] 0.000624 +J(0) +M(C:0K, Fs:5, WS:20K # 20K, PF:64K # 64K, P:64K)
[4] 0.007672 -0.000134 (1) WT +J(0) +M(C:0K, Fs:127, WS:432K # 432K, PF:5204K # 5204K, P:5204K)
[5] 0.000620 +J(0) +M(C:0K, Fs:3, WS:12K # 12K, PF:8K # 8K, P:8K)
[6] 0.002439 +J(0) +M(C:0K, Fs:21, WS:80K # 80K, PF:12K # 12K, P:12K)
[7] 0.014756 -0.007761 (21) WT +J(0) +M(C:0K, Fs:2579, WS:10296K # 10296K, PF:10260K # 10260K, P:10260K)
[8] -
[9] -
[10] -
[11] -
[12] -
[13] 0.010244 -0.003603 (22) WT +J(CM:0, PgRf:0, Rd:0/0, Dy:0/0, Lg:616/1) +M(C:0K, Fs:8, WS:-10216K # 24K, PF:-10256K # 12K, P:-10256K)
[14] 0.000017 +J(0)
[15] 0.000180 +J(0) +M(C:0K, Fs:206, WS:820K # 0K, PF:68K # 0K, P:68K)
[16] 0.000331 -0.000127 (1) WT +J(0) +M(C:0K, Fs:3, WS:4K # 0K, PF:0K # 0K, P:0K).",,,,
2026-06-02T14:24:26.606363Z,"{'#attributes': {'Qualifiers': 0}, '#text': 330}",dc.scaffold.htb,NTDS ISAM,Directory Service,885,4,,,NTDS,"760,D,50",,,NTDSA: ,C:\Windows\NTDS\ntds.dit,0x22D8 (8920),8920 (0x22d8),9360 (0x2490),,,
2026-06-02T14:24:26.606363Z,"{'#attributes': {'Qualifiers': 0}, '#text': 326}",dc.scaffold.htb,NTDS ISAM,Directory Service,886,4,,,NTDS,"760,D,50",,,NTDSA: ,1,C:\Windows\NTDS\ntds.dit,0,"
[1] 0.000005 +J(0) +M(C:0K, Fs:1, WS:4K # 0K, PF:0K # 0K, P:0K)
[2] 0.000309 -0.000124 (1) WT +J(0) +M(C:0K, Fs:19, WS:12K # 0K, PF:8K # 0K, P:8K)
[3] 0.004242 -0.001978 (6) WT +J(CM:0, PgRf:0, Rd:0/0, Dy:0/0, Lg:3480/2) +M(C:0K, Fs:19, WS:64K # 0K, PF:136K # 0K, P:136K)
[4] 0.000083 +J(0)
[5] -
[6] -
[7] -
[8] 0.002714 -0.000361 (2) CM -0.000252 (2) WT +J(CM:2, PgRf:2, Rd:4/2, Dy:0/0, Lg:0/0) +M(C:32K, Fs:46, WS:176K # 0K, PF:240K # 0K, P:240K)
[9] 0.001859 -0.001557 (5) CM -0.001333 (5) WT +J(CM:5, PgRf:24, Rd:0/5, Dy:0/0, Lg:0/0) +M(C:-24K, Fs:32, WS:100K # 0K, PF:180K # 0K, P:180K)
[10] 0.000526 -0.000374 (3) CM -0.000280 (3) WT +J(CM:3, PgRf:40, Rd:0/3, Dy:0/0, Lg:0/0) +M(C:-4K, Fs:5, WS:12K # 0K, PF:60K # 0K, P:60K)
[11] 0.000019 +J(CM:0, PgRf:1, Rd:0/0, Dy:0/0, Lg:0/0) +M(C:0K, Fs:4, WS:16K # 0K, PF:0K # 0K, P:0K)
[12] 0.000035 +J(CM:0, PgRf:48, Rd:0/0, Dy:0/0, Lg:0/0) +M(C:0K, Fs:2, WS:8K # 0K, PF:0K # 0K, P:0K)
[13] 0.000001 +J(0)
[14] 0.0 +J(0)
[15] 0.000003 +J(CM:0, PgRf:1, Rd:0/0, Dy:0/0, Lg:0/0).",0 0,"lgposAttach = 00000003:00FB:0268,
dbv = 1568.20.0 (8920)",
2026-06-02T14:24:26.606363Z,"{'#attributes': {'Qualifiers': 0}, '#text': 330}",dc.scaffold.htb,NTDS ISAM,Directory Service,887,4,,,NTDS,"760,D,2",,,NTDSA: ,C:\Windows\NTDS\temp.edb,0x22D8 (8920),8920 (0x22d8),9360 (0x2490),,,
2026-06-02T14:24:26.606363Z,"{'#attributes': {'Qualifiers': 0}, '#text': 700}",dc.scaffold.htb,NTDS ISAM,Directory Service,888,4,,,NTDS,"760,D,0",,,NTDSA: ,C:\Windows\NTDS\ntds.dit,,,,,,
2026-06-02T14:24:26.699904Z,"{'#attributes': {'Qualifiers': 0}, '#text': 701}",dc.scaffold.htb,NTDS ISAM,Directory Service,889,4,,,NTDS,"760,D,0",,,NTDSA: ,C:\Windows\NTDS\ntds.dit,0,6/2/2026,0,1,1,20
2026-06-02T14:24:26.606363Z,"{'#attributes': {'Qualifiers': 16384}, '#text': 3033}",dc.scaffold.htb,Microsoft-Windows-ActiveDirectory_DomainService,Directory Service,890,4,,,,,,,,,,,,,,
2026-06-02T14:24:26.606363Z,"{'#attributes': {'Qualifiers': 16384}, '#text': 3027}",dc.scaffold.htb,Microsoft-Windows-ActiveDirectory_DomainService,Directory Service,891,4,,3600,,,,,,,,,,,,
2026-06-02T14:24:26.606363Z,"{'#attributes': {'Qualifiers': 16384}, '#text': 1869}",dc.scaffold.htb,Microsoft-Windows-ActiveDirectory_DomainService,Directory Service,892,4,,,\\dc.scaffold.htb,Default-First-Site-Name,,,,,,,,,,
2026-06-02T14:29:57.478129Z,"{'#attributes': {'Qualifiers': 16384}, '#text': 2179}",dc.scaffold.htb,Microsoft-Windows-ActiveDirectory_DomainService,Directory Service,893,4,,1716482619039775184,,,,,,,,,,,,
2026-06-02T14:29:58.450230Z,"{'#attributes': {'Qualifiers': 16384}, '#text': 1004}",dc.scaffold.htb,Microsoft-Windows-ActiveDirectory_DomainService,Directory Service,894,4,,,,,,,,,,,,,,
2026-07-09T05:40:57.997264Z,"{'#attributes': {'Qualifiers': 32768}, '#text': 3051}",dc.scaffold.htb,Microsoft-Windows-ActiveDirectory_DomainService,Directory Service,895,3,,,,,,,,,,,,,,
2026-07-09T05:40:57.997264Z,"{'#attributes': {'Qualifiers': 32768}, '#text': 3054}",dc.scaffold.htb,Microsoft-Windows-ActiveDirectory_DomainService,Directory Service,896,3,,,,,,,,,,,,,,
2026-07-09T05:40:58.231664Z,"{'#attributes': {'Qualifiers': 16384}, '#text': 2121}",dc.scaffold.htb,Microsoft-Windows-ActiveDirectory_DomainService,Directory Service,897,4,,,,,,,,,,,,,,
2026-07-09T05:40:58.231664Z,"{'#attributes': {'Qualifiers': 16384}, '#text': 2406}",dc.scaffold.htb,Microsoft-Windows-ActiveDirectory_DomainService,Directory Service,898,4,,Recycle Bin Feature,,,,,,,,,,,,
2026-07-09T05:40:58.231664Z,"{'#attributes': {'Qualifiers': 16384}, '#text': 2406}",dc.scaffold.htb,Microsoft-Windows-ActiveDirectory_DomainService,Directory Service,899,4,,Privileged Access Management Feature,,,,,,,,,,,,
2026-07-09T05:40:58.231664Z,"{'#attributes': {'Qualifiers': 16384}, '#text': 2168}",dc.scaffold.htb,Microsoft-Windows-ActiveDirectory_DomainService,Directory Service,900,4,,4762547176743915276,,,,,,,,,,,,
2026-07-09T05:40:58.231664Z,"{'#attributes': {'Qualifiers': 16384}, '#text': 2172}",dc.scaffold.htb,Microsoft-Windows-ActiveDirectory_DomainService,Directory Service,901,4,,1716482619039775184,,,,,,,,,,,,
2026-07-09T05:40:58.231664Z,"{'#attributes': {'Qualifiers': 32768}, '#text': 2170}",dc.scaffold.htb,Microsoft-Windows-ActiveDirectory_DomainService,Directory Service,902,3,,,1716482619039775184,4762547176743915276,,,,,,,,,,
2026-07-09T05:40:58.231664Z,"{'#attributes': {'Qualifiers': 16384}, '#text': 1109}",dc.scaffold.htb,Microsoft-Windows-ActiveDirectory_DomainService,Directory Service,903,4,,,a471ef37-ab8f-4620-9819-7d0da51c1a8f,9fe8992d-9da5-4ba9-a15d-dc871d94ec7d,,,159781,,,,,,,
2026-07-09T05:40:58.247243Z,"{'#attributes': {'Qualifiers': 16384}, '#text': 2179}",dc.scaffold.htb,Microsoft-Windows-ActiveDirectory_DomainService,Directory Service,904,4,,4762547176743915276,,,,,,,,,,,,
2026-07-09T05:40:58.262887Z,"{'#attributes': {'Qualifiers': 16384}, '#text': 2208}",dc.scaffold.htb,Microsoft-Windows-ActiveDirectory_DomainService,Directory Service,905,4,,,,,,,,,,,,,,
2026-07-09T05:40:58.262887Z,"{'#attributes': {'Qualifiers': 16384}, '#text': 2120}",dc.scaffold.htb,Microsoft-Windows-ActiveDirectory_DomainService,Directory Service,906,4,,,,,,,,,,,,,,
2026-07-09T05:40:58.262887Z,"{'#attributes': {'Qualifiers': 16384}, '#text': 2405}",dc.scaffold.htb,Microsoft-Windows-ActiveDirectory_DomainService,Directory Service,907,4,,Recycle Bin Feature,,,,,,,,,,,,
2026-07-09T05:40:58.262887Z,"{'#attributes': {'Qualifiers': 16384}, '#text': 2405}",dc.scaffold.htb,Microsoft-Windows-ActiveDirectory_DomainService,Directory Service,908,4,,Privileged Access Management Feature,,,,,,,,,,,,
2026-07-09T05:41:08.278495Z,"{'#attributes': {'Qualifiers': 32768}, '#text': 2886}",dc.scaffold.htb,Microsoft-Windows-ActiveDirectory_DomainService,Directory Service,909,3,,,,,,,,,,,,,,
2026-07-09T05:41:08.278495Z,"{'#attributes': {'Qualifiers': 32768}, '#text': 3041}",dc.scaffold.htb,Microsoft-Windows-ActiveDirectory_DomainService,Directory Service,910,3,,,,,,,,,,,,,,
2026-07-09T05:41:08.278495Z,"{'#attributes': {'Qualifiers': 16384}, '#text': 1000}",dc.scaffold.htb,Microsoft-Windows-ActiveDirectory_DomainService,Directory Service,911,4,,,,,,,,,,,,,,
2026-07-09T05:41:38.289697Z,"{'#attributes': {'Qualifiers': 16384}, '#text': 1394}",dc.scaffold.htb,Microsoft-Windows-ActiveDirectory_DomainService,Directory Service,912,4,,,,,,,,,,,,,,
2026-07-09T05:56:08.372342Z,"{'#attributes': {'Qualifiers': 0}, '#text': 102}",dc.scaffold.htb,NTDS ISAM,Directory Service,913,4,,,NTDS,"712,P,98",,,NTDSA: ,0,10,00,20348,0000,,
2026-07-09T05:56:08.372342Z,"{'#attributes': {'Qualifiers': 0}, '#text': 105}",dc.scaffold.htb,NTDS ISAM,Directory Service,914,4,,,NTDS,"712,D,0",,,NTDSA: ,0,0,"
[1] 0.000869 +J(0) +M(C:0K, Fs:125, WS:480K # 0K, PF:3276K # 344K, P:3276K)
[2] 0.001141 +J(0) +M(C:16K, Fs:89, WS:348K # 280K, PF:296K # 296K, P:296K)
[3] 0.000633 +J(0) +M(C:0K, Fs:5, WS:20K # 20K, PF:64K # 64K, P:64K)
[4] 0.012271 -0.000624 (1) WT +J(0) +M(C:0K, Fs:124, WS:420K # 420K, PF:5172K # 5172K, P:5172K)
[5] 0.000876 +J(0) +M(C:0K, Fs:3, WS:12K # 12K, PF:8K # 8K, P:8K)
[6] 0.003349 +J(0) +M(C:0K, Fs:20, WS:80K # 80K, PF:12K # 12K, P:12K)
[7] 0.020689 -0.011972 (21) WT +J(0) +M(C:0K, Fs:2579, WS:10296K # 10296K, PF:10260K # 10260K, P:10260K)
[8] -
[9] -
[10] -
[11] -
[12] -
[13] 0.017992 -0.010561 (22) WT +J(CM:0, PgRf:0, Rd:0/0, Dy:0/0, Lg:616/1) +M(C:0K, Fs:8, WS:-10216K # 24K, PF:-10256K # 12K, P:-10256K)
[14] 0.000022 +J(0)
[15] 0.000318 +J(0) +M(C:0K, Fs:206, WS:820K # 0K, PF:68K # 0K, P:68K)
[16] 0.000390 -0.000191 (1) WT +J(0) +M(C:0K, Fs:3, WS:4K # 0K, PF:0K # 0K, P:0K).",,,,
2026-07-09T05:56:08.372342Z,"{'#attributes': {'Qualifiers': 0}, '#text': 330}",dc.scaffold.htb,NTDS ISAM,Directory Service,915,4,,,NTDS,"712,D,50",,,NTDSA: ,C:\Windows\NTDS\ntds.dit,0x22D8 (8920),8920 (0x22d8),9360 (0x2490),,,
2026-07-09T05:56:08.372342Z,"{'#attributes': {'Qualifiers': 0}, '#text': 326}",dc.scaffold.htb,NTDS ISAM,Directory Service,916,4,,,NTDS,"712,D,50",,,NTDSA: ,1,C:\Windows\NTDS\ntds.dit,0,"
[1] 0.000005 +J(0) +M(C:0K, Fs:1, WS:4K # 0K, PF:0K # 0K, P:0K)
[2] 0.000570 -0.000367 (1) WT +J(0) +M(C:0K, Fs:19, WS:12K # 0K, PF:8K # 0K, P:8K)
[3] 0.005724 -0.002794 (6) WT +J(CM:0, PgRf:0, Rd:0/0, Dy:0/0, Lg:3480/2) +M(C:0K, Fs:17, WS:56K # 0K, PF:112K # 0K, P:112K)
[4] 0.000095 +J(0)
[5] -
[6] -
[7] -
[8] 0.002935 -0.000433 (2) CM -0.000356 (2) WT +J(CM:2, PgRf:2, Rd:4/2, Dy:0/0, Lg:0/0) +M(C:16K, Fs:44, WS:168K # 0K, PF:216K # 0K, P:216K)
[9] 0.003037 -0.002524 (9) CM -0.002238 (9) WT +J(CM:9, PgRf:24, Rd:0/9, Dy:0/0, Lg:0/0) +M(C:-8K, Fs:31, WS:104K # 0K, PF:196K # 0K, P:196K)
[10] 0.001162 -0.000928 (4) CM -0.000792 (4) WT +J(CM:4, PgRf:40, Rd:0/4, Dy:0/0, Lg:0/0) +M(C:-4K, Fs:6, WS:12K # 0K, PF:60K # 0K, P:60K)
[11] 0.000019 +J(CM:0, PgRf:1, Rd:0/0, Dy:0/0, Lg:0/0) +M(C:0K, Fs:4, WS:16K # 0K, PF:0K # 0K, P:0K)
[12] 0.000050 +J(CM:0, PgRf:48, Rd:0/0, Dy:0/0, Lg:0/0) +M(C:0K, Fs:2, WS:8K # 0K, PF:0K # 0K, P:0K)
[13] 0.0 +J(0)
[14] 0.0 +J(0)
[15] 0.000004 +J(CM:0, PgRf:1, Rd:0/0, Dy:0/0, Lg:0/0).",0 0,"lgposAttach = 00000003:011A:0268,
dbv = 1568.20.0 (8920)",
2026-07-09T05:56:08.372342Z,"{'#attributes': {'Qualifiers': 0}, '#text': 330}",dc.scaffold.htb,NTDS ISAM,Directory Service,917,4,,,NTDS,"712,D,2",,,NTDSA: ,C:\Windows\NTDS\temp.edb,0x22D8 (8920),8920 (0x22d8),9360 (0x2490),,,
2026-07-09T05:56:08.372342Z,"{'#attributes': {'Qualifiers': 0}, '#text': 700}",dc.scaffold.htb,NTDS ISAM,Directory Service,918,4,,,NTDS,"712,D,0",,,NTDSA: ,C:\Windows\NTDS\ntds.dit,,,,,,
2026-07-09T05:56:08.606717Z,"{'#attributes': {'Qualifiers': 0}, '#text': 701}",dc.scaffold.htb,NTDS ISAM,Directory Service,919,4,,,NTDS,"712,D,0",,,NTDSA: ,C:\Windows\NTDS\ntds.dit,0,7/8/2026,0,1,1,21
2026-07-09T05:56:08.372342Z,"{'#attributes': {'Qualifiers': 16384}, '#text': 3033}",dc.scaffold.htb,Microsoft-Windows-ActiveDirectory_DomainService,Directory Service,920,4,,,,,,,,,,,,,,
2026-07-09T05:56:08.372342Z,"{'#attributes': {'Qualifiers': 16384}, '#text': 3027}",dc.scaffold.htb,Microsoft-Windows-ActiveDirectory_DomainService,Directory Service,921,4,,3600,,,,,,,,,,,,
2026-07-09T05:56:08.372342Z,"{'#attributes': {'Qualifiers': 16384}, '#text': 1869}",dc.scaffold.htb,Microsoft-Windows-ActiveDirectory_DomainService,Directory Service,922,4,,,\\dc.scaffold.htb,Default-First-Site-Name,,,,,,,,,,
2026-07-09T06:11:26.591117Z,"{'#attributes': {'Qualifiers': 16384}, '#text': 2179}",dc.scaffold.htb,Microsoft-Windows-ActiveDirectory_DomainService,Directory Service,923,4,,4762547176743915276,,,,,,,,,,,,
2026-07-09T06:11:26.981710Z,"{'#attributes': {'Qualifiers': 16384}, '#text': 1004}",dc.scaffold.htb,Microsoft-Windows-ActiveDirectory_DomainService,Directory Service,924,4,,,,,,,,,,,,,,
2026-07-09T06:11:42.644592Z,"{'#attributes': {'Qualifiers': 32768}, '#text': 3051}",dc.scaffold.htb,Microsoft-Windows-ActiveDirectory_DomainService,Directory Service,925,3,,,,,,,,,,,,,,
2026-07-09T06:11:42.644592Z,"{'#attributes': {'Qualifiers': 32768}, '#text': 3054}",dc.scaffold.htb,Microsoft-Windows-ActiveDirectory_DomainService,Directory Service,926,3,,,,,,,,,,,,,,
2026-07-09T06:11:42.847715Z,"{'#attributes': {'Qualifiers': 16384}, '#text': 2121}",dc.scaffold.htb,Microsoft-Windows-ActiveDirectory_DomainService,Directory Service,927,4,,,,,,,,,,,,,,
2026-07-09T06:11:42.847715Z,"{'#attributes': {'Qualifiers': 16384}, '#text': 2406}",dc.scaffold.htb,Microsoft-Windows-ActiveDirectory_DomainService,Directory Service,928,4,,Recycle Bin Feature,,,,,,,,,,,,
2026-07-09T06:11:42.847715Z,"{'#attributes': {'Qualifiers': 16384}, '#text': 2406}",dc.scaffold.htb,Microsoft-Windows-ActiveDirectory_DomainService,Directory Service,929,4,,Privileged Access Management Feature,,,,,,,,,,,,
2026-07-09T06:11:42.847715Z,"{'#attributes': {'Qualifiers': 16384}, '#text': 2168}",dc.scaffold.htb,Microsoft-Windows-ActiveDirectory_DomainService,Directory Service,930,4,,4762547176743915276,,,,,,,,,,,,
2026-07-09T06:11:42.847715Z,"{'#attributes': {'Qualifiers': 16384}, '#text': 2172}",dc.scaffold.htb,Microsoft-Windows-ActiveDirectory_DomainService,Directory Service,931,4,,4762547176743915276,,,,,,,,,,,,
2026-07-09T06:11:42.863344Z,"{'#attributes': {'Qualifiers': 16384}, '#text': 2120}",dc.scaffold.htb,Microsoft-Windows-ActiveDirectory_DomainService,Directory Service,932,4,,,,,,,,,,,,,,
2026-07-09T06:11:42.863344Z,"{'#attributes': {'Qualifiers': 16384}, '#text': 2405}",dc.scaffold.htb,Microsoft-Windows-ActiveDirectory_DomainService,Directory Service,933,4,,Recycle Bin Feature,,,,,,,,,,,,
2026-07-09T06:11:42.863344Z,"{'#attributes': {'Qualifiers': 16384}, '#text': 2405}",dc.scaffold.htb,Microsoft-Windows-ActiveDirectory_DomainService,Directory Service,934,4,,Privileged Access Management Feature,,,,,,,,,,,,
2026-07-09T06:11:52.878977Z,"{'#attributes': {'Qualifiers': 32768}, '#text': 2886}",dc.scaffold.htb,Microsoft-Windows-ActiveDirectory_DomainService,Directory Service,935,3,,,,,,,,,,,,,,
2026-07-09T06:11:52.878977Z,"{'#attributes': {'Qualifiers': 32768}, '#text': 3041}",dc.scaffold.htb,Microsoft-Windows-ActiveDirectory_DomainService,Directory Service,936,3,,,,,,,,,,,,,,
2026-07-09T06:11:52.878977Z,"{'#attributes': {'Qualifiers': 16384}, '#text': 1000}",dc.scaffold.htb,Microsoft-Windows-ActiveDirectory_DomainService,Directory Service,937,4,,,,,,,,,,,,,,
2026-07-09T06:12:22.894619Z,"{'#attributes': {'Qualifiers': 16384}, '#text': 1394}",dc.scaffold.htb,Microsoft-Windows-ActiveDirectory_DomainService,Directory Service,938,4,,,,,,,,,,,,,,
2026-07-09T06:14:42.160215Z,"{'#attributes': {'Qualifiers': 16384}, '#text': 2179}",dc.scaffold.htb,Microsoft-Windows-ActiveDirectory_DomainService,Directory Service,939,4,,4762547176743915276,,,,,,,,,,,,
2026-07-09T06:14:44.160215Z,"{'#attributes': {'Qualifiers': 16384}, '#text': 1004}",dc.scaffold.htb,Microsoft-Windows-ActiveDirectory_DomainService,Directory Service,940,4,,,,,,,,,,,,,,
2026-07-09T21:18:27.700738Z,"{'#attributes': {'Qualifiers': 32768}, '#text': 3051}",dc.scaffold.htb,Microsoft-Windows-ActiveDirectory_DomainService,Directory Service,941,3,,,,,,,,,,,,,,
2026-07-09T21:18:27.700738Z,"{'#attributes': {'Qualifiers': 32768}, '#text': 3054}",dc.scaffold.htb,Microsoft-Windows-ActiveDirectory_DomainService,Directory Service,942,3,,,,,,,,,,,,,,
2026-07-09T21:18:27.935195Z,"{'#attributes': {'Qualifiers': 16384}, '#text': 2121}",dc.scaffold.htb,Microsoft-Windows-ActiveDirectory_DomainService,Directory Service,943,4,,,,,,,,,,,,,,
2026-07-09T21:18:27.935195Z,"{'#attributes': {'Qualifiers': 16384}, '#text': 2406}",dc.scaffold.htb,Microsoft-Windows-ActiveDirectory_DomainService,Directory Service,944,4,,Recycle Bin Feature,,,,,,,,,,,,
2026-07-09T21:18:27.935195Z,"{'#attributes': {'Qualifiers': 16384}, '#text': 2406}",dc.scaffold.htb,Microsoft-Windows-ActiveDirectory_DomainService,Directory Service,945,4,,Privileged Access Management Feature,,,,,,,,,,,,
2026-07-09T21:18:27.935195Z,"{'#attributes': {'Qualifiers': 16384}, '#text': 2168}",dc.scaffold.htb,Microsoft-Windows-ActiveDirectory_DomainService,Directory Service,946,4,,18377677828658396376,,,,,,,,,,,,
2026-07-09T21:18:27.935195Z,"{'#attributes': {'Qualifiers': 16384}, '#text': 2172}",dc.scaffold.htb,Microsoft-Windows-ActiveDirectory_DomainService,Directory Service,947,4,,4762547176743915276,,,,,,,,,,,,
2026-07-09T21:18:27.935195Z,"{'#attributes': {'Qualifiers': 32768}, '#text': 2170}",dc.scaffold.htb,Microsoft-Windows-ActiveDirectory_DomainService,Directory Service,948,3,,,4762547176743915276,18377677828658396376,,,,,,,,,,
2026-07-09T21:18:27.950740Z,"{'#attributes': {'Qualifiers': 16384}, '#text': 1109}",dc.scaffold.htb,Microsoft-Windows-ActiveDirectory_DomainService,Directory Service,949,4,,,9fe8992d-9da5-4ba9-a15d-dc871d94ec7d,34305e02-b6db-4e01-a102-148eda47fcf6,,,167975,,,,,,,
2026-07-09T21:18:27.950740Z,"{'#attributes': {'Qualifiers': 16384}, '#text': 2179}",dc.scaffold.htb,Microsoft-Windows-ActiveDirectory_DomainService,Directory Service,950,4,,18377677828658396376,,,,,,,,,,,,
2026-07-09T21:18:27.966363Z,"{'#attributes': {'Qualifiers': 16384}, '#text': 2208}",dc.scaffold.htb,Microsoft-Windows-ActiveDirectory_DomainService,Directory Service,951,4,,,,,,,,,,,,,,
2026-07-09T21:18:27.966363Z,"{'#attributes': {'Qualifiers': 16384}, '#text': 2120}",dc.scaffold.htb,Microsoft-Windows-ActiveDirectory_DomainService,Directory Service,952,4,,,,,,,,,,,,,,
2026-07-09T21:18:27.966363Z,"{'#attributes': {'Qualifiers': 16384}, '#text': 2405}",dc.scaffold.htb,Microsoft-Windows-ActiveDirectory_DomainService,Directory Service,953,4,,Recycle Bin Feature,,,,,,,,,,,,
2026-07-09T21:18:27.966363Z,"{'#attributes': {'Qualifiers': 16384}, '#text': 2405}",dc.scaffold.htb,Microsoft-Windows-ActiveDirectory_DomainService,Directory Service,954,4,,Privileged Access Management Feature,,,,,,,,,,,,
2026-07-09T21:18:37.982000Z,"{'#attributes': {'Qualifiers': 32768}, '#text': 2886}",dc.scaffold.htb,Microsoft-Windows-ActiveDirectory_DomainService,Directory Service,955,3,,,,,,,,,,,,,,
2026-07-09T21:18:37.982000Z,"{'#attributes': {'Qualifiers': 32768}, '#text': 3041}",dc.scaffold.htb,Microsoft-Windows-ActiveDirectory_DomainService,Directory Service,956,3,,,,,,,,,,,,,,
2026-07-09T21:18:37.982000Z,"{'#attributes': {'Qualifiers': 16384}, '#text': 1000}",dc.scaffold.htb,Microsoft-Windows-ActiveDirectory_DomainService,Directory Service,957,4,,,,,,,,,,,,,,
2026-07-09T21:19:07.997612Z,"{'#attributes': {'Qualifiers': 16384}, '#text': 1394}",dc.scaffold.htb,Microsoft-Windows-ActiveDirectory_DomainService,Directory Service,958,4,,,,,,,,,,,,,,
2026-07-09T21:22:03.481987Z,"{'#attributes': {'Qualifiers': 16384}, '#text': 2179}",dc.scaffold.htb,Microsoft-Windows-ActiveDirectory_DomainService,Directory Service,959,4,,18377677828658396376,,,,,,,,,,,,
2026-07-09T21:22:03.622611Z,"{'#attributes': {'Qualifiers': 16384}, '#text': 1004}",dc.scaffold.htb,Microsoft-Windows-ActiveDirectory_DomainService,Directory Service,960,4,,,,,,,,,,,,,,
2026-09-01T21:46:08.591359Z,"{'#attributes': {'Qualifiers': 32768}, '#text': 3051}",dc.scaffold.htb,Microsoft-Windows-ActiveDirectory_DomainService,Directory Service,961,3,,,,,,,,,,,,,,
2026-09-01T21:46:08.591359Z,"{'#attributes': {'Qualifiers': 32768}, '#text': 3054}",dc.scaffold.htb,Microsoft-Windows-ActiveDirectory_DomainService,Directory Service,962,3,,,,,,,,,,,,,,
2026-09-01T21:46:08.778810Z,"{'#attributes': {'Qualifiers': 16384}, '#text': 2121}",dc.scaffold.htb,Microsoft-Windows-ActiveDirectory_DomainService,Directory Service,963,4,,,,,,,,,,,,,,
2026-09-01T21:46:08.778810Z,"{'#attributes': {'Qualifiers': 16384}, '#text': 2406}",dc.scaffold.htb,Microsoft-Windows-ActiveDirectory_DomainService,Directory Service,964,4,,Recycle Bin Feature,,,,,,,,,,,,
2026-09-01T21:46:08.778810Z,"{'#attributes': {'Qualifiers': 16384}, '#text': 2406}",dc.scaffold.htb,Microsoft-Windows-ActiveDirectory_DomainService,Directory Service,965,4,,Privileged Access Management Feature,,,,,,,,,,,,
2026-09-01T21:46:08.778810Z,"{'#attributes': {'Qualifiers': 16384}, '#text': 2168}",dc.scaffold.htb,Microsoft-Windows-ActiveDirectory_DomainService,Directory Service,966,4,,7708925985070720252,,,,,,,,,,,,
2026-09-01T21:46:08.778810Z,"{'#attributes': {'Qualifiers': 16384}, '#text': 2172}",dc.scaffold.htb,Microsoft-Windows-ActiveDirectory_DomainService,Directory Service,967,4,,18377677828658396376,,,,,,,,,,,,
2026-09-01T21:46:08.778810Z,"{'#attributes': {'Qualifiers': 32768}, '#text': 2170}",dc.scaffold.htb,Microsoft-Windows-ActiveDirectory_DomainService,Directory Service,968,3,,,18377677828658396376,7708925985070720252,,,,,,,,,,
2026-09-01T21:46:08.810066Z,"{'#attributes': {'Qualifiers': 16384}, '#text': 1109}",dc.scaffold.htb,Microsoft-Windows-ActiveDirectory_DomainService,Directory Service,969,4,,,34305e02-b6db-4e01-a102-148eda47fcf6,a266e2e9-38aa-4d58-abf9-cf6adbba2b3e,,,172072,,,,,,,
2026-09-01T21:46:08.825798Z,"{'#attributes': {'Qualifiers': 16384}, '#text': 2208}",dc.scaffold.htb,Microsoft-Windows-ActiveDirectory_DomainService,Directory Service,970,4,,,,,,,,,,,,,,
2026-09-01T21:46:08.825798Z,"{'#attributes': {'Qualifiers': 16384}, '#text': 2179}",dc.scaffold.htb,Microsoft-Windows-ActiveDirectory_DomainService,Directory Service,971,4,,7708925985070720252,,,,,,,,,,,,
2026-09-01T21:46:08.825798Z,"{'#attributes': {'Qualifiers': 16384}, '#text': 2120}",dc.scaffold.htb,Microsoft-Windows-ActiveDirectory_DomainService,Directory Service,972,4,,,,,,,,,,,,,,
2026-09-01T21:46:08.825798Z,"{'#attributes': {'Qualifiers': 16384}, '#text': 2405}",dc.scaffold.htb,Microsoft-Windows-ActiveDirectory_DomainService,Directory Service,973,4,,Recycle Bin Feature,,,,,,,,,,,,
2026-09-01T21:46:08.825798Z,"{'#attributes': {'Qualifiers': 16384}, '#text': 2405}",dc.scaffold.htb,Microsoft-Windows-ActiveDirectory_DomainService,Directory Service,974,4,,Privileged Access Management Feature,,,,,,,,,,,,
2026-09-01T21:46:18.857013Z,"{'#attributes': {'Qualifiers': 32768}, '#text': 2886}",dc.scaffold.htb,Microsoft-Windows-ActiveDirectory_DomainService,Directory Service,975,3,,,,,,,,,,,,,,
2026-09-01T21:46:18.857013Z,"{'#attributes': {'Qualifiers': 32768}, '#text': 3041}",dc.scaffold.htb,Microsoft-Windows-ActiveDirectory_DomainService,Directory Service,976,3,,,,,,,,,,,,,,
2026-09-01T21:46:18.857013Z,"{'#attributes': {'Qualifiers': 16384}, '#text': 1000}",dc.scaffold.htb,Microsoft-Windows-ActiveDirectory_DomainService,Directory Service,977,4,,,,,,,,,,,,,,
2026-09-01T21:46:48.873765Z,"{'#attributes': {'Qualifiers': 16384}, '#text': 1394}",dc.scaffold.htb,Microsoft-Windows-ActiveDirectory_DomainService,Directory Service,978,4,,,,,,,,,,,,,,
2026-09-01T22:01:19.013553Z,"{'#attributes': {'Qualifiers': 0}, '#text': 102}",dc.scaffold.htb,NTDS ISAM,Directory Service,979,4,,,NTDS,"700,P,98",,,NTDSA: ,0,10,00,20348,0000,,
2026-09-01T22:01:19.013553Z,"{'#attributes': {'Qualifiers': 0}, '#text': 105}",dc.scaffold.htb,NTDS ISAM,Directory Service,980,4,,,NTDS,"700,D,0",,,NTDSA: ,0,0,"
[1] 0.000956 +J(0) +M(C:0K, Fs:120, WS:464K # 0K, PF:3248K # 344K, P:3248K)
[2] 0.001495 +J(0) +M(C:16K, Fs:85, WS:332K # 272K, PF:288K # 288K, P:288K)
[3] 0.000943 +J(0) +M(C:0K, Fs:5, WS:20K # 20K, PF:64K # 64K, P:64K)
[4] 0.014481 -0.000498 (1) WT +J(0) +M(C:0K, Fs:122, WS:408K # 408K, PF:5168K # 5168K, P:5168K)
[5] 0.001042 +J(0) +M(C:0K, Fs:5, WS:20K # 20K, PF:16K # 16K, P:16K)
[6] 0.003728 +J(0) +M(C:0K, Fs:20, WS:80K # 80K, PF:12K # 12K, P:12K)
[7] 0.048944 -0.039953 (21) WT +J(0) +M(C:0K, Fs:2579, WS:10296K # 10296K, PF:10260K # 10260K, P:10260K)
[8] -
[9] -
[10] -
[11] -
[12] -
[13] 0.030421 -0.021402 (22) WT +J(CM:0, PgRf:0, Rd:0/0, Dy:0/0, Lg:616/1) +M(C:0K, Fs:8, WS:-10216K # 24K, PF:-10256K # 12K, P:-10256K)
[14] 0.000024 +J(0)
[15] 0.000280 +J(0) +M(C:0K, Fs:206, WS:820K # 0K, PF:68K # 0K, P:68K)
[16] 0.001004 -0.000802 (1) WT +J(0) +M(C:0K, Fs:3, WS:4K # 0K, PF:0K # 0K, P:0K).",,,,
2026-09-01T22:01:19.013553Z,"{'#attributes': {'Qualifiers': 0}, '#text': 330}",dc.scaffold.htb,NTDS ISAM,Directory Service,981,4,,,NTDS,"700,D,50",,,NTDSA: ,C:\Windows\NTDS\ntds.dit,0x22D8 (8920),8920 (0x22d8),9360 (0x2490),,,
2026-09-01T22:01:19.013553Z,"{'#attributes': {'Qualifiers': 0}, '#text': 326}",dc.scaffold.htb,NTDS ISAM,Directory Service,982,4,,,NTDS,"700,D,50",,,NTDSA: ,1,C:\Windows\NTDS\ntds.dit,0,"
[1] 0.000005 +J(0) +M(C:0K, Fs:1, WS:4K # 0K, PF:0K # 0K, P:0K)
[2] 0.000671 -0.000481 (1) WT +J(0) +M(C:0K, Fs:19, WS:12K # 0K, PF:8K # 0K, P:8K)
[3] 0.011305 -0.007730 (6) WT +J(CM:0, PgRf:0, Rd:0/0, Dy:0/0, Lg:3480/2) +M(C:0K, Fs:18, WS:56K # 0K, PF:116K # 0K, P:116K)
[4] 0.000102 +J(0)
[5] -
[6] -
[7] -
[8] 0.003680 -0.000493 (2) CM -0.000359 (2) WT +J(CM:2, PgRf:2, Rd:4/2, Dy:0/0, Lg:0/0) +M(C:32K, Fs:46, WS:176K # 0K, PF:240K # 0K, P:240K)
[9] 0.003017 -0.002623 (5) CM -0.002450 (5) WT +J(CM:5, PgRf:24, Rd:0/5, Dy:0/0, Lg:0/0) +M(C:-24K, Fs:33, WS:104K # 0K, PF:180K # 0K, P:180K)
[10] 0.000903 -0.000705 (3) CM -0.000605 (3) WT +J(CM:3, PgRf:40, Rd:0/3, Dy:0/0, Lg:0/0) +M(C:-4K, Fs:5, WS:12K # 0K, PF:60K # 0K, P:60K)
[11] 0.000020 +J(CM:0, PgRf:1, Rd:0/0, Dy:0/0, Lg:0/0) +M(C:0K, Fs:4, WS:16K # 0K, PF:0K # 0K, P:0K)
[12] 0.000270 +J(CM:0, PgRf:48, Rd:0/0, Dy:0/0, Lg:0/0) +M(C:0K, Fs:4, WS:16K # 0K, PF:8K # 0K, P:8K)
[13] 0.000002 +J(0)
[14] 0.0 +J(0)
[15] 0.000006 +J(CM:0, PgRf:1, Rd:0/0, Dy:0/0, Lg:0/0).",0 0,"lgposAttach = 00000003:01F9:0268,
dbv = 1568.20.0 (8920)",
2026-09-01T22:01:19.013553Z,"{'#attributes': {'Qualifiers': 0}, '#text': 330}",dc.scaffold.htb,NTDS ISAM,Directory Service,983,4,,,NTDS,"700,D,2",,,NTDSA: ,C:\Windows\NTDS\temp.edb,0x22D8 (8920),8920 (0x22d8),9360 (0x2490),,,
2026-09-01T22:01:19.013553Z,"{'#attributes': {'Qualifiers': 0}, '#text': 700}",dc.scaffold.htb,NTDS ISAM,Directory Service,984,4,,,NTDS,"700,D,0",,,NTDSA: ,C:\Windows\NTDS\ntds.dit,,,,,,
2026-09-01T22:01:19.279176Z,"{'#attributes': {'Qualifiers': 0}, '#text': 701}",dc.scaffold.htb,NTDS ISAM,Directory Service,985,4,,,NTDS,"700,D,0",,,NTDSA: ,C:\Windows\NTDS\ntds.dit,2,9/1/2026,0,1,1,22
2026-09-01T22:01:19.013553Z,"{'#attributes': {'Qualifiers': 16384}, '#text': 3033}",dc.scaffold.htb,Microsoft-Windows-ActiveDirectory_DomainService,Directory Service,986,4,,,,,,,,,,,,,,
2026-09-01T22:01:19.013553Z,"{'#attributes': {'Qualifiers': 16384}, '#text': 3027}",dc.scaffold.htb,Microsoft-Windows-ActiveDirectory_DomainService,Directory Service,987,4,,3600,,,,,,,,,,,,
2026-09-01T22:01:19.013553Z,"{'#attributes': {'Qualifiers': 16384}, '#text': 1869}",dc.scaffold.htb,Microsoft-Windows-ActiveDirectory_DomainService,Directory Service,988,4,,,\\dc.scaffold.htb,Default-First-Site-Name,,,,,,,,,,
2026-09-01T22:04:42.560434Z,"{'#attributes': {'Qualifiers': 16384}, '#text': 2179}",dc.scaffold.htb,Microsoft-Windows-ActiveDirectory_DomainService,Directory Service,989,4,,7708925985070720252,,,,,,,,,,,,
2026-09-01T22:04:42.685428Z,"{'#attributes': {'Qualifiers': 16384}, '#text': 1004}",dc.scaffold.htb,Microsoft-Windows-ActiveDirectory_DomainService,Directory Service,990,4,,,,,,,,,,,,,,
2026-09-01T23:51:06.763778Z,"{'#attributes': {'Qualifiers': 32768}, '#text': 3051}",dc.scaffold.htb,Microsoft-Windows-ActiveDirectory_DomainService,Directory Service,991,3,,,,,,,,,,,,,,
2026-09-01T23:51:06.763778Z,"{'#attributes': {'Qualifiers': 32768}, '#text': 3054}",dc.scaffold.htb,Microsoft-Windows-ActiveDirectory_DomainService,Directory Service,992,3,,,,,,,,,,,,,,
2026-09-01T23:51:07.044963Z,"{'#attributes': {'Qualifiers': 16384}, '#text': 2121}",dc.scaffold.htb,Microsoft-Windows-ActiveDirectory_DomainService,Directory Service,993,4,,,,,,,,,,,,,,
2026-09-01T23:51:07.044963Z,"{'#attributes': {'Qualifiers': 16384}, '#text': 2406}",dc.scaffold.htb,Microsoft-Windows-ActiveDirectory_DomainService,Directory Service,994,4,,Recycle Bin Feature,,,,,,,,,,,,
2026-09-01T23:51:07.044963Z,"{'#attributes': {'Qualifiers': 16384}, '#text': 2406}",dc.scaffold.htb,Microsoft-Windows-ActiveDirectory_DomainService,Directory Service,995,4,,Privileged Access Management Feature,,,,,,,,,,,,
2026-09-01T23:51:07.044963Z,"{'#attributes': {'Qualifiers': 16384}, '#text': 2168}",dc.scaffold.htb,Microsoft-Windows-ActiveDirectory_DomainService,Directory Service,996,4,,1101925444124656223,,,,,,,,,,,,
2026-09-01T23:51:07.044963Z,"{'#attributes': {'Qualifiers': 16384}, '#text': 2172}",dc.scaffold.htb,Microsoft-Windows-ActiveDirectory_DomainService,Directory Service,997,4,,7708925985070720252,,,,,,,,,,,,
2026-09-01T23:51:07.044963Z,"{'#attributes': {'Qualifiers': 32768}, '#text': 2170}",dc.scaffold.htb,Microsoft-Windows-ActiveDirectory_DomainService,Directory Service,998,3,,,7708925985070720252,1101925444124656223,,,,,,,,,,
2026-09-01T23:51:07.076245Z,"{'#attributes': {'Qualifiers': 16384}, '#text': 1109}",dc.scaffold.htb,Microsoft-Windows-ActiveDirectory_DomainService,Directory Service,999,4,,,a266e2e9-38aa-4d58-abf9-cf6adbba2b3e,ab0b5153-a6c0-449d-a074-021f972b6a5a,,,176169,,,,,,,
2026-09-01T23:51:07.091833Z,"{'#attributes': {'Qualifiers': 16384}, '#text': 2179}",dc.scaffold.htb,Microsoft-Windows-ActiveDirectory_DomainService,Directory Service,1000,4,,1101925444124656223,,,,,,,,,,,,
2026-09-01T23:51:07.091833Z,"{'#attributes': {'Qualifiers': 16384}, '#text': 2208}",dc.scaffold.htb,Microsoft-Windows-ActiveDirectory_DomainService,Directory Service,1001,4,,,,,,,,,,,,,,
2026-09-01T23:51:07.107466Z,"{'#attributes': {'Qualifiers': 16384}, '#text': 2120}",dc.scaffold.htb,Microsoft-Windows-ActiveDirectory_DomainService,Directory Service,1002,4,,,,,,,,,,,,,,
2026-09-01T23:51:07.107466Z,"{'#attributes': {'Qualifiers': 16384}, '#text': 2405}",dc.scaffold.htb,Microsoft-Windows-ActiveDirectory_DomainService,Directory Service,1003,4,,Recycle Bin Feature,,,,,,,,,,,,
2026-09-01T23:51:07.107466Z,"{'#attributes': {'Qualifiers': 16384}, '#text': 2405}",dc.scaffold.htb,Microsoft-Windows-ActiveDirectory_DomainService,Directory Service,1004,4,,Privileged Access Management Feature,,,,,,,,,,,,
2026-09-01T23:51:17.123122Z,"{'#attributes': {'Qualifiers': 32768}, '#text': 2886}",dc.scaffold.htb,Microsoft-Windows-ActiveDirectory_DomainService,Directory Service,1005,3,,,,,,,,,,,,,,
2026-09-01T23:51:17.123122Z,"{'#attributes': {'Qualifiers': 32768}, '#text': 3041}",dc.scaffold.htb,Microsoft-Windows-ActiveDirectory_DomainService,Directory Service,1006,3,,,,,,,,,,,,,,
2026-09-01T23:51:17.123122Z,"{'#attributes': {'Qualifiers': 16384}, '#text': 1000}",dc.scaffold.htb,Microsoft-Windows-ActiveDirectory_DomainService,Directory Service,1007,4,,,,,,,,,,,,,,
2026-09-01T23:51:47.138720Z,"{'#attributes': {'Qualifiers': 16384}, '#text': 1394}",dc.scaffold.htb,Microsoft-Windows-ActiveDirectory_DomainService,Directory Service,1008,4,,,,,,,,,,,,,,
2026-09-01T23:54:18.216831Z,"{'#attributes': {'Qualifiers': 16384}, '#text': 2179}",dc.scaffold.htb,Microsoft-Windows-ActiveDirectory_DomainService,Directory Service,1009,4,,1101925444124656223,,,,,,,,,,,,
2026-09-01T23:54:18.341831Z,"{'#attributes': {'Qualifiers': 16384}, '#text': 1004}",dc.scaffold.htb,Microsoft-Windows-ActiveDirectory_DomainService,Directory Service,1010,4,,,,,,,,,,,,,,
2026-09-01T23:54:34.167772Z,"{'#attributes': {'Qualifiers': 32768}, '#text': 3051}",dc.scaffold.htb,Microsoft-Windows-ActiveDirectory_DomainService,Directory Service,1011,3,,,,,,,,,,,,,,
2026-09-01T23:54:34.167772Z,"{'#attributes': {'Qualifiers': 32768}, '#text': 3054}",dc.scaffold.htb,Microsoft-Windows-ActiveDirectory_DomainService,Directory Service,1012,3,,,,,,,,,,,,,,
2026-09-01T23:54:34.386531Z,"{'#attributes': {'Qualifiers': 16384}, '#text': 2121}",dc.scaffold.htb,Microsoft-Windows-ActiveDirectory_DomainService,Directory Service,1013,4,,,,,,,,,,,,,,
2026-09-01T23:54:34.386531Z,"{'#attributes': {'Qualifiers': 16384}, '#text': 2406}",dc.scaffold.htb,Microsoft-Windows-ActiveDirectory_DomainService,Directory Service,1014,4,,Recycle Bin Feature,,,,,,,,,,,,
2026-09-01T23:54:34.386531Z,"{'#attributes': {'Qualifiers': 16384}, '#text': 2406}",dc.scaffold.htb,Microsoft-Windows-ActiveDirectory_DomainService,Directory Service,1015,4,,Privileged Access Management Feature,,,,,,,,,,,,
2026-09-01T23:54:34.386531Z,"{'#attributes': {'Qualifiers': 16384}, '#text': 2168}",dc.scaffold.htb,Microsoft-Windows-ActiveDirectory_DomainService,Directory Service,1016,4,,1101925444124656223,,,,,,,,,,,,
2026-09-01T23:54:34.386531Z,"{'#attributes': {'Qualifiers': 16384}, '#text': 2172}",dc.scaffold.htb,Microsoft-Windows-ActiveDirectory_DomainService,Directory Service,1017,4,,1101925444124656223,,,,,,,,,,,,
2026-09-01T23:54:34.402142Z,"{'#attributes': {'Qualifiers': 16384}, '#text': 2120}",dc.scaffold.htb,Microsoft-Windows-ActiveDirectory_DomainService,Directory Service,1018,4,,,,,,,,,,,,,,
2026-09-01T23:54:34.402142Z,"{'#attributes': {'Qualifiers': 16384}, '#text': 2405}",dc.scaffold.htb,Microsoft-Windows-ActiveDirectory_DomainService,Directory Service,1019,4,,Recycle Bin Feature,,,,,,,,,,,,
2026-09-01T23:54:34.402142Z,"{'#attributes': {'Qualifiers': 16384}, '#text': 2405}",dc.scaffold.htb,Microsoft-Windows-ActiveDirectory_DomainService,Directory Service,1020,4,,Privileged Access Management Feature,,,,,,,,,,,,
2026-09-01T23:54:44.417825Z,"{'#attributes': {'Qualifiers': 32768}, '#text': 2886}",dc.scaffold.htb,Microsoft-Windows-ActiveDirectory_DomainService,Directory Service,1021,3,,,,,,,,,,,,,,
2026-09-01T23:54:44.417825Z,"{'#attributes': {'Qualifiers': 32768}, '#text': 3041}",dc.scaffold.htb,Microsoft-Windows-ActiveDirectory_DomainService,Directory Service,1022,3,,,,,,,,,,,,,,
2026-09-01T23:54:44.417825Z,"{'#attributes': {'Qualifiers': 16384}, '#text': 1000}",dc.scaffold.htb,Microsoft-Windows-ActiveDirectory_DomainService,Directory Service,1023,4,,,,,,,,,,,,,,
2026-09-01T23:55:14.433470Z,"{'#attributes': {'Qualifiers': 16384}, '#text': 1394}",dc.scaffold.htb,Microsoft-Windows-ActiveDirectory_DomainService,Directory Service,1024,4,,,,,,,,,,,,,,
2026-09-01T23:56:18.980271Z,"{'#attributes': {'Qualifiers': 16384}, '#text': 2179}",dc.scaffold.htb,Microsoft-Windows-ActiveDirectory_DomainService,Directory Service,1025,4,,1101925444124656223,,,,,,,,,,,,
2026-09-01T23:56:20.339652Z,"{'#attributes': {'Qualifiers': 16384}, '#text': 1004}",dc.scaffold.htb,Microsoft-Windows-ActiveDirectory_DomainService,Directory Service,1026,4,,,,,,,,,,,,,,
2026-09-01T23:59:34.559902Z,"{'#attributes': {'Qualifiers': 32768}, '#text': 3051}",dc.scaffold.htb,Microsoft-Windows-ActiveDirectory_DomainService,Directory Service,1027,3,,,,,,,,,,,,,,
2026-09-01T23:59:34.559902Z,"{'#attributes': {'Qualifiers': 32768}, '#text': 3054}",dc.scaffold.htb,Microsoft-Windows-ActiveDirectory_DomainService,Directory Service,1028,3,,,,,,,,,,,,,,
2026-09-01T23:59:34.809866Z,"{'#attributes': {'Qualifiers': 16384}, '#text': 2121}",dc.scaffold.htb,Microsoft-Windows-ActiveDirectory_DomainService,Directory Service,1029,4,,,,,,,,,,,,,,
2026-09-01T23:59:34.809866Z,"{'#attributes': {'Qualifiers': 16384}, '#text': 2406}",dc.scaffold.htb,Microsoft-Windows-ActiveDirectory_DomainService,Directory Service,1030,4,,Recycle Bin Feature,,,,,,,,,,,,
2026-09-01T23:59:34.809866Z,"{'#attributes': {'Qualifiers': 16384}, '#text': 2406}",dc.scaffold.htb,Microsoft-Windows-ActiveDirectory_DomainService,Directory Service,1031,4,,Privileged Access Management Feature,,,,,,,,,,,,
2026-09-01T23:59:34.809866Z,"{'#attributes': {'Qualifiers': 16384}, '#text': 2168}",dc.scaffold.htb,Microsoft-Windows-ActiveDirectory_DomainService,Directory Service,1032,4,,8768602903465352816,,,,,,,,,,,,
2026-09-01T23:59:34.809866Z,"{'#attributes': {'Qualifiers': 16384}, '#text': 2172}",dc.scaffold.htb,Microsoft-Windows-ActiveDirectory_DomainService,Directory Service,1033,4,,1101925444124656223,,,,,,,,,,,,
2026-09-01T23:59:34.809866Z,"{'#attributes': {'Qualifiers': 32768}, '#text': 2170}",dc.scaffold.htb,Microsoft-Windows-ActiveDirectory_DomainService,Directory Service,1034,3,,,1101925444124656223,8768602903465352816,,,,,,,,,,
2026-09-01T23:59:34.825501Z,"{'#attributes': {'Qualifiers': 16384}, '#text': 1109}",dc.scaffold.htb,Microsoft-Windows-ActiveDirectory_DomainService,Directory Service,1035,4,,,ab0b5153-a6c0-449d-a074-021f972b6a5a,ed24a86c-a1e2-424b-823b-c62ea4abc0f2,,,184363,,,,,,,
2026-09-01T23:59:34.841137Z,"{'#attributes': {'Qualifiers': 16384}, '#text': 2208}",dc.scaffold.htb,Microsoft-Windows-ActiveDirectory_DomainService,Directory Service,1036,4,,,,,,,,,,,,,,
2026-09-01T23:59:34.841137Z,"{'#attributes': {'Qualifiers': 16384}, '#text': 2179}",dc.scaffold.htb,Microsoft-Windows-ActiveDirectory_DomainService,Directory Service,1037,4,,8768602903465352816,,,,,,,,,,,,
2026-09-01T23:59:34.856742Z,"{'#attributes': {'Qualifiers': 16384}, '#text': 2120}",dc.scaffold.htb,Microsoft-Windows-ActiveDirectory_DomainService,Directory Service,1038,4,,,,,,,,,,,,,,
2026-09-01T23:59:34.856742Z,"{'#attributes': {'Qualifiers': 16384}, '#text': 2405}",dc.scaffold.htb,Microsoft-Windows-ActiveDirectory_DomainService,Directory Service,1039,4,,Recycle Bin Feature,,,,,,,,,,,,
2026-09-01T23:59:34.856742Z,"{'#attributes': {'Qualifiers': 16384}, '#text': 2405}",dc.scaffold.htb,Microsoft-Windows-ActiveDirectory_DomainService,Directory Service,1040,4,,Privileged Access Management Feature,,,,,,,,,,,,
2026-09-01T23:59:44.872387Z,"{'#attributes': {'Qualifiers': 32768}, '#text': 2886}",dc.scaffold.htb,Microsoft-Windows-ActiveDirectory_DomainService,Directory Service,1041,3,,,,,,,,,,,,,,
2026-09-01T23:59:44.872387Z,"{'#attributes': {'Qualifiers': 32768}, '#text': 3041}",dc.scaffold.htb,Microsoft-Windows-ActiveDirectory_DomainService,Directory Service,1042,3,,,,,,,,,,,,,,
2026-09-01T23:59:44.872387Z,"{'#attributes': {'Qualifiers': 16384}, '#text': 1000}",dc.scaffold.htb,Microsoft-Windows-ActiveDirectory_DomainService,Directory Service,1043,4,,,,,,,,,,,,,,
2026-09-02T00:00:14.888041Z,"{'#attributes': {'Qualifiers': 16384}, '#text': 1394}",dc.scaffold.htb,Microsoft-Windows-ActiveDirectory_DomainService,Directory Service,1044,4,,,,,,,,,,,,,,
2026-09-02T00:14:44.981907Z,"{'#attributes': {'Qualifiers': 0}, '#text': 102}",dc.scaffold.htb,NTDS ISAM,Directory Service,1045,4,,,NTDS,"696,P,98",,,NTDSA: ,0,10,00,20348,0000,,
2026-09-02T00:14:44.981907Z,"{'#attributes': {'Qualifiers': 0}, '#text': 105}",dc.scaffold.htb,NTDS ISAM,Directory Service,1046,4,,,NTDS,"696,D,0",,,NTDSA: ,0,0,"
[1] 0.000892 +J(0) +M(C:0K, Fs:121, WS:468K # 0K, PF:3252K # 348K, P:3252K)
[2] 0.001525 +J(0) +M(C:16K, Fs:85, WS:332K # 280K, PF:288K # 288K, P:288K)
[3] 0.000902 +J(0) +M(C:0K, Fs:5, WS:20K # 20K, PF:64K # 64K, P:64K)
[4] 0.013572 -0.000511 (1) WT +J(0) +M(C:0K, Fs:123, WS:408K # 408K, PF:5164K # 5164K, P:5164K)
[5] 0.001040 +J(0) +M(C:0K, Fs:5, WS:20K # 20K, PF:16K # 16K, P:16K)
[6] 0.003641 +J(0) +M(C:0K, Fs:20, WS:80K # 80K, PF:12K # 12K, P:12K)
[7] 0.072557 -0.062780 (21) WT +J(0) +M(C:0K, Fs:2579, WS:10296K # 10296K, PF:10260K # 10260K, P:10260K)
[8] -
[9] -
[10] -
[11] -
[12] -
[13] 0.034809 -0.027119 (22) WT +J(CM:0, PgRf:0, Rd:0/0, Dy:0/0, Lg:616/1) +M(C:0K, Fs:8, WS:-10216K # 24K, PF:-10256K # 12K, P:-10256K)
[14] 0.000022 +J(0)
[15] 0.000573 +J(0) +M(C:0K, Fs:206, WS:820K # 0K, PF:68K # 0K, P:68K)
[16] 0.000554 -0.000335 (1) WT +J(0) +M(C:0K, Fs:3, WS:4K # 0K, PF:0K # 0K, P:0K).",,,,
2026-09-02T00:14:44.981907Z,"{'#attributes': {'Qualifiers': 0}, '#text': 330}",dc.scaffold.htb,NTDS ISAM,Directory Service,1047,4,,,NTDS,"696,D,50",,,NTDSA: ,C:\Windows\NTDS\ntds.dit,0x22D8 (8920),8920 (0x22d8),9360 (0x2490),,,
2026-09-02T00:14:44.981907Z,"{'#attributes': {'Qualifiers': 0}, '#text': 326}",dc.scaffold.htb,NTDS ISAM,Directory Service,1048,4,,,NTDS,"696,D,50",,,NTDSA: ,1,C:\Windows\NTDS\ntds.dit,0,"
[1] 0.000005 +J(0) +M(C:0K, Fs:1, WS:4K # 0K, PF:0K # 0K, P:0K)
[2] 0.000708 -0.000501 (1) WT +J(0) +M(C:0K, Fs:20, WS:12K # 0K, PF:8K # 0K, P:8K)
[3] 0.005618 -0.002914 (6) WT +J(CM:0, PgRf:0, Rd:0/0, Dy:0/0, Lg:3480/2) +M(C:0K, Fs:16, WS:52K # 0K, PF:108K # 0K, P:108K)
[4] 0.000093 +J(0)
[5] -
[6] -
[7] -
[8] 0.003518 -0.000449 (2) CM -0.000361 (2) WT +J(CM:2, PgRf:2, Rd:4/2, Dy:0/0, Lg:0/0) +M(C:16K, Fs:44, WS:168K # 0K, PF:216K # 0K, P:216K)
[9] 0.004965 -0.004376 (9) CM -0.004039 (9) WT +J(CM:9, PgRf:24, Rd:0/9, Dy:0/0, Lg:0/0) +M(C:-8K, Fs:30, WS:100K # 0K, PF:192K # 0K, P:192K)
[10] 0.001117 -0.000882 (4) CM -0.000746 (4) WT +J(CM:4, PgRf:40, Rd:0/4, Dy:0/0, Lg:0/0) +M(C:-4K, Fs:6, WS:12K # 0K, PF:60K # 0K, P:60K)
[11] 0.000019 +J(CM:0, PgRf:1, Rd:0/0, Dy:0/0, Lg:0/0) +M(C:0K, Fs:4, WS:16K # 0K, PF:0K # 0K, P:0K)
[12] 0.000049 +J(CM:0, PgRf:48, Rd:0/0, Dy:0/0, Lg:0/0) +M(C:0K, Fs:2, WS:8K # 0K, PF:0K # 0K, P:0K)
[13] 0.0 +J(0)
[14] 0.0 +J(0)
[15] 0.000005 +J(CM:0, PgRf:1, Rd:0/0, Dy:0/0, Lg:0/0).",0 0,"lgposAttach = 00000003:024D:0268,
dbv = 1568.20.0 (8920)",
2026-09-02T00:14:44.981907Z,"{'#attributes': {'Qualifiers': 0}, '#text': 330}",dc.scaffold.htb,NTDS ISAM,Directory Service,1049,4,,,NTDS,"696,D,2",,,NTDSA: ,C:\Windows\NTDS\temp.edb,0x22D8 (8920),8920 (0x22d8),9360 (0x2490),,,
2026-09-02T00:14:44.981907Z,"{'#attributes': {'Qualifiers': 0}, '#text': 700}",dc.scaffold.htb,NTDS ISAM,Directory Service,1050,4,,,NTDS,"696,D,0",,,NTDSA: ,C:\Windows\NTDS\ntds.dit,,,,,,
2026-09-02T00:14:45.216285Z,"{'#attributes': {'Qualifiers': 0}, '#text': 701}",dc.scaffold.htb,NTDS ISAM,Directory Service,1051,4,,,NTDS,"696,D,0",,,NTDSA: ,C:\Windows\NTDS\ntds.dit,1,9/1/2026,0,1,1,23
2026-09-02T00:14:44.966283Z,"{'#attributes': {'Qualifiers': 16384}, '#text': 3033}",dc.scaffold.htb,Microsoft-Windows-ActiveDirectory_DomainService,Directory Service,1052,4,,,,,,,,,,,,,,
2026-09-02T00:14:44.966283Z,"{'#attributes': {'Qualifiers': 16384}, '#text': 3027}",dc.scaffold.htb,Microsoft-Windows-ActiveDirectory_DomainService,Directory Service,1053,4,,3600,,,,,,,,,,,,
2026-09-02T00:14:44.981907Z,"{'#attributes': {'Qualifiers': 16384}, '#text': 1869}",dc.scaffold.htb,Microsoft-Windows-ActiveDirectory_DomainService,Directory Service,1054,4,,,\\dc.scaffold.htb,Default-First-Site-Name,,,,,,,,,,
2026-09-02T00:18:22.528806Z,"{'#attributes': {'Qualifiers': 16384}, '#text': 2179}",dc.scaffold.htb,Microsoft-Windows-ActiveDirectory_DomainService,Directory Service,1055,4,,8768602903465352816,,,,,,,,,,,,
2026-09-02T00:18:23.888159Z,"{'#attributes': {'Qualifiers': 16384}, '#text': 1004}",dc.scaffold.htb,Microsoft-Windows-ActiveDirectory_DomainService,Directory Service,1056,4,,,,,,,,,,,,,,
2026-09-02T02:17:01.684334Z,"{'#attributes': {'Qualifiers': 32768}, '#text': 3051}",dc.scaffold.htb,Microsoft-Windows-ActiveDirectory_DomainService,Directory Service,1057,3,,,,,,,,,,,,,,
2026-09-02T02:17:01.684334Z,"{'#attributes': {'Qualifiers': 32768}, '#text': 3054}",dc.scaffold.htb,Microsoft-Windows-ActiveDirectory_DomainService,Directory Service,1058,3,,,,,,,,,,,,,,
2026-09-02T02:17:01.965586Z,"{'#attributes': {'Qualifiers': 16384}, '#text': 2121}",dc.scaffold.htb,Microsoft-Windows-ActiveDirectory_DomainService,Directory Service,1059,4,,,,,,,,,,,,,,
2026-09-02T02:17:01.965586Z,"{'#attributes': {'Qualifiers': 16384}, '#text': 2406}",dc.scaffold.htb,Microsoft-Windows-ActiveDirectory_DomainService,Directory Service,1060,4,,Recycle Bin Feature,,,,,,,,,,,,
2026-09-02T02:17:01.965586Z,"{'#attributes': {'Qualifiers': 16384}, '#text': 2406}",dc.scaffold.htb,Microsoft-Windows-ActiveDirectory_DomainService,Directory Service,1061,4,,Privileged Access Management Feature,,,,,,,,,,,,
2026-09-02T02:17:01.965586Z,"{'#attributes': {'Qualifiers': 16384}, '#text': 2168}",dc.scaffold.htb,Microsoft-Windows-ActiveDirectory_DomainService,Directory Service,1062,4,,10261339969956552157,,,,,,,,,,,,
2026-09-02T02:17:01.965586Z,"{'#attributes': {'Qualifiers': 16384}, '#text': 2172}",dc.scaffold.htb,Microsoft-Windows-ActiveDirectory_DomainService,Directory Service,1063,4,,8768602903465352816,,,,,,,,,,,,
2026-09-02T02:17:01.965586Z,"{'#attributes': {'Qualifiers': 32768}, '#text': 2170}",dc.scaffold.htb,Microsoft-Windows-ActiveDirectory_DomainService,Directory Service,1064,3,,,8768602903465352816,10261339969956552157,,,,,,,,,,
2026-09-02T02:17:01.965586Z,"{'#attributes': {'Qualifiers': 16384}, '#text': 1109}",dc.scaffold.htb,Microsoft-Windows-ActiveDirectory_DomainService,Directory Service,1065,4,,,ed24a86c-a1e2-424b-823b-c62ea4abc0f2,36e584d3-c5b8-4bdc-99b4-6f12693084e1,,,188460,,,,,,,
2026-09-02T02:17:01.981206Z,"{'#attributes': {'Qualifiers': 16384}, '#text': 2179}",dc.scaffold.htb,Microsoft-Windows-ActiveDirectory_DomainService,Directory Service,1066,4,,10261339969956552157,,,,,,,,,,,,
2026-09-02T02:17:01.996835Z,"{'#attributes': {'Qualifiers': 16384}, '#text': 2208}",dc.scaffold.htb,Microsoft-Windows-ActiveDirectory_DomainService,Directory Service,1067,4,,,,,,,,,,,,,,
2026-09-02T02:17:01.996835Z,"{'#attributes': {'Qualifiers': 16384}, '#text': 2120}",dc.scaffold.htb,Microsoft-Windows-ActiveDirectory_DomainService,Directory Service,1068,4,,,,,,,,,,,,,,
2026-09-02T02:17:01.996835Z,"{'#attributes': {'Qualifiers': 16384}, '#text': 2405}",dc.scaffold.htb,Microsoft-Windows-ActiveDirectory_DomainService,Directory Service,1069,4,,Recycle Bin Feature,,,,,,,,,,,,
2026-09-02T02:17:01.996835Z,"{'#attributes': {'Qualifiers': 16384}, '#text': 2405}",dc.scaffold.htb,Microsoft-Windows-ActiveDirectory_DomainService,Directory Service,1070,4,,Privileged Access Management Feature,,,,,,,,,,,,
2026-09-02T02:17:12.012494Z,"{'#attributes': {'Qualifiers': 32768}, '#text': 2886}",dc.scaffold.htb,Microsoft-Windows-ActiveDirectory_DomainService,Directory Service,1071,3,,,,,,,,,,,,,,
2026-09-02T02:17:12.012494Z,"{'#attributes': {'Qualifiers': 32768}, '#text': 3041}",dc.scaffold.htb,Microsoft-Windows-ActiveDirectory_DomainService,Directory Service,1072,3,,,,,,,,,,,,,,
2026-09-02T02:17:12.012494Z,"{'#attributes': {'Qualifiers': 16384}, '#text': 1000}",dc.scaffold.htb,Microsoft-Windows-ActiveDirectory_DomainService,Directory Service,1073,4,,,,,,,,,,,,,,
2026-09-02T02:17:42.028326Z,"{'#attributes': {'Qualifiers': 16384}, '#text': 1394}",dc.scaffold.htb,Microsoft-Windows-ActiveDirectory_DomainService,Directory Service,1074,4,,,,,,,,,,,,,,
2026-09-02T02:17:51.371828Z,"{'#attributes': {'Qualifiers': 16384}, '#text': 2179}",dc.scaffold.htb,Microsoft-Windows-ActiveDirectory_DomainService,Directory Service,1075,4,,10261339969956552157,,,,,,,,,,,,
2026-09-02T02:17:52.028081Z,"{'#attributes': {'Qualifiers': 16384}, '#text': 1004}",dc.scaffold.htb,Microsoft-Windows-ActiveDirectory_DomainService,Directory Service,1076,4,,,,,,,,,,,,,,
2026-09-02T02:24:46.935648Z,"{'#attributes': {'Qualifiers': 32768}, '#text': 3051}",dc.scaffold.htb,Microsoft-Windows-ActiveDirectory_DomainService,Directory Service,1077,3,,,,,,,,,,,,,,
2026-09-02T02:24:46.935648Z,"{'#attributes': {'Qualifiers': 32768}, '#text': 3054}",dc.scaffold.htb,Microsoft-Windows-ActiveDirectory_DomainService,Directory Service,1078,3,,,,,,,,,,,,,,
2026-09-02T02:24:47.185558Z,"{'#attributes': {'Qualifiers': 16384}, '#text': 2121}",dc.scaffold.htb,Microsoft-Windows-ActiveDirectory_DomainService,Directory Service,1079,4,,,,,,,,,,,,,,
2026-09-02T02:24:47.185558Z,"{'#attributes': {'Qualifiers': 16384}, '#text': 2406}",dc.scaffold.htb,Microsoft-Windows-ActiveDirectory_DomainService,Directory Service,1080,4,,Recycle Bin Feature,,,,,,,,,,,,
2026-09-02T02:24:47.185558Z,"{'#attributes': {'Qualifiers': 16384}, '#text': 2406}",dc.scaffold.htb,Microsoft-Windows-ActiveDirectory_DomainService,Directory Service,1081,4,,Privileged Access Management Feature,,,,,,,,,,,,
2026-09-02T02:24:47.185558Z,"{'#attributes': {'Qualifiers': 16384}, '#text': 2168}",dc.scaffold.htb,Microsoft-Windows-ActiveDirectory_DomainService,Directory Service,1082,4,,10261339969956552157,,,,,,,,,,,,
2026-09-02T02:24:47.185558Z,"{'#attributes': {'Qualifiers': 16384}, '#text': 2172}",dc.scaffold.htb,Microsoft-Windows-ActiveDirectory_DomainService,Directory Service,1083,4,,10261339969956552157,,,,,,,,,,,,
2026-09-02T02:24:47.201169Z,"{'#attributes': {'Qualifiers': 16384}, '#text': 2120}",dc.scaffold.htb,Microsoft-Windows-ActiveDirectory_DomainService,Directory Service,1084,4,,,,,,,,,,,,,,
2026-09-02T02:24:47.201169Z,"{'#attributes': {'Qualifiers': 16384}, '#text': 2405}",dc.scaffold.htb,Microsoft-Windows-ActiveDirectory_DomainService,Directory Service,1085,4,,Recycle Bin Feature,,,,,,,,,,,,
2026-09-02T02:24:47.201169Z,"{'#attributes': {'Qualifiers': 16384}, '#text': 2405}",dc.scaffold.htb,Microsoft-Windows-ActiveDirectory_DomainService,Directory Service,1086,4,,Privileged Access Management Feature,,,,,,,,,,,,
2026-09-02T02:24:57.216817Z,"{'#attributes': {'Qualifiers': 32768}, '#text': 2886}",dc.scaffold.htb,Microsoft-Windows-ActiveDirectory_DomainService,Directory Service,1087,3,,,,,,,,,,,,,,
2026-09-02T02:24:57.216817Z,"{'#attributes': {'Qualifiers': 32768}, '#text': 3041}",dc.scaffold.htb,Microsoft-Windows-ActiveDirectory_DomainService,Directory Service,1088,3,,,,,,,,,,,,,,
2026-09-02T02:24:57.216817Z,"{'#attributes': {'Qualifiers': 16384}, '#text': 1000}",dc.scaffold.htb,Microsoft-Windows-ActiveDirectory_DomainService,Directory Service,1089,4,,,,,,,,,,,,,,
2026-09-02T02:25:27.232455Z,"{'#attributes': {'Qualifiers': 16384}, '#text': 1394}",dc.scaffold.htb,Microsoft-Windows-ActiveDirectory_DomainService,Directory Service,1090,4,,,,,,,,,,,,,,
2026-09-02T02:25:42.748043Z,"{'#attributes': {'Qualifiers': 16384}, '#text': 2179}",dc.scaffold.htb,Microsoft-Windows-ActiveDirectory_DomainService,Directory Service,1091,4,,10261339969956552157,,,,,,,,,,,,
2026-09-02T02:25:44.091809Z,"{'#attributes': {'Qualifiers': 16384}, '#text': 1004}",dc.scaffold.htb,Microsoft-Windows-ActiveDirectory_DomainService,Directory Service,1092,4,,,,,,,,,,,,,,
2026-09-02T03:17:13.068437Z,"{'#attributes': {'Qualifiers': 32768}, '#text': 3051}",dc.scaffold.htb,Microsoft-Windows-ActiveDirectory_DomainService,Directory Service,1093,3,,,,,,,,,,,,,,
2026-09-02T03:17:13.068437Z,"{'#attributes': {'Qualifiers': 32768}, '#text': 3054}",dc.scaffold.htb,Microsoft-Windows-ActiveDirectory_DomainService,Directory Service,1094,3,,,,,,,,,,,,,,
2026-09-02T03:17:13.396557Z,"{'#attributes': {'Qualifiers': 16384}, '#text': 2121}",dc.scaffold.htb,Microsoft-Windows-ActiveDirectory_DomainService,Directory Service,1095,4,,,,,,,,,,,,,,
2026-09-02T03:17:13.396557Z,"{'#attributes': {'Qualifiers': 16384}, '#text': 2406}",dc.scaffold.htb,Microsoft-Windows-ActiveDirectory_DomainService,Directory Service,1096,4,,Recycle Bin Feature,,,,,,,,,,,,
2026-09-02T03:17:13.396557Z,"{'#attributes': {'Qualifiers': 16384}, '#text': 2406}",dc.scaffold.htb,Microsoft-Windows-ActiveDirectory_DomainService,Directory Service,1097,4,,Privileged Access Management Feature,,,,,,,,,,,,
2026-09-02T03:17:13.396557Z,"{'#attributes': {'Qualifiers': 16384}, '#text': 2168}",dc.scaffold.htb,Microsoft-Windows-ActiveDirectory_DomainService,Directory Service,1098,4,,10366403936868254078,,,,,,,,,,,,
2026-09-02T03:17:13.396557Z,"{'#attributes': {'Qualifiers': 16384}, '#text': 2172}",dc.scaffold.htb,Microsoft-Windows-ActiveDirectory_DomainService,Directory Service,1099,4,,10261339969956552157,,,,,,,,,,,,
2026-09-02T03:17:13.396557Z,"{'#attributes': {'Qualifiers': 32768}, '#text': 2170}",dc.scaffold.htb,Microsoft-Windows-ActiveDirectory_DomainService,Directory Service,1100,3,,,10261339969956552157,10366403936868254078,,,,,,,,,,
2026-09-02T03:17:13.396557Z,"{'#attributes': {'Qualifiers': 16384}, '#text': 1109}",dc.scaffold.htb,Microsoft-Windows-ActiveDirectory_DomainService,Directory Service,1101,4,,,36e584d3-c5b8-4bdc-99b4-6f12693084e1,c061e9b4-f0cb-4fab-8632-e9a811bb6bda,,,196654,,,,,,,
2026-09-02T03:17:13.412201Z,"{'#attributes': {'Qualifiers': 16384}, '#text': 2208}",dc.scaffold.htb,Microsoft-Windows-ActiveDirectory_DomainService,Directory Service,1102,4,,,,,,,,,,,,,,
2026-09-02T03:17:13.412201Z,"{'#attributes': {'Qualifiers': 16384}, '#text': 2179}",dc.scaffold.htb,Microsoft-Windows-ActiveDirectory_DomainService,Directory Service,1103,4,,10366403936868254078,,,,,,,,,,,,
2026-09-02T03:17:13.427815Z,"{'#attributes': {'Qualifiers': 16384}, '#text': 2120}",dc.scaffold.htb,Microsoft-Windows-ActiveDirectory_DomainService,Directory Service,1104,4,,,,,,,,,,,,,,
2026-09-02T03:17:13.427815Z,"{'#attributes': {'Qualifiers': 16384}, '#text': 2405}",dc.scaffold.htb,Microsoft-Windows-ActiveDirectory_DomainService,Directory Service,1105,4,,Recycle Bin Feature,,,,,,,,,,,,
2026-09-02T03:17:13.427815Z,"{'#attributes': {'Qualifiers': 16384}, '#text': 2405}",dc.scaffold.htb,Microsoft-Windows-ActiveDirectory_DomainService,Directory Service,1106,4,,Privileged Access Management Feature,,,,,,,,,,,,
2026-09-02T03:17:23.443444Z,"{'#attributes': {'Qualifiers': 32768}, '#text': 2886}",dc.scaffold.htb,Microsoft-Windows-ActiveDirectory_DomainService,Directory Service,1107,3,,,,,,,,,,,,,,
2026-09-02T03:17:23.443444Z,"{'#attributes': {'Qualifiers': 32768}, '#text': 3041}",dc.scaffold.htb,Microsoft-Windows-ActiveDirectory_DomainService,Directory Service,1108,3,,,,,,,,,,,,,,
2026-09-02T03:17:23.443444Z,"{'#attributes': {'Qualifiers': 16384}, '#text': 1000}",dc.scaffold.htb,Microsoft-Windows-ActiveDirectory_DomainService,Directory Service,1109,4,,,,,,,,,,,,,,
2026-09-02T03:17:53.459070Z,"{'#attributes': {'Qualifiers': 16384}, '#text': 1394}",dc.scaffold.htb,Microsoft-Windows-ActiveDirectory_DomainService,Directory Service,1110,4,,,,,,,,,,,,,,
2026-09-02T03:21:32.646559Z,"{'#attributes': {'Qualifiers': 16384}, '#text': 2179}",dc.scaffold.htb,Microsoft-Windows-ActiveDirectory_DomainService,Directory Service,1111,4,,10366403936868254078,,,,,,,,,,,,
2026-09-02T03:21:33.037187Z,"{'#attributes': {'Qualifiers': 16384}, '#text': 1004}",dc.scaffold.htb,Microsoft-Windows-ActiveDirectory_DomainService,Directory Service,1112,4,,,,,,,,,,,,,,
2026-09-02T03:21:54.903967Z,"{'#attributes': {'Qualifiers': 32768}, '#text': 3051}",dc.scaffold.htb,Microsoft-Windows-ActiveDirectory_DomainService,Directory Service,1113,3,,,,,,,,,,,,,,
2026-09-02T03:21:54.903967Z,"{'#attributes': {'Qualifiers': 32768}, '#text': 3054}",dc.scaffold.htb,Microsoft-Windows-ActiveDirectory_DomainService,Directory Service,1114,3,,,,,,,,,,,,,,
2026-09-02T03:21:55.091523Z,"{'#attributes': {'Qualifiers': 16384}, '#text': 2121}",dc.scaffold.htb,Microsoft-Windows-ActiveDirectory_DomainService,Directory Service,1115,4,,,,,,,,,,,,,,
2026-09-02T03:21:55.091523Z,"{'#attributes': {'Qualifiers': 16384}, '#text': 2406}",dc.scaffold.htb,Microsoft-Windows-ActiveDirectory_DomainService,Directory Service,1116,4,,Recycle Bin Feature,,,,,,,,,,,,
2026-09-02T03:21:55.091523Z,"{'#attributes': {'Qualifiers': 16384}, '#text': 2406}",dc.scaffold.htb,Microsoft-Windows-ActiveDirectory_DomainService,Directory Service,1117,4,,Privileged Access Management Feature,,,,,,,,,,,,
2026-09-02T03:21:55.091523Z,"{'#attributes': {'Qualifiers': 16384}, '#text': 2168}",dc.scaffold.htb,Microsoft-Windows-ActiveDirectory_DomainService,Directory Service,1118,4,,10366403936868254078,,,,,,,,,,,,
2026-09-02T03:21:55.091523Z,"{'#attributes': {'Qualifiers': 16384}, '#text': 2172}",dc.scaffold.htb,Microsoft-Windows-ActiveDirectory_DomainService,Directory Service,1119,4,,10366403936868254078,,,,,,,,,,,,
2026-09-02T03:21:55.091523Z,"{'#attributes': {'Qualifiers': 16384}, '#text': 2120}",dc.scaffold.htb,Microsoft-Windows-ActiveDirectory_DomainService,Directory Service,1120,4,,,,,,,,,,,,,,
2026-09-02T03:21:55.091523Z,"{'#attributes': {'Qualifiers': 16384}, '#text': 2405}",dc.scaffold.htb,Microsoft-Windows-ActiveDirectory_DomainService,Directory Service,1121,4,,Recycle Bin Feature,,,,,,,,,,,,
2026-09-02T03:21:55.091523Z,"{'#attributes': {'Qualifiers': 16384}, '#text': 2405}",dc.scaffold.htb,Microsoft-Windows-ActiveDirectory_DomainService,Directory Service,1122,4,,Privileged Access Management Feature,,,,,,,,,,,,
2026-09-02T03:22:05.107116Z,"{'#attributes': {'Qualifiers': 32768}, '#text': 2886}",dc.scaffold.htb,Microsoft-Windows-ActiveDirectory_DomainService,Directory Service,1123,3,,,,,,,,,,,,,,
2026-09-02T03:22:05.107116Z,"{'#attributes': {'Qualifiers': 32768}, '#text': 3041}",dc.scaffold.htb,Microsoft-Windows-ActiveDirectory_DomainService,Directory Service,1124,3,,,,,,,,,,,,,,
2026-09-02T03:22:05.107116Z,"{'#attributes': {'Qualifiers': 16384}, '#text': 1000}",dc.scaffold.htb,Microsoft-Windows-ActiveDirectory_DomainService,Directory Service,1125,4,,,,,,,,,,,,,,
2026-09-02T03:22:35.107118Z,"{'#attributes': {'Qualifiers': 16384}, '#text': 1394}",dc.scaffold.htb,Microsoft-Windows-ActiveDirectory_DomainService,Directory Service,1126,4,,,,,,,,,,,,,,
2026-09-02T03:26:27.841465Z,"{'#attributes': {'Qualifiers': 16384}, '#text': 2179}",dc.scaffold.htb,Microsoft-Windows-ActiveDirectory_DomainService,Directory Service,1127,4,,10366403936868254078,,,,,,,,,,,,
2026-09-02T03:26:28.060215Z,"{'#attributes': {'Qualifiers': 16384}, '#text': 1004}",dc.scaffold.htb,Microsoft-Windows-ActiveDirectory_DomainService,Directory Service,1128,4,,,,,,,,,,,,,,
2026-09-02T03:27:13.356747Z,"{'#attributes': {'Qualifiers': 32768}, '#text': 3051}",dc.scaffold.htb,Microsoft-Windows-ActiveDirectory_DomainService,Directory Service,1129,3,,,,,,,,,,,,,,
2026-09-02T03:27:13.356747Z,"{'#attributes': {'Qualifiers': 32768}, '#text': 3054}",dc.scaffold.htb,Microsoft-Windows-ActiveDirectory_DomainService,Directory Service,1130,3,,,,,,,,,,,,,,
2026-09-02T03:27:13.559872Z,"{'#attributes': {'Qualifiers': 16384}, '#text': 2121}",dc.scaffold.htb,Microsoft-Windows-ActiveDirectory_DomainService,Directory Service,1131,4,,,,,,,,,,,,,,
2026-09-02T03:27:13.559872Z,"{'#attributes': {'Qualifiers': 16384}, '#text': 2406}",dc.scaffold.htb,Microsoft-Windows-ActiveDirectory_DomainService,Directory Service,1132,4,,Recycle Bin Feature,,,,,,,,,,,,
2026-09-02T03:27:13.559872Z,"{'#attributes': {'Qualifiers': 16384}, '#text': 2406}",dc.scaffold.htb,Microsoft-Windows-ActiveDirectory_DomainService,Directory Service,1133,4,,Privileged Access Management Feature,,,,,,,,,,,,
2026-09-02T03:27:13.559872Z,"{'#attributes': {'Qualifiers': 16384}, '#text': 2168}",dc.scaffold.htb,Microsoft-Windows-ActiveDirectory_DomainService,Directory Service,1134,4,,10366403936868254078,,,,,,,,,,,,
2026-09-02T03:27:13.559872Z,"{'#attributes': {'Qualifiers': 16384}, '#text': 2172}",dc.scaffold.htb,Microsoft-Windows-ActiveDirectory_DomainService,Directory Service,1135,4,,10366403936868254078,,,,,,,,,,,,
2026-09-02T03:27:13.575494Z,"{'#attributes': {'Qualifiers': 16384}, '#text': 2120}",dc.scaffold.htb,Microsoft-Windows-ActiveDirectory_DomainService,Directory Service,1136,4,,,,,,,,,,,,,,
2026-09-02T03:27:13.575494Z,"{'#attributes': {'Qualifiers': 16384}, '#text': 2405}",dc.scaffold.htb,Microsoft-Windows-ActiveDirectory_DomainService,Directory Service,1137,4,,Recycle Bin Feature,,,,,,,,,,,,
2026-09-02T03:27:13.575494Z,"{'#attributes': {'Qualifiers': 16384}, '#text': 2405}",dc.scaffold.htb,Microsoft-Windows-ActiveDirectory_DomainService,Directory Service,1138,4,,Privileged Access Management Feature,,,,,,,,,,,,
2026-09-02T03:27:23.591152Z,"{'#attributes': {'Qualifiers': 32768}, '#text': 2886}",dc.scaffold.htb,Microsoft-Windows-ActiveDirectory_DomainService,Directory Service,1139,3,,,,,,,,,,,,,,
2026-09-02T03:27:23.591152Z,"{'#attributes': {'Qualifiers': 32768}, '#text': 3041}",dc.scaffold.htb,Microsoft-Windows-ActiveDirectory_DomainService,Directory Service,1140,3,,,,,,,,,,,,,,
2026-09-02T03:27:23.591152Z,"{'#attributes': {'Qualifiers': 16384}, '#text': 1000}",dc.scaffold.htb,Microsoft-Windows-ActiveDirectory_DomainService,Directory Service,1141,4,,,,,,,,,,,,,,
2026-09-02T03:27:53.606771Z,"{'#attributes': {'Qualifiers': 16384}, '#text': 1394}",dc.scaffold.htb,Microsoft-Windows-ActiveDirectory_DomainService,Directory Service,1142,4,,,,,,,,,,,,,,
2026-09-02T03:42:23.760921Z,"{'#attributes': {'Qualifiers': 0}, '#text': 102}",dc.scaffold.htb,NTDS ISAM,Directory Service,1143,4,,,NTDS,"676,P,98",,,NTDSA: ,0,10,00,20348,0000,,
2026-09-02T03:42:23.760921Z,"{'#attributes': {'Qualifiers': 0}, '#text': 105}",dc.scaffold.htb,NTDS ISAM,Directory Service,1144,4,,,NTDS,"676,D,0",,,NTDSA: ,0,0,"
[1] 0.001217 +J(0) +M(C:0K, Fs:121, WS:464K # 0K, PF:3252K # 344K, P:3252K)
[2] 0.001190 +J(0) +M(C:16K, Fs:89, WS:348K # 288K, PF:304K # 304K, P:304K)
[3] 0.001878 +J(0) +M(C:0K, Fs:5, WS:20K # 20K, PF:64K # 64K, P:64K)
[4] 0.013814 -0.000392 (1) WT +J(0) +M(C:0K, Fs:121, WS:408K # 408K, PF:5164K # 5164K, P:5164K)
[5] 0.000979 +J(0) +M(C:0K, Fs:3, WS:12K # 12K, PF:8K # 8K, P:8K)
[6] 0.003246 +J(0) +M(C:0K, Fs:20, WS:80K # 80K, PF:12K # 12K, P:12K)
[7] 0.054567 -0.045226 (21) WT +J(0) +M(C:0K, Fs:2579, WS:10296K # 10296K, PF:10260K # 10260K, P:10260K)
[8] -
[9] -
[10] -
[11] -
[12] -
[13] 0.044306 -0.037243 (22) WT +J(CM:0, PgRf:0, Rd:0/0, Dy:0/0, Lg:616/1) +M(C:0K, Fs:8, WS:-10216K # 24K, PF:-10256K # 12K, P:-10256K)
[14] 0.000021 +J(0)
[15] 0.000632 +J(0) +M(C:0K, Fs:206, WS:820K # 0K, PF:68K # 0K, P:68K)
[16] 0.000369 -0.000184 (1) WT +J(0) +M(C:0K, Fs:3, WS:4K # 0K, PF:0K # 0K, P:0K).",,,,
2026-09-02T03:42:23.760921Z,"{'#attributes': {'Qualifiers': 0}, '#text': 330}",dc.scaffold.htb,NTDS ISAM,Directory Service,1145,4,,,NTDS,"676,D,50",,,NTDSA: ,C:\Windows\NTDS\ntds.dit,0x22D8 (8920),8920 (0x22d8),9360 (0x2490),,,
2026-09-02T03:42:23.760921Z,"{'#attributes': {'Qualifiers': 0}, '#text': 326}",dc.scaffold.htb,NTDS ISAM,Directory Service,1146,4,,,NTDS,"676,D,50",,,NTDSA: ,1,C:\Windows\NTDS\ntds.dit,0,"
[1] 0.000005 +J(0) +M(C:0K, Fs:1, WS:4K # 0K, PF:0K # 0K, P:0K)
[2] 0.000634 -0.000456 (1) WT +J(0) +M(C:0K, Fs:19, WS:12K # 0K, PF:8K # 0K, P:8K)
[3] 0.005248 -0.001862 (6) WT +J(CM:0, PgRf:0, Rd:0/0, Dy:0/0, Lg:3480/2) +M(C:0K, Fs:17, WS:56K # 0K, PF:112K # 0K, P:112K)
[4] 0.000074 +J(0)
[5] -
[6] -
[7] -
[8] 0.002733 -0.000407 (2) CM -0.000334 (2) WT +J(CM:2, PgRf:2, Rd:4/2, Dy:0/0, Lg:0/0) +M(C:16K, Fs:43, WS:164K # 0K, PF:212K # 0K, P:212K)
[9] 0.002848 -0.002445 (5) CM -0.002273 (5) WT +J(CM:5, PgRf:24, Rd:0/5, Dy:0/0, Lg:0/0) +M(C:-8K, Fs:33, WS:104K # 0K, PF:196K # 0K, P:196K)
[10] 0.001004 -0.000811 (3) CM -0.000720 (3) WT +J(CM:3, PgRf:40, Rd:0/3, Dy:0/0, Lg:0/0) +M(C:-4K, Fs:6, WS:16K # 0K, PF:64K # 0K, P:64K)
[11] 0.000024 +J(CM:0, PgRf:1, Rd:0/0, Dy:0/0, Lg:0/0) +M(C:0K, Fs:4, WS:16K # 0K, PF:0K # 0K, P:0K)
[12] 0.000063 +J(CM:0, PgRf:48, Rd:0/0, Dy:0/0, Lg:0/0) +M(C:0K, Fs:2, WS:8K # 0K, PF:0K # 0K, P:0K)
[13] 0.000001 +J(0)
[14] 0.0 +J(0)
[15] 0.000006 +J(CM:0, PgRf:1, Rd:0/0, Dy:0/0, Lg:0/0).",0 0,"lgposAttach = 00000003:02CC:0268,
dbv = 1568.20.0 (8920)",
2026-09-02T03:42:23.760921Z,"{'#attributes': {'Qualifiers': 0}, '#text': 330}",dc.scaffold.htb,NTDS ISAM,Directory Service,1147,4,,,NTDS,"676,D,2",,,NTDSA: ,C:\Windows\NTDS\temp.edb,0x22D8 (8920),8920 (0x22d8),9360 (0x2490),,,
2026-09-02T03:42:23.760921Z,"{'#attributes': {'Qualifiers': 0}, '#text': 700}",dc.scaffold.htb,NTDS ISAM,Directory Service,1148,4,,,NTDS,"676,D,0",,,NTDSA: ,C:\Windows\NTDS\ntds.dit,,,,,,
2026-09-02T03:42:24.510919Z,"{'#attributes': {'Qualifiers': 0}, '#text': 701}",dc.scaffold.htb,NTDS ISAM,Directory Service,1149,4,,,NTDS,"676,D,0",,,NTDSA: ,C:\Windows\NTDS\ntds.dit,0,9/1/2026,0,1,1,24
2026-09-02T03:42:23.760921Z,"{'#attributes': {'Qualifiers': 16384}, '#text': 3033}",dc.scaffold.htb,Microsoft-Windows-ActiveDirectory_DomainService,Directory Service,1150,4,,,,,,,,,,,,,,
2026-09-02T03:42:23.760921Z,"{'#attributes': {'Qualifiers': 16384}, '#text': 3027}",dc.scaffold.htb,Microsoft-Windows-ActiveDirectory_DomainService,Directory Service,1151,4,,3600,,,,,,,,,,,,
2026-09-02T03:42:23.854671Z,"{'#attributes': {'Qualifiers': 16384}, '#text': 1869}",dc.scaffold.htb,Microsoft-Windows-ActiveDirectory_DomainService,Directory Service,1152,4,,,\\dc.scaffold.htb,Default-First-Site-Name,,,,,,,,,,
2026-09-02T04:11:27.573415Z,"{'#attributes': {'Qualifiers': 16384}, '#text': 2179}",dc.scaffold.htb,Microsoft-Windows-ActiveDirectory_DomainService,Directory Service,1153,4,,10366403936868254078,,,,,,,,,,,,
2026-09-02T04:11:29.604666Z,"{'#attributes': {'Qualifiers': 16384}, '#text': 1004}",dc.scaffold.htb,Microsoft-Windows-ActiveDirectory_DomainService,Directory Service,1154,4,,,,,,,,,,,,,,
2026-09-02T04:13:53.576773Z,"{'#attributes': {'Qualifiers': 32768}, '#text': 3051}",dc.scaffold.htb,Microsoft-Windows-ActiveDirectory_DomainService,Directory Service,1155,3,,,,,,,,,,,,,,
2026-09-02T04:13:53.576773Z,"{'#attributes': {'Qualifiers': 32768}, '#text': 3054}",dc.scaffold.htb,Microsoft-Windows-ActiveDirectory_DomainService,Directory Service,1156,3,,,,,,,,,,,,,,
2026-09-02T04:13:53.795586Z,"{'#attributes': {'Qualifiers': 16384}, '#text': 2121}",dc.scaffold.htb,Microsoft-Windows-ActiveDirectory_DomainService,Directory Service,1157,4,,,,,,,,,,,,,,
2026-09-02T04:13:53.795586Z,"{'#attributes': {'Qualifiers': 16384}, '#text': 2406}",dc.scaffold.htb,Microsoft-Windows-ActiveDirectory_DomainService,Directory Service,1158,4,,Recycle Bin Feature,,,,,,,,,,,,
2026-09-02T04:13:53.795586Z,"{'#attributes': {'Qualifiers': 16384}, '#text': 2406}",dc.scaffold.htb,Microsoft-Windows-ActiveDirectory_DomainService,Directory Service,1159,4,,Privileged Access Management Feature,,,,,,,,,,,,
2026-09-02T04:13:53.795586Z,"{'#attributes': {'Qualifiers': 16384}, '#text': 2168}",dc.scaffold.htb,Microsoft-Windows-ActiveDirectory_DomainService,Directory Service,1160,4,,10366403936868254078,,,,,,,,,,,,
2026-09-02T04:13:53.795586Z,"{'#attributes': {'Qualifiers': 16384}, '#text': 2172}",dc.scaffold.htb,Microsoft-Windows-ActiveDirectory_DomainService,Directory Service,1161,4,,10366403936868254078,,,,,,,,,,,,
2026-09-02T04:13:53.811150Z,"{'#attributes': {'Qualifiers': 16384}, '#text': 2120}",dc.scaffold.htb,Microsoft-Windows-ActiveDirectory_DomainService,Directory Service,1162,4,,,,,,,,,,,,,,
2026-09-02T04:13:53.811150Z,"{'#attributes': {'Qualifiers': 16384}, '#text': 2405}",dc.scaffold.htb,Microsoft-Windows-ActiveDirectory_DomainService,Directory Service,1163,4,,Recycle Bin Feature,,,,,,,,,,,,
2026-09-02T04:13:53.811150Z,"{'#attributes': {'Qualifiers': 16384}, '#text': 2405}",dc.scaffold.htb,Microsoft-Windows-ActiveDirectory_DomainService,Directory Service,1164,4,,Privileged Access Management Feature,,,,,,,,,,,,
2026-09-02T04:14:03.826841Z,"{'#attributes': {'Qualifiers': 32768}, '#text': 2886}",dc.scaffold.htb,Microsoft-Windows-ActiveDirectory_DomainService,Directory Service,1165,3,,,,,,,,,,,,,,
2026-09-02T04:14:03.826841Z,"{'#attributes': {'Qualifiers': 32768}, '#text': 3041}",dc.scaffold.htb,Microsoft-Windows-ActiveDirectory_DomainService,Directory Service,1166,3,,,,,,,,,,,,,,
2026-09-02T04:14:03.826841Z,"{'#attributes': {'Qualifiers': 16384}, '#text': 1000}",dc.scaffold.htb,Microsoft-Windows-ActiveDirectory_DomainService,Directory Service,1167,4,,,,,,,,,,,,,,
2026-09-02T04:14:33.842410Z,"{'#attributes': {'Qualifiers': 16384}, '#text': 1394}",dc.scaffold.htb,Microsoft-Windows-ActiveDirectory_DomainService,Directory Service,1168,4,,,,,,,,,,,,,,
2026-09-02T04:15:24.764267Z,"{'#attributes': {'Qualifiers': 16384}, '#text': 2179}",dc.scaffold.htb,Microsoft-Windows-ActiveDirectory_DomainService,Directory Service,1169,4,,10366403936868254078,,,,,,,,,,,,
2026-09-02T04:15:25.420517Z,"{'#attributes': {'Qualifiers': 16384}, '#text': 1004}",dc.scaffold.htb,Microsoft-Windows-ActiveDirectory_DomainService,Directory Service,1170,4,,,,,,,,,,,,,,
2026-09-02T04:22:48.466804Z,"{'#attributes': {'Qualifiers': 32768}, '#text': 3051}",dc.scaffold.htb,Microsoft-Windows-ActiveDirectory_DomainService,Directory Service,1171,3,,,,,,,,,,,,,,
2026-09-02T04:22:48.466804Z,"{'#attributes': {'Qualifiers': 32768}, '#text': 3054}",dc.scaffold.htb,Microsoft-Windows-ActiveDirectory_DomainService,Directory Service,1172,3,,,,,,,,,,,,,,
2026-09-02T04:22:48.669945Z,"{'#attributes': {'Qualifiers': 16384}, '#text': 2121}",dc.scaffold.htb,Microsoft-Windows-ActiveDirectory_DomainService,Directory Service,1173,4,,,,,,,,,,,,,,
2026-09-02T04:22:48.669945Z,"{'#attributes': {'Qualifiers': 16384}, '#text': 2406}",dc.scaffold.htb,Microsoft-Windows-ActiveDirectory_DomainService,Directory Service,1174,4,,Recycle Bin Feature,,,,,,,,,,,,
2026-09-02T04:22:48.669945Z,"{'#attributes': {'Qualifiers': 16384}, '#text': 2406}",dc.scaffold.htb,Microsoft-Windows-ActiveDirectory_DomainService,Directory Service,1175,4,,Privileged Access Management Feature,,,,,,,,,,,,
2026-09-02T04:22:48.669945Z,"{'#attributes': {'Qualifiers': 16384}, '#text': 2168}",dc.scaffold.htb,Microsoft-Windows-ActiveDirectory_DomainService,Directory Service,1176,4,,10366403936868254078,,,,,,,,,,,,
2026-09-02T04:22:48.669945Z,"{'#attributes': {'Qualifiers': 16384}, '#text': 2172}",dc.scaffold.htb,Microsoft-Windows-ActiveDirectory_DomainService,Directory Service,1177,4,,10366403936868254078,,,,,,,,,,,,
2026-09-02T04:22:48.669945Z,"{'#attributes': {'Qualifiers': 16384}, '#text': 2120}",dc.scaffold.htb,Microsoft-Windows-ActiveDirectory_DomainService,Directory Service,1178,4,,,,,,,,,,,,,,
2026-09-02T04:22:48.669945Z,"{'#attributes': {'Qualifiers': 16384}, '#text': 2405}",dc.scaffold.htb,Microsoft-Windows-ActiveDirectory_DomainService,Directory Service,1179,4,,Recycle Bin Feature,,,,,,,,,,,,
2026-09-02T04:22:48.669945Z,"{'#attributes': {'Qualifiers': 16384}, '#text': 2405}",dc.scaffold.htb,Microsoft-Windows-ActiveDirectory_DomainService,Directory Service,1180,4,,Privileged Access Management Feature,,,,,,,,,,,,
2026-09-02T04:22:58.685600Z,"{'#attributes': {'Qualifiers': 32768}, '#text': 2886}",dc.scaffold.htb,Microsoft-Windows-ActiveDirectory_DomainService,Directory Service,1181,3,,,,,,,,,,,,,,
2026-09-02T04:22:58.685600Z,"{'#attributes': {'Qualifiers': 32768}, '#text': 3041}",dc.scaffold.htb,Microsoft-Windows-ActiveDirectory_DomainService,Directory Service,1182,3,,,,,,,,,,,,,,
2026-09-02T04:22:58.685600Z,"{'#attributes': {'Qualifiers': 16384}, '#text': 1000}",dc.scaffold.htb,Microsoft-Windows-ActiveDirectory_DomainService,Directory Service,1183,4,,,,,,,,,,,,,,
2026-09-02T04:23:28.701207Z,"{'#attributes': {'Qualifiers': 16384}, '#text': 1394}",dc.scaffold.htb,Microsoft-Windows-ActiveDirectory_DomainService,Directory Service,1184,4,,,,,,,,,,,,,,
2026-09-02T04:24:04.623049Z,"{'#attributes': {'Qualifiers': 16384}, '#text': 2179}",dc.scaffold.htb,Microsoft-Windows-ActiveDirectory_DomainService,Directory Service,1185,4,,10366403936868254078,,,,,,,,,,,,
2026-09-02T04:24:06.279305Z,"{'#attributes': {'Qualifiers': 16384}, '#text': 1004}",dc.scaffold.htb,Microsoft-Windows-ActiveDirectory_DomainService,Directory Service,1186,4,,,,,,,,,,,,,,
2026-09-02T04:43:49.320156Z,"{'#attributes': {'Qualifiers': 32768}, '#text': 3051}",dc.scaffold.htb,Microsoft-Windows-ActiveDirectory_DomainService,Directory Service,1187,3,,,,,,,,,,,,,,
2026-09-02T04:43:49.320156Z,"{'#attributes': {'Qualifiers': 32768}, '#text': 3054}",dc.scaffold.htb,Microsoft-Windows-ActiveDirectory_DomainService,Directory Service,1188,3,,,,,,,,,,,,,,
2026-09-02T04:43:49.538921Z,"{'#attributes': {'Qualifiers': 16384}, '#text': 2121}",dc.scaffold.htb,Microsoft-Windows-ActiveDirectory_DomainService,Directory Service,1189,4,,,,,,,,,,,,,,
2026-09-02T04:43:49.538921Z,"{'#attributes': {'Qualifiers': 16384}, '#text': 2406}",dc.scaffold.htb,Microsoft-Windows-ActiveDirectory_DomainService,Directory Service,1190,4,,Recycle Bin Feature,,,,,,,,,,,,
2026-09-02T04:43:49.538921Z,"{'#attributes': {'Qualifiers': 16384}, '#text': 2406}",dc.scaffold.htb,Microsoft-Windows-ActiveDirectory_DomainService,Directory Service,1191,4,,Privileged Access Management Feature,,,,,,,,,,,,
2026-09-02T04:43:49.538921Z,"{'#attributes': {'Qualifiers': 16384}, '#text': 2168}",dc.scaffold.htb,Microsoft-Windows-ActiveDirectory_DomainService,Directory Service,1192,4,,10366403936868254078,,,,,,,,,,,,
2026-09-02T04:43:49.538921Z,"{'#attributes': {'Qualifiers': 16384}, '#text': 2172}",dc.scaffold.htb,Microsoft-Windows-ActiveDirectory_DomainService,Directory Service,1193,4,,10366403936868254078,,,,,,,,,,,,
2026-09-02T04:43:49.538921Z,"{'#attributes': {'Qualifiers': 16384}, '#text': 2120}",dc.scaffold.htb,Microsoft-Windows-ActiveDirectory_DomainService,Directory Service,1194,4,,,,,,,,,,,,,,
2026-09-02T04:43:49.538921Z,"{'#attributes': {'Qualifiers': 16384}, '#text': 2405}",dc.scaffold.htb,Microsoft-Windows-ActiveDirectory_DomainService,Directory Service,1195,4,,Recycle Bin Feature,,,,,,,,,,,,
2026-09-02T04:43:49.538921Z,"{'#attributes': {'Qualifiers': 16384}, '#text': 2405}",dc.scaffold.htb,Microsoft-Windows-ActiveDirectory_DomainService,Directory Service,1196,4,,Privileged Access Management Feature,,,,,,,,,,,,
2026-09-02T04:43:59.554566Z,"{'#attributes': {'Qualifiers': 32768}, '#text': 2886}",dc.scaffold.htb,Microsoft-Windows-ActiveDirectory_DomainService,Directory Service,1197,3,,,,,,,,,,,,,,
2026-09-02T04:43:59.554566Z,"{'#attributes': {'Qualifiers': 32768}, '#text': 3041}",dc.scaffold.htb,Microsoft-Windows-ActiveDirectory_DomainService,Directory Service,1198,3,,,,,,,,,,,,,,
2026-09-02T04:43:59.554566Z,"{'#attributes': {'Qualifiers': 16384}, '#text': 1000}",dc.scaffold.htb,Microsoft-Windows-ActiveDirectory_DomainService,Directory Service,1199,4,,,,,,,,,,,,,,
2026-09-02T04:44:29.554598Z,"{'#attributes': {'Qualifiers': 16384}, '#text': 1394}",dc.scaffold.htb,Microsoft-Windows-ActiveDirectory_DomainService,Directory Service,1200,4,,,,,,,,,,,,,,
2026-09-02T04:46:22.257653Z,"{'#attributes': {'Qualifiers': 0}, '#text': 102}",dc.scaffold.htb,NTDS ISAM,Directory Service,1201,4,,,NTDS,"660,P,98",,,NTDSA: ,0,10,00,20348,0000,,
2026-09-02T04:46:22.257653Z,"{'#attributes': {'Qualifiers': 0}, '#text': 105}",dc.scaffold.htb,NTDS ISAM,Directory Service,1202,4,,,NTDS,"660,D,0",,,NTDSA: ,0,0,"
[1] 0.000826 +J(0) +M(C:0K, Fs:127, WS:488K # 0K, PF:3276K # 340K, P:3276K)
[2] 0.001307 +J(0) +M(C:16K, Fs:89, WS:344K # 284K, PF:308K # 308K, P:308K)
[3] 0.000857 +J(0) +M(C:0K, Fs:5, WS:20K # 20K, PF:64K # 64K, P:64K)
[4] 0.012895 -0.000364 (1) WT +J(0) +M(C:0K, Fs:120, WS:404K # 404K, PF:5164K # 5164K, P:5164K)
[5] 0.000960 +J(0) +M(C:0K, Fs:4, WS:16K # 16K, PF:12K # 12K, P:12K)
[6] 0.002888 +J(0) +M(C:0K, Fs:20, WS:80K # 80K, PF:12K # 12K, P:12K)
[7] 0.044176 -0.034366 (21) WT +J(0) +M(C:0K, Fs:2579, WS:10296K # 10296K, PF:10260K # 10260K, P:10260K)
[8] -
[9] -
[10] -
[11] -
[12] -
[13] 0.062463 -0.049610 (22) WT +J(CM:0, PgRf:0, Rd:0/0, Dy:0/0, Lg:616/1) +M(C:0K, Fs:8, WS:-10216K # 24K, PF:-10256K # 12K, P:-10256K)
[14] 0.000032 +J(0)
[15] 0.000721 +J(0) +M(C:0K, Fs:205, WS:820K # 0K, PF:64K # 0K, P:64K)
[16] 0.000728 -0.000426 (1) WT +J(0) +M(C:0K, Fs:3, WS:4K # 0K, PF:0K # 0K, P:0K).",,,,
2026-09-02T04:46:22.257653Z,"{'#attributes': {'Qualifiers': 0}, '#text': 330}",dc.scaffold.htb,NTDS ISAM,Directory Service,1203,4,,,NTDS,"660,D,50",,,NTDSA: ,C:\Windows\NTDS\ntds.dit,0x22D8 (8920),8920 (0x22d8),9360 (0x2490),,,
2026-09-02T04:46:22.257653Z,"{'#attributes': {'Qualifiers': 0}, '#text': 326}",dc.scaffold.htb,NTDS ISAM,Directory Service,1204,4,,,NTDS,"660,D,50",,,NTDSA: ,1,C:\Windows\NTDS\ntds.dit,0,"
[1] 0.000006 +J(0) +M(C:0K, Fs:1, WS:4K # 0K, PF:0K # 0K, P:0K)
[2] 0.000739 -0.000430 (1) WT +J(0) +M(C:0K, Fs:19, WS:12K # 0K, PF:8K # 0K, P:8K)
[3] 0.006805 -0.002848 (6) WT +J(CM:0, PgRf:0, Rd:0/0, Dy:0/0, Lg:3480/2) +M(C:0K, Fs:15, WS:52K # 0K, PF:104K # 0K, P:104K)
[4] 0.000091 +J(0)
[5] -
[6] -
[7] -
[8] 0.005169 -0.000648 (2) CM -0.000456 (2) WT +J(CM:2, PgRf:2, Rd:4/2, Dy:0/0, Lg:0/0) +M(C:32K, Fs:45, WS:168K # 0K, PF:236K # 0K, P:236K)
[9] 0.002305 -0.001755 (6) CM -0.001527 (6) WT +J(CM:6, PgRf:24, Rd:0/6, Dy:0/0, Lg:0/0) +M(C:-20K, Fs:33, WS:104K # 0K, PF:180K # 0K, P:180K)
[10] 0.001035 -0.000784 (4) CM -0.000665 (4) WT +J(CM:4, PgRf:40, Rd:0/4, Dy:0/0, Lg:0/0) +M(C:-8K, Fs:5, WS:8K # 0K, PF:56K # 0K, P:56K)
[11] 0.000020 +J(CM:0, PgRf:1, Rd:0/0, Dy:0/0, Lg:0/0) +M(C:0K, Fs:4, WS:16K # 0K, PF:0K # 0K, P:0K)
[12] 0.000060 +J(CM:0, PgRf:48, Rd:0/0, Dy:0/0, Lg:0/0) +M(C:0K, Fs:2, WS:8K # 0K, PF:0K # 0K, P:0K)
[13] 0.000001 +J(0)
[14] 0.000001 +J(0)
[15] 0.000006 +J(CM:0, PgRf:1, Rd:0/0, Dy:0/0, Lg:0/0).",0 0,"lgposAttach = 00000003:02E7:0268,
dbv = 1568.20.0 (8920)",
2026-09-02T04:46:22.257653Z,"{'#attributes': {'Qualifiers': 0}, '#text': 330}",dc.scaffold.htb,NTDS ISAM,Directory Service,1205,4,,,NTDS,"660,D,2",,,NTDSA: ,C:\Windows\NTDS\temp.edb,0x22D8 (8920),8920 (0x22d8),9360 (0x2490),,,
2026-09-02T04:46:22.257653Z,"{'#attributes': {'Qualifiers': 0}, '#text': 103}",dc.scaffold.htb,NTDS ISAM,Directory Service,1206,4,,,NTDS,"660,T,97",,,NTDSA: ,0,"
[1] 0.000004 +J(0)
[2] 0.000019 +J(0)
[3] 0.000002 +J(0)
[4] 0.000006 +J(0)
[5] 0.013655 -0.007943 (11) WT +J(0) +M(C:8K, Fs:9, WS:20K # 0K, PF:8K # 0K, P:8K)
[6] 0.000012 +J(0)
[7] 0.000006 +J(0)
[8] 0.035723 -0.016064 (10) WT +J(CM:0, PgRf:0, Rd:0/0, Dy:0/0, Lg:4096/2) +M(C:0K, Fs:14, WS:-136K # 0K, PF:-164K # 0K, P:-164K)
[9] 0.003361 -0.002832 (1) WT +J(CM:0, PgRf:0, Rd:0/0, Dy:0/0, Lg:66/1) +M(C:0K, Fs:2, WS:8K # 0K, PF:0K # 0K, P:0K)
[10] 0.000018 +J(0)
[11] 0.007908 -0.003945 (2) WT +J(0) +M(C:0K, Fs:1, WS:4K # 0K, PF:0K # 0K, P:0K)
[12] 0.000076 +J(0) +M(C:0K, Fs:0, WS:-4K # 0K, PF:-4K # 0K, P:-4K)
[13] 0.000088 +J(0)
[14] 0.000037 +J(0) +M(C:0K, Fs:0, WS:-44K # 0K, PF:-52K # 0K, P:-52K)
[15] 0.000006 +J(0).",0,,,,
2026-09-02T04:46:22.163907Z,"{'#attributes': {'Qualifiers': 16384}, '#text': 2179}",dc.scaffold.htb,Microsoft-Windows-ActiveDirectory_DomainService,Directory Service,1207,4,,10366403936868254078,,,,,,,,,,,,
2026-09-02T04:46:22.257653Z,"{'#attributes': {'Qualifiers': 16384}, '#text': 1004}",dc.scaffold.htb,Microsoft-Windows-ActiveDirectory_DomainService,Directory Service,1208,4,,,,,,,,,,,,,,
2026-09-02T04:54:32.435406Z,"{'#attributes': {'Qualifiers': 32768}, '#text': 3051}",dc.scaffold.htb,Microsoft-Windows-ActiveDirectory_DomainService,Directory Service,1209,3,,,,,,,,,,,,,,
2026-09-02T04:54:32.435406Z,"{'#attributes': {'Qualifiers': 32768}, '#text': 3054}",dc.scaffold.htb,Microsoft-Windows-ActiveDirectory_DomainService,Directory Service,1210,3,,,,,,,,,,,,,,
2026-09-02T04:54:32.638532Z,"{'#attributes': {'Qualifiers': 16384}, '#text': 2121}",dc.scaffold.htb,Microsoft-Windows-ActiveDirectory_DomainService,Directory Service,1211,4,,,,,,,,,,,,,,
2026-09-02T04:54:32.638532Z,"{'#attributes': {'Qualifiers': 16384}, '#text': 2406}",dc.scaffold.htb,Microsoft-Windows-ActiveDirectory_DomainService,Directory Service,1212,4,,Recycle Bin Feature,,,,,,,,,,,,
2026-09-02T04:54:32.638532Z,"{'#attributes': {'Qualifiers': 16384}, '#text': 2406}",dc.scaffold.htb,Microsoft-Windows-ActiveDirectory_DomainService,Directory Service,1213,4,,Privileged Access Management Feature,,,,,,,,,,,,
2026-09-02T04:54:32.638532Z,"{'#attributes': {'Qualifiers': 16384}, '#text': 2168}",dc.scaffold.htb,Microsoft-Windows-ActiveDirectory_DomainService,Directory Service,1214,4,,9305305367874613743,,,,,,,,,,,,
2026-09-02T04:54:32.638532Z,"{'#attributes': {'Qualifiers': 16384}, '#text': 2172}",dc.scaffold.htb,Microsoft-Windows-ActiveDirectory_DomainService,Directory Service,1215,4,,10366403936868254078,,,,,,,,,,,,
2026-09-02T04:54:32.638532Z,"{'#attributes': {'Qualifiers': 32768}, '#text': 2170}",dc.scaffold.htb,Microsoft-Windows-ActiveDirectory_DomainService,Directory Service,1216,3,,,10366403936868254078,9305305367874613743,,,,,,,,,,
2026-09-02T04:54:32.638532Z,"{'#attributes': {'Qualifiers': 16384}, '#text': 1109}",dc.scaffold.htb,Microsoft-Windows-ActiveDirectory_DomainService,Directory Service,1217,4,,,c061e9b4-f0cb-4fab-8632-e9a811bb6bda,45d697ef-6074-4218-988f-8d713ca075ac,,,221236,,,,,,,
2026-09-02T04:54:32.654154Z,"{'#attributes': {'Qualifiers': 16384}, '#text': 2208}",dc.scaffold.htb,Microsoft-Windows-ActiveDirectory_DomainService,Directory Service,1218,4,,,,,,,,,,,,,,
2026-09-02T04:54:32.654154Z,"{'#attributes': {'Qualifiers': 16384}, '#text': 2179}",dc.scaffold.htb,Microsoft-Windows-ActiveDirectory_DomainService,Directory Service,1219,4,,9305305367874613743,,,,,,,,,,,,
2026-09-02T04:54:32.654154Z,"{'#attributes': {'Qualifiers': 16384}, '#text': 2120}",dc.scaffold.htb,Microsoft-Windows-ActiveDirectory_DomainService,Directory Service,1220,4,,,,,,,,,,,,,,
2026-09-02T04:54:32.654154Z,"{'#attributes': {'Qualifiers': 16384}, '#text': 2405}",dc.scaffold.htb,Microsoft-Windows-ActiveDirectory_DomainService,Directory Service,1221,4,,Recycle Bin Feature,,,,,,,,,,,,
2026-09-02T04:54:32.654154Z,"{'#attributes': {'Qualifiers': 16384}, '#text': 2405}",dc.scaffold.htb,Microsoft-Windows-ActiveDirectory_DomainService,Directory Service,1222,4,,Privileged Access Management Feature,,,,,,,,,,,,
2026-09-02T04:54:42.669830Z,"{'#attributes': {'Qualifiers': 32768}, '#text': 2886}",dc.scaffold.htb,Microsoft-Windows-ActiveDirectory_DomainService,Directory Service,1223,3,,,,,,,,,,,,,,
2026-09-02T04:54:42.669830Z,"{'#attributes': {'Qualifiers': 32768}, '#text': 3041}",dc.scaffold.htb,Microsoft-Windows-ActiveDirectory_DomainService,Directory Service,1224,3,,,,,,,,,,,,,,
2026-09-02T04:54:42.669830Z,"{'#attributes': {'Qualifiers': 16384}, '#text': 1000}",dc.scaffold.htb,Microsoft-Windows-ActiveDirectory_DomainService,Directory Service,1225,4,,,,,,,,,,,,,,
2026-09-02T04:55:12.835229Z,"{'#attributes': {'Qualifiers': 16384}, '#text': 1394}",dc.scaffold.htb,Microsoft-Windows-ActiveDirectory_DomainService,Directory Service,1226,4,,,,,,,,,,,,,,
2026-09-02T04:55:46.966656Z,"{'#attributes': {'Qualifiers': 16384}, '#text': 2179}",dc.scaffold.htb,Microsoft-Windows-ActiveDirectory_DomainService,Directory Service,1227,4,,9305305367874613743,,,,,,,,,,,,
2026-09-02T04:55:47.294781Z,"{'#attributes': {'Qualifiers': 16384}, '#text': 1004}",dc.scaffold.htb,Microsoft-Windows-ActiveDirectory_DomainService,Directory Service,1228,4,,,,,,,,,,,,,,
2026-09-02T05:42:14.338646Z,"{'#attributes': {'Qualifiers': 32768}, '#text': 3051}",dc.scaffold.htb,Microsoft-Windows-ActiveDirectory_DomainService,Directory Service,1229,3,,,,,,,,,,,,,,
2026-09-02T05:42:14.338646Z,"{'#attributes': {'Qualifiers': 32768}, '#text': 3054}",dc.scaffold.htb,Microsoft-Windows-ActiveDirectory_DomainService,Directory Service,1230,3,,,,,,,,,,,,,,
2026-09-02T05:42:14.526183Z,"{'#attributes': {'Qualifiers': 16384}, '#text': 2121}",dc.scaffold.htb,Microsoft-Windows-ActiveDirectory_DomainService,Directory Service,1231,4,,,,,,,,,,,,,,
2026-09-02T05:42:14.526183Z,"{'#attributes': {'Qualifiers': 16384}, '#text': 2406}",dc.scaffold.htb,Microsoft-Windows-ActiveDirectory_DomainService,Directory Service,1232,4,,Recycle Bin Feature,,,,,,,,,,,,
2026-09-02T05:42:14.526183Z,"{'#attributes': {'Qualifiers': 16384}, '#text': 2406}",dc.scaffold.htb,Microsoft-Windows-ActiveDirectory_DomainService,Directory Service,1233,4,,Privileged Access Management Feature,,,,,,,,,,,,
2026-09-02T05:42:14.526183Z,"{'#attributes': {'Qualifiers': 16384}, '#text': 2168}",dc.scaffold.htb,Microsoft-Windows-ActiveDirectory_DomainService,Directory Service,1234,4,,17461927220228325829,,,,,,,,,,,,
2026-09-02T05:42:14.526183Z,"{'#attributes': {'Qualifiers': 16384}, '#text': 2172}",dc.scaffold.htb,Microsoft-Windows-ActiveDirectory_DomainService,Directory Service,1235,4,,9305305367874613743,,,,,,,,,,,,
2026-09-02T05:42:14.526183Z,"{'#attributes': {'Qualifiers': 32768}, '#text': 2170}",dc.scaffold.htb,Microsoft-Windows-ActiveDirectory_DomainService,Directory Service,1236,3,,,9305305367874613743,17461927220228325829,,,,,,,,,,
2026-09-02T05:42:14.526183Z,"{'#attributes': {'Qualifiers': 16384}, '#text': 1109}",dc.scaffold.htb,Microsoft-Windows-ActiveDirectory_DomainService,Directory Service,1237,4,,,45d697ef-6074-4218-988f-8d713ca075ac,3a400556-f931-417c-abef-214a5e5325d9,,,225333,,,,,,,
2026-09-02T05:42:14.541778Z,"{'#attributes': {'Qualifiers': 16384}, '#text': 2208}",dc.scaffold.htb,Microsoft-Windows-ActiveDirectory_DomainService,Directory Service,1238,4,,,,,,,,,,,,,,
2026-09-02T05:42:14.541778Z,"{'#attributes': {'Qualifiers': 16384}, '#text': 2179}",dc.scaffold.htb,Microsoft-Windows-ActiveDirectory_DomainService,Directory Service,1239,4,,17461927220228325829,,,,,,,,,,,,
2026-09-02T05:42:14.557389Z,"{'#attributes': {'Qualifiers': 16384}, '#text': 2120}",dc.scaffold.htb,Microsoft-Windows-ActiveDirectory_DomainService,Directory Service,1240,4,,,,,,,,,,,,,,
2026-09-02T05:42:14.557389Z,"{'#attributes': {'Qualifiers': 16384}, '#text': 2405}",dc.scaffold.htb,Microsoft-Windows-ActiveDirectory_DomainService,Directory Service,1241,4,,Recycle Bin Feature,,,,,,,,,,,,
2026-09-02T05:42:14.557389Z,"{'#attributes': {'Qualifiers': 16384}, '#text': 2405}",dc.scaffold.htb,Microsoft-Windows-ActiveDirectory_DomainService,Directory Service,1242,4,,Privileged Access Management Feature,,,,,,,,,,,,
2026-09-02T05:42:24.573036Z,"{'#attributes': {'Qualifiers': 32768}, '#text': 2886}",dc.scaffold.htb,Microsoft-Windows-ActiveDirectory_DomainService,Directory Service,1243,3,,,,,,,,,,,,,,
2026-09-02T05:42:24.573036Z,"{'#attributes': {'Qualifiers': 32768}, '#text': 3041}",dc.scaffold.htb,Microsoft-Windows-ActiveDirectory_DomainService,Directory Service,1244,3,,,,,,,,,,,,,,
2026-09-02T05:42:24.573036Z,"{'#attributes': {'Qualifiers': 16384}, '#text': 1000}",dc.scaffold.htb,Microsoft-Windows-ActiveDirectory_DomainService,Directory Service,1245,4,,,,,,,,,,,,,,
2026-09-02T05:42:54.588637Z,"{'#attributes': {'Qualifiers': 16384}, '#text': 1394}",dc.scaffold.htb,Microsoft-Windows-ActiveDirectory_DomainService,Directory Service,1246,4,,,,,,,,,,,,,,
2026-09-02T05:57:24.807689Z,"{'#attributes': {'Qualifiers': 0}, '#text': 102}",dc.scaffold.htb,NTDS ISAM,Directory Service,1247,4,,,NTDS,"672,P,98",,,NTDSA: ,0,10,00,20348,0000,,
2026-09-02T05:57:24.807689Z,"{'#attributes': {'Qualifiers': 0}, '#text': 105}",dc.scaffold.htb,NTDS ISAM,Directory Service,1248,4,,,NTDS,"672,D,0",,,NTDSA: ,0,0,"
[1] 0.000775 +J(0) +M(C:0K, Fs:82, WS:308K # 0K, PF:3252K # 340K, P:3252K)
[2] 0.000370 +J(0) +M(C:16K, Fs:113, WS:448K # 232K, PF:300K # 300K, P:300K)
[3] 0.000043 +J(0) +M(C:0K, Fs:16, WS:64K # 64K, PF:64K # 64K, P:64K)
[4] 0.004170 -0.000357 (1) WT +J(0) +M(C:0K, Fs:123, WS:416K # 416K, PF:5172K # 5172K, P:5172K)
[5] 0.000388 +J(0) +M(C:0K, Fs:3, WS:12K # 12K, PF:8K # 8K, P:8K)
[6] 0.002166 +J(0) +M(C:0K, Fs:20, WS:80K # 80K, PF:12K # 12K, P:12K)
[7] 0.023049 -0.014943 (21) WT +J(0) +M(C:0K, Fs:2580, WS:10296K # 10296K, PF:10260K # 10260K, P:10260K)
[8] -
[9] -
[10] -
[11] -
[12] -
[13] 0.021250 -0.015000 (22) WT +J(CM:0, PgRf:0, Rd:0/0, Dy:0/0, Lg:616/1) +M(C:0K, Fs:9, WS:-10216K # 24K, PF:-10256K # 12K, P:-10256K)
[14] 0.000020 +J(0)
[15] 0.000263 +J(0) +M(C:0K, Fs:205, WS:820K # 0K, PF:64K # 0K, P:64K)
[16] 0.000365 -0.000176 (1) WT +J(0) +M(C:0K, Fs:3, WS:4K # 0K, PF:0K # 0K, P:0K).",,,,
2026-09-02T05:57:24.807689Z,"{'#attributes': {'Qualifiers': 0}, '#text': 330}",dc.scaffold.htb,NTDS ISAM,Directory Service,1249,4,,,NTDS,"672,D,50",,,NTDSA: ,C:\Windows\NTDS\ntds.dit,0x22D8 (8920),8920 (0x22d8),9360 (0x2490),,,
2026-09-02T05:57:24.807689Z,"{'#attributes': {'Qualifiers': 0}, '#text': 326}",dc.scaffold.htb,NTDS ISAM,Directory Service,1250,4,,,NTDS,"672,D,50",,,NTDSA: ,1,C:\Windows\NTDS\ntds.dit,0,"
[1] 0.000008 +J(0) +M(C:0K, Fs:1, WS:4K # 0K, PF:0K # 0K, P:0K)
[2] 0.000743 -0.000502 (1) WT +J(0) +M(C:0K, Fs:19, WS:12K # 0K, PF:8K # 0K, P:8K)
[3] 0.005284 -0.002741 (6) WT +J(CM:0, PgRf:0, Rd:0/0, Dy:0/0, Lg:3480/2) +M(C:0K, Fs:18, WS:60K # 0K, PF:116K # 0K, P:116K)
[4] 0.000077 +J(0)
[5] -
[6] -
[7] -
[8] 0.001239 -0.000418 (2) CM -0.000323 (2) WT +J(CM:2, PgRf:2, Rd:4/2, Dy:0/0, Lg:0/0) +M(C:16K, Fs:43, WS:164K # 0K, PF:212K # 0K, P:212K)
[9] 0.003156 -0.002567 (9) CM -0.002249 (9) WT +J(CM:9, PgRf:24, Rd:0/9, Dy:0/0, Lg:0/0) +M(C:-8K, Fs:31, WS:104K # 0K, PF:196K # 0K, P:196K)
[10] 0.001008 -0.000732 (4) CM -0.000597 (4) WT +J(CM:4, PgRf:40, Rd:0/4, Dy:0/0, Lg:0/0) +M(C:-4K, Fs:6, WS:12K # 0K, PF:60K # 0K, P:60K)
[11] 0.000043 +J(CM:0, PgRf:1, Rd:0/0, Dy:0/0, Lg:0/0) +M(C:0K, Fs:4, WS:16K # 0K, PF:0K # 0K, P:0K)
[12] 0.000056 +J(CM:0, PgRf:48, Rd:0/0, Dy:0/0, Lg:0/0) +M(C:0K, Fs:2, WS:8K # 0K, PF:0K # 0K, P:0K)
[13] 0.0 +J(0)
[14] 0.0 +J(0)
[15] 0.000005 +J(CM:0, PgRf:1, Rd:0/0, Dy:0/0, Lg:0/0).",0 0,"lgposAttach = 00000003:0310:0268,
dbv = 1568.20.0 (8920)",
2026-09-02T05:57:24.807689Z,"{'#attributes': {'Qualifiers': 0}, '#text': 330}",dc.scaffold.htb,NTDS ISAM,Directory Service,1251,4,,,NTDS,"672,D,2",,,NTDSA: ,C:\Windows\NTDS\temp.edb,0x22D8 (8920),8920 (0x22d8),9360 (0x2490),,,
2026-09-02T05:57:24.807689Z,"{'#attributes': {'Qualifiers': 0}, '#text': 700}",dc.scaffold.htb,NTDS ISAM,Directory Service,1252,4,,,NTDS,"672,D,0",,,NTDSA: ,C:\Windows\NTDS\ntds.dit,,,,,,
2026-09-02T05:57:25.260822Z,"{'#attributes': {'Qualifiers': 0}, '#text': 701}",dc.scaffold.htb,NTDS ISAM,Directory Service,1253,4,,,NTDS,"672,D,0",,,NTDSA: ,C:\Windows\NTDS\ntds.dit,0,9/1/2026,0,1,1,25
2026-09-02T05:57:24.776447Z,"{'#attributes': {'Qualifiers': 16384}, '#text': 3033}",dc.scaffold.htb,Microsoft-Windows-ActiveDirectory_DomainService,Directory Service,1254,4,,,,,,,,,,,,,,
2026-09-02T05:57:24.776447Z,"{'#attributes': {'Qualifiers': 16384}, '#text': 3027}",dc.scaffold.htb,Microsoft-Windows-ActiveDirectory_DomainService,Directory Service,1255,4,,3600,,,,,,,,,,,,
2026-09-02T05:57:24.807689Z,"{'#attributes': {'Qualifiers': 16384}, '#text': 1869}",dc.scaffold.htb,Microsoft-Windows-ActiveDirectory_DomainService,Directory Service,1256,4,,,\\dc.scaffold.htb,Default-First-Site-Name,,,,,,,,,,
2026-09-02T06:00:40.573315Z,"{'#attributes': {'Qualifiers': 16384}, '#text': 2179}",dc.scaffold.htb,Microsoft-Windows-ActiveDirectory_DomainService,Directory Service,1257,4,,17461927220228325829,,,,,,,,,,,,
2026-09-02T06:00:40.729564Z,"{'#attributes': {'Qualifiers': 16384}, '#text': 1004}",dc.scaffold.htb,Microsoft-Windows-ActiveDirectory_DomainService,Directory Service,1258,4,,,,,,,,,,,,,,
2026-09-08T02:17:50.294246Z,"{'#attributes': {'Qualifiers': 32768}, '#text': 3051}",dc.scaffold.htb,Microsoft-Windows-ActiveDirectory_DomainService,Directory Service,1259,3,,,,,,,,,,,,,,
2026-09-08T02:17:50.294246Z,"{'#attributes': {'Qualifiers': 32768}, '#text': 3054}",dc.scaffold.htb,Microsoft-Windows-ActiveDirectory_DomainService,Directory Service,1260,3,,,,,,,,,,,,,,
2026-09-08T02:17:50.497368Z,"{'#attributes': {'Qualifiers': 16384}, '#text': 2121}",dc.scaffold.htb,Microsoft-Windows-ActiveDirectory_DomainService,Directory Service,1261,4,,,,,,,,,,,,,,
2026-09-08T02:17:50.497368Z,"{'#attributes': {'Qualifiers': 16384}, '#text': 2406}",dc.scaffold.htb,Microsoft-Windows-ActiveDirectory_DomainService,Directory Service,1262,4,,Recycle Bin Feature,,,,,,,,,,,,
2026-09-08T02:17:50.497368Z,"{'#attributes': {'Qualifiers': 16384}, '#text': 2406}",dc.scaffold.htb,Microsoft-Windows-ActiveDirectory_DomainService,Directory Service,1263,4,,Privileged Access Management Feature,,,,,,,,,,,,
2026-09-08T02:17:50.497368Z,"{'#attributes': {'Qualifiers': 16384}, '#text': 2168}",dc.scaffold.htb,Microsoft-Windows-ActiveDirectory_DomainService,Directory Service,1264,4,,16342153456212250091,,,,,,,,,,,,
2026-09-08T02:17:50.497368Z,"{'#attributes': {'Qualifiers': 16384}, '#text': 2172}",dc.scaffold.htb,Microsoft-Windows-ActiveDirectory_DomainService,Directory Service,1265,4,,17461927220228325829,,,,,,,,,,,,
2026-09-08T02:17:50.497368Z,"{'#attributes': {'Qualifiers': 32768}, '#text': 2170}",dc.scaffold.htb,Microsoft-Windows-ActiveDirectory_DomainService,Directory Service,1266,3,,,17461927220228325829,16342153456212250091,,,,,,,,,,
2026-09-08T02:17:50.497368Z,"{'#attributes': {'Qualifiers': 16384}, '#text': 1109}",dc.scaffold.htb,Microsoft-Windows-ActiveDirectory_DomainService,Directory Service,1267,4,,,3a400556-f931-417c-abef-214a5e5325d9,cbeba683-dfd6-4693-9cc7-a218b5c6d168,,,229430,,,,,,,
2026-09-08T02:17:50.512995Z,"{'#attributes': {'Qualifiers': 16384}, '#text': 2208}",dc.scaffold.htb,Microsoft-Windows-ActiveDirectory_DomainService,Directory Service,1268,4,,,,,,,,,,,,,,
2026-09-08T02:17:50.512995Z,"{'#attributes': {'Qualifiers': 16384}, '#text': 2179}",dc.scaffold.htb,Microsoft-Windows-ActiveDirectory_DomainService,Directory Service,1269,4,,16342153456212250091,,,,,,,,,,,,
2026-09-08T02:17:50.512995Z,"{'#attributes': {'Qualifiers': 16384}, '#text': 2120}",dc.scaffold.htb,Microsoft-Windows-ActiveDirectory_DomainService,Directory Service,1270,4,,,,,,,,,,,,,,
2026-09-08T02:17:50.512995Z,"{'#attributes': {'Qualifiers': 16384}, '#text': 2405}",dc.scaffold.htb,Microsoft-Windows-ActiveDirectory_DomainService,Directory Service,1271,4,,Recycle Bin Feature,,,,,,,,,,,,
2026-09-08T02:17:50.512995Z,"{'#attributes': {'Qualifiers': 16384}, '#text': 2405}",dc.scaffold.htb,Microsoft-Windows-ActiveDirectory_DomainService,Directory Service,1272,4,,Privileged Access Management Feature,,,,,,,,,,,,
2026-09-08T02:18:00.528662Z,"{'#attributes': {'Qualifiers': 32768}, '#text': 2886}",dc.scaffold.htb,Microsoft-Windows-ActiveDirectory_DomainService,Directory Service,1273,3,,,,,,,,,,,,,,
2026-09-08T02:18:00.528662Z,"{'#attributes': {'Qualifiers': 32768}, '#text': 3041}",dc.scaffold.htb,Microsoft-Windows-ActiveDirectory_DomainService,Directory Service,1274,3,,,,,,,,,,,,,,
2026-09-08T02:18:00.528662Z,"{'#attributes': {'Qualifiers': 16384}, '#text': 1000}",dc.scaffold.htb,Microsoft-Windows-ActiveDirectory_DomainService,Directory Service,1275,4,,,,,,,,,,,,,,
2026-09-08T02:18:30.528618Z,"{'#attributes': {'Qualifiers': 16384}, '#text': 1394}",dc.scaffold.htb,Microsoft-Windows-ActiveDirectory_DomainService,Directory Service,1276,4,,,,,,,,,,,,,,
2026-09-08T02:33:00.607007Z,"{'#attributes': {'Qualifiers': 0}, '#text': 102}",dc.scaffold.htb,NTDS ISAM,Directory Service,1277,4,,,NTDS,"680,P,98",,,NTDSA: ,0,10,00,20348,0000,,
2026-09-08T02:33:00.607007Z,"{'#attributes': {'Qualifiers': 0}, '#text': 105}",dc.scaffold.htb,NTDS ISAM,Directory Service,1278,4,,,NTDS,"680,D,0",,,NTDSA: ,0,0,"
[1] 0.001031 +J(0) +M(C:0K, Fs:79, WS:300K # 0K, PF:2380K # 0K, P:2380K)
[2] 0.000351 +J(0) +M(C:16K, Fs:125, WS:496K # 272K, PF:1156K # 628K, P:1156K)
[3] 0.000037 +J(0) +M(C:0K, Fs:5, WS:20K # 20K, PF:64K # 64K, P:64K)
[4] 0.004160 -0.000371 (1) WT +J(0) +M(C:0K, Fs:121, WS:408K # 408K, PF:5168K # 5168K, P:5168K)
[5] 0.000381 +J(0) +M(C:0K, Fs:3, WS:12K # 12K, PF:8K # 8K, P:8K)
[6] 0.002356 +J(0) +M(C:0K, Fs:20, WS:80K # 80K, PF:12K # 12K, P:12K)
[7] 0.022932 -0.014596 (21) WT +J(0) +M(C:0K, Fs:2580, WS:10296K # 10296K, PF:10260K # 10260K, P:10260K)
[8] -
[9] -
[10] -
[11] -
[12] -
[13] 0.021369 -0.015179 (22) WT +J(CM:0, PgRf:0, Rd:0/0, Dy:0/0, Lg:616/1) +M(C:0K, Fs:9, WS:-10216K # 24K, PF:-10256K # 12K, P:-10256K)
[14] 0.000019 +J(0)
[15] 0.000251 +J(0) +M(C:0K, Fs:205, WS:820K # 0K, PF:64K # 0K, P:64K)
[16] 0.000610 -0.000411 (1) WT +J(0) +M(C:0K, Fs:4, WS:4K # 0K, PF:0K # 0K, P:0K).",,,,
2026-09-08T02:33:00.607007Z,"{'#attributes': {'Qualifiers': 0}, '#text': 330}",dc.scaffold.htb,NTDS ISAM,Directory Service,1279,4,,,NTDS,"680,D,50",,,NTDSA: ,C:\Windows\NTDS\ntds.dit,0x22D8 (8920),8920 (0x22d8),9360 (0x2490),,,
2026-09-08T02:33:00.607007Z,"{'#attributes': {'Qualifiers': 0}, '#text': 326}",dc.scaffold.htb,NTDS ISAM,Directory Service,1280,4,,,NTDS,"680,D,50",,,NTDSA: ,1,C:\Windows\NTDS\ntds.dit,0,"
[1] 0.000009 +J(0) +M(C:0K, Fs:1, WS:4K # 0K, PF:0K # 0K, P:0K)
[2] 0.000587 -0.000396 (1) WT +J(0) +M(C:0K, Fs:20, WS:12K # 0K, PF:12K # 0K, P:12K)
[3] 0.005420 -0.002343 (6) WT +J(CM:0, PgRf:0, Rd:0/0, Dy:0/0, Lg:3480/2) +M(C:0K, Fs:17, WS:56K # 0K, PF:112K # 0K, P:112K)
[4] 0.000079 +J(0)
[5] -
[6] -
[7] -
[8] 0.001062 -0.000386 (2) CM -0.000315 (2) WT +J(CM:2, PgRf:2, Rd:4/2, Dy:0/0, Lg:0/0) +M(C:16K, Fs:43, WS:164K # 0K, PF:212K # 0K, P:212K)
[9] 0.002710 -0.002111 (9) CM -0.001835 (9) WT +J(CM:9, PgRf:24, Rd:0/9, Dy:0/0, Lg:0/0) +M(C:-8K, Fs:31, WS:104K # 0K, PF:196K # 0K, P:196K)
[10] 0.000896 -0.000656 (4) CM -0.000535 (4) WT +J(CM:4, PgRf:40, Rd:0/4, Dy:0/0, Lg:0/0) +M(C:-4K, Fs:6, WS:12K # 0K, PF:60K # 0K, P:60K)
[11] 0.000038 +J(CM:0, PgRf:1, Rd:0/0, Dy:0/0, Lg:0/0) +M(C:0K, Fs:4, WS:16K # 0K, PF:0K # 0K, P:0K)
[12] 0.000055 +J(CM:0, PgRf:48, Rd:0/0, Dy:0/0, Lg:0/0) +M(C:0K, Fs:2, WS:8K # 0K, PF:0K # 0K, P:0K)
[13] 0.0 +J(0)
[14] 0.0 +J(0)
[15] 0.000004 +J(CM:0, PgRf:1, Rd:0/0, Dy:0/0, Lg:0/0).",0 0,"lgposAttach = 00000003:0338:0268,
dbv = 1568.20.0 (8920)",
2026-09-08T02:33:00.607007Z,"{'#attributes': {'Qualifiers': 0}, '#text': 330}",dc.scaffold.htb,NTDS ISAM,Directory Service,1281,4,,,NTDS,"680,D,2",,,NTDSA: ,C:\Windows\NTDS\temp.edb,0x22D8 (8920),8920 (0x22d8),9360 (0x2490),,,
2026-09-08T02:33:00.607007Z,"{'#attributes': {'Qualifiers': 0}, '#text': 700}",dc.scaffold.htb,NTDS ISAM,Directory Service,1282,4,,,NTDS,"680,D,0",,,NTDSA: ,C:\Windows\NTDS\ntds.dit,,,,,,
2026-09-08T02:33:00.841385Z,"{'#attributes': {'Qualifiers': 0}, '#text': 701}",dc.scaffold.htb,NTDS ISAM,Directory Service,1283,4,,,NTDS,"680,D,0",,,NTDSA: ,C:\Windows\NTDS\ntds.dit,2,9/7/2026,0,1,1,26
2026-09-08T02:33:00.607007Z,"{'#attributes': {'Qualifiers': 16384}, '#text': 3033}",dc.scaffold.htb,Microsoft-Windows-ActiveDirectory_DomainService,Directory Service,1284,4,,,,,,,,,,,,,,
2026-09-08T02:33:00.607007Z,"{'#attributes': {'Qualifiers': 16384}, '#text': 3027}",dc.scaffold.htb,Microsoft-Windows-ActiveDirectory_DomainService,Directory Service,1285,4,,3600,,,,,,,,,,,,
2026-09-08T02:33:00.607007Z,"{'#attributes': {'Qualifiers': 16384}, '#text': 1869}",dc.scaffold.htb,Microsoft-Windows-ActiveDirectory_DomainService,Directory Service,1286,4,,,\\dc.scaffold.htb,Default-First-Site-Name,,,,,,,,,,
2026-09-08T03:00:48.935130Z,"{'#attributes': {'Qualifiers': 16384}, '#text': 2179}",dc.scaffold.htb,Microsoft-Windows-ActiveDirectory_DomainService,Directory Service,1287,4,,16342153456212250091,,,,,,,,,,,,
2026-09-08T03:00:49.310128Z,"{'#attributes': {'Qualifiers': 16384}, '#text': 1004}",dc.scaffold.htb,Microsoft-Windows-ActiveDirectory_DomainService,Directory Service,1288,4,,,,,,,,,,,,,,
2026-09-08T04:34:28.590954Z,"{'#attributes': {'Qualifiers': 32768}, '#text': 3051}",dc.scaffold.htb,Microsoft-Windows-ActiveDirectory_DomainService,Directory Service,1289,3,,,,,,,,,,,,,,
2026-09-08T04:34:28.590954Z,"{'#attributes': {'Qualifiers': 32768}, '#text': 3054}",dc.scaffold.htb,Microsoft-Windows-ActiveDirectory_DomainService,Directory Service,1290,3,,,,,,,,,,,,,,
2026-09-08T04:34:28.794054Z,"{'#attributes': {'Qualifiers': 16384}, '#text': 2121}",dc.scaffold.htb,Microsoft-Windows-ActiveDirectory_DomainService,Directory Service,1291,4,,,,,,,,,,,,,,
2026-09-08T04:34:28.794054Z,"{'#attributes': {'Qualifiers': 16384}, '#text': 2406}",dc.scaffold.htb,Microsoft-Windows-ActiveDirectory_DomainService,Directory Service,1292,4,,Recycle Bin Feature,,,,,,,,,,,,
2026-09-08T04:34:28.794054Z,"{'#attributes': {'Qualifiers': 16384}, '#text': 2406}",dc.scaffold.htb,Microsoft-Windows-ActiveDirectory_DomainService,Directory Service,1293,4,,Privileged Access Management Feature,,,,,,,,,,,,
2026-09-08T04:34:28.794054Z,"{'#attributes': {'Qualifiers': 16384}, '#text': 2168}",dc.scaffold.htb,Microsoft-Windows-ActiveDirectory_DomainService,Directory Service,1294,4,,17012706603650086736,,,,,,,,,,,,
2026-09-08T04:34:28.794054Z,"{'#attributes': {'Qualifiers': 16384}, '#text': 2172}",dc.scaffold.htb,Microsoft-Windows-ActiveDirectory_DomainService,Directory Service,1295,4,,16342153456212250091,,,,,,,,,,,,
2026-09-08T04:34:28.794054Z,"{'#attributes': {'Qualifiers': 32768}, '#text': 2170}",dc.scaffold.htb,Microsoft-Windows-ActiveDirectory_DomainService,Directory Service,1296,3,,,16342153456212250091,17012706603650086736,,,,,,,,,,
2026-09-08T04:34:28.794054Z,"{'#attributes': {'Qualifiers': 16384}, '#text': 1109}",dc.scaffold.htb,Microsoft-Windows-ActiveDirectory_DomainService,Directory Service,1297,4,,,cbeba683-dfd6-4693-9cc7-a218b5c6d168,7fddf423-4e9b-413b-a2fd-434f1111a42c,,,233527,,,,,,,
2026-09-08T04:34:28.809681Z,"{'#attributes': {'Qualifiers': 16384}, '#text': 2208}",dc.scaffold.htb,Microsoft-Windows-ActiveDirectory_DomainService,Directory Service,1298,4,,,,,,,,,,,,,,
2026-09-08T04:34:28.809681Z,"{'#attributes': {'Qualifiers': 16384}, '#text': 2179}",dc.scaffold.htb,Microsoft-Windows-ActiveDirectory_DomainService,Directory Service,1299,4,,17012706603650086736,,,,,,,,,,,,
2026-09-08T04:34:28.825309Z,"{'#attributes': {'Qualifiers': 16384}, '#text': 2120}",dc.scaffold.htb,Microsoft-Windows-ActiveDirectory_DomainService,Directory Service,1300,4,,,,,,,,,,,,,,
2026-09-08T04:34:28.825309Z,"{'#attributes': {'Qualifiers': 16384}, '#text': 2405}",dc.scaffold.htb,Microsoft-Windows-ActiveDirectory_DomainService,Directory Service,1301,4,,Recycle Bin Feature,,,,,,,,,,,,
2026-09-08T04:34:28.825309Z,"{'#attributes': {'Qualifiers': 16384}, '#text': 2405}",dc.scaffold.htb,Microsoft-Windows-ActiveDirectory_DomainService,Directory Service,1302,4,,Privileged Access Management Feature,,,,,,,,,,,,
2026-09-08T04:34:38.840990Z,"{'#attributes': {'Qualifiers': 32768}, '#text': 2886}",dc.scaffold.htb,Microsoft-Windows-ActiveDirectory_DomainService,Directory Service,1303,3,,,,,,,,,,,,,,
2026-09-08T04:34:38.840990Z,"{'#attributes': {'Qualifiers': 32768}, '#text': 3041}",dc.scaffold.htb,Microsoft-Windows-ActiveDirectory_DomainService,Directory Service,1304,3,,,,,,,,,,,,,,
2026-09-08T04:34:38.840990Z,"{'#attributes': {'Qualifiers': 16384}, '#text': 1000}",dc.scaffold.htb,Microsoft-Windows-ActiveDirectory_DomainService,Directory Service,1305,4,,,,,,,,,,,,,,
2026-09-08T04:35:08.966048Z,"{'#attributes': {'Qualifiers': 16384}, '#text': 1394}",dc.scaffold.htb,Microsoft-Windows-ActiveDirectory_DomainService,Directory Service,1306,4,,,,,,,,,,,,,,
2026-09-08T04:38:14.840932Z,"{'#attributes': {'Qualifiers': 16384}, '#text': 2179}",dc.scaffold.htb,Microsoft-Windows-ActiveDirectory_DomainService,Directory Service,1307,4,,17012706603650086736,,,,,,,,,,,,
2026-09-08T04:38:15.325307Z,"{'#attributes': {'Qualifiers': 16384}, '#text': 1004}",dc.scaffold.htb,Microsoft-Windows-ActiveDirectory_DomainService,Directory Service,1308,4,,,,,,,,,,,,,,
2026-09-20T11:18:58.797765Z,"{'#attributes': {'Qualifiers': 32768}, '#text': 3051}",dc.scaffold.htb,Microsoft-Windows-ActiveDirectory_DomainService,Directory Service,1309,3,,,,,,,,,,,,,,
2026-09-20T11:18:58.797765Z,"{'#attributes': {'Qualifiers': 32768}, '#text': 3054}",dc.scaffold.htb,Microsoft-Windows-ActiveDirectory_DomainService,Directory Service,1310,3,,,,,,,,,,,,,,
2026-09-20T11:18:58.969637Z,"{'#attributes': {'Qualifiers': 16384}, '#text': 2121}",dc.scaffold.htb,Microsoft-Windows-ActiveDirectory_DomainService,Directory Service,1311,4,,,,,,,,,,,,,,
2026-09-20T11:18:58.969637Z,"{'#attributes': {'Qualifiers': 16384}, '#text': 2406}",dc.scaffold.htb,Microsoft-Windows-ActiveDirectory_DomainService,Directory Service,1312,4,,Recycle Bin Feature,,,,,,,,,,,,
2026-09-20T11:18:58.969637Z,"{'#attributes': {'Qualifiers': 16384}, '#text': 2406}",dc.scaffold.htb,Microsoft-Windows-ActiveDirectory_DomainService,Directory Service,1313,4,,Privileged Access Management Feature,,,,,,,,,,,,
2026-09-20T11:18:58.969637Z,"{'#attributes': {'Qualifiers': 16384}, '#text': 2168}",dc.scaffold.htb,Microsoft-Windows-ActiveDirectory_DomainService,Directory Service,1314,4,,12208309084313324016,,,,,,,,,,,,
2026-09-20T11:18:58.969637Z,"{'#attributes': {'Qualifiers': 16384}, '#text': 2172}",dc.scaffold.htb,Microsoft-Windows-ActiveDirectory_DomainService,Directory Service,1315,4,,17012706603650086736,,,,,,,,,,,,
2026-09-20T11:18:58.969637Z,"{'#attributes': {'Qualifiers': 32768}, '#text': 2170}",dc.scaffold.htb,Microsoft-Windows-ActiveDirectory_DomainService,Directory Service,1316,3,,,17012706603650086736,12208309084313324016,,,,,,,,,,
2026-09-20T11:18:58.969637Z,"{'#attributes': {'Qualifiers': 16384}, '#text': 1109}",dc.scaffold.htb,Microsoft-Windows-ActiveDirectory_DomainService,Directory Service,1317,4,,,7fddf423-4e9b-413b-a2fd-434f1111a42c,2fdbe714-b22d-4ca2-8263-bdf7b53e5e22,,,237624,,,,,,,
2026-09-20T11:18:58.985261Z,"{'#attributes': {'Qualifiers': 16384}, '#text': 2208}",dc.scaffold.htb,Microsoft-Windows-ActiveDirectory_DomainService,Directory Service,1318,4,,,,,,,,,,,,,,
2026-09-20T11:18:58.985261Z,"{'#attributes': {'Qualifiers': 16384}, '#text': 2179}",dc.scaffold.htb,Microsoft-Windows-ActiveDirectory_DomainService,Directory Service,1319,4,,12208309084313324016,,,,,,,,,,,,
2026-09-20T11:18:58.985261Z,"{'#attributes': {'Qualifiers': 16384}, '#text': 2120}",dc.scaffold.htb,Microsoft-Windows-ActiveDirectory_DomainService,Directory Service,1320,4,,,,,,,,,,,,,,
2026-09-20T11:18:58.985261Z,"{'#attributes': {'Qualifiers': 16384}, '#text': 2405}",dc.scaffold.htb,Microsoft-Windows-ActiveDirectory_DomainService,Directory Service,1321,4,,Recycle Bin Feature,,,,,,,,,,,,
2026-09-20T11:18:58.985261Z,"{'#attributes': {'Qualifiers': 16384}, '#text': 2405}",dc.scaffold.htb,Microsoft-Windows-ActiveDirectory_DomainService,Directory Service,1322,4,,Privileged Access Management Feature,,,,,,,,,,,,
2026-09-20T11:19:09.000895Z,"{'#attributes': {'Qualifiers': 32768}, '#text': 2886}",dc.scaffold.htb,Microsoft-Windows-ActiveDirectory_DomainService,Directory Service,1323,3,,,,,,,,,,,,,,
2026-09-20T11:19:09.000895Z,"{'#attributes': {'Qualifiers': 32768}, '#text': 3041}",dc.scaffold.htb,Microsoft-Windows-ActiveDirectory_DomainService,Directory Service,1324,3,,,,,,,,,,,,,,
2026-09-20T11:19:09.000895Z,"{'#attributes': {'Qualifiers': 16384}, '#text': 1000}",dc.scaffold.htb,Microsoft-Windows-ActiveDirectory_DomainService,Directory Service,1325,4,,,,,,,,,,,,,,
2026-09-20T11:19:39.000887Z,"{'#attributes': {'Qualifiers': 16384}, '#text': 1394}",dc.scaffold.htb,Microsoft-Windows-ActiveDirectory_DomainService,Directory Service,1326,4,,,,,,,,,,,,,,
2026-09-20T11:34:09.048102Z,"{'#attributes': {'Qualifiers': 0}, '#text': 102}",dc.scaffold.htb,NTDS ISAM,Directory Service,1327,4,,,NTDS,"692,P,98",,,NTDSA: ,0,10,00,20348,0000,,
2026-09-20T11:34:09.048102Z,"{'#attributes': {'Qualifiers': 0}, '#text': 105}",dc.scaffold.htb,NTDS ISAM,Directory Service,1328,4,,,NTDS,"692,D,0",,,NTDSA: ,0,0,"
[1] 0.000502 +J(0) +M(C:0K, Fs:83, WS:312K # 0K, PF:2424K # 0K, P:2424K)
[2] 0.000318 +J(0) +M(C:16K, Fs:130, WS:508K # 288K, PF:1180K # 656K, P:1180K)
[3] 0.000064 +J(0) +M(C:0K, Fs:5, WS:20K # 20K, PF:64K # 64K, P:64K)
[4] 0.002937 -0.000307 (1) WT +J(0) +M(C:0K, Fs:124, WS:416K # 416K, PF:5184K # 5184K, P:5184K)
[5] 0.000312 +J(0) +M(C:0K, Fs:3, WS:12K # 12K, PF:4K # 4K, P:4K)
[6] 0.001953 +J(0) +M(C:0K, Fs:20, WS:80K # 80K, PF:12K # 12K, P:12K)
[7] 0.013480 -0.007888 (21) WT +J(0) +M(C:0K, Fs:2579, WS:10296K # 10296K, PF:10260K # 10260K, P:10260K)
[8] -
[9] -
[10] -
[11] -
[12] -
[13] 0.011756 -0.005821 (22) WT +J(CM:0, PgRf:0, Rd:0/0, Dy:0/0, Lg:616/1) +M(C:0K, Fs:9, WS:-10216K # 24K, PF:-10252K # 12K, P:-10252K)
[14] 0.000019 +J(0)
[15] 0.000177 +J(0) +M(C:0K, Fs:206, WS:820K # 0K, PF:68K # 0K, P:68K)
[16] 0.000271 -0.000132 (1) WT +J(0) +M(C:0K, Fs:4, WS:8K # 0K, PF:4K # 0K, P:4K).",,,,
2026-09-20T11:34:09.048102Z,"{'#attributes': {'Qualifiers': 0}, '#text': 330}",dc.scaffold.htb,NTDS ISAM,Directory Service,1329,4,,,NTDS,"692,D,50",,,NTDSA: ,C:\Windows\NTDS\ntds.dit,0x22D8 (8920),8920 (0x22d8),9360 (0x2490),,,
2026-09-20T11:34:09.048102Z,"{'#attributes': {'Qualifiers': 0}, '#text': 326}",dc.scaffold.htb,NTDS ISAM,Directory Service,1330,4,,,NTDS,"692,D,50",,,NTDSA: ,1,C:\Windows\NTDS\ntds.dit,0,"
[1] 0.000006 +J(0) +M(C:0K, Fs:1, WS:4K # 0K, PF:0K # 0K, P:0K)
[2] 0.000387 -0.000265 (1) WT +J(0) +M(C:0K, Fs:19, WS:12K # 0K, PF:8K # 0K, P:8K)
[3] 0.002852 -0.001447 (6) WT +J(CM:0, PgRf:0, Rd:0/0, Dy:0/0, Lg:3480/2) +M(C:0K, Fs:17, WS:60K # 0K, PF:128K # 0K, P:128K)
[4] 0.000050 +J(0)
[5] -
[6] -
[7] -
[8] 0.000757 -0.000322 (2) CM -0.000269 (2) WT +J(CM:2, PgRf:2, Rd:4/2, Dy:0/0, Lg:0/0) +M(C:16K, Fs:43, WS:164K # 0K, PF:212K # 0K, P:212K)
[9] 0.018308 -0.017896 (9) CM -0.001277 (9) WT +J(CM:9, PgRf:24, Rd:0/9, Dy:0/0, Lg:0/0) +M(C:-8K, Fs:31, WS:104K # 0K, PF:196K # 0K, P:196K)
[10] 0.001072 -0.000760 (4) CM -0.000576 (4) WT +J(CM:4, PgRf:40, Rd:0/4, Dy:0/0, Lg:0/0) +M(C:-4K, Fs:6, WS:12K # 0K, PF:60K # 0K, P:60K)
[11] 0.000034 +J(CM:0, PgRf:1, Rd:0/0, Dy:0/0, Lg:0/0) +M(C:0K, Fs:4, WS:16K # 0K, PF:0K # 0K, P:0K)
[12] 0.000045 +J(CM:0, PgRf:48, Rd:0/0, Dy:0/0, Lg:0/0) +M(C:0K, Fs:2, WS:8K # 0K, PF:0K # 0K, P:0K)
[13] 0.0 +J(0)
[14] 0.0 +J(0)
[15] 0.000003 +J(CM:0, PgRf:1, Rd:0/0, Dy:0/0, Lg:0/0).",0 0,"lgposAttach = 00000003:037C:0268,
dbv = 1568.20.0 (8920)",
2026-09-20T11:34:09.048102Z,"{'#attributes': {'Qualifiers': 0}, '#text': 330}",dc.scaffold.htb,NTDS ISAM,Directory Service,1331,4,,,NTDS,"692,D,2",,,NTDSA: ,C:\Windows\NTDS\temp.edb,0x22D8 (8920),8920 (0x22d8),9360 (0x2490),,,
2026-09-20T11:34:09.048102Z,"{'#attributes': {'Qualifiers': 0}, '#text': 700}",dc.scaffold.htb,NTDS ISAM,Directory Service,1332,4,,,NTDS,"692,D,0",,,NTDSA: ,C:\Windows\NTDS\ntds.dit,,,,,,
2026-09-20T11:34:09.188728Z,"{'#attributes': {'Qualifiers': 0}, '#text': 701}",dc.scaffold.htb,NTDS ISAM,Directory Service,1333,4,,,NTDS,"692,D,0",,,NTDSA: ,C:\Windows\NTDS\ntds.dit,2,9/20/2026,0,1,1,27
2026-09-20T11:34:09.048102Z,"{'#attributes': {'Qualifiers': 16384}, '#text': 3033}",dc.scaffold.htb,Microsoft-Windows-ActiveDirectory_DomainService,Directory Service,1334,4,,,,,,,,,,,,,,
2026-09-20T11:34:09.048102Z,"{'#attributes': {'Qualifiers': 16384}, '#text': 3027}",dc.scaffold.htb,Microsoft-Windows-ActiveDirectory_DomainService,Directory Service,1335,4,,3600,,,,,,,,,,,,
2026-09-20T11:34:09.048102Z,"{'#attributes': {'Qualifiers': 16384}, '#text': 1869}",dc.scaffold.htb,Microsoft-Windows-ActiveDirectory_DomainService,Directory Service,1336,4,,,\\dc.scaffold.htb,Default-First-Site-Name,,,,,,,,,,
2026-09-20T12:19:09.001253Z,"{'#attributes': {'Qualifiers': 32768}, '#text': 2089}",dc.scaffold.htb,Microsoft-Windows-ActiveDirectory_DomainService,Directory Service,1337,3,,,"DC=scaffold,DC=htb",90,,,System\CurrentControlSet\Services\NTDS\Parameters,Backup Latency Threshold (days),,,,,,
2026-09-20T12:19:09.001253Z,"{'#attributes': {'Qualifiers': 32768}, '#text': 2089}",dc.scaffold.htb,Microsoft-Windows-ActiveDirectory_DomainService,Directory Service,1338,3,,,"CN=Configuration,DC=scaffold,DC=htb",90,,,System\CurrentControlSet\Services\NTDS\Parameters,Backup Latency Threshold (days),,,,,,
2026-09-20T12:19:09.001253Z,"{'#attributes': {'Qualifiers': 32768}, '#text': 2089}",dc.scaffold.htb,Microsoft-Windows-ActiveDirectory_DomainService,Directory Service,1339,3,,,"CN=Schema,CN=Configuration,DC=scaffold,DC=htb",90,,,System\CurrentControlSet\Services\NTDS\Parameters,Backup Latency Threshold (days),,,,,,
2026-09-20T12:19:09.001253Z,"{'#attributes': {'Qualifiers': 32768}, '#text': 2089}",dc.scaffold.htb,Microsoft-Windows-ActiveDirectory_DomainService,Directory Service,1340,3,,,"DC=DomainDnsZones,DC=scaffold,DC=htb",90,,,System\CurrentControlSet\Services\NTDS\Parameters,Backup Latency Threshold (days),,,,,,
2026-09-20T12:19:09.001253Z,"{'#attributes': {'Qualifiers': 32768}, '#text': 2089}",dc.scaffold.htb,Microsoft-Windows-ActiveDirectory_DomainService,Directory Service,1341,3,,,"DC=ForestDnsZones,DC=scaffold,DC=htb",90,,,System\CurrentControlSet\Services\NTDS\Parameters,Backup Latency Threshold (days),,,,,,
