TimeGenerated,EventID,Computer,Provider,Channel,RecordID,Level,CONSUMER,ClientMachine,ClientProcessId,Code,Component,ESS,HostProcess,Id,Namespace,NamespaceName,Operation,PossibleCause,ProcessID,Processid,ProviderName,ProviderPath,Query,ResultCode,User,attributes_xmlns,queryid
2026-05-23T12:01:53.743862Z,5858,dc.scaffold.htb,Microsoft-Windows-WMI-Activity,Microsoft-Windows-WMI-Activity/Operational,2067,2,,DC,1552,,Unknown,,,{4E28A970-4CD6-4AA0-865B-7D9182C5B962},,,"Start IWbemServices::DeleteInstance - Root\Rsop\Computer : RSOP_ExtensionStatus.extensionGuid=""{7150F9BF-48AD-4da4-A49C-29EF4A8369BA}""",Unknown,,,,,,0x80041002,NT AUTHORITY\SYSTEM,http://manifests.microsoft.com/win/2006/windows/WMI,
2026-05-23T12:01:53.744133Z,5858,dc.scaffold.htb,Microsoft-Windows-WMI-Activity,Microsoft-Windows-WMI-Activity/Operational,2068,2,,DC,1552,,Unknown,,,{4E28A970-4CD6-4AA0-865B-7D9182C5B962},,,"Start IWbemServices::DeleteInstance - Root\Rsop\Computer : RSOP_ExtensionStatus.extensionGuid=""{728EE579-943C-4519-9EF7-AB56765798ED}""",Unknown,,,,,,0x80041002,NT AUTHORITY\SYSTEM,http://manifests.microsoft.com/win/2006/windows/WMI,
2026-05-23T12:01:53.744374Z,5858,dc.scaffold.htb,Microsoft-Windows-WMI-Activity,Microsoft-Windows-WMI-Activity/Operational,2069,2,,DC,1552,,Unknown,,,{4E28A970-4CD6-4AA0-865B-7D9182C5B962},,,"Start IWbemServices::DeleteInstance - Root\Rsop\Computer : RSOP_ExtensionStatus.extensionGuid=""{74EE6C03-5363-4554-B161-627540339CAB}""",Unknown,,,,,,0x80041002,NT AUTHORITY\SYSTEM,http://manifests.microsoft.com/win/2006/windows/WMI,
2026-05-23T12:01:53.744611Z,5858,dc.scaffold.htb,Microsoft-Windows-WMI-Activity,Microsoft-Windows-WMI-Activity/Operational,2070,2,,DC,1552,,Unknown,,,{4E28A970-4CD6-4AA0-865B-7D9182C5B962},,,"Start IWbemServices::DeleteInstance - Root\Rsop\Computer : RSOP_ExtensionStatus.extensionGuid=""{7909AD9E-09EE-4247-BAB9-7029D5F0A278}""",Unknown,,,,,,0x80041002,NT AUTHORITY\SYSTEM,http://manifests.microsoft.com/win/2006/windows/WMI,
2026-05-23T12:01:53.744854Z,5858,dc.scaffold.htb,Microsoft-Windows-WMI-Activity,Microsoft-Windows-WMI-Activity/Operational,2071,2,,DC,1552,,Unknown,,,{4E28A970-4CD6-4AA0-865B-7D9182C5B962},,,"Start IWbemServices::DeleteInstance - Root\Rsop\Computer : RSOP_ExtensionStatus.extensionGuid=""{7933F41E-56F8-41d6-A31C-4148A711EE93}""",Unknown,,,,,,0x80041002,NT AUTHORITY\SYSTEM,http://manifests.microsoft.com/win/2006/windows/WMI,
2026-05-23T12:01:53.745136Z,5858,dc.scaffold.htb,Microsoft-Windows-WMI-Activity,Microsoft-Windows-WMI-Activity/Operational,2072,2,,DC,1552,,Unknown,,,{4E28A970-4CD6-4AA0-865B-7D9182C5B962},,,"Start IWbemServices::DeleteInstance - Root\Rsop\Computer : RSOP_ExtensionStatus.extensionGuid=""{7B849a69-220F-451E-B3FE-2CB811AF94AE}""",Unknown,,,,,,0x80041002,NT AUTHORITY\SYSTEM,http://manifests.microsoft.com/win/2006/windows/WMI,
2026-05-23T12:01:54.067995Z,5858,dc.scaffold.htb,Microsoft-Windows-WMI-Activity,Microsoft-Windows-WMI-Activity/Operational,2073,2,,DC,1552,,Unknown,,,{4E28A970-4CD6-4AA0-865B-7D9182C5B962},,,"Start IWbemServices::DeleteInstance - Root\Rsop\Computer : RSOP_ExtensionStatus.extensionGuid=""{8A28E2C5-8D06-49A4-A08C-632DAA493E17}""",Unknown,,,,,,0x80041002,NT AUTHORITY\SYSTEM,http://manifests.microsoft.com/win/2006/windows/WMI,
2026-05-23T12:01:54.068301Z,5858,dc.scaffold.htb,Microsoft-Windows-WMI-Activity,Microsoft-Windows-WMI-Activity/Operational,2074,2,,DC,1552,,Unknown,,,{4E28A970-4CD6-4AA0-865B-7D9182C5B962},,,"Start IWbemServices::DeleteInstance - Root\Rsop\Computer : RSOP_ExtensionStatus.extensionGuid=""{91FBB303-0CD5-4055-BF42-E512A681B325}""",Unknown,,,,,,0x80041002,NT AUTHORITY\SYSTEM,http://manifests.microsoft.com/win/2006/windows/WMI,
2026-05-23T12:01:54.068603Z,5858,dc.scaffold.htb,Microsoft-Windows-WMI-Activity,Microsoft-Windows-WMI-Activity/Operational,2075,2,,DC,1552,,Unknown,,,{4E28A970-4CD6-4AA0-865B-7D9182C5B962},,,"Start IWbemServices::DeleteInstance - Root\Rsop\Computer : RSOP_ExtensionStatus.extensionGuid=""{A3F3E39B-5D83-4940-B954-28315B82F0A8}""",Unknown,,,,,,0x80041002,NT AUTHORITY\SYSTEM,http://manifests.microsoft.com/win/2006/windows/WMI,
2026-05-23T12:01:54.068843Z,5858,dc.scaffold.htb,Microsoft-Windows-WMI-Activity,Microsoft-Windows-WMI-Activity/Operational,2076,2,,DC,1552,,Unknown,,,{4E28A970-4CD6-4AA0-865B-7D9182C5B962},,,"Start IWbemServices::DeleteInstance - Root\Rsop\Computer : RSOP_ExtensionStatus.extensionGuid=""{AADCED64-746C-4633-A97C-D61349046527}""",Unknown,,,,,,0x80041002,NT AUTHORITY\SYSTEM,http://manifests.microsoft.com/win/2006/windows/WMI,
2026-05-23T12:01:54.069169Z,5858,dc.scaffold.htb,Microsoft-Windows-WMI-Activity,Microsoft-Windows-WMI-Activity/Operational,2077,2,,DC,1552,,Unknown,,,{4E28A970-4CD6-4AA0-865B-7D9182C5B962},,,"Start IWbemServices::DeleteInstance - Root\Rsop\Computer : RSOP_ExtensionStatus.extensionGuid=""{B087BE9D-ED37-454f-AF9C-04291E351182}""",Unknown,,,,,,0x80041002,NT AUTHORITY\SYSTEM,http://manifests.microsoft.com/win/2006/windows/WMI,
2026-05-23T12:01:54.069471Z,5858,dc.scaffold.htb,Microsoft-Windows-WMI-Activity,Microsoft-Windows-WMI-Activity/Operational,2078,2,,DC,1552,,Unknown,,,{4E28A970-4CD6-4AA0-865B-7D9182C5B962},,,"Start IWbemServices::DeleteInstance - Root\Rsop\Computer : RSOP_ExtensionStatus.extensionGuid=""{B587E2B1-4D59-4e7e-AED9-22B9DF11D053}""",Unknown,,,,,,0x80041002,NT AUTHORITY\SYSTEM,http://manifests.microsoft.com/win/2006/windows/WMI,
2026-05-23T12:01:54.069777Z,5858,dc.scaffold.htb,Microsoft-Windows-WMI-Activity,Microsoft-Windows-WMI-Activity/Operational,2079,2,,DC,1552,,Unknown,,,{4E28A970-4CD6-4AA0-865B-7D9182C5B962},,,"Start IWbemServices::DeleteInstance - Root\Rsop\Computer : RSOP_ExtensionStatus.extensionGuid=""{BA649533-0AAC-4E04-B9BC-4DBAE0325B12}""",Unknown,,,,,,0x80041002,NT AUTHORITY\SYSTEM,http://manifests.microsoft.com/win/2006/windows/WMI,
2026-05-23T12:01:54.070039Z,5858,dc.scaffold.htb,Microsoft-Windows-WMI-Activity,Microsoft-Windows-WMI-Activity/Operational,2080,2,,DC,1552,,Unknown,,,{4E28A970-4CD6-4AA0-865B-7D9182C5B962},,,"Start IWbemServices::DeleteInstance - Root\Rsop\Computer : RSOP_ExtensionStatus.extensionGuid=""{BC75B1ED-5833-4858-9BB8-CBF0B166DF9D}""",Unknown,,,,,,0x80041002,NT AUTHORITY\SYSTEM,http://manifests.microsoft.com/win/2006/windows/WMI,
2026-05-23T12:01:54.070303Z,5858,dc.scaffold.htb,Microsoft-Windows-WMI-Activity,Microsoft-Windows-WMI-Activity/Operational,2081,2,,DC,1552,,Unknown,,,{4E28A970-4CD6-4AA0-865B-7D9182C5B962},,,"Start IWbemServices::DeleteInstance - Root\Rsop\Computer : RSOP_ExtensionStatus.extensionGuid=""{C34B2751-1CF4-44F5-9262-C3FC39666591}""",Unknown,,,,,,0x80041002,NT AUTHORITY\SYSTEM,http://manifests.microsoft.com/win/2006/windows/WMI,
2026-05-23T12:01:54.070543Z,5858,dc.scaffold.htb,Microsoft-Windows-WMI-Activity,Microsoft-Windows-WMI-Activity/Operational,2082,2,,DC,1552,,Unknown,,,{4E28A970-4CD6-4AA0-865B-7D9182C5B962},,,"Start IWbemServices::DeleteInstance - Root\Rsop\Computer : RSOP_ExtensionStatus.extensionGuid=""{C418DD9D-0D14-4efb-8FBF-CFE535C8FAC7}""",Unknown,,,,,,0x80041002,NT AUTHORITY\SYSTEM,http://manifests.microsoft.com/win/2006/windows/WMI,
2026-05-23T12:01:54.070798Z,5858,dc.scaffold.htb,Microsoft-Windows-WMI-Activity,Microsoft-Windows-WMI-Activity/Operational,2083,2,,DC,1552,,Unknown,,,{4E28A970-4CD6-4AA0-865B-7D9182C5B962},,,"Start IWbemServices::DeleteInstance - Root\Rsop\Computer : RSOP_ExtensionStatus.extensionGuid=""{C631DF4C-088F-4156-B058-4375F0853CD8}""",Unknown,,,,,,0x80041002,NT AUTHORITY\SYSTEM,http://manifests.microsoft.com/win/2006/windows/WMI,
2026-05-23T12:01:54.071049Z,5858,dc.scaffold.htb,Microsoft-Windows-WMI-Activity,Microsoft-Windows-WMI-Activity/Operational,2084,2,,DC,1552,,Unknown,,,{4E28A970-4CD6-4AA0-865B-7D9182C5B962},,,"Start IWbemServices::DeleteInstance - Root\Rsop\Computer : RSOP_ExtensionStatus.extensionGuid=""{c6dc5466-785a-11d2-84d0-00c04fb169f7}""",Unknown,,,,,,0x80041002,NT AUTHORITY\SYSTEM,http://manifests.microsoft.com/win/2006/windows/WMI,
2026-05-23T12:01:54.071422Z,5858,dc.scaffold.htb,Microsoft-Windows-WMI-Activity,Microsoft-Windows-WMI-Activity/Operational,2085,2,,DC,1552,,Unknown,,,{4E28A970-4CD6-4AA0-865B-7D9182C5B962},,,"Start IWbemServices::DeleteInstance - Root\Rsop\Computer : RSOP_ExtensionStatus.extensionGuid=""{cdeafc3d-948d-49dd-ab12-e578ba4af7aa}""",Unknown,,,,,,0x80041002,NT AUTHORITY\SYSTEM,http://manifests.microsoft.com/win/2006/windows/WMI,
2026-05-23T12:01:54.071770Z,5858,dc.scaffold.htb,Microsoft-Windows-WMI-Activity,Microsoft-Windows-WMI-Activity/Operational,2086,2,,DC,1552,,Unknown,,,{4E28A970-4CD6-4AA0-865B-7D9182C5B962},,,"Start IWbemServices::DeleteInstance - Root\Rsop\Computer : RSOP_ExtensionStatus.extensionGuid=""{CF7639F3-ABA2-41DB-97F2-81E2C5DBFC5D}""",Unknown,,,,,,0x80041002,NT AUTHORITY\SYSTEM,http://manifests.microsoft.com/win/2006/windows/WMI,
2026-05-23T12:01:54.072559Z,5858,dc.scaffold.htb,Microsoft-Windows-WMI-Activity,Microsoft-Windows-WMI-Activity/Operational,2087,2,,DC,1552,,Unknown,,,{4E28A970-4CD6-4AA0-865B-7D9182C5B962},,,"Start IWbemServices::DeleteInstance - Root\Rsop\Computer : RSOP_ExtensionStatus.extensionGuid=""{CFF649BD-601D-4361-AD3D-0FC365DB4DB7}""",Unknown,,,,,,0x80041002,NT AUTHORITY\SYSTEM,http://manifests.microsoft.com/win/2006/windows/WMI,
2026-05-23T12:01:54.073507Z,5858,dc.scaffold.htb,Microsoft-Windows-WMI-Activity,Microsoft-Windows-WMI-Activity/Operational,2088,2,,DC,1552,,Unknown,,,{4E28A970-4CD6-4AA0-865B-7D9182C5B962},,,"Start IWbemServices::DeleteInstance - Root\Rsop\Computer : RSOP_ExtensionStatus.extensionGuid=""{e437bc1c-aa7d-11d2-a382-00c04f991e27}""",Unknown,,,,,,0x80041002,NT AUTHORITY\SYSTEM,http://manifests.microsoft.com/win/2006/windows/WMI,
2026-05-23T12:01:54.074313Z,5858,dc.scaffold.htb,Microsoft-Windows-WMI-Activity,Microsoft-Windows-WMI-Activity/Operational,2089,2,,DC,1552,,Unknown,,,{4E28A970-4CD6-4AA0-865B-7D9182C5B962},,,"Start IWbemServices::DeleteInstance - Root\Rsop\Computer : RSOP_ExtensionStatus.extensionGuid=""{E4F48E54-F38D-4884-BFB9-D4D2E5729C18}""",Unknown,,,,,,0x80041002,NT AUTHORITY\SYSTEM,http://manifests.microsoft.com/win/2006/windows/WMI,
2026-05-23T12:01:54.075000Z,5858,dc.scaffold.htb,Microsoft-Windows-WMI-Activity,Microsoft-Windows-WMI-Activity/Operational,2090,2,,DC,1552,,Unknown,,,{4E28A970-4CD6-4AA0-865B-7D9182C5B962},,,"Start IWbemServices::DeleteInstance - Root\Rsop\Computer : RSOP_ExtensionStatus.extensionGuid=""{E5094040-C46C-4115-B030-04FB2E545B00}""",Unknown,,,,,,0x80041002,NT AUTHORITY\SYSTEM,http://manifests.microsoft.com/win/2006/windows/WMI,
2026-05-23T12:01:54.075546Z,5858,dc.scaffold.htb,Microsoft-Windows-WMI-Activity,Microsoft-Windows-WMI-Activity/Operational,2091,2,,DC,1552,,Unknown,,,{4E28A970-4CD6-4AA0-865B-7D9182C5B962},,,"Start IWbemServices::DeleteInstance - Root\Rsop\Computer : RSOP_ExtensionStatus.extensionGuid=""{E62688F0-25FD-4c90-BFF5-F508B9D2E31F}""",Unknown,,,,,,0x80041002,NT AUTHORITY\SYSTEM,http://manifests.microsoft.com/win/2006/windows/WMI,
2026-05-23T12:01:54.075862Z,5858,dc.scaffold.htb,Microsoft-Windows-WMI-Activity,Microsoft-Windows-WMI-Activity/Operational,2092,2,,DC,1552,,Unknown,,,{4E28A970-4CD6-4AA0-865B-7D9182C5B962},,,"Start IWbemServices::DeleteInstance - Root\Rsop\Computer : RSOP_ExtensionStatus.extensionGuid=""{F312195E-3D9D-447A-A3F5-08DFFA24735E}""",Unknown,,,,,,0x80041002,NT AUTHORITY\SYSTEM,http://manifests.microsoft.com/win/2006/windows/WMI,
2026-05-23T12:01:54.079262Z,5858,dc.scaffold.htb,Microsoft-Windows-WMI-Activity,Microsoft-Windows-WMI-Activity/Operational,2093,2,,DC,1552,,Unknown,,,{4E28A970-4CD6-4AA0-865B-7D9182C5B962},,,"Start IWbemServices::DeleteInstance - Root\Rsop\Computer : RSOP_ExtensionStatus.extensionGuid=""{FB2CA36D-0B40-4307-821B-A13B252DE56C}""",Unknown,,,,,,0x80041002,NT AUTHORITY\SYSTEM,http://manifests.microsoft.com/win/2006/windows/WMI,
2026-05-23T12:01:54.079667Z,5858,dc.scaffold.htb,Microsoft-Windows-WMI-Activity,Microsoft-Windows-WMI-Activity/Operational,2094,2,,DC,1552,,Unknown,,,{4E28A970-4CD6-4AA0-865B-7D9182C5B962},,,"Start IWbemServices::DeleteInstance - Root\Rsop\Computer : RSOP_ExtensionStatus.extensionGuid=""{fbf687e6-f063-4d9f-9f4f-fd9a26acdd5f}""",Unknown,,,,,,0x80041002,NT AUTHORITY\SYSTEM,http://manifests.microsoft.com/win/2006/windows/WMI,
2026-05-23T12:01:54.080155Z,5858,dc.scaffold.htb,Microsoft-Windows-WMI-Activity,Microsoft-Windows-WMI-Activity/Operational,2095,2,,DC,1552,,Unknown,,,{4E28A970-4CD6-4AA0-865B-7D9182C5B962},,,"Start IWbemServices::DeleteInstance - Root\Rsop\Computer : RSOP_ExtensionStatus.extensionGuid=""{FC491EF1-C4AA-4CE1-B329-414B101DB823}""",Unknown,,,,,,0x80041002,NT AUTHORITY\SYSTEM,http://manifests.microsoft.com/win/2006/windows/WMI,
2026-05-23T12:05:50.123736Z,5857,dc.scaffold.htb,Microsoft-Windows-WMI-Activity,Microsoft-Windows-WMI-Activity/Operational,2096,0,,,,0x0,,,wmiprvse.exe,,,,,,3904,,deploymentprovider,%systemroot%\system32\wbem\ServerManager.DeploymentProvider.dll,,,,http://manifests.microsoft.com/win/2006/windows/WMI,
2026-05-23T12:08:27.229903Z,5857,dc.scaffold.htb,Microsoft-Windows-WMI-Activity,Microsoft-Windows-WMI-Activity/Operational,2097,0,,,,0x0,,,wmiprvse.exe,,,,,,1904,,mgmtprovider,%systemroot%\system32\wbem\mgmtprovider.dll,,,,http://manifests.microsoft.com/win/2006/windows/WMI,
2026-05-23T12:08:27.264240Z,5857,dc.scaffold.htb,Microsoft-Windows-WMI-Activity,Microsoft-Windows-WMI-Activity/Operational,2098,0,,,,0x0,,,wmiprvse.exe,,,,,,5140,,NetAdapterCim,%systemroot%\system32\wbem\NetAdapterCim.dll,,,,http://manifests.microsoft.com/win/2006/windows/WMI,
2026-05-23T12:08:27.368875Z,5857,dc.scaffold.htb,Microsoft-Windows-WMI-Activity,Microsoft-Windows-WMI-Activity/Operational,2099,0,,,,0x0,,,wmiprvse.exe,,,,,,1904,,nettcpip,%systemroot%\system32\wbem\NetTCPIP.dll,,,,http://manifests.microsoft.com/win/2006/windows/WMI,
2026-05-23T12:08:29.741926Z,5857,dc.scaffold.htb,Microsoft-Windows-WMI-Activity,Microsoft-Windows-WMI-Activity/Operational,2100,0,,,,0x0,,,wmiprvse.exe,,,,,,4928,,deploymentprovider,%systemroot%\system32\wbem\ServerManager.DeploymentProvider.dll,,,,http://manifests.microsoft.com/win/2006/windows/WMI,
2026-05-23T12:11:54.178358Z,5858,dc.scaffold.htb,Microsoft-Windows-WMI-Activity,Microsoft-Windows-WMI-Activity/Operational,2101,2,,DC,1552,,Unknown,,,{FA643DF5-BBC7-4876-8AFA-C995B435501D},,,"Start IWbemServices::DeleteInstance - Root\Rsop\Computer : RSOP_ExtensionStatus.extensionGuid=""{0ACDD40C-75AC-47ab-BAA0-BF6DE7E7FE63}""",Unknown,,,,,,0x80041002,NT AUTHORITY\SYSTEM,http://manifests.microsoft.com/win/2006/windows/WMI,
2026-05-23T12:11:54.178681Z,5858,dc.scaffold.htb,Microsoft-Windows-WMI-Activity,Microsoft-Windows-WMI-Activity/Operational,2102,2,,DC,1552,,Unknown,,,{FA643DF5-BBC7-4876-8AFA-C995B435501D},,,"Start IWbemServices::DeleteInstance - Root\Rsop\Computer : RSOP_ExtensionStatus.extensionGuid=""{0E28E245-9368-4853-AD84-6DA3BA35BB75}""",Unknown,,,,,,0x80041002,NT AUTHORITY\SYSTEM,http://manifests.microsoft.com/win/2006/windows/WMI,
2026-05-23T12:11:54.179006Z,5858,dc.scaffold.htb,Microsoft-Windows-WMI-Activity,Microsoft-Windows-WMI-Activity/Operational,2103,2,,DC,1552,,Unknown,,,{FA643DF5-BBC7-4876-8AFA-C995B435501D},,,"Start IWbemServices::DeleteInstance - Root\Rsop\Computer : RSOP_ExtensionStatus.extensionGuid=""{169EBF44-942F-4C43-87CE-13C93996EBBE}""",Unknown,,,,,,0x80041002,NT AUTHORITY\SYSTEM,http://manifests.microsoft.com/win/2006/windows/WMI,
2026-05-23T12:11:54.179320Z,5858,dc.scaffold.htb,Microsoft-Windows-WMI-Activity,Microsoft-Windows-WMI-Activity/Operational,2104,2,,DC,1552,,Unknown,,,{FA643DF5-BBC7-4876-8AFA-C995B435501D},,,"Start IWbemServices::DeleteInstance - Root\Rsop\Computer : RSOP_ExtensionStatus.extensionGuid=""{16be69fa-4209-4250-88cb-716cf41954e0}""",Unknown,,,,,,0x80041002,NT AUTHORITY\SYSTEM,http://manifests.microsoft.com/win/2006/windows/WMI,
2026-05-23T12:11:54.179577Z,5858,dc.scaffold.htb,Microsoft-Windows-WMI-Activity,Microsoft-Windows-WMI-Activity/Operational,2105,2,,DC,1552,,Unknown,,,{FA643DF5-BBC7-4876-8AFA-C995B435501D},,,"Start IWbemServices::DeleteInstance - Root\Rsop\Computer : RSOP_ExtensionStatus.extensionGuid=""{17D89FEC-5C44-4972-B12D-241CAEF74509}""",Unknown,,,,,,0x80041002,NT AUTHORITY\SYSTEM,http://manifests.microsoft.com/win/2006/windows/WMI,
2026-05-23T12:11:54.179832Z,5858,dc.scaffold.htb,Microsoft-Windows-WMI-Activity,Microsoft-Windows-WMI-Activity/Operational,2106,2,,DC,1552,,Unknown,,,{FA643DF5-BBC7-4876-8AFA-C995B435501D},,,"Start IWbemServices::DeleteInstance - Root\Rsop\Computer : RSOP_ExtensionStatus.extensionGuid=""{1A6364EB-776B-4120-ADE1-B63A406A76B5}""",Unknown,,,,,,0x80041002,NT AUTHORITY\SYSTEM,http://manifests.microsoft.com/win/2006/windows/WMI,
2026-05-23T12:11:54.180163Z,5858,dc.scaffold.htb,Microsoft-Windows-WMI-Activity,Microsoft-Windows-WMI-Activity/Operational,2107,2,,DC,1552,,Unknown,,,{FA643DF5-BBC7-4876-8AFA-C995B435501D},,,"Start IWbemServices::DeleteInstance - Root\Rsop\Computer : RSOP_ExtensionStatus.extensionGuid=""{2A8FDC61-2347-4C87-92F6-B05EB91A201A}""",Unknown,,,,,,0x80041002,NT AUTHORITY\SYSTEM,http://manifests.microsoft.com/win/2006/windows/WMI,
2026-05-23T12:11:54.180441Z,5858,dc.scaffold.htb,Microsoft-Windows-WMI-Activity,Microsoft-Windows-WMI-Activity/Operational,2108,2,,DC,1552,,Unknown,,,{FA643DF5-BBC7-4876-8AFA-C995B435501D},,,"Start IWbemServices::DeleteInstance - Root\Rsop\Computer : RSOP_ExtensionStatus.extensionGuid=""{2BFCC077-22D2-48DE-BDE1-2F618D9B476D}""",Unknown,,,,,,0x80041002,NT AUTHORITY\SYSTEM,http://manifests.microsoft.com/win/2006/windows/WMI,
2026-05-23T12:11:54.180680Z,5858,dc.scaffold.htb,Microsoft-Windows-WMI-Activity,Microsoft-Windows-WMI-Activity/Operational,2109,2,,DC,1552,,Unknown,,,{FA643DF5-BBC7-4876-8AFA-C995B435501D},,,"Start IWbemServices::DeleteInstance - Root\Rsop\Computer : RSOP_ExtensionStatus.extensionGuid=""{3610eda5-77ef-11d2-8dc5-00c04fa31a66}""",Unknown,,,,,,0x80041002,NT AUTHORITY\SYSTEM,http://manifests.microsoft.com/win/2006/windows/WMI,
2026-05-23T12:11:54.180905Z,5858,dc.scaffold.htb,Microsoft-Windows-WMI-Activity,Microsoft-Windows-WMI-Activity/Operational,2110,2,,DC,1552,,Unknown,,,{FA643DF5-BBC7-4876-8AFA-C995B435501D},,,"Start IWbemServices::DeleteInstance - Root\Rsop\Computer : RSOP_ExtensionStatus.extensionGuid=""{3A0DBA37-F8B2-4356-83DE-3E90BD5C261F}""",Unknown,,,,,,0x80041002,NT AUTHORITY\SYSTEM,http://manifests.microsoft.com/win/2006/windows/WMI,
2026-05-23T12:11:54.181131Z,5858,dc.scaffold.htb,Microsoft-Windows-WMI-Activity,Microsoft-Windows-WMI-Activity/Operational,2111,2,,DC,1552,,Unknown,,,{FA643DF5-BBC7-4876-8AFA-C995B435501D},,,"Start IWbemServices::DeleteInstance - Root\Rsop\Computer : RSOP_ExtensionStatus.extensionGuid=""{426031c0-0b47-4852-b0ca-ac3d37bfcb39}""",Unknown,,,,,,0x80041002,NT AUTHORITY\SYSTEM,http://manifests.microsoft.com/win/2006/windows/WMI,
2026-05-23T12:11:54.181385Z,5858,dc.scaffold.htb,Microsoft-Windows-WMI-Activity,Microsoft-Windows-WMI-Activity/Operational,2112,2,,DC,1552,,Unknown,,,{FA643DF5-BBC7-4876-8AFA-C995B435501D},,,"Start IWbemServices::DeleteInstance - Root\Rsop\Computer : RSOP_ExtensionStatus.extensionGuid=""{42B5FAAE-6536-11d2-AE5A-0000F87571E3}""",Unknown,,,,,,0x80041002,NT AUTHORITY\SYSTEM,http://manifests.microsoft.com/win/2006/windows/WMI,
2026-05-23T12:11:54.181601Z,5858,dc.scaffold.htb,Microsoft-Windows-WMI-Activity,Microsoft-Windows-WMI-Activity/Operational,2113,2,,DC,1552,,Unknown,,,{FA643DF5-BBC7-4876-8AFA-C995B435501D},,,"Start IWbemServices::DeleteInstance - Root\Rsop\Computer : RSOP_ExtensionStatus.extensionGuid=""{4B7C3B0F-E993-4E06-A241-3FBE06943684}""",Unknown,,,,,,0x80041002,NT AUTHORITY\SYSTEM,http://manifests.microsoft.com/win/2006/windows/WMI,
2026-05-23T12:11:54.181891Z,5858,dc.scaffold.htb,Microsoft-Windows-WMI-Activity,Microsoft-Windows-WMI-Activity/Operational,2114,2,,DC,1552,,Unknown,,,{FA643DF5-BBC7-4876-8AFA-C995B435501D},,,"Start IWbemServices::DeleteInstance - Root\Rsop\Computer : RSOP_ExtensionStatus.extensionGuid=""{4bcd6cde-777b-48b6-9804-43568e23545d}""",Unknown,,,,,,0x80041002,NT AUTHORITY\SYSTEM,http://manifests.microsoft.com/win/2006/windows/WMI,
2026-05-23T12:11:54.182124Z,5858,dc.scaffold.htb,Microsoft-Windows-WMI-Activity,Microsoft-Windows-WMI-Activity/Operational,2115,2,,DC,1552,,Unknown,,,{FA643DF5-BBC7-4876-8AFA-C995B435501D},,,"Start IWbemServices::DeleteInstance - Root\Rsop\Computer : RSOP_ExtensionStatus.extensionGuid=""{4CFB60C1-FAA6-47f1-89AA-0B18730C9FD3}""",Unknown,,,,,,0x80041002,NT AUTHORITY\SYSTEM,http://manifests.microsoft.com/win/2006/windows/WMI,
2026-05-23T12:11:54.182488Z,5858,dc.scaffold.htb,Microsoft-Windows-WMI-Activity,Microsoft-Windows-WMI-Activity/Operational,2116,2,,DC,1552,,Unknown,,,{FA643DF5-BBC7-4876-8AFA-C995B435501D},,,"Start IWbemServices::DeleteInstance - Root\Rsop\Computer : RSOP_ExtensionStatus.extensionGuid=""{6232C319-91AC-4931-9385-E70C2B099F0E}""",Unknown,,,,,,0x80041002,NT AUTHORITY\SYSTEM,http://manifests.microsoft.com/win/2006/windows/WMI,
2026-05-23T12:11:54.182777Z,5858,dc.scaffold.htb,Microsoft-Windows-WMI-Activity,Microsoft-Windows-WMI-Activity/Operational,2117,2,,DC,1552,,Unknown,,,{FA643DF5-BBC7-4876-8AFA-C995B435501D},,,"Start IWbemServices::DeleteInstance - Root\Rsop\Computer : RSOP_ExtensionStatus.extensionGuid=""{6A4C88C6-C502-4f74-8F60-2CB23EDC24E2}""",Unknown,,,,,,0x80041002,NT AUTHORITY\SYSTEM,http://manifests.microsoft.com/win/2006/windows/WMI,
2026-05-23T12:11:54.183025Z,5858,dc.scaffold.htb,Microsoft-Windows-WMI-Activity,Microsoft-Windows-WMI-Activity/Operational,2118,2,,DC,1552,,Unknown,,,{FA643DF5-BBC7-4876-8AFA-C995B435501D},,,"Start IWbemServices::DeleteInstance - Root\Rsop\Computer : RSOP_ExtensionStatus.extensionGuid=""{7150F9BF-48AD-4da4-A49C-29EF4A8369BA}""",Unknown,,,,,,0x80041002,NT AUTHORITY\SYSTEM,http://manifests.microsoft.com/win/2006/windows/WMI,
2026-05-23T12:11:54.183248Z,5858,dc.scaffold.htb,Microsoft-Windows-WMI-Activity,Microsoft-Windows-WMI-Activity/Operational,2119,2,,DC,1552,,Unknown,,,{FA643DF5-BBC7-4876-8AFA-C995B435501D},,,"Start IWbemServices::DeleteInstance - Root\Rsop\Computer : RSOP_ExtensionStatus.extensionGuid=""{728EE579-943C-4519-9EF7-AB56765798ED}""",Unknown,,,,,,0x80041002,NT AUTHORITY\SYSTEM,http://manifests.microsoft.com/win/2006/windows/WMI,
2026-05-23T12:11:54.183500Z,5858,dc.scaffold.htb,Microsoft-Windows-WMI-Activity,Microsoft-Windows-WMI-Activity/Operational,2120,2,,DC,1552,,Unknown,,,{FA643DF5-BBC7-4876-8AFA-C995B435501D},,,"Start IWbemServices::DeleteInstance - Root\Rsop\Computer : RSOP_ExtensionStatus.extensionGuid=""{74EE6C03-5363-4554-B161-627540339CAB}""",Unknown,,,,,,0x80041002,NT AUTHORITY\SYSTEM,http://manifests.microsoft.com/win/2006/windows/WMI,
2026-05-23T12:11:54.183718Z,5858,dc.scaffold.htb,Microsoft-Windows-WMI-Activity,Microsoft-Windows-WMI-Activity/Operational,2121,2,,DC,1552,,Unknown,,,{FA643DF5-BBC7-4876-8AFA-C995B435501D},,,"Start IWbemServices::DeleteInstance - Root\Rsop\Computer : RSOP_ExtensionStatus.extensionGuid=""{7909AD9E-09EE-4247-BAB9-7029D5F0A278}""",Unknown,,,,,,0x80041002,NT AUTHORITY\SYSTEM,http://manifests.microsoft.com/win/2006/windows/WMI,
2026-05-23T12:11:54.183930Z,5858,dc.scaffold.htb,Microsoft-Windows-WMI-Activity,Microsoft-Windows-WMI-Activity/Operational,2122,2,,DC,1552,,Unknown,,,{FA643DF5-BBC7-4876-8AFA-C995B435501D},,,"Start IWbemServices::DeleteInstance - Root\Rsop\Computer : RSOP_ExtensionStatus.extensionGuid=""{7933F41E-56F8-41d6-A31C-4148A711EE93}""",Unknown,,,,,,0x80041002,NT AUTHORITY\SYSTEM,http://manifests.microsoft.com/win/2006/windows/WMI,
2026-05-23T12:11:54.184194Z,5858,dc.scaffold.htb,Microsoft-Windows-WMI-Activity,Microsoft-Windows-WMI-Activity/Operational,2123,2,,DC,1552,,Unknown,,,{FA643DF5-BBC7-4876-8AFA-C995B435501D},,,"Start IWbemServices::DeleteInstance - Root\Rsop\Computer : RSOP_ExtensionStatus.extensionGuid=""{7B849a69-220F-451E-B3FE-2CB811AF94AE}""",Unknown,,,,,,0x80041002,NT AUTHORITY\SYSTEM,http://manifests.microsoft.com/win/2006/windows/WMI,
2026-05-23T12:11:54.438731Z,5858,dc.scaffold.htb,Microsoft-Windows-WMI-Activity,Microsoft-Windows-WMI-Activity/Operational,2124,2,,DC,1552,,Unknown,,,{FA643DF5-BBC7-4876-8AFA-C995B435501D},,,"Start IWbemServices::DeleteInstance - Root\Rsop\Computer : RSOP_ExtensionStatus.extensionGuid=""{8A28E2C5-8D06-49A4-A08C-632DAA493E17}""",Unknown,,,,,,0x80041002,NT AUTHORITY\SYSTEM,http://manifests.microsoft.com/win/2006/windows/WMI,
2026-05-23T12:11:54.439025Z,5858,dc.scaffold.htb,Microsoft-Windows-WMI-Activity,Microsoft-Windows-WMI-Activity/Operational,2125,2,,DC,1552,,Unknown,,,{FA643DF5-BBC7-4876-8AFA-C995B435501D},,,"Start IWbemServices::DeleteInstance - Root\Rsop\Computer : RSOP_ExtensionStatus.extensionGuid=""{91FBB303-0CD5-4055-BF42-E512A681B325}""",Unknown,,,,,,0x80041002,NT AUTHORITY\SYSTEM,http://manifests.microsoft.com/win/2006/windows/WMI,
2026-05-23T12:11:54.439272Z,5858,dc.scaffold.htb,Microsoft-Windows-WMI-Activity,Microsoft-Windows-WMI-Activity/Operational,2126,2,,DC,1552,,Unknown,,,{FA643DF5-BBC7-4876-8AFA-C995B435501D},,,"Start IWbemServices::DeleteInstance - Root\Rsop\Computer : RSOP_ExtensionStatus.extensionGuid=""{A3F3E39B-5D83-4940-B954-28315B82F0A8}""",Unknown,,,,,,0x80041002,NT AUTHORITY\SYSTEM,http://manifests.microsoft.com/win/2006/windows/WMI,
2026-05-23T12:11:54.439514Z,5858,dc.scaffold.htb,Microsoft-Windows-WMI-Activity,Microsoft-Windows-WMI-Activity/Operational,2127,2,,DC,1552,,Unknown,,,{FA643DF5-BBC7-4876-8AFA-C995B435501D},,,"Start IWbemServices::DeleteInstance - Root\Rsop\Computer : RSOP_ExtensionStatus.extensionGuid=""{AADCED64-746C-4633-A97C-D61349046527}""",Unknown,,,,,,0x80041002,NT AUTHORITY\SYSTEM,http://manifests.microsoft.com/win/2006/windows/WMI,
2026-05-23T12:11:54.439764Z,5858,dc.scaffold.htb,Microsoft-Windows-WMI-Activity,Microsoft-Windows-WMI-Activity/Operational,2128,2,,DC,1552,,Unknown,,,{FA643DF5-BBC7-4876-8AFA-C995B435501D},,,"Start IWbemServices::DeleteInstance - Root\Rsop\Computer : RSOP_ExtensionStatus.extensionGuid=""{B087BE9D-ED37-454f-AF9C-04291E351182}""",Unknown,,,,,,0x80041002,NT AUTHORITY\SYSTEM,http://manifests.microsoft.com/win/2006/windows/WMI,
2026-05-23T12:11:54.440008Z,5858,dc.scaffold.htb,Microsoft-Windows-WMI-Activity,Microsoft-Windows-WMI-Activity/Operational,2129,2,,DC,1552,,Unknown,,,{FA643DF5-BBC7-4876-8AFA-C995B435501D},,,"Start IWbemServices::DeleteInstance - Root\Rsop\Computer : RSOP_ExtensionStatus.extensionGuid=""{B587E2B1-4D59-4e7e-AED9-22B9DF11D053}""",Unknown,,,,,,0x80041002,NT AUTHORITY\SYSTEM,http://manifests.microsoft.com/win/2006/windows/WMI,
2026-05-23T12:11:54.440254Z,5858,dc.scaffold.htb,Microsoft-Windows-WMI-Activity,Microsoft-Windows-WMI-Activity/Operational,2130,2,,DC,1552,,Unknown,,,{FA643DF5-BBC7-4876-8AFA-C995B435501D},,,"Start IWbemServices::DeleteInstance - Root\Rsop\Computer : RSOP_ExtensionStatus.extensionGuid=""{BA649533-0AAC-4E04-B9BC-4DBAE0325B12}""",Unknown,,,,,,0x80041002,NT AUTHORITY\SYSTEM,http://manifests.microsoft.com/win/2006/windows/WMI,
2026-05-23T12:11:54.440493Z,5858,dc.scaffold.htb,Microsoft-Windows-WMI-Activity,Microsoft-Windows-WMI-Activity/Operational,2131,2,,DC,1552,,Unknown,,,{FA643DF5-BBC7-4876-8AFA-C995B435501D},,,"Start IWbemServices::DeleteInstance - Root\Rsop\Computer : RSOP_ExtensionStatus.extensionGuid=""{BC75B1ED-5833-4858-9BB8-CBF0B166DF9D}""",Unknown,,,,,,0x80041002,NT AUTHORITY\SYSTEM,http://manifests.microsoft.com/win/2006/windows/WMI,
2026-05-23T12:11:54.440719Z,5858,dc.scaffold.htb,Microsoft-Windows-WMI-Activity,Microsoft-Windows-WMI-Activity/Operational,2132,2,,DC,1552,,Unknown,,,{FA643DF5-BBC7-4876-8AFA-C995B435501D},,,"Start IWbemServices::DeleteInstance - Root\Rsop\Computer : RSOP_ExtensionStatus.extensionGuid=""{C34B2751-1CF4-44F5-9262-C3FC39666591}""",Unknown,,,,,,0x80041002,NT AUTHORITY\SYSTEM,http://manifests.microsoft.com/win/2006/windows/WMI,
2026-05-23T12:11:54.440942Z,5858,dc.scaffold.htb,Microsoft-Windows-WMI-Activity,Microsoft-Windows-WMI-Activity/Operational,2133,2,,DC,1552,,Unknown,,,{FA643DF5-BBC7-4876-8AFA-C995B435501D},,,"Start IWbemServices::DeleteInstance - Root\Rsop\Computer : RSOP_ExtensionStatus.extensionGuid=""{C418DD9D-0D14-4efb-8FBF-CFE535C8FAC7}""",Unknown,,,,,,0x80041002,NT AUTHORITY\SYSTEM,http://manifests.microsoft.com/win/2006/windows/WMI,
2026-05-23T12:11:54.441152Z,5858,dc.scaffold.htb,Microsoft-Windows-WMI-Activity,Microsoft-Windows-WMI-Activity/Operational,2134,2,,DC,1552,,Unknown,,,{FA643DF5-BBC7-4876-8AFA-C995B435501D},,,"Start IWbemServices::DeleteInstance - Root\Rsop\Computer : RSOP_ExtensionStatus.extensionGuid=""{C631DF4C-088F-4156-B058-4375F0853CD8}""",Unknown,,,,,,0x80041002,NT AUTHORITY\SYSTEM,http://manifests.microsoft.com/win/2006/windows/WMI,
2026-05-23T12:11:54.441362Z,5858,dc.scaffold.htb,Microsoft-Windows-WMI-Activity,Microsoft-Windows-WMI-Activity/Operational,2135,2,,DC,1552,,Unknown,,,{FA643DF5-BBC7-4876-8AFA-C995B435501D},,,"Start IWbemServices::DeleteInstance - Root\Rsop\Computer : RSOP_ExtensionStatus.extensionGuid=""{c6dc5466-785a-11d2-84d0-00c04fb169f7}""",Unknown,,,,,,0x80041002,NT AUTHORITY\SYSTEM,http://manifests.microsoft.com/win/2006/windows/WMI,
2026-05-23T12:11:54.441569Z,5858,dc.scaffold.htb,Microsoft-Windows-WMI-Activity,Microsoft-Windows-WMI-Activity/Operational,2136,2,,DC,1552,,Unknown,,,{FA643DF5-BBC7-4876-8AFA-C995B435501D},,,"Start IWbemServices::DeleteInstance - Root\Rsop\Computer : RSOP_ExtensionStatus.extensionGuid=""{cdeafc3d-948d-49dd-ab12-e578ba4af7aa}""",Unknown,,,,,,0x80041002,NT AUTHORITY\SYSTEM,http://manifests.microsoft.com/win/2006/windows/WMI,
2026-05-23T12:11:54.441791Z,5858,dc.scaffold.htb,Microsoft-Windows-WMI-Activity,Microsoft-Windows-WMI-Activity/Operational,2137,2,,DC,1552,,Unknown,,,{FA643DF5-BBC7-4876-8AFA-C995B435501D},,,"Start IWbemServices::DeleteInstance - Root\Rsop\Computer : RSOP_ExtensionStatus.extensionGuid=""{CF7639F3-ABA2-41DB-97F2-81E2C5DBFC5D}""",Unknown,,,,,,0x80041002,NT AUTHORITY\SYSTEM,http://manifests.microsoft.com/win/2006/windows/WMI,
2026-05-23T12:11:54.442026Z,5858,dc.scaffold.htb,Microsoft-Windows-WMI-Activity,Microsoft-Windows-WMI-Activity/Operational,2138,2,,DC,1552,,Unknown,,,{FA643DF5-BBC7-4876-8AFA-C995B435501D},,,"Start IWbemServices::DeleteInstance - Root\Rsop\Computer : RSOP_ExtensionStatus.extensionGuid=""{CFF649BD-601D-4361-AD3D-0FC365DB4DB7}""",Unknown,,,,,,0x80041002,NT AUTHORITY\SYSTEM,http://manifests.microsoft.com/win/2006/windows/WMI,
2026-05-23T12:11:54.442247Z,5858,dc.scaffold.htb,Microsoft-Windows-WMI-Activity,Microsoft-Windows-WMI-Activity/Operational,2139,2,,DC,1552,,Unknown,,,{FA643DF5-BBC7-4876-8AFA-C995B435501D},,,"Start IWbemServices::DeleteInstance - Root\Rsop\Computer : RSOP_ExtensionStatus.extensionGuid=""{e437bc1c-aa7d-11d2-a382-00c04f991e27}""",Unknown,,,,,,0x80041002,NT AUTHORITY\SYSTEM,http://manifests.microsoft.com/win/2006/windows/WMI,
2026-05-23T12:11:54.442480Z,5858,dc.scaffold.htb,Microsoft-Windows-WMI-Activity,Microsoft-Windows-WMI-Activity/Operational,2140,2,,DC,1552,,Unknown,,,{FA643DF5-BBC7-4876-8AFA-C995B435501D},,,"Start IWbemServices::DeleteInstance - Root\Rsop\Computer : RSOP_ExtensionStatus.extensionGuid=""{E4F48E54-F38D-4884-BFB9-D4D2E5729C18}""",Unknown,,,,,,0x80041002,NT AUTHORITY\SYSTEM,http://manifests.microsoft.com/win/2006/windows/WMI,
2026-05-23T12:11:54.442695Z,5858,dc.scaffold.htb,Microsoft-Windows-WMI-Activity,Microsoft-Windows-WMI-Activity/Operational,2141,2,,DC,1552,,Unknown,,,{FA643DF5-BBC7-4876-8AFA-C995B435501D},,,"Start IWbemServices::DeleteInstance - Root\Rsop\Computer : RSOP_ExtensionStatus.extensionGuid=""{E5094040-C46C-4115-B030-04FB2E545B00}""",Unknown,,,,,,0x80041002,NT AUTHORITY\SYSTEM,http://manifests.microsoft.com/win/2006/windows/WMI,
2026-05-23T12:11:54.442905Z,5858,dc.scaffold.htb,Microsoft-Windows-WMI-Activity,Microsoft-Windows-WMI-Activity/Operational,2142,2,,DC,1552,,Unknown,,,{FA643DF5-BBC7-4876-8AFA-C995B435501D},,,"Start IWbemServices::DeleteInstance - Root\Rsop\Computer : RSOP_ExtensionStatus.extensionGuid=""{E62688F0-25FD-4c90-BFF5-F508B9D2E31F}""",Unknown,,,,,,0x80041002,NT AUTHORITY\SYSTEM,http://manifests.microsoft.com/win/2006/windows/WMI,
2026-05-23T12:11:54.443127Z,5858,dc.scaffold.htb,Microsoft-Windows-WMI-Activity,Microsoft-Windows-WMI-Activity/Operational,2143,2,,DC,1552,,Unknown,,,{FA643DF5-BBC7-4876-8AFA-C995B435501D},,,"Start IWbemServices::DeleteInstance - Root\Rsop\Computer : RSOP_ExtensionStatus.extensionGuid=""{F312195E-3D9D-447A-A3F5-08DFFA24735E}""",Unknown,,,,,,0x80041002,NT AUTHORITY\SYSTEM,http://manifests.microsoft.com/win/2006/windows/WMI,
2026-05-23T12:11:54.445131Z,5858,dc.scaffold.htb,Microsoft-Windows-WMI-Activity,Microsoft-Windows-WMI-Activity/Operational,2144,2,,DC,1552,,Unknown,,,{FA643DF5-BBC7-4876-8AFA-C995B435501D},,,"Start IWbemServices::DeleteInstance - Root\Rsop\Computer : RSOP_ExtensionStatus.extensionGuid=""{FB2CA36D-0B40-4307-821B-A13B252DE56C}""",Unknown,,,,,,0x80041002,NT AUTHORITY\SYSTEM,http://manifests.microsoft.com/win/2006/windows/WMI,
2026-05-23T12:11:54.445475Z,5858,dc.scaffold.htb,Microsoft-Windows-WMI-Activity,Microsoft-Windows-WMI-Activity/Operational,2145,2,,DC,1552,,Unknown,,,{FA643DF5-BBC7-4876-8AFA-C995B435501D},,,"Start IWbemServices::DeleteInstance - Root\Rsop\Computer : RSOP_ExtensionStatus.extensionGuid=""{fbf687e6-f063-4d9f-9f4f-fd9a26acdd5f}""",Unknown,,,,,,0x80041002,NT AUTHORITY\SYSTEM,http://manifests.microsoft.com/win/2006/windows/WMI,
2026-05-23T12:11:54.445773Z,5858,dc.scaffold.htb,Microsoft-Windows-WMI-Activity,Microsoft-Windows-WMI-Activity/Operational,2146,2,,DC,1552,,Unknown,,,{FA643DF5-BBC7-4876-8AFA-C995B435501D},,,"Start IWbemServices::DeleteInstance - Root\Rsop\Computer : RSOP_ExtensionStatus.extensionGuid=""{FC491EF1-C4AA-4CE1-B329-414B101DB823}""",Unknown,,,,,,0x80041002,NT AUTHORITY\SYSTEM,http://manifests.microsoft.com/win/2006/windows/WMI,
2026-05-23T12:11:54.557425Z,5857,dc.scaffold.htb,Microsoft-Windows-WMI-Activity,Microsoft-Windows-WMI-Activity/Operational,2147,0,,,,0x0,,,wmiprvse.exe,,,,,,1904,,CIMWin32a,%systemroot%\system32\wbem\wmipcima.dll,,,,http://manifests.microsoft.com/win/2006/windows/WMI,
2026-05-23T12:13:56.927214Z,5857,dc.scaffold.htb,Microsoft-Windows-WMI-Activity,Microsoft-Windows-WMI-Activity/Operational,2148,0,,,,0x0,,,wmiprvse.exe,,,,,,1904,,CIMWin32a,%systemroot%\system32\wbem\wmipcima.dll,,,,http://manifests.microsoft.com/win/2006/windows/WMI,
2026-05-23T12:18:31.440134Z,5857,dc.scaffold.htb,Microsoft-Windows-WMI-Activity,Microsoft-Windows-WMI-Activity/Operational,2149,0,,,,0x0,,,wmiprvse.exe,,,,,,1904,,mgmtprovider,%systemroot%\system32\wbem\mgmtprovider.dll,,,,http://manifests.microsoft.com/win/2006/windows/WMI,
2026-05-23T12:18:31.513493Z,5857,dc.scaffold.htb,Microsoft-Windows-WMI-Activity,Microsoft-Windows-WMI-Activity/Operational,2150,0,,,,0x0,,,wmiprvse.exe,,,,,,8476,,NetAdapterCim,%systemroot%\system32\wbem\NetAdapterCim.dll,,,,http://manifests.microsoft.com/win/2006/windows/WMI,
2026-05-23T12:18:31.611883Z,5857,dc.scaffold.htb,Microsoft-Windows-WMI-Activity,Microsoft-Windows-WMI-Activity/Operational,2151,0,,,,0x0,,,wmiprvse.exe,,,,,,1904,,nettcpip,%systemroot%\system32\wbem\NetTCPIP.dll,,,,http://manifests.microsoft.com/win/2006/windows/WMI,
2026-05-23T12:18:34.024172Z,5857,dc.scaffold.htb,Microsoft-Windows-WMI-Activity,Microsoft-Windows-WMI-Activity/Operational,2152,0,,,,0x0,,,wmiprvse.exe,,,,,,9648,,deploymentprovider,%systemroot%\system32\wbem\ServerManager.DeploymentProvider.dll,,,,http://manifests.microsoft.com/win/2006/windows/WMI,
2026-05-23T12:21:08.745926Z,5857,dc.scaffold.htb,Microsoft-Windows-WMI-Activity,Microsoft-Windows-WMI-Activity/Operational,2153,0,,,,0x0,,,wmiprvse.exe,,,,,,1904,,CIMWin32a,%systemroot%\system32\wbem\wmipcima.dll,,,,http://manifests.microsoft.com/win/2006/windows/WMI,
2026-05-23T12:28:31.459419Z,5857,dc.scaffold.htb,Microsoft-Windows-WMI-Activity,Microsoft-Windows-WMI-Activity/Operational,2154,0,,,,0x0,,,wmiprvse.exe,,,,,,1904,,mgmtprovider,%systemroot%\system32\wbem\mgmtprovider.dll,,,,http://manifests.microsoft.com/win/2006/windows/WMI,
2026-05-23T12:28:31.494912Z,5857,dc.scaffold.htb,Microsoft-Windows-WMI-Activity,Microsoft-Windows-WMI-Activity/Operational,2155,0,,,,0x0,,,wmiprvse.exe,,,,,,2644,,NetAdapterCim,%systemroot%\system32\wbem\NetAdapterCim.dll,,,,http://manifests.microsoft.com/win/2006/windows/WMI,
2026-05-23T12:28:31.512344Z,5857,dc.scaffold.htb,Microsoft-Windows-WMI-Activity,Microsoft-Windows-WMI-Activity/Operational,2156,0,,,,0x0,,,wmiprvse.exe,,,,,,1904,,nettcpip,%systemroot%\system32\wbem\NetTCPIP.dll,,,,http://manifests.microsoft.com/win/2006/windows/WMI,
2026-05-23T12:28:33.913072Z,5857,dc.scaffold.htb,Microsoft-Windows-WMI-Activity,Microsoft-Windows-WMI-Activity/Operational,2157,0,,,,0x0,,,wmiprvse.exe,,,,,,7924,,deploymentprovider,%systemroot%\system32\wbem\ServerManager.DeploymentProvider.dll,,,,http://manifests.microsoft.com/win/2006/windows/WMI,
2026-05-23T12:38:31.449378Z,5857,dc.scaffold.htb,Microsoft-Windows-WMI-Activity,Microsoft-Windows-WMI-Activity/Operational,2158,0,,,,0x0,,,wmiprvse.exe,,,,,,1904,,mgmtprovider,%systemroot%\system32\wbem\mgmtprovider.dll,,,,http://manifests.microsoft.com/win/2006/windows/WMI,
2026-05-23T12:38:31.491938Z,5857,dc.scaffold.htb,Microsoft-Windows-WMI-Activity,Microsoft-Windows-WMI-Activity/Operational,2159,0,,,,0x0,,,wmiprvse.exe,,,,,,3000,,NetAdapterCim,%systemroot%\system32\wbem\NetAdapterCim.dll,,,,http://manifests.microsoft.com/win/2006/windows/WMI,
2026-05-23T12:38:31.570629Z,5857,dc.scaffold.htb,Microsoft-Windows-WMI-Activity,Microsoft-Windows-WMI-Activity/Operational,2160,0,,,,0x0,,,wmiprvse.exe,,,,,,1904,,nettcpip,%systemroot%\system32\wbem\NetTCPIP.dll,,,,http://manifests.microsoft.com/win/2006/windows/WMI,
2026-05-23T12:38:33.921968Z,5857,dc.scaffold.htb,Microsoft-Windows-WMI-Activity,Microsoft-Windows-WMI-Activity/Operational,2161,0,,,,0x0,,,wmiprvse.exe,,,,,,6908,,deploymentprovider,%systemroot%\system32\wbem\ServerManager.DeploymentProvider.dll,,,,http://manifests.microsoft.com/win/2006/windows/WMI,
2026-05-23T12:42:17.634058Z,5857,dc.scaffold.htb,Microsoft-Windows-WMI-Activity,Microsoft-Windows-WMI-Activity/Operational,2162,0,,,,0x0,,,wmiprvse.exe,,,,,,1904,,DnsServerPSProvider,%SYSTEMROOT%\System32\wbem\DnsServerPsProvider.dll,,,,http://manifests.microsoft.com/win/2006/windows/WMI,
2026-05-23T12:46:58.974431Z,5858,dc.scaffold.htb,Microsoft-Windows-WMI-Activity,Microsoft-Windows-WMI-Activity/Operational,2163,2,,DC,1552,,Unknown,,,{9912B889-948F-4FA6-BCD0-C7C983C8AB54},,,"Start IWbemServices::DeleteInstance - Root\Rsop\Computer : RSOP_ExtensionStatus.extensionGuid=""{0ACDD40C-75AC-47ab-BAA0-BF6DE7E7FE63}""",Unknown,,,,,,0x80041002,NT AUTHORITY\SYSTEM,http://manifests.microsoft.com/win/2006/windows/WMI,
2026-05-23T12:46:58.974774Z,5858,dc.scaffold.htb,Microsoft-Windows-WMI-Activity,Microsoft-Windows-WMI-Activity/Operational,2164,2,,DC,1552,,Unknown,,,{9912B889-948F-4FA6-BCD0-C7C983C8AB54},,,"Start IWbemServices::DeleteInstance - Root\Rsop\Computer : RSOP_ExtensionStatus.extensionGuid=""{0E28E245-9368-4853-AD84-6DA3BA35BB75}""",Unknown,,,,,,0x80041002,NT AUTHORITY\SYSTEM,http://manifests.microsoft.com/win/2006/windows/WMI,
2026-05-23T12:46:58.975052Z,5858,dc.scaffold.htb,Microsoft-Windows-WMI-Activity,Microsoft-Windows-WMI-Activity/Operational,2165,2,,DC,1552,,Unknown,,,{9912B889-948F-4FA6-BCD0-C7C983C8AB54},,,"Start IWbemServices::DeleteInstance - Root\Rsop\Computer : RSOP_ExtensionStatus.extensionGuid=""{169EBF44-942F-4C43-87CE-13C93996EBBE}""",Unknown,,,,,,0x80041002,NT AUTHORITY\SYSTEM,http://manifests.microsoft.com/win/2006/windows/WMI,
2026-05-23T12:46:58.975299Z,5858,dc.scaffold.htb,Microsoft-Windows-WMI-Activity,Microsoft-Windows-WMI-Activity/Operational,2166,2,,DC,1552,,Unknown,,,{9912B889-948F-4FA6-BCD0-C7C983C8AB54},,,"Start IWbemServices::DeleteInstance - Root\Rsop\Computer : RSOP_ExtensionStatus.extensionGuid=""{16be69fa-4209-4250-88cb-716cf41954e0}""",Unknown,,,,,,0x80041002,NT AUTHORITY\SYSTEM,http://manifests.microsoft.com/win/2006/windows/WMI,
2026-05-23T12:46:58.975753Z,5858,dc.scaffold.htb,Microsoft-Windows-WMI-Activity,Microsoft-Windows-WMI-Activity/Operational,2167,2,,DC,1552,,Unknown,,,{9912B889-948F-4FA6-BCD0-C7C983C8AB54},,,"Start IWbemServices::DeleteInstance - Root\Rsop\Computer : RSOP_ExtensionStatus.extensionGuid=""{17D89FEC-5C44-4972-B12D-241CAEF74509}""",Unknown,,,,,,0x80041002,NT AUTHORITY\SYSTEM,http://manifests.microsoft.com/win/2006/windows/WMI,
2026-05-23T12:46:58.976016Z,5858,dc.scaffold.htb,Microsoft-Windows-WMI-Activity,Microsoft-Windows-WMI-Activity/Operational,2168,2,,DC,1552,,Unknown,,,{9912B889-948F-4FA6-BCD0-C7C983C8AB54},,,"Start IWbemServices::DeleteInstance - Root\Rsop\Computer : RSOP_ExtensionStatus.extensionGuid=""{1A6364EB-776B-4120-ADE1-B63A406A76B5}""",Unknown,,,,,,0x80041002,NT AUTHORITY\SYSTEM,http://manifests.microsoft.com/win/2006/windows/WMI,
2026-05-23T12:46:58.976313Z,5858,dc.scaffold.htb,Microsoft-Windows-WMI-Activity,Microsoft-Windows-WMI-Activity/Operational,2169,2,,DC,1552,,Unknown,,,{9912B889-948F-4FA6-BCD0-C7C983C8AB54},,,"Start IWbemServices::DeleteInstance - Root\Rsop\Computer : RSOP_ExtensionStatus.extensionGuid=""{2A8FDC61-2347-4C87-92F6-B05EB91A201A}""",Unknown,,,,,,0x80041002,NT AUTHORITY\SYSTEM,http://manifests.microsoft.com/win/2006/windows/WMI,
2026-05-23T12:46:58.976703Z,5858,dc.scaffold.htb,Microsoft-Windows-WMI-Activity,Microsoft-Windows-WMI-Activity/Operational,2170,2,,DC,1552,,Unknown,,,{9912B889-948F-4FA6-BCD0-C7C983C8AB54},,,"Start IWbemServices::DeleteInstance - Root\Rsop\Computer : RSOP_ExtensionStatus.extensionGuid=""{2BFCC077-22D2-48DE-BDE1-2F618D9B476D}""",Unknown,,,,,,0x80041002,NT AUTHORITY\SYSTEM,http://manifests.microsoft.com/win/2006/windows/WMI,
2026-05-23T12:46:58.976968Z,5858,dc.scaffold.htb,Microsoft-Windows-WMI-Activity,Microsoft-Windows-WMI-Activity/Operational,2171,2,,DC,1552,,Unknown,,,{9912B889-948F-4FA6-BCD0-C7C983C8AB54},,,"Start IWbemServices::DeleteInstance - Root\Rsop\Computer : RSOP_ExtensionStatus.extensionGuid=""{3610eda5-77ef-11d2-8dc5-00c04fa31a66}""",Unknown,,,,,,0x80041002,NT AUTHORITY\SYSTEM,http://manifests.microsoft.com/win/2006/windows/WMI,
2026-05-23T12:46:58.977545Z,5858,dc.scaffold.htb,Microsoft-Windows-WMI-Activity,Microsoft-Windows-WMI-Activity/Operational,2172,2,,DC,1552,,Unknown,,,{9912B889-948F-4FA6-BCD0-C7C983C8AB54},,,"Start IWbemServices::DeleteInstance - Root\Rsop\Computer : RSOP_ExtensionStatus.extensionGuid=""{3A0DBA37-F8B2-4356-83DE-3E90BD5C261F}""",Unknown,,,,,,0x80041002,NT AUTHORITY\SYSTEM,http://manifests.microsoft.com/win/2006/windows/WMI,
2026-05-23T12:46:58.978623Z,5858,dc.scaffold.htb,Microsoft-Windows-WMI-Activity,Microsoft-Windows-WMI-Activity/Operational,2173,2,,DC,1552,,Unknown,,,{9912B889-948F-4FA6-BCD0-C7C983C8AB54},,,"Start IWbemServices::DeleteInstance - Root\Rsop\Computer : RSOP_ExtensionStatus.extensionGuid=""{426031c0-0b47-4852-b0ca-ac3d37bfcb39}""",Unknown,,,,,,0x80041002,NT AUTHORITY\SYSTEM,http://manifests.microsoft.com/win/2006/windows/WMI,
2026-05-23T12:46:58.979225Z,5858,dc.scaffold.htb,Microsoft-Windows-WMI-Activity,Microsoft-Windows-WMI-Activity/Operational,2174,2,,DC,1552,,Unknown,,,{9912B889-948F-4FA6-BCD0-C7C983C8AB54},,,"Start IWbemServices::DeleteInstance - Root\Rsop\Computer : RSOP_ExtensionStatus.extensionGuid=""{42B5FAAE-6536-11d2-AE5A-0000F87571E3}""",Unknown,,,,,,0x80041002,NT AUTHORITY\SYSTEM,http://manifests.microsoft.com/win/2006/windows/WMI,
2026-05-23T12:46:58.979719Z,5858,dc.scaffold.htb,Microsoft-Windows-WMI-Activity,Microsoft-Windows-WMI-Activity/Operational,2175,2,,DC,1552,,Unknown,,,{9912B889-948F-4FA6-BCD0-C7C983C8AB54},,,"Start IWbemServices::DeleteInstance - Root\Rsop\Computer : RSOP_ExtensionStatus.extensionGuid=""{4B7C3B0F-E993-4E06-A241-3FBE06943684}""",Unknown,,,,,,0x80041002,NT AUTHORITY\SYSTEM,http://manifests.microsoft.com/win/2006/windows/WMI,
2026-05-23T12:46:58.980049Z,5858,dc.scaffold.htb,Microsoft-Windows-WMI-Activity,Microsoft-Windows-WMI-Activity/Operational,2176,2,,DC,1552,,Unknown,,,{9912B889-948F-4FA6-BCD0-C7C983C8AB54},,,"Start IWbemServices::DeleteInstance - Root\Rsop\Computer : RSOP_ExtensionStatus.extensionGuid=""{4bcd6cde-777b-48b6-9804-43568e23545d}""",Unknown,,,,,,0x80041002,NT AUTHORITY\SYSTEM,http://manifests.microsoft.com/win/2006/windows/WMI,
2026-05-23T12:46:58.980429Z,5858,dc.scaffold.htb,Microsoft-Windows-WMI-Activity,Microsoft-Windows-WMI-Activity/Operational,2177,2,,DC,1552,,Unknown,,,{9912B889-948F-4FA6-BCD0-C7C983C8AB54},,,"Start IWbemServices::DeleteInstance - Root\Rsop\Computer : RSOP_ExtensionStatus.extensionGuid=""{4CFB60C1-FAA6-47f1-89AA-0B18730C9FD3}""",Unknown,,,,,,0x80041002,NT AUTHORITY\SYSTEM,http://manifests.microsoft.com/win/2006/windows/WMI,
2026-05-23T12:46:58.980823Z,5858,dc.scaffold.htb,Microsoft-Windows-WMI-Activity,Microsoft-Windows-WMI-Activity/Operational,2178,2,,DC,1552,,Unknown,,,{9912B889-948F-4FA6-BCD0-C7C983C8AB54},,,"Start IWbemServices::DeleteInstance - Root\Rsop\Computer : RSOP_ExtensionStatus.extensionGuid=""{6232C319-91AC-4931-9385-E70C2B099F0E}""",Unknown,,,,,,0x80041002,NT AUTHORITY\SYSTEM,http://manifests.microsoft.com/win/2006/windows/WMI,
2026-05-23T12:46:58.981243Z,5858,dc.scaffold.htb,Microsoft-Windows-WMI-Activity,Microsoft-Windows-WMI-Activity/Operational,2179,2,,DC,1552,,Unknown,,,{9912B889-948F-4FA6-BCD0-C7C983C8AB54},,,"Start IWbemServices::DeleteInstance - Root\Rsop\Computer : RSOP_ExtensionStatus.extensionGuid=""{6A4C88C6-C502-4f74-8F60-2CB23EDC24E2}""",Unknown,,,,,,0x80041002,NT AUTHORITY\SYSTEM,http://manifests.microsoft.com/win/2006/windows/WMI,
2026-05-23T12:46:58.981809Z,5858,dc.scaffold.htb,Microsoft-Windows-WMI-Activity,Microsoft-Windows-WMI-Activity/Operational,2180,2,,DC,1552,,Unknown,,,{9912B889-948F-4FA6-BCD0-C7C983C8AB54},,,"Start IWbemServices::DeleteInstance - Root\Rsop\Computer : RSOP_ExtensionStatus.extensionGuid=""{7150F9BF-48AD-4da4-A49C-29EF4A8369BA}""",Unknown,,,,,,0x80041002,NT AUTHORITY\SYSTEM,http://manifests.microsoft.com/win/2006/windows/WMI,
2026-05-23T12:46:58.982601Z,5858,dc.scaffold.htb,Microsoft-Windows-WMI-Activity,Microsoft-Windows-WMI-Activity/Operational,2181,2,,DC,1552,,Unknown,,,{9912B889-948F-4FA6-BCD0-C7C983C8AB54},,,"Start IWbemServices::DeleteInstance - Root\Rsop\Computer : RSOP_ExtensionStatus.extensionGuid=""{728EE579-943C-4519-9EF7-AB56765798ED}""",Unknown,,,,,,0x80041002,NT AUTHORITY\SYSTEM,http://manifests.microsoft.com/win/2006/windows/WMI,
2026-05-23T12:46:58.983064Z,5858,dc.scaffold.htb,Microsoft-Windows-WMI-Activity,Microsoft-Windows-WMI-Activity/Operational,2182,2,,DC,1552,,Unknown,,,{9912B889-948F-4FA6-BCD0-C7C983C8AB54},,,"Start IWbemServices::DeleteInstance - Root\Rsop\Computer : RSOP_ExtensionStatus.extensionGuid=""{74EE6C03-5363-4554-B161-627540339CAB}""",Unknown,,,,,,0x80041002,NT AUTHORITY\SYSTEM,http://manifests.microsoft.com/win/2006/windows/WMI,
2026-05-23T12:46:58.983609Z,5858,dc.scaffold.htb,Microsoft-Windows-WMI-Activity,Microsoft-Windows-WMI-Activity/Operational,2183,2,,DC,1552,,Unknown,,,{9912B889-948F-4FA6-BCD0-C7C983C8AB54},,,"Start IWbemServices::DeleteInstance - Root\Rsop\Computer : RSOP_ExtensionStatus.extensionGuid=""{7909AD9E-09EE-4247-BAB9-7029D5F0A278}""",Unknown,,,,,,0x80041002,NT AUTHORITY\SYSTEM,http://manifests.microsoft.com/win/2006/windows/WMI,
2026-05-23T12:46:58.983985Z,5858,dc.scaffold.htb,Microsoft-Windows-WMI-Activity,Microsoft-Windows-WMI-Activity/Operational,2184,2,,DC,1552,,Unknown,,,{9912B889-948F-4FA6-BCD0-C7C983C8AB54},,,"Start IWbemServices::DeleteInstance - Root\Rsop\Computer : RSOP_ExtensionStatus.extensionGuid=""{7933F41E-56F8-41d6-A31C-4148A711EE93}""",Unknown,,,,,,0x80041002,NT AUTHORITY\SYSTEM,http://manifests.microsoft.com/win/2006/windows/WMI,
2026-05-23T12:46:58.984324Z,5858,dc.scaffold.htb,Microsoft-Windows-WMI-Activity,Microsoft-Windows-WMI-Activity/Operational,2185,2,,DC,1552,,Unknown,,,{9912B889-948F-4FA6-BCD0-C7C983C8AB54},,,"Start IWbemServices::DeleteInstance - Root\Rsop\Computer : RSOP_ExtensionStatus.extensionGuid=""{7B849a69-220F-451E-B3FE-2CB811AF94AE}""",Unknown,,,,,,0x80041002,NT AUTHORITY\SYSTEM,http://manifests.microsoft.com/win/2006/windows/WMI,
2026-05-23T12:46:59.285672Z,5858,dc.scaffold.htb,Microsoft-Windows-WMI-Activity,Microsoft-Windows-WMI-Activity/Operational,2186,2,,DC,1552,,Unknown,,,{9912B889-948F-4FA6-BCD0-C7C983C8AB54},,,"Start IWbemServices::DeleteInstance - Root\Rsop\Computer : RSOP_ExtensionStatus.extensionGuid=""{8A28E2C5-8D06-49A4-A08C-632DAA493E17}""",Unknown,,,,,,0x80041002,NT AUTHORITY\SYSTEM,http://manifests.microsoft.com/win/2006/windows/WMI,
2026-05-23T12:46:59.286191Z,5858,dc.scaffold.htb,Microsoft-Windows-WMI-Activity,Microsoft-Windows-WMI-Activity/Operational,2187,2,,DC,1552,,Unknown,,,{9912B889-948F-4FA6-BCD0-C7C983C8AB54},,,"Start IWbemServices::DeleteInstance - Root\Rsop\Computer : RSOP_ExtensionStatus.extensionGuid=""{91FBB303-0CD5-4055-BF42-E512A681B325}""",Unknown,,,,,,0x80041002,NT AUTHORITY\SYSTEM,http://manifests.microsoft.com/win/2006/windows/WMI,
2026-05-23T12:46:59.286730Z,5858,dc.scaffold.htb,Microsoft-Windows-WMI-Activity,Microsoft-Windows-WMI-Activity/Operational,2188,2,,DC,1552,,Unknown,,,{9912B889-948F-4FA6-BCD0-C7C983C8AB54},,,"Start IWbemServices::DeleteInstance - Root\Rsop\Computer : RSOP_ExtensionStatus.extensionGuid=""{A3F3E39B-5D83-4940-B954-28315B82F0A8}""",Unknown,,,,,,0x80041002,NT AUTHORITY\SYSTEM,http://manifests.microsoft.com/win/2006/windows/WMI,
2026-05-23T12:46:59.287035Z,5858,dc.scaffold.htb,Microsoft-Windows-WMI-Activity,Microsoft-Windows-WMI-Activity/Operational,2189,2,,DC,1552,,Unknown,,,{9912B889-948F-4FA6-BCD0-C7C983C8AB54},,,"Start IWbemServices::DeleteInstance - Root\Rsop\Computer : RSOP_ExtensionStatus.extensionGuid=""{AADCED64-746C-4633-A97C-D61349046527}""",Unknown,,,,,,0x80041002,NT AUTHORITY\SYSTEM,http://manifests.microsoft.com/win/2006/windows/WMI,
2026-05-23T12:46:59.287352Z,5858,dc.scaffold.htb,Microsoft-Windows-WMI-Activity,Microsoft-Windows-WMI-Activity/Operational,2190,2,,DC,1552,,Unknown,,,{9912B889-948F-4FA6-BCD0-C7C983C8AB54},,,"Start IWbemServices::DeleteInstance - Root\Rsop\Computer : RSOP_ExtensionStatus.extensionGuid=""{B087BE9D-ED37-454f-AF9C-04291E351182}""",Unknown,,,,,,0x80041002,NT AUTHORITY\SYSTEM,http://manifests.microsoft.com/win/2006/windows/WMI,
2026-05-23T12:46:59.287601Z,5858,dc.scaffold.htb,Microsoft-Windows-WMI-Activity,Microsoft-Windows-WMI-Activity/Operational,2191,2,,DC,1552,,Unknown,,,{9912B889-948F-4FA6-BCD0-C7C983C8AB54},,,"Start IWbemServices::DeleteInstance - Root\Rsop\Computer : RSOP_ExtensionStatus.extensionGuid=""{B587E2B1-4D59-4e7e-AED9-22B9DF11D053}""",Unknown,,,,,,0x80041002,NT AUTHORITY\SYSTEM,http://manifests.microsoft.com/win/2006/windows/WMI,
2026-05-23T12:46:59.287893Z,5858,dc.scaffold.htb,Microsoft-Windows-WMI-Activity,Microsoft-Windows-WMI-Activity/Operational,2192,2,,DC,1552,,Unknown,,,{9912B889-948F-4FA6-BCD0-C7C983C8AB54},,,"Start IWbemServices::DeleteInstance - Root\Rsop\Computer : RSOP_ExtensionStatus.extensionGuid=""{BA649533-0AAC-4E04-B9BC-4DBAE0325B12}""",Unknown,,,,,,0x80041002,NT AUTHORITY\SYSTEM,http://manifests.microsoft.com/win/2006/windows/WMI,
2026-05-23T12:46:59.288188Z,5858,dc.scaffold.htb,Microsoft-Windows-WMI-Activity,Microsoft-Windows-WMI-Activity/Operational,2193,2,,DC,1552,,Unknown,,,{9912B889-948F-4FA6-BCD0-C7C983C8AB54},,,"Start IWbemServices::DeleteInstance - Root\Rsop\Computer : RSOP_ExtensionStatus.extensionGuid=""{BC75B1ED-5833-4858-9BB8-CBF0B166DF9D}""",Unknown,,,,,,0x80041002,NT AUTHORITY\SYSTEM,http://manifests.microsoft.com/win/2006/windows/WMI,
2026-05-23T12:46:59.288520Z,5858,dc.scaffold.htb,Microsoft-Windows-WMI-Activity,Microsoft-Windows-WMI-Activity/Operational,2194,2,,DC,1552,,Unknown,,,{9912B889-948F-4FA6-BCD0-C7C983C8AB54},,,"Start IWbemServices::DeleteInstance - Root\Rsop\Computer : RSOP_ExtensionStatus.extensionGuid=""{C34B2751-1CF4-44F5-9262-C3FC39666591}""",Unknown,,,,,,0x80041002,NT AUTHORITY\SYSTEM,http://manifests.microsoft.com/win/2006/windows/WMI,
2026-05-23T12:46:59.288807Z,5858,dc.scaffold.htb,Microsoft-Windows-WMI-Activity,Microsoft-Windows-WMI-Activity/Operational,2195,2,,DC,1552,,Unknown,,,{9912B889-948F-4FA6-BCD0-C7C983C8AB54},,,"Start IWbemServices::DeleteInstance - Root\Rsop\Computer : RSOP_ExtensionStatus.extensionGuid=""{C418DD9D-0D14-4efb-8FBF-CFE535C8FAC7}""",Unknown,,,,,,0x80041002,NT AUTHORITY\SYSTEM,http://manifests.microsoft.com/win/2006/windows/WMI,
2026-05-23T12:46:59.289218Z,5858,dc.scaffold.htb,Microsoft-Windows-WMI-Activity,Microsoft-Windows-WMI-Activity/Operational,2196,2,,DC,1552,,Unknown,,,{9912B889-948F-4FA6-BCD0-C7C983C8AB54},,,"Start IWbemServices::DeleteInstance - Root\Rsop\Computer : RSOP_ExtensionStatus.extensionGuid=""{C631DF4C-088F-4156-B058-4375F0853CD8}""",Unknown,,,,,,0x80041002,NT AUTHORITY\SYSTEM,http://manifests.microsoft.com/win/2006/windows/WMI,
2026-05-23T12:46:59.289563Z,5858,dc.scaffold.htb,Microsoft-Windows-WMI-Activity,Microsoft-Windows-WMI-Activity/Operational,2197,2,,DC,1552,,Unknown,,,{9912B889-948F-4FA6-BCD0-C7C983C8AB54},,,"Start IWbemServices::DeleteInstance - Root\Rsop\Computer : RSOP_ExtensionStatus.extensionGuid=""{c6dc5466-785a-11d2-84d0-00c04fb169f7}""",Unknown,,,,,,0x80041002,NT AUTHORITY\SYSTEM,http://manifests.microsoft.com/win/2006/windows/WMI,
2026-05-23T12:46:59.289993Z,5858,dc.scaffold.htb,Microsoft-Windows-WMI-Activity,Microsoft-Windows-WMI-Activity/Operational,2198,2,,DC,1552,,Unknown,,,{9912B889-948F-4FA6-BCD0-C7C983C8AB54},,,"Start IWbemServices::DeleteInstance - Root\Rsop\Computer : RSOP_ExtensionStatus.extensionGuid=""{cdeafc3d-948d-49dd-ab12-e578ba4af7aa}""",Unknown,,,,,,0x80041002,NT AUTHORITY\SYSTEM,http://manifests.microsoft.com/win/2006/windows/WMI,
2026-05-23T12:46:59.290260Z,5858,dc.scaffold.htb,Microsoft-Windows-WMI-Activity,Microsoft-Windows-WMI-Activity/Operational,2199,2,,DC,1552,,Unknown,,,{9912B889-948F-4FA6-BCD0-C7C983C8AB54},,,"Start IWbemServices::DeleteInstance - Root\Rsop\Computer : RSOP_ExtensionStatus.extensionGuid=""{CF7639F3-ABA2-41DB-97F2-81E2C5DBFC5D}""",Unknown,,,,,,0x80041002,NT AUTHORITY\SYSTEM,http://manifests.microsoft.com/win/2006/windows/WMI,
2026-05-23T12:46:59.290523Z,5858,dc.scaffold.htb,Microsoft-Windows-WMI-Activity,Microsoft-Windows-WMI-Activity/Operational,2200,2,,DC,1552,,Unknown,,,{9912B889-948F-4FA6-BCD0-C7C983C8AB54},,,"Start IWbemServices::DeleteInstance - Root\Rsop\Computer : RSOP_ExtensionStatus.extensionGuid=""{CFF649BD-601D-4361-AD3D-0FC365DB4DB7}""",Unknown,,,,,,0x80041002,NT AUTHORITY\SYSTEM,http://manifests.microsoft.com/win/2006/windows/WMI,
2026-05-23T12:46:59.290750Z,5858,dc.scaffold.htb,Microsoft-Windows-WMI-Activity,Microsoft-Windows-WMI-Activity/Operational,2201,2,,DC,1552,,Unknown,,,{9912B889-948F-4FA6-BCD0-C7C983C8AB54},,,"Start IWbemServices::DeleteInstance - Root\Rsop\Computer : RSOP_ExtensionStatus.extensionGuid=""{e437bc1c-aa7d-11d2-a382-00c04f991e27}""",Unknown,,,,,,0x80041002,NT AUTHORITY\SYSTEM,http://manifests.microsoft.com/win/2006/windows/WMI,
2026-05-23T12:46:59.291013Z,5858,dc.scaffold.htb,Microsoft-Windows-WMI-Activity,Microsoft-Windows-WMI-Activity/Operational,2202,2,,DC,1552,,Unknown,,,{9912B889-948F-4FA6-BCD0-C7C983C8AB54},,,"Start IWbemServices::DeleteInstance - Root\Rsop\Computer : RSOP_ExtensionStatus.extensionGuid=""{E4F48E54-F38D-4884-BFB9-D4D2E5729C18}""",Unknown,,,,,,0x80041002,NT AUTHORITY\SYSTEM,http://manifests.microsoft.com/win/2006/windows/WMI,
2026-05-23T12:46:59.291286Z,5858,dc.scaffold.htb,Microsoft-Windows-WMI-Activity,Microsoft-Windows-WMI-Activity/Operational,2203,2,,DC,1552,,Unknown,,,{9912B889-948F-4FA6-BCD0-C7C983C8AB54},,,"Start IWbemServices::DeleteInstance - Root\Rsop\Computer : RSOP_ExtensionStatus.extensionGuid=""{E5094040-C46C-4115-B030-04FB2E545B00}""",Unknown,,,,,,0x80041002,NT AUTHORITY\SYSTEM,http://manifests.microsoft.com/win/2006/windows/WMI,
2026-05-23T12:46:59.291535Z,5858,dc.scaffold.htb,Microsoft-Windows-WMI-Activity,Microsoft-Windows-WMI-Activity/Operational,2204,2,,DC,1552,,Unknown,,,{9912B889-948F-4FA6-BCD0-C7C983C8AB54},,,"Start IWbemServices::DeleteInstance - Root\Rsop\Computer : RSOP_ExtensionStatus.extensionGuid=""{E62688F0-25FD-4c90-BFF5-F508B9D2E31F}""",Unknown,,,,,,0x80041002,NT AUTHORITY\SYSTEM,http://manifests.microsoft.com/win/2006/windows/WMI,
2026-05-23T12:46:59.291792Z,5858,dc.scaffold.htb,Microsoft-Windows-WMI-Activity,Microsoft-Windows-WMI-Activity/Operational,2205,2,,DC,1552,,Unknown,,,{9912B889-948F-4FA6-BCD0-C7C983C8AB54},,,"Start IWbemServices::DeleteInstance - Root\Rsop\Computer : RSOP_ExtensionStatus.extensionGuid=""{F312195E-3D9D-447A-A3F5-08DFFA24735E}""",Unknown,,,,,,0x80041002,NT AUTHORITY\SYSTEM,http://manifests.microsoft.com/win/2006/windows/WMI,
2026-05-23T12:46:59.294523Z,5858,dc.scaffold.htb,Microsoft-Windows-WMI-Activity,Microsoft-Windows-WMI-Activity/Operational,2206,2,,DC,1552,,Unknown,,,{9912B889-948F-4FA6-BCD0-C7C983C8AB54},,,"Start IWbemServices::DeleteInstance - Root\Rsop\Computer : RSOP_ExtensionStatus.extensionGuid=""{FB2CA36D-0B40-4307-821B-A13B252DE56C}""",Unknown,,,,,,0x80041002,NT AUTHORITY\SYSTEM,http://manifests.microsoft.com/win/2006/windows/WMI,
2026-05-23T12:46:59.295454Z,5858,dc.scaffold.htb,Microsoft-Windows-WMI-Activity,Microsoft-Windows-WMI-Activity/Operational,2207,2,,DC,1552,,Unknown,,,{9912B889-948F-4FA6-BCD0-C7C983C8AB54},,,"Start IWbemServices::DeleteInstance - Root\Rsop\Computer : RSOP_ExtensionStatus.extensionGuid=""{fbf687e6-f063-4d9f-9f4f-fd9a26acdd5f}""",Unknown,,,,,,0x80041002,NT AUTHORITY\SYSTEM,http://manifests.microsoft.com/win/2006/windows/WMI,
2026-05-23T12:46:59.295984Z,5858,dc.scaffold.htb,Microsoft-Windows-WMI-Activity,Microsoft-Windows-WMI-Activity/Operational,2208,2,,DC,1552,,Unknown,,,{9912B889-948F-4FA6-BCD0-C7C983C8AB54},,,"Start IWbemServices::DeleteInstance - Root\Rsop\Computer : RSOP_ExtensionStatus.extensionGuid=""{FC491EF1-C4AA-4CE1-B329-414B101DB823}""",Unknown,,,,,,0x80041002,NT AUTHORITY\SYSTEM,http://manifests.microsoft.com/win/2006/windows/WMI,
2026-05-23T12:46:59.400472Z,5857,dc.scaffold.htb,Microsoft-Windows-WMI-Activity,Microsoft-Windows-WMI-Activity/Operational,2209,0,,,,0x0,,,wmiprvse.exe,,,,,,1904,,CIMWin32a,%systemroot%\system32\wbem\wmipcima.dll,,,,http://manifests.microsoft.com/win/2006/windows/WMI,
2026-05-23T12:48:31.452973Z,5857,dc.scaffold.htb,Microsoft-Windows-WMI-Activity,Microsoft-Windows-WMI-Activity/Operational,2210,0,,,,0x0,,,wmiprvse.exe,,,,,,1904,,mgmtprovider,%systemroot%\system32\wbem\mgmtprovider.dll,,,,http://manifests.microsoft.com/win/2006/windows/WMI,
2026-05-23T12:48:31.494092Z,5857,dc.scaffold.htb,Microsoft-Windows-WMI-Activity,Microsoft-Windows-WMI-Activity/Operational,2211,0,,,,0x0,,,wmiprvse.exe,,,,,,7540,,NetAdapterCim,%systemroot%\system32\wbem\NetAdapterCim.dll,,,,http://manifests.microsoft.com/win/2006/windows/WMI,
2026-05-23T12:48:31.584168Z,5857,dc.scaffold.htb,Microsoft-Windows-WMI-Activity,Microsoft-Windows-WMI-Activity/Operational,2212,0,,,,0x0,,,wmiprvse.exe,,,,,,1904,,nettcpip,%systemroot%\system32\wbem\NetTCPIP.dll,,,,http://manifests.microsoft.com/win/2006/windows/WMI,
2026-05-23T12:48:33.947364Z,5857,dc.scaffold.htb,Microsoft-Windows-WMI-Activity,Microsoft-Windows-WMI-Activity/Operational,2213,0,,,,0x0,,,wmiprvse.exe,,,,,,3500,,deploymentprovider,%systemroot%\system32\wbem\ServerManager.DeploymentProvider.dll,,,,http://manifests.microsoft.com/win/2006/windows/WMI,
2026-05-23T12:58:31.470157Z,5857,dc.scaffold.htb,Microsoft-Windows-WMI-Activity,Microsoft-Windows-WMI-Activity/Operational,2214,0,,,,0x0,,,wmiprvse.exe,,,,,,1904,,mgmtprovider,%systemroot%\system32\wbem\mgmtprovider.dll,,,,http://manifests.microsoft.com/win/2006/windows/WMI,
2026-05-23T12:58:31.508532Z,5857,dc.scaffold.htb,Microsoft-Windows-WMI-Activity,Microsoft-Windows-WMI-Activity/Operational,2215,0,,,,0x0,,,wmiprvse.exe,,,,,,3020,,NetAdapterCim,%systemroot%\system32\wbem\NetAdapterCim.dll,,,,http://manifests.microsoft.com/win/2006/windows/WMI,
2026-05-23T12:58:31.602301Z,5857,dc.scaffold.htb,Microsoft-Windows-WMI-Activity,Microsoft-Windows-WMI-Activity/Operational,2216,0,,,,0x0,,,wmiprvse.exe,,,,,,1904,,nettcpip,%systemroot%\system32\wbem\NetTCPIP.dll,,,,http://manifests.microsoft.com/win/2006/windows/WMI,
2026-05-23T12:58:33.955503Z,5857,dc.scaffold.htb,Microsoft-Windows-WMI-Activity,Microsoft-Windows-WMI-Activity/Operational,2217,0,,,,0x0,,,wmiprvse.exe,,,,,,8212,,deploymentprovider,%systemroot%\system32\wbem\ServerManager.DeploymentProvider.dll,,,,http://manifests.microsoft.com/win/2006/windows/WMI,
2026-05-23T13:01:27.261661Z,5857,dc.scaffold.htb,Microsoft-Windows-WMI-Activity,Microsoft-Windows-WMI-Activity/Operational,2218,0,,,,0x0,,,wmiprvse.exe,,,,,,5036,,WMIProv,%systemroot%\system32\wbem\wmiprov.dll,,,,http://manifests.microsoft.com/win/2006/windows/WMI,
2026-05-23T13:08:31.477336Z,5857,dc.scaffold.htb,Microsoft-Windows-WMI-Activity,Microsoft-Windows-WMI-Activity/Operational,2219,0,,,,0x0,,,wmiprvse.exe,,,,,,1904,,mgmtprovider,%systemroot%\system32\wbem\mgmtprovider.dll,,,,http://manifests.microsoft.com/win/2006/windows/WMI,
2026-05-23T13:08:31.525040Z,5857,dc.scaffold.htb,Microsoft-Windows-WMI-Activity,Microsoft-Windows-WMI-Activity/Operational,2220,0,,,,0x0,,,wmiprvse.exe,,,,,,9536,,NetAdapterCim,%systemroot%\system32\wbem\NetAdapterCim.dll,,,,http://manifests.microsoft.com/win/2006/windows/WMI,
2026-05-23T13:08:31.607285Z,5857,dc.scaffold.htb,Microsoft-Windows-WMI-Activity,Microsoft-Windows-WMI-Activity/Operational,2221,0,,,,0x0,,,wmiprvse.exe,,,,,,1904,,nettcpip,%systemroot%\system32\wbem\NetTCPIP.dll,,,,http://manifests.microsoft.com/win/2006/windows/WMI,
2026-05-23T13:08:33.957382Z,5857,dc.scaffold.htb,Microsoft-Windows-WMI-Activity,Microsoft-Windows-WMI-Activity/Operational,2222,0,,,,0x0,,,wmiprvse.exe,,,,,,7540,,deploymentprovider,%systemroot%\system32\wbem\ServerManager.DeploymentProvider.dll,,,,http://manifests.microsoft.com/win/2006/windows/WMI,
2026-05-23T13:18:31.475094Z,5857,dc.scaffold.htb,Microsoft-Windows-WMI-Activity,Microsoft-Windows-WMI-Activity/Operational,2223,0,,,,0x0,,,wmiprvse.exe,,,,,,1904,,mgmtprovider,%systemroot%\system32\wbem\mgmtprovider.dll,,,,http://manifests.microsoft.com/win/2006/windows/WMI,
2026-05-23T13:18:31.512914Z,5857,dc.scaffold.htb,Microsoft-Windows-WMI-Activity,Microsoft-Windows-WMI-Activity/Operational,2224,0,,,,0x0,,,wmiprvse.exe,,,,,,8632,,NetAdapterCim,%systemroot%\system32\wbem\NetAdapterCim.dll,,,,http://manifests.microsoft.com/win/2006/windows/WMI,
2026-05-23T13:18:31.576999Z,5857,dc.scaffold.htb,Microsoft-Windows-WMI-Activity,Microsoft-Windows-WMI-Activity/Operational,2225,0,,,,0x0,,,wmiprvse.exe,,,,,,1904,,nettcpip,%systemroot%\system32\wbem\NetTCPIP.dll,,,,http://manifests.microsoft.com/win/2006/windows/WMI,
2026-05-23T13:18:34.035937Z,5857,dc.scaffold.htb,Microsoft-Windows-WMI-Activity,Microsoft-Windows-WMI-Activity/Operational,2226,0,,,,0x0,,,wmiprvse.exe,,,,,,9536,,deploymentprovider,%systemroot%\system32\wbem\ServerManager.DeploymentProvider.dll,,,,http://manifests.microsoft.com/win/2006/windows/WMI,
2026-05-23T13:28:31.481560Z,5857,dc.scaffold.htb,Microsoft-Windows-WMI-Activity,Microsoft-Windows-WMI-Activity/Operational,2227,0,,,,0x0,,,wmiprvse.exe,,,,,,1904,,mgmtprovider,%systemroot%\system32\wbem\mgmtprovider.dll,,,,http://manifests.microsoft.com/win/2006/windows/WMI,
2026-05-23T13:28:31.533813Z,5857,dc.scaffold.htb,Microsoft-Windows-WMI-Activity,Microsoft-Windows-WMI-Activity/Operational,2228,0,,,,0x0,,,wmiprvse.exe,,,,,,8828,,NetAdapterCim,%systemroot%\system32\wbem\NetAdapterCim.dll,,,,http://manifests.microsoft.com/win/2006/windows/WMI,
2026-05-23T13:28:31.555047Z,5857,dc.scaffold.htb,Microsoft-Windows-WMI-Activity,Microsoft-Windows-WMI-Activity/Operational,2229,0,,,,0x0,,,wmiprvse.exe,,,,,,1904,,nettcpip,%systemroot%\system32\wbem\NetTCPIP.dll,,,,http://manifests.microsoft.com/win/2006/windows/WMI,
2026-05-23T13:28:33.991951Z,5857,dc.scaffold.htb,Microsoft-Windows-WMI-Activity,Microsoft-Windows-WMI-Activity/Operational,2230,0,,,,0x0,,,wmiprvse.exe,,,,,,4664,,deploymentprovider,%systemroot%\system32\wbem\ServerManager.DeploymentProvider.dll,,,,http://manifests.microsoft.com/win/2006/windows/WMI,
2026-05-23T13:32:33.440152Z,5857,dc.scaffold.htb,Microsoft-Windows-WMI-Activity,Microsoft-Windows-WMI-Activity/Operational,2231,0,,,,0x0,,,wmiprvse.exe,,,,,,4504,,CIMWin32,%systemroot%\system32\wbem\cimwin32.dll,,,,http://manifests.microsoft.com/win/2006/windows/WMI,
2026-05-23T13:32:34.535835Z,5857,dc.scaffold.htb,Microsoft-Windows-WMI-Activity,Microsoft-Windows-WMI-Activity/Operational,2232,0,,,,0x0,,,wmiprvse.exe,,,,,,4944,,WMIProv,%systemroot%\system32\wbem\wmiprov.dll,,,,http://manifests.microsoft.com/win/2006/windows/WMI,
2026-05-23T13:32:34.546862Z,5858,dc.scaffold.htb,Microsoft-Windows-WMI-Activity,Microsoft-Windows-WMI-Activity/Operational,2233,2,,DC,2284,,Unknown,,,{00000000-0000-0000-0000-000000000000},,,Start IWbemServices::CreateInstanceEnum - root\wmi : MS_SM_AdapterInformationQuery,Unknown,,,,,,0x8004100c,NT AUTHORITY\SYSTEM,http://manifests.microsoft.com/win/2006/windows/WMI,
2026-05-23T13:32:34.555229Z,5858,dc.scaffold.htb,Microsoft-Windows-WMI-Activity,Microsoft-Windows-WMI-Activity/Operational,2234,2,,DC,2284,,Unknown,,,{00000000-0000-0000-0000-000000000000},,,Start IWbemServices::CreateInstanceEnum - root\wmi : MSiSCSI_PortalInfoClass,Unknown,,,,,,0x8004100c,NT AUTHORITY\SYSTEM,http://manifests.microsoft.com/win/2006/windows/WMI,
2026-05-23T13:32:53.085000Z,5857,dc.scaffold.htb,Microsoft-Windows-WMI-Activity,Microsoft-Windows-WMI-Activity/Operational,2235,0,,,,0x0,,,wmiprvse.exe,,,,,,4944,,WmiPerfClass,C:\Windows\System32\wbem\WmiPerfClass.dll,,,,http://manifests.microsoft.com/win/2006/windows/WMI,
2026-05-23T13:33:02.537981Z,5857,dc.scaffold.htb,Microsoft-Windows-WMI-Activity,Microsoft-Windows-WMI-Activity/Operational,2236,0,,,,0x0,,,wmiprvse.exe,,,,,,4504,,CIMWin32a,%systemroot%\system32\wbem\wmipcima.dll,,,,http://manifests.microsoft.com/win/2006/windows/WMI,
2026-05-23T13:33:02.886689Z,5861,dc.scaffold.htb,Microsoft-Windows-WMI-Activity,Microsoft-Windows-WMI-Activity/Operational,2237,0,"NTEventLogEventConsumer=""SCM Event Log Consumer""",,,,,SCM Event Log Filter,,,//./root/subscription,,,"Binding EventFilter: 
instance of __EventFilter
{
	CreatorSID = {1, 2, 0, 0, 0, 0, 0, 5, 32, 0, 0, 0, 32, 2, 0, 0};
	EventNamespace = ""root\\cimv2"";
	Name = ""SCM Event Log Filter"";
	Query = ""select * from MSFT_SCMEventLogEvent"";
	QueryLanguage = ""WQL"";
};
Perm. Consumer: 
instance of NTEventLogEventConsumer
{
	Category = 0;
	CreatorSID = {1, 2, 0, 0, 0, 0, 0, 5, 32, 0, 0, 0, 32, 2, 0, 0};
	EventType = 1;
	Name = ""SCM Event Log Consumer"";
	NameOfUserSIDProperty = ""sid"";
	SourceName = ""Service Control Manager"";
};
",,,,,,,,http://manifests.microsoft.com/win/2006/windows/WMI,
2026-05-23T13:33:02.924611Z,5859,dc.scaffold.htb,SCM Event Provider,Microsoft-Windows-WMI-Activity/Operational,2238,0,,,,,,,,,,//./root/CIMV2,,Permanent,,3120,,,select * from MSFT_SCMEventLogEvent,,S-1-5-32-544,http://manifests.microsoft.com/win/2006/windows/WMI,0
2026-05-23T13:33:02.930667Z,5857,dc.scaffold.htb,Microsoft-Windows-WMI-Activity,Microsoft-Windows-WMI-Activity/Operational,2239,0,,,,0x0,,,wmiprvse.exe,,,,,,3120,,WMI Kernel Trace Event Provider,C:\Windows\System32\wbem\krnlprov.dll,,,,http://manifests.microsoft.com/win/2006/windows/WMI,
2026-05-23T13:33:02.933079Z,5860,dc.scaffold.htb,Microsoft-Windows-WMI-Activity,Microsoft-Windows-WMI-Activity/Operational,2240,0,,DC,,,,,,,,ROOT\CIMV2,,Temporary,,3908,,,SELECT * FROM Win32_ProcessStartTrace WHERE ProcessName = 'wsmprovhost.exe',,NT AUTHORITY\SYSTEM,http://manifests.microsoft.com/win/2006/windows/WMI,
2026-05-23T13:33:03.122332Z,5858,dc.scaffold.htb,Microsoft-Windows-WMI-Activity,Microsoft-Windows-WMI-Activity/Operational,2241,2,,DC,5620,,Unknown,,,{00000000-0000-0000-0000-000000000000},,,"Start IWbemServices::ExecQuery - ROOT\CIMV2 : SELECT Manufacturer, Product FROM Win32_BaseBoard",Unknown,,,,,,0x80041032,NT AUTHORITY\NETWORK SERVICE,http://manifests.microsoft.com/win/2006/windows/WMI,
2026-05-23T13:33:13.498876Z,5857,dc.scaffold.htb,Microsoft-Windows-WMI-Activity,Microsoft-Windows-WMI-Activity/Operational,2242,0,,,,0x0,,,wmiprvse.exe,,,,,,4504,,MS_NT_EVENTLOG_PROVIDER,%systemroot%\system32\wbem\ntevt.dll,,,,http://manifests.microsoft.com/win/2006/windows/WMI,
2026-05-23T13:33:35.190055Z,5857,dc.scaffold.htb,Microsoft-Windows-WMI-Activity,Microsoft-Windows-WMI-Activity/Operational,2243,0,,,,0x0,,,wmiprvse.exe,,,,,,4504,,mgmtprovider,%systemroot%\system32\wbem\mgmtprovider.dll,,,,http://manifests.microsoft.com/win/2006/windows/WMI,
2026-05-23T13:33:35.242815Z,5857,dc.scaffold.htb,Microsoft-Windows-WMI-Activity,Microsoft-Windows-WMI-Activity/Operational,2244,0,,,,0x0,,,wmiprvse.exe,,,,,,7180,,NetAdapterCim,%systemroot%\system32\wbem\NetAdapterCim.dll,,,,http://manifests.microsoft.com/win/2006/windows/WMI,
2026-05-23T13:33:35.350500Z,5857,dc.scaffold.htb,Microsoft-Windows-WMI-Activity,Microsoft-Windows-WMI-Activity/Operational,2245,0,,,,0x0,,,wmiprvse.exe,,,,,,4504,,nettcpip,%systemroot%\system32\wbem\NetTCPIP.dll,,,,http://manifests.microsoft.com/win/2006/windows/WMI,
2026-05-23T13:33:38.469490Z,5857,dc.scaffold.htb,Microsoft-Windows-WMI-Activity,Microsoft-Windows-WMI-Activity/Operational,2246,0,,,,0x0,,,wmiprvse.exe,,,,,,7340,,deploymentprovider,%systemroot%\system32\wbem\ServerManager.DeploymentProvider.dll,,,,http://manifests.microsoft.com/win/2006/windows/WMI,
2026-05-23T13:35:03.538937Z,5858,dc.scaffold.htb,Microsoft-Windows-WMI-Activity,Microsoft-Windows-WMI-Activity/Operational,2247,2,,DC,6868,,Unknown,,,{00000000-0000-0000-0000-000000000000},,,Start IWbemServices::ExecQuery - root\cimv2 : SELECT * FROM Win32_ComputerSystemProduct,Unknown,,,,,,0x80041032,NT AUTHORITY\SYSTEM,http://manifests.microsoft.com/win/2006/windows/WMI,
2026-05-23T13:35:03.552058Z,5858,dc.scaffold.htb,Microsoft-Windows-WMI-Activity,Microsoft-Windows-WMI-Activity/Operational,2248,2,,DC,6868,,Unknown,,,{00000000-0000-0000-0000-000000000000},,,Start IWbemServices::ExecQuery - root\cimv2 : SELECT * FROM Win32_ComputerSystem,Unknown,,,,,,0x80041032,NT AUTHORITY\SYSTEM,http://manifests.microsoft.com/win/2006/windows/WMI,
2026-05-23T13:35:03.607745Z,5858,dc.scaffold.htb,Microsoft-Windows-WMI-Activity,Microsoft-Windows-WMI-Activity/Operational,2249,2,,DC,6868,,Unknown,,,{00000000-0000-0000-0000-000000000000},,,Start IWbemServices::ExecQuery - root\cimv2 : SELECT * FROM Win32_ComputerSystem,Unknown,,,,,,0x80041032,NT AUTHORITY\SYSTEM,http://manifests.microsoft.com/win/2006/windows/WMI,
2026-05-23T13:35:05.671823Z,5858,dc.scaffold.htb,Microsoft-Windows-WMI-Activity,Microsoft-Windows-WMI-Activity/Operational,2250,2,,DC,6868,,Unknown,,,{00000000-0000-0000-0000-000000000000},,,Start IWbemServices::ExecQuery - root\cimv2 : SELECT * FROM Win32_Processor,Unknown,,,,,,0x80041032,NT AUTHORITY\SYSTEM,http://manifests.microsoft.com/win/2006/windows/WMI,
2026-05-23T13:36:58.957610Z,5857,dc.scaffold.htb,Microsoft-Windows-WMI-Activity,Microsoft-Windows-WMI-Activity/Operational,2251,0,,,,0x0,,,wmiprvse.exe,,,,,,4504,,mgmtprovider,%systemroot%\system32\wbem\mgmtprovider.dll,,,,http://manifests.microsoft.com/win/2006/windows/WMI,
2026-05-23T13:36:59.000446Z,5857,dc.scaffold.htb,Microsoft-Windows-WMI-Activity,Microsoft-Windows-WMI-Activity/Operational,2252,0,,,,0x0,,,wmiprvse.exe,,,,,,3012,,NetAdapterCim,%systemroot%\system32\wbem\NetAdapterCim.dll,,,,http://manifests.microsoft.com/win/2006/windows/WMI,
2026-05-23T13:36:59.026174Z,5857,dc.scaffold.htb,Microsoft-Windows-WMI-Activity,Microsoft-Windows-WMI-Activity/Operational,2253,0,,,,0x0,,,wmiprvse.exe,,,,,,4504,,nettcpip,%systemroot%\system32\wbem\NetTCPIP.dll,,,,http://manifests.microsoft.com/win/2006/windows/WMI,
2026-05-23T13:37:01.403544Z,5857,dc.scaffold.htb,Microsoft-Windows-WMI-Activity,Microsoft-Windows-WMI-Activity/Operational,2254,0,,,,0x0,,,wmiprvse.exe,,,,,,9108,,deploymentprovider,%systemroot%\system32\wbem\ServerManager.DeploymentProvider.dll,,,,http://manifests.microsoft.com/win/2006/windows/WMI,
2026-05-23T13:43:03.822805Z,5858,dc.scaffold.htb,Microsoft-Windows-WMI-Activity,Microsoft-Windows-WMI-Activity/Operational,2255,2,,DC,3908,,Unknown,,,{91DCB5B4-EAB8-0001-61B7-DC91B8EADC01},,,Start IWbemServices::ExecNotificationQuery - ROOT\CIMV2 : SELECT * FROM Win32_ProcessStartTrace WHERE ProcessName = 'wsmprovhost.exe',Unknown,,,,,,0x80041032,NT AUTHORITY\SYSTEM,http://manifests.microsoft.com/win/2006/windows/WMI,
2026-05-23T13:46:58.971137Z,5857,dc.scaffold.htb,Microsoft-Windows-WMI-Activity,Microsoft-Windows-WMI-Activity/Operational,2256,0,,,,0x0,,,wmiprvse.exe,,,,,,4504,,mgmtprovider,%systemroot%\system32\wbem\mgmtprovider.dll,,,,http://manifests.microsoft.com/win/2006/windows/WMI,
2026-05-23T13:46:59.042221Z,5857,dc.scaffold.htb,Microsoft-Windows-WMI-Activity,Microsoft-Windows-WMI-Activity/Operational,2257,0,,,,0x0,,,wmiprvse.exe,,,,,,3612,,NetAdapterCim,%systemroot%\system32\wbem\NetAdapterCim.dll,,,,http://manifests.microsoft.com/win/2006/windows/WMI,
2026-05-23T13:46:59.123546Z,5857,dc.scaffold.htb,Microsoft-Windows-WMI-Activity,Microsoft-Windows-WMI-Activity/Operational,2258,0,,,,0x0,,,wmiprvse.exe,,,,,,4504,,nettcpip,%systemroot%\system32\wbem\NetTCPIP.dll,,,,http://manifests.microsoft.com/win/2006/windows/WMI,
2026-05-23T13:47:01.489822Z,5857,dc.scaffold.htb,Microsoft-Windows-WMI-Activity,Microsoft-Windows-WMI-Activity/Operational,2259,0,,,,0x0,,,wmiprvse.exe,,,,,,7228,,deploymentprovider,%systemroot%\system32\wbem\ServerManager.DeploymentProvider.dll,,,,http://manifests.microsoft.com/win/2006/windows/WMI,
2026-05-23T13:47:33.060175Z,5857,dc.scaffold.htb,Microsoft-Windows-WMI-Activity,Microsoft-Windows-WMI-Activity/Operational,2260,0,,,,0x0,,,wmiprvse.exe,,,,,,4504,,MS_NT_EVENTLOG_PROVIDER,%systemroot%\system32\wbem\ntevt.dll,,,,http://manifests.microsoft.com/win/2006/windows/WMI,
2026-05-23T13:56:59.002961Z,5857,dc.scaffold.htb,Microsoft-Windows-WMI-Activity,Microsoft-Windows-WMI-Activity/Operational,2261,0,,,,0x0,,,wmiprvse.exe,,,,,,4504,,mgmtprovider,%systemroot%\system32\wbem\mgmtprovider.dll,,,,http://manifests.microsoft.com/win/2006/windows/WMI,
2026-05-23T13:56:59.054664Z,5857,dc.scaffold.htb,Microsoft-Windows-WMI-Activity,Microsoft-Windows-WMI-Activity/Operational,2262,0,,,,0x0,,,wmiprvse.exe,,,,,,1732,,NetAdapterCim,%systemroot%\system32\wbem\NetAdapterCim.dll,,,,http://manifests.microsoft.com/win/2006/windows/WMI,
2026-05-23T13:56:59.177134Z,5857,dc.scaffold.htb,Microsoft-Windows-WMI-Activity,Microsoft-Windows-WMI-Activity/Operational,2263,0,,,,0x0,,,wmiprvse.exe,,,,,,4504,,nettcpip,%systemroot%\system32\wbem\NetTCPIP.dll,,,,http://manifests.microsoft.com/win/2006/windows/WMI,
2026-05-23T13:57:01.564772Z,5857,dc.scaffold.htb,Microsoft-Windows-WMI-Activity,Microsoft-Windows-WMI-Activity/Operational,2264,0,,,,0x0,,,wmiprvse.exe,,,,,,1212,,deploymentprovider,%systemroot%\system32\wbem\ServerManager.DeploymentProvider.dll,,,,http://manifests.microsoft.com/win/2006/windows/WMI,
2026-05-23T14:03:02.476278Z,5857,dc.scaffold.htb,Microsoft-Windows-WMI-Activity,Microsoft-Windows-WMI-Activity/Operational,2265,0,,,,0x0,,,wmiprvse.exe,,,,,,4504,,CIMWin32a,%systemroot%\system32\wbem\wmipcima.dll,,,,http://manifests.microsoft.com/win/2006/windows/WMI,
2026-05-23T14:15:16.009231Z,5857,dc.scaffold.htb,Microsoft-Windows-WMI-Activity,Microsoft-Windows-WMI-Activity/Operational,2266,0,,,,0x0,,,wmiprvse.exe,,,,,,4504,,mgmtprovider,%systemroot%\system32\wbem\mgmtprovider.dll,,,,http://manifests.microsoft.com/win/2006/windows/WMI,
2026-05-23T14:15:16.080756Z,5857,dc.scaffold.htb,Microsoft-Windows-WMI-Activity,Microsoft-Windows-WMI-Activity/Operational,2267,0,,,,0x0,,,wmiprvse.exe,,,,,,6276,,NetAdapterCim,%systemroot%\system32\wbem\NetAdapterCim.dll,,,,http://manifests.microsoft.com/win/2006/windows/WMI,
2026-05-23T14:15:16.209982Z,5857,dc.scaffold.htb,Microsoft-Windows-WMI-Activity,Microsoft-Windows-WMI-Activity/Operational,2268,0,,,,0x0,,,wmiprvse.exe,,,,,,4504,,nettcpip,%systemroot%\system32\wbem\NetTCPIP.dll,,,,http://manifests.microsoft.com/win/2006/windows/WMI,
2026-05-23T14:15:18.595820Z,5857,dc.scaffold.htb,Microsoft-Windows-WMI-Activity,Microsoft-Windows-WMI-Activity/Operational,2269,0,,,,0x0,,,wmiprvse.exe,,,,,,6204,,deploymentprovider,%systemroot%\system32\wbem\ServerManager.DeploymentProvider.dll,,,,http://manifests.microsoft.com/win/2006/windows/WMI,
2026-05-23T14:25:16.020216Z,5857,dc.scaffold.htb,Microsoft-Windows-WMI-Activity,Microsoft-Windows-WMI-Activity/Operational,2270,0,,,,0x0,,,wmiprvse.exe,,,,,,4504,,mgmtprovider,%systemroot%\system32\wbem\mgmtprovider.dll,,,,http://manifests.microsoft.com/win/2006/windows/WMI,
2026-05-23T14:25:16.057668Z,5857,dc.scaffold.htb,Microsoft-Windows-WMI-Activity,Microsoft-Windows-WMI-Activity/Operational,2271,0,,,,0x0,,,wmiprvse.exe,,,,,,3772,,NetAdapterCim,%systemroot%\system32\wbem\NetAdapterCim.dll,,,,http://manifests.microsoft.com/win/2006/windows/WMI,
2026-05-23T14:25:16.137481Z,5857,dc.scaffold.htb,Microsoft-Windows-WMI-Activity,Microsoft-Windows-WMI-Activity/Operational,2272,0,,,,0x0,,,wmiprvse.exe,,,,,,4504,,nettcpip,%systemroot%\system32\wbem\NetTCPIP.dll,,,,http://manifests.microsoft.com/win/2006/windows/WMI,
2026-05-23T14:25:18.553119Z,5857,dc.scaffold.htb,Microsoft-Windows-WMI-Activity,Microsoft-Windows-WMI-Activity/Operational,2273,0,,,,0x0,,,wmiprvse.exe,,,,,,8624,,deploymentprovider,%systemroot%\system32\wbem\ServerManager.DeploymentProvider.dll,,,,http://manifests.microsoft.com/win/2006/windows/WMI,
2026-05-23T14:35:16.043638Z,5857,dc.scaffold.htb,Microsoft-Windows-WMI-Activity,Microsoft-Windows-WMI-Activity/Operational,2274,0,,,,0x0,,,wmiprvse.exe,,,,,,4504,,mgmtprovider,%systemroot%\system32\wbem\mgmtprovider.dll,,,,http://manifests.microsoft.com/win/2006/windows/WMI,
2026-05-23T14:35:16.077606Z,5857,dc.scaffold.htb,Microsoft-Windows-WMI-Activity,Microsoft-Windows-WMI-Activity/Operational,2275,0,,,,0x0,,,wmiprvse.exe,,,,,,3708,,NetAdapterCim,%systemroot%\system32\wbem\NetAdapterCim.dll,,,,http://manifests.microsoft.com/win/2006/windows/WMI,
2026-05-23T14:35:16.141660Z,5857,dc.scaffold.htb,Microsoft-Windows-WMI-Activity,Microsoft-Windows-WMI-Activity/Operational,2276,0,,,,0x0,,,wmiprvse.exe,,,,,,4504,,nettcpip,%systemroot%\system32\wbem\NetTCPIP.dll,,,,http://manifests.microsoft.com/win/2006/windows/WMI,
2026-05-23T14:35:18.528752Z,5857,dc.scaffold.htb,Microsoft-Windows-WMI-Activity,Microsoft-Windows-WMI-Activity/Operational,2277,0,,,,0x0,,,wmiprvse.exe,,,,,,5764,,deploymentprovider,%systemroot%\system32\wbem\ServerManager.DeploymentProvider.dll,,,,http://manifests.microsoft.com/win/2006/windows/WMI,
2026-05-23T14:45:16.058029Z,5857,dc.scaffold.htb,Microsoft-Windows-WMI-Activity,Microsoft-Windows-WMI-Activity/Operational,2278,0,,,,0x0,,,wmiprvse.exe,,,,,,4504,,mgmtprovider,%systemroot%\system32\wbem\mgmtprovider.dll,,,,http://manifests.microsoft.com/win/2006/windows/WMI,
2026-05-23T14:45:16.091955Z,5857,dc.scaffold.htb,Microsoft-Windows-WMI-Activity,Microsoft-Windows-WMI-Activity/Operational,2279,0,,,,0x0,,,wmiprvse.exe,,,,,,2424,,NetAdapterCim,%systemroot%\system32\wbem\NetAdapterCim.dll,,,,http://manifests.microsoft.com/win/2006/windows/WMI,
2026-05-23T14:45:16.110167Z,5857,dc.scaffold.htb,Microsoft-Windows-WMI-Activity,Microsoft-Windows-WMI-Activity/Operational,2280,0,,,,0x0,,,wmiprvse.exe,,,,,,4504,,nettcpip,%systemroot%\system32\wbem\NetTCPIP.dll,,,,http://manifests.microsoft.com/win/2006/windows/WMI,
2026-05-23T14:45:18.551993Z,5857,dc.scaffold.htb,Microsoft-Windows-WMI-Activity,Microsoft-Windows-WMI-Activity/Operational,2281,0,,,,0x0,,,wmiprvse.exe,,,,,,420,,deploymentprovider,%systemroot%\system32\wbem\ServerManager.DeploymentProvider.dll,,,,http://manifests.microsoft.com/win/2006/windows/WMI,
2026-05-23T14:55:16.100375Z,5857,dc.scaffold.htb,Microsoft-Windows-WMI-Activity,Microsoft-Windows-WMI-Activity/Operational,2282,0,,,,0x0,,,wmiprvse.exe,,,,,,4504,,mgmtprovider,%systemroot%\system32\wbem\mgmtprovider.dll,,,,http://manifests.microsoft.com/win/2006/windows/WMI,
2026-05-23T14:55:16.176883Z,5857,dc.scaffold.htb,Microsoft-Windows-WMI-Activity,Microsoft-Windows-WMI-Activity/Operational,2283,0,,,,0x0,,,wmiprvse.exe,,,,,,1804,,NetAdapterCim,%systemroot%\system32\wbem\NetAdapterCim.dll,,,,http://manifests.microsoft.com/win/2006/windows/WMI,
2026-05-23T14:55:16.387991Z,5857,dc.scaffold.htb,Microsoft-Windows-WMI-Activity,Microsoft-Windows-WMI-Activity/Operational,2284,0,,,,0x0,,,wmiprvse.exe,,,,,,4504,,nettcpip,%systemroot%\system32\wbem\NetTCPIP.dll,,,,http://manifests.microsoft.com/win/2006/windows/WMI,
2026-05-23T14:55:18.839507Z,5857,dc.scaffold.htb,Microsoft-Windows-WMI-Activity,Microsoft-Windows-WMI-Activity/Operational,2285,0,,,,0x0,,,wmiprvse.exe,,,,,,5404,,deploymentprovider,%systemroot%\system32\wbem\ServerManager.DeploymentProvider.dll,,,,http://manifests.microsoft.com/win/2006/windows/WMI,
2026-05-23T15:05:16.110306Z,5857,dc.scaffold.htb,Microsoft-Windows-WMI-Activity,Microsoft-Windows-WMI-Activity/Operational,2286,0,,,,0x0,,,wmiprvse.exe,,,,,,4504,,mgmtprovider,%systemroot%\system32\wbem\mgmtprovider.dll,,,,http://manifests.microsoft.com/win/2006/windows/WMI,
2026-05-23T15:05:16.186831Z,5857,dc.scaffold.htb,Microsoft-Windows-WMI-Activity,Microsoft-Windows-WMI-Activity/Operational,2287,0,,,,0x0,,,wmiprvse.exe,,,,,,3236,,NetAdapterCim,%systemroot%\system32\wbem\NetAdapterCim.dll,,,,http://manifests.microsoft.com/win/2006/windows/WMI,
2026-05-23T15:05:16.305057Z,5857,dc.scaffold.htb,Microsoft-Windows-WMI-Activity,Microsoft-Windows-WMI-Activity/Operational,2288,0,,,,0x0,,,wmiprvse.exe,,,,,,4504,,nettcpip,%systemroot%\system32\wbem\NetTCPIP.dll,,,,http://manifests.microsoft.com/win/2006/windows/WMI,
2026-05-23T15:05:18.727261Z,5857,dc.scaffold.htb,Microsoft-Windows-WMI-Activity,Microsoft-Windows-WMI-Activity/Operational,2289,0,,,,0x0,,,wmiprvse.exe,,,,,,8468,,deploymentprovider,%systemroot%\system32\wbem\ServerManager.DeploymentProvider.dll,,,,http://manifests.microsoft.com/win/2006/windows/WMI,
2026-05-23T15:15:16.115426Z,5857,dc.scaffold.htb,Microsoft-Windows-WMI-Activity,Microsoft-Windows-WMI-Activity/Operational,2290,0,,,,0x0,,,wmiprvse.exe,,,,,,4504,,mgmtprovider,%systemroot%\system32\wbem\mgmtprovider.dll,,,,http://manifests.microsoft.com/win/2006/windows/WMI,
2026-05-23T15:15:16.158158Z,5857,dc.scaffold.htb,Microsoft-Windows-WMI-Activity,Microsoft-Windows-WMI-Activity/Operational,2291,0,,,,0x0,,,wmiprvse.exe,,,,,,4108,,NetAdapterCim,%systemroot%\system32\wbem\NetAdapterCim.dll,,,,http://manifests.microsoft.com/win/2006/windows/WMI,
2026-05-23T15:15:16.257785Z,5857,dc.scaffold.htb,Microsoft-Windows-WMI-Activity,Microsoft-Windows-WMI-Activity/Operational,2292,0,,,,0x0,,,wmiprvse.exe,,,,,,4504,,nettcpip,%systemroot%\system32\wbem\NetTCPIP.dll,,,,http://manifests.microsoft.com/win/2006/windows/WMI,
2026-05-23T15:15:18.666971Z,5857,dc.scaffold.htb,Microsoft-Windows-WMI-Activity,Microsoft-Windows-WMI-Activity/Operational,2293,0,,,,0x0,,,wmiprvse.exe,,,,,,5064,,deploymentprovider,%systemroot%\system32\wbem\ServerManager.DeploymentProvider.dll,,,,http://manifests.microsoft.com/win/2006/windows/WMI,
2026-05-23T15:25:16.143245Z,5857,dc.scaffold.htb,Microsoft-Windows-WMI-Activity,Microsoft-Windows-WMI-Activity/Operational,2294,0,,,,0x0,,,wmiprvse.exe,,,,,,4504,,mgmtprovider,%systemroot%\system32\wbem\mgmtprovider.dll,,,,http://manifests.microsoft.com/win/2006/windows/WMI,
2026-05-23T15:25:16.179987Z,5857,dc.scaffold.htb,Microsoft-Windows-WMI-Activity,Microsoft-Windows-WMI-Activity/Operational,2295,0,,,,0x0,,,wmiprvse.exe,,,,,,8660,,NetAdapterCim,%systemroot%\system32\wbem\NetAdapterCim.dll,,,,http://manifests.microsoft.com/win/2006/windows/WMI,
2026-05-23T15:25:16.286981Z,5857,dc.scaffold.htb,Microsoft-Windows-WMI-Activity,Microsoft-Windows-WMI-Activity/Operational,2296,0,,,,0x0,,,wmiprvse.exe,,,,,,4504,,nettcpip,%systemroot%\system32\wbem\NetTCPIP.dll,,,,http://manifests.microsoft.com/win/2006/windows/WMI,
2026-05-23T15:25:18.687235Z,5857,dc.scaffold.htb,Microsoft-Windows-WMI-Activity,Microsoft-Windows-WMI-Activity/Operational,2297,0,,,,0x0,,,wmiprvse.exe,,,,,,6596,,deploymentprovider,%systemroot%\system32\wbem\ServerManager.DeploymentProvider.dll,,,,http://manifests.microsoft.com/win/2006/windows/WMI,
2026-05-23T23:00:51.805539Z,5857,dc.scaffold.htb,Microsoft-Windows-WMI-Activity,Microsoft-Windows-WMI-Activity/Operational,2298,0,,,,0x0,,,wmiprvse.exe,,,,,,4760,,CIMWin32,%systemroot%\system32\wbem\cimwin32.dll,,,,http://manifests.microsoft.com/win/2006/windows/WMI,
2026-05-23T23:00:52.891590Z,5857,dc.scaffold.htb,Microsoft-Windows-WMI-Activity,Microsoft-Windows-WMI-Activity/Operational,2299,0,,,,0x0,,,wmiprvse.exe,,,,,,3492,,WMIProv,%systemroot%\system32\wbem\wmiprov.dll,,,,http://manifests.microsoft.com/win/2006/windows/WMI,
2026-05-23T23:00:52.909701Z,5858,dc.scaffold.htb,Microsoft-Windows-WMI-Activity,Microsoft-Windows-WMI-Activity/Operational,2300,2,,DC,4220,,Unknown,,,{00000000-0000-0000-0000-000000000000},,,Start IWbemServices::CreateInstanceEnum - root\wmi : MS_SM_AdapterInformationQuery,Unknown,,,,,,0x8004100c,NT AUTHORITY\SYSTEM,http://manifests.microsoft.com/win/2006/windows/WMI,
2026-05-23T23:00:52.922061Z,5858,dc.scaffold.htb,Microsoft-Windows-WMI-Activity,Microsoft-Windows-WMI-Activity/Operational,2301,2,,DC,4220,,Unknown,,,{00000000-0000-0000-0000-000000000000},,,Start IWbemServices::CreateInstanceEnum - root\wmi : MSiSCSI_PortalInfoClass,Unknown,,,,,,0x8004100c,NT AUTHORITY\SYSTEM,http://manifests.microsoft.com/win/2006/windows/WMI,
2026-05-23T23:00:57.739413Z,5857,dc.scaffold.htb,Microsoft-Windows-WMI-Activity,Microsoft-Windows-WMI-Activity/Operational,2302,0,,,,0x0,,,wmiprvse.exe,,,,,,4760,,CIMWin32a,%systemroot%\system32\wbem\wmipcima.dll,,,,http://manifests.microsoft.com/win/2006/windows/WMI,
2026-05-23T23:00:58.099921Z,5858,dc.scaffold.htb,Microsoft-Windows-WMI-Activity,Microsoft-Windows-WMI-Activity/Operational,2303,2,,DC,5700,,Unknown,,,{00000000-0000-0000-0000-000000000000},,,"Start IWbemServices::ExecQuery - ROOT\CIMV2 : SELECT Manufacturer, Product FROM Win32_BaseBoard",Unknown,,,,,,0x80041032,NT AUTHORITY\NETWORK SERVICE,http://manifests.microsoft.com/win/2006/windows/WMI,
2026-05-23T23:01:10.819278Z,5857,dc.scaffold.htb,Microsoft-Windows-WMI-Activity,Microsoft-Windows-WMI-Activity/Operational,2304,0,,,,0x0,,,wmiprvse.exe,,,,,,3492,,WmiPerfClass,C:\Windows\System32\wbem\WmiPerfClass.dll,,,,http://manifests.microsoft.com/win/2006/windows/WMI,
2026-05-23T23:01:31.358922Z,5857,dc.scaffold.htb,Microsoft-Windows-WMI-Activity,Microsoft-Windows-WMI-Activity/Operational,2305,0,,,,0x0,,,wmiprvse.exe,,,,,,4760,,MS_NT_EVENTLOG_PROVIDER,%systemroot%\system32\wbem\ntevt.dll,,,,http://manifests.microsoft.com/win/2006/windows/WMI,
2026-05-23T23:01:59.263936Z,5858,dc.scaffold.htb,Microsoft-Windows-WMI-Activity,Microsoft-Windows-WMI-Activity/Operational,2306,2,,DC,1544,,Unknown,,,{20650CF2-55C0-45A0-9CAC-B8E8E3FDDA9C},,,"Start IWbemServices::DeleteInstance - Root\Rsop\User\S_1_5_21_365932789_2848835602_3476675013_500 : RSOP_ExtensionStatus.extensionGuid=""{35378EAC-683F-11D2-A89A-00C04FBBCFA2}""",Unknown,,,,,,0x80041002,NT AUTHORITY\SYSTEM,http://manifests.microsoft.com/win/2006/windows/WMI,
2026-05-23T23:01:59.264700Z,5858,dc.scaffold.htb,Microsoft-Windows-WMI-Activity,Microsoft-Windows-WMI-Activity/Operational,2307,2,,DC,1544,,Unknown,,,{20650CF2-55C0-45A0-9CAC-B8E8E3FDDA9C},,,"Start IWbemServices::DeleteInstance - Root\Rsop\User\S_1_5_21_365932789_2848835602_3476675013_500 : RSOP_ExtensionStatus.extensionGuid=""{0E28E245-9368-4853-AD84-6DA3BA35BB75}""",Unknown,,,,,,0x80041002,NT AUTHORITY\SYSTEM,http://manifests.microsoft.com/win/2006/windows/WMI,
2026-05-23T23:01:59.265258Z,5858,dc.scaffold.htb,Microsoft-Windows-WMI-Activity,Microsoft-Windows-WMI-Activity/Operational,2308,2,,DC,1544,,Unknown,,,{20650CF2-55C0-45A0-9CAC-B8E8E3FDDA9C},,,"Start IWbemServices::DeleteInstance - Root\Rsop\User\S_1_5_21_365932789_2848835602_3476675013_500 : RSOP_ExtensionStatus.extensionGuid=""{169EBF44-942F-4C43-87CE-13C93996EBBE}""",Unknown,,,,,,0x80041002,NT AUTHORITY\SYSTEM,http://manifests.microsoft.com/win/2006/windows/WMI,
2026-05-23T23:01:59.265819Z,5858,dc.scaffold.htb,Microsoft-Windows-WMI-Activity,Microsoft-Windows-WMI-Activity/Operational,2309,2,,DC,1544,,Unknown,,,{20650CF2-55C0-45A0-9CAC-B8E8E3FDDA9C},,,"Start IWbemServices::DeleteInstance - Root\Rsop\User\S_1_5_21_365932789_2848835602_3476675013_500 : RSOP_ExtensionStatus.extensionGuid=""{17D89FEC-5C44-4972-B12D-241CAEF74509}""",Unknown,,,,,,0x80041002,NT AUTHORITY\SYSTEM,http://manifests.microsoft.com/win/2006/windows/WMI,
2026-05-23T23:01:59.266338Z,5858,dc.scaffold.htb,Microsoft-Windows-WMI-Activity,Microsoft-Windows-WMI-Activity/Operational,2310,2,,DC,1544,,Unknown,,,{20650CF2-55C0-45A0-9CAC-B8E8E3FDDA9C},,,"Start IWbemServices::DeleteInstance - Root\Rsop\User\S_1_5_21_365932789_2848835602_3476675013_500 : RSOP_ExtensionStatus.extensionGuid=""{1A6364EB-776B-4120-ADE1-B63A406A76B5}""",Unknown,,,,,,0x80041002,NT AUTHORITY\SYSTEM,http://manifests.microsoft.com/win/2006/windows/WMI,
2026-05-23T23:01:59.266864Z,5858,dc.scaffold.htb,Microsoft-Windows-WMI-Activity,Microsoft-Windows-WMI-Activity/Operational,2311,2,,DC,1544,,Unknown,,,{20650CF2-55C0-45A0-9CAC-B8E8E3FDDA9C},,,"Start IWbemServices::DeleteInstance - Root\Rsop\User\S_1_5_21_365932789_2848835602_3476675013_500 : RSOP_ExtensionStatus.extensionGuid=""{25537BA6-77A8-11D2-9B6C-0000F8080861}""",Unknown,,,,,,0x80041002,NT AUTHORITY\SYSTEM,http://manifests.microsoft.com/win/2006/windows/WMI,
2026-05-23T23:01:59.267370Z,5858,dc.scaffold.htb,Microsoft-Windows-WMI-Activity,Microsoft-Windows-WMI-Activity/Operational,2312,2,,DC,1544,,Unknown,,,{20650CF2-55C0-45A0-9CAC-B8E8E3FDDA9C},,,"Start IWbemServices::DeleteInstance - Root\Rsop\User\S_1_5_21_365932789_2848835602_3476675013_500 : RSOP_ExtensionStatus.extensionGuid=""{2BFCC077-22D2-48DE-BDE1-2F618D9B476D}""",Unknown,,,,,,0x80041002,NT AUTHORITY\SYSTEM,http://manifests.microsoft.com/win/2006/windows/WMI,
2026-05-23T23:01:59.267933Z,5858,dc.scaffold.htb,Microsoft-Windows-WMI-Activity,Microsoft-Windows-WMI-Activity/Operational,2313,2,,DC,1544,,Unknown,,,{20650CF2-55C0-45A0-9CAC-B8E8E3FDDA9C},,,"Start IWbemServices::DeleteInstance - Root\Rsop\User\S_1_5_21_365932789_2848835602_3476675013_500 : RSOP_ExtensionStatus.extensionGuid=""{3A0DBA37-F8B2-4356-83DE-3E90BD5C261F}""",Unknown,,,,,,0x80041002,NT AUTHORITY\SYSTEM,http://manifests.microsoft.com/win/2006/windows/WMI,
2026-05-23T23:01:59.268468Z,5858,dc.scaffold.htb,Microsoft-Windows-WMI-Activity,Microsoft-Windows-WMI-Activity/Operational,2314,2,,DC,1544,,Unknown,,,{20650CF2-55C0-45A0-9CAC-B8E8E3FDDA9C},,,"Start IWbemServices::DeleteInstance - Root\Rsop\User\S_1_5_21_365932789_2848835602_3476675013_500 : RSOP_ExtensionStatus.extensionGuid=""{42B5FAAE-6536-11d2-AE5A-0000F87571E3}""",Unknown,,,,,,0x80041002,NT AUTHORITY\SYSTEM,http://manifests.microsoft.com/win/2006/windows/WMI,
2026-05-23T23:01:59.269007Z,5858,dc.scaffold.htb,Microsoft-Windows-WMI-Activity,Microsoft-Windows-WMI-Activity/Operational,2315,2,,DC,1544,,Unknown,,,{20650CF2-55C0-45A0-9CAC-B8E8E3FDDA9C},,,"Start IWbemServices::DeleteInstance - Root\Rsop\User\S_1_5_21_365932789_2848835602_3476675013_500 : RSOP_ExtensionStatus.extensionGuid=""{4B7C3B0F-E993-4E06-A241-3FBE06943684}""",Unknown,,,,,,0x80041002,NT AUTHORITY\SYSTEM,http://manifests.microsoft.com/win/2006/windows/WMI,
2026-05-23T23:01:59.269522Z,5858,dc.scaffold.htb,Microsoft-Windows-WMI-Activity,Microsoft-Windows-WMI-Activity/Operational,2316,2,,DC,1544,,Unknown,,,{20650CF2-55C0-45A0-9CAC-B8E8E3FDDA9C},,,"Start IWbemServices::DeleteInstance - Root\Rsop\User\S_1_5_21_365932789_2848835602_3476675013_500 : RSOP_ExtensionStatus.extensionGuid=""{4CFB60C1-FAA6-47f1-89AA-0B18730C9FD3}""",Unknown,,,,,,0x80041002,NT AUTHORITY\SYSTEM,http://manifests.microsoft.com/win/2006/windows/WMI,
2026-05-23T23:01:59.269927Z,5858,dc.scaffold.htb,Microsoft-Windows-WMI-Activity,Microsoft-Windows-WMI-Activity/Operational,2317,2,,DC,1544,,Unknown,,,{20650CF2-55C0-45A0-9CAC-B8E8E3FDDA9C},,,"Start IWbemServices::DeleteInstance - Root\Rsop\User\S_1_5_21_365932789_2848835602_3476675013_500 : RSOP_ExtensionStatus.extensionGuid=""{4D2F9B6F-1E52-4711-A382-6A8B1A003DE6}""",Unknown,,,,,,0x80041002,NT AUTHORITY\SYSTEM,http://manifests.microsoft.com/win/2006/windows/WMI,
2026-05-23T23:01:59.270335Z,5858,dc.scaffold.htb,Microsoft-Windows-WMI-Activity,Microsoft-Windows-WMI-Activity/Operational,2318,2,,DC,1544,,Unknown,,,{20650CF2-55C0-45A0-9CAC-B8E8E3FDDA9C},,,"Start IWbemServices::DeleteInstance - Root\Rsop\User\S_1_5_21_365932789_2848835602_3476675013_500 : RSOP_ExtensionStatus.extensionGuid=""{5794DAFD-BE60-433f-88A2-1A31939AC01F}""",Unknown,,,,,,0x80041002,NT AUTHORITY\SYSTEM,http://manifests.microsoft.com/win/2006/windows/WMI,
2026-05-23T23:01:59.271033Z,5858,dc.scaffold.htb,Microsoft-Windows-WMI-Activity,Microsoft-Windows-WMI-Activity/Operational,2319,2,,DC,1544,,Unknown,,,{20650CF2-55C0-45A0-9CAC-B8E8E3FDDA9C},,,"Start IWbemServices::DeleteInstance - Root\Rsop\User\S_1_5_21_365932789_2848835602_3476675013_500 : RSOP_ExtensionStatus.extensionGuid=""{6232C319-91AC-4931-9385-E70C2B099F0E}""",Unknown,,,,,,0x80041002,NT AUTHORITY\SYSTEM,http://manifests.microsoft.com/win/2006/windows/WMI,
2026-05-23T23:01:59.271803Z,5858,dc.scaffold.htb,Microsoft-Windows-WMI-Activity,Microsoft-Windows-WMI-Activity/Operational,2320,2,,DC,1544,,Unknown,,,{20650CF2-55C0-45A0-9CAC-B8E8E3FDDA9C},,,"Start IWbemServices::DeleteInstance - Root\Rsop\User\S_1_5_21_365932789_2848835602_3476675013_500 : RSOP_ExtensionStatus.extensionGuid=""{7150F9BF-48AD-4da4-A49C-29EF4A8369BA}""",Unknown,,,,,,0x80041002,NT AUTHORITY\SYSTEM,http://manifests.microsoft.com/win/2006/windows/WMI,
2026-05-23T23:01:59.272291Z,5858,dc.scaffold.htb,Microsoft-Windows-WMI-Activity,Microsoft-Windows-WMI-Activity/Operational,2321,2,,DC,1544,,Unknown,,,{20650CF2-55C0-45A0-9CAC-B8E8E3FDDA9C},,,"Start IWbemServices::DeleteInstance - Root\Rsop\User\S_1_5_21_365932789_2848835602_3476675013_500 : RSOP_ExtensionStatus.extensionGuid=""{728EE579-943C-4519-9EF7-AB56765798ED}""",Unknown,,,,,,0x80041002,NT AUTHORITY\SYSTEM,http://manifests.microsoft.com/win/2006/windows/WMI,
2026-05-23T23:01:59.272692Z,5858,dc.scaffold.htb,Microsoft-Windows-WMI-Activity,Microsoft-Windows-WMI-Activity/Operational,2322,2,,DC,1544,,Unknown,,,{20650CF2-55C0-45A0-9CAC-B8E8E3FDDA9C},,,"Start IWbemServices::DeleteInstance - Root\Rsop\User\S_1_5_21_365932789_2848835602_3476675013_500 : RSOP_ExtensionStatus.extensionGuid=""{74EE6C03-5363-4554-B161-627540339CAB}""",Unknown,,,,,,0x80041002,NT AUTHORITY\SYSTEM,http://manifests.microsoft.com/win/2006/windows/WMI,
2026-05-23T23:01:59.273039Z,5858,dc.scaffold.htb,Microsoft-Windows-WMI-Activity,Microsoft-Windows-WMI-Activity/Operational,2323,2,,DC,1544,,Unknown,,,{20650CF2-55C0-45A0-9CAC-B8E8E3FDDA9C},,,"Start IWbemServices::DeleteInstance - Root\Rsop\User\S_1_5_21_365932789_2848835602_3476675013_500 : RSOP_ExtensionStatus.extensionGuid=""{7909AD9E-09EE-4247-BAB9-7029D5F0A278}""",Unknown,,,,,,0x80041002,NT AUTHORITY\SYSTEM,http://manifests.microsoft.com/win/2006/windows/WMI,
2026-05-23T23:01:59.273461Z,5858,dc.scaffold.htb,Microsoft-Windows-WMI-Activity,Microsoft-Windows-WMI-Activity/Operational,2324,2,,DC,1544,,Unknown,,,{20650CF2-55C0-45A0-9CAC-B8E8E3FDDA9C},,,"Start IWbemServices::DeleteInstance - Root\Rsop\User\S_1_5_21_365932789_2848835602_3476675013_500 : RSOP_ExtensionStatus.extensionGuid=""{7933F41E-56F8-41d6-A31C-4148A711EE93}""",Unknown,,,,,,0x80041002,NT AUTHORITY\SYSTEM,http://manifests.microsoft.com/win/2006/windows/WMI,
2026-05-23T23:01:59.273800Z,5858,dc.scaffold.htb,Microsoft-Windows-WMI-Activity,Microsoft-Windows-WMI-Activity/Operational,2325,2,,DC,1544,,Unknown,,,{20650CF2-55C0-45A0-9CAC-B8E8E3FDDA9C},,,"Start IWbemServices::DeleteInstance - Root\Rsop\User\S_1_5_21_365932789_2848835602_3476675013_500 : RSOP_ExtensionStatus.extensionGuid=""{7B849a69-220F-451E-B3FE-2CB811AF94AE}""",Unknown,,,,,,0x80041002,NT AUTHORITY\SYSTEM,http://manifests.microsoft.com/win/2006/windows/WMI,
2026-05-23T23:01:59.274157Z,5858,dc.scaffold.htb,Microsoft-Windows-WMI-Activity,Microsoft-Windows-WMI-Activity/Operational,2326,2,,DC,1544,,Unknown,,,{20650CF2-55C0-45A0-9CAC-B8E8E3FDDA9C},,,"Start IWbemServices::DeleteInstance - Root\Rsop\User\S_1_5_21_365932789_2848835602_3476675013_500 : RSOP_ExtensionStatus.extensionGuid=""{8A28E2C5-8D06-49A4-A08C-632DAA493E17}""",Unknown,,,,,,0x80041002,NT AUTHORITY\SYSTEM,http://manifests.microsoft.com/win/2006/windows/WMI,
2026-05-23T23:01:59.274466Z,5858,dc.scaffold.htb,Microsoft-Windows-WMI-Activity,Microsoft-Windows-WMI-Activity/Operational,2327,2,,DC,1544,,Unknown,,,{20650CF2-55C0-45A0-9CAC-B8E8E3FDDA9C},,,"Start IWbemServices::DeleteInstance - Root\Rsop\User\S_1_5_21_365932789_2848835602_3476675013_500 : RSOP_ExtensionStatus.extensionGuid=""{91FBB303-0CD5-4055-BF42-E512A681B325}""",Unknown,,,,,,0x80041002,NT AUTHORITY\SYSTEM,http://manifests.microsoft.com/win/2006/windows/WMI,
2026-05-23T23:01:59.274814Z,5858,dc.scaffold.htb,Microsoft-Windows-WMI-Activity,Microsoft-Windows-WMI-Activity/Operational,2328,2,,DC,1544,,Unknown,,,{20650CF2-55C0-45A0-9CAC-B8E8E3FDDA9C},,,"Start IWbemServices::DeleteInstance - Root\Rsop\User\S_1_5_21_365932789_2848835602_3476675013_500 : RSOP_ExtensionStatus.extensionGuid=""{A3F3E39B-5D83-4940-B954-28315B82F0A8}""",Unknown,,,,,,0x80041002,NT AUTHORITY\SYSTEM,http://manifests.microsoft.com/win/2006/windows/WMI,
2026-05-23T23:01:59.275222Z,5858,dc.scaffold.htb,Microsoft-Windows-WMI-Activity,Microsoft-Windows-WMI-Activity/Operational,2329,2,,DC,1544,,Unknown,,,{20650CF2-55C0-45A0-9CAC-B8E8E3FDDA9C},,,"Start IWbemServices::DeleteInstance - Root\Rsop\User\S_1_5_21_365932789_2848835602_3476675013_500 : RSOP_ExtensionStatus.extensionGuid=""{AADCED64-746C-4633-A97C-D61349046527}""",Unknown,,,,,,0x80041002,NT AUTHORITY\SYSTEM,http://manifests.microsoft.com/win/2006/windows/WMI,
2026-05-23T23:01:59.275695Z,5858,dc.scaffold.htb,Microsoft-Windows-WMI-Activity,Microsoft-Windows-WMI-Activity/Operational,2330,2,,DC,1544,,Unknown,,,{20650CF2-55C0-45A0-9CAC-B8E8E3FDDA9C},,,"Start IWbemServices::DeleteInstance - Root\Rsop\User\S_1_5_21_365932789_2848835602_3476675013_500 : RSOP_ExtensionStatus.extensionGuid=""{B087BE9D-ED37-454f-AF9C-04291E351182}""",Unknown,,,,,,0x80041002,NT AUTHORITY\SYSTEM,http://manifests.microsoft.com/win/2006/windows/WMI,
2026-05-23T23:01:59.276099Z,5858,dc.scaffold.htb,Microsoft-Windows-WMI-Activity,Microsoft-Windows-WMI-Activity/Operational,2331,2,,DC,1544,,Unknown,,,{20650CF2-55C0-45A0-9CAC-B8E8E3FDDA9C},,,"Start IWbemServices::DeleteInstance - Root\Rsop\User\S_1_5_21_365932789_2848835602_3476675013_500 : RSOP_ExtensionStatus.extensionGuid=""{BA649533-0AAC-4E04-B9BC-4DBAE0325B12}""",Unknown,,,,,,0x80041002,NT AUTHORITY\SYSTEM,http://manifests.microsoft.com/win/2006/windows/WMI,
2026-05-23T23:01:59.276466Z,5858,dc.scaffold.htb,Microsoft-Windows-WMI-Activity,Microsoft-Windows-WMI-Activity/Operational,2332,2,,DC,1544,,Unknown,,,{20650CF2-55C0-45A0-9CAC-B8E8E3FDDA9C},,,"Start IWbemServices::DeleteInstance - Root\Rsop\User\S_1_5_21_365932789_2848835602_3476675013_500 : RSOP_ExtensionStatus.extensionGuid=""{BC75B1ED-5833-4858-9BB8-CBF0B166DF9D}""",Unknown,,,,,,0x80041002,NT AUTHORITY\SYSTEM,http://manifests.microsoft.com/win/2006/windows/WMI,
2026-05-23T23:01:59.276842Z,5858,dc.scaffold.htb,Microsoft-Windows-WMI-Activity,Microsoft-Windows-WMI-Activity/Operational,2333,2,,DC,1544,,Unknown,,,{20650CF2-55C0-45A0-9CAC-B8E8E3FDDA9C},,,"Start IWbemServices::DeleteInstance - Root\Rsop\User\S_1_5_21_365932789_2848835602_3476675013_500 : RSOP_ExtensionStatus.extensionGuid=""{C34B2751-1CF4-44F5-9262-C3FC39666591}""",Unknown,,,,,,0x80041002,NT AUTHORITY\SYSTEM,http://manifests.microsoft.com/win/2006/windows/WMI,
2026-05-23T23:01:59.277263Z,5858,dc.scaffold.htb,Microsoft-Windows-WMI-Activity,Microsoft-Windows-WMI-Activity/Operational,2334,2,,DC,1544,,Unknown,,,{20650CF2-55C0-45A0-9CAC-B8E8E3FDDA9C},,,"Start IWbemServices::DeleteInstance - Root\Rsop\User\S_1_5_21_365932789_2848835602_3476675013_500 : RSOP_ExtensionStatus.extensionGuid=""{C418DD9D-0D14-4efb-8FBF-CFE535C8FAC7}""",Unknown,,,,,,0x80041002,NT AUTHORITY\SYSTEM,http://manifests.microsoft.com/win/2006/windows/WMI,
2026-05-23T23:01:59.277678Z,5858,dc.scaffold.htb,Microsoft-Windows-WMI-Activity,Microsoft-Windows-WMI-Activity/Operational,2335,2,,DC,1544,,Unknown,,,{20650CF2-55C0-45A0-9CAC-B8E8E3FDDA9C},,,"Start IWbemServices::DeleteInstance - Root\Rsop\User\S_1_5_21_365932789_2848835602_3476675013_500 : RSOP_ExtensionStatus.extensionGuid=""{C631DF4C-088F-4156-B058-4375F0853CD8}""",Unknown,,,,,,0x80041002,NT AUTHORITY\SYSTEM,http://manifests.microsoft.com/win/2006/windows/WMI,
2026-05-23T23:01:59.278365Z,5858,dc.scaffold.htb,Microsoft-Windows-WMI-Activity,Microsoft-Windows-WMI-Activity/Operational,2336,2,,DC,1544,,Unknown,,,{20650CF2-55C0-45A0-9CAC-B8E8E3FDDA9C},,,"Start IWbemServices::DeleteInstance - Root\Rsop\User\S_1_5_21_365932789_2848835602_3476675013_500 : RSOP_ExtensionStatus.extensionGuid=""{c6dc5466-785a-11d2-84d0-00c04fb169f7}""",Unknown,,,,,,0x80041002,NT AUTHORITY\SYSTEM,http://manifests.microsoft.com/win/2006/windows/WMI,
2026-05-23T23:01:59.278835Z,5858,dc.scaffold.htb,Microsoft-Windows-WMI-Activity,Microsoft-Windows-WMI-Activity/Operational,2337,2,,DC,1544,,Unknown,,,{20650CF2-55C0-45A0-9CAC-B8E8E3FDDA9C},,,"Start IWbemServices::DeleteInstance - Root\Rsop\User\S_1_5_21_365932789_2848835602_3476675013_500 : RSOP_ExtensionStatus.extensionGuid=""{CF7639F3-ABA2-41DB-97F2-81E2C5DBFC5D}""",Unknown,,,,,,0x80041002,NT AUTHORITY\SYSTEM,http://manifests.microsoft.com/win/2006/windows/WMI,
2026-05-23T23:01:59.279127Z,5858,dc.scaffold.htb,Microsoft-Windows-WMI-Activity,Microsoft-Windows-WMI-Activity/Operational,2338,2,,DC,1544,,Unknown,,,{20650CF2-55C0-45A0-9CAC-B8E8E3FDDA9C},,,"Start IWbemServices::DeleteInstance - Root\Rsop\User\S_1_5_21_365932789_2848835602_3476675013_500 : RSOP_ExtensionStatus.extensionGuid=""{CFF649BD-601D-4361-AD3D-0FC365DB4DB7}""",Unknown,,,,,,0x80041002,NT AUTHORITY\SYSTEM,http://manifests.microsoft.com/win/2006/windows/WMI,
2026-05-23T23:01:59.279412Z,5858,dc.scaffold.htb,Microsoft-Windows-WMI-Activity,Microsoft-Windows-WMI-Activity/Operational,2339,2,,DC,1544,,Unknown,,,{20650CF2-55C0-45A0-9CAC-B8E8E3FDDA9C},,,"Start IWbemServices::DeleteInstance - Root\Rsop\User\S_1_5_21_365932789_2848835602_3476675013_500 : RSOP_ExtensionStatus.extensionGuid=""{E47248BA-94CC-49c4-BBB5-9EB7F05183D0}""",Unknown,,,,,,0x80041002,NT AUTHORITY\SYSTEM,http://manifests.microsoft.com/win/2006/windows/WMI,
2026-05-23T23:01:59.279670Z,5858,dc.scaffold.htb,Microsoft-Windows-WMI-Activity,Microsoft-Windows-WMI-Activity/Operational,2340,2,,DC,1544,,Unknown,,,{20650CF2-55C0-45A0-9CAC-B8E8E3FDDA9C},,,"Start IWbemServices::DeleteInstance - Root\Rsop\User\S_1_5_21_365932789_2848835602_3476675013_500 : RSOP_ExtensionStatus.extensionGuid=""{E4F48E54-F38D-4884-BFB9-D4D2E5729C18}""",Unknown,,,,,,0x80041002,NT AUTHORITY\SYSTEM,http://manifests.microsoft.com/win/2006/windows/WMI,
2026-05-23T23:01:59.279975Z,5858,dc.scaffold.htb,Microsoft-Windows-WMI-Activity,Microsoft-Windows-WMI-Activity/Operational,2341,2,,DC,1544,,Unknown,,,{20650CF2-55C0-45A0-9CAC-B8E8E3FDDA9C},,,"Start IWbemServices::DeleteInstance - Root\Rsop\User\S_1_5_21_365932789_2848835602_3476675013_500 : RSOP_ExtensionStatus.extensionGuid=""{E5094040-C46C-4115-B030-04FB2E545B00}""",Unknown,,,,,,0x80041002,NT AUTHORITY\SYSTEM,http://manifests.microsoft.com/win/2006/windows/WMI,
2026-05-23T23:01:59.280255Z,5858,dc.scaffold.htb,Microsoft-Windows-WMI-Activity,Microsoft-Windows-WMI-Activity/Operational,2342,2,,DC,1544,,Unknown,,,{20650CF2-55C0-45A0-9CAC-B8E8E3FDDA9C},,,"Start IWbemServices::DeleteInstance - Root\Rsop\User\S_1_5_21_365932789_2848835602_3476675013_500 : RSOP_ExtensionStatus.extensionGuid=""{E62688F0-25FD-4c90-BFF5-F508B9D2E31F}""",Unknown,,,,,,0x80041002,NT AUTHORITY\SYSTEM,http://manifests.microsoft.com/win/2006/windows/WMI,
2026-05-23T23:01:59.280529Z,5858,dc.scaffold.htb,Microsoft-Windows-WMI-Activity,Microsoft-Windows-WMI-Activity/Operational,2343,2,,DC,1544,,Unknown,,,{20650CF2-55C0-45A0-9CAC-B8E8E3FDDA9C},,,"Start IWbemServices::DeleteInstance - Root\Rsop\User\S_1_5_21_365932789_2848835602_3476675013_500 : RSOP_ExtensionStatus.extensionGuid=""{F9C77450-3A41-477E-9310-9ACD617BD9E3}""",Unknown,,,,,,0x80041002,NT AUTHORITY\SYSTEM,http://manifests.microsoft.com/win/2006/windows/WMI,
2026-05-23T23:01:59.280784Z,5858,dc.scaffold.htb,Microsoft-Windows-WMI-Activity,Microsoft-Windows-WMI-Activity/Operational,2344,2,,DC,1544,,Unknown,,,{20650CF2-55C0-45A0-9CAC-B8E8E3FDDA9C},,,"Start IWbemServices::DeleteInstance - Root\Rsop\User\S_1_5_21_365932789_2848835602_3476675013_500 : RSOP_ExtensionStatus.extensionGuid=""{FB2CA36D-0B40-4307-821B-A13B252DE56C}""",Unknown,,,,,,0x80041002,NT AUTHORITY\SYSTEM,http://manifests.microsoft.com/win/2006/windows/WMI,
2026-05-23T23:02:05.185254Z,5857,dc.scaffold.htb,Microsoft-Windows-WMI-Activity,Microsoft-Windows-WMI-Activity/Operational,2345,0,,,,0x0,,,wmiprvse.exe,,,,,,4760,,mgmtprovider,%systemroot%\system32\wbem\mgmtprovider.dll,,,,http://manifests.microsoft.com/win/2006/windows/WMI,
2026-05-23T23:02:05.275339Z,5857,dc.scaffold.htb,Microsoft-Windows-WMI-Activity,Microsoft-Windows-WMI-Activity/Operational,2346,0,,,,0x0,,,wmiprvse.exe,,,,,,2672,,NetAdapterCim,%systemroot%\system32\wbem\NetAdapterCim.dll,,,,http://manifests.microsoft.com/win/2006/windows/WMI,
2026-05-23T23:02:05.468819Z,5857,dc.scaffold.htb,Microsoft-Windows-WMI-Activity,Microsoft-Windows-WMI-Activity/Operational,2347,0,,,,0x0,,,wmiprvse.exe,,,,,,4760,,nettcpip,%systemroot%\system32\wbem\NetTCPIP.dll,,,,http://manifests.microsoft.com/win/2006/windows/WMI,
2026-05-23T23:02:09.429484Z,5857,dc.scaffold.htb,Microsoft-Windows-WMI-Activity,Microsoft-Windows-WMI-Activity/Operational,2348,0,,,,0x0,,,wmiprvse.exe,,,,,,6140,,deploymentprovider,%systemroot%\system32\wbem\ServerManager.DeploymentProvider.dll,,,,http://manifests.microsoft.com/win/2006/windows/WMI,
2026-05-23T23:02:29.244214Z,5861,dc.scaffold.htb,Microsoft-Windows-WMI-Activity,Microsoft-Windows-WMI-Activity/Operational,2349,0,"NTEventLogEventConsumer=""SCM Event Log Consumer""",,,,,SCM Event Log Filter,,,//./root/subscription,,,"Binding EventFilter: 
instance of __EventFilter
{
	CreatorSID = {1, 2, 0, 0, 0, 0, 0, 5, 32, 0, 0, 0, 32, 2, 0, 0};
	EventNamespace = ""root\\cimv2"";
	Name = ""SCM Event Log Filter"";
	Query = ""select * from MSFT_SCMEventLogEvent"";
	QueryLanguage = ""WQL"";
};
Perm. Consumer: 
instance of NTEventLogEventConsumer
{
	Category = 0;
	CreatorSID = {1, 2, 0, 0, 0, 0, 0, 5, 32, 0, 0, 0, 32, 2, 0, 0};
	EventType = 1;
	Name = ""SCM Event Log Consumer"";
	NameOfUserSIDProperty = ""sid"";
	SourceName = ""Service Control Manager"";
};
",,,,,,,,http://manifests.microsoft.com/win/2006/windows/WMI,
2026-05-23T23:02:29.286711Z,5859,dc.scaffold.htb,SCM Event Provider,Microsoft-Windows-WMI-Activity/Operational,2350,0,,,,,,,,,,//./root/CIMV2,,Permanent,,3260,,,select * from MSFT_SCMEventLogEvent,,S-1-5-32-544,http://manifests.microsoft.com/win/2006/windows/WMI,0
2026-05-23T23:03:15.756065Z,5858,dc.scaffold.htb,Microsoft-Windows-WMI-Activity,Microsoft-Windows-WMI-Activity/Operational,2351,2,,DC,8180,,Unknown,,,{00000000-0000-0000-0000-000000000000},,,Start IWbemServices::ExecQuery - root\cimv2 : SELECT * FROM Win32_OperatingSystem,Unknown,,,,,,0x80041032,NT AUTHORITY\SYSTEM,http://manifests.microsoft.com/win/2006/windows/WMI,
2026-05-23T23:03:17.894821Z,5858,dc.scaffold.htb,Microsoft-Windows-WMI-Activity,Microsoft-Windows-WMI-Activity/Operational,2352,2,,DC,8180,,Unknown,,,{00000000-0000-0000-0000-000000000000},,,Start IWbemServices::ExecQuery - root\cimv2 : SELECT * FROM Win32_ComputerSystem,Unknown,,,,,,0x80041032,NT AUTHORITY\SYSTEM,http://manifests.microsoft.com/win/2006/windows/WMI,
2026-05-23T23:09:15.671077Z,5857,dc.scaffold.htb,Microsoft-Windows-WMI-Activity,Microsoft-Windows-WMI-Activity/Operational,2353,0,,,,0x0,,,wmiprvse.exe,,,,,,3492,,WMIProv,%systemroot%\system32\wbem\wmiprov.dll,,,,http://manifests.microsoft.com/win/2006/windows/WMI,
2026-05-23T23:12:05.169932Z,5857,dc.scaffold.htb,Microsoft-Windows-WMI-Activity,Microsoft-Windows-WMI-Activity/Operational,2354,0,,,,0x0,,,wmiprvse.exe,,,,,,4760,,mgmtprovider,%systemroot%\system32\wbem\mgmtprovider.dll,,,,http://manifests.microsoft.com/win/2006/windows/WMI,
2026-05-23T23:12:05.213716Z,5857,dc.scaffold.htb,Microsoft-Windows-WMI-Activity,Microsoft-Windows-WMI-Activity/Operational,2355,0,,,,0x0,,,wmiprvse.exe,,,,,,3996,,NetAdapterCim,%systemroot%\system32\wbem\NetAdapterCim.dll,,,,http://manifests.microsoft.com/win/2006/windows/WMI,
2026-05-23T23:12:05.287577Z,5857,dc.scaffold.htb,Microsoft-Windows-WMI-Activity,Microsoft-Windows-WMI-Activity/Operational,2356,0,,,,0x0,,,wmiprvse.exe,,,,,,4760,,nettcpip,%systemroot%\system32\wbem\NetTCPIP.dll,,,,http://manifests.microsoft.com/win/2006/windows/WMI,
2026-05-23T23:12:07.654494Z,5857,dc.scaffold.htb,Microsoft-Windows-WMI-Activity,Microsoft-Windows-WMI-Activity/Operational,2357,0,,,,0x0,,,wmiprvse.exe,,,,,,3052,,deploymentprovider,%systemroot%\system32\wbem\ServerManager.DeploymentProvider.dll,,,,http://manifests.microsoft.com/win/2006/windows/WMI,
2026-05-23T23:12:56.535805Z,5857,dc.scaffold.htb,Microsoft-Windows-WMI-Activity,Microsoft-Windows-WMI-Activity/Operational,2358,0,,,,0x0,,,wmiprvse.exe,,,,,,4760,,CIMWin32a,%systemroot%\system32\wbem\wmipcima.dll,,,,http://manifests.microsoft.com/win/2006/windows/WMI,
2026-05-23T23:19:36.731377Z,5857,dc.scaffold.htb,Microsoft-Windows-WMI-Activity,Microsoft-Windows-WMI-Activity/Operational,2359,0,,,,0x0,,,wmiprvse.exe,,,,,,3492,,WMIProv,%systemroot%\system32\wbem\wmiprov.dll,,,,http://manifests.microsoft.com/win/2006/windows/WMI,
2026-05-23T23:22:05.188566Z,5857,dc.scaffold.htb,Microsoft-Windows-WMI-Activity,Microsoft-Windows-WMI-Activity/Operational,2360,0,,,,0x0,,,wmiprvse.exe,,,,,,4760,,mgmtprovider,%systemroot%\system32\wbem\mgmtprovider.dll,,,,http://manifests.microsoft.com/win/2006/windows/WMI,
2026-05-23T23:22:05.247475Z,5857,dc.scaffold.htb,Microsoft-Windows-WMI-Activity,Microsoft-Windows-WMI-Activity/Operational,2361,0,,,,0x0,,,wmiprvse.exe,,,,,,7572,,NetAdapterCim,%systemroot%\system32\wbem\NetAdapterCim.dll,,,,http://manifests.microsoft.com/win/2006/windows/WMI,
2026-05-23T23:22:05.314628Z,5857,dc.scaffold.htb,Microsoft-Windows-WMI-Activity,Microsoft-Windows-WMI-Activity/Operational,2362,0,,,,0x0,,,wmiprvse.exe,,,,,,4760,,nettcpip,%systemroot%\system32\wbem\NetTCPIP.dll,,,,http://manifests.microsoft.com/win/2006/windows/WMI,
2026-05-23T23:22:07.588130Z,5857,dc.scaffold.htb,Microsoft-Windows-WMI-Activity,Microsoft-Windows-WMI-Activity/Operational,2363,0,,,,0x0,,,wmiprvse.exe,,,,,,3052,,deploymentprovider,%systemroot%\system32\wbem\ServerManager.DeploymentProvider.dll,,,,http://manifests.microsoft.com/win/2006/windows/WMI,
2026-05-23T23:30:57.630272Z,5857,dc.scaffold.htb,Microsoft-Windows-WMI-Activity,Microsoft-Windows-WMI-Activity/Operational,2364,0,,,,0x0,,,wmiprvse.exe,,,,,,4760,,CIMWin32a,%systemroot%\system32\wbem\wmipcima.dll,,,,http://manifests.microsoft.com/win/2006/windows/WMI,
2026-05-23T23:32:05.199552Z,5857,dc.scaffold.htb,Microsoft-Windows-WMI-Activity,Microsoft-Windows-WMI-Activity/Operational,2365,0,,,,0x0,,,wmiprvse.exe,,,,,,4760,,mgmtprovider,%systemroot%\system32\wbem\mgmtprovider.dll,,,,http://manifests.microsoft.com/win/2006/windows/WMI,
2026-05-23T23:32:05.277964Z,5857,dc.scaffold.htb,Microsoft-Windows-WMI-Activity,Microsoft-Windows-WMI-Activity/Operational,2366,0,,,,0x0,,,wmiprvse.exe,,,,,,7788,,NetAdapterCim,%systemroot%\system32\wbem\NetAdapterCim.dll,,,,http://manifests.microsoft.com/win/2006/windows/WMI,
2026-05-23T23:32:05.414042Z,5857,dc.scaffold.htb,Microsoft-Windows-WMI-Activity,Microsoft-Windows-WMI-Activity/Operational,2367,0,,,,0x0,,,wmiprvse.exe,,,,,,4760,,nettcpip,%systemroot%\system32\wbem\NetTCPIP.dll,,,,http://manifests.microsoft.com/win/2006/windows/WMI,
2026-05-23T23:32:07.726419Z,5857,dc.scaffold.htb,Microsoft-Windows-WMI-Activity,Microsoft-Windows-WMI-Activity/Operational,2368,0,,,,0x0,,,wmiprvse.exe,,,,,,7256,,deploymentprovider,%systemroot%\system32\wbem\ServerManager.DeploymentProvider.dll,,,,http://manifests.microsoft.com/win/2006/windows/WMI,
2026-05-23T23:32:30.197270Z,5857,dc.scaffold.htb,Microsoft-Windows-WMI-Activity,Microsoft-Windows-WMI-Activity/Operational,2369,0,,,,0x0,,,wmiprvse.exe,,,,,,4760,,Microsoft|DSLDAPClassProvider|V1.0,%systemroot%\system32\wbem\dsprov.dll,,,,http://manifests.microsoft.com/win/2006/windows/WMI,
2026-05-23T23:32:30.840021Z,5857,dc.scaffold.htb,Microsoft-Windows-WMI-Activity,Microsoft-Windows-WMI-Activity/Operational,2370,0,,,,0x0,,,wmiprvse.exe,,,,,,4760,,Microsoft|DSLDAPInstanceProvider|V1.0,%systemroot%\system32\wbem\dsprov.dll,,,,http://manifests.microsoft.com/win/2006/windows/WMI,
2026-05-23T23:32:33.094581Z,5857,dc.scaffold.htb,Microsoft-Windows-WMI-Activity,Microsoft-Windows-WMI-Activity/Operational,2371,0,,,,0x0,,,wmiprvse.exe,,,,,,4760,,Win32_WIN32_TERMINALSERVICE_Prov,%SystemRoot%\system32\tscfgwmi.dll,,,,http://manifests.microsoft.com/win/2006/windows/WMI,
2026-05-23T23:32:33.099384Z,5858,dc.scaffold.htb,Microsoft-Windows-WMI-Activity,Microsoft-Windows-WMI-Activity/Operational,2372,2,,DC,1428,,Unknown,,,{00000000-0000-0000-0000-000000000000},,,Start IWbemServices::ExecQuery - ROOT\CIMV2 : SELECT State FROM Win32_Service,Unknown,,,,,,0x80041032,NT AUTHORITY\SYSTEM,http://manifests.microsoft.com/win/2006/windows/WMI,
2026-05-23T23:32:33.206820Z,5858,dc.scaffold.htb,Microsoft-Windows-WMI-Activity,Microsoft-Windows-WMI-Activity/Operational,2373,2,,DC,1428,,Unknown,,,{00000000-0000-0000-0000-000000000000},,,"Start IWbemServices::ExecQuery - root\cimv2 : SELECT FreeSpace FROM Win32_LogicalDisk WHERE DeviceId = ""C:""",Unknown,,,,,,0x80041032,NT AUTHORITY\SYSTEM,http://manifests.microsoft.com/win/2006/windows/WMI,
2026-05-23T23:33:44.989387Z,5857,dc.scaffold.htb,Microsoft-Windows-WMI-Activity,Microsoft-Windows-WMI-Activity/Operational,2374,0,,,,0x0,,,wmiprvse.exe,,,,,,3492,,WMIProv,%systemroot%\system32\wbem\wmiprov.dll,,,,http://manifests.microsoft.com/win/2006/windows/WMI,
2026-05-23T23:42:05.207655Z,5857,dc.scaffold.htb,Microsoft-Windows-WMI-Activity,Microsoft-Windows-WMI-Activity/Operational,2375,0,,,,0x0,,,wmiprvse.exe,,,,,,4760,,mgmtprovider,%systemroot%\system32\wbem\mgmtprovider.dll,,,,http://manifests.microsoft.com/win/2006/windows/WMI,
2026-05-23T23:42:05.282662Z,5857,dc.scaffold.htb,Microsoft-Windows-WMI-Activity,Microsoft-Windows-WMI-Activity/Operational,2376,0,,,,0x0,,,wmiprvse.exe,,,,,,5960,,NetAdapterCim,%systemroot%\system32\wbem\NetAdapterCim.dll,,,,http://manifests.microsoft.com/win/2006/windows/WMI,
2026-05-23T23:42:05.429658Z,5857,dc.scaffold.htb,Microsoft-Windows-WMI-Activity,Microsoft-Windows-WMI-Activity/Operational,2377,0,,,,0x0,,,wmiprvse.exe,,,,,,4760,,nettcpip,%systemroot%\system32\wbem\NetTCPIP.dll,,,,http://manifests.microsoft.com/win/2006/windows/WMI,
2026-05-23T23:42:07.705730Z,5857,dc.scaffold.htb,Microsoft-Windows-WMI-Activity,Microsoft-Windows-WMI-Activity/Operational,2378,0,,,,0x0,,,wmiprvse.exe,,,,,,616,,deploymentprovider,%systemroot%\system32\wbem\ServerManager.DeploymentProvider.dll,,,,http://manifests.microsoft.com/win/2006/windows/WMI,
2026-05-23T23:52:05.210763Z,5857,dc.scaffold.htb,Microsoft-Windows-WMI-Activity,Microsoft-Windows-WMI-Activity/Operational,2379,0,,,,0x0,,,wmiprvse.exe,,,,,,4760,,mgmtprovider,%systemroot%\system32\wbem\mgmtprovider.dll,,,,http://manifests.microsoft.com/win/2006/windows/WMI,
2026-05-23T23:52:05.248590Z,5857,dc.scaffold.htb,Microsoft-Windows-WMI-Activity,Microsoft-Windows-WMI-Activity/Operational,2380,0,,,,0x0,,,wmiprvse.exe,,,,,,7284,,NetAdapterCim,%systemroot%\system32\wbem\NetAdapterCim.dll,,,,http://manifests.microsoft.com/win/2006/windows/WMI,
2026-05-23T23:52:05.347473Z,5857,dc.scaffold.htb,Microsoft-Windows-WMI-Activity,Microsoft-Windows-WMI-Activity/Operational,2381,0,,,,0x0,,,wmiprvse.exe,,,,,,4760,,nettcpip,%systemroot%\system32\wbem\NetTCPIP.dll,,,,http://manifests.microsoft.com/win/2006/windows/WMI,
2026-05-23T23:52:07.622149Z,5857,dc.scaffold.htb,Microsoft-Windows-WMI-Activity,Microsoft-Windows-WMI-Activity/Operational,2382,0,,,,0x0,,,wmiprvse.exe,,,,,,1340,,deploymentprovider,%systemroot%\system32\wbem\ServerManager.DeploymentProvider.dll,,,,http://manifests.microsoft.com/win/2006/windows/WMI,
2026-05-23T23:54:04.109342Z,5857,dc.scaffold.htb,Microsoft-Windows-WMI-Activity,Microsoft-Windows-WMI-Activity/Operational,2383,0,,,,0x0,,,wmiprvse.exe,,,,,,4760,,ScheduledTaskProv,%SYSTEMROOT%\System32\wbem\schedprov.dll,,,,http://manifests.microsoft.com/win/2006/windows/WMI,
2026-05-23T23:55:19.471065Z,5857,dc.scaffold.htb,Microsoft-Windows-WMI-Activity,Microsoft-Windows-WMI-Activity/Operational,2384,0,,,,0x0,,,wmiprvse.exe,,,,,,4760,,ScheduledTaskProv,%SYSTEMROOT%\System32\wbem\schedprov.dll,,,,http://manifests.microsoft.com/win/2006/windows/WMI,
2026-05-23T23:58:31.024603Z,5857,dc.scaffold.htb,Microsoft-Windows-WMI-Activity,Microsoft-Windows-WMI-Activity/Operational,2385,0,,,,0x0,,,wmiprvse.exe,,,,,,4760,,ScheduledTaskProv,%SYSTEMROOT%\System32\wbem\schedprov.dll,,,,http://manifests.microsoft.com/win/2006/windows/WMI,
2026-05-24T00:00:06.238917Z,5857,dc.scaffold.htb,Microsoft-Windows-WMI-Activity,Microsoft-Windows-WMI-Activity/Operational,2386,0,,,,0x0,,,wmiprvse.exe,,,,,,4760,,ScheduledTaskProv,%SYSTEMROOT%\System32\wbem\schedprov.dll,,,,http://manifests.microsoft.com/win/2006/windows/WMI,
2026-05-24T00:00:38.830133Z,5857,dc.scaffold.htb,Microsoft-Windows-WMI-Activity,Microsoft-Windows-WMI-Activity/Operational,2387,0,,,,0x0,,,wmiprvse.exe,,,,,,4760,,ScheduledTaskProv,%SYSTEMROOT%\System32\wbem\schedprov.dll,,,,http://manifests.microsoft.com/win/2006/windows/WMI,
2026-05-24T00:02:05.231481Z,5857,dc.scaffold.htb,Microsoft-Windows-WMI-Activity,Microsoft-Windows-WMI-Activity/Operational,2388,0,,,,0x0,,,wmiprvse.exe,,,,,,4760,,mgmtprovider,%systemroot%\system32\wbem\mgmtprovider.dll,,,,http://manifests.microsoft.com/win/2006/windows/WMI,
2026-05-24T00:02:05.270582Z,5857,dc.scaffold.htb,Microsoft-Windows-WMI-Activity,Microsoft-Windows-WMI-Activity/Operational,2389,0,,,,0x0,,,wmiprvse.exe,,,,,,2464,,NetAdapterCim,%systemroot%\system32\wbem\NetAdapterCim.dll,,,,http://manifests.microsoft.com/win/2006/windows/WMI,
2026-05-24T00:02:05.346216Z,5857,dc.scaffold.htb,Microsoft-Windows-WMI-Activity,Microsoft-Windows-WMI-Activity/Operational,2390,0,,,,0x0,,,wmiprvse.exe,,,,,,4760,,nettcpip,%systemroot%\system32\wbem\NetTCPIP.dll,,,,http://manifests.microsoft.com/win/2006/windows/WMI,
2026-05-24T00:02:07.624424Z,5857,dc.scaffold.htb,Microsoft-Windows-WMI-Activity,Microsoft-Windows-WMI-Activity/Operational,2391,0,,,,0x0,,,wmiprvse.exe,,,,,,5304,,deploymentprovider,%systemroot%\system32\wbem\ServerManager.DeploymentProvider.dll,,,,http://manifests.microsoft.com/win/2006/windows/WMI,
2026-05-24T00:05:14.783514Z,5857,dc.scaffold.htb,Microsoft-Windows-WMI-Activity,Microsoft-Windows-WMI-Activity/Operational,2392,0,,,,0x0,,,wmiprvse.exe,,,,,,5032,,CIMWin32,%systemroot%\system32\wbem\cimwin32.dll,,,,http://manifests.microsoft.com/win/2006/windows/WMI,
2026-05-24T00:05:14.876906Z,5857,dc.scaffold.htb,Microsoft-Windows-WMI-Activity,Microsoft-Windows-WMI-Activity/Operational,2393,0,,,,0x0,,,wmiprvse.exe,,,,,,5024,,WMIProv,%systemroot%\system32\wbem\wmiprov.dll,,,,http://manifests.microsoft.com/win/2006/windows/WMI,
2026-05-24T00:05:14.888609Z,5858,dc.scaffold.htb,Microsoft-Windows-WMI-Activity,Microsoft-Windows-WMI-Activity/Operational,2394,2,,DC,4084,,Unknown,,,{00000000-0000-0000-0000-000000000000},,,Start IWbemServices::CreateInstanceEnum - root\wmi : MS_SM_AdapterInformationQuery,Unknown,,,,,,0x8004100c,NT AUTHORITY\SYSTEM,http://manifests.microsoft.com/win/2006/windows/WMI,
2026-05-24T00:05:14.898010Z,5858,dc.scaffold.htb,Microsoft-Windows-WMI-Activity,Microsoft-Windows-WMI-Activity/Operational,2395,2,,DC,4084,,Unknown,,,{00000000-0000-0000-0000-000000000000},,,Start IWbemServices::CreateInstanceEnum - root\wmi : MSiSCSI_PortalInfoClass,Unknown,,,,,,0x8004100c,NT AUTHORITY\SYSTEM,http://manifests.microsoft.com/win/2006/windows/WMI,
2026-05-24T00:05:37.794813Z,5857,dc.scaffold.htb,Microsoft-Windows-WMI-Activity,Microsoft-Windows-WMI-Activity/Operational,2396,0,,,,0x0,,,wmiprvse.exe,,,,,,5024,,WmiPerfClass,C:\Windows\System32\wbem\WmiPerfClass.dll,,,,http://manifests.microsoft.com/win/2006/windows/WMI,
2026-05-24T00:05:41.226897Z,5857,dc.scaffold.htb,Microsoft-Windows-WMI-Activity,Microsoft-Windows-WMI-Activity/Operational,2397,0,,,,0x0,,,wmiprvse.exe,,,,,,5032,,CIMWin32a,%systemroot%\system32\wbem\wmipcima.dll,,,,http://manifests.microsoft.com/win/2006/windows/WMI,
2026-05-24T00:05:41.478367Z,5858,dc.scaffold.htb,Microsoft-Windows-WMI-Activity,Microsoft-Windows-WMI-Activity/Operational,2398,2,,DC,5768,,Unknown,,,{00000000-0000-0000-0000-000000000000},,,"Start IWbemServices::ExecQuery - ROOT\CIMV2 : SELECT Manufacturer, Product FROM Win32_BaseBoard",Unknown,,,,,,0x80041032,NT AUTHORITY\NETWORK SERVICE,http://manifests.microsoft.com/win/2006/windows/WMI,
2026-05-24T00:05:43.021665Z,5861,dc.scaffold.htb,Microsoft-Windows-WMI-Activity,Microsoft-Windows-WMI-Activity/Operational,2399,0,"NTEventLogEventConsumer=""SCM Event Log Consumer""",,,,,SCM Event Log Filter,,,//./root/subscription,,,"Binding EventFilter: 
instance of __EventFilter
{
	CreatorSID = {1, 2, 0, 0, 0, 0, 0, 5, 32, 0, 0, 0, 32, 2, 0, 0};
	EventNamespace = ""root\\cimv2"";
	Name = ""SCM Event Log Filter"";
	Query = ""select * from MSFT_SCMEventLogEvent"";
	QueryLanguage = ""WQL"";
};
Perm. Consumer: 
instance of NTEventLogEventConsumer
{
	Category = 0;
	CreatorSID = {1, 2, 0, 0, 0, 0, 0, 5, 32, 0, 0, 0, 32, 2, 0, 0};
	EventType = 1;
	Name = ""SCM Event Log Consumer"";
	NameOfUserSIDProperty = ""sid"";
	SourceName = ""Service Control Manager"";
};
",,,,,,,,http://manifests.microsoft.com/win/2006/windows/WMI,
2026-05-24T00:05:43.036172Z,5859,dc.scaffold.htb,SCM Event Provider,Microsoft-Windows-WMI-Activity/Operational,2400,0,,,,,,,,,,//./root/CIMV2,,Permanent,,3200,,,select * from MSFT_SCMEventLogEvent,,S-1-5-32-544,http://manifests.microsoft.com/win/2006/windows/WMI,0
2026-05-24T00:05:43.042505Z,5857,dc.scaffold.htb,Microsoft-Windows-WMI-Activity,Microsoft-Windows-WMI-Activity/Operational,2401,0,,,,0x0,,,wmiprvse.exe,,,,,,3200,,WMI Kernel Trace Event Provider,C:\Windows\System32\wbem\krnlprov.dll,,,,http://manifests.microsoft.com/win/2006/windows/WMI,
2026-05-24T00:05:43.045748Z,5860,dc.scaffold.htb,Microsoft-Windows-WMI-Activity,Microsoft-Windows-WMI-Activity/Operational,2402,0,,DC,,,,,,,,ROOT\CIMV2,,Temporary,,5992,,,SELECT * FROM Win32_ProcessStartTrace WHERE ProcessName = 'wsmprovhost.exe',,NT AUTHORITY\SYSTEM,http://manifests.microsoft.com/win/2006/windows/WMI,
2026-05-24T00:05:58.198043Z,5857,dc.scaffold.htb,Microsoft-Windows-WMI-Activity,Microsoft-Windows-WMI-Activity/Operational,2403,0,,,,0x0,,,wmiprvse.exe,,,,,,5032,,MS_NT_EVENTLOG_PROVIDER,%systemroot%\system32\wbem\ntevt.dll,,,,http://manifests.microsoft.com/win/2006/windows/WMI,
2026-05-24T00:06:32.379025Z,5857,dc.scaffold.htb,Microsoft-Windows-WMI-Activity,Microsoft-Windows-WMI-Activity/Operational,2404,0,,,,0x0,,,wmiprvse.exe,,,,,,5032,,mgmtprovider,%systemroot%\system32\wbem\mgmtprovider.dll,,,,http://manifests.microsoft.com/win/2006/windows/WMI,
2026-05-24T00:06:32.427896Z,5857,dc.scaffold.htb,Microsoft-Windows-WMI-Activity,Microsoft-Windows-WMI-Activity/Operational,2405,0,,,,0x0,,,wmiprvse.exe,,,,,,7228,,NetAdapterCim,%systemroot%\system32\wbem\NetAdapterCim.dll,,,,http://manifests.microsoft.com/win/2006/windows/WMI,
2026-05-24T00:06:32.529851Z,5857,dc.scaffold.htb,Microsoft-Windows-WMI-Activity,Microsoft-Windows-WMI-Activity/Operational,2406,0,,,,0x0,,,wmiprvse.exe,,,,,,5032,,nettcpip,%systemroot%\system32\wbem\NetTCPIP.dll,,,,http://manifests.microsoft.com/win/2006/windows/WMI,
2026-05-24T00:06:35.583591Z,5857,dc.scaffold.htb,Microsoft-Windows-WMI-Activity,Microsoft-Windows-WMI-Activity/Operational,2407,0,,,,0x0,,,wmiprvse.exe,,,,,,7416,,deploymentprovider,%systemroot%\system32\wbem\ServerManager.DeploymentProvider.dll,,,,http://manifests.microsoft.com/win/2006/windows/WMI,
2026-05-24T00:07:43.895204Z,5858,dc.scaffold.htb,Microsoft-Windows-WMI-Activity,Microsoft-Windows-WMI-Activity/Operational,2408,2,,DC,8056,,Unknown,,,{00000000-0000-0000-0000-000000000000},,,Start IWbemServices::ExecQuery - root\cimv2 : SELECT * FROM Win32_ComputerSystemProduct,Unknown,,,,,,0x80041032,NT AUTHORITY\SYSTEM,http://manifests.microsoft.com/win/2006/windows/WMI,
2026-05-24T00:07:43.900647Z,5858,dc.scaffold.htb,Microsoft-Windows-WMI-Activity,Microsoft-Windows-WMI-Activity/Operational,2409,2,,DC,8056,,Unknown,,,{00000000-0000-0000-0000-000000000000},,,Start IWbemServices::ExecQuery - root\cimv2 : SELECT * FROM Win32_ComputerSystem,Unknown,,,,,,0x80041032,NT AUTHORITY\SYSTEM,http://manifests.microsoft.com/win/2006/windows/WMI,
2026-05-24T00:07:43.905340Z,5858,dc.scaffold.htb,Microsoft-Windows-WMI-Activity,Microsoft-Windows-WMI-Activity/Operational,2410,2,,DC,8056,,Unknown,,,{00000000-0000-0000-0000-000000000000},,,Start IWbemServices::ExecQuery - root\cimv2 : SELECT * FROM Win32_ComputerSystem,Unknown,,,,,,0x80041032,NT AUTHORITY\SYSTEM,http://manifests.microsoft.com/win/2006/windows/WMI,
2026-05-24T00:07:43.962511Z,5858,dc.scaffold.htb,Microsoft-Windows-WMI-Activity,Microsoft-Windows-WMI-Activity/Operational,2411,2,,DC,8056,,Unknown,,,{00000000-0000-0000-0000-000000000000},,,Start IWbemServices::ExecQuery - root\cimv2 : SELECT * FROM Win32_OperatingSystem,Unknown,,,,,,0x80041032,NT AUTHORITY\SYSTEM,http://manifests.microsoft.com/win/2006/windows/WMI,
2026-05-24T00:07:46.062798Z,5858,dc.scaffold.htb,Microsoft-Windows-WMI-Activity,Microsoft-Windows-WMI-Activity/Operational,2412,2,,DC,8056,,Unknown,,,{00000000-0000-0000-0000-000000000000},,,Start IWbemServices::ExecQuery - root\cimv2 : SELECT * FROM Win32_ComputerSystem,Unknown,,,,,,0x80041032,NT AUTHORITY\SYSTEM,http://manifests.microsoft.com/win/2006/windows/WMI,
2026-05-24T00:13:43.674676Z,5857,dc.scaffold.htb,Microsoft-Windows-WMI-Activity,Microsoft-Windows-WMI-Activity/Operational,2413,0,,,,0x0,,,wmiprvse.exe,,,,,,5024,,WMIProv,%systemroot%\system32\wbem\wmiprov.dll,,,,http://manifests.microsoft.com/win/2006/windows/WMI,
2026-05-24T00:15:43.634406Z,5858,dc.scaffold.htb,Microsoft-Windows-WMI-Activity,Microsoft-Windows-WMI-Activity/Operational,2414,2,,DC,5992,,Unknown,,,{F2B15606-EB10-0003-D957-B1F210EBDC01},,,Start IWbemServices::ExecNotificationQuery - ROOT\CIMV2 : SELECT * FROM Win32_ProcessStartTrace WHERE ProcessName = 'wsmprovhost.exe',Unknown,,,,,,0x80041032,NT AUTHORITY\SYSTEM,http://manifests.microsoft.com/win/2006/windows/WMI,
2026-05-24T00:16:32.401476Z,5857,dc.scaffold.htb,Microsoft-Windows-WMI-Activity,Microsoft-Windows-WMI-Activity/Operational,2415,0,,,,0x0,,,wmiprvse.exe,,,,,,5032,,mgmtprovider,%systemroot%\system32\wbem\mgmtprovider.dll,,,,http://manifests.microsoft.com/win/2006/windows/WMI,
2026-05-24T00:16:32.435646Z,5857,dc.scaffold.htb,Microsoft-Windows-WMI-Activity,Microsoft-Windows-WMI-Activity/Operational,2416,0,,,,0x0,,,wmiprvse.exe,,,,,,2376,,NetAdapterCim,%systemroot%\system32\wbem\NetAdapterCim.dll,,,,http://manifests.microsoft.com/win/2006/windows/WMI,
2026-05-24T00:16:32.542275Z,5857,dc.scaffold.htb,Microsoft-Windows-WMI-Activity,Microsoft-Windows-WMI-Activity/Operational,2417,0,,,,0x0,,,wmiprvse.exe,,,,,,5032,,nettcpip,%systemroot%\system32\wbem\NetTCPIP.dll,,,,http://manifests.microsoft.com/win/2006/windows/WMI,
2026-05-24T00:16:34.922425Z,5857,dc.scaffold.htb,Microsoft-Windows-WMI-Activity,Microsoft-Windows-WMI-Activity/Operational,2418,0,,,,0x0,,,wmiprvse.exe,,,,,,4292,,deploymentprovider,%systemroot%\system32\wbem\ServerManager.DeploymentProvider.dll,,,,http://manifests.microsoft.com/win/2006/windows/WMI,
2026-05-24T00:21:00.851809Z,5857,dc.scaffold.htb,Microsoft-Windows-WMI-Activity,Microsoft-Windows-WMI-Activity/Operational,2419,0,,,,0x0,,,wmiprvse.exe,,,,,,5032,,mgmtprovider,%systemroot%\system32\wbem\mgmtprovider.dll,,,,http://manifests.microsoft.com/win/2006/windows/WMI,
2026-05-24T00:21:00.890698Z,5857,dc.scaffold.htb,Microsoft-Windows-WMI-Activity,Microsoft-Windows-WMI-Activity/Operational,2420,0,,,,0x0,,,wmiprvse.exe,,,,,,3888,,NetAdapterCim,%systemroot%\system32\wbem\NetAdapterCim.dll,,,,http://manifests.microsoft.com/win/2006/windows/WMI,
2026-05-24T00:21:00.975178Z,5857,dc.scaffold.htb,Microsoft-Windows-WMI-Activity,Microsoft-Windows-WMI-Activity/Operational,2421,0,,,,0x0,,,wmiprvse.exe,,,,,,5032,,nettcpip,%systemroot%\system32\wbem\NetTCPIP.dll,,,,http://manifests.microsoft.com/win/2006/windows/WMI,
2026-05-24T00:21:03.384537Z,5857,dc.scaffold.htb,Microsoft-Windows-WMI-Activity,Microsoft-Windows-WMI-Activity/Operational,2422,0,,,,0x0,,,wmiprvse.exe,,,,,,5740,,deploymentprovider,%systemroot%\system32\wbem\ServerManager.DeploymentProvider.dll,,,,http://manifests.microsoft.com/win/2006/windows/WMI,
2026-05-24T00:22:38.840181Z,5857,dc.scaffold.htb,Microsoft-Windows-WMI-Activity,Microsoft-Windows-WMI-Activity/Operational,2423,0,,,,0x0,,,wmiprvse.exe,,,,,,5032,,CIMWin32a,%systemroot%\system32\wbem\wmipcima.dll,,,,http://manifests.microsoft.com/win/2006/windows/WMI,
2026-05-24T00:26:11.119193Z,5857,dc.scaffold.htb,Microsoft-Windows-WMI-Activity,Microsoft-Windows-WMI-Activity/Operational,2424,0,,,,0x0,,,wmiprvse.exe,,,,,,5032,,CIMWin32a,%systemroot%\system32\wbem\wmipcima.dll,,,,http://manifests.microsoft.com/win/2006/windows/WMI,
2026-05-24T00:35:41.209744Z,5857,dc.scaffold.htb,Microsoft-Windows-WMI-Activity,Microsoft-Windows-WMI-Activity/Operational,2425,0,,,,0x0,,,wmiprvse.exe,,,,,,5032,,CIMWin32a,%systemroot%\system32\wbem\wmipcima.dll,,,,http://manifests.microsoft.com/win/2006/windows/WMI,
2026-05-24T01:08:35.844250Z,5857,dc.scaffold.htb,Microsoft-Windows-WMI-Activity,Microsoft-Windows-WMI-Activity/Operational,2426,0,,,,0x0,,,wmiprvse.exe,,,,,,4508,,CIMWin32,%systemroot%\system32\wbem\cimwin32.dll,,,,http://manifests.microsoft.com/win/2006/windows/WMI,
2026-05-24T01:08:36.830952Z,5857,dc.scaffold.htb,Microsoft-Windows-WMI-Activity,Microsoft-Windows-WMI-Activity/Operational,2427,0,,,,0x0,,,wmiprvse.exe,,,,,,4924,,WMIProv,%systemroot%\system32\wbem\wmiprov.dll,,,,http://manifests.microsoft.com/win/2006/windows/WMI,
2026-05-24T01:08:36.840085Z,5858,dc.scaffold.htb,Microsoft-Windows-WMI-Activity,Microsoft-Windows-WMI-Activity/Operational,2428,2,,DC,4140,,Unknown,,,{00000000-0000-0000-0000-000000000000},,,Start IWbemServices::CreateInstanceEnum - root\wmi : MS_SM_AdapterInformationQuery,Unknown,,,,,,0x8004100c,NT AUTHORITY\SYSTEM,http://manifests.microsoft.com/win/2006/windows/WMI,
2026-05-24T01:08:36.846298Z,5858,dc.scaffold.htb,Microsoft-Windows-WMI-Activity,Microsoft-Windows-WMI-Activity/Operational,2429,2,,DC,4140,,Unknown,,,{00000000-0000-0000-0000-000000000000},,,Start IWbemServices::CreateInstanceEnum - root\wmi : MSiSCSI_PortalInfoClass,Unknown,,,,,,0x8004100c,NT AUTHORITY\SYSTEM,http://manifests.microsoft.com/win/2006/windows/WMI,
2026-05-24T01:08:55.399745Z,5857,dc.scaffold.htb,Microsoft-Windows-WMI-Activity,Microsoft-Windows-WMI-Activity/Operational,2430,0,,,,0x0,,,wmiprvse.exe,,,,,,4924,,WmiPerfClass,C:\Windows\System32\wbem\WmiPerfClass.dll,,,,http://manifests.microsoft.com/win/2006/windows/WMI,
2026-05-24T01:08:56.751536Z,5857,dc.scaffold.htb,Microsoft-Windows-WMI-Activity,Microsoft-Windows-WMI-Activity/Operational,2431,0,,,,0x0,,,wmiprvse.exe,,,,,,4508,,CIMWin32a,%systemroot%\system32\wbem\wmipcima.dll,,,,http://manifests.microsoft.com/win/2006/windows/WMI,
2026-05-24T01:08:57.065640Z,5858,dc.scaffold.htb,Microsoft-Windows-WMI-Activity,Microsoft-Windows-WMI-Activity/Operational,2432,2,,DC,5412,,Unknown,,,{00000000-0000-0000-0000-000000000000},,,"Start IWbemServices::ExecQuery - ROOT\CIMV2 : SELECT Manufacturer, Product FROM Win32_BaseBoard",Unknown,,,,,,0x80041032,NT AUTHORITY\NETWORK SERVICE,http://manifests.microsoft.com/win/2006/windows/WMI,
2026-05-24T01:09:05.071781Z,5861,dc.scaffold.htb,Microsoft-Windows-WMI-Activity,Microsoft-Windows-WMI-Activity/Operational,2433,0,"NTEventLogEventConsumer=""SCM Event Log Consumer""",,,,,SCM Event Log Filter,,,//./root/subscription,,,"Binding EventFilter: 
instance of __EventFilter
{
	CreatorSID = {1, 2, 0, 0, 0, 0, 0, 5, 32, 0, 0, 0, 32, 2, 0, 0};
	EventNamespace = ""root\\cimv2"";
	Name = ""SCM Event Log Filter"";
	Query = ""select * from MSFT_SCMEventLogEvent"";
	QueryLanguage = ""WQL"";
};
Perm. Consumer: 
instance of NTEventLogEventConsumer
{
	Category = 0;
	CreatorSID = {1, 2, 0, 0, 0, 0, 0, 5, 32, 0, 0, 0, 32, 2, 0, 0};
	EventType = 1;
	Name = ""SCM Event Log Consumer"";
	NameOfUserSIDProperty = ""sid"";
	SourceName = ""Service Control Manager"";
};
",,,,,,,,http://manifests.microsoft.com/win/2006/windows/WMI,
2026-05-24T01:09:05.117427Z,5859,dc.scaffold.htb,SCM Event Provider,Microsoft-Windows-WMI-Activity/Operational,2434,0,,,,,,,,,,//./root/CIMV2,,Permanent,,3104,,,select * from MSFT_SCMEventLogEvent,,S-1-5-32-544,http://manifests.microsoft.com/win/2006/windows/WMI,0
2026-05-24T01:09:05.124306Z,5857,dc.scaffold.htb,Microsoft-Windows-WMI-Activity,Microsoft-Windows-WMI-Activity/Operational,2435,0,,,,0x0,,,wmiprvse.exe,,,,,,3104,,WMI Kernel Trace Event Provider,C:\Windows\System32\wbem\krnlprov.dll,,,,http://manifests.microsoft.com/win/2006/windows/WMI,
2026-05-24T01:09:05.126897Z,5860,dc.scaffold.htb,Microsoft-Windows-WMI-Activity,Microsoft-Windows-WMI-Activity/Operational,2436,0,,DC,,,,,,,,ROOT\CIMV2,,Temporary,,5988,,,SELECT * FROM Win32_ProcessStartTrace WHERE ProcessName = 'wsmprovhost.exe',,NT AUTHORITY\SYSTEM,http://manifests.microsoft.com/win/2006/windows/WMI,
2026-05-24T01:09:15.848651Z,5857,dc.scaffold.htb,Microsoft-Windows-WMI-Activity,Microsoft-Windows-WMI-Activity/Operational,2437,0,,,,0x0,,,wmiprvse.exe,,,,,,4508,,MS_NT_EVENTLOG_PROVIDER,%systemroot%\system32\wbem\ntevt.dll,,,,http://manifests.microsoft.com/win/2006/windows/WMI,
2026-05-24T01:09:43.949005Z,5857,dc.scaffold.htb,Microsoft-Windows-WMI-Activity,Microsoft-Windows-WMI-Activity/Operational,2438,0,,,,0x0,,,wmiprvse.exe,,,,,,4508,,mgmtprovider,%systemroot%\system32\wbem\mgmtprovider.dll,,,,http://manifests.microsoft.com/win/2006/windows/WMI,
2026-05-24T01:09:44.003160Z,5857,dc.scaffold.htb,Microsoft-Windows-WMI-Activity,Microsoft-Windows-WMI-Activity/Operational,2439,0,,,,0x0,,,wmiprvse.exe,,,,,,7176,,NetAdapterCim,%systemroot%\system32\wbem\NetAdapterCim.dll,,,,http://manifests.microsoft.com/win/2006/windows/WMI,
2026-05-24T01:09:44.103974Z,5857,dc.scaffold.htb,Microsoft-Windows-WMI-Activity,Microsoft-Windows-WMI-Activity/Operational,2440,0,,,,0x0,,,wmiprvse.exe,,,,,,4508,,nettcpip,%systemroot%\system32\wbem\NetTCPIP.dll,,,,http://manifests.microsoft.com/win/2006/windows/WMI,
2026-05-24T01:09:47.555865Z,5857,dc.scaffold.htb,Microsoft-Windows-WMI-Activity,Microsoft-Windows-WMI-Activity/Operational,2441,0,,,,0x0,,,wmiprvse.exe,,,,,,7656,,deploymentprovider,%systemroot%\system32\wbem\ServerManager.DeploymentProvider.dll,,,,http://manifests.microsoft.com/win/2006/windows/WMI,
2026-05-24T01:11:05.929378Z,5858,dc.scaffold.htb,Microsoft-Windows-WMI-Activity,Microsoft-Windows-WMI-Activity/Operational,2442,2,,DC,5312,,Unknown,,,{00000000-0000-0000-0000-000000000000},,,Start IWbemServices::ExecQuery - root\cimv2 : SELECT * FROM Win32_OperatingSystem,Unknown,,,,,,0x80041032,NT AUTHORITY\SYSTEM,http://manifests.microsoft.com/win/2006/windows/WMI,
2026-05-24T01:11:08.045421Z,5858,dc.scaffold.htb,Microsoft-Windows-WMI-Activity,Microsoft-Windows-WMI-Activity/Operational,2443,2,,DC,5312,,Unknown,,,{00000000-0000-0000-0000-000000000000},,,Start IWbemServices::ExecQuery - root\cimv2 : SELECT * FROM Win32_Processor,Unknown,,,,,,0x80041032,NT AUTHORITY\SYSTEM,http://manifests.microsoft.com/win/2006/windows/WMI,
2026-05-24T01:13:11.523911Z,5858,dc.scaffold.htb,Microsoft-Windows-WMI-Activity,Microsoft-Windows-WMI-Activity/Operational,2444,2,,DC,5988,,Unknown,,,{CE04B360-EB19-0003-97B6-04CE19EBDC01},,,Start IWbemServices::ExecNotificationQuery - ROOT\CIMV2 : SELECT * FROM Win32_ProcessStartTrace WHERE ProcessName = 'wsmprovhost.exe',Unknown,,,,,,0x80041032,NT AUTHORITY\SYSTEM,http://manifests.microsoft.com/win/2006/windows/WMI,
2026-05-24T10:55:34.665336Z,5857,dc.scaffold.htb,Microsoft-Windows-WMI-Activity,Microsoft-Windows-WMI-Activity/Operational,2445,0,,,,0x0,,,wmiprvse.exe,,,,,,4552,,CIMWin32,%systemroot%\system32\wbem\cimwin32.dll,,,,http://manifests.microsoft.com/win/2006/windows/WMI,
2026-05-24T10:55:35.632113Z,5857,dc.scaffold.htb,Microsoft-Windows-WMI-Activity,Microsoft-Windows-WMI-Activity/Operational,2446,0,,,,0x0,,,wmiprvse.exe,,,,,,5028,,WMIProv,%systemroot%\system32\wbem\wmiprov.dll,,,,http://manifests.microsoft.com/win/2006/windows/WMI,
2026-05-24T10:55:35.662843Z,5858,dc.scaffold.htb,Microsoft-Windows-WMI-Activity,Microsoft-Windows-WMI-Activity/Operational,2447,2,,DC,4032,,Unknown,,,{00000000-0000-0000-0000-000000000000},,,Start IWbemServices::CreateInstanceEnum - root\wmi : MS_SM_AdapterInformationQuery,Unknown,,,,,,0x8004100c,NT AUTHORITY\SYSTEM,http://manifests.microsoft.com/win/2006/windows/WMI,
2026-05-24T10:55:35.686748Z,5858,dc.scaffold.htb,Microsoft-Windows-WMI-Activity,Microsoft-Windows-WMI-Activity/Operational,2448,2,,DC,4032,,Unknown,,,{00000000-0000-0000-0000-000000000000},,,Start IWbemServices::CreateInstanceEnum - root\wmi : MSiSCSI_PortalInfoClass,Unknown,,,,,,0x8004100c,NT AUTHORITY\SYSTEM,http://manifests.microsoft.com/win/2006/windows/WMI,
2026-05-24T10:55:36.493597Z,5857,dc.scaffold.htb,Microsoft-Windows-WMI-Activity,Microsoft-Windows-WMI-Activity/Operational,2449,0,,,,0x0,,,wmiprvse.exe,,,,,,4552,,CIMWin32a,%systemroot%\system32\wbem\wmipcima.dll,,,,http://manifests.microsoft.com/win/2006/windows/WMI,
2026-05-24T10:55:37.189236Z,5858,dc.scaffold.htb,Microsoft-Windows-WMI-Activity,Microsoft-Windows-WMI-Activity/Operational,2450,2,,DC,5336,,Unknown,,,{00000000-0000-0000-0000-000000000000},,,"Start IWbemServices::ExecQuery - ROOT\CIMV2 : SELECT Manufacturer, Product FROM Win32_BaseBoard",Unknown,,,,,,0x80041032,NT AUTHORITY\NETWORK SERVICE,http://manifests.microsoft.com/win/2006/windows/WMI,
2026-05-24T10:55:53.951004Z,5857,dc.scaffold.htb,Microsoft-Windows-WMI-Activity,Microsoft-Windows-WMI-Activity/Operational,2451,0,,,,0x0,,,wmiprvse.exe,,,,,,5028,,WmiPerfClass,C:\Windows\System32\wbem\WmiPerfClass.dll,,,,http://manifests.microsoft.com/win/2006/windows/WMI,
2026-05-24T10:56:03.577786Z,5861,dc.scaffold.htb,Microsoft-Windows-WMI-Activity,Microsoft-Windows-WMI-Activity/Operational,2452,0,"NTEventLogEventConsumer=""SCM Event Log Consumer""",,,,,SCM Event Log Filter,,,//./root/subscription,,,"Binding EventFilter: 
instance of __EventFilter
{
	CreatorSID = {1, 2, 0, 0, 0, 0, 0, 5, 32, 0, 0, 0, 32, 2, 0, 0};
	EventNamespace = ""root\\cimv2"";
	Name = ""SCM Event Log Filter"";
	Query = ""select * from MSFT_SCMEventLogEvent"";
	QueryLanguage = ""WQL"";
};
Perm. Consumer: 
instance of NTEventLogEventConsumer
{
	Category = 0;
	CreatorSID = {1, 2, 0, 0, 0, 0, 0, 5, 32, 0, 0, 0, 32, 2, 0, 0};
	EventType = 1;
	Name = ""SCM Event Log Consumer"";
	NameOfUserSIDProperty = ""sid"";
	SourceName = ""Service Control Manager"";
};
",,,,,,,,http://manifests.microsoft.com/win/2006/windows/WMI,
2026-05-24T10:56:03.670999Z,5859,dc.scaffold.htb,SCM Event Provider,Microsoft-Windows-WMI-Activity/Operational,2453,0,,,,,,,,,,//./root/CIMV2,,Permanent,,3160,,,select * from MSFT_SCMEventLogEvent,,S-1-5-32-544,http://manifests.microsoft.com/win/2006/windows/WMI,0
2026-05-24T10:56:03.682329Z,5857,dc.scaffold.htb,Microsoft-Windows-WMI-Activity,Microsoft-Windows-WMI-Activity/Operational,2454,0,,,,0x0,,,wmiprvse.exe,,,,,,3160,,WMI Kernel Trace Event Provider,C:\Windows\System32\wbem\krnlprov.dll,,,,http://manifests.microsoft.com/win/2006/windows/WMI,
2026-05-24T10:56:03.685227Z,5860,dc.scaffold.htb,Microsoft-Windows-WMI-Activity,Microsoft-Windows-WMI-Activity/Operational,2455,0,,DC,,,,,,,,ROOT\CIMV2,,Temporary,,5996,,,SELECT * FROM Win32_ProcessStartTrace WHERE ProcessName = 'wsmprovhost.exe',,NT AUTHORITY\SYSTEM,http://manifests.microsoft.com/win/2006/windows/WMI,
2026-05-24T10:56:14.413884Z,5857,dc.scaffold.htb,Microsoft-Windows-WMI-Activity,Microsoft-Windows-WMI-Activity/Operational,2456,0,,,,0x0,,,wmiprvse.exe,,,,,,4552,,MS_NT_EVENTLOG_PROVIDER,%systemroot%\system32\wbem\ntevt.dll,,,,http://manifests.microsoft.com/win/2006/windows/WMI,
2026-05-24T10:57:32.276824Z,5857,dc.scaffold.htb,Microsoft-Windows-WMI-Activity,Microsoft-Windows-WMI-Activity/Operational,2457,0,,,,0x0,,,wmiprvse.exe,,,,,,4552,,mgmtprovider,%systemroot%\system32\wbem\mgmtprovider.dll,,,,http://manifests.microsoft.com/win/2006/windows/WMI,
2026-05-24T10:57:32.408427Z,5857,dc.scaffold.htb,Microsoft-Windows-WMI-Activity,Microsoft-Windows-WMI-Activity/Operational,2458,0,,,,0x0,,,wmiprvse.exe,,,,,,1376,,NetAdapterCim,%systemroot%\system32\wbem\NetAdapterCim.dll,,,,http://manifests.microsoft.com/win/2006/windows/WMI,
2026-05-24T10:57:32.590607Z,5857,dc.scaffold.htb,Microsoft-Windows-WMI-Activity,Microsoft-Windows-WMI-Activity/Operational,2459,0,,,,0x0,,,wmiprvse.exe,,,,,,4552,,nettcpip,%systemroot%\system32\wbem\NetTCPIP.dll,,,,http://manifests.microsoft.com/win/2006/windows/WMI,
2026-05-24T10:57:36.666137Z,5857,dc.scaffold.htb,Microsoft-Windows-WMI-Activity,Microsoft-Windows-WMI-Activity/Operational,2460,0,,,,0x0,,,wmiprvse.exe,,,,,,7316,,deploymentprovider,%systemroot%\system32\wbem\ServerManager.DeploymentProvider.dll,,,,http://manifests.microsoft.com/win/2006/windows/WMI,
2026-05-24T10:58:04.297111Z,5858,dc.scaffold.htb,Microsoft-Windows-WMI-Activity,Microsoft-Windows-WMI-Activity/Operational,2461,2,,DC,8048,,Unknown,,,{00000000-0000-0000-0000-000000000000},,,Start IWbemServices::ExecQuery - root\cimv2 : SELECT * FROM Win32_OperatingSystem,Unknown,,,,,,0x80041032,NT AUTHORITY\SYSTEM,http://manifests.microsoft.com/win/2006/windows/WMI,
2026-05-24T10:58:06.373483Z,5858,dc.scaffold.htb,Microsoft-Windows-WMI-Activity,Microsoft-Windows-WMI-Activity/Operational,2462,2,,DC,8048,,Unknown,,,{00000000-0000-0000-0000-000000000000},,,Start IWbemServices::ExecQuery - root\cimv2 : SELECT * FROM Win32_Processor,Unknown,,,,,,0x80041032,NT AUTHORITY\SYSTEM,http://manifests.microsoft.com/win/2006/windows/WMI,
2026-05-24T11:00:56.378980Z,5857,dc.scaffold.htb,Microsoft-Windows-WMI-Activity,Microsoft-Windows-WMI-Activity/Operational,2463,0,,,,0x0,,,wmiprvse.exe,,,,,,4552,,ServerFeatureProvider,%windir%\system32\wbem\servercompprov.dll,,,,http://manifests.microsoft.com/win/2006/windows/WMI,
2026-05-24T11:00:56.410974Z,5857,dc.scaffold.htb,Microsoft-Windows-WMI-Activity,Microsoft-Windows-WMI-Activity/Operational,2464,0,,,,0x0,,,wmiprvse.exe,,,,,,7264,,deploymentprovider,%systemroot%\system32\wbem\ServerManager.DeploymentProvider.dll,,,,http://manifests.microsoft.com/win/2006/windows/WMI,
2026-05-24T11:00:56.726412Z,5858,dc.scaffold.htb,Microsoft-Windows-WMI-Activity,Microsoft-Windows-WMI-Activity/Operational,2465,2,,DC,6184,,Unknown,,,{00000000-0000-0000-0000-000000000000},,,Start IWbemServices::ExecQuery - ROOT\CCM : select ClientId from CCM_Client,Unknown,,,,,,0x80041010,NT AUTHORITY\SYSTEM,http://manifests.microsoft.com/win/2006/windows/WMI,
2026-05-24T11:00:56.760650Z,5857,dc.scaffold.htb,Microsoft-Windows-WMI-Activity,Microsoft-Windows-WMI-Activity/Operational,2466,0,,,,0x0,,,wmiprvse.exe,,,,,,4552,,Win32_TpmProvider,C:\Windows\System32\wbem\Win32_TPM.dll,,,,http://manifests.microsoft.com/win/2006/windows/WMI,
2026-05-24T11:00:57.137799Z,5857,dc.scaffold.htb,Microsoft-Windows-WMI-Activity,Microsoft-Windows-WMI-Activity/Operational,2467,0,,,,0x0,,,wmiprvse.exe,,,,,,4552,,Win32_DeviceGuard,%SystemRoot%\System32\Win32_DeviceGuard.dll,,,,http://manifests.microsoft.com/win/2006/windows/WMI,
2026-05-24T11:00:57.143375Z,5858,dc.scaffold.htb,Microsoft-Windows-WMI-Activity,Microsoft-Windows-WMI-Activity/Operational,2468,2,,DC,6184,,Unknown,,,{00000000-0000-0000-0000-000000000000},,,Start IWbemServices::ExecQuery - root\Microsoft\Windows\DeviceGuard : SELECT AvailableSecurityProperties FROM Win32_DeviceGuard ,Unknown,,,,,,0x80041032,NT AUTHORITY\SYSTEM,http://manifests.microsoft.com/win/2006/windows/WMI,
2026-05-24T11:00:57.179264Z,5857,dc.scaffold.htb,Microsoft-Windows-WMI-Activity,Microsoft-Windows-WMI-Activity/Operational,2469,0,,,,0x0,,,wmiprvse.exe,,,,,,4552,,DeliveryOptimizationMIProv,%SystemRoot%\system32\domgmt.dll,,,,http://manifests.microsoft.com/win/2006/windows/WMI,
2026-05-24T11:06:04.392961Z,5858,dc.scaffold.htb,Microsoft-Windows-WMI-Activity,Microsoft-Windows-WMI-Activity/Operational,2470,2,,DC,5996,,Unknown,,,{CD94BD2B-EB6B-0003-51C4-94CD6BEBDC01},,,Start IWbemServices::ExecNotificationQuery - ROOT\CIMV2 : SELECT * FROM Win32_ProcessStartTrace WHERE ProcessName = 'wsmprovhost.exe',Unknown,,,,,,0x80041032,NT AUTHORITY\SYSTEM,http://manifests.microsoft.com/win/2006/windows/WMI,
2026-05-24T11:07:32.315965Z,5857,dc.scaffold.htb,Microsoft-Windows-WMI-Activity,Microsoft-Windows-WMI-Activity/Operational,2471,0,,,,0x0,,,wmiprvse.exe,,,,,,4552,,mgmtprovider,%systemroot%\system32\wbem\mgmtprovider.dll,,,,http://manifests.microsoft.com/win/2006/windows/WMI,
2026-05-24T11:07:32.416682Z,5857,dc.scaffold.htb,Microsoft-Windows-WMI-Activity,Microsoft-Windows-WMI-Activity/Operational,2472,0,,,,0x0,,,wmiprvse.exe,,,,,,1696,,NetAdapterCim,%systemroot%\system32\wbem\NetAdapterCim.dll,,,,http://manifests.microsoft.com/win/2006/windows/WMI,
2026-05-24T11:07:32.570926Z,5857,dc.scaffold.htb,Microsoft-Windows-WMI-Activity,Microsoft-Windows-WMI-Activity/Operational,2473,0,,,,0x0,,,wmiprvse.exe,,,,,,4552,,nettcpip,%systemroot%\system32\wbem\NetTCPIP.dll,,,,http://manifests.microsoft.com/win/2006/windows/WMI,
2026-05-24T11:07:35.188038Z,5857,dc.scaffold.htb,Microsoft-Windows-WMI-Activity,Microsoft-Windows-WMI-Activity/Operational,2474,0,,,,0x0,,,wmiprvse.exe,,,,,,3576,,deploymentprovider,%systemroot%\system32\wbem\ServerManager.DeploymentProvider.dll,,,,http://manifests.microsoft.com/win/2006/windows/WMI,
2026-05-24T11:17:36.592068Z,5857,dc.scaffold.htb,Microsoft-Windows-WMI-Activity,Microsoft-Windows-WMI-Activity/Operational,2475,0,,,,0x0,,,wmiprvse.exe,,,,,,4552,,mgmtprovider,%systemroot%\system32\wbem\mgmtprovider.dll,,,,http://manifests.microsoft.com/win/2006/windows/WMI,
2026-05-24T11:17:36.634654Z,5857,dc.scaffold.htb,Microsoft-Windows-WMI-Activity,Microsoft-Windows-WMI-Activity/Operational,2476,0,,,,0x0,,,wmiprvse.exe,,,,,,5860,,NetAdapterCim,%systemroot%\system32\wbem\NetAdapterCim.dll,,,,http://manifests.microsoft.com/win/2006/windows/WMI,
2026-05-24T11:17:36.720771Z,5857,dc.scaffold.htb,Microsoft-Windows-WMI-Activity,Microsoft-Windows-WMI-Activity/Operational,2477,0,,,,0x0,,,wmiprvse.exe,,,,,,4552,,nettcpip,%systemroot%\system32\wbem\NetTCPIP.dll,,,,http://manifests.microsoft.com/win/2006/windows/WMI,
2026-05-24T11:17:39.122461Z,5857,dc.scaffold.htb,Microsoft-Windows-WMI-Activity,Microsoft-Windows-WMI-Activity/Operational,2478,0,,,,0x0,,,wmiprvse.exe,,,,,,6680,,deploymentprovider,%systemroot%\system32\wbem\ServerManager.DeploymentProvider.dll,,,,http://manifests.microsoft.com/win/2006/windows/WMI,
2026-05-24T11:25:08.155722Z,5857,dc.scaffold.htb,Microsoft-Windows-WMI-Activity,Microsoft-Windows-WMI-Activity/Operational,2479,0,,,,0x0,,,wmiprvse.exe,,,,,,4552,,CIMWin32a,%systemroot%\system32\wbem\wmipcima.dll,,,,http://manifests.microsoft.com/win/2006/windows/WMI,
2026-05-24T11:25:08.312991Z,5858,dc.scaffold.htb,Microsoft-Windows-WMI-Activity,Microsoft-Windows-WMI-Activity/Operational,2480,2,,DC,1296,,Unknown,,,{00000000-0000-0000-0000-000000000000},,,"Start IWbemServices::ExecQuery - ROOT\CIMV2 : SELECT Manufacturer, Product FROM Win32_BaseBoard",Unknown,,,,,,0x80041032,NT AUTHORITY\NETWORK SERVICE,http://manifests.microsoft.com/win/2006/windows/WMI,
2026-05-24T11:27:36.599136Z,5857,dc.scaffold.htb,Microsoft-Windows-WMI-Activity,Microsoft-Windows-WMI-Activity/Operational,2481,0,,,,0x0,,,wmiprvse.exe,,,,,,4552,,mgmtprovider,%systemroot%\system32\wbem\mgmtprovider.dll,,,,http://manifests.microsoft.com/win/2006/windows/WMI,
2026-05-24T11:27:36.632414Z,5857,dc.scaffold.htb,Microsoft-Windows-WMI-Activity,Microsoft-Windows-WMI-Activity/Operational,2482,0,,,,0x0,,,wmiprvse.exe,,,,,,5500,,NetAdapterCim,%systemroot%\system32\wbem\NetAdapterCim.dll,,,,http://manifests.microsoft.com/win/2006/windows/WMI,
2026-05-24T11:27:36.698923Z,5857,dc.scaffold.htb,Microsoft-Windows-WMI-Activity,Microsoft-Windows-WMI-Activity/Operational,2483,0,,,,0x0,,,wmiprvse.exe,,,,,,4552,,nettcpip,%systemroot%\system32\wbem\NetTCPIP.dll,,,,http://manifests.microsoft.com/win/2006/windows/WMI,
2026-05-24T11:27:39.032158Z,5857,dc.scaffold.htb,Microsoft-Windows-WMI-Activity,Microsoft-Windows-WMI-Activity/Operational,2484,0,,,,0x0,,,wmiprvse.exe,,,,,,6840,,deploymentprovider,%systemroot%\system32\wbem\ServerManager.DeploymentProvider.dll,,,,http://manifests.microsoft.com/win/2006/windows/WMI,
2026-05-24T11:37:36.643341Z,5857,dc.scaffold.htb,Microsoft-Windows-WMI-Activity,Microsoft-Windows-WMI-Activity/Operational,2485,0,,,,0x0,,,wmiprvse.exe,,,,,,4552,,mgmtprovider,%systemroot%\system32\wbem\mgmtprovider.dll,,,,http://manifests.microsoft.com/win/2006/windows/WMI,
2026-05-24T11:37:36.760963Z,5857,dc.scaffold.htb,Microsoft-Windows-WMI-Activity,Microsoft-Windows-WMI-Activity/Operational,2486,0,,,,0x0,,,wmiprvse.exe,,,,,,6300,,NetAdapterCim,%systemroot%\system32\wbem\NetAdapterCim.dll,,,,http://manifests.microsoft.com/win/2006/windows/WMI,
2026-05-24T11:37:36.916287Z,5857,dc.scaffold.htb,Microsoft-Windows-WMI-Activity,Microsoft-Windows-WMI-Activity/Operational,2487,0,,,,0x0,,,wmiprvse.exe,,,,,,4552,,nettcpip,%systemroot%\system32\wbem\NetTCPIP.dll,,,,http://manifests.microsoft.com/win/2006/windows/WMI,
2026-05-24T11:37:41.098313Z,5857,dc.scaffold.htb,Microsoft-Windows-WMI-Activity,Microsoft-Windows-WMI-Activity/Operational,2488,0,,,,0x0,,,wmiprvse.exe,,,,,,4960,,deploymentprovider,%systemroot%\system32\wbem\ServerManager.DeploymentProvider.dll,,,,http://manifests.microsoft.com/win/2006/windows/WMI,
2026-05-24T14:36:49.782113Z,5857,dc.scaffold.htb,Microsoft-Windows-WMI-Activity,Microsoft-Windows-WMI-Activity/Operational,2489,0,,,,0x0,,,wmiprvse.exe,,,,,,4564,,CIMWin32,%systemroot%\system32\wbem\cimwin32.dll,,,,http://manifests.microsoft.com/win/2006/windows/WMI,
2026-05-24T14:36:51.094926Z,5857,dc.scaffold.htb,Microsoft-Windows-WMI-Activity,Microsoft-Windows-WMI-Activity/Operational,2490,0,,,,0x0,,,wmiprvse.exe,,,,,,4820,,WMIProv,%systemroot%\system32\wbem\wmiprov.dll,,,,http://manifests.microsoft.com/win/2006/windows/WMI,
2026-05-24T14:36:51.115689Z,5858,dc.scaffold.htb,Microsoft-Windows-WMI-Activity,Microsoft-Windows-WMI-Activity/Operational,2491,2,,DC,4028,,Unknown,,,{00000000-0000-0000-0000-000000000000},,,Start IWbemServices::CreateInstanceEnum - root\wmi : MS_SM_AdapterInformationQuery,Unknown,,,,,,0x8004100c,NT AUTHORITY\SYSTEM,http://manifests.microsoft.com/win/2006/windows/WMI,
2026-05-24T14:36:51.130866Z,5858,dc.scaffold.htb,Microsoft-Windows-WMI-Activity,Microsoft-Windows-WMI-Activity/Operational,2492,2,,DC,4028,,Unknown,,,{00000000-0000-0000-0000-000000000000},,,Start IWbemServices::CreateInstanceEnum - root\wmi : MSiSCSI_PortalInfoClass,Unknown,,,,,,0x8004100c,NT AUTHORITY\SYSTEM,http://manifests.microsoft.com/win/2006/windows/WMI,
2026-05-24T14:37:08.488423Z,5857,dc.scaffold.htb,Microsoft-Windows-WMI-Activity,Microsoft-Windows-WMI-Activity/Operational,2493,0,,,,0x0,,,wmiprvse.exe,,,,,,4820,,WmiPerfClass,C:\Windows\System32\wbem\WmiPerfClass.dll,,,,http://manifests.microsoft.com/win/2006/windows/WMI,
2026-05-24T14:37:17.624541Z,5861,dc.scaffold.htb,Microsoft-Windows-WMI-Activity,Microsoft-Windows-WMI-Activity/Operational,2494,0,"NTEventLogEventConsumer=""SCM Event Log Consumer""",,,,,SCM Event Log Filter,,,//./root/subscription,,,"Binding EventFilter: 
instance of __EventFilter
{
	CreatorSID = {1, 2, 0, 0, 0, 0, 0, 5, 32, 0, 0, 0, 32, 2, 0, 0};
	EventNamespace = ""root\\cimv2"";
	Name = ""SCM Event Log Filter"";
	Query = ""select * from MSFT_SCMEventLogEvent"";
	QueryLanguage = ""WQL"";
};
Perm. Consumer: 
instance of NTEventLogEventConsumer
{
	Category = 0;
	CreatorSID = {1, 2, 0, 0, 0, 0, 0, 5, 32, 0, 0, 0, 32, 2, 0, 0};
	EventType = 1;
	Name = ""SCM Event Log Consumer"";
	NameOfUserSIDProperty = ""sid"";
	SourceName = ""Service Control Manager"";
};
",,,,,,,,http://manifests.microsoft.com/win/2006/windows/WMI,
2026-05-24T14:37:17.649311Z,5859,dc.scaffold.htb,SCM Event Provider,Microsoft-Windows-WMI-Activity/Operational,2495,0,,,,,,,,,,//./root/CIMV2,,Permanent,,3148,,,select * from MSFT_SCMEventLogEvent,,S-1-5-32-544,http://manifests.microsoft.com/win/2006/windows/WMI,0
2026-05-24T14:37:17.654951Z,5857,dc.scaffold.htb,Microsoft-Windows-WMI-Activity,Microsoft-Windows-WMI-Activity/Operational,2496,0,,,,0x0,,,wmiprvse.exe,,,,,,3148,,WMI Kernel Trace Event Provider,C:\Windows\System32\wbem\krnlprov.dll,,,,http://manifests.microsoft.com/win/2006/windows/WMI,
2026-05-24T14:37:17.657529Z,5860,dc.scaffold.htb,Microsoft-Windows-WMI-Activity,Microsoft-Windows-WMI-Activity/Operational,2497,0,,DC,,,,,,,,ROOT\CIMV2,,Temporary,,5276,,,SELECT * FROM Win32_ProcessStartTrace WHERE ProcessName = 'wsmprovhost.exe',,NT AUTHORITY\SYSTEM,http://manifests.microsoft.com/win/2006/windows/WMI,
2026-05-24T14:37:28.885698Z,5857,dc.scaffold.htb,Microsoft-Windows-WMI-Activity,Microsoft-Windows-WMI-Activity/Operational,2498,0,,,,0x0,,,wmiprvse.exe,,,,,,4564,,MS_NT_EVENTLOG_PROVIDER,%systemroot%\system32\wbem\ntevt.dll,,,,http://manifests.microsoft.com/win/2006/windows/WMI,
2026-05-24T14:37:39.684911Z,5857,dc.scaffold.htb,Microsoft-Windows-WMI-Activity,Microsoft-Windows-WMI-Activity/Operational,2499,0,,,,0x0,,,wmiprvse.exe,,,,,,4564,,CIMWin32a,%systemroot%\system32\wbem\wmipcima.dll,,,,http://manifests.microsoft.com/win/2006/windows/WMI,
2026-05-24T14:37:39.910741Z,5858,dc.scaffold.htb,Microsoft-Windows-WMI-Activity,Microsoft-Windows-WMI-Activity/Operational,2500,2,,DC,1920,,Unknown,,,{00000000-0000-0000-0000-000000000000},,,"Start IWbemServices::ExecQuery - ROOT\CIMV2 : SELECT Manufacturer, Product FROM Win32_BaseBoard",Unknown,,,,,,0x80041032,NT AUTHORITY\NETWORK SERVICE,http://manifests.microsoft.com/win/2006/windows/WMI,
2026-05-24T14:37:56.506082Z,5857,dc.scaffold.htb,Microsoft-Windows-WMI-Activity,Microsoft-Windows-WMI-Activity/Operational,2501,0,,,,0x0,,,wmiprvse.exe,,,,,,4564,,mgmtprovider,%systemroot%\system32\wbem\mgmtprovider.dll,,,,http://manifests.microsoft.com/win/2006/windows/WMI,
2026-05-24T14:37:56.556153Z,5857,dc.scaffold.htb,Microsoft-Windows-WMI-Activity,Microsoft-Windows-WMI-Activity/Operational,2502,0,,,,0x0,,,wmiprvse.exe,,,,,,6892,,NetAdapterCim,%systemroot%\system32\wbem\NetAdapterCim.dll,,,,http://manifests.microsoft.com/win/2006/windows/WMI,
2026-05-24T14:37:56.642605Z,5857,dc.scaffold.htb,Microsoft-Windows-WMI-Activity,Microsoft-Windows-WMI-Activity/Operational,2503,0,,,,0x0,,,wmiprvse.exe,,,,,,4564,,nettcpip,%systemroot%\system32\wbem\NetTCPIP.dll,,,,http://manifests.microsoft.com/win/2006/windows/WMI,
2026-05-24T14:37:59.497525Z,5857,dc.scaffold.htb,Microsoft-Windows-WMI-Activity,Microsoft-Windows-WMI-Activity/Operational,2504,0,,,,0x0,,,wmiprvse.exe,,,,,,7284,,deploymentprovider,%systemroot%\system32\wbem\ServerManager.DeploymentProvider.dll,,,,http://manifests.microsoft.com/win/2006/windows/WMI,
2026-05-24T14:39:18.466375Z,5858,dc.scaffold.htb,Microsoft-Windows-WMI-Activity,Microsoft-Windows-WMI-Activity/Operational,2505,2,,DC,3364,,Unknown,,,{00000000-0000-0000-0000-000000000000},,,Start IWbemServices::ExecQuery - root\cimv2 : SELECT * FROM Win32_ComputerSystemProduct,Unknown,,,,,,0x80041032,NT AUTHORITY\SYSTEM,http://manifests.microsoft.com/win/2006/windows/WMI,
2026-05-24T14:39:18.519815Z,5858,dc.scaffold.htb,Microsoft-Windows-WMI-Activity,Microsoft-Windows-WMI-Activity/Operational,2506,2,,DC,3364,,Unknown,,,{00000000-0000-0000-0000-000000000000},,,Start IWbemServices::ExecQuery - root\cimv2 : SELECT * FROM Win32_OperatingSystem,Unknown,,,,,,0x80041032,NT AUTHORITY\SYSTEM,http://manifests.microsoft.com/win/2006/windows/WMI,
2026-05-24T14:39:18.575250Z,5858,dc.scaffold.htb,Microsoft-Windows-WMI-Activity,Microsoft-Windows-WMI-Activity/Operational,2507,2,,DC,3364,,Unknown,,,{00000000-0000-0000-0000-000000000000},,,Start IWbemServices::ExecQuery - root\cimv2 : SELECT * FROM Win32_ComputerSystem,Unknown,,,,,,0x80041032,NT AUTHORITY\SYSTEM,http://manifests.microsoft.com/win/2006/windows/WMI,
2026-05-24T14:39:20.625694Z,5858,dc.scaffold.htb,Microsoft-Windows-WMI-Activity,Microsoft-Windows-WMI-Activity/Operational,2508,2,,DC,3364,,Unknown,,,{00000000-0000-0000-0000-000000000000},,,Start IWbemServices::ExecQuery - root\cimv2 : SELECT * FROM Win32_Processor,Unknown,,,,,,0x80041032,NT AUTHORITY\SYSTEM,http://manifests.microsoft.com/win/2006/windows/WMI,
2026-05-24T14:43:10.140066Z,5858,dc.scaffold.htb,Microsoft-Windows-WMI-Activity,Microsoft-Windows-WMI-Activity/Operational,2509,2,,DC,5276,,Unknown,,,{B616E928-EB8A-0001-21EC-16B68AEBDC01},,,Start IWbemServices::ExecNotificationQuery - ROOT\CIMV2 : SELECT * FROM Win32_ProcessStartTrace WHERE ProcessName = 'wsmprovhost.exe',Unknown,,,,,,0x80041032,NT AUTHORITY\SYSTEM,http://manifests.microsoft.com/win/2006/windows/WMI,
2026-05-24T14:43:44.053511Z,5857,dc.scaffold.htb,Microsoft-Windows-WMI-Activity,Microsoft-Windows-WMI-Activity/Operational,2510,0,,,,0x0,,,wmiprvse.exe,,,,,,4572,,CIMWin32,%systemroot%\system32\wbem\cimwin32.dll,,,,http://manifests.microsoft.com/win/2006/windows/WMI,
2026-05-24T14:43:45.028927Z,5857,dc.scaffold.htb,Microsoft-Windows-WMI-Activity,Microsoft-Windows-WMI-Activity/Operational,2511,0,,,,0x0,,,wmiprvse.exe,,,,,,4952,,WMIProv,%systemroot%\system32\wbem\wmiprov.dll,,,,http://manifests.microsoft.com/win/2006/windows/WMI,
2026-05-24T14:43:45.039411Z,5858,dc.scaffold.htb,Microsoft-Windows-WMI-Activity,Microsoft-Windows-WMI-Activity/Operational,2512,2,,DC,4012,,Unknown,,,{00000000-0000-0000-0000-000000000000},,,Start IWbemServices::CreateInstanceEnum - root\wmi : MS_SM_AdapterInformationQuery,Unknown,,,,,,0x8004100c,NT AUTHORITY\SYSTEM,http://manifests.microsoft.com/win/2006/windows/WMI,
2026-05-24T14:43:45.048425Z,5858,dc.scaffold.htb,Microsoft-Windows-WMI-Activity,Microsoft-Windows-WMI-Activity/Operational,2513,2,,DC,4012,,Unknown,,,{00000000-0000-0000-0000-000000000000},,,Start IWbemServices::CreateInstanceEnum - root\wmi : MSiSCSI_PortalInfoClass,Unknown,,,,,,0x8004100c,NT AUTHORITY\SYSTEM,http://manifests.microsoft.com/win/2006/windows/WMI,
2026-05-24T14:44:03.502391Z,5857,dc.scaffold.htb,Microsoft-Windows-WMI-Activity,Microsoft-Windows-WMI-Activity/Operational,2514,0,,,,0x0,,,wmiprvse.exe,,,,,,4952,,WmiPerfClass,C:\Windows\System32\wbem\WmiPerfClass.dll,,,,http://manifests.microsoft.com/win/2006/windows/WMI,
2026-05-24T14:44:13.292393Z,5861,dc.scaffold.htb,Microsoft-Windows-WMI-Activity,Microsoft-Windows-WMI-Activity/Operational,2515,0,"NTEventLogEventConsumer=""SCM Event Log Consumer""",,,,,SCM Event Log Filter,,,//./root/subscription,,,"Binding EventFilter: 
instance of __EventFilter
{
	CreatorSID = {1, 2, 0, 0, 0, 0, 0, 5, 32, 0, 0, 0, 32, 2, 0, 0};
	EventNamespace = ""root\\cimv2"";
	Name = ""SCM Event Log Filter"";
	Query = ""select * from MSFT_SCMEventLogEvent"";
	QueryLanguage = ""WQL"";
};
Perm. Consumer: 
instance of NTEventLogEventConsumer
{
	Category = 0;
	CreatorSID = {1, 2, 0, 0, 0, 0, 0, 5, 32, 0, 0, 0, 32, 2, 0, 0};
	EventType = 1;
	Name = ""SCM Event Log Consumer"";
	NameOfUserSIDProperty = ""sid"";
	SourceName = ""Service Control Manager"";
};
",,,,,,,,http://manifests.microsoft.com/win/2006/windows/WMI,
2026-05-24T14:44:13.317918Z,5859,dc.scaffold.htb,SCM Event Provider,Microsoft-Windows-WMI-Activity/Operational,2516,0,,,,,,,,,,//./root/CIMV2,,Permanent,,3112,,,select * from MSFT_SCMEventLogEvent,,S-1-5-32-544,http://manifests.microsoft.com/win/2006/windows/WMI,0
2026-05-24T14:44:13.322107Z,5857,dc.scaffold.htb,Microsoft-Windows-WMI-Activity,Microsoft-Windows-WMI-Activity/Operational,2517,0,,,,0x0,,,wmiprvse.exe,,,,,,3112,,WMI Kernel Trace Event Provider,C:\Windows\System32\wbem\krnlprov.dll,,,,http://manifests.microsoft.com/win/2006/windows/WMI,
2026-05-24T14:44:13.323564Z,5860,dc.scaffold.htb,Microsoft-Windows-WMI-Activity,Microsoft-Windows-WMI-Activity/Operational,2518,0,,DC,,,,,,,,ROOT\CIMV2,,Temporary,,5944,,,SELECT * FROM Win32_ProcessStartTrace WHERE ProcessName = 'wsmprovhost.exe',,NT AUTHORITY\SYSTEM,http://manifests.microsoft.com/win/2006/windows/WMI,
2026-05-24T14:44:23.954222Z,5857,dc.scaffold.htb,Microsoft-Windows-WMI-Activity,Microsoft-Windows-WMI-Activity/Operational,2519,0,,,,0x0,,,wmiprvse.exe,,,,,,4572,,MS_NT_EVENTLOG_PROVIDER,%systemroot%\system32\wbem\ntevt.dll,,,,http://manifests.microsoft.com/win/2006/windows/WMI,
2026-05-24T14:44:35.210438Z,5857,dc.scaffold.htb,Microsoft-Windows-WMI-Activity,Microsoft-Windows-WMI-Activity/Operational,2520,0,,,,0x0,,,wmiprvse.exe,,,,,,4572,,CIMWin32a,%systemroot%\system32\wbem\wmipcima.dll,,,,http://manifests.microsoft.com/win/2006/windows/WMI,
2026-05-24T14:44:46.896383Z,5857,dc.scaffold.htb,Microsoft-Windows-WMI-Activity,Microsoft-Windows-WMI-Activity/Operational,2521,0,,,,0x0,,,wmiprvse.exe,,,,,,4572,,mgmtprovider,%systemroot%\system32\wbem\mgmtprovider.dll,,,,http://manifests.microsoft.com/win/2006/windows/WMI,
2026-05-24T14:44:46.965643Z,5857,dc.scaffold.htb,Microsoft-Windows-WMI-Activity,Microsoft-Windows-WMI-Activity/Operational,2522,0,,,,0x0,,,wmiprvse.exe,,,,,,920,,NetAdapterCim,%systemroot%\system32\wbem\NetAdapterCim.dll,,,,http://manifests.microsoft.com/win/2006/windows/WMI,
2026-05-24T14:44:47.043542Z,5857,dc.scaffold.htb,Microsoft-Windows-WMI-Activity,Microsoft-Windows-WMI-Activity/Operational,2523,0,,,,0x0,,,wmiprvse.exe,,,,,,4572,,nettcpip,%systemroot%\system32\wbem\NetTCPIP.dll,,,,http://manifests.microsoft.com/win/2006/windows/WMI,
2026-05-24T14:44:49.836574Z,5857,dc.scaffold.htb,Microsoft-Windows-WMI-Activity,Microsoft-Windows-WMI-Activity/Operational,2524,0,,,,0x0,,,wmiprvse.exe,,,,,,4968,,deploymentprovider,%systemroot%\system32\wbem\ServerManager.DeploymentProvider.dll,,,,http://manifests.microsoft.com/win/2006/windows/WMI,
2026-05-24T14:45:51.154425Z,5857,dc.scaffold.htb,Microsoft-Windows-WMI-Activity,Microsoft-Windows-WMI-Activity/Operational,2525,0,,,,0x0,,,wmiprvse.exe,,,,,,6904,,MSSQL_ManagementProvider,C:\Program Files (x86)\Microsoft SQL Server\150\Shared\sqlmgmprovider.dll,,,,http://manifests.microsoft.com/win/2006/windows/WMI,
2026-05-24T14:45:51.208647Z,5857,dc.scaffold.htb,Microsoft-Windows-WMI-Activity,Microsoft-Windows-WMI-Activity/Operational,2526,0,,,,0x0,,,wmiprvse.exe,,,,,,7264,,MSSQL_ManagementProvider,C:\Program Files\Microsoft SQL Server\150\Shared\sqlmgmprovider.dll,,,,http://manifests.microsoft.com/win/2006/windows/WMI,
2026-05-24T14:45:51.222713Z,5857,dc.scaffold.htb,Microsoft-Windows-WMI-Activity,Microsoft-Windows-WMI-Activity/Operational,2527,0,,,,0x0,,,wmiprvse.exe,,,,,,6904,,RegProv,%systemroot%\system32\wbem\stdprov.dll,,,,http://manifests.microsoft.com/win/2006/windows/WMI,
2026-05-24T14:45:51.287937Z,5857,dc.scaffold.htb,Microsoft-Windows-WMI-Activity,Microsoft-Windows-WMI-Activity/Operational,2528,0,,,,0x0,,,wmiprvse.exe,,,,,,920,,RegProv,%systemroot%\system32\wbem\stdprov.dll,,,,http://manifests.microsoft.com/win/2006/windows/WMI,
2026-05-24T14:45:51.328645Z,5857,dc.scaffold.htb,Microsoft-Windows-WMI-Activity,Microsoft-Windows-WMI-Activity/Operational,2529,0,,,,0x0,,,wmiprvse.exe,,,,,,4572,,Win32_WIN32_TERMINALSERVICE_Prov,%SystemRoot%\system32\tscfgwmi.dll,,,,http://manifests.microsoft.com/win/2006/windows/WMI,
2026-05-24T14:45:51.382364Z,5857,dc.scaffold.htb,Microsoft-Windows-WMI-Activity,Microsoft-Windows-WMI-Activity/Operational,2530,0,,,,0x0,,,wmiprvse.exe,,,,,,4572,,MS_NT_EVENTLOG_PROVIDER,%systemroot%\system32\wbem\ntevt.dll,,,,http://manifests.microsoft.com/win/2006/windows/WMI,
2026-05-24T14:46:14.082676Z,5858,dc.scaffold.htb,Microsoft-Windows-WMI-Activity,Microsoft-Windows-WMI-Activity/Operational,2531,2,,DC,7052,,Unknown,,,{00000000-0000-0000-0000-000000000000},,,Start IWbemServices::ExecQuery - root\cimv2 : SELECT * FROM Win32_ComputerSystemProduct,Unknown,,,,,,0x80041032,NT AUTHORITY\SYSTEM,http://manifests.microsoft.com/win/2006/windows/WMI,
2026-05-24T14:46:14.087508Z,5858,dc.scaffold.htb,Microsoft-Windows-WMI-Activity,Microsoft-Windows-WMI-Activity/Operational,2532,2,,DC,7052,,Unknown,,,{00000000-0000-0000-0000-000000000000},,,Start IWbemServices::ExecQuery - root\cimv2 : SELECT * FROM Win32_ComputerSystem,Unknown,,,,,,0x80041032,NT AUTHORITY\SYSTEM,http://manifests.microsoft.com/win/2006/windows/WMI,
2026-05-24T14:46:14.092539Z,5858,dc.scaffold.htb,Microsoft-Windows-WMI-Activity,Microsoft-Windows-WMI-Activity/Operational,2533,2,,DC,7052,,Unknown,,,{00000000-0000-0000-0000-000000000000},,,Start IWbemServices::ExecQuery - root\cimv2 : SELECT * FROM Win32_ComputerSystem,Unknown,,,,,,0x80041032,NT AUTHORITY\SYSTEM,http://manifests.microsoft.com/win/2006/windows/WMI,
2026-05-24T14:46:16.212055Z,5858,dc.scaffold.htb,Microsoft-Windows-WMI-Activity,Microsoft-Windows-WMI-Activity/Operational,2534,2,,DC,7052,,Unknown,,,{00000000-0000-0000-0000-000000000000},,,Start IWbemServices::ExecQuery - root\cimv2 : SELECT * FROM Win32_Processor,Unknown,,,,,,0x80041032,NT AUTHORITY\SYSTEM,http://manifests.microsoft.com/win/2006/windows/WMI,
2026-05-24T14:47:06.952584Z,5857,dc.scaffold.htb,Microsoft-Windows-WMI-Activity,Microsoft-Windows-WMI-Activity/Operational,2535,0,,,,0x0,,,wmiprvse.exe,,,,,,6904,,MSSQL_ManagementProvider,C:\Program Files (x86)\Microsoft SQL Server\150\Shared\sqlmgmprovider.dll,,,,http://manifests.microsoft.com/win/2006/windows/WMI,
2026-05-24T14:47:06.982714Z,5857,dc.scaffold.htb,Microsoft-Windows-WMI-Activity,Microsoft-Windows-WMI-Activity/Operational,2536,0,,,,0x0,,,wmiprvse.exe,,,,,,920,,RegProv,%systemroot%\system32\wbem\stdprov.dll,,,,http://manifests.microsoft.com/win/2006/windows/WMI,
2026-05-24T14:47:07.000484Z,5857,dc.scaffold.htb,Microsoft-Windows-WMI-Activity,Microsoft-Windows-WMI-Activity/Operational,2537,0,,,,0x0,,,wmiprvse.exe,,,,,,4572,,Win32_WIN32_TERMINALSERVICE_Prov,%SystemRoot%\system32\tscfgwmi.dll,,,,http://manifests.microsoft.com/win/2006/windows/WMI,
2026-05-24T14:47:07.026492Z,5857,dc.scaffold.htb,Microsoft-Windows-WMI-Activity,Microsoft-Windows-WMI-Activity/Operational,2538,0,,,,0x0,,,wmiprvse.exe,,,,,,4572,,MS_NT_EVENTLOG_PROVIDER,%systemroot%\system32\wbem\ntevt.dll,,,,http://manifests.microsoft.com/win/2006/windows/WMI,
2026-05-24T14:54:13.844379Z,5858,dc.scaffold.htb,Microsoft-Windows-WMI-Activity,Microsoft-Windows-WMI-Activity/Operational,2539,2,,DC,5944,,Unknown,,,{AE0DB03A-EB8B-0000-FDB5-0DAE8BEBDC01},,,Start IWbemServices::ExecNotificationQuery - ROOT\CIMV2 : SELECT * FROM Win32_ProcessStartTrace WHERE ProcessName = 'wsmprovhost.exe',Unknown,,,,,,0x80041032,NT AUTHORITY\SYSTEM,http://manifests.microsoft.com/win/2006/windows/WMI,
2026-05-24T14:54:46.890537Z,5857,dc.scaffold.htb,Microsoft-Windows-WMI-Activity,Microsoft-Windows-WMI-Activity/Operational,2540,0,,,,0x0,,,wmiprvse.exe,,,,,,4572,,mgmtprovider,%systemroot%\system32\wbem\mgmtprovider.dll,,,,http://manifests.microsoft.com/win/2006/windows/WMI,
2026-05-24T14:54:46.921483Z,5857,dc.scaffold.htb,Microsoft-Windows-WMI-Activity,Microsoft-Windows-WMI-Activity/Operational,2541,0,,,,0x0,,,wmiprvse.exe,,,,,,5892,,NetAdapterCim,%systemroot%\system32\wbem\NetAdapterCim.dll,,,,http://manifests.microsoft.com/win/2006/windows/WMI,
2026-05-24T14:54:47.020620Z,5857,dc.scaffold.htb,Microsoft-Windows-WMI-Activity,Microsoft-Windows-WMI-Activity/Operational,2542,0,,,,0x0,,,wmiprvse.exe,,,,,,4572,,nettcpip,%systemroot%\system32\wbem\NetTCPIP.dll,,,,http://manifests.microsoft.com/win/2006/windows/WMI,
2026-05-24T14:54:49.369066Z,5857,dc.scaffold.htb,Microsoft-Windows-WMI-Activity,Microsoft-Windows-WMI-Activity/Operational,2543,0,,,,0x0,,,wmiprvse.exe,,,,,,3604,,deploymentprovider,%systemroot%\system32\wbem\ServerManager.DeploymentProvider.dll,,,,http://manifests.microsoft.com/win/2006/windows/WMI,
2026-05-24T15:04:46.910381Z,5857,dc.scaffold.htb,Microsoft-Windows-WMI-Activity,Microsoft-Windows-WMI-Activity/Operational,2544,0,,,,0x0,,,wmiprvse.exe,,,,,,4572,,mgmtprovider,%systemroot%\system32\wbem\mgmtprovider.dll,,,,http://manifests.microsoft.com/win/2006/windows/WMI,
2026-05-24T15:04:46.944115Z,5857,dc.scaffold.htb,Microsoft-Windows-WMI-Activity,Microsoft-Windows-WMI-Activity/Operational,2545,0,,,,0x0,,,wmiprvse.exe,,,,,,4776,,NetAdapterCim,%systemroot%\system32\wbem\NetAdapterCim.dll,,,,http://manifests.microsoft.com/win/2006/windows/WMI,
2026-05-24T15:04:47.026907Z,5857,dc.scaffold.htb,Microsoft-Windows-WMI-Activity,Microsoft-Windows-WMI-Activity/Operational,2546,0,,,,0x0,,,wmiprvse.exe,,,,,,4572,,nettcpip,%systemroot%\system32\wbem\NetTCPIP.dll,,,,http://manifests.microsoft.com/win/2006/windows/WMI,
2026-05-24T15:04:49.371365Z,5857,dc.scaffold.htb,Microsoft-Windows-WMI-Activity,Microsoft-Windows-WMI-Activity/Operational,2547,0,,,,0x0,,,wmiprvse.exe,,,,,,7132,,deploymentprovider,%systemroot%\system32\wbem\ServerManager.DeploymentProvider.dll,,,,http://manifests.microsoft.com/win/2006/windows/WMI,
2026-05-24T15:32:17.914577Z,5857,dc.scaffold.htb,Microsoft-Windows-WMI-Activity,Microsoft-Windows-WMI-Activity/Operational,2548,0,,,,0x0,,,wmiprvse.exe,,,,,,4600,,CIMWin32,%systemroot%\system32\wbem\cimwin32.dll,,,,http://manifests.microsoft.com/win/2006/windows/WMI,
2026-05-24T15:32:18.908070Z,5857,dc.scaffold.htb,Microsoft-Windows-WMI-Activity,Microsoft-Windows-WMI-Activity/Operational,2549,0,,,,0x0,,,wmiprvse.exe,,,,,,4980,,WMIProv,%systemroot%\system32\wbem\wmiprov.dll,,,,http://manifests.microsoft.com/win/2006/windows/WMI,
2026-05-24T15:32:18.914426Z,5858,dc.scaffold.htb,Microsoft-Windows-WMI-Activity,Microsoft-Windows-WMI-Activity/Operational,2550,2,,DC,3980,,Unknown,,,{00000000-0000-0000-0000-000000000000},,,Start IWbemServices::CreateInstanceEnum - root\wmi : MS_SM_AdapterInformationQuery,Unknown,,,,,,0x8004100c,NT AUTHORITY\SYSTEM,http://manifests.microsoft.com/win/2006/windows/WMI,
2026-05-24T15:32:18.919989Z,5858,dc.scaffold.htb,Microsoft-Windows-WMI-Activity,Microsoft-Windows-WMI-Activity/Operational,2551,2,,DC,3980,,Unknown,,,{00000000-0000-0000-0000-000000000000},,,Start IWbemServices::CreateInstanceEnum - root\wmi : MSiSCSI_PortalInfoClass,Unknown,,,,,,0x8004100c,NT AUTHORITY\SYSTEM,http://manifests.microsoft.com/win/2006/windows/WMI,
2026-05-24T15:32:37.586598Z,5857,dc.scaffold.htb,Microsoft-Windows-WMI-Activity,Microsoft-Windows-WMI-Activity/Operational,2552,0,,,,0x0,,,wmiprvse.exe,,,,,,4980,,WmiPerfClass,C:\Windows\System32\wbem\WmiPerfClass.dll,,,,http://manifests.microsoft.com/win/2006/windows/WMI,
2026-05-24T15:32:47.428077Z,5861,dc.scaffold.htb,Microsoft-Windows-WMI-Activity,Microsoft-Windows-WMI-Activity/Operational,2553,0,"NTEventLogEventConsumer=""SCM Event Log Consumer""",,,,,SCM Event Log Filter,,,//./root/subscription,,,"Binding EventFilter: 
instance of __EventFilter
{
	CreatorSID = {1, 2, 0, 0, 0, 0, 0, 5, 32, 0, 0, 0, 32, 2, 0, 0};
	EventNamespace = ""root\\cimv2"";
	Name = ""SCM Event Log Filter"";
	Query = ""select * from MSFT_SCMEventLogEvent"";
	QueryLanguage = ""WQL"";
};
Perm. Consumer: 
instance of NTEventLogEventConsumer
{
	Category = 0;
	CreatorSID = {1, 2, 0, 0, 0, 0, 0, 5, 32, 0, 0, 0, 32, 2, 0, 0};
	EventType = 1;
	Name = ""SCM Event Log Consumer"";
	NameOfUserSIDProperty = ""sid"";
	SourceName = ""Service Control Manager"";
};
",,,,,,,,http://manifests.microsoft.com/win/2006/windows/WMI,
2026-05-24T15:32:47.454842Z,5859,dc.scaffold.htb,SCM Event Provider,Microsoft-Windows-WMI-Activity/Operational,2554,0,,,,,,,,,,//./root/CIMV2,,Permanent,,3240,,,select * from MSFT_SCMEventLogEvent,,S-1-5-32-544,http://manifests.microsoft.com/win/2006/windows/WMI,0
2026-05-24T15:32:47.461789Z,5857,dc.scaffold.htb,Microsoft-Windows-WMI-Activity,Microsoft-Windows-WMI-Activity/Operational,2555,0,,,,0x0,,,wmiprvse.exe,,,,,,3240,,WMI Kernel Trace Event Provider,C:\Windows\System32\wbem\krnlprov.dll,,,,http://manifests.microsoft.com/win/2006/windows/WMI,
2026-05-24T15:32:47.464567Z,5860,dc.scaffold.htb,Microsoft-Windows-WMI-Activity,Microsoft-Windows-WMI-Activity/Operational,2556,0,,DC,,,,,,,,ROOT\CIMV2,,Temporary,,6000,,,SELECT * FROM Win32_ProcessStartTrace WHERE ProcessName = 'wsmprovhost.exe',,NT AUTHORITY\SYSTEM,http://manifests.microsoft.com/win/2006/windows/WMI,
2026-05-24T15:32:57.966153Z,5857,dc.scaffold.htb,Microsoft-Windows-WMI-Activity,Microsoft-Windows-WMI-Activity/Operational,2557,0,,,,0x0,,,wmiprvse.exe,,,,,,4600,,MS_NT_EVENTLOG_PROVIDER,%systemroot%\system32\wbem\ntevt.dll,,,,http://manifests.microsoft.com/win/2006/windows/WMI,
2026-05-24T15:33:09.441380Z,5857,dc.scaffold.htb,Microsoft-Windows-WMI-Activity,Microsoft-Windows-WMI-Activity/Operational,2558,0,,,,0x0,,,wmiprvse.exe,,,,,,4600,,CIMWin32a,%systemroot%\system32\wbem\wmipcima.dll,,,,http://manifests.microsoft.com/win/2006/windows/WMI,
2026-05-24T15:33:09.491369Z,5858,dc.scaffold.htb,Microsoft-Windows-WMI-Activity,Microsoft-Windows-WMI-Activity/Operational,2559,2,,DC,4728,,Unknown,,,{00000000-0000-0000-0000-000000000000},,,"Start IWbemServices::ExecQuery - ROOT\CIMV2 : SELECT Manufacturer, Product FROM Win32_BaseBoard",Unknown,,,,,,0x80041032,NT AUTHORITY\NETWORK SERVICE,http://manifests.microsoft.com/win/2006/windows/WMI,
2026-05-24T15:33:09.632699Z,5858,dc.scaffold.htb,Microsoft-Windows-WMI-Activity,Microsoft-Windows-WMI-Activity/Operational,2560,2,,DC,1888,,Unknown,,,{00000000-0000-0000-0000-000000000000},,,"Start IWbemServices::ExecQuery - ROOT\CIMV2 : SELECT Manufacturer, Product FROM Win32_BaseBoard",Unknown,,,,,,0x80041032,NT AUTHORITY\NETWORK SERVICE,http://manifests.microsoft.com/win/2006/windows/WMI,
2026-05-24T15:33:46.893306Z,5857,dc.scaffold.htb,Microsoft-Windows-WMI-Activity,Microsoft-Windows-WMI-Activity/Operational,2561,0,,,,0x0,,,wmiprvse.exe,,,,,,4600,,mgmtprovider,%systemroot%\system32\wbem\mgmtprovider.dll,,,,http://manifests.microsoft.com/win/2006/windows/WMI,
2026-05-24T15:33:46.944238Z,5857,dc.scaffold.htb,Microsoft-Windows-WMI-Activity,Microsoft-Windows-WMI-Activity/Operational,2562,0,,,,0x0,,,wmiprvse.exe,,,,,,6300,,NetAdapterCim,%systemroot%\system32\wbem\NetAdapterCim.dll,,,,http://manifests.microsoft.com/win/2006/windows/WMI,
2026-05-24T15:33:47.040679Z,5857,dc.scaffold.htb,Microsoft-Windows-WMI-Activity,Microsoft-Windows-WMI-Activity/Operational,2563,0,,,,0x0,,,wmiprvse.exe,,,,,,4600,,nettcpip,%systemroot%\system32\wbem\NetTCPIP.dll,,,,http://manifests.microsoft.com/win/2006/windows/WMI,
2026-05-24T15:33:49.815826Z,5857,dc.scaffold.htb,Microsoft-Windows-WMI-Activity,Microsoft-Windows-WMI-Activity/Operational,2564,0,,,,0x0,,,wmiprvse.exe,,,,,,6484,,deploymentprovider,%systemroot%\system32\wbem\ServerManager.DeploymentProvider.dll,,,,http://manifests.microsoft.com/win/2006/windows/WMI,
2026-05-24T15:34:48.244165Z,5858,dc.scaffold.htb,Microsoft-Windows-WMI-Activity,Microsoft-Windows-WMI-Activity/Operational,2565,2,,DC,2348,,Unknown,,,{00000000-0000-0000-0000-000000000000},,,Start IWbemServices::ExecQuery - root\cimv2 : SELECT * FROM Win32_ComputerSystemProduct,Unknown,,,,,,0x80041032,NT AUTHORITY\SYSTEM,http://manifests.microsoft.com/win/2006/windows/WMI,
2026-05-24T15:34:48.246097Z,5858,dc.scaffold.htb,Microsoft-Windows-WMI-Activity,Microsoft-Windows-WMI-Activity/Operational,2566,2,,DC,2348,,Unknown,,,{00000000-0000-0000-0000-000000000000},,,Start IWbemServices::ExecQuery - root\cimv2 : SELECT * FROM Win32_ComputerSystemProduct,Unknown,,,,,,0x80041032,NT AUTHORITY\SYSTEM,http://manifests.microsoft.com/win/2006/windows/WMI,
2026-05-24T15:34:50.358037Z,5858,dc.scaffold.htb,Microsoft-Windows-WMI-Activity,Microsoft-Windows-WMI-Activity/Operational,2567,2,,DC,2348,,Unknown,,,{00000000-0000-0000-0000-000000000000},,,Start IWbemServices::ExecQuery - root\cimv2 : SELECT * FROM Win32_Processor,Unknown,,,,,,0x80041032,NT AUTHORITY\SYSTEM,http://manifests.microsoft.com/win/2006/windows/WMI,
2026-05-24T15:40:48.018085Z,5857,dc.scaffold.htb,Microsoft-Windows-WMI-Activity,Microsoft-Windows-WMI-Activity/Operational,2568,0,,,,0x0,,,wmiprvse.exe,,,,,,4980,,WMIProv,%systemroot%\system32\wbem\wmiprov.dll,,,,http://manifests.microsoft.com/win/2006/windows/WMI,
2026-05-24T15:42:47.954764Z,5858,dc.scaffold.htb,Microsoft-Windows-WMI-Activity,Microsoft-Windows-WMI-Activity/Operational,2569,2,,DC,6000,,Unknown,,,{76EC72CD-EB92-0002-0276-EC7692EBDC01},,,Start IWbemServices::ExecNotificationQuery - ROOT\CIMV2 : SELECT * FROM Win32_ProcessStartTrace WHERE ProcessName = 'wsmprovhost.exe',Unknown,,,,,,0x80041032,NT AUTHORITY\SYSTEM,http://manifests.microsoft.com/win/2006/windows/WMI,
2026-05-24T15:43:46.910205Z,5857,dc.scaffold.htb,Microsoft-Windows-WMI-Activity,Microsoft-Windows-WMI-Activity/Operational,2570,0,,,,0x0,,,wmiprvse.exe,,,,,,4600,,mgmtprovider,%systemroot%\system32\wbem\mgmtprovider.dll,,,,http://manifests.microsoft.com/win/2006/windows/WMI,
2026-05-24T15:43:46.974163Z,5857,dc.scaffold.htb,Microsoft-Windows-WMI-Activity,Microsoft-Windows-WMI-Activity/Operational,2571,0,,,,0x0,,,wmiprvse.exe,,,,,,5276,,NetAdapterCim,%systemroot%\system32\wbem\NetAdapterCim.dll,,,,http://manifests.microsoft.com/win/2006/windows/WMI,
2026-05-24T15:43:47.074229Z,5857,dc.scaffold.htb,Microsoft-Windows-WMI-Activity,Microsoft-Windows-WMI-Activity/Operational,2572,0,,,,0x0,,,wmiprvse.exe,,,,,,4600,,nettcpip,%systemroot%\system32\wbem\NetTCPIP.dll,,,,http://manifests.microsoft.com/win/2006/windows/WMI,
2026-05-24T15:43:49.454053Z,5857,dc.scaffold.htb,Microsoft-Windows-WMI-Activity,Microsoft-Windows-WMI-Activity/Operational,2573,0,,,,0x0,,,wmiprvse.exe,,,,,,7080,,deploymentprovider,%systemroot%\system32\wbem\ServerManager.DeploymentProvider.dll,,,,http://manifests.microsoft.com/win/2006/windows/WMI,
2026-05-24T15:53:46.921902Z,5857,dc.scaffold.htb,Microsoft-Windows-WMI-Activity,Microsoft-Windows-WMI-Activity/Operational,2574,0,,,,0x0,,,wmiprvse.exe,,,,,,4600,,mgmtprovider,%systemroot%\system32\wbem\mgmtprovider.dll,,,,http://manifests.microsoft.com/win/2006/windows/WMI,
2026-05-24T15:53:46.984580Z,5857,dc.scaffold.htb,Microsoft-Windows-WMI-Activity,Microsoft-Windows-WMI-Activity/Operational,2575,0,,,,0x0,,,wmiprvse.exe,,,,,,1096,,NetAdapterCim,%systemroot%\system32\wbem\NetAdapterCim.dll,,,,http://manifests.microsoft.com/win/2006/windows/WMI,
2026-05-24T15:53:47.098775Z,5857,dc.scaffold.htb,Microsoft-Windows-WMI-Activity,Microsoft-Windows-WMI-Activity/Operational,2576,0,,,,0x0,,,wmiprvse.exe,,,,,,4600,,nettcpip,%systemroot%\system32\wbem\NetTCPIP.dll,,,,http://manifests.microsoft.com/win/2006/windows/WMI,
2026-05-24T15:53:49.461906Z,5857,dc.scaffold.htb,Microsoft-Windows-WMI-Activity,Microsoft-Windows-WMI-Activity/Operational,2577,0,,,,0x0,,,wmiprvse.exe,,,,,,2148,,deploymentprovider,%systemroot%\system32\wbem\ServerManager.DeploymentProvider.dll,,,,http://manifests.microsoft.com/win/2006/windows/WMI,
2026-05-24T16:03:46.942411Z,5857,dc.scaffold.htb,Microsoft-Windows-WMI-Activity,Microsoft-Windows-WMI-Activity/Operational,2578,0,,,,0x0,,,wmiprvse.exe,,,,,,4600,,mgmtprovider,%systemroot%\system32\wbem\mgmtprovider.dll,,,,http://manifests.microsoft.com/win/2006/windows/WMI,
2026-05-24T16:03:46.976552Z,5857,dc.scaffold.htb,Microsoft-Windows-WMI-Activity,Microsoft-Windows-WMI-Activity/Operational,2579,0,,,,0x0,,,wmiprvse.exe,,,,,,6388,,NetAdapterCim,%systemroot%\system32\wbem\NetAdapterCim.dll,,,,http://manifests.microsoft.com/win/2006/windows/WMI,
2026-05-24T16:03:47.060834Z,5857,dc.scaffold.htb,Microsoft-Windows-WMI-Activity,Microsoft-Windows-WMI-Activity/Operational,2580,0,,,,0x0,,,wmiprvse.exe,,,,,,4600,,nettcpip,%systemroot%\system32\wbem\NetTCPIP.dll,,,,http://manifests.microsoft.com/win/2006/windows/WMI,
2026-05-24T16:03:49.427492Z,5857,dc.scaffold.htb,Microsoft-Windows-WMI-Activity,Microsoft-Windows-WMI-Activity/Operational,2581,0,,,,0x0,,,wmiprvse.exe,,,,,,5860,,deploymentprovider,%systemroot%\system32\wbem\ServerManager.DeploymentProvider.dll,,,,http://manifests.microsoft.com/win/2006/windows/WMI,
2026-05-24T16:13:46.949924Z,5857,dc.scaffold.htb,Microsoft-Windows-WMI-Activity,Microsoft-Windows-WMI-Activity/Operational,2582,0,,,,0x0,,,wmiprvse.exe,,,,,,4600,,mgmtprovider,%systemroot%\system32\wbem\mgmtprovider.dll,,,,http://manifests.microsoft.com/win/2006/windows/WMI,
2026-05-24T16:13:46.989902Z,5857,dc.scaffold.htb,Microsoft-Windows-WMI-Activity,Microsoft-Windows-WMI-Activity/Operational,2583,0,,,,0x0,,,wmiprvse.exe,,,,,,1664,,NetAdapterCim,%systemroot%\system32\wbem\NetAdapterCim.dll,,,,http://manifests.microsoft.com/win/2006/windows/WMI,
2026-05-24T16:13:47.098485Z,5857,dc.scaffold.htb,Microsoft-Windows-WMI-Activity,Microsoft-Windows-WMI-Activity/Operational,2584,0,,,,0x0,,,wmiprvse.exe,,,,,,4600,,nettcpip,%systemroot%\system32\wbem\NetTCPIP.dll,,,,http://manifests.microsoft.com/win/2006/windows/WMI,
2026-05-24T16:13:49.430058Z,5857,dc.scaffold.htb,Microsoft-Windows-WMI-Activity,Microsoft-Windows-WMI-Activity/Operational,2585,0,,,,0x0,,,wmiprvse.exe,,,,,,1612,,deploymentprovider,%systemroot%\system32\wbem\ServerManager.DeploymentProvider.dll,,,,http://manifests.microsoft.com/win/2006/windows/WMI,
2026-05-24T16:23:12.410063Z,5857,dc.scaffold.htb,Microsoft-Windows-WMI-Activity,Microsoft-Windows-WMI-Activity/Operational,2586,0,,,,0x0,,,wmiprvse.exe,,,,,,4600,,smbwmiv2,%SystemRoot%\System32\smbwmiv2.dll,,,,http://manifests.microsoft.com/win/2006/windows/WMI,
2026-05-24T16:23:12.414882Z,5858,dc.scaffold.htb,Microsoft-Windows-WMI-Activity,Microsoft-Windows-WMI-Activity/Operational,2587,2,,DC,2724,,Provider,,,{79FB95A8-C5E0-4BAE-9BD3-88369F84F5AC},,,Start IWbemServices::ExecMethod - ROOT\Microsoft\Windows\Smb : MSFT_SmbShare::FireShareChangeEvent,Unknown,,,,,,0x80041007,NT AUTHORITY\SYSTEM,http://manifests.microsoft.com/win/2006/windows/WMI,
2026-05-24T16:23:46.957089Z,5857,dc.scaffold.htb,Microsoft-Windows-WMI-Activity,Microsoft-Windows-WMI-Activity/Operational,2588,0,,,,0x0,,,wmiprvse.exe,,,,,,4600,,mgmtprovider,%systemroot%\system32\wbem\mgmtprovider.dll,,,,http://manifests.microsoft.com/win/2006/windows/WMI,
2026-05-24T16:23:47.027458Z,5857,dc.scaffold.htb,Microsoft-Windows-WMI-Activity,Microsoft-Windows-WMI-Activity/Operational,2589,0,,,,0x0,,,wmiprvse.exe,,,,,,4276,,NetAdapterCim,%systemroot%\system32\wbem\NetAdapterCim.dll,,,,http://manifests.microsoft.com/win/2006/windows/WMI,
2026-05-24T16:23:47.141856Z,5857,dc.scaffold.htb,Microsoft-Windows-WMI-Activity,Microsoft-Windows-WMI-Activity/Operational,2590,0,,,,0x0,,,wmiprvse.exe,,,,,,4600,,nettcpip,%systemroot%\system32\wbem\NetTCPIP.dll,,,,http://manifests.microsoft.com/win/2006/windows/WMI,
2026-05-24T16:23:49.489534Z,5857,dc.scaffold.htb,Microsoft-Windows-WMI-Activity,Microsoft-Windows-WMI-Activity/Operational,2591,0,,,,0x0,,,wmiprvse.exe,,,,,,1992,,deploymentprovider,%systemroot%\system32\wbem\ServerManager.DeploymentProvider.dll,,,,http://manifests.microsoft.com/win/2006/windows/WMI,
2026-05-24T22:09:51.607934Z,5857,dc.scaffold.htb,Microsoft-Windows-WMI-Activity,Microsoft-Windows-WMI-Activity/Operational,2592,0,,,,0x0,,,wmiprvse.exe,,,,,,4620,,CIMWin32,%systemroot%\system32\wbem\cimwin32.dll,,,,http://manifests.microsoft.com/win/2006/windows/WMI,
2026-05-24T22:09:52.432727Z,5857,dc.scaffold.htb,Microsoft-Windows-WMI-Activity,Microsoft-Windows-WMI-Activity/Operational,2593,0,,,,0x0,,,wmiprvse.exe,,,,,,4992,,WMIProv,%systemroot%\system32\wbem\wmiprov.dll,,,,http://manifests.microsoft.com/win/2006/windows/WMI,
2026-05-24T22:09:52.441651Z,5858,dc.scaffold.htb,Microsoft-Windows-WMI-Activity,Microsoft-Windows-WMI-Activity/Operational,2594,2,,DC,3928,,Unknown,,,{00000000-0000-0000-0000-000000000000},,,Start IWbemServices::CreateInstanceEnum - root\wmi : MS_SM_AdapterInformationQuery,Unknown,,,,,,0x8004100c,NT AUTHORITY\SYSTEM,http://manifests.microsoft.com/win/2006/windows/WMI,
2026-05-24T22:09:52.448079Z,5858,dc.scaffold.htb,Microsoft-Windows-WMI-Activity,Microsoft-Windows-WMI-Activity/Operational,2595,2,,DC,3928,,Unknown,,,{00000000-0000-0000-0000-000000000000},,,Start IWbemServices::CreateInstanceEnum - root\wmi : MSiSCSI_PortalInfoClass,Unknown,,,,,,0x8004100c,NT AUTHORITY\SYSTEM,http://manifests.microsoft.com/win/2006/windows/WMI,
2026-05-24T22:10:11.039417Z,5857,dc.scaffold.htb,Microsoft-Windows-WMI-Activity,Microsoft-Windows-WMI-Activity/Operational,2596,0,,,,0x0,,,wmiprvse.exe,,,,,,4992,,WmiPerfClass,C:\Windows\System32\wbem\WmiPerfClass.dll,,,,http://manifests.microsoft.com/win/2006/windows/WMI,
2026-05-24T22:10:20.820076Z,5861,dc.scaffold.htb,Microsoft-Windows-WMI-Activity,Microsoft-Windows-WMI-Activity/Operational,2597,0,"NTEventLogEventConsumer=""SCM Event Log Consumer""",,,,,SCM Event Log Filter,,,//./root/subscription,,,"Binding EventFilter: 
instance of __EventFilter
{
	CreatorSID = {1, 2, 0, 0, 0, 0, 0, 5, 32, 0, 0, 0, 32, 2, 0, 0};
	EventNamespace = ""root\\cimv2"";
	Name = ""SCM Event Log Filter"";
	Query = ""select * from MSFT_SCMEventLogEvent"";
	QueryLanguage = ""WQL"";
};
Perm. Consumer: 
instance of NTEventLogEventConsumer
{
	Category = 0;
	CreatorSID = {1, 2, 0, 0, 0, 0, 0, 5, 32, 0, 0, 0, 32, 2, 0, 0};
	EventType = 1;
	Name = ""SCM Event Log Consumer"";
	NameOfUserSIDProperty = ""sid"";
	SourceName = ""Service Control Manager"";
};
",,,,,,,,http://manifests.microsoft.com/win/2006/windows/WMI,
2026-05-24T22:10:20.859436Z,5859,dc.scaffold.htb,SCM Event Provider,Microsoft-Windows-WMI-Activity/Operational,2598,0,,,,,,,,,,//./root/CIMV2,,Permanent,,3088,,,select * from MSFT_SCMEventLogEvent,,S-1-5-32-544,http://manifests.microsoft.com/win/2006/windows/WMI,0
2026-05-24T22:10:20.865763Z,5857,dc.scaffold.htb,Microsoft-Windows-WMI-Activity,Microsoft-Windows-WMI-Activity/Operational,2599,0,,,,0x0,,,wmiprvse.exe,,,,,,3088,,WMI Kernel Trace Event Provider,C:\Windows\System32\wbem\krnlprov.dll,,,,http://manifests.microsoft.com/win/2006/windows/WMI,
2026-05-24T22:10:20.868108Z,5860,dc.scaffold.htb,Microsoft-Windows-WMI-Activity,Microsoft-Windows-WMI-Activity/Operational,2600,0,,DC,,,,,,,,ROOT\CIMV2,,Temporary,,5996,,,SELECT * FROM Win32_ProcessStartTrace WHERE ProcessName = 'wsmprovhost.exe',,NT AUTHORITY\SYSTEM,http://manifests.microsoft.com/win/2006/windows/WMI,
2026-05-24T22:10:31.433599Z,5857,dc.scaffold.htb,Microsoft-Windows-WMI-Activity,Microsoft-Windows-WMI-Activity/Operational,2601,0,,,,0x0,,,wmiprvse.exe,,,,,,4620,,MS_NT_EVENTLOG_PROVIDER,%systemroot%\system32\wbem\ntevt.dll,,,,http://manifests.microsoft.com/win/2006/windows/WMI,
2026-05-24T22:10:41.839958Z,5857,dc.scaffold.htb,Microsoft-Windows-WMI-Activity,Microsoft-Windows-WMI-Activity/Operational,2602,0,,,,0x0,,,wmiprvse.exe,,,,,,4620,,CIMWin32a,%systemroot%\system32\wbem\wmipcima.dll,,,,http://manifests.microsoft.com/win/2006/windows/WMI,
2026-05-24T22:10:42.115030Z,5858,dc.scaffold.htb,Microsoft-Windows-WMI-Activity,Microsoft-Windows-WMI-Activity/Operational,2603,2,,DC,2700,,Unknown,,,{00000000-0000-0000-0000-000000000000},,,"Start IWbemServices::ExecQuery - ROOT\CIMV2 : SELECT Manufacturer, Product FROM Win32_BaseBoard",Unknown,,,,,,0x80041032,NT AUTHORITY\NETWORK SERVICE,http://manifests.microsoft.com/win/2006/windows/WMI,
2026-05-24T22:10:53.013810Z,5857,dc.scaffold.htb,Microsoft-Windows-WMI-Activity,Microsoft-Windows-WMI-Activity/Operational,2604,0,,,,0x0,,,wmiprvse.exe,,,,,,4620,,mgmtprovider,%systemroot%\system32\wbem\mgmtprovider.dll,,,,http://manifests.microsoft.com/win/2006/windows/WMI,
2026-05-24T22:10:53.057026Z,5857,dc.scaffold.htb,Microsoft-Windows-WMI-Activity,Microsoft-Windows-WMI-Activity/Operational,2605,0,,,,0x0,,,wmiprvse.exe,,,,,,1072,,NetAdapterCim,%systemroot%\system32\wbem\NetAdapterCim.dll,,,,http://manifests.microsoft.com/win/2006/windows/WMI,
2026-05-24T22:10:53.170074Z,5857,dc.scaffold.htb,Microsoft-Windows-WMI-Activity,Microsoft-Windows-WMI-Activity/Operational,2606,0,,,,0x0,,,wmiprvse.exe,,,,,,4620,,nettcpip,%systemroot%\system32\wbem\NetTCPIP.dll,,,,http://manifests.microsoft.com/win/2006/windows/WMI,
2026-05-24T22:10:55.966622Z,5857,dc.scaffold.htb,Microsoft-Windows-WMI-Activity,Microsoft-Windows-WMI-Activity/Operational,2607,0,,,,0x0,,,wmiprvse.exe,,,,,,7136,,deploymentprovider,%systemroot%\system32\wbem\ServerManager.DeploymentProvider.dll,,,,http://manifests.microsoft.com/win/2006/windows/WMI,
2026-05-24T22:12:23.979172Z,5858,dc.scaffold.htb,Microsoft-Windows-WMI-Activity,Microsoft-Windows-WMI-Activity/Operational,2608,2,,DC,6132,,Unknown,,,{00000000-0000-0000-0000-000000000000},,,Start IWbemServices::ExecQuery - root\cimv2 : SELECT * FROM Win32_ComputerSystem,Unknown,,,,,,0x80041032,NT AUTHORITY\SYSTEM,http://manifests.microsoft.com/win/2006/windows/WMI,
2026-05-24T22:18:21.471539Z,5857,dc.scaffold.htb,Microsoft-Windows-WMI-Activity,Microsoft-Windows-WMI-Activity/Operational,2609,0,,,,0x0,,,wmiprvse.exe,,,,,,4992,,WMIProv,%systemroot%\system32\wbem\wmiprov.dll,,,,http://manifests.microsoft.com/win/2006/windows/WMI,
2026-05-24T22:20:21.434368Z,5858,dc.scaffold.htb,Microsoft-Windows-WMI-Activity,Microsoft-Windows-WMI-Activity/Operational,2610,2,,DC,5996,,Unknown,,,{0068D67A-EBCA-0001-6ED8-6800CAEBDC01},,,Start IWbemServices::ExecNotificationQuery - ROOT\CIMV2 : SELECT * FROM Win32_ProcessStartTrace WHERE ProcessName = 'wsmprovhost.exe',Unknown,,,,,,0x80041032,NT AUTHORITY\SYSTEM,http://manifests.microsoft.com/win/2006/windows/WMI,
2026-05-24T22:20:53.053487Z,5857,dc.scaffold.htb,Microsoft-Windows-WMI-Activity,Microsoft-Windows-WMI-Activity/Operational,2611,0,,,,0x0,,,wmiprvse.exe,,,,,,4620,,mgmtprovider,%systemroot%\system32\wbem\mgmtprovider.dll,,,,http://manifests.microsoft.com/win/2006/windows/WMI,
2026-05-24T22:20:53.087123Z,5857,dc.scaffold.htb,Microsoft-Windows-WMI-Activity,Microsoft-Windows-WMI-Activity/Operational,2612,0,,,,0x0,,,wmiprvse.exe,,,,,,1464,,NetAdapterCim,%systemroot%\system32\wbem\NetAdapterCim.dll,,,,http://manifests.microsoft.com/win/2006/windows/WMI,
2026-05-24T22:20:53.160041Z,5857,dc.scaffold.htb,Microsoft-Windows-WMI-Activity,Microsoft-Windows-WMI-Activity/Operational,2613,0,,,,0x0,,,wmiprvse.exe,,,,,,4620,,nettcpip,%systemroot%\system32\wbem\NetTCPIP.dll,,,,http://manifests.microsoft.com/win/2006/windows/WMI,
2026-05-24T22:20:55.518726Z,5857,dc.scaffold.htb,Microsoft-Windows-WMI-Activity,Microsoft-Windows-WMI-Activity/Operational,2614,0,,,,0x0,,,wmiprvse.exe,,,,,,7920,,deploymentprovider,%systemroot%\system32\wbem\ServerManager.DeploymentProvider.dll,,,,http://manifests.microsoft.com/win/2006/windows/WMI,
2026-05-24T22:30:53.069692Z,5857,dc.scaffold.htb,Microsoft-Windows-WMI-Activity,Microsoft-Windows-WMI-Activity/Operational,2615,0,,,,0x0,,,wmiprvse.exe,,,,,,4620,,mgmtprovider,%systemroot%\system32\wbem\mgmtprovider.dll,,,,http://manifests.microsoft.com/win/2006/windows/WMI,
2026-05-24T22:30:53.109001Z,5857,dc.scaffold.htb,Microsoft-Windows-WMI-Activity,Microsoft-Windows-WMI-Activity/Operational,2616,0,,,,0x0,,,wmiprvse.exe,,,,,,1976,,NetAdapterCim,%systemroot%\system32\wbem\NetAdapterCim.dll,,,,http://manifests.microsoft.com/win/2006/windows/WMI,
2026-05-24T22:30:53.199498Z,5857,dc.scaffold.htb,Microsoft-Windows-WMI-Activity,Microsoft-Windows-WMI-Activity/Operational,2617,0,,,,0x0,,,wmiprvse.exe,,,,,,4620,,nettcpip,%systemroot%\system32\wbem\NetTCPIP.dll,,,,http://manifests.microsoft.com/win/2006/windows/WMI,
2026-05-24T22:30:55.552291Z,5857,dc.scaffold.htb,Microsoft-Windows-WMI-Activity,Microsoft-Windows-WMI-Activity/Operational,2618,0,,,,0x0,,,wmiprvse.exe,,,,,,7012,,deploymentprovider,%systemroot%\system32\wbem\ServerManager.DeploymentProvider.dll,,,,http://manifests.microsoft.com/win/2006/windows/WMI,
2026-05-24T22:40:53.081669Z,5857,dc.scaffold.htb,Microsoft-Windows-WMI-Activity,Microsoft-Windows-WMI-Activity/Operational,2619,0,,,,0x0,,,wmiprvse.exe,,,,,,4620,,mgmtprovider,%systemroot%\system32\wbem\mgmtprovider.dll,,,,http://manifests.microsoft.com/win/2006/windows/WMI,
2026-05-24T22:40:53.124343Z,5857,dc.scaffold.htb,Microsoft-Windows-WMI-Activity,Microsoft-Windows-WMI-Activity/Operational,2620,0,,,,0x0,,,wmiprvse.exe,,,,,,7344,,NetAdapterCim,%systemroot%\system32\wbem\NetAdapterCim.dll,,,,http://manifests.microsoft.com/win/2006/windows/WMI,
2026-05-24T22:40:53.194565Z,5857,dc.scaffold.htb,Microsoft-Windows-WMI-Activity,Microsoft-Windows-WMI-Activity/Operational,2621,0,,,,0x0,,,wmiprvse.exe,,,,,,4620,,nettcpip,%systemroot%\system32\wbem\NetTCPIP.dll,,,,http://manifests.microsoft.com/win/2006/windows/WMI,
2026-05-24T22:40:55.575008Z,5857,dc.scaffold.htb,Microsoft-Windows-WMI-Activity,Microsoft-Windows-WMI-Activity/Operational,2622,0,,,,0x0,,,wmiprvse.exe,,,,,,3936,,deploymentprovider,%systemroot%\system32\wbem\ServerManager.DeploymentProvider.dll,,,,http://manifests.microsoft.com/win/2006/windows/WMI,
2026-05-24T22:50:53.097749Z,5857,dc.scaffold.htb,Microsoft-Windows-WMI-Activity,Microsoft-Windows-WMI-Activity/Operational,2623,0,,,,0x0,,,wmiprvse.exe,,,,,,4620,,mgmtprovider,%systemroot%\system32\wbem\mgmtprovider.dll,,,,http://manifests.microsoft.com/win/2006/windows/WMI,
2026-05-24T22:50:53.134767Z,5857,dc.scaffold.htb,Microsoft-Windows-WMI-Activity,Microsoft-Windows-WMI-Activity/Operational,2624,0,,,,0x0,,,wmiprvse.exe,,,,,,7704,,NetAdapterCim,%systemroot%\system32\wbem\NetAdapterCim.dll,,,,http://manifests.microsoft.com/win/2006/windows/WMI,
2026-05-24T22:50:53.210388Z,5857,dc.scaffold.htb,Microsoft-Windows-WMI-Activity,Microsoft-Windows-WMI-Activity/Operational,2625,0,,,,0x0,,,wmiprvse.exe,,,,,,4620,,nettcpip,%systemroot%\system32\wbem\NetTCPIP.dll,,,,http://manifests.microsoft.com/win/2006/windows/WMI,
2026-05-24T22:50:55.571478Z,5857,dc.scaffold.htb,Microsoft-Windows-WMI-Activity,Microsoft-Windows-WMI-Activity/Operational,2626,0,,,,0x0,,,wmiprvse.exe,,,,,,7592,,deploymentprovider,%systemroot%\system32\wbem\ServerManager.DeploymentProvider.dll,,,,http://manifests.microsoft.com/win/2006/windows/WMI,
2026-05-25T14:40:34.026871Z,5857,dc.scaffold.htb,Microsoft-Windows-WMI-Activity,Microsoft-Windows-WMI-Activity/Operational,2627,0,,,,0x0,,,wmiprvse.exe,,,,,,4572,,CIMWin32,%systemroot%\system32\wbem\cimwin32.dll,,,,http://manifests.microsoft.com/win/2006/windows/WMI,
2026-05-25T14:40:35.068180Z,5857,dc.scaffold.htb,Microsoft-Windows-WMI-Activity,Microsoft-Windows-WMI-Activity/Operational,2628,0,,,,0x0,,,wmiprvse.exe,,,,,,4944,,WMIProv,%systemroot%\system32\wbem\wmiprov.dll,,,,http://manifests.microsoft.com/win/2006/windows/WMI,
2026-05-25T14:40:35.076074Z,5858,dc.scaffold.htb,Microsoft-Windows-WMI-Activity,Microsoft-Windows-WMI-Activity/Operational,2629,2,,DC,4012,,Unknown,,,{00000000-0000-0000-0000-000000000000},,,Start IWbemServices::CreateInstanceEnum - root\wmi : MS_SM_AdapterInformationQuery,Unknown,,,,,,0x8004100c,NT AUTHORITY\SYSTEM,http://manifests.microsoft.com/win/2006/windows/WMI,
2026-05-25T14:40:35.081223Z,5858,dc.scaffold.htb,Microsoft-Windows-WMI-Activity,Microsoft-Windows-WMI-Activity/Operational,2630,2,,DC,4012,,Unknown,,,{00000000-0000-0000-0000-000000000000},,,Start IWbemServices::CreateInstanceEnum - root\wmi : MSiSCSI_PortalInfoClass,Unknown,,,,,,0x8004100c,NT AUTHORITY\SYSTEM,http://manifests.microsoft.com/win/2006/windows/WMI,
2026-05-25T14:40:53.572543Z,5857,dc.scaffold.htb,Microsoft-Windows-WMI-Activity,Microsoft-Windows-WMI-Activity/Operational,2631,0,,,,0x0,,,wmiprvse.exe,,,,,,4944,,WmiPerfClass,C:\Windows\System32\wbem\WmiPerfClass.dll,,,,http://manifests.microsoft.com/win/2006/windows/WMI,
2026-05-25T14:41:03.025114Z,5861,dc.scaffold.htb,Microsoft-Windows-WMI-Activity,Microsoft-Windows-WMI-Activity/Operational,2632,0,"NTEventLogEventConsumer=""SCM Event Log Consumer""",,,,,SCM Event Log Filter,,,//./root/subscription,,,"Binding EventFilter: 
instance of __EventFilter
{
	CreatorSID = {1, 2, 0, 0, 0, 0, 0, 5, 32, 0, 0, 0, 32, 2, 0, 0};
	EventNamespace = ""root\\cimv2"";
	Name = ""SCM Event Log Filter"";
	Query = ""select * from MSFT_SCMEventLogEvent"";
	QueryLanguage = ""WQL"";
};
Perm. Consumer: 
instance of NTEventLogEventConsumer
{
	Category = 0;
	CreatorSID = {1, 2, 0, 0, 0, 0, 0, 5, 32, 0, 0, 0, 32, 2, 0, 0};
	EventType = 1;
	Name = ""SCM Event Log Consumer"";
	NameOfUserSIDProperty = ""sid"";
	SourceName = ""Service Control Manager"";
};
",,,,,,,,http://manifests.microsoft.com/win/2006/windows/WMI,
2026-05-25T14:41:03.062478Z,5859,dc.scaffold.htb,SCM Event Provider,Microsoft-Windows-WMI-Activity/Operational,2633,0,,,,,,,,,,//./root/CIMV2,,Permanent,,3160,,,select * from MSFT_SCMEventLogEvent,,S-1-5-32-544,http://manifests.microsoft.com/win/2006/windows/WMI,0
2026-05-25T14:41:03.070469Z,5857,dc.scaffold.htb,Microsoft-Windows-WMI-Activity,Microsoft-Windows-WMI-Activity/Operational,2634,0,,,,0x0,,,wmiprvse.exe,,,,,,3160,,WMI Kernel Trace Event Provider,C:\Windows\System32\wbem\krnlprov.dll,,,,http://manifests.microsoft.com/win/2006/windows/WMI,
2026-05-25T14:41:03.073011Z,5860,dc.scaffold.htb,Microsoft-Windows-WMI-Activity,Microsoft-Windows-WMI-Activity/Operational,2635,0,,DC,,,,,,,,ROOT\CIMV2,,Temporary,,6060,,,SELECT * FROM Win32_ProcessStartTrace WHERE ProcessName = 'wsmprovhost.exe',,NT AUTHORITY\SYSTEM,http://manifests.microsoft.com/win/2006/windows/WMI,
2026-05-25T14:41:13.984123Z,5857,dc.scaffold.htb,Microsoft-Windows-WMI-Activity,Microsoft-Windows-WMI-Activity/Operational,2636,0,,,,0x0,,,wmiprvse.exe,,,,,,4572,,MS_NT_EVENTLOG_PROVIDER,%systemroot%\system32\wbem\ntevt.dll,,,,http://manifests.microsoft.com/win/2006/windows/WMI,
2026-05-25T14:41:25.257169Z,5857,dc.scaffold.htb,Microsoft-Windows-WMI-Activity,Microsoft-Windows-WMI-Activity/Operational,2637,0,,,,0x0,,,wmiprvse.exe,,,,,,4572,,CIMWin32a,%systemroot%\system32\wbem\wmipcima.dll,,,,http://manifests.microsoft.com/win/2006/windows/WMI,
2026-05-25T14:41:25.462410Z,5858,dc.scaffold.htb,Microsoft-Windows-WMI-Activity,Microsoft-Windows-WMI-Activity/Operational,2638,2,,DC,1468,,Unknown,,,{00000000-0000-0000-0000-000000000000},,,"Start IWbemServices::ExecQuery - ROOT\CIMV2 : SELECT Manufacturer, Product FROM Win32_BaseBoard",Unknown,,,,,,0x80041032,NT AUTHORITY\NETWORK SERVICE,http://manifests.microsoft.com/win/2006/windows/WMI,
2026-05-25T14:42:13.704262Z,5857,dc.scaffold.htb,Microsoft-Windows-WMI-Activity,Microsoft-Windows-WMI-Activity/Operational,2639,0,,,,0x0,,,wmiprvse.exe,,,,,,4572,,mgmtprovider,%systemroot%\system32\wbem\mgmtprovider.dll,,,,http://manifests.microsoft.com/win/2006/windows/WMI,
2026-05-25T14:42:13.752791Z,5857,dc.scaffold.htb,Microsoft-Windows-WMI-Activity,Microsoft-Windows-WMI-Activity/Operational,2640,0,,,,0x0,,,wmiprvse.exe,,,,,,7052,,NetAdapterCim,%systemroot%\system32\wbem\NetAdapterCim.dll,,,,http://manifests.microsoft.com/win/2006/windows/WMI,
2026-05-25T14:42:13.846525Z,5857,dc.scaffold.htb,Microsoft-Windows-WMI-Activity,Microsoft-Windows-WMI-Activity/Operational,2641,0,,,,0x0,,,wmiprvse.exe,,,,,,4572,,nettcpip,%systemroot%\system32\wbem\NetTCPIP.dll,,,,http://manifests.microsoft.com/win/2006/windows/WMI,
2026-05-25T14:42:16.714066Z,5857,dc.scaffold.htb,Microsoft-Windows-WMI-Activity,Microsoft-Windows-WMI-Activity/Operational,2642,0,,,,0x0,,,wmiprvse.exe,,,,,,5588,,deploymentprovider,%systemroot%\system32\wbem\ServerManager.DeploymentProvider.dll,,,,http://manifests.microsoft.com/win/2006/windows/WMI,
2026-05-25T14:43:03.851251Z,5858,dc.scaffold.htb,Microsoft-Windows-WMI-Activity,Microsoft-Windows-WMI-Activity/Operational,2643,2,,DC,7468,,Unknown,,,{00000000-0000-0000-0000-000000000000},,,Start IWbemServices::ExecQuery - root\cimv2 : SELECT * FROM Win32_ComputerSystem,Unknown,,,,,,0x80041032,NT AUTHORITY\SYSTEM,http://manifests.microsoft.com/win/2006/windows/WMI,
2026-05-25T14:43:03.894265Z,5858,dc.scaffold.htb,Microsoft-Windows-WMI-Activity,Microsoft-Windows-WMI-Activity/Operational,2644,2,,DC,7468,,Unknown,,,{00000000-0000-0000-0000-000000000000},,,Start IWbemServices::ExecQuery - root\cimv2 : SELECT * FROM Win32_OperatingSystem,Unknown,,,,,,0x80041032,NT AUTHORITY\SYSTEM,http://manifests.microsoft.com/win/2006/windows/WMI,
2026-05-25T14:43:03.899439Z,5858,dc.scaffold.htb,Microsoft-Windows-WMI-Activity,Microsoft-Windows-WMI-Activity/Operational,2645,2,,DC,7468,,Unknown,,,{00000000-0000-0000-0000-000000000000},,,Start IWbemServices::ExecQuery - root\cimv2 : SELECT * FROM Win32_ComputerSystem,Unknown,,,,,,0x80041032,NT AUTHORITY\SYSTEM,http://manifests.microsoft.com/win/2006/windows/WMI,
2026-05-25T14:45:50.328995Z,5857,dc.scaffold.htb,Microsoft-Windows-WMI-Activity,Microsoft-Windows-WMI-Activity/Operational,2646,0,,,,0x0,,,wmiprvse.exe,,,,,,4572,,ServerFeatureProvider,%windir%\system32\wbem\servercompprov.dll,,,,http://manifests.microsoft.com/win/2006/windows/WMI,
2026-05-25T14:45:50.363002Z,5857,dc.scaffold.htb,Microsoft-Windows-WMI-Activity,Microsoft-Windows-WMI-Activity/Operational,2647,0,,,,0x0,,,wmiprvse.exe,,,,,,1812,,deploymentprovider,%systemroot%\system32\wbem\ServerManager.DeploymentProvider.dll,,,,http://manifests.microsoft.com/win/2006/windows/WMI,
2026-05-25T14:45:50.626922Z,5858,dc.scaffold.htb,Microsoft-Windows-WMI-Activity,Microsoft-Windows-WMI-Activity/Operational,2648,2,,DC,1660,,Unknown,,,{00000000-0000-0000-0000-000000000000},,,Start IWbemServices::ExecQuery - ROOT\CCM : select ClientId from CCM_Client,Unknown,,,,,,0x80041010,NT AUTHORITY\SYSTEM,http://manifests.microsoft.com/win/2006/windows/WMI,
2026-05-25T14:45:50.652361Z,5857,dc.scaffold.htb,Microsoft-Windows-WMI-Activity,Microsoft-Windows-WMI-Activity/Operational,2649,0,,,,0x0,,,wmiprvse.exe,,,,,,4572,,Win32_TpmProvider,C:\Windows\System32\wbem\Win32_TPM.dll,,,,http://manifests.microsoft.com/win/2006/windows/WMI,
2026-05-25T14:45:51.073330Z,5857,dc.scaffold.htb,Microsoft-Windows-WMI-Activity,Microsoft-Windows-WMI-Activity/Operational,2650,0,,,,0x0,,,wmiprvse.exe,,,,,,4572,,Win32_DeviceGuard,%SystemRoot%\System32\Win32_DeviceGuard.dll,,,,http://manifests.microsoft.com/win/2006/windows/WMI,
2026-05-25T14:45:51.098360Z,5857,dc.scaffold.htb,Microsoft-Windows-WMI-Activity,Microsoft-Windows-WMI-Activity/Operational,2651,0,,,,0x0,,,wmiprvse.exe,,,,,,4572,,DeliveryOptimizationMIProv,%SystemRoot%\system32\domgmt.dll,,,,http://manifests.microsoft.com/win/2006/windows/WMI,
2026-05-25T14:51:03.606616Z,5858,dc.scaffold.htb,Microsoft-Windows-WMI-Activity,Microsoft-Windows-WMI-Activity/Operational,2652,2,,DC,6060,,Unknown,,,{669A56E9-EC54-0001-DB58-9A6654ECDC01},,,Start IWbemServices::ExecNotificationQuery - ROOT\CIMV2 : SELECT * FROM Win32_ProcessStartTrace WHERE ProcessName = 'wsmprovhost.exe',Unknown,,,,,,0x80041032,NT AUTHORITY\SYSTEM,http://manifests.microsoft.com/win/2006/windows/WMI,
2026-05-25T14:52:13.719832Z,5857,dc.scaffold.htb,Microsoft-Windows-WMI-Activity,Microsoft-Windows-WMI-Activity/Operational,2653,0,,,,0x0,,,wmiprvse.exe,,,,,,4572,,mgmtprovider,%systemroot%\system32\wbem\mgmtprovider.dll,,,,http://manifests.microsoft.com/win/2006/windows/WMI,
2026-05-25T14:52:13.760867Z,5857,dc.scaffold.htb,Microsoft-Windows-WMI-Activity,Microsoft-Windows-WMI-Activity/Operational,2654,0,,,,0x0,,,wmiprvse.exe,,,,,,4976,,NetAdapterCim,%systemroot%\system32\wbem\NetAdapterCim.dll,,,,http://manifests.microsoft.com/win/2006/windows/WMI,
2026-05-25T14:52:13.885867Z,5857,dc.scaffold.htb,Microsoft-Windows-WMI-Activity,Microsoft-Windows-WMI-Activity/Operational,2655,0,,,,0x0,,,wmiprvse.exe,,,,,,4572,,nettcpip,%systemroot%\system32\wbem\NetTCPIP.dll,,,,http://manifests.microsoft.com/win/2006/windows/WMI,
2026-05-25T14:52:16.276433Z,5857,dc.scaffold.htb,Microsoft-Windows-WMI-Activity,Microsoft-Windows-WMI-Activity/Operational,2656,0,,,,0x0,,,wmiprvse.exe,,,,,,5944,,deploymentprovider,%systemroot%\system32\wbem\ServerManager.DeploymentProvider.dll,,,,http://manifests.microsoft.com/win/2006/windows/WMI,
2026-05-25T15:02:13.733535Z,5857,dc.scaffold.htb,Microsoft-Windows-WMI-Activity,Microsoft-Windows-WMI-Activity/Operational,2657,0,,,,0x0,,,wmiprvse.exe,,,,,,4572,,mgmtprovider,%systemroot%\system32\wbem\mgmtprovider.dll,,,,http://manifests.microsoft.com/win/2006/windows/WMI,
2026-05-25T15:02:13.768993Z,5857,dc.scaffold.htb,Microsoft-Windows-WMI-Activity,Microsoft-Windows-WMI-Activity/Operational,2658,0,,,,0x0,,,wmiprvse.exe,,,,,,1344,,NetAdapterCim,%systemroot%\system32\wbem\NetAdapterCim.dll,,,,http://manifests.microsoft.com/win/2006/windows/WMI,
2026-05-25T15:02:13.876373Z,5857,dc.scaffold.htb,Microsoft-Windows-WMI-Activity,Microsoft-Windows-WMI-Activity/Operational,2659,0,,,,0x0,,,wmiprvse.exe,,,,,,4572,,nettcpip,%systemroot%\system32\wbem\NetTCPIP.dll,,,,http://manifests.microsoft.com/win/2006/windows/WMI,
2026-05-25T15:02:16.206689Z,5857,dc.scaffold.htb,Microsoft-Windows-WMI-Activity,Microsoft-Windows-WMI-Activity/Operational,2660,0,,,,0x0,,,wmiprvse.exe,,,,,,8012,,deploymentprovider,%systemroot%\system32\wbem\ServerManager.DeploymentProvider.dll,,,,http://manifests.microsoft.com/win/2006/windows/WMI,
2026-05-25T15:05:42.093022Z,5857,dc.scaffold.htb,Microsoft-Windows-WMI-Activity,Microsoft-Windows-WMI-Activity/Operational,2661,0,,,,0x0,,,wmiprvse.exe,,,,,,4572,,CIMWin32a,%systemroot%\system32\wbem\wmipcima.dll,,,,http://manifests.microsoft.com/win/2006/windows/WMI,
2026-05-25T15:05:45.056143Z,5857,dc.scaffold.htb,Microsoft-Windows-WMI-Activity,Microsoft-Windows-WMI-Activity/Operational,2662,0,,,,0x0,,,wmiprvse.exe,,,,,,4572,,MSVDS__PROVIDER,%systemroot%\system32\wbem\vdswmi.dll,,,,http://manifests.microsoft.com/win/2006/windows/WMI,
2026-05-25T15:05:45.133471Z,5857,dc.scaffold.htb,Microsoft-Windows-WMI-Activity,Microsoft-Windows-WMI-Activity/Operational,2663,0,,,,0x0,,,wmiprvse.exe,,,,,,4572,,StorageWMI,%SystemRoot%\System32\storagewmi.dll,,,,http://manifests.microsoft.com/win/2006/windows/WMI,
2026-05-25T15:05:45.283292Z,5858,dc.scaffold.htb,Microsoft-Windows-WMI-Activity,Microsoft-Windows-WMI-Activity/Operational,2664,2,,DC,6600,,Unknown,,,{00000000-0000-0000-0000-000000000000},,,"Start IWbemServices::ExecQuery - ROOT\MICROSOFT\WINDOWS\STORAGE : SELECT MediaType, BusType FROM MSFT_PhysicalDisk WHERE SerialNumber = '0C40_8FF3_8B90_5F18_000C_296C_2AEC_3952.'",Unknown,,,,,,0x80041032,NT AUTHORITY\SYSTEM,http://manifests.microsoft.com/win/2006/windows/WMI,
2026-05-25T15:05:46.077803Z,5857,dc.scaffold.htb,Microsoft-Windows-WMI-Activity,Microsoft-Windows-WMI-Activity/Operational,2665,0,,,,0x0,,,wmiprvse.exe,,,,,,7104,,PowerWmiProvider,%systemroot%\system32\umpowmi.dll,,,,http://manifests.microsoft.com/win/2006/windows/WMI,
2026-05-25T15:05:46.164605Z,5857,dc.scaffold.htb,Microsoft-Windows-WMI-Activity,Microsoft-Windows-WMI-Activity/Operational,2666,0,,,,0x0,,,wmiprvse.exe,,,,,,4944,,WMIProv,%systemroot%\system32\wbem\wmiprov.dll,,,,http://manifests.microsoft.com/win/2006/windows/WMI,
2026-05-25T15:05:46.166285Z,5858,dc.scaffold.htb,Microsoft-Windows-WMI-Activity,Microsoft-Windows-WMI-Activity/Operational,2667,2,,DC,6600,,Unknown,,,{00000000-0000-0000-0000-000000000000},,,Start IWbemServices::ExecQuery - ROOT\WMI : SELECT * FROM BatteryFullChargedCapacity,Unknown,,,,,,0x80041010,NT AUTHORITY\SYSTEM,http://manifests.microsoft.com/win/2006/windows/WMI,
2026-05-25T15:05:46.170976Z,5858,dc.scaffold.htb,Microsoft-Windows-WMI-Activity,Microsoft-Windows-WMI-Activity/Operational,2668,2,,DC,6600,,Unknown,,,{00000000-0000-0000-0000-000000000000},,,Start IWbemServices::ExecQuery - ROOT\WMI : SELECT * FROM BatteryStaticData,Unknown,,,,,,0x80041010,NT AUTHORITY\SYSTEM,http://manifests.microsoft.com/win/2006/windows/WMI,
2026-05-25T15:05:46.193291Z,5857,dc.scaffold.htb,Microsoft-Windows-WMI-Activity,Microsoft-Windows-WMI-Activity/Operational,2669,0,,,,0x0,,,wmiprvse.exe,,,,,,4572,,Win32_WIN32_TERMINALSERVICE_Prov,%SystemRoot%\system32\tscfgwmi.dll,,,,http://manifests.microsoft.com/win/2006/windows/WMI,
2026-05-25T15:05:55.332556Z,5857,dc.scaffold.htb,Microsoft-Windows-WMI-Activity,Microsoft-Windows-WMI-Activity/Operational,2670,0,,,,0x0,,,wmiprvse.exe,,,,,,4572,,Microsoft|DSLDAPClassProvider|V1.0,%systemroot%\system32\wbem\dsprov.dll,,,,http://manifests.microsoft.com/win/2006/windows/WMI,
2026-05-25T15:05:55.903477Z,5857,dc.scaffold.htb,Microsoft-Windows-WMI-Activity,Microsoft-Windows-WMI-Activity/Operational,2671,0,,,,0x0,,,wmiprvse.exe,,,,,,4572,,Microsoft|DSLDAPInstanceProvider|V1.0,%systemroot%\system32\wbem\dsprov.dll,,,,http://manifests.microsoft.com/win/2006/windows/WMI,
2026-05-25T15:05:55.915818Z,5858,dc.scaffold.htb,Microsoft-Windows-WMI-Activity,Microsoft-Windows-WMI-Activity/Operational,2672,2,,DC,5076,,Unknown,,,{00000000-0000-0000-0000-000000000000},,,Start IWbemServices::ExecQuery - root\directory\LDAP : SELECT DS_msDFSR_Flags FROM DS_msDFSR_GlobalSettings,Unknown,,,,,,0x80041032,NT AUTHORITY\SYSTEM,http://manifests.microsoft.com/win/2006/windows/WMI,
2026-05-25T15:05:57.893135Z,5858,dc.scaffold.htb,Microsoft-Windows-WMI-Activity,Microsoft-Windows-WMI-Activity/Operational,2673,2,,DC,5076,,Unknown,,,{00000000-0000-0000-0000-000000000000},,,Start IWbemServices::ExecQuery - ROOT\CIMV2 : SELECT State FROM Win32_Service,Unknown,,,,,,0x80041032,NT AUTHORITY\SYSTEM,http://manifests.microsoft.com/win/2006/windows/WMI,
2026-05-25T15:12:13.754667Z,5857,dc.scaffold.htb,Microsoft-Windows-WMI-Activity,Microsoft-Windows-WMI-Activity/Operational,2674,0,,,,0x0,,,wmiprvse.exe,,,,,,4572,,mgmtprovider,%systemroot%\system32\wbem\mgmtprovider.dll,,,,http://manifests.microsoft.com/win/2006/windows/WMI,
2026-05-25T15:12:13.799767Z,5857,dc.scaffold.htb,Microsoft-Windows-WMI-Activity,Microsoft-Windows-WMI-Activity/Operational,2675,0,,,,0x0,,,wmiprvse.exe,,,,,,6928,,NetAdapterCim,%systemroot%\system32\wbem\NetAdapterCim.dll,,,,http://manifests.microsoft.com/win/2006/windows/WMI,
2026-05-25T15:12:13.875105Z,5857,dc.scaffold.htb,Microsoft-Windows-WMI-Activity,Microsoft-Windows-WMI-Activity/Operational,2676,0,,,,0x0,,,wmiprvse.exe,,,,,,4572,,nettcpip,%systemroot%\system32\wbem\NetTCPIP.dll,,,,http://manifests.microsoft.com/win/2006/windows/WMI,
2026-05-25T15:12:16.247117Z,5857,dc.scaffold.htb,Microsoft-Windows-WMI-Activity,Microsoft-Windows-WMI-Activity/Operational,2677,0,,,,0x0,,,wmiprvse.exe,,,,,,4568,,deploymentprovider,%systemroot%\system32\wbem\ServerManager.DeploymentProvider.dll,,,,http://manifests.microsoft.com/win/2006/windows/WMI,
2026-05-25T15:22:13.746251Z,5857,dc.scaffold.htb,Microsoft-Windows-WMI-Activity,Microsoft-Windows-WMI-Activity/Operational,2678,0,,,,0x0,,,wmiprvse.exe,,,,,,4572,,mgmtprovider,%systemroot%\system32\wbem\mgmtprovider.dll,,,,http://manifests.microsoft.com/win/2006/windows/WMI,
2026-05-25T15:22:13.780967Z,5857,dc.scaffold.htb,Microsoft-Windows-WMI-Activity,Microsoft-Windows-WMI-Activity/Operational,2679,0,,,,0x0,,,wmiprvse.exe,,,,,,600,,NetAdapterCim,%systemroot%\system32\wbem\NetAdapterCim.dll,,,,http://manifests.microsoft.com/win/2006/windows/WMI,
2026-05-25T15:22:13.852642Z,5857,dc.scaffold.htb,Microsoft-Windows-WMI-Activity,Microsoft-Windows-WMI-Activity/Operational,2680,0,,,,0x0,,,wmiprvse.exe,,,,,,4572,,nettcpip,%systemroot%\system32\wbem\NetTCPIP.dll,,,,http://manifests.microsoft.com/win/2006/windows/WMI,
2026-05-25T15:22:16.199385Z,5857,dc.scaffold.htb,Microsoft-Windows-WMI-Activity,Microsoft-Windows-WMI-Activity/Operational,2681,0,,,,0x0,,,wmiprvse.exe,,,,,,3212,,deploymentprovider,%systemroot%\system32\wbem\ServerManager.DeploymentProvider.dll,,,,http://manifests.microsoft.com/win/2006/windows/WMI,
2026-05-25T15:32:13.835601Z,5857,dc.scaffold.htb,Microsoft-Windows-WMI-Activity,Microsoft-Windows-WMI-Activity/Operational,2682,0,,,,0x0,,,wmiprvse.exe,,,,,,4572,,mgmtprovider,%systemroot%\system32\wbem\mgmtprovider.dll,,,,http://manifests.microsoft.com/win/2006/windows/WMI,
2026-05-25T15:32:13.968198Z,5857,dc.scaffold.htb,Microsoft-Windows-WMI-Activity,Microsoft-Windows-WMI-Activity/Operational,2683,0,,,,0x0,,,wmiprvse.exe,,,,,,1812,,NetAdapterCim,%systemroot%\system32\wbem\NetAdapterCim.dll,,,,http://manifests.microsoft.com/win/2006/windows/WMI,
2026-05-25T15:32:14.183870Z,5857,dc.scaffold.htb,Microsoft-Windows-WMI-Activity,Microsoft-Windows-WMI-Activity/Operational,2684,0,,,,0x0,,,wmiprvse.exe,,,,,,4572,,nettcpip,%systemroot%\system32\wbem\NetTCPIP.dll,,,,http://manifests.microsoft.com/win/2006/windows/WMI,
2026-05-25T15:32:16.649061Z,5857,dc.scaffold.htb,Microsoft-Windows-WMI-Activity,Microsoft-Windows-WMI-Activity/Operational,2685,0,,,,0x0,,,wmiprvse.exe,,,,,,724,,deploymentprovider,%systemroot%\system32\wbem\ServerManager.DeploymentProvider.dll,,,,http://manifests.microsoft.com/win/2006/windows/WMI,
2026-05-25T15:42:13.785243Z,5857,dc.scaffold.htb,Microsoft-Windows-WMI-Activity,Microsoft-Windows-WMI-Activity/Operational,2686,0,,,,0x0,,,wmiprvse.exe,,,,,,4572,,mgmtprovider,%systemroot%\system32\wbem\mgmtprovider.dll,,,,http://manifests.microsoft.com/win/2006/windows/WMI,
2026-05-25T15:42:13.824356Z,5857,dc.scaffold.htb,Microsoft-Windows-WMI-Activity,Microsoft-Windows-WMI-Activity/Operational,2687,0,,,,0x0,,,wmiprvse.exe,,,,,,1236,,NetAdapterCim,%systemroot%\system32\wbem\NetAdapterCim.dll,,,,http://manifests.microsoft.com/win/2006/windows/WMI,
2026-05-25T15:42:13.912781Z,5857,dc.scaffold.htb,Microsoft-Windows-WMI-Activity,Microsoft-Windows-WMI-Activity/Operational,2688,0,,,,0x0,,,wmiprvse.exe,,,,,,4572,,nettcpip,%systemroot%\system32\wbem\NetTCPIP.dll,,,,http://manifests.microsoft.com/win/2006/windows/WMI,
2026-05-25T15:42:16.255664Z,5857,dc.scaffold.htb,Microsoft-Windows-WMI-Activity,Microsoft-Windows-WMI-Activity/Operational,2689,0,,,,0x0,,,wmiprvse.exe,,,,,,1288,,deploymentprovider,%systemroot%\system32\wbem\ServerManager.DeploymentProvider.dll,,,,http://manifests.microsoft.com/win/2006/windows/WMI,
2026-05-25T15:52:13.810820Z,5857,dc.scaffold.htb,Microsoft-Windows-WMI-Activity,Microsoft-Windows-WMI-Activity/Operational,2690,0,,,,0x0,,,wmiprvse.exe,,,,,,4572,,mgmtprovider,%systemroot%\system32\wbem\mgmtprovider.dll,,,,http://manifests.microsoft.com/win/2006/windows/WMI,
2026-05-25T15:52:13.853743Z,5857,dc.scaffold.htb,Microsoft-Windows-WMI-Activity,Microsoft-Windows-WMI-Activity/Operational,2691,0,,,,0x0,,,wmiprvse.exe,,,,,,2212,,NetAdapterCim,%systemroot%\system32\wbem\NetAdapterCim.dll,,,,http://manifests.microsoft.com/win/2006/windows/WMI,
2026-05-25T15:52:13.972829Z,5857,dc.scaffold.htb,Microsoft-Windows-WMI-Activity,Microsoft-Windows-WMI-Activity/Operational,2692,0,,,,0x0,,,wmiprvse.exe,,,,,,4572,,nettcpip,%systemroot%\system32\wbem\NetTCPIP.dll,,,,http://manifests.microsoft.com/win/2006/windows/WMI,
2026-05-25T15:52:16.367282Z,5857,dc.scaffold.htb,Microsoft-Windows-WMI-Activity,Microsoft-Windows-WMI-Activity/Operational,2693,0,,,,0x0,,,wmiprvse.exe,,,,,,7544,,deploymentprovider,%systemroot%\system32\wbem\ServerManager.DeploymentProvider.dll,,,,http://manifests.microsoft.com/win/2006/windows/WMI,
2026-05-26T14:10:04.878518Z,5857,dc.scaffold.htb,Microsoft-Windows-WMI-Activity,Microsoft-Windows-WMI-Activity/Operational,2694,0,,,,0x0,,,wmiprvse.exe,,,,,,4612,,CIMWin32,%systemroot%\system32\wbem\cimwin32.dll,,,,http://manifests.microsoft.com/win/2006/windows/WMI,
2026-05-26T14:10:05.839370Z,5857,dc.scaffold.htb,Microsoft-Windows-WMI-Activity,Microsoft-Windows-WMI-Activity/Operational,2695,0,,,,0x0,,,wmiprvse.exe,,,,,,5068,,WMIProv,%systemroot%\system32\wbem\wmiprov.dll,,,,http://manifests.microsoft.com/win/2006/windows/WMI,
2026-05-26T14:10:05.845523Z,5858,dc.scaffold.htb,Microsoft-Windows-WMI-Activity,Microsoft-Windows-WMI-Activity/Operational,2696,2,,DC,4040,,Unknown,,,{00000000-0000-0000-0000-000000000000},,,Start IWbemServices::CreateInstanceEnum - root\wmi : MS_SM_AdapterInformationQuery,Unknown,,,,,,0x8004100c,NT AUTHORITY\SYSTEM,http://manifests.microsoft.com/win/2006/windows/WMI,
2026-05-26T14:10:05.850497Z,5858,dc.scaffold.htb,Microsoft-Windows-WMI-Activity,Microsoft-Windows-WMI-Activity/Operational,2697,2,,DC,4040,,Unknown,,,{00000000-0000-0000-0000-000000000000},,,Start IWbemServices::CreateInstanceEnum - root\wmi : MSiSCSI_PortalInfoClass,Unknown,,,,,,0x8004100c,NT AUTHORITY\SYSTEM,http://manifests.microsoft.com/win/2006/windows/WMI,
2026-05-26T14:10:24.416262Z,5857,dc.scaffold.htb,Microsoft-Windows-WMI-Activity,Microsoft-Windows-WMI-Activity/Operational,2698,0,,,,0x0,,,wmiprvse.exe,,,,,,5068,,WmiPerfClass,C:\Windows\System32\wbem\WmiPerfClass.dll,,,,http://manifests.microsoft.com/win/2006/windows/WMI,
2026-05-26T14:10:34.222817Z,5861,dc.scaffold.htb,Microsoft-Windows-WMI-Activity,Microsoft-Windows-WMI-Activity/Operational,2699,0,"NTEventLogEventConsumer=""SCM Event Log Consumer""",,,,,SCM Event Log Filter,,,//./root/subscription,,,"Binding EventFilter: 
instance of __EventFilter
{
	CreatorSID = {1, 2, 0, 0, 0, 0, 0, 5, 32, 0, 0, 0, 32, 2, 0, 0};
	EventNamespace = ""root\\cimv2"";
	Name = ""SCM Event Log Filter"";
	Query = ""select * from MSFT_SCMEventLogEvent"";
	QueryLanguage = ""WQL"";
};
Perm. Consumer: 
instance of NTEventLogEventConsumer
{
	Category = 0;
	CreatorSID = {1, 2, 0, 0, 0, 0, 0, 5, 32, 0, 0, 0, 32, 2, 0, 0};
	EventType = 1;
	Name = ""SCM Event Log Consumer"";
	NameOfUserSIDProperty = ""sid"";
	SourceName = ""Service Control Manager"";
};
",,,,,,,,http://manifests.microsoft.com/win/2006/windows/WMI,
2026-05-26T14:10:34.258810Z,5859,dc.scaffold.htb,SCM Event Provider,Microsoft-Windows-WMI-Activity/Operational,2700,0,,,,,,,,,,//./root/CIMV2,,Permanent,,3208,,,select * from MSFT_SCMEventLogEvent,,S-1-5-32-544,http://manifests.microsoft.com/win/2006/windows/WMI,0
2026-05-26T14:10:34.266543Z,5857,dc.scaffold.htb,Microsoft-Windows-WMI-Activity,Microsoft-Windows-WMI-Activity/Operational,2701,0,,,,0x0,,,wmiprvse.exe,,,,,,3208,,WMI Kernel Trace Event Provider,C:\Windows\System32\wbem\krnlprov.dll,,,,http://manifests.microsoft.com/win/2006/windows/WMI,
2026-05-26T14:10:34.269198Z,5860,dc.scaffold.htb,Microsoft-Windows-WMI-Activity,Microsoft-Windows-WMI-Activity/Operational,2702,0,,DC,,,,,,,,ROOT\CIMV2,,Temporary,,4192,,,SELECT * FROM Win32_ProcessStartTrace WHERE ProcessName = 'wsmprovhost.exe',,NT AUTHORITY\SYSTEM,http://manifests.microsoft.com/win/2006/windows/WMI,
2026-05-26T14:10:44.820128Z,5857,dc.scaffold.htb,Microsoft-Windows-WMI-Activity,Microsoft-Windows-WMI-Activity/Operational,2703,0,,,,0x0,,,wmiprvse.exe,,,,,,4612,,MS_NT_EVENTLOG_PROVIDER,%systemroot%\system32\wbem\ntevt.dll,,,,http://manifests.microsoft.com/win/2006/windows/WMI,
2026-05-26T14:10:56.619494Z,5857,dc.scaffold.htb,Microsoft-Windows-WMI-Activity,Microsoft-Windows-WMI-Activity/Operational,2704,0,,,,0x0,,,wmiprvse.exe,,,,,,4612,,CIMWin32a,%systemroot%\system32\wbem\wmipcima.dll,,,,http://manifests.microsoft.com/win/2006/windows/WMI,
2026-05-26T14:10:56.677833Z,5858,dc.scaffold.htb,Microsoft-Windows-WMI-Activity,Microsoft-Windows-WMI-Activity/Operational,2705,2,,DC,2624,,Unknown,,,{00000000-0000-0000-0000-000000000000},,,"Start IWbemServices::ExecQuery - ROOT\CIMV2 : SELECT Manufacturer, Product FROM Win32_BaseBoard",Unknown,,,,,,0x80041032,NT AUTHORITY\NETWORK SERVICE,http://manifests.microsoft.com/win/2006/windows/WMI,
2026-05-26T14:11:13.813286Z,5857,dc.scaffold.htb,Microsoft-Windows-WMI-Activity,Microsoft-Windows-WMI-Activity/Operational,2706,0,,,,0x0,,,wmiprvse.exe,,,,,,4612,,mgmtprovider,%systemroot%\system32\wbem\mgmtprovider.dll,,,,http://manifests.microsoft.com/win/2006/windows/WMI,
2026-05-26T14:11:13.854649Z,5857,dc.scaffold.htb,Microsoft-Windows-WMI-Activity,Microsoft-Windows-WMI-Activity/Operational,2707,0,,,,0x0,,,wmiprvse.exe,,,,,,5320,,NetAdapterCim,%systemroot%\system32\wbem\NetAdapterCim.dll,,,,http://manifests.microsoft.com/win/2006/windows/WMI,
2026-05-26T14:11:13.960878Z,5857,dc.scaffold.htb,Microsoft-Windows-WMI-Activity,Microsoft-Windows-WMI-Activity/Operational,2708,0,,,,0x0,,,wmiprvse.exe,,,,,,4612,,nettcpip,%systemroot%\system32\wbem\NetTCPIP.dll,,,,http://manifests.microsoft.com/win/2006/windows/WMI,
2026-05-26T14:11:16.967876Z,5857,dc.scaffold.htb,Microsoft-Windows-WMI-Activity,Microsoft-Windows-WMI-Activity/Operational,2709,0,,,,0x0,,,wmiprvse.exe,,,,,,5896,,deploymentprovider,%systemroot%\system32\wbem\ServerManager.DeploymentProvider.dll,,,,http://manifests.microsoft.com/win/2006/windows/WMI,
2026-05-26T14:12:34.972099Z,5858,dc.scaffold.htb,Microsoft-Windows-WMI-Activity,Microsoft-Windows-WMI-Activity/Operational,2710,2,,DC,404,,Unknown,,,{00000000-0000-0000-0000-000000000000},,,Start IWbemServices::ExecQuery - root\cimv2 : SELECT * FROM Win32_OperatingSystem,Unknown,,,,,,0x80041032,NT AUTHORITY\SYSTEM,http://manifests.microsoft.com/win/2006/windows/WMI,
2026-05-26T14:12:37.076220Z,5858,dc.scaffold.htb,Microsoft-Windows-WMI-Activity,Microsoft-Windows-WMI-Activity/Operational,2711,2,,DC,404,,Unknown,,,{00000000-0000-0000-0000-000000000000},,,Start IWbemServices::ExecQuery - root\cimv2 : SELECT * FROM Win32_ComputerSystem,Unknown,,,,,,0x80041032,NT AUTHORITY\SYSTEM,http://manifests.microsoft.com/win/2006/windows/WMI,
2026-05-26T14:18:34.930703Z,5857,dc.scaffold.htb,Microsoft-Windows-WMI-Activity,Microsoft-Windows-WMI-Activity/Operational,2712,0,,,,0x0,,,wmiprvse.exe,,,,,,5068,,WMIProv,%systemroot%\system32\wbem\wmiprov.dll,,,,http://manifests.microsoft.com/win/2006/windows/WMI,
2026-05-26T14:19:47.526362Z,5857,dc.scaffold.htb,Microsoft-Windows-WMI-Activity,Microsoft-Windows-WMI-Activity/Operational,2713,0,,,,0x0,,,wmiprvse.exe,,,,,,4612,,ServerFeatureProvider,%windir%\system32\wbem\servercompprov.dll,,,,http://manifests.microsoft.com/win/2006/windows/WMI,
2026-05-26T14:19:47.550768Z,5857,dc.scaffold.htb,Microsoft-Windows-WMI-Activity,Microsoft-Windows-WMI-Activity/Operational,2714,0,,,,0x0,,,wmiprvse.exe,,,,,,7708,,deploymentprovider,%systemroot%\system32\wbem\ServerManager.DeploymentProvider.dll,,,,http://manifests.microsoft.com/win/2006/windows/WMI,
2026-05-26T14:19:47.739779Z,5858,dc.scaffold.htb,Microsoft-Windows-WMI-Activity,Microsoft-Windows-WMI-Activity/Operational,2715,2,,DC,1504,,Unknown,,,{00000000-0000-0000-0000-000000000000},,,Start IWbemServices::ExecQuery - ROOT\CCM : select ClientId from CCM_Client,Unknown,,,,,,0x80041010,NT AUTHORITY\SYSTEM,http://manifests.microsoft.com/win/2006/windows/WMI,
2026-05-26T14:19:47.761752Z,5857,dc.scaffold.htb,Microsoft-Windows-WMI-Activity,Microsoft-Windows-WMI-Activity/Operational,2716,0,,,,0x0,,,wmiprvse.exe,,,,,,4612,,Win32_TpmProvider,C:\Windows\System32\wbem\Win32_TPM.dll,,,,http://manifests.microsoft.com/win/2006/windows/WMI,
2026-05-26T14:19:48.026300Z,5857,dc.scaffold.htb,Microsoft-Windows-WMI-Activity,Microsoft-Windows-WMI-Activity/Operational,2717,0,,,,0x0,,,wmiprvse.exe,,,,,,4612,,Win32_DeviceGuard,%SystemRoot%\System32\Win32_DeviceGuard.dll,,,,http://manifests.microsoft.com/win/2006/windows/WMI,
2026-05-26T14:19:48.049054Z,5857,dc.scaffold.htb,Microsoft-Windows-WMI-Activity,Microsoft-Windows-WMI-Activity/Operational,2718,0,,,,0x0,,,wmiprvse.exe,,,,,,4612,,DeliveryOptimizationMIProv,%SystemRoot%\system32\domgmt.dll,,,,http://manifests.microsoft.com/win/2006/windows/WMI,
2026-05-26T14:20:34.865307Z,5858,dc.scaffold.htb,Microsoft-Windows-WMI-Activity,Microsoft-Windows-WMI-Activity/Operational,2719,2,,DC,4192,,Unknown,,,{4EE4602E-ED19-0003-2863-E44E19EDDC01},,,Start IWbemServices::ExecNotificationQuery - ROOT\CIMV2 : SELECT * FROM Win32_ProcessStartTrace WHERE ProcessName = 'wsmprovhost.exe',Unknown,,,,,,0x80041032,NT AUTHORITY\SYSTEM,http://manifests.microsoft.com/win/2006/windows/WMI,
2026-05-26T14:21:13.823049Z,5857,dc.scaffold.htb,Microsoft-Windows-WMI-Activity,Microsoft-Windows-WMI-Activity/Operational,2720,0,,,,0x0,,,wmiprvse.exe,,,,,,4612,,mgmtprovider,%systemroot%\system32\wbem\mgmtprovider.dll,,,,http://manifests.microsoft.com/win/2006/windows/WMI,
2026-05-26T14:21:13.902940Z,5857,dc.scaffold.htb,Microsoft-Windows-WMI-Activity,Microsoft-Windows-WMI-Activity/Operational,2721,0,,,,0x0,,,wmiprvse.exe,,,,,,7324,,NetAdapterCim,%systemroot%\system32\wbem\NetAdapterCim.dll,,,,http://manifests.microsoft.com/win/2006/windows/WMI,
2026-05-26T14:21:13.983252Z,5857,dc.scaffold.htb,Microsoft-Windows-WMI-Activity,Microsoft-Windows-WMI-Activity/Operational,2722,0,,,,0x0,,,wmiprvse.exe,,,,,,4612,,nettcpip,%systemroot%\system32\wbem\NetTCPIP.dll,,,,http://manifests.microsoft.com/win/2006/windows/WMI,
2026-05-26T14:21:16.344424Z,5857,dc.scaffold.htb,Microsoft-Windows-WMI-Activity,Microsoft-Windows-WMI-Activity/Operational,2723,0,,,,0x0,,,wmiprvse.exe,,,,,,7708,,deploymentprovider,%systemroot%\system32\wbem\ServerManager.DeploymentProvider.dll,,,,http://manifests.microsoft.com/win/2006/windows/WMI,
2026-05-26T14:22:44.136519Z,5857,dc.scaffold.htb,Microsoft-Windows-WMI-Activity,Microsoft-Windows-WMI-Activity/Operational,2724,0,,,,0x0,,,wmiprvse.exe,,,,,,6560,,deploymentprovider,%systemroot%\system32\wbem\ServerManager.DeploymentProvider.dll,,,,http://manifests.microsoft.com/win/2006/windows/WMI,
2026-05-29T19:27:08.606585Z,5857,dc.scaffold.htb,Microsoft-Windows-WMI-Activity,Microsoft-Windows-WMI-Activity/Operational,2725,0,,,,0x0,,,wmiprvse.exe,,,,,,4684,,CIMWin32,%systemroot%\system32\wbem\cimwin32.dll,,,,http://manifests.microsoft.com/win/2006/windows/WMI,
2026-05-29T19:27:09.613599Z,5857,dc.scaffold.htb,Microsoft-Windows-WMI-Activity,Microsoft-Windows-WMI-Activity/Operational,2726,0,,,,0x0,,,wmiprvse.exe,,,,,,5088,,WMIProv,%systemroot%\system32\wbem\wmiprov.dll,,,,http://manifests.microsoft.com/win/2006/windows/WMI,
2026-05-29T19:27:09.621342Z,5858,dc.scaffold.htb,Microsoft-Windows-WMI-Activity,Microsoft-Windows-WMI-Activity/Operational,2727,2,,DC,3380,,Unknown,,,{00000000-0000-0000-0000-000000000000},,,Start IWbemServices::CreateInstanceEnum - root\wmi : MS_SM_AdapterInformationQuery,Unknown,,,,,,0x8004100c,NT AUTHORITY\SYSTEM,http://manifests.microsoft.com/win/2006/windows/WMI,
2026-05-29T19:27:09.626335Z,5858,dc.scaffold.htb,Microsoft-Windows-WMI-Activity,Microsoft-Windows-WMI-Activity/Operational,2728,2,,DC,3380,,Unknown,,,{00000000-0000-0000-0000-000000000000},,,Start IWbemServices::CreateInstanceEnum - root\wmi : MSiSCSI_PortalInfoClass,Unknown,,,,,,0x8004100c,NT AUTHORITY\SYSTEM,http://manifests.microsoft.com/win/2006/windows/WMI,
2026-05-29T19:27:28.246470Z,5857,dc.scaffold.htb,Microsoft-Windows-WMI-Activity,Microsoft-Windows-WMI-Activity/Operational,2729,0,,,,0x0,,,wmiprvse.exe,,,,,,5088,,WmiPerfClass,C:\Windows\System32\wbem\WmiPerfClass.dll,,,,http://manifests.microsoft.com/win/2006/windows/WMI,
2026-05-29T19:27:38.081178Z,5861,dc.scaffold.htb,Microsoft-Windows-WMI-Activity,Microsoft-Windows-WMI-Activity/Operational,2730,0,"NTEventLogEventConsumer=""SCM Event Log Consumer""",,,,,SCM Event Log Filter,,,//./root/subscription,,,"Binding EventFilter: 
instance of __EventFilter
{
	CreatorSID = {1, 2, 0, 0, 0, 0, 0, 5, 32, 0, 0, 0, 32, 2, 0, 0};
	EventNamespace = ""root\\cimv2"";
	Name = ""SCM Event Log Filter"";
	Query = ""select * from MSFT_SCMEventLogEvent"";
	QueryLanguage = ""WQL"";
};
Perm. Consumer: 
instance of NTEventLogEventConsumer
{
	Category = 0;
	CreatorSID = {1, 2, 0, 0, 0, 0, 0, 5, 32, 0, 0, 0, 32, 2, 0, 0};
	EventType = 1;
	Name = ""SCM Event Log Consumer"";
	NameOfUserSIDProperty = ""sid"";
	SourceName = ""Service Control Manager"";
};
",,,,,,,,http://manifests.microsoft.com/win/2006/windows/WMI,
2026-05-29T19:27:38.111609Z,5859,dc.scaffold.htb,SCM Event Provider,Microsoft-Windows-WMI-Activity/Operational,2731,0,,,,,,,,,,//./root/CIMV2,,Permanent,,3296,,,select * from MSFT_SCMEventLogEvent,,S-1-5-32-544,http://manifests.microsoft.com/win/2006/windows/WMI,0
2026-05-29T19:27:38.119608Z,5857,dc.scaffold.htb,Microsoft-Windows-WMI-Activity,Microsoft-Windows-WMI-Activity/Operational,2732,0,,,,0x0,,,wmiprvse.exe,,,,,,3296,,WMI Kernel Trace Event Provider,C:\Windows\System32\wbem\krnlprov.dll,,,,http://manifests.microsoft.com/win/2006/windows/WMI,
2026-05-29T19:27:38.122078Z,5860,dc.scaffold.htb,Microsoft-Windows-WMI-Activity,Microsoft-Windows-WMI-Activity/Operational,2733,0,,DC,,,,,,,,ROOT\CIMV2,,Temporary,,4368,,,SELECT * FROM Win32_ProcessStartTrace WHERE ProcessName = 'wsmprovhost.exe',,NT AUTHORITY\SYSTEM,http://manifests.microsoft.com/win/2006/windows/WMI,
2026-05-29T19:27:48.667557Z,5857,dc.scaffold.htb,Microsoft-Windows-WMI-Activity,Microsoft-Windows-WMI-Activity/Operational,2734,0,,,,0x0,,,wmiprvse.exe,,,,,,4684,,MS_NT_EVENTLOG_PROVIDER,%systemroot%\system32\wbem\ntevt.dll,,,,http://manifests.microsoft.com/win/2006/windows/WMI,
2026-05-29T19:27:59.326305Z,5857,dc.scaffold.htb,Microsoft-Windows-WMI-Activity,Microsoft-Windows-WMI-Activity/Operational,2735,0,,,,0x0,,,wmiprvse.exe,,,,,,4684,,CIMWin32a,%systemroot%\system32\wbem\wmipcima.dll,,,,http://manifests.microsoft.com/win/2006/windows/WMI,
2026-05-29T19:27:59.514467Z,5858,dc.scaffold.htb,Microsoft-Windows-WMI-Activity,Microsoft-Windows-WMI-Activity/Operational,2736,2,,DC,1248,,Unknown,,,{00000000-0000-0000-0000-000000000000},,,"Start IWbemServices::ExecQuery - ROOT\CIMV2 : SELECT Manufacturer, Product FROM Win32_BaseBoard",Unknown,,,,,,0x80041032,NT AUTHORITY\NETWORK SERVICE,http://manifests.microsoft.com/win/2006/windows/WMI,
2026-05-29T19:28:13.643480Z,5857,dc.scaffold.htb,Microsoft-Windows-WMI-Activity,Microsoft-Windows-WMI-Activity/Operational,2737,0,,,,0x0,,,wmiprvse.exe,,,,,,4684,,mgmtprovider,%systemroot%\system32\wbem\mgmtprovider.dll,,,,http://manifests.microsoft.com/win/2006/windows/WMI,
2026-05-29T19:28:13.688437Z,5857,dc.scaffold.htb,Microsoft-Windows-WMI-Activity,Microsoft-Windows-WMI-Activity/Operational,2738,0,,,,0x0,,,wmiprvse.exe,,,,,,5540,,NetAdapterCim,%systemroot%\system32\wbem\NetAdapterCim.dll,,,,http://manifests.microsoft.com/win/2006/windows/WMI,
2026-05-29T19:28:13.781477Z,5857,dc.scaffold.htb,Microsoft-Windows-WMI-Activity,Microsoft-Windows-WMI-Activity/Operational,2739,0,,,,0x0,,,wmiprvse.exe,,,,,,4684,,nettcpip,%systemroot%\system32\wbem\NetTCPIP.dll,,,,http://manifests.microsoft.com/win/2006/windows/WMI,
2026-05-29T19:28:16.562497Z,5857,dc.scaffold.htb,Microsoft-Windows-WMI-Activity,Microsoft-Windows-WMI-Activity/Operational,2740,0,,,,0x0,,,wmiprvse.exe,,,,,,7412,,deploymentprovider,%systemroot%\system32\wbem\ServerManager.DeploymentProvider.dll,,,,http://manifests.microsoft.com/win/2006/windows/WMI,
2026-05-29T19:29:38.785633Z,5858,dc.scaffold.htb,Microsoft-Windows-WMI-Activity,Microsoft-Windows-WMI-Activity/Operational,2741,2,,DC,8100,,Unknown,,,{00000000-0000-0000-0000-000000000000},,,Start IWbemServices::ExecQuery - root\cimv2 : SELECT * FROM Win32_ComputerSystem,Unknown,,,,,,0x80041032,NT AUTHORITY\SYSTEM,http://manifests.microsoft.com/win/2006/windows/WMI,
2026-05-29T19:29:40.853816Z,5858,dc.scaffold.htb,Microsoft-Windows-WMI-Activity,Microsoft-Windows-WMI-Activity/Operational,2742,2,,DC,8100,,Unknown,,,{00000000-0000-0000-0000-000000000000},,,Start IWbemServices::ExecQuery - root\cimv2 : SELECT * FROM Win32_Processor,Unknown,,,,,,0x80041032,NT AUTHORITY\SYSTEM,http://manifests.microsoft.com/win/2006/windows/WMI,
2026-05-29T19:32:00.350215Z,5857,dc.scaffold.htb,Microsoft-Windows-WMI-Activity,Microsoft-Windows-WMI-Activity/Operational,2743,0,,,,0x0,,,wmiprvse.exe,,,,,,4684,,ServerFeatureProvider,%windir%\system32\wbem\servercompprov.dll,,,,http://manifests.microsoft.com/win/2006/windows/WMI,
2026-05-29T19:32:00.377326Z,5857,dc.scaffold.htb,Microsoft-Windows-WMI-Activity,Microsoft-Windows-WMI-Activity/Operational,2744,0,,,,0x0,,,wmiprvse.exe,,,,,,5156,,deploymentprovider,%systemroot%\system32\wbem\ServerManager.DeploymentProvider.dll,,,,http://manifests.microsoft.com/win/2006/windows/WMI,
2026-05-29T19:32:00.623008Z,5858,dc.scaffold.htb,Microsoft-Windows-WMI-Activity,Microsoft-Windows-WMI-Activity/Operational,2745,2,,DC,7524,,Unknown,,,{00000000-0000-0000-0000-000000000000},,,Start IWbemServices::ExecQuery - ROOT\CCM : select ClientId from CCM_Client,Unknown,,,,,,0x80041010,NT AUTHORITY\SYSTEM,http://manifests.microsoft.com/win/2006/windows/WMI,
2026-05-29T19:32:00.646719Z,5857,dc.scaffold.htb,Microsoft-Windows-WMI-Activity,Microsoft-Windows-WMI-Activity/Operational,2746,0,,,,0x0,,,wmiprvse.exe,,,,,,4684,,Win32_TpmProvider,C:\Windows\System32\wbem\Win32_TPM.dll,,,,http://manifests.microsoft.com/win/2006/windows/WMI,
2026-05-29T19:32:00.901265Z,5857,dc.scaffold.htb,Microsoft-Windows-WMI-Activity,Microsoft-Windows-WMI-Activity/Operational,2747,0,,,,0x0,,,wmiprvse.exe,,,,,,4684,,Win32_DeviceGuard,%SystemRoot%\System32\Win32_DeviceGuard.dll,,,,http://manifests.microsoft.com/win/2006/windows/WMI,
2026-05-29T19:32:00.910550Z,5858,dc.scaffold.htb,Microsoft-Windows-WMI-Activity,Microsoft-Windows-WMI-Activity/Operational,2748,2,,DC,7524,,Unknown,,,{00000000-0000-0000-0000-000000000000},,,Start IWbemServices::ExecQuery - root\Microsoft\Windows\DeviceGuard : SELECT SecurityServicesConfigured FROM Win32_DeviceGuard ,Unknown,,,,,,0x80041032,NT AUTHORITY\SYSTEM,http://manifests.microsoft.com/win/2006/windows/WMI,
2026-05-29T19:32:00.928366Z,5857,dc.scaffold.htb,Microsoft-Windows-WMI-Activity,Microsoft-Windows-WMI-Activity/Operational,2749,0,,,,0x0,,,wmiprvse.exe,,,,,,4684,,DeliveryOptimizationMIProv,%SystemRoot%\system32\domgmt.dll,,,,http://manifests.microsoft.com/win/2006/windows/WMI,
2026-05-29T19:32:00.935620Z,5858,dc.scaffold.htb,Microsoft-Windows-WMI-Activity,Microsoft-Windows-WMI-Activity/Operational,2750,2,,DC,7524,,Unknown,,,{00000000-0000-0000-0000-000000000000},,,"Start IWbemServices::ExecQuery - root\Microsoft\Windows\DeliveryOptimization : SELECT DownloadMode, DownloadModeProvider FROM MSFT_DeliveryOptimizationConfig",Unknown,,,,,,0x80041032,NT AUTHORITY\SYSTEM,http://manifests.microsoft.com/win/2006/windows/WMI,
2026-05-29T19:32:11.405451Z,5858,dc.scaffold.htb,Microsoft-Windows-WMI-Activity,Microsoft-Windows-WMI-Activity/Operational,2751,2,,DC,4368,,Unknown,,,{18D87D35-EFA1-0003-4E84-D818A1EFDC01},,,Start IWbemServices::ExecNotificationQuery - ROOT\CIMV2 : SELECT * FROM Win32_ProcessStartTrace WHERE ProcessName = 'wsmprovhost.exe',Unknown,,,,,,0x80041032,NT AUTHORITY\SYSTEM,http://manifests.microsoft.com/win/2006/windows/WMI,
2026-06-01T00:56:18.904708Z,5857,dc.scaffold.htb,Microsoft-Windows-WMI-Activity,Microsoft-Windows-WMI-Activity/Operational,2752,0,,,,0x0,,,wmiprvse.exe,,,,,,4716,,CIMWin32,%systemroot%\system32\wbem\cimwin32.dll,,,,http://manifests.microsoft.com/win/2006/windows/WMI,
2026-06-01T00:56:19.850854Z,5857,dc.scaffold.htb,Microsoft-Windows-WMI-Activity,Microsoft-Windows-WMI-Activity/Operational,2753,0,,,,0x0,,,wmiprvse.exe,,,,,,4276,,WMIProv,%systemroot%\system32\wbem\wmiprov.dll,,,,http://manifests.microsoft.com/win/2006/windows/WMI,
2026-06-01T00:56:19.859096Z,5858,dc.scaffold.htb,Microsoft-Windows-WMI-Activity,Microsoft-Windows-WMI-Activity/Operational,2754,2,,DC,4060,,Unknown,,,{00000000-0000-0000-0000-000000000000},,,Start IWbemServices::CreateInstanceEnum - root\wmi : MS_SM_AdapterInformationQuery,Unknown,,,,,,0x8004100c,NT AUTHORITY\SYSTEM,http://manifests.microsoft.com/win/2006/windows/WMI,
2026-06-01T00:56:19.864796Z,5858,dc.scaffold.htb,Microsoft-Windows-WMI-Activity,Microsoft-Windows-WMI-Activity/Operational,2755,2,,DC,4060,,Unknown,,,{00000000-0000-0000-0000-000000000000},,,Start IWbemServices::CreateInstanceEnum - root\wmi : MSiSCSI_PortalInfoClass,Unknown,,,,,,0x8004100c,NT AUTHORITY\SYSTEM,http://manifests.microsoft.com/win/2006/windows/WMI,
2026-06-01T00:56:38.507357Z,5857,dc.scaffold.htb,Microsoft-Windows-WMI-Activity,Microsoft-Windows-WMI-Activity/Operational,2756,0,,,,0x0,,,wmiprvse.exe,,,,,,4276,,WmiPerfClass,C:\Windows\System32\wbem\WmiPerfClass.dll,,,,http://manifests.microsoft.com/win/2006/windows/WMI,
2026-06-01T00:56:39.305758Z,5857,dc.scaffold.htb,Microsoft-Windows-WMI-Activity,Microsoft-Windows-WMI-Activity/Operational,2757,0,,,,0x0,,,wmiprvse.exe,,,,,,4716,,CIMWin32a,%systemroot%\system32\wbem\wmipcima.dll,,,,http://manifests.microsoft.com/win/2006/windows/WMI,
2026-06-01T00:56:39.508297Z,5858,dc.scaffold.htb,Microsoft-Windows-WMI-Activity,Microsoft-Windows-WMI-Activity/Operational,2758,2,,DC,5984,,Unknown,,,{00000000-0000-0000-0000-000000000000},,,"Start IWbemServices::ExecQuery - ROOT\CIMV2 : SELECT Manufacturer, Product FROM Win32_BaseBoard",Unknown,,,,,,0x80041032,NT AUTHORITY\NETWORK SERVICE,http://manifests.microsoft.com/win/2006/windows/WMI,
2026-06-01T00:56:48.347709Z,5861,dc.scaffold.htb,Microsoft-Windows-WMI-Activity,Microsoft-Windows-WMI-Activity/Operational,2759,0,"NTEventLogEventConsumer=""SCM Event Log Consumer""",,,,,SCM Event Log Filter,,,//./root/subscription,,,"Binding EventFilter: 
instance of __EventFilter
{
	CreatorSID = {1, 2, 0, 0, 0, 0, 0, 5, 32, 0, 0, 0, 32, 2, 0, 0};
	EventNamespace = ""root\\cimv2"";
	Name = ""SCM Event Log Filter"";
	Query = ""select * from MSFT_SCMEventLogEvent"";
	QueryLanguage = ""WQL"";
};
Perm. Consumer: 
instance of NTEventLogEventConsumer
{
	Category = 0;
	CreatorSID = {1, 2, 0, 0, 0, 0, 0, 5, 32, 0, 0, 0, 32, 2, 0, 0};
	EventType = 1;
	Name = ""SCM Event Log Consumer"";
	NameOfUserSIDProperty = ""sid"";
	SourceName = ""Service Control Manager"";
};
",,,,,,,,http://manifests.microsoft.com/win/2006/windows/WMI,
2026-06-01T00:56:48.372292Z,5859,dc.scaffold.htb,SCM Event Provider,Microsoft-Windows-WMI-Activity/Operational,2760,0,,,,,,,,,,//./root/CIMV2,,Permanent,,3220,,,select * from MSFT_SCMEventLogEvent,,S-1-5-32-544,http://manifests.microsoft.com/win/2006/windows/WMI,0
2026-06-01T00:56:48.380196Z,5857,dc.scaffold.htb,Microsoft-Windows-WMI-Activity,Microsoft-Windows-WMI-Activity/Operational,2761,0,,,,0x0,,,wmiprvse.exe,,,,,,3220,,WMI Kernel Trace Event Provider,C:\Windows\System32\wbem\krnlprov.dll,,,,http://manifests.microsoft.com/win/2006/windows/WMI,
2026-06-01T00:56:48.382153Z,5860,dc.scaffold.htb,Microsoft-Windows-WMI-Activity,Microsoft-Windows-WMI-Activity/Operational,2762,0,,DC,,,,,,,,ROOT\CIMV2,,Temporary,,5484,,,SELECT * FROM Win32_ProcessStartTrace WHERE ProcessName = 'wsmprovhost.exe',,NT AUTHORITY\SYSTEM,http://manifests.microsoft.com/win/2006/windows/WMI,
2026-06-01T00:56:58.924416Z,5857,dc.scaffold.htb,Microsoft-Windows-WMI-Activity,Microsoft-Windows-WMI-Activity/Operational,2763,0,,,,0x0,,,wmiprvse.exe,,,,,,4716,,MS_NT_EVENTLOG_PROVIDER,%systemroot%\system32\wbem\ntevt.dll,,,,http://manifests.microsoft.com/win/2006/windows/WMI,
2026-06-01T00:58:07.362339Z,5857,dc.scaffold.htb,Microsoft-Windows-WMI-Activity,Microsoft-Windows-WMI-Activity/Operational,2764,0,,,,0x0,,,wmiprvse.exe,,,,,,4716,,mgmtprovider,%systemroot%\system32\wbem\mgmtprovider.dll,,,,http://manifests.microsoft.com/win/2006/windows/WMI,
2026-06-01T00:58:07.408509Z,5857,dc.scaffold.htb,Microsoft-Windows-WMI-Activity,Microsoft-Windows-WMI-Activity/Operational,2765,0,,,,0x0,,,wmiprvse.exe,,,,,,6788,,NetAdapterCim,%systemroot%\system32\wbem\NetAdapterCim.dll,,,,http://manifests.microsoft.com/win/2006/windows/WMI,
2026-06-01T00:58:07.486420Z,5857,dc.scaffold.htb,Microsoft-Windows-WMI-Activity,Microsoft-Windows-WMI-Activity/Operational,2766,0,,,,0x0,,,wmiprvse.exe,,,,,,4716,,nettcpip,%systemroot%\system32\wbem\NetTCPIP.dll,,,,http://manifests.microsoft.com/win/2006/windows/WMI,
2026-06-01T00:58:10.244965Z,5857,dc.scaffold.htb,Microsoft-Windows-WMI-Activity,Microsoft-Windows-WMI-Activity/Operational,2767,0,,,,0x0,,,wmiprvse.exe,,,,,,1652,,deploymentprovider,%systemroot%\system32\wbem\ServerManager.DeploymentProvider.dll,,,,http://manifests.microsoft.com/win/2006/windows/WMI,
2026-06-01T00:58:49.176032Z,5858,dc.scaffold.htb,Microsoft-Windows-WMI-Activity,Microsoft-Windows-WMI-Activity/Operational,2768,2,,DC,7860,,Unknown,,,{00000000-0000-0000-0000-000000000000},,,Start IWbemServices::ExecQuery - root\cimv2 : SELECT * FROM Win32_ComputerSystemProduct,Unknown,,,,,,0x80041032,NT AUTHORITY\SYSTEM,http://manifests.microsoft.com/win/2006/windows/WMI,
2026-06-01T01:00:23.065065Z,5858,dc.scaffold.htb,Microsoft-Windows-WMI-Activity,Microsoft-Windows-WMI-Activity/Operational,2769,2,,DC,5484,,Unknown,,,{6AA699E1-F161-0000-229D-A66A61F1DC01},,,Start IWbemServices::ExecNotificationQuery - ROOT\CIMV2 : SELECT * FROM Win32_ProcessStartTrace WHERE ProcessName = 'wsmprovhost.exe',Unknown,,,,,,0x80041032,NT AUTHORITY\SYSTEM,http://manifests.microsoft.com/win/2006/windows/WMI,
2026-06-01T18:41:57.356152Z,5857,dc.scaffold.htb,Microsoft-Windows-WMI-Activity,Microsoft-Windows-WMI-Activity/Operational,2770,0,,,,0x0,,,wmiprvse.exe,,,,,,4520,,CIMWin32,%systemroot%\system32\wbem\cimwin32.dll,,,,http://manifests.microsoft.com/win/2006/windows/WMI,
2026-06-01T18:41:58.565963Z,5857,dc.scaffold.htb,Microsoft-Windows-WMI-Activity,Microsoft-Windows-WMI-Activity/Operational,2771,0,,,,0x0,,,wmiprvse.exe,,,,,,5012,,WMIProv,%systemroot%\system32\wbem\wmiprov.dll,,,,http://manifests.microsoft.com/win/2006/windows/WMI,
2026-06-01T18:41:58.585097Z,5858,dc.scaffold.htb,Microsoft-Windows-WMI-Activity,Microsoft-Windows-WMI-Activity/Operational,2772,2,,DC,4008,,Unknown,,,{00000000-0000-0000-0000-000000000000},,,Start IWbemServices::CreateInstanceEnum - root\wmi : MS_SM_AdapterInformationQuery,Unknown,,,,,,0x8004100c,NT AUTHORITY\SYSTEM,http://manifests.microsoft.com/win/2006/windows/WMI,
2026-06-01T18:41:58.599224Z,5858,dc.scaffold.htb,Microsoft-Windows-WMI-Activity,Microsoft-Windows-WMI-Activity/Operational,2773,2,,DC,4008,,Unknown,,,{00000000-0000-0000-0000-000000000000},,,Start IWbemServices::CreateInstanceEnum - root\wmi : MSiSCSI_PortalInfoClass,Unknown,,,,,,0x8004100c,NT AUTHORITY\SYSTEM,http://manifests.microsoft.com/win/2006/windows/WMI,
2026-06-01T18:41:59.336273Z,5857,dc.scaffold.htb,Microsoft-Windows-WMI-Activity,Microsoft-Windows-WMI-Activity/Operational,2774,0,,,,0x0,,,wmiprvse.exe,,,,,,4520,,CIMWin32a,%systemroot%\system32\wbem\wmipcima.dll,,,,http://manifests.microsoft.com/win/2006/windows/WMI,
2026-06-01T18:42:16.723204Z,5857,dc.scaffold.htb,Microsoft-Windows-WMI-Activity,Microsoft-Windows-WMI-Activity/Operational,2775,0,,,,0x0,,,wmiprvse.exe,,,,,,5012,,WmiPerfClass,C:\Windows\System32\wbem\WmiPerfClass.dll,,,,http://manifests.microsoft.com/win/2006/windows/WMI,
2026-06-01T18:42:26.548002Z,5861,dc.scaffold.htb,Microsoft-Windows-WMI-Activity,Microsoft-Windows-WMI-Activity/Operational,2776,0,"NTEventLogEventConsumer=""SCM Event Log Consumer""",,,,,SCM Event Log Filter,,,//./root/subscription,,,"Binding EventFilter: 
instance of __EventFilter
{
	CreatorSID = {1, 2, 0, 0, 0, 0, 0, 5, 32, 0, 0, 0, 32, 2, 0, 0};
	EventNamespace = ""root\\cimv2"";
	Name = ""SCM Event Log Filter"";
	Query = ""select * from MSFT_SCMEventLogEvent"";
	QueryLanguage = ""WQL"";
};
Perm. Consumer: 
instance of NTEventLogEventConsumer
{
	Category = 0;
	CreatorSID = {1, 2, 0, 0, 0, 0, 0, 5, 32, 0, 0, 0, 32, 2, 0, 0};
	EventType = 1;
	Name = ""SCM Event Log Consumer"";
	NameOfUserSIDProperty = ""sid"";
	SourceName = ""Service Control Manager"";
};
",,,,,,,,http://manifests.microsoft.com/win/2006/windows/WMI,
2026-06-01T18:42:26.570558Z,5859,dc.scaffold.htb,SCM Event Provider,Microsoft-Windows-WMI-Activity/Operational,2777,0,,,,,,,,,,//./root/CIMV2,,Permanent,,3120,,,select * from MSFT_SCMEventLogEvent,,S-1-5-32-544,http://manifests.microsoft.com/win/2006/windows/WMI,0
2026-06-01T18:42:26.575278Z,5857,dc.scaffold.htb,Microsoft-Windows-WMI-Activity,Microsoft-Windows-WMI-Activity/Operational,2778,0,,,,0x0,,,wmiprvse.exe,,,,,,3120,,WMI Kernel Trace Event Provider,C:\Windows\System32\wbem\krnlprov.dll,,,,http://manifests.microsoft.com/win/2006/windows/WMI,
2026-06-01T18:42:26.578551Z,5860,dc.scaffold.htb,Microsoft-Windows-WMI-Activity,Microsoft-Windows-WMI-Activity/Operational,2779,0,,DC,,,,,,,,ROOT\CIMV2,,Temporary,,6112,,,SELECT * FROM Win32_ProcessStartTrace WHERE ProcessName = 'wsmprovhost.exe',,NT AUTHORITY\SYSTEM,http://manifests.microsoft.com/win/2006/windows/WMI,
2026-06-01T18:42:37.133260Z,5857,dc.scaffold.htb,Microsoft-Windows-WMI-Activity,Microsoft-Windows-WMI-Activity/Operational,2780,0,,,,0x0,,,wmiprvse.exe,,,,,,4520,,MS_NT_EVENTLOG_PROVIDER,%systemroot%\system32\wbem\ntevt.dll,,,,http://manifests.microsoft.com/win/2006/windows/WMI,
2026-06-01T18:43:14.947713Z,5857,dc.scaffold.htb,Microsoft-Windows-WMI-Activity,Microsoft-Windows-WMI-Activity/Operational,2781,0,,,,0x0,,,wmiprvse.exe,,,,,,4520,,mgmtprovider,%systemroot%\system32\wbem\mgmtprovider.dll,,,,http://manifests.microsoft.com/win/2006/windows/WMI,
2026-06-01T18:43:15.036973Z,5857,dc.scaffold.htb,Microsoft-Windows-WMI-Activity,Microsoft-Windows-WMI-Activity/Operational,2782,0,,,,0x0,,,wmiprvse.exe,,,,,,7500,,NetAdapterCim,%systemroot%\system32\wbem\NetAdapterCim.dll,,,,http://manifests.microsoft.com/win/2006/windows/WMI,
2026-06-01T18:43:15.194416Z,5857,dc.scaffold.htb,Microsoft-Windows-WMI-Activity,Microsoft-Windows-WMI-Activity/Operational,2783,0,,,,0x0,,,wmiprvse.exe,,,,,,4520,,nettcpip,%systemroot%\system32\wbem\NetTCPIP.dll,,,,http://manifests.microsoft.com/win/2006/windows/WMI,
2026-06-01T18:43:18.323237Z,5857,dc.scaffold.htb,Microsoft-Windows-WMI-Activity,Microsoft-Windows-WMI-Activity/Operational,2784,0,,,,0x0,,,wmiprvse.exe,,,,,,7668,,deploymentprovider,%systemroot%\system32\wbem\ServerManager.DeploymentProvider.dll,,,,http://manifests.microsoft.com/win/2006/windows/WMI,
2026-06-01T18:44:31.141840Z,5858,dc.scaffold.htb,Microsoft-Windows-WMI-Activity,Microsoft-Windows-WMI-Activity/Operational,2785,2,,DC,7640,,Unknown,,,{00000000-0000-0000-0000-000000000000},,,Start IWbemServices::ExecQuery - root\cimv2 : SELECT * FROM Win32_OperatingSystem,Unknown,,,,,,0x80041032,NT AUTHORITY\SYSTEM,http://manifests.microsoft.com/win/2006/windows/WMI,
2026-06-01T18:44:33.230756Z,5858,dc.scaffold.htb,Microsoft-Windows-WMI-Activity,Microsoft-Windows-WMI-Activity/Operational,2786,2,,DC,7640,,Unknown,,,{00000000-0000-0000-0000-000000000000},,,Start IWbemServices::ExecQuery - root\cimv2 : SELECT * FROM Win32_Processor,Unknown,,,,,,0x80041032,NT AUTHORITY\SYSTEM,http://manifests.microsoft.com/win/2006/windows/WMI,
2026-06-01T18:48:56.688739Z,5858,dc.scaffold.htb,Microsoft-Windows-WMI-Activity,Microsoft-Windows-WMI-Activity/Operational,2787,2,,DC,6112,,Unknown,,,{48A3EA42-F1F6-0000-1AEC-A348F6F1DC01},,,Start IWbemServices::ExecNotificationQuery - ROOT\CIMV2 : SELECT * FROM Win32_ProcessStartTrace WHERE ProcessName = 'wsmprovhost.exe',Unknown,,,,,,0x80041032,NT AUTHORITY\SYSTEM,http://manifests.microsoft.com/win/2006/windows/WMI,
2026-06-02T14:04:23.829267Z,5857,dc.scaffold.htb,Microsoft-Windows-WMI-Activity,Microsoft-Windows-WMI-Activity/Operational,2788,0,,,,0x0,,,wmiprvse.exe,,,,,,4708,,CIMWin32,%systemroot%\system32\wbem\cimwin32.dll,,,,http://manifests.microsoft.com/win/2006/windows/WMI,
2026-06-02T14:04:24.762267Z,5857,dc.scaffold.htb,Microsoft-Windows-WMI-Activity,Microsoft-Windows-WMI-Activity/Operational,2789,0,,,,0x0,,,wmiprvse.exe,,,,,,5052,,WMIProv,%systemroot%\system32\wbem\wmiprov.dll,,,,http://manifests.microsoft.com/win/2006/windows/WMI,
2026-06-02T14:04:24.773531Z,5858,dc.scaffold.htb,Microsoft-Windows-WMI-Activity,Microsoft-Windows-WMI-Activity/Operational,2790,2,,DC,3532,,Unknown,,,{00000000-0000-0000-0000-000000000000},,,Start IWbemServices::CreateInstanceEnum - root\wmi : MS_SM_AdapterInformationQuery,Unknown,,,,,,0x8004100c,NT AUTHORITY\SYSTEM,http://manifests.microsoft.com/win/2006/windows/WMI,
2026-06-02T14:04:24.783563Z,5858,dc.scaffold.htb,Microsoft-Windows-WMI-Activity,Microsoft-Windows-WMI-Activity/Operational,2791,2,,DC,3532,,Unknown,,,{00000000-0000-0000-0000-000000000000},,,Start IWbemServices::CreateInstanceEnum - root\wmi : MSiSCSI_PortalInfoClass,Unknown,,,,,,0x8004100c,NT AUTHORITY\SYSTEM,http://manifests.microsoft.com/win/2006/windows/WMI,
2026-06-02T14:04:53.558073Z,5857,dc.scaffold.htb,Microsoft-Windows-WMI-Activity,Microsoft-Windows-WMI-Activity/Operational,2792,0,,,,0x0,,,wmiprvse.exe,,,,,,5052,,WmiPerfClass,C:\Windows\System32\wbem\WmiPerfClass.dll,,,,http://manifests.microsoft.com/win/2006/windows/WMI,
2026-06-02T14:04:53.913083Z,5861,dc.scaffold.htb,Microsoft-Windows-WMI-Activity,Microsoft-Windows-WMI-Activity/Operational,2793,0,"NTEventLogEventConsumer=""SCM Event Log Consumer""",,,,,SCM Event Log Filter,,,//./root/subscription,,,"Binding EventFilter: 
instance of __EventFilter
{
	CreatorSID = {1, 2, 0, 0, 0, 0, 0, 5, 32, 0, 0, 0, 32, 2, 0, 0};
	EventNamespace = ""root\\cimv2"";
	Name = ""SCM Event Log Filter"";
	Query = ""select * from MSFT_SCMEventLogEvent"";
	QueryLanguage = ""WQL"";
};
Perm. Consumer: 
instance of NTEventLogEventConsumer
{
	Category = 0;
	CreatorSID = {1, 2, 0, 0, 0, 0, 0, 5, 32, 0, 0, 0, 32, 2, 0, 0};
	EventType = 1;
	Name = ""SCM Event Log Consumer"";
	NameOfUserSIDProperty = ""sid"";
	SourceName = ""Service Control Manager"";
};
",,,,,,,,http://manifests.microsoft.com/win/2006/windows/WMI,
2026-06-02T14:04:53.948261Z,5859,dc.scaffold.htb,SCM Event Provider,Microsoft-Windows-WMI-Activity/Operational,2794,0,,,,,,,,,,//./root/CIMV2,,Permanent,,3212,,,select * from MSFT_SCMEventLogEvent,,S-1-5-32-544,http://manifests.microsoft.com/win/2006/windows/WMI,0
2026-06-02T14:04:53.954536Z,5857,dc.scaffold.htb,Microsoft-Windows-WMI-Activity,Microsoft-Windows-WMI-Activity/Operational,2795,0,,,,0x0,,,wmiprvse.exe,,,,,,3212,,WMI Kernel Trace Event Provider,C:\Windows\System32\wbem\krnlprov.dll,,,,http://manifests.microsoft.com/win/2006/windows/WMI,
2026-06-02T14:04:53.958560Z,5860,dc.scaffold.htb,Microsoft-Windows-WMI-Activity,Microsoft-Windows-WMI-Activity/Operational,2796,0,,DC,,,,,,,,ROOT\CIMV2,,Temporary,,2792,,,SELECT * FROM Win32_ProcessStartTrace WHERE ProcessName = 'wsmprovhost.exe',,NT AUTHORITY\SYSTEM,http://manifests.microsoft.com/win/2006/windows/WMI,
2026-06-02T14:04:54.428271Z,5857,dc.scaffold.htb,Microsoft-Windows-WMI-Activity,Microsoft-Windows-WMI-Activity/Operational,2797,0,,,,0x0,,,wmiprvse.exe,,,,,,4708,,CIMWin32a,%systemroot%\system32\wbem\wmipcima.dll,,,,http://manifests.microsoft.com/win/2006/windows/WMI,
2026-06-02T14:04:54.545931Z,5858,dc.scaffold.htb,Microsoft-Windows-WMI-Activity,Microsoft-Windows-WMI-Activity/Operational,2798,2,,DC,3952,,Unknown,,,{00000000-0000-0000-0000-000000000000},,,"Start IWbemServices::ExecQuery - ROOT\CIMV2 : SELECT Manufacturer, Product FROM Win32_BaseBoard",Unknown,,,,,,0x80041032,NT AUTHORITY\NETWORK SERVICE,http://manifests.microsoft.com/win/2006/windows/WMI,
2026-06-02T14:04:54.858351Z,5858,dc.scaffold.htb,Microsoft-Windows-WMI-Activity,Microsoft-Windows-WMI-Activity/Operational,2799,2,,DC,6460,,Unknown,,,{00000000-0000-0000-0000-000000000000},,,"Start IWbemServices::ExecQuery - ROOT\CIMV2 : SELECT Manufacturer, Product FROM Win32_BaseBoard",Unknown,,,,,,0x80041032,NT AUTHORITY\NETWORK SERVICE,http://manifests.microsoft.com/win/2006/windows/WMI,
2026-06-02T14:05:14.015135Z,5857,dc.scaffold.htb,Microsoft-Windows-WMI-Activity,Microsoft-Windows-WMI-Activity/Operational,2800,0,,,,0x0,,,wmiprvse.exe,,,,,,4708,,MS_NT_EVENTLOG_PROVIDER,%systemroot%\system32\wbem\ntevt.dll,,,,http://manifests.microsoft.com/win/2006/windows/WMI,
2026-06-02T14:05:20.403088Z,5857,dc.scaffold.htb,Microsoft-Windows-WMI-Activity,Microsoft-Windows-WMI-Activity/Operational,2801,0,,,,0x0,,,wmiprvse.exe,,,,,,4708,,mgmtprovider,%systemroot%\system32\wbem\mgmtprovider.dll,,,,http://manifests.microsoft.com/win/2006/windows/WMI,
2026-06-02T14:05:20.453590Z,5857,dc.scaffold.htb,Microsoft-Windows-WMI-Activity,Microsoft-Windows-WMI-Activity/Operational,2802,0,,,,0x0,,,wmiprvse.exe,,,,,,7928,,NetAdapterCim,%systemroot%\system32\wbem\NetAdapterCim.dll,,,,http://manifests.microsoft.com/win/2006/windows/WMI,
2026-06-02T14:05:20.617217Z,5857,dc.scaffold.htb,Microsoft-Windows-WMI-Activity,Microsoft-Windows-WMI-Activity/Operational,2803,0,,,,0x0,,,wmiprvse.exe,,,,,,4708,,nettcpip,%systemroot%\system32\wbem\NetTCPIP.dll,,,,http://manifests.microsoft.com/win/2006/windows/WMI,
2026-06-02T14:05:23.855209Z,5857,dc.scaffold.htb,Microsoft-Windows-WMI-Activity,Microsoft-Windows-WMI-Activity/Operational,2804,0,,,,0x0,,,wmiprvse.exe,,,,,,7248,,deploymentprovider,%systemroot%\system32\wbem\ServerManager.DeploymentProvider.dll,,,,http://manifests.microsoft.com/win/2006/windows/WMI,
2026-06-02T14:06:19.430181Z,5858,dc.scaffold.htb,Microsoft-Windows-WMI-Activity,Microsoft-Windows-WMI-Activity/Operational,2805,2,,DC,2792,,Unknown,,,{AC815834-F298-0000-455B-81AC98F2DC01},,,Start IWbemServices::ExecNotificationQuery - ROOT\CIMV2 : SELECT * FROM Win32_ProcessStartTrace WHERE ProcessName = 'wsmprovhost.exe',Unknown,,,,,,0x80041032,NT AUTHORITY\SYSTEM,http://manifests.microsoft.com/win/2006/windows/WMI,
2026-06-02T14:09:27.463939Z,5857,dc.scaffold.htb,Microsoft-Windows-WMI-Activity,Microsoft-Windows-WMI-Activity/Operational,2806,0,,,,0x0,,,wmiprvse.exe,,,,,,4580,,CIMWin32,%systemroot%\system32\wbem\cimwin32.dll,,,,http://manifests.microsoft.com/win/2006/windows/WMI,
2026-06-02T14:09:28.455056Z,5857,dc.scaffold.htb,Microsoft-Windows-WMI-Activity,Microsoft-Windows-WMI-Activity/Operational,2807,0,,,,0x0,,,wmiprvse.exe,,,,,,5176,,WMIProv,%systemroot%\system32\wbem\wmiprov.dll,,,,http://manifests.microsoft.com/win/2006/windows/WMI,
2026-06-02T14:09:28.464095Z,5858,dc.scaffold.htb,Microsoft-Windows-WMI-Activity,Microsoft-Windows-WMI-Activity/Operational,2808,2,,DC,3420,,Unknown,,,{00000000-0000-0000-0000-000000000000},,,Start IWbemServices::CreateInstanceEnum - root\wmi : MS_SM_AdapterInformationQuery,Unknown,,,,,,0x8004100c,NT AUTHORITY\SYSTEM,http://manifests.microsoft.com/win/2006/windows/WMI,
2026-06-02T14:09:28.469740Z,5858,dc.scaffold.htb,Microsoft-Windows-WMI-Activity,Microsoft-Windows-WMI-Activity/Operational,2809,2,,DC,3420,,Unknown,,,{00000000-0000-0000-0000-000000000000},,,Start IWbemServices::CreateInstanceEnum - root\wmi : MSiSCSI_PortalInfoClass,Unknown,,,,,,0x8004100c,NT AUTHORITY\SYSTEM,http://manifests.microsoft.com/win/2006/windows/WMI,
2026-06-02T14:09:29.738082Z,5857,dc.scaffold.htb,Microsoft-Windows-WMI-Activity,Microsoft-Windows-WMI-Activity/Operational,2810,0,,,,0x0,,,wmiprvse.exe,,,,,,4580,,CIMWin32a,%systemroot%\system32\wbem\wmipcima.dll,,,,http://manifests.microsoft.com/win/2006/windows/WMI,
2026-06-02T14:09:30.018939Z,5858,dc.scaffold.htb,Microsoft-Windows-WMI-Activity,Microsoft-Windows-WMI-Activity/Operational,2811,2,,DC,5360,,Unknown,,,{00000000-0000-0000-0000-000000000000},,,"Start IWbemServices::ExecQuery - ROOT\CIMV2 : SELECT Manufacturer, Product FROM Win32_BaseBoard",Unknown,,,,,,0x80041032,NT AUTHORITY\NETWORK SERVICE,http://manifests.microsoft.com/win/2006/windows/WMI,
2026-06-02T14:09:47.108131Z,5857,dc.scaffold.htb,Microsoft-Windows-WMI-Activity,Microsoft-Windows-WMI-Activity/Operational,2812,0,,,,0x0,,,wmiprvse.exe,,,,,,5176,,WmiPerfClass,C:\Windows\System32\wbem\WmiPerfClass.dll,,,,http://manifests.microsoft.com/win/2006/windows/WMI,
2026-06-02T14:09:56.867552Z,5861,dc.scaffold.htb,Microsoft-Windows-WMI-Activity,Microsoft-Windows-WMI-Activity/Operational,2813,0,"NTEventLogEventConsumer=""SCM Event Log Consumer""",,,,,SCM Event Log Filter,,,//./root/subscription,,,"Binding EventFilter: 
instance of __EventFilter
{
	CreatorSID = {1, 2, 0, 0, 0, 0, 0, 5, 32, 0, 0, 0, 32, 2, 0, 0};
	EventNamespace = ""root\\cimv2"";
	Name = ""SCM Event Log Filter"";
	Query = ""select * from MSFT_SCMEventLogEvent"";
	QueryLanguage = ""WQL"";
};
Perm. Consumer: 
instance of NTEventLogEventConsumer
{
	Category = 0;
	CreatorSID = {1, 2, 0, 0, 0, 0, 0, 5, 32, 0, 0, 0, 32, 2, 0, 0};
	EventType = 1;
	Name = ""SCM Event Log Consumer"";
	NameOfUserSIDProperty = ""sid"";
	SourceName = ""Service Control Manager"";
};
",,,,,,,,http://manifests.microsoft.com/win/2006/windows/WMI,
2026-06-02T14:09:56.903239Z,5859,dc.scaffold.htb,SCM Event Provider,Microsoft-Windows-WMI-Activity/Operational,2814,0,,,,,,,,,,//./root/CIMV2,,Permanent,,3092,,,select * from MSFT_SCMEventLogEvent,,S-1-5-32-544,http://manifests.microsoft.com/win/2006/windows/WMI,0
2026-06-02T14:09:56.911811Z,5857,dc.scaffold.htb,Microsoft-Windows-WMI-Activity,Microsoft-Windows-WMI-Activity/Operational,2815,0,,,,0x0,,,wmiprvse.exe,,,,,,3092,,WMI Kernel Trace Event Provider,C:\Windows\System32\wbem\krnlprov.dll,,,,http://manifests.microsoft.com/win/2006/windows/WMI,
2026-06-02T14:09:56.915173Z,5860,dc.scaffold.htb,Microsoft-Windows-WMI-Activity,Microsoft-Windows-WMI-Activity/Operational,2816,0,,DC,,,,,,,,ROOT\CIMV2,,Temporary,,5836,,,SELECT * FROM Win32_ProcessStartTrace WHERE ProcessName = 'wsmprovhost.exe',,NT AUTHORITY\SYSTEM,http://manifests.microsoft.com/win/2006/windows/WMI,
2026-06-02T14:10:07.522335Z,5857,dc.scaffold.htb,Microsoft-Windows-WMI-Activity,Microsoft-Windows-WMI-Activity/Operational,2817,0,,,,0x0,,,wmiprvse.exe,,,,,,4580,,MS_NT_EVENTLOG_PROVIDER,%systemroot%\system32\wbem\ntevt.dll,,,,http://manifests.microsoft.com/win/2006/windows/WMI,
2026-06-02T14:10:50.596401Z,5857,dc.scaffold.htb,Microsoft-Windows-WMI-Activity,Microsoft-Windows-WMI-Activity/Operational,2818,0,,,,0x0,,,wmiprvse.exe,,,,,,4580,,mgmtprovider,%systemroot%\system32\wbem\mgmtprovider.dll,,,,http://manifests.microsoft.com/win/2006/windows/WMI,
2026-06-02T14:10:50.665323Z,5857,dc.scaffold.htb,Microsoft-Windows-WMI-Activity,Microsoft-Windows-WMI-Activity/Operational,2819,0,,,,0x0,,,wmiprvse.exe,,,,,,7040,,NetAdapterCim,%systemroot%\system32\wbem\NetAdapterCim.dll,,,,http://manifests.microsoft.com/win/2006/windows/WMI,
2026-06-02T14:10:50.775356Z,5857,dc.scaffold.htb,Microsoft-Windows-WMI-Activity,Microsoft-Windows-WMI-Activity/Operational,2820,0,,,,0x0,,,wmiprvse.exe,,,,,,4580,,nettcpip,%systemroot%\system32\wbem\NetTCPIP.dll,,,,http://manifests.microsoft.com/win/2006/windows/WMI,
2026-06-02T14:10:54.309375Z,5857,dc.scaffold.htb,Microsoft-Windows-WMI-Activity,Microsoft-Windows-WMI-Activity/Operational,2821,0,,,,0x0,,,wmiprvse.exe,,,,,,7304,,deploymentprovider,%systemroot%\system32\wbem\ServerManager.DeploymentProvider.dll,,,,http://manifests.microsoft.com/win/2006/windows/WMI,
2026-06-02T14:11:57.439936Z,5858,dc.scaffold.htb,Microsoft-Windows-WMI-Activity,Microsoft-Windows-WMI-Activity/Operational,2822,2,,DC,3816,,Unknown,,,{00000000-0000-0000-0000-000000000000},,,Start IWbemServices::ExecQuery - root\cimv2 : SELECT * FROM Win32_ComputerSystemProduct,Unknown,,,,,,0x80041032,NT AUTHORITY\SYSTEM,http://manifests.microsoft.com/win/2006/windows/WMI,
2026-06-02T14:11:57.448447Z,5858,dc.scaffold.htb,Microsoft-Windows-WMI-Activity,Microsoft-Windows-WMI-Activity/Operational,2823,2,,DC,3816,,Unknown,,,{00000000-0000-0000-0000-000000000000},,,Start IWbemServices::ExecQuery - root\cimv2 : SELECT * FROM Win32_ComputerSystem,Unknown,,,,,,0x80041032,NT AUTHORITY\SYSTEM,http://manifests.microsoft.com/win/2006/windows/WMI,
2026-06-02T14:13:10.787362Z,5857,dc.scaffold.htb,Microsoft-Windows-WMI-Activity,Microsoft-Windows-WMI-Activity/Operational,2824,0,,,,0x0,,,wmiprvse.exe,,,,,,4580,,CIMWin32a,%systemroot%\system32\wbem\wmipcima.dll,,,,http://manifests.microsoft.com/win/2006/windows/WMI,
2026-06-02T14:18:44.074950Z,5857,dc.scaffold.htb,Microsoft-Windows-WMI-Activity,Microsoft-Windows-WMI-Activity/Operational,2825,0,,,,0x0,,,wmiprvse.exe,,,,,,4580,,ServerFeatureProvider,%windir%\system32\wbem\servercompprov.dll,,,,http://manifests.microsoft.com/win/2006/windows/WMI,
2026-06-02T14:18:44.102573Z,5857,dc.scaffold.htb,Microsoft-Windows-WMI-Activity,Microsoft-Windows-WMI-Activity/Operational,2826,0,,,,0x0,,,wmiprvse.exe,,,,,,7332,,deploymentprovider,%systemroot%\system32\wbem\ServerManager.DeploymentProvider.dll,,,,http://manifests.microsoft.com/win/2006/windows/WMI,
2026-06-02T14:18:44.321792Z,5858,dc.scaffold.htb,Microsoft-Windows-WMI-Activity,Microsoft-Windows-WMI-Activity/Operational,2827,2,,DC,4904,,Unknown,,,{00000000-0000-0000-0000-000000000000},,,Start IWbemServices::ExecQuery - ROOT\CCM : select ClientId from CCM_Client,Unknown,,,,,,0x80041010,NT AUTHORITY\SYSTEM,http://manifests.microsoft.com/win/2006/windows/WMI,
2026-06-02T14:18:44.351002Z,5857,dc.scaffold.htb,Microsoft-Windows-WMI-Activity,Microsoft-Windows-WMI-Activity/Operational,2828,0,,,,0x0,,,wmiprvse.exe,,,,,,4580,,Win32_TpmProvider,C:\Windows\System32\wbem\Win32_TPM.dll,,,,http://manifests.microsoft.com/win/2006/windows/WMI,
2026-06-02T14:18:44.540193Z,5857,dc.scaffold.htb,Microsoft-Windows-WMI-Activity,Microsoft-Windows-WMI-Activity/Operational,2829,0,,,,0x0,,,wmiprvse.exe,,,,,,4580,,Win32_DeviceGuard,%SystemRoot%\System32\Win32_DeviceGuard.dll,,,,http://manifests.microsoft.com/win/2006/windows/WMI,
2026-06-02T14:18:44.563264Z,5857,dc.scaffold.htb,Microsoft-Windows-WMI-Activity,Microsoft-Windows-WMI-Activity/Operational,2830,0,,,,0x0,,,wmiprvse.exe,,,,,,4580,,DeliveryOptimizationMIProv,%SystemRoot%\system32\domgmt.dll,,,,http://manifests.microsoft.com/win/2006/windows/WMI,
2026-06-02T14:18:44.570014Z,5858,dc.scaffold.htb,Microsoft-Windows-WMI-Activity,Microsoft-Windows-WMI-Activity/Operational,2831,2,,DC,4904,,Unknown,,,{00000000-0000-0000-0000-000000000000},,,"Start IWbemServices::ExecQuery - root\Microsoft\Windows\DeliveryOptimization : SELECT DownloadMode, DownloadModeProvider FROM MSFT_DeliveryOptimizationConfig",Unknown,,,,,,0x80041032,NT AUTHORITY\SYSTEM,http://manifests.microsoft.com/win/2006/windows/WMI,
2026-06-02T14:19:57.504463Z,5858,dc.scaffold.htb,Microsoft-Windows-WMI-Activity,Microsoft-Windows-WMI-Activity/Operational,2832,2,,DC,5836,,Unknown,,,{61AF753D-F299-0000-CB76-AF6199F2DC01},,,Start IWbemServices::ExecNotificationQuery - ROOT\CIMV2 : SELECT * FROM Win32_ProcessStartTrace WHERE ProcessName = 'wsmprovhost.exe',Unknown,,,,,,0x80041032,NT AUTHORITY\SYSTEM,http://manifests.microsoft.com/win/2006/windows/WMI,
2026-06-02T14:20:50.642629Z,5857,dc.scaffold.htb,Microsoft-Windows-WMI-Activity,Microsoft-Windows-WMI-Activity/Operational,2833,0,,,,0x0,,,wmiprvse.exe,,,,,,4580,,mgmtprovider,%systemroot%\system32\wbem\mgmtprovider.dll,,,,http://manifests.microsoft.com/win/2006/windows/WMI,
2026-06-02T14:20:50.676359Z,5857,dc.scaffold.htb,Microsoft-Windows-WMI-Activity,Microsoft-Windows-WMI-Activity/Operational,2834,0,,,,0x0,,,wmiprvse.exe,,,,,,4780,,NetAdapterCim,%systemroot%\system32\wbem\NetAdapterCim.dll,,,,http://manifests.microsoft.com/win/2006/windows/WMI,
2026-06-02T14:20:50.736440Z,5857,dc.scaffold.htb,Microsoft-Windows-WMI-Activity,Microsoft-Windows-WMI-Activity/Operational,2835,0,,,,0x0,,,wmiprvse.exe,,,,,,4580,,nettcpip,%systemroot%\system32\wbem\NetTCPIP.dll,,,,http://manifests.microsoft.com/win/2006/windows/WMI,
2026-06-02T14:20:53.132396Z,5857,dc.scaffold.htb,Microsoft-Windows-WMI-Activity,Microsoft-Windows-WMI-Activity/Operational,2836,0,,,,0x0,,,wmiprvse.exe,,,,,,7464,,deploymentprovider,%systemroot%\system32\wbem\ServerManager.DeploymentProvider.dll,,,,http://manifests.microsoft.com/win/2006/windows/WMI,
2026-07-09T05:41:14.581331Z,5857,dc.scaffold.htb,Microsoft-Windows-WMI-Activity,Microsoft-Windows-WMI-Activity/Operational,2837,0,,,,0x0,,,wmiprvse.exe,,,,,,4612,,CIMWin32,%systemroot%\system32\wbem\cimwin32.dll,,,,http://manifests.microsoft.com/win/2006/windows/WMI,
2026-07-09T05:41:18.129368Z,5857,dc.scaffold.htb,Microsoft-Windows-WMI-Activity,Microsoft-Windows-WMI-Activity/Operational,2838,0,,,,0x0,,,wmiprvse.exe,,,,,,4580,,WMIProv,%systemroot%\system32\wbem\wmiprov.dll,,,,http://manifests.microsoft.com/win/2006/windows/WMI,
2026-07-09T05:41:18.341825Z,5858,dc.scaffold.htb,Microsoft-Windows-WMI-Activity,Microsoft-Windows-WMI-Activity/Operational,2839,2,,DC,3716,,Unknown,,,{00000000-0000-0000-0000-000000000000},,,Start IWbemServices::CreateInstanceEnum - root\wmi : MS_SM_AdapterInformationQuery,Unknown,,,,,,0x8004100c,NT AUTHORITY\SYSTEM,http://manifests.microsoft.com/win/2006/windows/WMI,
2026-07-09T05:41:18.725702Z,5858,dc.scaffold.htb,Microsoft-Windows-WMI-Activity,Microsoft-Windows-WMI-Activity/Operational,2840,2,,DC,3716,,Unknown,,,{00000000-0000-0000-0000-000000000000},,,Start IWbemServices::CreateInstanceEnum - root\wmi : MSiSCSI_PortalInfoClass,Unknown,,,,,,0x8004100c,NT AUTHORITY\SYSTEM,http://manifests.microsoft.com/win/2006/windows/WMI,
2026-07-09T05:41:24.363450Z,5857,dc.scaffold.htb,Microsoft-Windows-WMI-Activity,Microsoft-Windows-WMI-Activity/Operational,2841,0,,,,0x0,,,wmiprvse.exe,,,,,,4612,,CIMWin32a,%systemroot%\system32\wbem\wmipcima.dll,,,,http://manifests.microsoft.com/win/2006/windows/WMI,
2026-07-09T05:41:28.071267Z,5858,dc.scaffold.htb,Microsoft-Windows-WMI-Activity,Microsoft-Windows-WMI-Activity/Operational,2842,2,,DC,5336,,Unknown,,,{00000000-0000-0000-0000-000000000000},,,"Start IWbemServices::ExecQuery - ROOT\CIMV2 : SELECT Manufacturer, Product FROM Win32_BaseBoard",Unknown,,,,,,0x80041032,NT AUTHORITY\NETWORK SERVICE,http://manifests.microsoft.com/win/2006/windows/WMI,
2026-07-09T05:41:29.968955Z,5857,dc.scaffold.htb,Microsoft-Windows-WMI-Activity,Microsoft-Windows-WMI-Activity/Operational,2843,0,,,,0x0,,,wmiprvse.exe,,,,,,4580,,WmiPerfClass,C:\Windows\System32\wbem\WmiPerfClass.dll,,,,http://manifests.microsoft.com/win/2006/windows/WMI,
2026-07-09T05:41:50.574489Z,5857,dc.scaffold.htb,Microsoft-Windows-WMI-Activity,Microsoft-Windows-WMI-Activity/Operational,2844,0,,,,0x0,,,wmiprvse.exe,,,,,,4612,,MS_NT_EVENTLOG_PROVIDER,%systemroot%\system32\wbem\ntevt.dll,,,,http://manifests.microsoft.com/win/2006/windows/WMI,
2026-07-09T05:42:46.165329Z,5861,dc.scaffold.htb,Microsoft-Windows-WMI-Activity,Microsoft-Windows-WMI-Activity/Operational,2845,0,"NTEventLogEventConsumer=""SCM Event Log Consumer""",,,,,SCM Event Log Filter,,,//./root/subscription,,,"Binding EventFilter: 
instance of __EventFilter
{
	CreatorSID = {1, 2, 0, 0, 0, 0, 0, 5, 32, 0, 0, 0, 32, 2, 0, 0};
	EventNamespace = ""root\\cimv2"";
	Name = ""SCM Event Log Filter"";
	Query = ""select * from MSFT_SCMEventLogEvent"";
	QueryLanguage = ""WQL"";
};
Perm. Consumer: 
instance of NTEventLogEventConsumer
{
	Category = 0;
	CreatorSID = {1, 2, 0, 0, 0, 0, 0, 5, 32, 0, 0, 0, 32, 2, 0, 0};
	EventType = 1;
	Name = ""SCM Event Log Consumer"";
	NameOfUserSIDProperty = ""sid"";
	SourceName = ""Service Control Manager"";
};
",,,,,,,,http://manifests.microsoft.com/win/2006/windows/WMI,
2026-07-09T05:42:46.214919Z,5859,dc.scaffold.htb,SCM Event Provider,Microsoft-Windows-WMI-Activity/Operational,2846,0,,,,,,,,,,//./root/CIMV2,,Permanent,,3016,,,select * from MSFT_SCMEventLogEvent,,S-1-5-32-544,http://manifests.microsoft.com/win/2006/windows/WMI,0
2026-07-09T05:43:14.350857Z,5858,dc.scaffold.htb,Microsoft-Windows-WMI-Activity,Microsoft-Windows-WMI-Activity/Operational,2847,2,,DC,3272,,Unknown,,,{00000000-0000-0000-0000-000000000000},,,Start IWbemServices::ExecQuery - root\cimv2 : SELECT * FROM Win32_ComputerSystemProduct,Unknown,,,,,,0x80041032,NT AUTHORITY\SYSTEM,http://manifests.microsoft.com/win/2006/windows/WMI,
2026-07-09T05:43:14.463939Z,5858,dc.scaffold.htb,Microsoft-Windows-WMI-Activity,Microsoft-Windows-WMI-Activity/Operational,2848,2,,DC,3272,,Unknown,,,{00000000-0000-0000-0000-000000000000},,,Start IWbemServices::ExecQuery - root\cimv2 : SELECT * FROM Win32_ComputerSystem,Unknown,,,,,,0x80041032,NT AUTHORITY\SYSTEM,http://manifests.microsoft.com/win/2006/windows/WMI,
2026-07-09T05:43:15.703050Z,5858,dc.scaffold.htb,Microsoft-Windows-WMI-Activity,Microsoft-Windows-WMI-Activity/Operational,2849,2,,DC,3272,,Unknown,,,{00000000-0000-0000-0000-000000000000},,,Start IWbemServices::ExecQuery - root\cimv2 : SELECT * FROM Win32_ComputerSystem,Unknown,,,,,,0x80041032,NT AUTHORITY\SYSTEM,http://manifests.microsoft.com/win/2006/windows/WMI,
2026-07-09T05:44:44.553917Z,5857,dc.scaffold.htb,Microsoft-Windows-WMI-Activity,Microsoft-Windows-WMI-Activity/Operational,2850,0,,,,0x0,,,wmiprvse.exe,,,,,,4612,,ServerFeatureProvider,%windir%\system32\wbem\servercompprov.dll,,,,http://manifests.microsoft.com/win/2006/windows/WMI,
2026-07-09T05:44:44.781110Z,5857,dc.scaffold.htb,Microsoft-Windows-WMI-Activity,Microsoft-Windows-WMI-Activity/Operational,2851,0,,,,0x0,,,wmiprvse.exe,,,,,,2328,,deploymentprovider,%systemroot%\system32\wbem\ServerManager.DeploymentProvider.dll,,,,http://manifests.microsoft.com/win/2006/windows/WMI,
2026-07-09T05:44:46.280330Z,5858,dc.scaffold.htb,Microsoft-Windows-WMI-Activity,Microsoft-Windows-WMI-Activity/Operational,2852,2,,DC,808,,Unknown,,,{00000000-0000-0000-0000-000000000000},,,Start IWbemServices::ExecQuery - ROOT\CCM : select ClientId from CCM_Client,Unknown,,,,,,0x80041010,NT AUTHORITY\SYSTEM,http://manifests.microsoft.com/win/2006/windows/WMI,
2026-07-09T05:44:46.415841Z,5857,dc.scaffold.htb,Microsoft-Windows-WMI-Activity,Microsoft-Windows-WMI-Activity/Operational,2853,0,,,,0x0,,,wmiprvse.exe,,,,,,4612,,Win32_TpmProvider,C:\Windows\System32\wbem\Win32_TPM.dll,,,,http://manifests.microsoft.com/win/2006/windows/WMI,
2026-07-09T05:44:50.337100Z,5857,dc.scaffold.htb,Microsoft-Windows-WMI-Activity,Microsoft-Windows-WMI-Activity/Operational,2854,0,,,,0x0,,,wmiprvse.exe,,,,,,4612,,Win32_DeviceGuard,%SystemRoot%\System32\Win32_DeviceGuard.dll,,,,http://manifests.microsoft.com/win/2006/windows/WMI,
2026-07-09T05:44:50.707221Z,5857,dc.scaffold.htb,Microsoft-Windows-WMI-Activity,Microsoft-Windows-WMI-Activity/Operational,2855,0,,,,0x0,,,wmiprvse.exe,,,,,,4612,,DeliveryOptimizationMIProv,%SystemRoot%\system32\domgmt.dll,,,,http://manifests.microsoft.com/win/2006/windows/WMI,
2026-07-09T05:44:50.822815Z,5858,dc.scaffold.htb,Microsoft-Windows-WMI-Activity,Microsoft-Windows-WMI-Activity/Operational,2856,2,,DC,2052,,Unknown,,,{00000000-0000-0000-0000-000000000000},,,Start IWbemServices::ExecQuery - ROOT\CCM : select ClientId from CCM_Client,Unknown,,,,,,0x80041010,NT AUTHORITY\SYSTEM,http://manifests.microsoft.com/win/2006/windows/WMI,
2026-07-09T05:44:57.035228Z,5858,dc.scaffold.htb,Microsoft-Windows-WMI-Activity,Microsoft-Windows-WMI-Activity/Operational,2857,2,,DC,2052,,Unknown,,,{00000000-0000-0000-0000-000000000000},,,Start IWbemServices::ExecQuery - ROOT\CIMV2 : SELECT * FROM Win32_OptionalFeature WHERE name = 'NetFX3',Unknown,,,,,,0x80041032,NT AUTHORITY\SYSTEM,http://manifests.microsoft.com/win/2006/windows/WMI,
2026-07-09T05:44:57.584691Z,5858,dc.scaffold.htb,Microsoft-Windows-WMI-Activity,Microsoft-Windows-WMI-Activity/Operational,2858,2,,DC,2052,,Unknown,,,{00000000-0000-0000-0000-000000000000},,,Start IWbemServices::ExecQuery - ROOT\CIMV2 : SELECT * FROM Win32_OptionalFeature WHERE name = 'WCF-HTTP-Activation',Unknown,,,,,,0x80041032,NT AUTHORITY\SYSTEM,http://manifests.microsoft.com/win/2006/windows/WMI,
2026-07-09T05:44:57.855208Z,5858,dc.scaffold.htb,Microsoft-Windows-WMI-Activity,Microsoft-Windows-WMI-Activity/Operational,2859,2,,DC,2052,,Unknown,,,{00000000-0000-0000-0000-000000000000},,,Start IWbemServices::ExecQuery - ROOT\CIMV2 : SELECT * FROM Win32_OptionalFeature WHERE name = 'WCF-NonHTTP-Activation',Unknown,,,,,,0x80041032,NT AUTHORITY\SYSTEM,http://manifests.microsoft.com/win/2006/windows/WMI,
2026-07-09T05:44:58.434081Z,5858,dc.scaffold.htb,Microsoft-Windows-WMI-Activity,Microsoft-Windows-WMI-Activity/Operational,2860,2,,DC,2052,,Unknown,,,{00000000-0000-0000-0000-000000000000},,,Start IWbemServices::ExecQuery - ROOT\CIMV2 : SELECT * FROM Win32_OptionalFeature WHERE name = 'IIS-ASPNET',Unknown,,,,,,0x80041032,NT AUTHORITY\SYSTEM,http://manifests.microsoft.com/win/2006/windows/WMI,
2026-07-09T05:44:58.997489Z,5858,dc.scaffold.htb,Microsoft-Windows-WMI-Activity,Microsoft-Windows-WMI-Activity/Operational,2861,2,,DC,2052,,Unknown,,,{00000000-0000-0000-0000-000000000000},,,Start IWbemServices::ExecQuery - ROOT\CIMV2 : SELECT * FROM Win32_OptionalFeature WHERE name = 'IIS-NetFxExtensibility',Unknown,,,,,,0x80041032,NT AUTHORITY\SYSTEM,http://manifests.microsoft.com/win/2006/windows/WMI,
2026-07-09T05:44:59.589456Z,5858,dc.scaffold.htb,Microsoft-Windows-WMI-Activity,Microsoft-Windows-WMI-Activity/Operational,2862,2,,DC,2052,,Unknown,,,{00000000-0000-0000-0000-000000000000},,,Start IWbemServices::ExecQuery - ROOT\CIMV2 : SELECT * FROM Win32_OptionalFeature WHERE name = 'WAS-NetFxEnvironment',Unknown,,,,,,0x80041032,NT AUTHORITY\SYSTEM,http://manifests.microsoft.com/win/2006/windows/WMI,
2026-07-09T05:44:59.989330Z,5857,dc.scaffold.htb,Microsoft-Windows-WMI-Activity,Microsoft-Windows-WMI-Activity/Operational,2863,0,,,,0x0,,,wmiprvse.exe,,,,,,4612,,WhqlProvider,%systemroot%\system32\signdrv.dll,,,,http://manifests.microsoft.com/win/2006/windows/WMI,
2026-07-09T05:45:01.813669Z,5858,dc.scaffold.htb,Microsoft-Windows-WMI-Activity,Microsoft-Windows-WMI-Activity/Operational,2864,2,,DC,2052,,Unknown,,,{00000000-0000-0000-0000-000000000000},,,"Start IWbemServices::ExecQuery - ROOT\CIMV2 : SELECT DriverVersion, Manufacturer FROM Win32_PnPSignedDriver WHERE Manufacturer = 'ELAN'",Unknown,,,,,,0x80041032,NT AUTHORITY\SYSTEM,http://manifests.microsoft.com/win/2006/windows/WMI,
2026-07-09T05:45:01.914831Z,5857,dc.scaffold.htb,Microsoft-Windows-WMI-Activity,Microsoft-Windows-WMI-Activity/Operational,2865,0,,,,0x0,,,wmiprvse.exe,,,,,,4580,,InvProv,C:\Windows\System32\invagent.dll,,,,http://manifests.microsoft.com/win/2006/windows/WMI,
2026-07-09T05:52:07.409412Z,5857,dc.scaffold.htb,Microsoft-Windows-WMI-Activity,Microsoft-Windows-WMI-Activity/Operational,2866,0,,,,0x0,,,wmiprvse.exe,,,,,,4612,,MSVDS__PROVIDER,%systemroot%\system32\wbem\vdswmi.dll,,,,http://manifests.microsoft.com/win/2006/windows/WMI,
2026-07-09T05:52:08.740582Z,5857,dc.scaffold.htb,Microsoft-Windows-WMI-Activity,Microsoft-Windows-WMI-Activity/Operational,2867,0,,,,0x0,,,wmiprvse.exe,,,,,,4612,,StorageWMI,%SystemRoot%\System32\storagewmi.dll,,,,http://manifests.microsoft.com/win/2006/windows/WMI,
2026-07-09T05:52:09.686486Z,5857,dc.scaffold.htb,Microsoft-Windows-WMI-Activity,Microsoft-Windows-WMI-Activity/Operational,2868,0,,,,0x0,,,wmiprvse.exe,,,,,,2784,,PowerWmiProvider,%systemroot%\system32\umpowmi.dll,,,,http://manifests.microsoft.com/win/2006/windows/WMI,
2026-07-09T05:52:09.713075Z,5858,dc.scaffold.htb,Microsoft-Windows-WMI-Activity,Microsoft-Windows-WMI-Activity/Operational,2869,2,,DC,2084,,Unknown,,,{00000000-0000-0000-0000-000000000000},,,Start IWbemServices::ExecQuery - ROOT\WMI : SELECT * FROM BatteryFullChargedCapacity,Unknown,,,,,,0x80041010,NT AUTHORITY\SYSTEM,http://manifests.microsoft.com/win/2006/windows/WMI,
2026-07-09T05:52:09.756725Z,5858,dc.scaffold.htb,Microsoft-Windows-WMI-Activity,Microsoft-Windows-WMI-Activity/Operational,2870,2,,DC,2084,,Unknown,,,{00000000-0000-0000-0000-000000000000},,,Start IWbemServices::ExecQuery - ROOT\WMI : SELECT * FROM BatteryStaticData,Unknown,,,,,,0x80041010,NT AUTHORITY\SYSTEM,http://manifests.microsoft.com/win/2006/windows/WMI,
2026-07-09T05:52:09.966300Z,5857,dc.scaffold.htb,Microsoft-Windows-WMI-Activity,Microsoft-Windows-WMI-Activity/Operational,2871,0,,,,0x0,,,wmiprvse.exe,,,,,,4612,,Win32_WIN32_TERMINALSERVICE_Prov,%SystemRoot%\system32\tscfgwmi.dll,,,,http://manifests.microsoft.com/win/2006/windows/WMI,
2026-07-09T05:52:18.765802Z,5857,dc.scaffold.htb,Microsoft-Windows-WMI-Activity,Microsoft-Windows-WMI-Activity/Operational,2872,0,,,,0x0,,,wmiprvse.exe,,,,,,4612,,Microsoft|DSLDAPClassProvider|V1.0,%systemroot%\system32\wbem\dsprov.dll,,,,http://manifests.microsoft.com/win/2006/windows/WMI,
2026-07-09T05:52:20.201794Z,5857,dc.scaffold.htb,Microsoft-Windows-WMI-Activity,Microsoft-Windows-WMI-Activity/Operational,2873,0,,,,0x0,,,wmiprvse.exe,,,,,,4612,,Microsoft|DSLDAPInstanceProvider|V1.0,%systemroot%\system32\wbem\dsprov.dll,,,,http://manifests.microsoft.com/win/2006/windows/WMI,
2026-07-09T05:52:30.366731Z,5858,dc.scaffold.htb,Microsoft-Windows-WMI-Activity,Microsoft-Windows-WMI-Activity/Operational,2874,2,,DC,5988,,Unknown,,,{00000000-0000-0000-0000-000000000000},,,Start IWbemServices::ExecQuery - ROOT\CIMV2 : SELECT State FROM Win32_Service,Unknown,,,,,,0x80041032,NT AUTHORITY\SYSTEM,http://manifests.microsoft.com/win/2006/windows/WMI,
2026-07-09T05:52:30.581485Z,5858,dc.scaffold.htb,Microsoft-Windows-WMI-Activity,Microsoft-Windows-WMI-Activity/Operational,2875,2,,DC,5988,,Unknown,,,{00000000-0000-0000-0000-000000000000},,,"Start IWbemServices::ExecQuery - root\cimv2 : SELECT FreeSpace FROM Win32_LogicalDisk WHERE DeviceId = ""C:""",Unknown,,,,,,0x80041032,NT AUTHORITY\SYSTEM,http://manifests.microsoft.com/win/2006/windows/WMI,
2026-07-09T06:08:54.813276Z,5858,dc.scaffold.htb,Microsoft-Windows-WMI-Activity,Microsoft-Windows-WMI-Activity/Operational,2876,2,,DC,2396,,Unknown,,,{00000000-0000-0000-0000-000000000000},,,Start IWbemServices::ExecQuery - ROOT\CIMV2 : Select * from Win32_Process Where ProcessID = '1316',Unknown,,,,,,0x80041032,SCAFFOLD\Administrator,http://manifests.microsoft.com/win/2006/windows/WMI,
2026-07-09T06:08:54.853640Z,5858,dc.scaffold.htb,Microsoft-Windows-WMI-Activity,Microsoft-Windows-WMI-Activity/Operational,2877,2,,DC,2396,,Unknown,,,{00000000-0000-0000-0000-000000000000},,,Start IWbemServices::ExecQuery - ROOT\CIMV2 : Select * from Win32_Process Where ProcessID = '1332',Unknown,,,,,,0x80041032,SCAFFOLD\Administrator,http://manifests.microsoft.com/win/2006/windows/WMI,
2026-07-09T06:11:55.298712Z,5857,dc.scaffold.htb,Microsoft-Windows-WMI-Activity,Microsoft-Windows-WMI-Activity/Operational,2878,0,,,,0x0,,,wmiprvse.exe,,,,,,4256,,CIMWin32,%systemroot%\system32\wbem\cimwin32.dll,,,,http://manifests.microsoft.com/win/2006/windows/WMI,
2026-07-09T06:11:57.350036Z,5857,dc.scaffold.htb,Microsoft-Windows-WMI-Activity,Microsoft-Windows-WMI-Activity/Operational,2879,0,,,,0x0,,,wmiprvse.exe,,,,,,4500,,WMIProv,%systemroot%\system32\wbem\wmiprov.dll,,,,http://manifests.microsoft.com/win/2006/windows/WMI,
2026-07-09T06:11:57.579325Z,5858,dc.scaffold.htb,Microsoft-Windows-WMI-Activity,Microsoft-Windows-WMI-Activity/Operational,2880,2,,DC,3808,,Unknown,,,{00000000-0000-0000-0000-000000000000},,,Start IWbemServices::CreateInstanceEnum - root\wmi : MS_SM_AdapterInformationQuery,Unknown,,,,,,0x8004100c,NT AUTHORITY\SYSTEM,http://manifests.microsoft.com/win/2006/windows/WMI,
2026-07-09T06:11:57.592528Z,5858,dc.scaffold.htb,Microsoft-Windows-WMI-Activity,Microsoft-Windows-WMI-Activity/Operational,2881,2,,DC,3808,,Unknown,,,{00000000-0000-0000-0000-000000000000},,,Start IWbemServices::CreateInstanceEnum - root\wmi : MSiSCSI_PortalInfoClass,Unknown,,,,,,0x8004100c,NT AUTHORITY\SYSTEM,http://manifests.microsoft.com/win/2006/windows/WMI,
2026-07-09T06:12:14.371959Z,5857,dc.scaffold.htb,Microsoft-Windows-WMI-Activity,Microsoft-Windows-WMI-Activity/Operational,2882,0,,,,0x0,,,wmiprvse.exe,,,,,,4500,,WmiPerfClass,C:\Windows\System32\wbem\WmiPerfClass.dll,,,,http://manifests.microsoft.com/win/2006/windows/WMI,
2026-07-09T06:12:23.614134Z,5861,dc.scaffold.htb,Microsoft-Windows-WMI-Activity,Microsoft-Windows-WMI-Activity/Operational,2883,0,"NTEventLogEventConsumer=""SCM Event Log Consumer""",,,,,SCM Event Log Filter,,,//./root/subscription,,,"Binding EventFilter: 
instance of __EventFilter
{
	CreatorSID = {1, 2, 0, 0, 0, 0, 0, 5, 32, 0, 0, 0, 32, 2, 0, 0};
	EventNamespace = ""root\\cimv2"";
	Name = ""SCM Event Log Filter"";
	Query = ""select * from MSFT_SCMEventLogEvent"";
	QueryLanguage = ""WQL"";
};
Perm. Consumer: 
instance of NTEventLogEventConsumer
{
	Category = 0;
	CreatorSID = {1, 2, 0, 0, 0, 0, 0, 5, 32, 0, 0, 0, 32, 2, 0, 0};
	EventType = 1;
	Name = ""SCM Event Log Consumer"";
	NameOfUserSIDProperty = ""sid"";
	SourceName = ""Service Control Manager"";
};
",,,,,,,,http://manifests.microsoft.com/win/2006/windows/WMI,
2026-07-09T06:12:23.751737Z,5859,dc.scaffold.htb,SCM Event Provider,Microsoft-Windows-WMI-Activity/Operational,2884,0,,,,,,,,,,//./root/CIMV2,,Permanent,,2104,,,select * from MSFT_SCMEventLogEvent,,S-1-5-32-544,http://manifests.microsoft.com/win/2006/windows/WMI,0
2026-07-09T06:12:23.768299Z,5857,dc.scaffold.htb,Microsoft-Windows-WMI-Activity,Microsoft-Windows-WMI-Activity/Operational,2885,0,,,,0x0,,,wmiprvse.exe,,,,,,2104,,WMI Kernel Trace Event Provider,C:\Windows\System32\wbem\krnlprov.dll,,,,http://manifests.microsoft.com/win/2006/windows/WMI,
2026-07-09T06:12:23.773814Z,5860,dc.scaffold.htb,Microsoft-Windows-WMI-Activity,Microsoft-Windows-WMI-Activity/Operational,2886,0,,DC,,,,,,,,ROOT\CIMV2,,Temporary,,676,,,SELECT * FROM Win32_ProcessStartTrace WHERE ProcessName = 'wsmprovhost.exe',,NT AUTHORITY\SYSTEM,http://manifests.microsoft.com/win/2006/windows/WMI,
2026-07-09T06:12:32.562983Z,5858,dc.scaffold.htb,Microsoft-Windows-WMI-Activity,Microsoft-Windows-WMI-Activity/Operational,2887,2,,DC,2588,,Unknown,,,{00000000-0000-0000-0000-000000000000},,,Start IWbemServices::ExecQuery - ROOT\CIMV2 : Select * from Win32_Process Where ProcessID = '2908',Unknown,,,,,,0x80041032,SCAFFOLD\Administrator,http://manifests.microsoft.com/win/2006/windows/WMI,
2026-07-09T06:12:36.256074Z,5857,dc.scaffold.htb,Microsoft-Windows-WMI-Activity,Microsoft-Windows-WMI-Activity/Operational,2888,0,,,,0x0,,,wmiprvse.exe,,,,,,4256,,MS_NT_EVENTLOG_PROVIDER,%systemroot%\system32\wbem\ntevt.dll,,,,http://manifests.microsoft.com/win/2006/windows/WMI,
2026-07-09T06:12:53.287479Z,5857,dc.scaffold.htb,Microsoft-Windows-WMI-Activity,Microsoft-Windows-WMI-Activity/Operational,2889,0,,,,0x0,,,wmiprvse.exe,,,,,,4256,,CIMWin32a,%systemroot%\system32\wbem\wmipcima.dll,,,,http://manifests.microsoft.com/win/2006/windows/WMI,
2026-07-09T06:12:53.560660Z,5858,dc.scaffold.htb,Microsoft-Windows-WMI-Activity,Microsoft-Windows-WMI-Activity/Operational,2890,2,,DC,5160,,Unknown,,,{00000000-0000-0000-0000-000000000000},,,"Start IWbemServices::ExecQuery - ROOT\CIMV2 : SELECT Manufacturer, Product FROM Win32_BaseBoard",Unknown,,,,,,0x80041032,NT AUTHORITY\NETWORK SERVICE,http://manifests.microsoft.com/win/2006/windows/WMI,
2026-07-09T06:14:25.575832Z,5858,dc.scaffold.htb,Microsoft-Windows-WMI-Activity,Microsoft-Windows-WMI-Activity/Operational,2891,2,,DC,4556,,Unknown,,,{00000000-0000-0000-0000-000000000000},,,Start IWbemServices::ExecQuery - root\cimv2 : SELECT * FROM Win32_ComputerSystemProduct,Unknown,,,,,,0x80041032,NT AUTHORITY\SYSTEM,http://manifests.microsoft.com/win/2006/windows/WMI,
2026-07-09T06:14:25.610593Z,5858,dc.scaffold.htb,Microsoft-Windows-WMI-Activity,Microsoft-Windows-WMI-Activity/Operational,2892,2,,DC,4556,,Unknown,,,{00000000-0000-0000-0000-000000000000},,,Start IWbemServices::ExecQuery - root\cimv2 : SELECT * FROM Win32_ComputerSystemProduct,Unknown,,,,,,0x80041032,NT AUTHORITY\SYSTEM,http://manifests.microsoft.com/win/2006/windows/WMI,
2026-07-09T06:14:25.619017Z,5858,dc.scaffold.htb,Microsoft-Windows-WMI-Activity,Microsoft-Windows-WMI-Activity/Operational,2893,2,,DC,4556,,Unknown,,,{00000000-0000-0000-0000-000000000000},,,Start IWbemServices::ExecQuery - root\cimv2 : SELECT * FROM Win32_ComputerSystemProduct,Unknown,,,,,,0x80041032,NT AUTHORITY\SYSTEM,http://manifests.microsoft.com/win/2006/windows/WMI,
2026-07-09T06:14:25.678708Z,5858,dc.scaffold.htb,Microsoft-Windows-WMI-Activity,Microsoft-Windows-WMI-Activity/Operational,2894,2,,DC,4556,,Unknown,,,{00000000-0000-0000-0000-000000000000},,,Start IWbemServices::ExecQuery - root\cimv2 : SELECT * FROM Win32_ComputerSystem,Unknown,,,,,,0x80041032,NT AUTHORITY\SYSTEM,http://manifests.microsoft.com/win/2006/windows/WMI,
2026-07-09T06:14:25.728490Z,5858,dc.scaffold.htb,Microsoft-Windows-WMI-Activity,Microsoft-Windows-WMI-Activity/Operational,2895,2,,DC,4556,,Unknown,,,{00000000-0000-0000-0000-000000000000},,,Start IWbemServices::ExecQuery - root\cimv2 : SELECT * FROM Win32_OperatingSystem,Unknown,,,,,,0x80041032,NT AUTHORITY\SYSTEM,http://manifests.microsoft.com/win/2006/windows/WMI,
2026-07-09T06:14:27.765048Z,5857,dc.scaffold.htb,Microsoft-Windows-WMI-Activity,Microsoft-Windows-WMI-Activity/Operational,2896,0,,,,0x0,,,wmiprvse.exe,,,,,,2180,,NetAdapterCim,%systemroot%\system32\wbem\NetAdapterCim.dll,,,,http://manifests.microsoft.com/win/2006/windows/WMI,
2026-07-09T06:14:28.653089Z,5857,dc.scaffold.htb,Microsoft-Windows-WMI-Activity,Microsoft-Windows-WMI-Activity/Operational,2897,0,,,,0x0,,,wmiprvse.exe,,,,,,5468,,dnsclientcim,%SYSTEMROOT%\System32\wbem\dnsclientcim.dll,,,,http://manifests.microsoft.com/win/2006/windows/WMI,
2026-07-09T06:14:41.028376Z,5858,dc.scaffold.htb,Microsoft-Windows-WMI-Activity,Microsoft-Windows-WMI-Activity/Operational,2898,2,,DC,676,,Unknown,,,{CBD391AF-0F69-0000-A695-D3CB690FDD01},,,Start IWbemServices::ExecNotificationQuery - ROOT\CIMV2 : SELECT * FROM Win32_ProcessStartTrace WHERE ProcessName = 'wsmprovhost.exe',Unknown,,,,,,0x80041032,NT AUTHORITY\SYSTEM,http://manifests.microsoft.com/win/2006/windows/WMI,
2026-07-09T21:18:42.656717Z,5857,dc.scaffold.htb,Microsoft-Windows-WMI-Activity,Microsoft-Windows-WMI-Activity/Operational,2899,0,,,,0x0,,,wmiprvse.exe,,,,,,4480,,CIMWin32,%systemroot%\system32\wbem\cimwin32.dll,,,,http://manifests.microsoft.com/win/2006/windows/WMI,
2026-07-09T21:18:44.027390Z,5857,dc.scaffold.htb,Microsoft-Windows-WMI-Activity,Microsoft-Windows-WMI-Activity/Operational,2900,0,,,,0x0,,,wmiprvse.exe,,,,,,4488,,WMIProv,%systemroot%\system32\wbem\wmiprov.dll,,,,http://manifests.microsoft.com/win/2006/windows/WMI,
2026-07-09T21:18:44.093149Z,5858,dc.scaffold.htb,Microsoft-Windows-WMI-Activity,Microsoft-Windows-WMI-Activity/Operational,2901,2,,DC,3860,,Unknown,,,{00000000-0000-0000-0000-000000000000},,,Start IWbemServices::CreateInstanceEnum - root\wmi : MS_SM_AdapterInformationQuery,Unknown,,,,,,0x8004100c,NT AUTHORITY\SYSTEM,http://manifests.microsoft.com/win/2006/windows/WMI,
2026-07-09T21:18:44.109099Z,5858,dc.scaffold.htb,Microsoft-Windows-WMI-Activity,Microsoft-Windows-WMI-Activity/Operational,2902,2,,DC,3860,,Unknown,,,{00000000-0000-0000-0000-000000000000},,,Start IWbemServices::CreateInstanceEnum - root\wmi : MSiSCSI_PortalInfoClass,Unknown,,,,,,0x8004100c,NT AUTHORITY\SYSTEM,http://manifests.microsoft.com/win/2006/windows/WMI,
2026-07-09T21:18:59.437152Z,5857,dc.scaffold.htb,Microsoft-Windows-WMI-Activity,Microsoft-Windows-WMI-Activity/Operational,2903,0,,,,0x0,,,wmiprvse.exe,,,,,,4488,,WmiPerfClass,C:\Windows\System32\wbem\WmiPerfClass.dll,,,,http://manifests.microsoft.com/win/2006/windows/WMI,
2026-07-09T21:19:20.036223Z,5857,dc.scaffold.htb,Microsoft-Windows-WMI-Activity,Microsoft-Windows-WMI-Activity/Operational,2904,0,,,,0x0,,,wmiprvse.exe,,,,,,4480,,MS_NT_EVENTLOG_PROVIDER,%systemroot%\system32\wbem\ntevt.dll,,,,http://manifests.microsoft.com/win/2006/windows/WMI,
2026-07-09T21:19:30.441956Z,5857,dc.scaffold.htb,Microsoft-Windows-WMI-Activity,Microsoft-Windows-WMI-Activity/Operational,2905,0,,,,0x0,,,wmiprvse.exe,,,,,,4480,,CIMWin32a,%systemroot%\system32\wbem\wmipcima.dll,,,,http://manifests.microsoft.com/win/2006/windows/WMI,
2026-07-09T21:20:09.604189Z,5857,dc.scaffold.htb,Microsoft-Windows-WMI-Activity,Microsoft-Windows-WMI-Activity/Operational,2906,0,,,,0x0,,,wmiprvse.exe,,,,,,4480,,mgmtprovider,%systemroot%\system32\wbem\mgmtprovider.dll,,,,http://manifests.microsoft.com/win/2006/windows/WMI,
2026-07-09T21:20:09.721865Z,5857,dc.scaffold.htb,Microsoft-Windows-WMI-Activity,Microsoft-Windows-WMI-Activity/Operational,2907,0,,,,0x0,,,wmiprvse.exe,,,,,,6820,,NetAdapterCim,%systemroot%\system32\wbem\NetAdapterCim.dll,,,,http://manifests.microsoft.com/win/2006/windows/WMI,
2026-07-09T21:20:09.867258Z,5857,dc.scaffold.htb,Microsoft-Windows-WMI-Activity,Microsoft-Windows-WMI-Activity/Operational,2908,0,,,,0x0,,,wmiprvse.exe,,,,,,4480,,nettcpip,%systemroot%\system32\wbem\NetTCPIP.dll,,,,http://manifests.microsoft.com/win/2006/windows/WMI,
2026-07-09T21:20:13.040200Z,5857,dc.scaffold.htb,Microsoft-Windows-WMI-Activity,Microsoft-Windows-WMI-Activity/Operational,2909,0,,,,0x0,,,wmiprvse.exe,,,,,,6928,,deploymentprovider,%systemroot%\system32\wbem\ServerManager.DeploymentProvider.dll,,,,http://manifests.microsoft.com/win/2006/windows/WMI,
2026-07-09T21:20:19.193773Z,5861,dc.scaffold.htb,Microsoft-Windows-WMI-Activity,Microsoft-Windows-WMI-Activity/Operational,2910,0,"NTEventLogEventConsumer=""SCM Event Log Consumer""",,,,,SCM Event Log Filter,,,//./root/subscription,,,"Binding EventFilter: 
instance of __EventFilter
{
	CreatorSID = {1, 2, 0, 0, 0, 0, 0, 5, 32, 0, 0, 0, 32, 2, 0, 0};
	EventNamespace = ""root\\cimv2"";
	Name = ""SCM Event Log Filter"";
	Query = ""select * from MSFT_SCMEventLogEvent"";
	QueryLanguage = ""WQL"";
};
Perm. Consumer: 
instance of NTEventLogEventConsumer
{
	Category = 0;
	CreatorSID = {1, 2, 0, 0, 0, 0, 0, 5, 32, 0, 0, 0, 32, 2, 0, 0};
	EventType = 1;
	Name = ""SCM Event Log Consumer"";
	NameOfUserSIDProperty = ""sid"";
	SourceName = ""Service Control Manager"";
};
",,,,,,,,http://manifests.microsoft.com/win/2006/windows/WMI,
2026-07-09T21:20:19.248861Z,5859,dc.scaffold.htb,SCM Event Provider,Microsoft-Windows-WMI-Activity/Operational,2911,0,,,,,,,,,,//./root/CIMV2,,Permanent,,3172,,,select * from MSFT_SCMEventLogEvent,,S-1-5-32-544,http://manifests.microsoft.com/win/2006/windows/WMI,0
2026-07-09T21:20:23.760579Z,5858,dc.scaffold.htb,Microsoft-Windows-WMI-Activity,Microsoft-Windows-WMI-Activity/Operational,2912,2,,DC,6284,,Provider,,,{A9118155-6AC2-445B-BAEE-72F60760E43A},,,Start IWbemServices::ExecMethod - root\microsoft\windows\servermanager : MSFT_ServerManagerTasks::GetServerFeature,Unknown,,,,,,0x80041001,SCAFFOLD\Administrator,http://manifests.microsoft.com/win/2006/windows/WMI,
2026-07-09T21:20:48.677584Z,5858,dc.scaffold.htb,Microsoft-Windows-WMI-Activity,Microsoft-Windows-WMI-Activity/Operational,2913,2,,DC,2864,,Unknown,,,{00000000-0000-0000-0000-000000000000},,,Start IWbemServices::ExecQuery - ROOT\CCM : select ClientId from CCM_Client,Unknown,,,,,,0x80041010,NT AUTHORITY\SYSTEM,http://manifests.microsoft.com/win/2006/windows/WMI,
2026-07-09T21:20:48.750722Z,5857,dc.scaffold.htb,Microsoft-Windows-WMI-Activity,Microsoft-Windows-WMI-Activity/Operational,2914,0,,,,0x0,,,wmiprvse.exe,,,,,,4480,,Win32_TpmProvider,C:\Windows\System32\wbem\Win32_TPM.dll,,,,http://manifests.microsoft.com/win/2006/windows/WMI,
2026-07-09T21:21:00.766020Z,5858,dc.scaffold.htb,Microsoft-Windows-WMI-Activity,Microsoft-Windows-WMI-Activity/Operational,2915,2,,DC,3968,,Unknown,,,{00000000-0000-0000-0000-000000000000},,,Start IWbemServices::ExecQuery - ROOT\CCM : select ClientId from CCM_Client,Unknown,,,,,,0x80041010,NT AUTHORITY\SYSTEM,http://manifests.microsoft.com/win/2006/windows/WMI,
2026-07-09T21:21:04.781489Z,5858,dc.scaffold.htb,Microsoft-Windows-WMI-Activity,Microsoft-Windows-WMI-Activity/Operational,2916,2,,DC,5008,,Unknown,,,{00000000-0000-0000-0000-000000000000},,,Start IWbemServices::ExecQuery - root\cimv2 : SELECT * FROM Win32_ComputerSystemProduct,Unknown,,,,,,0x80041032,NT AUTHORITY\SYSTEM,http://manifests.microsoft.com/win/2006/windows/WMI,
2026-07-09T21:21:04.785671Z,5858,dc.scaffold.htb,Microsoft-Windows-WMI-Activity,Microsoft-Windows-WMI-Activity/Operational,2917,2,,DC,5008,,Unknown,,,{00000000-0000-0000-0000-000000000000},,,Start IWbemServices::ExecQuery - root\cimv2 : SELECT * FROM Win32_ComputerSystemProduct,Unknown,,,,,,0x80041032,NT AUTHORITY\SYSTEM,http://manifests.microsoft.com/win/2006/windows/WMI,
2026-09-01T21:46:24.665726Z,5857,dc.scaffold.htb,Microsoft-Windows-WMI-Activity,Microsoft-Windows-WMI-Activity/Operational,2918,0,,,,0x0,,,wmiprvse.exe,,,,,,4616,,CIMWin32,%systemroot%\system32\wbem\cimwin32.dll,,,,http://manifests.microsoft.com/win/2006/windows/WMI,
2026-09-01T21:46:26.833078Z,5857,dc.scaffold.htb,Microsoft-Windows-WMI-Activity,Microsoft-Windows-WMI-Activity/Operational,2919,0,,,,0x0,,,wmiprvse.exe,,,,,,4632,,WMIProv,%systemroot%\system32\wbem\wmiprov.dll,,,,http://manifests.microsoft.com/win/2006/windows/WMI,
2026-09-01T21:46:26.862416Z,5858,dc.scaffold.htb,Microsoft-Windows-WMI-Activity,Microsoft-Windows-WMI-Activity/Operational,2920,2,,DC,3768,,Unknown,,,{00000000-0000-0000-0000-000000000000},,,Start IWbemServices::CreateInstanceEnum - root\wmi : MS_SM_AdapterInformationQuery,Unknown,,,,,,0x8004100c,NT AUTHORITY\SYSTEM,http://manifests.microsoft.com/win/2006/windows/WMI,
2026-09-01T21:46:27.168685Z,5858,dc.scaffold.htb,Microsoft-Windows-WMI-Activity,Microsoft-Windows-WMI-Activity/Operational,2921,2,,DC,3768,,Unknown,,,{00000000-0000-0000-0000-000000000000},,,Start IWbemServices::CreateInstanceEnum - root\wmi : MSiSCSI_PortalInfoClass,Unknown,,,,,,0x8004100c,NT AUTHORITY\SYSTEM,http://manifests.microsoft.com/win/2006/windows/WMI,
2026-09-01T21:46:40.969368Z,5857,dc.scaffold.htb,Microsoft-Windows-WMI-Activity,Microsoft-Windows-WMI-Activity/Operational,2922,0,,,,0x0,,,wmiprvse.exe,,,,,,4632,,WmiPerfClass,C:\Windows\System32\wbem\WmiPerfClass.dll,,,,http://manifests.microsoft.com/win/2006/windows/WMI,
2026-09-01T21:46:46.588245Z,5857,dc.scaffold.htb,Microsoft-Windows-WMI-Activity,Microsoft-Windows-WMI-Activity/Operational,2923,0,,,,0x0,,,wmiprvse.exe,,,,,,4616,,CIMWin32a,%systemroot%\system32\wbem\wmipcima.dll,,,,http://manifests.microsoft.com/win/2006/windows/WMI,
2026-09-01T21:47:01.579636Z,5857,dc.scaffold.htb,Microsoft-Windows-WMI-Activity,Microsoft-Windows-WMI-Activity/Operational,2924,0,,,,0x0,,,wmiprvse.exe,,,,,,4616,,MS_NT_EVENTLOG_PROVIDER,%systemroot%\system32\wbem\ntevt.dll,,,,http://manifests.microsoft.com/win/2006/windows/WMI,
2026-09-01T21:47:16.632500Z,5858,dc.scaffold.htb,Microsoft-Windows-WMI-Activity,Microsoft-Windows-WMI-Activity/Operational,2925,2,,DC,5528,,Unknown,,,{00000000-0000-0000-0000-000000000000},,,"Start IWbemServices::ExecQuery - ROOT\CIMV2 : SELECT Manufacturer, Product FROM Win32_BaseBoard",Unknown,,,,,,0x80041032,NT AUTHORITY\NETWORK SERVICE,http://manifests.microsoft.com/win/2006/windows/WMI,
2026-09-01T21:47:56.225328Z,5861,dc.scaffold.htb,Microsoft-Windows-WMI-Activity,Microsoft-Windows-WMI-Activity/Operational,2926,0,"NTEventLogEventConsumer=""SCM Event Log Consumer""",,,,,SCM Event Log Filter,,,//./root/subscription,,,"Binding EventFilter: 
instance of __EventFilter
{
	CreatorSID = {1, 2, 0, 0, 0, 0, 0, 5, 32, 0, 0, 0, 32, 2, 0, 0};
	EventNamespace = ""root\\cimv2"";
	Name = ""SCM Event Log Filter"";
	Query = ""select * from MSFT_SCMEventLogEvent"";
	QueryLanguage = ""WQL"";
};
Perm. Consumer: 
instance of NTEventLogEventConsumer
{
	Category = 0;
	CreatorSID = {1, 2, 0, 0, 0, 0, 0, 5, 32, 0, 0, 0, 32, 2, 0, 0};
	EventType = 1;
	Name = ""SCM Event Log Consumer"";
	NameOfUserSIDProperty = ""sid"";
	SourceName = ""Service Control Manager"";
};
",,,,,,,,http://manifests.microsoft.com/win/2006/windows/WMI,
2026-09-01T21:47:56.284584Z,5859,dc.scaffold.htb,SCM Event Provider,Microsoft-Windows-WMI-Activity/Operational,2927,0,,,,,,,,,,//./root/CIMV2,,Permanent,,3124,,,select * from MSFT_SCMEventLogEvent,,S-1-5-32-544,http://manifests.microsoft.com/win/2006/windows/WMI,0
2026-09-01T21:48:37.126463Z,5858,dc.scaffold.htb,Microsoft-Windows-WMI-Activity,Microsoft-Windows-WMI-Activity/Operational,2928,2,,DC,4716,,Unknown,,,{00000000-0000-0000-0000-000000000000},,,Start IWbemServices::ExecQuery - root\cimv2 : SELECT * FROM Win32_ComputerSystemProduct,Unknown,,,,,,0x80041032,NT AUTHORITY\SYSTEM,http://manifests.microsoft.com/win/2006/windows/WMI,
2026-09-01T21:48:37.191476Z,5858,dc.scaffold.htb,Microsoft-Windows-WMI-Activity,Microsoft-Windows-WMI-Activity/Operational,2929,2,,DC,4716,,Unknown,,,{00000000-0000-0000-0000-000000000000},,,Start IWbemServices::ExecQuery - root\cimv2 : SELECT * FROM Win32_OperatingSystem,Unknown,,,,,,0x80041032,NT AUTHORITY\SYSTEM,http://manifests.microsoft.com/win/2006/windows/WMI,
2026-09-01T21:51:25.085557Z,5857,dc.scaffold.htb,Microsoft-Windows-WMI-Activity,Microsoft-Windows-WMI-Activity/Operational,2930,0,,,,0x0,,,wmiprvse.exe,,,,,,4616,,mgmtprovider,%systemroot%\system32\wbem\mgmtprovider.dll,,,,http://manifests.microsoft.com/win/2006/windows/WMI,
2026-09-01T21:51:25.219201Z,5857,dc.scaffold.htb,Microsoft-Windows-WMI-Activity,Microsoft-Windows-WMI-Activity/Operational,2931,0,,,,0x0,,,wmiprvse.exe,,,,,,6544,,NetAdapterCim,%systemroot%\system32\wbem\NetAdapterCim.dll,,,,http://manifests.microsoft.com/win/2006/windows/WMI,
2026-09-01T21:51:25.323455Z,5857,dc.scaffold.htb,Microsoft-Windows-WMI-Activity,Microsoft-Windows-WMI-Activity/Operational,2932,0,,,,0x0,,,wmiprvse.exe,,,,,,4616,,nettcpip,%systemroot%\system32\wbem\NetTCPIP.dll,,,,http://manifests.microsoft.com/win/2006/windows/WMI,
2026-09-01T21:51:28.494606Z,5857,dc.scaffold.htb,Microsoft-Windows-WMI-Activity,Microsoft-Windows-WMI-Activity/Operational,2933,0,,,,0x0,,,wmiprvse.exe,,,,,,6604,,deploymentprovider,%systemroot%\system32\wbem\ServerManager.DeploymentProvider.dll,,,,http://manifests.microsoft.com/win/2006/windows/WMI,
2026-09-01T21:51:39.082609Z,5858,dc.scaffold.htb,Microsoft-Windows-WMI-Activity,Microsoft-Windows-WMI-Activity/Operational,2934,2,,DC,1844,,Provider,,,{F602CCBE-7FB6-4808-867F-C82CEE0C4A05},,,Start IWbemServices::ExecMethod - root\microsoft\windows\servermanager : MSFT_ServerManagerTasks::GetServerFeature,Unknown,,,,,,0x80041001,SCAFFOLD\Administrator,http://manifests.microsoft.com/win/2006/windows/WMI,
2026-09-01T21:52:29.068089Z,5857,dc.scaffold.htb,Microsoft-Windows-WMI-Activity,Microsoft-Windows-WMI-Activity/Operational,2935,0,,,,0x0,,,wmiprvse.exe,,,,,,4616,,ServerFeatureProvider,%windir%\system32\wbem\servercompprov.dll,,,,http://manifests.microsoft.com/win/2006/windows/WMI,
2026-09-01T21:52:34.046317Z,5858,dc.scaffold.htb,Microsoft-Windows-WMI-Activity,Microsoft-Windows-WMI-Activity/Operational,2936,2,,DC,2672,,Unknown,,,{00000000-0000-0000-0000-000000000000},,,Start IWbemServices::ExecQuery - ROOT\CIMV2 : SELECT ID FROM Win32_ServerFeature,Unknown,,,,,,0x80041032,NT AUTHORITY\SYSTEM,http://manifests.microsoft.com/win/2006/windows/WMI,
2026-09-01T21:52:34.075260Z,5858,dc.scaffold.htb,Microsoft-Windows-WMI-Activity,Microsoft-Windows-WMI-Activity/Operational,2937,2,,DC,2672,,Unknown,,,{00000000-0000-0000-0000-000000000000},,,Start IWbemServices::ExecQuery - ROOT\CCM : select ClientId from CCM_Client,Unknown,,,,,,0x80041010,NT AUTHORITY\SYSTEM,http://manifests.microsoft.com/win/2006/windows/WMI,
2026-09-01T21:52:34.149693Z,5857,dc.scaffold.htb,Microsoft-Windows-WMI-Activity,Microsoft-Windows-WMI-Activity/Operational,2938,0,,,,0x0,,,wmiprvse.exe,,,,,,4616,,Win32_TpmProvider,C:\Windows\System32\wbem\Win32_TPM.dll,,,,http://manifests.microsoft.com/win/2006/windows/WMI,
2026-09-01T21:52:35.101229Z,5857,dc.scaffold.htb,Microsoft-Windows-WMI-Activity,Microsoft-Windows-WMI-Activity/Operational,2939,0,,,,0x0,,,wmiprvse.exe,,,,,,4616,,Win32_DeviceGuard,%SystemRoot%\System32\Win32_DeviceGuard.dll,,,,http://manifests.microsoft.com/win/2006/windows/WMI,
2026-09-01T21:52:35.169226Z,5857,dc.scaffold.htb,Microsoft-Windows-WMI-Activity,Microsoft-Windows-WMI-Activity/Operational,2940,0,,,,0x0,,,wmiprvse.exe,,,,,,4616,,DeliveryOptimizationMIProv,%SystemRoot%\system32\domgmt.dll,,,,http://manifests.microsoft.com/win/2006/windows/WMI,
2026-09-01T21:52:35.193145Z,5858,dc.scaffold.htb,Microsoft-Windows-WMI-Activity,Microsoft-Windows-WMI-Activity/Operational,2941,2,,DC,2672,,Unknown,,,{00000000-0000-0000-0000-000000000000},,,"Start IWbemServices::ExecQuery - root\Microsoft\Windows\DeliveryOptimization : SELECT DownloadMode, DownloadModeProvider FROM MSFT_DeliveryOptimizationConfig",Unknown,,,,,,0x80041032,NT AUTHORITY\SYSTEM,http://manifests.microsoft.com/win/2006/windows/WMI,
2026-09-01T22:01:25.226541Z,5857,dc.scaffold.htb,Microsoft-Windows-WMI-Activity,Microsoft-Windows-WMI-Activity/Operational,2942,0,,,,0x0,,,wmiprvse.exe,,,,,,4616,,mgmtprovider,%systemroot%\system32\wbem\mgmtprovider.dll,,,,http://manifests.microsoft.com/win/2006/windows/WMI,
2026-09-01T22:01:25.317932Z,5857,dc.scaffold.htb,Microsoft-Windows-WMI-Activity,Microsoft-Windows-WMI-Activity/Operational,2943,0,,,,0x0,,,wmiprvse.exe,,,,,,4128,,NetAdapterCim,%systemroot%\system32\wbem\NetAdapterCim.dll,,,,http://manifests.microsoft.com/win/2006/windows/WMI,
2026-09-01T22:01:25.435555Z,5857,dc.scaffold.htb,Microsoft-Windows-WMI-Activity,Microsoft-Windows-WMI-Activity/Operational,2944,0,,,,0x0,,,wmiprvse.exe,,,,,,4616,,nettcpip,%systemroot%\system32\wbem\NetTCPIP.dll,,,,http://manifests.microsoft.com/win/2006/windows/WMI,
2026-09-01T22:01:27.501825Z,5857,dc.scaffold.htb,Microsoft-Windows-WMI-Activity,Microsoft-Windows-WMI-Activity/Operational,2945,0,,,,0x0,,,wmiprvse.exe,,,,,,4260,,deploymentprovider,%systemroot%\system32\wbem\ServerManager.DeploymentProvider.dll,,,,http://manifests.microsoft.com/win/2006/windows/WMI,
2026-09-01T22:01:38.223545Z,5858,dc.scaffold.htb,Microsoft-Windows-WMI-Activity,Microsoft-Windows-WMI-Activity/Operational,2946,2,,DC,1844,,Provider,,,{8EAAAB27-1ACF-4F07-A1E1-77FFF2931B77},,,Start IWbemServices::ExecMethod - root\microsoft\windows\servermanager : MSFT_ServerManagerTasks::GetServerFeature,Unknown,,,,,,0x80041001,SCAFFOLD\Administrator,http://manifests.microsoft.com/win/2006/windows/WMI,
2026-09-01T22:04:26.499420Z,5858,dc.scaffold.htb,Microsoft-Windows-WMI-Activity,Microsoft-Windows-WMI-Activity/Operational,2947,2,,DC,5784,,Unknown,,,{00000000-0000-0000-0000-000000000000},,,"Start IWbemServices::ExecQuery - ROOT\CIMV2 : SELECT Manufacturer, Product FROM Win32_BaseBoard",Unknown,,,,,,0x80041032,NT AUTHORITY\NETWORK SERVICE,http://manifests.microsoft.com/win/2006/windows/WMI,
2026-09-01T23:51:20.559590Z,5857,dc.scaffold.htb,Microsoft-Windows-WMI-Activity,Microsoft-Windows-WMI-Activity/Operational,2948,0,,,,0x0,,,wmiprvse.exe,,,,,,4536,,CIMWin32,%systemroot%\system32\wbem\cimwin32.dll,,,,http://manifests.microsoft.com/win/2006/windows/WMI,
2026-09-01T23:51:22.983288Z,5857,dc.scaffold.htb,Microsoft-Windows-WMI-Activity,Microsoft-Windows-WMI-Activity/Operational,2949,0,,,,0x0,,,wmiprvse.exe,,,,,,4656,,WMIProv,%systemroot%\system32\wbem\wmiprov.dll,,,,http://manifests.microsoft.com/win/2006/windows/WMI,
2026-09-01T23:51:23.025641Z,5858,dc.scaffold.htb,Microsoft-Windows-WMI-Activity,Microsoft-Windows-WMI-Activity/Operational,2950,2,,DC,3848,,Unknown,,,{00000000-0000-0000-0000-000000000000},,,Start IWbemServices::CreateInstanceEnum - root\wmi : MS_SM_AdapterInformationQuery,Unknown,,,,,,0x8004100c,NT AUTHORITY\SYSTEM,http://manifests.microsoft.com/win/2006/windows/WMI,
2026-09-01T23:51:23.059244Z,5858,dc.scaffold.htb,Microsoft-Windows-WMI-Activity,Microsoft-Windows-WMI-Activity/Operational,2951,2,,DC,3848,,Unknown,,,{00000000-0000-0000-0000-000000000000},,,Start IWbemServices::CreateInstanceEnum - root\wmi : MSiSCSI_PortalInfoClass,Unknown,,,,,,0x8004100c,NT AUTHORITY\SYSTEM,http://manifests.microsoft.com/win/2006/windows/WMI,
2026-09-01T23:51:37.613274Z,5857,dc.scaffold.htb,Microsoft-Windows-WMI-Activity,Microsoft-Windows-WMI-Activity/Operational,2952,0,,,,0x0,,,wmiprvse.exe,,,,,,4536,,CIMWin32a,%systemroot%\system32\wbem\wmipcima.dll,,,,http://manifests.microsoft.com/win/2006/windows/WMI,
2026-09-01T23:51:38.756058Z,5857,dc.scaffold.htb,Microsoft-Windows-WMI-Activity,Microsoft-Windows-WMI-Activity/Operational,2953,0,,,,0x0,,,wmiprvse.exe,,,,,,4656,,WmiPerfClass,C:\Windows\System32\wbem\WmiPerfClass.dll,,,,http://manifests.microsoft.com/win/2006/windows/WMI,
2026-09-01T23:51:48.207298Z,5858,dc.scaffold.htb,Microsoft-Windows-WMI-Activity,Microsoft-Windows-WMI-Activity/Operational,2954,2,,DC,5256,,Unknown,,,{00000000-0000-0000-0000-000000000000},,,"Start IWbemServices::ExecQuery - ROOT\CIMV2 : SELECT Manufacturer, Product FROM Win32_BaseBoard",Unknown,,,,,,0x80041032,NT AUTHORITY\NETWORK SERVICE,http://manifests.microsoft.com/win/2006/windows/WMI,
2026-09-01T23:51:59.360849Z,5857,dc.scaffold.htb,Microsoft-Windows-WMI-Activity,Microsoft-Windows-WMI-Activity/Operational,2955,0,,,,0x0,,,wmiprvse.exe,,,,,,4536,,MS_NT_EVENTLOG_PROVIDER,%systemroot%\system32\wbem\ntevt.dll,,,,http://manifests.microsoft.com/win/2006/windows/WMI,
2026-09-01T23:52:58.213718Z,5861,dc.scaffold.htb,Microsoft-Windows-WMI-Activity,Microsoft-Windows-WMI-Activity/Operational,2956,0,"NTEventLogEventConsumer=""SCM Event Log Consumer""",,,,,SCM Event Log Filter,,,//./root/subscription,,,"Binding EventFilter: 
instance of __EventFilter
{
	CreatorSID = {1, 2, 0, 0, 0, 0, 0, 5, 32, 0, 0, 0, 32, 2, 0, 0};
	EventNamespace = ""root\\cimv2"";
	Name = ""SCM Event Log Filter"";
	Query = ""select * from MSFT_SCMEventLogEvent"";
	QueryLanguage = ""WQL"";
};
Perm. Consumer: 
instance of NTEventLogEventConsumer
{
	Category = 0;
	CreatorSID = {1, 2, 0, 0, 0, 0, 0, 5, 32, 0, 0, 0, 32, 2, 0, 0};
	EventType = 1;
	Name = ""SCM Event Log Consumer"";
	NameOfUserSIDProperty = ""sid"";
	SourceName = ""Service Control Manager"";
};
",,,,,,,,http://manifests.microsoft.com/win/2006/windows/WMI,
2026-09-01T23:52:58.285546Z,5859,dc.scaffold.htb,SCM Event Provider,Microsoft-Windows-WMI-Activity/Operational,2957,0,,,,,,,,,,//./root/CIMV2,,Permanent,,3108,,,select * from MSFT_SCMEventLogEvent,,S-1-5-32-544,http://manifests.microsoft.com/win/2006/windows/WMI,0
2026-09-01T23:52:59.648952Z,5857,dc.scaffold.htb,Microsoft-Windows-WMI-Activity,Microsoft-Windows-WMI-Activity/Operational,2958,0,,,,0x0,,,wmiprvse.exe,,,,,,4536,,mgmtprovider,%systemroot%\system32\wbem\mgmtprovider.dll,,,,http://manifests.microsoft.com/win/2006/windows/WMI,
2026-09-01T23:52:59.755085Z,5857,dc.scaffold.htb,Microsoft-Windows-WMI-Activity,Microsoft-Windows-WMI-Activity/Operational,2959,0,,,,0x0,,,wmiprvse.exe,,,,,,6692,,NetAdapterCim,%systemroot%\system32\wbem\NetAdapterCim.dll,,,,http://manifests.microsoft.com/win/2006/windows/WMI,
2026-09-01T23:52:59.899075Z,5857,dc.scaffold.htb,Microsoft-Windows-WMI-Activity,Microsoft-Windows-WMI-Activity/Operational,2960,0,,,,0x0,,,wmiprvse.exe,,,,,,4536,,nettcpip,%systemroot%\system32\wbem\NetTCPIP.dll,,,,http://manifests.microsoft.com/win/2006/windows/WMI,
2026-09-01T23:53:03.228272Z,5857,dc.scaffold.htb,Microsoft-Windows-WMI-Activity,Microsoft-Windows-WMI-Activity/Operational,2961,0,,,,0x0,,,wmiprvse.exe,,,,,,6792,,deploymentprovider,%systemroot%\system32\wbem\ServerManager.DeploymentProvider.dll,,,,http://manifests.microsoft.com/win/2006/windows/WMI,
2026-09-01T23:53:13.977293Z,5858,dc.scaffold.htb,Microsoft-Windows-WMI-Activity,Microsoft-Windows-WMI-Activity/Operational,2962,2,,DC,6168,,Provider,,,{53F1E02B-3CBD-4870-97C5-F0997FED41F4},,,Start IWbemServices::ExecMethod - root\microsoft\windows\servermanager : MSFT_ServerManagerTasks::GetServerFeature,Unknown,,,,,,0x80041001,SCAFFOLD\Administrator,http://manifests.microsoft.com/win/2006/windows/WMI,
2026-09-01T23:54:48.159360Z,5857,dc.scaffold.htb,Microsoft-Windows-WMI-Activity,Microsoft-Windows-WMI-Activity/Operational,2963,0,,,,0x0,,,wmiprvse.exe,,,,,,4408,,CIMWin32,%systemroot%\system32\wbem\cimwin32.dll,,,,http://manifests.microsoft.com/win/2006/windows/WMI,
2026-09-01T23:54:50.458743Z,5857,dc.scaffold.htb,Microsoft-Windows-WMI-Activity,Microsoft-Windows-WMI-Activity/Operational,2964,0,,,,0x0,,,wmiprvse.exe,,,,,,4584,,WMIProv,%systemroot%\system32\wbem\wmiprov.dll,,,,http://manifests.microsoft.com/win/2006/windows/WMI,
2026-09-01T23:54:50.842226Z,5858,dc.scaffold.htb,Microsoft-Windows-WMI-Activity,Microsoft-Windows-WMI-Activity/Operational,2965,2,,DC,3884,,Unknown,,,{00000000-0000-0000-0000-000000000000},,,Start IWbemServices::CreateInstanceEnum - root\wmi : MS_SM_AdapterInformationQuery,Unknown,,,,,,0x8004100c,NT AUTHORITY\SYSTEM,http://manifests.microsoft.com/win/2006/windows/WMI,
2026-09-01T23:54:50.907455Z,5858,dc.scaffold.htb,Microsoft-Windows-WMI-Activity,Microsoft-Windows-WMI-Activity/Operational,2966,2,,DC,3884,,Unknown,,,{00000000-0000-0000-0000-000000000000},,,Start IWbemServices::CreateInstanceEnum - root\wmi : MSiSCSI_PortalInfoClass,Unknown,,,,,,0x8004100c,NT AUTHORITY\SYSTEM,http://manifests.microsoft.com/win/2006/windows/WMI,
2026-09-01T23:55:06.122176Z,5857,dc.scaffold.htb,Microsoft-Windows-WMI-Activity,Microsoft-Windows-WMI-Activity/Operational,2967,0,,,,0x0,,,wmiprvse.exe,,,,,,4584,,WmiPerfClass,C:\Windows\System32\wbem\WmiPerfClass.dll,,,,http://manifests.microsoft.com/win/2006/windows/WMI,
2026-09-01T23:55:11.646750Z,5857,dc.scaffold.htb,Microsoft-Windows-WMI-Activity,Microsoft-Windows-WMI-Activity/Operational,2968,0,,,,0x0,,,wmiprvse.exe,,,,,,4408,,CIMWin32a,%systemroot%\system32\wbem\wmipcima.dll,,,,http://manifests.microsoft.com/win/2006/windows/WMI,
2026-09-01T23:55:26.602550Z,5857,dc.scaffold.htb,Microsoft-Windows-WMI-Activity,Microsoft-Windows-WMI-Activity/Operational,2969,0,,,,0x0,,,wmiprvse.exe,,,,,,4408,,MS_NT_EVENTLOG_PROVIDER,%systemroot%\system32\wbem\ntevt.dll,,,,http://manifests.microsoft.com/win/2006/windows/WMI,
2026-09-01T23:55:59.358619Z,5857,dc.scaffold.htb,Microsoft-Windows-WMI-Activity,Microsoft-Windows-WMI-Activity/Operational,2970,0,,,,0x0,,,wmiprvse.exe,,,,,,4408,,mgmtprovider,%systemroot%\system32\wbem\mgmtprovider.dll,,,,http://manifests.microsoft.com/win/2006/windows/WMI,
2026-09-01T23:55:59.476238Z,5857,dc.scaffold.htb,Microsoft-Windows-WMI-Activity,Microsoft-Windows-WMI-Activity/Operational,2971,0,,,,0x0,,,wmiprvse.exe,,,,,,6676,,NetAdapterCim,%systemroot%\system32\wbem\NetAdapterCim.dll,,,,http://manifests.microsoft.com/win/2006/windows/WMI,
2026-09-01T23:55:59.636331Z,5857,dc.scaffold.htb,Microsoft-Windows-WMI-Activity,Microsoft-Windows-WMI-Activity/Operational,2972,0,,,,0x0,,,wmiprvse.exe,,,,,,4408,,nettcpip,%systemroot%\system32\wbem\NetTCPIP.dll,,,,http://manifests.microsoft.com/win/2006/windows/WMI,
2026-09-01T23:56:03.130893Z,5857,dc.scaffold.htb,Microsoft-Windows-WMI-Activity,Microsoft-Windows-WMI-Activity/Operational,2973,0,,,,0x0,,,wmiprvse.exe,,,,,,6824,,deploymentprovider,%systemroot%\system32\wbem\ServerManager.DeploymentProvider.dll,,,,http://manifests.microsoft.com/win/2006/windows/WMI,
2026-09-01T23:56:13.862395Z,5858,dc.scaffold.htb,Microsoft-Windows-WMI-Activity,Microsoft-Windows-WMI-Activity/Operational,2974,2,,DC,6220,,Provider,,,{F796CDB0-BC41-4094-90CE-495E88198FBC},,,Start IWbemServices::ExecMethod - root\microsoft\windows\servermanager : MSFT_ServerManagerTasks::GetServerFeature,Unknown,,,,,,0x80041001,SCAFFOLD\Administrator,http://manifests.microsoft.com/win/2006/windows/WMI,
2026-09-01T23:56:13.862667Z,5858,dc.scaffold.htb,Microsoft-Windows-WMI-Activity,Microsoft-Windows-WMI-Activity/Operational,2975,2,,DC,6220,,Core,,,{F796CDB0-BC41-4094-90CE-495E88198FBC},,,Start IWbemServices::ExecMethod - root\microsoft\windows\servermanager : MSFT_ServerManagerTasks::GetServerFeature,Could not send status to client,,,,,,0x800706ba,SCAFFOLD\Administrator,http://manifests.microsoft.com/win/2006/windows/WMI,
2026-09-01T23:59:47.610766Z,5857,dc.scaffold.htb,Microsoft-Windows-WMI-Activity,Microsoft-Windows-WMI-Activity/Operational,2976,0,,,,0x0,,,wmiprvse.exe,,,,,,4312,,CIMWin32,%systemroot%\system32\wbem\cimwin32.dll,,,,http://manifests.microsoft.com/win/2006/windows/WMI,
2026-09-01T23:59:49.170927Z,5857,dc.scaffold.htb,Microsoft-Windows-WMI-Activity,Microsoft-Windows-WMI-Activity/Operational,2977,0,,,,0x0,,,wmiprvse.exe,,,,,,4432,,WMIProv,%systemroot%\system32\wbem\wmiprov.dll,,,,http://manifests.microsoft.com/win/2006/windows/WMI,
2026-09-01T23:59:49.453329Z,5858,dc.scaffold.htb,Microsoft-Windows-WMI-Activity,Microsoft-Windows-WMI-Activity/Operational,2978,2,,DC,3720,,Unknown,,,{00000000-0000-0000-0000-000000000000},,,Start IWbemServices::CreateInstanceEnum - root\wmi : MS_SM_AdapterInformationQuery,Unknown,,,,,,0x8004100c,NT AUTHORITY\SYSTEM,http://manifests.microsoft.com/win/2006/windows/WMI,
2026-09-01T23:59:49.499276Z,5858,dc.scaffold.htb,Microsoft-Windows-WMI-Activity,Microsoft-Windows-WMI-Activity/Operational,2979,2,,DC,3720,,Unknown,,,{00000000-0000-0000-0000-000000000000},,,Start IWbemServices::CreateInstanceEnum - root\wmi : MSiSCSI_PortalInfoClass,Unknown,,,,,,0x8004100c,NT AUTHORITY\SYSTEM,http://manifests.microsoft.com/win/2006/windows/WMI,
2026-09-02T00:00:06.377281Z,5857,dc.scaffold.htb,Microsoft-Windows-WMI-Activity,Microsoft-Windows-WMI-Activity/Operational,2980,0,,,,0x0,,,wmiprvse.exe,,,,,,4432,,WmiPerfClass,C:\Windows\System32\wbem\WmiPerfClass.dll,,,,http://manifests.microsoft.com/win/2006/windows/WMI,
2026-09-02T00:00:12.686119Z,5857,dc.scaffold.htb,Microsoft-Windows-WMI-Activity,Microsoft-Windows-WMI-Activity/Operational,2981,0,,,,0x0,,,wmiprvse.exe,,,,,,4312,,CIMWin32a,%systemroot%\system32\wbem\wmipcima.dll,,,,http://manifests.microsoft.com/win/2006/windows/WMI,
2026-09-02T00:00:15.599730Z,5861,dc.scaffold.htb,Microsoft-Windows-WMI-Activity,Microsoft-Windows-WMI-Activity/Operational,2982,0,"NTEventLogEventConsumer=""SCM Event Log Consumer""",,,,,SCM Event Log Filter,,,//./root/subscription,,,"Binding EventFilter: 
instance of __EventFilter
{
	CreatorSID = {1, 2, 0, 0, 0, 0, 0, 5, 32, 0, 0, 0, 32, 2, 0, 0};
	EventNamespace = ""root\\cimv2"";
	Name = ""SCM Event Log Filter"";
	Query = ""select * from MSFT_SCMEventLogEvent"";
	QueryLanguage = ""WQL"";
};
Perm. Consumer: 
instance of NTEventLogEventConsumer
{
	Category = 0;
	CreatorSID = {1, 2, 0, 0, 0, 0, 0, 5, 32, 0, 0, 0, 32, 2, 0, 0};
	EventType = 1;
	Name = ""SCM Event Log Consumer"";
	NameOfUserSIDProperty = ""sid"";
	SourceName = ""Service Control Manager"";
};
",,,,,,,,http://manifests.microsoft.com/win/2006/windows/WMI,
2026-09-02T00:00:15.732514Z,5859,dc.scaffold.htb,SCM Event Provider,Microsoft-Windows-WMI-Activity/Operational,2983,0,,,,,,,,,,//./root/CIMV2,,Permanent,,1472,,,select * from MSFT_SCMEventLogEvent,,S-1-5-32-544,http://manifests.microsoft.com/win/2006/windows/WMI,0
2026-09-02T00:00:15.762278Z,5857,dc.scaffold.htb,Microsoft-Windows-WMI-Activity,Microsoft-Windows-WMI-Activity/Operational,2984,0,,,,0x0,,,wmiprvse.exe,,,,,,1472,,WMI Kernel Trace Event Provider,C:\Windows\System32\wbem\krnlprov.dll,,,,http://manifests.microsoft.com/win/2006/windows/WMI,
2026-09-02T00:00:15.768596Z,5860,dc.scaffold.htb,Microsoft-Windows-WMI-Activity,Microsoft-Windows-WMI-Activity/Operational,2985,0,,DC,,,,,,,,ROOT\CIMV2,,Temporary,,2652,,,SELECT * FROM Win32_ProcessStartTrace WHERE ProcessName = 'wsmprovhost.exe',,NT AUTHORITY\SYSTEM,http://manifests.microsoft.com/win/2006/windows/WMI,
2026-09-02T00:00:26.995666Z,5857,dc.scaffold.htb,Microsoft-Windows-WMI-Activity,Microsoft-Windows-WMI-Activity/Operational,2986,0,,,,0x0,,,wmiprvse.exe,,,,,,4312,,MS_NT_EVENTLOG_PROVIDER,%systemroot%\system32\wbem\ntevt.dll,,,,http://manifests.microsoft.com/win/2006/windows/WMI,
2026-09-02T00:00:29.373141Z,5857,dc.scaffold.htb,Microsoft-Windows-WMI-Activity,Microsoft-Windows-WMI-Activity/Operational,2987,0,,,,0x0,,,wmiprvse.exe,,,,,,4312,,nettcpip,%systemroot%\system32\wbem\NetTCPIP.dll,,,,http://manifests.microsoft.com/win/2006/windows/WMI,
2026-09-02T00:00:30.544349Z,5857,dc.scaffold.htb,Microsoft-Windows-WMI-Activity,Microsoft-Windows-WMI-Activity/Operational,2988,0,,,,0x0,,,wmiprvse.exe,,,,,,2608,,NetAdapterCim,%systemroot%\system32\wbem\NetAdapterCim.dll,,,,http://manifests.microsoft.com/win/2006/windows/WMI,
2026-09-02T00:00:31.477950Z,5857,dc.scaffold.htb,Microsoft-Windows-WMI-Activity,Microsoft-Windows-WMI-Activity/Operational,2989,0,,,,0x0,,,wmiprvse.exe,,,,,,5788,,dnsclientcim,%SYSTEMROOT%\System32\wbem\dnsclientcim.dll,,,,http://manifests.microsoft.com/win/2006/windows/WMI,
2026-09-02T00:01:04.500186Z,5858,dc.scaffold.htb,Microsoft-Windows-WMI-Activity,Microsoft-Windows-WMI-Activity/Operational,2990,2,,DC,1456,,Unknown,,,{9E87A75B-3AC1-47B4-B35C-AF2DEB2F8AA7},,,"Start IWbemServices::DeleteInstance - Root\Rsop\Computer : RSOP_ExtensionStatus.extensionGuid=""{0ACDD40C-75AC-47ab-BAA0-BF6DE7E7FE63}""",Unknown,,,,,,0x80041002,NT AUTHORITY\SYSTEM,http://manifests.microsoft.com/win/2006/windows/WMI,
2026-09-02T00:01:04.500849Z,5858,dc.scaffold.htb,Microsoft-Windows-WMI-Activity,Microsoft-Windows-WMI-Activity/Operational,2991,2,,DC,1456,,Unknown,,,{9E87A75B-3AC1-47B4-B35C-AF2DEB2F8AA7},,,"Start IWbemServices::DeleteInstance - Root\Rsop\Computer : RSOP_ExtensionStatus.extensionGuid=""{0E28E245-9368-4853-AD84-6DA3BA35BB75}""",Unknown,,,,,,0x80041002,NT AUTHORITY\SYSTEM,http://manifests.microsoft.com/win/2006/windows/WMI,
2026-09-02T00:01:04.501454Z,5858,dc.scaffold.htb,Microsoft-Windows-WMI-Activity,Microsoft-Windows-WMI-Activity/Operational,2992,2,,DC,1456,,Unknown,,,{9E87A75B-3AC1-47B4-B35C-AF2DEB2F8AA7},,,"Start IWbemServices::DeleteInstance - Root\Rsop\Computer : RSOP_ExtensionStatus.extensionGuid=""{169EBF44-942F-4C43-87CE-13C93996EBBE}""",Unknown,,,,,,0x80041002,NT AUTHORITY\SYSTEM,http://manifests.microsoft.com/win/2006/windows/WMI,
2026-09-02T00:01:04.502117Z,5858,dc.scaffold.htb,Microsoft-Windows-WMI-Activity,Microsoft-Windows-WMI-Activity/Operational,2993,2,,DC,1456,,Unknown,,,{9E87A75B-3AC1-47B4-B35C-AF2DEB2F8AA7},,,"Start IWbemServices::DeleteInstance - Root\Rsop\Computer : RSOP_ExtensionStatus.extensionGuid=""{16be69fa-4209-4250-88cb-716cf41954e0}""",Unknown,,,,,,0x80041002,NT AUTHORITY\SYSTEM,http://manifests.microsoft.com/win/2006/windows/WMI,
2026-09-02T00:01:04.502712Z,5858,dc.scaffold.htb,Microsoft-Windows-WMI-Activity,Microsoft-Windows-WMI-Activity/Operational,2994,2,,DC,1456,,Unknown,,,{9E87A75B-3AC1-47B4-B35C-AF2DEB2F8AA7},,,"Start IWbemServices::DeleteInstance - Root\Rsop\Computer : RSOP_ExtensionStatus.extensionGuid=""{17D89FEC-5C44-4972-B12D-241CAEF74509}""",Unknown,,,,,,0x80041002,NT AUTHORITY\SYSTEM,http://manifests.microsoft.com/win/2006/windows/WMI,
2026-09-02T00:01:04.503296Z,5858,dc.scaffold.htb,Microsoft-Windows-WMI-Activity,Microsoft-Windows-WMI-Activity/Operational,2995,2,,DC,1456,,Unknown,,,{9E87A75B-3AC1-47B4-B35C-AF2DEB2F8AA7},,,"Start IWbemServices::DeleteInstance - Root\Rsop\Computer : RSOP_ExtensionStatus.extensionGuid=""{1A6364EB-776B-4120-ADE1-B63A406A76B5}""",Unknown,,,,,,0x80041002,NT AUTHORITY\SYSTEM,http://manifests.microsoft.com/win/2006/windows/WMI,
2026-09-02T00:01:04.503918Z,5858,dc.scaffold.htb,Microsoft-Windows-WMI-Activity,Microsoft-Windows-WMI-Activity/Operational,2996,2,,DC,1456,,Unknown,,,{9E87A75B-3AC1-47B4-B35C-AF2DEB2F8AA7},,,"Start IWbemServices::DeleteInstance - Root\Rsop\Computer : RSOP_ExtensionStatus.extensionGuid=""{2A8FDC61-2347-4C87-92F6-B05EB91A201A}""",Unknown,,,,,,0x80041002,NT AUTHORITY\SYSTEM,http://manifests.microsoft.com/win/2006/windows/WMI,
2026-09-02T00:01:04.504504Z,5858,dc.scaffold.htb,Microsoft-Windows-WMI-Activity,Microsoft-Windows-WMI-Activity/Operational,2997,2,,DC,1456,,Unknown,,,{9E87A75B-3AC1-47B4-B35C-AF2DEB2F8AA7},,,"Start IWbemServices::DeleteInstance - Root\Rsop\Computer : RSOP_ExtensionStatus.extensionGuid=""{2BFCC077-22D2-48DE-BDE1-2F618D9B476D}""",Unknown,,,,,,0x80041002,NT AUTHORITY\SYSTEM,http://manifests.microsoft.com/win/2006/windows/WMI,
2026-09-02T00:01:04.505096Z,5858,dc.scaffold.htb,Microsoft-Windows-WMI-Activity,Microsoft-Windows-WMI-Activity/Operational,2998,2,,DC,1456,,Unknown,,,{9E87A75B-3AC1-47B4-B35C-AF2DEB2F8AA7},,,"Start IWbemServices::DeleteInstance - Root\Rsop\Computer : RSOP_ExtensionStatus.extensionGuid=""{3610eda5-77ef-11d2-8dc5-00c04fa31a66}""",Unknown,,,,,,0x80041002,NT AUTHORITY\SYSTEM,http://manifests.microsoft.com/win/2006/windows/WMI,
2026-09-02T00:01:04.505948Z,5858,dc.scaffold.htb,Microsoft-Windows-WMI-Activity,Microsoft-Windows-WMI-Activity/Operational,2999,2,,DC,1456,,Unknown,,,{9E87A75B-3AC1-47B4-B35C-AF2DEB2F8AA7},,,"Start IWbemServices::DeleteInstance - Root\Rsop\Computer : RSOP_ExtensionStatus.extensionGuid=""{3A0DBA37-F8B2-4356-83DE-3E90BD5C261F}""",Unknown,,,,,,0x80041002,NT AUTHORITY\SYSTEM,http://manifests.microsoft.com/win/2006/windows/WMI,
2026-09-02T00:01:04.506611Z,5858,dc.scaffold.htb,Microsoft-Windows-WMI-Activity,Microsoft-Windows-WMI-Activity/Operational,3000,2,,DC,1456,,Unknown,,,{9E87A75B-3AC1-47B4-B35C-AF2DEB2F8AA7},,,"Start IWbemServices::DeleteInstance - Root\Rsop\Computer : RSOP_ExtensionStatus.extensionGuid=""{426031c0-0b47-4852-b0ca-ac3d37bfcb39}""",Unknown,,,,,,0x80041002,NT AUTHORITY\SYSTEM,http://manifests.microsoft.com/win/2006/windows/WMI,
2026-09-02T00:01:04.507201Z,5858,dc.scaffold.htb,Microsoft-Windows-WMI-Activity,Microsoft-Windows-WMI-Activity/Operational,3001,2,,DC,1456,,Unknown,,,{9E87A75B-3AC1-47B4-B35C-AF2DEB2F8AA7},,,"Start IWbemServices::DeleteInstance - Root\Rsop\Computer : RSOP_ExtensionStatus.extensionGuid=""{42B5FAAE-6536-11d2-AE5A-0000F87571E3}""",Unknown,,,,,,0x80041002,NT AUTHORITY\SYSTEM,http://manifests.microsoft.com/win/2006/windows/WMI,
2026-09-02T00:01:04.509008Z,5858,dc.scaffold.htb,Microsoft-Windows-WMI-Activity,Microsoft-Windows-WMI-Activity/Operational,3002,2,,DC,1456,,Unknown,,,{9E87A75B-3AC1-47B4-B35C-AF2DEB2F8AA7},,,"Start IWbemServices::DeleteInstance - Root\Rsop\Computer : RSOP_ExtensionStatus.extensionGuid=""{4B7C3B0F-E993-4E06-A241-3FBE06943684}""",Unknown,,,,,,0x80041002,NT AUTHORITY\SYSTEM,http://manifests.microsoft.com/win/2006/windows/WMI,
2026-09-02T00:01:04.509772Z,5858,dc.scaffold.htb,Microsoft-Windows-WMI-Activity,Microsoft-Windows-WMI-Activity/Operational,3003,2,,DC,1456,,Unknown,,,{9E87A75B-3AC1-47B4-B35C-AF2DEB2F8AA7},,,"Start IWbemServices::DeleteInstance - Root\Rsop\Computer : RSOP_ExtensionStatus.extensionGuid=""{4bcd6cde-777b-48b6-9804-43568e23545d}""",Unknown,,,,,,0x80041002,NT AUTHORITY\SYSTEM,http://manifests.microsoft.com/win/2006/windows/WMI,
2026-09-02T00:01:04.510405Z,5858,dc.scaffold.htb,Microsoft-Windows-WMI-Activity,Microsoft-Windows-WMI-Activity/Operational,3004,2,,DC,1456,,Unknown,,,{9E87A75B-3AC1-47B4-B35C-AF2DEB2F8AA7},,,"Start IWbemServices::DeleteInstance - Root\Rsop\Computer : RSOP_ExtensionStatus.extensionGuid=""{4CFB60C1-FAA6-47f1-89AA-0B18730C9FD3}""",Unknown,,,,,,0x80041002,NT AUTHORITY\SYSTEM,http://manifests.microsoft.com/win/2006/windows/WMI,
2026-09-02T00:01:04.516234Z,5858,dc.scaffold.htb,Microsoft-Windows-WMI-Activity,Microsoft-Windows-WMI-Activity/Operational,3005,2,,DC,1456,,Unknown,,,{9E87A75B-3AC1-47B4-B35C-AF2DEB2F8AA7},,,"Start IWbemServices::DeleteInstance - Root\Rsop\Computer : RSOP_ExtensionStatus.extensionGuid=""{6232C319-91AC-4931-9385-E70C2B099F0E}""",Unknown,,,,,,0x80041002,NT AUTHORITY\SYSTEM,http://manifests.microsoft.com/win/2006/windows/WMI,
2026-09-02T00:01:04.516917Z,5858,dc.scaffold.htb,Microsoft-Windows-WMI-Activity,Microsoft-Windows-WMI-Activity/Operational,3006,2,,DC,1456,,Unknown,,,{9E87A75B-3AC1-47B4-B35C-AF2DEB2F8AA7},,,"Start IWbemServices::DeleteInstance - Root\Rsop\Computer : RSOP_ExtensionStatus.extensionGuid=""{6A4C88C6-C502-4f74-8F60-2CB23EDC24E2}""",Unknown,,,,,,0x80041002,NT AUTHORITY\SYSTEM,http://manifests.microsoft.com/win/2006/windows/WMI,
2026-09-02T00:01:04.517608Z,5858,dc.scaffold.htb,Microsoft-Windows-WMI-Activity,Microsoft-Windows-WMI-Activity/Operational,3007,2,,DC,1456,,Unknown,,,{9E87A75B-3AC1-47B4-B35C-AF2DEB2F8AA7},,,"Start IWbemServices::DeleteInstance - Root\Rsop\Computer : RSOP_ExtensionStatus.extensionGuid=""{7150F9BF-48AD-4da4-A49C-29EF4A8369BA}""",Unknown,,,,,,0x80041002,NT AUTHORITY\SYSTEM,http://manifests.microsoft.com/win/2006/windows/WMI,
2026-09-02T00:01:04.518242Z,5858,dc.scaffold.htb,Microsoft-Windows-WMI-Activity,Microsoft-Windows-WMI-Activity/Operational,3008,2,,DC,1456,,Unknown,,,{9E87A75B-3AC1-47B4-B35C-AF2DEB2F8AA7},,,"Start IWbemServices::DeleteInstance - Root\Rsop\Computer : RSOP_ExtensionStatus.extensionGuid=""{728EE579-943C-4519-9EF7-AB56765798ED}""",Unknown,,,,,,0x80041002,NT AUTHORITY\SYSTEM,http://manifests.microsoft.com/win/2006/windows/WMI,
2026-09-02T00:01:04.518838Z,5858,dc.scaffold.htb,Microsoft-Windows-WMI-Activity,Microsoft-Windows-WMI-Activity/Operational,3009,2,,DC,1456,,Unknown,,,{9E87A75B-3AC1-47B4-B35C-AF2DEB2F8AA7},,,"Start IWbemServices::DeleteInstance - Root\Rsop\Computer : RSOP_ExtensionStatus.extensionGuid=""{74EE6C03-5363-4554-B161-627540339CAB}""",Unknown,,,,,,0x80041002,NT AUTHORITY\SYSTEM,http://manifests.microsoft.com/win/2006/windows/WMI,
2026-09-02T00:01:04.519597Z,5858,dc.scaffold.htb,Microsoft-Windows-WMI-Activity,Microsoft-Windows-WMI-Activity/Operational,3010,2,,DC,1456,,Unknown,,,{9E87A75B-3AC1-47B4-B35C-AF2DEB2F8AA7},,,"Start IWbemServices::DeleteInstance - Root\Rsop\Computer : RSOP_ExtensionStatus.extensionGuid=""{7909AD9E-09EE-4247-BAB9-7029D5F0A278}""",Unknown,,,,,,0x80041002,NT AUTHORITY\SYSTEM,http://manifests.microsoft.com/win/2006/windows/WMI,
2026-09-02T00:01:04.520234Z,5858,dc.scaffold.htb,Microsoft-Windows-WMI-Activity,Microsoft-Windows-WMI-Activity/Operational,3011,2,,DC,1456,,Unknown,,,{9E87A75B-3AC1-47B4-B35C-AF2DEB2F8AA7},,,"Start IWbemServices::DeleteInstance - Root\Rsop\Computer : RSOP_ExtensionStatus.extensionGuid=""{7933F41E-56F8-41d6-A31C-4148A711EE93}""",Unknown,,,,,,0x80041002,NT AUTHORITY\SYSTEM,http://manifests.microsoft.com/win/2006/windows/WMI,
2026-09-02T00:01:04.520823Z,5858,dc.scaffold.htb,Microsoft-Windows-WMI-Activity,Microsoft-Windows-WMI-Activity/Operational,3012,2,,DC,1456,,Unknown,,,{9E87A75B-3AC1-47B4-B35C-AF2DEB2F8AA7},,,"Start IWbemServices::DeleteInstance - Root\Rsop\Computer : RSOP_ExtensionStatus.extensionGuid=""{7B849a69-220F-451E-B3FE-2CB811AF94AE}""",Unknown,,,,,,0x80041002,NT AUTHORITY\SYSTEM,http://manifests.microsoft.com/win/2006/windows/WMI,
2026-09-02T00:01:05.108197Z,5858,dc.scaffold.htb,Microsoft-Windows-WMI-Activity,Microsoft-Windows-WMI-Activity/Operational,3013,2,,DC,1456,,Unknown,,,{9E87A75B-3AC1-47B4-B35C-AF2DEB2F8AA7},,,"Start IWbemServices::DeleteInstance - Root\Rsop\Computer : RSOP_ExtensionStatus.extensionGuid=""{8A28E2C5-8D06-49A4-A08C-632DAA493E17}""",Unknown,,,,,,0x80041002,NT AUTHORITY\SYSTEM,http://manifests.microsoft.com/win/2006/windows/WMI,
2026-09-02T00:01:05.108834Z,5858,dc.scaffold.htb,Microsoft-Windows-WMI-Activity,Microsoft-Windows-WMI-Activity/Operational,3014,2,,DC,1456,,Unknown,,,{9E87A75B-3AC1-47B4-B35C-AF2DEB2F8AA7},,,"Start IWbemServices::DeleteInstance - Root\Rsop\Computer : RSOP_ExtensionStatus.extensionGuid=""{91FBB303-0CD5-4055-BF42-E512A681B325}""",Unknown,,,,,,0x80041002,NT AUTHORITY\SYSTEM,http://manifests.microsoft.com/win/2006/windows/WMI,
2026-09-02T00:01:05.109448Z,5858,dc.scaffold.htb,Microsoft-Windows-WMI-Activity,Microsoft-Windows-WMI-Activity/Operational,3015,2,,DC,1456,,Unknown,,,{9E87A75B-3AC1-47B4-B35C-AF2DEB2F8AA7},,,"Start IWbemServices::DeleteInstance - Root\Rsop\Computer : RSOP_ExtensionStatus.extensionGuid=""{A3F3E39B-5D83-4940-B954-28315B82F0A8}""",Unknown,,,,,,0x80041002,NT AUTHORITY\SYSTEM,http://manifests.microsoft.com/win/2006/windows/WMI,
2026-09-02T00:01:05.110071Z,5858,dc.scaffold.htb,Microsoft-Windows-WMI-Activity,Microsoft-Windows-WMI-Activity/Operational,3016,2,,DC,1456,,Unknown,,,{9E87A75B-3AC1-47B4-B35C-AF2DEB2F8AA7},,,"Start IWbemServices::DeleteInstance - Root\Rsop\Computer : RSOP_ExtensionStatus.extensionGuid=""{AADCED64-746C-4633-A97C-D61349046527}""",Unknown,,,,,,0x80041002,NT AUTHORITY\SYSTEM,http://manifests.microsoft.com/win/2006/windows/WMI,
2026-09-02T00:01:05.110679Z,5858,dc.scaffold.htb,Microsoft-Windows-WMI-Activity,Microsoft-Windows-WMI-Activity/Operational,3017,2,,DC,1456,,Unknown,,,{9E87A75B-3AC1-47B4-B35C-AF2DEB2F8AA7},,,"Start IWbemServices::DeleteInstance - Root\Rsop\Computer : RSOP_ExtensionStatus.extensionGuid=""{B087BE9D-ED37-454f-AF9C-04291E351182}""",Unknown,,,,,,0x80041002,NT AUTHORITY\SYSTEM,http://manifests.microsoft.com/win/2006/windows/WMI,
2026-09-02T00:01:05.111343Z,5858,dc.scaffold.htb,Microsoft-Windows-WMI-Activity,Microsoft-Windows-WMI-Activity/Operational,3018,2,,DC,1456,,Unknown,,,{9E87A75B-3AC1-47B4-B35C-AF2DEB2F8AA7},,,"Start IWbemServices::DeleteInstance - Root\Rsop\Computer : RSOP_ExtensionStatus.extensionGuid=""{B587E2B1-4D59-4e7e-AED9-22B9DF11D053}""",Unknown,,,,,,0x80041002,NT AUTHORITY\SYSTEM,http://manifests.microsoft.com/win/2006/windows/WMI,
2026-09-02T00:01:05.111939Z,5858,dc.scaffold.htb,Microsoft-Windows-WMI-Activity,Microsoft-Windows-WMI-Activity/Operational,3019,2,,DC,1456,,Unknown,,,{9E87A75B-3AC1-47B4-B35C-AF2DEB2F8AA7},,,"Start IWbemServices::DeleteInstance - Root\Rsop\Computer : RSOP_ExtensionStatus.extensionGuid=""{BA649533-0AAC-4E04-B9BC-4DBAE0325B12}""",Unknown,,,,,,0x80041002,NT AUTHORITY\SYSTEM,http://manifests.microsoft.com/win/2006/windows/WMI,
2026-09-02T00:01:05.112520Z,5858,dc.scaffold.htb,Microsoft-Windows-WMI-Activity,Microsoft-Windows-WMI-Activity/Operational,3020,2,,DC,1456,,Unknown,,,{9E87A75B-3AC1-47B4-B35C-AF2DEB2F8AA7},,,"Start IWbemServices::DeleteInstance - Root\Rsop\Computer : RSOP_ExtensionStatus.extensionGuid=""{BC75B1ED-5833-4858-9BB8-CBF0B166DF9D}""",Unknown,,,,,,0x80041002,NT AUTHORITY\SYSTEM,http://manifests.microsoft.com/win/2006/windows/WMI,
2026-09-02T00:01:05.113101Z,5858,dc.scaffold.htb,Microsoft-Windows-WMI-Activity,Microsoft-Windows-WMI-Activity/Operational,3021,2,,DC,1456,,Unknown,,,{9E87A75B-3AC1-47B4-B35C-AF2DEB2F8AA7},,,"Start IWbemServices::DeleteInstance - Root\Rsop\Computer : RSOP_ExtensionStatus.extensionGuid=""{C34B2751-1CF4-44F5-9262-C3FC39666591}""",Unknown,,,,,,0x80041002,NT AUTHORITY\SYSTEM,http://manifests.microsoft.com/win/2006/windows/WMI,
2026-09-02T00:01:05.113698Z,5858,dc.scaffold.htb,Microsoft-Windows-WMI-Activity,Microsoft-Windows-WMI-Activity/Operational,3022,2,,DC,1456,,Unknown,,,{9E87A75B-3AC1-47B4-B35C-AF2DEB2F8AA7},,,"Start IWbemServices::DeleteInstance - Root\Rsop\Computer : RSOP_ExtensionStatus.extensionGuid=""{C418DD9D-0D14-4efb-8FBF-CFE535C8FAC7}""",Unknown,,,,,,0x80041002,NT AUTHORITY\SYSTEM,http://manifests.microsoft.com/win/2006/windows/WMI,
2026-09-02T00:01:05.114327Z,5858,dc.scaffold.htb,Microsoft-Windows-WMI-Activity,Microsoft-Windows-WMI-Activity/Operational,3023,2,,DC,1456,,Unknown,,,{9E87A75B-3AC1-47B4-B35C-AF2DEB2F8AA7},,,"Start IWbemServices::DeleteInstance - Root\Rsop\Computer : RSOP_ExtensionStatus.extensionGuid=""{C631DF4C-088F-4156-B058-4375F0853CD8}""",Unknown,,,,,,0x80041002,NT AUTHORITY\SYSTEM,http://manifests.microsoft.com/win/2006/windows/WMI,
2026-09-02T00:01:05.114931Z,5858,dc.scaffold.htb,Microsoft-Windows-WMI-Activity,Microsoft-Windows-WMI-Activity/Operational,3024,2,,DC,1456,,Unknown,,,{9E87A75B-3AC1-47B4-B35C-AF2DEB2F8AA7},,,"Start IWbemServices::DeleteInstance - Root\Rsop\Computer : RSOP_ExtensionStatus.extensionGuid=""{c6dc5466-785a-11d2-84d0-00c04fb169f7}""",Unknown,,,,,,0x80041002,NT AUTHORITY\SYSTEM,http://manifests.microsoft.com/win/2006/windows/WMI,
2026-09-02T00:01:05.115548Z,5858,dc.scaffold.htb,Microsoft-Windows-WMI-Activity,Microsoft-Windows-WMI-Activity/Operational,3025,2,,DC,1456,,Unknown,,,{9E87A75B-3AC1-47B4-B35C-AF2DEB2F8AA7},,,"Start IWbemServices::DeleteInstance - Root\Rsop\Computer : RSOP_ExtensionStatus.extensionGuid=""{cdeafc3d-948d-49dd-ab12-e578ba4af7aa}""",Unknown,,,,,,0x80041002,NT AUTHORITY\SYSTEM,http://manifests.microsoft.com/win/2006/windows/WMI,
2026-09-02T00:01:05.116211Z,5858,dc.scaffold.htb,Microsoft-Windows-WMI-Activity,Microsoft-Windows-WMI-Activity/Operational,3026,2,,DC,1456,,Unknown,,,{9E87A75B-3AC1-47B4-B35C-AF2DEB2F8AA7},,,"Start IWbemServices::DeleteInstance - Root\Rsop\Computer : RSOP_ExtensionStatus.extensionGuid=""{CF7639F3-ABA2-41DB-97F2-81E2C5DBFC5D}""",Unknown,,,,,,0x80041002,NT AUTHORITY\SYSTEM,http://manifests.microsoft.com/win/2006/windows/WMI,
2026-09-02T00:01:05.116816Z,5858,dc.scaffold.htb,Microsoft-Windows-WMI-Activity,Microsoft-Windows-WMI-Activity/Operational,3027,2,,DC,1456,,Unknown,,,{9E87A75B-3AC1-47B4-B35C-AF2DEB2F8AA7},,,"Start IWbemServices::DeleteInstance - Root\Rsop\Computer : RSOP_ExtensionStatus.extensionGuid=""{CFF649BD-601D-4361-AD3D-0FC365DB4DB7}""",Unknown,,,,,,0x80041002,NT AUTHORITY\SYSTEM,http://manifests.microsoft.com/win/2006/windows/WMI,
2026-09-02T00:01:05.117397Z,5858,dc.scaffold.htb,Microsoft-Windows-WMI-Activity,Microsoft-Windows-WMI-Activity/Operational,3028,2,,DC,1456,,Unknown,,,{9E87A75B-3AC1-47B4-B35C-AF2DEB2F8AA7},,,"Start IWbemServices::DeleteInstance - Root\Rsop\Computer : RSOP_ExtensionStatus.extensionGuid=""{e437bc1c-aa7d-11d2-a382-00c04f991e27}""",Unknown,,,,,,0x80041002,NT AUTHORITY\SYSTEM,http://manifests.microsoft.com/win/2006/windows/WMI,
2026-09-02T00:01:05.118002Z,5858,dc.scaffold.htb,Microsoft-Windows-WMI-Activity,Microsoft-Windows-WMI-Activity/Operational,3029,2,,DC,1456,,Unknown,,,{9E87A75B-3AC1-47B4-B35C-AF2DEB2F8AA7},,,"Start IWbemServices::DeleteInstance - Root\Rsop\Computer : RSOP_ExtensionStatus.extensionGuid=""{E4F48E54-F38D-4884-BFB9-D4D2E5729C18}""",Unknown,,,,,,0x80041002,NT AUTHORITY\SYSTEM,http://manifests.microsoft.com/win/2006/windows/WMI,
2026-09-02T00:01:05.118588Z,5858,dc.scaffold.htb,Microsoft-Windows-WMI-Activity,Microsoft-Windows-WMI-Activity/Operational,3030,2,,DC,1456,,Unknown,,,{9E87A75B-3AC1-47B4-B35C-AF2DEB2F8AA7},,,"Start IWbemServices::DeleteInstance - Root\Rsop\Computer : RSOP_ExtensionStatus.extensionGuid=""{E5094040-C46C-4115-B030-04FB2E545B00}""",Unknown,,,,,,0x80041002,NT AUTHORITY\SYSTEM,http://manifests.microsoft.com/win/2006/windows/WMI,
2026-09-02T00:01:05.119191Z,5858,dc.scaffold.htb,Microsoft-Windows-WMI-Activity,Microsoft-Windows-WMI-Activity/Operational,3031,2,,DC,1456,,Unknown,,,{9E87A75B-3AC1-47B4-B35C-AF2DEB2F8AA7},,,"Start IWbemServices::DeleteInstance - Root\Rsop\Computer : RSOP_ExtensionStatus.extensionGuid=""{E62688F0-25FD-4c90-BFF5-F508B9D2E31F}""",Unknown,,,,,,0x80041002,NT AUTHORITY\SYSTEM,http://manifests.microsoft.com/win/2006/windows/WMI,
2026-09-02T00:01:05.119807Z,5858,dc.scaffold.htb,Microsoft-Windows-WMI-Activity,Microsoft-Windows-WMI-Activity/Operational,3032,2,,DC,1456,,Unknown,,,{9E87A75B-3AC1-47B4-B35C-AF2DEB2F8AA7},,,"Start IWbemServices::DeleteInstance - Root\Rsop\Computer : RSOP_ExtensionStatus.extensionGuid=""{F312195E-3D9D-447A-A3F5-08DFFA24735E}""",Unknown,,,,,,0x80041002,NT AUTHORITY\SYSTEM,http://manifests.microsoft.com/win/2006/windows/WMI,
2026-09-02T00:01:05.128607Z,5858,dc.scaffold.htb,Microsoft-Windows-WMI-Activity,Microsoft-Windows-WMI-Activity/Operational,3033,2,,DC,1456,,Unknown,,,{9E87A75B-3AC1-47B4-B35C-AF2DEB2F8AA7},,,"Start IWbemServices::DeleteInstance - Root\Rsop\Computer : RSOP_ExtensionStatus.extensionGuid=""{FB2CA36D-0B40-4307-821B-A13B252DE56C}""",Unknown,,,,,,0x80041002,NT AUTHORITY\SYSTEM,http://manifests.microsoft.com/win/2006/windows/WMI,
2026-09-02T00:01:05.129365Z,5858,dc.scaffold.htb,Microsoft-Windows-WMI-Activity,Microsoft-Windows-WMI-Activity/Operational,3034,2,,DC,1456,,Unknown,,,{9E87A75B-3AC1-47B4-B35C-AF2DEB2F8AA7},,,"Start IWbemServices::DeleteInstance - Root\Rsop\Computer : RSOP_ExtensionStatus.extensionGuid=""{fbf687e6-f063-4d9f-9f4f-fd9a26acdd5f}""",Unknown,,,,,,0x80041002,NT AUTHORITY\SYSTEM,http://manifests.microsoft.com/win/2006/windows/WMI,
2026-09-02T00:01:05.130082Z,5858,dc.scaffold.htb,Microsoft-Windows-WMI-Activity,Microsoft-Windows-WMI-Activity/Operational,3035,2,,DC,1456,,Unknown,,,{9E87A75B-3AC1-47B4-B35C-AF2DEB2F8AA7},,,"Start IWbemServices::DeleteInstance - Root\Rsop\Computer : RSOP_ExtensionStatus.extensionGuid=""{FC491EF1-C4AA-4CE1-B329-414B101DB823}""",Unknown,,,,,,0x80041002,NT AUTHORITY\SYSTEM,http://manifests.microsoft.com/win/2006/windows/WMI,
2026-09-02T00:01:05.255618Z,5858,dc.scaffold.htb,Microsoft-Windows-WMI-Activity,Microsoft-Windows-WMI-Activity/Operational,3036,2,,DC,1032,,Unknown,,,{00000000-0000-0000-0000-000000000000},,,"Start IWbemServices::ExecQuery - ROOT\CIMV2 : SELECT Manufacturer, Product FROM Win32_BaseBoard",Unknown,,,,,,0x80041032,NT AUTHORITY\NETWORK SERVICE,http://manifests.microsoft.com/win/2006/windows/WMI,
2026-09-02T00:02:02.718380Z,5858,dc.scaffold.htb,Microsoft-Windows-WMI-Activity,Microsoft-Windows-WMI-Activity/Operational,3037,2,,DC,1456,,Unknown,,,{36D3627C-55C6-4F9D-86C8-7F37295F73DB},,,"Start IWbemServices::DeleteInstance - Root\Rsop\Computer : RSOP_ExtensionStatus.extensionGuid=""{0ACDD40C-75AC-47ab-BAA0-BF6DE7E7FE63}""",Unknown,,,,,,0x80041002,NT AUTHORITY\SYSTEM,http://manifests.microsoft.com/win/2006/windows/WMI,
2026-09-02T00:02:02.719071Z,5858,dc.scaffold.htb,Microsoft-Windows-WMI-Activity,Microsoft-Windows-WMI-Activity/Operational,3038,2,,DC,1456,,Unknown,,,{36D3627C-55C6-4F9D-86C8-7F37295F73DB},,,"Start IWbemServices::DeleteInstance - Root\Rsop\Computer : RSOP_ExtensionStatus.extensionGuid=""{0E28E245-9368-4853-AD84-6DA3BA35BB75}""",Unknown,,,,,,0x80041002,NT AUTHORITY\SYSTEM,http://manifests.microsoft.com/win/2006/windows/WMI,
2026-09-02T00:02:02.719732Z,5858,dc.scaffold.htb,Microsoft-Windows-WMI-Activity,Microsoft-Windows-WMI-Activity/Operational,3039,2,,DC,1456,,Unknown,,,{36D3627C-55C6-4F9D-86C8-7F37295F73DB},,,"Start IWbemServices::DeleteInstance - Root\Rsop\Computer : RSOP_ExtensionStatus.extensionGuid=""{169EBF44-942F-4C43-87CE-13C93996EBBE}""",Unknown,,,,,,0x80041002,NT AUTHORITY\SYSTEM,http://manifests.microsoft.com/win/2006/windows/WMI,
2026-09-02T00:02:02.720510Z,5858,dc.scaffold.htb,Microsoft-Windows-WMI-Activity,Microsoft-Windows-WMI-Activity/Operational,3040,2,,DC,1456,,Unknown,,,{36D3627C-55C6-4F9D-86C8-7F37295F73DB},,,"Start IWbemServices::DeleteInstance - Root\Rsop\Computer : RSOP_ExtensionStatus.extensionGuid=""{16be69fa-4209-4250-88cb-716cf41954e0}""",Unknown,,,,,,0x80041002,NT AUTHORITY\SYSTEM,http://manifests.microsoft.com/win/2006/windows/WMI,
2026-09-02T00:02:02.721199Z,5858,dc.scaffold.htb,Microsoft-Windows-WMI-Activity,Microsoft-Windows-WMI-Activity/Operational,3041,2,,DC,1456,,Unknown,,,{36D3627C-55C6-4F9D-86C8-7F37295F73DB},,,"Start IWbemServices::DeleteInstance - Root\Rsop\Computer : RSOP_ExtensionStatus.extensionGuid=""{17D89FEC-5C44-4972-B12D-241CAEF74509}""",Unknown,,,,,,0x80041002,NT AUTHORITY\SYSTEM,http://manifests.microsoft.com/win/2006/windows/WMI,
2026-09-02T00:02:02.721951Z,5858,dc.scaffold.htb,Microsoft-Windows-WMI-Activity,Microsoft-Windows-WMI-Activity/Operational,3042,2,,DC,1456,,Unknown,,,{36D3627C-55C6-4F9D-86C8-7F37295F73DB},,,"Start IWbemServices::DeleteInstance - Root\Rsop\Computer : RSOP_ExtensionStatus.extensionGuid=""{1A6364EB-776B-4120-ADE1-B63A406A76B5}""",Unknown,,,,,,0x80041002,NT AUTHORITY\SYSTEM,http://manifests.microsoft.com/win/2006/windows/WMI,
2026-09-02T00:02:02.722646Z,5858,dc.scaffold.htb,Microsoft-Windows-WMI-Activity,Microsoft-Windows-WMI-Activity/Operational,3043,2,,DC,1456,,Unknown,,,{36D3627C-55C6-4F9D-86C8-7F37295F73DB},,,"Start IWbemServices::DeleteInstance - Root\Rsop\Computer : RSOP_ExtensionStatus.extensionGuid=""{2A8FDC61-2347-4C87-92F6-B05EB91A201A}""",Unknown,,,,,,0x80041002,NT AUTHORITY\SYSTEM,http://manifests.microsoft.com/win/2006/windows/WMI,
2026-09-02T00:02:02.723396Z,5858,dc.scaffold.htb,Microsoft-Windows-WMI-Activity,Microsoft-Windows-WMI-Activity/Operational,3044,2,,DC,1456,,Unknown,,,{36D3627C-55C6-4F9D-86C8-7F37295F73DB},,,"Start IWbemServices::DeleteInstance - Root\Rsop\Computer : RSOP_ExtensionStatus.extensionGuid=""{2BFCC077-22D2-48DE-BDE1-2F618D9B476D}""",Unknown,,,,,,0x80041002,NT AUTHORITY\SYSTEM,http://manifests.microsoft.com/win/2006/windows/WMI,
2026-09-02T00:02:02.724089Z,5858,dc.scaffold.htb,Microsoft-Windows-WMI-Activity,Microsoft-Windows-WMI-Activity/Operational,3045,2,,DC,1456,,Unknown,,,{36D3627C-55C6-4F9D-86C8-7F37295F73DB},,,"Start IWbemServices::DeleteInstance - Root\Rsop\Computer : RSOP_ExtensionStatus.extensionGuid=""{3610eda5-77ef-11d2-8dc5-00c04fa31a66}""",Unknown,,,,,,0x80041002,NT AUTHORITY\SYSTEM,http://manifests.microsoft.com/win/2006/windows/WMI,
2026-09-02T00:02:02.724793Z,5858,dc.scaffold.htb,Microsoft-Windows-WMI-Activity,Microsoft-Windows-WMI-Activity/Operational,3046,2,,DC,1456,,Unknown,,,{36D3627C-55C6-4F9D-86C8-7F37295F73DB},,,"Start IWbemServices::DeleteInstance - Root\Rsop\Computer : RSOP_ExtensionStatus.extensionGuid=""{3A0DBA37-F8B2-4356-83DE-3E90BD5C261F}""",Unknown,,,,,,0x80041002,NT AUTHORITY\SYSTEM,http://manifests.microsoft.com/win/2006/windows/WMI,
2026-09-02T00:02:02.725465Z,5858,dc.scaffold.htb,Microsoft-Windows-WMI-Activity,Microsoft-Windows-WMI-Activity/Operational,3047,2,,DC,1456,,Unknown,,,{36D3627C-55C6-4F9D-86C8-7F37295F73DB},,,"Start IWbemServices::DeleteInstance - Root\Rsop\Computer : RSOP_ExtensionStatus.extensionGuid=""{426031c0-0b47-4852-b0ca-ac3d37bfcb39}""",Unknown,,,,,,0x80041002,NT AUTHORITY\SYSTEM,http://manifests.microsoft.com/win/2006/windows/WMI,
2026-09-02T00:02:02.726231Z,5858,dc.scaffold.htb,Microsoft-Windows-WMI-Activity,Microsoft-Windows-WMI-Activity/Operational,3048,2,,DC,1456,,Unknown,,,{36D3627C-55C6-4F9D-86C8-7F37295F73DB},,,"Start IWbemServices::DeleteInstance - Root\Rsop\Computer : RSOP_ExtensionStatus.extensionGuid=""{42B5FAAE-6536-11d2-AE5A-0000F87571E3}""",Unknown,,,,,,0x80041002,NT AUTHORITY\SYSTEM,http://manifests.microsoft.com/win/2006/windows/WMI,
2026-09-02T00:02:02.726886Z,5858,dc.scaffold.htb,Microsoft-Windows-WMI-Activity,Microsoft-Windows-WMI-Activity/Operational,3049,2,,DC,1456,,Unknown,,,{36D3627C-55C6-4F9D-86C8-7F37295F73DB},,,"Start IWbemServices::DeleteInstance - Root\Rsop\Computer : RSOP_ExtensionStatus.extensionGuid=""{4B7C3B0F-E993-4E06-A241-3FBE06943684}""",Unknown,,,,,,0x80041002,NT AUTHORITY\SYSTEM,http://manifests.microsoft.com/win/2006/windows/WMI,
2026-09-02T00:02:02.727553Z,5858,dc.scaffold.htb,Microsoft-Windows-WMI-Activity,Microsoft-Windows-WMI-Activity/Operational,3050,2,,DC,1456,,Unknown,,,{36D3627C-55C6-4F9D-86C8-7F37295F73DB},,,"Start IWbemServices::DeleteInstance - Root\Rsop\Computer : RSOP_ExtensionStatus.extensionGuid=""{4bcd6cde-777b-48b6-9804-43568e23545d}""",Unknown,,,,,,0x80041002,NT AUTHORITY\SYSTEM,http://manifests.microsoft.com/win/2006/windows/WMI,
2026-09-02T00:02:02.728197Z,5858,dc.scaffold.htb,Microsoft-Windows-WMI-Activity,Microsoft-Windows-WMI-Activity/Operational,3051,2,,DC,1456,,Unknown,,,{36D3627C-55C6-4F9D-86C8-7F37295F73DB},,,"Start IWbemServices::DeleteInstance - Root\Rsop\Computer : RSOP_ExtensionStatus.extensionGuid=""{4CFB60C1-FAA6-47f1-89AA-0B18730C9FD3}""",Unknown,,,,,,0x80041002,NT AUTHORITY\SYSTEM,http://manifests.microsoft.com/win/2006/windows/WMI,
2026-09-02T00:02:02.728925Z,5858,dc.scaffold.htb,Microsoft-Windows-WMI-Activity,Microsoft-Windows-WMI-Activity/Operational,3052,2,,DC,1456,,Unknown,,,{36D3627C-55C6-4F9D-86C8-7F37295F73DB},,,"Start IWbemServices::DeleteInstance - Root\Rsop\Computer : RSOP_ExtensionStatus.extensionGuid=""{6232C319-91AC-4931-9385-E70C2B099F0E}""",Unknown,,,,,,0x80041002,NT AUTHORITY\SYSTEM,http://manifests.microsoft.com/win/2006/windows/WMI,
2026-09-02T00:02:02.729560Z,5858,dc.scaffold.htb,Microsoft-Windows-WMI-Activity,Microsoft-Windows-WMI-Activity/Operational,3053,2,,DC,1456,,Unknown,,,{36D3627C-55C6-4F9D-86C8-7F37295F73DB},,,"Start IWbemServices::DeleteInstance - Root\Rsop\Computer : RSOP_ExtensionStatus.extensionGuid=""{6A4C88C6-C502-4f74-8F60-2CB23EDC24E2}""",Unknown,,,,,,0x80041002,NT AUTHORITY\SYSTEM,http://manifests.microsoft.com/win/2006/windows/WMI,
2026-09-02T00:02:02.730229Z,5858,dc.scaffold.htb,Microsoft-Windows-WMI-Activity,Microsoft-Windows-WMI-Activity/Operational,3054,2,,DC,1456,,Unknown,,,{36D3627C-55C6-4F9D-86C8-7F37295F73DB},,,"Start IWbemServices::DeleteInstance - Root\Rsop\Computer : RSOP_ExtensionStatus.extensionGuid=""{7150F9BF-48AD-4da4-A49C-29EF4A8369BA}""",Unknown,,,,,,0x80041002,NT AUTHORITY\SYSTEM,http://manifests.microsoft.com/win/2006/windows/WMI,
2026-09-02T00:02:02.730862Z,5858,dc.scaffold.htb,Microsoft-Windows-WMI-Activity,Microsoft-Windows-WMI-Activity/Operational,3055,2,,DC,1456,,Unknown,,,{36D3627C-55C6-4F9D-86C8-7F37295F73DB},,,"Start IWbemServices::DeleteInstance - Root\Rsop\Computer : RSOP_ExtensionStatus.extensionGuid=""{728EE579-943C-4519-9EF7-AB56765798ED}""",Unknown,,,,,,0x80041002,NT AUTHORITY\SYSTEM,http://manifests.microsoft.com/win/2006/windows/WMI,
2026-09-02T00:02:02.731520Z,5858,dc.scaffold.htb,Microsoft-Windows-WMI-Activity,Microsoft-Windows-WMI-Activity/Operational,3056,2,,DC,1456,,Unknown,,,{36D3627C-55C6-4F9D-86C8-7F37295F73DB},,,"Start IWbemServices::DeleteInstance - Root\Rsop\Computer : RSOP_ExtensionStatus.extensionGuid=""{74EE6C03-5363-4554-B161-627540339CAB}""",Unknown,,,,,,0x80041002,NT AUTHORITY\SYSTEM,http://manifests.microsoft.com/win/2006/windows/WMI,
2026-09-02T00:02:02.732197Z,5858,dc.scaffold.htb,Microsoft-Windows-WMI-Activity,Microsoft-Windows-WMI-Activity/Operational,3057,2,,DC,1456,,Unknown,,,{36D3627C-55C6-4F9D-86C8-7F37295F73DB},,,"Start IWbemServices::DeleteInstance - Root\Rsop\Computer : RSOP_ExtensionStatus.extensionGuid=""{7909AD9E-09EE-4247-BAB9-7029D5F0A278}""",Unknown,,,,,,0x80041002,NT AUTHORITY\SYSTEM,http://manifests.microsoft.com/win/2006/windows/WMI,
2026-09-02T00:02:02.732849Z,5858,dc.scaffold.htb,Microsoft-Windows-WMI-Activity,Microsoft-Windows-WMI-Activity/Operational,3058,2,,DC,1456,,Unknown,,,{36D3627C-55C6-4F9D-86C8-7F37295F73DB},,,"Start IWbemServices::DeleteInstance - Root\Rsop\Computer : RSOP_ExtensionStatus.extensionGuid=""{7933F41E-56F8-41d6-A31C-4148A711EE93}""",Unknown,,,,,,0x80041002,NT AUTHORITY\SYSTEM,http://manifests.microsoft.com/win/2006/windows/WMI,
2026-09-02T00:02:02.733570Z,5858,dc.scaffold.htb,Microsoft-Windows-WMI-Activity,Microsoft-Windows-WMI-Activity/Operational,3059,2,,DC,1456,,Unknown,,,{36D3627C-55C6-4F9D-86C8-7F37295F73DB},,,"Start IWbemServices::DeleteInstance - Root\Rsop\Computer : RSOP_ExtensionStatus.extensionGuid=""{7B849a69-220F-451E-B3FE-2CB811AF94AE}""",Unknown,,,,,,0x80041002,NT AUTHORITY\SYSTEM,http://manifests.microsoft.com/win/2006/windows/WMI,
2026-09-02T00:02:03.227228Z,5858,dc.scaffold.htb,Microsoft-Windows-WMI-Activity,Microsoft-Windows-WMI-Activity/Operational,3060,2,,DC,1456,,Unknown,,,{36D3627C-55C6-4F9D-86C8-7F37295F73DB},,,"Start IWbemServices::DeleteInstance - Root\Rsop\Computer : RSOP_ExtensionStatus.extensionGuid=""{8A28E2C5-8D06-49A4-A08C-632DAA493E17}""",Unknown,,,,,,0x80041002,NT AUTHORITY\SYSTEM,http://manifests.microsoft.com/win/2006/windows/WMI,
2026-09-02T00:02:03.228072Z,5858,dc.scaffold.htb,Microsoft-Windows-WMI-Activity,Microsoft-Windows-WMI-Activity/Operational,3061,2,,DC,1456,,Unknown,,,{36D3627C-55C6-4F9D-86C8-7F37295F73DB},,,"Start IWbemServices::DeleteInstance - Root\Rsop\Computer : RSOP_ExtensionStatus.extensionGuid=""{91FBB303-0CD5-4055-BF42-E512A681B325}""",Unknown,,,,,,0x80041002,NT AUTHORITY\SYSTEM,http://manifests.microsoft.com/win/2006/windows/WMI,
2026-09-02T00:02:03.228904Z,5858,dc.scaffold.htb,Microsoft-Windows-WMI-Activity,Microsoft-Windows-WMI-Activity/Operational,3062,2,,DC,1456,,Unknown,,,{36D3627C-55C6-4F9D-86C8-7F37295F73DB},,,"Start IWbemServices::DeleteInstance - Root\Rsop\Computer : RSOP_ExtensionStatus.extensionGuid=""{A3F3E39B-5D83-4940-B954-28315B82F0A8}""",Unknown,,,,,,0x80041002,NT AUTHORITY\SYSTEM,http://manifests.microsoft.com/win/2006/windows/WMI,
2026-09-02T00:02:03.229553Z,5858,dc.scaffold.htb,Microsoft-Windows-WMI-Activity,Microsoft-Windows-WMI-Activity/Operational,3063,2,,DC,1456,,Unknown,,,{36D3627C-55C6-4F9D-86C8-7F37295F73DB},,,"Start IWbemServices::DeleteInstance - Root\Rsop\Computer : RSOP_ExtensionStatus.extensionGuid=""{AADCED64-746C-4633-A97C-D61349046527}""",Unknown,,,,,,0x80041002,NT AUTHORITY\SYSTEM,http://manifests.microsoft.com/win/2006/windows/WMI,
2026-09-02T00:02:03.230172Z,5858,dc.scaffold.htb,Microsoft-Windows-WMI-Activity,Microsoft-Windows-WMI-Activity/Operational,3064,2,,DC,1456,,Unknown,,,{36D3627C-55C6-4F9D-86C8-7F37295F73DB},,,"Start IWbemServices::DeleteInstance - Root\Rsop\Computer : RSOP_ExtensionStatus.extensionGuid=""{B087BE9D-ED37-454f-AF9C-04291E351182}""",Unknown,,,,,,0x80041002,NT AUTHORITY\SYSTEM,http://manifests.microsoft.com/win/2006/windows/WMI,
2026-09-02T00:02:03.230879Z,5858,dc.scaffold.htb,Microsoft-Windows-WMI-Activity,Microsoft-Windows-WMI-Activity/Operational,3065,2,,DC,1456,,Unknown,,,{36D3627C-55C6-4F9D-86C8-7F37295F73DB},,,"Start IWbemServices::DeleteInstance - Root\Rsop\Computer : RSOP_ExtensionStatus.extensionGuid=""{B587E2B1-4D59-4e7e-AED9-22B9DF11D053}""",Unknown,,,,,,0x80041002,NT AUTHORITY\SYSTEM,http://manifests.microsoft.com/win/2006/windows/WMI,
2026-09-02T00:02:03.231501Z,5858,dc.scaffold.htb,Microsoft-Windows-WMI-Activity,Microsoft-Windows-WMI-Activity/Operational,3066,2,,DC,1456,,Unknown,,,{36D3627C-55C6-4F9D-86C8-7F37295F73DB},,,"Start IWbemServices::DeleteInstance - Root\Rsop\Computer : RSOP_ExtensionStatus.extensionGuid=""{BA649533-0AAC-4E04-B9BC-4DBAE0325B12}""",Unknown,,,,,,0x80041002,NT AUTHORITY\SYSTEM,http://manifests.microsoft.com/win/2006/windows/WMI,
2026-09-02T00:02:03.232177Z,5858,dc.scaffold.htb,Microsoft-Windows-WMI-Activity,Microsoft-Windows-WMI-Activity/Operational,3067,2,,DC,1456,,Unknown,,,{36D3627C-55C6-4F9D-86C8-7F37295F73DB},,,"Start IWbemServices::DeleteInstance - Root\Rsop\Computer : RSOP_ExtensionStatus.extensionGuid=""{BC75B1ED-5833-4858-9BB8-CBF0B166DF9D}""",Unknown,,,,,,0x80041002,NT AUTHORITY\SYSTEM,http://manifests.microsoft.com/win/2006/windows/WMI,
2026-09-02T00:02:03.233011Z,5858,dc.scaffold.htb,Microsoft-Windows-WMI-Activity,Microsoft-Windows-WMI-Activity/Operational,3068,2,,DC,1456,,Unknown,,,{36D3627C-55C6-4F9D-86C8-7F37295F73DB},,,"Start IWbemServices::DeleteInstance - Root\Rsop\Computer : RSOP_ExtensionStatus.extensionGuid=""{C34B2751-1CF4-44F5-9262-C3FC39666591}""",Unknown,,,,,,0x80041002,NT AUTHORITY\SYSTEM,http://manifests.microsoft.com/win/2006/windows/WMI,
2026-09-02T00:02:03.233665Z,5858,dc.scaffold.htb,Microsoft-Windows-WMI-Activity,Microsoft-Windows-WMI-Activity/Operational,3069,2,,DC,1456,,Unknown,,,{36D3627C-55C6-4F9D-86C8-7F37295F73DB},,,"Start IWbemServices::DeleteInstance - Root\Rsop\Computer : RSOP_ExtensionStatus.extensionGuid=""{C418DD9D-0D14-4efb-8FBF-CFE535C8FAC7}""",Unknown,,,,,,0x80041002,NT AUTHORITY\SYSTEM,http://manifests.microsoft.com/win/2006/windows/WMI,
2026-09-02T00:02:03.234375Z,5858,dc.scaffold.htb,Microsoft-Windows-WMI-Activity,Microsoft-Windows-WMI-Activity/Operational,3070,2,,DC,1456,,Unknown,,,{36D3627C-55C6-4F9D-86C8-7F37295F73DB},,,"Start IWbemServices::DeleteInstance - Root\Rsop\Computer : RSOP_ExtensionStatus.extensionGuid=""{C631DF4C-088F-4156-B058-4375F0853CD8}""",Unknown,,,,,,0x80041002,NT AUTHORITY\SYSTEM,http://manifests.microsoft.com/win/2006/windows/WMI,
2026-09-02T00:02:03.235058Z,5858,dc.scaffold.htb,Microsoft-Windows-WMI-Activity,Microsoft-Windows-WMI-Activity/Operational,3071,2,,DC,1456,,Unknown,,,{36D3627C-55C6-4F9D-86C8-7F37295F73DB},,,"Start IWbemServices::DeleteInstance - Root\Rsop\Computer : RSOP_ExtensionStatus.extensionGuid=""{c6dc5466-785a-11d2-84d0-00c04fb169f7}""",Unknown,,,,,,0x80041002,NT AUTHORITY\SYSTEM,http://manifests.microsoft.com/win/2006/windows/WMI,
2026-09-02T00:02:03.235687Z,5858,dc.scaffold.htb,Microsoft-Windows-WMI-Activity,Microsoft-Windows-WMI-Activity/Operational,3072,2,,DC,1456,,Unknown,,,{36D3627C-55C6-4F9D-86C8-7F37295F73DB},,,"Start IWbemServices::DeleteInstance - Root\Rsop\Computer : RSOP_ExtensionStatus.extensionGuid=""{cdeafc3d-948d-49dd-ab12-e578ba4af7aa}""",Unknown,,,,,,0x80041002,NT AUTHORITY\SYSTEM,http://manifests.microsoft.com/win/2006/windows/WMI,
2026-09-02T00:02:03.236408Z,5858,dc.scaffold.htb,Microsoft-Windows-WMI-Activity,Microsoft-Windows-WMI-Activity/Operational,3073,2,,DC,1456,,Unknown,,,{36D3627C-55C6-4F9D-86C8-7F37295F73DB},,,"Start IWbemServices::DeleteInstance - Root\Rsop\Computer : RSOP_ExtensionStatus.extensionGuid=""{CF7639F3-ABA2-41DB-97F2-81E2C5DBFC5D}""",Unknown,,,,,,0x80041002,NT AUTHORITY\SYSTEM,http://manifests.microsoft.com/win/2006/windows/WMI,
2026-09-02T00:02:03.237060Z,5858,dc.scaffold.htb,Microsoft-Windows-WMI-Activity,Microsoft-Windows-WMI-Activity/Operational,3074,2,,DC,1456,,Unknown,,,{36D3627C-55C6-4F9D-86C8-7F37295F73DB},,,"Start IWbemServices::DeleteInstance - Root\Rsop\Computer : RSOP_ExtensionStatus.extensionGuid=""{CFF649BD-601D-4361-AD3D-0FC365DB4DB7}""",Unknown,,,,,,0x80041002,NT AUTHORITY\SYSTEM,http://manifests.microsoft.com/win/2006/windows/WMI,
2026-09-02T00:02:03.237676Z,5858,dc.scaffold.htb,Microsoft-Windows-WMI-Activity,Microsoft-Windows-WMI-Activity/Operational,3075,2,,DC,1456,,Unknown,,,{36D3627C-55C6-4F9D-86C8-7F37295F73DB},,,"Start IWbemServices::DeleteInstance - Root\Rsop\Computer : RSOP_ExtensionStatus.extensionGuid=""{e437bc1c-aa7d-11d2-a382-00c04f991e27}""",Unknown,,,,,,0x80041002,NT AUTHORITY\SYSTEM,http://manifests.microsoft.com/win/2006/windows/WMI,
2026-09-02T00:02:03.238351Z,5858,dc.scaffold.htb,Microsoft-Windows-WMI-Activity,Microsoft-Windows-WMI-Activity/Operational,3076,2,,DC,1456,,Unknown,,,{36D3627C-55C6-4F9D-86C8-7F37295F73DB},,,"Start IWbemServices::DeleteInstance - Root\Rsop\Computer : RSOP_ExtensionStatus.extensionGuid=""{E4F48E54-F38D-4884-BFB9-D4D2E5729C18}""",Unknown,,,,,,0x80041002,NT AUTHORITY\SYSTEM,http://manifests.microsoft.com/win/2006/windows/WMI,
2026-09-02T00:02:03.239099Z,5858,dc.scaffold.htb,Microsoft-Windows-WMI-Activity,Microsoft-Windows-WMI-Activity/Operational,3077,2,,DC,1456,,Unknown,,,{36D3627C-55C6-4F9D-86C8-7F37295F73DB},,,"Start IWbemServices::DeleteInstance - Root\Rsop\Computer : RSOP_ExtensionStatus.extensionGuid=""{E5094040-C46C-4115-B030-04FB2E545B00}""",Unknown,,,,,,0x80041002,NT AUTHORITY\SYSTEM,http://manifests.microsoft.com/win/2006/windows/WMI,
2026-09-02T00:02:03.239726Z,5858,dc.scaffold.htb,Microsoft-Windows-WMI-Activity,Microsoft-Windows-WMI-Activity/Operational,3078,2,,DC,1456,,Unknown,,,{36D3627C-55C6-4F9D-86C8-7F37295F73DB},,,"Start IWbemServices::DeleteInstance - Root\Rsop\Computer : RSOP_ExtensionStatus.extensionGuid=""{E62688F0-25FD-4c90-BFF5-F508B9D2E31F}""",Unknown,,,,,,0x80041002,NT AUTHORITY\SYSTEM,http://manifests.microsoft.com/win/2006/windows/WMI,
2026-09-02T00:02:03.240368Z,5858,dc.scaffold.htb,Microsoft-Windows-WMI-Activity,Microsoft-Windows-WMI-Activity/Operational,3079,2,,DC,1456,,Unknown,,,{36D3627C-55C6-4F9D-86C8-7F37295F73DB},,,"Start IWbemServices::DeleteInstance - Root\Rsop\Computer : RSOP_ExtensionStatus.extensionGuid=""{F312195E-3D9D-447A-A3F5-08DFFA24735E}""",Unknown,,,,,,0x80041002,NT AUTHORITY\SYSTEM,http://manifests.microsoft.com/win/2006/windows/WMI,
2026-09-02T00:02:03.249974Z,5858,dc.scaffold.htb,Microsoft-Windows-WMI-Activity,Microsoft-Windows-WMI-Activity/Operational,3080,2,,DC,1456,,Unknown,,,{36D3627C-55C6-4F9D-86C8-7F37295F73DB},,,"Start IWbemServices::DeleteInstance - Root\Rsop\Computer : RSOP_ExtensionStatus.extensionGuid=""{FB2CA36D-0B40-4307-821B-A13B252DE56C}""",Unknown,,,,,,0x80041002,NT AUTHORITY\SYSTEM,http://manifests.microsoft.com/win/2006/windows/WMI,
2026-09-02T00:02:03.250729Z,5858,dc.scaffold.htb,Microsoft-Windows-WMI-Activity,Microsoft-Windows-WMI-Activity/Operational,3081,2,,DC,1456,,Unknown,,,{36D3627C-55C6-4F9D-86C8-7F37295F73DB},,,"Start IWbemServices::DeleteInstance - Root\Rsop\Computer : RSOP_ExtensionStatus.extensionGuid=""{fbf687e6-f063-4d9f-9f4f-fd9a26acdd5f}""",Unknown,,,,,,0x80041002,NT AUTHORITY\SYSTEM,http://manifests.microsoft.com/win/2006/windows/WMI,
2026-09-02T00:02:03.251513Z,5858,dc.scaffold.htb,Microsoft-Windows-WMI-Activity,Microsoft-Windows-WMI-Activity/Operational,3082,2,,DC,1456,,Unknown,,,{36D3627C-55C6-4F9D-86C8-7F37295F73DB},,,"Start IWbemServices::DeleteInstance - Root\Rsop\Computer : RSOP_ExtensionStatus.extensionGuid=""{FC491EF1-C4AA-4CE1-B329-414B101DB823}""",Unknown,,,,,,0x80041002,NT AUTHORITY\SYSTEM,http://manifests.microsoft.com/win/2006/windows/WMI,
2026-09-02T00:02:18.497755Z,5858,dc.scaffold.htb,Microsoft-Windows-WMI-Activity,Microsoft-Windows-WMI-Activity/Operational,3083,2,,DC,5136,,Unknown,,,{00000000-0000-0000-0000-000000000000},,,Start IWbemServices::ExecQuery - root\cimv2 : SELECT * FROM Win32_ComputerSystemProduct,Unknown,,,,,,0x80041032,NT AUTHORITY\SYSTEM,http://manifests.microsoft.com/win/2006/windows/WMI,
2026-09-02T00:02:51.747785Z,5857,dc.scaffold.htb,Microsoft-Windows-WMI-Activity,Microsoft-Windows-WMI-Activity/Operational,3084,0,,,,0x0,,,wmiprvse.exe,,,,,,4312,,nettcpip,%systemroot%\system32\wbem\NetTCPIP.dll,,,,http://manifests.microsoft.com/win/2006/windows/WMI,
2026-09-02T00:02:52.761812Z,5857,dc.scaffold.htb,Microsoft-Windows-WMI-Activity,Microsoft-Windows-WMI-Activity/Operational,3085,0,,,,0x0,,,wmiprvse.exe,,,,,,5564,,NetAdapterCim,%systemroot%\system32\wbem\NetAdapterCim.dll,,,,http://manifests.microsoft.com/win/2006/windows/WMI,
2026-09-02T00:02:53.596009Z,5857,dc.scaffold.htb,Microsoft-Windows-WMI-Activity,Microsoft-Windows-WMI-Activity/Operational,3086,0,,,,0x0,,,wmiprvse.exe,,,,,,4560,,dnsclientcim,%SYSTEMROOT%\System32\wbem\dnsclientcim.dll,,,,http://manifests.microsoft.com/win/2006/windows/WMI,
2026-09-02T00:03:00.498769Z,5857,dc.scaffold.htb,Microsoft-Windows-WMI-Activity,Microsoft-Windows-WMI-Activity/Operational,3087,0,,,,0x0,,,wmiprvse.exe,,,,,,4312,,WMIPingProvider,%systemroot%\system32\wbem\WMIPICMP.dll,,,,http://manifests.microsoft.com/win/2006/windows/WMI,
2026-09-02T00:08:53.525833Z,5857,dc.scaffold.htb,Microsoft-Windows-WMI-Activity,Microsoft-Windows-WMI-Activity/Operational,3088,0,,,,0x0,,,wmiprvse.exe,,,,,,5400,,WmiPerfInst,C:\Windows\System32\wbem\WmiPerfInst.dll,,,,http://manifests.microsoft.com/win/2006/windows/WMI,
2026-09-02T00:10:18.277302Z,5858,dc.scaffold.htb,Microsoft-Windows-WMI-Activity,Microsoft-Windows-WMI-Activity/Operational,3089,2,,DC,2652,,Unknown,,,{EB779C86-3A6D-0000-50A3-77EB6D3ADD01},,,Start IWbemServices::ExecNotificationQuery - ROOT\CIMV2 : SELECT * FROM Win32_ProcessStartTrace WHERE ProcessName = 'wsmprovhost.exe',Unknown,,,,,,0x80041032,NT AUTHORITY\SYSTEM,http://manifests.microsoft.com/win/2006/windows/WMI,
2026-09-02T00:12:03.124407Z,5857,dc.scaffold.htb,Microsoft-Windows-WMI-Activity,Microsoft-Windows-WMI-Activity/Operational,3090,0,,,,0x0,,,wmiprvse.exe,,,,,,2696,,WmiPerfInst,C:\Windows\System32\wbem\WmiPerfInst.dll,,,,http://manifests.microsoft.com/win/2006/windows/WMI,
2026-09-02T00:12:56.243195Z,5857,dc.scaffold.htb,Microsoft-Windows-WMI-Activity,Microsoft-Windows-WMI-Activity/Operational,3091,0,,,,0x0,,,wmiprvse.exe,,,,,,4312,,nettcpip,%systemroot%\system32\wbem\NetTCPIP.dll,,,,http://manifests.microsoft.com/win/2006/windows/WMI,
2026-09-02T00:12:56.409447Z,5857,dc.scaffold.htb,Microsoft-Windows-WMI-Activity,Microsoft-Windows-WMI-Activity/Operational,3092,0,,,,0x0,,,wmiprvse.exe,,,,,,4296,,dnsclientcim,%SYSTEMROOT%\System32\wbem\dnsclientcim.dll,,,,http://manifests.microsoft.com/win/2006/windows/WMI,
2026-09-02T00:13:11.163449Z,5857,dc.scaffold.htb,Microsoft-Windows-WMI-Activity,Microsoft-Windows-WMI-Activity/Operational,3093,0,,,,0x0,,,wmiprvse.exe,,,,,,4312,,SppProvider,%SystemRoot%\System32\sppwmi.dll,,,,http://manifests.microsoft.com/win/2006/windows/WMI,
2026-09-02T00:13:29.609417Z,5858,dc.scaffold.htb,Microsoft-Windows-WMI-Activity,Microsoft-Windows-WMI-Activity/Operational,3094,2,,DC,3256,,Unknown,,,{00000000-0000-0000-0000-000000000000},,,Start IWbemServices::ExecQuery - root\cimv2 : SELECT Version FROM SoftwareLicensingService,Unknown,,,,,,0x80041032,SCAFFOLD\Administrator,http://manifests.microsoft.com/win/2006/windows/WMI,
2026-09-02T00:13:30.537781Z,5857,dc.scaffold.htb,Microsoft-Windows-WMI-Activity,Microsoft-Windows-WMI-Activity/Operational,3095,0,,,,0x0,,,wmiprvse.exe,,,,,,2696,,RegProv,%systemroot%\system32\wbem\stdprov.dll,,,,http://manifests.microsoft.com/win/2006/windows/WMI,
2026-09-02T00:17:25.418781Z,5857,dc.scaffold.htb,Microsoft-Windows-WMI-Activity,Microsoft-Windows-WMI-Activity/Operational,3096,0,,,,0x0,,,wmiprvse.exe,,,,,,4312,,SppProvider,%SystemRoot%\System32\sppwmi.dll,,,,http://manifests.microsoft.com/win/2006/windows/WMI,
2026-09-02T00:18:05.381270Z,5857,dc.scaffold.htb,Microsoft-Windows-WMI-Activity,Microsoft-Windows-WMI-Activity/Operational,3097,0,,,,0x0,,,wmiprvse.exe,,,,,,4312,,nettcpip,%systemroot%\system32\wbem\NetTCPIP.dll,,,,http://manifests.microsoft.com/win/2006/windows/WMI,
2026-09-02T00:18:06.203088Z,5857,dc.scaffold.htb,Microsoft-Windows-WMI-Activity,Microsoft-Windows-WMI-Activity/Operational,3098,0,,,,0x0,,,wmiprvse.exe,,,,,,3744,,NetAdapterCim,%systemroot%\system32\wbem\NetAdapterCim.dll,,,,http://manifests.microsoft.com/win/2006/windows/WMI,
2026-09-02T00:18:07.047613Z,5857,dc.scaffold.htb,Microsoft-Windows-WMI-Activity,Microsoft-Windows-WMI-Activity/Operational,3099,0,,,,0x0,,,wmiprvse.exe,,,,,,5700,,dnsclientcim,%SYSTEMROOT%\System32\wbem\dnsclientcim.dll,,,,http://manifests.microsoft.com/win/2006/windows/WMI,
2026-09-02T02:17:14.589450Z,5857,dc.scaffold.htb,Microsoft-Windows-WMI-Activity,Microsoft-Windows-WMI-Activity/Operational,3100,0,,,,0x0,,,wmiprvse.exe,,,,,,4444,,CIMWin32,%systemroot%\system32\wbem\cimwin32.dll,,,,http://manifests.microsoft.com/win/2006/windows/WMI,
2026-09-02T02:17:17.982606Z,5857,dc.scaffold.htb,Microsoft-Windows-WMI-Activity,Microsoft-Windows-WMI-Activity/Operational,3101,0,,,,0x0,,,wmiprvse.exe,,,,,,4660,,WMIProv,%systemroot%\system32\wbem\wmiprov.dll,,,,http://manifests.microsoft.com/win/2006/windows/WMI,
2026-09-02T02:17:18.578548Z,5858,dc.scaffold.htb,Microsoft-Windows-WMI-Activity,Microsoft-Windows-WMI-Activity/Operational,3102,2,,DC,3676,,Unknown,,,{00000000-0000-0000-0000-000000000000},,,Start IWbemServices::CreateInstanceEnum - root\wmi : MS_SM_AdapterInformationQuery,Unknown,,,,,,0x8004100c,NT AUTHORITY\SYSTEM,http://manifests.microsoft.com/win/2006/windows/WMI,
2026-09-02T02:17:18.623000Z,5858,dc.scaffold.htb,Microsoft-Windows-WMI-Activity,Microsoft-Windows-WMI-Activity/Operational,3103,2,,DC,3676,,Unknown,,,{00000000-0000-0000-0000-000000000000},,,Start IWbemServices::CreateInstanceEnum - root\wmi : MSiSCSI_PortalInfoClass,Unknown,,,,,,0x8004100c,NT AUTHORITY\SYSTEM,http://manifests.microsoft.com/win/2006/windows/WMI,
2026-09-02T02:17:33.757841Z,5857,dc.scaffold.htb,Microsoft-Windows-WMI-Activity,Microsoft-Windows-WMI-Activity/Operational,3104,0,,,,0x0,,,wmiprvse.exe,,,,,,4660,,WmiPerfClass,C:\Windows\System32\wbem\WmiPerfClass.dll,,,,http://manifests.microsoft.com/win/2006/windows/WMI,
2026-09-02T02:17:44.362031Z,5858,dc.scaffold.htb,Microsoft-Windows-WMI-Activity,Microsoft-Windows-WMI-Activity/Operational,3105,2,,DC,2356,,Unknown,,,{00000000-0000-0000-0000-000000000000},,,Start IWbemServices::ExecQuery - ROOT\CIMV2 : Select * from Win32_Process Where ProcessID = '1220',Unknown,,,,,,0x80041032,SCAFFOLD\Administrator,http://manifests.microsoft.com/win/2006/windows/WMI,
2026-09-02T02:24:59.857057Z,5857,dc.scaffold.htb,Microsoft-Windows-WMI-Activity,Microsoft-Windows-WMI-Activity/Operational,3106,0,,,,0x0,,,wmiprvse.exe,,,,,,4424,,CIMWin32,%systemroot%\system32\wbem\cimwin32.dll,,,,http://manifests.microsoft.com/win/2006/windows/WMI,
2026-09-02T02:25:02.765796Z,5857,dc.scaffold.htb,Microsoft-Windows-WMI-Activity,Microsoft-Windows-WMI-Activity/Operational,3107,0,,,,0x0,,,wmiprvse.exe,,,,,,4708,,WMIProv,%systemroot%\system32\wbem\wmiprov.dll,,,,http://manifests.microsoft.com/win/2006/windows/WMI,
2026-09-02T02:25:02.845552Z,5858,dc.scaffold.htb,Microsoft-Windows-WMI-Activity,Microsoft-Windows-WMI-Activity/Operational,3108,2,,DC,3712,,Unknown,,,{00000000-0000-0000-0000-000000000000},,,Start IWbemServices::CreateInstanceEnum - root\wmi : MS_SM_AdapterInformationQuery,Unknown,,,,,,0x8004100c,NT AUTHORITY\SYSTEM,http://manifests.microsoft.com/win/2006/windows/WMI,
2026-09-02T02:25:02.860456Z,5858,dc.scaffold.htb,Microsoft-Windows-WMI-Activity,Microsoft-Windows-WMI-Activity/Operational,3109,2,,DC,3712,,Unknown,,,{00000000-0000-0000-0000-000000000000},,,Start IWbemServices::CreateInstanceEnum - root\wmi : MSiSCSI_PortalInfoClass,Unknown,,,,,,0x8004100c,NT AUTHORITY\SYSTEM,http://manifests.microsoft.com/win/2006/windows/WMI,
2026-09-02T02:25:18.700760Z,5857,dc.scaffold.htb,Microsoft-Windows-WMI-Activity,Microsoft-Windows-WMI-Activity/Operational,3110,0,,,,0x0,,,wmiprvse.exe,,,,,,4708,,WmiPerfClass,C:\Windows\System32\wbem\WmiPerfClass.dll,,,,http://manifests.microsoft.com/win/2006/windows/WMI,
2026-09-02T02:25:31.805394Z,5858,dc.scaffold.htb,Microsoft-Windows-WMI-Activity,Microsoft-Windows-WMI-Activity/Operational,3111,2,,DC,3016,,Unknown,,,{00000000-0000-0000-0000-000000000000},,,Start IWbemServices::ExecQuery - ROOT\CIMV2 : Select * from Win32_Process Where ProcessID = '0',Unknown,,,,,,0x80041032,SCAFFOLD\Administrator,http://manifests.microsoft.com/win/2006/windows/WMI,
2026-09-02T02:25:39.375587Z,5857,dc.scaffold.htb,Microsoft-Windows-WMI-Activity,Microsoft-Windows-WMI-Activity/Operational,3112,0,,,,0x0,,,wmiprvse.exe,,,,,,4424,,MS_NT_EVENTLOG_PROVIDER,%systemroot%\system32\wbem\ntevt.dll,,,,http://manifests.microsoft.com/win/2006/windows/WMI,
2026-09-02T03:17:26.347506Z,5857,dc.scaffold.htb,Microsoft-Windows-WMI-Activity,Microsoft-Windows-WMI-Activity/Operational,3113,0,,,,0x0,,,wmiprvse.exe,,,,,,4276,,CIMWin32,%systemroot%\system32\wbem\cimwin32.dll,,,,http://manifests.microsoft.com/win/2006/windows/WMI,
2026-09-02T03:17:29.168087Z,5857,dc.scaffold.htb,Microsoft-Windows-WMI-Activity,Microsoft-Windows-WMI-Activity/Operational,3114,0,,,,0x0,,,wmiprvse.exe,,,,,,4580,,WMIProv,%systemroot%\system32\wbem\wmiprov.dll,,,,http://manifests.microsoft.com/win/2006/windows/WMI,
2026-09-02T03:17:29.192398Z,5858,dc.scaffold.htb,Microsoft-Windows-WMI-Activity,Microsoft-Windows-WMI-Activity/Operational,3115,2,,DC,3788,,Unknown,,,{00000000-0000-0000-0000-000000000000},,,Start IWbemServices::CreateInstanceEnum - root\wmi : MS_SM_AdapterInformationQuery,Unknown,,,,,,0x8004100c,NT AUTHORITY\SYSTEM,http://manifests.microsoft.com/win/2006/windows/WMI,
2026-09-02T03:17:29.215001Z,5858,dc.scaffold.htb,Microsoft-Windows-WMI-Activity,Microsoft-Windows-WMI-Activity/Operational,3116,2,,DC,3788,,Unknown,,,{00000000-0000-0000-0000-000000000000},,,Start IWbemServices::CreateInstanceEnum - root\wmi : MSiSCSI_PortalInfoClass,Unknown,,,,,,0x8004100c,NT AUTHORITY\SYSTEM,http://manifests.microsoft.com/win/2006/windows/WMI,
2026-09-02T03:17:44.901960Z,5857,dc.scaffold.htb,Microsoft-Windows-WMI-Activity,Microsoft-Windows-WMI-Activity/Operational,3117,0,,,,0x0,,,wmiprvse.exe,,,,,,4580,,WmiPerfClass,C:\Windows\System32\wbem\WmiPerfClass.dll,,,,http://manifests.microsoft.com/win/2006/windows/WMI,
2026-09-02T03:17:55.278958Z,5858,dc.scaffold.htb,Microsoft-Windows-WMI-Activity,Microsoft-Windows-WMI-Activity/Operational,3118,2,,DC,5324,,Unknown,,,{00000000-0000-0000-0000-000000000000},,,"Start IWbemServices::ExecQuery - ROOT\CIMV2 : SELECT Manufacturer, Product FROM Win32_BaseBoard",Unknown,,,,,,0x80041032,NT AUTHORITY\NETWORK SERVICE,http://manifests.microsoft.com/win/2006/windows/WMI,
2026-09-02T03:18:05.506168Z,5857,dc.scaffold.htb,Microsoft-Windows-WMI-Activity,Microsoft-Windows-WMI-Activity/Operational,3119,0,,,,0x0,,,wmiprvse.exe,,,,,,4276,,MS_NT_EVENTLOG_PROVIDER,%systemroot%\system32\wbem\ntevt.dll,,,,http://manifests.microsoft.com/win/2006/windows/WMI,
2026-09-02T03:18:43.975741Z,5857,dc.scaffold.htb,Microsoft-Windows-WMI-Activity,Microsoft-Windows-WMI-Activity/Operational,3120,0,,,,0x0,,,wmiprvse.exe,,,,,,4276,,mgmtprovider,%systemroot%\system32\wbem\mgmtprovider.dll,,,,http://manifests.microsoft.com/win/2006/windows/WMI,
2026-09-02T03:18:44.234732Z,5857,dc.scaffold.htb,Microsoft-Windows-WMI-Activity,Microsoft-Windows-WMI-Activity/Operational,3121,0,,,,0x0,,,wmiprvse.exe,,,,,,6952,,NetAdapterCim,%systemroot%\system32\wbem\NetAdapterCim.dll,,,,http://manifests.microsoft.com/win/2006/windows/WMI,
2026-09-02T03:18:44.388096Z,5857,dc.scaffold.htb,Microsoft-Windows-WMI-Activity,Microsoft-Windows-WMI-Activity/Operational,3122,0,,,,0x0,,,wmiprvse.exe,,,,,,4276,,nettcpip,%systemroot%\system32\wbem\NetTCPIP.dll,,,,http://manifests.microsoft.com/win/2006/windows/WMI,
2026-09-02T03:18:51.103279Z,5857,dc.scaffold.htb,Microsoft-Windows-WMI-Activity,Microsoft-Windows-WMI-Activity/Operational,3123,0,,,,0x0,,,wmiprvse.exe,,,,,,2684,,deploymentprovider,%systemroot%\system32\wbem\ServerManager.DeploymentProvider.dll,,,,http://manifests.microsoft.com/win/2006/windows/WMI,
2026-09-02T03:19:02.073433Z,5858,dc.scaffold.htb,Microsoft-Windows-WMI-Activity,Microsoft-Windows-WMI-Activity/Operational,3124,2,,DC,5484,,Provider,,,{F7ADF726-547D-401F-918B-C61DF91422AC},,,Start IWbemServices::ExecMethod - root\microsoft\windows\servermanager : MSFT_ServerManagerTasks::GetServerFeature,Unknown,,,,,,0x80041001,SCAFFOLD\Administrator,http://manifests.microsoft.com/win/2006/windows/WMI,
2026-09-02T03:19:05.265303Z,5861,dc.scaffold.htb,Microsoft-Windows-WMI-Activity,Microsoft-Windows-WMI-Activity/Operational,3125,0,"NTEventLogEventConsumer=""SCM Event Log Consumer""",,,,,SCM Event Log Filter,,,//./root/subscription,,,"Binding EventFilter: 
instance of __EventFilter
{
	CreatorSID = {1, 2, 0, 0, 0, 0, 0, 5, 32, 0, 0, 0, 32, 2, 0, 0};
	EventNamespace = ""root\\cimv2"";
	Name = ""SCM Event Log Filter"";
	Query = ""select * from MSFT_SCMEventLogEvent"";
	QueryLanguage = ""WQL"";
};
Perm. Consumer: 
instance of NTEventLogEventConsumer
{
	Category = 0;
	CreatorSID = {1, 2, 0, 0, 0, 0, 0, 5, 32, 0, 0, 0, 32, 2, 0, 0};
	EventType = 1;
	Name = ""SCM Event Log Consumer"";
	NameOfUserSIDProperty = ""sid"";
	SourceName = ""Service Control Manager"";
};
",,,,,,,,http://manifests.microsoft.com/win/2006/windows/WMI,
2026-09-02T03:19:05.327566Z,5859,dc.scaffold.htb,SCM Event Provider,Microsoft-Windows-WMI-Activity/Operational,3126,0,,,,,,,,,,//./root/CIMV2,,Permanent,,2456,,,select * from MSFT_SCMEventLogEvent,,S-1-5-32-544,http://manifests.microsoft.com/win/2006/windows/WMI,0
2026-09-02T03:21:13.141519Z,5857,dc.scaffold.htb,Microsoft-Windows-WMI-Activity,Microsoft-Windows-WMI-Activity/Operational,3127,0,,,,0x0,,,wmiprvse.exe,,,,,,4276,,CIMWin32a,%systemroot%\system32\wbem\wmipcima.dll,,,,http://manifests.microsoft.com/win/2006/windows/WMI,
2026-09-02T03:22:10.351410Z,5857,dc.scaffold.htb,Microsoft-Windows-WMI-Activity,Microsoft-Windows-WMI-Activity/Operational,3128,0,,,,0x0,,,wmiprvse.exe,,,,,,4172,,CIMWin32,%systemroot%\system32\wbem\cimwin32.dll,,,,http://manifests.microsoft.com/win/2006/windows/WMI,
2026-09-02T03:22:11.819404Z,5857,dc.scaffold.htb,Microsoft-Windows-WMI-Activity,Microsoft-Windows-WMI-Activity/Operational,3129,0,,,,0x0,,,wmiprvse.exe,,,,,,4172,,CIMWin32a,%systemroot%\system32\wbem\wmipcima.dll,,,,http://manifests.microsoft.com/win/2006/windows/WMI,
2026-09-02T03:22:16.002824Z,5857,dc.scaffold.htb,Microsoft-Windows-WMI-Activity,Microsoft-Windows-WMI-Activity/Operational,3130,0,,,,0x0,,,wmiprvse.exe,,,,,,4300,,WMIProv,%systemroot%\system32\wbem\wmiprov.dll,,,,http://manifests.microsoft.com/win/2006/windows/WMI,
2026-09-02T03:22:16.054326Z,5858,dc.scaffold.htb,Microsoft-Windows-WMI-Activity,Microsoft-Windows-WMI-Activity/Operational,3131,2,,DC,3748,,Unknown,,,{00000000-0000-0000-0000-000000000000},,,Start IWbemServices::CreateInstanceEnum - root\wmi : MS_SM_AdapterInformationQuery,Unknown,,,,,,0x8004100c,NT AUTHORITY\SYSTEM,http://manifests.microsoft.com/win/2006/windows/WMI,
2026-09-02T03:22:16.377538Z,5858,dc.scaffold.htb,Microsoft-Windows-WMI-Activity,Microsoft-Windows-WMI-Activity/Operational,3132,2,,DC,3748,,Unknown,,,{00000000-0000-0000-0000-000000000000},,,Start IWbemServices::CreateInstanceEnum - root\wmi : MSiSCSI_PortalInfoClass,Unknown,,,,,,0x8004100c,NT AUTHORITY\SYSTEM,http://manifests.microsoft.com/win/2006/windows/WMI,
2026-09-02T03:22:26.821987Z,5857,dc.scaffold.htb,Microsoft-Windows-WMI-Activity,Microsoft-Windows-WMI-Activity/Operational,3133,0,,,,0x0,,,wmiprvse.exe,,,,,,4300,,WmiPerfClass,C:\Windows\System32\wbem\WmiPerfClass.dll,,,,http://manifests.microsoft.com/win/2006/windows/WMI,
2026-09-02T03:22:47.551708Z,5857,dc.scaffold.htb,Microsoft-Windows-WMI-Activity,Microsoft-Windows-WMI-Activity/Operational,3134,0,,,,0x0,,,wmiprvse.exe,,,,,,4172,,MS_NT_EVENTLOG_PROVIDER,%systemroot%\system32\wbem\ntevt.dll,,,,http://manifests.microsoft.com/win/2006/windows/WMI,
2026-09-02T03:23:11.999745Z,5858,dc.scaffold.htb,Microsoft-Windows-WMI-Activity,Microsoft-Windows-WMI-Activity/Operational,3135,2,,DC,5964,,Unknown,,,{00000000-0000-0000-0000-000000000000},,,"Start IWbemServices::ExecQuery - ROOT\CIMV2 : SELECT Manufacturer, Product FROM Win32_BaseBoard",Unknown,,,,,,0x80041032,NT AUTHORITY\NETWORK SERVICE,http://manifests.microsoft.com/win/2006/windows/WMI,
2026-09-02T03:23:47.260913Z,5861,dc.scaffold.htb,Microsoft-Windows-WMI-Activity,Microsoft-Windows-WMI-Activity/Operational,3136,0,"NTEventLogEventConsumer=""SCM Event Log Consumer""",,,,,SCM Event Log Filter,,,//./root/subscription,,,"Binding EventFilter: 
instance of __EventFilter
{
	CreatorSID = {1, 2, 0, 0, 0, 0, 0, 5, 32, 0, 0, 0, 32, 2, 0, 0};
	EventNamespace = ""root\\cimv2"";
	Name = ""SCM Event Log Filter"";
	Query = ""select * from MSFT_SCMEventLogEvent"";
	QueryLanguage = ""WQL"";
};
Perm. Consumer: 
instance of NTEventLogEventConsumer
{
	Category = 0;
	CreatorSID = {1, 2, 0, 0, 0, 0, 0, 5, 32, 0, 0, 0, 32, 2, 0, 0};
	EventType = 1;
	Name = ""SCM Event Log Consumer"";
	NameOfUserSIDProperty = ""sid"";
	SourceName = ""Service Control Manager"";
};
",,,,,,,,http://manifests.microsoft.com/win/2006/windows/WMI,
2026-09-02T03:23:47.392130Z,5859,dc.scaffold.htb,SCM Event Provider,Microsoft-Windows-WMI-Activity/Operational,3137,0,,,,,,,,,,//./root/CIMV2,,Permanent,,2448,,,select * from MSFT_SCMEventLogEvent,,S-1-5-32-544,http://manifests.microsoft.com/win/2006/windows/WMI,0
2026-09-02T03:24:07.991008Z,5857,dc.scaffold.htb,Microsoft-Windows-WMI-Activity,Microsoft-Windows-WMI-Activity/Operational,3138,0,,,,0x0,,,wmiprvse.exe,,,,,,4172,,mgmtprovider,%systemroot%\system32\wbem\mgmtprovider.dll,,,,http://manifests.microsoft.com/win/2006/windows/WMI,
2026-09-02T03:24:08.124652Z,5857,dc.scaffold.htb,Microsoft-Windows-WMI-Activity,Microsoft-Windows-WMI-Activity/Operational,3139,0,,,,0x0,,,wmiprvse.exe,,,,,,7008,,NetAdapterCim,%systemroot%\system32\wbem\NetAdapterCim.dll,,,,http://manifests.microsoft.com/win/2006/windows/WMI,
2026-09-02T03:24:08.274748Z,5857,dc.scaffold.htb,Microsoft-Windows-WMI-Activity,Microsoft-Windows-WMI-Activity/Operational,3140,0,,,,0x0,,,wmiprvse.exe,,,,,,4172,,nettcpip,%systemroot%\system32\wbem\NetTCPIP.dll,,,,http://manifests.microsoft.com/win/2006/windows/WMI,
2026-09-02T03:24:12.080623Z,5857,dc.scaffold.htb,Microsoft-Windows-WMI-Activity,Microsoft-Windows-WMI-Activity/Operational,3141,0,,,,0x0,,,wmiprvse.exe,,,,,,7084,,deploymentprovider,%systemroot%\system32\wbem\ServerManager.DeploymentProvider.dll,,,,http://manifests.microsoft.com/win/2006/windows/WMI,
2026-09-02T03:24:32.623109Z,5858,dc.scaffold.htb,Microsoft-Windows-WMI-Activity,Microsoft-Windows-WMI-Activity/Operational,3142,2,,DC,2372,,Unknown,,,{00000000-0000-0000-0000-000000000000},,,Start IWbemServices::ExecQuery - root\cimv2 : SELECT * FROM Win32_ComputerSystemProduct,Unknown,,,,,,0x80041032,NT AUTHORITY\SYSTEM,http://manifests.microsoft.com/win/2006/windows/WMI,
2026-09-02T03:24:32.697235Z,5858,dc.scaffold.htb,Microsoft-Windows-WMI-Activity,Microsoft-Windows-WMI-Activity/Operational,3143,2,,DC,2372,,Unknown,,,{00000000-0000-0000-0000-000000000000},,,Start IWbemServices::ExecQuery - root\cimv2 : SELECT * FROM Win32_ComputerSystemProduct,Unknown,,,,,,0x80041032,NT AUTHORITY\SYSTEM,http://manifests.microsoft.com/win/2006/windows/WMI,
2026-09-02T03:24:32.765529Z,5858,dc.scaffold.htb,Microsoft-Windows-WMI-Activity,Microsoft-Windows-WMI-Activity/Operational,3144,2,,DC,2372,,Unknown,,,{00000000-0000-0000-0000-000000000000},,,Start IWbemServices::ExecQuery - root\cimv2 : SELECT * FROM Win32_ComputerSystem,Unknown,,,,,,0x80041032,NT AUTHORITY\SYSTEM,http://manifests.microsoft.com/win/2006/windows/WMI,
2026-09-02T03:24:33.433831Z,5858,dc.scaffold.htb,Microsoft-Windows-WMI-Activity,Microsoft-Windows-WMI-Activity/Operational,3145,2,,DC,2372,,Unknown,,,{00000000-0000-0000-0000-000000000000},,,Start IWbemServices::ExecQuery - root\cimv2 : SELECT * FROM Win32_OperatingSystem,Unknown,,,,,,0x80041032,NT AUTHORITY\SYSTEM,http://manifests.microsoft.com/win/2006/windows/WMI,
2026-09-02T03:24:33.445038Z,5858,dc.scaffold.htb,Microsoft-Windows-WMI-Activity,Microsoft-Windows-WMI-Activity/Operational,3146,2,,DC,2372,,Unknown,,,{00000000-0000-0000-0000-000000000000},,,Start IWbemServices::ExecQuery - root\cimv2 : SELECT * FROM Win32_ComputerSystem,Unknown,,,,,,0x80041032,NT AUTHORITY\SYSTEM,http://manifests.microsoft.com/win/2006/windows/WMI,
2026-09-02T03:24:34.479348Z,5858,dc.scaffold.htb,Microsoft-Windows-WMI-Activity,Microsoft-Windows-WMI-Activity/Operational,3147,2,,DC,2372,,Unknown,,,{00000000-0000-0000-0000-000000000000},,,Start IWbemServices::ExecQuery - root\cimv2 : SELECT * FROM Win32_Processor,Unknown,,,,,,0x80041032,NT AUTHORITY\SYSTEM,http://manifests.microsoft.com/win/2006/windows/WMI,
2026-09-02T03:24:34.543259Z,5858,dc.scaffold.htb,Microsoft-Windows-WMI-Activity,Microsoft-Windows-WMI-Activity/Operational,3148,2,,DC,2372,,Unknown,,,{00000000-0000-0000-0000-000000000000},,,Start IWbemServices::ExecQuery - root\cimv2 : SELECT * FROM Win32_ComputerSystem,Unknown,,,,,,0x80041032,NT AUTHORITY\SYSTEM,http://manifests.microsoft.com/win/2006/windows/WMI,
2026-09-02T03:24:34.555719Z,5858,dc.scaffold.htb,Microsoft-Windows-WMI-Activity,Microsoft-Windows-WMI-Activity/Operational,3149,2,,DC,2372,,Unknown,,,{00000000-0000-0000-0000-000000000000},,,Start IWbemServices::ExecQuery - root\cimv2 : SELECT * FROM Win32_ComputerSystem,Unknown,,,,,,0x80041032,NT AUTHORITY\SYSTEM,http://manifests.microsoft.com/win/2006/windows/WMI,
2026-09-02T03:27:27.845707Z,5857,dc.scaffold.htb,Microsoft-Windows-WMI-Activity,Microsoft-Windows-WMI-Activity/Operational,3150,0,,,,0x0,,,wmiprvse.exe,,,,,,4172,,CIMWin32,%systemroot%\system32\wbem\cimwin32.dll,,,,http://manifests.microsoft.com/win/2006/windows/WMI,
2026-09-02T03:27:29.268222Z,5857,dc.scaffold.htb,Microsoft-Windows-WMI-Activity,Microsoft-Windows-WMI-Activity/Operational,3151,0,,,,0x0,,,wmiprvse.exe,,,,,,4172,,CIMWin32a,%systemroot%\system32\wbem\wmipcima.dll,,,,http://manifests.microsoft.com/win/2006/windows/WMI,
2026-09-02T03:27:32.329047Z,5857,dc.scaffold.htb,Microsoft-Windows-WMI-Activity,Microsoft-Windows-WMI-Activity/Operational,3152,0,,,,0x0,,,wmiprvse.exe,,,,,,4188,,WMIProv,%systemroot%\system32\wbem\wmiprov.dll,,,,http://manifests.microsoft.com/win/2006/windows/WMI,
2026-09-02T03:27:32.889294Z,5858,dc.scaffold.htb,Microsoft-Windows-WMI-Activity,Microsoft-Windows-WMI-Activity/Operational,3153,2,,DC,3636,,Unknown,,,{00000000-0000-0000-0000-000000000000},,,Start IWbemServices::CreateInstanceEnum - root\wmi : MS_SM_AdapterInformationQuery,Unknown,,,,,,0x8004100c,NT AUTHORITY\SYSTEM,http://manifests.microsoft.com/win/2006/windows/WMI,
2026-09-02T03:27:33.291193Z,5858,dc.scaffold.htb,Microsoft-Windows-WMI-Activity,Microsoft-Windows-WMI-Activity/Operational,3154,2,,DC,3636,,Unknown,,,{00000000-0000-0000-0000-000000000000},,,Start IWbemServices::CreateInstanceEnum - root\wmi : MSiSCSI_PortalInfoClass,Unknown,,,,,,0x8004100c,NT AUTHORITY\SYSTEM,http://manifests.microsoft.com/win/2006/windows/WMI,
2026-09-02T03:27:45.000219Z,5857,dc.scaffold.htb,Microsoft-Windows-WMI-Activity,Microsoft-Windows-WMI-Activity/Operational,3155,0,,,,0x0,,,wmiprvse.exe,,,,,,4188,,WmiPerfClass,C:\Windows\System32\wbem\WmiPerfClass.dll,,,,http://manifests.microsoft.com/win/2006/windows/WMI,
2026-09-02T03:28:05.592312Z,5857,dc.scaffold.htb,Microsoft-Windows-WMI-Activity,Microsoft-Windows-WMI-Activity/Operational,3156,0,,,,0x0,,,wmiprvse.exe,,,,,,4172,,MS_NT_EVENTLOG_PROVIDER,%systemroot%\system32\wbem\ntevt.dll,,,,http://manifests.microsoft.com/win/2006/windows/WMI,
2026-09-02T03:29:05.166456Z,5861,dc.scaffold.htb,Microsoft-Windows-WMI-Activity,Microsoft-Windows-WMI-Activity/Operational,3157,0,"NTEventLogEventConsumer=""SCM Event Log Consumer""",,,,,SCM Event Log Filter,,,//./root/subscription,,,"Binding EventFilter: 
instance of __EventFilter
{
	CreatorSID = {1, 2, 0, 0, 0, 0, 0, 5, 32, 0, 0, 0, 32, 2, 0, 0};
	EventNamespace = ""root\\cimv2"";
	Name = ""SCM Event Log Filter"";
	Query = ""select * from MSFT_SCMEventLogEvent"";
	QueryLanguage = ""WQL"";
};
Perm. Consumer: 
instance of NTEventLogEventConsumer
{
	Category = 0;
	CreatorSID = {1, 2, 0, 0, 0, 0, 0, 5, 32, 0, 0, 0, 32, 2, 0, 0};
	EventType = 1;
	Name = ""SCM Event Log Consumer"";
	NameOfUserSIDProperty = ""sid"";
	SourceName = ""Service Control Manager"";
};
",,,,,,,,http://manifests.microsoft.com/win/2006/windows/WMI,
2026-09-02T03:29:05.271817Z,5859,dc.scaffold.htb,SCM Event Provider,Microsoft-Windows-WMI-Activity/Operational,3158,0,,,,,,,,,,//./root/CIMV2,,Permanent,,2032,,,select * from MSFT_SCMEventLogEvent,,S-1-5-32-544,http://manifests.microsoft.com/win/2006/windows/WMI,0
2026-09-02T03:29:18.560661Z,5857,dc.scaffold.htb,Microsoft-Windows-WMI-Activity,Microsoft-Windows-WMI-Activity/Operational,3159,0,,,,0x0,,,wmiprvse.exe,,,,,,4172,,mgmtprovider,%systemroot%\system32\wbem\mgmtprovider.dll,,,,http://manifests.microsoft.com/win/2006/windows/WMI,
2026-09-02T03:29:18.683790Z,5857,dc.scaffold.htb,Microsoft-Windows-WMI-Activity,Microsoft-Windows-WMI-Activity/Operational,3160,0,,,,0x0,,,wmiprvse.exe,,,,,,6592,,NetAdapterCim,%systemroot%\system32\wbem\NetAdapterCim.dll,,,,http://manifests.microsoft.com/win/2006/windows/WMI,
2026-09-02T03:29:18.862105Z,5857,dc.scaffold.htb,Microsoft-Windows-WMI-Activity,Microsoft-Windows-WMI-Activity/Operational,3161,0,,,,0x0,,,wmiprvse.exe,,,,,,4172,,nettcpip,%systemroot%\system32\wbem\NetTCPIP.dll,,,,http://manifests.microsoft.com/win/2006/windows/WMI,
2026-09-02T03:29:25.798315Z,5857,dc.scaffold.htb,Microsoft-Windows-WMI-Activity,Microsoft-Windows-WMI-Activity/Operational,3162,0,,,,0x0,,,wmiprvse.exe,,,,,,7092,,deploymentprovider,%systemroot%\system32\wbem\ServerManager.DeploymentProvider.dll,,,,http://manifests.microsoft.com/win/2006/windows/WMI,
2026-09-02T03:29:39.806569Z,5858,dc.scaffold.htb,Microsoft-Windows-WMI-Activity,Microsoft-Windows-WMI-Activity/Operational,3163,2,,DC,2356,,Unknown,,,{00000000-0000-0000-0000-000000000000},,,Start IWbemServices::ExecQuery - root\cimv2 : SELECT * FROM Win32_OperatingSystem,Unknown,,,,,,0x80041032,NT AUTHORITY\SYSTEM,http://manifests.microsoft.com/win/2006/windows/WMI,
2026-09-02T03:29:40.885351Z,5858,dc.scaffold.htb,Microsoft-Windows-WMI-Activity,Microsoft-Windows-WMI-Activity/Operational,3164,2,,DC,2356,,Unknown,,,{00000000-0000-0000-0000-000000000000},,,Start IWbemServices::ExecQuery - root\cimv2 : SELECT * FROM Win32_ComputerSystem,Unknown,,,,,,0x80041032,NT AUTHORITY\SYSTEM,http://manifests.microsoft.com/win/2006/windows/WMI,
2026-09-02T03:30:18.189288Z,5858,dc.scaffold.htb,Microsoft-Windows-WMI-Activity,Microsoft-Windows-WMI-Activity/Operational,3165,2,,DC,2496,,Unknown,,,{00000000-0000-0000-0000-000000000000},,,Start IWbemServices::ExecQuery - ROOT\CCM : select ClientId from CCM_Client,Unknown,,,,,,0x80041010,NT AUTHORITY\SYSTEM,http://manifests.microsoft.com/win/2006/windows/WMI,
2026-09-02T03:30:18.257608Z,5857,dc.scaffold.htb,Microsoft-Windows-WMI-Activity,Microsoft-Windows-WMI-Activity/Operational,3166,0,,,,0x0,,,wmiprvse.exe,,,,,,4172,,Win32_TpmProvider,C:\Windows\System32\wbem\Win32_TPM.dll,,,,http://manifests.microsoft.com/win/2006/windows/WMI,
2026-09-02T03:30:22.068526Z,5858,dc.scaffold.htb,Microsoft-Windows-WMI-Activity,Microsoft-Windows-WMI-Activity/Operational,3167,2,,DC,2496,,Unknown,,,{00000000-0000-0000-0000-000000000000},,,Start IWbemServices::ExecQuery - ROOT\CIMV2 : SELECT * FROM Win32_OptionalFeature WHERE name = 'NetFX3',Unknown,,,,,,0x80041032,NT AUTHORITY\SYSTEM,http://manifests.microsoft.com/win/2006/windows/WMI,
2026-09-02T03:30:22.227708Z,5858,dc.scaffold.htb,Microsoft-Windows-WMI-Activity,Microsoft-Windows-WMI-Activity/Operational,3168,2,,DC,2496,,Unknown,,,{00000000-0000-0000-0000-000000000000},,,Start IWbemServices::ExecQuery - ROOT\CIMV2 : SELECT * FROM Win32_OptionalFeature WHERE name = 'WCF-HTTP-Activation',Unknown,,,,,,0x80041032,NT AUTHORITY\SYSTEM,http://manifests.microsoft.com/win/2006/windows/WMI,
2026-09-02T03:30:22.463329Z,5858,dc.scaffold.htb,Microsoft-Windows-WMI-Activity,Microsoft-Windows-WMI-Activity/Operational,3169,2,,DC,2496,,Unknown,,,{00000000-0000-0000-0000-000000000000},,,Start IWbemServices::ExecQuery - ROOT\CIMV2 : SELECT * FROM Win32_OptionalFeature WHERE name = 'WCF-NonHTTP-Activation',Unknown,,,,,,0x80041032,NT AUTHORITY\SYSTEM,http://manifests.microsoft.com/win/2006/windows/WMI,
2026-09-02T03:30:22.762210Z,5858,dc.scaffold.htb,Microsoft-Windows-WMI-Activity,Microsoft-Windows-WMI-Activity/Operational,3170,2,,DC,2496,,Unknown,,,{00000000-0000-0000-0000-000000000000},,,Start IWbemServices::ExecQuery - ROOT\CIMV2 : SELECT * FROM Win32_OptionalFeature WHERE name = 'IIS-ASPNET',Unknown,,,,,,0x80041032,NT AUTHORITY\SYSTEM,http://manifests.microsoft.com/win/2006/windows/WMI,
2026-09-02T03:30:22.948056Z,5858,dc.scaffold.htb,Microsoft-Windows-WMI-Activity,Microsoft-Windows-WMI-Activity/Operational,3171,2,,DC,2496,,Unknown,,,{00000000-0000-0000-0000-000000000000},,,Start IWbemServices::ExecQuery - ROOT\CIMV2 : SELECT * FROM Win32_OptionalFeature WHERE name = 'IIS-NetFxExtensibility',Unknown,,,,,,0x80041032,NT AUTHORITY\SYSTEM,http://manifests.microsoft.com/win/2006/windows/WMI,
2026-09-02T03:30:23.242207Z,5858,dc.scaffold.htb,Microsoft-Windows-WMI-Activity,Microsoft-Windows-WMI-Activity/Operational,3172,2,,DC,2496,,Unknown,,,{00000000-0000-0000-0000-000000000000},,,Start IWbemServices::ExecQuery - ROOT\CIMV2 : SELECT * FROM Win32_OptionalFeature WHERE name = 'WAS-NetFxEnvironment',Unknown,,,,,,0x80041032,NT AUTHORITY\SYSTEM,http://manifests.microsoft.com/win/2006/windows/WMI,
2026-09-02T03:30:23.289765Z,5857,dc.scaffold.htb,Microsoft-Windows-WMI-Activity,Microsoft-Windows-WMI-Activity/Operational,3173,0,,,,0x0,,,wmiprvse.exe,,,,,,4172,,WhqlProvider,%systemroot%\system32\signdrv.dll,,,,http://manifests.microsoft.com/win/2006/windows/WMI,
2026-09-02T03:30:25.062912Z,5857,dc.scaffold.htb,Microsoft-Windows-WMI-Activity,Microsoft-Windows-WMI-Activity/Operational,3174,0,,,,0x0,,,wmiprvse.exe,,,,,,4188,,InvProv,C:\Windows\System32\invagent.dll,,,,http://manifests.microsoft.com/win/2006/windows/WMI,
2026-09-02T03:39:21.084165Z,5857,dc.scaffold.htb,Microsoft-Windows-WMI-Activity,Microsoft-Windows-WMI-Activity/Operational,3175,0,,,,0x0,,,wmiprvse.exe,,,,,,4172,,mgmtprovider,%systemroot%\system32\wbem\mgmtprovider.dll,,,,http://manifests.microsoft.com/win/2006/windows/WMI,
2026-09-02T03:39:23.252911Z,5857,dc.scaffold.htb,Microsoft-Windows-WMI-Activity,Microsoft-Windows-WMI-Activity/Operational,3176,0,,,,0x0,,,wmiprvse.exe,,,,,,4124,,NetAdapterCim,%systemroot%\system32\wbem\NetAdapterCim.dll,,,,http://manifests.microsoft.com/win/2006/windows/WMI,
2026-09-02T03:39:25.511818Z,5857,dc.scaffold.htb,Microsoft-Windows-WMI-Activity,Microsoft-Windows-WMI-Activity/Operational,3177,0,,,,0x0,,,wmiprvse.exe,,,,,,4172,,nettcpip,%systemroot%\system32\wbem\NetTCPIP.dll,,,,http://manifests.microsoft.com/win/2006/windows/WMI,
2026-09-02T03:39:35.931192Z,5857,dc.scaffold.htb,Microsoft-Windows-WMI-Activity,Microsoft-Windows-WMI-Activity/Operational,3178,0,,,,0x0,,,wmiprvse.exe,,,,,,6780,,deploymentprovider,%systemroot%\system32\wbem\ServerManager.DeploymentProvider.dll,,,,http://manifests.microsoft.com/win/2006/windows/WMI,
2026-09-02T03:49:19.878488Z,5857,dc.scaffold.htb,Microsoft-Windows-WMI-Activity,Microsoft-Windows-WMI-Activity/Operational,3179,0,,,,0x0,,,wmiprvse.exe,,,,,,4172,,mgmtprovider,%systemroot%\system32\wbem\mgmtprovider.dll,,,,http://manifests.microsoft.com/win/2006/windows/WMI,
2026-09-02T03:49:20.244348Z,5857,dc.scaffold.htb,Microsoft-Windows-WMI-Activity,Microsoft-Windows-WMI-Activity/Operational,3180,0,,,,0x0,,,wmiprvse.exe,,,,,,4552,,NetAdapterCim,%systemroot%\system32\wbem\NetAdapterCim.dll,,,,http://manifests.microsoft.com/win/2006/windows/WMI,
2026-09-02T03:49:20.512322Z,5857,dc.scaffold.htb,Microsoft-Windows-WMI-Activity,Microsoft-Windows-WMI-Activity/Operational,3181,0,,,,0x0,,,wmiprvse.exe,,,,,,4172,,nettcpip,%systemroot%\system32\wbem\NetTCPIP.dll,,,,http://manifests.microsoft.com/win/2006/windows/WMI,
2026-09-02T03:49:26.643728Z,5857,dc.scaffold.htb,Microsoft-Windows-WMI-Activity,Microsoft-Windows-WMI-Activity/Operational,3182,0,,,,0x0,,,wmiprvse.exe,,,,,,8032,,deploymentprovider,%systemroot%\system32\wbem\ServerManager.DeploymentProvider.dll,,,,http://manifests.microsoft.com/win/2006/windows/WMI,
2026-09-02T03:53:27.511329Z,5858,dc.scaffold.htb,Microsoft-Windows-WMI-Activity,Microsoft-Windows-WMI-Activity/Operational,3183,2,,DC,5608,,Unknown,,,{ED99C09C-3A8A-0000-B3DC-99ED8A3ADD01},,,Start IWbemServices::ExecQuery - root\cimv2 : Select * from Win32_QuickFixEngineering,"Throttling Idle Tasks, refer to CIMOM regkey: ArbTaskMaxIdle",,,,,,0x80041032,SCAFFOLD\Administrator,http://manifests.microsoft.com/win/2006/windows/WMI,
2026-09-02T03:58:16.270038Z,5858,dc.scaffold.htb,Microsoft-Windows-WMI-Activity,Microsoft-Windows-WMI-Activity/Operational,3184,2,,DC,5608,,Unknown,,,{ED99C09C-3A8A-0000-CFEF-99ED8A3ADD01},,,Start IWbemServices::ExecQuery - root\cimv2 : Select * from Win32_QuickFixEngineering,"Throttling Idle Tasks, refer to CIMOM regkey: ArbTaskMaxIdle",,,,,,0x80041032,SCAFFOLD\Administrator,http://manifests.microsoft.com/win/2006/windows/WMI,
2026-09-02T03:59:19.839679Z,5857,dc.scaffold.htb,Microsoft-Windows-WMI-Activity,Microsoft-Windows-WMI-Activity/Operational,3185,0,,,,0x0,,,wmiprvse.exe,,,,,,4172,,mgmtprovider,%systemroot%\system32\wbem\mgmtprovider.dll,,,,http://manifests.microsoft.com/win/2006/windows/WMI,
2026-09-02T03:59:20.238778Z,5857,dc.scaffold.htb,Microsoft-Windows-WMI-Activity,Microsoft-Windows-WMI-Activity/Operational,3186,0,,,,0x0,,,wmiprvse.exe,,,,,,7872,,NetAdapterCim,%systemroot%\system32\wbem\NetAdapterCim.dll,,,,http://manifests.microsoft.com/win/2006/windows/WMI,
2026-09-02T03:59:20.605850Z,5857,dc.scaffold.htb,Microsoft-Windows-WMI-Activity,Microsoft-Windows-WMI-Activity/Operational,3187,0,,,,0x0,,,wmiprvse.exe,,,,,,4172,,nettcpip,%systemroot%\system32\wbem\NetTCPIP.dll,,,,http://manifests.microsoft.com/win/2006/windows/WMI,
2026-09-02T03:59:26.467879Z,5857,dc.scaffold.htb,Microsoft-Windows-WMI-Activity,Microsoft-Windows-WMI-Activity/Operational,3188,0,,,,0x0,,,wmiprvse.exe,,,,,,7688,,deploymentprovider,%systemroot%\system32\wbem\ServerManager.DeploymentProvider.dll,,,,http://manifests.microsoft.com/win/2006/windows/WMI,
2026-09-02T04:14:07.754336Z,5857,dc.scaffold.htb,Microsoft-Windows-WMI-Activity,Microsoft-Windows-WMI-Activity/Operational,3189,0,,,,0x0,,,wmiprvse.exe,,,,,,3304,,CIMWin32,%systemroot%\system32\wbem\cimwin32.dll,,,,http://manifests.microsoft.com/win/2006/windows/WMI,
2026-09-02T04:14:09.067997Z,5857,dc.scaffold.htb,Microsoft-Windows-WMI-Activity,Microsoft-Windows-WMI-Activity/Operational,3190,0,,,,0x0,,,wmiprvse.exe,,,,,,3304,,CIMWin32a,%systemroot%\system32\wbem\wmipcima.dll,,,,http://manifests.microsoft.com/win/2006/windows/WMI,
2026-09-02T04:14:12.162478Z,5857,dc.scaffold.htb,Microsoft-Windows-WMI-Activity,Microsoft-Windows-WMI-Activity/Operational,3191,0,,,,0x0,,,wmiprvse.exe,,,,,,4224,,WMIProv,%systemroot%\system32\wbem\wmiprov.dll,,,,http://manifests.microsoft.com/win/2006/windows/WMI,
2026-09-02T04:14:12.661073Z,5858,dc.scaffold.htb,Microsoft-Windows-WMI-Activity,Microsoft-Windows-WMI-Activity/Operational,3192,2,,DC,3680,,Unknown,,,{00000000-0000-0000-0000-000000000000},,,Start IWbemServices::CreateInstanceEnum - root\wmi : MS_SM_AdapterInformationQuery,Unknown,,,,,,0x8004100c,NT AUTHORITY\SYSTEM,http://manifests.microsoft.com/win/2006/windows/WMI,
2026-09-02T04:14:13.796171Z,5858,dc.scaffold.htb,Microsoft-Windows-WMI-Activity,Microsoft-Windows-WMI-Activity/Operational,3193,2,,DC,3680,,Unknown,,,{00000000-0000-0000-0000-000000000000},,,Start IWbemServices::CreateInstanceEnum - root\wmi : MSiSCSI_PortalInfoClass,Unknown,,,,,,0x8004100c,NT AUTHORITY\SYSTEM,http://manifests.microsoft.com/win/2006/windows/WMI,
2026-09-02T04:14:25.473969Z,5857,dc.scaffold.htb,Microsoft-Windows-WMI-Activity,Microsoft-Windows-WMI-Activity/Operational,3194,0,,,,0x0,,,wmiprvse.exe,,,,,,4224,,WmiPerfClass,C:\Windows\System32\wbem\WmiPerfClass.dll,,,,http://manifests.microsoft.com/win/2006/windows/WMI,
2026-09-02T04:14:36.124166Z,5858,dc.scaffold.htb,Microsoft-Windows-WMI-Activity,Microsoft-Windows-WMI-Activity/Operational,3195,2,,DC,3036,,Unknown,,,{00000000-0000-0000-0000-000000000000},,,Start IWbemServices::ExecQuery - ROOT\CIMV2 : Select * from Win32_Process Where ProcessID = '1364',Unknown,,,,,,0x80041032,SCAFFOLD\Administrator,http://manifests.microsoft.com/win/2006/windows/WMI,
2026-09-02T04:14:46.244180Z,5857,dc.scaffold.htb,Microsoft-Windows-WMI-Activity,Microsoft-Windows-WMI-Activity/Operational,3196,0,,,,0x0,,,wmiprvse.exe,,,,,,3304,,MS_NT_EVENTLOG_PROVIDER,%systemroot%\system32\wbem\ntevt.dll,,,,http://manifests.microsoft.com/win/2006/windows/WMI,
2026-09-02T04:15:01.840430Z,5857,dc.scaffold.htb,Microsoft-Windows-WMI-Activity,Microsoft-Windows-WMI-Activity/Operational,3197,0,,,,0x0,,,wmiprvse.exe,,,,,,3304,,StorageWMI,%SystemRoot%\System32\storagewmi.dll,,,,http://manifests.microsoft.com/win/2006/windows/WMI,
2026-09-02T04:15:09.709549Z,5858,dc.scaffold.htb,Microsoft-Windows-WMI-Activity,Microsoft-Windows-WMI-Activity/Operational,3198,2,,DC,5980,,Unknown,,,{00000000-0000-0000-0000-000000000000},,,"Start IWbemServices::ExecQuery - ROOT\CIMV2 : SELECT Manufacturer, Product FROM Win32_BaseBoard",Unknown,,,,,,0x80041032,NT AUTHORITY\NETWORK SERVICE,http://manifests.microsoft.com/win/2006/windows/WMI,
2026-09-02T04:23:02.267495Z,5857,dc.scaffold.htb,Microsoft-Windows-WMI-Activity,Microsoft-Windows-WMI-Activity/Operational,3199,0,,,,0x0,,,wmiprvse.exe,,,,,,2324,,CIMWin32,%systemroot%\system32\wbem\cimwin32.dll,,,,http://manifests.microsoft.com/win/2006/windows/WMI,
2026-09-02T04:23:07.127220Z,5857,dc.scaffold.htb,Microsoft-Windows-WMI-Activity,Microsoft-Windows-WMI-Activity/Operational,3200,0,,,,0x0,,,wmiprvse.exe,,,,,,4172,,WMIProv,%systemroot%\system32\wbem\wmiprov.dll,,,,http://manifests.microsoft.com/win/2006/windows/WMI,
2026-09-02T04:23:07.186640Z,5858,dc.scaffold.htb,Microsoft-Windows-WMI-Activity,Microsoft-Windows-WMI-Activity/Operational,3201,2,,DC,3652,,Unknown,,,{00000000-0000-0000-0000-000000000000},,,Start IWbemServices::CreateInstanceEnum - root\wmi : MS_SM_AdapterInformationQuery,Unknown,,,,,,0x8004100c,NT AUTHORITY\SYSTEM,http://manifests.microsoft.com/win/2006/windows/WMI,
2026-09-02T04:23:07.226710Z,5858,dc.scaffold.htb,Microsoft-Windows-WMI-Activity,Microsoft-Windows-WMI-Activity/Operational,3202,2,,DC,3652,,Unknown,,,{00000000-0000-0000-0000-000000000000},,,Start IWbemServices::CreateInstanceEnum - root\wmi : MSiSCSI_PortalInfoClass,Unknown,,,,,,0x8004100c,NT AUTHORITY\SYSTEM,http://manifests.microsoft.com/win/2006/windows/WMI,
2026-09-02T04:23:19.946331Z,5857,dc.scaffold.htb,Microsoft-Windows-WMI-Activity,Microsoft-Windows-WMI-Activity/Operational,3203,0,,,,0x0,,,wmiprvse.exe,,,,,,4172,,WmiPerfClass,C:\Windows\System32\wbem\WmiPerfClass.dll,,,,http://manifests.microsoft.com/win/2006/windows/WMI,
2026-09-02T04:23:41.460309Z,5857,dc.scaffold.htb,Microsoft-Windows-WMI-Activity,Microsoft-Windows-WMI-Activity/Operational,3204,0,,,,0x0,,,wmiprvse.exe,,,,,,2324,,MS_NT_EVENTLOG_PROVIDER,%systemroot%\system32\wbem\ntevt.dll,,,,http://manifests.microsoft.com/win/2006/windows/WMI,
2026-09-02T04:44:05.007454Z,5857,dc.scaffold.htb,Microsoft-Windows-WMI-Activity,Microsoft-Windows-WMI-Activity/Operational,3205,0,,,,0x0,,,wmiprvse.exe,,,,,,3756,,CIMWin32,%systemroot%\system32\wbem\cimwin32.dll,,,,http://manifests.microsoft.com/win/2006/windows/WMI,
2026-09-02T04:44:09.307282Z,5857,dc.scaffold.htb,Microsoft-Windows-WMI-Activity,Microsoft-Windows-WMI-Activity/Operational,3206,0,,,,0x0,,,wmiprvse.exe,,,,,,824,,WMIProv,%systemroot%\system32\wbem\wmiprov.dll,,,,http://manifests.microsoft.com/win/2006/windows/WMI,
2026-09-02T04:44:09.777009Z,5858,dc.scaffold.htb,Microsoft-Windows-WMI-Activity,Microsoft-Windows-WMI-Activity/Operational,3207,2,,DC,3548,,Unknown,,,{00000000-0000-0000-0000-000000000000},,,Start IWbemServices::CreateInstanceEnum - root\wmi : MS_SM_AdapterInformationQuery,Unknown,,,,,,0x8004100c,NT AUTHORITY\SYSTEM,http://manifests.microsoft.com/win/2006/windows/WMI,
2026-09-02T04:44:10.466325Z,5858,dc.scaffold.htb,Microsoft-Windows-WMI-Activity,Microsoft-Windows-WMI-Activity/Operational,3208,2,,DC,3548,,Unknown,,,{00000000-0000-0000-0000-000000000000},,,Start IWbemServices::CreateInstanceEnum - root\wmi : MSiSCSI_PortalInfoClass,Unknown,,,,,,0x8004100c,NT AUTHORITY\SYSTEM,http://manifests.microsoft.com/win/2006/windows/WMI,
2026-09-02T04:44:21.609128Z,5857,dc.scaffold.htb,Microsoft-Windows-WMI-Activity,Microsoft-Windows-WMI-Activity/Operational,3209,0,,,,0x0,,,wmiprvse.exe,,,,,,824,,WmiPerfClass,C:\Windows\System32\wbem\WmiPerfClass.dll,,,,http://manifests.microsoft.com/win/2006/windows/WMI,
2026-09-02T04:44:42.955918Z,5857,dc.scaffold.htb,Microsoft-Windows-WMI-Activity,Microsoft-Windows-WMI-Activity/Operational,3210,0,,,,0x0,,,wmiprvse.exe,,,,,,3756,,MS_NT_EVENTLOG_PROVIDER,%systemroot%\system32\wbem\ntevt.dll,,,,http://manifests.microsoft.com/win/2006/windows/WMI,
2026-09-02T04:44:56.540005Z,5858,dc.scaffold.htb,Microsoft-Windows-WMI-Activity,Microsoft-Windows-WMI-Activity/Operational,3211,2,,DC,5648,,Unknown,,,{00000000-0000-0000-0000-000000000000},,,"Start IWbemServices::ExecQuery - ROOT\CIMV2 : SELECT Manufacturer, Product FROM Win32_BaseBoard",Unknown,,,,,,0x80041032,NT AUTHORITY\NETWORK SERVICE,http://manifests.microsoft.com/win/2006/windows/WMI,
2026-09-02T04:45:02.324867Z,5857,dc.scaffold.htb,Microsoft-Windows-WMI-Activity,Microsoft-Windows-WMI-Activity/Operational,3212,0,,,,0x0,,,wmiprvse.exe,,,,,,5244,,NetAdapterCim,%systemroot%\system32\wbem\NetAdapterCim.dll,,,,http://manifests.microsoft.com/win/2006/windows/WMI,
2026-09-02T04:45:03.967976Z,5857,dc.scaffold.htb,Microsoft-Windows-WMI-Activity,Microsoft-Windows-WMI-Activity/Operational,3213,0,,,,0x0,,,wmiprvse.exe,,,,,,1348,,dnsclientcim,%SYSTEMROOT%\System32\wbem\dnsclientcim.dll,,,,http://manifests.microsoft.com/win/2006/windows/WMI,
2026-09-02T04:45:15.965481Z,5857,dc.scaffold.htb,Microsoft-Windows-WMI-Activity,Microsoft-Windows-WMI-Activity/Operational,3214,0,,,,0x0,,,wmiprvse.exe,,,,,,3756,,WMIPingProvider,%systemroot%\system32\wbem\WMIPICMP.dll,,,,http://manifests.microsoft.com/win/2006/windows/WMI,
2026-09-02T04:45:41.222258Z,5861,dc.scaffold.htb,Microsoft-Windows-WMI-Activity,Microsoft-Windows-WMI-Activity/Operational,3215,0,"NTEventLogEventConsumer=""SCM Event Log Consumer""",,,,,SCM Event Log Filter,,,//./root/subscription,,,"Binding EventFilter: 
instance of __EventFilter
{
	CreatorSID = {1, 2, 0, 0, 0, 0, 0, 5, 32, 0, 0, 0, 32, 2, 0, 0};
	EventNamespace = ""root\\cimv2"";
	Name = ""SCM Event Log Filter"";
	Query = ""select * from MSFT_SCMEventLogEvent"";
	QueryLanguage = ""WQL"";
};
Perm. Consumer: 
instance of NTEventLogEventConsumer
{
	Category = 0;
	CreatorSID = {1, 2, 0, 0, 0, 0, 0, 5, 32, 0, 0, 0, 32, 2, 0, 0};
	EventType = 1;
	Name = ""SCM Event Log Consumer"";
	NameOfUserSIDProperty = ""sid"";
	SourceName = ""Service Control Manager"";
};
",,,,,,,,http://manifests.microsoft.com/win/2006/windows/WMI,
2026-09-02T04:45:41.351333Z,5859,dc.scaffold.htb,SCM Event Provider,Microsoft-Windows-WMI-Activity/Operational,3216,0,,,,,,,,,,//./root/CIMV2,,Permanent,,3068,,,select * from MSFT_SCMEventLogEvent,,S-1-5-32-544,http://manifests.microsoft.com/win/2006/windows/WMI,0
2026-09-02T04:45:45.744385Z,5860,dc.scaffold.htb,Microsoft-Windows-WMI-Activity,Microsoft-Windows-WMI-Activity/Operational,3217,0,,DC,,,,,,,,ROOT\Subscription,,Temporary,,5280,,,SELECT * FROM __InstanceOperationEvent WITHIN 5WHERE TargetInstance ISA '__EventConsumer' OR TargetInstance ISA '__EventFilter' OR TargetInstance ISA '__FilterToConsumerBinding',,NT AUTHORITY\SYSTEM,http://manifests.microsoft.com/win/2006/windows/WMI,
2026-09-02T04:54:57.117729Z,5861,dc.scaffold.htb,Microsoft-Windows-WMI-Activity,Microsoft-Windows-WMI-Activity/Operational,3218,0,"NTEventLogEventConsumer=""SCM Event Log Consumer""",,,,,SCM Event Log Filter,,,//./root/subscription,,,"Binding EventFilter: 
instance of __EventFilter
{
	CreatorSID = {1, 2, 0, 0, 0, 0, 0, 5, 32, 0, 0, 0, 32, 2, 0, 0};
	EventNamespace = ""root\\cimv2"";
	Name = ""SCM Event Log Filter"";
	Query = ""select * from MSFT_SCMEventLogEvent"";
	QueryLanguage = ""WQL"";
};
Perm. Consumer: 
instance of NTEventLogEventConsumer
{
	Category = 0;
	CreatorSID = {1, 2, 0, 0, 0, 0, 0, 5, 32, 0, 0, 0, 32, 2, 0, 0};
	EventType = 1;
	Name = ""SCM Event Log Consumer"";
	NameOfUserSIDProperty = ""sid"";
	SourceName = ""Service Control Manager"";
};
",,,,,,,,http://manifests.microsoft.com/win/2006/windows/WMI,
2026-09-02T04:54:57.523232Z,5860,dc.scaffold.htb,Microsoft-Windows-WMI-Activity,Microsoft-Windows-WMI-Activity/Operational,3219,0,,DC,,,,,,,,ROOT\Subscription,,Temporary,,2520,,,SELECT * FROM __InstanceOperationEvent WITHIN 5WHERE TargetInstance ISA '__EventConsumer' OR TargetInstance ISA '__EventFilter' OR TargetInstance ISA '__FilterToConsumerBinding',,NT AUTHORITY\SYSTEM,http://manifests.microsoft.com/win/2006/windows/WMI,
2026-09-02T04:54:57.921772Z,5857,dc.scaffold.htb,Microsoft-Windows-WMI-Activity,Microsoft-Windows-WMI-Activity/Operational,3220,0,,,,0x0,,,wmiprvse.exe,,,,,,4160,,CIMWin32,%systemroot%\system32\wbem\cimwin32.dll,,,,http://manifests.microsoft.com/win/2006/windows/WMI,
2026-09-02T04:54:57.927317Z,5859,dc.scaffold.htb,SCM Event Provider,Microsoft-Windows-WMI-Activity/Operational,3221,0,,,,,,,,,,//./root/CIMV2,,Permanent,,3096,,,select * from MSFT_SCMEventLogEvent,,S-1-5-32-544,http://manifests.microsoft.com/win/2006/windows/WMI,0
2026-09-02T04:55:04.554237Z,5857,dc.scaffold.htb,Microsoft-Windows-WMI-Activity,Microsoft-Windows-WMI-Activity/Operational,3222,0,,,,0x0,,,wmiprvse.exe,,,,,,4784,,WMIProv,%systemroot%\system32\wbem\wmiprov.dll,,,,http://manifests.microsoft.com/win/2006/windows/WMI,
2026-09-02T04:55:05.182102Z,5858,dc.scaffold.htb,Microsoft-Windows-WMI-Activity,Microsoft-Windows-WMI-Activity/Operational,3223,2,,DC,3828,,Unknown,,,{00000000-0000-0000-0000-000000000000},,,Start IWbemServices::CreateInstanceEnum - root\wmi : MS_SM_AdapterInformationQuery,Unknown,,,,,,0x8004100c,NT AUTHORITY\SYSTEM,http://manifests.microsoft.com/win/2006/windows/WMI,
2026-09-02T04:55:06.024969Z,5858,dc.scaffold.htb,Microsoft-Windows-WMI-Activity,Microsoft-Windows-WMI-Activity/Operational,3224,2,,DC,3828,,Unknown,,,{00000000-0000-0000-0000-000000000000},,,Start IWbemServices::CreateInstanceEnum - root\wmi : MSiSCSI_PortalInfoClass,Unknown,,,,,,0x8004100c,NT AUTHORITY\SYSTEM,http://manifests.microsoft.com/win/2006/windows/WMI,
2026-09-02T04:55:09.152556Z,5857,dc.scaffold.htb,Microsoft-Windows-WMI-Activity,Microsoft-Windows-WMI-Activity/Operational,3225,0,,,,0x0,,,wmiprvse.exe,,,,,,4784,,WmiPerfClass,C:\Windows\System32\wbem\WmiPerfClass.dll,,,,http://manifests.microsoft.com/win/2006/windows/WMI,
2026-09-02T04:55:17.455277Z,5857,dc.scaffold.htb,Microsoft-Windows-WMI-Activity,Microsoft-Windows-WMI-Activity/Operational,3226,0,,,,0x0,,,wmiprvse.exe,,,,,,3096,,WMI Kernel Trace Event Provider,C:\Windows\System32\wbem\krnlprov.dll,,,,http://manifests.microsoft.com/win/2006/windows/WMI,
2026-09-02T04:55:17.837528Z,5860,dc.scaffold.htb,Microsoft-Windows-WMI-Activity,Microsoft-Windows-WMI-Activity/Operational,3227,0,,DC,,,,,,,,ROOT\CIMV2,,Temporary,,840,,,SELECT * FROM Win32_ProcessStartTrace WHERE ProcessName = 'wsmprovhost.exe',,NT AUTHORITY\SYSTEM,http://manifests.microsoft.com/win/2006/windows/WMI,
2026-09-02T04:55:37.665888Z,5858,dc.scaffold.htb,Microsoft-Windows-WMI-Activity,Microsoft-Windows-WMI-Activity/Operational,3228,2,,DC,2516,,Unknown,,,{00000000-0000-0000-0000-000000000000},,,"Start IWbemServices::ExecMethod - ROOT\CIMV2 : \\DC\ROOT\CIMV2:Win32_Process.Handle=""5052""::GetOwner",Unknown,,,,,,0x80041002,SCAFFOLD\Administrator,http://manifests.microsoft.com/win/2006/windows/WMI,
2026-09-02T04:55:46.050466Z,5858,dc.scaffold.htb,Microsoft-Windows-WMI-Activity,Microsoft-Windows-WMI-Activity/Operational,3229,2,,DC,840,,Unknown,,,{1FBAC3AE-3A97-0001-57CD-BA1F973ADD01},,,Start IWbemServices::ExecNotificationQuery - ROOT\CIMV2 : SELECT * FROM Win32_ProcessStartTrace WHERE ProcessName = 'wsmprovhost.exe',Unknown,,,,,,0x80041032,NT AUTHORITY\SYSTEM,http://manifests.microsoft.com/win/2006/windows/WMI,
2026-09-02T05:42:37.715174Z,5861,dc.scaffold.htb,Microsoft-Windows-WMI-Activity,Microsoft-Windows-WMI-Activity/Operational,3230,0,"NTEventLogEventConsumer=""SCM Event Log Consumer""",,,,,SCM Event Log Filter,,,//./root/subscription,,,"Binding EventFilter: 
instance of __EventFilter
{
	CreatorSID = {1, 2, 0, 0, 0, 0, 0, 5, 32, 0, 0, 0, 32, 2, 0, 0};
	EventNamespace = ""root\\cimv2"";
	Name = ""SCM Event Log Filter"";
	Query = ""select * from MSFT_SCMEventLogEvent"";
	QueryLanguage = ""WQL"";
};
Perm. Consumer: 
instance of NTEventLogEventConsumer
{
	Category = 0;
	CreatorSID = {1, 2, 0, 0, 0, 0, 0, 5, 32, 0, 0, 0, 32, 2, 0, 0};
	EventType = 1;
	Name = ""SCM Event Log Consumer"";
	NameOfUserSIDProperty = ""sid"";
	SourceName = ""Service Control Manager"";
};
",,,,,,,,http://manifests.microsoft.com/win/2006/windows/WMI,
2026-09-02T05:42:38.802915Z,5860,dc.scaffold.htb,Microsoft-Windows-WMI-Activity,Microsoft-Windows-WMI-Activity/Operational,3231,0,,DC,,,,,,,,ROOT\Subscription,,Temporary,,1724,,,SELECT * FROM __InstanceOperationEvent WITHIN 5WHERE TargetInstance ISA '__EventConsumer' OR TargetInstance ISA '__EventFilter' OR TargetInstance ISA '__FilterToConsumerBinding',,NT AUTHORITY\SYSTEM,http://manifests.microsoft.com/win/2006/windows/WMI,
2026-09-02T05:42:39.130609Z,5859,dc.scaffold.htb,SCM Event Provider,Microsoft-Windows-WMI-Activity/Operational,3232,0,,,,,,,,,,//./root/CIMV2,,Permanent,,2428,,,select * from MSFT_SCMEventLogEvent,,S-1-5-32-544,http://manifests.microsoft.com/win/2006/windows/WMI,0
2026-09-02T05:42:39.627223Z,5857,dc.scaffold.htb,Microsoft-Windows-WMI-Activity,Microsoft-Windows-WMI-Activity/Operational,3233,0,,,,0x0,,,wmiprvse.exe,,,,,,4132,,CIMWin32,%systemroot%\system32\wbem\cimwin32.dll,,,,http://manifests.microsoft.com/win/2006/windows/WMI,
2026-09-02T05:42:46.916560Z,5857,dc.scaffold.htb,Microsoft-Windows-WMI-Activity,Microsoft-Windows-WMI-Activity/Operational,3234,0,,,,0x0,,,wmiprvse.exe,,,,,,4804,,WMIProv,%systemroot%\system32\wbem\wmiprov.dll,,,,http://manifests.microsoft.com/win/2006/windows/WMI,
2026-09-02T05:42:46.958773Z,5858,dc.scaffold.htb,Microsoft-Windows-WMI-Activity,Microsoft-Windows-WMI-Activity/Operational,3235,2,,DC,3988,,Unknown,,,{00000000-0000-0000-0000-000000000000},,,Start IWbemServices::CreateInstanceEnum - root\wmi : MS_SM_AdapterInformationQuery,Unknown,,,,,,0x8004100c,NT AUTHORITY\SYSTEM,http://manifests.microsoft.com/win/2006/windows/WMI,
2026-09-02T05:42:48.221787Z,5858,dc.scaffold.htb,Microsoft-Windows-WMI-Activity,Microsoft-Windows-WMI-Activity/Operational,3236,2,,DC,3988,,Unknown,,,{00000000-0000-0000-0000-000000000000},,,Start IWbemServices::CreateInstanceEnum - root\wmi : MSiSCSI_PortalInfoClass,Unknown,,,,,,0x8004100c,NT AUTHORITY\SYSTEM,http://manifests.microsoft.com/win/2006/windows/WMI,
2026-09-02T05:42:50.630216Z,5857,dc.scaffold.htb,Microsoft-Windows-WMI-Activity,Microsoft-Windows-WMI-Activity/Operational,3237,0,,,,0x0,,,wmiprvse.exe,,,,,,4804,,WmiPerfClass,C:\Windows\System32\wbem\WmiPerfClass.dll,,,,http://manifests.microsoft.com/win/2006/windows/WMI,
2026-09-02T05:42:58.593609Z,5857,dc.scaffold.htb,Microsoft-Windows-WMI-Activity,Microsoft-Windows-WMI-Activity/Operational,3238,0,,,,0x0,,,wmiprvse.exe,,,,,,2428,,WMI Kernel Trace Event Provider,C:\Windows\System32\wbem\krnlprov.dll,,,,http://manifests.microsoft.com/win/2006/windows/WMI,
2026-09-02T05:42:58.601729Z,5860,dc.scaffold.htb,Microsoft-Windows-WMI-Activity,Microsoft-Windows-WMI-Activity/Operational,3239,0,,DC,,,,,,,,ROOT\CIMV2,,Temporary,,2084,,,SELECT * FROM Win32_ProcessStartTrace WHERE ProcessName = 'wsmprovhost.exe',,NT AUTHORITY\SYSTEM,http://manifests.microsoft.com/win/2006/windows/WMI,
2026-09-02T05:43:03.317895Z,5858,dc.scaffold.htb,Microsoft-Windows-WMI-Activity,Microsoft-Windows-WMI-Activity/Operational,3240,2,,DC,5452,,Unknown,,,{00000000-0000-0000-0000-000000000000},,,"Start IWbemServices::ExecQuery - ROOT\CIMV2 : SELECT Manufacturer, Product FROM Win32_BaseBoard",Unknown,,,,,,0x80041032,NT AUTHORITY\NETWORK SERVICE,http://manifests.microsoft.com/win/2006/windows/WMI,
2026-09-02T05:43:32.490101Z,5857,dc.scaffold.htb,Microsoft-Windows-WMI-Activity,Microsoft-Windows-WMI-Activity/Operational,3241,0,,,,0x0,,,wmiprvse.exe,,,,,,4132,,MS_NT_EVENTLOG_PROVIDER,%systemroot%\system32\wbem\ntevt.dll,,,,http://manifests.microsoft.com/win/2006/windows/WMI,
2026-09-02T05:44:09.690130Z,5857,dc.scaffold.htb,Microsoft-Windows-WMI-Activity,Microsoft-Windows-WMI-Activity/Operational,3242,0,,,,0x0,,,wmiprvse.exe,,,,,,4132,,mgmtprovider,%systemroot%\system32\wbem\mgmtprovider.dll,,,,http://manifests.microsoft.com/win/2006/windows/WMI,
2026-09-02T05:44:10.640205Z,5857,dc.scaffold.htb,Microsoft-Windows-WMI-Activity,Microsoft-Windows-WMI-Activity/Operational,3243,0,,,,0x0,,,wmiprvse.exe,,,,,,6488,,NetAdapterCim,%systemroot%\system32\wbem\NetAdapterCim.dll,,,,http://manifests.microsoft.com/win/2006/windows/WMI,
2026-09-02T05:44:11.509460Z,5857,dc.scaffold.htb,Microsoft-Windows-WMI-Activity,Microsoft-Windows-WMI-Activity/Operational,3244,0,,,,0x0,,,wmiprvse.exe,,,,,,4132,,nettcpip,%systemroot%\system32\wbem\NetTCPIP.dll,,,,http://manifests.microsoft.com/win/2006/windows/WMI,
2026-09-02T05:44:17.660443Z,5857,dc.scaffold.htb,Microsoft-Windows-WMI-Activity,Microsoft-Windows-WMI-Activity/Operational,3245,0,,,,0x0,,,wmiprvse.exe,,,,,,1408,,deploymentprovider,%systemroot%\system32\wbem\ServerManager.DeploymentProvider.dll,,,,http://manifests.microsoft.com/win/2006/windows/WMI,
2026-09-02T05:44:29.427070Z,5858,dc.scaffold.htb,Microsoft-Windows-WMI-Activity,Microsoft-Windows-WMI-Activity/Operational,3246,2,,DC,6152,,Provider,,,{D1B7EC1F-5F49-4A9E-A7FD-AD5FB6DEFEEB},,,Start IWbemServices::ExecMethod - root\microsoft\windows\servermanager : MSFT_ServerManagerTasks::GetServerFeature,Unknown,,,,,,0x80041001,SCAFFOLD\Administrator,http://manifests.microsoft.com/win/2006/windows/WMI,
2026-09-02T05:44:39.051740Z,5858,dc.scaffold.htb,Microsoft-Windows-WMI-Activity,Microsoft-Windows-WMI-Activity/Operational,3247,2,,DC,5804,,Unknown,,,{00000000-0000-0000-0000-000000000000},,,Start IWbemServices::ExecQuery - root\cimv2 : SELECT * FROM Win32_ComputerSystemProduct,Unknown,,,,,,0x80041032,NT AUTHORITY\SYSTEM,http://manifests.microsoft.com/win/2006/windows/WMI,
2026-09-02T05:44:39.322589Z,5858,dc.scaffold.htb,Microsoft-Windows-WMI-Activity,Microsoft-Windows-WMI-Activity/Operational,3248,2,,DC,5804,,Unknown,,,{00000000-0000-0000-0000-000000000000},,,Start IWbemServices::ExecQuery - root\cimv2 : SELECT * FROM Win32_OperatingSystem,Unknown,,,,,,0x80041032,NT AUTHORITY\SYSTEM,http://manifests.microsoft.com/win/2006/windows/WMI,
2026-09-02T05:44:39.376841Z,5858,dc.scaffold.htb,Microsoft-Windows-WMI-Activity,Microsoft-Windows-WMI-Activity/Operational,3249,2,,DC,5804,,Unknown,,,{00000000-0000-0000-0000-000000000000},,,Start IWbemServices::ExecQuery - root\cimv2 : SELECT * FROM Win32_OperatingSystem,Unknown,,,,,,0x80041032,NT AUTHORITY\SYSTEM,http://manifests.microsoft.com/win/2006/windows/WMI,
2026-09-02T05:51:12.973794Z,5857,dc.scaffold.htb,Microsoft-Windows-WMI-Activity,Microsoft-Windows-WMI-Activity/Operational,3250,0,,,,0x0,,,wmiprvse.exe,,,,,,4804,,WMIProv,%systemroot%\system32\wbem\wmiprov.dll,,,,http://manifests.microsoft.com/win/2006/windows/WMI,
2026-09-02T05:53:12.422992Z,5858,dc.scaffold.htb,Microsoft-Windows-WMI-Activity,Microsoft-Windows-WMI-Activity/Operational,3251,2,,DC,2084,,Unknown,,,{C98E9462-3A9D-0000-609A-8EC99D3ADD01},,,Start IWbemServices::ExecNotificationQuery - ROOT\CIMV2 : SELECT * FROM Win32_ProcessStartTrace WHERE ProcessName = 'wsmprovhost.exe',Unknown,,,,,,0x80041032,NT AUTHORITY\SYSTEM,http://manifests.microsoft.com/win/2006/windows/WMI,
2026-09-02T05:54:09.048574Z,5857,dc.scaffold.htb,Microsoft-Windows-WMI-Activity,Microsoft-Windows-WMI-Activity/Operational,3252,0,,,,0x0,,,wmiprvse.exe,,,,,,4132,,mgmtprovider,%systemroot%\system32\wbem\mgmtprovider.dll,,,,http://manifests.microsoft.com/win/2006/windows/WMI,
2026-09-02T05:54:09.167791Z,5857,dc.scaffold.htb,Microsoft-Windows-WMI-Activity,Microsoft-Windows-WMI-Activity/Operational,3253,0,,,,0x0,,,wmiprvse.exe,,,,,,2908,,NetAdapterCim,%systemroot%\system32\wbem\NetAdapterCim.dll,,,,http://manifests.microsoft.com/win/2006/windows/WMI,
2026-09-02T05:54:09.334076Z,5857,dc.scaffold.htb,Microsoft-Windows-WMI-Activity,Microsoft-Windows-WMI-Activity/Operational,3254,0,,,,0x0,,,wmiprvse.exe,,,,,,4132,,nettcpip,%systemroot%\system32\wbem\NetTCPIP.dll,,,,http://manifests.microsoft.com/win/2006/windows/WMI,
2026-09-02T05:54:11.642262Z,5857,dc.scaffold.htb,Microsoft-Windows-WMI-Activity,Microsoft-Windows-WMI-Activity/Operational,3255,0,,,,0x0,,,wmiprvse.exe,,,,,,6204,,deploymentprovider,%systemroot%\system32\wbem\ServerManager.DeploymentProvider.dll,,,,http://manifests.microsoft.com/win/2006/windows/WMI,
2026-09-02T05:54:22.892198Z,5858,dc.scaffold.htb,Microsoft-Windows-WMI-Activity,Microsoft-Windows-WMI-Activity/Operational,3256,2,,DC,6152,,Provider,,,{158D70FC-4FD8-4A51-A552-FCB6017A61A2},,,Start IWbemServices::ExecMethod - root\microsoft\windows\servermanager : MSFT_ServerManagerTasks::GetServerFeature,Unknown,,,,,,0x80041001,SCAFFOLD\Administrator,http://manifests.microsoft.com/win/2006/windows/WMI,
2026-09-02T05:59:27.695543Z,5858,dc.scaffold.htb,Microsoft-Windows-WMI-Activity,Microsoft-Windows-WMI-Activity/Operational,3257,2,,DC,3660,,Unknown,,,{00000000-0000-0000-0000-000000000000},,,"Start IWbemServices::ExecQuery - ROOT\CIMV2 : SELECT Manufacturer, Product FROM Win32_BaseBoard",Unknown,,,,,,0x80041032,NT AUTHORITY\NETWORK SERVICE,http://manifests.microsoft.com/win/2006/windows/WMI,
2026-09-08T02:18:08.626098Z,5861,dc.scaffold.htb,Microsoft-Windows-WMI-Activity,Microsoft-Windows-WMI-Activity/Operational,3258,0,"NTEventLogEventConsumer=""SCM Event Log Consumer""",,,,,SCM Event Log Filter,,,//./root/subscription,,,"Binding EventFilter: 
instance of __EventFilter
{
	CreatorSID = {1, 2, 0, 0, 0, 0, 0, 5, 32, 0, 0, 0, 32, 2, 0, 0};
	EventNamespace = ""root\\cimv2"";
	Name = ""SCM Event Log Filter"";
	Query = ""select * from MSFT_SCMEventLogEvent"";
	QueryLanguage = ""WQL"";
};
Perm. Consumer: 
instance of NTEventLogEventConsumer
{
	Category = 0;
	CreatorSID = {1, 2, 0, 0, 0, 0, 0, 5, 32, 0, 0, 0, 32, 2, 0, 0};
	EventType = 1;
	Name = ""SCM Event Log Consumer"";
	NameOfUserSIDProperty = ""sid"";
	SourceName = ""Service Control Manager"";
};
",,,,,,,,http://manifests.microsoft.com/win/2006/windows/WMI,
2026-09-08T02:18:09.045223Z,5860,dc.scaffold.htb,Microsoft-Windows-WMI-Activity,Microsoft-Windows-WMI-Activity/Operational,3259,0,,DC,,,,,,,,ROOT\Subscription,,Temporary,,1332,,,SELECT * FROM __InstanceOperationEvent WITHIN 5WHERE TargetInstance ISA '__EventConsumer' OR TargetInstance ISA '__EventFilter' OR TargetInstance ISA '__FilterToConsumerBinding',,NT AUTHORITY\SYSTEM,http://manifests.microsoft.com/win/2006/windows/WMI,
2026-09-08T02:18:09.454429Z,5857,dc.scaffold.htb,Microsoft-Windows-WMI-Activity,Microsoft-Windows-WMI-Activity/Operational,3260,0,,,,0x0,,,wmiprvse.exe,,,,,,4128,,CIMWin32,%systemroot%\system32\wbem\cimwin32.dll,,,,http://manifests.microsoft.com/win/2006/windows/WMI,
2026-09-08T02:18:09.457314Z,5859,dc.scaffold.htb,SCM Event Provider,Microsoft-Windows-WMI-Activity/Operational,3261,0,,,,,,,,,,//./root/CIMV2,,Permanent,,2172,,,select * from MSFT_SCMEventLogEvent,,S-1-5-32-544,http://manifests.microsoft.com/win/2006/windows/WMI,0
2026-09-08T02:18:13.402818Z,5857,dc.scaffold.htb,Microsoft-Windows-WMI-Activity,Microsoft-Windows-WMI-Activity/Operational,3262,0,,,,0x0,,,wmiprvse.exe,,,,,,4532,,WMIProv,%systemroot%\system32\wbem\wmiprov.dll,,,,http://manifests.microsoft.com/win/2006/windows/WMI,
2026-09-08T02:18:13.446150Z,5858,dc.scaffold.htb,Microsoft-Windows-WMI-Activity,Microsoft-Windows-WMI-Activity/Operational,3263,2,,DC,3852,,Unknown,,,{00000000-0000-0000-0000-000000000000},,,Start IWbemServices::CreateInstanceEnum - root\wmi : MS_SM_AdapterInformationQuery,Unknown,,,,,,0x8004100c,NT AUTHORITY\SYSTEM,http://manifests.microsoft.com/win/2006/windows/WMI,
2026-09-08T02:18:14.311487Z,5858,dc.scaffold.htb,Microsoft-Windows-WMI-Activity,Microsoft-Windows-WMI-Activity/Operational,3264,2,,DC,3852,,Unknown,,,{00000000-0000-0000-0000-000000000000},,,Start IWbemServices::CreateInstanceEnum - root\wmi : MSiSCSI_PortalInfoClass,Unknown,,,,,,0x8004100c,NT AUTHORITY\SYSTEM,http://manifests.microsoft.com/win/2006/windows/WMI,
2026-09-08T02:18:23.834594Z,5857,dc.scaffold.htb,Microsoft-Windows-WMI-Activity,Microsoft-Windows-WMI-Activity/Operational,3265,0,,,,0x0,,,wmiprvse.exe,,,,,,4532,,WmiPerfClass,C:\Windows\System32\wbem\WmiPerfClass.dll,,,,http://manifests.microsoft.com/win/2006/windows/WMI,
2026-09-08T02:18:36.778214Z,5857,dc.scaffold.htb,Microsoft-Windows-WMI-Activity,Microsoft-Windows-WMI-Activity/Operational,3266,0,,,,0x0,,,wmiprvse.exe,,,,,,2172,,WMI Kernel Trace Event Provider,C:\Windows\System32\wbem\krnlprov.dll,,,,http://manifests.microsoft.com/win/2006/windows/WMI,
2026-09-08T02:18:36.810228Z,5860,dc.scaffold.htb,Microsoft-Windows-WMI-Activity,Microsoft-Windows-WMI-Activity/Operational,3267,0,,DC,,,,,,,,ROOT\CIMV2,,Temporary,,5048,,,SELECT * FROM Win32_ProcessStartTrace WHERE ProcessName = 'wsmprovhost.exe',,NT AUTHORITY\SYSTEM,http://manifests.microsoft.com/win/2006/windows/WMI,
2026-09-08T02:19:04.425562Z,5857,dc.scaffold.htb,Microsoft-Windows-WMI-Activity,Microsoft-Windows-WMI-Activity/Operational,3268,0,,,,0x0,,,wmiprvse.exe,,,,,,4128,,MS_NT_EVENTLOG_PROVIDER,%systemroot%\system32\wbem\ntevt.dll,,,,http://manifests.microsoft.com/win/2006/windows/WMI,
2026-09-08T02:20:39.090607Z,5858,dc.scaffold.htb,Microsoft-Windows-WMI-Activity,Microsoft-Windows-WMI-Activity/Operational,3269,2,,DC,676,,Unknown,,,{00000000-0000-0000-0000-000000000000},,,Start IWbemServices::ExecQuery - root\cimv2 : SELECT * FROM Win32_ComputerSystemProduct,Unknown,,,,,,0x80041032,NT AUTHORITY\SYSTEM,http://manifests.microsoft.com/win/2006/windows/WMI,
2026-09-08T02:20:39.101612Z,5858,dc.scaffold.htb,Microsoft-Windows-WMI-Activity,Microsoft-Windows-WMI-Activity/Operational,3270,2,,DC,676,,Unknown,,,{00000000-0000-0000-0000-000000000000},,,Start IWbemServices::ExecQuery - root\cimv2 : SELECT * FROM Win32_ComputerSystemProduct,Unknown,,,,,,0x80041032,NT AUTHORITY\SYSTEM,http://manifests.microsoft.com/win/2006/windows/WMI,
2026-09-08T02:21:42.682058Z,5857,dc.scaffold.htb,Microsoft-Windows-WMI-Activity,Microsoft-Windows-WMI-Activity/Operational,3271,0,,,,0x0,,,wmiprvse.exe,,,,,,4128,,mgmtprovider,%systemroot%\system32\wbem\mgmtprovider.dll,,,,http://manifests.microsoft.com/win/2006/windows/WMI,
2026-09-08T02:21:43.274664Z,5857,dc.scaffold.htb,Microsoft-Windows-WMI-Activity,Microsoft-Windows-WMI-Activity/Operational,3272,0,,,,0x0,,,wmiprvse.exe,,,,,,6336,,NetAdapterCim,%systemroot%\system32\wbem\NetAdapterCim.dll,,,,http://manifests.microsoft.com/win/2006/windows/WMI,
2026-09-08T02:21:43.422801Z,5857,dc.scaffold.htb,Microsoft-Windows-WMI-Activity,Microsoft-Windows-WMI-Activity/Operational,3273,0,,,,0x0,,,wmiprvse.exe,,,,,,4128,,nettcpip,%systemroot%\system32\wbem\NetTCPIP.dll,,,,http://manifests.microsoft.com/win/2006/windows/WMI,
2026-09-08T02:21:49.905812Z,5857,dc.scaffold.htb,Microsoft-Windows-WMI-Activity,Microsoft-Windows-WMI-Activity/Operational,3274,0,,,,0x0,,,wmiprvse.exe,,,,,,6616,,deploymentprovider,%systemroot%\system32\wbem\ServerManager.DeploymentProvider.dll,,,,http://manifests.microsoft.com/win/2006/windows/WMI,
2026-09-08T02:22:03.117021Z,5858,dc.scaffold.htb,Microsoft-Windows-WMI-Activity,Microsoft-Windows-WMI-Activity/Operational,3275,2,,DC,3876,,Provider,,,{AF755729-2D32-4DC4-BC29-89ECE42CE192},,,Start IWbemServices::ExecMethod - root\microsoft\windows\servermanager : MSFT_ServerManagerTasks::GetServerFeature,Unknown,,,,,,0x80041001,SCAFFOLD\Administrator,http://manifests.microsoft.com/win/2006/windows/WMI,
2026-09-08T02:22:20.287749Z,5857,dc.scaffold.htb,Microsoft-Windows-WMI-Activity,Microsoft-Windows-WMI-Activity/Operational,3276,0,,,,0x0,,,wmiprvse.exe,,,,,,4128,,ServerFeatureProvider,%windir%\system32\wbem\servercompprov.dll,,,,http://manifests.microsoft.com/win/2006/windows/WMI,
2026-09-08T02:22:25.263662Z,5858,dc.scaffold.htb,Microsoft-Windows-WMI-Activity,Microsoft-Windows-WMI-Activity/Operational,3277,2,,DC,7004,,Unknown,,,{00000000-0000-0000-0000-000000000000},,,Start IWbemServices::ExecQuery - ROOT\CIMV2 : SELECT ID FROM Win32_ServerFeature,Unknown,,,,,,0x80041032,NT AUTHORITY\SYSTEM,http://manifests.microsoft.com/win/2006/windows/WMI,
2026-09-08T02:22:25.300135Z,5858,dc.scaffold.htb,Microsoft-Windows-WMI-Activity,Microsoft-Windows-WMI-Activity/Operational,3278,2,,DC,7004,,Unknown,,,{00000000-0000-0000-0000-000000000000},,,Start IWbemServices::ExecQuery - ROOT\CCM : select ClientId from CCM_Client,Unknown,,,,,,0x80041010,NT AUTHORITY\SYSTEM,http://manifests.microsoft.com/win/2006/windows/WMI,
2026-09-08T02:22:25.405418Z,5857,dc.scaffold.htb,Microsoft-Windows-WMI-Activity,Microsoft-Windows-WMI-Activity/Operational,3279,0,,,,0x0,,,wmiprvse.exe,,,,,,4128,,Win32_TpmProvider,C:\Windows\System32\wbem\Win32_TPM.dll,,,,http://manifests.microsoft.com/win/2006/windows/WMI,
2026-09-08T02:22:26.901155Z,5857,dc.scaffold.htb,Microsoft-Windows-WMI-Activity,Microsoft-Windows-WMI-Activity/Operational,3280,0,,,,0x0,,,wmiprvse.exe,,,,,,4128,,Win32_DeviceGuard,%SystemRoot%\System32\Win32_DeviceGuard.dll,,,,http://manifests.microsoft.com/win/2006/windows/WMI,
2026-09-08T02:22:26.995054Z,5857,dc.scaffold.htb,Microsoft-Windows-WMI-Activity,Microsoft-Windows-WMI-Activity/Operational,3281,0,,,,0x0,,,wmiprvse.exe,,,,,,4128,,DeliveryOptimizationMIProv,%SystemRoot%\system32\domgmt.dll,,,,http://manifests.microsoft.com/win/2006/windows/WMI,
2026-09-08T02:28:46.097271Z,5858,dc.scaffold.htb,Microsoft-Windows-WMI-Activity,Microsoft-Windows-WMI-Activity/Operational,3282,2,,DC,5048,,Unknown,,,{3A26B819-3F38-0000-73C0-263A383FDD01},,,Start IWbemServices::ExecNotificationQuery - ROOT\CIMV2 : SELECT * FROM Win32_ProcessStartTrace WHERE ProcessName = 'wsmprovhost.exe',Unknown,,,,,,0x80041032,NT AUTHORITY\SYSTEM,http://manifests.microsoft.com/win/2006/windows/WMI,
2026-09-08T02:31:23.908083Z,5857,dc.scaffold.htb,Microsoft-Windows-WMI-Activity,Microsoft-Windows-WMI-Activity/Operational,3283,0,,,,0x0,,,wmiprvse.exe,,,,,,4128,,Win32_WIN32_TERMINALSERVICE_Prov,%SystemRoot%\system32\tscfgwmi.dll,,,,http://manifests.microsoft.com/win/2006/windows/WMI,
2026-09-08T02:31:42.274170Z,5857,dc.scaffold.htb,Microsoft-Windows-WMI-Activity,Microsoft-Windows-WMI-Activity/Operational,3284,0,,,,0x0,,,wmiprvse.exe,,,,,,4128,,mgmtprovider,%systemroot%\system32\wbem\mgmtprovider.dll,,,,http://manifests.microsoft.com/win/2006/windows/WMI,
2026-09-08T02:31:42.499561Z,5857,dc.scaffold.htb,Microsoft-Windows-WMI-Activity,Microsoft-Windows-WMI-Activity/Operational,3285,0,,,,0x0,,,wmiprvse.exe,,,,,,6028,,NetAdapterCim,%systemroot%\system32\wbem\NetAdapterCim.dll,,,,http://manifests.microsoft.com/win/2006/windows/WMI,
2026-09-08T02:31:42.650728Z,5857,dc.scaffold.htb,Microsoft-Windows-WMI-Activity,Microsoft-Windows-WMI-Activity/Operational,3286,0,,,,0x0,,,wmiprvse.exe,,,,,,4128,,nettcpip,%systemroot%\system32\wbem\NetTCPIP.dll,,,,http://manifests.microsoft.com/win/2006/windows/WMI,
2026-09-08T02:31:44.854043Z,5857,dc.scaffold.htb,Microsoft-Windows-WMI-Activity,Microsoft-Windows-WMI-Activity/Operational,3287,0,,,,0x0,,,wmiprvse.exe,,,,,,5628,,deploymentprovider,%systemroot%\system32\wbem\ServerManager.DeploymentProvider.dll,,,,http://manifests.microsoft.com/win/2006/windows/WMI,
2026-09-08T02:31:56.036106Z,5858,dc.scaffold.htb,Microsoft-Windows-WMI-Activity,Microsoft-Windows-WMI-Activity/Operational,3288,2,,DC,3876,,Provider,,,{D347F95E-A7A6-46C2-B029-99BA752636EE},,,Start IWbemServices::ExecMethod - root\microsoft\windows\servermanager : MSFT_ServerManagerTasks::GetServerFeature,Unknown,,,,,,0x80041001,SCAFFOLD\Administrator,http://manifests.microsoft.com/win/2006/windows/WMI,
2026-09-08T02:41:42.255728Z,5857,dc.scaffold.htb,Microsoft-Windows-WMI-Activity,Microsoft-Windows-WMI-Activity/Operational,3289,0,,,,0x0,,,wmiprvse.exe,,,,,,4128,,mgmtprovider,%systemroot%\system32\wbem\mgmtprovider.dll,,,,http://manifests.microsoft.com/win/2006/windows/WMI,
2026-09-08T02:41:42.364821Z,5857,dc.scaffold.htb,Microsoft-Windows-WMI-Activity,Microsoft-Windows-WMI-Activity/Operational,3290,0,,,,0x0,,,wmiprvse.exe,,,,,,6692,,NetAdapterCim,%systemroot%\system32\wbem\NetAdapterCim.dll,,,,http://manifests.microsoft.com/win/2006/windows/WMI,
2026-09-08T02:41:42.499806Z,5857,dc.scaffold.htb,Microsoft-Windows-WMI-Activity,Microsoft-Windows-WMI-Activity/Operational,3291,0,,,,0x0,,,wmiprvse.exe,,,,,,4128,,nettcpip,%systemroot%\system32\wbem\NetTCPIP.dll,,,,http://manifests.microsoft.com/win/2006/windows/WMI,
2026-09-08T02:41:44.645509Z,5857,dc.scaffold.htb,Microsoft-Windows-WMI-Activity,Microsoft-Windows-WMI-Activity/Operational,3292,0,,,,0x0,,,wmiprvse.exe,,,,,,4068,,deploymentprovider,%systemroot%\system32\wbem\ServerManager.DeploymentProvider.dll,,,,http://manifests.microsoft.com/win/2006/windows/WMI,
2026-09-08T02:41:55.801586Z,5858,dc.scaffold.htb,Microsoft-Windows-WMI-Activity,Microsoft-Windows-WMI-Activity/Operational,3293,2,,DC,3876,,Provider,,,{33C77E91-0BEE-439D-9BC5-8FC1926FE46F},,,Start IWbemServices::ExecMethod - root\microsoft\windows\servermanager : MSFT_ServerManagerTasks::GetServerFeature,Unknown,,,,,,0x80041001,SCAFFOLD\Administrator,http://manifests.microsoft.com/win/2006/windows/WMI,
2026-09-08T02:43:18.156908Z,5857,dc.scaffold.htb,Microsoft-Windows-WMI-Activity,Microsoft-Windows-WMI-Activity/Operational,3294,0,,,,0x0,,,wmiprvse.exe,,,,,,4128,,MSVDS__PROVIDER,%systemroot%\system32\wbem\vdswmi.dll,,,,http://manifests.microsoft.com/win/2006/windows/WMI,
2026-09-08T02:43:18.364268Z,5857,dc.scaffold.htb,Microsoft-Windows-WMI-Activity,Microsoft-Windows-WMI-Activity/Operational,3295,0,,,,0x0,,,wmiprvse.exe,,,,,,4128,,StorageWMI,%SystemRoot%\System32\storagewmi.dll,,,,http://manifests.microsoft.com/win/2006/windows/WMI,
2026-09-08T02:43:19.185108Z,5857,dc.scaffold.htb,Microsoft-Windows-WMI-Activity,Microsoft-Windows-WMI-Activity/Operational,3296,0,,,,0x0,,,wmiprvse.exe,,,,,,6892,,PowerWmiProvider,%systemroot%\system32\umpowmi.dll,,,,http://manifests.microsoft.com/win/2006/windows/WMI,
2026-09-08T02:43:19.600288Z,5857,dc.scaffold.htb,Microsoft-Windows-WMI-Activity,Microsoft-Windows-WMI-Activity/Operational,3297,0,,,,0x0,,,wmiprvse.exe,,,,,,4532,,WMIProv,%systemroot%\system32\wbem\wmiprov.dll,,,,http://manifests.microsoft.com/win/2006/windows/WMI,
2026-09-08T02:43:19.603420Z,5858,dc.scaffold.htb,Microsoft-Windows-WMI-Activity,Microsoft-Windows-WMI-Activity/Operational,3298,2,,DC,6376,,Unknown,,,{00000000-0000-0000-0000-000000000000},,,Start IWbemServices::ExecQuery - ROOT\WMI : SELECT * FROM BatteryFullChargedCapacity,Unknown,,,,,,0x80041010,NT AUTHORITY\SYSTEM,http://manifests.microsoft.com/win/2006/windows/WMI,
2026-09-08T02:43:19.607797Z,5858,dc.scaffold.htb,Microsoft-Windows-WMI-Activity,Microsoft-Windows-WMI-Activity/Operational,3299,2,,DC,6376,,Unknown,,,{00000000-0000-0000-0000-000000000000},,,Start IWbemServices::ExecQuery - ROOT\WMI : SELECT * FROM BatteryStaticData,Unknown,,,,,,0x80041010,NT AUTHORITY\SYSTEM,http://manifests.microsoft.com/win/2006/windows/WMI,
2026-09-08T02:43:19.634948Z,5857,dc.scaffold.htb,Microsoft-Windows-WMI-Activity,Microsoft-Windows-WMI-Activity/Operational,3300,0,,,,0x0,,,wmiprvse.exe,,,,,,4128,,Win32_WIN32_TERMINALSERVICE_Prov,%SystemRoot%\system32\tscfgwmi.dll,,,,http://manifests.microsoft.com/win/2006/windows/WMI,
2026-09-08T02:43:27.578900Z,5857,dc.scaffold.htb,Microsoft-Windows-WMI-Activity,Microsoft-Windows-WMI-Activity/Operational,3301,0,,,,0x0,,,wmiprvse.exe,,,,,,4128,,Microsoft|DSLDAPClassProvider|V1.0,%systemroot%\system32\wbem\dsprov.dll,,,,http://manifests.microsoft.com/win/2006/windows/WMI,
2026-09-08T02:43:28.423694Z,5857,dc.scaffold.htb,Microsoft-Windows-WMI-Activity,Microsoft-Windows-WMI-Activity/Operational,3302,0,,,,0x0,,,wmiprvse.exe,,,,,,4128,,Microsoft|DSLDAPInstanceProvider|V1.0,%systemroot%\system32\wbem\dsprov.dll,,,,http://manifests.microsoft.com/win/2006/windows/WMI,
2026-09-08T02:43:42.738623Z,5858,dc.scaffold.htb,Microsoft-Windows-WMI-Activity,Microsoft-Windows-WMI-Activity/Operational,3303,2,,DC,4916,,Unknown,,,{00000000-0000-0000-0000-000000000000},,,Start IWbemServices::ExecQuery - ROOT\CIMV2 : SELECT State FROM Win32_Service,Unknown,,,,,,0x80041032,NT AUTHORITY\SYSTEM,http://manifests.microsoft.com/win/2006/windows/WMI,
2026-09-08T02:51:42.299716Z,5857,dc.scaffold.htb,Microsoft-Windows-WMI-Activity,Microsoft-Windows-WMI-Activity/Operational,3304,0,,,,0x0,,,wmiprvse.exe,,,,,,4128,,mgmtprovider,%systemroot%\system32\wbem\mgmtprovider.dll,,,,http://manifests.microsoft.com/win/2006/windows/WMI,
2026-09-08T02:51:42.455179Z,5857,dc.scaffold.htb,Microsoft-Windows-WMI-Activity,Microsoft-Windows-WMI-Activity/Operational,3305,0,,,,0x0,,,wmiprvse.exe,,,,,,4616,,NetAdapterCim,%systemroot%\system32\wbem\NetAdapterCim.dll,,,,http://manifests.microsoft.com/win/2006/windows/WMI,
2026-09-08T02:51:42.600112Z,5857,dc.scaffold.htb,Microsoft-Windows-WMI-Activity,Microsoft-Windows-WMI-Activity/Operational,3306,0,,,,0x0,,,wmiprvse.exe,,,,,,4128,,nettcpip,%systemroot%\system32\wbem\NetTCPIP.dll,,,,http://manifests.microsoft.com/win/2006/windows/WMI,
2026-09-08T02:51:44.744106Z,5857,dc.scaffold.htb,Microsoft-Windows-WMI-Activity,Microsoft-Windows-WMI-Activity/Operational,3307,0,,,,0x0,,,wmiprvse.exe,,,,,,2552,,deploymentprovider,%systemroot%\system32\wbem\ServerManager.DeploymentProvider.dll,,,,http://manifests.microsoft.com/win/2006/windows/WMI,
2026-09-08T02:51:55.831552Z,5858,dc.scaffold.htb,Microsoft-Windows-WMI-Activity,Microsoft-Windows-WMI-Activity/Operational,3308,2,,DC,3876,,Provider,,,{8037B8BA-F98E-4A83-AC8D-CBA65C5175B9},,,Start IWbemServices::ExecMethod - root\microsoft\windows\servermanager : MSFT_ServerManagerTasks::GetServerFeature,Unknown,,,,,,0x80041001,SCAFFOLD\Administrator,http://manifests.microsoft.com/win/2006/windows/WMI,
2026-09-08T02:52:15.075321Z,5858,dc.scaffold.htb,Microsoft-Windows-WMI-Activity,Microsoft-Windows-WMI-Activity/Operational,3309,2,,DC,1456,,Unknown,,,{72D41863-84E9-4945-97C3-BC3C5B92717C},,,"Start IWbemServices::DeleteInstance - Root\Rsop\Computer : RSOP_ExtensionStatus.extensionGuid=""{0ACDD40C-75AC-47ab-BAA0-BF6DE7E7FE63}""",Unknown,,,,,,0x80041002,NT AUTHORITY\SYSTEM,http://manifests.microsoft.com/win/2006/windows/WMI,
2026-09-08T02:52:15.076414Z,5858,dc.scaffold.htb,Microsoft-Windows-WMI-Activity,Microsoft-Windows-WMI-Activity/Operational,3310,2,,DC,1456,,Unknown,,,{72D41863-84E9-4945-97C3-BC3C5B92717C},,,"Start IWbemServices::DeleteInstance - Root\Rsop\Computer : RSOP_ExtensionStatus.extensionGuid=""{0E28E245-9368-4853-AD84-6DA3BA35BB75}""",Unknown,,,,,,0x80041002,NT AUTHORITY\SYSTEM,http://manifests.microsoft.com/win/2006/windows/WMI,
2026-09-08T02:52:15.077730Z,5858,dc.scaffold.htb,Microsoft-Windows-WMI-Activity,Microsoft-Windows-WMI-Activity/Operational,3311,2,,DC,1456,,Unknown,,,{72D41863-84E9-4945-97C3-BC3C5B92717C},,,"Start IWbemServices::DeleteInstance - Root\Rsop\Computer : RSOP_ExtensionStatus.extensionGuid=""{169EBF44-942F-4C43-87CE-13C93996EBBE}""",Unknown,,,,,,0x80041002,NT AUTHORITY\SYSTEM,http://manifests.microsoft.com/win/2006/windows/WMI,
2026-09-08T02:52:15.079039Z,5858,dc.scaffold.htb,Microsoft-Windows-WMI-Activity,Microsoft-Windows-WMI-Activity/Operational,3312,2,,DC,1456,,Unknown,,,{72D41863-84E9-4945-97C3-BC3C5B92717C},,,"Start IWbemServices::DeleteInstance - Root\Rsop\Computer : RSOP_ExtensionStatus.extensionGuid=""{16be69fa-4209-4250-88cb-716cf41954e0}""",Unknown,,,,,,0x80041002,NT AUTHORITY\SYSTEM,http://manifests.microsoft.com/win/2006/windows/WMI,
2026-09-08T02:52:15.080313Z,5858,dc.scaffold.htb,Microsoft-Windows-WMI-Activity,Microsoft-Windows-WMI-Activity/Operational,3313,2,,DC,1456,,Unknown,,,{72D41863-84E9-4945-97C3-BC3C5B92717C},,,"Start IWbemServices::DeleteInstance - Root\Rsop\Computer : RSOP_ExtensionStatus.extensionGuid=""{17D89FEC-5C44-4972-B12D-241CAEF74509}""",Unknown,,,,,,0x80041002,NT AUTHORITY\SYSTEM,http://manifests.microsoft.com/win/2006/windows/WMI,
2026-09-08T02:52:15.081636Z,5858,dc.scaffold.htb,Microsoft-Windows-WMI-Activity,Microsoft-Windows-WMI-Activity/Operational,3314,2,,DC,1456,,Unknown,,,{72D41863-84E9-4945-97C3-BC3C5B92717C},,,"Start IWbemServices::DeleteInstance - Root\Rsop\Computer : RSOP_ExtensionStatus.extensionGuid=""{1A6364EB-776B-4120-ADE1-B63A406A76B5}""",Unknown,,,,,,0x80041002,NT AUTHORITY\SYSTEM,http://manifests.microsoft.com/win/2006/windows/WMI,
2026-09-08T02:52:15.082998Z,5858,dc.scaffold.htb,Microsoft-Windows-WMI-Activity,Microsoft-Windows-WMI-Activity/Operational,3315,2,,DC,1456,,Unknown,,,{72D41863-84E9-4945-97C3-BC3C5B92717C},,,"Start IWbemServices::DeleteInstance - Root\Rsop\Computer : RSOP_ExtensionStatus.extensionGuid=""{2A8FDC61-2347-4C87-92F6-B05EB91A201A}""",Unknown,,,,,,0x80041002,NT AUTHORITY\SYSTEM,http://manifests.microsoft.com/win/2006/windows/WMI,
2026-09-08T02:52:15.084329Z,5858,dc.scaffold.htb,Microsoft-Windows-WMI-Activity,Microsoft-Windows-WMI-Activity/Operational,3316,2,,DC,1456,,Unknown,,,{72D41863-84E9-4945-97C3-BC3C5B92717C},,,"Start IWbemServices::DeleteInstance - Root\Rsop\Computer : RSOP_ExtensionStatus.extensionGuid=""{2BFCC077-22D2-48DE-BDE1-2F618D9B476D}""",Unknown,,,,,,0x80041002,NT AUTHORITY\SYSTEM,http://manifests.microsoft.com/win/2006/windows/WMI,
2026-09-08T02:52:15.085362Z,5858,dc.scaffold.htb,Microsoft-Windows-WMI-Activity,Microsoft-Windows-WMI-Activity/Operational,3317,2,,DC,1456,,Unknown,,,{72D41863-84E9-4945-97C3-BC3C5B92717C},,,"Start IWbemServices::DeleteInstance - Root\Rsop\Computer : RSOP_ExtensionStatus.extensionGuid=""{3610eda5-77ef-11d2-8dc5-00c04fa31a66}""",Unknown,,,,,,0x80041002,NT AUTHORITY\SYSTEM,http://manifests.microsoft.com/win/2006/windows/WMI,
2026-09-08T02:52:15.086332Z,5858,dc.scaffold.htb,Microsoft-Windows-WMI-Activity,Microsoft-Windows-WMI-Activity/Operational,3318,2,,DC,1456,,Unknown,,,{72D41863-84E9-4945-97C3-BC3C5B92717C},,,"Start IWbemServices::DeleteInstance - Root\Rsop\Computer : RSOP_ExtensionStatus.extensionGuid=""{3A0DBA37-F8B2-4356-83DE-3E90BD5C261F}""",Unknown,,,,,,0x80041002,NT AUTHORITY\SYSTEM,http://manifests.microsoft.com/win/2006/windows/WMI,
2026-09-08T02:52:15.087355Z,5858,dc.scaffold.htb,Microsoft-Windows-WMI-Activity,Microsoft-Windows-WMI-Activity/Operational,3319,2,,DC,1456,,Unknown,,,{72D41863-84E9-4945-97C3-BC3C5B92717C},,,"Start IWbemServices::DeleteInstance - Root\Rsop\Computer : RSOP_ExtensionStatus.extensionGuid=""{426031c0-0b47-4852-b0ca-ac3d37bfcb39}""",Unknown,,,,,,0x80041002,NT AUTHORITY\SYSTEM,http://manifests.microsoft.com/win/2006/windows/WMI,
2026-09-08T02:52:15.088260Z,5858,dc.scaffold.htb,Microsoft-Windows-WMI-Activity,Microsoft-Windows-WMI-Activity/Operational,3320,2,,DC,1456,,Unknown,,,{72D41863-84E9-4945-97C3-BC3C5B92717C},,,"Start IWbemServices::DeleteInstance - Root\Rsop\Computer : RSOP_ExtensionStatus.extensionGuid=""{42B5FAAE-6536-11d2-AE5A-0000F87571E3}""",Unknown,,,,,,0x80041002,NT AUTHORITY\SYSTEM,http://manifests.microsoft.com/win/2006/windows/WMI,
2026-09-08T02:52:15.089558Z,5858,dc.scaffold.htb,Microsoft-Windows-WMI-Activity,Microsoft-Windows-WMI-Activity/Operational,3321,2,,DC,1456,,Unknown,,,{72D41863-84E9-4945-97C3-BC3C5B92717C},,,"Start IWbemServices::DeleteInstance - Root\Rsop\Computer : RSOP_ExtensionStatus.extensionGuid=""{4B7C3B0F-E993-4E06-A241-3FBE06943684}""",Unknown,,,,,,0x80041002,NT AUTHORITY\SYSTEM,http://manifests.microsoft.com/win/2006/windows/WMI,
2026-09-08T02:52:15.090859Z,5858,dc.scaffold.htb,Microsoft-Windows-WMI-Activity,Microsoft-Windows-WMI-Activity/Operational,3322,2,,DC,1456,,Unknown,,,{72D41863-84E9-4945-97C3-BC3C5B92717C},,,"Start IWbemServices::DeleteInstance - Root\Rsop\Computer : RSOP_ExtensionStatus.extensionGuid=""{4bcd6cde-777b-48b6-9804-43568e23545d}""",Unknown,,,,,,0x80041002,NT AUTHORITY\SYSTEM,http://manifests.microsoft.com/win/2006/windows/WMI,
2026-09-08T02:52:15.092197Z,5858,dc.scaffold.htb,Microsoft-Windows-WMI-Activity,Microsoft-Windows-WMI-Activity/Operational,3323,2,,DC,1456,,Unknown,,,{72D41863-84E9-4945-97C3-BC3C5B92717C},,,"Start IWbemServices::DeleteInstance - Root\Rsop\Computer : RSOP_ExtensionStatus.extensionGuid=""{4CFB60C1-FAA6-47f1-89AA-0B18730C9FD3}""",Unknown,,,,,,0x80041002,NT AUTHORITY\SYSTEM,http://manifests.microsoft.com/win/2006/windows/WMI,
2026-09-08T02:52:15.093607Z,5858,dc.scaffold.htb,Microsoft-Windows-WMI-Activity,Microsoft-Windows-WMI-Activity/Operational,3324,2,,DC,1456,,Unknown,,,{72D41863-84E9-4945-97C3-BC3C5B92717C},,,"Start IWbemServices::DeleteInstance - Root\Rsop\Computer : RSOP_ExtensionStatus.extensionGuid=""{6232C319-91AC-4931-9385-E70C2B099F0E}""",Unknown,,,,,,0x80041002,NT AUTHORITY\SYSTEM,http://manifests.microsoft.com/win/2006/windows/WMI,
2026-09-08T02:52:15.094917Z,5858,dc.scaffold.htb,Microsoft-Windows-WMI-Activity,Microsoft-Windows-WMI-Activity/Operational,3325,2,,DC,1456,,Unknown,,,{72D41863-84E9-4945-97C3-BC3C5B92717C},,,"Start IWbemServices::DeleteInstance - Root\Rsop\Computer : RSOP_ExtensionStatus.extensionGuid=""{6A4C88C6-C502-4f74-8F60-2CB23EDC24E2}""",Unknown,,,,,,0x80041002,NT AUTHORITY\SYSTEM,http://manifests.microsoft.com/win/2006/windows/WMI,
2026-09-08T02:52:15.096216Z,5858,dc.scaffold.htb,Microsoft-Windows-WMI-Activity,Microsoft-Windows-WMI-Activity/Operational,3326,2,,DC,1456,,Unknown,,,{72D41863-84E9-4945-97C3-BC3C5B92717C},,,"Start IWbemServices::DeleteInstance - Root\Rsop\Computer : RSOP_ExtensionStatus.extensionGuid=""{7150F9BF-48AD-4da4-A49C-29EF4A8369BA}""",Unknown,,,,,,0x80041002,NT AUTHORITY\SYSTEM,http://manifests.microsoft.com/win/2006/windows/WMI,
2026-09-08T02:52:15.097527Z,5858,dc.scaffold.htb,Microsoft-Windows-WMI-Activity,Microsoft-Windows-WMI-Activity/Operational,3327,2,,DC,1456,,Unknown,,,{72D41863-84E9-4945-97C3-BC3C5B92717C},,,"Start IWbemServices::DeleteInstance - Root\Rsop\Computer : RSOP_ExtensionStatus.extensionGuid=""{728EE579-943C-4519-9EF7-AB56765798ED}""",Unknown,,,,,,0x80041002,NT AUTHORITY\SYSTEM,http://manifests.microsoft.com/win/2006/windows/WMI,
2026-09-08T02:52:15.098838Z,5858,dc.scaffold.htb,Microsoft-Windows-WMI-Activity,Microsoft-Windows-WMI-Activity/Operational,3328,2,,DC,1456,,Unknown,,,{72D41863-84E9-4945-97C3-BC3C5B92717C},,,"Start IWbemServices::DeleteInstance - Root\Rsop\Computer : RSOP_ExtensionStatus.extensionGuid=""{74EE6C03-5363-4554-B161-627540339CAB}""",Unknown,,,,,,0x80041002,NT AUTHORITY\SYSTEM,http://manifests.microsoft.com/win/2006/windows/WMI,
2026-09-08T02:52:15.100169Z,5858,dc.scaffold.htb,Microsoft-Windows-WMI-Activity,Microsoft-Windows-WMI-Activity/Operational,3329,2,,DC,1456,,Unknown,,,{72D41863-84E9-4945-97C3-BC3C5B92717C},,,"Start IWbemServices::DeleteInstance - Root\Rsop\Computer : RSOP_ExtensionStatus.extensionGuid=""{7909AD9E-09EE-4247-BAB9-7029D5F0A278}""",Unknown,,,,,,0x80041002,NT AUTHORITY\SYSTEM,http://manifests.microsoft.com/win/2006/windows/WMI,
2026-09-08T02:52:15.101509Z,5858,dc.scaffold.htb,Microsoft-Windows-WMI-Activity,Microsoft-Windows-WMI-Activity/Operational,3330,2,,DC,1456,,Unknown,,,{72D41863-84E9-4945-97C3-BC3C5B92717C},,,"Start IWbemServices::DeleteInstance - Root\Rsop\Computer : RSOP_ExtensionStatus.extensionGuid=""{7933F41E-56F8-41d6-A31C-4148A711EE93}""",Unknown,,,,,,0x80041002,NT AUTHORITY\SYSTEM,http://manifests.microsoft.com/win/2006/windows/WMI,
2026-09-08T02:52:15.102818Z,5858,dc.scaffold.htb,Microsoft-Windows-WMI-Activity,Microsoft-Windows-WMI-Activity/Operational,3331,2,,DC,1456,,Unknown,,,{72D41863-84E9-4945-97C3-BC3C5B92717C},,,"Start IWbemServices::DeleteInstance - Root\Rsop\Computer : RSOP_ExtensionStatus.extensionGuid=""{7B849a69-220F-451E-B3FE-2CB811AF94AE}""",Unknown,,,,,,0x80041002,NT AUTHORITY\SYSTEM,http://manifests.microsoft.com/win/2006/windows/WMI,
2026-09-08T02:52:15.746460Z,5858,dc.scaffold.htb,Microsoft-Windows-WMI-Activity,Microsoft-Windows-WMI-Activity/Operational,3332,2,,DC,1456,,Unknown,,,{72D41863-84E9-4945-97C3-BC3C5B92717C},,,"Start IWbemServices::DeleteInstance - Root\Rsop\Computer : RSOP_ExtensionStatus.extensionGuid=""{8A28E2C5-8D06-49A4-A08C-632DAA493E17}""",Unknown,,,,,,0x80041002,NT AUTHORITY\SYSTEM,http://manifests.microsoft.com/win/2006/windows/WMI,
2026-09-08T02:52:15.747315Z,5858,dc.scaffold.htb,Microsoft-Windows-WMI-Activity,Microsoft-Windows-WMI-Activity/Operational,3333,2,,DC,1456,,Unknown,,,{72D41863-84E9-4945-97C3-BC3C5B92717C},,,"Start IWbemServices::DeleteInstance - Root\Rsop\Computer : RSOP_ExtensionStatus.extensionGuid=""{91FBB303-0CD5-4055-BF42-E512A681B325}""",Unknown,,,,,,0x80041002,NT AUTHORITY\SYSTEM,http://manifests.microsoft.com/win/2006/windows/WMI,
2026-09-08T02:52:15.748146Z,5858,dc.scaffold.htb,Microsoft-Windows-WMI-Activity,Microsoft-Windows-WMI-Activity/Operational,3334,2,,DC,1456,,Unknown,,,{72D41863-84E9-4945-97C3-BC3C5B92717C},,,"Start IWbemServices::DeleteInstance - Root\Rsop\Computer : RSOP_ExtensionStatus.extensionGuid=""{A3F3E39B-5D83-4940-B954-28315B82F0A8}""",Unknown,,,,,,0x80041002,NT AUTHORITY\SYSTEM,http://manifests.microsoft.com/win/2006/windows/WMI,
2026-09-08T02:52:15.748920Z,5858,dc.scaffold.htb,Microsoft-Windows-WMI-Activity,Microsoft-Windows-WMI-Activity/Operational,3335,2,,DC,1456,,Unknown,,,{72D41863-84E9-4945-97C3-BC3C5B92717C},,,"Start IWbemServices::DeleteInstance - Root\Rsop\Computer : RSOP_ExtensionStatus.extensionGuid=""{AADCED64-746C-4633-A97C-D61349046527}""",Unknown,,,,,,0x80041002,NT AUTHORITY\SYSTEM,http://manifests.microsoft.com/win/2006/windows/WMI,
2026-09-08T02:52:15.749974Z,5858,dc.scaffold.htb,Microsoft-Windows-WMI-Activity,Microsoft-Windows-WMI-Activity/Operational,3336,2,,DC,1456,,Unknown,,,{72D41863-84E9-4945-97C3-BC3C5B92717C},,,"Start IWbemServices::DeleteInstance - Root\Rsop\Computer : RSOP_ExtensionStatus.extensionGuid=""{B087BE9D-ED37-454f-AF9C-04291E351182}""",Unknown,,,,,,0x80041002,NT AUTHORITY\SYSTEM,http://manifests.microsoft.com/win/2006/windows/WMI,
2026-09-08T02:52:15.750791Z,5858,dc.scaffold.htb,Microsoft-Windows-WMI-Activity,Microsoft-Windows-WMI-Activity/Operational,3337,2,,DC,1456,,Unknown,,,{72D41863-84E9-4945-97C3-BC3C5B92717C},,,"Start IWbemServices::DeleteInstance - Root\Rsop\Computer : RSOP_ExtensionStatus.extensionGuid=""{B587E2B1-4D59-4e7e-AED9-22B9DF11D053}""",Unknown,,,,,,0x80041002,NT AUTHORITY\SYSTEM,http://manifests.microsoft.com/win/2006/windows/WMI,
2026-09-08T02:52:15.751565Z,5858,dc.scaffold.htb,Microsoft-Windows-WMI-Activity,Microsoft-Windows-WMI-Activity/Operational,3338,2,,DC,1456,,Unknown,,,{72D41863-84E9-4945-97C3-BC3C5B92717C},,,"Start IWbemServices::DeleteInstance - Root\Rsop\Computer : RSOP_ExtensionStatus.extensionGuid=""{BA649533-0AAC-4E04-B9BC-4DBAE0325B12}""",Unknown,,,,,,0x80041002,NT AUTHORITY\SYSTEM,http://manifests.microsoft.com/win/2006/windows/WMI,
2026-09-08T02:52:15.752313Z,5858,dc.scaffold.htb,Microsoft-Windows-WMI-Activity,Microsoft-Windows-WMI-Activity/Operational,3339,2,,DC,1456,,Unknown,,,{72D41863-84E9-4945-97C3-BC3C5B92717C},,,"Start IWbemServices::DeleteInstance - Root\Rsop\Computer : RSOP_ExtensionStatus.extensionGuid=""{BC75B1ED-5833-4858-9BB8-CBF0B166DF9D}""",Unknown,,,,,,0x80041002,NT AUTHORITY\SYSTEM,http://manifests.microsoft.com/win/2006/windows/WMI,
2026-09-08T02:52:15.753110Z,5858,dc.scaffold.htb,Microsoft-Windows-WMI-Activity,Microsoft-Windows-WMI-Activity/Operational,3340,2,,DC,1456,,Unknown,,,{72D41863-84E9-4945-97C3-BC3C5B92717C},,,"Start IWbemServices::DeleteInstance - Root\Rsop\Computer : RSOP_ExtensionStatus.extensionGuid=""{C34B2751-1CF4-44F5-9262-C3FC39666591}""",Unknown,,,,,,0x80041002,NT AUTHORITY\SYSTEM,http://manifests.microsoft.com/win/2006/windows/WMI,
2026-09-08T02:52:15.753872Z,5858,dc.scaffold.htb,Microsoft-Windows-WMI-Activity,Microsoft-Windows-WMI-Activity/Operational,3341,2,,DC,1456,,Unknown,,,{72D41863-84E9-4945-97C3-BC3C5B92717C},,,"Start IWbemServices::DeleteInstance - Root\Rsop\Computer : RSOP_ExtensionStatus.extensionGuid=""{C418DD9D-0D14-4efb-8FBF-CFE535C8FAC7}""",Unknown,,,,,,0x80041002,NT AUTHORITY\SYSTEM,http://manifests.microsoft.com/win/2006/windows/WMI,
2026-09-08T02:52:15.754642Z,5858,dc.scaffold.htb,Microsoft-Windows-WMI-Activity,Microsoft-Windows-WMI-Activity/Operational,3342,2,,DC,1456,,Unknown,,,{72D41863-84E9-4945-97C3-BC3C5B92717C},,,"Start IWbemServices::DeleteInstance - Root\Rsop\Computer : RSOP_ExtensionStatus.extensionGuid=""{C631DF4C-088F-4156-B058-4375F0853CD8}""",Unknown,,,,,,0x80041002,NT AUTHORITY\SYSTEM,http://manifests.microsoft.com/win/2006/windows/WMI,
2026-09-08T02:52:15.755401Z,5858,dc.scaffold.htb,Microsoft-Windows-WMI-Activity,Microsoft-Windows-WMI-Activity/Operational,3343,2,,DC,1456,,Unknown,,,{72D41863-84E9-4945-97C3-BC3C5B92717C},,,"Start IWbemServices::DeleteInstance - Root\Rsop\Computer : RSOP_ExtensionStatus.extensionGuid=""{c6dc5466-785a-11d2-84d0-00c04fb169f7}""",Unknown,,,,,,0x80041002,NT AUTHORITY\SYSTEM,http://manifests.microsoft.com/win/2006/windows/WMI,
2026-09-08T02:52:15.756185Z,5858,dc.scaffold.htb,Microsoft-Windows-WMI-Activity,Microsoft-Windows-WMI-Activity/Operational,3344,2,,DC,1456,,Unknown,,,{72D41863-84E9-4945-97C3-BC3C5B92717C},,,"Start IWbemServices::DeleteInstance - Root\Rsop\Computer : RSOP_ExtensionStatus.extensionGuid=""{cdeafc3d-948d-49dd-ab12-e578ba4af7aa}""",Unknown,,,,,,0x80041002,NT AUTHORITY\SYSTEM,http://manifests.microsoft.com/win/2006/windows/WMI,
2026-09-08T02:52:15.756969Z,5858,dc.scaffold.htb,Microsoft-Windows-WMI-Activity,Microsoft-Windows-WMI-Activity/Operational,3345,2,,DC,1456,,Unknown,,,{72D41863-84E9-4945-97C3-BC3C5B92717C},,,"Start IWbemServices::DeleteInstance - Root\Rsop\Computer : RSOP_ExtensionStatus.extensionGuid=""{CF7639F3-ABA2-41DB-97F2-81E2C5DBFC5D}""",Unknown,,,,,,0x80041002,NT AUTHORITY\SYSTEM,http://manifests.microsoft.com/win/2006/windows/WMI,
2026-09-08T02:52:15.757744Z,5858,dc.scaffold.htb,Microsoft-Windows-WMI-Activity,Microsoft-Windows-WMI-Activity/Operational,3346,2,,DC,1456,,Unknown,,,{72D41863-84E9-4945-97C3-BC3C5B92717C},,,"Start IWbemServices::DeleteInstance - Root\Rsop\Computer : RSOP_ExtensionStatus.extensionGuid=""{CFF649BD-601D-4361-AD3D-0FC365DB4DB7}""",Unknown,,,,,,0x80041002,NT AUTHORITY\SYSTEM,http://manifests.microsoft.com/win/2006/windows/WMI,
2026-09-08T02:52:15.758537Z,5858,dc.scaffold.htb,Microsoft-Windows-WMI-Activity,Microsoft-Windows-WMI-Activity/Operational,3347,2,,DC,1456,,Unknown,,,{72D41863-84E9-4945-97C3-BC3C5B92717C},,,"Start IWbemServices::DeleteInstance - Root\Rsop\Computer : RSOP_ExtensionStatus.extensionGuid=""{e437bc1c-aa7d-11d2-a382-00c04f991e27}""",Unknown,,,,,,0x80041002,NT AUTHORITY\SYSTEM,http://manifests.microsoft.com/win/2006/windows/WMI,
2026-09-08T02:52:15.759321Z,5858,dc.scaffold.htb,Microsoft-Windows-WMI-Activity,Microsoft-Windows-WMI-Activity/Operational,3348,2,,DC,1456,,Unknown,,,{72D41863-84E9-4945-97C3-BC3C5B92717C},,,"Start IWbemServices::DeleteInstance - Root\Rsop\Computer : RSOP_ExtensionStatus.extensionGuid=""{E4F48E54-F38D-4884-BFB9-D4D2E5729C18}""",Unknown,,,,,,0x80041002,NT AUTHORITY\SYSTEM,http://manifests.microsoft.com/win/2006/windows/WMI,
2026-09-08T02:52:15.760065Z,5858,dc.scaffold.htb,Microsoft-Windows-WMI-Activity,Microsoft-Windows-WMI-Activity/Operational,3349,2,,DC,1456,,Unknown,,,{72D41863-84E9-4945-97C3-BC3C5B92717C},,,"Start IWbemServices::DeleteInstance - Root\Rsop\Computer : RSOP_ExtensionStatus.extensionGuid=""{E5094040-C46C-4115-B030-04FB2E545B00}""",Unknown,,,,,,0x80041002,NT AUTHORITY\SYSTEM,http://manifests.microsoft.com/win/2006/windows/WMI,
2026-09-08T02:52:15.760804Z,5858,dc.scaffold.htb,Microsoft-Windows-WMI-Activity,Microsoft-Windows-WMI-Activity/Operational,3350,2,,DC,1456,,Unknown,,,{72D41863-84E9-4945-97C3-BC3C5B92717C},,,"Start IWbemServices::DeleteInstance - Root\Rsop\Computer : RSOP_ExtensionStatus.extensionGuid=""{E62688F0-25FD-4c90-BFF5-F508B9D2E31F}""",Unknown,,,,,,0x80041002,NT AUTHORITY\SYSTEM,http://manifests.microsoft.com/win/2006/windows/WMI,
2026-09-08T02:52:15.761561Z,5858,dc.scaffold.htb,Microsoft-Windows-WMI-Activity,Microsoft-Windows-WMI-Activity/Operational,3351,2,,DC,1456,,Unknown,,,{72D41863-84E9-4945-97C3-BC3C5B92717C},,,"Start IWbemServices::DeleteInstance - Root\Rsop\Computer : RSOP_ExtensionStatus.extensionGuid=""{F312195E-3D9D-447A-A3F5-08DFFA24735E}""",Unknown,,,,,,0x80041002,NT AUTHORITY\SYSTEM,http://manifests.microsoft.com/win/2006/windows/WMI,
2026-09-08T02:52:15.854917Z,5858,dc.scaffold.htb,Microsoft-Windows-WMI-Activity,Microsoft-Windows-WMI-Activity/Operational,3352,2,,DC,1456,,Unknown,,,{72D41863-84E9-4945-97C3-BC3C5B92717C},,,"Start IWbemServices::DeleteInstance - Root\Rsop\Computer : RSOP_ExtensionStatus.extensionGuid=""{FB2CA36D-0B40-4307-821B-A13B252DE56C}""",Unknown,,,,,,0x80041002,NT AUTHORITY\SYSTEM,http://manifests.microsoft.com/win/2006/windows/WMI,
2026-09-08T02:52:15.856104Z,5858,dc.scaffold.htb,Microsoft-Windows-WMI-Activity,Microsoft-Windows-WMI-Activity/Operational,3353,2,,DC,1456,,Unknown,,,{72D41863-84E9-4945-97C3-BC3C5B92717C},,,"Start IWbemServices::DeleteInstance - Root\Rsop\Computer : RSOP_ExtensionStatus.extensionGuid=""{fbf687e6-f063-4d9f-9f4f-fd9a26acdd5f}""",Unknown,,,,,,0x80041002,NT AUTHORITY\SYSTEM,http://manifests.microsoft.com/win/2006/windows/WMI,
2026-09-08T02:52:15.857525Z,5858,dc.scaffold.htb,Microsoft-Windows-WMI-Activity,Microsoft-Windows-WMI-Activity/Operational,3354,2,,DC,1456,,Unknown,,,{72D41863-84E9-4945-97C3-BC3C5B92717C},,,"Start IWbemServices::DeleteInstance - Root\Rsop\Computer : RSOP_ExtensionStatus.extensionGuid=""{FC491EF1-C4AA-4CE1-B329-414B101DB823}""",Unknown,,,,,,0x80041002,NT AUTHORITY\SYSTEM,http://manifests.microsoft.com/win/2006/windows/WMI,
2026-09-08T02:52:16.132587Z,5858,dc.scaffold.htb,Microsoft-Windows-WMI-Activity,Microsoft-Windows-WMI-Activity/Operational,3355,2,,DC,1456,,Unknown,,,{2F1C3B72-E20A-4355-824F-3DDF9A4E0207},,,"Start IWbemServices::DeleteInstance - Root\Rsop\User\S_1_5_21_365932789_2848835602_3476675013_500 : RSOP_ExtensionStatus.extensionGuid=""{35378EAC-683F-11D2-A89A-00C04FBBCFA2}""",Unknown,,,,,,0x80041002,NT AUTHORITY\SYSTEM,http://manifests.microsoft.com/win/2006/windows/WMI,
2026-09-08T02:52:16.133969Z,5858,dc.scaffold.htb,Microsoft-Windows-WMI-Activity,Microsoft-Windows-WMI-Activity/Operational,3356,2,,DC,1456,,Unknown,,,{2F1C3B72-E20A-4355-824F-3DDF9A4E0207},,,"Start IWbemServices::DeleteInstance - Root\Rsop\User\S_1_5_21_365932789_2848835602_3476675013_500 : RSOP_ExtensionStatus.extensionGuid=""{0E28E245-9368-4853-AD84-6DA3BA35BB75}""",Unknown,,,,,,0x80041002,NT AUTHORITY\SYSTEM,http://manifests.microsoft.com/win/2006/windows/WMI,
2026-09-08T02:52:16.135258Z,5858,dc.scaffold.htb,Microsoft-Windows-WMI-Activity,Microsoft-Windows-WMI-Activity/Operational,3357,2,,DC,1456,,Unknown,,,{2F1C3B72-E20A-4355-824F-3DDF9A4E0207},,,"Start IWbemServices::DeleteInstance - Root\Rsop\User\S_1_5_21_365932789_2848835602_3476675013_500 : RSOP_ExtensionStatus.extensionGuid=""{169EBF44-942F-4C43-87CE-13C93996EBBE}""",Unknown,,,,,,0x80041002,NT AUTHORITY\SYSTEM,http://manifests.microsoft.com/win/2006/windows/WMI,
2026-09-08T02:52:16.136585Z,5858,dc.scaffold.htb,Microsoft-Windows-WMI-Activity,Microsoft-Windows-WMI-Activity/Operational,3358,2,,DC,1456,,Unknown,,,{2F1C3B72-E20A-4355-824F-3DDF9A4E0207},,,"Start IWbemServices::DeleteInstance - Root\Rsop\User\S_1_5_21_365932789_2848835602_3476675013_500 : RSOP_ExtensionStatus.extensionGuid=""{17D89FEC-5C44-4972-B12D-241CAEF74509}""",Unknown,,,,,,0x80041002,NT AUTHORITY\SYSTEM,http://manifests.microsoft.com/win/2006/windows/WMI,
2026-09-08T02:52:16.141637Z,5858,dc.scaffold.htb,Microsoft-Windows-WMI-Activity,Microsoft-Windows-WMI-Activity/Operational,3359,2,,DC,1456,,Unknown,,,{2F1C3B72-E20A-4355-824F-3DDF9A4E0207},,,"Start IWbemServices::DeleteInstance - Root\Rsop\User\S_1_5_21_365932789_2848835602_3476675013_500 : RSOP_ExtensionStatus.extensionGuid=""{1A6364EB-776B-4120-ADE1-B63A406A76B5}""",Unknown,,,,,,0x80041002,NT AUTHORITY\SYSTEM,http://manifests.microsoft.com/win/2006/windows/WMI,
2026-09-08T02:52:16.172079Z,5858,dc.scaffold.htb,Microsoft-Windows-WMI-Activity,Microsoft-Windows-WMI-Activity/Operational,3360,2,,DC,1456,,Unknown,,,{2F1C3B72-E20A-4355-824F-3DDF9A4E0207},,,"Start IWbemServices::DeleteInstance - Root\Rsop\User\S_1_5_21_365932789_2848835602_3476675013_500 : RSOP_ExtensionStatus.extensionGuid=""{25537BA6-77A8-11D2-9B6C-0000F8080861}""",Unknown,,,,,,0x80041002,NT AUTHORITY\SYSTEM,http://manifests.microsoft.com/win/2006/windows/WMI,
2026-09-08T02:52:16.175828Z,5858,dc.scaffold.htb,Microsoft-Windows-WMI-Activity,Microsoft-Windows-WMI-Activity/Operational,3361,2,,DC,1456,,Unknown,,,{2F1C3B72-E20A-4355-824F-3DDF9A4E0207},,,"Start IWbemServices::DeleteInstance - Root\Rsop\User\S_1_5_21_365932789_2848835602_3476675013_500 : RSOP_ExtensionStatus.extensionGuid=""{2BFCC077-22D2-48DE-BDE1-2F618D9B476D}""",Unknown,,,,,,0x80041002,NT AUTHORITY\SYSTEM,http://manifests.microsoft.com/win/2006/windows/WMI,
2026-09-08T02:52:16.177209Z,5858,dc.scaffold.htb,Microsoft-Windows-WMI-Activity,Microsoft-Windows-WMI-Activity/Operational,3362,2,,DC,1456,,Unknown,,,{2F1C3B72-E20A-4355-824F-3DDF9A4E0207},,,"Start IWbemServices::DeleteInstance - Root\Rsop\User\S_1_5_21_365932789_2848835602_3476675013_500 : RSOP_ExtensionStatus.extensionGuid=""{3A0DBA37-F8B2-4356-83DE-3E90BD5C261F}""",Unknown,,,,,,0x80041002,NT AUTHORITY\SYSTEM,http://manifests.microsoft.com/win/2006/windows/WMI,
2026-09-08T02:52:16.178376Z,5858,dc.scaffold.htb,Microsoft-Windows-WMI-Activity,Microsoft-Windows-WMI-Activity/Operational,3363,2,,DC,1456,,Unknown,,,{2F1C3B72-E20A-4355-824F-3DDF9A4E0207},,,"Start IWbemServices::DeleteInstance - Root\Rsop\User\S_1_5_21_365932789_2848835602_3476675013_500 : RSOP_ExtensionStatus.extensionGuid=""{42B5FAAE-6536-11d2-AE5A-0000F87571E3}""",Unknown,,,,,,0x80041002,NT AUTHORITY\SYSTEM,http://manifests.microsoft.com/win/2006/windows/WMI,
2026-09-08T02:52:16.179613Z,5858,dc.scaffold.htb,Microsoft-Windows-WMI-Activity,Microsoft-Windows-WMI-Activity/Operational,3364,2,,DC,1456,,Unknown,,,{2F1C3B72-E20A-4355-824F-3DDF9A4E0207},,,"Start IWbemServices::DeleteInstance - Root\Rsop\User\S_1_5_21_365932789_2848835602_3476675013_500 : RSOP_ExtensionStatus.extensionGuid=""{4B7C3B0F-E993-4E06-A241-3FBE06943684}""",Unknown,,,,,,0x80041002,NT AUTHORITY\SYSTEM,http://manifests.microsoft.com/win/2006/windows/WMI,
2026-09-08T02:52:16.181355Z,5858,dc.scaffold.htb,Microsoft-Windows-WMI-Activity,Microsoft-Windows-WMI-Activity/Operational,3365,2,,DC,1456,,Unknown,,,{2F1C3B72-E20A-4355-824F-3DDF9A4E0207},,,"Start IWbemServices::DeleteInstance - Root\Rsop\User\S_1_5_21_365932789_2848835602_3476675013_500 : RSOP_ExtensionStatus.extensionGuid=""{4CFB60C1-FAA6-47f1-89AA-0B18730C9FD3}""",Unknown,,,,,,0x80041002,NT AUTHORITY\SYSTEM,http://manifests.microsoft.com/win/2006/windows/WMI,
2026-09-08T02:52:16.183072Z,5858,dc.scaffold.htb,Microsoft-Windows-WMI-Activity,Microsoft-Windows-WMI-Activity/Operational,3366,2,,DC,1456,,Unknown,,,{2F1C3B72-E20A-4355-824F-3DDF9A4E0207},,,"Start IWbemServices::DeleteInstance - Root\Rsop\User\S_1_5_21_365932789_2848835602_3476675013_500 : RSOP_ExtensionStatus.extensionGuid=""{4D2F9B6F-1E52-4711-A382-6A8B1A003DE6}""",Unknown,,,,,,0x80041002,NT AUTHORITY\SYSTEM,http://manifests.microsoft.com/win/2006/windows/WMI,
2026-09-08T02:52:16.184404Z,5858,dc.scaffold.htb,Microsoft-Windows-WMI-Activity,Microsoft-Windows-WMI-Activity/Operational,3367,2,,DC,1456,,Unknown,,,{2F1C3B72-E20A-4355-824F-3DDF9A4E0207},,,"Start IWbemServices::DeleteInstance - Root\Rsop\User\S_1_5_21_365932789_2848835602_3476675013_500 : RSOP_ExtensionStatus.extensionGuid=""{5794DAFD-BE60-433f-88A2-1A31939AC01F}""",Unknown,,,,,,0x80041002,NT AUTHORITY\SYSTEM,http://manifests.microsoft.com/win/2006/windows/WMI,
2026-09-08T02:52:16.186012Z,5858,dc.scaffold.htb,Microsoft-Windows-WMI-Activity,Microsoft-Windows-WMI-Activity/Operational,3368,2,,DC,1456,,Unknown,,,{2F1C3B72-E20A-4355-824F-3DDF9A4E0207},,,"Start IWbemServices::DeleteInstance - Root\Rsop\User\S_1_5_21_365932789_2848835602_3476675013_500 : RSOP_ExtensionStatus.extensionGuid=""{6232C319-91AC-4931-9385-E70C2B099F0E}""",Unknown,,,,,,0x80041002,NT AUTHORITY\SYSTEM,http://manifests.microsoft.com/win/2006/windows/WMI,
2026-09-08T02:52:16.187481Z,5858,dc.scaffold.htb,Microsoft-Windows-WMI-Activity,Microsoft-Windows-WMI-Activity/Operational,3369,2,,DC,1456,,Unknown,,,{2F1C3B72-E20A-4355-824F-3DDF9A4E0207},,,"Start IWbemServices::DeleteInstance - Root\Rsop\User\S_1_5_21_365932789_2848835602_3476675013_500 : RSOP_ExtensionStatus.extensionGuid=""{7150F9BF-48AD-4da4-A49C-29EF4A8369BA}""",Unknown,,,,,,0x80041002,NT AUTHORITY\SYSTEM,http://manifests.microsoft.com/win/2006/windows/WMI,
2026-09-08T02:52:16.188818Z,5858,dc.scaffold.htb,Microsoft-Windows-WMI-Activity,Microsoft-Windows-WMI-Activity/Operational,3370,2,,DC,1456,,Unknown,,,{2F1C3B72-E20A-4355-824F-3DDF9A4E0207},,,"Start IWbemServices::DeleteInstance - Root\Rsop\User\S_1_5_21_365932789_2848835602_3476675013_500 : RSOP_ExtensionStatus.extensionGuid=""{728EE579-943C-4519-9EF7-AB56765798ED}""",Unknown,,,,,,0x80041002,NT AUTHORITY\SYSTEM,http://manifests.microsoft.com/win/2006/windows/WMI,
2026-09-08T02:52:16.190148Z,5858,dc.scaffold.htb,Microsoft-Windows-WMI-Activity,Microsoft-Windows-WMI-Activity/Operational,3371,2,,DC,1456,,Unknown,,,{2F1C3B72-E20A-4355-824F-3DDF9A4E0207},,,"Start IWbemServices::DeleteInstance - Root\Rsop\User\S_1_5_21_365932789_2848835602_3476675013_500 : RSOP_ExtensionStatus.extensionGuid=""{74EE6C03-5363-4554-B161-627540339CAB}""",Unknown,,,,,,0x80041002,NT AUTHORITY\SYSTEM,http://manifests.microsoft.com/win/2006/windows/WMI,
2026-09-08T02:52:16.191424Z,5858,dc.scaffold.htb,Microsoft-Windows-WMI-Activity,Microsoft-Windows-WMI-Activity/Operational,3372,2,,DC,1456,,Unknown,,,{2F1C3B72-E20A-4355-824F-3DDF9A4E0207},,,"Start IWbemServices::DeleteInstance - Root\Rsop\User\S_1_5_21_365932789_2848835602_3476675013_500 : RSOP_ExtensionStatus.extensionGuid=""{7909AD9E-09EE-4247-BAB9-7029D5F0A278}""",Unknown,,,,,,0x80041002,NT AUTHORITY\SYSTEM,http://manifests.microsoft.com/win/2006/windows/WMI,
2026-09-08T02:52:16.192659Z,5858,dc.scaffold.htb,Microsoft-Windows-WMI-Activity,Microsoft-Windows-WMI-Activity/Operational,3373,2,,DC,1456,,Unknown,,,{2F1C3B72-E20A-4355-824F-3DDF9A4E0207},,,"Start IWbemServices::DeleteInstance - Root\Rsop\User\S_1_5_21_365932789_2848835602_3476675013_500 : RSOP_ExtensionStatus.extensionGuid=""{7933F41E-56F8-41d6-A31C-4148A711EE93}""",Unknown,,,,,,0x80041002,NT AUTHORITY\SYSTEM,http://manifests.microsoft.com/win/2006/windows/WMI,
2026-09-08T02:52:16.193879Z,5858,dc.scaffold.htb,Microsoft-Windows-WMI-Activity,Microsoft-Windows-WMI-Activity/Operational,3374,2,,DC,1456,,Unknown,,,{2F1C3B72-E20A-4355-824F-3DDF9A4E0207},,,"Start IWbemServices::DeleteInstance - Root\Rsop\User\S_1_5_21_365932789_2848835602_3476675013_500 : RSOP_ExtensionStatus.extensionGuid=""{7B849a69-220F-451E-B3FE-2CB811AF94AE}""",Unknown,,,,,,0x80041002,NT AUTHORITY\SYSTEM,http://manifests.microsoft.com/win/2006/windows/WMI,
2026-09-08T02:52:16.195453Z,5858,dc.scaffold.htb,Microsoft-Windows-WMI-Activity,Microsoft-Windows-WMI-Activity/Operational,3375,2,,DC,1456,,Unknown,,,{2F1C3B72-E20A-4355-824F-3DDF9A4E0207},,,"Start IWbemServices::DeleteInstance - Root\Rsop\User\S_1_5_21_365932789_2848835602_3476675013_500 : RSOP_ExtensionStatus.extensionGuid=""{8A28E2C5-8D06-49A4-A08C-632DAA493E17}""",Unknown,,,,,,0x80041002,NT AUTHORITY\SYSTEM,http://manifests.microsoft.com/win/2006/windows/WMI,
2026-09-08T02:52:16.196728Z,5858,dc.scaffold.htb,Microsoft-Windows-WMI-Activity,Microsoft-Windows-WMI-Activity/Operational,3376,2,,DC,1456,,Unknown,,,{2F1C3B72-E20A-4355-824F-3DDF9A4E0207},,,"Start IWbemServices::DeleteInstance - Root\Rsop\User\S_1_5_21_365932789_2848835602_3476675013_500 : RSOP_ExtensionStatus.extensionGuid=""{91FBB303-0CD5-4055-BF42-E512A681B325}""",Unknown,,,,,,0x80041002,NT AUTHORITY\SYSTEM,http://manifests.microsoft.com/win/2006/windows/WMI,
2026-09-08T02:52:16.198235Z,5858,dc.scaffold.htb,Microsoft-Windows-WMI-Activity,Microsoft-Windows-WMI-Activity/Operational,3377,2,,DC,1456,,Unknown,,,{2F1C3B72-E20A-4355-824F-3DDF9A4E0207},,,"Start IWbemServices::DeleteInstance - Root\Rsop\User\S_1_5_21_365932789_2848835602_3476675013_500 : RSOP_ExtensionStatus.extensionGuid=""{A3F3E39B-5D83-4940-B954-28315B82F0A8}""",Unknown,,,,,,0x80041002,NT AUTHORITY\SYSTEM,http://manifests.microsoft.com/win/2006/windows/WMI,
2026-09-08T02:52:16.199825Z,5858,dc.scaffold.htb,Microsoft-Windows-WMI-Activity,Microsoft-Windows-WMI-Activity/Operational,3378,2,,DC,1456,,Unknown,,,{2F1C3B72-E20A-4355-824F-3DDF9A4E0207},,,"Start IWbemServices::DeleteInstance - Root\Rsop\User\S_1_5_21_365932789_2848835602_3476675013_500 : RSOP_ExtensionStatus.extensionGuid=""{AADCED64-746C-4633-A97C-D61349046527}""",Unknown,,,,,,0x80041002,NT AUTHORITY\SYSTEM,http://manifests.microsoft.com/win/2006/windows/WMI,
2026-09-08T02:52:16.201475Z,5858,dc.scaffold.htb,Microsoft-Windows-WMI-Activity,Microsoft-Windows-WMI-Activity/Operational,3379,2,,DC,1456,,Unknown,,,{2F1C3B72-E20A-4355-824F-3DDF9A4E0207},,,"Start IWbemServices::DeleteInstance - Root\Rsop\User\S_1_5_21_365932789_2848835602_3476675013_500 : RSOP_ExtensionStatus.extensionGuid=""{B087BE9D-ED37-454f-AF9C-04291E351182}""",Unknown,,,,,,0x80041002,NT AUTHORITY\SYSTEM,http://manifests.microsoft.com/win/2006/windows/WMI,
2026-09-08T02:52:16.202929Z,5858,dc.scaffold.htb,Microsoft-Windows-WMI-Activity,Microsoft-Windows-WMI-Activity/Operational,3380,2,,DC,1456,,Unknown,,,{2F1C3B72-E20A-4355-824F-3DDF9A4E0207},,,"Start IWbemServices::DeleteInstance - Root\Rsop\User\S_1_5_21_365932789_2848835602_3476675013_500 : RSOP_ExtensionStatus.extensionGuid=""{BA649533-0AAC-4E04-B9BC-4DBAE0325B12}""",Unknown,,,,,,0x80041002,NT AUTHORITY\SYSTEM,http://manifests.microsoft.com/win/2006/windows/WMI,
2026-09-08T02:52:16.204402Z,5858,dc.scaffold.htb,Microsoft-Windows-WMI-Activity,Microsoft-Windows-WMI-Activity/Operational,3381,2,,DC,1456,,Unknown,,,{2F1C3B72-E20A-4355-824F-3DDF9A4E0207},,,"Start IWbemServices::DeleteInstance - Root\Rsop\User\S_1_5_21_365932789_2848835602_3476675013_500 : RSOP_ExtensionStatus.extensionGuid=""{BC75B1ED-5833-4858-9BB8-CBF0B166DF9D}""",Unknown,,,,,,0x80041002,NT AUTHORITY\SYSTEM,http://manifests.microsoft.com/win/2006/windows/WMI,
2026-09-08T02:52:16.205727Z,5858,dc.scaffold.htb,Microsoft-Windows-WMI-Activity,Microsoft-Windows-WMI-Activity/Operational,3382,2,,DC,1456,,Unknown,,,{2F1C3B72-E20A-4355-824F-3DDF9A4E0207},,,"Start IWbemServices::DeleteInstance - Root\Rsop\User\S_1_5_21_365932789_2848835602_3476675013_500 : RSOP_ExtensionStatus.extensionGuid=""{C34B2751-1CF4-44F5-9262-C3FC39666591}""",Unknown,,,,,,0x80041002,NT AUTHORITY\SYSTEM,http://manifests.microsoft.com/win/2006/windows/WMI,
2026-09-08T02:52:16.207136Z,5858,dc.scaffold.htb,Microsoft-Windows-WMI-Activity,Microsoft-Windows-WMI-Activity/Operational,3383,2,,DC,1456,,Unknown,,,{2F1C3B72-E20A-4355-824F-3DDF9A4E0207},,,"Start IWbemServices::DeleteInstance - Root\Rsop\User\S_1_5_21_365932789_2848835602_3476675013_500 : RSOP_ExtensionStatus.extensionGuid=""{C418DD9D-0D14-4efb-8FBF-CFE535C8FAC7}""",Unknown,,,,,,0x80041002,NT AUTHORITY\SYSTEM,http://manifests.microsoft.com/win/2006/windows/WMI,
2026-09-08T02:52:16.208767Z,5858,dc.scaffold.htb,Microsoft-Windows-WMI-Activity,Microsoft-Windows-WMI-Activity/Operational,3384,2,,DC,1456,,Unknown,,,{2F1C3B72-E20A-4355-824F-3DDF9A4E0207},,,"Start IWbemServices::DeleteInstance - Root\Rsop\User\S_1_5_21_365932789_2848835602_3476675013_500 : RSOP_ExtensionStatus.extensionGuid=""{C631DF4C-088F-4156-B058-4375F0853CD8}""",Unknown,,,,,,0x80041002,NT AUTHORITY\SYSTEM,http://manifests.microsoft.com/win/2006/windows/WMI,
2026-09-08T02:52:16.210560Z,5858,dc.scaffold.htb,Microsoft-Windows-WMI-Activity,Microsoft-Windows-WMI-Activity/Operational,3385,2,,DC,1456,,Unknown,,,{2F1C3B72-E20A-4355-824F-3DDF9A4E0207},,,"Start IWbemServices::DeleteInstance - Root\Rsop\User\S_1_5_21_365932789_2848835602_3476675013_500 : RSOP_ExtensionStatus.extensionGuid=""{c6dc5466-785a-11d2-84d0-00c04fb169f7}""",Unknown,,,,,,0x80041002,NT AUTHORITY\SYSTEM,http://manifests.microsoft.com/win/2006/windows/WMI,
2026-09-08T02:52:16.211862Z,5858,dc.scaffold.htb,Microsoft-Windows-WMI-Activity,Microsoft-Windows-WMI-Activity/Operational,3386,2,,DC,1456,,Unknown,,,{2F1C3B72-E20A-4355-824F-3DDF9A4E0207},,,"Start IWbemServices::DeleteInstance - Root\Rsop\User\S_1_5_21_365932789_2848835602_3476675013_500 : RSOP_ExtensionStatus.extensionGuid=""{CF7639F3-ABA2-41DB-97F2-81E2C5DBFC5D}""",Unknown,,,,,,0x80041002,NT AUTHORITY\SYSTEM,http://manifests.microsoft.com/win/2006/windows/WMI,
2026-09-08T02:52:16.231740Z,5858,dc.scaffold.htb,Microsoft-Windows-WMI-Activity,Microsoft-Windows-WMI-Activity/Operational,3387,2,,DC,1456,,Unknown,,,{2F1C3B72-E20A-4355-824F-3DDF9A4E0207},,,"Start IWbemServices::DeleteInstance - Root\Rsop\User\S_1_5_21_365932789_2848835602_3476675013_500 : RSOP_ExtensionStatus.extensionGuid=""{CFF649BD-601D-4361-AD3D-0FC365DB4DB7}""",Unknown,,,,,,0x80041002,NT AUTHORITY\SYSTEM,http://manifests.microsoft.com/win/2006/windows/WMI,
2026-09-08T02:52:16.233552Z,5858,dc.scaffold.htb,Microsoft-Windows-WMI-Activity,Microsoft-Windows-WMI-Activity/Operational,3388,2,,DC,1456,,Unknown,,,{2F1C3B72-E20A-4355-824F-3DDF9A4E0207},,,"Start IWbemServices::DeleteInstance - Root\Rsop\User\S_1_5_21_365932789_2848835602_3476675013_500 : RSOP_ExtensionStatus.extensionGuid=""{E47248BA-94CC-49c4-BBB5-9EB7F05183D0}""",Unknown,,,,,,0x80041002,NT AUTHORITY\SYSTEM,http://manifests.microsoft.com/win/2006/windows/WMI,
2026-09-08T02:52:16.234414Z,5858,dc.scaffold.htb,Microsoft-Windows-WMI-Activity,Microsoft-Windows-WMI-Activity/Operational,3389,2,,DC,1456,,Unknown,,,{2F1C3B72-E20A-4355-824F-3DDF9A4E0207},,,"Start IWbemServices::DeleteInstance - Root\Rsop\User\S_1_5_21_365932789_2848835602_3476675013_500 : RSOP_ExtensionStatus.extensionGuid=""{E4F48E54-F38D-4884-BFB9-D4D2E5729C18}""",Unknown,,,,,,0x80041002,NT AUTHORITY\SYSTEM,http://manifests.microsoft.com/win/2006/windows/WMI,
2026-09-08T02:52:16.235231Z,5858,dc.scaffold.htb,Microsoft-Windows-WMI-Activity,Microsoft-Windows-WMI-Activity/Operational,3390,2,,DC,1456,,Unknown,,,{2F1C3B72-E20A-4355-824F-3DDF9A4E0207},,,"Start IWbemServices::DeleteInstance - Root\Rsop\User\S_1_5_21_365932789_2848835602_3476675013_500 : RSOP_ExtensionStatus.extensionGuid=""{E5094040-C46C-4115-B030-04FB2E545B00}""",Unknown,,,,,,0x80041002,NT AUTHORITY\SYSTEM,http://manifests.microsoft.com/win/2006/windows/WMI,
2026-09-08T02:52:16.236048Z,5858,dc.scaffold.htb,Microsoft-Windows-WMI-Activity,Microsoft-Windows-WMI-Activity/Operational,3391,2,,DC,1456,,Unknown,,,{2F1C3B72-E20A-4355-824F-3DDF9A4E0207},,,"Start IWbemServices::DeleteInstance - Root\Rsop\User\S_1_5_21_365932789_2848835602_3476675013_500 : RSOP_ExtensionStatus.extensionGuid=""{E62688F0-25FD-4c90-BFF5-F508B9D2E31F}""",Unknown,,,,,,0x80041002,NT AUTHORITY\SYSTEM,http://manifests.microsoft.com/win/2006/windows/WMI,
2026-09-08T02:52:16.236925Z,5858,dc.scaffold.htb,Microsoft-Windows-WMI-Activity,Microsoft-Windows-WMI-Activity/Operational,3392,2,,DC,1456,,Unknown,,,{2F1C3B72-E20A-4355-824F-3DDF9A4E0207},,,"Start IWbemServices::DeleteInstance - Root\Rsop\User\S_1_5_21_365932789_2848835602_3476675013_500 : RSOP_ExtensionStatus.extensionGuid=""{F9C77450-3A41-477E-9310-9ACD617BD9E3}""",Unknown,,,,,,0x80041002,NT AUTHORITY\SYSTEM,http://manifests.microsoft.com/win/2006/windows/WMI,
2026-09-08T02:52:16.237750Z,5858,dc.scaffold.htb,Microsoft-Windows-WMI-Activity,Microsoft-Windows-WMI-Activity/Operational,3393,2,,DC,1456,,Unknown,,,{2F1C3B72-E20A-4355-824F-3DDF9A4E0207},,,"Start IWbemServices::DeleteInstance - Root\Rsop\User\S_1_5_21_365932789_2848835602_3476675013_500 : RSOP_ExtensionStatus.extensionGuid=""{FB2CA36D-0B40-4307-821B-A13B252DE56C}""",Unknown,,,,,,0x80041002,NT AUTHORITY\SYSTEM,http://manifests.microsoft.com/win/2006/windows/WMI,
2026-09-08T03:00:01.110071Z,5857,dc.scaffold.htb,Microsoft-Windows-WMI-Activity,Microsoft-Windows-WMI-Activity/Operational,3394,0,,,,0x0,,,wmiprvse.exe,,,,,,4128,,Win32_WIN32_TERMINALSERVICE_Prov,%SystemRoot%\system32\tscfgwmi.dll,,,,http://manifests.microsoft.com/win/2006/windows/WMI,
2026-09-08T04:34:47.964226Z,5861,dc.scaffold.htb,Microsoft-Windows-WMI-Activity,Microsoft-Windows-WMI-Activity/Operational,3395,0,"NTEventLogEventConsumer=""SCM Event Log Consumer""",,,,,SCM Event Log Filter,,,//./root/subscription,,,"Binding EventFilter: 
instance of __EventFilter
{
	CreatorSID = {1, 2, 0, 0, 0, 0, 0, 5, 32, 0, 0, 0, 32, 2, 0, 0};
	EventNamespace = ""root\\cimv2"";
	Name = ""SCM Event Log Filter"";
	Query = ""select * from MSFT_SCMEventLogEvent"";
	QueryLanguage = ""WQL"";
};
Perm. Consumer: 
instance of NTEventLogEventConsumer
{
	Category = 0;
	CreatorSID = {1, 2, 0, 0, 0, 0, 0, 5, 32, 0, 0, 0, 32, 2, 0, 0};
	EventType = 1;
	Name = ""SCM Event Log Consumer"";
	NameOfUserSIDProperty = ""sid"";
	SourceName = ""Service Control Manager"";
};
",,,,,,,,http://manifests.microsoft.com/win/2006/windows/WMI,
2026-09-08T04:34:48.815936Z,5860,dc.scaffold.htb,Microsoft-Windows-WMI-Activity,Microsoft-Windows-WMI-Activity/Operational,3396,0,,DC,,,,,,,,ROOT\Subscription,,Temporary,,2364,,,SELECT * FROM __InstanceOperationEvent WITHIN 5WHERE TargetInstance ISA '__EventConsumer' OR TargetInstance ISA '__EventFilter' OR TargetInstance ISA '__FilterToConsumerBinding',,NT AUTHORITY\SYSTEM,http://manifests.microsoft.com/win/2006/windows/WMI,
2026-09-08T04:34:49.272006Z,5859,dc.scaffold.htb,SCM Event Provider,Microsoft-Windows-WMI-Activity/Operational,3397,0,,,,,,,,,,//./root/CIMV2,,Permanent,,2036,,,select * from MSFT_SCMEventLogEvent,,S-1-5-32-544,http://manifests.microsoft.com/win/2006/windows/WMI,0
2026-09-08T04:34:49.274917Z,5857,dc.scaffold.htb,Microsoft-Windows-WMI-Activity,Microsoft-Windows-WMI-Activity/Operational,3398,0,,,,0x0,,,wmiprvse.exe,,,,,,4148,,CIMWin32,%systemroot%\system32\wbem\cimwin32.dll,,,,http://manifests.microsoft.com/win/2006/windows/WMI,
2026-09-08T04:34:52.280145Z,5857,dc.scaffold.htb,Microsoft-Windows-WMI-Activity,Microsoft-Windows-WMI-Activity/Operational,3399,0,,,,0x0,,,wmiprvse.exe,,,,,,4576,,WMIProv,%systemroot%\system32\wbem\wmiprov.dll,,,,http://manifests.microsoft.com/win/2006/windows/WMI,
2026-09-08T04:34:52.340817Z,5858,dc.scaffold.htb,Microsoft-Windows-WMI-Activity,Microsoft-Windows-WMI-Activity/Operational,3400,2,,DC,3824,,Unknown,,,{00000000-0000-0000-0000-000000000000},,,Start IWbemServices::CreateInstanceEnum - root\wmi : MS_SM_AdapterInformationQuery,Unknown,,,,,,0x8004100c,NT AUTHORITY\SYSTEM,http://manifests.microsoft.com/win/2006/windows/WMI,
2026-09-08T04:34:52.707511Z,5858,dc.scaffold.htb,Microsoft-Windows-WMI-Activity,Microsoft-Windows-WMI-Activity/Operational,3401,2,,DC,3824,,Unknown,,,{00000000-0000-0000-0000-000000000000},,,Start IWbemServices::CreateInstanceEnum - root\wmi : MSiSCSI_PortalInfoClass,Unknown,,,,,,0x8004100c,NT AUTHORITY\SYSTEM,http://manifests.microsoft.com/win/2006/windows/WMI,
2026-09-08T04:35:04.707868Z,5857,dc.scaffold.htb,Microsoft-Windows-WMI-Activity,Microsoft-Windows-WMI-Activity/Operational,3402,0,,,,0x0,,,wmiprvse.exe,,,,,,4576,,WmiPerfClass,C:\Windows\System32\wbem\WmiPerfClass.dll,,,,http://manifests.microsoft.com/win/2006/windows/WMI,
2026-09-08T04:35:26.525793Z,5857,dc.scaffold.htb,Microsoft-Windows-WMI-Activity,Microsoft-Windows-WMI-Activity/Operational,3403,0,,,,0x0,,,wmiprvse.exe,,,,,,4148,,MS_NT_EVENTLOG_PROVIDER,%systemroot%\system32\wbem\ntevt.dll,,,,http://manifests.microsoft.com/win/2006/windows/WMI,
2026-09-08T04:36:12.974763Z,5857,dc.scaffold.htb,Microsoft-Windows-WMI-Activity,Microsoft-Windows-WMI-Activity/Operational,3404,0,,,,0x0,,,wmiprvse.exe,,,,,,4148,,mgmtprovider,%systemroot%\system32\wbem\mgmtprovider.dll,,,,http://manifests.microsoft.com/win/2006/windows/WMI,
2026-09-08T04:36:13.997364Z,5857,dc.scaffold.htb,Microsoft-Windows-WMI-Activity,Microsoft-Windows-WMI-Activity/Operational,3405,0,,,,0x0,,,wmiprvse.exe,,,,,,6740,,NetAdapterCim,%systemroot%\system32\wbem\NetAdapterCim.dll,,,,http://manifests.microsoft.com/win/2006/windows/WMI,
2026-09-08T04:36:14.804219Z,5857,dc.scaffold.htb,Microsoft-Windows-WMI-Activity,Microsoft-Windows-WMI-Activity/Operational,3406,0,,,,0x0,,,wmiprvse.exe,,,,,,4148,,nettcpip,%systemroot%\system32\wbem\NetTCPIP.dll,,,,http://manifests.microsoft.com/win/2006/windows/WMI,
2026-09-08T04:36:17.648714Z,5858,dc.scaffold.htb,Microsoft-Windows-WMI-Activity,Microsoft-Windows-WMI-Activity/Operational,3407,2,,DC,1632,,Core,,,{B9DF07ED-C9B4-4648-A7B5-22BC51504819},,,Start IWbemServices::ExecMethod - root\microsoft\windows\servermanager : MSFT_ServerManagerTasks::GetServerInventory,Could not send status to client,,,,,,0x800706ba,SCAFFOLD\Administrator,http://manifests.microsoft.com/win/2006/windows/WMI,
2026-09-08T04:36:17.648719Z,5858,dc.scaffold.htb,Microsoft-Windows-WMI-Activity,Microsoft-Windows-WMI-Activity/Operational,3408,2,,DC,1632,,Unknown,,,{B9DF07ED-C9B4-4648-A7B5-22BC51504819},,,Start IWbemServices::ExecMethod - root\microsoft\windows\servermanager : MSFT_ServerManagerTasks::GetServerInventory,Unknown,,,,,,0x80041032,SCAFFOLD\Administrator,http://manifests.microsoft.com/win/2006/windows/WMI,
2026-09-20T11:19:14.370735Z,5861,dc.scaffold.htb,Microsoft-Windows-WMI-Activity,Microsoft-Windows-WMI-Activity/Operational,3409,0,"NTEventLogEventConsumer=""SCM Event Log Consumer""",,,,,SCM Event Log Filter,,,//./root/subscription,,,"Binding EventFilter: 
instance of __EventFilter
{
	CreatorSID = {1, 2, 0, 0, 0, 0, 0, 5, 32, 0, 0, 0, 32, 2, 0, 0};
	EventNamespace = ""root\\cimv2"";
	Name = ""SCM Event Log Filter"";
	Query = ""select * from MSFT_SCMEventLogEvent"";
	QueryLanguage = ""WQL"";
};
Perm. Consumer: 
instance of NTEventLogEventConsumer
{
	Category = 0;
	CreatorSID = {1, 2, 0, 0, 0, 0, 0, 5, 32, 0, 0, 0, 32, 2, 0, 0};
	EventType = 1;
	Name = ""SCM Event Log Consumer"";
	NameOfUserSIDProperty = ""sid"";
	SourceName = ""Service Control Manager"";
};
",,,,,,,,http://manifests.microsoft.com/win/2006/windows/WMI,
2026-09-20T11:19:14.919690Z,5860,dc.scaffold.htb,Microsoft-Windows-WMI-Activity,Microsoft-Windows-WMI-Activity/Operational,3410,0,,DC,,,,,,,,ROOT\Subscription,,Temporary,,2696,,,SELECT * FROM __InstanceOperationEvent WITHIN 5WHERE TargetInstance ISA '__EventConsumer' OR TargetInstance ISA '__EventFilter' OR TargetInstance ISA '__FilterToConsumerBinding',,NT AUTHORITY\SYSTEM,http://manifests.microsoft.com/win/2006/windows/WMI,
2026-09-20T11:19:15.013102Z,5859,dc.scaffold.htb,SCM Event Provider,Microsoft-Windows-WMI-Activity/Operational,3411,0,,,,,,,,,,//./root/CIMV2,,Permanent,,3128,,,select * from MSFT_SCMEventLogEvent,,S-1-5-32-544,http://manifests.microsoft.com/win/2006/windows/WMI,0
2026-09-20T11:19:15.535036Z,5857,dc.scaffold.htb,Microsoft-Windows-WMI-Activity,Microsoft-Windows-WMI-Activity/Operational,3412,0,,,,0x0,,,wmiprvse.exe,,,,,,4196,,CIMWin32,%systemroot%\system32\wbem\cimwin32.dll,,,,http://manifests.microsoft.com/win/2006/windows/WMI,
2026-09-20T11:19:17.980189Z,5857,dc.scaffold.htb,Microsoft-Windows-WMI-Activity,Microsoft-Windows-WMI-Activity/Operational,3413,0,,,,0x0,,,wmiprvse.exe,,,,,,4360,,WMIProv,%systemroot%\system32\wbem\wmiprov.dll,,,,http://manifests.microsoft.com/win/2006/windows/WMI,
2026-09-20T11:19:18.009407Z,5858,dc.scaffold.htb,Microsoft-Windows-WMI-Activity,Microsoft-Windows-WMI-Activity/Operational,3414,2,,DC,3748,,Unknown,,,{00000000-0000-0000-0000-000000000000},,,Start IWbemServices::CreateInstanceEnum - root\wmi : MS_SM_AdapterInformationQuery,Unknown,,,,,,0x8004100c,NT AUTHORITY\SYSTEM,http://manifests.microsoft.com/win/2006/windows/WMI,
2026-09-20T11:19:18.919265Z,5858,dc.scaffold.htb,Microsoft-Windows-WMI-Activity,Microsoft-Windows-WMI-Activity/Operational,3415,2,,DC,3748,,Unknown,,,{00000000-0000-0000-0000-000000000000},,,Start IWbemServices::CreateInstanceEnum - root\wmi : MSiSCSI_PortalInfoClass,Unknown,,,,,,0x8004100c,NT AUTHORITY\SYSTEM,http://manifests.microsoft.com/win/2006/windows/WMI,
2026-09-20T11:19:32.396175Z,5857,dc.scaffold.htb,Microsoft-Windows-WMI-Activity,Microsoft-Windows-WMI-Activity/Operational,3416,0,,,,0x0,,,wmiprvse.exe,,,,,,4360,,WmiPerfClass,C:\Windows\System32\wbem\WmiPerfClass.dll,,,,http://manifests.microsoft.com/win/2006/windows/WMI,
2026-09-20T11:19:52.896819Z,5857,dc.scaffold.htb,Microsoft-Windows-WMI-Activity,Microsoft-Windows-WMI-Activity/Operational,3417,0,,,,0x0,,,wmiprvse.exe,,,,,,4196,,MS_NT_EVENTLOG_PROVIDER,%systemroot%\system32\wbem\ntevt.dll,,,,http://manifests.microsoft.com/win/2006/windows/WMI,
2026-09-20T11:21:42.938678Z,5858,dc.scaffold.htb,Microsoft-Windows-WMI-Activity,Microsoft-Windows-WMI-Activity/Operational,3418,2,,DC,3360,,Unknown,,,{00000000-0000-0000-0000-000000000000},,,Start IWbemServices::ExecQuery - root\cimv2 : SELECT * FROM Win32_ComputerSystemProduct,Unknown,,,,,,0x80041032,NT AUTHORITY\SYSTEM,http://manifests.microsoft.com/win/2006/windows/WMI,
2026-09-20T11:27:46.757103Z,5857,dc.scaffold.htb,Microsoft-Windows-WMI-Activity,Microsoft-Windows-WMI-Activity/Operational,3419,0,,,,0x0,,,wmiprvse.exe,,,,,,4360,,WMIProv,%systemroot%\system32\wbem\wmiprov.dll,,,,http://manifests.microsoft.com/win/2006/windows/WMI,
2026-09-20T11:28:18.909714Z,5857,dc.scaffold.htb,Microsoft-Windows-WMI-Activity,Microsoft-Windows-WMI-Activity/Operational,3420,0,,,,0x0,,,wmiprvse.exe,,,,,,4196,,ServerFeatureProvider,%windir%\system32\wbem\servercompprov.dll,,,,http://manifests.microsoft.com/win/2006/windows/WMI,
2026-09-20T11:28:19.019641Z,5857,dc.scaffold.htb,Microsoft-Windows-WMI-Activity,Microsoft-Windows-WMI-Activity/Operational,3421,0,,,,0x0,,,wmiprvse.exe,,,,,,4432,,deploymentprovider,%systemroot%\system32\wbem\ServerManager.DeploymentProvider.dll,,,,http://manifests.microsoft.com/win/2006/windows/WMI,
2026-09-20T11:28:23.892115Z,5858,dc.scaffold.htb,Microsoft-Windows-WMI-Activity,Microsoft-Windows-WMI-Activity/Operational,3422,2,,DC,5736,,Unknown,,,{00000000-0000-0000-0000-000000000000},,,Start IWbemServices::ExecQuery - ROOT\CIMV2 : SELECT ID FROM Win32_ServerFeature,Unknown,,,,,,0x80041032,NT AUTHORITY\SYSTEM,http://manifests.microsoft.com/win/2006/windows/WMI,
2026-09-20T11:28:23.929024Z,5858,dc.scaffold.htb,Microsoft-Windows-WMI-Activity,Microsoft-Windows-WMI-Activity/Operational,3423,2,,DC,5736,,Unknown,,,{00000000-0000-0000-0000-000000000000},,,Start IWbemServices::ExecQuery - ROOT\CCM : select ClientId from CCM_Client,Unknown,,,,,,0x80041010,NT AUTHORITY\SYSTEM,http://manifests.microsoft.com/win/2006/windows/WMI,
2026-09-20T11:28:23.999339Z,5857,dc.scaffold.htb,Microsoft-Windows-WMI-Activity,Microsoft-Windows-WMI-Activity/Operational,3424,0,,,,0x0,,,wmiprvse.exe,,,,,,4196,,Win32_TpmProvider,C:\Windows\System32\wbem\Win32_TPM.dll,,,,http://manifests.microsoft.com/win/2006/windows/WMI,
2026-09-20T11:28:24.842879Z,5857,dc.scaffold.htb,Microsoft-Windows-WMI-Activity,Microsoft-Windows-WMI-Activity/Operational,3425,0,,,,0x0,,,wmiprvse.exe,,,,,,4196,,Win32_DeviceGuard,%SystemRoot%\System32\Win32_DeviceGuard.dll,,,,http://manifests.microsoft.com/win/2006/windows/WMI,
2026-09-20T11:28:24.852756Z,5858,dc.scaffold.htb,Microsoft-Windows-WMI-Activity,Microsoft-Windows-WMI-Activity/Operational,3426,2,,DC,5736,,Unknown,,,{00000000-0000-0000-0000-000000000000},,,Start IWbemServices::ExecQuery - root\Microsoft\Windows\DeviceGuard : SELECT AvailableSecurityProperties FROM Win32_DeviceGuard ,Unknown,,,,,,0x80041032,NT AUTHORITY\SYSTEM,http://manifests.microsoft.com/win/2006/windows/WMI,
2026-09-20T11:28:24.865297Z,5858,dc.scaffold.htb,Microsoft-Windows-WMI-Activity,Microsoft-Windows-WMI-Activity/Operational,3427,2,,DC,5736,,Unknown,,,{00000000-0000-0000-0000-000000000000},,,Start IWbemServices::ExecQuery - root\Microsoft\Windows\DeviceGuard : SELECT AvailableSecurityProperties FROM Win32_DeviceGuard ,Unknown,,,,,,0x80041032,NT AUTHORITY\SYSTEM,http://manifests.microsoft.com/win/2006/windows/WMI,
2026-09-20T11:28:24.900181Z,5857,dc.scaffold.htb,Microsoft-Windows-WMI-Activity,Microsoft-Windows-WMI-Activity/Operational,3428,0,,,,0x0,,,wmiprvse.exe,,,,,,4196,,DeliveryOptimizationMIProv,%SystemRoot%\system32\domgmt.dll,,,,http://manifests.microsoft.com/win/2006/windows/WMI,
2026-09-20T11:44:38.853830Z,5857,dc.scaffold.htb,Microsoft-Windows-WMI-Activity,Microsoft-Windows-WMI-Activity/Operational,3429,0,,,,0x0,,,wmiprvse.exe,,,,,,4196,,MSVDS__PROVIDER,%systemroot%\system32\wbem\vdswmi.dll,,,,http://manifests.microsoft.com/win/2006/windows/WMI,
2026-09-20T11:44:38.983084Z,5857,dc.scaffold.htb,Microsoft-Windows-WMI-Activity,Microsoft-Windows-WMI-Activity/Operational,3430,0,,,,0x0,,,wmiprvse.exe,,,,,,4196,,StorageWMI,%SystemRoot%\System32\storagewmi.dll,,,,http://manifests.microsoft.com/win/2006/windows/WMI,
2026-09-20T11:44:39.867635Z,5857,dc.scaffold.htb,Microsoft-Windows-WMI-Activity,Microsoft-Windows-WMI-Activity/Operational,3431,0,,,,0x0,,,wmiprvse.exe,,,,,,1420,,PowerWmiProvider,%systemroot%\system32\umpowmi.dll,,,,http://manifests.microsoft.com/win/2006/windows/WMI,
2026-09-20T11:44:40.123025Z,5857,dc.scaffold.htb,Microsoft-Windows-WMI-Activity,Microsoft-Windows-WMI-Activity/Operational,3432,0,,,,0x0,,,wmiprvse.exe,,,,,,4360,,WMIProv,%systemroot%\system32\wbem\wmiprov.dll,,,,http://manifests.microsoft.com/win/2006/windows/WMI,
2026-09-20T11:44:40.125424Z,5858,dc.scaffold.htb,Microsoft-Windows-WMI-Activity,Microsoft-Windows-WMI-Activity/Operational,3433,2,,DC,2384,,Unknown,,,{00000000-0000-0000-0000-000000000000},,,Start IWbemServices::ExecQuery - ROOT\WMI : SELECT * FROM BatteryFullChargedCapacity,Unknown,,,,,,0x80041010,NT AUTHORITY\SYSTEM,http://manifests.microsoft.com/win/2006/windows/WMI,
2026-09-20T11:44:40.129123Z,5858,dc.scaffold.htb,Microsoft-Windows-WMI-Activity,Microsoft-Windows-WMI-Activity/Operational,3434,2,,DC,2384,,Unknown,,,{00000000-0000-0000-0000-000000000000},,,Start IWbemServices::ExecQuery - ROOT\WMI : SELECT * FROM BatteryStaticData,Unknown,,,,,,0x80041010,NT AUTHORITY\SYSTEM,http://manifests.microsoft.com/win/2006/windows/WMI,
2026-09-20T11:44:40.165585Z,5857,dc.scaffold.htb,Microsoft-Windows-WMI-Activity,Microsoft-Windows-WMI-Activity/Operational,3435,0,,,,0x0,,,wmiprvse.exe,,,,,,4196,,Win32_WIN32_TERMINALSERVICE_Prov,%SystemRoot%\system32\tscfgwmi.dll,,,,http://manifests.microsoft.com/win/2006/windows/WMI,
2026-09-20T11:44:48.282236Z,5857,dc.scaffold.htb,Microsoft-Windows-WMI-Activity,Microsoft-Windows-WMI-Activity/Operational,3436,0,,,,0x0,,,wmiprvse.exe,,,,,,4196,,Microsoft|DSLDAPClassProvider|V1.0,%systemroot%\system32\wbem\dsprov.dll,,,,http://manifests.microsoft.com/win/2006/windows/WMI,
2026-09-20T11:44:48.755537Z,5857,dc.scaffold.htb,Microsoft-Windows-WMI-Activity,Microsoft-Windows-WMI-Activity/Operational,3437,0,,,,0x0,,,wmiprvse.exe,,,,,,4196,,Microsoft|DSLDAPInstanceProvider|V1.0,%systemroot%\system32\wbem\dsprov.dll,,,,http://manifests.microsoft.com/win/2006/windows/WMI,
2026-09-20T11:45:00.260739Z,5858,dc.scaffold.htb,Microsoft-Windows-WMI-Activity,Microsoft-Windows-WMI-Activity/Operational,3438,2,,DC,1116,,Unknown,,,{00000000-0000-0000-0000-000000000000},,,Start IWbemServices::ExecQuery - ROOT\CIMV2 : SELECT State FROM Win32_Service,Unknown,,,,,,0x80041032,NT AUTHORITY\SYSTEM,http://manifests.microsoft.com/win/2006/windows/WMI,
