2026-08-26T23:40:50+00:00 blocksynergy python3[1450]: Valid hash found! Block is being created
2026-08-26T23:40:50+00:00 blocksynergy python3[1450]:  * Serving Flask app 'dev_app'
2026-08-26T23:40:50+00:00 blocksynergy python3[1450]:  * Debug mode: off
2026-08-26T23:40:50+00:00 blocksynergy python3[1450]: WARNING: This is a development server. Do not use it in a production deployment. Use a production WSGI server instead.
2026-08-26T23:40:50+00:00 blocksynergy python3[1450]:  * Running on http://127.0.0.1:5000
2026-08-26T23:40:50+00:00 blocksynergy python3[1450]: Press CTRL+C to quit
-- Boot 9392b57384d5494e9a1236cead24e1e1 --
2026-08-27T00:08:08+00:00 blocksynergy python3[1565]: Valid hash found! Block is being created
2026-08-27T00:08:08+00:00 blocksynergy python3[1565]:  * Serving Flask app 'dev_app'
2026-08-27T00:08:08+00:00 blocksynergy python3[1565]:  * Debug mode: off
2026-08-27T00:08:08+00:00 blocksynergy python3[1565]: WARNING: This is a development server. Do not use it in a production deployment. Use a production WSGI server instead.
2026-08-27T00:08:08+00:00 blocksynergy python3[1565]:  * Running on http://127.0.0.1:5000
2026-08-27T00:08:08+00:00 blocksynergy python3[1565]: Press CTRL+C to quit
-- Boot 70065227bf004a31b9504bb9a1ff2409 --
2026-09-05T04:01:35+00:00 blocksynergy python3[1484]: Valid hash found! Block is being created
2026-09-05T04:01:35+00:00 blocksynergy python3[1484]:  * Serving Flask app 'dev_app'
2026-09-05T04:01:35+00:00 blocksynergy python3[1484]:  * Debug mode: off
2026-09-05T04:01:35+00:00 blocksynergy python3[1484]: WARNING: This is a development server. Do not use it in a production deployment. Use a production WSGI server instead.
2026-09-05T04:01:35+00:00 blocksynergy python3[1484]:  * Running on http://127.0.0.1:5000
2026-09-05T04:01:35+00:00 blocksynergy python3[1484]: Press CTRL+C to quit
2026-09-05T04:45:22+00:00 blocksynergy python3[1484]: 127.0.0.1 - - [05/Sep/2026 04:45:22] "GET /dashboard HTTP/1.1" 200 -
2026-09-05T04:53:09+00:00 blocksynergy python3[1484]: 127.0.0.1 - - [05/Sep/2026 04:53:09] "GET /dashboard HTTP/1.1" 200 -
2026-09-05T04:53:09+00:00 blocksynergy python3[1484]: 127.0.0.1 - - [05/Sep/2026 04:53:09] "POST /dashboard HTTP/1.1" 200 -
2026-09-05T04:53:09+00:00 blocksynergy python3[1484]: 127.0.0.1 - - [05/Sep/2026 04:53:09] "POST /dashboard HTTP/1.1" 200 -
2026-09-05T04:53:51+00:00 blocksynergy systemd[38583]: Queued start job for default target default.target.
2026-09-05T04:53:51+00:00 blocksynergy systemd[38583]: Created slice app.slice - User Application Slice.
2026-09-05T04:53:51+00:00 blocksynergy systemd[38583]: Started launchpadlib-cache-clean.timer - Clean up old files in the Launchpadlib cache.
2026-09-05T04:53:51+00:00 blocksynergy systemd[38583]: Reached target paths.target - Paths.
2026-09-05T04:53:51+00:00 blocksynergy systemd[38583]: Reached target timers.target - Timers.
2026-09-05T04:53:51+00:00 blocksynergy systemd[38583]: Starting dbus.socket - D-Bus User Message Bus Socket...
2026-09-05T04:53:51+00:00 blocksynergy systemd[38583]: Listening on dirmngr.socket - GnuPG network certificate management daemon.
2026-09-05T04:53:51+00:00 blocksynergy systemd[38583]: Listening on gpg-agent-browser.socket - GnuPG cryptographic agent and passphrase cache (access for web browsers).
2026-09-05T04:53:51+00:00 blocksynergy systemd[38583]: Listening on gpg-agent-extra.socket - GnuPG cryptographic agent and passphrase cache (restricted).
2026-09-05T04:53:51+00:00 blocksynergy systemd[38583]: Starting gpg-agent-ssh.socket - GnuPG cryptographic agent (ssh-agent emulation)...
2026-09-05T04:53:51+00:00 blocksynergy systemd[38583]: Listening on gpg-agent.socket - GnuPG cryptographic agent and passphrase cache.
2026-09-05T04:53:51+00:00 blocksynergy systemd[38583]: Listening on keyboxd.socket - GnuPG public key management service.
2026-09-05T04:53:51+00:00 blocksynergy systemd[38583]: Listening on pk-debconf-helper.socket - debconf communication socket.
2026-09-05T04:53:51+00:00 blocksynergy systemd[38583]: Listening on snapd.session-agent.socket - REST API socket for snapd user session agent.
2026-09-05T04:53:51+00:00 blocksynergy systemd[38583]: Listening on dbus.socket - D-Bus User Message Bus Socket.
2026-09-05T04:53:51+00:00 blocksynergy systemd[38583]: Listening on gpg-agent-ssh.socket - GnuPG cryptographic agent (ssh-agent emulation).
2026-09-05T04:53:51+00:00 blocksynergy systemd[38583]: Reached target sockets.target - Sockets.
2026-09-05T04:53:51+00:00 blocksynergy systemd[38583]: Reached target basic.target - Basic System.
2026-09-05T04:53:51+00:00 blocksynergy systemd[38583]: Reached target default.target - Main User Target.
2026-09-05T04:53:51+00:00 blocksynergy systemd[38583]: Startup finished in 196ms.
2026-09-05T04:53:51+00:00 blocksynergy sshd[38697]: debug3: monitor_apply_keystate: packet_set_state
2026-09-05T04:53:51+00:00 blocksynergy sshd[38697]: debug2: ssh_set_newkeys: mode 0
2026-09-05T04:53:51+00:00 blocksynergy sshd[38697]: debug1: rekey in after 134217728 blocks
2026-09-05T04:53:51+00:00 blocksynergy sshd[38697]: debug2: ssh_set_newkeys: mode 1
2026-09-05T04:53:51+00:00 blocksynergy sshd[38697]: debug1: rekey out after 134217728 blocks
2026-09-05T04:53:51+00:00 blocksynergy sshd[38697]: debug1: ssh_packet_set_postauth: called
2026-09-05T04:53:51+00:00 blocksynergy sshd[38697]: debug3: ssh_packet_set_state: done
2026-09-05T04:53:51+00:00 blocksynergy sshd[38697]: debug3: notify_hostkeys: key 0: ssh-rsa SHA256:3eKN9t6LkEeZcOyTRPQ+YjlkQphJAP5ZtpLV57Yxa80
2026-09-05T04:53:51+00:00 blocksynergy sshd[38697]: debug3: notify_hostkeys: key 1: ecdsa-sha2-nistp256 SHA256:bUu8kDm24mwiOY3AsZqGv4P0Ew4nqm2u3vHC3xlXHw0
2026-09-05T04:53:51+00:00 blocksynergy sshd[38697]: debug3: notify_hostkeys: key 2: ssh-ed25519 SHA256:dQwo5lNy1SbT0zL9yT9VDyi0JH86CavUHzbN8vb/UPE
2026-09-05T04:53:51+00:00 blocksynergy sshd[38697]: debug3: notify_hostkeys: sent 3 hostkeys
2026-09-05T04:53:51+00:00 blocksynergy sshd[38697]: debug3: send packet: type 80
2026-09-05T04:53:51+00:00 blocksynergy sshd[38697]: debug1: active: key options: agent-forwarding port-forwarding pty user-rc x11-forwarding
2026-09-05T04:53:51+00:00 blocksynergy sshd[38697]: debug3: sending debug message: /home/hank/.ssh/authorized_keys:2: key options: agent-forwarding port-forwarding pty user-rc x11-forwarding
2026-09-05T04:53:51+00:00 blocksynergy sshd[38697]: debug3: send packet: type 4
2026-09-05T04:53:51+00:00 blocksynergy sshd[38697]: debug3: sending debug message: /home/hank/.ssh/authorized_keys:2: key options: agent-forwarding port-forwarding pty user-rc x11-forwarding
2026-09-05T04:53:51+00:00 blocksynergy sshd[38697]: debug3: send packet: type 4
2026-09-05T04:53:51+00:00 blocksynergy sshd[38697]: debug1: Entering interactive session for SSH2.
2026-09-05T04:53:51+00:00 blocksynergy sshd[38697]: debug1: server_init_dispatch
2026-09-05T04:53:51+00:00 blocksynergy sshd[38697]: debug3: receive packet: type 90
2026-09-05T04:53:51+00:00 blocksynergy sshd[38697]: debug1: server_input_channel_open: ctype session rchan 0 win 1048576 max 16384
2026-09-05T04:53:51+00:00 blocksynergy sshd[38697]: debug1: input_session_request
2026-09-05T04:53:51+00:00 blocksynergy sshd[38697]: debug1: channel 0: new session [server-session] (inactive timeout: 0)
2026-09-05T04:53:51+00:00 blocksynergy sshd[38697]: debug2: session_new: allocate (allocated 0 max 10)
2026-09-05T04:53:51+00:00 blocksynergy sshd[38697]: debug3: session_unused: session id 0 unused
2026-09-05T04:53:51+00:00 blocksynergy sshd[38697]: debug1: session_new: session 0
2026-09-05T04:53:51+00:00 blocksynergy sshd[38697]: debug1: session_open: channel 0
2026-09-05T04:53:51+00:00 blocksynergy sshd[38697]: debug1: session_open: session 0: link with channel 0
2026-09-05T04:53:51+00:00 blocksynergy sshd[38697]: debug1: server_input_channel_open: confirm session
2026-09-05T04:53:51+00:00 blocksynergy sshd[38697]: debug3: send packet: type 91
2026-09-05T04:53:51+00:00 blocksynergy sshd[38697]: debug3: receive packet: type 80
2026-09-05T04:53:51+00:00 blocksynergy sshd[38697]: debug1: server_input_global_request: rtype no-more-sessions@openssh.com want_reply 0
2026-09-05T04:53:51+00:00 blocksynergy sshd[38697]: debug3: receive packet: type 80
2026-09-05T04:53:51+00:00 blocksynergy sshd[38697]: debug1: server_input_global_request: rtype hostkeys-prove-00@openssh.com want_reply 1
2026-09-05T04:53:51+00:00 blocksynergy sshd[38697]: debug3: server_input_hostkeys_prove: sign RSA key (index 0) using sigalg rsa-sha2-512
2026-09-05T04:53:51+00:00 blocksynergy sshd[38697]: debug3: mm_sshkey_sign: entering
2026-09-05T04:53:51+00:00 blocksynergy sshd[38697]: debug3: mm_request_send: entering, type 6
2026-09-05T04:53:51+00:00 blocksynergy sshd[38697]: debug3: mm_sshkey_sign: waiting for MONITOR_ANS_SIGN
2026-09-05T04:53:51+00:00 blocksynergy sshd[38697]: debug3: mm_request_receive_expect: entering, type 7
2026-09-05T04:53:51+00:00 blocksynergy sshd[38697]: debug3: mm_request_receive: entering
2026-09-05T04:53:51+00:00 blocksynergy sshd[38697]: debug3: server_input_hostkeys_prove: sign ECDSA key (index 1) using sigalg default
2026-09-05T04:53:51+00:00 blocksynergy sshd[38697]: debug3: mm_sshkey_sign: entering
2026-09-05T04:53:51+00:00 blocksynergy sshd[38697]: debug3: mm_request_send: entering, type 6
2026-09-05T04:53:51+00:00 blocksynergy sshd[38697]: debug3: mm_sshkey_sign: waiting for MONITOR_ANS_SIGN
2026-09-05T04:53:51+00:00 blocksynergy sshd[38697]: debug3: mm_request_receive_expect: entering, type 7
2026-09-05T04:53:51+00:00 blocksynergy sshd[38697]: debug3: mm_request_receive: entering
2026-09-05T04:53:51+00:00 blocksynergy sshd[38697]: debug3: send packet: type 81
2026-09-05T04:53:51+00:00 blocksynergy sshd[38697]: debug3: receive packet: type 98
2026-09-05T04:53:51+00:00 blocksynergy sshd[38697]: debug1: server_input_channel_req: channel 0 request pty-req reply 1
2026-09-05T04:53:51+00:00 blocksynergy sshd[38697]: debug1: session_by_channel: session 0 channel 0
2026-09-05T04:53:51+00:00 blocksynergy sshd[38697]: debug1: session_input_channel_req: session 0 req pty-req
2026-09-05T04:53:51+00:00 blocksynergy sshd[38697]: debug1: Allocating pty.
2026-09-05T04:53:51+00:00 blocksynergy sshd[38697]: debug3: mm_request_send: entering, type 28
2026-09-05T04:53:51+00:00 blocksynergy sshd[38697]: debug3: mm_pty_allocate: waiting for MONITOR_ANS_PTY
2026-09-05T04:53:51+00:00 blocksynergy sshd[38697]: debug3: mm_request_receive_expect: entering, type 29
2026-09-05T04:53:51+00:00 blocksynergy sshd[38697]: debug3: mm_request_receive: entering
2026-09-05T04:53:51+00:00 blocksynergy sshd[38697]: debug1: session_pty_req: session 0 alloc /dev/pts/1
2026-09-05T04:53:51+00:00 blocksynergy sshd[38697]: debug3: send packet: type 99
2026-09-05T04:53:51+00:00 blocksynergy sshd[38697]: debug3: receive packet: type 98
2026-09-05T04:53:51+00:00 blocksynergy sshd[38697]: debug1: server_input_channel_req: channel 0 request env reply 0
2026-09-05T04:53:51+00:00 blocksynergy sshd[38697]: debug1: session_by_channel: session 0 channel 0
2026-09-05T04:53:51+00:00 blocksynergy sshd[38697]: debug1: session_input_channel_req: session 0 req env
2026-09-05T04:53:51+00:00 blocksynergy sshd[38697]: debug2: Ignoring env request COLORTERM: disallowed name
2026-09-05T04:53:51+00:00 blocksynergy sshd[38697]: debug3: receive packet: type 98
2026-09-05T04:53:51+00:00 blocksynergy sshd[38697]: debug1: server_input_channel_req: channel 0 request env reply 0
2026-09-05T04:53:51+00:00 blocksynergy sshd[38697]: debug1: session_by_channel: session 0 channel 0
2026-09-05T04:53:51+00:00 blocksynergy sshd[38697]: debug1: session_input_channel_req: session 0 req env
2026-09-05T04:53:51+00:00 blocksynergy sshd[38697]: debug2: Setting env 0: LANG=en_US.UTF-8
2026-09-05T04:53:51+00:00 blocksynergy sshd[38697]: debug3: receive packet: type 98
2026-09-05T04:53:51+00:00 blocksynergy sshd[38697]: debug1: server_input_channel_req: channel 0 request shell reply 1
2026-09-05T04:53:51+00:00 blocksynergy sshd[38697]: debug1: session_by_channel: session 0 channel 0
2026-09-05T04:53:51+00:00 blocksynergy sshd[38697]: debug1: session_input_channel_req: session 0 req shell
2026-09-05T04:53:51+00:00 blocksynergy sshd[38697]: debug2: channel_set_xtype: labeled channel 0 as session:shell (inactive timeout 0)
2026-09-05T04:53:51+00:00 blocksynergy sshd[38697]: Starting session: shell on pts/1 for hank from 10.10.17.121 port 39644 id 0
2026-09-05T04:53:51+00:00 blocksynergy sshd[38697]: debug2: fd 4 setting TCP_NODELAY
2026-09-05T04:53:51+00:00 blocksynergy sshd[38697]: debug3: set_sock_tos: set socket 4 IP_TOS 0x10
2026-09-05T04:53:51+00:00 blocksynergy sshd[38697]: debug2: channel 0: rfd 8 isatty
2026-09-05T04:53:51+00:00 blocksynergy sshd[38697]: debug2: fd 8 setting O_NONBLOCK
2026-09-05T04:53:51+00:00 blocksynergy sshd[38700]: debug1: Setting controlling tty using TIOCSCTTY.
2026-09-05T04:53:51+00:00 blocksynergy sshd[38697]: debug3: fd 5 is O_NONBLOCK
2026-09-05T04:53:51+00:00 blocksynergy sshd[38697]: debug3: send packet: type 99
2026-09-05T04:53:51+00:00 blocksynergy sshd[38700]: debug3: Copy environment: XDG_SESSION_ID=27
2026-09-05T04:53:51+00:00 blocksynergy sshd[38700]: debug3: Copy environment: XDG_RUNTIME_DIR=/run/user/1001
2026-09-05T04:53:51+00:00 blocksynergy sshd[38700]: debug3: Copy environment: DBUS_SESSION_BUS_ADDRESS=unix:path=/run/user/1001/bus
2026-09-05T04:53:51+00:00 blocksynergy sshd[38700]: debug3: Copy environment: XDG_SESSION_TYPE=tty
2026-09-05T04:53:51+00:00 blocksynergy sshd[38700]: debug3: Copy environment: XDG_SESSION_CLASS=user
2026-09-05T04:53:51+00:00 blocksynergy sshd[38700]: debug3: Copy environment: PATH=/usr/local/sbin:/usr/local/bin:/usr/sbin:/usr/bin:/sbin:/bin:/usr/games:/usr/local/games:/snap/bin
2026-09-05T04:53:51+00:00 blocksynergy sshd[38700]: debug3: Copy environment: LANG=en_US
2026-09-05T04:53:51+00:00 blocksynergy sshd[38700]: debug3: Copy environment: LANGUAGE=en_US:en
2026-09-05T04:54:03+00:00 blocksynergy sshd[38697]: debug3: receive packet: type 98
2026-09-05T04:54:03+00:00 blocksynergy sshd[38697]: debug1: server_input_channel_req: channel 0 request window-change reply 0
2026-09-05T04:54:03+00:00 blocksynergy sshd[38697]: debug1: session_by_channel: session 0 channel 0
2026-09-05T04:54:03+00:00 blocksynergy sshd[38697]: debug1: session_input_channel_req: session 0 req window-change
2026-09-05T04:54:03+00:00 blocksynergy sshd[38697]: debug3: receive packet: type 98
2026-09-05T04:54:03+00:00 blocksynergy sshd[38697]: debug1: server_input_channel_req: channel 0 request window-change reply 0
2026-09-05T04:54:03+00:00 blocksynergy sshd[38697]: debug1: session_by_channel: session 0 channel 0
2026-09-05T04:54:03+00:00 blocksynergy sshd[38697]: debug1: session_input_channel_req: session 0 req window-change
2026-09-05T04:54:04+00:00 blocksynergy sshd[38697]: debug3: receive packet: type 98
2026-09-05T04:54:04+00:00 blocksynergy sshd[38697]: debug1: server_input_channel_req: channel 0 request window-change reply 0
2026-09-05T04:54:04+00:00 blocksynergy sshd[38697]: debug1: session_by_channel: session 0 channel 0
2026-09-05T04:54:04+00:00 blocksynergy sshd[38697]: debug1: session_input_channel_req: session 0 req window-change
2026-09-05T04:54:04+00:00 blocksynergy sshd[38697]: debug3: receive packet: type 98
2026-09-05T04:54:04+00:00 blocksynergy sshd[38697]: debug1: server_input_channel_req: channel 0 request window-change reply 0
2026-09-05T04:54:04+00:00 blocksynergy sshd[38697]: debug1: session_by_channel: session 0 channel 0
2026-09-05T04:54:04+00:00 blocksynergy sshd[38697]: debug1: session_input_channel_req: session 0 req window-change
2026-09-05T04:54:40+00:00 blocksynergy sshd[38697]: debug3: receive packet: type 98
2026-09-05T04:54:40+00:00 blocksynergy sshd[38697]: debug1: server_input_channel_req: channel 0 request window-change reply 0
2026-09-05T04:54:40+00:00 blocksynergy sshd[38697]: debug1: session_by_channel: session 0 channel 0
2026-09-05T04:54:40+00:00 blocksynergy sshd[38697]: debug1: session_input_channel_req: session 0 req window-change
2026-09-05T04:54:41+00:00 blocksynergy sshd[38697]: debug3: receive packet: type 98
2026-09-05T04:54:41+00:00 blocksynergy sshd[38697]: debug1: server_input_channel_req: channel 0 request window-change reply 0
2026-09-05T04:54:41+00:00 blocksynergy sshd[38697]: debug1: session_by_channel: session 0 channel 0
2026-09-05T04:54:41+00:00 blocksynergy sshd[38697]: debug1: session_input_channel_req: session 0 req window-change
2026-09-05T04:54:41+00:00 blocksynergy sshd[38697]: debug3: receive packet: type 98
2026-09-05T04:54:41+00:00 blocksynergy sshd[38697]: debug1: server_input_channel_req: channel 0 request window-change reply 0
2026-09-05T04:54:41+00:00 blocksynergy sshd[38697]: debug1: session_by_channel: session 0 channel 0
2026-09-05T04:54:41+00:00 blocksynergy sshd[38697]: debug1: session_input_channel_req: session 0 req window-change
2026-09-05T04:54:41+00:00 blocksynergy sshd[38697]: debug3: receive packet: type 98
2026-09-05T04:54:41+00:00 blocksynergy sshd[38697]: debug1: server_input_channel_req: channel 0 request window-change reply 0
2026-09-05T04:54:41+00:00 blocksynergy sshd[38697]: debug1: session_by_channel: session 0 channel 0
2026-09-05T04:54:41+00:00 blocksynergy sshd[38697]: debug1: session_input_channel_req: session 0 req window-change
2026-09-05T04:58:06+00:00 blocksynergy sshd[38697]: debug3: receive packet: type 98
2026-09-05T04:58:06+00:00 blocksynergy sshd[38697]: debug1: server_input_channel_req: channel 0 request window-change reply 0
2026-09-05T04:58:06+00:00 blocksynergy sshd[38697]: debug1: session_by_channel: session 0 channel 0
2026-09-05T04:58:06+00:00 blocksynergy sshd[38697]: debug1: session_input_channel_req: session 0 req window-change
2026-09-05T04:58:06+00:00 blocksynergy sshd[38697]: debug3: receive packet: type 98
2026-09-05T04:58:06+00:00 blocksynergy sshd[38697]: debug1: server_input_channel_req: channel 0 request window-change reply 0
2026-09-05T04:58:06+00:00 blocksynergy sshd[38697]: debug1: session_by_channel: session 0 channel 0
2026-09-05T04:58:06+00:00 blocksynergy sshd[38697]: debug1: session_input_channel_req: session 0 req window-change
2026-09-05T04:58:07+00:00 blocksynergy sshd[38697]: debug3: receive packet: type 98
2026-09-05T04:58:07+00:00 blocksynergy sshd[38697]: debug1: server_input_channel_req: channel 0 request window-change reply 0
2026-09-05T04:58:07+00:00 blocksynergy sshd[38697]: debug1: session_by_channel: session 0 channel 0
2026-09-05T04:58:07+00:00 blocksynergy sshd[38697]: debug1: session_input_channel_req: session 0 req window-change
2026-09-05T04:58:07+00:00 blocksynergy sshd[38697]: debug3: receive packet: type 98
2026-09-05T04:58:07+00:00 blocksynergy sshd[38697]: debug1: server_input_channel_req: channel 0 request window-change reply 0
2026-09-05T04:58:07+00:00 blocksynergy sshd[38697]: debug1: session_by_channel: session 0 channel 0
2026-09-05T04:58:07+00:00 blocksynergy sshd[38697]: debug1: session_input_channel_req: session 0 req window-change
2026-09-05T04:58:07+00:00 blocksynergy sshd[38697]: debug3: receive packet: type 98
2026-09-05T04:58:07+00:00 blocksynergy sshd[38697]: debug1: server_input_channel_req: channel 0 request window-change reply 0
2026-09-05T04:58:07+00:00 blocksynergy sshd[38697]: debug1: session_by_channel: session 0 channel 0
2026-09-05T04:58:07+00:00 blocksynergy sshd[38697]: debug1: session_input_channel_req: session 0 req window-change
2026-09-05T04:58:07+00:00 blocksynergy sshd[38697]: debug3: receive packet: type 98
2026-09-05T04:58:07+00:00 blocksynergy sshd[38697]: debug1: server_input_channel_req: channel 0 request window-change reply 0
2026-09-05T04:58:07+00:00 blocksynergy sshd[38697]: debug1: session_by_channel: session 0 channel 0
2026-09-05T04:58:07+00:00 blocksynergy sshd[38697]: debug1: session_input_channel_req: session 0 req window-change
2026-09-05T04:58:08+00:00 blocksynergy sshd[38697]: debug3: receive packet: type 98
2026-09-05T04:58:08+00:00 blocksynergy sshd[38697]: debug1: server_input_channel_req: channel 0 request window-change reply 0
2026-09-05T04:58:08+00:00 blocksynergy sshd[38697]: debug1: session_by_channel: session 0 channel 0
2026-09-05T04:58:08+00:00 blocksynergy sshd[38697]: debug1: session_input_channel_req: session 0 req window-change
2026-09-05T04:58:08+00:00 blocksynergy sshd[38697]: debug3: receive packet: type 98
2026-09-05T04:58:08+00:00 blocksynergy sshd[38697]: debug1: server_input_channel_req: channel 0 request window-change reply 0
2026-09-05T04:58:08+00:00 blocksynergy sshd[38697]: debug1: session_by_channel: session 0 channel 0
2026-09-05T04:58:08+00:00 blocksynergy sshd[38697]: debug1: session_input_channel_req: session 0 req window-change
2026-09-05T04:58:08+00:00 blocksynergy sshd[38697]: debug3: receive packet: type 98
2026-09-05T04:58:08+00:00 blocksynergy sshd[38697]: debug1: server_input_channel_req: channel 0 request window-change reply 0
2026-09-05T04:58:08+00:00 blocksynergy sshd[38697]: debug1: session_by_channel: session 0 channel 0
2026-09-05T04:58:08+00:00 blocksynergy sshd[38697]: debug1: session_input_channel_req: session 0 req window-change
2026-09-05T04:58:08+00:00 blocksynergy sshd[38697]: debug3: receive packet: type 98
2026-09-05T04:58:08+00:00 blocksynergy sshd[38697]: debug1: server_input_channel_req: channel 0 request window-change reply 0
2026-09-05T04:58:08+00:00 blocksynergy sshd[38697]: debug1: session_by_channel: session 0 channel 0
2026-09-05T04:58:08+00:00 blocksynergy sshd[38697]: debug1: session_input_channel_req: session 0 req window-change
2026-09-05T04:58:53+00:00 blocksynergy sshd[41477]: debug3: monitor_apply_keystate: packet_set_state
2026-09-05T04:58:53+00:00 blocksynergy sshd[41477]: debug2: ssh_set_newkeys: mode 0
2026-09-05T04:58:53+00:00 blocksynergy sshd[41477]: debug1: rekey in after 134217728 blocks
2026-09-05T04:58:53+00:00 blocksynergy sshd[41477]: debug2: ssh_set_newkeys: mode 1
2026-09-05T04:58:53+00:00 blocksynergy sshd[41477]: debug1: rekey out after 134217728 blocks
2026-09-05T04:58:53+00:00 blocksynergy sshd[41477]: debug1: ssh_packet_set_postauth: called
2026-09-05T04:58:53+00:00 blocksynergy sshd[41477]: debug3: ssh_packet_set_state: done
2026-09-05T04:58:53+00:00 blocksynergy sshd[41477]: debug3: notify_hostkeys: key 0: ssh-rsa SHA256:3eKN9t6LkEeZcOyTRPQ+YjlkQphJAP5ZtpLV57Yxa80
2026-09-05T04:58:53+00:00 blocksynergy sshd[41477]: debug3: notify_hostkeys: key 1: ecdsa-sha2-nistp256 SHA256:bUu8kDm24mwiOY3AsZqGv4P0Ew4nqm2u3vHC3xlXHw0
2026-09-05T04:58:53+00:00 blocksynergy sshd[41477]: debug3: notify_hostkeys: key 2: ssh-ed25519 SHA256:dQwo5lNy1SbT0zL9yT9VDyi0JH86CavUHzbN8vb/UPE
2026-09-05T04:58:53+00:00 blocksynergy sshd[41477]: debug3: notify_hostkeys: sent 3 hostkeys
2026-09-05T04:58:53+00:00 blocksynergy sshd[41477]: debug3: send packet: type 80
2026-09-05T04:58:53+00:00 blocksynergy sshd[41477]: debug1: active: key options: agent-forwarding port-forwarding pty user-rc x11-forwarding
2026-09-05T04:58:53+00:00 blocksynergy sshd[41477]: debug3: sending debug message: /home/hank/.ssh/authorized_keys:2: key options: agent-forwarding port-forwarding pty user-rc x11-forwarding
2026-09-05T04:58:53+00:00 blocksynergy sshd[41477]: debug3: send packet: type 4
2026-09-05T04:58:53+00:00 blocksynergy sshd[41477]: debug3: sending debug message: /home/hank/.ssh/authorized_keys:2: key options: agent-forwarding port-forwarding pty user-rc x11-forwarding
2026-09-05T04:58:53+00:00 blocksynergy sshd[41477]: debug3: send packet: type 4
2026-09-05T04:58:53+00:00 blocksynergy sshd[41477]: debug1: Entering interactive session for SSH2.
2026-09-05T04:58:53+00:00 blocksynergy sshd[41477]: debug1: server_init_dispatch
2026-09-05T04:58:53+00:00 blocksynergy sshd[41477]: debug3: receive packet: type 90
2026-09-05T04:58:53+00:00 blocksynergy sshd[41477]: debug1: server_input_channel_open: ctype session rchan 0 win 2097152 max 32768
2026-09-05T04:58:53+00:00 blocksynergy sshd[41477]: debug1: input_session_request
2026-09-05T04:58:53+00:00 blocksynergy sshd[41477]: debug1: channel 0: new session [server-session] (inactive timeout: 0)
2026-09-05T04:58:53+00:00 blocksynergy sshd[41477]: debug2: session_new: allocate (allocated 0 max 10)
2026-09-05T04:58:53+00:00 blocksynergy sshd[41477]: debug3: session_unused: session id 0 unused
2026-09-05T04:58:53+00:00 blocksynergy sshd[41477]: debug1: session_new: session 0
2026-09-05T04:58:53+00:00 blocksynergy sshd[41477]: debug1: session_open: channel 0
2026-09-05T04:58:53+00:00 blocksynergy sshd[41477]: debug1: session_open: session 0: link with channel 0
2026-09-05T04:58:53+00:00 blocksynergy sshd[41477]: debug1: server_input_channel_open: confirm session
2026-09-05T04:58:53+00:00 blocksynergy sshd[41477]: debug3: send packet: type 91
2026-09-05T04:58:53+00:00 blocksynergy sshd[41477]: debug3: receive packet: type 80
2026-09-05T04:58:53+00:00 blocksynergy sshd[41477]: debug1: server_input_global_request: rtype no-more-sessions@openssh.com want_reply 0
2026-09-05T04:58:53+00:00 blocksynergy sshd[41477]: debug3: receive packet: type 98
2026-09-05T04:58:53+00:00 blocksynergy sshd[41477]: debug1: server_input_channel_req: channel 0 request env reply 0
2026-09-05T04:58:53+00:00 blocksynergy sshd[41477]: debug1: session_by_channel: session 0 channel 0
2026-09-05T04:58:53+00:00 blocksynergy sshd[41477]: debug1: session_input_channel_req: session 0 req env
2026-09-05T04:58:53+00:00 blocksynergy sshd[41477]: debug2: Ignoring env request COLORTERM: disallowed name
2026-09-05T04:58:53+00:00 blocksynergy sshd[41477]: debug3: receive packet: type 98
2026-09-05T04:58:53+00:00 blocksynergy sshd[41477]: debug1: server_input_channel_req: channel 0 request env reply 0
2026-09-05T04:58:53+00:00 blocksynergy sshd[41477]: debug1: session_by_channel: session 0 channel 0
2026-09-05T04:58:53+00:00 blocksynergy sshd[41477]: debug1: session_input_channel_req: session 0 req env
2026-09-05T04:58:53+00:00 blocksynergy sshd[41477]: debug2: Setting env 0: LANG=en_US.UTF-8
2026-09-05T04:58:53+00:00 blocksynergy sshd[41477]: debug3: receive packet: type 98
2026-09-05T04:58:53+00:00 blocksynergy sshd[41477]: debug1: server_input_channel_req: channel 0 request subsystem reply 1
2026-09-05T04:58:53+00:00 blocksynergy sshd[41477]: debug1: session_by_channel: session 0 channel 0
2026-09-05T04:58:53+00:00 blocksynergy sshd[41477]: debug1: session_input_channel_req: session 0 req subsystem
2026-09-05T04:58:53+00:00 blocksynergy sshd[41477]: debug2: subsystem request for sftp by user hank
2026-09-05T04:58:53+00:00 blocksynergy sshd[41477]: debug1: subsystem: exec() /usr/lib/openssh/sftp-server
2026-09-05T04:58:53+00:00 blocksynergy sshd[41477]: debug2: channel_set_xtype: labeled channel 0 as session:subsystem:sftp (inactive timeout 0)
2026-09-05T04:58:53+00:00 blocksynergy sshd[41477]: Starting session: subsystem 'sftp' for hank from 10.10.17.121 port 51030 id 0
2026-09-05T04:58:53+00:00 blocksynergy sshd[41477]: debug3: mm_audit_run_command entering command /usr/lib/openssh/sftp-server
2026-09-05T04:58:53+00:00 blocksynergy sshd[41477]: debug3: mm_request_send: entering, type 113
2026-09-05T04:58:53+00:00 blocksynergy sshd[41477]: debug2: fd 4 setting TCP_NODELAY
2026-09-05T04:58:53+00:00 blocksynergy sshd[41477]: debug3: set_sock_tos: set socket 4 IP_TOS 0x08
2026-09-05T04:58:53+00:00 blocksynergy sshd[41477]: debug2: fd 8 setting O_NONBLOCK
2026-09-05T04:58:53+00:00 blocksynergy sshd[41477]: debug2: fd 7 setting O_NONBLOCK
2026-09-05T04:58:53+00:00 blocksynergy sshd[41477]: debug2: fd 11 setting O_NONBLOCK
2026-09-05T04:58:53+00:00 blocksynergy sshd[41477]: debug3: send packet: type 99
2026-09-05T04:58:53+00:00 blocksynergy sshd[41478]: debug3: Copy environment: XDG_SESSION_ID=32
2026-09-05T04:58:53+00:00 blocksynergy sshd[41478]: debug3: Copy environment: XDG_RUNTIME_DIR=/run/user/1001
2026-09-05T04:58:53+00:00 blocksynergy sshd[41478]: debug3: Copy environment: DBUS_SESSION_BUS_ADDRESS=unix:path=/run/user/1001/bus
2026-09-05T04:58:53+00:00 blocksynergy sshd[41478]: debug3: Copy environment: XDG_SESSION_TYPE=tty
2026-09-05T04:58:53+00:00 blocksynergy sshd[41478]: debug3: Copy environment: XDG_SESSION_CLASS=user
2026-09-05T04:58:53+00:00 blocksynergy sshd[41478]: debug3: Copy environment: PATH=/usr/local/sbin:/usr/local/bin:/usr/sbin:/usr/bin:/sbin:/bin:/usr/games:/usr/local/games:/snap/bin
2026-09-05T04:58:53+00:00 blocksynergy sshd[41478]: debug3: Copy environment: LANG=en_US
2026-09-05T04:58:53+00:00 blocksynergy sshd[41478]: debug3: Copy environment: LANGUAGE=en_US:en
2026-09-05T04:58:54+00:00 blocksynergy sshd[41477]: debug2: channel 0: window 1998748 sent adjust 98404
2026-09-05T04:58:54+00:00 blocksynergy sshd[41477]: debug2: channel 0: window 1966080 sent adjust 131072
2026-09-05T04:58:54+00:00 blocksynergy sshd[41477]: debug2: channel 0: window 1967075 sent adjust 130077
2026-09-05T04:58:54+00:00 blocksynergy sshd[41477]: debug2: channel 0: window 1966080 sent adjust 131072
2026-09-05T04:58:54+00:00 blocksynergy sshd[41477]: debug2: channel 0: window 1966080 sent adjust 131072
2026-09-05T04:58:55+00:00 blocksynergy sshd[41477]: debug2: channel 0: window 1966080 sent adjust 131072
2026-09-05T04:58:55+00:00 blocksynergy sshd[41477]: debug2: channel 0: window 1966080 sent adjust 131072
2026-09-05T04:58:55+00:00 blocksynergy sshd[41477]: debug2: channel 0: window 1966080 sent adjust 131072
2026-09-05T04:58:55+00:00 blocksynergy sshd[41477]: debug2: channel 0: window 1966080 sent adjust 131072
2026-09-05T04:58:55+00:00 blocksynergy sshd[41477]: debug2: channel 0: window 1966080 sent adjust 131072
2026-09-05T04:58:55+00:00 blocksynergy sshd[41477]: debug2: channel 0: window 1966080 sent adjust 131072
2026-09-05T04:58:55+00:00 blocksynergy sshd[41477]: debug2: channel 0: window 1966080 sent adjust 131072
2026-09-05T04:58:55+00:00 blocksynergy sshd[41477]: debug2: channel 0: window 1966080 sent adjust 131072
2026-09-05T04:58:55+00:00 blocksynergy sshd[41477]: debug2: channel 0: window 1966080 sent adjust 131072
2026-09-05T04:58:55+00:00 blocksynergy sshd[41477]: debug2: channel 0: window 1966080 sent adjust 131072
2026-09-05T04:58:55+00:00 blocksynergy sshd[41477]: debug2: channel 0: window 1966080 sent adjust 131072
2026-09-05T04:58:55+00:00 blocksynergy sshd[41477]: debug2: channel 0: window 1966080 sent adjust 131072
2026-09-05T04:58:55+00:00 blocksynergy sshd[41477]: debug2: channel 0: window 1966080 sent adjust 131072
2026-09-05T04:58:55+00:00 blocksynergy sshd[41477]: debug2: channel 0: window 1966080 sent adjust 131072
2026-09-05T04:58:55+00:00 blocksynergy sshd[41477]: debug2: channel 0: window 1966080 sent adjust 131072
2026-09-05T04:58:55+00:00 blocksynergy sshd[41477]: debug2: channel 0: window 1966080 sent adjust 131072
2026-09-05T04:58:56+00:00 blocksynergy sshd[41477]: debug2: channel 0: window 1966080 sent adjust 131072
2026-09-05T04:58:56+00:00 blocksynergy sshd[41477]: debug2: channel 0: window 1966080 sent adjust 131072
2026-09-05T04:58:56+00:00 blocksynergy sshd[41477]: debug2: channel 0: window 1972929 sent adjust 124223
2026-09-05T04:58:56+00:00 blocksynergy sshd[41477]: debug3: receive packet: type 96
2026-09-05T04:58:56+00:00 blocksynergy sshd[41477]: debug2: channel 0: rcvd eof
2026-09-05T04:58:56+00:00 blocksynergy sshd[41477]: debug2: channel 0: output open -> drain
2026-09-05T04:58:56+00:00 blocksynergy sshd[41477]: debug2: channel 0: obuf empty
2026-09-05T04:58:56+00:00 blocksynergy sshd[41477]: debug2: chan_shutdown_write: channel 0: (i0 o1 sock -1 wfd 7 efd 11 [ignore])
2026-09-05T04:58:56+00:00 blocksynergy sshd[41477]: debug2: channel 0: output drain -> closed
2026-09-05T04:58:56+00:00 blocksynergy sshd[41477]: debug2: channel 0: read failed rfd 8 maxlen 32768: Broken pipe
2026-09-05T04:58:56+00:00 blocksynergy sshd[41477]: debug2: channel 0: read failed
2026-09-05T04:58:56+00:00 blocksynergy sshd[41477]: debug2: chan_shutdown_read: channel 0: (i0 o3 sock -1 wfd 8 efd 11 [ignore])
2026-09-05T04:58:56+00:00 blocksynergy sshd[41477]: debug2: channel 0: input open -> drain
2026-09-05T04:58:56+00:00 blocksynergy sshd[41477]: debug2: channel 0: read 0 from efd 11
2026-09-05T04:58:56+00:00 blocksynergy sshd[41477]: debug2: channel 0: closing read-efd 11
2026-09-05T04:58:56+00:00 blocksynergy sshd[41477]: debug2: channel 0: ibuf empty
2026-09-05T04:58:56+00:00 blocksynergy sshd[41477]: debug2: channel 0: send eof
2026-09-05T04:58:56+00:00 blocksynergy sshd[41477]: debug3: send packet: type 96
2026-09-05T04:58:56+00:00 blocksynergy sshd[41477]: debug2: channel 0: input drain -> closed
2026-09-05T04:58:56+00:00 blocksynergy sshd[41477]: debug1: Received SIGCHLD.
2026-09-05T04:58:56+00:00 blocksynergy sshd[41477]: debug1: session_by_pid: pid 41478
2026-09-05T04:58:56+00:00 blocksynergy sshd[41477]: debug2: channel 0: request exit-status confirm 0
2026-09-05T04:58:56+00:00 blocksynergy sshd[41477]: debug3: send packet: type 98
2026-09-05T04:58:56+00:00 blocksynergy sshd[41477]: debug1: session_exit_message: session 0 channel 0 pid 41478 exit 0
2026-09-05T04:58:56+00:00 blocksynergy sshd[41477]: debug1: session_exit_message: release channel 0
2026-09-05T04:58:56+00:00 blocksynergy sshd[41477]: debug2: channel 0: send close
2026-09-05T04:58:56+00:00 blocksynergy sshd[41477]: debug3: send packet: type 97
2026-09-05T04:58:56+00:00 blocksynergy sshd[41477]: debug3: channel 0: will not send data after close
2026-09-05T04:58:56+00:00 blocksynergy sshd[41477]: debug3: receive packet: type 97
2026-09-05T04:58:56+00:00 blocksynergy sshd[41477]: debug2: channel 0: rcvd close
2026-09-05T04:58:56+00:00 blocksynergy sshd[41477]: debug3: channel 0: will not send data after close
2026-09-05T04:58:56+00:00 blocksynergy sshd[41477]: debug2: channel 0: is dead
2026-09-05T04:58:56+00:00 blocksynergy sshd[41477]: debug2: channel 0: gc: notify user
2026-09-05T04:58:56+00:00 blocksynergy sshd[41477]: debug1: session_by_channel: session 0 channel 0
2026-09-05T04:58:56+00:00 blocksynergy sshd[41477]: debug1: session_close_by_channel: channel 0 child 0
2026-09-05T04:58:56+00:00 blocksynergy sshd[41477]: Close session: user hank from 10.10.17.121 port 51030 id 0
2026-09-05T04:58:56+00:00 blocksynergy sshd[41477]: debug3: session_unused: session id 0 unused
2026-09-05T04:58:56+00:00 blocksynergy sshd[41477]: debug2: channel 0: gc: user detached
2026-09-05T04:58:56+00:00 blocksynergy sshd[41477]: debug2: channel 0: is dead
2026-09-05T04:58:56+00:00 blocksynergy sshd[41477]: debug2: channel 0: garbage collecting
2026-09-05T04:58:56+00:00 blocksynergy sshd[41477]: debug1: channel 0: free: server-session, nchannels 1
2026-09-05T04:58:56+00:00 blocksynergy sshd[41477]: debug3: channel 0: status: The following connections are open:\r\n  #0 server-session (t4 [session:subsystem:sftp] r0 i3/0 o3/0 e[closed]/0 fd -1/-1/-1 sock -1 cc -1 io 0x00/0x00)\r\n
2026-09-05T04:58:56+00:00 blocksynergy sshd[41477]: debug3: receive packet: type 1
2026-09-05T04:58:56+00:00 blocksynergy sshd[41477]: Received disconnect from 10.10.17.121 port 51030:11: disconnected by user
2026-09-05T04:58:56+00:00 blocksynergy sshd[41477]: Disconnected from user hank 10.10.17.121 port 51030
2026-09-05T04:58:56+00:00 blocksynergy sshd[41477]: debug1: do_cleanup
2026-09-05T04:58:56+00:00 blocksynergy sshd[41477]: debug3: PAM: sshpam_thread_cleanup entering
2026-09-05T04:58:56+00:00 blocksynergy sshd[41477]: debug1: temporarily_use_uid: 1001/1003 (e=1001/1003)
2026-09-05T04:58:56+00:00 blocksynergy sshd[41477]: debug1: restore_uid: (unprivileged)
2026-09-05T04:59:09+00:00 blocksynergy systemd[38583]: launchpadlib-cache-clean.service - Clean up old files in the Launchpadlib cache was skipped because of an unmet condition check (ConditionPathExists=/home/hank/.launchpadlib/api.launchpad.net/cache).
2026-09-05T05:01:02+00:00 blocksynergy sshd[38697]: debug2: channel 0: rcvd adjust 50341
2026-09-05T05:02:22+00:00 blocksynergy sshd[38697]: debug2: channel 0: rcvd adjust 49724
2026-09-05T05:03:42+00:00 blocksynergy sshd[38697]: debug2: channel 0: rcvd adjust 50413
2026-09-05T05:05:01+00:00 blocksynergy sshd[38697]: debug2: channel 0: rcvd adjust 51840
2026-09-05T05:05:02+00:00 blocksynergy sshd[38697]: debug2: channel 0: rcvd adjust 57132
2026-09-05T05:05:02+00:00 blocksynergy sshd[38697]: debug2: channel 0: rcvd adjust 65536
2026-09-05T05:05:02+00:00 blocksynergy sshd[38697]: debug2: channel 0: rcvd adjust 65536
2026-09-05T05:05:02+00:00 blocksynergy sshd[38697]: debug2: channel 0: rcvd adjust 65536
2026-09-05T05:05:02+00:00 blocksynergy sshd[38697]: debug2: channel 0: rcvd adjust 65536
2026-09-05T05:05:02+00:00 blocksynergy sshd[38697]: debug2: channel 0: rcvd adjust 65536
2026-09-05T05:05:03+00:00 blocksynergy sshd[38697]: debug2: channel 0: rcvd adjust 81920
2026-09-05T05:05:03+00:00 blocksynergy sshd[38697]: debug2: channel 0: rcvd adjust 65536
2026-09-05T05:05:03+00:00 blocksynergy sshd[38697]: debug2: channel 0: rcvd adjust 65536
2026-09-05T05:05:03+00:00 blocksynergy sshd[38697]: debug2: channel 0: rcvd adjust 65536
2026-09-05T05:05:03+00:00 blocksynergy sshd[38697]: debug2: channel 0: rcvd adjust 65536
2026-09-05T05:05:03+00:00 blocksynergy sshd[38697]: debug2: channel 0: rcvd adjust 65536
2026-09-05T05:05:03+00:00 blocksynergy sshd[38697]: debug2: channel 0: rcvd adjust 65536
2026-09-05T05:05:03+00:00 blocksynergy sshd[38697]: debug2: channel 0: rcvd adjust 65536
2026-09-05T05:05:03+00:00 blocksynergy sshd[38697]: debug2: channel 0: rcvd adjust 81920
2026-09-05T05:05:03+00:00 blocksynergy sshd[38697]: debug2: channel 0: rcvd adjust 65536
2026-09-05T05:05:03+00:00 blocksynergy sshd[38697]: debug2: channel 0: rcvd adjust 65536
2026-09-05T05:05:04+00:00 blocksynergy sshd[38697]: debug2: channel 0: rcvd adjust 65536
2026-09-05T05:05:04+00:00 blocksynergy sshd[38697]: debug2: channel 0: rcvd adjust 65536
2026-09-05T05:05:04+00:00 blocksynergy sshd[38697]: debug2: channel 0: rcvd adjust 65536
2026-09-05T05:05:04+00:00 blocksynergy sshd[38697]: debug2: channel 0: rcvd adjust 65536
2026-09-05T05:05:04+00:00 blocksynergy sshd[38697]: debug2: channel 0: rcvd adjust 65536
2026-09-05T05:05:04+00:00 blocksynergy sshd[38697]: debug2: channel 0: rcvd adjust 65536
2026-09-05T05:05:04+00:00 blocksynergy sshd[38697]: debug2: channel 0: rcvd adjust 65536
2026-09-05T05:05:04+00:00 blocksynergy sshd[38697]: debug2: channel 0: rcvd adjust 65536
2026-09-05T05:05:04+00:00 blocksynergy sshd[38697]: debug2: channel 0: rcvd adjust 65536
2026-09-05T05:05:04+00:00 blocksynergy sshd[38697]: debug2: channel 0: rcvd adjust 65536
2026-09-05T05:05:04+00:00 blocksynergy sshd[38697]: debug2: channel 0: rcvd adjust 65536
2026-09-05T05:05:04+00:00 blocksynergy sshd[38697]: debug2: channel 0: rcvd adjust 65536
2026-09-05T05:05:04+00:00 blocksynergy sshd[38697]: debug2: channel 0: rcvd adjust 65536
2026-09-05T05:05:04+00:00 blocksynergy sshd[38697]: debug2: channel 0: rcvd adjust 65536
2026-09-05T05:05:04+00:00 blocksynergy sshd[38697]: debug2: channel 0: rcvd adjust 65536
2026-09-05T05:05:04+00:00 blocksynergy sshd[38697]: debug2: channel 0: rcvd adjust 65536
2026-09-05T05:05:04+00:00 blocksynergy sshd[38697]: debug2: channel 0: rcvd adjust 65536
2026-09-05T05:05:05+00:00 blocksynergy sshd[38697]: debug2: channel 0: rcvd adjust 98304
2026-09-05T05:05:05+00:00 blocksynergy sshd[38697]: debug2: channel 0: rcvd adjust 65536
2026-09-05T05:05:05+00:00 blocksynergy sshd[38697]: debug2: channel 0: rcvd adjust 65536
2026-09-05T05:05:05+00:00 blocksynergy sshd[38697]: debug2: channel 0: rcvd adjust 65536
2026-09-05T05:05:05+00:00 blocksynergy sshd[38697]: debug2: channel 0: rcvd adjust 65536
2026-09-05T05:05:05+00:00 blocksynergy sshd[38697]: debug2: channel 0: rcvd adjust 229376
2026-09-05T05:05:05+00:00 blocksynergy sshd[38697]: debug2: channel 0: rcvd adjust 65536
2026-09-05T05:05:05+00:00 blocksynergy sshd[38697]: debug2: channel 0: rcvd adjust 65536
2026-09-05T05:05:06+00:00 blocksynergy sshd[38697]: debug2: channel 0: rcvd adjust 98304
2026-09-05T05:05:06+00:00 blocksynergy sshd[38697]: debug2: channel 0: rcvd adjust 65536
2026-09-05T05:05:06+00:00 blocksynergy sshd[38697]: debug2: channel 0: rcvd adjust 65536
2026-09-05T05:05:06+00:00 blocksynergy sshd[38697]: debug2: channel 0: rcvd adjust 81920
2026-09-05T05:05:06+00:00 blocksynergy sshd[38697]: debug2: channel 0: rcvd adjust 65536
2026-09-05T05:05:06+00:00 blocksynergy sshd[38697]: debug2: channel 0: rcvd adjust 65536
2026-09-05T05:05:07+00:00 blocksynergy sshd[38697]: debug2: channel 0: rcvd adjust 65536
2026-09-05T05:05:07+00:00 blocksynergy sshd[38697]: debug2: channel 0: rcvd adjust 65536
2026-09-05T05:05:07+00:00 blocksynergy sshd[38697]: debug2: channel 0: rcvd adjust 114688
2026-09-05T05:05:07+00:00 blocksynergy sshd[38697]: debug2: channel 0: rcvd adjust 65536
2026-09-05T05:05:07+00:00 blocksynergy sshd[38697]: debug2: channel 0: rcvd adjust 65536
2026-09-05T05:05:07+00:00 blocksynergy sshd[38697]: debug2: channel 0: rcvd adjust 65536
2026-09-05T05:05:08+00:00 blocksynergy sshd[38697]: debug2: channel 0: rcvd adjust 65536
2026-09-05T05:05:08+00:00 blocksynergy sshd[38697]: debug2: channel 0: rcvd adjust 65536
2026-09-05T05:05:08+00:00 blocksynergy sshd[38697]: debug2: channel 0: rcvd adjust 65536
2026-09-05T05:05:08+00:00 blocksynergy sshd[38697]: debug2: channel 0: rcvd adjust 65536
2026-09-05T05:05:08+00:00 blocksynergy sshd[38697]: debug2: channel 0: rcvd adjust 65536
2026-09-05T05:05:09+00:00 blocksynergy sshd[38697]: debug2: channel 0: rcvd adjust 65536
2026-09-05T05:05:09+00:00 blocksynergy sshd[38697]: debug2: channel 0: rcvd adjust 65536
2026-09-05T05:05:09+00:00 blocksynergy sshd[38697]: debug2: channel 0: rcvd adjust 65536
2026-09-05T05:05:09+00:00 blocksynergy sshd[38697]: debug2: channel 0: rcvd adjust 65536
2026-09-05T05:05:09+00:00 blocksynergy sshd[38697]: debug2: channel 0: rcvd adjust 49152
2026-09-05T05:05:09+00:00 blocksynergy sshd[38697]: debug2: channel 0: rcvd adjust 65536
2026-09-05T05:05:09+00:00 blocksynergy sshd[38697]: debug2: channel 0: rcvd adjust 65536
2026-09-05T05:05:10+00:00 blocksynergy sshd[38697]: debug2: channel 0: rcvd adjust 65536
2026-09-05T05:05:10+00:00 blocksynergy sshd[38697]: debug2: channel 0: rcvd adjust 65536
2026-09-05T05:05:10+00:00 blocksynergy sshd[38697]: debug2: channel 0: rcvd adjust 65536
2026-09-05T05:05:10+00:00 blocksynergy sshd[38697]: debug2: channel 0: rcvd adjust 65536
2026-09-05T05:05:11+00:00 blocksynergy sshd[38697]: debug2: channel 0: rcvd adjust 65536
2026-09-05T05:05:11+00:00 blocksynergy sshd[38697]: debug2: channel 0: rcvd adjust 65536
2026-09-05T05:05:11+00:00 blocksynergy sshd[38697]: debug2: channel 0: rcvd adjust 65536
2026-09-05T05:05:11+00:00 blocksynergy sshd[38697]: debug2: channel 0: rcvd adjust 65536
2026-09-05T05:05:11+00:00 blocksynergy sshd[38697]: debug2: channel 0: rcvd adjust 65536
2026-09-05T05:05:11+00:00 blocksynergy sshd[38697]: debug2: channel 0: rcvd adjust 65536
2026-09-05T05:05:12+00:00 blocksynergy sshd[38697]: debug2: channel 0: rcvd adjust 65536
2026-09-05T05:05:12+00:00 blocksynergy sshd[38697]: debug2: channel 0: rcvd adjust 65536
2026-09-05T05:05:12+00:00 blocksynergy sshd[38697]: debug2: channel 0: rcvd adjust 65536
2026-09-05T05:05:12+00:00 blocksynergy sshd[38697]: debug2: channel 0: rcvd adjust 65536
2026-09-05T05:05:12+00:00 blocksynergy sshd[38697]: debug2: channel 0: rcvd adjust 65536
2026-09-05T05:05:12+00:00 blocksynergy sshd[38697]: debug2: channel 0: rcvd adjust 65536
2026-09-05T05:05:12+00:00 blocksynergy sshd[38697]: debug2: channel 0: rcvd adjust 65536
2026-09-05T05:05:13+00:00 blocksynergy sshd[38697]: debug2: channel 0: rcvd adjust 65536
2026-09-05T05:05:13+00:00 blocksynergy sshd[38697]: debug2: channel 0: rcvd adjust 65536
2026-09-05T05:05:13+00:00 blocksynergy sshd[38697]: debug2: channel 0: rcvd adjust 65536
2026-09-05T05:05:13+00:00 blocksynergy sshd[38697]: debug2: channel 0: rcvd adjust 65536
2026-09-05T05:05:13+00:00 blocksynergy sshd[38697]: debug2: channel 0: rcvd adjust 65536
2026-09-05T05:05:14+00:00 blocksynergy sshd[38697]: debug2: channel 0: rcvd adjust 98304
2026-09-05T05:05:14+00:00 blocksynergy sshd[38697]: debug2: channel 0: rcvd adjust 65536
2026-09-05T05:05:14+00:00 blocksynergy sshd[38697]: debug2: channel 0: rcvd adjust 65536
2026-09-05T05:05:14+00:00 blocksynergy sshd[38697]: debug2: channel 0: rcvd adjust 65536
2026-09-05T05:05:15+00:00 blocksynergy sshd[38697]: debug2: channel 0: rcvd adjust 65536
2026-09-05T05:05:15+00:00 blocksynergy sshd[38697]: debug2: channel 0: rcvd adjust 65536
2026-09-05T05:05:15+00:00 blocksynergy sshd[38697]: debug2: channel 0: rcvd adjust 65536
2026-09-05T05:05:15+00:00 blocksynergy sshd[38697]: debug2: channel 0: rcvd adjust 65536
2026-09-05T05:05:15+00:00 blocksynergy sshd[38697]: debug2: channel 0: rcvd adjust 65536
2026-09-05T05:05:16+00:00 blocksynergy sshd[38697]: debug2: channel 0: rcvd adjust 65536
2026-09-05T05:05:16+00:00 blocksynergy sshd[38697]: debug2: channel 0: rcvd adjust 65536
2026-09-05T05:05:16+00:00 blocksynergy sshd[38697]: debug2: channel 0: rcvd adjust 65536
2026-09-05T05:05:16+00:00 blocksynergy sshd[38697]: debug2: channel 0: rcvd adjust 81920
2026-09-05T05:05:16+00:00 blocksynergy sshd[38697]: debug2: channel 0: rcvd adjust 65536
2026-09-05T05:05:16+00:00 blocksynergy sshd[38697]: debug2: channel 0: rcvd adjust 65536
2026-09-05T05:05:16+00:00 blocksynergy sshd[38697]: debug2: channel 0: rcvd adjust 65536
2026-09-05T05:05:17+00:00 blocksynergy sshd[38697]: debug2: channel 0: rcvd adjust 65536
2026-09-05T05:05:17+00:00 blocksynergy sshd[38697]: debug2: channel 0: rcvd adjust 65536
2026-09-05T05:05:17+00:00 blocksynergy sshd[38697]: debug2: channel 0: rcvd adjust 65536
2026-09-05T05:05:18+00:00 blocksynergy sshd[38697]: debug2: channel 0: rcvd adjust 65536
2026-09-05T05:05:18+00:00 blocksynergy sshd[38697]: debug2: channel 0: rcvd adjust 81920
2026-09-05T05:05:18+00:00 blocksynergy sshd[38697]: debug2: channel 0: rcvd adjust 65536
2026-09-05T05:05:18+00:00 blocksynergy sshd[38697]: debug2: channel 0: rcvd adjust 65536
2026-09-05T05:05:18+00:00 blocksynergy sshd[38697]: debug2: channel 0: rcvd adjust 65536
2026-09-05T05:05:19+00:00 blocksynergy sshd[38697]: debug2: channel 0: rcvd adjust 49152
2026-09-05T05:05:19+00:00 blocksynergy sshd[38697]: debug2: channel 0: rcvd adjust 65536
2026-09-05T05:05:19+00:00 blocksynergy sshd[38697]: debug2: channel 0: rcvd adjust 65536
2026-09-05T05:05:19+00:00 blocksynergy sshd[38697]: debug2: channel 0: rcvd adjust 49152
2026-09-05T05:05:19+00:00 blocksynergy sshd[38697]: debug2: channel 0: rcvd adjust 81920
2026-09-05T05:05:19+00:00 blocksynergy sshd[38697]: debug2: channel 0: rcvd adjust 65536
2026-09-05T05:05:19+00:00 blocksynergy sshd[38697]: debug2: channel 0: rcvd adjust 81920
2026-09-05T05:05:20+00:00 blocksynergy sshd[38697]: debug2: channel 0: rcvd adjust 65536
2026-09-05T05:05:21+00:00 blocksynergy sshd[38697]: debug2: channel 0: rcvd adjust 65536
2026-09-05T05:05:21+00:00 blocksynergy sshd[38697]: debug2: channel 0: rcvd adjust 65536
2026-09-05T05:05:21+00:00 blocksynergy sshd[38697]: debug2: channel 0: rcvd adjust 65536
2026-09-05T05:05:21+00:00 blocksynergy sshd[38697]: debug2: channel 0: rcvd adjust 65536
2026-09-05T05:05:21+00:00 blocksynergy sshd[38697]: debug2: channel 0: rcvd adjust 65536
2026-09-05T05:05:22+00:00 blocksynergy sshd[38697]: debug2: channel 0: rcvd adjust 65536
2026-09-05T05:05:22+00:00 blocksynergy sshd[38697]: debug2: channel 0: rcvd adjust 65536
2026-09-05T05:05:23+00:00 blocksynergy sshd[38697]: debug2: channel 0: rcvd adjust 81920
2026-09-05T05:05:23+00:00 blocksynergy sshd[38697]: debug2: channel 0: rcvd adjust 65536
2026-09-05T05:05:24+00:00 blocksynergy sshd[38697]: debug2: channel 0: rcvd adjust 65536
2026-09-05T05:05:24+00:00 blocksynergy sshd[38697]: debug2: channel 0: rcvd adjust 65536
2026-09-05T05:05:24+00:00 blocksynergy sshd[38697]: debug2: channel 0: rcvd adjust 65536
2026-09-05T05:05:24+00:00 blocksynergy sshd[38697]: debug2: channel 0: rcvd adjust 65536
2026-09-05T05:05:24+00:00 blocksynergy sshd[38697]: debug2: channel 0: rcvd adjust 65536
2026-09-05T05:05:25+00:00 blocksynergy sshd[38697]: debug2: channel 0: rcvd adjust 65536
2026-09-05T05:05:25+00:00 blocksynergy sshd[38697]: debug2: channel 0: rcvd adjust 65536
2026-09-05T05:05:25+00:00 blocksynergy sshd[38697]: debug2: channel 0: rcvd adjust 65536
2026-09-05T05:05:25+00:00 blocksynergy sshd[38697]: debug2: channel 0: rcvd adjust 65536
2026-09-05T05:05:25+00:00 blocksynergy sshd[38697]: debug2: channel 0: rcvd adjust 65536
2026-09-05T05:05:25+00:00 blocksynergy sshd[38697]: debug2: channel 0: rcvd adjust 65536
2026-09-05T05:05:26+00:00 blocksynergy sshd[38697]: debug2: channel 0: rcvd adjust 65536
2026-09-05T05:05:26+00:00 blocksynergy sshd[38697]: debug2: channel 0: rcvd adjust 65536
2026-09-05T05:05:26+00:00 blocksynergy sshd[38697]: debug2: channel 0: rcvd adjust 65536
2026-09-05T05:05:27+00:00 blocksynergy sshd[38697]: debug2: channel 0: rcvd adjust 147456
2026-09-05T05:05:27+00:00 blocksynergy sshd[38697]: debug2: channel 0: rcvd adjust 65536
2026-09-05T05:05:28+00:00 blocksynergy sshd[38697]: debug2: channel 0: rcvd adjust 65536
2026-09-05T05:05:28+00:00 blocksynergy sshd[38697]: debug2: channel 0: rcvd adjust 65536
2026-09-05T05:05:28+00:00 blocksynergy sshd[38697]: debug2: channel 0: rcvd adjust 65536
2026-09-05T05:05:28+00:00 blocksynergy sshd[38697]: debug2: channel 0: rcvd adjust 65536
2026-09-05T05:05:28+00:00 blocksynergy sshd[38697]: debug2: channel 0: rcvd adjust 65536
2026-09-05T05:05:29+00:00 blocksynergy sshd[38697]: debug2: channel 0: rcvd adjust 65536
2026-09-05T05:05:29+00:00 blocksynergy sshd[38697]: debug2: channel 0: rcvd adjust 81920
2026-09-05T05:05:29+00:00 blocksynergy sshd[38697]: debug2: channel 0: rcvd adjust 65536
2026-09-05T05:05:29+00:00 blocksynergy sshd[38697]: debug2: channel 0: rcvd adjust 65536
2026-09-05T05:05:30+00:00 blocksynergy sshd[38697]: debug2: channel 0: rcvd adjust 65536
2026-09-05T05:05:30+00:00 blocksynergy sshd[38697]: debug2: channel 0: rcvd adjust 65536
2026-09-05T05:05:30+00:00 blocksynergy sshd[38697]: debug2: channel 0: rcvd adjust 65536
2026-09-05T05:05:30+00:00 blocksynergy sshd[38697]: debug2: channel 0: rcvd adjust 65536
2026-09-05T05:05:30+00:00 blocksynergy sshd[38697]: debug2: channel 0: rcvd adjust 65536
2026-09-05T05:05:31+00:00 blocksynergy sshd[38697]: debug2: channel 0: rcvd adjust 65536
2026-09-05T05:05:31+00:00 blocksynergy sshd[38697]: debug2: channel 0: rcvd adjust 65536
2026-09-05T05:05:31+00:00 blocksynergy sshd[38697]: debug2: channel 0: rcvd adjust 65536
2026-09-05T05:05:32+00:00 blocksynergy sshd[38697]: debug2: channel 0: rcvd adjust 65536
2026-09-05T05:05:32+00:00 blocksynergy sshd[38697]: debug2: channel 0: rcvd adjust 114688
2026-09-05T05:05:32+00:00 blocksynergy sshd[38697]: debug2: channel 0: rcvd adjust 65536
2026-09-05T05:05:32+00:00 blocksynergy sshd[38697]: debug2: channel 0: rcvd adjust 65536
2026-09-05T05:05:33+00:00 blocksynergy sshd[38697]: debug2: channel 0: rcvd adjust 65536
2026-09-05T05:05:33+00:00 blocksynergy sshd[38697]: debug2: channel 0: rcvd adjust 65536
2026-09-05T05:05:33+00:00 blocksynergy sshd[38697]: debug2: channel 0: rcvd adjust 81920
2026-09-05T05:05:34+00:00 blocksynergy sshd[38697]: debug2: channel 0: rcvd adjust 65536
2026-09-05T05:05:34+00:00 blocksynergy sshd[38697]: debug2: channel 0: rcvd adjust 65536
2026-09-05T05:05:35+00:00 blocksynergy sshd[38697]: debug2: channel 0: rcvd adjust 65536
2026-09-05T05:05:35+00:00 blocksynergy sshd[38697]: debug2: channel 0: rcvd adjust 65536
2026-09-05T05:05:35+00:00 blocksynergy sshd[38697]: debug2: channel 0: rcvd adjust 65536
2026-09-05T05:05:35+00:00 blocksynergy sshd[38697]: debug2: channel 0: rcvd adjust 65536
2026-09-05T05:05:35+00:00 blocksynergy sshd[38697]: debug2: channel 0: rcvd adjust 65536
2026-09-05T05:05:35+00:00 blocksynergy sshd[38697]: debug2: channel 0: rcvd adjust 65536
2026-09-05T05:05:36+00:00 blocksynergy sshd[38697]: debug2: channel 0: rcvd adjust 65536
2026-09-05T05:05:36+00:00 blocksynergy sshd[38697]: debug2: channel 0: rcvd adjust 65536
2026-09-05T05:05:36+00:00 blocksynergy sshd[38697]: debug2: channel 0: rcvd adjust 81920
2026-09-05T05:05:37+00:00 blocksynergy sshd[38697]: debug2: channel 0: rcvd adjust 65536
2026-09-05T05:05:37+00:00 blocksynergy sshd[38697]: debug2: channel 0: rcvd adjust 65536
2026-09-05T05:05:37+00:00 blocksynergy sshd[38697]: debug2: channel 0: rcvd adjust 65536
2026-09-05T05:05:37+00:00 blocksynergy sshd[38697]: debug2: channel 0: rcvd adjust 65536
2026-09-05T05:05:37+00:00 blocksynergy sshd[38697]: debug2: channel 0: rcvd adjust 65536
2026-09-05T05:05:38+00:00 blocksynergy sshd[38697]: debug2: channel 0: rcvd adjust 65536
2026-09-05T05:05:38+00:00 blocksynergy sshd[38697]: debug2: channel 0: rcvd adjust 65536
2026-09-05T05:05:38+00:00 blocksynergy sshd[38697]: debug2: channel 0: rcvd adjust 65536
2026-09-05T05:05:38+00:00 blocksynergy sshd[38697]: debug2: channel 0: rcvd adjust 65536
2026-09-05T05:05:39+00:00 blocksynergy sshd[38697]: debug2: channel 0: rcvd adjust 65536
2026-09-05T05:05:39+00:00 blocksynergy sshd[38697]: debug2: channel 0: rcvd adjust 98304
2026-09-05T05:05:40+00:00 blocksynergy sshd[38697]: debug2: channel 0: rcvd adjust 65536
2026-09-05T05:05:40+00:00 blocksynergy sshd[38697]: debug2: channel 0: rcvd adjust 65536
2026-09-05T05:05:41+00:00 blocksynergy sshd[38697]: debug2: channel 0: rcvd adjust 65536
2026-09-05T05:05:41+00:00 blocksynergy sshd[38697]: debug2: channel 0: rcvd adjust 65536
2026-09-05T05:05:41+00:00 blocksynergy sshd[38697]: debug2: channel 0: rcvd adjust 65536
2026-09-05T05:05:41+00:00 blocksynergy sshd[38697]: debug2: channel 0: rcvd adjust 65536
2026-09-05T05:05:41+00:00 blocksynergy sshd[38697]: debug2: channel 0: rcvd adjust 65536
2026-09-05T05:05:42+00:00 blocksynergy sshd[38697]: debug2: channel 0: rcvd adjust 65536
2026-09-05T05:05:42+00:00 blocksynergy sshd[38697]: debug2: channel 0: rcvd adjust 65536
2026-09-05T05:05:42+00:00 blocksynergy sshd[38697]: debug2: channel 0: rcvd adjust 65536
2026-09-05T05:05:43+00:00 blocksynergy sshd[38697]: debug2: channel 0: rcvd adjust 131072
2026-09-05T05:05:43+00:00 blocksynergy sshd[38697]: debug2: channel 0: rcvd adjust 65536
2026-09-05T05:05:43+00:00 blocksynergy sshd[38697]: debug2: channel 0: rcvd adjust 65536
2026-09-05T05:05:43+00:00 blocksynergy sshd[38697]: debug2: channel 0: rcvd adjust 65536
2026-09-05T05:05:44+00:00 blocksynergy sshd[38697]: debug2: channel 0: rcvd adjust 65536
2026-09-05T05:05:44+00:00 blocksynergy sshd[38697]: debug2: channel 0: rcvd adjust 65536
2026-09-05T05:05:44+00:00 blocksynergy sshd[38697]: debug2: channel 0: rcvd adjust 65536
2026-09-05T05:05:44+00:00 blocksynergy sshd[38697]: debug2: channel 0: rcvd adjust 65536
2026-09-05T05:05:44+00:00 blocksynergy sshd[38697]: debug2: channel 0: rcvd adjust 65536
2026-09-05T05:05:44+00:00 blocksynergy sshd[38697]: debug2: channel 0: rcvd adjust 65536
2026-09-05T05:05:45+00:00 blocksynergy sshd[38697]: debug2: channel 0: rcvd adjust 65536
2026-09-05T05:05:45+00:00 blocksynergy sshd[38697]: debug2: channel 0: rcvd adjust 65536
2026-09-05T05:05:45+00:00 blocksynergy sshd[38697]: debug2: channel 0: rcvd adjust 65536
2026-09-05T05:05:45+00:00 blocksynergy sshd[38697]: debug2: channel 0: rcvd adjust 65536
2026-09-05T05:05:45+00:00 blocksynergy sshd[38697]: debug2: channel 0: rcvd adjust 65536
2026-09-05T05:05:46+00:00 blocksynergy sshd[38697]: debug2: channel 0: rcvd adjust 65536
2026-09-05T05:05:46+00:00 blocksynergy sshd[38697]: debug2: channel 0: rcvd adjust 65536
2026-09-05T05:05:46+00:00 blocksynergy sshd[38697]: debug2: channel 0: rcvd adjust 65536
2026-09-05T05:05:46+00:00 blocksynergy sshd[38697]: debug2: channel 0: rcvd adjust 147456
2026-09-05T05:05:46+00:00 blocksynergy sshd[38697]: debug2: channel 0: rcvd adjust 65536
2026-09-05T05:05:46+00:00 blocksynergy sshd[38697]: debug2: channel 0: rcvd adjust 65536
2026-09-05T05:05:47+00:00 blocksynergy sshd[38697]: debug2: channel 0: rcvd adjust 65536
2026-09-05T05:05:47+00:00 blocksynergy sshd[38697]: debug2: channel 0: rcvd adjust 65536
2026-09-05T05:05:47+00:00 blocksynergy sshd[38697]: debug2: channel 0: rcvd adjust 65536
2026-09-05T05:05:47+00:00 blocksynergy sshd[38697]: debug2: channel 0: rcvd adjust 65536
2026-09-05T05:05:47+00:00 blocksynergy sshd[38697]: debug2: channel 0: rcvd adjust 65536
2026-09-05T05:05:47+00:00 blocksynergy sshd[38697]: debug2: channel 0: rcvd adjust 65536
2026-09-05T05:05:47+00:00 blocksynergy sshd[38697]: debug2: channel 0: rcvd adjust 65536
2026-09-05T05:05:47+00:00 blocksynergy sshd[38697]: debug2: channel 0: rcvd adjust 65536
2026-09-05T05:05:48+00:00 blocksynergy sshd[38697]: debug2: channel 0: rcvd adjust 65536
2026-09-05T05:05:48+00:00 blocksynergy sshd[38697]: debug2: channel 0: rcvd adjust 65536
2026-09-05T05:05:48+00:00 blocksynergy sshd[38697]: debug2: channel 0: rcvd adjust 65536
2026-09-05T05:05:48+00:00 blocksynergy sshd[38697]: debug2: channel 0: rcvd adjust 65536
2026-09-05T05:05:48+00:00 blocksynergy sshd[38697]: debug2: channel 0: rcvd adjust 65536
2026-09-05T05:05:49+00:00 blocksynergy sshd[38697]: debug2: channel 0: rcvd adjust 65536
2026-09-05T05:05:49+00:00 blocksynergy sshd[38697]: debug2: channel 0: rcvd adjust 65536
2026-09-05T05:05:49+00:00 blocksynergy sshd[38697]: debug2: channel 0: rcvd adjust 65536
2026-09-05T05:05:49+00:00 blocksynergy sshd[38697]: debug2: channel 0: rcvd adjust 65536
2026-09-05T05:05:49+00:00 blocksynergy sshd[38697]: debug2: channel 0: rcvd adjust 65536
2026-09-05T05:05:50+00:00 blocksynergy sshd[38697]: debug2: channel 0: rcvd adjust 65536
2026-09-05T05:05:50+00:00 blocksynergy sshd[38697]: debug2: channel 0: rcvd adjust 65536
2026-09-05T05:05:50+00:00 blocksynergy sshd[38697]: debug2: channel 0: rcvd adjust 65536
2026-09-05T05:05:50+00:00 blocksynergy sshd[38697]: debug2: channel 0: rcvd adjust 65536
2026-09-05T05:05:50+00:00 blocksynergy sshd[38697]: debug2: channel 0: rcvd adjust 65536
2026-09-05T05:05:51+00:00 blocksynergy sshd[38697]: debug2: channel 0: rcvd adjust 65536
2026-09-05T05:05:51+00:00 blocksynergy sshd[38697]: debug2: channel 0: rcvd adjust 65536
2026-09-05T05:05:51+00:00 blocksynergy sshd[38697]: debug2: channel 0: rcvd adjust 65536
2026-09-05T05:05:51+00:00 blocksynergy sshd[38697]: debug2: channel 0: rcvd adjust 65536
2026-09-05T05:05:51+00:00 blocksynergy sshd[38697]: debug2: channel 0: rcvd adjust 65536
2026-09-05T05:05:51+00:00 blocksynergy sshd[38697]: debug2: channel 0: rcvd adjust 65536
2026-09-05T05:05:51+00:00 blocksynergy sshd[38697]: debug2: channel 0: rcvd adjust 65536
2026-09-05T05:05:52+00:00 blocksynergy sshd[38697]: debug2: channel 0: rcvd adjust 65536
2026-09-05T05:05:52+00:00 blocksynergy sshd[38697]: debug2: channel 0: rcvd adjust 65536
2026-09-05T05:05:52+00:00 blocksynergy sshd[38697]: debug2: channel 0: rcvd adjust 65536
2026-09-05T05:05:52+00:00 blocksynergy sshd[38697]: debug2: channel 0: rcvd adjust 65536
2026-09-05T05:05:52+00:00 blocksynergy sshd[38697]: debug2: channel 0: rcvd adjust 65536
2026-09-05T05:05:52+00:00 blocksynergy sshd[38697]: debug2: channel 0: rcvd adjust 65536
2026-09-05T05:05:52+00:00 blocksynergy sshd[38697]: debug2: channel 0: rcvd adjust 65536
2026-09-05T05:05:52+00:00 blocksynergy sshd[38697]: debug2: channel 0: rcvd adjust 65536
2026-09-05T05:05:52+00:00 blocksynergy sshd[38697]: debug2: channel 0: rcvd adjust 65536
2026-09-05T05:05:52+00:00 blocksynergy sshd[38697]: debug2: channel 0: rcvd adjust 65536
2026-09-05T05:05:53+00:00 blocksynergy sshd[38697]: debug2: channel 0: rcvd adjust 65536
2026-09-05T05:05:53+00:00 blocksynergy sshd[38697]: debug2: channel 0: rcvd adjust 65536
2026-09-05T05:05:53+00:00 blocksynergy sshd[38697]: debug2: channel 0: rcvd adjust 65536
2026-09-05T05:05:53+00:00 blocksynergy sshd[38697]: debug2: channel 0: rcvd adjust 65536
2026-09-05T05:05:53+00:00 blocksynergy sshd[38697]: debug2: channel 0: rcvd adjust 65536
2026-09-05T05:05:53+00:00 blocksynergy sshd[38697]: debug2: channel 0: rcvd adjust 65536
2026-09-05T05:05:53+00:00 blocksynergy sshd[38697]: debug2: channel 0: rcvd adjust 65536
2026-09-05T05:05:53+00:00 blocksynergy sshd[38697]: debug2: channel 0: rcvd adjust 65536
2026-09-05T05:05:54+00:00 blocksynergy sshd[38697]: debug2: channel 0: rcvd adjust 65536
2026-09-05T05:05:54+00:00 blocksynergy sshd[38697]: debug2: channel 0: rcvd adjust 65536
2026-09-05T05:05:54+00:00 blocksynergy sshd[38697]: debug2: channel 0: rcvd adjust 147456
2026-09-05T05:05:54+00:00 blocksynergy sshd[38697]: debug2: channel 0: rcvd adjust 65536
2026-09-05T05:05:54+00:00 blocksynergy sshd[38697]: debug2: channel 0: rcvd adjust 65536
2026-09-05T05:05:54+00:00 blocksynergy sshd[38697]: debug2: channel 0: rcvd adjust 65536
2026-09-05T05:05:54+00:00 blocksynergy sshd[38697]: debug2: channel 0: rcvd adjust 65536
2026-09-05T05:05:55+00:00 blocksynergy sshd[38697]: debug2: channel 0: rcvd adjust 65536
2026-09-05T05:05:55+00:00 blocksynergy sshd[38697]: debug2: channel 0: rcvd adjust 65536
2026-09-05T05:05:55+00:00 blocksynergy sshd[38697]: debug2: channel 0: rcvd adjust 32768
2026-09-05T05:05:55+00:00 blocksynergy sshd[38697]: debug2: channel 0: rcvd adjust 65536
2026-09-05T05:05:55+00:00 blocksynergy sshd[38697]: debug2: channel 0: rcvd adjust 65536
2026-09-05T05:05:55+00:00 blocksynergy sshd[38697]: debug2: channel 0: rcvd adjust 65536
2026-09-05T05:05:55+00:00 blocksynergy sshd[38697]: debug2: channel 0: rcvd adjust 65536
2026-09-05T05:05:55+00:00 blocksynergy sshd[38697]: debug2: channel 0: rcvd adjust 65536
2026-09-05T05:05:55+00:00 blocksynergy sshd[38697]: debug2: channel 0: rcvd adjust 65536
2026-09-05T05:05:56+00:00 blocksynergy sshd[38697]: debug2: channel 0: rcvd adjust 81920
2026-09-05T05:05:56+00:00 blocksynergy sshd[38697]: debug2: channel 0: rcvd adjust 81920
2026-09-05T05:05:56+00:00 blocksynergy sshd[38697]: debug2: channel 0: rcvd adjust 81920
2026-09-05T05:05:56+00:00 blocksynergy sshd[38697]: debug2: channel 0: rcvd adjust 65536
2026-09-05T05:05:56+00:00 blocksynergy sshd[38697]: debug2: channel 0: rcvd adjust 65536
2026-09-05T05:05:56+00:00 blocksynergy sshd[38697]: debug2: channel 0: rcvd adjust 65536
2026-09-05T05:05:56+00:00 blocksynergy sshd[38697]: debug2: channel 0: rcvd adjust 65536
2026-09-05T05:05:57+00:00 blocksynergy sshd[38697]: debug2: channel 0: rcvd adjust 65536
2026-09-05T05:05:57+00:00 blocksynergy sshd[38697]: debug2: channel 0: rcvd adjust 65536
2026-09-05T05:05:57+00:00 blocksynergy sshd[38697]: debug2: channel 0: rcvd adjust 65536
2026-09-05T05:05:57+00:00 blocksynergy sshd[38697]: debug2: channel 0: rcvd adjust 65536
2026-09-05T05:05:57+00:00 blocksynergy sshd[38697]: debug2: channel 0: rcvd adjust 65536
2026-09-05T05:05:57+00:00 blocksynergy sshd[38697]: debug2: channel 0: rcvd adjust 65536
2026-09-05T05:05:57+00:00 blocksynergy sshd[38697]: debug2: channel 0: rcvd adjust 65536
2026-09-05T05:05:57+00:00 blocksynergy sshd[38697]: debug2: channel 0: rcvd adjust 65536
2026-09-05T05:05:57+00:00 blocksynergy sshd[38697]: debug2: channel 0: rcvd adjust 65536
2026-09-05T05:05:58+00:00 blocksynergy sshd[38697]: debug2: channel 0: rcvd adjust 65536
2026-09-05T05:05:58+00:00 blocksynergy sshd[38697]: debug2: channel 0: rcvd adjust 65536
2026-09-05T05:05:58+00:00 blocksynergy sshd[38697]: debug2: channel 0: rcvd adjust 65536
2026-09-05T05:05:58+00:00 blocksynergy sshd[38697]: debug2: channel 0: rcvd adjust 65536
2026-09-05T05:05:58+00:00 blocksynergy sshd[38697]: debug2: channel 0: rcvd adjust 65536
2026-09-05T05:05:58+00:00 blocksynergy sshd[38697]: debug2: channel 0: rcvd adjust 65536
2026-09-05T05:05:58+00:00 blocksynergy sshd[38697]: debug2: channel 0: rcvd adjust 65536
2026-09-05T05:05:58+00:00 blocksynergy sshd[38697]: debug2: channel 0: rcvd adjust 65536
2026-09-05T05:05:59+00:00 blocksynergy sshd[38697]: debug2: channel 0: rcvd adjust 65536
2026-09-05T05:05:59+00:00 blocksynergy sshd[38697]: debug2: channel 0: rcvd adjust 65536
2026-09-05T05:05:59+00:00 blocksynergy sshd[38697]: debug2: channel 0: rcvd adjust 65536
2026-09-05T05:05:59+00:00 blocksynergy sshd[38697]: debug2: channel 0: rcvd adjust 65536
2026-09-05T05:05:59+00:00 blocksynergy sshd[38697]: debug2: channel 0: rcvd adjust 65536
2026-09-05T05:05:59+00:00 blocksynergy sshd[38697]: debug2: channel 0: rcvd adjust 65536
2026-09-05T05:05:59+00:00 blocksynergy sshd[38697]: debug2: channel 0: rcvd adjust 65536
2026-09-05T05:06:00+00:00 blocksynergy sshd[38697]: debug2: channel 0: rcvd adjust 65536
2026-09-05T05:06:00+00:00 blocksynergy sshd[38697]: debug2: channel 0: rcvd adjust 65536
2026-09-05T05:06:00+00:00 blocksynergy sshd[38697]: debug2: channel 0: rcvd adjust 61958
2026-09-05T05:06:00+00:00 blocksynergy sshd[38697]: debug2: channel 0: rcvd adjust 49637
2026-09-05T05:06:00+00:00 blocksynergy sshd[38697]: debug2: channel 0: rcvd adjust 50950
2026-09-05T05:06:00+00:00 blocksynergy sshd[38697]: debug2: channel 0: rcvd adjust 49219
2026-09-05T05:06:00+00:00 blocksynergy sshd[38697]: debug2: channel 0: rcvd adjust 53373
2026-09-05T05:06:13+00:00 blocksynergy sshd[38697]: debug2: channel 0: rcvd adjust 50479
2026-09-05T05:07:33+00:00 blocksynergy sshd[38697]: debug2: channel 0: rcvd adjust 49244
2026-09-05T05:10:12+00:00 blocksynergy sshd[38697]: debug2: channel 0: rcvd adjust 49502
2026-09-05T05:10:35+00:00 blocksynergy sshd[38697]: debug2: channel 0: rcvd adjust 49279
2026-09-05T05:10:56+00:00 blocksynergy sshd[38697]: debug2: channel 0: rcvd adjust 49432
2026-09-05T05:11:15+00:00 blocksynergy sshd[38697]: debug2: channel 0: rcvd adjust 49690
2026-09-05T05:11:16+00:00 blocksynergy sshd[38697]: debug2: channel 0: rcvd adjust 50033
2026-09-05T05:11:17+00:00 blocksynergy sshd[38697]: debug2: channel 0: rcvd adjust 49588
2026-09-05T05:11:17+00:00 blocksynergy sshd[38697]: debug2: channel 0: rcvd adjust 50418
2026-09-05T05:11:19+00:00 blocksynergy sshd[38697]: debug2: channel 0: rcvd adjust 49359
2026-09-05T05:13:56+00:00 blocksynergy sshd[38697]: debug2: channel 0: rcvd adjust 49274
2026-09-05T05:14:54+00:00 blocksynergy sshd[51557]: debug3: monitor_apply_keystate: packet_set_state
2026-09-05T05:14:54+00:00 blocksynergy sshd[51557]: debug2: ssh_set_newkeys: mode 0
2026-09-05T05:14:54+00:00 blocksynergy sshd[51557]: debug1: rekey in after 134217728 blocks
2026-09-05T05:14:54+00:00 blocksynergy sshd[51557]: debug2: ssh_set_newkeys: mode 1
2026-09-05T05:14:54+00:00 blocksynergy sshd[51557]: debug1: rekey out after 134217728 blocks
2026-09-05T05:14:54+00:00 blocksynergy sshd[51557]: debug1: ssh_packet_set_postauth: called
2026-09-05T05:14:54+00:00 blocksynergy sshd[51557]: debug3: ssh_packet_set_state: done
2026-09-05T05:14:54+00:00 blocksynergy sshd[51557]: debug3: notify_hostkeys: key 0: ssh-rsa SHA256:3eKN9t6LkEeZcOyTRPQ+YjlkQphJAP5ZtpLV57Yxa80
2026-09-05T05:14:54+00:00 blocksynergy sshd[51557]: debug3: notify_hostkeys: key 1: ecdsa-sha2-nistp256 SHA256:bUu8kDm24mwiOY3AsZqGv4P0Ew4nqm2u3vHC3xlXHw0
2026-09-05T05:14:54+00:00 blocksynergy sshd[51557]: debug3: notify_hostkeys: key 2: ssh-ed25519 SHA256:dQwo5lNy1SbT0zL9yT9VDyi0JH86CavUHzbN8vb/UPE
2026-09-05T05:14:54+00:00 blocksynergy sshd[51557]: debug3: notify_hostkeys: sent 3 hostkeys
2026-09-05T05:14:54+00:00 blocksynergy sshd[51557]: debug3: send packet: type 80
2026-09-05T05:14:54+00:00 blocksynergy sshd[51557]: debug1: active: key options: agent-forwarding port-forwarding pty user-rc x11-forwarding
2026-09-05T05:14:54+00:00 blocksynergy sshd[51557]: debug3: sending debug message: /home/hank/.ssh/authorized_keys:2: key options: agent-forwarding port-forwarding pty user-rc x11-forwarding
2026-09-05T05:14:54+00:00 blocksynergy sshd[51557]: debug3: send packet: type 4
2026-09-05T05:14:54+00:00 blocksynergy sshd[51557]: debug3: sending debug message: /home/hank/.ssh/authorized_keys:2: key options: agent-forwarding port-forwarding pty user-rc x11-forwarding
2026-09-05T05:14:54+00:00 blocksynergy sshd[51557]: debug3: send packet: type 4
2026-09-05T05:14:54+00:00 blocksynergy sshd[51557]: debug1: Entering interactive session for SSH2.
2026-09-05T05:14:54+00:00 blocksynergy sshd[51557]: debug1: server_init_dispatch
2026-09-05T05:14:54+00:00 blocksynergy sshd[51557]: debug3: receive packet: type 90
2026-09-05T05:14:54+00:00 blocksynergy sshd[51557]: debug1: server_input_channel_open: ctype session rchan 0 win 2097152 max 32768
2026-09-05T05:14:54+00:00 blocksynergy sshd[51557]: debug1: input_session_request
2026-09-05T05:14:54+00:00 blocksynergy sshd[51557]: debug1: channel 0: new session [server-session] (inactive timeout: 0)
2026-09-05T05:14:54+00:00 blocksynergy sshd[51557]: debug2: session_new: allocate (allocated 0 max 10)
2026-09-05T05:14:54+00:00 blocksynergy sshd[51557]: debug3: session_unused: session id 0 unused
2026-09-05T05:14:54+00:00 blocksynergy sshd[51557]: debug1: session_new: session 0
2026-09-05T05:14:54+00:00 blocksynergy sshd[51557]: debug1: session_open: channel 0
2026-09-05T05:14:54+00:00 blocksynergy sshd[51557]: debug1: session_open: session 0: link with channel 0
2026-09-05T05:14:54+00:00 blocksynergy sshd[51557]: debug1: server_input_channel_open: confirm session
2026-09-05T05:14:54+00:00 blocksynergy sshd[51557]: debug3: send packet: type 91
2026-09-05T05:14:54+00:00 blocksynergy sshd[51557]: debug3: receive packet: type 80
2026-09-05T05:14:54+00:00 blocksynergy sshd[51557]: debug1: server_input_global_request: rtype no-more-sessions@openssh.com want_reply 0
2026-09-05T05:14:54+00:00 blocksynergy sshd[51557]: debug3: receive packet: type 98
2026-09-05T05:14:54+00:00 blocksynergy sshd[51557]: debug1: server_input_channel_req: channel 0 request env reply 0
2026-09-05T05:14:54+00:00 blocksynergy sshd[51557]: debug1: session_by_channel: session 0 channel 0
2026-09-05T05:14:54+00:00 blocksynergy sshd[51557]: debug1: session_input_channel_req: session 0 req env
2026-09-05T05:14:54+00:00 blocksynergy sshd[51557]: debug2: Ignoring env request COLORTERM: disallowed name
2026-09-05T05:14:54+00:00 blocksynergy sshd[51557]: debug3: receive packet: type 98
2026-09-05T05:14:54+00:00 blocksynergy sshd[51557]: debug1: server_input_channel_req: channel 0 request env reply 0
2026-09-05T05:14:54+00:00 blocksynergy sshd[51557]: debug1: session_by_channel: session 0 channel 0
2026-09-05T05:14:54+00:00 blocksynergy sshd[51557]: debug1: session_input_channel_req: session 0 req env
2026-09-05T05:14:54+00:00 blocksynergy sshd[51557]: debug2: Setting env 0: LANG=en_US.UTF-8
2026-09-05T05:14:54+00:00 blocksynergy sshd[51557]: debug3: receive packet: type 98
2026-09-05T05:14:54+00:00 blocksynergy sshd[51557]: debug1: server_input_channel_req: channel 0 request subsystem reply 1
2026-09-05T05:14:54+00:00 blocksynergy sshd[51557]: debug1: session_by_channel: session 0 channel 0
2026-09-05T05:14:54+00:00 blocksynergy sshd[51557]: debug1: session_input_channel_req: session 0 req subsystem
2026-09-05T05:14:54+00:00 blocksynergy sshd[51557]: debug2: subsystem request for sftp by user hank
2026-09-05T05:14:54+00:00 blocksynergy sshd[51557]: debug1: subsystem: exec() /usr/lib/openssh/sftp-server
2026-09-05T05:14:54+00:00 blocksynergy sshd[51557]: debug2: channel_set_xtype: labeled channel 0 as session:subsystem:sftp (inactive timeout 0)
2026-09-05T05:14:54+00:00 blocksynergy sshd[51557]: Starting session: subsystem 'sftp' for hank from 10.10.17.121 port 58408 id 0
2026-09-05T05:14:54+00:00 blocksynergy sshd[51557]: debug3: mm_audit_run_command entering command /usr/lib/openssh/sftp-server
2026-09-05T05:14:54+00:00 blocksynergy sshd[51557]: debug3: mm_request_send: entering, type 113
2026-09-05T05:14:54+00:00 blocksynergy sshd[51558]: debug3: Copy environment: XDG_SESSION_ID=40
2026-09-05T05:14:54+00:00 blocksynergy sshd[51558]: debug3: Copy environment: XDG_RUNTIME_DIR=/run/user/1001
2026-09-05T05:14:54+00:00 blocksynergy sshd[51558]: debug3: Copy environment: DBUS_SESSION_BUS_ADDRESS=unix:path=/run/user/1001/bus
2026-09-05T05:14:54+00:00 blocksynergy sshd[51558]: debug3: Copy environment: XDG_SESSION_TYPE=tty
2026-09-05T05:14:54+00:00 blocksynergy sshd[51558]: debug3: Copy environment: XDG_SESSION_CLASS=user
2026-09-05T05:14:54+00:00 blocksynergy sshd[51558]: debug3: Copy environment: PATH=/usr/local/sbin:/usr/local/bin:/usr/sbin:/usr/bin:/sbin:/bin:/usr/games:/usr/local/games:/snap/bin
2026-09-05T05:14:54+00:00 blocksynergy sshd[51558]: debug3: Copy environment: LANG=en_US
2026-09-05T05:14:54+00:00 blocksynergy sshd[51558]: debug3: Copy environment: LANGUAGE=en_US:en
2026-09-05T05:14:54+00:00 blocksynergy sshd[51557]: debug2: fd 4 setting TCP_NODELAY
2026-09-05T05:14:54+00:00 blocksynergy sshd[51557]: debug3: set_sock_tos: set socket 4 IP_TOS 0x08
2026-09-05T05:14:54+00:00 blocksynergy sshd[51557]: debug2: fd 8 setting O_NONBLOCK
2026-09-05T05:14:54+00:00 blocksynergy sshd[51557]: debug2: fd 7 setting O_NONBLOCK
2026-09-05T05:14:54+00:00 blocksynergy sshd[51557]: debug2: fd 11 setting O_NONBLOCK
2026-09-05T05:14:54+00:00 blocksynergy sshd[51557]: debug3: send packet: type 99
2026-09-05T05:14:55+00:00 blocksynergy sshd[51557]: debug2: channel 0: rcvd adjust 98766
2026-09-05T05:14:56+00:00 blocksynergy sshd[51557]: debug2: channel 0: rcvd adjust 131072
2026-09-05T05:14:56+00:00 blocksynergy sshd[51557]: debug2: channel 0: rcvd adjust 195597
2026-09-05T05:14:57+00:00 blocksynergy sshd[51557]: debug2: channel 0: rcvd adjust 130061
2026-09-05T05:14:57+00:00 blocksynergy sshd[51557]: debug2: channel 0: rcvd adjust 131072
2026-09-05T05:14:57+00:00 blocksynergy sshd[51557]: debug2: channel 0: rcvd adjust 130061
2026-09-05T05:14:58+00:00 blocksynergy sshd[51557]: debug2: channel 0: rcvd adjust 131072
2026-09-05T05:14:58+00:00 blocksynergy sshd[51557]: debug2: channel 0: rcvd adjust 131072
2026-09-05T05:14:59+00:00 blocksynergy sshd[51557]: debug2: channel 0: rcvd adjust 131072
2026-09-05T05:14:59+00:00 blocksynergy sshd[51557]: debug2: channel 0: rcvd adjust 131072
2026-09-05T05:14:59+00:00 blocksynergy sshd[51557]: debug2: channel 0: rcvd adjust 131072
2026-09-05T05:14:59+00:00 blocksynergy sshd[51557]: debug2: channel 0: rcvd adjust 131072
2026-09-05T05:15:00+00:00 blocksynergy sshd[51557]: debug2: channel 0: rcvd adjust 131072
2026-09-05T05:15:00+00:00 blocksynergy sshd[51557]: debug2: channel 0: rcvd adjust 131072
2026-09-05T05:15:00+00:00 blocksynergy sshd[51557]: debug2: channel 0: rcvd adjust 131072
2026-09-05T05:15:00+00:00 blocksynergy sshd[51557]: debug2: channel 0: rcvd adjust 131072
2026-09-05T05:15:00+00:00 blocksynergy sshd[51557]: debug2: channel 0: rcvd adjust 131072
2026-09-05T05:15:01+00:00 blocksynergy sshd[51557]: debug2: channel 0: rcvd adjust 131072
2026-09-05T05:15:01+00:00 blocksynergy sshd[51557]: debug2: channel 0: rcvd adjust 131072
2026-09-05T05:15:01+00:00 blocksynergy sshd[51557]: debug2: channel 0: rcvd adjust 131072
2026-09-05T05:15:01+00:00 blocksynergy sshd[51557]: debug2: channel 0: rcvd adjust 131072
2026-09-05T05:15:02+00:00 blocksynergy sshd[51557]: debug2: channel 0: rcvd adjust 131072
2026-09-05T05:15:02+00:00 blocksynergy sshd[51557]: debug2: channel 0: rcvd adjust 131072
2026-09-05T05:15:02+00:00 blocksynergy sshd[51557]: debug2: channel 0: rcvd adjust 131072
2026-09-05T05:15:03+00:00 blocksynergy sshd[51557]: debug2: channel 0: rcvd adjust 131072
2026-09-05T05:15:03+00:00 blocksynergy sshd[51557]: debug2: channel 0: rcvd adjust 131072
2026-09-05T05:15:03+00:00 blocksynergy sshd[51557]: debug2: channel 0: rcvd adjust 131072
2026-09-05T05:15:03+00:00 blocksynergy sshd[51557]: debug2: channel 0: rcvd adjust 131072
2026-09-05T05:15:03+00:00 blocksynergy sshd[51557]: debug2: channel 0: rcvd adjust 131072
2026-09-05T05:15:04+00:00 blocksynergy sshd[51557]: debug2: channel 0: rcvd adjust 131072
2026-09-05T05:15:04+00:00 blocksynergy sshd[51557]: debug2: channel 0: rcvd adjust 131072
2026-09-05T05:15:04+00:00 blocksynergy sshd[51557]: debug2: channel 0: rcvd adjust 131072
2026-09-05T05:15:05+00:00 blocksynergy sshd[51557]: debug2: channel 0: rcvd adjust 131072
2026-09-05T05:15:05+00:00 blocksynergy sshd[51557]: debug2: channel 0: rcvd adjust 163840
2026-09-05T05:15:05+00:00 blocksynergy sshd[51557]: debug2: channel 0: rcvd adjust 131072
2026-09-05T05:15:06+00:00 blocksynergy sshd[51557]: debug2: channel 0: rcvd adjust 196608
2026-09-05T05:15:06+00:00 blocksynergy sshd[51557]: debug2: channel 0: rcvd adjust 131072
2026-09-05T05:15:06+00:00 blocksynergy sshd[51557]: debug2: channel 0: rcvd adjust 131072
2026-09-05T05:15:07+00:00 blocksynergy sshd[51557]: debug2: channel 0: rcvd adjust 131072
2026-09-05T05:15:07+00:00 blocksynergy sshd[51557]: debug2: channel 0: rcvd adjust 131072
2026-09-05T05:15:08+00:00 blocksynergy sshd[51557]: debug2: channel 0: rcvd adjust 131072
2026-09-05T05:15:09+00:00 blocksynergy sshd[51557]: debug2: channel 0: rcvd adjust 131072
2026-09-05T05:15:09+00:00 blocksynergy sshd[51557]: debug2: channel 0: rcvd adjust 131072
2026-09-05T05:15:09+00:00 blocksynergy sshd[51557]: debug2: channel 0: rcvd adjust 131072
2026-09-05T05:15:10+00:00 blocksynergy sshd[51557]: debug2: channel 0: rcvd adjust 131072
2026-09-05T05:15:10+00:00 blocksynergy sshd[51557]: debug2: channel 0: rcvd adjust 131072
2026-09-05T05:15:11+00:00 blocksynergy sshd[51557]: debug2: channel 0: rcvd adjust 131072
2026-09-05T05:15:11+00:00 blocksynergy sshd[51557]: debug2: channel 0: rcvd adjust 131072
2026-09-05T05:15:12+00:00 blocksynergy sshd[51557]: debug2: channel 0: rcvd adjust 131072
2026-09-05T05:15:12+00:00 blocksynergy sshd[51557]: debug2: channel 0: rcvd adjust 131072
2026-09-05T05:15:12+00:00 blocksynergy sshd[51557]: debug2: channel 0: rcvd adjust 131072
2026-09-05T05:15:13+00:00 blocksynergy sshd[51557]: debug2: channel 0: rcvd adjust 131072
2026-09-05T05:15:13+00:00 blocksynergy sshd[51557]: debug2: channel 0: rcvd adjust 131072
2026-09-05T05:15:14+00:00 blocksynergy sshd[51557]: debug2: channel 0: rcvd adjust 131072
2026-09-05T05:15:14+00:00 blocksynergy sshd[51557]: debug2: channel 0: rcvd adjust 131072
2026-09-05T05:15:15+00:00 blocksynergy sshd[51557]: debug2: channel 0: rcvd adjust 131072
2026-09-05T05:15:16+00:00 blocksynergy sshd[51557]: debug2: channel 0: rcvd adjust 131072
2026-09-05T05:15:16+00:00 blocksynergy sshd[51557]: debug2: channel 0: rcvd adjust 131072
2026-09-05T05:15:17+00:00 blocksynergy sshd[51557]: debug2: channel 0: rcvd adjust 131072
2026-09-05T05:15:18+00:00 blocksynergy sshd[51557]: debug2: channel 0: rcvd adjust 131072
2026-09-05T05:15:18+00:00 blocksynergy sshd[51557]: debug2: channel 0: rcvd adjust 131072
2026-09-05T05:15:19+00:00 blocksynergy sshd[51557]: debug2: channel 0: rcvd adjust 131072
2026-09-05T05:15:19+00:00 blocksynergy sshd[51557]: debug2: channel 0: rcvd adjust 131072
2026-09-05T05:15:20+00:00 blocksynergy sshd[51557]: debug2: channel 0: rcvd adjust 131072
2026-09-05T05:15:21+00:00 blocksynergy sshd[51557]: debug2: channel 0: rcvd adjust 131072
2026-09-05T05:15:21+00:00 blocksynergy sshd[51557]: debug2: channel 0: rcvd adjust 131072
2026-09-05T05:15:21+00:00 blocksynergy sshd[51557]: debug2: channel 0: rcvd adjust 131072
2026-09-05T05:15:22+00:00 blocksynergy sshd[51557]: debug2: channel 0: rcvd adjust 131072
2026-09-05T05:15:23+00:00 blocksynergy sshd[51557]: debug2: channel 0: rcvd adjust 131072
2026-09-05T05:15:23+00:00 blocksynergy sshd[51557]: debug2: channel 0: rcvd adjust 131072
2026-09-05T05:15:23+00:00 blocksynergy sshd[51557]: debug2: channel 0: rcvd adjust 131072
2026-09-05T05:15:24+00:00 blocksynergy sshd[51557]: debug2: channel 0: rcvd adjust 131072
2026-09-05T05:15:24+00:00 blocksynergy sshd[51557]: debug2: channel 0: rcvd adjust 131072
2026-09-05T05:15:25+00:00 blocksynergy sshd[51557]: debug2: channel 0: rcvd adjust 131072
2026-09-05T05:15:25+00:00 blocksynergy sshd[51557]: debug2: channel 0: rcvd adjust 131072
2026-09-05T05:15:26+00:00 blocksynergy sshd[51557]: debug2: channel 0: rcvd adjust 131072
2026-09-05T05:15:26+00:00 blocksynergy sshd[51557]: debug2: channel 0: rcvd adjust 131072
2026-09-05T05:15:27+00:00 blocksynergy sshd[51557]: debug2: channel 0: rcvd adjust 131072
2026-09-05T05:15:27+00:00 blocksynergy sshd[51557]: debug2: channel 0: rcvd adjust 131072
2026-09-05T05:15:27+00:00 blocksynergy sshd[51557]: debug2: channel 0: rcvd adjust 131072
2026-09-05T05:15:27+00:00 blocksynergy sshd[51557]: debug2: channel 0: rcvd adjust 163840
2026-09-05T05:15:28+00:00 blocksynergy sshd[51557]: debug2: channel 0: rcvd adjust 131072
2026-09-05T05:15:28+00:00 blocksynergy sshd[51557]: debug2: channel 0: rcvd adjust 131072
2026-09-05T05:15:28+00:00 blocksynergy sshd[51557]: debug2: channel 0: rcvd adjust 131072
2026-09-05T05:15:29+00:00 blocksynergy sshd[51557]: debug2: channel 0: rcvd adjust 131072
2026-09-05T05:15:30+00:00 blocksynergy sshd[51557]: debug2: channel 0: rcvd adjust 131072
2026-09-05T05:15:30+00:00 blocksynergy sshd[51557]: debug2: channel 0: rcvd adjust 163840
2026-09-05T05:15:31+00:00 blocksynergy sshd[51557]: debug2: channel 0: rcvd adjust 131072
2026-09-05T05:15:31+00:00 blocksynergy sshd[51557]: debug2: channel 0: rcvd adjust 131072
2026-09-05T05:15:32+00:00 blocksynergy sshd[51557]: debug2: channel 0: rcvd adjust 131072
2026-09-05T05:15:32+00:00 blocksynergy sshd[51557]: debug2: channel 0: rcvd adjust 131072
2026-09-05T05:15:32+00:00 blocksynergy sshd[51557]: debug2: channel 0: rcvd adjust 131072
2026-09-05T05:15:33+00:00 blocksynergy sshd[51557]: debug2: channel 0: rcvd adjust 131072
2026-09-05T05:15:33+00:00 blocksynergy sshd[51557]: debug2: channel 0: rcvd adjust 131072
2026-09-05T05:15:33+00:00 blocksynergy sshd[51557]: debug2: channel 0: rcvd adjust 131072
2026-09-05T05:15:34+00:00 blocksynergy sshd[51557]: debug2: channel 0: rcvd adjust 131072
2026-09-05T05:15:34+00:00 blocksynergy sshd[51557]: debug2: channel 0: rcvd adjust 131072
2026-09-05T05:15:34+00:00 blocksynergy sshd[51557]: debug2: channel 0: rcvd adjust 131072
2026-09-05T05:15:35+00:00 blocksynergy sshd[51557]: debug2: channel 0: rcvd adjust 131072
2026-09-05T05:15:35+00:00 blocksynergy sshd[51557]: debug2: channel 0: rcvd adjust 131072
2026-09-05T05:15:35+00:00 blocksynergy sshd[51557]: debug2: channel 0: rcvd adjust 131072
2026-09-05T05:15:35+00:00 blocksynergy sshd[51557]: debug2: channel 0: rcvd adjust 131072
2026-09-05T05:15:36+00:00 blocksynergy sshd[51557]: debug2: channel 0: rcvd adjust 131072
2026-09-05T05:15:36+00:00 blocksynergy sshd[51557]: debug2: channel 0: rcvd adjust 131072
2026-09-05T05:15:36+00:00 blocksynergy sshd[51557]: debug2: channel 0: rcvd adjust 131072
2026-09-05T05:15:36+00:00 blocksynergy sshd[51557]: debug2: channel 0: rcvd adjust 131072
2026-09-05T05:15:36+00:00 blocksynergy sshd[51557]: debug2: channel 0: rcvd adjust 131072
2026-09-05T05:15:36+00:00 blocksynergy sshd[51557]: debug2: channel 0: rcvd adjust 131072
2026-09-05T05:15:37+00:00 blocksynergy sshd[51557]: debug2: channel 0: rcvd adjust 131072
2026-09-05T05:15:37+00:00 blocksynergy sshd[51557]: debug2: channel 0: rcvd adjust 131072
2026-09-05T05:15:37+00:00 blocksynergy sshd[51557]: debug2: channel 0: rcvd adjust 131072
2026-09-05T05:15:37+00:00 blocksynergy sshd[51557]: debug2: channel 0: rcvd adjust 131072
2026-09-05T05:15:37+00:00 blocksynergy sshd[51557]: debug2: channel 0: rcvd adjust 131072
2026-09-05T05:15:37+00:00 blocksynergy sshd[51557]: debug2: channel 0: rcvd adjust 131072
2026-09-05T05:15:38+00:00 blocksynergy sshd[51557]: debug2: channel 0: rcvd adjust 131072
2026-09-05T05:15:38+00:00 blocksynergy sshd[51557]: debug2: channel 0: rcvd adjust 131072
2026-09-05T05:15:38+00:00 blocksynergy sshd[51557]: debug2: channel 0: rcvd adjust 131072
2026-09-05T05:15:38+00:00 blocksynergy sshd[51557]: debug2: channel 0: rcvd adjust 131072
2026-09-05T05:15:38+00:00 blocksynergy sshd[51557]: debug2: channel 0: rcvd adjust 131072
2026-09-05T05:15:38+00:00 blocksynergy sshd[51557]: debug2: channel 0: rcvd adjust 131072
2026-09-05T05:15:38+00:00 blocksynergy sshd[51557]: debug2: channel 0: rcvd adjust 131072
2026-09-05T05:15:39+00:00 blocksynergy sshd[51557]: debug2: channel 0: rcvd adjust 131072
2026-09-05T05:15:39+00:00 blocksynergy sshd[51557]: debug2: channel 0: rcvd adjust 131072
2026-09-05T05:15:39+00:00 blocksynergy sshd[51557]: debug2: channel 0: rcvd adjust 131072
2026-09-05T05:15:39+00:00 blocksynergy sshd[51557]: debug2: channel 0: rcvd adjust 131072
2026-09-05T05:15:39+00:00 blocksynergy sshd[51557]: debug2: channel 0: rcvd adjust 131072
2026-09-05T05:15:39+00:00 blocksynergy sshd[51557]: debug2: channel 0: rcvd adjust 131072
2026-09-05T05:15:40+00:00 blocksynergy sshd[51557]: debug2: channel 0: rcvd adjust 131072
2026-09-05T05:15:40+00:00 blocksynergy sshd[51557]: debug2: channel 0: rcvd adjust 131072
2026-09-05T05:15:40+00:00 blocksynergy sshd[51557]: debug2: channel 0: rcvd adjust 131072
2026-09-05T05:15:40+00:00 blocksynergy sshd[51557]: debug2: channel 0: rcvd adjust 131072
2026-09-05T05:15:40+00:00 blocksynergy sshd[51557]: debug2: channel 0: rcvd adjust 131072
2026-09-05T05:15:40+00:00 blocksynergy sshd[51557]: debug2: channel 0: rcvd adjust 131072
2026-09-05T05:15:40+00:00 blocksynergy sshd[51557]: debug2: channel 0: rcvd adjust 131072
2026-09-05T05:15:40+00:00 blocksynergy sshd[51557]: debug2: channel 0: rcvd adjust 131072
2026-09-05T05:15:41+00:00 blocksynergy sshd[51557]: debug2: channel 0: rcvd adjust 131072
2026-09-05T05:15:41+00:00 blocksynergy sshd[51557]: debug2: channel 0: rcvd adjust 131072
2026-09-05T05:15:41+00:00 blocksynergy sshd[51557]: debug2: channel 0: rcvd adjust 131072
2026-09-05T05:15:41+00:00 blocksynergy sshd[51557]: debug2: channel 0: rcvd adjust 131072
2026-09-05T05:15:41+00:00 blocksynergy sshd[51557]: debug2: channel 0: rcvd adjust 131072
2026-09-05T05:15:41+00:00 blocksynergy sshd[51557]: debug2: channel 0: rcvd adjust 131072
2026-09-05T05:15:41+00:00 blocksynergy sshd[51557]: debug2: channel 0: rcvd adjust 131072
2026-09-05T05:15:41+00:00 blocksynergy sshd[51557]: debug2: channel 0: rcvd adjust 131072
2026-09-05T05:15:42+00:00 blocksynergy sshd[51557]: debug2: channel 0: rcvd adjust 131072
2026-09-05T05:15:42+00:00 blocksynergy sshd[51557]: debug2: channel 0: rcvd adjust 131072
2026-09-05T05:15:42+00:00 blocksynergy sshd[51557]: debug2: channel 0: rcvd adjust 131072
2026-09-05T05:15:42+00:00 blocksynergy sshd[51557]: debug2: channel 0: rcvd adjust 131072
2026-09-05T05:15:43+00:00 blocksynergy sshd[51557]: debug2: channel 0: rcvd adjust 131072
2026-09-05T05:15:43+00:00 blocksynergy sshd[51557]: debug2: channel 0: rcvd adjust 131072
2026-09-05T05:15:43+00:00 blocksynergy sshd[51557]: debug2: channel 0: rcvd adjust 131072
2026-09-05T05:15:43+00:00 blocksynergy sshd[51557]: debug2: channel 0: rcvd adjust 131072
2026-09-05T05:15:44+00:00 blocksynergy sshd[51557]: debug2: channel 0: rcvd adjust 163840
2026-09-05T05:15:44+00:00 blocksynergy sshd[51557]: debug2: channel 0: rcvd adjust 196608
2026-09-05T05:15:44+00:00 blocksynergy sshd[51557]: debug2: channel 0: rcvd adjust 219264
2026-09-05T05:15:44+00:00 blocksynergy sshd[51557]: debug2: channel 0: rcvd adjust 108416
2026-09-05T05:15:44+00:00 blocksynergy sshd[51557]: debug2: channel 0: rcvd adjust 131072
2026-09-05T05:15:45+00:00 blocksynergy sshd[51557]: debug2: channel 0: rcvd adjust 131072
2026-09-05T05:15:45+00:00 blocksynergy sshd[51557]: debug2: channel 0: rcvd adjust 131072
2026-09-05T05:15:45+00:00 blocksynergy sshd[51557]: debug2: channel 0: rcvd adjust 131072
2026-09-05T05:15:45+00:00 blocksynergy sshd[51557]: debug2: channel 0: rcvd adjust 131072
2026-09-05T05:15:46+00:00 blocksynergy sshd[51557]: debug2: channel 0: rcvd adjust 131072
2026-09-05T05:15:46+00:00 blocksynergy sshd[51557]: debug2: channel 0: rcvd adjust 131072
2026-09-05T05:15:46+00:00 blocksynergy sshd[51557]: debug2: channel 0: rcvd adjust 131072
2026-09-05T05:15:46+00:00 blocksynergy sshd[51557]: debug2: channel 0: rcvd adjust 131072
2026-09-05T05:15:47+00:00 blocksynergy sshd[51557]: debug2: channel 0: rcvd adjust 262144
2026-09-05T05:15:47+00:00 blocksynergy sshd[51557]: debug2: channel 0: rcvd adjust 131072
2026-09-05T05:15:47+00:00 blocksynergy sshd[51557]: debug2: channel 0: rcvd adjust 131072
2026-09-05T05:15:47+00:00 blocksynergy sshd[51557]: debug2: channel 0: rcvd adjust 131072
2026-09-05T05:15:48+00:00 blocksynergy sshd[51557]: debug2: channel 0: rcvd adjust 131072
2026-09-05T05:15:48+00:00 blocksynergy sshd[51557]: debug2: channel 0: rcvd adjust 131072
2026-09-05T05:15:48+00:00 blocksynergy sshd[51557]: debug2: channel 0: rcvd adjust 131072
2026-09-05T05:15:48+00:00 blocksynergy sshd[51557]: debug2: channel 0: rcvd adjust 131072
2026-09-05T05:15:48+00:00 blocksynergy sshd[51557]: debug2: channel 0: rcvd adjust 131072
2026-09-05T05:15:49+00:00 blocksynergy sshd[51557]: debug2: channel 0: rcvd adjust 131072
2026-09-05T05:15:49+00:00 blocksynergy sshd[51557]: debug2: channel 0: rcvd adjust 131072
2026-09-05T05:15:49+00:00 blocksynergy sshd[51557]: debug2: channel 0: rcvd adjust 131072
2026-09-05T05:15:49+00:00 blocksynergy sshd[51557]: debug2: channel 0: rcvd adjust 131072
2026-09-05T05:15:50+00:00 blocksynergy sshd[51557]: debug2: channel 0: rcvd adjust 131072
2026-09-05T05:15:50+00:00 blocksynergy sshd[51557]: debug2: channel 0: rcvd adjust 131072
2026-09-05T05:15:50+00:00 blocksynergy sshd[51557]: debug2: channel 0: rcvd adjust 131072
2026-09-05T05:15:50+00:00 blocksynergy sshd[51557]: debug2: channel 0: rcvd adjust 131072
2026-09-05T05:15:50+00:00 blocksynergy sshd[51557]: debug2: channel 0: rcvd adjust 131072
2026-09-05T05:15:51+00:00 blocksynergy sshd[51557]: debug2: channel 0: rcvd adjust 131072
2026-09-05T05:15:51+00:00 blocksynergy sshd[51557]: debug2: channel 0: rcvd adjust 131072
2026-09-05T05:15:51+00:00 blocksynergy sshd[51557]: debug2: channel 0: rcvd adjust 131072
2026-09-05T05:15:51+00:00 blocksynergy sshd[51557]: debug2: channel 0: rcvd adjust 131072
2026-09-05T05:15:51+00:00 blocksynergy sshd[51557]: debug2: channel 0: rcvd adjust 131072
2026-09-05T05:15:51+00:00 blocksynergy sshd[51557]: debug2: channel 0: rcvd adjust 131072
2026-09-05T05:15:52+00:00 blocksynergy sshd[51557]: debug2: channel 0: rcvd adjust 131072
2026-09-05T05:15:52+00:00 blocksynergy sshd[51557]: debug2: channel 0: rcvd adjust 131072
2026-09-05T05:15:52+00:00 blocksynergy sshd[51557]: debug2: channel 0: rcvd adjust 131072
2026-09-05T05:15:52+00:00 blocksynergy sshd[51557]: debug2: channel 0: rcvd adjust 131072
2026-09-05T05:15:52+00:00 blocksynergy sshd[51557]: debug2: channel 0: rcvd adjust 131072
2026-09-05T05:15:52+00:00 blocksynergy sshd[51557]: debug2: channel 0: rcvd adjust 131072
2026-09-05T05:15:52+00:00 blocksynergy sshd[51557]: debug2: channel 0: rcvd adjust 131072
2026-09-05T05:15:53+00:00 blocksynergy sshd[51557]: debug2: channel 0: rcvd adjust 131072
2026-09-05T05:15:53+00:00 blocksynergy sshd[51557]: debug2: channel 0: rcvd adjust 131072
2026-09-05T05:15:53+00:00 blocksynergy sshd[51557]: debug2: channel 0: rcvd adjust 131072
2026-09-05T05:15:53+00:00 blocksynergy sshd[51557]: debug2: channel 0: rcvd adjust 131072
2026-09-05T05:15:53+00:00 blocksynergy sshd[51557]: debug2: channel 0: rcvd adjust 131072
2026-09-05T05:15:53+00:00 blocksynergy sshd[51557]: debug2: channel 0: rcvd adjust 131072
2026-09-05T05:15:53+00:00 blocksynergy sshd[51557]: debug2: channel 0: rcvd adjust 131072
2026-09-05T05:15:54+00:00 blocksynergy sshd[51557]: debug2: channel 0: rcvd adjust 252032
2026-09-05T05:15:54+00:00 blocksynergy sshd[51557]: debug2: channel 0: rcvd adjust 141184
2026-09-05T05:15:54+00:00 blocksynergy sshd[51557]: debug2: channel 0: rcvd adjust 131072
2026-09-05T05:15:54+00:00 blocksynergy sshd[51557]: debug2: channel 0: rcvd adjust 131072
2026-09-05T05:15:54+00:00 blocksynergy sshd[51557]: debug2: channel 0: rcvd adjust 131072
2026-09-05T05:15:54+00:00 blocksynergy sshd[51557]: debug2: channel 0: rcvd adjust 131072
2026-09-05T05:15:54+00:00 blocksynergy sshd[51557]: debug2: channel 0: rcvd adjust 131072
2026-09-05T05:15:54+00:00 blocksynergy sshd[51557]: debug2: channel 0: rcvd adjust 131072
2026-09-05T05:15:54+00:00 blocksynergy sshd[51557]: debug2: channel 0: rcvd adjust 131072
2026-09-05T05:15:55+00:00 blocksynergy sshd[51557]: debug2: channel 0: rcvd adjust 317568
2026-09-05T05:15:55+00:00 blocksynergy sshd[51557]: debug2: channel 0: rcvd adjust 108416
2026-09-05T05:15:55+00:00 blocksynergy sshd[51557]: debug2: channel 0: rcvd adjust 131072
2026-09-05T05:15:55+00:00 blocksynergy sshd[51557]: debug2: channel 0: rcvd adjust 131072
2026-09-05T05:15:55+00:00 blocksynergy sshd[51557]: debug2: channel 0: rcvd adjust 131072
2026-09-05T05:15:56+00:00 blocksynergy sshd[51557]: debug2: channel 0: rcvd adjust 131072
2026-09-05T05:15:56+00:00 blocksynergy sshd[51557]: debug2: channel 0: rcvd adjust 131072
2026-09-05T05:15:56+00:00 blocksynergy sshd[51557]: debug2: channel 0: rcvd adjust 131072
2026-09-05T05:15:56+00:00 blocksynergy sshd[51557]: debug2: channel 0: rcvd adjust 131072
2026-09-05T05:15:56+00:00 blocksynergy sshd[51557]: debug2: channel 0: rcvd adjust 131072
2026-09-05T05:15:56+00:00 blocksynergy sshd[51557]: debug2: channel 0: rcvd adjust 131072
2026-09-05T05:15:57+00:00 blocksynergy sshd[51557]: debug2: channel 0: rcvd adjust 131072
2026-09-05T05:15:57+00:00 blocksynergy sshd[51557]: debug2: channel 0: rcvd adjust 284800
2026-09-05T05:15:57+00:00 blocksynergy sshd[51557]: debug2: channel 0: rcvd adjust 108416
2026-09-05T05:15:57+00:00 blocksynergy sshd[51557]: debug2: channel 0: rcvd adjust 262144
2026-09-05T05:15:58+00:00 blocksynergy sshd[51557]: debug2: channel 0: rcvd adjust 196608
2026-09-05T05:15:58+00:00 blocksynergy sshd[51557]: debug2: channel 0: rcvd adjust 131072
2026-09-05T05:15:58+00:00 blocksynergy sshd[51557]: debug2: channel 0: rcvd adjust 131072
2026-09-05T05:15:58+00:00 blocksynergy sshd[51557]: debug2: channel 0: rcvd adjust 131072
2026-09-05T05:15:58+00:00 blocksynergy sshd[51557]: debug2: channel 0: rcvd adjust 131072
2026-09-05T05:15:58+00:00 blocksynergy sshd[51557]: debug2: channel 0: rcvd adjust 131072
2026-09-05T05:15:59+00:00 blocksynergy sshd[51557]: debug2: channel 0: rcvd adjust 131072
2026-09-05T05:15:59+00:00 blocksynergy sshd[51557]: debug2: channel 0: rcvd adjust 131072
2026-09-05T05:15:59+00:00 blocksynergy sshd[51557]: debug2: channel 0: rcvd adjust 131072
2026-09-05T05:15:59+00:00 blocksynergy sshd[51557]: debug2: channel 0: rcvd adjust 131072
2026-09-05T05:15:59+00:00 blocksynergy sshd[51557]: debug2: channel 0: rcvd adjust 131072
2026-09-05T05:15:59+00:00 blocksynergy sshd[51557]: debug2: channel 0: rcvd adjust 131072
2026-09-05T05:15:59+00:00 blocksynergy sshd[51557]: debug2: channel 0: rcvd adjust 131072
2026-09-05T05:16:00+00:00 blocksynergy sshd[51557]: debug2: channel 0: rcvd adjust 131072
2026-09-05T05:16:00+00:00 blocksynergy sshd[51557]: debug2: channel 0: rcvd adjust 131072
2026-09-05T05:16:00+00:00 blocksynergy sshd[51557]: debug2: channel 0: rcvd adjust 131072
2026-09-05T05:16:00+00:00 blocksynergy sshd[51557]: debug2: channel 0: rcvd adjust 131072
2026-09-05T05:16:00+00:00 blocksynergy sshd[51557]: debug2: channel 0: rcvd adjust 131072
2026-09-05T05:16:00+00:00 blocksynergy sshd[51557]: debug2: channel 0: rcvd adjust 131072
2026-09-05T05:16:00+00:00 blocksynergy sshd[51557]: debug2: channel 0: rcvd adjust 131072
2026-09-05T05:16:00+00:00 blocksynergy sshd[51557]: debug2: channel 0: rcvd adjust 131072
2026-09-05T05:16:01+00:00 blocksynergy sshd[51557]: debug2: channel 0: rcvd adjust 131072
2026-09-05T05:16:01+00:00 blocksynergy sshd[51557]: debug2: channel 0: rcvd adjust 131072
2026-09-05T05:16:01+00:00 blocksynergy sshd[51557]: debug2: channel 0: rcvd adjust 131072
2026-09-05T05:16:01+00:00 blocksynergy sshd[51557]: debug2: channel 0: rcvd adjust 131072
2026-09-05T05:16:01+00:00 blocksynergy sshd[51557]: debug2: channel 0: rcvd adjust 131072
2026-09-05T05:16:01+00:00 blocksynergy sshd[51557]: debug2: channel 0: rcvd adjust 131072
2026-09-05T05:16:01+00:00 blocksynergy sshd[51557]: debug2: channel 0: rcvd adjust 131072
2026-09-05T05:16:02+00:00 blocksynergy sshd[51557]: debug2: channel 0: rcvd adjust 131072
2026-09-05T05:16:02+00:00 blocksynergy sshd[51557]: debug2: channel 0: rcvd adjust 131072
2026-09-05T05:16:02+00:00 blocksynergy sshd[51557]: debug2: channel 0: rcvd adjust 131072
2026-09-05T05:16:02+00:00 blocksynergy sshd[51557]: debug2: channel 0: rcvd adjust 131072
2026-09-05T05:16:02+00:00 blocksynergy sshd[51557]: debug2: channel 0: rcvd adjust 131072
2026-09-05T05:16:02+00:00 blocksynergy sshd[51557]: debug2: channel 0: rcvd adjust 163840
2026-09-05T05:16:02+00:00 blocksynergy sshd[51557]: debug2: channel 0: rcvd adjust 131072
2026-09-05T05:16:03+00:00 blocksynergy sshd[51557]: debug2: channel 0: rcvd adjust 131072
2026-09-05T05:16:03+00:00 blocksynergy sshd[51557]: debug2: channel 0: rcvd adjust 131072
2026-09-05T05:16:03+00:00 blocksynergy sshd[51557]: debug2: channel 0: rcvd adjust 131072
2026-09-05T05:16:03+00:00 blocksynergy sshd[51557]: debug2: channel 0: rcvd adjust 131072
2026-09-05T05:16:03+00:00 blocksynergy sshd[51557]: debug2: channel 0: rcvd adjust 131072
2026-09-05T05:16:03+00:00 blocksynergy sshd[51557]: debug2: channel 0: rcvd adjust 131072
2026-09-05T05:16:04+00:00 blocksynergy sshd[51557]: debug2: channel 0: rcvd adjust 131072
2026-09-05T05:16:04+00:00 blocksynergy sshd[51557]: debug2: channel 0: rcvd adjust 131072
2026-09-05T05:16:04+00:00 blocksynergy sshd[51557]: debug2: channel 0: rcvd adjust 131072
2026-09-05T05:16:04+00:00 blocksynergy sshd[51557]: debug2: channel 0: rcvd adjust 131072
2026-09-05T05:16:04+00:00 blocksynergy sshd[51557]: debug2: channel 0: rcvd adjust 131072
2026-09-05T05:16:04+00:00 blocksynergy sshd[51557]: debug2: channel 0: rcvd adjust 131072
2026-09-05T05:16:04+00:00 blocksynergy sshd[51557]: debug2: channel 0: rcvd adjust 131072
2026-09-05T05:16:05+00:00 blocksynergy sshd[51557]: debug2: channel 0: rcvd adjust 131072
2026-09-05T05:16:05+00:00 blocksynergy sshd[51557]: debug2: channel 0: rcvd adjust 131072
2026-09-05T05:16:05+00:00 blocksynergy sshd[51557]: debug2: channel 0: rcvd adjust 131072
2026-09-05T05:16:05+00:00 blocksynergy sshd[51557]: debug2: channel 0: rcvd adjust 131072
2026-09-05T05:16:05+00:00 blocksynergy sshd[51557]: debug2: channel 0: rcvd adjust 131072
2026-09-05T05:16:05+00:00 blocksynergy sshd[51557]: debug2: channel 0: rcvd adjust 131072
2026-09-05T05:16:05+00:00 blocksynergy sshd[51557]: debug2: channel 0: rcvd adjust 131072
2026-09-05T05:16:06+00:00 blocksynergy sshd[51557]: debug2: channel 0: rcvd adjust 131072
2026-09-05T05:16:06+00:00 blocksynergy sshd[51557]: debug2: channel 0: rcvd adjust 131072
2026-09-05T05:16:06+00:00 blocksynergy sshd[51557]: debug2: channel 0: rcvd adjust 131072
2026-09-05T05:16:06+00:00 blocksynergy sshd[51557]: debug2: channel 0: rcvd adjust 131072
2026-09-05T05:16:06+00:00 blocksynergy sshd[51557]: debug2: channel 0: rcvd adjust 131072
2026-09-05T05:16:06+00:00 blocksynergy sshd[51557]: debug2: channel 0: rcvd adjust 131072
2026-09-05T05:16:07+00:00 blocksynergy sshd[51557]: debug2: channel 0: rcvd adjust 131072
2026-09-05T05:16:07+00:00 blocksynergy sshd[51557]: debug2: channel 0: rcvd adjust 131072
2026-09-05T05:16:07+00:00 blocksynergy sshd[51557]: debug2: channel 0: rcvd adjust 131072
2026-09-05T05:16:07+00:00 blocksynergy sshd[51557]: debug2: channel 0: rcvd adjust 131072
2026-09-05T05:16:07+00:00 blocksynergy sshd[51557]: debug2: channel 0: rcvd adjust 131072
2026-09-05T05:16:07+00:00 blocksynergy sshd[51557]: debug2: channel 0: rcvd adjust 131072
2026-09-05T05:16:08+00:00 blocksynergy sshd[51557]: debug2: channel 0: rcvd adjust 131072
2026-09-05T05:16:08+00:00 blocksynergy sshd[51557]: debug2: channel 0: rcvd adjust 131072
2026-09-05T05:16:08+00:00 blocksynergy sshd[51557]: debug2: channel 0: rcvd adjust 131072
2026-09-05T05:16:08+00:00 blocksynergy sshd[51557]: debug2: channel 0: rcvd adjust 131072
2026-09-05T05:16:08+00:00 blocksynergy sshd[51557]: debug2: channel 0: rcvd adjust 131072
2026-09-05T05:16:08+00:00 blocksynergy sshd[51557]: debug2: channel 0: rcvd adjust 131072
2026-09-05T05:16:09+00:00 blocksynergy sshd[51557]: debug2: channel 0: rcvd adjust 131072
2026-09-05T05:16:09+00:00 blocksynergy sshd[51557]: debug2: channel 0: rcvd adjust 131072
2026-09-05T05:16:09+00:00 blocksynergy sshd[51557]: debug2: channel 0: rcvd adjust 131072
2026-09-05T05:16:09+00:00 blocksynergy sshd[51557]: debug2: channel 0: rcvd adjust 131072
2026-09-05T05:16:09+00:00 blocksynergy sshd[51557]: debug2: channel 0: rcvd adjust 131072
2026-09-05T05:16:10+00:00 blocksynergy sshd[51557]: debug2: channel 0: rcvd adjust 131072
2026-09-05T05:16:10+00:00 blocksynergy sshd[51557]: debug2: channel 0: rcvd adjust 131072
2026-09-05T05:16:10+00:00 blocksynergy sshd[51557]: debug2: channel 0: rcvd adjust 131072
2026-09-05T05:16:10+00:00 blocksynergy sshd[51557]: debug2: channel 0: rcvd adjust 131072
2026-09-05T05:16:11+00:00 blocksynergy sshd[51557]: debug2: channel 0: rcvd adjust 131072
2026-09-05T05:16:11+00:00 blocksynergy sshd[51557]: debug2: channel 0: rcvd adjust 131072
2026-09-05T05:16:11+00:00 blocksynergy sshd[51557]: debug2: channel 0: rcvd adjust 131072
2026-09-05T05:16:11+00:00 blocksynergy sshd[51557]: debug2: channel 0: rcvd adjust 131072
2026-09-05T05:16:12+00:00 blocksynergy sshd[51557]: debug2: channel 0: rcvd adjust 131072
2026-09-05T05:16:12+00:00 blocksynergy sshd[51557]: debug2: channel 0: rcvd adjust 131072
2026-09-05T05:16:12+00:00 blocksynergy sshd[51557]: debug2: channel 0: rcvd adjust 131072
2026-09-05T05:16:12+00:00 blocksynergy sshd[51557]: debug2: channel 0: rcvd adjust 131072
2026-09-05T05:16:12+00:00 blocksynergy sshd[51557]: debug2: channel 0: rcvd adjust 131072
2026-09-05T05:16:13+00:00 blocksynergy sshd[51557]: debug2: channel 0: rcvd adjust 131072
2026-09-05T05:16:13+00:00 blocksynergy sshd[51557]: debug2: channel 0: rcvd adjust 131072
2026-09-05T05:16:13+00:00 blocksynergy sshd[51557]: debug2: channel 0: rcvd adjust 131072
2026-09-05T05:16:13+00:00 blocksynergy sshd[51557]: debug2: channel 0: rcvd adjust 131072
2026-09-05T05:16:14+00:00 blocksynergy sshd[51557]: debug2: channel 0: rcvd adjust 131072
2026-09-05T05:16:14+00:00 blocksynergy sshd[51557]: debug2: channel 0: rcvd adjust 131072
2026-09-05T05:16:14+00:00 blocksynergy sshd[51557]: debug2: channel 0: rcvd adjust 131072
2026-09-05T05:16:14+00:00 blocksynergy sshd[51557]: debug2: channel 0: rcvd adjust 131072
2026-09-05T05:16:15+00:00 blocksynergy sshd[51557]: debug2: channel 0: rcvd adjust 131072
2026-09-05T05:16:15+00:00 blocksynergy sshd[51557]: debug2: channel 0: rcvd adjust 131072
2026-09-05T05:16:16+00:00 blocksynergy sshd[51557]: debug2: channel 0: rcvd adjust 131072
2026-09-05T05:16:16+00:00 blocksynergy sshd[51557]: debug2: channel 0: rcvd adjust 131072
2026-09-05T05:16:17+00:00 blocksynergy sshd[51557]: debug2: channel 0: rcvd adjust 131072
2026-09-05T05:16:17+00:00 blocksynergy sshd[51557]: debug2: channel 0: rcvd adjust 131072
2026-09-05T05:16:18+00:00 blocksynergy sshd[51557]: debug2: channel 0: rcvd adjust 131072
2026-09-05T05:16:18+00:00 blocksynergy sshd[51557]: debug2: channel 0: rcvd adjust 131072
2026-09-05T05:16:18+00:00 blocksynergy sshd[51557]: debug2: channel 0: rcvd adjust 131072
2026-09-05T05:16:19+00:00 blocksynergy sshd[51557]: debug2: channel 0: rcvd adjust 163840
2026-09-05T05:16:19+00:00 blocksynergy sshd[51557]: debug2: channel 0: rcvd adjust 131072
2026-09-05T05:16:19+00:00 blocksynergy sshd[51557]: debug2: channel 0: rcvd adjust 131072
2026-09-05T05:16:19+00:00 blocksynergy sshd[51557]: debug2: channel 0: rcvd adjust 284800
2026-09-05T05:16:20+00:00 blocksynergy sshd[51557]: debug2: channel 0: rcvd adjust 262144
2026-09-05T05:16:20+00:00 blocksynergy sshd[51557]: debug2: channel 0: rcvd adjust 206720
2026-09-05T05:16:20+00:00 blocksynergy sshd[51557]: debug2: channel 0: rcvd adjust 131072
2026-09-05T05:16:21+00:00 blocksynergy sshd[51557]: debug2: channel 0: rcvd adjust 131072
2026-09-05T05:16:21+00:00 blocksynergy sshd[51557]: debug2: channel 0: rcvd adjust 131072
2026-09-05T05:16:21+00:00 blocksynergy sshd[51557]: debug2: channel 0: rcvd adjust 131072
2026-09-05T05:16:21+00:00 blocksynergy sshd[51557]: debug2: channel 0: rcvd adjust 131072
2026-09-05T05:16:21+00:00 blocksynergy sshd[51557]: debug2: channel 0: rcvd adjust 131072
2026-09-05T05:16:21+00:00 blocksynergy sshd[51557]: debug2: channel 0: rcvd adjust 131072
2026-09-05T05:16:22+00:00 blocksynergy sshd[51557]: debug2: channel 0: rcvd adjust 131072
2026-09-05T05:16:22+00:00 blocksynergy sshd[51557]: debug2: channel 0: rcvd adjust 131072
2026-09-05T05:16:22+00:00 blocksynergy sshd[51557]: debug2: channel 0: rcvd adjust 131072
2026-09-05T05:16:22+00:00 blocksynergy sshd[51557]: debug2: channel 0: rcvd adjust 131072
2026-09-05T05:16:22+00:00 blocksynergy sshd[51557]: debug2: channel 0: rcvd adjust 131072
2026-09-05T05:16:23+00:00 blocksynergy sshd[51557]: debug2: channel 0: rcvd adjust 131072
2026-09-05T05:16:23+00:00 blocksynergy sshd[51557]: debug2: channel 0: rcvd adjust 131072
2026-09-05T05:16:23+00:00 blocksynergy sshd[51557]: debug2: channel 0: rcvd adjust 131072
2026-09-05T05:16:23+00:00 blocksynergy sshd[51557]: debug2: channel 0: rcvd adjust 131072
2026-09-05T05:16:23+00:00 blocksynergy sshd[51557]: debug2: channel 0: rcvd adjust 131072
2026-09-05T05:16:23+00:00 blocksynergy sshd[51557]: debug2: channel 0: rcvd adjust 131072
2026-09-05T05:16:24+00:00 blocksynergy sshd[51557]: debug2: channel 0: rcvd adjust 131072
2026-09-05T05:16:24+00:00 blocksynergy sshd[51557]: debug2: channel 0: rcvd adjust 131072
2026-09-05T05:16:24+00:00 blocksynergy sshd[51557]: debug2: channel 0: rcvd adjust 131072
2026-09-05T05:16:24+00:00 blocksynergy sshd[51557]: debug2: channel 0: rcvd adjust 131072
2026-09-05T05:16:24+00:00 blocksynergy sshd[51557]: debug2: channel 0: rcvd adjust 131072
2026-09-05T05:16:24+00:00 blocksynergy sshd[51557]: debug2: channel 0: rcvd adjust 131072
2026-09-05T05:16:25+00:00 blocksynergy sshd[51557]: debug2: channel 0: rcvd adjust 131072
2026-09-05T05:16:25+00:00 blocksynergy sshd[51557]: debug2: channel 0: rcvd adjust 131072
2026-09-05T05:16:25+00:00 blocksynergy sshd[51557]: debug2: channel 0: rcvd adjust 131072
2026-09-05T05:16:25+00:00 blocksynergy sshd[51557]: debug2: channel 0: rcvd adjust 131072
2026-09-05T05:16:26+00:00 blocksynergy sshd[51557]: debug2: channel 0: rcvd adjust 131072
2026-09-05T05:16:26+00:00 blocksynergy sshd[51557]: debug2: channel 0: rcvd adjust 131072
2026-09-05T05:16:26+00:00 blocksynergy sshd[51557]: debug2: channel 0: rcvd adjust 131072
2026-09-05T05:16:26+00:00 blocksynergy sshd[51557]: debug2: channel 0: rcvd adjust 131072
2026-09-05T05:16:27+00:00 blocksynergy sshd[51557]: debug2: channel 0: rcvd adjust 252032
2026-09-05T05:16:27+00:00 blocksynergy sshd[51557]: debug2: channel 0: rcvd adjust 108416
2026-09-05T05:16:27+00:00 blocksynergy sshd[51557]: debug2: channel 0: rcvd adjust 131072
2026-09-05T05:16:27+00:00 blocksynergy sshd[51557]: debug2: channel 0: rcvd adjust 131072
2026-09-05T05:16:27+00:00 blocksynergy sshd[51557]: debug2: channel 0: rcvd adjust 131072
2026-09-05T05:16:27+00:00 blocksynergy sshd[51557]: debug2: channel 0: rcvd adjust 131072
2026-09-05T05:16:28+00:00 blocksynergy sshd[51557]: debug2: channel 0: rcvd adjust 131072
2026-09-05T05:16:28+00:00 blocksynergy sshd[51557]: debug2: channel 0: rcvd adjust 131072
2026-09-05T05:16:28+00:00 blocksynergy sshd[51557]: debug2: channel 0: rcvd adjust 131072
2026-09-05T05:16:28+00:00 blocksynergy sshd[51557]: debug2: channel 0: rcvd adjust 131072
2026-09-05T05:16:28+00:00 blocksynergy sshd[51557]: debug2: channel 0: rcvd adjust 131072
2026-09-05T05:16:29+00:00 blocksynergy sshd[51557]: debug2: channel 0: rcvd adjust 131072
2026-09-05T05:16:29+00:00 blocksynergy sshd[51557]: debug2: channel 0: rcvd adjust 131072
2026-09-05T05:16:29+00:00 blocksynergy sshd[51557]: debug2: channel 0: rcvd adjust 131072
2026-09-05T05:16:29+00:00 blocksynergy sshd[51557]: debug2: channel 0: rcvd adjust 131072
2026-09-05T05:16:29+00:00 blocksynergy sshd[51557]: debug2: channel 0: rcvd adjust 131072
2026-09-05T05:16:30+00:00 blocksynergy sshd[51557]: debug2: channel 0: rcvd adjust 131072
2026-09-05T05:16:30+00:00 blocksynergy sshd[51557]: debug2: channel 0: rcvd adjust 131072
2026-09-05T05:16:30+00:00 blocksynergy sshd[51557]: debug2: channel 0: rcvd adjust 131072
2026-09-05T05:16:30+00:00 blocksynergy sshd[51557]: debug2: channel 0: rcvd adjust 131072
2026-09-05T05:16:30+00:00 blocksynergy sshd[51557]: debug2: channel 0: rcvd adjust 131072
2026-09-05T05:16:30+00:00 blocksynergy sshd[51557]: debug2: channel 0: rcvd adjust 131072
2026-09-05T05:16:31+00:00 blocksynergy sshd[51557]: debug2: channel 0: rcvd adjust 131072
2026-09-05T05:16:31+00:00 blocksynergy sshd[51557]: debug2: channel 0: rcvd adjust 131072
2026-09-05T05:16:31+00:00 blocksynergy sshd[51557]: debug2: channel 0: rcvd adjust 131072
2026-09-05T05:16:31+00:00 blocksynergy sshd[51557]: debug2: channel 0: rcvd adjust 131072
2026-09-05T05:16:31+00:00 blocksynergy sshd[51557]: debug2: channel 0: rcvd adjust 131072
2026-09-05T05:16:31+00:00 blocksynergy sshd[51557]: debug2: channel 0: rcvd adjust 131072
2026-09-05T05:16:31+00:00 blocksynergy sshd[51557]: debug2: channel 0: rcvd adjust 131072
2026-09-05T05:16:32+00:00 blocksynergy sshd[51557]: debug2: channel 0: rcvd adjust 131072
2026-09-05T05:16:32+00:00 blocksynergy sshd[51557]: debug2: channel 0: rcvd adjust 131072
2026-09-05T05:16:32+00:00 blocksynergy sshd[51557]: debug2: channel 0: rcvd adjust 131072
2026-09-05T05:16:32+00:00 blocksynergy sshd[51557]: debug2: channel 0: rcvd adjust 131072
2026-09-05T05:16:32+00:00 blocksynergy sshd[51557]: debug2: channel 0: rcvd adjust 131072
2026-09-05T05:16:32+00:00 blocksynergy sshd[51557]: debug2: channel 0: rcvd adjust 131072
2026-09-05T05:16:32+00:00 blocksynergy sshd[51557]: debug2: channel 0: rcvd adjust 131072
2026-09-05T05:16:33+00:00 blocksynergy sshd[51557]: debug2: channel 0: rcvd adjust 131072
2026-09-05T05:16:33+00:00 blocksynergy sshd[51557]: debug2: channel 0: rcvd adjust 131072
2026-09-05T05:16:33+00:00 blocksynergy sshd[51557]: debug2: channel 0: rcvd adjust 131072
2026-09-05T05:16:33+00:00 blocksynergy sshd[51557]: debug2: channel 0: rcvd adjust 131072
2026-09-05T05:16:33+00:00 blocksynergy sshd[51557]: debug2: channel 0: rcvd adjust 131072
2026-09-05T05:16:33+00:00 blocksynergy sshd[51557]: debug2: channel 0: rcvd adjust 131072
2026-09-05T05:16:33+00:00 blocksynergy sshd[51557]: debug2: channel 0: rcvd adjust 131072
2026-09-05T05:16:34+00:00 blocksynergy sshd[51557]: debug2: channel 0: rcvd adjust 131072
2026-09-05T05:16:34+00:00 blocksynergy sshd[51557]: debug2: channel 0: rcvd adjust 131072
2026-09-05T05:16:34+00:00 blocksynergy sshd[51557]: debug2: channel 0: rcvd adjust 131072
2026-09-05T05:16:34+00:00 blocksynergy sshd[51557]: debug2: channel 0: rcvd adjust 131072
2026-09-05T05:16:34+00:00 blocksynergy sshd[51557]: debug2: channel 0: rcvd adjust 131072
2026-09-05T05:16:34+00:00 blocksynergy sshd[51557]: debug2: channel 0: rcvd adjust 131072
2026-09-05T05:16:34+00:00 blocksynergy sshd[51557]: debug2: channel 0: rcvd adjust 131072
2026-09-05T05:16:34+00:00 blocksynergy sshd[51557]: debug2: channel 0: rcvd adjust 131072
2026-09-05T05:16:35+00:00 blocksynergy sshd[51557]: debug2: channel 0: rcvd adjust 131072
2026-09-05T05:16:35+00:00 blocksynergy sshd[51557]: debug2: channel 0: rcvd adjust 131072
2026-09-05T05:16:35+00:00 blocksynergy sshd[51557]: debug2: channel 0: rcvd adjust 131072
2026-09-05T05:16:35+00:00 blocksynergy sshd[51557]: debug2: channel 0: rcvd adjust 131072
2026-09-05T05:16:35+00:00 blocksynergy sshd[51557]: debug2: channel 0: rcvd adjust 131072
2026-09-05T05:16:35+00:00 blocksynergy sshd[51557]: debug2: channel 0: rcvd adjust 131072
2026-09-05T05:16:35+00:00 blocksynergy sshd[51557]: debug2: channel 0: rcvd adjust 131072
2026-09-05T05:16:35+00:00 blocksynergy sshd[51557]: debug2: channel 0: rcvd adjust 131072
2026-09-05T05:16:35+00:00 blocksynergy sshd[51557]: debug2: channel 0: rcvd adjust 131072
2026-09-05T05:16:36+00:00 blocksynergy sshd[51557]: debug2: channel 0: rcvd adjust 131072
2026-09-05T05:16:36+00:00 blocksynergy sshd[51557]: debug2: channel 0: rcvd adjust 131072
2026-09-05T05:16:36+00:00 blocksynergy sshd[51557]: debug2: channel 0: rcvd adjust 131072
2026-09-05T05:16:36+00:00 blocksynergy sshd[51557]: debug2: channel 0: rcvd adjust 131072
2026-09-05T05:16:36+00:00 blocksynergy sshd[51557]: debug2: channel 0: rcvd adjust 131072
2026-09-05T05:16:36+00:00 blocksynergy sshd[51557]: debug2: channel 0: rcvd adjust 131072
2026-09-05T05:16:36+00:00 blocksynergy sshd[51557]: debug2: channel 0: rcvd adjust 131072
2026-09-05T05:16:37+00:00 blocksynergy sshd[51557]: debug2: channel 0: rcvd adjust 131072
2026-09-05T05:16:37+00:00 blocksynergy sshd[51557]: debug2: channel 0: rcvd adjust 131072
2026-09-05T05:16:37+00:00 blocksynergy sshd[51557]: debug2: channel 0: rcvd adjust 131072
2026-09-05T05:16:37+00:00 blocksynergy sshd[51557]: debug2: channel 0: rcvd adjust 131072
2026-09-05T05:16:38+00:00 blocksynergy sshd[51557]: debug2: channel 0: rcvd adjust 131072
2026-09-05T05:16:38+00:00 blocksynergy sshd[51557]: debug2: channel 0: rcvd adjust 131072
2026-09-05T05:16:38+00:00 blocksynergy sshd[51557]: debug2: channel 0: rcvd adjust 131072
2026-09-05T05:16:38+00:00 blocksynergy sshd[51557]: debug2: channel 0: rcvd adjust 131072
2026-09-05T05:16:38+00:00 blocksynergy sshd[51557]: debug2: channel 0: rcvd adjust 131072
2026-09-05T05:16:39+00:00 blocksynergy sshd[51557]: debug2: channel 0: rcvd adjust 131072
2026-09-05T05:16:39+00:00 blocksynergy sshd[51557]: debug2: channel 0: rcvd adjust 196608
2026-09-05T05:16:40+00:00 blocksynergy sshd[51557]: debug2: channel 0: rcvd adjust 219264
2026-09-05T05:16:40+00:00 blocksynergy sshd[51557]: debug2: channel 0: rcvd adjust 206720
2026-09-05T05:16:40+00:00 blocksynergy sshd[51557]: debug2: channel 0: rcvd adjust 131072
2026-09-05T05:16:40+00:00 blocksynergy sshd[51557]: debug2: channel 0: rcvd adjust 131072
2026-09-05T05:16:40+00:00 blocksynergy sshd[51557]: debug2: channel 0: rcvd adjust 131072
2026-09-05T05:16:40+00:00 blocksynergy sshd[51557]: debug2: channel 0: rcvd adjust 131072
2026-09-05T05:16:40+00:00 blocksynergy sshd[51557]: debug2: channel 0: rcvd adjust 131072
2026-09-05T05:16:41+00:00 blocksynergy sshd[51557]: debug2: channel 0: rcvd adjust 131072
2026-09-05T05:16:41+00:00 blocksynergy sshd[51557]: debug2: channel 0: rcvd adjust 131072
2026-09-05T05:16:41+00:00 blocksynergy sshd[51557]: debug2: channel 0: rcvd adjust 131072
2026-09-05T05:16:41+00:00 blocksynergy sshd[51557]: debug2: channel 0: rcvd adjust 131072
2026-09-05T05:16:41+00:00 blocksynergy sshd[51557]: debug2: channel 0: rcvd adjust 131072
2026-09-05T05:16:41+00:00 blocksynergy sshd[51557]: debug2: channel 0: rcvd adjust 131072
2026-09-05T05:16:42+00:00 blocksynergy sshd[51557]: debug2: channel 0: rcvd adjust 131072
2026-09-05T05:16:42+00:00 blocksynergy sshd[51557]: debug2: channel 0: rcvd adjust 131072
2026-09-05T05:16:42+00:00 blocksynergy sshd[51557]: debug2: channel 0: rcvd adjust 131072
2026-09-05T05:16:42+00:00 blocksynergy sshd[51557]: debug2: channel 0: rcvd adjust 131072
2026-09-05T05:16:42+00:00 blocksynergy sshd[51557]: debug2: channel 0: rcvd adjust 131072
2026-09-05T05:16:42+00:00 blocksynergy sshd[51557]: debug2: channel 0: rcvd adjust 131072
2026-09-05T05:16:42+00:00 blocksynergy sshd[51557]: debug2: channel 0: rcvd adjust 131072
2026-09-05T05:16:43+00:00 blocksynergy sshd[51557]: debug2: channel 0: rcvd adjust 131072
2026-09-05T05:16:43+00:00 blocksynergy sshd[51557]: debug2: channel 0: rcvd adjust 131072
2026-09-05T05:16:43+00:00 blocksynergy sshd[51557]: debug2: channel 0: rcvd adjust 131072
2026-09-05T05:16:43+00:00 blocksynergy sshd[51557]: debug2: channel 0: rcvd adjust 317568
2026-09-05T05:16:44+00:00 blocksynergy sshd[51557]: debug2: channel 0: rcvd adjust 294912
2026-09-05T05:16:44+00:00 blocksynergy sshd[51557]: debug2: channel 0: rcvd adjust 108416
2026-09-05T05:16:44+00:00 blocksynergy sshd[51557]: debug2: channel 0: rcvd adjust 131072
2026-09-05T05:16:44+00:00 blocksynergy sshd[51557]: debug2: channel 0: rcvd adjust 131072
2026-09-05T05:16:44+00:00 blocksynergy sshd[51557]: debug2: channel 0: rcvd adjust 131072
2026-09-05T05:16:44+00:00 blocksynergy sshd[51557]: debug2: channel 0: rcvd adjust 131072
2026-09-05T05:16:44+00:00 blocksynergy sshd[51557]: debug2: channel 0: rcvd adjust 131072
2026-09-05T05:16:44+00:00 blocksynergy sshd[51557]: debug2: channel 0: rcvd adjust 131072
2026-09-05T05:16:45+00:00 blocksynergy sshd[51557]: debug2: channel 0: rcvd adjust 131072
2026-09-05T05:16:45+00:00 blocksynergy sshd[51557]: debug2: channel 0: rcvd adjust 131072
2026-09-05T05:16:45+00:00 blocksynergy sshd[51557]: debug2: channel 0: rcvd adjust 131072
2026-09-05T05:16:45+00:00 blocksynergy sshd[51557]: debug2: channel 0: rcvd adjust 131072
2026-09-05T05:16:45+00:00 blocksynergy sshd[51557]: debug2: channel 0: rcvd adjust 131072
2026-09-05T05:16:45+00:00 blocksynergy sshd[51557]: debug2: channel 0: rcvd adjust 131072
2026-09-05T05:16:46+00:00 blocksynergy sshd[51557]: debug2: channel 0: rcvd adjust 131072
2026-09-05T05:16:46+00:00 blocksynergy sshd[51557]: debug2: channel 0: rcvd adjust 131072
2026-09-05T05:16:46+00:00 blocksynergy sshd[51557]: debug2: channel 0: rcvd adjust 131072
2026-09-05T05:16:47+00:00 blocksynergy sshd[51557]: debug2: channel 0: rcvd adjust 131072
2026-09-05T05:16:47+00:00 blocksynergy sshd[51557]: debug2: channel 0: rcvd adjust 131072
2026-09-05T05:16:47+00:00 blocksynergy sshd[51557]: debug2: channel 0: rcvd adjust 131072
2026-09-05T05:16:47+00:00 blocksynergy sshd[51557]: debug2: channel 0: rcvd adjust 131072
2026-09-05T05:16:48+00:00 blocksynergy sshd[51557]: debug2: channel 0: rcvd adjust 131072
2026-09-05T05:16:48+00:00 blocksynergy sshd[51557]: debug2: channel 0: rcvd adjust 131072
2026-09-05T05:16:48+00:00 blocksynergy sshd[51557]: debug2: channel 0: rcvd adjust 131072
2026-09-05T05:16:49+00:00 blocksynergy sshd[51557]: debug2: channel 0: rcvd adjust 131072
2026-09-05T05:16:49+00:00 blocksynergy sshd[51557]: debug2: channel 0: rcvd adjust 131072
2026-09-05T05:16:49+00:00 blocksynergy sshd[51557]: debug2: channel 0: rcvd adjust 131072
2026-09-05T05:16:49+00:00 blocksynergy sshd[51557]: debug2: channel 0: rcvd adjust 131072
2026-09-05T05:16:49+00:00 blocksynergy sshd[51557]: debug2: channel 0: rcvd adjust 131072
2026-09-05T05:16:50+00:00 blocksynergy sshd[51557]: debug2: channel 0: rcvd adjust 131072
2026-09-05T05:16:50+00:00 blocksynergy sshd[51557]: debug2: channel 0: rcvd adjust 131072
2026-09-05T05:16:50+00:00 blocksynergy sshd[51557]: debug2: channel 0: rcvd adjust 131072
2026-09-05T05:16:50+00:00 blocksynergy sshd[51557]: debug2: channel 0: rcvd adjust 131072
2026-09-05T05:16:51+00:00 blocksynergy sshd[51557]: debug2: channel 0: rcvd adjust 131072
2026-09-05T05:16:51+00:00 blocksynergy sshd[51557]: debug2: channel 0: rcvd adjust 131072
2026-09-05T05:16:51+00:00 blocksynergy sshd[51557]: debug2: channel 0: rcvd adjust 131072
2026-09-05T05:16:51+00:00 blocksynergy sshd[51557]: debug2: channel 0: rcvd adjust 131072
2026-09-05T05:16:52+00:00 blocksynergy sshd[51557]: debug2: channel 0: rcvd adjust 131072
2026-09-05T05:16:52+00:00 blocksynergy sshd[51557]: debug2: channel 0: rcvd adjust 131072
2026-09-05T05:16:52+00:00 blocksynergy sshd[51557]: debug2: channel 0: rcvd adjust 131072
2026-09-05T05:16:52+00:00 blocksynergy sshd[51557]: debug2: channel 0: rcvd adjust 131072
2026-09-05T05:16:52+00:00 blocksynergy sshd[51557]: debug2: channel 0: rcvd adjust 131072
2026-09-05T05:16:52+00:00 blocksynergy sshd[51557]: debug2: channel 0: rcvd adjust 131072
2026-09-05T05:16:53+00:00 blocksynergy sshd[51557]: debug2: channel 0: rcvd adjust 131072
2026-09-05T05:16:53+00:00 blocksynergy sshd[51557]: debug2: channel 0: rcvd adjust 131072
2026-09-05T05:16:53+00:00 blocksynergy sshd[51557]: debug2: channel 0: rcvd adjust 131072
2026-09-05T05:16:53+00:00 blocksynergy sshd[51557]: debug2: channel 0: rcvd adjust 131072
2026-09-05T05:16:53+00:00 blocksynergy sshd[51557]: debug2: channel 0: rcvd adjust 131072
2026-09-05T05:16:53+00:00 blocksynergy sshd[51557]: debug2: channel 0: rcvd adjust 131072
2026-09-05T05:16:54+00:00 blocksynergy sshd[51557]: debug2: channel 0: rcvd adjust 131072
2026-09-05T05:16:54+00:00 blocksynergy sshd[51557]: debug2: channel 0: rcvd adjust 131072
2026-09-05T05:16:55+00:00 blocksynergy sshd[51557]: debug2: channel 0: rcvd adjust 284800
2026-09-05T05:16:55+00:00 blocksynergy sshd[51557]: debug2: channel 0: rcvd adjust 182720
2026-09-05T05:16:55+00:00 blocksynergy sshd[51557]: debug2: channel 0: rcvd adjust 122304
2026-09-05T05:16:55+00:00 blocksynergy sshd[51557]: debug2: channel 0: rcvd adjust 131072
2026-09-05T05:16:55+00:00 blocksynergy sshd[51557]: debug2: channel 0: rcvd adjust 131072
2026-09-05T05:16:55+00:00 blocksynergy sshd[51557]: debug2: channel 0: rcvd adjust 131072
2026-09-05T05:16:55+00:00 blocksynergy sshd[51557]: debug2: channel 0: rcvd adjust 131072
2026-09-05T05:16:56+00:00 blocksynergy sshd[51557]: debug2: channel 0: rcvd adjust 131072
2026-09-05T05:16:56+00:00 blocksynergy sshd[51557]: debug2: channel 0: rcvd adjust 131072
2026-09-05T05:16:56+00:00 blocksynergy sshd[51557]: debug2: channel 0: rcvd adjust 131072
2026-09-05T05:16:56+00:00 blocksynergy sshd[51557]: debug2: channel 0: rcvd adjust 131072
2026-09-05T05:16:56+00:00 blocksynergy sshd[51557]: debug2: channel 0: rcvd adjust 131072
2026-09-05T05:16:56+00:00 blocksynergy sshd[51557]: debug2: channel 0: rcvd adjust 131072
2026-09-05T05:16:57+00:00 blocksynergy sshd[51557]: debug2: channel 0: rcvd adjust 131072
2026-09-05T05:16:57+00:00 blocksynergy sshd[51557]: debug2: channel 0: rcvd adjust 131072
2026-09-05T05:16:57+00:00 blocksynergy sshd[51557]: debug2: channel 0: rcvd adjust 131072
2026-09-05T05:16:57+00:00 blocksynergy sshd[51557]: debug2: channel 0: rcvd adjust 131072
2026-09-05T05:16:57+00:00 blocksynergy sshd[51557]: debug2: channel 0: rcvd adjust 131072
2026-09-05T05:16:58+00:00 blocksynergy sshd[51557]: debug2: channel 0: rcvd adjust 131072
2026-09-05T05:16:58+00:00 blocksynergy sshd[51557]: debug2: channel 0: rcvd adjust 131072
2026-09-05T05:16:58+00:00 blocksynergy sshd[51557]: debug2: channel 0: rcvd adjust 131072
2026-09-05T05:16:59+00:00 blocksynergy sshd[51557]: debug2: channel 0: rcvd adjust 255808
2026-09-05T05:16:59+00:00 blocksynergy sshd[51557]: debug2: channel 0: rcvd adjust 137408
2026-09-05T05:16:59+00:00 blocksynergy sshd[51557]: debug2: channel 0: rcvd adjust 255808
2026-09-05T05:16:59+00:00 blocksynergy sshd[51557]: debug2: channel 0: rcvd adjust 104640
2026-09-05T05:16:59+00:00 blocksynergy sshd[51557]: debug2: channel 0: rcvd adjust 131072
2026-09-05T05:17:00+00:00 blocksynergy sshd[51557]: debug2: channel 0: rcvd adjust 131072
2026-09-05T05:17:00+00:00 blocksynergy sshd[51557]: debug2: channel 0: rcvd adjust 131072
2026-09-05T05:17:00+00:00 blocksynergy sshd[51557]: debug2: channel 0: rcvd adjust 131072
2026-09-05T05:17:00+00:00 blocksynergy sshd[51557]: debug2: channel 0: rcvd adjust 131072
2026-09-05T05:17:00+00:00 blocksynergy sshd[51557]: debug2: channel 0: rcvd adjust 131072
2026-09-05T05:17:01+00:00 blocksynergy sshd[51557]: debug2: channel 0: rcvd adjust 327680
2026-09-05T05:17:01+00:00 blocksynergy sshd[51557]: debug2: channel 0: rcvd adjust 131072
2026-09-05T05:17:01+00:00 blocksynergy sshd[51557]: debug2: channel 0: rcvd adjust 131072
2026-09-05T05:17:02+00:00 blocksynergy sshd[51557]: debug2: channel 0: rcvd adjust 131072
2026-09-05T05:17:02+00:00 blocksynergy sshd[51557]: debug2: channel 0: rcvd adjust 131072
2026-09-05T05:17:02+00:00 blocksynergy sshd[51557]: debug2: channel 0: rcvd adjust 131072
2026-09-05T05:17:03+00:00 blocksynergy sshd[51557]: debug2: channel 0: rcvd adjust 131072
2026-09-05T05:17:03+00:00 blocksynergy sshd[51557]: debug2: channel 0: rcvd adjust 131072
2026-09-05T05:17:03+00:00 blocksynergy sshd[51557]: debug2: channel 0: rcvd adjust 131072
2026-09-05T05:17:04+00:00 blocksynergy sshd[51557]: debug2: channel 0: rcvd adjust 131072
2026-09-05T05:17:04+00:00 blocksynergy sshd[51557]: debug2: channel 0: rcvd adjust 131072
2026-09-05T05:17:04+00:00 blocksynergy sshd[51557]: debug2: channel 0: rcvd adjust 131072
2026-09-05T05:17:05+00:00 blocksynergy sshd[51557]: debug2: channel 0: rcvd adjust 131072
2026-09-05T05:17:05+00:00 blocksynergy sshd[51557]: debug2: channel 0: rcvd adjust 131072
2026-09-05T05:17:05+00:00 blocksynergy sshd[51557]: debug2: channel 0: rcvd adjust 131072
2026-09-05T05:17:05+00:00 blocksynergy sshd[51557]: debug2: channel 0: rcvd adjust 131072
2026-09-05T05:17:06+00:00 blocksynergy sshd[51557]: debug2: channel 0: rcvd adjust 131072
2026-09-05T05:17:06+00:00 blocksynergy sshd[51557]: debug2: channel 0: rcvd adjust 131072
2026-09-05T05:17:06+00:00 blocksynergy sshd[51557]: debug2: channel 0: rcvd adjust 131072
2026-09-05T05:17:07+00:00 blocksynergy sshd[51557]: debug2: channel 0: rcvd adjust 131072
2026-09-05T05:17:07+00:00 blocksynergy sshd[51557]: debug2: channel 0: rcvd adjust 131072
2026-09-05T05:17:07+00:00 blocksynergy sshd[51557]: debug2: channel 0: rcvd adjust 131072
2026-09-05T05:17:07+00:00 blocksynergy sshd[51557]: debug2: channel 0: rcvd adjust 131072
2026-09-05T05:17:07+00:00 blocksynergy sshd[51557]: debug2: channel 0: rcvd adjust 131072
2026-09-05T05:17:08+00:00 blocksynergy sshd[51557]: debug2: channel 0: rcvd adjust 131072
2026-09-05T05:17:08+00:00 blocksynergy sshd[51557]: debug2: channel 0: rcvd adjust 131072
2026-09-05T05:17:08+00:00 blocksynergy sshd[51557]: debug2: channel 0: rcvd adjust 131072
2026-09-05T05:17:08+00:00 blocksynergy sshd[51557]: debug2: channel 0: rcvd adjust 131072
2026-09-05T05:17:08+00:00 blocksynergy sshd[51557]: debug2: channel 0: rcvd adjust 131072
2026-09-05T05:17:08+00:00 blocksynergy sshd[51557]: debug2: channel 0: rcvd adjust 131072
2026-09-05T05:17:09+00:00 blocksynergy sshd[51557]: debug2: channel 0: rcvd adjust 131072
2026-09-05T05:17:09+00:00 blocksynergy sshd[51557]: debug2: channel 0: rcvd adjust 131072
2026-09-05T05:17:09+00:00 blocksynergy sshd[51557]: debug2: channel 0: rcvd adjust 131072
2026-09-05T05:17:09+00:00 blocksynergy sshd[51557]: debug2: channel 0: rcvd adjust 131072
2026-09-05T05:17:09+00:00 blocksynergy sshd[51557]: debug2: channel 0: rcvd adjust 131072
2026-09-05T05:17:09+00:00 blocksynergy sshd[51557]: debug2: channel 0: rcvd adjust 131072
2026-09-05T05:17:09+00:00 blocksynergy sshd[51557]: debug2: channel 0: rcvd adjust 131072
2026-09-05T05:17:10+00:00 blocksynergy sshd[51557]: debug2: channel 0: rcvd adjust 131072
2026-09-05T05:17:10+00:00 blocksynergy sshd[51557]: debug2: channel 0: rcvd adjust 131072
2026-09-05T05:17:10+00:00 blocksynergy sshd[51557]: debug2: channel 0: rcvd adjust 131072
2026-09-05T05:17:10+00:00 blocksynergy sshd[51557]: debug2: channel 0: rcvd adjust 131072
2026-09-05T05:17:10+00:00 blocksynergy sshd[51557]: debug2: channel 0: rcvd adjust 131072
2026-09-05T05:17:10+00:00 blocksynergy sshd[51557]: debug2: channel 0: rcvd adjust 131072
2026-09-05T05:17:11+00:00 blocksynergy sshd[51557]: debug2: channel 0: rcvd adjust 131072
2026-09-05T05:17:11+00:00 blocksynergy sshd[51557]: debug2: channel 0: rcvd adjust 131072
2026-09-05T05:17:11+00:00 blocksynergy sshd[51557]: debug2: channel 0: rcvd adjust 131072
2026-09-05T05:17:11+00:00 blocksynergy sshd[51557]: debug2: channel 0: rcvd adjust 131072
2026-09-05T05:17:11+00:00 blocksynergy sshd[51557]: debug2: channel 0: rcvd adjust 131072
2026-09-05T05:17:11+00:00 blocksynergy sshd[51557]: debug2: channel 0: rcvd adjust 131072
2026-09-05T05:17:11+00:00 blocksynergy sshd[51557]: debug2: channel 0: rcvd adjust 131072
2026-09-05T05:17:12+00:00 blocksynergy sshd[51557]: debug2: channel 0: rcvd adjust 131072
2026-09-05T05:17:12+00:00 blocksynergy sshd[51557]: debug2: channel 0: rcvd adjust 131072
2026-09-05T05:17:12+00:00 blocksynergy sshd[51557]: debug2: channel 0: rcvd adjust 131072
2026-09-05T05:17:12+00:00 blocksynergy sshd[51557]: debug2: channel 0: rcvd adjust 131072
2026-09-05T05:17:12+00:00 blocksynergy sshd[51557]: debug2: channel 0: rcvd adjust 131072
2026-09-05T05:17:12+00:00 blocksynergy sshd[51557]: debug2: channel 0: rcvd adjust 131072
2026-09-05T05:17:12+00:00 blocksynergy sshd[51557]: debug2: channel 0: rcvd adjust 131072
2026-09-05T05:17:13+00:00 blocksynergy sshd[51557]: debug2: channel 0: rcvd adjust 131072
2026-09-05T05:17:13+00:00 blocksynergy sshd[51557]: debug2: channel 0: rcvd adjust 131072
2026-09-05T05:17:13+00:00 blocksynergy sshd[51557]: debug2: channel 0: rcvd adjust 131072
2026-09-05T05:17:13+00:00 blocksynergy sshd[51557]: debug2: channel 0: rcvd adjust 360448
2026-09-05T05:17:14+00:00 blocksynergy sshd[51557]: debug2: channel 0: rcvd adjust 255808
2026-09-05T05:17:14+00:00 blocksynergy sshd[51557]: debug2: channel 0: rcvd adjust 104640
2026-09-05T05:17:14+00:00 blocksynergy sshd[51557]: debug2: channel 0: rcvd adjust 131072
2026-09-05T05:17:14+00:00 blocksynergy sshd[51557]: debug2: channel 0: rcvd adjust 131072
2026-09-05T05:17:14+00:00 blocksynergy sshd[51557]: debug2: channel 0: rcvd adjust 131072
2026-09-05T05:17:14+00:00 blocksynergy sshd[51557]: debug2: channel 0: rcvd adjust 131072
2026-09-05T05:17:14+00:00 blocksynergy sshd[51557]: debug2: channel 0: rcvd adjust 131072
2026-09-05T05:17:15+00:00 blocksynergy sshd[51557]: debug2: channel 0: rcvd adjust 131072
2026-09-05T05:17:15+00:00 blocksynergy sshd[51557]: debug2: channel 0: rcvd adjust 131072
2026-09-05T05:17:15+00:00 blocksynergy sshd[51557]: debug2: channel 0: rcvd adjust 131072
2026-09-05T05:17:15+00:00 blocksynergy sshd[51557]: debug2: channel 0: rcvd adjust 131072
2026-09-05T05:17:15+00:00 blocksynergy sshd[51557]: debug2: channel 0: rcvd adjust 131072
2026-09-05T05:17:16+00:00 blocksynergy sshd[51557]: debug2: channel 0: rcvd adjust 131072
2026-09-05T05:17:16+00:00 blocksynergy sshd[51557]: debug2: channel 0: rcvd adjust 131072
2026-09-05T05:17:17+00:00 blocksynergy sshd[51557]: debug2: channel 0: rcvd adjust 131072
2026-09-05T05:17:18+00:00 blocksynergy sshd[51557]: debug2: channel 0: rcvd adjust 131072
2026-09-05T05:17:18+00:00 blocksynergy sshd[51557]: debug2: channel 0: rcvd adjust 131072
2026-09-05T05:17:18+00:00 blocksynergy sshd[51557]: debug2: channel 0: rcvd adjust 131072
2026-09-05T05:17:19+00:00 blocksynergy sshd[51557]: debug2: channel 0: rcvd adjust 229376
2026-09-05T05:17:19+00:00 blocksynergy sshd[51557]: debug2: channel 0: rcvd adjust 252032
2026-09-05T05:17:19+00:00 blocksynergy sshd[51557]: debug2: channel 0: rcvd adjust 108416
2026-09-05T05:17:19+00:00 blocksynergy sshd[51557]: debug2: channel 0: rcvd adjust 131072
2026-09-05T05:17:20+00:00 blocksynergy sshd[51557]: debug2: channel 0: rcvd adjust 131072
2026-09-05T05:17:20+00:00 blocksynergy sshd[51557]: debug2: channel 0: rcvd adjust 131072
2026-09-05T05:17:20+00:00 blocksynergy sshd[51557]: debug2: channel 0: rcvd adjust 131072
2026-09-05T05:17:20+00:00 blocksynergy sshd[51557]: debug2: channel 0: rcvd adjust 131072
2026-09-05T05:17:20+00:00 blocksynergy sshd[51557]: debug2: channel 0: rcvd adjust 131072
2026-09-05T05:17:21+00:00 blocksynergy sshd[51557]: debug2: channel 0: rcvd adjust 131072
2026-09-05T05:17:21+00:00 blocksynergy sshd[51557]: debug2: channel 0: rcvd adjust 131072
2026-09-05T05:17:21+00:00 blocksynergy sshd[51557]: debug2: channel 0: rcvd adjust 131072
2026-09-05T05:17:21+00:00 blocksynergy sshd[51557]: debug2: channel 0: rcvd adjust 131072
2026-09-05T05:17:21+00:00 blocksynergy sshd[51557]: debug2: channel 0: rcvd adjust 131072
2026-09-05T05:17:22+00:00 blocksynergy sshd[51557]: debug2: channel 0: rcvd adjust 131072
2026-09-05T05:17:22+00:00 blocksynergy sshd[51557]: debug2: channel 0: rcvd adjust 131072
2026-09-05T05:17:22+00:00 blocksynergy sshd[51557]: debug2: channel 0: rcvd adjust 131072
2026-09-05T05:17:22+00:00 blocksynergy sshd[51557]: debug2: channel 0: rcvd adjust 131072
2026-09-05T05:17:22+00:00 blocksynergy sshd[51557]: debug2: channel 0: rcvd adjust 131072
2026-09-05T05:17:22+00:00 blocksynergy sshd[51557]: debug2: channel 0: rcvd adjust 131072
2026-09-05T05:17:23+00:00 blocksynergy sshd[51557]: debug2: channel 0: rcvd adjust 131072
2026-09-05T05:17:23+00:00 blocksynergy sshd[51557]: debug2: channel 0: rcvd adjust 131072
2026-09-05T05:17:23+00:00 blocksynergy sshd[51557]: debug2: channel 0: rcvd adjust 131072
2026-09-05T05:17:23+00:00 blocksynergy sshd[51557]: debug2: channel 0: rcvd adjust 131072
2026-09-05T05:17:24+00:00 blocksynergy sshd[51557]: debug2: channel 0: rcvd adjust 131072
2026-09-05T05:17:24+00:00 blocksynergy sshd[51557]: debug2: channel 0: rcvd adjust 131072
2026-09-05T05:17:24+00:00 blocksynergy sshd[51557]: debug2: channel 0: rcvd adjust 131072
2026-09-05T05:17:24+00:00 blocksynergy sshd[51557]: debug2: channel 0: rcvd adjust 131072
2026-09-05T05:17:25+00:00 blocksynergy sshd[51557]: debug2: channel 0: rcvd adjust 131072
2026-09-05T05:17:25+00:00 blocksynergy sshd[51557]: debug2: channel 0: rcvd adjust 131072
2026-09-05T05:17:25+00:00 blocksynergy sshd[51557]: debug2: channel 0: rcvd adjust 131072
2026-09-05T05:17:25+00:00 blocksynergy sshd[51557]: debug2: channel 0: rcvd adjust 131072
2026-09-05T05:17:26+00:00 blocksynergy sshd[51557]: debug2: channel 0: rcvd adjust 131072
2026-09-05T05:17:26+00:00 blocksynergy sshd[51557]: debug2: channel 0: rcvd adjust 131072
2026-09-05T05:17:26+00:00 blocksynergy sshd[51557]: debug2: channel 0: rcvd adjust 131072
2026-09-05T05:17:26+00:00 blocksynergy sshd[51557]: debug2: channel 0: rcvd adjust 131072
2026-09-05T05:17:27+00:00 blocksynergy sshd[51557]: debug2: channel 0: rcvd adjust 131072
2026-09-05T05:17:27+00:00 blocksynergy sshd[51557]: debug2: channel 0: rcvd adjust 131072
2026-09-05T05:17:27+00:00 blocksynergy sshd[51557]: debug2: channel 0: rcvd adjust 131072
2026-09-05T05:17:27+00:00 blocksynergy sshd[51557]: debug2: channel 0: rcvd adjust 131072
2026-09-05T05:17:28+00:00 blocksynergy sshd[51557]: debug2: channel 0: rcvd adjust 131072
2026-09-05T05:17:28+00:00 blocksynergy sshd[51557]: debug2: channel 0: rcvd adjust 131072
2026-09-05T05:17:28+00:00 blocksynergy sshd[51557]: debug2: channel 0: rcvd adjust 131072
2026-09-05T05:17:28+00:00 blocksynergy sshd[51557]: debug2: channel 0: rcvd adjust 131072
2026-09-05T05:17:29+00:00 blocksynergy sshd[51557]: debug2: channel 0: rcvd adjust 131072
2026-09-05T05:17:29+00:00 blocksynergy sshd[51557]: debug2: channel 0: rcvd adjust 131072
2026-09-05T05:17:29+00:00 blocksynergy sshd[51557]: debug2: channel 0: rcvd adjust 131072
2026-09-05T05:17:29+00:00 blocksynergy sshd[51557]: debug2: channel 0: rcvd adjust 131072
2026-09-05T05:17:30+00:00 blocksynergy sshd[51557]: debug2: channel 0: rcvd adjust 131072
2026-09-05T05:17:30+00:00 blocksynergy sshd[51557]: debug2: channel 0: rcvd adjust 262144
2026-09-05T05:17:30+00:00 blocksynergy sshd[51557]: debug2: channel 0: rcvd adjust 262144
2026-09-05T05:17:30+00:00 blocksynergy sshd[51557]: debug2: channel 0: rcvd adjust 131072
2026-09-05T05:17:30+00:00 blocksynergy sshd[51557]: debug2: channel 0: rcvd adjust 131072
2026-09-05T05:17:31+00:00 blocksynergy sshd[51557]: debug2: channel 0: rcvd adjust 131072
2026-09-05T05:17:31+00:00 blocksynergy sshd[51557]: debug2: channel 0: rcvd adjust 131072
2026-09-05T05:17:31+00:00 blocksynergy sshd[51557]: debug2: channel 0: rcvd adjust 131072
2026-09-05T05:17:31+00:00 blocksynergy sshd[51557]: debug2: channel 0: rcvd adjust 131072
2026-09-05T05:17:31+00:00 blocksynergy sshd[51557]: debug2: channel 0: rcvd adjust 131072
2026-09-05T05:17:31+00:00 blocksynergy sshd[51557]: debug2: channel 0: rcvd adjust 131072
2026-09-05T05:17:31+00:00 blocksynergy sshd[51557]: debug2: channel 0: rcvd adjust 131072
2026-09-05T05:17:32+00:00 blocksynergy sshd[51557]: debug2: channel 0: rcvd adjust 131072
2026-09-05T05:17:32+00:00 blocksynergy sshd[51557]: debug2: channel 0: rcvd adjust 131072
2026-09-05T05:17:32+00:00 blocksynergy sshd[51557]: debug2: channel 0: rcvd adjust 131072
2026-09-05T05:17:32+00:00 blocksynergy sshd[51557]: debug2: channel 0: rcvd adjust 131072
2026-09-05T05:17:32+00:00 blocksynergy sshd[51557]: debug2: channel 0: rcvd adjust 196608
2026-09-05T05:17:33+00:00 blocksynergy sshd[51557]: debug2: channel 0: rcvd adjust 229376
2026-09-05T05:17:33+00:00 blocksynergy sshd[51557]: debug2: channel 0: rcvd adjust 262144
2026-09-05T05:17:33+00:00 blocksynergy sshd[51557]: debug2: channel 0: rcvd adjust 131072
2026-09-05T05:17:33+00:00 blocksynergy sshd[51557]: debug2: channel 0: rcvd adjust 131072
2026-09-05T05:17:33+00:00 blocksynergy sshd[51557]: debug2: channel 0: rcvd adjust 131072
2026-09-05T05:17:34+00:00 blocksynergy sshd[51557]: debug2: channel 0: rcvd adjust 131072
2026-09-05T05:17:34+00:00 blocksynergy sshd[51557]: debug2: channel 0: rcvd adjust 131072
2026-09-05T05:17:34+00:00 blocksynergy sshd[51557]: debug2: channel 0: rcvd adjust 131072
2026-09-05T05:17:34+00:00 blocksynergy sshd[51557]: debug2: channel 0: rcvd adjust 131072
2026-09-05T05:17:34+00:00 blocksynergy sshd[51557]: debug2: channel 0: rcvd adjust 131072
2026-09-05T05:17:34+00:00 blocksynergy sshd[51557]: debug2: channel 0: rcvd adjust 131072
2026-09-05T05:17:35+00:00 blocksynergy sshd[51557]: debug2: channel 0: rcvd adjust 131072
2026-09-05T05:17:35+00:00 blocksynergy sshd[51557]: debug2: channel 0: rcvd adjust 131072
2026-09-05T05:17:35+00:00 blocksynergy sshd[51557]: debug2: channel 0: rcvd adjust 131072
2026-09-05T05:17:35+00:00 blocksynergy sshd[51557]: debug2: channel 0: rcvd adjust 131072
2026-09-05T05:17:35+00:00 blocksynergy sshd[51557]: debug2: channel 0: rcvd adjust 131072
2026-09-05T05:17:35+00:00 blocksynergy sshd[51557]: debug2: channel 0: rcvd adjust 131072
2026-09-05T05:17:35+00:00 blocksynergy sshd[51557]: debug2: channel 0: rcvd adjust 131072
2026-09-05T05:17:36+00:00 blocksynergy sshd[51557]: debug2: channel 0: rcvd adjust 131072
2026-09-05T05:17:36+00:00 blocksynergy sshd[51557]: debug2: channel 0: rcvd adjust 131072
2026-09-05T05:17:36+00:00 blocksynergy sshd[51557]: debug2: channel 0: rcvd adjust 131072
2026-09-05T05:17:36+00:00 blocksynergy sshd[51557]: debug2: channel 0: rcvd adjust 131072
2026-09-05T05:17:36+00:00 blocksynergy sshd[51557]: debug2: channel 0: rcvd adjust 131072
2026-09-05T05:17:36+00:00 blocksynergy sshd[51557]: debug2: channel 0: rcvd adjust 131072
2026-09-05T05:17:36+00:00 blocksynergy sshd[51557]: debug2: channel 0: rcvd adjust 131072
2026-09-05T05:17:36+00:00 blocksynergy sshd[51557]: debug2: channel 0: rcvd adjust 131072
2026-09-05T05:17:37+00:00 blocksynergy sshd[51557]: debug2: channel 0: rcvd adjust 131072
2026-09-05T05:17:37+00:00 blocksynergy sshd[51557]: debug2: channel 0: rcvd adjust 131072
2026-09-05T05:17:37+00:00 blocksynergy sshd[51557]: debug2: channel 0: rcvd adjust 131072
2026-09-05T05:17:37+00:00 blocksynergy sshd[51557]: debug2: channel 0: rcvd adjust 131072
2026-09-05T05:17:37+00:00 blocksynergy sshd[51557]: debug2: channel 0: rcvd adjust 131072
2026-09-05T05:17:37+00:00 blocksynergy sshd[51557]: debug2: channel 0: rcvd adjust 131072
2026-09-05T05:17:37+00:00 blocksynergy sshd[51557]: debug2: channel 0: rcvd adjust 131072
2026-09-05T05:17:37+00:00 blocksynergy sshd[51557]: debug2: channel 0: rcvd adjust 131072
2026-09-05T05:17:38+00:00 blocksynergy sshd[51557]: debug2: channel 0: rcvd adjust 131072
2026-09-05T05:17:38+00:00 blocksynergy sshd[51557]: debug2: channel 0: rcvd adjust 131072
2026-09-05T05:17:38+00:00 blocksynergy sshd[51557]: debug2: channel 0: rcvd adjust 131072
2026-09-05T05:17:38+00:00 blocksynergy sshd[51557]: debug2: channel 0: rcvd adjust 131072
2026-09-05T05:17:38+00:00 blocksynergy sshd[51557]: debug2: channel 0: rcvd adjust 131072
2026-09-05T05:17:38+00:00 blocksynergy sshd[51557]: debug2: channel 0: rcvd adjust 131072
2026-09-05T05:17:38+00:00 blocksynergy sshd[51557]: debug2: channel 0: rcvd adjust 131072
2026-09-05T05:17:39+00:00 blocksynergy sshd[51557]: debug2: channel 0: rcvd adjust 131072
2026-09-05T05:17:39+00:00 blocksynergy sshd[51557]: debug2: channel 0: rcvd adjust 131072
2026-09-05T05:17:39+00:00 blocksynergy sshd[51557]: debug2: channel 0: rcvd adjust 131072
2026-09-05T05:17:39+00:00 blocksynergy sshd[51557]: debug2: channel 0: rcvd adjust 131072
2026-09-05T05:17:39+00:00 blocksynergy sshd[51557]: debug2: channel 0: rcvd adjust 131072
2026-09-05T05:17:39+00:00 blocksynergy sshd[51557]: debug2: channel 0: rcvd adjust 131072
2026-09-05T05:17:40+00:00 blocksynergy sshd[51557]: debug2: channel 0: rcvd adjust 131072
2026-09-05T05:17:40+00:00 blocksynergy sshd[51557]: debug2: channel 0: rcvd adjust 131072
2026-09-05T05:17:40+00:00 blocksynergy sshd[51557]: debug2: channel 0: rcvd adjust 131072
2026-09-05T05:17:40+00:00 blocksynergy sshd[51557]: debug2: channel 0: rcvd adjust 131072
2026-09-05T05:17:41+00:00 blocksynergy sshd[51557]: debug2: channel 0: rcvd adjust 327680
2026-09-05T05:17:41+00:00 blocksynergy sshd[51557]: debug2: channel 0: rcvd adjust 131072
2026-09-05T05:17:41+00:00 blocksynergy sshd[51557]: debug2: channel 0: rcvd adjust 131072
2026-09-05T05:17:41+00:00 blocksynergy sshd[51557]: debug2: channel 0: rcvd adjust 131072
2026-09-05T05:17:41+00:00 blocksynergy sshd[51557]: debug2: channel 0: rcvd adjust 131072
2026-09-05T05:17:41+00:00 blocksynergy sshd[51557]: debug2: channel 0: rcvd adjust 131072
2026-09-05T05:17:42+00:00 blocksynergy sshd[51557]: debug2: channel 0: rcvd adjust 131072
2026-09-05T05:17:42+00:00 blocksynergy sshd[51557]: debug2: channel 0: rcvd adjust 131072
2026-09-05T05:17:42+00:00 blocksynergy sshd[51557]: debug2: channel 0: rcvd adjust 131072
2026-09-05T05:17:42+00:00 blocksynergy sshd[51557]: debug2: channel 0: rcvd adjust 131072
2026-09-05T05:17:43+00:00 blocksynergy sshd[51557]: debug2: channel 0: rcvd adjust 131072
2026-09-05T05:17:43+00:00 blocksynergy sshd[51557]: debug2: channel 0: rcvd adjust 131072
2026-09-05T05:17:43+00:00 blocksynergy sshd[51557]: debug2: channel 0: rcvd adjust 131072
2026-09-05T05:17:43+00:00 blocksynergy sshd[51557]: debug2: channel 0: rcvd adjust 131072
2026-09-05T05:17:43+00:00 blocksynergy sshd[51557]: debug2: channel 0: rcvd adjust 131072
2026-09-05T05:17:44+00:00 blocksynergy sshd[51557]: debug2: channel 0: rcvd adjust 131072
2026-09-05T05:17:44+00:00 blocksynergy sshd[51557]: debug2: channel 0: rcvd adjust 131072
2026-09-05T05:17:44+00:00 blocksynergy sshd[51557]: debug2: channel 0: rcvd adjust 131072
2026-09-05T05:17:44+00:00 blocksynergy sshd[51557]: debug2: channel 0: rcvd adjust 131072
2026-09-05T05:17:44+00:00 blocksynergy sshd[51557]: debug2: channel 0: rcvd adjust 131072
2026-09-05T05:17:45+00:00 blocksynergy sshd[51557]: debug2: channel 0: rcvd adjust 131072
2026-09-05T05:17:45+00:00 blocksynergy sshd[51557]: debug2: channel 0: rcvd adjust 131072
2026-09-05T05:17:45+00:00 blocksynergy sshd[51557]: debug2: channel 0: rcvd adjust 131072
2026-09-05T05:17:45+00:00 blocksynergy sshd[51557]: debug2: channel 0: rcvd adjust 131072
2026-09-05T05:17:45+00:00 blocksynergy sshd[51557]: debug2: channel 0: rcvd adjust 131072
2026-09-05T05:17:46+00:00 blocksynergy sshd[51557]: debug2: channel 0: rcvd adjust 131072
2026-09-05T05:17:46+00:00 blocksynergy sshd[51557]: debug2: channel 0: rcvd adjust 131072
2026-09-05T05:17:46+00:00 blocksynergy sshd[51557]: debug2: channel 0: rcvd adjust 131072
2026-09-05T05:17:46+00:00 blocksynergy sshd[51557]: debug2: channel 0: rcvd adjust 131072
2026-09-05T05:17:47+00:00 blocksynergy sshd[51557]: debug2: channel 0: rcvd adjust 131072
2026-09-05T05:17:47+00:00 blocksynergy sshd[51557]: debug2: channel 0: rcvd adjust 131072
2026-09-05T05:17:47+00:00 blocksynergy sshd[51557]: debug2: channel 0: rcvd adjust 131072
2026-09-05T05:17:47+00:00 blocksynergy sshd[51557]: debug2: channel 0: rcvd adjust 131072
2026-09-05T05:17:48+00:00 blocksynergy sshd[51557]: debug2: channel 0: rcvd adjust 131072
2026-09-05T05:17:48+00:00 blocksynergy sshd[51557]: debug3: receive packet: type 96
2026-09-05T05:17:48+00:00 blocksynergy sshd[51557]: debug2: channel 0: rcvd eof
2026-09-05T05:17:48+00:00 blocksynergy sshd[51557]: debug2: channel 0: output open -> drain
2026-09-05T05:17:48+00:00 blocksynergy sshd[51557]: debug2: channel 0: obuf empty
2026-09-05T05:17:48+00:00 blocksynergy sshd[51557]: debug2: chan_shutdown_write: channel 0: (i0 o1 sock -1 wfd 7 efd 11 [ignore])
2026-09-05T05:17:48+00:00 blocksynergy sshd[51557]: debug2: channel 0: output drain -> closed
2026-09-05T05:17:48+00:00 blocksynergy sshd[51557]: debug2: channel 0: read 0 from efd 11
2026-09-05T05:17:48+00:00 blocksynergy sshd[51557]: debug2: channel 0: closing read-efd 11
2026-09-05T05:17:48+00:00 blocksynergy sshd[51557]: debug1: Received SIGCHLD.
2026-09-05T05:17:48+00:00 blocksynergy sshd[51557]: debug1: session_by_pid: pid 51558
2026-09-05T05:17:48+00:00 blocksynergy sshd[51557]: debug2: channel 0: request exit-status confirm 0
2026-09-05T05:17:48+00:00 blocksynergy sshd[51557]: debug3: send packet: type 98
2026-09-05T05:17:48+00:00 blocksynergy sshd[51557]: debug1: session_exit_message: session 0 channel 0 pid 51558 exit 0
2026-09-05T05:17:48+00:00 blocksynergy sshd[51557]: debug1: session_exit_message: release channel 0
2026-09-05T05:17:48+00:00 blocksynergy sshd[51557]: debug2: channel 0: read failed rfd 8 maxlen 32768: Broken pipe
2026-09-05T05:17:48+00:00 blocksynergy sshd[51557]: debug2: channel 0: read failed
2026-09-05T05:17:48+00:00 blocksynergy sshd[51557]: debug2: chan_shutdown_read: channel 0: (i0 o3 sock -1 wfd 8 efd -1 [closed])
2026-09-05T05:17:48+00:00 blocksynergy sshd[51557]: debug2: channel 0: input open -> drain
2026-09-05T05:17:48+00:00 blocksynergy sshd[51557]: debug2: channel 0: ibuf empty
2026-09-05T05:17:48+00:00 blocksynergy sshd[51557]: debug2: channel 0: send eof
2026-09-05T05:17:48+00:00 blocksynergy sshd[51557]: debug3: send packet: type 96
2026-09-05T05:17:48+00:00 blocksynergy sshd[51557]: debug2: channel 0: input drain -> closed
2026-09-05T05:17:48+00:00 blocksynergy sshd[51557]: debug2: channel 0: send close
2026-09-05T05:17:48+00:00 blocksynergy sshd[51557]: debug3: send packet: type 97
2026-09-05T05:17:48+00:00 blocksynergy sshd[51557]: debug3: channel 0: will not send data after close
2026-09-05T05:17:48+00:00 blocksynergy sshd[51557]: debug3: receive packet: type 97
2026-09-05T05:17:48+00:00 blocksynergy sshd[51557]: debug2: channel 0: rcvd close
2026-09-05T05:17:48+00:00 blocksynergy sshd[51557]: debug3: receive packet: type 1
2026-09-05T05:17:48+00:00 blocksynergy sshd[51557]: Received disconnect from 10.10.17.121 port 58408:11: disconnected by user
2026-09-05T05:17:48+00:00 blocksynergy sshd[51557]: Disconnected from user hank 10.10.17.121 port 58408
2026-09-05T05:17:48+00:00 blocksynergy sshd[51557]: debug1: do_cleanup
2026-09-05T05:17:48+00:00 blocksynergy sshd[51557]: debug3: PAM: sshpam_thread_cleanup entering
2026-09-05T05:17:48+00:00 blocksynergy sshd[51557]: debug1: temporarily_use_uid: 1001/1003 (e=1001/1003)
2026-09-05T05:17:48+00:00 blocksynergy sshd[51557]: debug1: restore_uid: (unprivileged)
2026-09-05T05:24:07+00:00 blocksynergy sshd[38697]: debug3: receive packet: type 98
2026-09-05T05:24:07+00:00 blocksynergy sshd[38697]: debug1: server_input_channel_req: channel 0 request window-change reply 0
2026-09-05T05:24:07+00:00 blocksynergy sshd[38697]: debug1: session_by_channel: session 0 channel 0
2026-09-05T05:24:07+00:00 blocksynergy sshd[38697]: debug1: session_input_channel_req: session 0 req window-change
2026-09-05T05:24:07+00:00 blocksynergy sshd[38697]: debug3: receive packet: type 98
2026-09-05T05:24:07+00:00 blocksynergy sshd[38697]: debug1: server_input_channel_req: channel 0 request window-change reply 0
2026-09-05T05:24:07+00:00 blocksynergy sshd[38697]: debug1: session_by_channel: session 0 channel 0
2026-09-05T05:24:07+00:00 blocksynergy sshd[38697]: debug1: session_input_channel_req: session 0 req window-change
2026-09-05T05:24:08+00:00 blocksynergy sshd[38697]: debug3: receive packet: type 98
2026-09-05T05:24:08+00:00 blocksynergy sshd[38697]: debug1: server_input_channel_req: channel 0 request window-change reply 0
2026-09-05T05:24:08+00:00 blocksynergy sshd[38697]: debug1: session_by_channel: session 0 channel 0
2026-09-05T05:24:08+00:00 blocksynergy sshd[38697]: debug1: session_input_channel_req: session 0 req window-change
2026-09-05T05:24:08+00:00 blocksynergy sshd[38697]: debug3: receive packet: type 98
2026-09-05T05:24:08+00:00 blocksynergy sshd[38697]: debug1: server_input_channel_req: channel 0 request window-change reply 0
2026-09-05T05:24:08+00:00 blocksynergy sshd[38697]: debug1: session_by_channel: session 0 channel 0
2026-09-05T05:24:08+00:00 blocksynergy sshd[38697]: debug1: session_input_channel_req: session 0 req window-change
2026-09-05T05:24:08+00:00 blocksynergy sshd[38697]: debug3: receive packet: type 98
2026-09-05T05:24:08+00:00 blocksynergy sshd[38697]: debug1: server_input_channel_req: channel 0 request window-change reply 0
2026-09-05T05:24:08+00:00 blocksynergy sshd[38697]: debug1: session_by_channel: session 0 channel 0
2026-09-05T05:24:08+00:00 blocksynergy sshd[38697]: debug1: session_input_channel_req: session 0 req window-change
2026-09-05T05:24:08+00:00 blocksynergy sshd[38697]: debug3: receive packet: type 98
2026-09-05T05:24:08+00:00 blocksynergy sshd[38697]: debug1: server_input_channel_req: channel 0 request window-change reply 0
2026-09-05T05:24:08+00:00 blocksynergy sshd[38697]: debug1: session_by_channel: session 0 channel 0
2026-09-05T05:24:08+00:00 blocksynergy sshd[38697]: debug1: session_input_channel_req: session 0 req window-change
2026-09-05T05:24:09+00:00 blocksynergy sshd[38697]: debug3: receive packet: type 98
2026-09-05T05:24:09+00:00 blocksynergy sshd[38697]: debug1: server_input_channel_req: channel 0 request window-change reply 0
2026-09-05T05:24:09+00:00 blocksynergy sshd[38697]: debug1: session_by_channel: session 0 channel 0
2026-09-05T05:24:09+00:00 blocksynergy sshd[38697]: debug1: session_input_channel_req: session 0 req window-change
2026-09-05T05:27:10+00:00 blocksynergy sshd[38697]: debug3: receive packet: type 98
2026-09-05T05:27:10+00:00 blocksynergy sshd[38697]: debug1: server_input_channel_req: channel 0 request window-change reply 0
2026-09-05T05:27:10+00:00 blocksynergy sshd[38697]: debug1: session_by_channel: session 0 channel 0
2026-09-05T05:27:10+00:00 blocksynergy sshd[38697]: debug1: session_input_channel_req: session 0 req window-change
2026-09-05T05:27:13+00:00 blocksynergy sshd[38697]: debug3: receive packet: type 98
2026-09-05T05:27:13+00:00 blocksynergy sshd[38697]: debug1: server_input_channel_req: channel 0 request window-change reply 0
2026-09-05T05:27:13+00:00 blocksynergy sshd[38697]: debug1: session_by_channel: session 0 channel 0
2026-09-05T05:27:13+00:00 blocksynergy sshd[38697]: debug1: session_input_channel_req: session 0 req window-change
2026-09-05T05:27:16+00:00 blocksynergy sshd[38697]: debug3: receive packet: type 98
2026-09-05T05:27:16+00:00 blocksynergy sshd[38697]: debug1: server_input_channel_req: channel 0 request window-change reply 0
2026-09-05T05:27:16+00:00 blocksynergy sshd[38697]: debug1: session_by_channel: session 0 channel 0
2026-09-05T05:27:16+00:00 blocksynergy sshd[38697]: debug1: session_input_channel_req: session 0 req window-change
2026-09-05T05:27:21+00:00 blocksynergy sshd[38697]: debug3: receive packet: type 98
2026-09-05T05:27:21+00:00 blocksynergy sshd[38697]: debug1: server_input_channel_req: channel 0 request window-change reply 0
2026-09-05T05:27:21+00:00 blocksynergy sshd[38697]: debug1: session_by_channel: session 0 channel 0
2026-09-05T05:27:21+00:00 blocksynergy sshd[38697]: debug1: session_input_channel_req: session 0 req window-change
2026-09-05T05:27:24+00:00 blocksynergy sshd[38697]: debug3: receive packet: type 98
2026-09-05T05:27:24+00:00 blocksynergy sshd[38697]: debug1: server_input_channel_req: channel 0 request window-change reply 0
2026-09-05T05:27:24+00:00 blocksynergy sshd[38697]: debug1: session_by_channel: session 0 channel 0
2026-09-05T05:27:24+00:00 blocksynergy sshd[38697]: debug1: session_input_channel_req: session 0 req window-change
2026-09-05T05:27:27+00:00 blocksynergy sshd[38697]: debug3: receive packet: type 98
2026-09-05T05:27:27+00:00 blocksynergy sshd[38697]: debug1: server_input_channel_req: channel 0 request window-change reply 0
2026-09-05T05:27:27+00:00 blocksynergy sshd[38697]: debug1: session_by_channel: session 0 channel 0
2026-09-05T05:27:27+00:00 blocksynergy sshd[38697]: debug1: session_input_channel_req: session 0 req window-change
2026-09-05T05:27:29+00:00 blocksynergy sshd[38697]: debug3: receive packet: type 98
2026-09-05T05:27:29+00:00 blocksynergy sshd[38697]: debug1: server_input_channel_req: channel 0 request window-change reply 0
2026-09-05T05:27:29+00:00 blocksynergy sshd[38697]: debug1: session_by_channel: session 0 channel 0
2026-09-05T05:27:29+00:00 blocksynergy sshd[38697]: debug1: session_input_channel_req: session 0 req window-change
2026-09-05T05:27:51+00:00 blocksynergy sshd[63724]: debug3: monitor_apply_keystate: packet_set_state
2026-09-05T05:27:51+00:00 blocksynergy sshd[63724]: debug2: ssh_set_newkeys: mode 0
2026-09-05T05:27:51+00:00 blocksynergy sshd[63724]: debug1: rekey in after 134217728 blocks
2026-09-05T05:27:51+00:00 blocksynergy sshd[63724]: debug2: ssh_set_newkeys: mode 1
2026-09-05T05:27:51+00:00 blocksynergy sshd[63724]: debug1: rekey out after 134217728 blocks
2026-09-05T05:27:51+00:00 blocksynergy sshd[63724]: debug1: ssh_packet_set_postauth: called
2026-09-05T05:27:51+00:00 blocksynergy sshd[63724]: debug3: ssh_packet_set_state: done
2026-09-05T05:27:51+00:00 blocksynergy sshd[63724]: debug3: notify_hostkeys: key 0: ssh-rsa SHA256:3eKN9t6LkEeZcOyTRPQ+YjlkQphJAP5ZtpLV57Yxa80
2026-09-05T05:27:51+00:00 blocksynergy sshd[63724]: debug3: notify_hostkeys: key 1: ecdsa-sha2-nistp256 SHA256:bUu8kDm24mwiOY3AsZqGv4P0Ew4nqm2u3vHC3xlXHw0
2026-09-05T05:27:51+00:00 blocksynergy sshd[63724]: debug3: notify_hostkeys: key 2: ssh-ed25519 SHA256:dQwo5lNy1SbT0zL9yT9VDyi0JH86CavUHzbN8vb/UPE
2026-09-05T05:27:51+00:00 blocksynergy sshd[63724]: debug3: notify_hostkeys: sent 3 hostkeys
2026-09-05T05:27:51+00:00 blocksynergy sshd[63724]: debug3: send packet: type 80
2026-09-05T05:27:51+00:00 blocksynergy sshd[63724]: debug1: active: key options: agent-forwarding port-forwarding pty user-rc x11-forwarding
2026-09-05T05:27:51+00:00 blocksynergy sshd[63724]: debug3: sending debug message: /home/hank/.ssh/authorized_keys:2: key options: agent-forwarding port-forwarding pty user-rc x11-forwarding
2026-09-05T05:27:51+00:00 blocksynergy sshd[63724]: debug3: send packet: type 4
2026-09-05T05:27:51+00:00 blocksynergy sshd[63724]: debug3: sending debug message: /home/hank/.ssh/authorized_keys:2: key options: agent-forwarding port-forwarding pty user-rc x11-forwarding
2026-09-05T05:27:51+00:00 blocksynergy sshd[63724]: debug3: send packet: type 4
2026-09-05T05:27:51+00:00 blocksynergy sshd[63724]: debug1: Entering interactive session for SSH2.
2026-09-05T05:27:51+00:00 blocksynergy sshd[63724]: debug1: server_init_dispatch
2026-09-05T05:27:51+00:00 blocksynergy sshd[63724]: debug3: receive packet: type 90
2026-09-05T05:27:51+00:00 blocksynergy sshd[63724]: debug1: server_input_channel_open: ctype session rchan 0 win 1048576 max 16384
2026-09-05T05:27:51+00:00 blocksynergy sshd[63724]: debug1: input_session_request
2026-09-05T05:27:51+00:00 blocksynergy sshd[63724]: debug1: channel 0: new session [server-session] (inactive timeout: 0)
2026-09-05T05:27:51+00:00 blocksynergy sshd[63724]: debug2: session_new: allocate (allocated 0 max 10)
2026-09-05T05:27:51+00:00 blocksynergy sshd[63724]: debug3: session_unused: session id 0 unused
2026-09-05T05:27:51+00:00 blocksynergy sshd[63724]: debug1: session_new: session 0
2026-09-05T05:27:51+00:00 blocksynergy sshd[63724]: debug1: session_open: channel 0
2026-09-05T05:27:51+00:00 blocksynergy sshd[63724]: debug1: session_open: session 0: link with channel 0
2026-09-05T05:27:51+00:00 blocksynergy sshd[63724]: debug1: server_input_channel_open: confirm session
2026-09-05T05:27:51+00:00 blocksynergy sshd[63724]: debug3: send packet: type 91
2026-09-05T05:27:51+00:00 blocksynergy sshd[63724]: debug3: receive packet: type 80
2026-09-05T05:27:51+00:00 blocksynergy sshd[63724]: debug1: server_input_global_request: rtype no-more-sessions@openssh.com want_reply 0
2026-09-05T05:27:51+00:00 blocksynergy sshd[63724]: debug3: receive packet: type 98
2026-09-05T05:27:51+00:00 blocksynergy sshd[63724]: debug1: server_input_channel_req: channel 0 request pty-req reply 1
2026-09-05T05:27:51+00:00 blocksynergy sshd[63724]: debug1: session_by_channel: session 0 channel 0
2026-09-05T05:27:51+00:00 blocksynergy sshd[63724]: debug1: session_input_channel_req: session 0 req pty-req
2026-09-05T05:27:51+00:00 blocksynergy sshd[63724]: debug1: Allocating pty.
2026-09-05T05:27:51+00:00 blocksynergy sshd[63724]: debug3: mm_request_send: entering, type 28
2026-09-05T05:27:51+00:00 blocksynergy sshd[63724]: debug3: mm_pty_allocate: waiting for MONITOR_ANS_PTY
2026-09-05T05:27:51+00:00 blocksynergy sshd[63724]: debug3: mm_request_receive_expect: entering, type 29
2026-09-05T05:27:51+00:00 blocksynergy sshd[63724]: debug3: mm_request_receive: entering
2026-09-05T05:27:51+00:00 blocksynergy sshd[63724]: debug1: session_pty_req: session 0 alloc /dev/pts/2
2026-09-05T05:27:51+00:00 blocksynergy sshd[63724]: debug3: send packet: type 99
2026-09-05T05:27:51+00:00 blocksynergy sshd[63724]: debug3: receive packet: type 98
2026-09-05T05:27:51+00:00 blocksynergy sshd[63724]: debug1: server_input_channel_req: channel 0 request env reply 0
2026-09-05T05:27:51+00:00 blocksynergy sshd[63724]: debug1: session_by_channel: session 0 channel 0
2026-09-05T05:27:51+00:00 blocksynergy sshd[63724]: debug1: session_input_channel_req: session 0 req env
2026-09-05T05:27:51+00:00 blocksynergy sshd[63724]: debug2: Ignoring env request COLORTERM: disallowed name
2026-09-05T05:27:51+00:00 blocksynergy sshd[63724]: debug3: receive packet: type 98
2026-09-05T05:27:51+00:00 blocksynergy sshd[63724]: debug1: server_input_channel_req: channel 0 request env reply 0
2026-09-05T05:27:51+00:00 blocksynergy sshd[63724]: debug1: session_by_channel: session 0 channel 0
2026-09-05T05:27:51+00:00 blocksynergy sshd[63724]: debug1: session_input_channel_req: session 0 req env
2026-09-05T05:27:51+00:00 blocksynergy sshd[63724]: debug2: Setting env 0: LANG=en_US.UTF-8
2026-09-05T05:27:51+00:00 blocksynergy sshd[63724]: debug3: receive packet: type 98
2026-09-05T05:27:51+00:00 blocksynergy sshd[63724]: debug1: server_input_channel_req: channel 0 request shell reply 1
2026-09-05T05:27:51+00:00 blocksynergy sshd[63724]: debug1: session_by_channel: session 0 channel 0
2026-09-05T05:27:51+00:00 blocksynergy sshd[63724]: debug1: session_input_channel_req: session 0 req shell
2026-09-05T05:27:51+00:00 blocksynergy sshd[63724]: debug2: channel_set_xtype: labeled channel 0 as session:shell (inactive timeout 0)
2026-09-05T05:27:51+00:00 blocksynergy sshd[63724]: Starting session: shell on pts/2 for hank from 10.10.17.121 port 42558 id 0
2026-09-05T05:27:51+00:00 blocksynergy sshd[63724]: debug2: fd 4 setting TCP_NODELAY
2026-09-05T05:27:51+00:00 blocksynergy sshd[63724]: debug3: set_sock_tos: set socket 4 IP_TOS 0x10
2026-09-05T05:27:51+00:00 blocksynergy sshd[63724]: debug2: channel 0: rfd 8 isatty
2026-09-05T05:27:51+00:00 blocksynergy sshd[63724]: debug2: fd 8 setting O_NONBLOCK
2026-09-05T05:27:51+00:00 blocksynergy sshd[63724]: debug3: fd 5 is O_NONBLOCK
2026-09-05T05:27:51+00:00 blocksynergy sshd[63725]: debug1: Setting controlling tty using TIOCSCTTY.
2026-09-05T05:27:51+00:00 blocksynergy sshd[63725]: debug3: Copy environment: XDG_SESSION_ID=50
2026-09-05T05:27:51+00:00 blocksynergy sshd[63725]: debug3: Copy environment: XDG_RUNTIME_DIR=/run/user/1001
2026-09-05T05:27:51+00:00 blocksynergy sshd[63725]: debug3: Copy environment: DBUS_SESSION_BUS_ADDRESS=unix:path=/run/user/1001/bus
2026-09-05T05:27:51+00:00 blocksynergy sshd[63725]: debug3: Copy environment: XDG_SESSION_TYPE=tty
2026-09-05T05:27:51+00:00 blocksynergy sshd[63725]: debug3: Copy environment: XDG_SESSION_CLASS=user
2026-09-05T05:27:51+00:00 blocksynergy sshd[63725]: debug3: Copy environment: PATH=/usr/local/sbin:/usr/local/bin:/usr/sbin:/usr/bin:/sbin:/bin:/usr/games:/usr/local/games:/snap/bin
2026-09-05T05:27:51+00:00 blocksynergy sshd[63725]: debug3: Copy environment: LANG=en_US
2026-09-05T05:27:51+00:00 blocksynergy sshd[63725]: debug3: Copy environment: LANGUAGE=en_US:en
2026-09-05T05:27:51+00:00 blocksynergy sshd[63724]: debug3: send packet: type 99
2026-09-05T05:32:40+00:00 blocksynergy sshd[68337]: debug3: monitor_apply_keystate: packet_set_state
2026-09-05T05:32:40+00:00 blocksynergy sshd[68337]: debug2: ssh_set_newkeys: mode 0
2026-09-05T05:32:40+00:00 blocksynergy sshd[68337]: debug1: rekey in after 134217728 blocks
2026-09-05T05:32:40+00:00 blocksynergy sshd[68337]: debug2: ssh_set_newkeys: mode 1
2026-09-05T05:32:40+00:00 blocksynergy sshd[68337]: debug1: rekey out after 134217728 blocks
2026-09-05T05:32:40+00:00 blocksynergy sshd[68337]: debug1: ssh_packet_set_postauth: called
2026-09-05T05:32:40+00:00 blocksynergy sshd[68337]: debug3: ssh_packet_set_state: done
2026-09-05T05:32:40+00:00 blocksynergy sshd[68337]: debug3: notify_hostkeys: key 0: ssh-rsa SHA256:3eKN9t6LkEeZcOyTRPQ+YjlkQphJAP5ZtpLV57Yxa80
2026-09-05T05:32:40+00:00 blocksynergy sshd[68337]: debug3: notify_hostkeys: key 1: ecdsa-sha2-nistp256 SHA256:bUu8kDm24mwiOY3AsZqGv4P0Ew4nqm2u3vHC3xlXHw0
2026-09-05T05:32:40+00:00 blocksynergy sshd[68337]: debug3: notify_hostkeys: key 2: ssh-ed25519 SHA256:dQwo5lNy1SbT0zL9yT9VDyi0JH86CavUHzbN8vb/UPE
2026-09-05T05:32:40+00:00 blocksynergy sshd[68337]: debug3: notify_hostkeys: sent 3 hostkeys
2026-09-05T05:32:40+00:00 blocksynergy sshd[68337]: debug3: send packet: type 80
2026-09-05T05:32:40+00:00 blocksynergy sshd[68337]: debug1: active: key options: agent-forwarding port-forwarding pty user-rc x11-forwarding
2026-09-05T05:32:40+00:00 blocksynergy sshd[68337]: debug3: sending debug message: /home/hank/.ssh/authorized_keys:2: key options: agent-forwarding port-forwarding pty user-rc x11-forwarding
2026-09-05T05:32:40+00:00 blocksynergy sshd[68337]: debug3: send packet: type 4
2026-09-05T05:32:40+00:00 blocksynergy sshd[68337]: debug3: sending debug message: /home/hank/.ssh/authorized_keys:2: key options: agent-forwarding port-forwarding pty user-rc x11-forwarding
2026-09-05T05:32:40+00:00 blocksynergy sshd[68337]: debug3: send packet: type 4
2026-09-05T05:32:40+00:00 blocksynergy sshd[68337]: debug1: Entering interactive session for SSH2.
2026-09-05T05:32:40+00:00 blocksynergy sshd[68337]: debug1: server_init_dispatch
2026-09-05T05:32:40+00:00 blocksynergy sshd[68337]: debug3: receive packet: type 90
2026-09-05T05:32:40+00:00 blocksynergy sshd[68337]: debug1: server_input_channel_open: ctype session rchan 0 win 2097152 max 32768
2026-09-05T05:32:40+00:00 blocksynergy sshd[68337]: debug1: input_session_request
2026-09-05T05:32:40+00:00 blocksynergy sshd[68337]: debug1: channel 0: new session [server-session] (inactive timeout: 0)
2026-09-05T05:32:40+00:00 blocksynergy sshd[68337]: debug2: session_new: allocate (allocated 0 max 10)
2026-09-05T05:32:40+00:00 blocksynergy sshd[68337]: debug3: session_unused: session id 0 unused
2026-09-05T05:32:40+00:00 blocksynergy sshd[68337]: debug1: session_new: session 0
2026-09-05T05:32:40+00:00 blocksynergy sshd[68337]: debug1: session_open: channel 0
2026-09-05T05:32:40+00:00 blocksynergy sshd[68337]: debug1: session_open: session 0: link with channel 0
2026-09-05T05:32:40+00:00 blocksynergy sshd[68337]: debug1: server_input_channel_open: confirm session
2026-09-05T05:32:40+00:00 blocksynergy sshd[68337]: debug3: send packet: type 91
2026-09-05T05:32:40+00:00 blocksynergy sshd[68337]: debug3: receive packet: type 80
2026-09-05T05:32:40+00:00 blocksynergy sshd[68337]: debug1: server_input_global_request: rtype no-more-sessions@openssh.com want_reply 0
2026-09-05T05:32:40+00:00 blocksynergy sshd[68337]: debug3: receive packet: type 98
2026-09-05T05:32:40+00:00 blocksynergy sshd[68337]: debug1: server_input_channel_req: channel 0 request env reply 0
2026-09-05T05:32:40+00:00 blocksynergy sshd[68337]: debug1: session_by_channel: session 0 channel 0
2026-09-05T05:32:40+00:00 blocksynergy sshd[68337]: debug1: session_input_channel_req: session 0 req env
2026-09-05T05:32:40+00:00 blocksynergy sshd[68337]: debug2: Ignoring env request COLORTERM: disallowed name
2026-09-05T05:32:40+00:00 blocksynergy sshd[68337]: debug3: receive packet: type 98
2026-09-05T05:32:40+00:00 blocksynergy sshd[68337]: debug1: server_input_channel_req: channel 0 request env reply 0
2026-09-05T05:32:40+00:00 blocksynergy sshd[68337]: debug1: session_by_channel: session 0 channel 0
2026-09-05T05:32:40+00:00 blocksynergy sshd[68337]: debug1: session_input_channel_req: session 0 req env
2026-09-05T05:32:40+00:00 blocksynergy sshd[68337]: debug2: Setting env 0: LANG=en_US.UTF-8
2026-09-05T05:32:40+00:00 blocksynergy sshd[68337]: debug3: receive packet: type 98
2026-09-05T05:32:40+00:00 blocksynergy sshd[68337]: debug1: server_input_channel_req: channel 0 request subsystem reply 1
2026-09-05T05:32:40+00:00 blocksynergy sshd[68337]: debug1: session_by_channel: session 0 channel 0
2026-09-05T05:32:40+00:00 blocksynergy sshd[68337]: debug1: session_input_channel_req: session 0 req subsystem
2026-09-05T05:32:40+00:00 blocksynergy sshd[68337]: debug2: subsystem request for sftp by user hank
2026-09-05T05:32:40+00:00 blocksynergy sshd[68337]: debug1: subsystem: exec() /usr/lib/openssh/sftp-server
2026-09-05T05:32:40+00:00 blocksynergy sshd[68337]: debug2: channel_set_xtype: labeled channel 0 as session:subsystem:sftp (inactive timeout 0)
2026-09-05T05:32:40+00:00 blocksynergy sshd[68337]: Starting session: subsystem 'sftp' for hank from 10.10.17.121 port 58554 id 0
2026-09-05T05:32:40+00:00 blocksynergy sshd[68337]: debug3: mm_audit_run_command entering command /usr/lib/openssh/sftp-server
2026-09-05T05:32:40+00:00 blocksynergy sshd[68337]: debug3: mm_request_send: entering, type 113
2026-09-05T05:32:40+00:00 blocksynergy sshd[68337]: debug2: fd 4 setting TCP_NODELAY
2026-09-05T05:32:40+00:00 blocksynergy sshd[68337]: debug3: set_sock_tos: set socket 4 IP_TOS 0x08
2026-09-05T05:32:40+00:00 blocksynergy sshd[68337]: debug2: fd 8 setting O_NONBLOCK
2026-09-05T05:32:40+00:00 blocksynergy sshd[68337]: debug2: fd 7 setting O_NONBLOCK
2026-09-05T05:32:40+00:00 blocksynergy sshd[68337]: debug2: fd 11 setting O_NONBLOCK
2026-09-05T05:32:40+00:00 blocksynergy sshd[68337]: debug3: send packet: type 99
2026-09-05T05:32:40+00:00 blocksynergy sshd[68338]: debug3: Copy environment: XDG_SESSION_ID=53
2026-09-05T05:32:40+00:00 blocksynergy sshd[68338]: debug3: Copy environment: XDG_RUNTIME_DIR=/run/user/1001
2026-09-05T05:32:40+00:00 blocksynergy sshd[68338]: debug3: Copy environment: DBUS_SESSION_BUS_ADDRESS=unix:path=/run/user/1001/bus
2026-09-05T05:32:40+00:00 blocksynergy sshd[68338]: debug3: Copy environment: XDG_SESSION_TYPE=tty
2026-09-05T05:32:40+00:00 blocksynergy sshd[68338]: debug3: Copy environment: XDG_SESSION_CLASS=user
2026-09-05T05:32:40+00:00 blocksynergy sshd[68338]: debug3: Copy environment: PATH=/usr/local/sbin:/usr/local/bin:/usr/sbin:/usr/bin:/sbin:/bin:/usr/games:/usr/local/games:/snap/bin
2026-09-05T05:32:40+00:00 blocksynergy sshd[68338]: debug3: Copy environment: LANG=en_US
2026-09-05T05:32:40+00:00 blocksynergy sshd[68338]: debug3: Copy environment: LANGUAGE=en_US:en
2026-09-05T05:32:41+00:00 blocksynergy sshd[68337]: debug3: receive packet: type 96
2026-09-05T05:32:41+00:00 blocksynergy sshd[68337]: debug2: channel 0: rcvd eof
2026-09-05T05:32:41+00:00 blocksynergy sshd[68337]: debug2: channel 0: output open -> drain
2026-09-05T05:32:41+00:00 blocksynergy sshd[68337]: debug2: channel 0: obuf empty
2026-09-05T05:32:41+00:00 blocksynergy sshd[68337]: debug2: chan_shutdown_write: channel 0: (i0 o1 sock -1 wfd 7 efd 11 [ignore])
2026-09-05T05:32:41+00:00 blocksynergy sshd[68337]: debug2: channel 0: output drain -> closed
2026-09-05T05:32:41+00:00 blocksynergy sshd[68337]: debug2: channel 0: read failed rfd 8 maxlen 32768: Broken pipe
2026-09-05T05:32:41+00:00 blocksynergy sshd[68337]: debug2: channel 0: read failed
2026-09-05T05:32:41+00:00 blocksynergy sshd[68337]: debug2: chan_shutdown_read: channel 0: (i0 o3 sock -1 wfd 8 efd 11 [ignore])
2026-09-05T05:32:41+00:00 blocksynergy sshd[68337]: debug2: channel 0: input open -> drain
2026-09-05T05:32:41+00:00 blocksynergy sshd[68337]: debug2: channel 0: read 0 from efd 11
2026-09-05T05:32:41+00:00 blocksynergy sshd[68337]: debug2: channel 0: closing read-efd 11
2026-09-05T05:32:41+00:00 blocksynergy sshd[68337]: debug2: channel 0: ibuf empty
2026-09-05T05:32:41+00:00 blocksynergy sshd[68337]: debug2: channel 0: send eof
2026-09-05T05:32:41+00:00 blocksynergy sshd[68337]: debug3: send packet: type 96
2026-09-05T05:32:41+00:00 blocksynergy sshd[68337]: debug2: channel 0: input drain -> closed
2026-09-05T05:32:41+00:00 blocksynergy sshd[68337]: debug1: Received SIGCHLD.
2026-09-05T05:32:41+00:00 blocksynergy sshd[68337]: debug1: session_by_pid: pid 68338
2026-09-05T05:32:41+00:00 blocksynergy sshd[68337]: debug2: channel 0: request exit-status confirm 0
2026-09-05T05:32:41+00:00 blocksynergy sshd[68337]: debug3: send packet: type 98
2026-09-05T05:32:41+00:00 blocksynergy sshd[68337]: debug1: session_exit_message: session 0 channel 0 pid 68338 exit 0
2026-09-05T05:32:41+00:00 blocksynergy sshd[68337]: debug1: session_exit_message: release channel 0
2026-09-05T05:32:41+00:00 blocksynergy sshd[68337]: debug2: channel 0: send close
2026-09-05T05:32:41+00:00 blocksynergy sshd[68337]: debug3: send packet: type 97
2026-09-05T05:32:41+00:00 blocksynergy sshd[68337]: debug3: channel 0: will not send data after close
2026-09-05T05:32:41+00:00 blocksynergy sshd[68337]: debug3: receive packet: type 97
2026-09-05T05:32:41+00:00 blocksynergy sshd[68337]: debug2: channel 0: rcvd close
2026-09-05T05:32:41+00:00 blocksynergy sshd[68337]: debug3: channel 0: will not send data after close
2026-09-05T05:32:41+00:00 blocksynergy sshd[68337]: debug2: channel 0: is dead
2026-09-05T05:32:41+00:00 blocksynergy sshd[68337]: debug2: channel 0: gc: notify user
2026-09-05T05:32:41+00:00 blocksynergy sshd[68337]: debug1: session_by_channel: session 0 channel 0
2026-09-05T05:32:41+00:00 blocksynergy sshd[68337]: debug1: session_close_by_channel: channel 0 child 0
2026-09-05T05:32:41+00:00 blocksynergy sshd[68337]: Close session: user hank from 10.10.17.121 port 58554 id 0
2026-09-05T05:32:41+00:00 blocksynergy sshd[68337]: debug3: session_unused: session id 0 unused
2026-09-05T05:32:41+00:00 blocksynergy sshd[68337]: debug2: channel 0: gc: user detached
2026-09-05T05:32:41+00:00 blocksynergy sshd[68337]: debug2: channel 0: is dead
2026-09-05T05:32:41+00:00 blocksynergy sshd[68337]: debug2: channel 0: garbage collecting
2026-09-05T05:32:41+00:00 blocksynergy sshd[68337]: debug1: channel 0: free: server-session, nchannels 1
2026-09-05T05:32:41+00:00 blocksynergy sshd[68337]: debug3: channel 0: status: The following connections are open:\r\n  #0 server-session (t4 [session:subsystem:sftp] r0 i3/0 o3/0 e[closed]/0 fd -1/-1/-1 sock -1 cc -1 io 0x00/0x00)\r\n
2026-09-05T05:32:41+00:00 blocksynergy sshd[68337]: debug3: receive packet: type 1
2026-09-05T05:32:41+00:00 blocksynergy sshd[68337]: Received disconnect from 10.10.17.121 port 58554:11: disconnected by user
2026-09-05T05:32:41+00:00 blocksynergy sshd[68337]: Disconnected from user hank 10.10.17.121 port 58554
2026-09-05T05:32:41+00:00 blocksynergy sshd[68337]: debug1: do_cleanup
2026-09-05T05:32:41+00:00 blocksynergy sshd[68337]: debug3: PAM: sshpam_thread_cleanup entering
2026-09-05T05:32:41+00:00 blocksynergy sshd[68337]: debug1: temporarily_use_uid: 1001/1003 (e=1001/1003)
2026-09-05T05:32:41+00:00 blocksynergy sshd[68337]: debug1: restore_uid: (unprivileged)
2026-09-05T05:36:17+00:00 blocksynergy sshd[63724]: debug3: receive packet: type 98
2026-09-05T05:36:17+00:00 blocksynergy sshd[63724]: debug1: server_input_channel_req: channel 0 request window-change reply 0
2026-09-05T05:36:17+00:00 blocksynergy sshd[63724]: debug1: session_by_channel: session 0 channel 0
2026-09-05T05:36:17+00:00 blocksynergy sshd[63724]: debug1: session_input_channel_req: session 0 req window-change
2026-09-05T05:36:17+00:00 blocksynergy sshd[63724]: debug3: receive packet: type 98
2026-09-05T05:36:17+00:00 blocksynergy sshd[63724]: debug1: server_input_channel_req: channel 0 request window-change reply 0
2026-09-05T05:36:17+00:00 blocksynergy sshd[63724]: debug1: session_by_channel: session 0 channel 0
2026-09-05T05:36:17+00:00 blocksynergy sshd[63724]: debug1: session_input_channel_req: session 0 req window-change
2026-09-05T05:36:19+00:00 blocksynergy sshd[63724]: debug3: receive packet: type 98
2026-09-05T05:36:19+00:00 blocksynergy sshd[63724]: debug1: server_input_channel_req: channel 0 request window-change reply 0
2026-09-05T05:36:19+00:00 blocksynergy sshd[63724]: debug1: session_by_channel: session 0 channel 0
2026-09-05T05:36:19+00:00 blocksynergy sshd[63724]: debug1: session_input_channel_req: session 0 req window-change
2026-09-05T05:36:20+00:00 blocksynergy sshd[63724]: debug3: receive packet: type 98
2026-09-05T05:36:20+00:00 blocksynergy sshd[63724]: debug1: server_input_channel_req: channel 0 request window-change reply 0
2026-09-05T05:36:20+00:00 blocksynergy sshd[63724]: debug1: session_by_channel: session 0 channel 0
2026-09-05T05:36:20+00:00 blocksynergy sshd[63724]: debug1: session_input_channel_req: session 0 req window-change
2026-09-05T05:36:23+00:00 blocksynergy sshd[63724]: debug3: receive packet: type 98
2026-09-05T05:36:23+00:00 blocksynergy sshd[63724]: debug1: server_input_channel_req: channel 0 request window-change reply 0
2026-09-05T05:36:23+00:00 blocksynergy sshd[63724]: debug1: session_by_channel: session 0 channel 0
2026-09-05T05:36:23+00:00 blocksynergy sshd[63724]: debug1: session_input_channel_req: session 0 req window-change
2026-09-05T05:36:23+00:00 blocksynergy sshd[38697]: debug3: receive packet: type 98
2026-09-05T05:36:23+00:00 blocksynergy sshd[38697]: debug1: server_input_channel_req: channel 0 request window-change reply 0
2026-09-05T05:36:23+00:00 blocksynergy sshd[38697]: debug1: session_by_channel: session 0 channel 0
2026-09-05T05:36:23+00:00 blocksynergy sshd[38697]: debug1: session_input_channel_req: session 0 req window-change
2026-09-05T05:36:23+00:00 blocksynergy sshd[38697]: debug3: receive packet: type 98
2026-09-05T05:36:23+00:00 blocksynergy sshd[63724]: debug3: receive packet: type 98
2026-09-05T05:36:23+00:00 blocksynergy sshd[38697]: debug1: server_input_channel_req: channel 0 request window-change reply 0
2026-09-05T05:36:23+00:00 blocksynergy sshd[63724]: debug1: server_input_channel_req: channel 0 request window-change reply 0
2026-09-05T05:36:23+00:00 blocksynergy sshd[38697]: debug1: session_by_channel: session 0 channel 0
2026-09-05T05:36:23+00:00 blocksynergy sshd[63724]: debug1: session_by_channel: session 0 channel 0
2026-09-05T05:36:23+00:00 blocksynergy sshd[38697]: debug1: session_input_channel_req: session 0 req window-change
2026-09-05T05:36:23+00:00 blocksynergy sshd[63724]: debug1: session_input_channel_req: session 0 req window-change
2026-09-05T05:36:23+00:00 blocksynergy sshd[38697]: debug3: receive packet: type 98
2026-09-05T05:36:23+00:00 blocksynergy sshd[63724]: debug3: receive packet: type 98
2026-09-05T05:36:23+00:00 blocksynergy sshd[38697]: debug1: server_input_channel_req: channel 0 request window-change reply 0
2026-09-05T05:36:23+00:00 blocksynergy sshd[63724]: debug1: server_input_channel_req: channel 0 request window-change reply 0
2026-09-05T05:36:23+00:00 blocksynergy sshd[38697]: debug1: session_by_channel: session 0 channel 0
2026-09-05T05:36:23+00:00 blocksynergy sshd[63724]: debug1: session_by_channel: session 0 channel 0
2026-09-05T05:36:23+00:00 blocksynergy sshd[38697]: debug1: session_input_channel_req: session 0 req window-change
2026-09-05T05:36:23+00:00 blocksynergy sshd[63724]: debug1: session_input_channel_req: session 0 req window-change
2026-09-05T05:36:24+00:00 blocksynergy sshd[63724]: debug3: receive packet: type 98
2026-09-05T05:36:24+00:00 blocksynergy sshd[63724]: debug1: server_input_channel_req: channel 0 request window-change reply 0
2026-09-05T05:36:24+00:00 blocksynergy sshd[63724]: debug1: session_by_channel: session 0 channel 0
2026-09-05T05:36:24+00:00 blocksynergy sshd[63724]: debug1: session_input_channel_req: session 0 req window-change
2026-09-05T05:36:24+00:00 blocksynergy sshd[38697]: debug3: receive packet: type 98
2026-09-05T05:36:24+00:00 blocksynergy sshd[38697]: debug1: server_input_channel_req: channel 0 request window-change reply 0
2026-09-05T05:36:24+00:00 blocksynergy sshd[38697]: debug1: session_by_channel: session 0 channel 0
2026-09-05T05:36:24+00:00 blocksynergy sshd[38697]: debug1: session_input_channel_req: session 0 req window-change
2026-09-05T05:36:24+00:00 blocksynergy sshd[38697]: debug3: receive packet: type 98
2026-09-05T05:36:24+00:00 blocksynergy sshd[38697]: debug1: server_input_channel_req: channel 0 request window-change reply 0
2026-09-05T05:36:24+00:00 blocksynergy sshd[38697]: debug1: session_by_channel: session 0 channel 0
2026-09-05T05:36:24+00:00 blocksynergy sshd[38697]: debug1: session_input_channel_req: session 0 req window-change
2026-09-05T05:36:24+00:00 blocksynergy sshd[63724]: debug3: receive packet: type 98
2026-09-05T05:36:24+00:00 blocksynergy sshd[63724]: debug1: server_input_channel_req: channel 0 request window-change reply 0
2026-09-05T05:36:24+00:00 blocksynergy sshd[63724]: debug1: session_by_channel: session 0 channel 0
2026-09-05T05:36:24+00:00 blocksynergy sshd[63724]: debug1: session_input_channel_req: session 0 req window-change
2026-09-05T05:36:24+00:00 blocksynergy sshd[63724]: debug3: receive packet: type 98
2026-09-05T05:36:24+00:00 blocksynergy sshd[63724]: debug1: server_input_channel_req: channel 0 request window-change reply 0
2026-09-05T05:36:24+00:00 blocksynergy sshd[38697]: debug3: receive packet: type 98
2026-09-05T05:36:24+00:00 blocksynergy sshd[63724]: debug1: session_by_channel: session 0 channel 0
2026-09-05T05:36:24+00:00 blocksynergy sshd[38697]: debug1: server_input_channel_req: channel 0 request window-change reply 0
2026-09-05T05:36:24+00:00 blocksynergy sshd[63724]: debug1: session_input_channel_req: session 0 req window-change
2026-09-05T05:36:24+00:00 blocksynergy sshd[38697]: debug1: session_by_channel: session 0 channel 0
2026-09-05T05:36:24+00:00 blocksynergy sshd[38697]: debug1: session_input_channel_req: session 0 req window-change
2026-09-05T05:36:24+00:00 blocksynergy sshd[63724]: debug3: receive packet: type 98
2026-09-05T05:36:24+00:00 blocksynergy sshd[38697]: debug3: receive packet: type 98
2026-09-05T05:36:24+00:00 blocksynergy sshd[63724]: debug1: server_input_channel_req: channel 0 request window-change reply 0
2026-09-05T05:36:24+00:00 blocksynergy sshd[38697]: debug1: server_input_channel_req: channel 0 request window-change reply 0
2026-09-05T05:36:24+00:00 blocksynergy sshd[63724]: debug1: session_by_channel: session 0 channel 0
2026-09-05T05:36:24+00:00 blocksynergy sshd[38697]: debug1: session_by_channel: session 0 channel 0
2026-09-05T05:36:24+00:00 blocksynergy sshd[63724]: debug1: session_input_channel_req: session 0 req window-change
2026-09-05T05:36:24+00:00 blocksynergy sshd[38697]: debug1: session_input_channel_req: session 0 req window-change
2026-09-05T05:36:25+00:00 blocksynergy sshd[63724]: debug3: receive packet: type 98
2026-09-05T05:36:25+00:00 blocksynergy sshd[38697]: debug3: receive packet: type 98
2026-09-05T05:36:25+00:00 blocksynergy sshd[38697]: debug1: server_input_channel_req: channel 0 request window-change reply 0
2026-09-05T05:36:25+00:00 blocksynergy sshd[63724]: debug1: server_input_channel_req: channel 0 request window-change reply 0
2026-09-05T05:36:25+00:00 blocksynergy sshd[38697]: debug1: session_by_channel: session 0 channel 0
2026-09-05T05:36:25+00:00 blocksynergy sshd[63724]: debug1: session_by_channel: session 0 channel 0
2026-09-05T05:36:25+00:00 blocksynergy sshd[38697]: debug1: session_input_channel_req: session 0 req window-change
2026-09-05T05:36:25+00:00 blocksynergy sshd[63724]: debug1: session_input_channel_req: session 0 req window-change
2026-09-05T05:36:25+00:00 blocksynergy sshd[63724]: debug3: receive packet: type 98
2026-09-05T05:36:25+00:00 blocksynergy sshd[63724]: debug1: server_input_channel_req: channel 0 request window-change reply 0
2026-09-05T05:36:25+00:00 blocksynergy sshd[63724]: debug1: session_by_channel: session 0 channel 0
2026-09-05T05:36:25+00:00 blocksynergy sshd[63724]: debug1: session_input_channel_req: session 0 req window-change
2026-09-05T05:36:25+00:00 blocksynergy sshd[38697]: debug3: receive packet: type 98
2026-09-05T05:36:25+00:00 blocksynergy sshd[38697]: debug1: server_input_channel_req: channel 0 request window-change reply 0
2026-09-05T05:36:25+00:00 blocksynergy sshd[38697]: debug1: session_by_channel: session 0 channel 0
2026-09-05T05:36:25+00:00 blocksynergy sshd[38697]: debug1: session_input_channel_req: session 0 req window-change
2026-09-05T05:36:25+00:00 blocksynergy sshd[38697]: debug3: receive packet: type 98
2026-09-05T05:36:25+00:00 blocksynergy sshd[63724]: debug3: receive packet: type 98
2026-09-05T05:36:25+00:00 blocksynergy sshd[38697]: debug1: server_input_channel_req: channel 0 request window-change reply 0
2026-09-05T05:36:25+00:00 blocksynergy sshd[63724]: debug1: server_input_channel_req: channel 0 request window-change reply 0
2026-09-05T05:36:25+00:00 blocksynergy sshd[38697]: debug1: session_by_channel: session 0 channel 0
2026-09-05T05:36:25+00:00 blocksynergy sshd[63724]: debug1: session_by_channel: session 0 channel 0
2026-09-05T05:36:25+00:00 blocksynergy sshd[38697]: debug1: session_input_channel_req: session 0 req window-change
2026-09-05T05:36:25+00:00 blocksynergy sshd[63724]: debug1: session_input_channel_req: session 0 req window-change
2026-09-05T05:36:25+00:00 blocksynergy sshd[38697]: debug3: receive packet: type 98
2026-09-05T05:36:25+00:00 blocksynergy sshd[63724]: debug3: receive packet: type 98
2026-09-05T05:36:25+00:00 blocksynergy sshd[38697]: debug1: server_input_channel_req: channel 0 request window-change reply 0
2026-09-05T05:36:25+00:00 blocksynergy sshd[63724]: debug1: server_input_channel_req: channel 0 request window-change reply 0
2026-09-05T05:36:25+00:00 blocksynergy sshd[38697]: debug1: session_by_channel: session 0 channel 0
2026-09-05T05:36:25+00:00 blocksynergy sshd[63724]: debug1: session_by_channel: session 0 channel 0
2026-09-05T05:36:25+00:00 blocksynergy sshd[38697]: debug1: session_input_channel_req: session 0 req window-change
2026-09-05T05:36:25+00:00 blocksynergy sshd[63724]: debug1: session_input_channel_req: session 0 req window-change
2026-09-05T05:36:25+00:00 blocksynergy sshd[63724]: debug2: channel 0: rcvd adjust 50468
2026-09-05T05:36:26+00:00 blocksynergy sshd[38697]: debug3: receive packet: type 98
2026-09-05T05:36:26+00:00 blocksynergy sshd[63724]: debug3: receive packet: type 98
2026-09-05T05:36:26+00:00 blocksynergy sshd[38697]: debug1: server_input_channel_req: channel 0 request window-change reply 0
2026-09-05T05:36:26+00:00 blocksynergy sshd[63724]: debug1: server_input_channel_req: channel 0 request window-change reply 0
2026-09-05T05:36:26+00:00 blocksynergy sshd[38697]: debug1: session_by_channel: session 0 channel 0
2026-09-05T05:36:26+00:00 blocksynergy sshd[38697]: debug1: session_input_channel_req: session 0 req window-change
2026-09-05T05:36:26+00:00 blocksynergy sshd[63724]: debug1: session_by_channel: session 0 channel 0
2026-09-05T05:36:26+00:00 blocksynergy sshd[63724]: debug1: session_input_channel_req: session 0 req window-change
2026-09-05T05:36:26+00:00 blocksynergy sshd[63724]: debug3: receive packet: type 98
2026-09-05T05:36:26+00:00 blocksynergy sshd[63724]: debug1: server_input_channel_req: channel 0 request window-change reply 0
2026-09-05T05:36:26+00:00 blocksynergy sshd[63724]: debug1: session_by_channel: session 0 channel 0
2026-09-05T05:36:26+00:00 blocksynergy sshd[63724]: debug1: session_input_channel_req: session 0 req window-change
2026-09-05T05:36:26+00:00 blocksynergy sshd[38697]: debug3: receive packet: type 98
2026-09-05T05:36:26+00:00 blocksynergy sshd[38697]: debug1: server_input_channel_req: channel 0 request window-change reply 0
2026-09-05T05:36:26+00:00 blocksynergy sshd[38697]: debug1: session_by_channel: session 0 channel 0
2026-09-05T05:36:26+00:00 blocksynergy sshd[38697]: debug1: session_input_channel_req: session 0 req window-change
2026-09-05T05:36:26+00:00 blocksynergy sshd[63724]: debug3: receive packet: type 98
2026-09-05T05:36:26+00:00 blocksynergy sshd[38697]: debug3: receive packet: type 98
2026-09-05T05:36:26+00:00 blocksynergy sshd[63724]: debug1: server_input_channel_req: channel 0 request window-change reply 0
2026-09-05T05:36:26+00:00 blocksynergy sshd[38697]: debug1: server_input_channel_req: channel 0 request window-change reply 0
2026-09-05T05:36:26+00:00 blocksynergy sshd[63724]: debug1: session_by_channel: session 0 channel 0
2026-09-05T05:36:26+00:00 blocksynergy sshd[63724]: debug1: session_input_channel_req: session 0 req window-change
2026-09-05T05:36:26+00:00 blocksynergy sshd[38697]: debug1: session_by_channel: session 0 channel 0
2026-09-05T05:36:26+00:00 blocksynergy sshd[38697]: debug1: session_input_channel_req: session 0 req window-change
2026-09-05T05:36:28+00:00 blocksynergy sshd[38697]: debug3: receive packet: type 98
2026-09-05T05:36:28+00:00 blocksynergy sshd[38697]: debug1: server_input_channel_req: channel 0 request window-change reply 0
2026-09-05T05:36:28+00:00 blocksynergy sshd[38697]: debug1: session_by_channel: session 0 channel 0
2026-09-05T05:36:28+00:00 blocksynergy sshd[38697]: debug1: session_input_channel_req: session 0 req window-change
2026-09-05T05:36:28+00:00 blocksynergy sshd[63724]: debug3: receive packet: type 98
2026-09-05T05:36:28+00:00 blocksynergy sshd[63724]: debug1: server_input_channel_req: channel 0 request window-change reply 0
2026-09-05T05:36:28+00:00 blocksynergy sshd[63724]: debug1: session_by_channel: session 0 channel 0
2026-09-05T05:36:28+00:00 blocksynergy sshd[63724]: debug1: session_input_channel_req: session 0 req window-change
2026-09-05T05:36:30+00:00 blocksynergy sshd[63724]: debug3: receive packet: type 98
2026-09-05T05:36:30+00:00 blocksynergy sshd[63724]: debug1: server_input_channel_req: channel 0 request window-change reply 0
2026-09-05T05:36:30+00:00 blocksynergy sshd[63724]: debug1: session_by_channel: session 0 channel 0
2026-09-05T05:36:30+00:00 blocksynergy sshd[63724]: debug1: session_input_channel_req: session 0 req window-change
2026-09-05T05:36:30+00:00 blocksynergy sshd[63724]: debug3: receive packet: type 98
2026-09-05T05:36:30+00:00 blocksynergy sshd[63724]: debug1: server_input_channel_req: channel 0 request window-change reply 0
2026-09-05T05:36:30+00:00 blocksynergy sshd[63724]: debug1: session_by_channel: session 0 channel 0
2026-09-05T05:36:30+00:00 blocksynergy sshd[63724]: debug1: session_input_channel_req: session 0 req window-change
2026-09-05T05:36:31+00:00 blocksynergy sshd[63724]: debug3: receive packet: type 98
2026-09-05T05:36:31+00:00 blocksynergy sshd[63724]: debug1: server_input_channel_req: channel 0 request window-change reply 0
2026-09-05T05:36:31+00:00 blocksynergy sshd[63724]: debug1: session_by_channel: session 0 channel 0
2026-09-05T05:36:31+00:00 blocksynergy sshd[63724]: debug1: session_input_channel_req: session 0 req window-change
2026-09-05T05:37:21+00:00 blocksynergy sshd[63724]: debug3: receive packet: type 98
2026-09-05T05:37:21+00:00 blocksynergy sshd[63724]: debug1: server_input_channel_req: channel 0 request window-change reply 0
2026-09-05T05:37:21+00:00 blocksynergy sshd[63724]: debug1: session_by_channel: session 0 channel 0
2026-09-05T05:37:21+00:00 blocksynergy sshd[63724]: debug1: session_input_channel_req: session 0 req window-change
2026-09-05T05:37:22+00:00 blocksynergy sshd[38697]: debug3: receive packet: type 98
2026-09-05T05:37:22+00:00 blocksynergy sshd[38697]: debug1: server_input_channel_req: channel 0 request window-change reply 0
2026-09-05T05:37:22+00:00 blocksynergy sshd[38697]: debug1: session_by_channel: session 0 channel 0
2026-09-05T05:37:22+00:00 blocksynergy sshd[38697]: debug1: session_input_channel_req: session 0 req window-change
2026-09-05T05:37:22+00:00 blocksynergy sshd[63724]: debug3: receive packet: type 98
2026-09-05T05:37:22+00:00 blocksynergy sshd[63724]: debug1: server_input_channel_req: channel 0 request window-change reply 0
2026-09-05T05:37:22+00:00 blocksynergy sshd[63724]: debug1: session_by_channel: session 0 channel 0
2026-09-05T05:37:22+00:00 blocksynergy sshd[63724]: debug1: session_input_channel_req: session 0 req window-change
2026-09-05T05:37:22+00:00 blocksynergy sshd[63724]: debug3: receive packet: type 98
2026-09-05T05:37:22+00:00 blocksynergy sshd[63724]: debug1: server_input_channel_req: channel 0 request window-change reply 0
2026-09-05T05:37:22+00:00 blocksynergy sshd[63724]: debug1: session_by_channel: session 0 channel 0
2026-09-05T05:37:22+00:00 blocksynergy sshd[63724]: debug1: session_input_channel_req: session 0 req window-change
2026-09-05T05:37:22+00:00 blocksynergy sshd[63724]: debug3: receive packet: type 98
2026-09-05T05:37:22+00:00 blocksynergy sshd[63724]: debug1: server_input_channel_req: channel 0 request window-change reply 0
2026-09-05T05:37:22+00:00 blocksynergy sshd[63724]: debug1: session_by_channel: session 0 channel 0
2026-09-05T05:37:22+00:00 blocksynergy sshd[63724]: debug1: session_input_channel_req: session 0 req window-change
2026-09-05T05:37:24+00:00 blocksynergy sshd[63724]: debug3: receive packet: type 98
2026-09-05T05:37:24+00:00 blocksynergy sshd[63724]: debug1: server_input_channel_req: channel 0 request window-change reply 0
2026-09-05T05:37:24+00:00 blocksynergy sshd[63724]: debug1: session_by_channel: session 0 channel 0
2026-09-05T05:37:24+00:00 blocksynergy sshd[63724]: debug1: session_input_channel_req: session 0 req window-change
2026-09-05T05:37:24+00:00 blocksynergy sshd[38697]: debug3: receive packet: type 98
2026-09-05T05:37:24+00:00 blocksynergy sshd[38697]: debug1: server_input_channel_req: channel 0 request window-change reply 0
2026-09-05T05:37:24+00:00 blocksynergy sshd[38697]: debug1: session_by_channel: session 0 channel 0
2026-09-05T05:37:24+00:00 blocksynergy sshd[38697]: debug1: session_input_channel_req: session 0 req window-change
2026-09-05T05:37:24+00:00 blocksynergy sshd[38697]: debug3: receive packet: type 98
2026-09-05T05:37:24+00:00 blocksynergy sshd[38697]: debug1: server_input_channel_req: channel 0 request window-change reply 0
2026-09-05T05:37:24+00:00 blocksynergy sshd[38697]: debug1: session_by_channel: session 0 channel 0
2026-09-05T05:37:24+00:00 blocksynergy sshd[38697]: debug1: session_input_channel_req: session 0 req window-change
2026-09-05T05:37:24+00:00 blocksynergy sshd[63724]: debug3: receive packet: type 98
2026-09-05T05:37:24+00:00 blocksynergy sshd[63724]: debug1: server_input_channel_req: channel 0 request window-change reply 0
2026-09-05T05:37:24+00:00 blocksynergy sshd[63724]: debug1: session_by_channel: session 0 channel 0
2026-09-05T05:37:24+00:00 blocksynergy sshd[63724]: debug1: session_input_channel_req: session 0 req window-change
2026-09-05T05:37:24+00:00 blocksynergy sshd[63724]: debug3: receive packet: type 98
2026-09-05T05:37:24+00:00 blocksynergy sshd[63724]: debug1: server_input_channel_req: channel 0 request window-change reply 0
2026-09-05T05:37:24+00:00 blocksynergy sshd[63724]: debug1: session_by_channel: session 0 channel 0
2026-09-05T05:37:24+00:00 blocksynergy sshd[63724]: debug1: session_input_channel_req: session 0 req window-change
2026-09-05T05:37:25+00:00 blocksynergy sshd[38697]: debug3: receive packet: type 98
2026-09-05T05:37:25+00:00 blocksynergy sshd[38697]: debug1: server_input_channel_req: channel 0 request window-change reply 0
2026-09-05T05:37:25+00:00 blocksynergy sshd[38697]: debug1: session_by_channel: session 0 channel 0
2026-09-05T05:37:25+00:00 blocksynergy sshd[38697]: debug1: session_input_channel_req: session 0 req window-change
2026-09-05T05:37:25+00:00 blocksynergy sshd[63724]: debug3: receive packet: type 98
2026-09-05T05:37:25+00:00 blocksynergy sshd[63724]: debug1: server_input_channel_req: channel 0 request window-change reply 0
2026-09-05T05:37:25+00:00 blocksynergy sshd[63724]: debug1: session_by_channel: session 0 channel 0
2026-09-05T05:37:25+00:00 blocksynergy sshd[63724]: debug1: session_input_channel_req: session 0 req window-change
2026-09-05T05:37:25+00:00 blocksynergy sshd[38697]: debug3: receive packet: type 98
2026-09-05T05:37:25+00:00 blocksynergy sshd[38697]: debug1: server_input_channel_req: channel 0 request window-change reply 0
2026-09-05T05:37:25+00:00 blocksynergy sshd[38697]: debug1: session_by_channel: session 0 channel 0
2026-09-05T05:37:25+00:00 blocksynergy sshd[38697]: debug1: session_input_channel_req: session 0 req window-change
2026-09-05T05:37:25+00:00 blocksynergy sshd[63724]: debug3: receive packet: type 98
2026-09-05T05:37:25+00:00 blocksynergy sshd[38697]: debug3: receive packet: type 98
2026-09-05T05:37:25+00:00 blocksynergy sshd[63724]: debug1: server_input_channel_req: channel 0 request window-change reply 0
2026-09-05T05:37:25+00:00 blocksynergy sshd[38697]: debug1: server_input_channel_req: channel 0 request window-change reply 0
2026-09-05T05:37:25+00:00 blocksynergy sshd[63724]: debug1: session_by_channel: session 0 channel 0
2026-09-05T05:37:25+00:00 blocksynergy sshd[38697]: debug1: session_by_channel: session 0 channel 0
2026-09-05T05:37:25+00:00 blocksynergy sshd[63724]: debug1: session_input_channel_req: session 0 req window-change
2026-09-05T05:37:25+00:00 blocksynergy sshd[38697]: debug1: session_input_channel_req: session 0 req window-change
2026-09-05T05:37:25+00:00 blocksynergy sshd[38697]: debug3: receive packet: type 98
2026-09-05T05:37:25+00:00 blocksynergy sshd[63724]: debug3: receive packet: type 98
2026-09-05T05:37:25+00:00 blocksynergy sshd[63724]: debug1: server_input_channel_req: channel 0 request window-change reply 0
2026-09-05T05:37:25+00:00 blocksynergy sshd[38697]: debug1: server_input_channel_req: channel 0 request window-change reply 0
2026-09-05T05:37:25+00:00 blocksynergy sshd[63724]: debug1: session_by_channel: session 0 channel 0
2026-09-05T05:37:25+00:00 blocksynergy sshd[38697]: debug1: session_by_channel: session 0 channel 0
2026-09-05T05:37:25+00:00 blocksynergy sshd[38697]: debug1: session_input_channel_req: session 0 req window-change
2026-09-05T05:37:25+00:00 blocksynergy sshd[63724]: debug1: session_input_channel_req: session 0 req window-change
2026-09-05T05:37:26+00:00 blocksynergy sshd[38697]: debug3: receive packet: type 98
2026-09-05T05:37:26+00:00 blocksynergy sshd[63724]: debug3: receive packet: type 98
2026-09-05T05:37:26+00:00 blocksynergy sshd[38697]: debug1: server_input_channel_req: channel 0 request window-change reply 0
2026-09-05T05:37:26+00:00 blocksynergy sshd[63724]: debug1: server_input_channel_req: channel 0 request window-change reply 0
2026-09-05T05:37:26+00:00 blocksynergy sshd[38697]: debug1: session_by_channel: session 0 channel 0
2026-09-05T05:37:26+00:00 blocksynergy sshd[63724]: debug1: session_by_channel: session 0 channel 0
2026-09-05T05:37:26+00:00 blocksynergy sshd[38697]: debug1: session_input_channel_req: session 0 req window-change
2026-09-05T05:37:26+00:00 blocksynergy sshd[63724]: debug1: session_input_channel_req: session 0 req window-change
2026-09-05T05:37:26+00:00 blocksynergy sshd[38697]: debug3: receive packet: type 98
2026-09-05T05:37:26+00:00 blocksynergy sshd[38697]: debug1: server_input_channel_req: channel 0 request window-change reply 0
2026-09-05T05:37:26+00:00 blocksynergy sshd[38697]: debug1: session_by_channel: session 0 channel 0
2026-09-05T05:37:26+00:00 blocksynergy sshd[38697]: debug1: session_input_channel_req: session 0 req window-change
2026-09-05T05:37:26+00:00 blocksynergy sshd[63724]: debug3: receive packet: type 98
2026-09-05T05:37:26+00:00 blocksynergy sshd[63724]: debug1: server_input_channel_req: channel 0 request window-change reply 0
2026-09-05T05:37:26+00:00 blocksynergy sshd[63724]: debug1: session_by_channel: session 0 channel 0
2026-09-05T05:37:26+00:00 blocksynergy sshd[63724]: debug1: session_input_channel_req: session 0 req window-change
2026-09-05T05:37:26+00:00 blocksynergy sshd[63724]: debug3: receive packet: type 98
2026-09-05T05:37:26+00:00 blocksynergy sshd[38697]: debug3: receive packet: type 98
2026-09-05T05:37:26+00:00 blocksynergy sshd[63724]: debug1: server_input_channel_req: channel 0 request window-change reply 0
2026-09-05T05:37:26+00:00 blocksynergy sshd[38697]: debug1: server_input_channel_req: channel 0 request window-change reply 0
2026-09-05T05:37:26+00:00 blocksynergy sshd[63724]: debug1: session_by_channel: session 0 channel 0
2026-09-05T05:37:26+00:00 blocksynergy sshd[63724]: debug1: session_input_channel_req: session 0 req window-change
2026-09-05T05:37:26+00:00 blocksynergy sshd[38697]: debug1: session_by_channel: session 0 channel 0
2026-09-05T05:37:26+00:00 blocksynergy sshd[38697]: debug1: session_input_channel_req: session 0 req window-change
2026-09-05T05:37:26+00:00 blocksynergy sshd[63724]: debug3: receive packet: type 98
2026-09-05T05:37:26+00:00 blocksynergy sshd[38697]: debug3: receive packet: type 98
2026-09-05T05:37:26+00:00 blocksynergy sshd[38697]: debug1: server_input_channel_req: channel 0 request window-change reply 0
2026-09-05T05:37:26+00:00 blocksynergy sshd[63724]: debug1: server_input_channel_req: channel 0 request window-change reply 0
2026-09-05T05:37:26+00:00 blocksynergy sshd[38697]: debug1: session_by_channel: session 0 channel 0
2026-09-05T05:37:26+00:00 blocksynergy sshd[63724]: debug1: session_by_channel: session 0 channel 0
2026-09-05T05:37:26+00:00 blocksynergy sshd[38697]: debug1: session_input_channel_req: session 0 req window-change
2026-09-05T05:37:26+00:00 blocksynergy sshd[63724]: debug1: session_input_channel_req: session 0 req window-change
2026-09-05T05:37:27+00:00 blocksynergy sshd[38697]: debug3: receive packet: type 98
2026-09-05T05:37:27+00:00 blocksynergy sshd[63724]: debug3: receive packet: type 98
2026-09-05T05:37:27+00:00 blocksynergy sshd[63724]: debug1: server_input_channel_req: channel 0 request window-change reply 0
2026-09-05T05:37:27+00:00 blocksynergy sshd[38697]: debug1: server_input_channel_req: channel 0 request window-change reply 0
2026-09-05T05:37:27+00:00 blocksynergy sshd[63724]: debug1: session_by_channel: session 0 channel 0
2026-09-05T05:37:27+00:00 blocksynergy sshd[38697]: debug1: session_by_channel: session 0 channel 0
2026-09-05T05:37:27+00:00 blocksynergy sshd[63724]: debug1: session_input_channel_req: session 0 req window-change
2026-09-05T05:37:27+00:00 blocksynergy sshd[38697]: debug1: session_input_channel_req: session 0 req window-change
2026-09-05T05:37:27+00:00 blocksynergy sshd[63724]: debug3: receive packet: type 98
2026-09-05T05:37:27+00:00 blocksynergy sshd[63724]: debug1: server_input_channel_req: channel 0 request window-change reply 0
2026-09-05T05:37:27+00:00 blocksynergy sshd[63724]: debug1: session_by_channel: session 0 channel 0
2026-09-05T05:37:27+00:00 blocksynergy sshd[63724]: debug1: session_input_channel_req: session 0 req window-change
2026-09-05T05:37:27+00:00 blocksynergy sshd[38697]: debug3: receive packet: type 98
2026-09-05T05:37:27+00:00 blocksynergy sshd[38697]: debug1: server_input_channel_req: channel 0 request window-change reply 0
2026-09-05T05:37:27+00:00 blocksynergy sshd[38697]: debug1: session_by_channel: session 0 channel 0
2026-09-05T05:37:27+00:00 blocksynergy sshd[38697]: debug1: session_input_channel_req: session 0 req window-change
2026-09-05T05:37:27+00:00 blocksynergy sshd[63724]: debug3: receive packet: type 98
2026-09-05T05:37:27+00:00 blocksynergy sshd[38697]: debug3: receive packet: type 98
2026-09-05T05:37:27+00:00 blocksynergy sshd[63724]: debug1: server_input_channel_req: channel 0 request window-change reply 0
2026-09-05T05:37:27+00:00 blocksynergy sshd[38697]: debug1: server_input_channel_req: channel 0 request window-change reply 0
2026-09-05T05:37:27+00:00 blocksynergy sshd[63724]: debug1: session_by_channel: session 0 channel 0
2026-09-05T05:37:27+00:00 blocksynergy sshd[38697]: debug1: session_by_channel: session 0 channel 0
2026-09-05T05:37:27+00:00 blocksynergy sshd[63724]: debug1: session_input_channel_req: session 0 req window-change
2026-09-05T05:37:27+00:00 blocksynergy sshd[38697]: debug1: session_input_channel_req: session 0 req window-change
2026-09-05T05:44:42+00:00 blocksynergy sshd[38697]: debug3: send packet: type 2
2026-09-05T05:44:42+00:00 blocksynergy sudo[81611]: pam_unix(sudo:auth): authentication failure; logname=hank uid=1001 euid=0 tty=/dev/pts/1 ruser=hank rhost=  user=hank
2026-09-05T05:45:14+00:00 blocksynergy sshd[38697]: debug3: send packet: type 2
2026-09-05T05:45:17+00:00 blocksynergy sudo[81611]:     hank : command not allowed ; TTY=pts/1 ; PWD=/ ; USER=root ; COMMAND=list
2026-09-05T05:45:35+00:00 blocksynergy crontab[83969]: (hank) LIST (hank)
