TimeGenerated,EventID,Computer,Provider,Channel,RecordID,Level,Binary,Data_text,Data_text_0,Data_text_1,Data_text_2,Data_text_3,Data_text_4,Data_text_5,Data_text_6,Data_text_7,Data_text_8,Data_text_9
2025-08-13T11:04:44.041476Z,"{'#attributes': {'Qualifiers': 0}, '#text': 102}",DC01,NTDS ISAM,Directory Service,1,4,,,NTDS,"756,P,98",NTDSA: ,0,10,00,17763,0000,,
2025-08-13T11:04:44.072559Z,"{'#attributes': {'Qualifiers': 0}, '#text': 105}",DC01,NTDS ISAM,Directory Service,2,4,,,NTDS,"756,D,0",NTDSA: ,0,0,"
[1] 0.000275 +J(0) +M(C:0K, Fs:61, WS:224K # 0K, PF:2376K # 0K, P:2376K)
[2] 0.000086 +J(0) +M(C:16K, Fs:69, WS:272K # 0K, PF:868K # 0K, P:868K)
[3] 0.000009 +J(0) +M(C:0K, Fs:4, WS:16K # 0K, PF:64K # 0K, P:64K)
[4] 0.001825 -0.000081 (1) WT +J(0) +M(C:0K, Fs:130, WS:444K # 0K, PF:5080K # 0K, P:5080K)
[5] 0.000138 +J(0)
[6] 0.000389 +J(0) +M(C:0K, Fs:1, WS:4K # 0K, PF:12K # 0K, P:12K)
[7] -
[8] -
[9] -
[10] -
[11] -
[12] -
[13] 0.026117 -0.007865 (48) WT +J(CM:0, PgRf:0, Rd:0/0, Dy:0/0, Lg:616/1) +M(C:0K, Fs:2665, WS:400K # 5712K, PF:12K # 10108K, P:12K)
[14] 0.000012 +J(0)
[15] 0.000289 +J(0) +M(C:0K, Fs:206, WS:820K # 0K, PF:68K # 0K, P:68K)
[16] 0.004295 -0.000252 (2) WT +J(0) +M(C:0K, Fs:2, WS:0K # 0K, PF:0K # 0K, P:0K).",,,,
2025-08-13T11:04:44.074745Z,"{'#attributes': {'Qualifiers': 0}, '#text': 637}",DC01,NTDS ISAM,Directory Service,3,4,,,NTDS,"756,D,50",NTDSA: ,C:\Windows\NTDS\ntds.jfm,,,,,,
2025-08-13T11:04:44.081493Z,"{'#attributes': {'Qualifiers': 0}, '#text': 326}",DC01,NTDS ISAM,Directory Service,4,4,,,NTDS,"756,D,50",NTDSA: ,1,C:\Windows\NTDS\ntds.dit,0,"
[1] 0.000001 +J(0)
[2] 0.000370 -0.000103 (1) WT +J(0) +M(C:0K, Fs:18, WS:8K # 0K, PF:8K # 0K, P:8K)
[3] 0.004268 -0.000825 (3) WT +J(CM:0, PgRf:0, Rd:0/0, Dy:0/0, Lg:3480/2) +M(C:0K, Fs:13, WS:44K # 0K, PF:20K # 0K, P:20K)
[4] 0.000129 +J(0)
[5] -
[6] -
[7] -
[8] 0.000546 -0.000318 (2) CM -0.000214 (2) WT +J(CM:2, PgRf:2, Rd:4/2, Dy:0/0, Lg:0/0) +M(C:16K, Fs:15, WS:52K # 0K, PF:292K # 0K, P:292K)
[9] 0.001419 -0.001083 (6) CM -0.000739 (6) WT +J(CM:6, PgRf:24, Rd:0/5, Dy:0/0, Lg:0/0) +M(C:-8K, Fs:17, WS:28K # 0K, PF:204K # 0K, P:204K)
[10] 0.000798 -0.000669 (4) CM -0.000404 (4) WT +J(CM:4, PgRf:40, Rd:0/4, Dy:0/0, Lg:0/0) +M(C:0K, Fs:4, WS:4K # 0K, PF:64K # 0K, P:64K)
[11] 0.000162 -0.000143 (1) CM -0.000082 (1) WT +J(CM:1, PgRf:1, Rd:0/1, Dy:0/0, Lg:0/0) +M(C:0K, Fs:1, WS:0K # 0K, PF:0K # 0K, P:0K)
[12] 0.000022 +J(CM:0, PgRf:42, Rd:0/0, Dy:0/0, Lg:0/0)
[13] 0.0 +J(0)
[14] 0.0 +J(0)
[15] 0.000447 -0.000160 (2) WT +J(CM:0, PgRf:1, Rd:0/0, Dy:0/0, Lg:0/0) +M(C:0K, Fs:2, WS:0K # 0K, PF:0K # 0K, P:0K).",0 0,lgposAttach = 00000001:0001:0268,
2025-08-13T11:04:44.690193Z,"{'#attributes': {'Qualifiers': 16384}, '#text': 2013}",DC01,Microsoft-Windows-ActiveDirectory_DomainService,Directory Service,5,4,,,1,LCL_ABVIEW_index00000409 +ATTb590468 ,,,,,,,,
2025-08-13T11:04:44.796160Z,"{'#attributes': {'Qualifiers': 16384}, '#text': 2014}",DC01,Microsoft-Windows-ActiveDirectory_DomainService,Directory Service,6,4,,1,,,,,,,,,,
2025-08-13T11:04:45.087608Z,"{'#attributes': {'Qualifiers': 16384}, '#text': 2120}",DC01,Microsoft-Windows-ActiveDirectory_DomainService,Directory Service,7,4,,,,,,,,,,,,
2025-08-13T11:04:45.087608Z,"{'#attributes': {'Qualifiers': 16384}, '#text': 2405}",DC01,Microsoft-Windows-ActiveDirectory_DomainService,Directory Service,8,4,,Recycle Bin Feature,,,,,,,,,,
2025-08-13T11:04:45.087608Z,"{'#attributes': {'Qualifiers': 16384}, '#text': 2405}",DC01,Microsoft-Windows-ActiveDirectory_DomainService,Directory Service,9,4,,Privileged Access Management Feature,,,,,,,,,,
2025-08-13T11:04:48.482967Z,"{'#attributes': {'Qualifiers': 0}, '#text': 700}",DC01,NTDS ISAM,Directory Service,10,4,,,NTDS,"756,D,0",NTDSA: ,C:\Windows\NTDS\ntds.dit,,,,,,
2025-08-13T11:04:48.523918Z,"{'#attributes': {'Qualifiers': 0}, '#text': 701}",DC01,NTDS ISAM,Directory Service,11,4,,,NTDS,"756,D,0",NTDSA: ,C:\Windows\NTDS\ntds.dit,8,8/13/2025,0,1,1,1
2025-08-13T11:04:48.828471Z,"{'#attributes': {'Qualifiers': 0}, '#text': 103}",DC01,NTDS ISAM,Directory Service,12,4,,,NTDS,"756,T,97",NTDSA: ,0,"
[1] 0.000002 +J(0)
[2] 0.000006 +J(0)
[3] 0.000123 +J(CM:0, PgRf:45, Rd:0/0, Dy:3/49, Lg:2018/41) +M(C:-8K, Fs:4, WS:4K # 0K, PF:-8K # 0K, P:-8K)
[4] 0.000001 +J(0)
[5] 0.043298 -0.036395 (9) WT +J(0) +M(C:-116K, Fs:279, WS:104K # 0K, PF:-116K # 0K, P:-116K)
[6] 0.000007 +J(0)
[7] 0.000004 +J(0)
[8] 0.004117 -0.001311 (12) WT +J(CM:0, PgRf:0, Rd:0/0, Dy:0/0, Lg:3526/2) +M(C:0K, Fs:5, WS:-172K # 0K, PF:-172K # 0K, P:-172K)
[9] 0.000372 -0.000176 (1) WT +J(CM:0, PgRf:0, Rd:0/0, Dy:0/0, Lg:66/1) +M(C:0K, Fs:1, WS:4K # 0K, PF:0K # 0K, P:0K)
[10] 0.000009 +J(0)
[11] 0.000598 -0.000173 (2) WT +J(0)
[12] 0.000008 +J(0) +M(C:0K, Fs:0, WS:-4K # 0K, PF:-4K # 0K, P:-4K)
[13] 0.000123 +J(0)
[14] 0.000435 +J(0) +M(C:0K, Fs:0, WS:-6384K # 0K, PF:-6412K # 0K, P:-6412K)
[15] 0.000002 +J(0).",0,,,,
2025-08-13T11:04:48.456952Z,"{'#attributes': {'Qualifiers': 16384}, '#text': 1898}",DC01,Microsoft-Windows-ActiveDirectory_DomainService,Directory Service,13,4,,"CN=domain-dns,CN=Schema,CN=Configuration,DC=garfield,DC=htb",,,,,,,,,,
2025-08-13T11:04:48.456952Z,"{'#attributes': {'Qualifiers': 16384}, '#text': 1898}",DC01,Microsoft-Windows-ActiveDirectory_DomainService,Directory Service,14,4,,"CN=sam-domain,CN=Schema,CN=Configuration,DC=garfield,DC=htb",,,,,,,,,,
2025-08-13T11:04:48.482967Z,"{'#attributes': {'Qualifiers': 16384}, '#text': 1000}",DC01,Microsoft-Windows-ActiveDirectory_DomainService,Directory Service,15,4,,,,,,,,,,,,
2025-08-13T11:04:48.555915Z,"{'#attributes': {'Qualifiers': 16384}, '#text': 2064}",DC01,Microsoft-Windows-ActiveDirectory_DomainService,Directory Service,16,4,,,,,,,,,,,,
2025-08-13T11:04:48.831778Z,"{'#attributes': {'Qualifiers': 16384}, '#text': 1004}",DC01,Microsoft-Windows-ActiveDirectory_DomainService,Directory Service,17,4,,,,,,,,,,,,
2025-08-13T11:05:25.687293Z,"{'#attributes': {'Qualifiers': 16384}, '#text': 2064}",DC01.garfield.htb,Microsoft-Windows-ActiveDirectory_DomainService,Directory Service,18,4,,,,,,,,,,,,
2025-08-13T11:05:25.955394Z,"{'#attributes': {'Qualifiers': 32768}, '#text': 3051}",DC01.garfield.htb,Microsoft-Windows-ActiveDirectory_DomainService,Directory Service,19,3,,,,,,,,,,,,
2025-08-13T11:05:25.955394Z,"{'#attributes': {'Qualifiers': 32768}, '#text': 3054}",DC01.garfield.htb,Microsoft-Windows-ActiveDirectory_DomainService,Directory Service,20,3,,,,,,,,,,,,
2025-08-13T11:05:26.096103Z,"{'#attributes': {'Qualifiers': 16384}, '#text': 2121}",DC01.garfield.htb,Microsoft-Windows-ActiveDirectory_DomainService,Directory Service,21,4,,,,,,,,,,,,
2025-08-13T11:05:26.096103Z,"{'#attributes': {'Qualifiers': 16384}, '#text': 2406}",DC01.garfield.htb,Microsoft-Windows-ActiveDirectory_DomainService,Directory Service,22,4,,Recycle Bin Feature,,,,,,,,,,
2025-08-13T11:05:26.096103Z,"{'#attributes': {'Qualifiers': 16384}, '#text': 2406}",DC01.garfield.htb,Microsoft-Windows-ActiveDirectory_DomainService,Directory Service,23,4,,Privileged Access Management Feature,,,,,,,,,,
2025-08-13T11:05:26.096103Z,"{'#attributes': {'Qualifiers': 16384}, '#text': 2168}",DC01.garfield.htb,Microsoft-Windows-ActiveDirectory_DomainService,Directory Service,24,4,,1478102327957850644,,,,,,,,,,
2025-08-13T11:05:26.096103Z,"{'#attributes': {'Qualifiers': 16384}, '#text': 2120}",DC01.garfield.htb,Microsoft-Windows-ActiveDirectory_DomainService,Directory Service,25,4,,,,,,,,,,,,
2025-08-13T11:05:26.096103Z,"{'#attributes': {'Qualifiers': 16384}, '#text': 2405}",DC01.garfield.htb,Microsoft-Windows-ActiveDirectory_DomainService,Directory Service,26,4,,Recycle Bin Feature,,,,,,,,,,
2025-08-13T11:05:26.096103Z,"{'#attributes': {'Qualifiers': 16384}, '#text': 2405}",DC01.garfield.htb,Microsoft-Windows-ActiveDirectory_DomainService,Directory Service,27,4,,Privileged Access Management Feature,,,,,,,,,,
2025-08-13T11:05:36.118471Z,"{'#attributes': {'Qualifiers': 32768}, '#text': 2886}",DC01.garfield.htb,Microsoft-Windows-ActiveDirectory_DomainService,Directory Service,28,3,,,,,,,,,,,,
2025-08-13T11:05:36.118471Z,"{'#attributes': {'Qualifiers': 32768}, '#text': 3041}",DC01.garfield.htb,Microsoft-Windows-ActiveDirectory_DomainService,Directory Service,29,3,,,,,,,,,,,,
2025-08-13T11:05:36.118471Z,"{'#attributes': {'Qualifiers': 16384}, '#text': 1000}",DC01.garfield.htb,Microsoft-Windows-ActiveDirectory_DomainService,Directory Service,30,4,,,,,,,,,,,,
2025-08-13T11:05:52.510951Z,"{'#attributes': {'Qualifiers': 32768}, '#text': 1220}",DC01.garfield.htb,Microsoft-Windows-ActiveDirectory_DomainService,Directory Service,31,3,,,8009030e,No credentials are available in the security package,,,,,,,,
2025-08-13T11:06:06.125085Z,"{'#attributes': {'Qualifiers': 16384}, '#text': 1394}",DC01.garfield.htb,Microsoft-Windows-ActiveDirectory_DomainService,Directory Service,32,4,,,,,,,,,,,,
2025-08-13T11:06:09.363465Z,"{'#attributes': {'Qualifiers': 32768}, '#text': 1844}",DC01.garfield.htb,Microsoft-Windows-ActiveDirectory_DomainService,Directory Service,33,3,,,garfield.htb,1355,3201641,The specified domain either does not exist or could not be contacted.,,,,,,
2025-08-13T11:06:36.126128Z,"{'#attributes': {'Qualifiers': 16384}, '#text': 1404}",DC01.garfield.htb,Microsoft-Windows-ActiveDirectory_DomainService,Directory Service,34,4,,,,,,,,,,,,
2025-08-13T11:07:36.140793Z,"{'#attributes': {'Qualifiers': 16384}, '#text': 2065}",DC01.garfield.htb,Microsoft-Windows-ActiveDirectory_DomainService,Directory Service,35,4,,,,,,,,,,,,
2025-08-13T11:08:08.381777Z,"{'#attributes': {'Qualifiers': 32768}, '#text': 1844}",DC01.garfield.htb,Microsoft-Windows-ActiveDirectory_DomainService,Directory Service,36,3,,,garfield.htb,1355,3201641,The specified domain either does not exist or could not be contacted.,,,,,,
2025-08-13T11:10:26.148706Z,"{'#attributes': {'Qualifiers': 16384}, '#text': 2041}",DC01.garfield.htb,Microsoft-Windows-ActiveDirectory_DomainService,Directory Service,37,4,,,80000734,1,,,,,,,,
2025-08-13T11:10:26.148706Z,"{'#attributes': {'Qualifiers': 16384}, '#text': 2961}",DC01.garfield.htb,Microsoft-Windows-ActiveDirectory_DomainService,Directory Service,38,4,,8,,,,,,,,,,
2025-08-13T11:10:26.148706Z,"{'#attributes': {'Qualifiers': 16384}, '#text': 2013}",DC01.garfield.htb,Microsoft-Windows-ActiveDirectory_DomainService,Directory Service,39,4,,,3,link_base_and_data_v2_index +link_base link_bdnt_and_base_and_data_v2_index +backlink_DNT link_dnt_and_base_and_data_v2_index +link_DNT ,,,,,,,,
2025-08-13T11:10:26.148706Z,"{'#attributes': {'Qualifiers': 16384}, '#text': 2014}",DC01.garfield.htb,Microsoft-Windows-ActiveDirectory_DomainService,Directory Service,40,4,,3,,,,,,,,,,
2025-08-13T11:10:26.148706Z,"{'#attributes': {'Qualifiers': 16384}, '#text': 2962}",DC01.garfield.htb,Microsoft-Windows-ActiveDirectory_DomainService,Directory Service,41,4,,8,,,,,,,,,,
2025-08-13T11:17:20.057047Z,"{'#attributes': {'Qualifiers': 16384}, '#text': 2136}",DC01.garfield.htb,Microsoft-Windows-ActiveDirectory_DomainService,Directory Service,42,4,,,Recycle Bin Feature,766ddcd8-acd0-445e-f3b9-a7f9b6744f2a,"CN=Partitions,CN=Configuration,DC=garfield,DC=htb",,,,,,,
2025-08-13T11:17:20.057047Z,"{'#attributes': {'Qualifiers': 16384}, '#text': 2119}",DC01.garfield.htb,Microsoft-Windows-ActiveDirectory_DomainService,Directory Service,43,4,,,,,,,,,,,,
2025-08-13T11:17:20.057047Z,"{'#attributes': {'Qualifiers': 16384}, '#text': 2404}",DC01.garfield.htb,Microsoft-Windows-ActiveDirectory_DomainService,Directory Service,44,4,,Recycle Bin Feature,,,,,,,,,,
2025-08-13T11:20:21.040935Z,"{'#attributes': {'Qualifiers': 49152}, '#text': 2959}",DC01.garfield.htb,Microsoft-Windows-ActiveDirectory_DomainService,Directory Service,45,2,,,Recycle Bin Feature,766ddcd8-acd0-445e-f3b9-a7f9b6744f2a,"CN=Partitions,CN=Configuration,DC=garfield,DC=htb",2083,3151f38,0,,,,
2025-08-13T11:20:36.151349Z,"{'#attributes': {'Qualifiers': 0}, '#text': 102}",DC01.garfield.htb,NTDS ISAM,Directory Service,46,4,,,NTDS,"748,P,98",NTDSA: ,0,10,00,17763,0000,,
2025-08-13T11:20:36.151349Z,"{'#attributes': {'Qualifiers': 0}, '#text': 105}",DC01.garfield.htb,NTDS ISAM,Directory Service,47,4,,,NTDS,"748,D,0",NTDSA: ,0,0,"
[1] 0.000425 +J(0) +M(C:0K, Fs:87, WS:328K # 0K, PF:3332K # 340K, P:3332K)
[2] 0.000355 +J(0) +M(C:16K, Fs:135, WS:532K # 272K, PF:292K # 292K, P:292K)
[3] 0.000014 +J(0) +M(C:0K, Fs:5, WS:20K # 20K, PF:64K # 64K, P:64K)
[4] 0.003041 -0.000087 (1) WT +J(0) +M(C:0K, Fs:118, WS:396K # 396K, PF:5176K # 5176K, P:5176K)
[5] 0.000116 +J(0)
[6] 0.001242 +J(0) +M(C:0K, Fs:25, WS:100K # 100K, PF:20K # 20K, P:20K)
[7] 0.015398 -0.007424 (41) WT +J(0) +M(C:0K, Fs:2577, WS:10288K # 10288K, PF:10260K # 10260K, P:10260K)
[8] -
[9] -
[10] -
[11] -
[12] -
[13] 0.011596 -0.006709 (42) WT +J(CM:0, PgRf:0, Rd:0/0, Dy:0/0, Lg:616/1) +M(C:0K, Fs:21, WS:-10164K # 72K, PF:-10188K # 80K, P:-10188K)
[14] 0.000011 +J(0) +M(C:0K, Fs:1, WS:4K # 0K, PF:0K # 0K, P:0K)
[15] 0.000245 +J(0) +M(C:0K, Fs:206, WS:820K # 0K, PF:68K # 0K, P:68K)
[16] 0.000248 -0.000098 (1) WT +J(0) +M(C:0K, Fs:2, WS:0K # 0K, PF:0K # 0K, P:0K).",,,,
2025-08-13T11:20:36.151349Z,"{'#attributes': {'Qualifiers': 0}, '#text': 326}",DC01.garfield.htb,NTDS ISAM,Directory Service,48,4,,,NTDS,"748,D,50",NTDSA: ,1,C:\Windows\NTDS\ntds.dit,0,"
[1] 0.000004 +J(0) +M(C:0K, Fs:1, WS:4K # 0K, PF:0K # 0K, P:0K)
[2] 0.000247 -0.000086 (1) WT +J(0) +M(C:0K, Fs:19, WS:12K # 0K, PF:8K # 0K, P:8K)
[3] 0.002305 -0.000634 (6) WT +J(CM:0, PgRf:0, Rd:0/0, Dy:0/0, Lg:3480/2) +M(C:0K, Fs:18, WS:60K # 0K, PF:128K # 0K, P:128K)
[4] 0.000055 +J(0)
[5] -
[6] -
[7] -
[8] 0.001104 -0.000378 (2) CM -0.000157 (2) WT +J(CM:2, PgRf:2, Rd:4/2, Dy:0/0, Lg:0/0) +M(C:16K, Fs:45, WS:172K # 0K, PF:208K # 0K, P:208K)
[9] 0.001488 -0.001241 (10) CM -0.000793 (10) WT +J(CM:10, PgRf:27, Rd:0/10, Dy:0/0, Lg:0/0) +M(C:-12K, Fs:30, WS:80K # 0K, PF:188K # 0K, P:188K)
[10] 0.000554 -0.000459 (3) CM -0.000270 (3) WT +J(CM:3, PgRf:40, Rd:0/3, Dy:0/0, Lg:0/0) +M(C:0K, Fs:4, WS:8K # 0K, PF:64K # 0K, P:64K)
[11] 0.000006 +J(CM:0, PgRf:1, Rd:0/0, Dy:0/0, Lg:0/0) +M(C:0K, Fs:1, WS:4K # 0K, PF:0K # 0K, P:0K)
[12] 0.000017 +J(CM:0, PgRf:42, Rd:0/0, Dy:0/0, Lg:0/0) +M(C:0K, Fs:1, WS:4K # 0K, PF:0K # 0K, P:0K)
[13] 0.0 +J(0)
[14] 0.0 +J(0)
[15] 0.000002 +J(CM:0, PgRf:1, Rd:0/0, Dy:0/0, Lg:0/0).",0 0,lgposAttach = 00000002:0145:0268,
2025-08-13T11:20:36.151349Z,"{'#attributes': {'Qualifiers': 0}, '#text': 700}",DC01.garfield.htb,NTDS ISAM,Directory Service,49,4,,,NTDS,"748,D,0",NTDSA: ,C:\Windows\NTDS\ntds.dit,,,,,,
2025-08-13T11:20:36.182583Z,"{'#attributes': {'Qualifiers': 0}, '#text': 701}",DC01.garfield.htb,NTDS ISAM,Directory Service,50,4,,,NTDS,"748,D,0",NTDSA: ,C:\Windows\NTDS\ntds.dit,3,8/13/2025,0,1,1,2
2025-08-13T11:20:36.132307Z,"{'#attributes': {'Qualifiers': 16384}, '#text': 1869}",DC01.garfield.htb,Microsoft-Windows-ActiveDirectory_DomainService,Directory Service,51,4,,,\\DC01.garfield.htb,Default-First-Site-Name,,,,,,,,
2025-08-16T23:24:41.761423Z,"{'#attributes': {'Qualifiers': 32768}, '#text': 2170}",DC01.garfield.htb,Microsoft-Windows-ActiveDirectory_DomainService,Directory Service,52,3,,,1478102327957850644,2038712937962985470,,,,,,,,
2025-08-16T23:24:41.761423Z,"{'#attributes': {'Qualifiers': 16384}, '#text': 2181}",DC01.garfield.htb,Microsoft-Windows-ActiveDirectory_DomainService,Directory Service,53,4,,,,,,,,,,,,
2025-08-16T23:24:41.761423Z,"{'#attributes': {'Qualifiers': 16384}, '#text': 2204}",DC01.garfield.htb,Microsoft-Windows-ActiveDirectory_DomainService,Directory Service,54,4,,,,,,,,,,,,
2025-08-16T23:24:41.761423Z,"{'#attributes': {'Qualifiers': 16384}, '#text': 1109}",DC01.garfield.htb,Microsoft-Windows-ActiveDirectory_DomainService,Directory Service,55,4,,,16e271d2-270f-4a57-b7f1-74497d050024,aa08bb66-9cf8-47cd-a0e7-04feb66e8000,12827,,,,,,,
2025-08-16T23:24:41.761423Z,"{'#attributes': {'Qualifiers': 16384}, '#text': 2181}",DC01.garfield.htb,Microsoft-Windows-ActiveDirectory_DomainService,Directory Service,56,4,,,,,,,,,,,,
2025-08-16T23:24:41.761423Z,"{'#attributes': {'Qualifiers': 16384}, '#text': 2041}",DC01.garfield.htb,Microsoft-Windows-ActiveDirectory_DomainService,Directory Service,57,4,,,40000885,2,,,,,,,,
2025-08-16T23:24:41.761423Z,"{'#attributes': {'Qualifiers': 16384}, '#text': 2179}",DC01.garfield.htb,Microsoft-Windows-ActiveDirectory_DomainService,Directory Service,58,4,,2038712937962985470,,,,,,,,,,
2025-08-16T23:24:41.761423Z,"{'#attributes': {'Qualifiers': 16384}, '#text': 2200}",DC01.garfield.htb,Microsoft-Windows-ActiveDirectory_DomainService,Directory Service,59,4,,,,,,,,,,,,
2025-08-16T23:24:41.761423Z,"{'#attributes': {'Qualifiers': 16384}, '#text': 2201}",DC01.garfield.htb,Microsoft-Windows-ActiveDirectory_DomainService,Directory Service,60,4,,,,,,,,,,,,
2025-08-16T23:24:42.777007Z,"{'#attributes': {'Qualifiers': 16384}, '#text': 2185}",DC01.garfield.htb,Microsoft-Windows-ActiveDirectory_DomainService,Directory Service,61,4,,DFSR,,,,,,,,,,
2025-08-16T23:24:42.777007Z,"{'#attributes': {'Qualifiers': 16384}, '#text': 2208}",DC01.garfield.htb,Microsoft-Windows-ActiveDirectory_DomainService,Directory Service,62,4,,,,,,,,,,,,
2025-08-16T23:24:43.808257Z,"{'#attributes': {'Qualifiers': 16384}, '#text': 2187}",DC01.garfield.htb,Microsoft-Windows-ActiveDirectory_DomainService,Directory Service,63,4,,DFSR,,,,,,,,,,
2025-08-16T23:50:45.953935Z,"{'#attributes': {'Qualifiers': 16384}, '#text': 2179}",DC01.garfield.htb,Microsoft-Windows-ActiveDirectory_DomainService,Directory Service,64,4,,2038712937962985470,,,,,,,,,,
2025-08-16T23:50:47.257901Z,"{'#attributes': {'Qualifiers': 16384}, '#text': 1004}",DC01.garfield.htb,Microsoft-Windows-ActiveDirectory_DomainService,Directory Service,65,4,,,,,,,,,,,,
2025-08-17T10:51:40.756897Z,"{'#attributes': {'Qualifiers': 32768}, '#text': 3051}",DC01.garfield.htb,Microsoft-Windows-ActiveDirectory_DomainService,Directory Service,66,3,,,,,,,,,,,,
2025-08-17T10:51:40.756897Z,"{'#attributes': {'Qualifiers': 32768}, '#text': 3054}",DC01.garfield.htb,Microsoft-Windows-ActiveDirectory_DomainService,Directory Service,67,3,,,,,,,,,,,,
2025-08-17T10:51:40.897937Z,"{'#attributes': {'Qualifiers': 16384}, '#text': 2119}",DC01.garfield.htb,Microsoft-Windows-ActiveDirectory_DomainService,Directory Service,68,4,,,,,,,,,,,,
2025-08-17T10:51:40.897937Z,"{'#attributes': {'Qualifiers': 16384}, '#text': 2404}",DC01.garfield.htb,Microsoft-Windows-ActiveDirectory_DomainService,Directory Service,69,4,,Recycle Bin Feature,,,,,,,,,,
2025-08-17T10:51:40.897937Z,"{'#attributes': {'Qualifiers': 16384}, '#text': 2406}",DC01.garfield.htb,Microsoft-Windows-ActiveDirectory_DomainService,Directory Service,70,4,,Privileged Access Management Feature,,,,,,,,,,
2025-08-17T10:51:40.897937Z,"{'#attributes': {'Qualifiers': 16384}, '#text': 2168}",DC01.garfield.htb,Microsoft-Windows-ActiveDirectory_DomainService,Directory Service,71,4,,2038712937962985470,,,,,,,,,,
2025-08-17T10:51:40.897937Z,"{'#attributes': {'Qualifiers': 16384}, '#text': 2172}",DC01.garfield.htb,Microsoft-Windows-ActiveDirectory_DomainService,Directory Service,72,4,,2038712937962985470,,,,,,,,,,
2025-08-17T10:51:40.897937Z,"{'#attributes': {'Qualifiers': 16384}, '#text': 2405}",DC01.garfield.htb,Microsoft-Windows-ActiveDirectory_DomainService,Directory Service,73,4,,Privileged Access Management Feature,,,,,,,,,,
2025-08-17T10:51:50.913618Z,"{'#attributes': {'Qualifiers': 32768}, '#text': 2886}",DC01.garfield.htb,Microsoft-Windows-ActiveDirectory_DomainService,Directory Service,74,3,,,,,,,,,,,,
2025-08-17T10:51:50.913618Z,"{'#attributes': {'Qualifiers': 32768}, '#text': 3041}",DC01.garfield.htb,Microsoft-Windows-ActiveDirectory_DomainService,Directory Service,75,3,,,,,,,,,,,,
2025-08-17T10:51:50.913618Z,"{'#attributes': {'Qualifiers': 16384}, '#text': 1000}",DC01.garfield.htb,Microsoft-Windows-ActiveDirectory_DomainService,Directory Service,76,4,,,,,,,,,,,,
2025-08-17T10:52:20.922532Z,"{'#attributes': {'Qualifiers': 16384}, '#text': 1394}",DC01.garfield.htb,Microsoft-Windows-ActiveDirectory_DomainService,Directory Service,77,4,,,,,,,,,,,,
2025-08-17T11:06:50.982150Z,"{'#attributes': {'Qualifiers': 0}, '#text': 102}",DC01.garfield.htb,NTDS ISAM,Directory Service,78,4,,,NTDS,"780,P,98",NTDSA: ,0,10,00,17763,0000,,
2025-08-17T11:06:50.982150Z,"{'#attributes': {'Qualifiers': 0}, '#text': 105}",DC01.garfield.htb,NTDS ISAM,Directory Service,79,4,,,NTDS,"780,D,0",NTDSA: ,0,0,"
[1] 0.000367 +J(0) +M(C:0K, Fs:82, WS:308K # 0K, PF:2428K # 0K, P:2428K)
[2] 0.000432 +J(0) +M(C:16K, Fs:138, WS:544K # 268K, PF:1132K # 632K, P:1132K)
[3] 0.000014 +J(0) +M(C:0K, Fs:5, WS:20K # 20K, PF:64K # 64K, P:64K)
[4] 0.005150 -0.000081 (1) WT +J(0) +M(C:0K, Fs:128, WS:432K # 432K, PF:5196K # 5196K, P:5196K)
[5] 0.000135 +J(0)
[6] 0.001763 +J(0) +M(C:0K, Fs:24, WS:96K # 96K, PF:16K # 16K, P:16K)
[7] 0.042841 -0.034216 (41) WT +J(0) +M(C:0K, Fs:2577, WS:10288K # 10288K, PF:10260K # 10260K, P:10260K)
[8] -
[9] -
[10] -
[11] -
[12] -
[13] 0.013176 -0.007995 (42) WT +J(CM:0, PgRf:0, Rd:0/0, Dy:0/0, Lg:616/1) +M(C:0K, Fs:7, WS:-10220K # 16K, PF:-10256K # 12K, P:-10256K)
[14] 0.000013 +J(0) +M(C:0K, Fs:1, WS:4K # 0K, PF:0K # 0K, P:0K)
[15] 0.000317 +J(0) +M(C:0K, Fs:206, WS:820K # 0K, PF:68K # 0K, P:68K)
[16] 0.000221 -0.000078 (1) WT +J(0) +M(C:0K, Fs:2, WS:0K # 0K, PF:0K # 0K, P:0K).",,,,
2025-08-17T11:06:50.982150Z,"{'#attributes': {'Qualifiers': 0}, '#text': 326}",DC01.garfield.htb,NTDS ISAM,Directory Service,80,4,,,NTDS,"780,D,50",NTDSA: ,1,C:\Windows\NTDS\ntds.dit,0,"
[1] 0.000004 +J(0) +M(C:0K, Fs:1, WS:4K # 0K, PF:0K # 0K, P:0K)
[2] 0.000246 -0.000097 (1) WT +J(0) +M(C:0K, Fs:19, WS:12K # 0K, PF:8K # 0K, P:8K)
[3] 0.002814 -0.001213 (6) WT +J(CM:0, PgRf:0, Rd:0/0, Dy:0/0, Lg:3480/2) +M(C:0K, Fs:18, WS:64K # 0K, PF:128K # 0K, P:128K)
[4] 0.000058 +J(0)
[5] -
[6] -
[7] -
[8] 0.001668 -0.000379 (2) CM -0.000159 (2) WT +J(CM:2, PgRf:2, Rd:4/2, Dy:0/0, Lg:0/0) +M(C:32K, Fs:46, WS:172K # 0K, PF:228K # 0K, P:228K)
[9] 0.001699 -0.001527 (5) CM -0.001149 (5) WT +J(CM:5, PgRf:24, Rd:0/5, Dy:0/0, Lg:0/0) +M(C:-24K, Fs:25, WS:76K # 0K, PF:176K # 0K, P:176K)
[10] 0.000604 -0.000521 (3) CM -0.000364 (3) WT +J(CM:3, PgRf:40, Rd:0/3, Dy:0/0, Lg:0/0) +M(C:-4K, Fs:3, WS:4K # 0K, PF:60K # 0K, P:60K)
[11] 0.000008 +J(CM:0, PgRf:1, Rd:0/0, Dy:0/0, Lg:0/0) +M(C:0K, Fs:1, WS:4K # 0K, PF:0K # 0K, P:0K)
[12] 0.000018 +J(CM:0, PgRf:42, Rd:0/0, Dy:0/0, Lg:0/0) +M(C:0K, Fs:1, WS:4K # 0K, PF:0K # 0K, P:0K)
[13] 0.0 +J(0)
[14] 0.0 +J(0)
[15] 0.000002 +J(CM:0, PgRf:1, Rd:0/0, Dy:0/0, Lg:0/0).",0 0,lgposAttach = 00000002:047C:0268,
2025-08-17T11:06:50.982150Z,"{'#attributes': {'Qualifiers': 0}, '#text': 700}",DC01.garfield.htb,NTDS ISAM,Directory Service,81,4,,,NTDS,"780,D,0",NTDSA: ,C:\Windows\NTDS\ntds.dit,,,,,,
2025-08-17T11:06:50.919794Z,"{'#attributes': {'Qualifiers': 16384}, '#text': 1869}",DC01.garfield.htb,Microsoft-Windows-ActiveDirectory_DomainService,Directory Service,82,4,,,\\DC01.garfield.htb,Default-First-Site-Name,,,,,,,,
2025-08-17T11:06:51.169774Z,"{'#attributes': {'Qualifiers': 0}, '#text': 701}",DC01.garfield.htb,NTDS ISAM,Directory Service,83,4,,,NTDS,"780,D,0",NTDSA: ,C:\Windows\NTDS\ntds.dit,0,8/17/2025,0,1,1,3
2025-08-17T12:37:37.617083Z,"{'#attributes': {'Qualifiers': 32768}, '#text': 2170}",DC01.garfield.htb,Microsoft-Windows-ActiveDirectory_DomainService,Directory Service,84,3,,,2038712937962985470,8829100105184498500,,,,,,,,
2025-08-17T12:37:37.617083Z,"{'#attributes': {'Qualifiers': 16384}, '#text': 2181}",DC01.garfield.htb,Microsoft-Windows-ActiveDirectory_DomainService,Directory Service,85,4,,,,,,,,,,,,
2025-08-17T12:37:37.617083Z,"{'#attributes': {'Qualifiers': 16384}, '#text': 2204}",DC01.garfield.htb,Microsoft-Windows-ActiveDirectory_DomainService,Directory Service,86,4,,,,,,,,,,,,
2025-08-17T12:37:37.632764Z,"{'#attributes': {'Qualifiers': 16384}, '#text': 1109}",DC01.garfield.htb,Microsoft-Windows-ActiveDirectory_DomainService,Directory Service,87,4,,,aa08bb66-9cf8-47cd-a0e7-04feb66e8000,640ce5e6-5933-46c1-b3b1-37a82ddf91c3,16529,,,,,,,
2025-08-17T12:37:37.632764Z,"{'#attributes': {'Qualifiers': 16384}, '#text': 2181}",DC01.garfield.htb,Microsoft-Windows-ActiveDirectory_DomainService,Directory Service,88,4,,,,,,,,,,,,
2025-08-17T12:37:37.632764Z,"{'#attributes': {'Qualifiers': 16384}, '#text': 2041}",DC01.garfield.htb,Microsoft-Windows-ActiveDirectory_DomainService,Directory Service,89,4,,,40000885,2,,,,,,,,
2025-08-17T12:37:37.632764Z,"{'#attributes': {'Qualifiers': 16384}, '#text': 2179}",DC01.garfield.htb,Microsoft-Windows-ActiveDirectory_DomainService,Directory Service,90,4,,8829100105184498500,,,,,,,,,,
2025-08-17T12:37:37.632764Z,"{'#attributes': {'Qualifiers': 16384}, '#text': 2200}",DC01.garfield.htb,Microsoft-Windows-ActiveDirectory_DomainService,Directory Service,91,4,,,,,,,,,,,,
2025-08-17T12:37:37.632764Z,"{'#attributes': {'Qualifiers': 16384}, '#text': 2201}",DC01.garfield.htb,Microsoft-Windows-ActiveDirectory_DomainService,Directory Service,92,4,,,,,,,,,,,,
2025-08-17T12:37:38.648333Z,"{'#attributes': {'Qualifiers': 16384}, '#text': 2185}",DC01.garfield.htb,Microsoft-Windows-ActiveDirectory_DomainService,Directory Service,93,4,,DFSR,,,,,,,,,,
2025-08-17T12:37:38.648333Z,"{'#attributes': {'Qualifiers': 16384}, '#text': 2208}",DC01.garfield.htb,Microsoft-Windows-ActiveDirectory_DomainService,Directory Service,94,4,,,,,,,,,,,,
2025-08-17T12:37:40.680466Z,"{'#attributes': {'Qualifiers': 16384}, '#text': 2187}",DC01.garfield.htb,Microsoft-Windows-ActiveDirectory_DomainService,Directory Service,95,4,,DFSR,,,,,,,,,,
2025-08-17T12:39:50.314725Z,"{'#attributes': {'Qualifiers': 16384}, '#text': 1587}",DC01.garfield.htb,Microsoft-Windows-ActiveDirectory_DomainService,Directory Service,96,4,,,0cffd740-bba9-471b-aec4-1c9d0ddd7101 (RODC01.garfield.htb),12827,aa08bb66-9cf8-47cd-a0e7-04feb66e8000,16467,16467,640ce5e6-5933-46c1-b3b1-37a82ddf91c3,0,0,,
2025-08-17T13:50:14.578485Z,"{'#attributes': {'Qualifiers': 32768}, '#text': 2170}",DC01.garfield.htb,Microsoft-Windows-ActiveDirectory_DomainService,Directory Service,97,3,,,8829100105184498500,3536410232193835413,,,,,,,,
2025-08-17T13:50:14.578485Z,"{'#attributes': {'Qualifiers': 16384}, '#text': 2181}",DC01.garfield.htb,Microsoft-Windows-ActiveDirectory_DomainService,Directory Service,98,4,,,,,,,,,,,,
2025-08-17T13:50:14.578485Z,"{'#attributes': {'Qualifiers': 16384}, '#text': 2204}",DC01.garfield.htb,Microsoft-Windows-ActiveDirectory_DomainService,Directory Service,99,4,,,,,,,,,,,,
2025-08-17T13:50:14.594561Z,"{'#attributes': {'Qualifiers': 16384}, '#text': 2181}",DC01.garfield.htb,Microsoft-Windows-ActiveDirectory_DomainService,Directory Service,100,4,,,,,,,,,,,,
2025-08-17T13:50:14.594561Z,"{'#attributes': {'Qualifiers': 16384}, '#text': 1109}",DC01.garfield.htb,Microsoft-Windows-ActiveDirectory_DomainService,Directory Service,101,4,,,640ce5e6-5933-46c1-b3b1-37a82ddf91c3,40645e06-4188-4e00-83a7-d50afa36803c,16566,,,,,,,
2025-08-17T13:50:14.594561Z,"{'#attributes': {'Qualifiers': 16384}, '#text': 2181}",DC01.garfield.htb,Microsoft-Windows-ActiveDirectory_DomainService,Directory Service,102,4,,,,,,,,,,,,
2025-08-17T13:50:14.594561Z,"{'#attributes': {'Qualifiers': 16384}, '#text': 2041}",DC01.garfield.htb,Microsoft-Windows-ActiveDirectory_DomainService,Directory Service,103,4,,,40000885,1,,,,,,,,
2025-08-17T13:50:14.594561Z,"{'#attributes': {'Qualifiers': 16384}, '#text': 2179}",DC01.garfield.htb,Microsoft-Windows-ActiveDirectory_DomainService,Directory Service,104,4,,3536410232193835413,,,,,,,,,,
2025-08-17T13:50:14.594561Z,"{'#attributes': {'Qualifiers': 16384}, '#text': 2200}",DC01.garfield.htb,Microsoft-Windows-ActiveDirectory_DomainService,Directory Service,105,4,,,,,,,,,,,,
2025-08-17T13:50:14.594561Z,"{'#attributes': {'Qualifiers': 16384}, '#text': 2201}",DC01.garfield.htb,Microsoft-Windows-ActiveDirectory_DomainService,Directory Service,106,4,,,,,,,,,,,,
2025-08-17T13:50:15.607253Z,"{'#attributes': {'Qualifiers': 16384}, '#text': 2185}",DC01.garfield.htb,Microsoft-Windows-ActiveDirectory_DomainService,Directory Service,107,4,,DFSR,,,,,,,,,,
2025-08-17T13:50:15.609783Z,"{'#attributes': {'Qualifiers': 16384}, '#text': 2208}",DC01.garfield.htb,Microsoft-Windows-ActiveDirectory_DomainService,Directory Service,108,4,,,,,,,,,,,,
2025-08-17T13:50:17.627744Z,"{'#attributes': {'Qualifiers': 16384}, '#text': 2187}",DC01.garfield.htb,Microsoft-Windows-ActiveDirectory_DomainService,Directory Service,109,4,,DFSR,,,,,,,,,,
2025-08-17T13:52:53.117661Z,"{'#attributes': {'Qualifiers': 16384}, '#text': 1587}",DC01.garfield.htb,Microsoft-Windows-ActiveDirectory_DomainService,Directory Service,110,4,,,0cffd740-bba9-471b-aec4-1c9d0ddd7101 (RODC01.garfield.htb),16529,aa08bb66-9cf8-47cd-a0e7-04feb66e8000,16511,16511,40645e06-4188-4e00-83a7-d50afa36803c,16511,16511,,
2025-08-17T13:52:53.374113Z,"{'#attributes': {'Qualifiers': 16384}, '#text': 1587}",DC01.garfield.htb,Microsoft-Windows-ActiveDirectory_DomainService,Directory Service,111,4,,,0cffd740-bba9-471b-aec4-1c9d0ddd7101 (RODC01.garfield.htb),16529,aa08bb66-9cf8-47cd-a0e7-04feb66e8000,16467,16467,40645e06-4188-4e00-83a7-d50afa36803c,16467,16467,,
2025-08-17T13:52:53.405440Z,"{'#attributes': {'Qualifiers': 16384}, '#text': 2041}",DC01.garfield.htb,Microsoft-Windows-ActiveDirectory_DomainService,Directory Service,112,4,,,40000633,1,,,,,,,,
2025-08-17T13:52:53.405440Z,"{'#attributes': {'Qualifiers': 16384}, '#text': 1587}",DC01.garfield.htb,Microsoft-Windows-ActiveDirectory_DomainService,Directory Service,113,4,,,0cffd740-bba9-471b-aec4-1c9d0ddd7101 (RODC01.garfield.htb),16529,aa08bb66-9cf8-47cd-a0e7-04feb66e8000,16516,16516,40645e06-4188-4e00-83a7-d50afa36803c,16516,16516,,
2025-08-17T13:52:53.436660Z,"{'#attributes': {'Qualifiers': 16384}, '#text': 1587}",DC01.garfield.htb,Microsoft-Windows-ActiveDirectory_DomainService,Directory Service,114,4,,,0cffd740-bba9-471b-aec4-1c9d0ddd7101 (RODC01.garfield.htb),16529,aa08bb66-9cf8-47cd-a0e7-04feb66e8000,16515,16515,40645e06-4188-4e00-83a7-d50afa36803c,16515,16515,,
2025-08-17T14:05:10.087549Z,"{'#attributes': {'Qualifiers': 16384}, '#text': 2179}",DC01.garfield.htb,Microsoft-Windows-ActiveDirectory_DomainService,Directory Service,115,4,,3536410232193835413,,,,,,,,,,
2025-08-17T14:05:11.709060Z,"{'#attributes': {'Qualifiers': 16384}, '#text': 1004}",DC01.garfield.htb,Microsoft-Windows-ActiveDirectory_DomainService,Directory Service,116,4,,,,,,,,,,,,
2025-08-17T14:05:30.865786Z,"{'#attributes': {'Qualifiers': 32768}, '#text': 3051}",DC01.garfield.htb,Microsoft-Windows-ActiveDirectory_DomainService,Directory Service,117,3,,,,,,,,,,,,
2025-08-17T14:05:30.865786Z,"{'#attributes': {'Qualifiers': 32768}, '#text': 3054}",DC01.garfield.htb,Microsoft-Windows-ActiveDirectory_DomainService,Directory Service,118,3,,,,,,,,,,,,
2025-08-17T14:05:31.007489Z,"{'#attributes': {'Qualifiers': 16384}, '#text': 2119}",DC01.garfield.htb,Microsoft-Windows-ActiveDirectory_DomainService,Directory Service,119,4,,,,,,,,,,,,
2025-08-17T14:05:31.007489Z,"{'#attributes': {'Qualifiers': 16384}, '#text': 2404}",DC01.garfield.htb,Microsoft-Windows-ActiveDirectory_DomainService,Directory Service,120,4,,Recycle Bin Feature,,,,,,,,,,
2025-08-17T14:05:31.007489Z,"{'#attributes': {'Qualifiers': 16384}, '#text': 2406}",DC01.garfield.htb,Microsoft-Windows-ActiveDirectory_DomainService,Directory Service,121,4,,Privileged Access Management Feature,,,,,,,,,,
2025-08-17T14:05:31.007489Z,"{'#attributes': {'Qualifiers': 16384}, '#text': 2168}",DC01.garfield.htb,Microsoft-Windows-ActiveDirectory_DomainService,Directory Service,122,4,,3536410232193835413,,,,,,,,,,
2025-08-17T14:05:31.007489Z,"{'#attributes': {'Qualifiers': 16384}, '#text': 2172}",DC01.garfield.htb,Microsoft-Windows-ActiveDirectory_DomainService,Directory Service,123,4,,3536410232193835413,,,,,,,,,,
2025-08-17T14:05:31.007489Z,"{'#attributes': {'Qualifiers': 16384}, '#text': 2405}",DC01.garfield.htb,Microsoft-Windows-ActiveDirectory_DomainService,Directory Service,124,4,,Privileged Access Management Feature,,,,,,,,,,
2025-08-17T14:05:41.034742Z,"{'#attributes': {'Qualifiers': 32768}, '#text': 2886}",DC01.garfield.htb,Microsoft-Windows-ActiveDirectory_DomainService,Directory Service,125,3,,,,,,,,,,,,
2025-08-17T14:05:41.034742Z,"{'#attributes': {'Qualifiers': 32768}, '#text': 3041}",DC01.garfield.htb,Microsoft-Windows-ActiveDirectory_DomainService,Directory Service,126,3,,,,,,,,,,,,
2025-08-17T14:05:41.034742Z,"{'#attributes': {'Qualifiers': 16384}, '#text': 1000}",DC01.garfield.htb,Microsoft-Windows-ActiveDirectory_DomainService,Directory Service,127,4,,,,,,,,,,,,
2025-08-17T14:05:57.492240Z,"{'#attributes': {'Qualifiers': 49152}, '#text': 2087}",DC01.garfield.htb,Microsoft-Windows-ActiveDirectory_DomainService,Directory Service,128,2,,,RODC01,0cffd740-bba9-471b-aec4-1c9d0ddd7101._msdcs.garfield.htb,11001,No such host is known.,System\CurrentControlSet\Services\NTDS\Diagnostics,22 DS RPC Client,,,,
2025-08-17T14:06:11.037127Z,"{'#attributes': {'Qualifiers': 16384}, '#text': 1394}",DC01.garfield.htb,Microsoft-Windows-ActiveDirectory_DomainService,Directory Service,129,4,,,,,,,,,,,,
2025-08-17T14:20:41.052225Z,"{'#attributes': {'Qualifiers': 0}, '#text': 102}",DC01.garfield.htb,NTDS ISAM,Directory Service,130,4,,,NTDS,"760,P,98",NTDSA: ,0,10,00,17763,0000,,
2025-08-17T14:20:41.052225Z,"{'#attributes': {'Qualifiers': 0}, '#text': 105}",DC01.garfield.htb,NTDS ISAM,Directory Service,131,4,,,NTDS,"760,D,0",NTDSA: ,0,0,"
[1] 0.000462 +J(0) +M(C:0K, Fs:83, WS:308K # 0K, PF:3280K # 340K, P:3280K)
[2] 0.000320 +J(0) +M(C:16K, Fs:139, WS:548K # 272K, PF:292K # 292K, P:292K)
[3] 0.000012 +J(0) +M(C:0K, Fs:5, WS:20K # 20K, PF:64K # 64K, P:64K)
[4] 0.002365 -0.000074 (1) WT +J(0) +M(C:0K, Fs:124, WS:420K # 420K, PF:5168K # 5168K, P:5168K)
[5] 0.000113 +J(0)
[6] 0.000936 +J(0) +M(C:0K, Fs:25, WS:100K # 100K, PF:20K # 20K, P:20K)
[7] 0.013828 -0.007236 (41) WT +J(0) +M(C:0K, Fs:2577, WS:10288K # 10288K, PF:10260K # 10260K, P:10260K)
[8] -
[9] -
[10] -
[11] -
[12] -
[13] 0.010228 -0.006386 (42) WT +J(CM:0, PgRf:0, Rd:0/0, Dy:0/0, Lg:616/1) +M(C:0K, Fs:7, WS:-10220K # 16K, PF:-10256K # 12K, P:-10256K)
[14] 0.000008 +J(0) +M(C:0K, Fs:1, WS:4K # 0K, PF:0K # 0K, P:0K)
[15] 0.000270 +J(0) +M(C:0K, Fs:205, WS:820K # 0K, PF:64K # 0K, P:64K)
[16] 0.000177 -0.000053 (1) WT +J(0) +M(C:0K, Fs:2, WS:0K # 0K, PF:0K # 0K, P:0K).",,,,
2025-08-17T14:20:41.052225Z,"{'#attributes': {'Qualifiers': 0}, '#text': 326}",DC01.garfield.htb,NTDS ISAM,Directory Service,132,4,,,NTDS,"760,D,50",NTDSA: ,1,C:\Windows\NTDS\ntds.dit,0,"
[1] 0.000003 +J(0) +M(C:0K, Fs:1, WS:4K # 0K, PF:0K # 0K, P:0K)
[2] 0.000212 -0.000080 (1) WT +J(0) +M(C:0K, Fs:19, WS:12K # 0K, PF:8K # 0K, P:8K)
[3] 0.002150 -0.000511 (5) WT +J(CM:0, PgRf:0, Rd:0/0, Dy:0/0, Lg:3480/2) +M(C:0K, Fs:22, WS:76K # 0K, PF:148K # 0K, P:148K)
[4] 0.000050 +J(0)
[5] -
[6] -
[7] -
[8] 0.000933 -0.000288 (2) CM -0.000103 (2) WT +J(CM:2, PgRf:2, Rd:4/2, Dy:0/0, Lg:0/0) +M(C:32K, Fs:46, WS:176K # 0K, PF:224K # 0K, P:224K)
[9] 0.001009 -0.000542 (5) CM -0.000315 (5) WT +J(CM:5, PgRf:24, Rd:0/5, Dy:0/0, Lg:0/0) +M(C:-24K, Fs:32, WS:96K # 0K, PF:188K # 0K, P:188K)
[10] 0.000395 -0.000310 (3) CM -0.000166 (3) WT +J(CM:3, PgRf:40, Rd:0/3, Dy:0/0, Lg:0/0) +M(C:-4K, Fs:3, WS:4K # 0K, PF:60K # 0K, P:60K)
[11] 0.000006 +J(CM:0, PgRf:1, Rd:0/0, Dy:0/0, Lg:0/0) +M(C:0K, Fs:1, WS:4K # 0K, PF:0K # 0K, P:0K)
[12] 0.000017 +J(CM:0, PgRf:42, Rd:0/0, Dy:0/0, Lg:0/0) +M(C:0K, Fs:1, WS:4K # 0K, PF:0K # 0K, P:0K)
[13] 0.0 +J(0)
[14] 0.0 +J(0)
[15] 0.000002 +J(CM:0, PgRf:1, Rd:0/0, Dy:0/0, Lg:0/0).",0 0,lgposAttach = 00000002:0540:0268,
2025-08-17T14:20:41.052225Z,"{'#attributes': {'Qualifiers': 0}, '#text': 700}",DC01.garfield.htb,NTDS ISAM,Directory Service,133,4,,,NTDS,"760,D,0",NTDSA: ,C:\Windows\NTDS\ntds.dit,,,,,,
2025-08-17T14:20:41.130312Z,"{'#attributes': {'Qualifiers': 0}, '#text': 701}",DC01.garfield.htb,NTDS ISAM,Directory Service,134,4,,,NTDS,"760,D,0",NTDSA: ,C:\Windows\NTDS\ntds.dit,2,8/17/2025,0,1,1,4
2025-08-17T14:20:41.037503Z,"{'#attributes': {'Qualifiers': 16384}, '#text': 1869}",DC01.garfield.htb,Microsoft-Windows-ActiveDirectory_DomainService,Directory Service,135,4,,,\\DC01.garfield.htb,Default-First-Site-Name,,,,,,,,
2025-08-17T15:48:50.665629Z,"{'#attributes': {'Qualifiers': 32768}, '#text': 2170}",DC01.garfield.htb,Microsoft-Windows-ActiveDirectory_DomainService,Directory Service,136,3,,,3536410232193835413,10519390390598119523,,,,,,,,
2025-08-17T15:48:50.665629Z,"{'#attributes': {'Qualifiers': 16384}, '#text': 2181}",DC01.garfield.htb,Microsoft-Windows-ActiveDirectory_DomainService,Directory Service,137,4,,,,,,,,,,,,
2025-08-17T15:48:50.665629Z,"{'#attributes': {'Qualifiers': 16384}, '#text': 2204}",DC01.garfield.htb,Microsoft-Windows-ActiveDirectory_DomainService,Directory Service,138,4,,,,,,,,,,,,
2025-08-17T15:48:50.665629Z,"{'#attributes': {'Qualifiers': 16384}, '#text': 2181}",DC01.garfield.htb,Microsoft-Windows-ActiveDirectory_DomainService,Directory Service,139,4,,,,,,,,,,,,
2025-08-17T15:48:50.689062Z,"{'#attributes': {'Qualifiers': 16384}, '#text': 2041}",DC01.garfield.htb,Microsoft-Windows-ActiveDirectory_DomainService,Directory Service,140,4,,,40000885,1,,,,,,,,
2025-08-17T15:48:50.689062Z,"{'#attributes': {'Qualifiers': 16384}, '#text': 1109}",DC01.garfield.htb,Microsoft-Windows-ActiveDirectory_DomainService,Directory Service,141,4,,,40645e06-4188-4e00-83a7-d50afa36803c,e85320cc-57bc-4806-9e8a-6ea5d630b51b,20714,,,,,,,
2025-08-17T15:48:50.689062Z,"{'#attributes': {'Qualifiers': 16384}, '#text': 2181}",DC01.garfield.htb,Microsoft-Windows-ActiveDirectory_DomainService,Directory Service,142,4,,,,,,,,,,,,
2025-08-17T15:48:50.689062Z,"{'#attributes': {'Qualifiers': 16384}, '#text': 2041}",DC01.garfield.htb,Microsoft-Windows-ActiveDirectory_DomainService,Directory Service,143,4,,,40000885,2,,,,,,,,
2025-08-17T15:48:50.689062Z,"{'#attributes': {'Qualifiers': 16384}, '#text': 2179}",DC01.garfield.htb,Microsoft-Windows-ActiveDirectory_DomainService,Directory Service,144,4,,10519390390598119523,,,,,,,,,,
2025-08-17T15:48:50.696878Z,"{'#attributes': {'Qualifiers': 16384}, '#text': 2200}",DC01.garfield.htb,Microsoft-Windows-ActiveDirectory_DomainService,Directory Service,145,4,,,,,,,,,,,,
2025-08-17T15:48:50.696878Z,"{'#attributes': {'Qualifiers': 49152}, '#text': 2209}",DC01.garfield.htb,Microsoft-Windows-ActiveDirectory_DomainService,Directory Service,146,2,,,32,The process cannot access the file because it is being used by another process.,,,,,,,,
2025-08-17T15:48:50.696878Z,"{'#attributes': {'Qualifiers': 16384}, '#text': 2201}",DC01.garfield.htb,Microsoft-Windows-ActiveDirectory_DomainService,Directory Service,147,4,,,,,,,,,,,,
2025-08-17T15:48:51.946881Z,"{'#attributes': {'Qualifiers': 16384}, '#text': 1587}",DC01.garfield.htb,Microsoft-Windows-ActiveDirectory_DomainService,Directory Service,148,4,,,0cffd740-bba9-471b-aec4-1c9d0ddd7101 (RODC01.garfield.htb),16566,40645e06-4188-4e00-83a7-d50afa36803c,20713,20713,e85320cc-57bc-4806-9e8a-6ea5d630b51b,0,0,,
2025-08-17T15:49:51.695582Z,"{'#attributes': {'Qualifiers': 16384}, '#text': 2179}",DC01.garfield.htb,Microsoft-Windows-ActiveDirectory_DomainService,Directory Service,149,4,,10519390390598119523,,,,,,,,,,
2025-08-17T15:49:52.662590Z,"{'#attributes': {'Qualifiers': 16384}, '#text': 1004}",DC01.garfield.htb,Microsoft-Windows-ActiveDirectory_DomainService,Directory Service,150,4,,,,,,,,,,,,
2025-09-09T15:25:22.265861Z,"{'#attributes': {'Qualifiers': 32768}, '#text': 3051}",DC01.garfield.htb,Microsoft-Windows-ActiveDirectory_DomainService,Directory Service,151,3,,,,,,,,,,,,
2025-09-09T15:25:22.265861Z,"{'#attributes': {'Qualifiers': 32768}, '#text': 3054}",DC01.garfield.htb,Microsoft-Windows-ActiveDirectory_DomainService,Directory Service,152,3,,,,,,,,,,,,
2025-09-09T15:25:22.361045Z,"{'#attributes': {'Qualifiers': 16384}, '#text': 2119}",DC01.garfield.htb,Microsoft-Windows-ActiveDirectory_DomainService,Directory Service,153,4,,,,,,,,,,,,
2025-09-09T15:25:22.361045Z,"{'#attributes': {'Qualifiers': 16384}, '#text': 2404}",DC01.garfield.htb,Microsoft-Windows-ActiveDirectory_DomainService,Directory Service,154,4,,Recycle Bin Feature,,,,,,,,,,
2025-09-09T15:25:22.361045Z,"{'#attributes': {'Qualifiers': 16384}, '#text': 2406}",DC01.garfield.htb,Microsoft-Windows-ActiveDirectory_DomainService,Directory Service,155,4,,Privileged Access Management Feature,,,,,,,,,,
2025-09-09T15:25:22.361045Z,"{'#attributes': {'Qualifiers': 16384}, '#text': 2168}",DC01.garfield.htb,Microsoft-Windows-ActiveDirectory_DomainService,Directory Service,156,4,,10519390390598119523,,,,,,,,,,
2025-09-09T15:25:22.361045Z,"{'#attributes': {'Qualifiers': 16384}, '#text': 2172}",DC01.garfield.htb,Microsoft-Windows-ActiveDirectory_DomainService,Directory Service,157,4,,10519390390598119523,,,,,,,,,,
2025-09-09T15:25:22.361045Z,"{'#attributes': {'Qualifiers': 16384}, '#text': 2405}",DC01.garfield.htb,Microsoft-Windows-ActiveDirectory_DomainService,Directory Service,158,4,,Privileged Access Management Feature,,,,,,,,,,
2025-09-09T15:25:32.390720Z,"{'#attributes': {'Qualifiers': 32768}, '#text': 2886}",DC01.garfield.htb,Microsoft-Windows-ActiveDirectory_DomainService,Directory Service,159,3,,,,,,,,,,,,
2025-09-09T15:25:32.390720Z,"{'#attributes': {'Qualifiers': 32768}, '#text': 3041}",DC01.garfield.htb,Microsoft-Windows-ActiveDirectory_DomainService,Directory Service,160,3,,,,,,,,,,,,
2025-09-09T15:25:32.390720Z,"{'#attributes': {'Qualifiers': 16384}, '#text': 1000}",DC01.garfield.htb,Microsoft-Windows-ActiveDirectory_DomainService,Directory Service,161,4,,,,,,,,,,,,
2025-09-09T15:25:48.703486Z,"{'#attributes': {'Qualifiers': 49152}, '#text': 2087}",DC01.garfield.htb,Microsoft-Windows-ActiveDirectory_DomainService,Directory Service,162,2,,,RODC01,0cffd740-bba9-471b-aec4-1c9d0ddd7101._msdcs.garfield.htb,11001,No such host is known.,System\CurrentControlSet\Services\NTDS\Diagnostics,22 DS RPC Client,,,,
2025-09-09T15:26:02.391909Z,"{'#attributes': {'Qualifiers': 16384}, '#text': 1394}",DC01.garfield.htb,Microsoft-Windows-ActiveDirectory_DomainService,Directory Service,163,4,,,,,,,,,,,,
2025-09-09T15:26:36.450931Z,"{'#attributes': {'Qualifiers': 16384}, '#text': 1587}",DC01.garfield.htb,Microsoft-Windows-ActiveDirectory_DomainService,Directory Service,164,4,,,0cffd740-bba9-471b-aec4-1c9d0ddd7101 (RODC01.garfield.htb),20714,40645e06-4188-4e00-83a7-d50afa36803c,20677,20677,e85320cc-57bc-4806-9e8a-6ea5d630b51b,20677,20677,,
2025-09-09T15:30:32.401132Z,"{'#attributes': {'Qualifiers': 16384}, '#text': 1104}",DC01.garfield.htb,Microsoft-Windows-ActiveDirectory_DomainService,Directory Service,165,4,,,"DC=garfield,DC=htb",0cffd740-bba9-471b-aec4-1c9d0ddd7101._msdcs.garfield.htb,"CN=NTDS Settings,CN=RODC01,CN=Servers,CN=Default-First-Site-Name,CN=Sites,CN=Configuration,DC=garfield,DC=htb",,,,,,,
2025-09-09T15:39:40.792838Z,"{'#attributes': {'Qualifiers': 16384}, '#text': 1587}",DC01.garfield.htb,Microsoft-Windows-ActiveDirectory_DomainService,Directory Service,166,4,,,0cffd740-bba9-471b-aec4-1c9d0ddd7101 (RODC01.garfield.htb),20714,40645e06-4188-4e00-83a7-d50afa36803c,20617,20617,e85320cc-57bc-4806-9e8a-6ea5d630b51b,20617,20617,,
2025-09-09T15:40:32.472263Z,"{'#attributes': {'Qualifiers': 0}, '#text': 102}",DC01.garfield.htb,NTDS ISAM,Directory Service,167,4,,,NTDS,"760,P,98",NTDSA: ,0,10,00,17763,0000,,
2025-09-09T15:40:32.472263Z,"{'#attributes': {'Qualifiers': 0}, '#text': 105}",DC01.garfield.htb,NTDS ISAM,Directory Service,168,4,,,NTDS,"760,D,0",NTDSA: ,0,0,"
[1] 0.000619 +J(0) +M(C:0K, Fs:85, WS:324K # 0K, PF:3264K # 340K, P:3264K)
[2] 0.000530 +J(0) +M(C:16K, Fs:137, WS:540K # 280K, PF:292K # 292K, P:292K)
[3] 0.000014 +J(0) +M(C:0K, Fs:5, WS:20K # 20K, PF:64K # 64K, P:64K)
[4] 0.004392 -0.000096 (1) WT +J(0) +M(C:0K, Fs:121, WS:408K # 408K, PF:5168K # 5168K, P:5168K)
[5] 0.000134 +J(0)
[6] 0.001743 +J(0) +M(C:0K, Fs:23, WS:92K # 92K, PF:20K # 20K, P:20K)
[7] 0.041023 -0.030919 (41) WT +J(0) +M(C:0K, Fs:2577, WS:10288K # 10288K, PF:10260K # 10260K, P:10260K)
[8] -
[9] -
[10] -
[11] -
[12] -
[13] 0.010336 -0.005968 (42) WT +J(CM:0, PgRf:0, Rd:0/0, Dy:0/0, Lg:616/1) +M(C:0K, Fs:7, WS:-10220K # 16K, PF:-10256K # 12K, P:-10256K)
[14] 0.000011 +J(0) +M(C:0K, Fs:1, WS:4K # 0K, PF:0K # 0K, P:0K)
[15] 0.000361 +J(0) +M(C:0K, Fs:206, WS:820K # 0K, PF:68K # 0K, P:68K)
[16] 0.000208 -0.000067 (1) WT +J(0) +M(C:0K, Fs:2, WS:0K # 0K, PF:0K # 0K, P:0K).",,,,
2025-09-09T15:40:32.472263Z,"{'#attributes': {'Qualifiers': 0}, '#text': 326}",DC01.garfield.htb,NTDS ISAM,Directory Service,169,4,,,NTDS,"760,D,50",NTDSA: ,1,C:\Windows\NTDS\ntds.dit,0,"
[1] 0.000005 +J(0) +M(C:0K, Fs:1, WS:4K # 0K, PF:0K # 0K, P:0K)
[2] 0.000233 -0.000084 (1) WT +J(0) +M(C:0K, Fs:19, WS:12K # 0K, PF:8K # 0K, P:8K)
[3] 0.002596 -0.001027 (6) WT +J(CM:0, PgRf:0, Rd:0/0, Dy:0/0, Lg:3480/2) +M(C:0K, Fs:20, WS:64K # 0K, PF:136K # 0K, P:136K)
[4] 0.000067 +J(0)
[5] -
[6] -
[7] -
[8] 0.001665 -0.000304 (2) CM -0.000106 (2) WT +J(CM:2, PgRf:2, Rd:4/2, Dy:0/0, Lg:0/0) +M(C:32K, Fs:45, WS:172K # 0K, PF:224K # 0K, P:224K)
[9] 0.001618 -0.001431 (5) CM -0.001176 (5) WT +J(CM:5, PgRf:24, Rd:0/5, Dy:0/0, Lg:0/0) +M(C:-24K, Fs:25, WS:76K # 0K, PF:176K # 0K, P:176K)
[10] 0.000627 -0.000529 (3) CM -0.000353 (3) WT +J(CM:3, PgRf:40, Rd:0/3, Dy:0/0, Lg:0/0) +M(C:-4K, Fs:4, WS:4K # 0K, PF:60K # 0K, P:60K)
[11] 0.000152 -0.000128 (1) CM -0.000065 (1) WT +J(CM:1, PgRf:1, Rd:0/1, Dy:0/0, Lg:0/0) +M(C:0K, Fs:2, WS:4K # 0K, PF:0K # 0K, P:0K)
[12] 0.000156 -0.000117 (1) CM -0.000063 (1) WT +J(CM:1, PgRf:42, Rd:0/1, Dy:0/0, Lg:0/0) +M(C:0K, Fs:2, WS:4K # 0K, PF:0K # 0K, P:0K)
[13] 0.0 +J(0)
[14] 0.0 +J(0)
[15] 0.000164 -0.000149 (1) CM -0.000094 (1) WT +J(CM:1, PgRf:1, Rd:0/1, Dy:0/0, Lg:0/0) +M(C:0K, Fs:1, WS:0K # 0K, PF:0K # 0K, P:0K).",0 0,lgposAttach = 00000002:05EA:0268,
2025-09-09T15:40:32.472263Z,"{'#attributes': {'Qualifiers': 0}, '#text': 700}",DC01.garfield.htb,NTDS ISAM,Directory Service,170,4,,,NTDS,"760,D,0",NTDSA: ,C:\Windows\NTDS\ntds.dit,,,,,,
2025-09-09T15:40:32.647464Z,"{'#attributes': {'Qualifiers': 0}, '#text': 701}",DC01.garfield.htb,NTDS ISAM,Directory Service,171,4,,,NTDS,"760,D,0",NTDSA: ,C:\Windows\NTDS\ntds.dit,2,9/9/2025,0,1,1,5
2025-09-09T15:40:32.424296Z,"{'#attributes': {'Qualifiers': 16384}, '#text': 2041}",DC01.garfield.htb,Microsoft-Windows-ActiveDirectory_DomainService,Directory Service,172,4,,,40000633,2,,,,,,,,
2025-09-09T15:40:32.424296Z,"{'#attributes': {'Qualifiers': 16384}, '#text': 1869}",DC01.garfield.htb,Microsoft-Windows-ActiveDirectory_DomainService,Directory Service,173,4,,,\\DC01.garfield.htb,Default-First-Site-Name,,,,,,,,
2025-09-09T17:31:10.947929Z,"{'#attributes': {'Qualifiers': 16384}, '#text': 2179}",DC01.garfield.htb,Microsoft-Windows-ActiveDirectory_DomainService,Directory Service,174,4,,10519390390598119523,,,,,,,,,,
2025-09-09T17:31:12.547900Z,"{'#attributes': {'Qualifiers': 16384}, '#text': 1004}",DC01.garfield.htb,Microsoft-Windows-ActiveDirectory_DomainService,Directory Service,175,4,,,,,,,,,,,,
2025-09-09T17:31:31.043711Z,"{'#attributes': {'Qualifiers': 32768}, '#text': 3051}",DC01.garfield.htb,Microsoft-Windows-ActiveDirectory_DomainService,Directory Service,176,3,,,,,,,,,,,,
2025-09-09T17:31:31.043711Z,"{'#attributes': {'Qualifiers': 32768}, '#text': 3054}",DC01.garfield.htb,Microsoft-Windows-ActiveDirectory_DomainService,Directory Service,177,3,,,,,,,,,,,,
2025-09-09T17:31:31.157532Z,"{'#attributes': {'Qualifiers': 16384}, '#text': 2119}",DC01.garfield.htb,Microsoft-Windows-ActiveDirectory_DomainService,Directory Service,178,4,,,,,,,,,,,,
2025-09-09T17:31:31.157532Z,"{'#attributes': {'Qualifiers': 16384}, '#text': 2404}",DC01.garfield.htb,Microsoft-Windows-ActiveDirectory_DomainService,Directory Service,179,4,,Recycle Bin Feature,,,,,,,,,,
2025-09-09T17:31:31.157532Z,"{'#attributes': {'Qualifiers': 16384}, '#text': 2406}",DC01.garfield.htb,Microsoft-Windows-ActiveDirectory_DomainService,Directory Service,180,4,,Privileged Access Management Feature,,,,,,,,,,
2025-09-09T17:31:31.157532Z,"{'#attributes': {'Qualifiers': 16384}, '#text': 2168}",DC01.garfield.htb,Microsoft-Windows-ActiveDirectory_DomainService,Directory Service,181,4,,10519390390598119523,,,,,,,,,,
2025-09-09T17:31:31.157532Z,"{'#attributes': {'Qualifiers': 16384}, '#text': 2172}",DC01.garfield.htb,Microsoft-Windows-ActiveDirectory_DomainService,Directory Service,182,4,,10519390390598119523,,,,,,,,,,
2025-09-09T17:31:31.157532Z,"{'#attributes': {'Qualifiers': 16384}, '#text': 2405}",DC01.garfield.htb,Microsoft-Windows-ActiveDirectory_DomainService,Directory Service,183,4,,Privileged Access Management Feature,,,,,,,,,,
2025-09-09T17:31:41.179813Z,"{'#attributes': {'Qualifiers': 32768}, '#text': 2886}",DC01.garfield.htb,Microsoft-Windows-ActiveDirectory_DomainService,Directory Service,184,3,,,,,,,,,,,,
2025-09-09T17:31:41.179813Z,"{'#attributes': {'Qualifiers': 32768}, '#text': 3041}",DC01.garfield.htb,Microsoft-Windows-ActiveDirectory_DomainService,Directory Service,185,3,,,,,,,,,,,,
2025-09-09T17:31:41.179813Z,"{'#attributes': {'Qualifiers': 16384}, '#text': 1000}",DC01.garfield.htb,Microsoft-Windows-ActiveDirectory_DomainService,Directory Service,186,4,,,,,,,,,,,,
2025-09-09T17:31:57.753042Z,"{'#attributes': {'Qualifiers': 49152}, '#text': 2087}",DC01.garfield.htb,Microsoft-Windows-ActiveDirectory_DomainService,Directory Service,187,2,,,RODC01,0cffd740-bba9-471b-aec4-1c9d0ddd7101._msdcs.garfield.htb,11001,No such host is known.,System\CurrentControlSet\Services\NTDS\Diagnostics,22 DS RPC Client,,,,
2025-09-09T17:32:11.190529Z,"{'#attributes': {'Qualifiers': 16384}, '#text': 1394}",DC01.garfield.htb,Microsoft-Windows-ActiveDirectory_DomainService,Directory Service,188,4,,,,,,,,,,,,
2025-09-09T17:46:41.201346Z,"{'#attributes': {'Qualifiers': 0}, '#text': 102}",DC01.garfield.htb,NTDS ISAM,Directory Service,189,4,,,NTDS,"768,P,98",NTDSA: ,0,10,00,17763,0000,,
2025-09-09T17:46:41.201346Z,"{'#attributes': {'Qualifiers': 0}, '#text': 105}",DC01.garfield.htb,NTDS ISAM,Directory Service,190,4,,,NTDS,"768,D,0",NTDSA: ,0,0,"
[1] 0.000566 +J(0) +M(C:0K, Fs:136, WS:524K # 0K, PF:3276K # 344K, P:3276K)
[2] 0.000351 +J(0) +M(C:16K, Fs:85, WS:332K # 272K, PF:292K # 292K, P:292K)
[3] 0.000013 +J(0) +M(C:0K, Fs:5, WS:20K # 20K, PF:64K # 64K, P:64K)
[4] 0.002828 -0.000115 (1) WT +J(0) +M(C:0K, Fs:127, WS:428K # 428K, PF:5180K # 5180K, P:5180K)
[5] 0.000117 +J(0)
[6] 0.001300 +J(0) +M(C:0K, Fs:23, WS:92K # 92K, PF:16K # 16K, P:16K)
[7] 0.015140 -0.007994 (41) WT +J(0) +M(C:0K, Fs:2578, WS:10288K # 10288K, PF:10260K # 10260K, P:10260K)
[8] -
[9] -
[10] -
[11] -
[12] -
[13] 0.011294 -0.006699 (42) WT +J(CM:0, PgRf:0, Rd:0/0, Dy:0/0, Lg:616/1) +M(C:0K, Fs:8, WS:-10220K # 16K, PF:-10256K # 12K, P:-10256K)
[14] 0.000013 +J(0) +M(C:0K, Fs:1, WS:4K # 0K, PF:0K # 0K, P:0K)
[15] 0.000244 +J(0) +M(C:0K, Fs:205, WS:820K # 0K, PF:64K # 0K, P:64K)
[16] 0.000266 -0.000126 (1) WT +J(0) +M(C:0K, Fs:2, WS:0K # 0K, PF:0K # 0K, P:0K).",,,,
2025-09-09T17:46:41.201346Z,"{'#attributes': {'Qualifiers': 0}, '#text': 326}",DC01.garfield.htb,NTDS ISAM,Directory Service,191,4,,,NTDS,"768,D,50",NTDSA: ,1,C:\Windows\NTDS\ntds.dit,0,"
[1] 0.000005 +J(0) +M(C:0K, Fs:1, WS:4K # 0K, PF:0K # 0K, P:0K)
[2] 0.000254 -0.000098 (1) WT +J(0) +M(C:0K, Fs:19, WS:12K # 0K, PF:8K # 0K, P:8K)
[3] 0.002240 -0.000645 (6) WT +J(CM:0, PgRf:0, Rd:0/0, Dy:0/0, Lg:3480/2) +M(C:0K, Fs:22, WS:76K # 0K, PF:148K # 0K, P:148K)
[4] 0.000063 +J(0)
[5] -
[6] -
[7] -
[8] 0.001184 -0.000366 (2) CM -0.000161 (2) WT +J(CM:2, PgRf:2, Rd:4/2, Dy:0/0, Lg:0/0) +M(C:16K, Fs:46, WS:176K # 0K, PF:208K # 0K, P:208K)
[9] 0.000939 -0.000705 (6) CM -0.000464 (6) WT +J(CM:6, PgRf:24, Rd:0/5, Dy:0/0, Lg:0/0) +M(C:-8K, Fs:28, WS:88K # 0K, PF:200K # 0K, P:200K)
[10] 0.000463 -0.000370 (3) CM -0.000214 (3) WT +J(CM:3, PgRf:40, Rd:0/3, Dy:0/0, Lg:0/0) +M(C:-4K, Fs:4, WS:4K # 0K, PF:60K # 0K, P:60K)
[11] 0.000165 -0.000140 (1) CM -0.000082 (1) WT +J(CM:1, PgRf:1, Rd:0/1, Dy:0/0, Lg:0/0) +M(C:0K, Fs:2, WS:4K # 0K, PF:0K # 0K, P:0K)
[12] 0.000200 -0.000148 (1) CM -0.000081 (1) WT +J(CM:1, PgRf:42, Rd:0/1, Dy:0/0, Lg:0/0) +M(C:0K, Fs:2, WS:4K # 0K, PF:0K # 0K, P:0K)
[13] 0.000001 +J(0)
[14] 0.0 +J(0)
[15] 0.000226 -0.000203 (1) CM -0.000144 (1) WT +J(CM:1, PgRf:1, Rd:0/1, Dy:0/0, Lg:0/0) +M(C:0K, Fs:1, WS:0K # 0K, PF:0K # 0K, P:0K).",0 0,lgposAttach = 00000002:070A:0268,
2025-09-09T17:46:41.201346Z,"{'#attributes': {'Qualifiers': 0}, '#text': 700}",DC01.garfield.htb,NTDS ISAM,Directory Service,192,4,,,NTDS,"768,D,0",NTDSA: ,C:\Windows\NTDS\ntds.dit,,,,,,
2025-09-09T17:46:41.284193Z,"{'#attributes': {'Qualifiers': 0}, '#text': 701}",DC01.garfield.htb,NTDS ISAM,Directory Service,193,4,,,NTDS,"768,D,0",NTDSA: ,C:\Windows\NTDS\ntds.dit,2,9/9/2025,0,1,1,6
2025-09-09T17:46:41.185211Z,"{'#attributes': {'Qualifiers': 16384}, '#text': 1869}",DC01.garfield.htb,Microsoft-Windows-ActiveDirectory_DomainService,Directory Service,194,4,,,\\DC01.garfield.htb,Default-First-Site-Name,,,,,,,,
2025-09-09T18:56:35.561832Z,"{'#attributes': {'Qualifiers': 16384}, '#text': 2179}",DC01.garfield.htb,Microsoft-Windows-ActiveDirectory_DomainService,Directory Service,195,4,,10519390390598119523,,,,,,,,,,
2025-09-09T18:56:36.840250Z,"{'#attributes': {'Qualifiers': 16384}, '#text': 1004}",DC01.garfield.htb,Microsoft-Windows-ActiveDirectory_DomainService,Directory Service,196,4,,,,,,,,,,,,
2025-09-09T18:56:53.818850Z,"{'#attributes': {'Qualifiers': 32768}, '#text': 3051}",DC01.garfield.htb,Microsoft-Windows-ActiveDirectory_DomainService,Directory Service,197,3,,,,,,,,,,,,
2025-09-09T18:56:53.818850Z,"{'#attributes': {'Qualifiers': 32768}, '#text': 3054}",DC01.garfield.htb,Microsoft-Windows-ActiveDirectory_DomainService,Directory Service,198,3,,,,,,,,,,,,
2025-09-09T18:56:53.975506Z,"{'#attributes': {'Qualifiers': 16384}, '#text': 2119}",DC01.garfield.htb,Microsoft-Windows-ActiveDirectory_DomainService,Directory Service,199,4,,,,,,,,,,,,
2025-09-09T18:56:53.975506Z,"{'#attributes': {'Qualifiers': 16384}, '#text': 2404}",DC01.garfield.htb,Microsoft-Windows-ActiveDirectory_DomainService,Directory Service,200,4,,Recycle Bin Feature,,,,,,,,,,
2025-09-09T18:56:53.975506Z,"{'#attributes': {'Qualifiers': 16384}, '#text': 2406}",DC01.garfield.htb,Microsoft-Windows-ActiveDirectory_DomainService,Directory Service,201,4,,Privileged Access Management Feature,,,,,,,,,,
2025-09-09T18:56:53.975506Z,"{'#attributes': {'Qualifiers': 16384}, '#text': 2168}",DC01.garfield.htb,Microsoft-Windows-ActiveDirectory_DomainService,Directory Service,202,4,,10519390390598119523,,,,,,,,,,
2025-09-09T18:56:53.975506Z,"{'#attributes': {'Qualifiers': 16384}, '#text': 2172}",DC01.garfield.htb,Microsoft-Windows-ActiveDirectory_DomainService,Directory Service,203,4,,10519390390598119523,,,,,,,,,,
2025-09-09T18:56:53.975506Z,"{'#attributes': {'Qualifiers': 16384}, '#text': 2405}",DC01.garfield.htb,Microsoft-Windows-ActiveDirectory_DomainService,Directory Service,204,4,,Privileged Access Management Feature,,,,,,,,,,
2025-09-09T18:57:03.985598Z,"{'#attributes': {'Qualifiers': 32768}, '#text': 2886}",DC01.garfield.htb,Microsoft-Windows-ActiveDirectory_DomainService,Directory Service,205,3,,,,,,,,,,,,
2025-09-09T18:57:03.985598Z,"{'#attributes': {'Qualifiers': 32768}, '#text': 3041}",DC01.garfield.htb,Microsoft-Windows-ActiveDirectory_DomainService,Directory Service,206,3,,,,,,,,,,,,
2025-09-09T18:57:03.985598Z,"{'#attributes': {'Qualifiers': 16384}, '#text': 1000}",DC01.garfield.htb,Microsoft-Windows-ActiveDirectory_DomainService,Directory Service,207,4,,,,,,,,,,,,
2025-09-09T18:57:20.550622Z,"{'#attributes': {'Qualifiers': 49152}, '#text': 2087}",DC01.garfield.htb,Microsoft-Windows-ActiveDirectory_DomainService,Directory Service,208,2,,,RODC01,0cffd740-bba9-471b-aec4-1c9d0ddd7101._msdcs.garfield.htb,11001,No such host is known.,System\CurrentControlSet\Services\NTDS\Diagnostics,22 DS RPC Client,,,,
2025-09-09T18:57:34.013503Z,"{'#attributes': {'Qualifiers': 16384}, '#text': 1394}",DC01.garfield.htb,Microsoft-Windows-ActiveDirectory_DomainService,Directory Service,209,4,,,,,,,,,,,,
2025-09-09T19:12:04.014239Z,"{'#attributes': {'Qualifiers': 0}, '#text': 102}",DC01.garfield.htb,NTDS ISAM,Directory Service,210,4,,,NTDS,"772,P,98",NTDSA: ,0,10,00,17763,0000,,
2025-09-09T19:12:04.014239Z,"{'#attributes': {'Qualifiers': 0}, '#text': 105}",DC01.garfield.htb,NTDS ISAM,Directory Service,211,4,,,NTDS,"772,D,0",NTDSA: ,0,0,"
[1] 0.000419 +J(0) +M(C:0K, Fs:82, WS:308K # 0K, PF:3280K # 344K, P:3280K)
[2] 0.000365 +J(0) +M(C:16K, Fs:142, WS:556K # 280K, PF:308K # 308K, P:308K)
[3] 0.000014 +J(0) +M(C:0K, Fs:5, WS:20K # 20K, PF:64K # 64K, P:64K)
[4] 0.002898 -0.000069 (1) WT +J(0) +M(C:0K, Fs:121, WS:408K # 408K, PF:5200K # 5200K, P:5200K)
[5] 0.000111 +J(0)
[6] 0.000872 +J(0) +M(C:0K, Fs:24, WS:92K # 92K, PF:16K # 16K, P:16K)
[7] 0.012734 -0.006415 (41) WT +J(0) +M(C:0K, Fs:2577, WS:10288K # 10288K, PF:10260K # 10260K, P:10260K)
[8] -
[9] -
[10] -
[11] -
[12] -
[13] 0.009160 -0.005534 (42) WT +J(CM:0, PgRf:0, Rd:0/0, Dy:0/0, Lg:616/1) +M(C:0K, Fs:7, WS:-10220K # 16K, PF:-10256K # 12K, P:-10256K)
[14] 0.000009 +J(0) +M(C:0K, Fs:1, WS:4K # 0K, PF:0K # 0K, P:0K)
[15] 0.000245 +J(0) +M(C:0K, Fs:205, WS:820K # 0K, PF:64K # 0K, P:64K)
[16] 0.000201 -0.000062 (1) WT +J(0) +M(C:0K, Fs:4, WS:4K # 0K, PF:0K # 0K, P:0K).",,,,
2025-09-09T19:12:04.014239Z,"{'#attributes': {'Qualifiers': 0}, '#text': 326}",DC01.garfield.htb,NTDS ISAM,Directory Service,212,4,,,NTDS,"772,D,50",NTDSA: ,1,C:\Windows\NTDS\ntds.dit,0,"
[1] 0.000004 +J(0) +M(C:0K, Fs:1, WS:4K # 0K, PF:0K # 0K, P:0K)
[2] 0.000223 -0.000066 (1) WT +J(0) +M(C:0K, Fs:20, WS:12K # 0K, PF:12K # 0K, P:12K)
[3] 0.001935 -0.000507 (6) WT +J(CM:0, PgRf:0, Rd:0/0, Dy:0/0, Lg:3480/2) +M(C:0K, Fs:17, WS:60K # 0K, PF:124K # 0K, P:124K)
[4] 0.000049 +J(0)
[5] -
[6] -
[7] -
[8] 0.000829 -0.000274 (2) CM -0.000099 (2) WT +J(CM:2, PgRf:2, Rd:4/2, Dy:0/0, Lg:0/0) +M(C:16K, Fs:45, WS:172K # 0K, PF:208K # 0K, P:208K)
[9] 0.000772 -0.000574 (5) CM -0.000337 (5) WT +J(CM:5, PgRf:24, Rd:0/5, Dy:0/0, Lg:0/0) +M(C:-8K, Fs:25, WS:76K # 0K, PF:192K # 0K, P:192K)
[10] 0.000357 -0.000280 (3) CM -0.000147 (3) WT +J(CM:3, PgRf:40, Rd:0/3, Dy:0/0, Lg:0/0) +M(C:-4K, Fs:3, WS:4K # 0K, PF:60K # 0K, P:60K)
[11] 0.000007 +J(CM:0, PgRf:1, Rd:0/0, Dy:0/0, Lg:0/0) +M(C:0K, Fs:1, WS:4K # 0K, PF:0K # 0K, P:0K)
[12] 0.000016 +J(CM:0, PgRf:42, Rd:0/0, Dy:0/0, Lg:0/0) +M(C:0K, Fs:1, WS:4K # 0K, PF:0K # 0K, P:0K)
[13] 0.0 +J(0)
[14] 0.0 +J(0)
[15] 0.000002 +J(CM:0, PgRf:1, Rd:0/0, Dy:0/0, Lg:0/0).",0 0,lgposAttach = 00000002:07B7:0268,
2025-09-09T19:12:04.014239Z,"{'#attributes': {'Qualifiers': 0}, '#text': 700}",DC01.garfield.htb,NTDS ISAM,Directory Service,213,4,,,NTDS,"772,D,0",NTDSA: ,C:\Windows\NTDS\ntds.dit,,,,,,
2025-09-09T19:12:04.102258Z,"{'#attributes': {'Qualifiers': 0}, '#text': 701}",DC01.garfield.htb,NTDS ISAM,Directory Service,214,4,,,NTDS,"772,D,0",NTDSA: ,C:\Windows\NTDS\ntds.dit,0,9/9/2025,0,1,1,7
2025-09-09T19:12:04.010267Z,"{'#attributes': {'Qualifiers': 16384}, '#text': 1869}",DC01.garfield.htb,Microsoft-Windows-ActiveDirectory_DomainService,Directory Service,215,4,,,\\DC01.garfield.htb,Default-First-Site-Name,,,,,,,,
2025-09-09T19:25:02.003139Z,"{'#attributes': {'Qualifiers': 32768}, '#text': 1220}",DC01.garfield.htb,Microsoft-Windows-ActiveDirectory_DomainService,Directory Service,216,3,,,8009030e,No credentials are available in the security package,,,,,,,,
2025-09-09T20:15:51.435721Z,"{'#attributes': {'Qualifiers': 16384}, '#text': 2179}",DC01.garfield.htb,Microsoft-Windows-ActiveDirectory_DomainService,Directory Service,217,4,,10519390390598119523,,,,,,,,,,
2025-09-09T20:15:53.057691Z,"{'#attributes': {'Qualifiers': 16384}, '#text': 1004}",DC01.garfield.htb,Microsoft-Windows-ActiveDirectory_DomainService,Directory Service,218,4,,,,,,,,,,,,
2025-09-10T09:54:18.347045Z,"{'#attributes': {'Qualifiers': 32768}, '#text': 3051}",DC01.garfield.htb,Microsoft-Windows-ActiveDirectory_DomainService,Directory Service,219,3,,,,,,,,,,,,
2025-09-10T09:54:18.347045Z,"{'#attributes': {'Qualifiers': 32768}, '#text': 3054}",DC01.garfield.htb,Microsoft-Windows-ActiveDirectory_DomainService,Directory Service,220,3,,,,,,,,,,,,
2025-09-10T09:54:18.457110Z,"{'#attributes': {'Qualifiers': 16384}, '#text': 2119}",DC01.garfield.htb,Microsoft-Windows-ActiveDirectory_DomainService,Directory Service,221,4,,,,,,,,,,,,
2025-09-10T09:54:18.457110Z,"{'#attributes': {'Qualifiers': 16384}, '#text': 2404}",DC01.garfield.htb,Microsoft-Windows-ActiveDirectory_DomainService,Directory Service,222,4,,Recycle Bin Feature,,,,,,,,,,
2025-09-10T09:54:18.457110Z,"{'#attributes': {'Qualifiers': 16384}, '#text': 2406}",DC01.garfield.htb,Microsoft-Windows-ActiveDirectory_DomainService,Directory Service,223,4,,Privileged Access Management Feature,,,,,,,,,,
2025-09-10T09:54:18.471994Z,"{'#attributes': {'Qualifiers': 16384}, '#text': 2168}",DC01.garfield.htb,Microsoft-Windows-ActiveDirectory_DomainService,Directory Service,224,4,,10519390390598119523,,,,,,,,,,
2025-09-10T09:54:18.471994Z,"{'#attributes': {'Qualifiers': 16384}, '#text': 2172}",DC01.garfield.htb,Microsoft-Windows-ActiveDirectory_DomainService,Directory Service,225,4,,10519390390598119523,,,,,,,,,,
2025-09-10T09:54:18.471994Z,"{'#attributes': {'Qualifiers': 16384}, '#text': 2405}",DC01.garfield.htb,Microsoft-Windows-ActiveDirectory_DomainService,Directory Service,226,4,,Privileged Access Management Feature,,,,,,,,,,
2025-09-10T09:54:28.489867Z,"{'#attributes': {'Qualifiers': 32768}, '#text': 2886}",DC01.garfield.htb,Microsoft-Windows-ActiveDirectory_DomainService,Directory Service,227,3,,,,,,,,,,,,
2025-09-10T09:54:28.489867Z,"{'#attributes': {'Qualifiers': 32768}, '#text': 3041}",DC01.garfield.htb,Microsoft-Windows-ActiveDirectory_DomainService,Directory Service,228,3,,,,,,,,,,,,
2025-09-10T09:54:28.489867Z,"{'#attributes': {'Qualifiers': 16384}, '#text': 1000}",DC01.garfield.htb,Microsoft-Windows-ActiveDirectory_DomainService,Directory Service,229,4,,,,,,,,,,,,
2025-09-10T09:54:44.794606Z,"{'#attributes': {'Qualifiers': 49152}, '#text': 2087}",DC01.garfield.htb,Microsoft-Windows-ActiveDirectory_DomainService,Directory Service,230,2,,,RODC01,0cffd740-bba9-471b-aec4-1c9d0ddd7101._msdcs.garfield.htb,11001,No such host is known.,System\CurrentControlSet\Services\NTDS\Diagnostics,22 DS RPC Client,,,,
2025-09-10T09:54:58.509414Z,"{'#attributes': {'Qualifiers': 16384}, '#text': 1394}",DC01.garfield.htb,Microsoft-Windows-ActiveDirectory_DomainService,Directory Service,231,4,,,,,,,,,,,,
2025-09-10T10:09:28.560092Z,"{'#attributes': {'Qualifiers': 0}, '#text': 102}",DC01.garfield.htb,NTDS ISAM,Directory Service,232,4,,,NTDS,"764,P,98",NTDSA: ,0,10,00,17763,0000,,
2025-09-10T10:09:28.560092Z,"{'#attributes': {'Qualifiers': 0}, '#text': 105}",DC01.garfield.htb,NTDS ISAM,Directory Service,233,4,,,NTDS,"764,D,0",NTDSA: ,0,0,"
[1] 0.000433 +J(0) +M(C:0K, Fs:84, WS:316K # 0K, PF:2424K # 0K, P:2424K)
[2] 0.000480 +J(0) +M(C:16K, Fs:139, WS:548K # 276K, PF:1132K # 632K, P:1132K)
[3] 0.000016 +J(0) +M(C:0K, Fs:5, WS:20K # 20K, PF:64K # 64K, P:64K)
[4] 0.004705 -0.000088 (1) WT +J(0) +M(C:0K, Fs:123, WS:408K # 408K, PF:5176K # 5176K, P:5176K)
[5] 0.000141 +J(0)
[6] 0.001682 +J(0) +M(C:0K, Fs:23, WS:92K # 92K, PF:20K # 20K, P:20K)
[7] 0.043358 -0.034786 (41) WT +J(0) +M(C:0K, Fs:2577, WS:10288K # 10288K, PF:10260K # 10260K, P:10260K)
[8] -
[9] -
[10] -
[11] -
[12] -
[13] 0.012078 -0.007676 (42) WT +J(CM:0, PgRf:0, Rd:0/0, Dy:0/0, Lg:616/1) +M(C:0K, Fs:21, WS:-10164K # 72K, PF:-10188K # 80K, P:-10188K)
[14] 0.000014 +J(0) +M(C:0K, Fs:2, WS:8K # 0K, PF:0K # 0K, P:0K)
[15] 0.000252 +J(0) +M(C:0K, Fs:206, WS:820K # 0K, PF:68K # 0K, P:68K)
[16] 0.000242 -0.000111 (1) WT +J(0) +M(C:0K, Fs:2, WS:0K # 0K, PF:0K # 0K, P:0K).",,,,
2025-09-10T10:09:28.560092Z,"{'#attributes': {'Qualifiers': 0}, '#text': 326}",DC01.garfield.htb,NTDS ISAM,Directory Service,234,4,,,NTDS,"764,D,50",NTDSA: ,1,C:\Windows\NTDS\ntds.dit,0,"
[1] 0.000004 +J(0) +M(C:0K, Fs:1, WS:4K # 0K, PF:0K # 0K, P:0K)
[2] 0.000234 -0.000097 (1) WT +J(0) +M(C:0K, Fs:19, WS:12K # 0K, PF:8K # 0K, P:8K)
[3] 0.002774 -0.001277 (6) WT +J(CM:0, PgRf:0, Rd:0/0, Dy:0/0, Lg:3480/2) +M(C:0K, Fs:16, WS:56K # 0K, PF:124K # 0K, P:124K)
[4] 0.000052 +J(0)
[5] -
[6] -
[7] -
[8] 0.001921 -0.000512 (2) CM -0.000261 (2) WT +J(CM:2, PgRf:2, Rd:4/2, Dy:0/0, Lg:0/0) +M(C:16K, Fs:46, WS:172K # 0K, PF:212K # 0K, P:212K)
[9] 0.001683 -0.001510 (5) CM -0.001277 (5) WT +J(CM:5, PgRf:24, Rd:0/5, Dy:0/0, Lg:0/0) +M(C:-8K, Fs:25, WS:76K # 0K, PF:192K # 0K, P:192K)
[10] 0.000634 -0.000547 (3) CM -0.000401 (3) WT +J(CM:3, PgRf:40, Rd:0/3, Dy:0/0, Lg:0/0) +M(C:-4K, Fs:3, WS:4K # 0K, PF:60K # 0K, P:60K)
[11] 0.000008 +J(CM:0, PgRf:1, Rd:0/0, Dy:0/0, Lg:0/0) +M(C:0K, Fs:1, WS:4K # 0K, PF:0K # 0K, P:0K)
[12] 0.000022 +J(CM:0, PgRf:42, Rd:0/0, Dy:0/0, Lg:0/0) +M(C:0K, Fs:1, WS:4K # 0K, PF:0K # 0K, P:0K)
[13] 0.0 +J(0)
[14] 0.0 +J(0)
[15] 0.000002 +J(CM:0, PgRf:1, Rd:0/0, Dy:0/0, Lg:0/0).",0 0,lgposAttach = 00000002:0845:0268,
2025-09-10T10:09:28.560092Z,"{'#attributes': {'Qualifiers': 0}, '#text': 700}",DC01.garfield.htb,NTDS ISAM,Directory Service,235,4,,,NTDS,"764,D,0",NTDSA: ,C:\Windows\NTDS\ntds.dit,,,,,,
2025-09-10T10:09:28.732119Z,"{'#attributes': {'Qualifiers': 0}, '#text': 701}",DC01.garfield.htb,NTDS ISAM,Directory Service,236,4,,,NTDS,"764,D,0",NTDSA: ,C:\Windows\NTDS\ntds.dit,0,9/10/2025,0,1,1,8
2025-09-10T10:09:28.498553Z,"{'#attributes': {'Qualifiers': 16384}, '#text': 1869}",DC01.garfield.htb,Microsoft-Windows-ActiveDirectory_DomainService,Directory Service,237,4,,,\\DC01.garfield.htb,Default-First-Site-Name,,,,,,,,
2025-09-10T11:33:30.904530Z,"{'#attributes': {'Qualifiers': 16384}, '#text': 2179}",DC01.garfield.htb,Microsoft-Windows-ActiveDirectory_DomainService,Directory Service,238,4,,10519390390598119523,,,,,,,,,,
2025-09-10T11:33:31.576899Z,"{'#attributes': {'Qualifiers': 16384}, '#text': 1004}",DC01.garfield.htb,Microsoft-Windows-ActiveDirectory_DomainService,Directory Service,239,4,,,,,,,,,,,,
2025-09-10T11:51:17.281696Z,"{'#attributes': {'Qualifiers': 32768}, '#text': 3051}",DC01.garfield.htb,Microsoft-Windows-ActiveDirectory_DomainService,Directory Service,240,3,,,,,,,,,,,,
2025-09-10T11:51:17.281696Z,"{'#attributes': {'Qualifiers': 32768}, '#text': 3054}",DC01.garfield.htb,Microsoft-Windows-ActiveDirectory_DomainService,Directory Service,241,3,,,,,,,,,,,,
2025-09-10T11:51:17.387486Z,"{'#attributes': {'Qualifiers': 16384}, '#text': 2119}",DC01.garfield.htb,Microsoft-Windows-ActiveDirectory_DomainService,Directory Service,242,4,,,,,,,,,,,,
2025-09-10T11:51:17.387486Z,"{'#attributes': {'Qualifiers': 16384}, '#text': 2404}",DC01.garfield.htb,Microsoft-Windows-ActiveDirectory_DomainService,Directory Service,243,4,,Recycle Bin Feature,,,,,,,,,,
2025-09-10T11:51:17.387486Z,"{'#attributes': {'Qualifiers': 16384}, '#text': 2406}",DC01.garfield.htb,Microsoft-Windows-ActiveDirectory_DomainService,Directory Service,244,4,,Privileged Access Management Feature,,,,,,,,,,
2025-09-10T11:51:17.402561Z,"{'#attributes': {'Qualifiers': 16384}, '#text': 2168}",DC01.garfield.htb,Microsoft-Windows-ActiveDirectory_DomainService,Directory Service,245,4,,10519390390598119523,,,,,,,,,,
2025-09-10T11:51:17.402561Z,"{'#attributes': {'Qualifiers': 16384}, '#text': 2172}",DC01.garfield.htb,Microsoft-Windows-ActiveDirectory_DomainService,Directory Service,246,4,,10519390390598119523,,,,,,,,,,
2025-09-10T11:51:17.402561Z,"{'#attributes': {'Qualifiers': 16384}, '#text': 2405}",DC01.garfield.htb,Microsoft-Windows-ActiveDirectory_DomainService,Directory Service,247,4,,Privileged Access Management Feature,,,,,,,,,,
2025-09-10T11:51:27.409389Z,"{'#attributes': {'Qualifiers': 32768}, '#text': 2886}",DC01.garfield.htb,Microsoft-Windows-ActiveDirectory_DomainService,Directory Service,248,3,,,,,,,,,,,,
2025-09-10T11:51:27.409389Z,"{'#attributes': {'Qualifiers': 32768}, '#text': 3041}",DC01.garfield.htb,Microsoft-Windows-ActiveDirectory_DomainService,Directory Service,249,3,,,,,,,,,,,,
2025-09-10T11:51:27.409389Z,"{'#attributes': {'Qualifiers': 16384}, '#text': 1000}",DC01.garfield.htb,Microsoft-Windows-ActiveDirectory_DomainService,Directory Service,250,4,,,,,,,,,,,,
2025-09-10T11:51:43.810001Z,"{'#attributes': {'Qualifiers': 49152}, '#text': 2087}",DC01.garfield.htb,Microsoft-Windows-ActiveDirectory_DomainService,Directory Service,251,2,,,RODC01,0cffd740-bba9-471b-aec4-1c9d0ddd7101._msdcs.garfield.htb,11001,No such host is known.,System\CurrentControlSet\Services\NTDS\Diagnostics,22 DS RPC Client,,,,
2025-09-10T11:51:57.414931Z,"{'#attributes': {'Qualifiers': 16384}, '#text': 1394}",DC01.garfield.htb,Microsoft-Windows-ActiveDirectory_DomainService,Directory Service,252,4,,,,,,,,,,,,
2025-09-12T15:05:33.754120Z,"{'#attributes': {'Qualifiers': 32768}, '#text': 3051}",DC01.garfield.htb,Microsoft-Windows-ActiveDirectory_DomainService,Directory Service,253,3,,,,,,,,,,,,
2025-09-12T15:05:33.754120Z,"{'#attributes': {'Qualifiers': 32768}, '#text': 3054}",DC01.garfield.htb,Microsoft-Windows-ActiveDirectory_DomainService,Directory Service,254,3,,,,,,,,,,,,
2025-09-12T15:05:33.863499Z,"{'#attributes': {'Qualifiers': 16384}, '#text': 2119}",DC01.garfield.htb,Microsoft-Windows-ActiveDirectory_DomainService,Directory Service,255,4,,,,,,,,,,,,
2025-09-12T15:05:33.863499Z,"{'#attributes': {'Qualifiers': 16384}, '#text': 2404}",DC01.garfield.htb,Microsoft-Windows-ActiveDirectory_DomainService,Directory Service,256,4,,Recycle Bin Feature,,,,,,,,,,
2025-09-12T15:05:33.863499Z,"{'#attributes': {'Qualifiers': 16384}, '#text': 2406}",DC01.garfield.htb,Microsoft-Windows-ActiveDirectory_DomainService,Directory Service,257,4,,Privileged Access Management Feature,,,,,,,,,,
2025-09-12T15:05:33.863499Z,"{'#attributes': {'Qualifiers': 16384}, '#text': 2168}",DC01.garfield.htb,Microsoft-Windows-ActiveDirectory_DomainService,Directory Service,258,4,,10519390390598119523,,,,,,,,,,
2025-09-12T15:05:33.863499Z,"{'#attributes': {'Qualifiers': 16384}, '#text': 2172}",DC01.garfield.htb,Microsoft-Windows-ActiveDirectory_DomainService,Directory Service,259,4,,10519390390598119523,,,,,,,,,,
2025-09-12T15:05:33.863499Z,"{'#attributes': {'Qualifiers': 16384}, '#text': 2405}",DC01.garfield.htb,Microsoft-Windows-ActiveDirectory_DomainService,Directory Service,260,4,,Privileged Access Management Feature,,,,,,,,,,
2025-09-12T15:05:43.881120Z,"{'#attributes': {'Qualifiers': 32768}, '#text': 2886}",DC01.garfield.htb,Microsoft-Windows-ActiveDirectory_DomainService,Directory Service,261,3,,,,,,,,,,,,
2025-09-12T15:05:43.881120Z,"{'#attributes': {'Qualifiers': 32768}, '#text': 3041}",DC01.garfield.htb,Microsoft-Windows-ActiveDirectory_DomainService,Directory Service,262,3,,,,,,,,,,,,
2025-09-12T15:05:43.881120Z,"{'#attributes': {'Qualifiers': 16384}, '#text': 1000}",DC01.garfield.htb,Microsoft-Windows-ActiveDirectory_DomainService,Directory Service,263,4,,,,,,,,,,,,
2025-09-12T15:06:00.445446Z,"{'#attributes': {'Qualifiers': 49152}, '#text': 2087}",DC01.garfield.htb,Microsoft-Windows-ActiveDirectory_DomainService,Directory Service,264,2,,,RODC01,0cffd740-bba9-471b-aec4-1c9d0ddd7101._msdcs.garfield.htb,11001,No such host is known.,System\CurrentControlSet\Services\NTDS\Diagnostics,22 DS RPC Client,,,,
2025-09-12T15:06:13.892865Z,"{'#attributes': {'Qualifiers': 16384}, '#text': 1394}",DC01.garfield.htb,Microsoft-Windows-ActiveDirectory_DomainService,Directory Service,265,4,,,,,,,,,,,,
2025-09-12T15:10:43.886249Z,"{'#attributes': {'Qualifiers': 16384}, '#text': 1104}",DC01.garfield.htb,Microsoft-Windows-ActiveDirectory_DomainService,Directory Service,266,4,,,"DC=garfield,DC=htb",0cffd740-bba9-471b-aec4-1c9d0ddd7101._msdcs.garfield.htb,"CN=NTDS Settings,CN=RODC01,CN=Servers,CN=Default-First-Site-Name,CN=Sites,CN=Configuration,DC=garfield,DC=htb",,,,,,,
2025-09-12T15:20:43.885393Z,"{'#attributes': {'Qualifiers': 16384}, '#text': 1869}",DC01.garfield.htb,Microsoft-Windows-ActiveDirectory_DomainService,Directory Service,267,4,,,\\DC01.garfield.htb,Default-First-Site-Name,,,,,,,,
2025-09-12T22:10:36.370557Z,"{'#attributes': {'Qualifiers': 32768}, '#text': 3051}",DC01.garfield.htb,Microsoft-Windows-ActiveDirectory_DomainService,Directory Service,268,3,,,,,,,,,,,,
2025-09-12T22:10:36.370557Z,"{'#attributes': {'Qualifiers': 32768}, '#text': 3054}",DC01.garfield.htb,Microsoft-Windows-ActiveDirectory_DomainService,Directory Service,269,3,,,,,,,,,,,,
2025-09-12T22:10:36.435093Z,"{'#attributes': {'Qualifiers': 16384}, '#text': 2119}",DC01.garfield.htb,Microsoft-Windows-ActiveDirectory_DomainService,Directory Service,270,4,,,,,,,,,,,,
2025-09-12T22:10:36.435093Z,"{'#attributes': {'Qualifiers': 16384}, '#text': 2404}",DC01.garfield.htb,Microsoft-Windows-ActiveDirectory_DomainService,Directory Service,271,4,,Recycle Bin Feature,,,,,,,,,,
2025-09-12T22:10:36.435093Z,"{'#attributes': {'Qualifiers': 16384}, '#text': 2406}",DC01.garfield.htb,Microsoft-Windows-ActiveDirectory_DomainService,Directory Service,272,4,,Privileged Access Management Feature,,,,,,,,,,
2025-09-12T22:10:36.435093Z,"{'#attributes': {'Qualifiers': 16384}, '#text': 2168}",DC01.garfield.htb,Microsoft-Windows-ActiveDirectory_DomainService,Directory Service,273,4,,10519390390598119523,,,,,,,,,,
2025-09-12T22:10:36.435093Z,"{'#attributes': {'Qualifiers': 16384}, '#text': 2172}",DC01.garfield.htb,Microsoft-Windows-ActiveDirectory_DomainService,Directory Service,274,4,,10519390390598119523,,,,,,,,,,
2025-09-12T22:10:36.435093Z,"{'#attributes': {'Qualifiers': 16384}, '#text': 2405}",DC01.garfield.htb,Microsoft-Windows-ActiveDirectory_DomainService,Directory Service,275,4,,Privileged Access Management Feature,,,,,,,,,,
2025-09-12T22:10:46.447827Z,"{'#attributes': {'Qualifiers': 32768}, '#text': 2886}",DC01.garfield.htb,Microsoft-Windows-ActiveDirectory_DomainService,Directory Service,276,3,,,,,,,,,,,,
2025-09-12T22:10:46.447827Z,"{'#attributes': {'Qualifiers': 32768}, '#text': 3041}",DC01.garfield.htb,Microsoft-Windows-ActiveDirectory_DomainService,Directory Service,277,3,,,,,,,,,,,,
2025-09-12T22:10:46.447827Z,"{'#attributes': {'Qualifiers': 16384}, '#text': 1000}",DC01.garfield.htb,Microsoft-Windows-ActiveDirectory_DomainService,Directory Service,278,4,,,,,,,,,,,,
2025-09-12T22:11:03.078525Z,"{'#attributes': {'Qualifiers': 49152}, '#text': 2087}",DC01.garfield.htb,Microsoft-Windows-ActiveDirectory_DomainService,Directory Service,279,2,,,RODC01,0cffd740-bba9-471b-aec4-1c9d0ddd7101._msdcs.garfield.htb,11001,No such host is known.,System\CurrentControlSet\Services\NTDS\Diagnostics,22 DS RPC Client,,,,
2025-09-12T22:11:16.463076Z,"{'#attributes': {'Qualifiers': 16384}, '#text': 1394}",DC01.garfield.htb,Microsoft-Windows-ActiveDirectory_DomainService,Directory Service,280,4,,,,,,,,,,,,
2025-09-12T22:25:46.476211Z,"{'#attributes': {'Qualifiers': 16384}, '#text': 1869}",DC01.garfield.htb,Microsoft-Windows-ActiveDirectory_DomainService,Directory Service,281,4,,,\\DC01.garfield.htb,Default-First-Site-Name,,,,,,,,
2025-09-12T22:42:10.368135Z,"{'#attributes': {'Qualifiers': 16384}, '#text': 2179}",DC01.garfield.htb,Microsoft-Windows-ActiveDirectory_DomainService,Directory Service,282,4,,10519390390598119523,,,,,,,,,,
2025-09-12T22:42:11.357048Z,"{'#attributes': {'Qualifiers': 16384}, '#text': 1004}",DC01.garfield.htb,Microsoft-Windows-ActiveDirectory_DomainService,Directory Service,283,4,,,,,,,,,,,,
2025-09-12T22:42:28.979345Z,"{'#attributes': {'Qualifiers': 32768}, '#text': 3051}",DC01.garfield.htb,Microsoft-Windows-ActiveDirectory_DomainService,Directory Service,284,3,,,,,,,,,,,,
2025-09-12T22:42:28.979345Z,"{'#attributes': {'Qualifiers': 32768}, '#text': 3054}",DC01.garfield.htb,Microsoft-Windows-ActiveDirectory_DomainService,Directory Service,285,3,,,,,,,,,,,,
2025-09-12T22:42:29.088939Z,"{'#attributes': {'Qualifiers': 16384}, '#text': 2119}",DC01.garfield.htb,Microsoft-Windows-ActiveDirectory_DomainService,Directory Service,286,4,,,,,,,,,,,,
2025-09-12T22:42:29.088939Z,"{'#attributes': {'Qualifiers': 16384}, '#text': 2404}",DC01.garfield.htb,Microsoft-Windows-ActiveDirectory_DomainService,Directory Service,287,4,,Recycle Bin Feature,,,,,,,,,,
2025-09-12T22:42:29.088939Z,"{'#attributes': {'Qualifiers': 16384}, '#text': 2406}",DC01.garfield.htb,Microsoft-Windows-ActiveDirectory_DomainService,Directory Service,288,4,,Privileged Access Management Feature,,,,,,,,,,
2025-09-12T22:42:29.088939Z,"{'#attributes': {'Qualifiers': 16384}, '#text': 2168}",DC01.garfield.htb,Microsoft-Windows-ActiveDirectory_DomainService,Directory Service,289,4,,10519390390598119523,,,,,,,,,,
2025-09-12T22:42:29.088939Z,"{'#attributes': {'Qualifiers': 16384}, '#text': 2172}",DC01.garfield.htb,Microsoft-Windows-ActiveDirectory_DomainService,Directory Service,290,4,,10519390390598119523,,,,,,,,,,
2025-09-12T22:42:29.088939Z,"{'#attributes': {'Qualifiers': 16384}, '#text': 2405}",DC01.garfield.htb,Microsoft-Windows-ActiveDirectory_DomainService,Directory Service,291,4,,Privileged Access Management Feature,,,,,,,,,,
2025-09-12T22:42:39.109130Z,"{'#attributes': {'Qualifiers': 32768}, '#text': 2886}",DC01.garfield.htb,Microsoft-Windows-ActiveDirectory_DomainService,Directory Service,292,3,,,,,,,,,,,,
2025-09-12T22:42:39.109130Z,"{'#attributes': {'Qualifiers': 32768}, '#text': 3041}",DC01.garfield.htb,Microsoft-Windows-ActiveDirectory_DomainService,Directory Service,293,3,,,,,,,,,,,,
2025-09-12T22:42:39.109130Z,"{'#attributes': {'Qualifiers': 16384}, '#text': 1000}",DC01.garfield.htb,Microsoft-Windows-ActiveDirectory_DomainService,Directory Service,294,4,,,,,,,,,,,,
2025-09-12T22:42:55.701364Z,"{'#attributes': {'Qualifiers': 49152}, '#text': 2087}",DC01.garfield.htb,Microsoft-Windows-ActiveDirectory_DomainService,Directory Service,295,2,,,RODC01,0cffd740-bba9-471b-aec4-1c9d0ddd7101._msdcs.garfield.htb,11001,No such host is known.,System\CurrentControlSet\Services\NTDS\Diagnostics,22 DS RPC Client,,,,
2025-09-12T22:43:09.102636Z,"{'#attributes': {'Qualifiers': 16384}, '#text': 1394}",DC01.garfield.htb,Microsoft-Windows-ActiveDirectory_DomainService,Directory Service,296,4,,,,,,,,,,,,
2025-10-03T17:21:50.104000Z,"{'#attributes': {'Qualifiers': 32768}, '#text': 2170}",DC01.garfield.htb,Microsoft-Windows-ActiveDirectory_DomainService,Directory Service,297,3,,,10519390390598119523,3630335297922948150,,,,,,,,
2025-10-03T17:21:50.104000Z,"{'#attributes': {'Qualifiers': 16384}, '#text': 2181}",DC01.garfield.htb,Microsoft-Windows-ActiveDirectory_DomainService,Directory Service,298,4,,,,,,,,,,,,
2025-10-03T17:21:50.104000Z,"{'#attributes': {'Qualifiers': 16384}, '#text': 2204}",DC01.garfield.htb,Microsoft-Windows-ActiveDirectory_DomainService,Directory Service,299,4,,,,,,,,,,,,
2025-10-03T17:21:50.129332Z,"{'#attributes': {'Qualifiers': 16384}, '#text': 2181}",DC01.garfield.htb,Microsoft-Windows-ActiveDirectory_DomainService,Directory Service,300,4,,,,,,,,,,,,
2025-10-03T17:21:50.135885Z,"{'#attributes': {'Qualifiers': 16384}, '#text': 2041}",DC01.garfield.htb,Microsoft-Windows-ActiveDirectory_DomainService,Directory Service,301,4,,,40000885,4,,,,,,,,
2025-10-03T17:21:50.135885Z,"{'#attributes': {'Qualifiers': 16384}, '#text': 1109}",DC01.garfield.htb,Microsoft-Windows-ActiveDirectory_DomainService,Directory Service,302,4,,,e85320cc-57bc-4806-9e8a-6ea5d630b51b,9c192687-d4db-4fb6-88fa-47dc6cd1c807,53327,,,,,,,
2025-10-03T17:21:50.135885Z,"{'#attributes': {'Qualifiers': 16384}, '#text': 2181}",DC01.garfield.htb,Microsoft-Windows-ActiveDirectory_DomainService,Directory Service,303,4,,,,,,,,,,,,
2025-10-03T17:21:50.135885Z,"{'#attributes': {'Qualifiers': 16384}, '#text': 2041}",DC01.garfield.htb,Microsoft-Windows-ActiveDirectory_DomainService,Directory Service,304,4,,,40000885,2,,,,,,,,
2025-10-03T17:21:50.135885Z,"{'#attributes': {'Qualifiers': 16384}, '#text': 2179}",DC01.garfield.htb,Microsoft-Windows-ActiveDirectory_DomainService,Directory Service,305,4,,3630335297922948150,,,,,,,,,,
2025-10-03T17:21:50.135885Z,"{'#attributes': {'Qualifiers': 16384}, '#text': 2200}",DC01.garfield.htb,Microsoft-Windows-ActiveDirectory_DomainService,Directory Service,306,4,,,,,,,,,,,,
2025-10-03T17:21:50.135885Z,"{'#attributes': {'Qualifiers': 16384}, '#text': 2201}",DC01.garfield.htb,Microsoft-Windows-ActiveDirectory_DomainService,Directory Service,307,4,,,,,,,,,,,,
2025-10-03T17:21:50.167986Z,"{'#attributes': {'Qualifiers': 16384}, '#text': 1587}",DC01.garfield.htb,Microsoft-Windows-ActiveDirectory_DomainService,Directory Service,308,4,,,0cffd740-bba9-471b-aec4-1c9d0ddd7101 (RODC01.garfield.htb),20714,e85320cc-57bc-4806-9e8a-6ea5d630b51b,53326,53326,9c192687-d4db-4fb6-88fa-47dc6cd1c807,0,0,,
2025-10-03T17:21:52.181333Z,"{'#attributes': {'Qualifiers': 16384}, '#text': 2185}",DC01.garfield.htb,Microsoft-Windows-ActiveDirectory_DomainService,Directory Service,309,4,,DFSR,,,,,,,,,,
2025-10-03T17:21:52.181333Z,"{'#attributes': {'Qualifiers': 16384}, '#text': 2208}",DC01.garfield.htb,Microsoft-Windows-ActiveDirectory_DomainService,Directory Service,310,4,,,,,,,,,,,,
2025-10-03T17:21:54.201965Z,"{'#attributes': {'Qualifiers': 16384}, '#text': 2187}",DC01.garfield.htb,Microsoft-Windows-ActiveDirectory_DomainService,Directory Service,311,4,,DFSR,,,,,,,,,,
2025-10-03T17:22:08.608107Z,"{'#attributes': {'Qualifiers': 16384}, '#text': 1587}",DC01.garfield.htb,Microsoft-Windows-ActiveDirectory_DomainService,Directory Service,312,4,,,0cffd740-bba9-471b-aec4-1c9d0ddd7101 (RODC01.garfield.htb),20714,e85320cc-57bc-4806-9e8a-6ea5d630b51b,53308,53308,9c192687-d4db-4fb6-88fa-47dc6cd1c807,0,0,,
2025-10-03T17:30:33.587137Z,"{'#attributes': {'Qualifiers': 16384}, '#text': 1587}",DC01.garfield.htb,Microsoft-Windows-ActiveDirectory_DomainService,Directory Service,313,4,,,0cffd740-bba9-471b-aec4-1c9d0ddd7101 (RODC01.garfield.htb),53327,e85320cc-57bc-4806-9e8a-6ea5d630b51b,49225,49225,9c192687-d4db-4fb6-88fa-47dc6cd1c807,49225,49225,,
2025-10-03T17:34:36.457771Z,"{'#attributes': {'Qualifiers': 0}, '#text': 102}",DC01.garfield.htb,NTDS ISAM,Directory Service,314,4,,,NTDS,"768,P,98",NTDSA: ,0,10,00,17763,0000,,
2025-10-03T17:34:36.457771Z,"{'#attributes': {'Qualifiers': 0}, '#text': 105}",DC01.garfield.htb,NTDS ISAM,Directory Service,315,4,,,NTDS,"768,D,0",NTDSA: ,0,0,"
[1] 0.000421 +J(0) +M(C:0K, Fs:82, WS:312K # 0K, PF:2432K # 0K, P:2432K)
[2] 0.000368 +J(0) +M(C:16K, Fs:139, WS:548K # 272K, PF:1132K # 632K, P:1132K)
[3] 0.000014 +J(0) +M(C:0K, Fs:5, WS:20K # 20K, PF:64K # 64K, P:64K)
[4] 0.002746 -0.000081 (1) WT +J(0) +M(C:0K, Fs:122, WS:412K # 412K, PF:5172K # 5172K, P:5172K)
[5] 0.000113 +J(0)
[6] 0.000916 +J(0) +M(C:0K, Fs:24, WS:96K # 96K, PF:20K # 20K, P:20K)
[7] 0.012010 -0.005609 (41) WT +J(0) +M(C:0K, Fs:2578, WS:10288K # 10288K, PF:10260K # 10260K, P:10260K)
[8] -
[9] -
[10] -
[11] -
[12] -
[13] 0.008323 -0.004723 (42) WT +J(CM:0, PgRf:0, Rd:0/0, Dy:0/0, Lg:616/1) +M(C:0K, Fs:8, WS:-10220K # 16K, PF:-10256K # 12K, P:-10256K)
[14] 0.000007 +J(0) +M(C:0K, Fs:1, WS:4K # 0K, PF:0K # 0K, P:0K)
[15] 0.000231 +J(0) +M(C:0K, Fs:205, WS:820K # 0K, PF:64K # 0K, P:64K)
[16] 0.000184 -0.000061 (1) WT +J(0) +M(C:0K, Fs:2, WS:0K # 0K, PF:0K # 0K, P:0K).",,,,
2025-10-03T17:34:36.457771Z,"{'#attributes': {'Qualifiers': 0}, '#text': 326}",DC01.garfield.htb,NTDS ISAM,Directory Service,316,4,,,NTDS,"768,D,50",NTDSA: ,1,C:\Windows\NTDS\ntds.dit,0,"
[1] 0.000004 +J(0) +M(C:0K, Fs:1, WS:4K # 0K, PF:0K # 0K, P:0K)
[2] 0.000220 -0.000068 (1) WT +J(0) +M(C:0K, Fs:20, WS:12K # 0K, PF:8K # 0K, P:8K)
[3] 0.001960 -0.000486 (6) WT +J(CM:0, PgRf:0, Rd:0/0, Dy:0/0, Lg:3480/2) +M(C:0K, Fs:25, WS:84K # 0K, PF:156K # 0K, P:156K)
[4] 0.000050 +J(0)
[5] -
[6] -
[7] -
[8] 0.000879 -0.000312 (2) CM -0.000105 (2) WT +J(CM:2, PgRf:2, Rd:4/2, Dy:0/0, Lg:0/0) +M(C:32K, Fs:45, WS:172K # 0K, PF:224K # 0K, P:224K)
[9] 0.000739 -0.000557 (6) CM -0.000342 (6) WT +J(CM:6, PgRf:24, Rd:0/5, Dy:0/0, Lg:0/0) +M(C:-24K, Fs:27, WS:84K # 0K, PF:184K # 0K, P:184K)
[10] 0.000366 -0.000287 (3) CM -0.000146 (3) WT +J(CM:3, PgRf:40, Rd:0/3, Dy:0/0, Lg:0/0) +M(C:-4K, Fs:4, WS:4K # 0K, PF:60K # 0K, P:60K)
[11] 0.000121 -0.000100 (1) CM -0.000047 (1) WT +J(CM:1, PgRf:1, Rd:0/1, Dy:0/0, Lg:0/0) +M(C:0K, Fs:2, WS:4K # 0K, PF:0K # 0K, P:0K)
[12] 0.000134 -0.000098 (1) CM -0.000046 (1) WT +J(CM:1, PgRf:42, Rd:0/1, Dy:0/0, Lg:0/0) +M(C:0K, Fs:2, WS:4K # 0K, PF:0K # 0K, P:0K)
[13] 0.0 +J(0)
[14] 0.0 +J(0)
[15] 0.000126 -0.000110 (1) CM -0.000056 (1) WT +J(CM:1, PgRf:1, Rd:0/1, Dy:0/0, Lg:0/0) +M(C:0K, Fs:1, WS:0K # 0K, PF:0K # 0K, P:0K).",0 0,lgposAttach = 00000003:0531:0268,
2025-10-03T17:34:36.457771Z,"{'#attributes': {'Qualifiers': 0}, '#text': 700}",DC01.garfield.htb,NTDS ISAM,Directory Service,317,4,,,NTDS,"768,D,0",NTDSA: ,C:\Windows\NTDS\ntds.dit,,,,,,
2025-10-03T17:34:36.533701Z,"{'#attributes': {'Qualifiers': 0}, '#text': 701}",DC01.garfield.htb,NTDS ISAM,Directory Service,318,4,,,NTDS,"768,D,0",NTDSA: ,C:\Windows\NTDS\ntds.dit,6,10/3/2025,0,1,1,9
2025-10-03T17:34:36.449536Z,"{'#attributes': {'Qualifiers': 16384}, '#text': 2041}",DC01.garfield.htb,Microsoft-Windows-ActiveDirectory_DomainService,Directory Service,319,4,,,40000633,2,,,,,,,,
2025-10-03T17:34:36.449536Z,"{'#attributes': {'Qualifiers': 16384}, '#text': 1869}",DC01.garfield.htb,Microsoft-Windows-ActiveDirectory_DomainService,Directory Service,320,4,,,\\DC01.garfield.htb,Default-First-Site-Name,,,,,,,,
2025-11-21T22:08:32.526000Z,"{'#attributes': {'Qualifiers': 32768}, '#text': 2170}",DC01.garfield.htb,Microsoft-Windows-ActiveDirectory_DomainService,Directory Service,321,3,,,3630335297922948150,7526261421542119856,,,,,,,,
2025-11-21T22:08:32.526000Z,"{'#attributes': {'Qualifiers': 16384}, '#text': 2041}",DC01.garfield.htb,Microsoft-Windows-ActiveDirectory_DomainService,Directory Service,322,4,,,40000885,2,,,,,,,,
2025-11-21T22:08:32.526000Z,"{'#attributes': {'Qualifiers': 16384}, '#text': 2204}",DC01.garfield.htb,Microsoft-Windows-ActiveDirectory_DomainService,Directory Service,323,4,,,,,,,,,,,,
2025-11-21T22:08:32.526000Z,"{'#attributes': {'Qualifiers': 16384}, '#text': 2181}",DC01.garfield.htb,Microsoft-Windows-ActiveDirectory_DomainService,Directory Service,324,4,,,,,,,,,,,,
2025-11-21T22:08:32.538197Z,"{'#attributes': {'Qualifiers': 16384}, '#text': 2181}",DC01.garfield.htb,Microsoft-Windows-ActiveDirectory_DomainService,Directory Service,325,4,,,,,,,,,,,,
2025-11-21T22:08:32.538197Z,"{'#attributes': {'Qualifiers': 16384}, '#text': 2041}",DC01.garfield.htb,Microsoft-Windows-ActiveDirectory_DomainService,Directory Service,326,4,,,40000885,1,,,,,,,,
2025-11-21T22:08:32.538197Z,"{'#attributes': {'Qualifiers': 16384}, '#text': 1109}",DC01.garfield.htb,Microsoft-Windows-ActiveDirectory_DomainService,Directory Service,327,4,,,9c192687-d4db-4fb6-88fa-47dc6cd1c807,b09e0378-b483-4ae3-99bb-e678bdcf5090,54292,,,,,,,
2025-11-21T22:08:32.538197Z,"{'#attributes': {'Qualifiers': 16384}, '#text': 2181}",DC01.garfield.htb,Microsoft-Windows-ActiveDirectory_DomainService,Directory Service,328,4,,,,,,,,,,,,
2025-11-21T22:08:32.538197Z,"{'#attributes': {'Qualifiers': 16384}, '#text': 2041}",DC01.garfield.htb,Microsoft-Windows-ActiveDirectory_DomainService,Directory Service,329,4,,,40000885,2,,,,,,,,
2025-11-21T22:08:32.538197Z,"{'#attributes': {'Qualifiers': 16384}, '#text': 2179}",DC01.garfield.htb,Microsoft-Windows-ActiveDirectory_DomainService,Directory Service,330,4,,7526261421542119856,,,,,,,,,,
2025-11-21T22:08:32.538197Z,"{'#attributes': {'Qualifiers': 16384}, '#text': 2200}",DC01.garfield.htb,Microsoft-Windows-ActiveDirectory_DomainService,Directory Service,331,4,,,,,,,,,,,,
2025-11-21T22:08:32.538197Z,"{'#attributes': {'Qualifiers': 16384}, '#text': 2201}",DC01.garfield.htb,Microsoft-Windows-ActiveDirectory_DomainService,Directory Service,332,4,,,,,,,,,,,,
2025-11-21T22:08:32.538197Z,"{'#attributes': {'Qualifiers': 49152}, '#text': 2209}",DC01.garfield.htb,Microsoft-Windows-ActiveDirectory_DomainService,Directory Service,333,2,,,32,The process cannot access the file because it is being used by another process.,,,,,,,,
2025-11-21T22:08:32.553108Z,"{'#attributes': {'Qualifiers': 16384}, '#text': 1587}",DC01.garfield.htb,Microsoft-Windows-ActiveDirectory_DomainService,Directory Service,334,4,,,0cffd740-bba9-471b-aec4-1c9d0ddd7101 (RODC01.garfield.htb),53327,9c192687-d4db-4fb6-88fa-47dc6cd1c807,54282,54282,b09e0378-b483-4ae3-99bb-e678bdcf5090,0,0,,
2025-11-21T22:08:53.720033Z,"{'#attributes': {'Qualifiers': 16384}, '#text': 1587}",DC01.garfield.htb,Microsoft-Windows-ActiveDirectory_DomainService,Directory Service,335,4,,,0cffd740-bba9-471b-aec4-1c9d0ddd7101 (RODC01.garfield.htb),53327,9c192687-d4db-4fb6-88fa-47dc6cd1c807,54259,54259,b09e0378-b483-4ae3-99bb-e678bdcf5090,0,0,,
2025-11-21T22:09:24.107108Z,"{'#attributes': {'Qualifiers': 16384}, '#text': 1587}",DC01.garfield.htb,Microsoft-Windows-ActiveDirectory_DomainService,Directory Service,336,4,,,0cffd740-bba9-471b-aec4-1c9d0ddd7101 (RODC01.garfield.htb),53327,9c192687-d4db-4fb6-88fa-47dc6cd1c807,53536,53536,b09e0378-b483-4ae3-99bb-e678bdcf5090,0,0,,
2025-11-21T22:11:40.032627Z,"{'#attributes': {'Qualifiers': 16384}, '#text': 2041}",DC01.garfield.htb,Microsoft-Windows-ActiveDirectory_DomainService,Directory Service,337,4,,,40000633,2,,,,,,,,
2025-11-21T22:11:40.032627Z,"{'#attributes': {'Qualifiers': 32768}, '#text': 1220}",DC01.garfield.htb,Microsoft-Windows-ActiveDirectory_DomainService,Directory Service,338,3,,,8009030e,No credentials are available in the security package,,,,,,,,
2025-11-21T22:11:57.989049Z,"{'#attributes': {'Qualifiers': 16384}, '#text': 2179}",DC01.garfield.htb,Microsoft-Windows-ActiveDirectory_DomainService,Directory Service,339,4,,7526261421542119856,,,,,,,,,,
2025-11-21T22:12:00.301332Z,"{'#attributes': {'Qualifiers': 16384}, '#text': 1004}",DC01.garfield.htb,Microsoft-Windows-ActiveDirectory_DomainService,Directory Service,340,4,,,,,,,,,,,,
2025-11-21T22:12:20.182063Z,"{'#attributes': {'Qualifiers': 32768}, '#text': 3051}",DC01.garfield.htb,Microsoft-Windows-ActiveDirectory_DomainService,Directory Service,341,3,,,,,,,,,,,,
2025-11-21T22:12:20.182063Z,"{'#attributes': {'Qualifiers': 32768}, '#text': 3054}",DC01.garfield.htb,Microsoft-Windows-ActiveDirectory_DomainService,Directory Service,342,3,,,,,,,,,,,,
2025-11-21T22:12:20.447718Z,"{'#attributes': {'Qualifiers': 16384}, '#text': 2119}",DC01.garfield.htb,Microsoft-Windows-ActiveDirectory_DomainService,Directory Service,343,4,,,,,,,,,,,,
2025-11-21T22:12:20.447718Z,"{'#attributes': {'Qualifiers': 16384}, '#text': 2404}",DC01.garfield.htb,Microsoft-Windows-ActiveDirectory_DomainService,Directory Service,344,4,,Recycle Bin Feature,,,,,,,,,,
2025-11-21T22:12:20.447718Z,"{'#attributes': {'Qualifiers': 16384}, '#text': 2406}",DC01.garfield.htb,Microsoft-Windows-ActiveDirectory_DomainService,Directory Service,345,4,,Privileged Access Management Feature,,,,,,,,,,
2025-11-21T22:12:20.447718Z,"{'#attributes': {'Qualifiers': 16384}, '#text': 2168}",DC01.garfield.htb,Microsoft-Windows-ActiveDirectory_DomainService,Directory Service,346,4,,7526261421542119856,,,,,,,,,,
2025-11-21T22:12:20.447718Z,"{'#attributes': {'Qualifiers': 16384}, '#text': 2172}",DC01.garfield.htb,Microsoft-Windows-ActiveDirectory_DomainService,Directory Service,347,4,,7526261421542119856,,,,,,,,,,
2025-11-21T22:12:20.447718Z,"{'#attributes': {'Qualifiers': 16384}, '#text': 2405}",DC01.garfield.htb,Microsoft-Windows-ActiveDirectory_DomainService,Directory Service,348,4,,Privileged Access Management Feature,,,,,,,,,,
2025-11-21T22:12:30.467804Z,"{'#attributes': {'Qualifiers': 32768}, '#text': 2886}",DC01.garfield.htb,Microsoft-Windows-ActiveDirectory_DomainService,Directory Service,349,3,,,,,,,,,,,,
2025-11-21T22:12:30.467804Z,"{'#attributes': {'Qualifiers': 32768}, '#text': 3041}",DC01.garfield.htb,Microsoft-Windows-ActiveDirectory_DomainService,Directory Service,350,3,,,,,,,,,,,,
2025-11-21T22:12:30.467804Z,"{'#attributes': {'Qualifiers': 16384}, '#text': 1000}",DC01.garfield.htb,Microsoft-Windows-ActiveDirectory_DomainService,Directory Service,351,4,,,,,,,,,,,,
2025-11-21T22:12:47.008335Z,"{'#attributes': {'Qualifiers': 49152}, '#text': 2087}",DC01.garfield.htb,Microsoft-Windows-ActiveDirectory_DomainService,Directory Service,352,2,,,RODC01,0cffd740-bba9-471b-aec4-1c9d0ddd7101._msdcs.garfield.htb,11001,No such host is known.,System\CurrentControlSet\Services\NTDS\Diagnostics,22 DS RPC Client,,,,
2025-11-21T22:13:00.471651Z,"{'#attributes': {'Qualifiers': 16384}, '#text': 1394}",DC01.garfield.htb,Microsoft-Windows-ActiveDirectory_DomainService,Directory Service,353,4,,,,,,,,,,,,
2025-11-21T22:13:11.276776Z,"{'#attributes': {'Qualifiers': 32768}, '#text': 1220}",DC01.garfield.htb,Microsoft-Windows-ActiveDirectory_DomainService,Directory Service,354,3,,,8009030e,No credentials are available in the security package,,,,,,,,
2025-11-21T22:27:30.656241Z,"{'#attributes': {'Qualifiers': 0}, '#text': 102}",DC01.garfield.htb,NTDS ISAM,Directory Service,355,4,,,NTDS,"764,P,98",NTDSA: ,0,10,00,17763,0000,,
2025-11-21T22:27:30.656241Z,"{'#attributes': {'Qualifiers': 0}, '#text': 105}",DC01.garfield.htb,NTDS ISAM,Directory Service,356,4,,,NTDS,"764,D,0",NTDSA: ,0,0,"
[1] 0.000295 +J(0) +M(C:0K, Fs:84, WS:320K # 0K, PF:2432K # 0K, P:2432K)
[2] 0.000402 +J(0) +M(C:16K, Fs:138, WS:544K # 280K, PF:1132K # 632K, P:1132K)
[3] 0.000009 +J(0) +M(C:0K, Fs:5, WS:20K # 20K, PF:64K # 64K, P:64K)
[4] 0.004119 -0.000071 (1) WT +J(0) +M(C:0K, Fs:125, WS:416K # 416K, PF:5172K # 5172K, P:5172K)
[5] 0.000143 +J(0)
[6] 0.001285 +J(0) +M(C:0K, Fs:24, WS:96K # 96K, PF:20K # 20K, P:20K)
[7] 0.021956 -0.016608 (41) WT +J(0) +M(C:0K, Fs:2577, WS:10288K # 10288K, PF:10260K # 10260K, P:10260K)
[8] -
[9] -
[10] -
[11] -
[12] -
[13] 0.008496 -0.004760 (42) WT +J(CM:0, PgRf:0, Rd:0/0, Dy:0/0, Lg:616/1) +M(C:0K, Fs:7, WS:-10220K # 16K, PF:-10256K # 12K, P:-10256K)
[14] 0.000008 +J(0) +M(C:0K, Fs:1, WS:4K # 0K, PF:0K # 0K, P:0K)
[15] 0.000177 +J(0) +M(C:0K, Fs:206, WS:820K # 0K, PF:68K # 0K, P:68K)
[16] 0.000193 -0.000072 (1) WT +J(0) +M(C:0K, Fs:2, WS:0K # 0K, PF:0K # 0K, P:0K).",,,,
2025-11-21T22:27:30.656241Z,"{'#attributes': {'Qualifiers': 0}, '#text': 326}",DC01.garfield.htb,NTDS ISAM,Directory Service,357,4,,,NTDS,"764,D,50",NTDSA: ,1,C:\Windows\NTDS\ntds.dit,0,"
[1] 0.000003 +J(0) +M(C:0K, Fs:1, WS:4K # 0K, PF:0K # 0K, P:0K)
[2] 0.000207 -0.000074 (1) WT +J(0) +M(C:0K, Fs:19, WS:12K # 0K, PF:8K # 0K, P:8K)
[3] 0.002109 -0.000529 (6) WT +J(CM:0, PgRf:0, Rd:0/0, Dy:0/0, Lg:3480/2) +M(C:0K, Fs:17, WS:56K # 0K, PF:128K # 0K, P:128K)
[4] 0.000062 +J(0)
[5] -
[6] -
[7] -
[8] 0.001421 -0.000324 (2) CM -0.000112 (2) WT +J(CM:2, PgRf:2, Rd:4/2, Dy:0/0, Lg:0/0) +M(C:16K, Fs:46, WS:172K # 0K, PF:212K # 0K, P:212K)
[9] 0.008713 -0.008525 (5) CM -0.008230 (5) WT +J(CM:5, PgRf:24, Rd:0/5, Dy:0/0, Lg:0/0) +M(C:-8K, Fs:28, WS:80K # 0K, PF:192K # 0K, P:192K)
[10] 0.000747 -0.000633 (3) CM -0.000410 (3) WT +J(CM:3, PgRf:40, Rd:0/3, Dy:0/0, Lg:0/0) +M(C:-4K, Fs:4, WS:4K # 0K, PF:60K # 0K, P:60K)
[11] 0.000141 -0.000119 (1) CM -0.000060 (1) WT +J(CM:1, PgRf:1, Rd:0/1, Dy:0/0, Lg:0/0) +M(C:0K, Fs:2, WS:4K # 0K, PF:0K # 0K, P:0K)
[12] 0.000146 -0.000106 (1) CM -0.000050 (1) WT +J(CM:1, PgRf:42, Rd:0/1, Dy:0/0, Lg:0/0) +M(C:0K, Fs:2, WS:4K # 0K, PF:0K # 0K, P:0K)
[13] 0.0 +J(0)
[14] 0.0 +J(0)
[15] 0.000114 -0.000096 (1) CM -0.000041 (1) WT +J(CM:1, PgRf:1, Rd:0/1, Dy:0/0, Lg:0/0) +M(C:0K, Fs:1, WS:0K # 0K, PF:0K # 0K, P:0K).",0 0,lgposAttach = 00000003:07B3:0268,
2025-11-21T22:27:30.656241Z,"{'#attributes': {'Qualifiers': 0}, '#text': 700}",DC01.garfield.htb,NTDS ISAM,Directory Service,358,4,,,NTDS,"764,D,0",NTDSA: ,C:\Windows\NTDS\ntds.dit,,,,,,
2025-11-21T22:27:30.482382Z,"{'#attributes': {'Qualifiers': 16384}, '#text': 1869}",DC01.garfield.htb,Microsoft-Windows-ActiveDirectory_DomainService,Directory Service,359,4,,,\\DC01.garfield.htb,Default-First-Site-Name,,,,,,,,
2025-11-21T22:27:31.263637Z,"{'#attributes': {'Qualifiers': 0}, '#text': 701}",DC01.garfield.htb,NTDS ISAM,Directory Service,360,4,,,NTDS,"764,D,0",NTDSA: ,C:\Windows\NTDS\ntds.dit,4,11/21/2025,0,1,1,10
2025-11-21T22:27:49.104365Z,"{'#attributes': {'Qualifiers': 16384}, '#text': 2179}",DC01.garfield.htb,Microsoft-Windows-ActiveDirectory_DomainService,Directory Service,361,4,,7526261421542119856,,,,,,,,,,
2025-12-20T23:41:33.049193Z,"{'#attributes': {'Qualifiers': 32768}, '#text': 3051}",DC01.garfield.htb,Microsoft-Windows-ActiveDirectory_DomainService,Directory Service,362,3,,,,,,,,,,,,
2025-12-20T23:41:33.049193Z,"{'#attributes': {'Qualifiers': 32768}, '#text': 3054}",DC01.garfield.htb,Microsoft-Windows-ActiveDirectory_DomainService,Directory Service,363,3,,,,,,,,,,,,
2025-12-20T23:41:33.389001Z,"{'#attributes': {'Qualifiers': 16384}, '#text': 2119}",DC01.garfield.htb,Microsoft-Windows-ActiveDirectory_DomainService,Directory Service,364,4,,,,,,,,,,,,
2025-12-20T23:41:33.389001Z,"{'#attributes': {'Qualifiers': 16384}, '#text': 2404}",DC01.garfield.htb,Microsoft-Windows-ActiveDirectory_DomainService,Directory Service,365,4,,Recycle Bin Feature,,,,,,,,,,
2025-12-20T23:41:33.389001Z,"{'#attributes': {'Qualifiers': 16384}, '#text': 2406}",DC01.garfield.htb,Microsoft-Windows-ActiveDirectory_DomainService,Directory Service,366,4,,Privileged Access Management Feature,,,,,,,,,,
2025-12-20T23:41:33.389001Z,"{'#attributes': {'Qualifiers': 16384}, '#text': 2168}",DC01.garfield.htb,Microsoft-Windows-ActiveDirectory_DomainService,Directory Service,367,4,,7526261421542119856,,,,,,,,,,
2025-12-20T23:41:33.389001Z,"{'#attributes': {'Qualifiers': 16384}, '#text': 2172}",DC01.garfield.htb,Microsoft-Windows-ActiveDirectory_DomainService,Directory Service,368,4,,7526261421542119856,,,,,,,,,,
2025-12-20T23:41:33.404501Z,"{'#attributes': {'Qualifiers': 16384}, '#text': 2405}",DC01.garfield.htb,Microsoft-Windows-ActiveDirectory_DomainService,Directory Service,369,4,,Privileged Access Management Feature,,,,,,,,,,
2025-12-20T23:41:43.416817Z,"{'#attributes': {'Qualifiers': 32768}, '#text': 2886}",DC01.garfield.htb,Microsoft-Windows-ActiveDirectory_DomainService,Directory Service,370,3,,,,,,,,,,,,
2025-12-20T23:41:43.416817Z,"{'#attributes': {'Qualifiers': 32768}, '#text': 3041}",DC01.garfield.htb,Microsoft-Windows-ActiveDirectory_DomainService,Directory Service,371,3,,,,,,,,,,,,
2025-12-20T23:41:43.416817Z,"{'#attributes': {'Qualifiers': 16384}, '#text': 1000}",DC01.garfield.htb,Microsoft-Windows-ActiveDirectory_DomainService,Directory Service,372,4,,,,,,,,,,,,
2025-12-20T23:41:59.669502Z,"{'#attributes': {'Qualifiers': 49152}, '#text': 2087}",DC01.garfield.htb,Microsoft-Windows-ActiveDirectory_DomainService,Directory Service,373,2,,,RODC01,0cffd740-bba9-471b-aec4-1c9d0ddd7101._msdcs.garfield.htb,11001,No such host is known.,System\CurrentControlSet\Services\NTDS\Diagnostics,22 DS RPC Client,,,,
2025-12-20T23:42:13.421372Z,"{'#attributes': {'Qualifiers': 16384}, '#text': 1394}",DC01.garfield.htb,Microsoft-Windows-ActiveDirectory_DomainService,Directory Service,374,4,,,,,,,,,,,,
2025-12-20T23:50:24.192412Z,"{'#attributes': {'Qualifiers': 32768}, '#text': 3051}",DC01.garfield.htb,Microsoft-Windows-ActiveDirectory_DomainService,Directory Service,375,3,,,,,,,,,,,,
2025-12-20T23:50:24.192412Z,"{'#attributes': {'Qualifiers': 32768}, '#text': 3054}",DC01.garfield.htb,Microsoft-Windows-ActiveDirectory_DomainService,Directory Service,376,3,,,,,,,,,,,,
2025-12-20T23:50:24.411120Z,"{'#attributes': {'Qualifiers': 16384}, '#text': 2119}",DC01.garfield.htb,Microsoft-Windows-ActiveDirectory_DomainService,Directory Service,377,4,,,,,,,,,,,,
2025-12-20T23:50:24.411120Z,"{'#attributes': {'Qualifiers': 16384}, '#text': 2404}",DC01.garfield.htb,Microsoft-Windows-ActiveDirectory_DomainService,Directory Service,378,4,,Recycle Bin Feature,,,,,,,,,,
2025-12-20T23:50:24.411120Z,"{'#attributes': {'Qualifiers': 16384}, '#text': 2406}",DC01.garfield.htb,Microsoft-Windows-ActiveDirectory_DomainService,Directory Service,379,4,,Privileged Access Management Feature,,,,,,,,,,
2025-12-20T23:50:24.411120Z,"{'#attributes': {'Qualifiers': 16384}, '#text': 2168}",DC01.garfield.htb,Microsoft-Windows-ActiveDirectory_DomainService,Directory Service,380,4,,7526261421542119856,,,,,,,,,,
2025-12-20T23:50:24.411120Z,"{'#attributes': {'Qualifiers': 16384}, '#text': 2172}",DC01.garfield.htb,Microsoft-Windows-ActiveDirectory_DomainService,Directory Service,381,4,,7526261421542119856,,,,,,,,,,
2025-12-20T23:50:24.411120Z,"{'#attributes': {'Qualifiers': 16384}, '#text': 2405}",DC01.garfield.htb,Microsoft-Windows-ActiveDirectory_DomainService,Directory Service,382,4,,Privileged Access Management Feature,,,,,,,,,,
2025-12-20T23:50:34.421380Z,"{'#attributes': {'Qualifiers': 32768}, '#text': 2886}",DC01.garfield.htb,Microsoft-Windows-ActiveDirectory_DomainService,Directory Service,383,3,,,,,,,,,,,,
2025-12-20T23:50:34.421380Z,"{'#attributes': {'Qualifiers': 32768}, '#text': 3041}",DC01.garfield.htb,Microsoft-Windows-ActiveDirectory_DomainService,Directory Service,384,3,,,,,,,,,,,,
2025-12-20T23:50:34.421380Z,"{'#attributes': {'Qualifiers': 16384}, '#text': 1000}",DC01.garfield.htb,Microsoft-Windows-ActiveDirectory_DomainService,Directory Service,385,4,,,,,,,,,,,,
2025-12-20T23:50:50.693093Z,"{'#attributes': {'Qualifiers': 49152}, '#text': 2087}",DC01.garfield.htb,Microsoft-Windows-ActiveDirectory_DomainService,Directory Service,386,2,,,RODC01,0cffd740-bba9-471b-aec4-1c9d0ddd7101._msdcs.garfield.htb,11001,No such host is known.,System\CurrentControlSet\Services\NTDS\Diagnostics,22 DS RPC Client,,,,
2025-12-20T23:51:04.424802Z,"{'#attributes': {'Qualifiers': 16384}, '#text': 1394}",DC01.garfield.htb,Microsoft-Windows-ActiveDirectory_DomainService,Directory Service,387,4,,,,,,,,,,,,
2025-12-20T23:53:29.637567Z,"{'#attributes': {'Qualifiers': 16384}, '#text': 2179}",DC01.garfield.htb,Microsoft-Windows-ActiveDirectory_DomainService,Directory Service,388,4,,7526261421542119856,,,,,,,,,,
2025-12-20T23:53:30.928902Z,"{'#attributes': {'Qualifiers': 16384}, '#text': 1004}",DC01.garfield.htb,Microsoft-Windows-ActiveDirectory_DomainService,Directory Service,389,4,,,,,,,,,,,,
2026-01-13T13:55:47.210632Z,"{'#attributes': {'Qualifiers': 32768}, '#text': 3051}",DC01.garfield.htb,Microsoft-Windows-ActiveDirectory_DomainService,Directory Service,390,3,,,,,,,,,,,,
2026-01-13T13:55:47.210632Z,"{'#attributes': {'Qualifiers': 32768}, '#text': 3054}",DC01.garfield.htb,Microsoft-Windows-ActiveDirectory_DomainService,Directory Service,391,3,,,,,,,,,,,,
2026-01-13T13:55:47.320515Z,"{'#attributes': {'Qualifiers': 16384}, '#text': 2119}",DC01.garfield.htb,Microsoft-Windows-ActiveDirectory_DomainService,Directory Service,392,4,,,,,,,,,,,,
2026-01-13T13:55:47.320515Z,"{'#attributes': {'Qualifiers': 16384}, '#text': 2404}",DC01.garfield.htb,Microsoft-Windows-ActiveDirectory_DomainService,Directory Service,393,4,,Recycle Bin Feature,,,,,,,,,,
2026-01-13T13:55:47.320515Z,"{'#attributes': {'Qualifiers': 16384}, '#text': 2406}",DC01.garfield.htb,Microsoft-Windows-ActiveDirectory_DomainService,Directory Service,394,4,,Privileged Access Management Feature,,,,,,,,,,
2026-01-13T13:55:47.335684Z,"{'#attributes': {'Qualifiers': 16384}, '#text': 2168}",DC01.garfield.htb,Microsoft-Windows-ActiveDirectory_DomainService,Directory Service,395,4,,7526261421542119856,,,,,,,,,,
2026-01-13T13:55:47.335684Z,"{'#attributes': {'Qualifiers': 16384}, '#text': 2172}",DC01.garfield.htb,Microsoft-Windows-ActiveDirectory_DomainService,Directory Service,396,4,,7526261421542119856,,,,,,,,,,
2026-01-13T13:55:47.335684Z,"{'#attributes': {'Qualifiers': 16384}, '#text': 2405}",DC01.garfield.htb,Microsoft-Windows-ActiveDirectory_DomainService,Directory Service,397,4,,Privileged Access Management Feature,,,,,,,,,,
2026-01-13T13:55:57.344965Z,"{'#attributes': {'Qualifiers': 32768}, '#text': 2886}",DC01.garfield.htb,Microsoft-Windows-ActiveDirectory_DomainService,Directory Service,398,3,,,,,,,,,,,,
2026-01-13T13:55:57.344965Z,"{'#attributes': {'Qualifiers': 32768}, '#text': 3041}",DC01.garfield.htb,Microsoft-Windows-ActiveDirectory_DomainService,Directory Service,399,3,,,,,,,,,,,,
2026-01-13T13:55:57.344965Z,"{'#attributes': {'Qualifiers': 16384}, '#text': 1000}",DC01.garfield.htb,Microsoft-Windows-ActiveDirectory_DomainService,Directory Service,400,4,,,,,,,,,,,,
2026-01-13T13:56:13.657966Z,"{'#attributes': {'Qualifiers': 49152}, '#text': 2087}",DC01.garfield.htb,Microsoft-Windows-ActiveDirectory_DomainService,Directory Service,401,2,,,RODC01,0cffd740-bba9-471b-aec4-1c9d0ddd7101._msdcs.garfield.htb,11001,No such host is known.,System\CurrentControlSet\Services\NTDS\Diagnostics,22 DS RPC Client,,,,
2026-01-13T13:56:27.351314Z,"{'#attributes': {'Qualifiers': 16384}, '#text': 1394}",DC01.garfield.htb,Microsoft-Windows-ActiveDirectory_DomainService,Directory Service,402,4,,,,,,,,,,,,
2026-01-13T14:00:57.349382Z,"{'#attributes': {'Qualifiers': 16384}, '#text': 1104}",DC01.garfield.htb,Microsoft-Windows-ActiveDirectory_DomainService,Directory Service,403,4,,,"DC=garfield,DC=htb",0cffd740-bba9-471b-aec4-1c9d0ddd7101._msdcs.garfield.htb,"CN=NTDS Settings,CN=RODC01,CN=Servers,CN=Default-First-Site-Name,CN=Sites,CN=Configuration,DC=garfield,DC=htb",,,,,,,
2026-01-13T14:04:22.996531Z,"{'#attributes': {'Qualifiers': 16384}, '#text': 2179}",DC01.garfield.htb,Microsoft-Windows-ActiveDirectory_DomainService,Directory Service,404,4,,7526261421542119856,,,,,,,,,,
2026-01-13T14:04:24.594507Z,"{'#attributes': {'Qualifiers': 16384}, '#text': 1004}",DC01.garfield.htb,Microsoft-Windows-ActiveDirectory_DomainService,Directory Service,405,4,,,,,,,,,,,,
2026-01-13T14:04:41.932716Z,"{'#attributes': {'Qualifiers': 32768}, '#text': 3051}",DC01.garfield.htb,Microsoft-Windows-ActiveDirectory_DomainService,Directory Service,406,3,,,,,,,,,,,,
2026-01-13T14:04:41.932716Z,"{'#attributes': {'Qualifiers': 32768}, '#text': 3054}",DC01.garfield.htb,Microsoft-Windows-ActiveDirectory_DomainService,Directory Service,407,3,,,,,,,,,,,,
2026-01-13T14:04:42.057805Z,"{'#attributes': {'Qualifiers': 16384}, '#text': 2119}",DC01.garfield.htb,Microsoft-Windows-ActiveDirectory_DomainService,Directory Service,408,4,,,,,,,,,,,,
2026-01-13T14:04:42.057805Z,"{'#attributes': {'Qualifiers': 16384}, '#text': 2404}",DC01.garfield.htb,Microsoft-Windows-ActiveDirectory_DomainService,Directory Service,409,4,,Recycle Bin Feature,,,,,,,,,,
2026-01-13T14:04:42.057805Z,"{'#attributes': {'Qualifiers': 16384}, '#text': 2406}",DC01.garfield.htb,Microsoft-Windows-ActiveDirectory_DomainService,Directory Service,410,4,,Privileged Access Management Feature,,,,,,,,,,
2026-01-13T14:04:42.057805Z,"{'#attributes': {'Qualifiers': 16384}, '#text': 2168}",DC01.garfield.htb,Microsoft-Windows-ActiveDirectory_DomainService,Directory Service,411,4,,7526261421542119856,,,,,,,,,,
2026-01-13T14:04:42.057805Z,"{'#attributes': {'Qualifiers': 16384}, '#text': 2172}",DC01.garfield.htb,Microsoft-Windows-ActiveDirectory_DomainService,Directory Service,412,4,,7526261421542119856,,,,,,,,,,
2026-01-13T14:04:42.057805Z,"{'#attributes': {'Qualifiers': 16384}, '#text': 2405}",DC01.garfield.htb,Microsoft-Windows-ActiveDirectory_DomainService,Directory Service,413,4,,Privileged Access Management Feature,,,,,,,,,,
2026-01-13T14:04:52.068849Z,"{'#attributes': {'Qualifiers': 32768}, '#text': 2886}",DC01.garfield.htb,Microsoft-Windows-ActiveDirectory_DomainService,Directory Service,414,3,,,,,,,,,,,,
2026-01-13T14:04:52.068849Z,"{'#attributes': {'Qualifiers': 32768}, '#text': 3041}",DC01.garfield.htb,Microsoft-Windows-ActiveDirectory_DomainService,Directory Service,415,3,,,,,,,,,,,,
2026-01-13T14:04:52.068849Z,"{'#attributes': {'Qualifiers': 16384}, '#text': 1000}",DC01.garfield.htb,Microsoft-Windows-ActiveDirectory_DomainService,Directory Service,416,4,,,,,,,,,,,,
2026-01-13T14:05:22.083883Z,"{'#attributes': {'Qualifiers': 16384}, '#text': 1394}",DC01.garfield.htb,Microsoft-Windows-ActiveDirectory_DomainService,Directory Service,417,4,,,,,,,,,,,,
2026-01-13T14:19:52.126123Z,"{'#attributes': {'Qualifiers': 0}, '#text': 102}",DC01.garfield.htb,NTDS ISAM,Directory Service,418,4,,,NTDS,"764,P,98",NTDSA: ,0,10,00,17763,0000,,
2026-01-13T14:19:52.126123Z,"{'#attributes': {'Qualifiers': 0}, '#text': 105}",DC01.garfield.htb,NTDS ISAM,Directory Service,419,4,,,NTDS,"764,D,0",NTDSA: ,0,0,"
[1] 0.000437 +J(0) +M(C:0K, Fs:87, WS:328K # 0K, PF:3336K # 340K, P:3336K)
[2] 0.000337 +J(0) +M(C:16K, Fs:137, WS:536K # 276K, PF:296K # 296K, P:296K)
[3] 0.000012 +J(0) +M(C:0K, Fs:5, WS:20K # 20K, PF:64K # 64K, P:64K)
[4] 0.002763 -0.000070 (1) WT +J(0) +M(C:0K, Fs:127, WS:424K # 424K, PF:5184K # 5184K, P:5184K)
[5] 0.000112 +J(0)
[6] 0.000925 +J(0) +M(C:0K, Fs:23, WS:92K # 92K, PF:20K # 20K, P:20K)
[7] 0.013280 -0.006917 (41) WT +J(0) +M(C:0K, Fs:2577, WS:10288K # 10288K, PF:10260K # 10260K, P:10260K)
[8] -
[9] -
[10] -
[11] -
[12] -
[13] 0.008814 -0.005067 (42) WT +J(CM:0, PgRf:0, Rd:0/0, Dy:0/0, Lg:616/1) +M(C:0K, Fs:8, WS:-10220K # 16K, PF:-10256K # 16K, P:-10256K)
[14] 0.000010 +J(0) +M(C:0K, Fs:1, WS:4K # 0K, PF:0K # 0K, P:0K)
[15] 0.000225 +J(0) +M(C:0K, Fs:206, WS:820K # 0K, PF:68K # 0K, P:68K)
[16] 0.000185 -0.000070 (1) WT +J(0) +M(C:0K, Fs:2, WS:0K # 0K, PF:0K # 0K, P:0K).",,,,
2026-01-13T14:19:52.126123Z,"{'#attributes': {'Qualifiers': 0}, '#text': 326}",DC01.garfield.htb,NTDS ISAM,Directory Service,420,4,,,NTDS,"764,D,50",NTDSA: ,1,C:\Windows\NTDS\ntds.dit,0,"
[1] 0.000003 +J(0) +M(C:0K, Fs:1, WS:4K # 0K, PF:0K # 0K, P:0K)
[2] 0.000237 -0.000095 (1) WT +J(0) +M(C:0K, Fs:19, WS:12K # 0K, PF:8K # 0K, P:8K)
[3] 0.002059 -0.000539 (6) WT +J(CM:0, PgRf:0, Rd:0/0, Dy:0/0, Lg:3480/2) +M(C:0K, Fs:17, WS:60K # 0K, PF:124K # 0K, P:124K)
[4] 0.000049 +J(0)
[5] -
[6] -
[7] -
[8] 0.000864 -0.000286 (2) CM -0.000112 (2) WT +J(CM:2, PgRf:2, Rd:4/2, Dy:0/0, Lg:0/0) +M(C:32K, Fs:45, WS:172K # 0K, PF:224K # 0K, P:224K)
[9] 0.000736 -0.000565 (5) CM -0.000327 (5) WT +J(CM:5, PgRf:24, Rd:0/5, Dy:0/0, Lg:0/0) +M(C:-24K, Fs:26, WS:80K # 0K, PF:176K # 0K, P:176K)
[10] 0.000386 -0.000307 (3) CM -0.000178 (3) WT +J(CM:3, PgRf:40, Rd:0/3, Dy:0/0, Lg:0/0) +M(C:-4K, Fs:4, WS:4K # 0K, PF:60K # 0K, P:60K)
[11] 0.000124 -0.000103 (1) CM -0.000051 (1) WT +J(CM:1, PgRf:1, Rd:0/1, Dy:0/0, Lg:0/0) +M(C:0K, Fs:2, WS:4K # 0K, PF:0K # 0K, P:0K)
[12] 0.000146 -0.000108 (1) CM -0.000055 (1) WT +J(CM:1, PgRf:42, Rd:0/1, Dy:0/0, Lg:0/0) +M(C:0K, Fs:2, WS:4K # 0K, PF:0K # 0K, P:0K)
[13] 0.000001 +J(0)
[14] 0.0 +J(0)
[15] 0.000121 -0.000103 (1) CM -0.000048 (1) WT +J(CM:1, PgRf:1, Rd:0/1, Dy:0/0, Lg:0/0) +M(C:0K, Fs:1, WS:0K # 0K, PF:0K # 0K, P:0K).",0 0,lgposAttach = 00000003:0903:0268,
2026-01-13T14:19:52.126123Z,"{'#attributes': {'Qualifiers': 0}, '#text': 700}",DC01.garfield.htb,NTDS ISAM,Directory Service,421,4,,,NTDS,"764,D,0",NTDSA: ,C:\Windows\NTDS\ntds.dit,,,,,,
2026-01-13T14:19:52.297837Z,"{'#attributes': {'Qualifiers': 0}, '#text': 701}",DC01.garfield.htb,NTDS ISAM,Directory Service,422,4,,,NTDS,"764,D,0",NTDSA: ,C:\Windows\NTDS\ntds.dit,1,1/13/2026,0,1,1,11
2026-01-13T14:19:52.087727Z,"{'#attributes': {'Qualifiers': 16384}, '#text': 1869}",DC01.garfield.htb,Microsoft-Windows-ActiveDirectory_DomainService,Directory Service,423,4,,,\\DC01.garfield.htb,Default-First-Site-Name,,,,,,,,
2026-01-13T14:51:21.737637Z,"{'#attributes': {'Qualifiers': 16384}, '#text': 2179}",DC01.garfield.htb,Microsoft-Windows-ActiveDirectory_DomainService,Directory Service,424,4,,7526261421542119856,,,,,,,,,,
2026-01-13T14:51:23.661342Z,"{'#attributes': {'Qualifiers': 16384}, '#text': 1004}",DC01.garfield.htb,Microsoft-Windows-ActiveDirectory_DomainService,Directory Service,425,4,,,,,,,,,,,,
2026-01-13T14:52:02.823428Z,"{'#attributes': {'Qualifiers': 32768}, '#text': 3051}",DC01.garfield.htb,Microsoft-Windows-ActiveDirectory_DomainService,Directory Service,426,3,,,,,,,,,,,,
2026-01-13T14:52:02.823428Z,"{'#attributes': {'Qualifiers': 32768}, '#text': 3054}",DC01.garfield.htb,Microsoft-Windows-ActiveDirectory_DomainService,Directory Service,427,3,,,,,,,,,,,,
2026-01-13T14:52:02.929357Z,"{'#attributes': {'Qualifiers': 16384}, '#text': 2119}",DC01.garfield.htb,Microsoft-Windows-ActiveDirectory_DomainService,Directory Service,428,4,,,,,,,,,,,,
2026-01-13T14:52:02.929357Z,"{'#attributes': {'Qualifiers': 16384}, '#text': 2404}",DC01.garfield.htb,Microsoft-Windows-ActiveDirectory_DomainService,Directory Service,429,4,,Recycle Bin Feature,,,,,,,,,,
2026-01-13T14:52:02.929357Z,"{'#attributes': {'Qualifiers': 16384}, '#text': 2406}",DC01.garfield.htb,Microsoft-Windows-ActiveDirectory_DomainService,Directory Service,430,4,,Privileged Access Management Feature,,,,,,,,,,
2026-01-13T14:52:02.929357Z,"{'#attributes': {'Qualifiers': 16384}, '#text': 2168}",DC01.garfield.htb,Microsoft-Windows-ActiveDirectory_DomainService,Directory Service,431,4,,7526261421542119856,,,,,,,,,,
2026-01-13T14:52:02.929357Z,"{'#attributes': {'Qualifiers': 16384}, '#text': 2172}",DC01.garfield.htb,Microsoft-Windows-ActiveDirectory_DomainService,Directory Service,432,4,,7526261421542119856,,,,,,,,,,
2026-01-13T14:52:02.944042Z,"{'#attributes': {'Qualifiers': 16384}, '#text': 2405}",DC01.garfield.htb,Microsoft-Windows-ActiveDirectory_DomainService,Directory Service,433,4,,Privileged Access Management Feature,,,,,,,,,,
2026-01-13T14:52:12.971706Z,"{'#attributes': {'Qualifiers': 32768}, '#text': 2886}",DC01.garfield.htb,Microsoft-Windows-ActiveDirectory_DomainService,Directory Service,434,3,,,,,,,,,,,,
2026-01-13T14:52:12.971706Z,"{'#attributes': {'Qualifiers': 32768}, '#text': 3041}",DC01.garfield.htb,Microsoft-Windows-ActiveDirectory_DomainService,Directory Service,435,3,,,,,,,,,,,,
2026-01-13T14:52:12.971706Z,"{'#attributes': {'Qualifiers': 16384}, '#text': 1000}",DC01.garfield.htb,Microsoft-Windows-ActiveDirectory_DomainService,Directory Service,436,4,,,,,,,,,,,,
2026-01-13T14:52:29.345487Z,"{'#attributes': {'Qualifiers': 49152}, '#text': 2087}",DC01.garfield.htb,Microsoft-Windows-ActiveDirectory_DomainService,Directory Service,437,2,,,RODC01,0cffd740-bba9-471b-aec4-1c9d0ddd7101._msdcs.garfield.htb,11001,No such host is known.,System\CurrentControlSet\Services\NTDS\Diagnostics,22 DS RPC Client,,,,
2026-01-13T14:52:42.981323Z,"{'#attributes': {'Qualifiers': 16384}, '#text': 1394}",DC01.garfield.htb,Microsoft-Windows-ActiveDirectory_DomainService,Directory Service,438,4,,,,,,,,,,,,
2026-01-13T15:07:13.045863Z,"{'#attributes': {'Qualifiers': 0}, '#text': 102}",DC01.garfield.htb,NTDS ISAM,Directory Service,439,4,,,NTDS,"768,P,98",NTDSA: ,0,10,00,17763,0000,,
2026-01-13T15:07:13.045863Z,"{'#attributes': {'Qualifiers': 0}, '#text': 105}",DC01.garfield.htb,NTDS ISAM,Directory Service,440,4,,,NTDS,"768,D,0",NTDSA: ,0,0,"
[1] 0.000446 +J(0) +M(C:0K, Fs:83, WS:308K # 0K, PF:3340K # 344K, P:3340K)
[2] 0.000485 +J(0) +M(C:16K, Fs:141, WS:556K # 280K, PF:288K # 288K, P:288K)
[3] 0.000014 +J(0) +M(C:0K, Fs:5, WS:20K # 20K, PF:64K # 64K, P:64K)
[4] 0.004832 -0.000091 (1) WT +J(0) +M(C:0K, Fs:121, WS:408K # 408K, PF:5176K # 5176K, P:5176K)
[5] 0.000139 +J(0)
[6] 0.001607 +J(0) +M(C:0K, Fs:24, WS:92K # 92K, PF:20K # 20K, P:20K)
[7] 0.017967 -0.009583 (41) WT +J(0) +M(C:0K, Fs:2577, WS:10288K # 10288K, PF:10260K # 10260K, P:10260K)
[8] -
[9] -
[10] -
[11] -
[12] -
[13] 0.010280 -0.006140 (42) WT +J(CM:0, PgRf:0, Rd:0/0, Dy:0/0, Lg:616/1) +M(C:0K, Fs:21, WS:-10164K # 72K, PF:-10188K # 80K, P:-10188K)
[14] 0.000010 +J(0) +M(C:0K, Fs:1, WS:4K # 0K, PF:0K # 0K, P:0K)
[15] 0.000239 +J(0) +M(C:0K, Fs:206, WS:820K # 0K, PF:68K # 0K, P:68K)
[16] 0.000185 -0.000069 (1) WT +J(0) +M(C:0K, Fs:2, WS:0K # 0K, PF:0K # 0K, P:0K).",,,,
2026-01-13T15:07:13.045863Z,"{'#attributes': {'Qualifiers': 0}, '#text': 326}",DC01.garfield.htb,NTDS ISAM,Directory Service,441,4,,,NTDS,"768,D,50",NTDSA: ,1,C:\Windows\NTDS\ntds.dit,0,"
[1] 0.000003 +J(0) +M(C:0K, Fs:1, WS:4K # 0K, PF:0K # 0K, P:0K)
[2] 0.000229 -0.000098 (1) WT +J(0) +M(C:0K, Fs:19, WS:12K # 0K, PF:8K # 0K, P:8K)
[3] 0.002641 -0.000905 (6) WT +J(CM:0, PgRf:0, Rd:0/0, Dy:0/0, Lg:3480/2) +M(C:0K, Fs:22, WS:80K # 0K, PF:144K # 0K, P:144K)
[4] 0.000051 +J(0)
[5] -
[6] -
[7] -
[8] 0.001437 -0.000317 (2) CM -0.000124 (2) WT +J(CM:2, PgRf:2, Rd:4/2, Dy:0/0, Lg:0/0) +M(C:16K, Fs:45, WS:172K # 0K, PF:224K # 0K, P:224K)
[9] 0.001599 -0.001426 (5) CM -0.001188 (5) WT +J(CM:5, PgRf:24, Rd:0/5, Dy:0/0, Lg:0/0) +M(C:-8K, Fs:28, WS:88K # 0K, PF:188K # 0K, P:188K)
[10] 0.000661 -0.000556 (3) CM -0.000356 (3) WT +J(CM:3, PgRf:40, Rd:0/3, Dy:0/0, Lg:0/0) +M(C:-4K, Fs:4, WS:4K # 0K, PF:60K # 0K, P:60K)
[11] 0.000283 -0.000255 (1) CM -0.000188 (1) WT +J(CM:1, PgRf:1, Rd:0/1, Dy:0/0, Lg:0/0) +M(C:0K, Fs:2, WS:4K # 0K, PF:0K # 0K, P:0K)
[12] 0.000164 -0.000121 (1) CM -0.000059 (1) WT +J(CM:1, PgRf:42, Rd:0/1, Dy:0/0, Lg:0/0) +M(C:0K, Fs:2, WS:4K # 0K, PF:0K # 0K, P:0K)
[13] 0.000001 +J(0)
[14] 0.0 +J(0)
[15] 0.000139 -0.000120 (1) CM -0.000065 (1) WT +J(CM:1, PgRf:1, Rd:0/1, Dy:0/0, Lg:0/0) +M(C:0K, Fs:1, WS:0K # 0K, PF:0K # 0K, P:0K).",0 0,lgposAttach = 00000004:0010:0268,
2026-01-13T15:07:13.045863Z,"{'#attributes': {'Qualifiers': 0}, '#text': 700}",DC01.garfield.htb,NTDS ISAM,Directory Service,442,4,,,NTDS,"768,D,0",NTDSA: ,C:\Windows\NTDS\ntds.dit,,,,,,
2026-01-13T15:07:13.233350Z,"{'#attributes': {'Qualifiers': 0}, '#text': 701}",DC01.garfield.htb,NTDS ISAM,Directory Service,443,4,,,NTDS,"768,D,0",NTDSA: ,C:\Windows\NTDS\ntds.dit,0,1/13/2026,0,1,1,12
2026-01-13T15:07:12.976893Z,"{'#attributes': {'Qualifiers': 16384}, '#text': 1869}",DC01.garfield.htb,Microsoft-Windows-ActiveDirectory_DomainService,Directory Service,444,4,,,\\DC01.garfield.htb,Default-First-Site-Name,,,,,,,,
2026-01-13T15:09:21.441257Z,"{'#attributes': {'Qualifiers': 16384}, '#text': 2179}",DC01.garfield.htb,Microsoft-Windows-ActiveDirectory_DomainService,Directory Service,445,4,,7526261421542119856,,,,,,,,,,
2026-01-13T15:09:39.851516Z,"{'#attributes': {'Qualifiers': 32768}, '#text': 3051}",DC01.garfield.htb,Microsoft-Windows-ActiveDirectory_DomainService,Directory Service,446,3,,,,,,,,,,,,
2026-01-13T15:09:39.851516Z,"{'#attributes': {'Qualifiers': 32768}, '#text': 3054}",DC01.garfield.htb,Microsoft-Windows-ActiveDirectory_DomainService,Directory Service,447,3,,,,,,,,,,,,
2026-01-13T15:09:39.899817Z,"{'#attributes': {'Qualifiers': 16384}, '#text': 2119}",DC01.garfield.htb,Microsoft-Windows-ActiveDirectory_DomainService,Directory Service,448,4,,,,,,,,,,,,
2026-01-13T15:09:39.899817Z,"{'#attributes': {'Qualifiers': 16384}, '#text': 2404}",DC01.garfield.htb,Microsoft-Windows-ActiveDirectory_DomainService,Directory Service,449,4,,Recycle Bin Feature,,,,,,,,,,
2026-01-13T15:09:39.899817Z,"{'#attributes': {'Qualifiers': 16384}, '#text': 2406}",DC01.garfield.htb,Microsoft-Windows-ActiveDirectory_DomainService,Directory Service,450,4,,Privileged Access Management Feature,,,,,,,,,,
2026-01-13T15:09:39.899817Z,"{'#attributes': {'Qualifiers': 16384}, '#text': 2168}",DC01.garfield.htb,Microsoft-Windows-ActiveDirectory_DomainService,Directory Service,451,4,,7526261421542119856,,,,,,,,,,
2026-01-13T15:09:39.899817Z,"{'#attributes': {'Qualifiers': 16384}, '#text': 2172}",DC01.garfield.htb,Microsoft-Windows-ActiveDirectory_DomainService,Directory Service,452,4,,7526261421542119856,,,,,,,,,,
2026-01-13T15:09:39.914627Z,"{'#attributes': {'Qualifiers': 16384}, '#text': 2405}",DC01.garfield.htb,Microsoft-Windows-ActiveDirectory_DomainService,Directory Service,453,4,,Privileged Access Management Feature,,,,,,,,,,
2026-01-13T15:09:49.920103Z,"{'#attributes': {'Qualifiers': 32768}, '#text': 2886}",DC01.garfield.htb,Microsoft-Windows-ActiveDirectory_DomainService,Directory Service,454,3,,,,,,,,,,,,
2026-01-13T15:09:49.920103Z,"{'#attributes': {'Qualifiers': 32768}, '#text': 3041}",DC01.garfield.htb,Microsoft-Windows-ActiveDirectory_DomainService,Directory Service,455,3,,,,,,,,,,,,
2026-01-13T15:09:49.920103Z,"{'#attributes': {'Qualifiers': 16384}, '#text': 1000}",DC01.garfield.htb,Microsoft-Windows-ActiveDirectory_DomainService,Directory Service,456,4,,,,,,,,,,,,
2026-01-13T15:10:06.414374Z,"{'#attributes': {'Qualifiers': 49152}, '#text': 2087}",DC01.garfield.htb,Microsoft-Windows-ActiveDirectory_DomainService,Directory Service,457,2,,,RODC01,0cffd740-bba9-471b-aec4-1c9d0ddd7101._msdcs.garfield.htb,11001,No such host is known.,System\CurrentControlSet\Services\NTDS\Diagnostics,22 DS RPC Client,,,,
2026-01-13T15:10:19.923764Z,"{'#attributes': {'Qualifiers': 16384}, '#text': 1394}",DC01.garfield.htb,Microsoft-Windows-ActiveDirectory_DomainService,Directory Service,458,4,,,,,,,,,,,,
2026-01-13T15:10:20.782112Z,"{'#attributes': {'Qualifiers': 16384}, '#text': 2179}",DC01.garfield.htb,Microsoft-Windows-ActiveDirectory_DomainService,Directory Service,459,4,,7526261421542119856,,,,,,,,,,
2026-01-13T15:10:22.052526Z,"{'#attributes': {'Qualifiers': 16384}, '#text': 1004}",DC01.garfield.htb,Microsoft-Windows-ActiveDirectory_DomainService,Directory Service,460,4,,,,,,,,,,,,
2026-01-13T15:10:39.953957Z,"{'#attributes': {'Qualifiers': 32768}, '#text': 3051}",DC01.garfield.htb,Microsoft-Windows-ActiveDirectory_DomainService,Directory Service,461,3,,,,,,,,,,,,
2026-01-13T15:10:39.953957Z,"{'#attributes': {'Qualifiers': 32768}, '#text': 3054}",DC01.garfield.htb,Microsoft-Windows-ActiveDirectory_DomainService,Directory Service,462,3,,,,,,,,,,,,
2026-01-13T15:10:40.079508Z,"{'#attributes': {'Qualifiers': 16384}, '#text': 2119}",DC01.garfield.htb,Microsoft-Windows-ActiveDirectory_DomainService,Directory Service,463,4,,,,,,,,,,,,
2026-01-13T15:10:40.079508Z,"{'#attributes': {'Qualifiers': 16384}, '#text': 2404}",DC01.garfield.htb,Microsoft-Windows-ActiveDirectory_DomainService,Directory Service,464,4,,Recycle Bin Feature,,,,,,,,,,
2026-01-13T15:10:40.079508Z,"{'#attributes': {'Qualifiers': 16384}, '#text': 2406}",DC01.garfield.htb,Microsoft-Windows-ActiveDirectory_DomainService,Directory Service,465,4,,Privileged Access Management Feature,,,,,,,,,,
2026-01-13T15:10:40.079508Z,"{'#attributes': {'Qualifiers': 16384}, '#text': 2168}",DC01.garfield.htb,Microsoft-Windows-ActiveDirectory_DomainService,Directory Service,466,4,,7526261421542119856,,,,,,,,,,
2026-01-13T15:10:40.079508Z,"{'#attributes': {'Qualifiers': 16384}, '#text': 2172}",DC01.garfield.htb,Microsoft-Windows-ActiveDirectory_DomainService,Directory Service,467,4,,7526261421542119856,,,,,,,,,,
2026-01-13T15:10:40.079508Z,"{'#attributes': {'Qualifiers': 16384}, '#text': 2405}",DC01.garfield.htb,Microsoft-Windows-ActiveDirectory_DomainService,Directory Service,468,4,,Privileged Access Management Feature,,,,,,,,,,
2026-01-13T15:10:50.122946Z,"{'#attributes': {'Qualifiers': 32768}, '#text': 2886}",DC01.garfield.htb,Microsoft-Windows-ActiveDirectory_DomainService,Directory Service,469,3,,,,,,,,,,,,
2026-01-13T15:10:50.122946Z,"{'#attributes': {'Qualifiers': 32768}, '#text': 3041}",DC01.garfield.htb,Microsoft-Windows-ActiveDirectory_DomainService,Directory Service,470,3,,,,,,,,,,,,
2026-01-13T15:10:50.122946Z,"{'#attributes': {'Qualifiers': 16384}, '#text': 1000}",DC01.garfield.htb,Microsoft-Windows-ActiveDirectory_DomainService,Directory Service,471,4,,,,,,,,,,,,
2026-01-13T15:11:06.605014Z,"{'#attributes': {'Qualifiers': 49152}, '#text': 2087}",DC01.garfield.htb,Microsoft-Windows-ActiveDirectory_DomainService,Directory Service,472,2,,,RODC01,0cffd740-bba9-471b-aec4-1c9d0ddd7101._msdcs.garfield.htb,11001,No such host is known.,System\CurrentControlSet\Services\NTDS\Diagnostics,22 DS RPC Client,,,,
2026-01-13T15:11:20.134166Z,"{'#attributes': {'Qualifiers': 16384}, '#text': 1394}",DC01.garfield.htb,Microsoft-Windows-ActiveDirectory_DomainService,Directory Service,473,4,,,,,,,,,,,,
2026-01-13T15:21:57.729593Z,"{'#attributes': {'Qualifiers': 32768}, '#text': 2170}",DC01.garfield.htb,Microsoft-Windows-ActiveDirectory_DomainService,Directory Service,474,3,,,7526261421542119856,17761676173933349531,,,,,,,,
2026-01-13T15:21:57.729593Z,"{'#attributes': {'Qualifiers': 16384}, '#text': 2181}",DC01.garfield.htb,Microsoft-Windows-ActiveDirectory_DomainService,Directory Service,475,4,,,,,,,,,,,,
2026-01-13T15:21:57.729593Z,"{'#attributes': {'Qualifiers': 16384}, '#text': 2204}",DC01.garfield.htb,Microsoft-Windows-ActiveDirectory_DomainService,Directory Service,476,4,,,,,,,,,,,,
2026-01-13T15:21:57.729593Z,"{'#attributes': {'Qualifiers': 16384}, '#text': 2181}",DC01.garfield.htb,Microsoft-Windows-ActiveDirectory_DomainService,Directory Service,477,4,,,,,,,,,,,,
2026-01-13T15:21:57.749129Z,"{'#attributes': {'Qualifiers': 16384}, '#text': 2041}",DC01.garfield.htb,Microsoft-Windows-ActiveDirectory_DomainService,Directory Service,478,4,,,40000885,2,,,,,,,,
2026-01-13T15:21:57.749129Z,"{'#attributes': {'Qualifiers': 16384}, '#text': 1109}",DC01.garfield.htb,Microsoft-Windows-ActiveDirectory_DomainService,Directory Service,479,4,,,b09e0378-b483-4ae3-99bb-e678bdcf5090,2c2c7768-4a9e-4724-b707-9a4aed4b731e,90222,,,,,,,
2026-01-13T15:21:57.749129Z,"{'#attributes': {'Qualifiers': 16384}, '#text': 2181}",DC01.garfield.htb,Microsoft-Windows-ActiveDirectory_DomainService,Directory Service,480,4,,,,,,,,,,,,
2026-01-13T15:21:57.760659Z,"{'#attributes': {'Qualifiers': 16384}, '#text': 2179}",DC01.garfield.htb,Microsoft-Windows-ActiveDirectory_DomainService,Directory Service,481,4,,17761676173933349531,,,,,,,,,,
2026-01-13T15:21:57.760659Z,"{'#attributes': {'Qualifiers': 16384}, '#text': 2200}",DC01.garfield.htb,Microsoft-Windows-ActiveDirectory_DomainService,Directory Service,482,4,,,,,,,,,,,,
2026-01-13T15:21:57.760659Z,"{'#attributes': {'Qualifiers': 16384}, '#text': 2201}",DC01.garfield.htb,Microsoft-Windows-ActiveDirectory_DomainService,Directory Service,483,4,,,,,,,,,,,,
2026-01-13T15:21:57.776296Z,"{'#attributes': {'Qualifiers': 16384}, '#text': 1587}",DC01.garfield.htb,Microsoft-Windows-ActiveDirectory_DomainService,Directory Service,484,4,,,0cffd740-bba9-471b-aec4-1c9d0ddd7101 (RODC01.garfield.htb),54292,b09e0378-b483-4ae3-99bb-e678bdcf5090,90216,90216,2c2c7768-4a9e-4724-b707-9a4aed4b731e,0,0,,
2026-01-13T15:21:58.777936Z,"{'#attributes': {'Qualifiers': 16384}, '#text': 2185}",DC01.garfield.htb,Microsoft-Windows-ActiveDirectory_DomainService,Directory Service,485,4,,DFSR,,,,,,,,,,
2026-01-13T15:21:58.777936Z,"{'#attributes': {'Qualifiers': 16384}, '#text': 2208}",DC01.garfield.htb,Microsoft-Windows-ActiveDirectory_DomainService,Directory Service,486,4,,,,,,,,,,,,
2026-01-13T15:22:00.807858Z,"{'#attributes': {'Qualifiers': 16384}, '#text': 2187}",DC01.garfield.htb,Microsoft-Windows-ActiveDirectory_DomainService,Directory Service,487,4,,DFSR,,,,,,,,,,
2026-01-13T15:22:16.883195Z,"{'#attributes': {'Qualifiers': 16384}, '#text': 1587}",DC01.garfield.htb,Microsoft-Windows-ActiveDirectory_DomainService,Directory Service,488,4,,,0cffd740-bba9-471b-aec4-1c9d0ddd7101 (RODC01.garfield.htb),54292,b09e0378-b483-4ae3-99bb-e678bdcf5090,86042,86042,2c2c7768-4a9e-4724-b707-9a4aed4b731e,0,0,,
2026-01-13T15:22:30.137041Z,"{'#attributes': {'Qualifiers': 16384}, '#text': 2179}",DC01.garfield.htb,Microsoft-Windows-ActiveDirectory_DomainService,Directory Service,489,4,,17761676173933349531,,,,,,,,,,
2026-01-13T15:22:31.729987Z,"{'#attributes': {'Qualifiers': 16384}, '#text': 1004}",DC01.garfield.htb,Microsoft-Windows-ActiveDirectory_DomainService,Directory Service,490,4,,,,,,,,,,,,
2026-01-19T17:55:22.135089Z,"{'#attributes': {'Qualifiers': 32768}, '#text': 3051}",DC01.garfield.htb,Microsoft-Windows-ActiveDirectory_DomainService,Directory Service,491,3,,,,,,,,,,,,
2026-01-19T17:55:22.135089Z,"{'#attributes': {'Qualifiers': 32768}, '#text': 3054}",DC01.garfield.htb,Microsoft-Windows-ActiveDirectory_DomainService,Directory Service,492,3,,,,,,,,,,,,
2026-01-19T17:55:22.322576Z,"{'#attributes': {'Qualifiers': 16384}, '#text': 2119}",DC01.garfield.htb,Microsoft-Windows-ActiveDirectory_DomainService,Directory Service,493,4,,,,,,,,,,,,
2026-01-19T17:55:22.322576Z,"{'#attributes': {'Qualifiers': 16384}, '#text': 2404}",DC01.garfield.htb,Microsoft-Windows-ActiveDirectory_DomainService,Directory Service,494,4,,Recycle Bin Feature,,,,,,,,,,
2026-01-19T17:55:22.322576Z,"{'#attributes': {'Qualifiers': 16384}, '#text': 2406}",DC01.garfield.htb,Microsoft-Windows-ActiveDirectory_DomainService,Directory Service,495,4,,Privileged Access Management Feature,,,,,,,,,,
2026-01-19T17:55:22.322576Z,"{'#attributes': {'Qualifiers': 16384}, '#text': 2168}",DC01.garfield.htb,Microsoft-Windows-ActiveDirectory_DomainService,Directory Service,496,4,,1043780266852470665,,,,,,,,,,
2026-01-19T17:55:22.322576Z,"{'#attributes': {'Qualifiers': 16384}, '#text': 2172}",DC01.garfield.htb,Microsoft-Windows-ActiveDirectory_DomainService,Directory Service,497,4,,17761676173933349531,,,,,,,,,,
2026-01-19T17:55:22.322576Z,"{'#attributes': {'Qualifiers': 32768}, '#text': 2170}",DC01.garfield.htb,Microsoft-Windows-ActiveDirectory_DomainService,Directory Service,498,3,,,17761676173933349531,1043780266852470665,,,,,,,,
2026-01-19T17:55:22.322576Z,"{'#attributes': {'Qualifiers': 16384}, '#text': 1109}",DC01.garfield.htb,Microsoft-Windows-ActiveDirectory_DomainService,Directory Service,499,4,,,2c2c7768-4a9e-4724-b707-9a4aed4b731e,f9150e42-1289-4d23-8ef7-b7376141a4a0,94229,,,,,,,
2026-01-19T17:55:22.338207Z,"{'#attributes': {'Qualifiers': 16384}, '#text': 2179}",DC01.garfield.htb,Microsoft-Windows-ActiveDirectory_DomainService,Directory Service,500,4,,1043780266852470665,,,,,,,,,,
2026-01-19T17:55:22.338207Z,"{'#attributes': {'Qualifiers': 16384}, '#text': 2208}",DC01.garfield.htb,Microsoft-Windows-ActiveDirectory_DomainService,Directory Service,501,4,,,,,,,,,,,,
2026-01-19T17:55:22.353828Z,"{'#attributes': {'Qualifiers': 16384}, '#text': 2405}",DC01.garfield.htb,Microsoft-Windows-ActiveDirectory_DomainService,Directory Service,502,4,,Privileged Access Management Feature,,,,,,,,,,
2026-01-19T17:55:32.362362Z,"{'#attributes': {'Qualifiers': 32768}, '#text': 2886}",DC01.garfield.htb,Microsoft-Windows-ActiveDirectory_DomainService,Directory Service,503,3,,,,,,,,,,,,
2026-01-19T17:55:32.362362Z,"{'#attributes': {'Qualifiers': 32768}, '#text': 3041}",DC01.garfield.htb,Microsoft-Windows-ActiveDirectory_DomainService,Directory Service,504,3,,,,,,,,,,,,
2026-01-19T17:55:32.362362Z,"{'#attributes': {'Qualifiers': 16384}, '#text': 1000}",DC01.garfield.htb,Microsoft-Windows-ActiveDirectory_DomainService,Directory Service,505,4,,,,,,,,,,,,
2026-01-19T17:55:43.971974Z,"{'#attributes': {'Qualifiers': 49152}, '#text': 2087}",DC01.garfield.htb,Microsoft-Windows-ActiveDirectory_DomainService,Directory Service,506,2,,,RODC01,0cffd740-bba9-471b-aec4-1c9d0ddd7101._msdcs.garfield.htb,11001,No such host is known.,System\CurrentControlSet\Services\NTDS\Diagnostics,22 DS RPC Client,,,,
2026-01-19T17:56:02.362689Z,"{'#attributes': {'Qualifiers': 16384}, '#text': 1394}",DC01.garfield.htb,Microsoft-Windows-ActiveDirectory_DomainService,Directory Service,507,4,,,,,,,,,,,,
2026-01-19T17:56:47.472334Z,"{'#attributes': {'Qualifiers': 16384}, '#text': 1587}",DC01.garfield.htb,Microsoft-Windows-ActiveDirectory_DomainService,Directory Service,508,4,,,0cffd740-bba9-471b-aec4-1c9d0ddd7101 (RODC01.garfield.htb),90222,b09e0378-b483-4ae3-99bb-e678bdcf5090,82005,82005,f9150e42-1289-4d23-8ef7-b7376141a4a0,82005,82005,,
2026-01-19T17:56:47.613274Z,"{'#attributes': {'Qualifiers': 16384}, '#text': 2041}",DC01.garfield.htb,Microsoft-Windows-ActiveDirectory_DomainService,Directory Service,509,4,,,40000633,1,,,,,,,,
2026-01-19T17:56:47.613274Z,"{'#attributes': {'Qualifiers': 16384}, '#text': 1587}",DC01.garfield.htb,Microsoft-Windows-ActiveDirectory_DomainService,Directory Service,510,4,,,0cffd740-bba9-471b-aec4-1c9d0ddd7101 (RODC01.garfield.htb),94229,2c2c7768-4a9e-4724-b707-9a4aed4b731e,90251,90251,f9150e42-1289-4d23-8ef7-b7376141a4a0,90251,90251,,
2026-01-19T17:56:47.628585Z,"{'#attributes': {'Qualifiers': 16384}, '#text': 1587}",DC01.garfield.htb,Microsoft-Windows-ActiveDirectory_DomainService,Directory Service,511,4,,,0cffd740-bba9-471b-aec4-1c9d0ddd7101 (RODC01.garfield.htb),94229,2c2c7768-4a9e-4724-b707-9a4aed4b731e,90235,90235,f9150e42-1289-4d23-8ef7-b7376141a4a0,90235,90235,,
2026-01-19T17:56:47.644205Z,"{'#attributes': {'Qualifiers': 16384}, '#text': 1587}",DC01.garfield.htb,Microsoft-Windows-ActiveDirectory_DomainService,Directory Service,512,4,,,0cffd740-bba9-471b-aec4-1c9d0ddd7101 (RODC01.garfield.htb),90222,b09e0378-b483-4ae3-99bb-e678bdcf5090,82005,82005,f9150e42-1289-4d23-8ef7-b7376141a4a0,82005,82005,,
2026-01-19T18:00:32.380348Z,"{'#attributes': {'Qualifiers': 16384}, '#text': 1104}",DC01.garfield.htb,Microsoft-Windows-ActiveDirectory_DomainService,Directory Service,513,4,,,"DC=garfield,DC=htb",0cffd740-bba9-471b-aec4-1c9d0ddd7101._msdcs.garfield.htb,"CN=NTDS Settings,CN=RODC01,CN=Servers,CN=Default-First-Site-Name,CN=Sites,CN=Configuration,DC=garfield,DC=htb",,,,,,,
2026-01-19T18:10:32.490712Z,"{'#attributes': {'Qualifiers': 0}, '#text': 102}",DC01.garfield.htb,NTDS ISAM,Directory Service,514,4,,,NTDS,"772,P,98",NTDSA: ,0,10,00,17763,0000,,
2026-01-19T18:10:32.490712Z,"{'#attributes': {'Qualifiers': 0}, '#text': 105}",DC01.garfield.htb,NTDS ISAM,Directory Service,515,4,,,NTDS,"772,D,0",NTDSA: ,0,0,"
[1] 0.000662 +J(0) +M(C:0K, Fs:83, WS:312K # 0K, PF:2436K # 0K, P:2436K)
[2] 0.000709 +J(0) +M(C:16K, Fs:136, WS:536K # 264K, PF:1132K # 632K, P:1132K)
[3] 0.000037 +J(0) +M(C:0K, Fs:10, WS:40K # 40K, PF:64K # 64K, P:64K)
[4] 0.012207 -0.000950 (1) WT +J(0) +M(C:0K, Fs:131, WS:448K # 448K, PF:5172K # 5172K, P:5172K)
[5] 0.000303 +J(0) +M(C:0K, Fs:1, WS:4K # 4K, PF:0K # 0K, P:0K)
[6] 0.002972 +J(0) +M(C:0K, Fs:20, WS:76K # 76K, PF:12K # 12K, P:12K)
[7] 0.027542 -0.016482 (41) WT +J(0) +M(C:0K, Fs:2576, WS:10284K # 10284K, PF:10260K # 10260K, P:10260K)
[8] -
[9] -
[10] -
[11] -
[12] -
[13] 0.021202 -0.012691 (42) WT +J(CM:0, PgRf:0, Rd:0/0, Dy:0/0, Lg:616/1) +M(C:0K, Fs:7, WS:-10220K # 16K, PF:-10256K # 12K, P:-10256K)
[14] 0.000024 +J(0) +M(C:0K, Fs:1, WS:4K # 0K, PF:0K # 0K, P:0K)
[15] 0.000260 +J(0) +M(C:0K, Fs:206, WS:820K # 0K, PF:68K # 0K, P:68K)
[16] 0.000502 -0.000283 (1) WT +J(0) +M(C:0K, Fs:2, WS:0K # 0K, PF:0K # 0K, P:0K).",,,,
2026-01-19T18:10:32.490712Z,"{'#attributes': {'Qualifiers': 0}, '#text': 326}",DC01.garfield.htb,NTDS ISAM,Directory Service,516,4,,,NTDS,"772,D,50",NTDSA: ,1,C:\Windows\NTDS\ntds.dit,0,"
[1] 0.000028 +J(0) +M(C:0K, Fs:1, WS:4K # 0K, PF:0K # 0K, P:0K)
[2] 0.001204 -0.000951 (1) WT +J(0) +M(C:0K, Fs:19, WS:12K # 0K, PF:8K # 0K, P:8K)
[3] 0.007100 -0.003403 (6) WT +J(CM:0, PgRf:0, Rd:0/0, Dy:0/0, Lg:3480/2) +M(C:0K, Fs:18, WS:64K # 0K, PF:124K # 0K, P:124K)
[4] 0.000096 +J(0)
[5] -
[6] -
[7] -
[8] 0.002391 -0.000848 (2) CM -0.000478 (2) WT +J(CM:2, PgRf:2, Rd:4/2, Dy:0/0, Lg:0/0) +M(C:16K, Fs:49, WS:188K # 0K, PF:208K # 0K, P:208K)
[9] 0.004424 -0.002005 (6) CM -0.001663 (6) WT +J(CM:6, PgRf:24, Rd:0/5, Dy:0/0, Lg:0/0) +M(C:-8K, Fs:29, WS:88K # 0K, PF:192K # 0K, P:192K)
[10] 0.001062 -0.000885 (3) CM -0.000694 (3) WT +J(CM:3, PgRf:40, Rd:0/3, Dy:0/0, Lg:0/0) +M(C:-4K, Fs:3, WS:4K # 0K, PF:60K # 0K, P:60K)
[11] 0.000018 +J(CM:0, PgRf:1, Rd:0/0, Dy:0/0, Lg:0/0) +M(C:0K, Fs:2, WS:8K # 0K, PF:0K # 0K, P:0K)
[12] 0.000058 +J(CM:0, PgRf:42, Rd:0/0, Dy:0/0, Lg:0/0) +M(C:0K, Fs:1, WS:4K # 0K, PF:0K # 0K, P:0K)
[13] 0.000001 +J(0)
[14] 0.0 +J(0)
[15] 0.000007 +J(CM:0, PgRf:1, Rd:0/0, Dy:0/0, Lg:0/0).",0 0,lgposAttach = 00000004:00D8:0268,
2026-01-19T18:10:32.490712Z,"{'#attributes': {'Qualifiers': 0}, '#text': 700}",DC01.garfield.htb,NTDS ISAM,Directory Service,517,4,,,NTDS,"772,D,0",NTDSA: ,C:\Windows\NTDS\ntds.dit,,,,,,
2026-01-19T18:10:32.818842Z,"{'#attributes': {'Qualifiers': 0}, '#text': 701}",DC01.garfield.htb,NTDS ISAM,Directory Service,518,4,,,NTDS,"772,D,0",NTDSA: ,C:\Windows\NTDS\ntds.dit,0,1/19/2026,0,1,1,13
2026-01-19T18:10:32.490712Z,"{'#attributes': {'Qualifiers': 16384}, '#text': 1869}",DC01.garfield.htb,Microsoft-Windows-ActiveDirectory_DomainService,Directory Service,519,4,,,\\DC01.garfield.htb,Default-First-Site-Name,,,,,,,,
2026-01-27T21:34:22.615874Z,"{'#attributes': {'Qualifiers': 32768}, '#text': 3051}",DC01.garfield.htb,Microsoft-Windows-ActiveDirectory_DomainService,Directory Service,520,3,,,,,,,,,,,,
2026-01-27T21:34:22.615874Z,"{'#attributes': {'Qualifiers': 32768}, '#text': 3054}",DC01.garfield.htb,Microsoft-Windows-ActiveDirectory_DomainService,Directory Service,521,3,,,,,,,,,,,,
2026-01-27T21:34:22.882019Z,"{'#attributes': {'Qualifiers': 16384}, '#text': 2119}",DC01.garfield.htb,Microsoft-Windows-ActiveDirectory_DomainService,Directory Service,522,4,,,,,,,,,,,,
2026-01-27T21:34:22.882019Z,"{'#attributes': {'Qualifiers': 16384}, '#text': 2404}",DC01.garfield.htb,Microsoft-Windows-ActiveDirectory_DomainService,Directory Service,523,4,,Recycle Bin Feature,,,,,,,,,,
2026-01-27T21:34:22.882019Z,"{'#attributes': {'Qualifiers': 16384}, '#text': 2406}",DC01.garfield.htb,Microsoft-Windows-ActiveDirectory_DomainService,Directory Service,524,4,,Privileged Access Management Feature,,,,,,,,,,
2026-01-27T21:34:22.882019Z,"{'#attributes': {'Qualifiers': 16384}, '#text': 2168}",DC01.garfield.htb,Microsoft-Windows-ActiveDirectory_DomainService,Directory Service,525,4,,11904581488016880894,,,,,,,,,,
2026-01-27T21:34:22.882019Z,"{'#attributes': {'Qualifiers': 16384}, '#text': 2172}",DC01.garfield.htb,Microsoft-Windows-ActiveDirectory_DomainService,Directory Service,526,4,,1043780266852470665,,,,,,,,,,
2026-01-27T21:34:22.882019Z,"{'#attributes': {'Qualifiers': 32768}, '#text': 2170}",DC01.garfield.htb,Microsoft-Windows-ActiveDirectory_DomainService,Directory Service,527,3,,,1043780266852470665,11904581488016880894,,,,,,,,
2026-01-27T21:34:22.897463Z,"{'#attributes': {'Qualifiers': 16384}, '#text': 1109}",DC01.garfield.htb,Microsoft-Windows-ActiveDirectory_DomainService,Directory Service,528,4,,,f9150e42-1289-4d23-8ef7-b7376141a4a0,906f8c15-1c12-483a-ba69-c9b8390d9ed3,98326,,,,,,,
2026-01-27T21:34:22.913451Z,"{'#attributes': {'Qualifiers': 16384}, '#text': 2208}",DC01.garfield.htb,Microsoft-Windows-ActiveDirectory_DomainService,Directory Service,529,4,,,,,,,,,,,,
2026-01-27T21:34:22.913451Z,"{'#attributes': {'Qualifiers': 16384}, '#text': 2179}",DC01.garfield.htb,Microsoft-Windows-ActiveDirectory_DomainService,Directory Service,530,4,,11904581488016880894,,,,,,,,,,
2026-01-27T21:34:22.928367Z,"{'#attributes': {'Qualifiers': 16384}, '#text': 2405}",DC01.garfield.htb,Microsoft-Windows-ActiveDirectory_DomainService,Directory Service,531,4,,Privileged Access Management Feature,,,,,,,,,,
2026-01-27T21:34:32.944352Z,"{'#attributes': {'Qualifiers': 32768}, '#text': 2886}",DC01.garfield.htb,Microsoft-Windows-ActiveDirectory_DomainService,Directory Service,532,3,,,,,,,,,,,,
2026-01-27T21:34:32.944352Z,"{'#attributes': {'Qualifiers': 32768}, '#text': 3041}",DC01.garfield.htb,Microsoft-Windows-ActiveDirectory_DomainService,Directory Service,533,3,,,,,,,,,,,,
2026-01-27T21:34:32.944352Z,"{'#attributes': {'Qualifiers': 16384}, '#text': 1000}",DC01.garfield.htb,Microsoft-Windows-ActiveDirectory_DomainService,Directory Service,534,4,,,,,,,,,,,,
2026-01-27T21:35:02.970538Z,"{'#attributes': {'Qualifiers': 16384}, '#text': 1394}",DC01.garfield.htb,Microsoft-Windows-ActiveDirectory_DomainService,Directory Service,535,4,,,,,,,,,,,,
2026-01-27T21:35:53.797918Z,"{'#attributes': {'Qualifiers': 16384}, '#text': 1587}",DC01.garfield.htb,Microsoft-Windows-ActiveDirectory_DomainService,Directory Service,536,4,,,0cffd740-bba9-471b-aec4-1c9d0ddd7101 (RODC01.garfield.htb),98326,f9150e42-1289-4d23-8ef7-b7376141a4a0,94553,94553,906f8c15-1c12-483a-ba69-c9b8390d9ed3,94553,94553,,
2026-01-27T21:35:54.001042Z,"{'#attributes': {'Qualifiers': 16384}, '#text': 1587}",DC01.garfield.htb,Microsoft-Windows-ActiveDirectory_DomainService,Directory Service,537,4,,,0cffd740-bba9-471b-aec4-1c9d0ddd7101 (RODC01.garfield.htb),98326,f9150e42-1289-4d23-8ef7-b7376141a4a0,94232,94232,906f8c15-1c12-483a-ba69-c9b8390d9ed3,94232,94232,,
2026-01-27T21:35:54.032282Z,"{'#attributes': {'Qualifiers': 16384}, '#text': 1587}",DC01.garfield.htb,Microsoft-Windows-ActiveDirectory_DomainService,Directory Service,538,4,,,0cffd740-bba9-471b-aec4-1c9d0ddd7101 (RODC01.garfield.htb),98326,f9150e42-1289-4d23-8ef7-b7376141a4a0,82005,82005,906f8c15-1c12-483a-ba69-c9b8390d9ed3,82005,82005,,
2026-01-27T21:35:54.063535Z,"{'#attributes': {'Qualifiers': 16384}, '#text': 1587}",DC01.garfield.htb,Microsoft-Windows-ActiveDirectory_DomainService,Directory Service,539,4,,,0cffd740-bba9-471b-aec4-1c9d0ddd7101 (RODC01.garfield.htb),98326,f9150e42-1289-4d23-8ef7-b7376141a4a0,94499,94499,906f8c15-1c12-483a-ba69-c9b8390d9ed3,94499,94499,,
2026-01-27T21:35:54.126061Z,"{'#attributes': {'Qualifiers': 16384}, '#text': 1587}",DC01.garfield.htb,Microsoft-Windows-ActiveDirectory_DomainService,Directory Service,540,4,,,0cffd740-bba9-471b-aec4-1c9d0ddd7101 (RODC01.garfield.htb),98326,f9150e42-1289-4d23-8ef7-b7376141a4a0,94497,94497,906f8c15-1c12-483a-ba69-c9b8390d9ed3,94497,94497,,
2026-01-27T21:43:49.185579Z,"{'#attributes': {'Qualifiers': 16384}, '#text': 2179}",DC01.garfield.htb,Microsoft-Windows-ActiveDirectory_DomainService,Directory Service,541,4,,11904581488016880894,,,,,,,,,,
2026-01-27T21:43:50.501160Z,"{'#attributes': {'Qualifiers': 16384}, '#text': 1004}",DC01.garfield.htb,Microsoft-Windows-ActiveDirectory_DomainService,Directory Service,542,4,,,,,,,,,,,,
2026-01-27T22:12:11.771868Z,"{'#attributes': {'Qualifiers': 32768}, '#text': 3051}",DC01.garfield.htb,Microsoft-Windows-ActiveDirectory_DomainService,Directory Service,543,3,,,,,,,,,,,,
2026-01-27T22:12:11.771868Z,"{'#attributes': {'Qualifiers': 32768}, '#text': 3054}",DC01.garfield.htb,Microsoft-Windows-ActiveDirectory_DomainService,Directory Service,544,3,,,,,,,,,,,,
2026-01-27T22:12:12.037484Z,"{'#attributes': {'Qualifiers': 16384}, '#text': 2119}",DC01.garfield.htb,Microsoft-Windows-ActiveDirectory_DomainService,Directory Service,545,4,,,,,,,,,,,,
2026-01-27T22:12:12.037484Z,"{'#attributes': {'Qualifiers': 16384}, '#text': 2404}",DC01.garfield.htb,Microsoft-Windows-ActiveDirectory_DomainService,Directory Service,546,4,,Recycle Bin Feature,,,,,,,,,,
2026-01-27T22:12:12.037484Z,"{'#attributes': {'Qualifiers': 16384}, '#text': 2406}",DC01.garfield.htb,Microsoft-Windows-ActiveDirectory_DomainService,Directory Service,547,4,,Privileged Access Management Feature,,,,,,,,,,
2026-01-27T22:12:12.037484Z,"{'#attributes': {'Qualifiers': 16384}, '#text': 2168}",DC01.garfield.htb,Microsoft-Windows-ActiveDirectory_DomainService,Directory Service,548,4,,5126706007927757541,,,,,,,,,,
2026-01-27T22:12:12.037484Z,"{'#attributes': {'Qualifiers': 16384}, '#text': 2172}",DC01.garfield.htb,Microsoft-Windows-ActiveDirectory_DomainService,Directory Service,549,4,,11904581488016880894,,,,,,,,,,
2026-01-27T22:12:12.037484Z,"{'#attributes': {'Qualifiers': 32768}, '#text': 2170}",DC01.garfield.htb,Microsoft-Windows-ActiveDirectory_DomainService,Directory Service,550,3,,,11904581488016880894,5126706007927757541,,,,,,,,
2026-01-27T22:12:12.037484Z,"{'#attributes': {'Qualifiers': 16384}, '#text': 1109}",DC01.garfield.htb,Microsoft-Windows-ActiveDirectory_DomainService,Directory Service,551,4,,,906f8c15-1c12-483a-ba69-c9b8390d9ed3,c515ea8e-4d35-41db-9847-13ed3e47f23d,102423,,,,,,,
2026-01-27T22:12:12.053110Z,"{'#attributes': {'Qualifiers': 16384}, '#text': 2208}",DC01.garfield.htb,Microsoft-Windows-ActiveDirectory_DomainService,Directory Service,552,4,,,,,,,,,,,,
2026-01-27T22:12:12.068764Z,"{'#attributes': {'Qualifiers': 16384}, '#text': 2179}",DC01.garfield.htb,Microsoft-Windows-ActiveDirectory_DomainService,Directory Service,553,4,,5126706007927757541,,,,,,,,,,
2026-01-27T22:12:12.084365Z,"{'#attributes': {'Qualifiers': 16384}, '#text': 2405}",DC01.garfield.htb,Microsoft-Windows-ActiveDirectory_DomainService,Directory Service,554,4,,Privileged Access Management Feature,,,,,,,,,,
2026-01-27T22:12:22.093236Z,"{'#attributes': {'Qualifiers': 32768}, '#text': 2886}",DC01.garfield.htb,Microsoft-Windows-ActiveDirectory_DomainService,Directory Service,555,3,,,,,,,,,,,,
2026-01-27T22:12:22.093236Z,"{'#attributes': {'Qualifiers': 32768}, '#text': 3041}",DC01.garfield.htb,Microsoft-Windows-ActiveDirectory_DomainService,Directory Service,556,3,,,,,,,,,,,,
2026-01-27T22:12:22.093236Z,"{'#attributes': {'Qualifiers': 16384}, '#text': 1000}",DC01.garfield.htb,Microsoft-Windows-ActiveDirectory_DomainService,Directory Service,557,4,,,,,,,,,,,,
2026-01-27T22:12:52.105633Z,"{'#attributes': {'Qualifiers': 16384}, '#text': 1394}",DC01.garfield.htb,Microsoft-Windows-ActiveDirectory_DomainService,Directory Service,558,4,,,,,,,,,,,,
2026-01-27T22:13:42.307521Z,"{'#attributes': {'Qualifiers': 16384}, '#text': 1587}",DC01.garfield.htb,Microsoft-Windows-ActiveDirectory_DomainService,Directory Service,559,4,,,0cffd740-bba9-471b-aec4-1c9d0ddd7101 (RODC01.garfield.htb),102423,906f8c15-1c12-483a-ba69-c9b8390d9ed3,98425,98425,c515ea8e-4d35-41db-9847-13ed3e47f23d,98425,98425,,
2026-01-27T22:13:42.370022Z,"{'#attributes': {'Qualifiers': 16384}, '#text': 1587}",DC01.garfield.htb,Microsoft-Windows-ActiveDirectory_DomainService,Directory Service,560,4,,,0cffd740-bba9-471b-aec4-1c9d0ddd7101 (RODC01.garfield.htb),102423,906f8c15-1c12-483a-ba69-c9b8390d9ed3,98329,98329,c515ea8e-4d35-41db-9847-13ed3e47f23d,98329,98329,,
2026-01-27T22:13:42.401314Z,"{'#attributes': {'Qualifiers': 16384}, '#text': 1587}",DC01.garfield.htb,Microsoft-Windows-ActiveDirectory_DomainService,Directory Service,561,4,,,0cffd740-bba9-471b-aec4-1c9d0ddd7101 (RODC01.garfield.htb),102423,906f8c15-1c12-483a-ba69-c9b8390d9ed3,82005,82005,c515ea8e-4d35-41db-9847-13ed3e47f23d,82005,82005,,
2026-01-27T22:13:42.432678Z,"{'#attributes': {'Qualifiers': 16384}, '#text': 1587}",DC01.garfield.htb,Microsoft-Windows-ActiveDirectory_DomainService,Directory Service,562,4,,,0cffd740-bba9-471b-aec4-1c9d0ddd7101 (RODC01.garfield.htb),102423,906f8c15-1c12-483a-ba69-c9b8390d9ed3,98415,98415,c515ea8e-4d35-41db-9847-13ed3e47f23d,98415,98415,,
2026-01-27T22:13:42.510612Z,"{'#attributes': {'Qualifiers': 16384}, '#text': 1587}",DC01.garfield.htb,Microsoft-Windows-ActiveDirectory_DomainService,Directory Service,563,4,,,0cffd740-bba9-471b-aec4-1c9d0ddd7101 (RODC01.garfield.htb),102423,906f8c15-1c12-483a-ba69-c9b8390d9ed3,94497,94497,c515ea8e-4d35-41db-9847-13ed3e47f23d,94497,94497,,
2026-01-27T22:27:22.339161Z,"{'#attributes': {'Qualifiers': 0}, '#text': 102}",DC01.garfield.htb,NTDS ISAM,Directory Service,564,4,,,NTDS,"772,P,98",NTDSA: ,0,10,00,17763,0000,,
2026-01-27T22:27:22.339161Z,"{'#attributes': {'Qualifiers': 0}, '#text': 105}",DC01.garfield.htb,NTDS ISAM,Directory Service,565,4,,,NTDS,"772,D,0",NTDSA: ,0,0,"
[1] 0.000675 +J(0) +M(C:0K, Fs:80, WS:300K # 0K, PF:2440K # 0K, P:2440K)
[2] 0.000683 +J(0) +M(C:16K, Fs:110, WS:432K # 152K, PF:1136K # 636K, P:1136K)
[3] 0.000028 +J(0) +M(C:0K, Fs:13, WS:52K # 52K, PF:64K # 64K, P:64K)
[4] 0.012205 -0.000604 (1) WT +J(0) +M(C:0K, Fs:162, WS:568K # 568K, PF:5220K # 5220K, P:5220K)
[5] 0.000325 +J(0) +M(C:0K, Fs:1, WS:4K # 4K, PF:0K # 0K, P:0K)
[6] 0.008475 +J(0) +M(C:0K, Fs:21, WS:80K # 80K, PF:20K # 20K, P:20K)
[7] 0.158328 -0.146905 (41) WT +J(0) +M(C:0K, Fs:2576, WS:10284K # 10284K, PF:10260K # 10260K, P:10260K)
[8] -
[9] -
[10] -
[11] -
[12] -
[13] 0.039207 -0.029785 (42) WT +J(CM:0, PgRf:0, Rd:0/0, Dy:0/0, Lg:616/1) +M(C:0K, Fs:7, WS:-10220K # 16K, PF:-10256K # 12K, P:-10256K)
[14] 0.000026 +J(0) +M(C:0K, Fs:1, WS:4K # 0K, PF:0K # 0K, P:0K)
[15] 0.000353 +J(0) +M(C:0K, Fs:206, WS:820K # 0K, PF:68K # 0K, P:68K)
[16] 0.000428 -0.000235 (1) WT +J(0) +M(C:0K, Fs:2, WS:0K # 0K, PF:0K # 0K, P:0K).",,,,
2026-01-27T22:27:22.339161Z,"{'#attributes': {'Qualifiers': 0}, '#text': 326}",DC01.garfield.htb,NTDS ISAM,Directory Service,566,4,,,NTDS,"772,D,50",NTDSA: ,1,C:\Windows\NTDS\ntds.dit,0,"
[1] 0.000005 +J(0) +M(C:0K, Fs:1, WS:4K # 0K, PF:0K # 0K, P:0K)
[2] 0.001347 -0.001158 (1) WT +J(0) +M(C:0K, Fs:19, WS:12K # 0K, PF:8K # 0K, P:8K)
[3] 0.010081 -0.005909 (6) WT +J(CM:0, PgRf:0, Rd:0/0, Dy:0/0, Lg:3480/2) +M(C:0K, Fs:16, WS:56K # 0K, PF:124K # 0K, P:124K)
[4] 0.000089 +J(0)
[5] -
[6] -
[7] -
[8] 0.003141 -0.001295 (2) CM -0.000735 (2) WT +J(CM:2, PgRf:2, Rd:4/2, Dy:0/0, Lg:0/0) +M(C:16K, Fs:49, WS:188K # 0K, PF:208K # 0K, P:208K)
[9] 0.008392 -0.003836 (6) CM -0.003513 (6) WT +J(CM:6, PgRf:24, Rd:0/5, Dy:0/0, Lg:0/0) +M(C:-4K, Fs:29, WS:88K # 0K, PF:196K # 0K, P:196K)
[10] 0.001678 -0.001422 (4) CM -0.001187 (4) WT +J(CM:4, PgRf:40, Rd:0/4, Dy:0/0, Lg:0/0) +M(C:-4K, Fs:4, WS:4K # 0K, PF:60K # 0K, P:60K)
[11] 0.000481 -0.000366 (1) CM -0.000297 (1) WT +J(CM:1, PgRf:1, Rd:0/1, Dy:0/0, Lg:0/0) +M(C:0K, Fs:3, WS:8K # 0K, PF:0K # 0K, P:0K)
[12] 0.000051 +J(CM:0, PgRf:42, Rd:0/0, Dy:0/0, Lg:0/0) +M(C:0K, Fs:1, WS:4K # 0K, PF:0K # 0K, P:0K)
[13] 0.000001 +J(0)
[14] 0.0 +J(0)
[15] 0.000005 +J(CM:0, PgRf:1, Rd:0/0, Dy:0/0, Lg:0/0).",0 0,lgposAttach = 00000004:0193:0268,
2026-01-27T22:27:22.339161Z,"{'#attributes': {'Qualifiers': 0}, '#text': 700}",DC01.garfield.htb,NTDS ISAM,Directory Service,567,4,,,NTDS,"772,D,0",NTDSA: ,C:\Windows\NTDS\ntds.dit,,,,,,
2026-01-27T22:27:22.979764Z,"{'#attributes': {'Qualifiers': 0}, '#text': 701}",DC01.garfield.htb,NTDS ISAM,Directory Service,568,4,,,NTDS,"772,D,0",NTDSA: ,C:\Windows\NTDS\ntds.dit,0,1/27/2026,0,1,1,14
2026-01-27T22:27:22.339161Z,"{'#attributes': {'Qualifiers': 16384}, '#text': 1869}",DC01.garfield.htb,Microsoft-Windows-ActiveDirectory_DomainService,Directory Service,569,4,,,\\DC01.garfield.htb,Default-First-Site-Name,,,,,,,,
2026-01-28T00:42:49.957067Z,"{'#attributes': {'Qualifiers': 16384}, '#text': 2179}",DC01.garfield.htb,Microsoft-Windows-ActiveDirectory_DomainService,Directory Service,570,4,,5126706007927757541,,,,,,,,,,
2026-01-28T00:42:51.313564Z,"{'#attributes': {'Qualifiers': 16384}, '#text': 1004}",DC01.garfield.htb,Microsoft-Windows-ActiveDirectory_DomainService,Directory Service,571,4,,,,,,,,,,,,
2026-02-14T01:10:34.715138Z,"{'#attributes': {'Qualifiers': 32768}, '#text': 3051}",DC01.garfield.htb,Microsoft-Windows-ActiveDirectory_DomainService,Directory Service,572,3,,,,,,,,,,,,
2026-02-14T01:10:34.715138Z,"{'#attributes': {'Qualifiers': 32768}, '#text': 3054}",DC01.garfield.htb,Microsoft-Windows-ActiveDirectory_DomainService,Directory Service,573,3,,,,,,,,,,,,
2026-02-14T01:10:34.902559Z,"{'#attributes': {'Qualifiers': 16384}, '#text': 2119}",DC01.garfield.htb,Microsoft-Windows-ActiveDirectory_DomainService,Directory Service,574,4,,,,,,,,,,,,
2026-02-14T01:10:34.902559Z,"{'#attributes': {'Qualifiers': 16384}, '#text': 2404}",DC01.garfield.htb,Microsoft-Windows-ActiveDirectory_DomainService,Directory Service,575,4,,Recycle Bin Feature,,,,,,,,,,
2026-02-14T01:10:34.902559Z,"{'#attributes': {'Qualifiers': 16384}, '#text': 2406}",DC01.garfield.htb,Microsoft-Windows-ActiveDirectory_DomainService,Directory Service,576,4,,Privileged Access Management Feature,,,,,,,,,,
2026-02-14T01:10:34.918148Z,"{'#attributes': {'Qualifiers': 16384}, '#text': 2168}",DC01.garfield.htb,Microsoft-Windows-ActiveDirectory_DomainService,Directory Service,577,4,,10215527867963530399,,,,,,,,,,
2026-02-14T01:10:34.918148Z,"{'#attributes': {'Qualifiers': 16384}, '#text': 2172}",DC01.garfield.htb,Microsoft-Windows-ActiveDirectory_DomainService,Directory Service,578,4,,5126706007927757541,,,,,,,,,,
2026-02-14T01:10:34.918148Z,"{'#attributes': {'Qualifiers': 32768}, '#text': 2170}",DC01.garfield.htb,Microsoft-Windows-ActiveDirectory_DomainService,Directory Service,579,3,,,5126706007927757541,10215527867963530399,,,,,,,,
2026-02-14T01:10:34.918148Z,"{'#attributes': {'Qualifiers': 16384}, '#text': 1109}",DC01.garfield.htb,Microsoft-Windows-ActiveDirectory_DomainService,Directory Service,580,4,,,c515ea8e-4d35-41db-9847-13ed3e47f23d,d2c40552-1f15-42bb-a48a-783ba974730f,106520,,,,,,,
2026-02-14T01:10:34.933781Z,"{'#attributes': {'Qualifiers': 16384}, '#text': 2208}",DC01.garfield.htb,Microsoft-Windows-ActiveDirectory_DomainService,Directory Service,581,4,,,,,,,,,,,,
2026-02-14T01:10:34.933781Z,"{'#attributes': {'Qualifiers': 16384}, '#text': 2179}",DC01.garfield.htb,Microsoft-Windows-ActiveDirectory_DomainService,Directory Service,582,4,,10215527867963530399,,,,,,,,,,
2026-02-14T01:10:34.949417Z,"{'#attributes': {'Qualifiers': 16384}, '#text': 2405}",DC01.garfield.htb,Microsoft-Windows-ActiveDirectory_DomainService,Directory Service,583,4,,Privileged Access Management Feature,,,,,,,,,,
2026-02-14T01:10:44.960426Z,"{'#attributes': {'Qualifiers': 32768}, '#text': 2886}",DC01.garfield.htb,Microsoft-Windows-ActiveDirectory_DomainService,Directory Service,584,3,,,,,,,,,,,,
2026-02-14T01:10:44.960426Z,"{'#attributes': {'Qualifiers': 32768}, '#text': 3041}",DC01.garfield.htb,Microsoft-Windows-ActiveDirectory_DomainService,Directory Service,585,3,,,,,,,,,,,,
2026-02-14T01:10:44.960426Z,"{'#attributes': {'Qualifiers': 16384}, '#text': 1000}",DC01.garfield.htb,Microsoft-Windows-ActiveDirectory_DomainService,Directory Service,586,4,,,,,,,,,,,,
2026-02-14T01:10:56.582998Z,"{'#attributes': {'Qualifiers': 49152}, '#text': 2087}",DC01.garfield.htb,Microsoft-Windows-ActiveDirectory_DomainService,Directory Service,587,2,,,RODC01,0cffd740-bba9-471b-aec4-1c9d0ddd7101._msdcs.garfield.htb,11001,No such host is known.,System\CurrentControlSet\Services\NTDS\Diagnostics,22 DS RPC Client,,,,
2026-02-14T01:11:14.975360Z,"{'#attributes': {'Qualifiers': 16384}, '#text': 1394}",DC01.garfield.htb,Microsoft-Windows-ActiveDirectory_DomainService,Directory Service,588,4,,,,,,,,,,,,
2026-02-14T01:12:07.030641Z,"{'#attributes': {'Qualifiers': 16384}, '#text': 1587}",DC01.garfield.htb,Microsoft-Windows-ActiveDirectory_DomainService,Directory Service,589,4,,,0cffd740-bba9-471b-aec4-1c9d0ddd7101 (RODC01.garfield.htb),106520,c515ea8e-4d35-41db-9847-13ed3e47f23d,102879,102879,d2c40552-1f15-42bb-a48a-783ba974730f,102879,102879,,
2026-02-14T01:12:07.311940Z,"{'#attributes': {'Qualifiers': 16384}, '#text': 1587}",DC01.garfield.htb,Microsoft-Windows-ActiveDirectory_DomainService,Directory Service,590,4,,,0cffd740-bba9-471b-aec4-1c9d0ddd7101 (RODC01.garfield.htb),106520,c515ea8e-4d35-41db-9847-13ed3e47f23d,102605,102605,d2c40552-1f15-42bb-a48a-783ba974730f,102605,102605,,
2026-02-14T01:12:07.374384Z,"{'#attributes': {'Qualifiers': 16384}, '#text': 2041}",DC01.garfield.htb,Microsoft-Windows-ActiveDirectory_DomainService,Directory Service,591,4,,,40000633,1,,,,,,,,
2026-02-14T01:12:07.374384Z,"{'#attributes': {'Qualifiers': 16384}, '#text': 1587}",DC01.garfield.htb,Microsoft-Windows-ActiveDirectory_DomainService,Directory Service,592,4,,,0cffd740-bba9-471b-aec4-1c9d0ddd7101 (RODC01.garfield.htb),106520,c515ea8e-4d35-41db-9847-13ed3e47f23d,102875,102875,d2c40552-1f15-42bb-a48a-783ba974730f,102875,102875,,
2026-02-14T01:12:07.390011Z,"{'#attributes': {'Qualifiers': 16384}, '#text': 1587}",DC01.garfield.htb,Microsoft-Windows-ActiveDirectory_DomainService,Directory Service,593,4,,,0cffd740-bba9-471b-aec4-1c9d0ddd7101 (RODC01.garfield.htb),106520,c515ea8e-4d35-41db-9847-13ed3e47f23d,102605,102605,d2c40552-1f15-42bb-a48a-783ba974730f,102605,102605,,
2026-02-14T01:15:45.001541Z,"{'#attributes': {'Qualifiers': 16384}, '#text': 1104}",DC01.garfield.htb,Microsoft-Windows-ActiveDirectory_DomainService,Directory Service,594,4,,,"DC=garfield,DC=htb",0cffd740-bba9-471b-aec4-1c9d0ddd7101._msdcs.garfield.htb,"CN=NTDS Settings,CN=RODC01,CN=Servers,CN=Default-First-Site-Name,CN=Sites,CN=Configuration,DC=garfield,DC=htb",,,,,,,
2026-02-14T01:22:27.300281Z,"{'#attributes': {'Qualifiers': 16384}, '#text': 2179}",DC01.garfield.htb,Microsoft-Windows-ActiveDirectory_DomainService,Directory Service,595,4,,10215527867963530399,,,,,,,,,,
2026-02-14T01:22:27.992386Z,"{'#attributes': {'Qualifiers': 16384}, '#text': 1004}",DC01.garfield.htb,Microsoft-Windows-ActiveDirectory_DomainService,Directory Service,596,4,,,,,,,,,,,,
2026-02-14T01:29:53.403498Z,"{'#attributes': {'Qualifiers': 32768}, '#text': 3051}",DC01.garfield.htb,Microsoft-Windows-ActiveDirectory_DomainService,Directory Service,597,3,,,,,,,,,,,,
2026-02-14T01:29:53.403498Z,"{'#attributes': {'Qualifiers': 32768}, '#text': 3054}",DC01.garfield.htb,Microsoft-Windows-ActiveDirectory_DomainService,Directory Service,598,3,,,,,,,,,,,,
2026-02-14T01:29:53.684747Z,"{'#attributes': {'Qualifiers': 16384}, '#text': 2119}",DC01.garfield.htb,Microsoft-Windows-ActiveDirectory_DomainService,Directory Service,599,4,,,,,,,,,,,,
2026-02-14T01:29:53.684747Z,"{'#attributes': {'Qualifiers': 16384}, '#text': 2404}",DC01.garfield.htb,Microsoft-Windows-ActiveDirectory_DomainService,Directory Service,600,4,,Recycle Bin Feature,,,,,,,,,,
2026-02-14T01:29:53.684747Z,"{'#attributes': {'Qualifiers': 16384}, '#text': 2406}",DC01.garfield.htb,Microsoft-Windows-ActiveDirectory_DomainService,Directory Service,601,4,,Privileged Access Management Feature,,,,,,,,,,
2026-02-14T01:29:53.716521Z,"{'#attributes': {'Qualifiers': 16384}, '#text': 2168}",DC01.garfield.htb,Microsoft-Windows-ActiveDirectory_DomainService,Directory Service,602,4,,7126334813965447223,,,,,,,,,,
2026-02-14T01:29:53.716521Z,"{'#attributes': {'Qualifiers': 16384}, '#text': 2172}",DC01.garfield.htb,Microsoft-Windows-ActiveDirectory_DomainService,Directory Service,603,4,,10215527867963530399,,,,,,,,,,
2026-02-14T01:29:53.716521Z,"{'#attributes': {'Qualifiers': 32768}, '#text': 2170}",DC01.garfield.htb,Microsoft-Windows-ActiveDirectory_DomainService,Directory Service,604,3,,,10215527867963530399,7126334813965447223,,,,,,,,
2026-02-14T01:29:53.731622Z,"{'#attributes': {'Qualifiers': 16384}, '#text': 1109}",DC01.garfield.htb,Microsoft-Windows-ActiveDirectory_DomainService,Directory Service,605,4,,,d2c40552-1f15-42bb-a48a-783ba974730f,d7c97749-72c6-41a4-8a5c-148f6daef974,110617,,,,,,,
2026-02-14T01:29:53.778496Z,"{'#attributes': {'Qualifiers': 16384}, '#text': 2208}",DC01.garfield.htb,Microsoft-Windows-ActiveDirectory_DomainService,Directory Service,606,4,,,,,,,,,,,,
2026-02-14T01:29:53.794127Z,"{'#attributes': {'Qualifiers': 16384}, '#text': 2179}",DC01.garfield.htb,Microsoft-Windows-ActiveDirectory_DomainService,Directory Service,607,4,,7126334813965447223,,,,,,,,,,
2026-02-14T01:29:53.794127Z,"{'#attributes': {'Qualifiers': 16384}, '#text': 2405}",DC01.garfield.htb,Microsoft-Windows-ActiveDirectory_DomainService,Directory Service,608,4,,Privileged Access Management Feature,,,,,,,,,,
2026-02-14T01:30:03.819576Z,"{'#attributes': {'Qualifiers': 32768}, '#text': 2886}",DC01.garfield.htb,Microsoft-Windows-ActiveDirectory_DomainService,Directory Service,609,3,,,,,,,,,,,,
2026-02-14T01:30:03.819576Z,"{'#attributes': {'Qualifiers': 32768}, '#text': 3041}",DC01.garfield.htb,Microsoft-Windows-ActiveDirectory_DomainService,Directory Service,610,3,,,,,,,,,,,,
2026-02-14T01:30:03.819576Z,"{'#attributes': {'Qualifiers': 16384}, '#text': 1000}",DC01.garfield.htb,Microsoft-Windows-ActiveDirectory_DomainService,Directory Service,611,4,,,,,,,,,,,,
2026-02-14T01:30:33.811737Z,"{'#attributes': {'Qualifiers': 16384}, '#text': 1394}",DC01.garfield.htb,Microsoft-Windows-ActiveDirectory_DomainService,Directory Service,612,4,,,,,,,,,,,,
2026-02-14T01:31:32.840794Z,"{'#attributes': {'Qualifiers': 16384}, '#text': 1587}",DC01.garfield.htb,Microsoft-Windows-ActiveDirectory_DomainService,Directory Service,613,4,,,0cffd740-bba9-471b-aec4-1c9d0ddd7101 (RODC01.garfield.htb),110617,d2c40552-1f15-42bb-a48a-783ba974730f,106576,106576,d7c97749-72c6-41a4-8a5c-148f6daef974,106576,106576,,
2026-02-14T01:31:32.962805Z,"{'#attributes': {'Qualifiers': 16384}, '#text': 1587}",DC01.garfield.htb,Microsoft-Windows-ActiveDirectory_DomainService,Directory Service,614,4,,,0cffd740-bba9-471b-aec4-1c9d0ddd7101 (RODC01.garfield.htb),110617,d2c40552-1f15-42bb-a48a-783ba974730f,106523,106523,d7c97749-72c6-41a4-8a5c-148f6daef974,106523,106523,,
2026-02-14T01:31:32.987798Z,"{'#attributes': {'Qualifiers': 16384}, '#text': 1587}",DC01.garfield.htb,Microsoft-Windows-ActiveDirectory_DomainService,Directory Service,615,4,,,0cffd740-bba9-471b-aec4-1c9d0ddd7101 (RODC01.garfield.htb),110617,d2c40552-1f15-42bb-a48a-783ba974730f,102605,102605,d7c97749-72c6-41a4-8a5c-148f6daef974,102605,102605,,
2026-02-14T01:31:33.015810Z,"{'#attributes': {'Qualifiers': 16384}, '#text': 1587}",DC01.garfield.htb,Microsoft-Windows-ActiveDirectory_DomainService,Directory Service,616,4,,,0cffd740-bba9-471b-aec4-1c9d0ddd7101 (RODC01.garfield.htb),110617,d2c40552-1f15-42bb-a48a-783ba974730f,106571,106571,d7c97749-72c6-41a4-8a5c-148f6daef974,106571,106571,,
2026-02-14T01:33:33.821428Z,"{'#attributes': {'Qualifiers': 16384}, '#text': 2041}",DC01.garfield.htb,Microsoft-Windows-ActiveDirectory_DomainService,Directory Service,617,4,,,40000633,1,,,,,,,,
2026-02-14T01:33:33.821428Z,"{'#attributes': {'Qualifiers': 16384}, '#text': 2179}",DC01.garfield.htb,Microsoft-Windows-ActiveDirectory_DomainService,Directory Service,618,4,,7126334813965447223,,,,,,,,,,
2026-02-14T01:33:34.508925Z,"{'#attributes': {'Qualifiers': 16384}, '#text': 1004}",DC01.garfield.htb,Microsoft-Windows-ActiveDirectory_DomainService,Directory Service,619,4,,,,,,,,,,,,
2026-03-10T08:51:24.558505Z,"{'#attributes': {'Qualifiers': 32768}, '#text': 3051}",DC01.garfield.htb,Microsoft-Windows-ActiveDirectory_DomainService,Directory Service,620,3,,,,,,,,,,,,
2026-03-10T08:51:24.558505Z,"{'#attributes': {'Qualifiers': 32768}, '#text': 3054}",DC01.garfield.htb,Microsoft-Windows-ActiveDirectory_DomainService,Directory Service,621,3,,,,,,,,,,,,
2026-03-10T08:51:24.762613Z,"{'#attributes': {'Qualifiers': 16384}, '#text': 2119}",DC01.garfield.htb,Microsoft-Windows-ActiveDirectory_DomainService,Directory Service,622,4,,,,,,,,,,,,
2026-03-10T08:51:24.762613Z,"{'#attributes': {'Qualifiers': 16384}, '#text': 2404}",DC01.garfield.htb,Microsoft-Windows-ActiveDirectory_DomainService,Directory Service,623,4,,Recycle Bin Feature,,,,,,,,,,
2026-03-10T08:51:24.762613Z,"{'#attributes': {'Qualifiers': 16384}, '#text': 2406}",DC01.garfield.htb,Microsoft-Windows-ActiveDirectory_DomainService,Directory Service,624,4,,Privileged Access Management Feature,,,,,,,,,,
2026-03-10T08:51:24.762613Z,"{'#attributes': {'Qualifiers': 16384}, '#text': 2168}",DC01.garfield.htb,Microsoft-Windows-ActiveDirectory_DomainService,Directory Service,625,4,,7926556966321415442,,,,,,,,,,
2026-03-10T08:51:24.762613Z,"{'#attributes': {'Qualifiers': 16384}, '#text': 2172}",DC01.garfield.htb,Microsoft-Windows-ActiveDirectory_DomainService,Directory Service,626,4,,7126334813965447223,,,,,,,,,,
2026-03-10T08:51:24.762613Z,"{'#attributes': {'Qualifiers': 32768}, '#text': 2170}",DC01.garfield.htb,Microsoft-Windows-ActiveDirectory_DomainService,Directory Service,627,3,,,7126334813965447223,7926556966321415442,,,,,,,,
2026-03-10T08:51:24.778236Z,"{'#attributes': {'Qualifiers': 16384}, '#text': 1109}",DC01.garfield.htb,Microsoft-Windows-ActiveDirectory_DomainService,Directory Service,628,4,,,d7c97749-72c6-41a4-8a5c-148f6daef974,7cb4e3f8-1916-4a79-84f0-65f64fc6f7df,114714,,,,,,,
2026-03-10T08:51:24.793864Z,"{'#attributes': {'Qualifiers': 16384}, '#text': 2208}",DC01.garfield.htb,Microsoft-Windows-ActiveDirectory_DomainService,Directory Service,629,4,,,,,,,,,,,,
2026-03-10T08:51:24.809488Z,"{'#attributes': {'Qualifiers': 16384}, '#text': 2179}",DC01.garfield.htb,Microsoft-Windows-ActiveDirectory_DomainService,Directory Service,630,4,,7926556966321415442,,,,,,,,,,
2026-03-10T08:51:24.809488Z,"{'#attributes': {'Qualifiers': 16384}, '#text': 2405}",DC01.garfield.htb,Microsoft-Windows-ActiveDirectory_DomainService,Directory Service,631,4,,Privileged Access Management Feature,,,,,,,,,,
2026-03-10T08:51:34.831932Z,"{'#attributes': {'Qualifiers': 32768}, '#text': 2886}",DC01.garfield.htb,Microsoft-Windows-ActiveDirectory_DomainService,Directory Service,632,3,,,,,,,,,,,,
2026-03-10T08:51:34.831932Z,"{'#attributes': {'Qualifiers': 32768}, '#text': 3041}",DC01.garfield.htb,Microsoft-Windows-ActiveDirectory_DomainService,Directory Service,633,3,,,,,,,,,,,,
2026-03-10T08:51:34.831932Z,"{'#attributes': {'Qualifiers': 16384}, '#text': 1000}",DC01.garfield.htb,Microsoft-Windows-ActiveDirectory_DomainService,Directory Service,634,4,,,,,,,,,,,,
2026-03-10T08:52:04.855554Z,"{'#attributes': {'Qualifiers': 16384}, '#text': 1394}",DC01.garfield.htb,Microsoft-Windows-ActiveDirectory_DomainService,Directory Service,635,4,,,,,,,,,,,,
2026-03-10T08:53:22.582474Z,"{'#attributes': {'Qualifiers': 16384}, '#text': 1587}",DC01.garfield.htb,Microsoft-Windows-ActiveDirectory_DomainService,Directory Service,636,4,,,0cffd740-bba9-471b-aec4-1c9d0ddd7101 (RODC01.garfield.htb),114714,d7c97749-72c6-41a4-8a5c-148f6daef974,106571,106571,7cb4e3f8-1916-4a79-84f0-65f64fc6f7df,106571,106571,,
2026-03-10T08:53:22.676190Z,"{'#attributes': {'Qualifiers': 16384}, '#text': 1587}",DC01.garfield.htb,Microsoft-Windows-ActiveDirectory_DomainService,Directory Service,637,4,,,0cffd740-bba9-471b-aec4-1c9d0ddd7101 (RODC01.garfield.htb),114714,d7c97749-72c6-41a4-8a5c-148f6daef974,110620,110620,7cb4e3f8-1916-4a79-84f0-65f64fc6f7df,110620,110620,,
2026-03-10T08:53:22.707571Z,"{'#attributes': {'Qualifiers': 16384}, '#text': 1587}",DC01.garfield.htb,Microsoft-Windows-ActiveDirectory_DomainService,Directory Service,638,4,,,0cffd740-bba9-471b-aec4-1c9d0ddd7101 (RODC01.garfield.htb),114714,d7c97749-72c6-41a4-8a5c-148f6daef974,102605,102605,7cb4e3f8-1916-4a79-84f0-65f64fc6f7df,102605,102605,,
2026-03-10T08:53:22.707571Z,"{'#attributes': {'Qualifiers': 16384}, '#text': 1587}",DC01.garfield.htb,Microsoft-Windows-ActiveDirectory_DomainService,Directory Service,639,4,,,0cffd740-bba9-471b-aec4-1c9d0ddd7101 (RODC01.garfield.htb),114714,d7c97749-72c6-41a4-8a5c-148f6daef974,106571,106571,7cb4e3f8-1916-4a79-84f0-65f64fc6f7df,106571,106571,,
2026-03-10T08:53:22.723095Z,"{'#attributes': {'Qualifiers': 16384}, '#text': 1587}",DC01.garfield.htb,Microsoft-Windows-ActiveDirectory_DomainService,Directory Service,640,4,,,0cffd740-bba9-471b-aec4-1c9d0ddd7101 (RODC01.garfield.htb),114714,d7c97749-72c6-41a4-8a5c-148f6daef974,110658,110658,7cb4e3f8-1916-4a79-84f0-65f64fc6f7df,110658,110658,,
2026-03-10T08:53:46.485836Z,"{'#attributes': {'Qualifiers': 16384}, '#text': 2179}",DC01.garfield.htb,Microsoft-Windows-ActiveDirectory_DomainService,Directory Service,641,4,,7926556966321415442,,,,,,,,,,
2026-03-10T08:53:46.970199Z,"{'#attributes': {'Qualifiers': 16384}, '#text': 1004}",DC01.garfield.htb,Microsoft-Windows-ActiveDirectory_DomainService,Directory Service,642,4,,,,,,,,,,,,
2026-03-10T19:31:55.477580Z,"{'#attributes': {'Qualifiers': 32768}, '#text': 3051}",DC01.garfield.htb,Microsoft-Windows-ActiveDirectory_DomainService,Directory Service,643,3,,,,,,,,,,,,
2026-03-10T19:31:55.477580Z,"{'#attributes': {'Qualifiers': 32768}, '#text': 3054}",DC01.garfield.htb,Microsoft-Windows-ActiveDirectory_DomainService,Directory Service,644,3,,,,,,,,,,,,
2026-03-10T19:31:55.711952Z,"{'#attributes': {'Qualifiers': 16384}, '#text': 2119}",DC01.garfield.htb,Microsoft-Windows-ActiveDirectory_DomainService,Directory Service,645,4,,,,,,,,,,,,
2026-03-10T19:31:55.711952Z,"{'#attributes': {'Qualifiers': 16384}, '#text': 2404}",DC01.garfield.htb,Microsoft-Windows-ActiveDirectory_DomainService,Directory Service,646,4,,Recycle Bin Feature,,,,,,,,,,
2026-03-10T19:31:55.711952Z,"{'#attributes': {'Qualifiers': 16384}, '#text': 2406}",DC01.garfield.htb,Microsoft-Windows-ActiveDirectory_DomainService,Directory Service,647,4,,Privileged Access Management Feature,,,,,,,,,,
2026-03-10T19:31:55.711952Z,"{'#attributes': {'Qualifiers': 16384}, '#text': 2168}",DC01.garfield.htb,Microsoft-Windows-ActiveDirectory_DomainService,Directory Service,648,4,,381133957999407794,,,,,,,,,,
2026-03-10T19:31:55.711952Z,"{'#attributes': {'Qualifiers': 16384}, '#text': 2172}",DC01.garfield.htb,Microsoft-Windows-ActiveDirectory_DomainService,Directory Service,649,4,,7926556966321415442,,,,,,,,,,
2026-03-10T19:31:55.711952Z,"{'#attributes': {'Qualifiers': 32768}, '#text': 2170}",DC01.garfield.htb,Microsoft-Windows-ActiveDirectory_DomainService,Directory Service,650,3,,,7926556966321415442,381133957999407794,,,,,,,,
2026-03-10T19:31:55.743366Z,"{'#attributes': {'Qualifiers': 16384}, '#text': 1109}",DC01.garfield.htb,Microsoft-Windows-ActiveDirectory_DomainService,Directory Service,651,4,,,7cb4e3f8-1916-4a79-84f0-65f64fc6f7df,e9e6ec98-f874-4be7-9815-a8c632e5aaa8,118811,,,,,,,
2026-03-10T19:31:55.758816Z,"{'#attributes': {'Qualifiers': 16384}, '#text': 2208}",DC01.garfield.htb,Microsoft-Windows-ActiveDirectory_DomainService,Directory Service,652,4,,,,,,,,,,,,
2026-03-10T19:31:55.758816Z,"{'#attributes': {'Qualifiers': 16384}, '#text': 2179}",DC01.garfield.htb,Microsoft-Windows-ActiveDirectory_DomainService,Directory Service,653,4,,381133957999407794,,,,,,,,,,
2026-03-10T19:31:55.774453Z,"{'#attributes': {'Qualifiers': 16384}, '#text': 2405}",DC01.garfield.htb,Microsoft-Windows-ActiveDirectory_DomainService,Directory Service,654,4,,Privileged Access Management Feature,,,,,,,,,,
2026-03-10T19:32:05.786634Z,"{'#attributes': {'Qualifiers': 32768}, '#text': 2886}",DC01.garfield.htb,Microsoft-Windows-ActiveDirectory_DomainService,Directory Service,655,3,,,,,,,,,,,,
2026-03-10T19:32:05.786634Z,"{'#attributes': {'Qualifiers': 32768}, '#text': 3041}",DC01.garfield.htb,Microsoft-Windows-ActiveDirectory_DomainService,Directory Service,656,3,,,,,,,,,,,,
2026-03-10T19:32:05.786634Z,"{'#attributes': {'Qualifiers': 16384}, '#text': 1000}",DC01.garfield.htb,Microsoft-Windows-ActiveDirectory_DomainService,Directory Service,657,4,,,,,,,,,,,,
2026-03-10T19:32:35.801125Z,"{'#attributes': {'Qualifiers': 16384}, '#text': 1394}",DC01.garfield.htb,Microsoft-Windows-ActiveDirectory_DomainService,Directory Service,658,4,,,,,,,,,,,,
2026-03-10T19:33:42.624324Z,"{'#attributes': {'Qualifiers': 16384}, '#text': 1587}",DC01.garfield.htb,Microsoft-Windows-ActiveDirectory_DomainService,Directory Service,659,4,,,0cffd740-bba9-471b-aec4-1c9d0ddd7101 (RODC01.garfield.htb),118811,7cb4e3f8-1916-4a79-84f0-65f64fc6f7df,114769,114769,e9e6ec98-f874-4be7-9815-a8c632e5aaa8,114769,114769,,
2026-03-10T19:33:43.023320Z,"{'#attributes': {'Qualifiers': 16384}, '#text': 1587}",DC01.garfield.htb,Microsoft-Windows-ActiveDirectory_DomainService,Directory Service,660,4,,,0cffd740-bba9-471b-aec4-1c9d0ddd7101 (RODC01.garfield.htb),118811,7cb4e3f8-1916-4a79-84f0-65f64fc6f7df,114717,114717,e9e6ec98-f874-4be7-9815-a8c632e5aaa8,114717,114717,,
2026-03-10T19:33:43.035327Z,"{'#attributes': {'Qualifiers': 16384}, '#text': 1587}",DC01.garfield.htb,Microsoft-Windows-ActiveDirectory_DomainService,Directory Service,661,4,,,0cffd740-bba9-471b-aec4-1c9d0ddd7101 (RODC01.garfield.htb),118811,7cb4e3f8-1916-4a79-84f0-65f64fc6f7df,102605,102605,e9e6ec98-f874-4be7-9815-a8c632e5aaa8,102605,102605,,
2026-03-10T19:33:43.053332Z,"{'#attributes': {'Qualifiers': 16384}, '#text': 1587}",DC01.garfield.htb,Microsoft-Windows-ActiveDirectory_DomainService,Directory Service,662,4,,,0cffd740-bba9-471b-aec4-1c9d0ddd7101 (RODC01.garfield.htb),118811,7cb4e3f8-1916-4a79-84f0-65f64fc6f7df,114790,114790,e9e6ec98-f874-4be7-9815-a8c632e5aaa8,114790,114790,,
2026-03-10T19:47:05.978577Z,"{'#attributes': {'Qualifiers': 0}, '#text': 102}",DC01.garfield.htb,NTDS ISAM,Directory Service,663,4,,,NTDS,"712,P,98",NTDSA: ,0,10,00,17763,0000,,
2026-03-10T19:47:05.978577Z,"{'#attributes': {'Qualifiers': 0}, '#text': 105}",DC01.garfield.htb,NTDS ISAM,Directory Service,664,4,,,NTDS,"712,D,0",NTDSA: ,0,0,"
[1] 0.000713 +J(0) +M(C:0K, Fs:78, WS:304K # 0K, PF:2296K # 0K, P:2296K)
[2] 0.000649 +J(0) +M(C:16K, Fs:125, WS:488K # 280K, PF:1132K # 628K, P:1132K)
[3] 0.000024 +J(0) +M(C:0K, Fs:5, WS:20K # 20K, PF:64K # 64K, P:64K)
[4] 0.012348 -0.000861 (1) WT +J(0) +M(C:0K, Fs:128, WS:436K # 436K, PF:5192K # 5192K, P:5192K)
[5] 0.000295 +J(0) +M(C:0K, Fs:1, WS:4K # 4K, PF:0K # 0K, P:0K)
[6] 0.005452 +J(0) +M(C:0K, Fs:20, WS:76K # 76K, PF:12K # 12K, P:12K)
[7] 0.103586 -0.090201 (41) WT +J(0) +M(C:0K, Fs:2577, WS:10284K # 10284K, PF:10264K # 10264K, P:10264K)
[8] -
[9] -
[10] -
[11] -
[12] -
[13] 0.052832 -0.041799 (42) WT +J(CM:0, PgRf:0, Rd:0/0, Dy:0/0, Lg:616/1) +M(C:0K, Fs:19, WS:-10172K # 64K, PF:-10192K # 80K, P:-10192K)
[14] 0.000032 +J(0) +M(C:0K, Fs:1, WS:4K # 0K, PF:0K # 0K, P:0K)
[15] 0.000423 +J(0) +M(C:0K, Fs:207, WS:820K # 0K, PF:72K # 0K, P:72K)
[16] 0.000796 -0.000405 (1) WT +J(0) +M(C:0K, Fs:2, WS:0K # 0K, PF:0K # 0K, P:0K).",,,,
2026-03-10T19:47:05.978577Z,"{'#attributes': {'Qualifiers': 0}, '#text': 326}",DC01.garfield.htb,NTDS ISAM,Directory Service,665,4,,,NTDS,"712,D,50",NTDSA: ,1,C:\Windows\NTDS\ntds.dit,0,"
[1] 0.000007 +J(0) +M(C:0K, Fs:1, WS:4K # 0K, PF:0K # 0K, P:0K)
[2] 0.001313 -0.001012 (1) WT +J(0) +M(C:0K, Fs:19, WS:12K # 0K, PF:8K # 0K, P:8K)
[3] 0.007895 -0.004164 (6) WT +J(CM:0, PgRf:0, Rd:0/0, Dy:0/0, Lg:3480/2) +M(C:0K, Fs:17, WS:60K # 0K, PF:124K # 0K, P:124K)
[4] 0.000109 +J(0)
[5] -
[6] -
[7] -
[8] 0.003678 -0.001414 (2) CM -0.000905 (2) WT +J(CM:2, PgRf:2, Rd:4/2, Dy:0/0, Lg:0/0) +M(C:16K, Fs:49, WS:188K # 0K, PF:224K # 0K, P:224K)
[9] 0.006287 -0.005257 (6) CM -0.004872 (6) WT +J(CM:6, PgRf:24, Rd:0/5, Dy:0/0, Lg:0/0) +M(C:-8K, Fs:28, WS:76K # 0K, PF:176K # 0K, P:176K)
[10] 0.001858 -0.001484 (3) CM -0.001207 (3) WT +J(CM:3, PgRf:40, Rd:0/3, Dy:0/0, Lg:0/0) +M(C:-4K, Fs:3, WS:4K # 0K, PF:60K # 0K, P:60K)
[11] 0.000016 +J(CM:0, PgRf:1, Rd:0/0, Dy:0/0, Lg:0/0) +M(C:0K, Fs:2, WS:8K # 0K, PF:0K # 0K, P:0K)
[12] 0.000048 +J(CM:0, PgRf:42, Rd:0/0, Dy:0/0, Lg:0/0) +M(C:0K, Fs:1, WS:4K # 0K, PF:0K # 0K, P:0K)
[13] 0.0 +J(0)
[14] 0.0 +J(0)
[15] 0.000005 +J(CM:0, PgRf:1, Rd:0/0, Dy:0/0, Lg:0/0).",0 0,lgposAttach = 00000004:03AF:0268,
2026-03-10T19:47:05.978577Z,"{'#attributes': {'Qualifiers': 0}, '#text': 700}",DC01.garfield.htb,NTDS ISAM,Directory Service,666,4,,,NTDS,"712,D,0",NTDSA: ,C:\Windows\NTDS\ntds.dit,,,,,,
2026-03-10T19:47:06.869418Z,"{'#attributes': {'Qualifiers': 0}, '#text': 701}",DC01.garfield.htb,NTDS ISAM,Directory Service,667,4,,,NTDS,"712,D,0",NTDSA: ,C:\Windows\NTDS\ntds.dit,0,3/10/2026,0,1,1,15
2026-03-10T19:47:05.994211Z,"{'#attributes': {'Qualifiers': 16384}, '#text': 2041}",DC01.garfield.htb,Microsoft-Windows-ActiveDirectory_DomainService,Directory Service,668,4,,,40000633,1,,,,,,,,
2026-03-10T19:47:05.994211Z,"{'#attributes': {'Qualifiers': 16384}, '#text': 1869}",DC01.garfield.htb,Microsoft-Windows-ActiveDirectory_DomainService,Directory Service,669,4,,,\\DC01.garfield.htb,Default-First-Site-Name,,,,,,,,
2026-03-10T20:01:13.249063Z,"{'#attributes': {'Qualifiers': 49152}, '#text': 2087}",DC01.garfield.htb,Microsoft-Windows-ActiveDirectory_DomainService,Directory Service,670,2,,,RODC01,0cffd740-bba9-471b-aec4-1c9d0ddd7101._msdcs.garfield.htb,11001,No such host is known.,System\CurrentControlSet\Services\NTDS\Diagnostics,22 DS RPC Client,,,,
2026-03-10T20:01:40.812151Z,"{'#attributes': {'Qualifiers': 16384}, '#text': 2179}",DC01.garfield.htb,Microsoft-Windows-ActiveDirectory_DomainService,Directory Service,671,4,,381133957999407794,,,,,,,,,,
2026-03-10T20:01:41.405890Z,"{'#attributes': {'Qualifiers': 16384}, '#text': 1004}",DC01.garfield.htb,Microsoft-Windows-ActiveDirectory_DomainService,Directory Service,672,4,,,,,,,,,,,,
2026-03-14T07:11:01.261217Z,"{'#attributes': {'Qualifiers': 32768}, '#text': 3051}",DC01.garfield.htb,Microsoft-Windows-ActiveDirectory_DomainService,Directory Service,673,3,,,,,,,,,,,,
2026-03-14T07:11:01.261217Z,"{'#attributes': {'Qualifiers': 32768}, '#text': 3054}",DC01.garfield.htb,Microsoft-Windows-ActiveDirectory_DomainService,Directory Service,674,3,,,,,,,,,,,,
2026-03-14T07:11:01.474896Z,"{'#attributes': {'Qualifiers': 16384}, '#text': 2119}",DC01.garfield.htb,Microsoft-Windows-ActiveDirectory_DomainService,Directory Service,675,4,,,,,,,,,,,,
2026-03-14T07:11:01.474896Z,"{'#attributes': {'Qualifiers': 16384}, '#text': 2404}",DC01.garfield.htb,Microsoft-Windows-ActiveDirectory_DomainService,Directory Service,676,4,,Recycle Bin Feature,,,,,,,,,,
2026-03-14T07:11:01.474896Z,"{'#attributes': {'Qualifiers': 16384}, '#text': 2406}",DC01.garfield.htb,Microsoft-Windows-ActiveDirectory_DomainService,Directory Service,677,4,,Privileged Access Management Feature,,,,,,,,,,
2026-03-14T07:11:01.476315Z,"{'#attributes': {'Qualifiers': 16384}, '#text': 2168}",DC01.garfield.htb,Microsoft-Windows-ActiveDirectory_DomainService,Directory Service,678,4,,17390274756609626714,,,,,,,,,,
2026-03-14T07:11:01.477845Z,"{'#attributes': {'Qualifiers': 16384}, '#text': 2172}",DC01.garfield.htb,Microsoft-Windows-ActiveDirectory_DomainService,Directory Service,679,4,,381133957999407794,,,,,,,,,,
2026-03-14T07:11:01.478306Z,"{'#attributes': {'Qualifiers': 32768}, '#text': 2170}",DC01.garfield.htb,Microsoft-Windows-ActiveDirectory_DomainService,Directory Service,680,3,,,381133957999407794,17390274756609626714,,,,,,,,
2026-03-14T07:11:01.494839Z,"{'#attributes': {'Qualifiers': 16384}, '#text': 1109}",DC01.garfield.htb,Microsoft-Windows-ActiveDirectory_DomainService,Directory Service,681,4,,,e9e6ec98-f874-4be7-9815-a8c632e5aaa8,f93bf0ec-254c-4894-aab7-4ec1a66af2b0,122908,,,,,,,
2026-03-14T07:11:01.521314Z,"{'#attributes': {'Qualifiers': 16384}, '#text': 2179}",DC01.garfield.htb,Microsoft-Windows-ActiveDirectory_DomainService,Directory Service,682,4,,17390274756609626714,,,,,,,,,,
2026-03-14T07:11:01.529800Z,"{'#attributes': {'Qualifiers': 16384}, '#text': 2208}",DC01.garfield.htb,Microsoft-Windows-ActiveDirectory_DomainService,Directory Service,683,4,,,,,,,,,,,,
2026-03-14T07:11:01.533812Z,"{'#attributes': {'Qualifiers': 16384}, '#text': 2405}",DC01.garfield.htb,Microsoft-Windows-ActiveDirectory_DomainService,Directory Service,684,4,,Privileged Access Management Feature,,,,,,,,,,
2026-03-14T07:11:11.547758Z,"{'#attributes': {'Qualifiers': 32768}, '#text': 2886}",DC01.garfield.htb,Microsoft-Windows-ActiveDirectory_DomainService,Directory Service,685,3,,,,,,,,,,,,
2026-03-14T07:11:11.547758Z,"{'#attributes': {'Qualifiers': 32768}, '#text': 3041}",DC01.garfield.htb,Microsoft-Windows-ActiveDirectory_DomainService,Directory Service,686,3,,,,,,,,,,,,
2026-03-14T07:11:11.549756Z,"{'#attributes': {'Qualifiers': 16384}, '#text': 1000}",DC01.garfield.htb,Microsoft-Windows-ActiveDirectory_DomainService,Directory Service,687,4,,,,,,,,,,,,
2026-03-14T07:11:41.551413Z,"{'#attributes': {'Qualifiers': 16384}, '#text': 1394}",DC01.garfield.htb,Microsoft-Windows-ActiveDirectory_DomainService,Directory Service,688,4,,,,,,,,,,,,
2026-03-14T07:12:42.344830Z,"{'#attributes': {'Qualifiers': 16384}, '#text': 2179}",DC01.garfield.htb,Microsoft-Windows-ActiveDirectory_DomainService,Directory Service,689,4,,17390274756609626714,,,,,,,,,,
2026-03-14T07:12:54.360525Z,"{'#attributes': {'Qualifiers': 32768}, '#text': 3051}",DC01.garfield.htb,Microsoft-Windows-ActiveDirectory_DomainService,Directory Service,690,3,,,,,,,,,,,,
2026-03-14T07:12:54.360525Z,"{'#attributes': {'Qualifiers': 32768}, '#text': 3054}",DC01.garfield.htb,Microsoft-Windows-ActiveDirectory_DomainService,Directory Service,691,3,,,,,,,,,,,,
2026-03-14T07:12:54.693367Z,"{'#attributes': {'Qualifiers': 16384}, '#text': 2119}",DC01.garfield.htb,Microsoft-Windows-ActiveDirectory_DomainService,Directory Service,692,4,,,,,,,,,,,,
2026-03-14T07:12:54.693367Z,"{'#attributes': {'Qualifiers': 16384}, '#text': 2404}",DC01.garfield.htb,Microsoft-Windows-ActiveDirectory_DomainService,Directory Service,693,4,,Recycle Bin Feature,,,,,,,,,,
2026-03-14T07:12:54.693367Z,"{'#attributes': {'Qualifiers': 16384}, '#text': 2406}",DC01.garfield.htb,Microsoft-Windows-ActiveDirectory_DomainService,Directory Service,694,4,,Privileged Access Management Feature,,,,,,,,,,
2026-03-14T07:12:54.693367Z,"{'#attributes': {'Qualifiers': 16384}, '#text': 2168}",DC01.garfield.htb,Microsoft-Windows-ActiveDirectory_DomainService,Directory Service,695,4,,17390274756609626714,,,,,,,,,,
2026-03-14T07:12:54.693367Z,"{'#attributes': {'Qualifiers': 16384}, '#text': 2172}",DC01.garfield.htb,Microsoft-Windows-ActiveDirectory_DomainService,Directory Service,696,4,,17390274756609626714,,,,,,,,,,
2026-03-14T07:12:54.708990Z,"{'#attributes': {'Qualifiers': 16384}, '#text': 2405}",DC01.garfield.htb,Microsoft-Windows-ActiveDirectory_DomainService,Directory Service,697,4,,Privileged Access Management Feature,,,,,,,,,,
2026-03-14T07:13:04.726797Z,"{'#attributes': {'Qualifiers': 32768}, '#text': 2886}",DC01.garfield.htb,Microsoft-Windows-ActiveDirectory_DomainService,Directory Service,698,3,,,,,,,,,,,,
2026-03-14T07:13:04.726797Z,"{'#attributes': {'Qualifiers': 32768}, '#text': 3041}",DC01.garfield.htb,Microsoft-Windows-ActiveDirectory_DomainService,Directory Service,699,3,,,,,,,,,,,,
2026-03-14T07:13:04.726797Z,"{'#attributes': {'Qualifiers': 16384}, '#text': 1000}",DC01.garfield.htb,Microsoft-Windows-ActiveDirectory_DomainService,Directory Service,700,4,,,,,,,,,,,,
2026-03-14T07:13:34.744326Z,"{'#attributes': {'Qualifiers': 16384}, '#text': 1394}",DC01.garfield.htb,Microsoft-Windows-ActiveDirectory_DomainService,Directory Service,701,4,,,,,,,,,,,,
2026-03-14T07:14:44.557572Z,"{'#attributes': {'Qualifiers': 16384}, '#text': 1587}",DC01.garfield.htb,Microsoft-Windows-ActiveDirectory_DomainService,Directory Service,702,4,,,0cffd740-bba9-471b-aec4-1c9d0ddd7101 (RODC01.garfield.htb),122908,e9e6ec98-f874-4be7-9815-a8c632e5aaa8,118899,118899,f93bf0ec-254c-4894-aab7-4ec1a66af2b0,118899,118899,,
2026-03-14T07:14:44.620013Z,"{'#attributes': {'Qualifiers': 16384}, '#text': 2041}",DC01.garfield.htb,Microsoft-Windows-ActiveDirectory_DomainService,Directory Service,703,4,,,40000633,1,,,,,,,,
2026-03-14T07:14:44.620013Z,"{'#attributes': {'Qualifiers': 16384}, '#text': 1587}",DC01.garfield.htb,Microsoft-Windows-ActiveDirectory_DomainService,Directory Service,704,4,,,0cffd740-bba9-471b-aec4-1c9d0ddd7101 (RODC01.garfield.htb),122908,e9e6ec98-f874-4be7-9815-a8c632e5aaa8,119968,119968,f93bf0ec-254c-4894-aab7-4ec1a66af2b0,119968,119968,,
2026-03-14T07:14:44.666885Z,"{'#attributes': {'Qualifiers': 16384}, '#text': 1587}",DC01.garfield.htb,Microsoft-Windows-ActiveDirectory_DomainService,Directory Service,705,4,,,0cffd740-bba9-471b-aec4-1c9d0ddd7101 (RODC01.garfield.htb),122908,e9e6ec98-f874-4be7-9815-a8c632e5aaa8,118939,118939,f93bf0ec-254c-4894-aab7-4ec1a66af2b0,118939,118939,,
2026-03-14T07:14:44.713778Z,"{'#attributes': {'Qualifiers': 16384}, '#text': 1587}",DC01.garfield.htb,Microsoft-Windows-ActiveDirectory_DomainService,Directory Service,706,4,,,0cffd740-bba9-471b-aec4-1c9d0ddd7101 (RODC01.garfield.htb),122908,e9e6ec98-f874-4be7-9815-a8c632e5aaa8,118940,118940,f93bf0ec-254c-4894-aab7-4ec1a66af2b0,118940,118940,,
2026-03-14T07:15:10.277236Z,"{'#attributes': {'Qualifiers': 32768}, '#text': 2088}",DC01.garfield.htb,Microsoft-Windows-ActiveDirectory_DomainService,Directory Service,707,3,,,RODC01,0cffd740-bba9-471b-aec4-1c9d0ddd7101._msdcs.garfield.htb,11001,No such host is known.,System\CurrentControlSet\Services\NTDS\Diagnostics,22 DS RPC Client,,,,
2026-03-14T07:15:19.055859Z,"{'#attributes': {'Qualifiers': 16384}, '#text': 2179}",DC01.garfield.htb,Microsoft-Windows-ActiveDirectory_DomainService,Directory Service,708,4,,17390274756609626714,,,,,,,,,,
2026-04-01T18:15:55.651430Z,"{'#attributes': {'Qualifiers': 32768}, '#text': 3051}",DC01.garfield.htb,Microsoft-Windows-ActiveDirectory_DomainService,Directory Service,709,3,,,,,,,,,,,,
2026-04-01T18:15:55.651430Z,"{'#attributes': {'Qualifiers': 32768}, '#text': 3054}",DC01.garfield.htb,Microsoft-Windows-ActiveDirectory_DomainService,Directory Service,710,3,,,,,,,,,,,,
2026-04-01T18:15:56.625828Z,"{'#attributes': {'Qualifiers': 16384}, '#text': 2119}",DC01.garfield.htb,Microsoft-Windows-ActiveDirectory_DomainService,Directory Service,711,4,,,,,,,,,,,,
2026-04-01T18:15:56.625828Z,"{'#attributes': {'Qualifiers': 16384}, '#text': 2404}",DC01.garfield.htb,Microsoft-Windows-ActiveDirectory_DomainService,Directory Service,712,4,,Recycle Bin Feature,,,,,,,,,,
2026-04-01T18:15:56.625828Z,"{'#attributes': {'Qualifiers': 16384}, '#text': 2406}",DC01.garfield.htb,Microsoft-Windows-ActiveDirectory_DomainService,Directory Service,713,4,,Privileged Access Management Feature,,,,,,,,,,
2026-04-01T18:15:56.625828Z,"{'#attributes': {'Qualifiers': 16384}, '#text': 2168}",DC01.garfield.htb,Microsoft-Windows-ActiveDirectory_DomainService,Directory Service,714,4,,10262117003773816868,,,,,,,,,,
2026-04-01T18:15:56.625828Z,"{'#attributes': {'Qualifiers': 16384}, '#text': 2172}",DC01.garfield.htb,Microsoft-Windows-ActiveDirectory_DomainService,Directory Service,715,4,,17390274756609626714,,,,,,,,,,
2026-04-01T18:15:56.625828Z,"{'#attributes': {'Qualifiers': 32768}, '#text': 2170}",DC01.garfield.htb,Microsoft-Windows-ActiveDirectory_DomainService,Directory Service,716,3,,,17390274756609626714,10262117003773816868,,,,,,,,
2026-04-01T18:15:56.641465Z,"{'#attributes': {'Qualifiers': 16384}, '#text': 1109}",DC01.garfield.htb,Microsoft-Windows-ActiveDirectory_DomainService,Directory Service,717,4,,,f93bf0ec-254c-4894-aab7-4ec1a66af2b0,19bacae1-5e99-4eab-bb44-a9d51abd9dc1,131102,,,,,,,
2026-04-01T18:15:56.662553Z,"{'#attributes': {'Qualifiers': 16384}, '#text': 2179}",DC01.garfield.htb,Microsoft-Windows-ActiveDirectory_DomainService,Directory Service,718,4,,10262117003773816868,,,,,,,,,,
2026-04-01T18:15:56.678206Z,"{'#attributes': {'Qualifiers': 16384}, '#text': 2208}",DC01.garfield.htb,Microsoft-Windows-ActiveDirectory_DomainService,Directory Service,719,4,,,,,,,,,,,,
2026-04-01T18:15:56.684114Z,"{'#attributes': {'Qualifiers': 16384}, '#text': 2405}",DC01.garfield.htb,Microsoft-Windows-ActiveDirectory_DomainService,Directory Service,720,4,,Privileged Access Management Feature,,,,,,,,,,
2026-04-01T18:16:06.700804Z,"{'#attributes': {'Qualifiers': 32768}, '#text': 2886}",DC01.garfield.htb,Microsoft-Windows-ActiveDirectory_DomainService,Directory Service,721,3,,,,,,,,,,,,
2026-04-01T18:16:06.700804Z,"{'#attributes': {'Qualifiers': 32768}, '#text': 3041}",DC01.garfield.htb,Microsoft-Windows-ActiveDirectory_DomainService,Directory Service,722,3,,,,,,,,,,,,
2026-04-01T18:16:06.700804Z,"{'#attributes': {'Qualifiers': 16384}, '#text': 1000}",DC01.garfield.htb,Microsoft-Windows-ActiveDirectory_DomainService,Directory Service,723,4,,,,,,,,,,,,
2026-04-01T18:16:36.708265Z,"{'#attributes': {'Qualifiers': 16384}, '#text': 1394}",DC01.garfield.htb,Microsoft-Windows-ActiveDirectory_DomainService,Directory Service,724,4,,,,,,,,,,,,
2026-04-01T18:17:46.291512Z,"{'#attributes': {'Qualifiers': 16384}, '#text': 1587}",DC01.garfield.htb,Microsoft-Windows-ActiveDirectory_DomainService,Directory Service,725,4,,,0cffd740-bba9-471b-aec4-1c9d0ddd7101 (RODC01.garfield.htb),131102,f93bf0ec-254c-4894-aab7-4ec1a66af2b0,122911,122911,19bacae1-5e99-4eab-bb44-a9d51abd9dc1,122911,122911,,
2026-04-01T18:17:46.345503Z,"{'#attributes': {'Qualifiers': 16384}, '#text': 1587}",DC01.garfield.htb,Microsoft-Windows-ActiveDirectory_DomainService,Directory Service,726,4,,,0cffd740-bba9-471b-aec4-1c9d0ddd7101 (RODC01.garfield.htb),131102,f93bf0ec-254c-4894-aab7-4ec1a66af2b0,118899,118899,19bacae1-5e99-4eab-bb44-a9d51abd9dc1,118899,118899,,
2026-04-01T18:17:46.360524Z,"{'#attributes': {'Qualifiers': 16384}, '#text': 1587}",DC01.garfield.htb,Microsoft-Windows-ActiveDirectory_DomainService,Directory Service,727,4,,,0cffd740-bba9-471b-aec4-1c9d0ddd7101 (RODC01.garfield.htb),131102,f93bf0ec-254c-4894-aab7-4ec1a66af2b0,127038,127038,19bacae1-5e99-4eab-bb44-a9d51abd9dc1,127038,127038,,
2026-04-01T18:17:46.429523Z,"{'#attributes': {'Qualifiers': 16384}, '#text': 1587}",DC01.garfield.htb,Microsoft-Windows-ActiveDirectory_DomainService,Directory Service,728,4,,,0cffd740-bba9-471b-aec4-1c9d0ddd7101 (RODC01.garfield.htb),131102,f93bf0ec-254c-4894-aab7-4ec1a66af2b0,122924,122924,19bacae1-5e99-4eab-bb44-a9d51abd9dc1,122924,122924,,
2026-04-01T18:17:46.448094Z,"{'#attributes': {'Qualifiers': 16384}, '#text': 1587}",DC01.garfield.htb,Microsoft-Windows-ActiveDirectory_DomainService,Directory Service,729,4,,,0cffd740-bba9-471b-aec4-1c9d0ddd7101 (RODC01.garfield.htb),131102,f93bf0ec-254c-4894-aab7-4ec1a66af2b0,118940,118940,19bacae1-5e99-4eab-bb44-a9d51abd9dc1,118940,118940,,
2026-04-01T18:18:12.518540Z,"{'#attributes': {'Qualifiers': 32768}, '#text': 2088}",DC01.garfield.htb,Microsoft-Windows-ActiveDirectory_DomainService,Directory Service,730,3,,,RODC01,0cffd740-bba9-471b-aec4-1c9d0ddd7101._msdcs.garfield.htb,11001,No such host is known.,System\CurrentControlSet\Services\NTDS\Diagnostics,22 DS RPC Client,,,,
2026-04-01T18:27:49.500806Z,"{'#attributes': {'Qualifiers': 16384}, '#text': 2179}",DC01.garfield.htb,Microsoft-Windows-ActiveDirectory_DomainService,Directory Service,731,4,,10262117003773816868,,,,,,,,,,
2026-04-01T18:27:51.239717Z,"{'#attributes': {'Qualifiers': 16384}, '#text': 1004}",DC01.garfield.htb,Microsoft-Windows-ActiveDirectory_DomainService,Directory Service,732,4,,,,,,,,,,,,
2026-04-01T18:27:52.295303Z,"{'#attributes': {'Qualifiers': 32768}, '#text': 3051}",DC01.garfield.htb,Microsoft-Windows-ActiveDirectory_DomainService,Directory Service,733,3,,,,,,,,,,,,
2026-04-01T18:27:52.295303Z,"{'#attributes': {'Qualifiers': 32768}, '#text': 3054}",DC01.garfield.htb,Microsoft-Windows-ActiveDirectory_DomainService,Directory Service,734,3,,,,,,,,,,,,
2026-04-01T18:27:52.500120Z,"{'#attributes': {'Qualifiers': 16384}, '#text': 2119}",DC01.garfield.htb,Microsoft-Windows-ActiveDirectory_DomainService,Directory Service,735,4,,,,,,,,,,,,
2026-04-01T18:27:52.500120Z,"{'#attributes': {'Qualifiers': 16384}, '#text': 2404}",DC01.garfield.htb,Microsoft-Windows-ActiveDirectory_DomainService,Directory Service,736,4,,Recycle Bin Feature,,,,,,,,,,
2026-04-01T18:27:52.500120Z,"{'#attributes': {'Qualifiers': 16384}, '#text': 2406}",DC01.garfield.htb,Microsoft-Windows-ActiveDirectory_DomainService,Directory Service,737,4,,Privileged Access Management Feature,,,,,,,,,,
2026-04-01T18:27:52.500120Z,"{'#attributes': {'Qualifiers': 16384}, '#text': 2168}",DC01.garfield.htb,Microsoft-Windows-ActiveDirectory_DomainService,Directory Service,738,4,,10262117003773816868,,,,,,,,,,
2026-04-01T18:27:52.500120Z,"{'#attributes': {'Qualifiers': 16384}, '#text': 2172}",DC01.garfield.htb,Microsoft-Windows-ActiveDirectory_DomainService,Directory Service,739,4,,10262117003773816868,,,,,,,,,,
2026-04-01T18:27:52.515742Z,"{'#attributes': {'Qualifiers': 16384}, '#text': 2405}",DC01.garfield.htb,Microsoft-Windows-ActiveDirectory_DomainService,Directory Service,740,4,,Privileged Access Management Feature,,,,,,,,,,
2026-04-01T18:28:02.558655Z,"{'#attributes': {'Qualifiers': 32768}, '#text': 2886}",DC01.garfield.htb,Microsoft-Windows-ActiveDirectory_DomainService,Directory Service,741,3,,,,,,,,,,,,
2026-04-01T18:28:02.558655Z,"{'#attributes': {'Qualifiers': 32768}, '#text': 3041}",DC01.garfield.htb,Microsoft-Windows-ActiveDirectory_DomainService,Directory Service,742,3,,,,,,,,,,,,
2026-04-01T18:28:02.558655Z,"{'#attributes': {'Qualifiers': 16384}, '#text': 1000}",DC01.garfield.htb,Microsoft-Windows-ActiveDirectory_DomainService,Directory Service,743,4,,,,,,,,,,,,
2026-04-01T18:28:14.224107Z,"{'#attributes': {'Qualifiers': 49152}, '#text': 2087}",DC01.garfield.htb,Microsoft-Windows-ActiveDirectory_DomainService,Directory Service,744,2,,,RODC01,0cffd740-bba9-471b-aec4-1c9d0ddd7101._msdcs.garfield.htb,11001,No such host is known.,System\CurrentControlSet\Services\NTDS\Diagnostics,22 DS RPC Client,,,,
2026-04-01T18:28:32.550524Z,"{'#attributes': {'Qualifiers': 16384}, '#text': 1394}",DC01.garfield.htb,Microsoft-Windows-ActiveDirectory_DomainService,Directory Service,745,4,,,,,,,,,,,,
2026-04-01T18:43:02.844698Z,"{'#attributes': {'Qualifiers': 0}, '#text': 102}",DC01.garfield.htb,NTDS ISAM,Directory Service,746,4,,,NTDS,"708,P,98",NTDSA: ,0,10,00,17763,0000,,
2026-04-01T18:43:02.844698Z,"{'#attributes': {'Qualifiers': 0}, '#text': 105}",DC01.garfield.htb,NTDS ISAM,Directory Service,747,4,,,NTDS,"708,D,0",NTDSA: ,0,0,"
[1] 0.003198 +J(0) +M(C:0K, Fs:91, WS:348K # 0K, PF:2432K # 0K, P:2432K)
[2] 0.001539 +J(0) +M(C:16K, Fs:122, WS:476K # 264K, PF:1132K # 632K, P:1132K)
[3] 0.000033 +J(0) +M(C:0K, Fs:5, WS:20K # 20K, PF:64K # 64K, P:64K)
[4] 0.019620 -0.001236 (1) WT +J(0) +M(C:0K, Fs:135, WS:460K # 460K, PF:5224K # 5224K, P:5224K)
[5] 0.000410 +J(0) +M(C:0K, Fs:1, WS:4K # 4K, PF:0K # 0K, P:0K)
[6] 0.010710 +J(0) +M(C:0K, Fs:21, WS:84K # 84K, PF:20K # 20K, P:20K)
[7] 0.172234 -0.154316 (41) WT +J(0) +M(C:0K, Fs:2576, WS:10284K # 10284K, PF:10260K # 10260K, P:10260K)
[8] -
[9] -
[10] -
[11] -
[12] -
[13] 0.077258 -0.059262 (42) WT +J(CM:0, PgRf:0, Rd:0/0, Dy:0/0, Lg:616/1) +M(C:0K, Fs:20, WS:-10168K # 68K, PF:-10188K # 80K, P:-10188K)
[14] 0.000030 +J(0) +M(C:0K, Fs:1, WS:4K # 0K, PF:0K # 0K, P:0K)
[15] 0.000355 +J(0) +M(C:0K, Fs:206, WS:820K # 0K, PF:68K # 0K, P:68K)
[16] 0.001019 -0.000666 (1) WT +J(0) +M(C:0K, Fs:2, WS:0K # 0K, PF:0K # 0K, P:0K).",,,,
2026-04-01T18:43:02.844698Z,"{'#attributes': {'Qualifiers': 0}, '#text': 326}",DC01.garfield.htb,NTDS ISAM,Directory Service,748,4,,,NTDS,"708,D,50",NTDSA: ,1,C:\Windows\NTDS\ntds.dit,0,"
[1] 0.000008 +J(0) +M(C:0K, Fs:1, WS:4K # 0K, PF:0K # 0K, P:0K)
[2] 0.001129 -0.000710 (1) WT +J(0) +M(C:0K, Fs:19, WS:12K # 0K, PF:8K # 0K, P:8K)
[3] 0.007202 -0.002763 (6) WT +J(CM:0, PgRf:0, Rd:0/0, Dy:0/0, Lg:3480/2) +M(C:0K, Fs:18, WS:60K # 0K, PF:124K # 0K, P:124K)
[4] 0.000102 +J(0)
[5] -
[6] -
[7] -
[8] 0.003325 -0.001328 (2) CM -0.000702 (2) WT +J(CM:2, PgRf:2, Rd:4/2, Dy:0/0, Lg:0/0) +M(C:16K, Fs:50, WS:188K # 0K, PF:212K # 0K, P:212K)
[9] 0.009293 -0.008291 (6) CM -0.007932 (6) WT +J(CM:6, PgRf:24, Rd:0/5, Dy:0/0, Lg:0/0) +M(C:-8K, Fs:27, WS:72K # 0K, PF:192K # 0K, P:192K)
[10] 0.001645 -0.001389 (3) CM -0.001128 (3) WT +J(CM:3, PgRf:40, Rd:0/3, Dy:0/0, Lg:0/0) +M(C:-4K, Fs:3, WS:4K # 0K, PF:60K # 0K, P:60K)
[11] 0.000019 +J(CM:0, PgRf:1, Rd:0/0, Dy:0/0, Lg:0/0) +M(C:0K, Fs:2, WS:8K # 0K, PF:0K # 0K, P:0K)
[12] 0.000054 +J(CM:0, PgRf:42, Rd:0/0, Dy:0/0, Lg:0/0) +M(C:0K, Fs:1, WS:4K # 0K, PF:0K # 0K, P:0K)
[13] 0.0 +J(0)
[14] 0.0 +J(0)
[15] 0.000006 +J(CM:0, PgRf:1, Rd:0/0, Dy:0/0, Lg:0/0).",0 0,lgposAttach = 00000004:0485:0268,
2026-04-01T18:43:02.844698Z,"{'#attributes': {'Qualifiers': 0}, '#text': 700}",DC01.garfield.htb,NTDS ISAM,Directory Service,749,4,,,NTDS,"708,D,0",NTDSA: ,C:\Windows\NTDS\ntds.dit,,,,,,
2026-04-01T18:43:02.844698Z,"{'#attributes': {'Qualifiers': 16384}, '#text': 1869}",DC01.garfield.htb,Microsoft-Windows-ActiveDirectory_DomainService,Directory Service,750,4,,,\\DC01.garfield.htb,Default-First-Site-Name,,,,,,,,
2026-04-01T18:43:03.643867Z,"{'#attributes': {'Qualifiers': 0}, '#text': 701}",DC01.garfield.htb,NTDS ISAM,Directory Service,751,4,,,NTDS,"708,D,0",NTDSA: ,C:\Windows\NTDS\ntds.dit,1,4/1/2026,0,1,1,16
2026-04-01T19:28:02.594318Z,"{'#attributes': {'Qualifiers': 32768}, '#text': 2089}",DC01.garfield.htb,Microsoft-Windows-ActiveDirectory_DomainService,Directory Service,752,3,,,"DC=garfield,DC=htb",182,System\CurrentControlSet\Services\NTDS\Parameters,Backup Latency Threshold (days),,,,,,
2026-04-01T19:28:02.594318Z,"{'#attributes': {'Qualifiers': 32768}, '#text': 2089}",DC01.garfield.htb,Microsoft-Windows-ActiveDirectory_DomainService,Directory Service,753,3,,,"CN=Configuration,DC=garfield,DC=htb",182,System\CurrentControlSet\Services\NTDS\Parameters,Backup Latency Threshold (days),,,,,,
2026-04-01T19:28:02.594318Z,"{'#attributes': {'Qualifiers': 32768}, '#text': 2089}",DC01.garfield.htb,Microsoft-Windows-ActiveDirectory_DomainService,Directory Service,754,3,,,"CN=Schema,CN=Configuration,DC=garfield,DC=htb",182,System\CurrentControlSet\Services\NTDS\Parameters,Backup Latency Threshold (days),,,,,,
2026-04-01T19:28:02.594318Z,"{'#attributes': {'Qualifiers': 32768}, '#text': 2089}",DC01.garfield.htb,Microsoft-Windows-ActiveDirectory_DomainService,Directory Service,755,3,,,"DC=DomainDnsZones,DC=garfield,DC=htb",182,System\CurrentControlSet\Services\NTDS\Parameters,Backup Latency Threshold (days),,,,,,
2026-04-01T19:28:02.594318Z,"{'#attributes': {'Qualifiers': 32768}, '#text': 2089}",DC01.garfield.htb,Microsoft-Windows-ActiveDirectory_DomainService,Directory Service,756,3,,,"DC=ForestDnsZones,DC=garfield,DC=htb",182,System\CurrentControlSet\Services\NTDS\Parameters,Backup Latency Threshold (days),,,,,,
2026-04-01T21:48:06.757426Z,"{'#attributes': {'Qualifiers': 16384}, '#text': 2179}",DC01.garfield.htb,Microsoft-Windows-ActiveDirectory_DomainService,Directory Service,757,4,,10262117003773816868,,,,,,,,,,
2026-04-01T21:48:07.163659Z,"{'#attributes': {'Qualifiers': 16384}, '#text': 1004}",DC01.garfield.htb,Microsoft-Windows-ActiveDirectory_DomainService,Directory Service,758,4,,,,,,,,,,,,
2026-04-01T22:19:35.354606Z,"{'#attributes': {'Qualifiers': 32768}, '#text': 3051}",DC01.garfield.htb,Microsoft-Windows-ActiveDirectory_DomainService,Directory Service,759,3,,,,,,,,,,,,
2026-04-01T22:19:35.354606Z,"{'#attributes': {'Qualifiers': 32768}, '#text': 3054}",DC01.garfield.htb,Microsoft-Windows-ActiveDirectory_DomainService,Directory Service,760,3,,,,,,,,,,,,
2026-04-01T22:19:35.529263Z,"{'#attributes': {'Qualifiers': 16384}, '#text': 2119}",DC01.garfield.htb,Microsoft-Windows-ActiveDirectory_DomainService,Directory Service,761,4,,,,,,,,,,,,
2026-04-01T22:19:35.529263Z,"{'#attributes': {'Qualifiers': 16384}, '#text': 2404}",DC01.garfield.htb,Microsoft-Windows-ActiveDirectory_DomainService,Directory Service,762,4,,Recycle Bin Feature,,,,,,,,,,
2026-04-01T22:19:35.529263Z,"{'#attributes': {'Qualifiers': 16384}, '#text': 2406}",DC01.garfield.htb,Microsoft-Windows-ActiveDirectory_DomainService,Directory Service,763,4,,Privileged Access Management Feature,,,,,,,,,,
2026-04-01T22:19:35.529263Z,"{'#attributes': {'Qualifiers': 16384}, '#text': 2168}",DC01.garfield.htb,Microsoft-Windows-ActiveDirectory_DomainService,Directory Service,764,4,,10262117003773816868,,,,,,,,,,
2026-04-01T22:19:35.529263Z,"{'#attributes': {'Qualifiers': 16384}, '#text': 2172}",DC01.garfield.htb,Microsoft-Windows-ActiveDirectory_DomainService,Directory Service,765,4,,10262117003773816868,,,,,,,,,,
2026-04-01T22:19:35.544878Z,"{'#attributes': {'Qualifiers': 16384}, '#text': 2405}",DC01.garfield.htb,Microsoft-Windows-ActiveDirectory_DomainService,Directory Service,766,4,,Privileged Access Management Feature,,,,,,,,,,
2026-04-01T22:19:45.550152Z,"{'#attributes': {'Qualifiers': 32768}, '#text': 2886}",DC01.garfield.htb,Microsoft-Windows-ActiveDirectory_DomainService,Directory Service,767,3,,,,,,,,,,,,
2026-04-01T22:19:45.550152Z,"{'#attributes': {'Qualifiers': 32768}, '#text': 3041}",DC01.garfield.htb,Microsoft-Windows-ActiveDirectory_DomainService,Directory Service,768,3,,,,,,,,,,,,
2026-04-01T22:19:45.550152Z,"{'#attributes': {'Qualifiers': 16384}, '#text': 1000}",DC01.garfield.htb,Microsoft-Windows-ActiveDirectory_DomainService,Directory Service,769,4,,,,,,,,,,,,
2026-04-01T22:19:57.200494Z,"{'#attributes': {'Qualifiers': 49152}, '#text': 2087}",DC01.garfield.htb,Microsoft-Windows-ActiveDirectory_DomainService,Directory Service,770,2,,,RODC01,0cffd740-bba9-471b-aec4-1c9d0ddd7101._msdcs.garfield.htb,11001,No such host is known.,System\CurrentControlSet\Services\NTDS\Diagnostics,22 DS RPC Client,,,,
2026-04-01T22:20:15.579938Z,"{'#attributes': {'Qualifiers': 16384}, '#text': 1394}",DC01.garfield.htb,Microsoft-Windows-ActiveDirectory_DomainService,Directory Service,771,4,,,,,,,,,,,,
2026-04-01T22:34:45.855187Z,"{'#attributes': {'Qualifiers': 0}, '#text': 102}",DC01.garfield.htb,NTDS ISAM,Directory Service,772,4,,,NTDS,"704,P,98",NTDSA: ,0,10,00,17763,0000,,
2026-04-01T22:34:45.855187Z,"{'#attributes': {'Qualifiers': 0}, '#text': 105}",DC01.garfield.htb,NTDS ISAM,Directory Service,773,4,,,NTDS,"704,D,0",NTDSA: ,0,0,"
[1] 0.000682 +J(0) +M(C:0K, Fs:76, WS:296K # 0K, PF:2296K # 0K, P:2296K)
[2] 0.000830 +J(0) +M(C:16K, Fs:121, WS:476K # 272K, PF:1152K # 648K, P:1152K)
[3] 0.000039 +J(0) +M(C:0K, Fs:5, WS:20K # 20K, PF:64K # 64K, P:64K)
[4] 0.011242 -0.000711 (1) WT +J(0) +M(C:0K, Fs:135, WS:456K # 456K, PF:5232K # 5232K, P:5232K)
[5] 0.000324 +J(0) +M(C:0K, Fs:5, WS:20K # 20K, PF:0K # 0K, P:0K)
[6] 0.004734 +J(0) +M(C:0K, Fs:19, WS:76K # 76K, PF:12K # 12K, P:12K)
[7] 0.116437 -0.106574 (41) WT +J(0) +M(C:0K, Fs:2576, WS:10284K # 10284K, PF:10260K # 10260K, P:10260K)
[8] -
[9] -
[10] -
[11] -
[12] -
[13] 0.062981 -0.054998 (42) WT +J(CM:0, PgRf:0, Rd:0/0, Dy:0/0, Lg:616/1) +M(C:0K, Fs:19, WS:-10172K # 64K, PF:-10188K # 80K, P:-10188K)
[14] 0.000021 +J(0) +M(C:0K, Fs:1, WS:4K # 0K, PF:0K # 0K, P:0K)
[15] 0.000250 +J(0) +M(C:0K, Fs:206, WS:820K # 0K, PF:68K # 0K, P:68K)
[16] 0.000553 -0.000363 (1) WT +J(0) +M(C:0K, Fs:2, WS:0K # 0K, PF:0K # 0K, P:0K).",,,,
2026-04-01T22:34:45.855187Z,"{'#attributes': {'Qualifiers': 0}, '#text': 326}",DC01.garfield.htb,NTDS ISAM,Directory Service,774,4,,,NTDS,"704,D,50",NTDSA: ,1,C:\Windows\NTDS\ntds.dit,0,"
[1] 0.000006 +J(0) +M(C:0K, Fs:1, WS:4K # 0K, PF:0K # 0K, P:0K)
[2] 0.000822 -0.000613 (1) WT +J(0) +M(C:0K, Fs:19, WS:12K # 0K, PF:8K # 0K, P:8K)
[3] 0.005714 -0.002752 (6) WT +J(CM:0, PgRf:0, Rd:0/0, Dy:0/0, Lg:3480/2) +M(C:0K, Fs:17, WS:56K # 0K, PF:108K # 0K, P:108K)
[4] 0.000095 +J(0)
[5] -
[6] -
[7] -
[8] 0.002642 -0.001137 (2) CM -0.000605 (2) WT +J(CM:2, PgRf:2, Rd:4/2, Dy:0/0, Lg:0/0) +M(C:16K, Fs:49, WS:188K # 0K, PF:208K # 0K, P:208K)
[9] 0.005630 -0.004966 (6) CM -0.004669 (6) WT +J(CM:6, PgRf:24, Rd:0/5, Dy:0/0, Lg:0/0) +M(C:-8K, Fs:27, WS:72K # 0K, PF:192K # 0K, P:192K)
[10] 0.001268 -0.001103 (3) CM -0.000888 (3) WT +J(CM:3, PgRf:40, Rd:0/3, Dy:0/0, Lg:0/0) +M(C:-4K, Fs:3, WS:4K # 0K, PF:60K # 0K, P:60K)
[11] 0.000015 +J(CM:0, PgRf:1, Rd:0/0, Dy:0/0, Lg:0/0) +M(C:0K, Fs:2, WS:8K # 0K, PF:0K # 0K, P:0K)
[12] 0.000044 +J(CM:0, PgRf:42, Rd:0/0, Dy:0/0, Lg:0/0) +M(C:0K, Fs:1, WS:4K # 0K, PF:0K # 0K, P:0K)
[13] 0.0 +J(0)
[14] 0.0 +J(0)
[15] 0.000005 +J(CM:0, PgRf:1, Rd:0/0, Dy:0/0, Lg:0/0).",0 0,lgposAttach = 00000004:05DB:0268,
2026-04-01T22:34:45.855187Z,"{'#attributes': {'Qualifiers': 0}, '#text': 700}",DC01.garfield.htb,NTDS ISAM,Directory Service,775,4,,,NTDS,"704,D,0",NTDSA: ,C:\Windows\NTDS\ntds.dit,,,,,,
2026-04-01T22:34:45.855187Z,"{'#attributes': {'Qualifiers': 16384}, '#text': 1869}",DC01.garfield.htb,Microsoft-Windows-ActiveDirectory_DomainService,Directory Service,776,4,,,\\DC01.garfield.htb,Default-First-Site-Name,,,,,,,,
2026-04-01T22:34:46.683631Z,"{'#attributes': {'Qualifiers': 0}, '#text': 701}",DC01.garfield.htb,NTDS ISAM,Directory Service,777,4,,,NTDS,"704,D,0",NTDSA: ,C:\Windows\NTDS\ntds.dit,0,4/1/2026,0,1,1,17
2026-04-01T22:56:23.441540Z,"{'#attributes': {'Qualifiers': 16384}, '#text': 2179}",DC01.garfield.htb,Microsoft-Windows-ActiveDirectory_DomainService,Directory Service,778,4,,10262117003773816868,,,,,,,,,,
2026-04-01T22:56:23.863418Z,"{'#attributes': {'Qualifiers': 16384}, '#text': 1004}",DC01.garfield.htb,Microsoft-Windows-ActiveDirectory_DomainService,Directory Service,779,4,,,,,,,,,,,,
2026-04-01T22:57:57.558913Z,"{'#attributes': {'Qualifiers': 32768}, '#text': 3051}",DC01.garfield.htb,Microsoft-Windows-ActiveDirectory_DomainService,Directory Service,780,3,,,,,,,,,,,,
2026-04-01T22:57:57.558913Z,"{'#attributes': {'Qualifiers': 32768}, '#text': 3054}",DC01.garfield.htb,Microsoft-Windows-ActiveDirectory_DomainService,Directory Service,781,3,,,,,,,,,,,,
2026-04-01T22:57:57.732830Z,"{'#attributes': {'Qualifiers': 16384}, '#text': 2119}",DC01.garfield.htb,Microsoft-Windows-ActiveDirectory_DomainService,Directory Service,782,4,,,,,,,,,,,,
2026-04-01T22:57:57.732830Z,"{'#attributes': {'Qualifiers': 16384}, '#text': 2404}",DC01.garfield.htb,Microsoft-Windows-ActiveDirectory_DomainService,Directory Service,783,4,,Recycle Bin Feature,,,,,,,,,,
2026-04-01T22:57:57.732830Z,"{'#attributes': {'Qualifiers': 16384}, '#text': 2406}",DC01.garfield.htb,Microsoft-Windows-ActiveDirectory_DomainService,Directory Service,784,4,,Privileged Access Management Feature,,,,,,,,,,
2026-04-01T22:57:57.732830Z,"{'#attributes': {'Qualifiers': 16384}, '#text': 2168}",DC01.garfield.htb,Microsoft-Windows-ActiveDirectory_DomainService,Directory Service,785,4,,10262117003773816868,,,,,,,,,,
2026-04-01T22:57:57.732830Z,"{'#attributes': {'Qualifiers': 16384}, '#text': 2172}",DC01.garfield.htb,Microsoft-Windows-ActiveDirectory_DomainService,Directory Service,786,4,,10262117003773816868,,,,,,,,,,
2026-04-01T22:57:57.748457Z,"{'#attributes': {'Qualifiers': 16384}, '#text': 2405}",DC01.garfield.htb,Microsoft-Windows-ActiveDirectory_DomainService,Directory Service,787,4,,Privileged Access Management Feature,,,,,,,,,,
2026-04-01T22:58:07.761914Z,"{'#attributes': {'Qualifiers': 32768}, '#text': 2886}",DC01.garfield.htb,Microsoft-Windows-ActiveDirectory_DomainService,Directory Service,788,3,,,,,,,,,,,,
2026-04-01T22:58:07.761914Z,"{'#attributes': {'Qualifiers': 32768}, '#text': 3041}",DC01.garfield.htb,Microsoft-Windows-ActiveDirectory_DomainService,Directory Service,789,3,,,,,,,,,,,,
2026-04-01T22:58:07.761914Z,"{'#attributes': {'Qualifiers': 16384}, '#text': 1000}",DC01.garfield.htb,Microsoft-Windows-ActiveDirectory_DomainService,Directory Service,790,4,,,,,,,,,,,,
2026-04-01T22:58:19.453718Z,"{'#attributes': {'Qualifiers': 49152}, '#text': 2087}",DC01.garfield.htb,Microsoft-Windows-ActiveDirectory_DomainService,Directory Service,791,2,,,RODC01,0cffd740-bba9-471b-aec4-1c9d0ddd7101._msdcs.garfield.htb,11001,No such host is known.,System\CurrentControlSet\Services\NTDS\Diagnostics,22 DS RPC Client,,,,
2026-04-01T22:58:37.781882Z,"{'#attributes': {'Qualifiers': 16384}, '#text': 1394}",DC01.garfield.htb,Microsoft-Windows-ActiveDirectory_DomainService,Directory Service,792,4,,,,,,,,,,,,
2026-04-01T23:09:06.720358Z,"{'#attributes': {'Qualifiers': 16384}, '#text': 2179}",DC01.garfield.htb,Microsoft-Windows-ActiveDirectory_DomainService,Directory Service,793,4,,10262117003773816868,,,,,,,,,,
2026-04-01T23:09:07.439105Z,"{'#attributes': {'Qualifiers': 16384}, '#text': 1004}",DC01.garfield.htb,Microsoft-Windows-ActiveDirectory_DomainService,Directory Service,794,4,,,,,,,,,,,,
2026-04-01T23:24:11.776362Z,"{'#attributes': {'Qualifiers': 32768}, '#text': 3051}",DC01.garfield.htb,Microsoft-Windows-ActiveDirectory_DomainService,Directory Service,795,3,,,,,,,,,,,,
2026-04-01T23:24:11.776860Z,"{'#attributes': {'Qualifiers': 32768}, '#text': 3054}",DC01.garfield.htb,Microsoft-Windows-ActiveDirectory_DomainService,Directory Service,796,3,,,,,,,,,,,,
2026-04-01T23:24:12.980852Z,"{'#attributes': {'Qualifiers': 16384}, '#text': 2119}",DC01.garfield.htb,Microsoft-Windows-ActiveDirectory_DomainService,Directory Service,797,4,,,,,,,,,,,,
2026-04-01T23:24:12.980852Z,"{'#attributes': {'Qualifiers': 16384}, '#text': 2404}",DC01.garfield.htb,Microsoft-Windows-ActiveDirectory_DomainService,Directory Service,798,4,,Recycle Bin Feature,,,,,,,,,,
2026-04-01T23:24:12.980852Z,"{'#attributes': {'Qualifiers': 16384}, '#text': 2406}",DC01.garfield.htb,Microsoft-Windows-ActiveDirectory_DomainService,Directory Service,799,4,,Privileged Access Management Feature,,,,,,,,,,
2026-04-01T23:24:12.982867Z,"{'#attributes': {'Qualifiers': 16384}, '#text': 2168}",DC01.garfield.htb,Microsoft-Windows-ActiveDirectory_DomainService,Directory Service,800,4,,2247417078710889701,,,,,,,,,,
2026-04-01T23:24:12.983858Z,"{'#attributes': {'Qualifiers': 16384}, '#text': 2172}",DC01.garfield.htb,Microsoft-Windows-ActiveDirectory_DomainService,Directory Service,801,4,,10262117003773816868,,,,,,,,,,
2026-04-01T23:24:12.984364Z,"{'#attributes': {'Qualifiers': 32768}, '#text': 2170}",DC01.garfield.htb,Microsoft-Windows-ActiveDirectory_DomainService,Directory Service,802,3,,,10262117003773816868,2247417078710889701,,,,,,,,
2026-04-01T23:24:13.034366Z,"{'#attributes': {'Qualifiers': 16384}, '#text': 1109}",DC01.garfield.htb,Microsoft-Windows-ActiveDirectory_DomainService,Directory Service,803,4,,,19bacae1-5e99-4eab-bb44-a9d51abd9dc1,7ffc5381-f7f0-4b9e-bd9e-7c30f0503fad,147490,,,,,,,
2026-04-01T23:24:13.125767Z,"{'#attributes': {'Qualifiers': 16384}, '#text': 2208}",DC01.garfield.htb,Microsoft-Windows-ActiveDirectory_DomainService,Directory Service,804,4,,,,,,,,,,,,
2026-04-01T23:24:13.128257Z,"{'#attributes': {'Qualifiers': 16384}, '#text': 2179}",DC01.garfield.htb,Microsoft-Windows-ActiveDirectory_DomainService,Directory Service,805,4,,2247417078710889701,,,,,,,,,,
2026-04-01T23:24:13.174123Z,"{'#attributes': {'Qualifiers': 16384}, '#text': 2405}",DC01.garfield.htb,Microsoft-Windows-ActiveDirectory_DomainService,Directory Service,806,4,,Privileged Access Management Feature,,,,,,,,,,
2026-04-01T23:24:23.277922Z,"{'#attributes': {'Qualifiers': 32768}, '#text': 2886}",DC01.garfield.htb,Microsoft-Windows-ActiveDirectory_DomainService,Directory Service,807,3,,,,,,,,,,,,
2026-04-01T23:24:23.277922Z,"{'#attributes': {'Qualifiers': 32768}, '#text': 3041}",DC01.garfield.htb,Microsoft-Windows-ActiveDirectory_DomainService,Directory Service,808,3,,,,,,,,,,,,
2026-04-01T23:24:23.279430Z,"{'#attributes': {'Qualifiers': 16384}, '#text': 1000}",DC01.garfield.htb,Microsoft-Windows-ActiveDirectory_DomainService,Directory Service,809,4,,,,,,,,,,,,
2026-04-01T23:24:52.381294Z,"{'#attributes': {'Qualifiers': 49152}, '#text': 2087}",DC01.garfield.htb,Microsoft-Windows-ActiveDirectory_DomainService,Directory Service,810,2,,,RODC01,0cffd740-bba9-471b-aec4-1c9d0ddd7101._msdcs.garfield.htb,11001,No such host is known.,System\CurrentControlSet\Services\NTDS\Diagnostics,22 DS RPC Client,,,,
2026-04-01T23:24:53.299242Z,"{'#attributes': {'Qualifiers': 16384}, '#text': 1394}",DC01.garfield.htb,Microsoft-Windows-ActiveDirectory_DomainService,Directory Service,811,4,,,,,,,,,,,,
2026-04-01T23:26:24.766146Z,"{'#attributes': {'Qualifiers': 16384}, '#text': 1587}",DC01.garfield.htb,Microsoft-Windows-ActiveDirectory_DomainService,Directory Service,812,4,,,0cffd740-bba9-471b-aec4-1c9d0ddd7101 (RODC01.garfield.htb),147490,19bacae1-5e99-4eab-bb44-a9d51abd9dc1,143448,143448,7ffc5381-f7f0-4b9e-bd9e-7c30f0503fad,143448,143448,,
2026-04-01T23:26:24.858146Z,"{'#attributes': {'Qualifiers': 16384}, '#text': 1587}",DC01.garfield.htb,Microsoft-Windows-ActiveDirectory_DomainService,Directory Service,813,4,,,0cffd740-bba9-471b-aec4-1c9d0ddd7101 (RODC01.garfield.htb),147490,19bacae1-5e99-4eab-bb44-a9d51abd9dc1,139425,139425,7ffc5381-f7f0-4b9e-bd9e-7c30f0503fad,139425,139425,,
2026-04-01T23:26:24.900150Z,"{'#attributes': {'Qualifiers': 16384}, '#text': 2041}",DC01.garfield.htb,Microsoft-Windows-ActiveDirectory_DomainService,Directory Service,814,4,,,40000633,1,,,,,,,,
2026-04-01T23:26:24.900150Z,"{'#attributes': {'Qualifiers': 16384}, '#text': 1587}",DC01.garfield.htb,Microsoft-Windows-ActiveDirectory_DomainService,Directory Service,815,4,,,0cffd740-bba9-471b-aec4-1c9d0ddd7101 (RODC01.garfield.htb),147490,19bacae1-5e99-4eab-bb44-a9d51abd9dc1,143434,143434,7ffc5381-f7f0-4b9e-bd9e-7c30f0503fad,143434,143434,,
2026-04-01T23:26:24.911650Z,"{'#attributes': {'Qualifiers': 16384}, '#text': 1587}",DC01.garfield.htb,Microsoft-Windows-ActiveDirectory_DomainService,Directory Service,816,4,,,0cffd740-bba9-471b-aec4-1c9d0ddd7101 (RODC01.garfield.htb),147490,19bacae1-5e99-4eab-bb44-a9d51abd9dc1,139425,139425,7ffc5381-f7f0-4b9e-bd9e-7c30f0503fad,139425,139425,,
2026-04-01T23:36:29.209247Z,"{'#attributes': {'Qualifiers': 16384}, '#text': 2179}",DC01.garfield.htb,Microsoft-Windows-ActiveDirectory_DomainService,Directory Service,817,4,,2247417078710889701,,,,,,,,,,
2026-04-01T23:36:31.202248Z,"{'#attributes': {'Qualifiers': 16384}, '#text': 1004}",DC01.garfield.htb,Microsoft-Windows-ActiveDirectory_DomainService,Directory Service,818,4,,,,,,,,,,,,
2026-04-02T00:10:57.523224Z,"{'#attributes': {'Qualifiers': 32768}, '#text': 3051}",DC01.garfield.htb,Microsoft-Windows-ActiveDirectory_DomainService,Directory Service,819,3,,,,,,,,,,,,
2026-04-02T00:10:57.523224Z,"{'#attributes': {'Qualifiers': 32768}, '#text': 3054}",DC01.garfield.htb,Microsoft-Windows-ActiveDirectory_DomainService,Directory Service,820,3,,,,,,,,,,,,
2026-04-02T00:10:57.710720Z,"{'#attributes': {'Qualifiers': 16384}, '#text': 2119}",DC01.garfield.htb,Microsoft-Windows-ActiveDirectory_DomainService,Directory Service,821,4,,,,,,,,,,,,
2026-04-02T00:10:57.710720Z,"{'#attributes': {'Qualifiers': 16384}, '#text': 2404}",DC01.garfield.htb,Microsoft-Windows-ActiveDirectory_DomainService,Directory Service,822,4,,Recycle Bin Feature,,,,,,,,,,
2026-04-02T00:10:57.710720Z,"{'#attributes': {'Qualifiers': 16384}, '#text': 2406}",DC01.garfield.htb,Microsoft-Windows-ActiveDirectory_DomainService,Directory Service,823,4,,Privileged Access Management Feature,,,,,,,,,,
2026-04-02T00:10:57.710720Z,"{'#attributes': {'Qualifiers': 16384}, '#text': 2168}",DC01.garfield.htb,Microsoft-Windows-ActiveDirectory_DomainService,Directory Service,824,4,,14978008297317034866,,,,,,,,,,
2026-04-02T00:10:57.710720Z,"{'#attributes': {'Qualifiers': 16384}, '#text': 2172}",DC01.garfield.htb,Microsoft-Windows-ActiveDirectory_DomainService,Directory Service,825,4,,2247417078710889701,,,,,,,,,,
2026-04-02T00:10:57.710720Z,"{'#attributes': {'Qualifiers': 32768}, '#text': 2170}",DC01.garfield.htb,Microsoft-Windows-ActiveDirectory_DomainService,Directory Service,826,3,,,2247417078710889701,14978008297317034866,,,,,,,,
2026-04-02T00:10:57.710720Z,"{'#attributes': {'Qualifiers': 16384}, '#text': 1109}",DC01.garfield.htb,Microsoft-Windows-ActiveDirectory_DomainService,Directory Service,827,4,,,7ffc5381-f7f0-4b9e-bd9e-7c30f0503fad,ab74f128-40eb-445b-88d6-6272dbf9ed94,151587,,,,,,,
2026-04-02T00:10:57.726352Z,"{'#attributes': {'Qualifiers': 16384}, '#text': 2179}",DC01.garfield.htb,Microsoft-Windows-ActiveDirectory_DomainService,Directory Service,828,4,,14978008297317034866,,,,,,,,,,
2026-04-02T00:10:57.726352Z,"{'#attributes': {'Qualifiers': 16384}, '#text': 2208}",DC01.garfield.htb,Microsoft-Windows-ActiveDirectory_DomainService,Directory Service,829,4,,,,,,,,,,,,
2026-04-02T00:10:57.741974Z,"{'#attributes': {'Qualifiers': 16384}, '#text': 2405}",DC01.garfield.htb,Microsoft-Windows-ActiveDirectory_DomainService,Directory Service,830,4,,Privileged Access Management Feature,,,,,,,,,,
2026-04-02T00:11:07.745305Z,"{'#attributes': {'Qualifiers': 32768}, '#text': 2886}",DC01.garfield.htb,Microsoft-Windows-ActiveDirectory_DomainService,Directory Service,831,3,,,,,,,,,,,,
2026-04-02T00:11:07.745305Z,"{'#attributes': {'Qualifiers': 32768}, '#text': 3041}",DC01.garfield.htb,Microsoft-Windows-ActiveDirectory_DomainService,Directory Service,832,3,,,,,,,,,,,,
2026-04-02T00:11:07.745305Z,"{'#attributes': {'Qualifiers': 16384}, '#text': 1000}",DC01.garfield.htb,Microsoft-Windows-ActiveDirectory_DomainService,Directory Service,833,4,,,,,,,,,,,,
2026-04-02T00:11:37.738037Z,"{'#attributes': {'Qualifiers': 16384}, '#text': 1394}",DC01.garfield.htb,Microsoft-Windows-ActiveDirectory_DomainService,Directory Service,834,4,,,,,,,,,,,,
2026-04-02T00:12:55.027781Z,"{'#attributes': {'Qualifiers': 16384}, '#text': 1587}",DC01.garfield.htb,Microsoft-Windows-ActiveDirectory_DomainService,Directory Service,835,4,,,0cffd740-bba9-471b-aec4-1c9d0ddd7101 (RODC01.garfield.htb),151587,7ffc5381-f7f0-4b9e-bd9e-7c30f0503fad,147559,147559,ab74f128-40eb-445b-88d6-6272dbf9ed94,147559,147559,,
2026-04-02T00:12:55.074657Z,"{'#attributes': {'Qualifiers': 16384}, '#text': 1587}",DC01.garfield.htb,Microsoft-Windows-ActiveDirectory_DomainService,Directory Service,836,4,,,0cffd740-bba9-471b-aec4-1c9d0ddd7101 (RODC01.garfield.htb),151587,7ffc5381-f7f0-4b9e-bd9e-7c30f0503fad,147493,147493,ab74f128-40eb-445b-88d6-6272dbf9ed94,147493,147493,,
2026-04-02T00:12:55.090310Z,"{'#attributes': {'Qualifiers': 16384}, '#text': 1587}",DC01.garfield.htb,Microsoft-Windows-ActiveDirectory_DomainService,Directory Service,837,4,,,0cffd740-bba9-471b-aec4-1c9d0ddd7101 (RODC01.garfield.htb),151587,7ffc5381-f7f0-4b9e-bd9e-7c30f0503fad,139425,139425,ab74f128-40eb-445b-88d6-6272dbf9ed94,139425,139425,,
2026-04-02T00:12:55.105927Z,"{'#attributes': {'Qualifiers': 16384}, '#text': 1587}",DC01.garfield.htb,Microsoft-Windows-ActiveDirectory_DomainService,Directory Service,838,4,,,0cffd740-bba9-471b-aec4-1c9d0ddd7101 (RODC01.garfield.htb),151587,7ffc5381-f7f0-4b9e-bd9e-7c30f0503fad,147546,147546,ab74f128-40eb-445b-88d6-6272dbf9ed94,147546,147546,,
2026-04-02T00:12:55.137153Z,"{'#attributes': {'Qualifiers': 16384}, '#text': 1587}",DC01.garfield.htb,Microsoft-Windows-ActiveDirectory_DomainService,Directory Service,839,4,,,0cffd740-bba9-471b-aec4-1c9d0ddd7101 (RODC01.garfield.htb),151587,7ffc5381-f7f0-4b9e-bd9e-7c30f0503fad,139425,139425,ab74f128-40eb-445b-88d6-6272dbf9ed94,139425,139425,,
2026-04-02T00:13:14.018287Z,"{'#attributes': {'Qualifiers': 16384}, '#text': 2179}",DC01.garfield.htb,Microsoft-Windows-ActiveDirectory_DomainService,Directory Service,840,4,,14978008297317034866,,,,,,,,,,
2026-04-02T00:13:15.742146Z,"{'#attributes': {'Qualifiers': 16384}, '#text': 1004}",DC01.garfield.htb,Microsoft-Windows-ActiveDirectory_DomainService,Directory Service,841,4,,,,,,,,,,,,
2026-04-07T00:23:07.593256Z,"{'#attributes': {'Qualifiers': 32768}, '#text': 3051}",DC01.garfield.htb,Microsoft-Windows-ActiveDirectory_DomainService,Directory Service,842,3,,,,,,,,,,,,
2026-04-07T00:23:07.593256Z,"{'#attributes': {'Qualifiers': 32768}, '#text': 3054}",DC01.garfield.htb,Microsoft-Windows-ActiveDirectory_DomainService,Directory Service,843,3,,,,,,,,,,,,
2026-04-07T00:23:07.737773Z,"{'#attributes': {'Qualifiers': 16384}, '#text': 2119}",DC01.garfield.htb,Microsoft-Windows-ActiveDirectory_DomainService,Directory Service,844,4,,,,,,,,,,,,
2026-04-07T00:23:07.737773Z,"{'#attributes': {'Qualifiers': 16384}, '#text': 2404}",DC01.garfield.htb,Microsoft-Windows-ActiveDirectory_DomainService,Directory Service,845,4,,Recycle Bin Feature,,,,,,,,,,
2026-04-07T00:23:07.737773Z,"{'#attributes': {'Qualifiers': 16384}, '#text': 2406}",DC01.garfield.htb,Microsoft-Windows-ActiveDirectory_DomainService,Directory Service,846,4,,Privileged Access Management Feature,,,,,,,,,,
2026-04-07T00:23:07.737773Z,"{'#attributes': {'Qualifiers': 16384}, '#text': 2168}",DC01.garfield.htb,Microsoft-Windows-ActiveDirectory_DomainService,Directory Service,847,4,,8780663118492640289,,,,,,,,,,
2026-04-07T00:23:07.737773Z,"{'#attributes': {'Qualifiers': 16384}, '#text': 2172}",DC01.garfield.htb,Microsoft-Windows-ActiveDirectory_DomainService,Directory Service,848,4,,14978008297317034866,,,,,,,,,,
2026-04-07T00:23:07.737773Z,"{'#attributes': {'Qualifiers': 32768}, '#text': 2170}",DC01.garfield.htb,Microsoft-Windows-ActiveDirectory_DomainService,Directory Service,849,3,,,14978008297317034866,8780663118492640289,,,,,,,,
2026-04-07T00:23:07.737773Z,"{'#attributes': {'Qualifiers': 16384}, '#text': 1109}",DC01.garfield.htb,Microsoft-Windows-ActiveDirectory_DomainService,Directory Service,850,4,,,ab74f128-40eb-445b-88d6-6272dbf9ed94,63c5efd3-cf11-4c1e-8b8c-601852e87514,155684,,,,,,,
2026-04-07T00:23:07.753406Z,"{'#attributes': {'Qualifiers': 16384}, '#text': 2179}",DC01.garfield.htb,Microsoft-Windows-ActiveDirectory_DomainService,Directory Service,851,4,,8780663118492640289,,,,,,,,,,
2026-04-07T00:23:07.753406Z,"{'#attributes': {'Qualifiers': 16384}, '#text': 2208}",DC01.garfield.htb,Microsoft-Windows-ActiveDirectory_DomainService,Directory Service,852,4,,,,,,,,,,,,
2026-04-07T00:23:07.753406Z,"{'#attributes': {'Qualifiers': 16384}, '#text': 2405}",DC01.garfield.htb,Microsoft-Windows-ActiveDirectory_DomainService,Directory Service,853,4,,Privileged Access Management Feature,,,,,,,,,,
2026-04-07T00:23:17.774811Z,"{'#attributes': {'Qualifiers': 32768}, '#text': 2886}",DC01.garfield.htb,Microsoft-Windows-ActiveDirectory_DomainService,Directory Service,854,3,,,,,,,,,,,,
2026-04-07T00:23:17.774811Z,"{'#attributes': {'Qualifiers': 32768}, '#text': 3041}",DC01.garfield.htb,Microsoft-Windows-ActiveDirectory_DomainService,Directory Service,855,3,,,,,,,,,,,,
2026-04-07T00:23:17.774811Z,"{'#attributes': {'Qualifiers': 16384}, '#text': 1000}",DC01.garfield.htb,Microsoft-Windows-ActiveDirectory_DomainService,Directory Service,856,4,,,,,,,,,,,,
2026-04-07T00:23:47.781533Z,"{'#attributes': {'Qualifiers': 16384}, '#text': 1394}",DC01.garfield.htb,Microsoft-Windows-ActiveDirectory_DomainService,Directory Service,857,4,,,,,,,,,,,,
2026-04-07T00:24:36.083034Z,"{'#attributes': {'Qualifiers': 16384}, '#text': 1587}",DC01.garfield.htb,Microsoft-Windows-ActiveDirectory_DomainService,Directory Service,858,4,,,0cffd740-bba9-471b-aec4-1c9d0ddd7101 (RODC01.garfield.htb),155684,ab74f128-40eb-445b-88d6-6272dbf9ed94,151631,151631,63c5efd3-cf11-4c1e-8b8c-601852e87514,151631,151631,,
2026-04-07T00:24:36.144934Z,"{'#attributes': {'Qualifiers': 16384}, '#text': 1587}",DC01.garfield.htb,Microsoft-Windows-ActiveDirectory_DomainService,Directory Service,859,4,,,0cffd740-bba9-471b-aec4-1c9d0ddd7101 (RODC01.garfield.htb),155684,ab74f128-40eb-445b-88d6-6272dbf9ed94,151590,151590,63c5efd3-cf11-4c1e-8b8c-601852e87514,151590,151590,,
2026-04-07T00:24:36.144934Z,"{'#attributes': {'Qualifiers': 16384}, '#text': 1587}",DC01.garfield.htb,Microsoft-Windows-ActiveDirectory_DomainService,Directory Service,860,4,,,0cffd740-bba9-471b-aec4-1c9d0ddd7101 (RODC01.garfield.htb),155684,ab74f128-40eb-445b-88d6-6272dbf9ed94,139425,139425,63c5efd3-cf11-4c1e-8b8c-601852e87514,139425,139425,,
2026-04-07T00:24:36.160253Z,"{'#attributes': {'Qualifiers': 16384}, '#text': 1587}",DC01.garfield.htb,Microsoft-Windows-ActiveDirectory_DomainService,Directory Service,861,4,,,0cffd740-bba9-471b-aec4-1c9d0ddd7101 (RODC01.garfield.htb),155684,ab74f128-40eb-445b-88d6-6272dbf9ed94,151631,151631,63c5efd3-cf11-4c1e-8b8c-601852e87514,151631,151631,,
2026-04-07T00:24:36.191521Z,"{'#attributes': {'Qualifiers': 16384}, '#text': 1587}",DC01.garfield.htb,Microsoft-Windows-ActiveDirectory_DomainService,Directory Service,862,4,,,0cffd740-bba9-471b-aec4-1c9d0ddd7101 (RODC01.garfield.htb),155684,ab74f128-40eb-445b-88d6-6272dbf9ed94,139425,139425,63c5efd3-cf11-4c1e-8b8c-601852e87514,139425,139425,,
2026-04-07T00:38:17.905084Z,"{'#attributes': {'Qualifiers': 0}, '#text': 102}",DC01.garfield.htb,NTDS ISAM,Directory Service,863,4,,,NTDS,"712,P,98",NTDSA: ,0,10,00,17763,0000,,
2026-04-07T00:38:17.905084Z,"{'#attributes': {'Qualifiers': 0}, '#text': 105}",DC01.garfield.htb,NTDS ISAM,Directory Service,864,4,,,NTDS,"712,D,0",NTDSA: ,0,0,"
[1] 0.000370 +J(0) +M(C:0K, Fs:83, WS:320K # 0K, PF:2300K # 0K, P:2300K)
[2] 0.000592 +J(0) +M(C:16K, Fs:121, WS:476K # 280K, PF:1152K # 648K, P:1152K)
[3] 0.000016 +J(0) +M(C:0K, Fs:5, WS:20K # 20K, PF:64K # 64K, P:64K)
[4] 0.007250 -0.000324 (1) WT +J(0) +M(C:0K, Fs:133, WS:452K # 452K, PF:5200K # 5200K, P:5200K)
[5] 0.000237 +J(0) +M(C:0K, Fs:1, WS:4K # 4K, PF:0K # 0K, P:0K)
[6] 0.001964 +J(0) +M(C:0K, Fs:21, WS:80K # 80K, PF:20K # 20K, P:20K)
[7] 0.028897 -0.022302 (41) WT +J(0) +M(C:0K, Fs:2576, WS:10284K # 10284K, PF:10260K # 10260K, P:10260K)
[8] -
[9] -
[10] -
[11] -
[12] -
[13] 0.032134 -0.025559 (42) WT +J(CM:0, PgRf:0, Rd:0/0, Dy:0/0, Lg:616/1) +M(C:0K, Fs:18, WS:-10176K # 60K, PF:-10188K # 80K, P:-10188K)
[14] 0.000015 +J(0) +M(C:0K, Fs:1, WS:4K # 0K, PF:0K # 0K, P:0K)
[15] 0.000192 +J(0) +M(C:0K, Fs:206, WS:820K # 0K, PF:68K # 0K, P:68K)
[16] 0.000391 -0.000164 (1) WT +J(0) +M(C:0K, Fs:2, WS:0K # 0K, PF:0K # 0K, P:0K).",,,,
2026-04-07T00:38:17.905084Z,"{'#attributes': {'Qualifiers': 0}, '#text': 326}",DC01.garfield.htb,NTDS ISAM,Directory Service,865,4,,,NTDS,"712,D,50",NTDSA: ,1,C:\Windows\NTDS\ntds.dit,0,"
[1] 0.000004 +J(0) +M(C:0K, Fs:1, WS:4K # 0K, PF:0K # 0K, P:0K)
[2] 0.000813 -0.000655 (1) WT +J(0) +M(C:0K, Fs:19, WS:12K # 0K, PF:8K # 0K, P:8K)
[3] 0.005694 -0.002087 (6) WT +J(CM:0, PgRf:0, Rd:0/0, Dy:0/0, Lg:3480/2) +M(C:0K, Fs:16, WS:56K # 0K, PF:104K # 0K, P:104K)
[4] 0.000065 +J(0)
[5] -
[6] -
[7] -
[8] 0.001879 -0.000658 (2) CM -0.000380 (2) WT +J(CM:2, PgRf:2, Rd:4/2, Dy:0/0, Lg:0/0) +M(C:16K, Fs:49, WS:188K # 0K, PF:208K # 0K, P:208K)
[9] 0.001866 -0.001428 (5) CM -0.001130 (5) WT +J(CM:5, PgRf:24, Rd:0/5, Dy:0/0, Lg:0/0) +M(C:-8K, Fs:25, WS:72K # 0K, PF:192K # 0K, P:192K)
[10] 0.000894 -0.000765 (3) CM -0.000603 (3) WT +J(CM:3, PgRf:40, Rd:0/3, Dy:0/0, Lg:0/0) +M(C:-4K, Fs:3, WS:4K # 0K, PF:60K # 0K, P:60K)
[11] 0.000011 +J(CM:0, PgRf:1, Rd:0/0, Dy:0/0, Lg:0/0) +M(C:0K, Fs:2, WS:8K # 0K, PF:0K # 0K, P:0K)
[12] 0.000035 +J(CM:0, PgRf:42, Rd:0/0, Dy:0/0, Lg:0/0) +M(C:0K, Fs:1, WS:4K # 0K, PF:0K # 0K, P:0K)
[13] 0.0 +J(0)
[14] 0.0 +J(0)
[15] 0.000004 +J(CM:0, PgRf:1, Rd:0/0, Dy:0/0, Lg:0/0).",0 0,lgposAttach = 00000004:06E1:0268,
2026-04-07T00:38:17.905084Z,"{'#attributes': {'Qualifiers': 0}, '#text': 700}",DC01.garfield.htb,NTDS ISAM,Directory Service,866,4,,,NTDS,"712,D,0",NTDSA: ,C:\Windows\NTDS\ntds.dit,,,,,,
2026-04-07T00:38:18.179222Z,"{'#attributes': {'Qualifiers': 0}, '#text': 701}",DC01.garfield.htb,NTDS ISAM,Directory Service,867,4,,,NTDS,"712,D,0",NTDSA: ,C:\Windows\NTDS\ntds.dit,0,4/6/2026,0,1,1,18
2026-04-07T00:38:17.905084Z,"{'#attributes': {'Qualifiers': 16384}, '#text': 1869}",DC01.garfield.htb,Microsoft-Windows-ActiveDirectory_DomainService,Directory Service,868,4,,,\\DC01.garfield.htb,Default-First-Site-Name,,,,,,,,
2026-04-07T01:23:17.814472Z,"{'#attributes': {'Qualifiers': 32768}, '#text': 2089}",DC01.garfield.htb,Microsoft-Windows-ActiveDirectory_DomainService,Directory Service,869,3,,,"DC=garfield,DC=htb",182,System\CurrentControlSet\Services\NTDS\Parameters,Backup Latency Threshold (days),,,,,,
2026-04-07T01:23:17.814472Z,"{'#attributes': {'Qualifiers': 32768}, '#text': 2089}",DC01.garfield.htb,Microsoft-Windows-ActiveDirectory_DomainService,Directory Service,870,3,,,"CN=Configuration,DC=garfield,DC=htb",182,System\CurrentControlSet\Services\NTDS\Parameters,Backup Latency Threshold (days),,,,,,
2026-04-07T01:23:17.814472Z,"{'#attributes': {'Qualifiers': 32768}, '#text': 2089}",DC01.garfield.htb,Microsoft-Windows-ActiveDirectory_DomainService,Directory Service,871,3,,,"CN=Schema,CN=Configuration,DC=garfield,DC=htb",182,System\CurrentControlSet\Services\NTDS\Parameters,Backup Latency Threshold (days),,,,,,
2026-04-07T01:23:17.814472Z,"{'#attributes': {'Qualifiers': 32768}, '#text': 2089}",DC01.garfield.htb,Microsoft-Windows-ActiveDirectory_DomainService,Directory Service,872,3,,,"DC=DomainDnsZones,DC=garfield,DC=htb",182,System\CurrentControlSet\Services\NTDS\Parameters,Backup Latency Threshold (days),,,,,,
2026-04-07T01:23:17.814472Z,"{'#attributes': {'Qualifiers': 32768}, '#text': 2089}",DC01.garfield.htb,Microsoft-Windows-ActiveDirectory_DomainService,Directory Service,873,3,,,"DC=ForestDnsZones,DC=garfield,DC=htb",182,System\CurrentControlSet\Services\NTDS\Parameters,Backup Latency Threshold (days),,,,,,
