"TimeCreated","Id","LevelDisplayName","ProviderName","Message"
"9/20/2026 5:19:09 AM","2089","Warning","Microsoft-Windows-ActiveDirectory_DomainService","This directory partition has not been backed up since at least the following number of days. 
 
Directory partition: 
DC=ForestDnsZones,DC=scaffold,DC=htb 
 
'Backup latency interval' (days): 
90 
 
It is recommended that you take a backup as often as possible to recover from accidental loss of data. However if you haven't taken a backup since at least the 'backup latency interval' number of days, this message will be logged every day until a backup is taken. You can take a backup of any replica that holds this partition. 
 
By default the 'Backup latency interval' is set to half the 'Tombstone Lifetime Interval'. If you want to change the default 'Backup latency interval', you could do so by adding the following registry key. 
 
'Backup latency interval' (days) registry key: 
System\CurrentControlSet\Services\NTDS\Parameters\Backup Latency Threshold (days) 
"
"9/20/2026 5:19:09 AM","2089","Warning","Microsoft-Windows-ActiveDirectory_DomainService","This directory partition has not been backed up since at least the following number of days. 
 
Directory partition: 
DC=DomainDnsZones,DC=scaffold,DC=htb 
 
'Backup latency interval' (days): 
90 
 
It is recommended that you take a backup as often as possible to recover from accidental loss of data. However if you haven't taken a backup since at least the 'backup latency interval' number of days, this message will be logged every day until a backup is taken. You can take a backup of any replica that holds this partition. 
 
By default the 'Backup latency interval' is set to half the 'Tombstone Lifetime Interval'. If you want to change the default 'Backup latency interval', you could do so by adding the following registry key. 
 
'Backup latency interval' (days) registry key: 
System\CurrentControlSet\Services\NTDS\Parameters\Backup Latency Threshold (days) 
"
"9/20/2026 5:19:09 AM","2089","Warning","Microsoft-Windows-ActiveDirectory_DomainService","This directory partition has not been backed up since at least the following number of days. 
 
Directory partition: 
CN=Schema,CN=Configuration,DC=scaffold,DC=htb 
 
'Backup latency interval' (days): 
90 
 
It is recommended that you take a backup as often as possible to recover from accidental loss of data. However if you haven't taken a backup since at least the 'backup latency interval' number of days, this message will be logged every day until a backup is taken. You can take a backup of any replica that holds this partition. 
 
By default the 'Backup latency interval' is set to half the 'Tombstone Lifetime Interval'. If you want to change the default 'Backup latency interval', you could do so by adding the following registry key. 
 
'Backup latency interval' (days) registry key: 
System\CurrentControlSet\Services\NTDS\Parameters\Backup Latency Threshold (days) 
"
"9/20/2026 5:19:09 AM","2089","Warning","Microsoft-Windows-ActiveDirectory_DomainService","This directory partition has not been backed up since at least the following number of days. 
 
Directory partition: 
CN=Configuration,DC=scaffold,DC=htb 
 
'Backup latency interval' (days): 
90 
 
It is recommended that you take a backup as often as possible to recover from accidental loss of data. However if you haven't taken a backup since at least the 'backup latency interval' number of days, this message will be logged every day until a backup is taken. You can take a backup of any replica that holds this partition. 
 
By default the 'Backup latency interval' is set to half the 'Tombstone Lifetime Interval'. If you want to change the default 'Backup latency interval', you could do so by adding the following registry key. 
 
'Backup latency interval' (days) registry key: 
System\CurrentControlSet\Services\NTDS\Parameters\Backup Latency Threshold (days) 
"
"9/20/2026 5:19:09 AM","2089","Warning","Microsoft-Windows-ActiveDirectory_DomainService","This directory partition has not been backed up since at least the following number of days. 
 
Directory partition: 
DC=scaffold,DC=htb 
 
'Backup latency interval' (days): 
90 
 
It is recommended that you take a backup as often as possible to recover from accidental loss of data. However if you haven't taken a backup since at least the 'backup latency interval' number of days, this message will be logged every day until a backup is taken. You can take a backup of any replica that holds this partition. 
 
By default the 'Backup latency interval' is set to half the 'Tombstone Lifetime Interval'. If you want to change the default 'Backup latency interval', you could do so by adding the following registry key. 
 
'Backup latency interval' (days) registry key: 
System\CurrentControlSet\Services\NTDS\Parameters\Backup Latency Threshold (days) 
"
"9/20/2026 4:34:09 AM","1869","Information","Microsoft-Windows-ActiveDirectory_DomainService","Active Directory Domain Services has located a global catalog in the following site. 
 
Global catalog:
\\dc.scaffold.htb 
Site:
Default-First-Site-Name"
"9/20/2026 4:34:09 AM","3027","Information","Microsoft-Windows-ActiveDirectory_DomainService","Internal event: Online Defragment Start succeeded. 
 
Duration in seconds:3600 
"
"9/20/2026 4:34:09 AM","3033","Information","Microsoft-Windows-ActiveDirectory_DomainService","Internal event: Online Defragment Stop invoked but defrag was not running."
"9/20/2026 4:34:09 AM","701","Information","NTDS ISAM","NTDS (692,D,0) NTDSA: Online defragmentation has completed a full pass on database 'C:\Windows\NTDS\ntds.dit', freeing 2 pages. This pass started on 9/20/2026 and ran for a total of 0 seconds, requiring 1 invocations over 1 days. Since the database was created it has been fully defragmented 27 times."
"9/20/2026 4:34:09 AM","700","Information","NTDS ISAM","NTDS (692,D,0) NTDSA: Online defragmentation is beginning a full pass on database 'C:\Windows\NTDS\ntds.dit'."
"9/20/2026 4:34:09 AM","330","Information","NTDS ISAM","NTDS (692,D,2) NTDSA: The database [C:\Windows\NTDS\temp.edb] format version is being held back to 8920 (0x22d8) due to application parameter setting of 0x22D8 (8920). Current default engine version: 9360 (0x2490)."
"9/20/2026 4:34:09 AM","326","Information","NTDS ISAM","NTDS (692,D,50) NTDSA: The database engine attached a database (1, C:\Windows\NTDS\ntds.dit). (Time=0 seconds) 
 
Saved Cache: 0 0 
Additional Data: lgposAttach = 00000003:037C:0268,
dbv = 1568.20.0 (8920) 
 
Internal Timing Sequence: 
[1] 0.000006 +J(0) +M(C:0K, Fs:1, WS:4K # 0K, PF:0K # 0K, P:0K)
[2] 0.000387 -0.000265 (1) WT +J(0) +M(C:0K, Fs:19, WS:12K # 0K, PF:8K # 0K, P:8K)
[3] 0.002852 -0.001447 (6) WT +J(CM:0, PgRf:0, Rd:0/0, Dy:0/0, Lg:3480/2) +M(C:0K, Fs:17, WS:60K # 0K, PF:128K # 0K, P:128K)
[4] 0.000050 +J(0)
[5] -
[6] -
[7] -
[8] 0.000757 -0.000322 (2) CM -0.000269 (2) WT +J(CM:2, PgRf:2, Rd:4/2, Dy:0/0, Lg:0/0) +M(C:16K, Fs:43, WS:164K # 0K, PF:212K # 0K, P:212K)
[9] 0.018308 -0.017896 (9) CM -0.001277 (9) WT +J(CM:9, PgRf:24, Rd:0/9, Dy:0/0, Lg:0/0) +M(C:-8K, Fs:31, WS:104K # 0K, PF:196K # 0K, P:196K)
[10] 0.001072 -0.000760 (4) CM -0.000576 (4) WT +J(CM:4, PgRf:40, Rd:0/4, Dy:0/0, Lg:0/0) +M(C:-4K, Fs:6, WS:12K # 0K, PF:60K # 0K, P:60K)
[11] 0.000034 +J(CM:0, PgRf:1, Rd:0/0, Dy:0/0, Lg:0/0) +M(C:0K, Fs:4, WS:16K # 0K, PF:0K # 0K, P:0K)
[12] 0.000045 +J(CM:0, PgRf:48, Rd:0/0, Dy:0/0, Lg:0/0) +M(C:0K, Fs:2, WS:8K # 0K, PF:0K # 0K, P:0K)
[13] 0.0 +J(0)
[14] 0.0 +J(0)
[15] 0.000003 +J(CM:0, PgRf:1, Rd:0/0, Dy:0/0, Lg:0/0)."
"9/20/2026 4:34:09 AM","330","Information","NTDS ISAM","NTDS (692,D,50) NTDSA: The database [C:\Windows\NTDS\ntds.dit] format version is being held back to 8920 (0x22d8) due to application parameter setting of 0x22D8 (8920). Current default engine version: 9360 (0x2490)."
"9/20/2026 4:34:09 AM","105","Information","NTDS ISAM","NTDS (692,D,0) NTDSA: The database engine started a new instance (0). (Time=0 seconds) 
 
Additional Data:
  
 
Internal Timing Sequence: 
[1] 0.000502 +J(0) +M(C:0K, Fs:83, WS:312K # 0K, PF:2424K # 0K, P:2424K)
[2] 0.000318 +J(0) +M(C:16K, Fs:130, WS:508K # 288K, PF:1180K # 656K, P:1180K)
[3] 0.000064 +J(0) +M(C:0K, Fs:5, WS:20K # 20K, PF:64K # 64K, P:64K)
[4] 0.002937 -0.000307 (1) WT +J(0) +M(C:0K, Fs:124, WS:416K # 416K, PF:5184K # 5184K, P:5184K)
[5] 0.000312 +J(0) +M(C:0K, Fs:3, WS:12K # 12K, PF:4K # 4K, P:4K)
[6] 0.001953 +J(0) +M(C:0K, Fs:20, WS:80K # 80K, PF:12K # 12K, P:12K)
[7] 0.013480 -0.007888 (21) WT +J(0) +M(C:0K, Fs:2579, WS:10296K # 10296K, PF:10260K # 10260K, P:10260K)
[8] -
[9] -
[10] -
[11] -
[12] -
[13] 0.011756 -0.005821 (22) WT +J(CM:0, PgRf:0, Rd:0/0, Dy:0/0, Lg:616/1) +M(C:0K, Fs:9, WS:-10216K # 24K, PF:-10252K # 12K, P:-10252K)
[14] 0.000019 +J(0)
[15] 0.000177 +J(0) +M(C:0K, Fs:206, WS:820K # 0K, PF:68K # 0K, P:68K)
[16] 0.000271 -0.000132 (1) WT +J(0) +M(C:0K, Fs:4, WS:8K # 0K, PF:4K # 0K, P:4K)."
"9/20/2026 4:34:09 AM","102","Information","NTDS ISAM","NTDS (692,P,98) NTDSA: The database engine (10.00.20348.0000) is starting a new instance (0)."
"9/20/2026 4:19:39 AM","1394","Information","Microsoft-Windows-ActiveDirectory_DomainService","All problems preventing updates to the Active Directory Domain Services database have been cleared. New updates to the Active Directory Domain Services database are succeeding. The Net Logon service has restarted."
"9/20/2026 4:19:09 AM","1000","Information","Microsoft-Windows-ActiveDirectory_DomainService","Microsoft Active Directory Domain Services startup complete"
"9/20/2026 4:19:09 AM","3041","Warning","Microsoft-Windows-ActiveDirectory_DomainService","The security of this directory server can be significantly enhanced by configuring the server to enforce  validation of Channel Binding Tokens received in LDAP bind requests sent over LDAPS connections. Even if  no clients are issuing LDAP bind requests over LDAPS, configuring the server to validate Channel Binding  Tokens will improve the security of this server. 
 
For more details and information on how to make this configuration change to the server, please see https://go.microsoft.com/fwlink/?linkid=2102405."
"9/20/2026 4:19:09 AM","2886","Warning","Microsoft-Windows-ActiveDirectory_DomainService","The security of this directory server can be significantly enhanced by configuring the server to reject SASL (Negotiate, Kerberos, NTLM, or Digest) LDAP binds that do not request signing (integrity verification) and LDAP simple binds that are performed on a clear text (non-SSL/TLS-encrypted) connection.  Even if no clients are using such binds, configuring the server to reject them will improve the security of this server. 
 
Some clients may currently be relying on unsigned SASL binds or LDAP simple binds over a non-SSL/TLS connection, and will stop working if this configuration change is made.  To assist in identifying these clients, if such binds occur this directory server will log a summary event once every 24 hours indicating how many such binds occurred.  You are encouraged to configure those clients to not use such binds.  Once no such events are observed for an extended period, it is recommended that you configure the server to reject such binds. 
 
For more details and information on how to make this configuration change to the server, please see http://go.microsoft.com/fwlink/?LinkID=87923. 
 
You can enable additional logging to log an event each time a client makes such a bind, including information on which client made the bind.  To do so, please raise the setting for the ""LDAP Interface Events"" event logging category to level 2 or higher."
"9/20/2026 4:18:58 AM","2405","Information","Microsoft-Windows-ActiveDirectory_DomainService","This Active Directory Domain Services server does not support the ""Privileged Access Management Feature"" optional feature."
"9/20/2026 4:18:58 AM","2405","Information","Microsoft-Windows-ActiveDirectory_DomainService","This Active Directory Domain Services server does not support the ""Recycle Bin Feature"" optional feature."
"9/20/2026 4:18:58 AM","2120","Information","Microsoft-Windows-ActiveDirectory_DomainService","This Active Directory Domain Services server does not support the Recycle Bin. Deleted objects may be undeleted, however, when an object is undeleted, some attributes of that object may be lost.  Additionally, attributes of other objects that refer to the object being undeleted may also be lost."
"9/20/2026 4:18:58 AM","2179","Information","Microsoft-Windows-ActiveDirectory_DomainService","The msDS-GenerationId attribute of the Domain Controller's computer object has been set to the following parameter: 
 
GenerationID attribute:
12208309084313324016"
"9/20/2026 4:18:58 AM","2208","Information","Microsoft-Windows-ActiveDirectory_DomainService","Active Directory Domain Services deleted DFSR databases to initialize SYSVOL replica during a non-authoritative restore. 
Active Directory detected that the virtual machine that hosts the domain controller was reverted to a previous state. Active Directory Domain Services needs to initialize a non-authoritative restore on the local SYSVOL replica. For DFSR, this is done by stopping the DFSR service, deleting DFSR databases, and re-starting the service. Upon restarting DFSR will rebuild the databases and start the initial sync."
"9/20/2026 4:18:58 AM","1109","Information","Microsoft-Windows-ActiveDirectory_DomainService","The invocationID attribute for this directory server has been changed. The highest update sequence number at the time the backup was created is as follows: 
 
InvocationID attribute (old value):
7fddf423-4e9b-413b-a2fd-434f1111a42c 
InvocationID attribute (new value):
2fdbe714-b22d-4ca2-8263-bdf7b53e5e22 
Update sequence number:
237624 
 
The invocationID is changed when a directory server is restored from backup media, is configured to host a writeable application directory partition, has been resumed after a virtual machine snapshot has been applied, after a virtual machine import operation, or after a live migration operation. Virtualized domain controllers should not be restored using virtual machine snapshots. The supported method to restore or rollback the content of an Active Directory Domain Services database is to restore a system state backup made with an Active Directory Domain Services-aware backup application."
"9/20/2026 4:18:58 AM","2170","Warning","Microsoft-Windows-ActiveDirectory_DomainService","A Generation ID change has been detected. 
 
Generation ID cached in DS (old value):
17012706603650086736 
Generation ID currently in VM (new value):
12208309084313324016 
 
The Generation ID change occurs after the application of a virtual machine snapshot, after a virtual machine import operation or after a live migration operation. Active Directory Domain Services will create a new invocation ID to recover the domain controller. Virtualized domain controllers should not be restored using virtual machine snapshots. The supported method to restore or rollback the content of an Active Directory Domain Services database is to restore a system state backup made with an Active Directory Domain Services aware backup application."
"9/20/2026 4:18:58 AM","2172","Information","Microsoft-Windows-ActiveDirectory_DomainService","Read the msDS-GenerationId attribute of the Domain Controller's computer object. 
 
msDS-GenerationId attribute value:
17012706603650086736"
"9/20/2026 4:18:58 AM","2168","Information","Microsoft-Windows-ActiveDirectory_DomainService","The DC is running on a supported hypervisor. VM Generation ID is detected. 
 
Current value of VM Generation ID: 12208309084313324016"
"9/20/2026 4:18:58 AM","2406","Information","Microsoft-Windows-ActiveDirectory_DomainService","This Active Directory Domain Services server is disabling support for the ""Privileged Access Management Feature"" optional feature."
"9/20/2026 4:18:58 AM","2406","Information","Microsoft-Windows-ActiveDirectory_DomainService","This Active Directory Domain Services server is disabling support for the ""Recycle Bin Feature"" optional feature."
"9/20/2026 4:18:58 AM","2121","Information","Microsoft-Windows-ActiveDirectory_DomainService","This Active Directory Domain Services server is disabling the Recycle Bin. Deleted objects may not be undeleted at this time."
"9/20/2026 4:18:58 AM","3054","Warning","Microsoft-Windows-ActiveDirectory_DomainService","The directory has been configured to allow implicit owner privileges when initially setting or modifying the nTSecurityDescriptor attribute during LDAP add and modify operations. Warning events will be logged, but no requests will be blocked. 
 
This setting is not secure and should only be used as a temporary troubleshooting step. Please review the suggested mitigations in the link below. 
 
For more information, please see https://go.microsoft.com/fwlink/?linkid=2174032."
"9/20/2026 4:18:58 AM","3051","Warning","Microsoft-Windows-ActiveDirectory_DomainService","The directory has been configured to not enforce per-attribute authorization during LDAP add operations. Warning events will be logged, but no requests will be blocked. 
 
This setting is not secure and should only be used as a temporary troubleshooting step. Please review the suggested mitigations in the link below. 
 
For more information, please see https://go.microsoft.com/fwlink/?linkid=2174032."
"9/7/2026 9:38:15 PM","1004","Information","Microsoft-Windows-ActiveDirectory_DomainService","Active Directory Domain Services was shut down successfully."
"9/7/2026 9:38:14 PM","2179","Information","Microsoft-Windows-ActiveDirectory_DomainService","The msDS-GenerationId attribute of the Domain Controller's computer object has been set to the following parameter: 
 
GenerationID attribute:
17012706603650086736"
"9/7/2026 9:35:08 PM","1394","Information","Microsoft-Windows-ActiveDirectory_DomainService","All problems preventing updates to the Active Directory Domain Services database have been cleared. New updates to the Active Directory Domain Services database are succeeding. The Net Logon service has restarted."
"9/7/2026 9:34:38 PM","1000","Information","Microsoft-Windows-ActiveDirectory_DomainService","Microsoft Active Directory Domain Services startup complete"
"9/7/2026 9:34:38 PM","3041","Warning","Microsoft-Windows-ActiveDirectory_DomainService","The security of this directory server can be significantly enhanced by configuring the server to enforce  validation of Channel Binding Tokens received in LDAP bind requests sent over LDAPS connections. Even if  no clients are issuing LDAP bind requests over LDAPS, configuring the server to validate Channel Binding  Tokens will improve the security of this server. 
 
For more details and information on how to make this configuration change to the server, please see https://go.microsoft.com/fwlink/?linkid=2102405."
"9/7/2026 9:34:38 PM","2886","Warning","Microsoft-Windows-ActiveDirectory_DomainService","The security of this directory server can be significantly enhanced by configuring the server to reject SASL (Negotiate, Kerberos, NTLM, or Digest) LDAP binds that do not request signing (integrity verification) and LDAP simple binds that are performed on a clear text (non-SSL/TLS-encrypted) connection.  Even if no clients are using such binds, configuring the server to reject them will improve the security of this server. 
 
Some clients may currently be relying on unsigned SASL binds or LDAP simple binds over a non-SSL/TLS connection, and will stop working if this configuration change is made.  To assist in identifying these clients, if such binds occur this directory server will log a summary event once every 24 hours indicating how many such binds occurred.  You are encouraged to configure those clients to not use such binds.  Once no such events are observed for an extended period, it is recommended that you configure the server to reject such binds. 
 
For more details and information on how to make this configuration change to the server, please see http://go.microsoft.com/fwlink/?LinkID=87923. 
 
You can enable additional logging to log an event each time a client makes such a bind, including information on which client made the bind.  To do so, please raise the setting for the ""LDAP Interface Events"" event logging category to level 2 or higher."
"9/7/2026 9:34:28 PM","2405","Information","Microsoft-Windows-ActiveDirectory_DomainService","This Active Directory Domain Services server does not support the ""Privileged Access Management Feature"" optional feature."
"9/7/2026 9:34:28 PM","2405","Information","Microsoft-Windows-ActiveDirectory_DomainService","This Active Directory Domain Services server does not support the ""Recycle Bin Feature"" optional feature."
"9/7/2026 9:34:28 PM","2120","Information","Microsoft-Windows-ActiveDirectory_DomainService","This Active Directory Domain Services server does not support the Recycle Bin. Deleted objects may be undeleted, however, when an object is undeleted, some attributes of that object may be lost.  Additionally, attributes of other objects that refer to the object being undeleted may also be lost."
"9/7/2026 9:34:28 PM","2179","Information","Microsoft-Windows-ActiveDirectory_DomainService","The msDS-GenerationId attribute of the Domain Controller's computer object has been set to the following parameter: 
 
GenerationID attribute:
17012706603650086736"
"9/7/2026 9:34:28 PM","2208","Information","Microsoft-Windows-ActiveDirectory_DomainService","Active Directory Domain Services deleted DFSR databases to initialize SYSVOL replica during a non-authoritative restore. 
Active Directory detected that the virtual machine that hosts the domain controller was reverted to a previous state. Active Directory Domain Services needs to initialize a non-authoritative restore on the local SYSVOL replica. For DFSR, this is done by stopping the DFSR service, deleting DFSR databases, and re-starting the service. Upon restarting DFSR will rebuild the databases and start the initial sync."
"9/7/2026 9:34:28 PM","1109","Information","Microsoft-Windows-ActiveDirectory_DomainService","The invocationID attribute for this directory server has been changed. The highest update sequence number at the time the backup was created is as follows: 
 
InvocationID attribute (old value):
cbeba683-dfd6-4693-9cc7-a218b5c6d168 
InvocationID attribute (new value):
7fddf423-4e9b-413b-a2fd-434f1111a42c 
Update sequence number:
233527 
 
The invocationID is changed when a directory server is restored from backup media, is configured to host a writeable application directory partition, has been resumed after a virtual machine snapshot has been applied, after a virtual machine import operation, or after a live migration operation. Virtualized domain controllers should not be restored using virtual machine snapshots. The supported method to restore or rollback the content of an Active Directory Domain Services database is to restore a system state backup made with an Active Directory Domain Services-aware backup application."
"9/7/2026 9:34:28 PM","2170","Warning","Microsoft-Windows-ActiveDirectory_DomainService","A Generation ID change has been detected. 
 
Generation ID cached in DS (old value):
16342153456212250091 
Generation ID currently in VM (new value):
17012706603650086736 
 
The Generation ID change occurs after the application of a virtual machine snapshot, after a virtual machine import operation or after a live migration operation. Active Directory Domain Services will create a new invocation ID to recover the domain controller. Virtualized domain controllers should not be restored using virtual machine snapshots. The supported method to restore or rollback the content of an Active Directory Domain Services database is to restore a system state backup made with an Active Directory Domain Services aware backup application."
"9/7/2026 9:34:28 PM","2172","Information","Microsoft-Windows-ActiveDirectory_DomainService","Read the msDS-GenerationId attribute of the Domain Controller's computer object. 
 
msDS-GenerationId attribute value:
16342153456212250091"
"9/7/2026 9:34:28 PM","2168","Information","Microsoft-Windows-ActiveDirectory_DomainService","The DC is running on a supported hypervisor. VM Generation ID is detected. 
 
Current value of VM Generation ID: 17012706603650086736"
"9/7/2026 9:34:28 PM","2406","Information","Microsoft-Windows-ActiveDirectory_DomainService","This Active Directory Domain Services server is disabling support for the ""Privileged Access Management Feature"" optional feature."
"9/7/2026 9:34:28 PM","2406","Information","Microsoft-Windows-ActiveDirectory_DomainService","This Active Directory Domain Services server is disabling support for the ""Recycle Bin Feature"" optional feature."
"9/7/2026 9:34:28 PM","2121","Information","Microsoft-Windows-ActiveDirectory_DomainService","This Active Directory Domain Services server is disabling the Recycle Bin. Deleted objects may not be undeleted at this time."
"9/7/2026 9:34:28 PM","3054","Warning","Microsoft-Windows-ActiveDirectory_DomainService","The directory has been configured to allow implicit owner privileges when initially setting or modifying the nTSecurityDescriptor attribute during LDAP add and modify operations. Warning events will be logged, but no requests will be blocked. 
 
This setting is not secure and should only be used as a temporary troubleshooting step. Please review the suggested mitigations in the link below. 
 
For more information, please see https://go.microsoft.com/fwlink/?linkid=2174032."
"9/7/2026 9:34:28 PM","3051","Warning","Microsoft-Windows-ActiveDirectory_DomainService","The directory has been configured to not enforce per-attribute authorization during LDAP add operations. Warning events will be logged, but no requests will be blocked. 
 
This setting is not secure and should only be used as a temporary troubleshooting step. Please review the suggested mitigations in the link below. 
 
For more information, please see https://go.microsoft.com/fwlink/?linkid=2174032."
"9/7/2026 8:00:49 PM","1004","Information","Microsoft-Windows-ActiveDirectory_DomainService","Active Directory Domain Services was shut down successfully."
"9/7/2026 8:00:48 PM","2179","Information","Microsoft-Windows-ActiveDirectory_DomainService","The msDS-GenerationId attribute of the Domain Controller's computer object has been set to the following parameter: 
 
GenerationID attribute:
16342153456212250091"
"9/7/2026 7:33:00 PM","1869","Information","Microsoft-Windows-ActiveDirectory_DomainService","Active Directory Domain Services has located a global catalog in the following site. 
 
Global catalog:
\\dc.scaffold.htb 
Site:
Default-First-Site-Name"
"9/7/2026 7:33:00 PM","3027","Information","Microsoft-Windows-ActiveDirectory_DomainService","Internal event: Online Defragment Start succeeded. 
 
Duration in seconds:3600 
"
"9/7/2026 7:33:00 PM","3033","Information","Microsoft-Windows-ActiveDirectory_DomainService","Internal event: Online Defragment Stop invoked but defrag was not running."
"9/7/2026 7:33:00 PM","701","Information","NTDS ISAM","NTDS (680,D,0) NTDSA: Online defragmentation has completed a full pass on database 'C:\Windows\NTDS\ntds.dit', freeing 2 pages. This pass started on 9/7/2026 and ran for a total of 0 seconds, requiring 1 invocations over 1 days. Since the database was created it has been fully defragmented 26 times."
"9/7/2026 7:33:00 PM","700","Information","NTDS ISAM","NTDS (680,D,0) NTDSA: Online defragmentation is beginning a full pass on database 'C:\Windows\NTDS\ntds.dit'."
"9/7/2026 7:33:00 PM","330","Information","NTDS ISAM","NTDS (680,D,2) NTDSA: The database [C:\Windows\NTDS\temp.edb] format version is being held back to 8920 (0x22d8) due to application parameter setting of 0x22D8 (8920). Current default engine version: 9360 (0x2490)."
"9/7/2026 7:33:00 PM","326","Information","NTDS ISAM","NTDS (680,D,50) NTDSA: The database engine attached a database (1, C:\Windows\NTDS\ntds.dit). (Time=0 seconds) 
 
Saved Cache: 0 0 
Additional Data: lgposAttach = 00000003:0338:0268,
dbv = 1568.20.0 (8920) 
 
Internal Timing Sequence: 
[1] 0.000009 +J(0) +M(C:0K, Fs:1, WS:4K # 0K, PF:0K # 0K, P:0K)
[2] 0.000587 -0.000396 (1) WT +J(0) +M(C:0K, Fs:20, WS:12K # 0K, PF:12K # 0K, P:12K)
[3] 0.005420 -0.002343 (6) WT +J(CM:0, PgRf:0, Rd:0/0, Dy:0/0, Lg:3480/2) +M(C:0K, Fs:17, WS:56K # 0K, PF:112K # 0K, P:112K)
[4] 0.000079 +J(0)
[5] -
[6] -
[7] -
[8] 0.001062 -0.000386 (2) CM -0.000315 (2) WT +J(CM:2, PgRf:2, Rd:4/2, Dy:0/0, Lg:0/0) +M(C:16K, Fs:43, WS:164K # 0K, PF:212K # 0K, P:212K)
[9] 0.002710 -0.002111 (9) CM -0.001835 (9) WT +J(CM:9, PgRf:24, Rd:0/9, Dy:0/0, Lg:0/0) +M(C:-8K, Fs:31, WS:104K # 0K, PF:196K # 0K, P:196K)
[10] 0.000896 -0.000656 (4) CM -0.000535 (4) WT +J(CM:4, PgRf:40, Rd:0/4, Dy:0/0, Lg:0/0) +M(C:-4K, Fs:6, WS:12K # 0K, PF:60K # 0K, P:60K)
[11] 0.000038 +J(CM:0, PgRf:1, Rd:0/0, Dy:0/0, Lg:0/0) +M(C:0K, Fs:4, WS:16K # 0K, PF:0K # 0K, P:0K)
[12] 0.000055 +J(CM:0, PgRf:48, Rd:0/0, Dy:0/0, Lg:0/0) +M(C:0K, Fs:2, WS:8K # 0K, PF:0K # 0K, P:0K)
[13] 0.0 +J(0)
[14] 0.0 +J(0)
[15] 0.000004 +J(CM:0, PgRf:1, Rd:0/0, Dy:0/0, Lg:0/0)."
"9/7/2026 7:33:00 PM","330","Information","NTDS ISAM","NTDS (680,D,50) NTDSA: The database [C:\Windows\NTDS\ntds.dit] format version is being held back to 8920 (0x22d8) due to application parameter setting of 0x22D8 (8920). Current default engine version: 9360 (0x2490)."
"9/7/2026 7:33:00 PM","105","Information","NTDS ISAM","NTDS (680,D,0) NTDSA: The database engine started a new instance (0). (Time=0 seconds) 
 
Additional Data:
  
 
Internal Timing Sequence: 
[1] 0.001031 +J(0) +M(C:0K, Fs:79, WS:300K # 0K, PF:2380K # 0K, P:2380K)
[2] 0.000351 +J(0) +M(C:16K, Fs:125, WS:496K # 272K, PF:1156K # 628K, P:1156K)
[3] 0.000037 +J(0) +M(C:0K, Fs:5, WS:20K # 20K, PF:64K # 64K, P:64K)
[4] 0.004160 -0.000371 (1) WT +J(0) +M(C:0K, Fs:121, WS:408K # 408K, PF:5168K # 5168K, P:5168K)
[5] 0.000381 +J(0) +M(C:0K, Fs:3, WS:12K # 12K, PF:8K # 8K, P:8K)
[6] 0.002356 +J(0) +M(C:0K, Fs:20, WS:80K # 80K, PF:12K # 12K, P:12K)
[7] 0.022932 -0.014596 (21) WT +J(0) +M(C:0K, Fs:2580, WS:10296K # 10296K, PF:10260K # 10260K, P:10260K)
[8] -
[9] -
[10] -
[11] -
[12] -
[13] 0.021369 -0.015179 (22) WT +J(CM:0, PgRf:0, Rd:0/0, Dy:0/0, Lg:616/1) +M(C:0K, Fs:9, WS:-10216K # 24K, PF:-10256K # 12K, P:-10256K)
[14] 0.000019 +J(0)
[15] 0.000251 +J(0) +M(C:0K, Fs:205, WS:820K # 0K, PF:64K # 0K, P:64K)
[16] 0.000610 -0.000411 (1) WT +J(0) +M(C:0K, Fs:4, WS:4K # 0K, PF:0K # 0K, P:0K)."
"9/7/2026 7:33:00 PM","102","Information","NTDS ISAM","NTDS (680,P,98) NTDSA: The database engine (10.00.20348.0000) is starting a new instance (0)."
"9/7/2026 7:18:30 PM","1394","Information","Microsoft-Windows-ActiveDirectory_DomainService","All problems preventing updates to the Active Directory Domain Services database have been cleared. New updates to the Active Directory Domain Services database are succeeding. The Net Logon service has restarted."
"9/7/2026 7:18:00 PM","1000","Information","Microsoft-Windows-ActiveDirectory_DomainService","Microsoft Active Directory Domain Services startup complete"
"9/7/2026 7:18:00 PM","3041","Warning","Microsoft-Windows-ActiveDirectory_DomainService","The security of this directory server can be significantly enhanced by configuring the server to enforce  validation of Channel Binding Tokens received in LDAP bind requests sent over LDAPS connections. Even if  no clients are issuing LDAP bind requests over LDAPS, configuring the server to validate Channel Binding  Tokens will improve the security of this server. 
 
For more details and information on how to make this configuration change to the server, please see https://go.microsoft.com/fwlink/?linkid=2102405."
"9/7/2026 7:18:00 PM","2886","Warning","Microsoft-Windows-ActiveDirectory_DomainService","The security of this directory server can be significantly enhanced by configuring the server to reject SASL (Negotiate, Kerberos, NTLM, or Digest) LDAP binds that do not request signing (integrity verification) and LDAP simple binds that are performed on a clear text (non-SSL/TLS-encrypted) connection.  Even if no clients are using such binds, configuring the server to reject them will improve the security of this server. 
 
Some clients may currently be relying on unsigned SASL binds or LDAP simple binds over a non-SSL/TLS connection, and will stop working if this configuration change is made.  To assist in identifying these clients, if such binds occur this directory server will log a summary event once every 24 hours indicating how many such binds occurred.  You are encouraged to configure those clients to not use such binds.  Once no such events are observed for an extended period, it is recommended that you configure the server to reject such binds. 
 
For more details and information on how to make this configuration change to the server, please see http://go.microsoft.com/fwlink/?LinkID=87923. 
 
You can enable additional logging to log an event each time a client makes such a bind, including information on which client made the bind.  To do so, please raise the setting for the ""LDAP Interface Events"" event logging category to level 2 or higher."
"9/7/2026 7:17:50 PM","2405","Information","Microsoft-Windows-ActiveDirectory_DomainService","This Active Directory Domain Services server does not support the ""Privileged Access Management Feature"" optional feature."
"9/7/2026 7:17:50 PM","2405","Information","Microsoft-Windows-ActiveDirectory_DomainService","This Active Directory Domain Services server does not support the ""Recycle Bin Feature"" optional feature."
"9/7/2026 7:17:50 PM","2120","Information","Microsoft-Windows-ActiveDirectory_DomainService","This Active Directory Domain Services server does not support the Recycle Bin. Deleted objects may be undeleted, however, when an object is undeleted, some attributes of that object may be lost.  Additionally, attributes of other objects that refer to the object being undeleted may also be lost."
"9/7/2026 7:17:50 PM","2179","Information","Microsoft-Windows-ActiveDirectory_DomainService","The msDS-GenerationId attribute of the Domain Controller's computer object has been set to the following parameter: 
 
GenerationID attribute:
16342153456212250091"
"9/7/2026 7:17:50 PM","2208","Information","Microsoft-Windows-ActiveDirectory_DomainService","Active Directory Domain Services deleted DFSR databases to initialize SYSVOL replica during a non-authoritative restore. 
Active Directory detected that the virtual machine that hosts the domain controller was reverted to a previous state. Active Directory Domain Services needs to initialize a non-authoritative restore on the local SYSVOL replica. For DFSR, this is done by stopping the DFSR service, deleting DFSR databases, and re-starting the service. Upon restarting DFSR will rebuild the databases and start the initial sync."
"9/7/2026 7:17:50 PM","1109","Information","Microsoft-Windows-ActiveDirectory_DomainService","The invocationID attribute for this directory server has been changed. The highest update sequence number at the time the backup was created is as follows: 
 
InvocationID attribute (old value):
3a400556-f931-417c-abef-214a5e5325d9 
InvocationID attribute (new value):
cbeba683-dfd6-4693-9cc7-a218b5c6d168 
Update sequence number:
229430 
 
The invocationID is changed when a directory server is restored from backup media, is configured to host a writeable application directory partition, has been resumed after a virtual machine snapshot has been applied, after a virtual machine import operation, or after a live migration operation. Virtualized domain controllers should not be restored using virtual machine snapshots. The supported method to restore or rollback the content of an Active Directory Domain Services database is to restore a system state backup made with an Active Directory Domain Services-aware backup application."
"9/7/2026 7:17:50 PM","2170","Warning","Microsoft-Windows-ActiveDirectory_DomainService","A Generation ID change has been detected. 
 
Generation ID cached in DS (old value):
17461927220228325829 
Generation ID currently in VM (new value):
16342153456212250091 
 
The Generation ID change occurs after the application of a virtual machine snapshot, after a virtual machine import operation or after a live migration operation. Active Directory Domain Services will create a new invocation ID to recover the domain controller. Virtualized domain controllers should not be restored using virtual machine snapshots. The supported method to restore or rollback the content of an Active Directory Domain Services database is to restore a system state backup made with an Active Directory Domain Services aware backup application."
"9/7/2026 7:17:50 PM","2172","Information","Microsoft-Windows-ActiveDirectory_DomainService","Read the msDS-GenerationId attribute of the Domain Controller's computer object. 
 
msDS-GenerationId attribute value:
17461927220228325829"
"9/7/2026 7:17:50 PM","2168","Information","Microsoft-Windows-ActiveDirectory_DomainService","The DC is running on a supported hypervisor. VM Generation ID is detected. 
 
Current value of VM Generation ID: 16342153456212250091"
"9/7/2026 7:17:50 PM","2406","Information","Microsoft-Windows-ActiveDirectory_DomainService","This Active Directory Domain Services server is disabling support for the ""Privileged Access Management Feature"" optional feature."
"9/7/2026 7:17:50 PM","2406","Information","Microsoft-Windows-ActiveDirectory_DomainService","This Active Directory Domain Services server is disabling support for the ""Recycle Bin Feature"" optional feature."
"9/7/2026 7:17:50 PM","2121","Information","Microsoft-Windows-ActiveDirectory_DomainService","This Active Directory Domain Services server is disabling the Recycle Bin. Deleted objects may not be undeleted at this time."
"9/7/2026 7:17:50 PM","3054","Warning","Microsoft-Windows-ActiveDirectory_DomainService","The directory has been configured to allow implicit owner privileges when initially setting or modifying the nTSecurityDescriptor attribute during LDAP add and modify operations. Warning events will be logged, but no requests will be blocked. 
 
This setting is not secure and should only be used as a temporary troubleshooting step. Please review the suggested mitigations in the link below. 
 
For more information, please see https://go.microsoft.com/fwlink/?linkid=2174032."
"9/7/2026 7:17:50 PM","3051","Warning","Microsoft-Windows-ActiveDirectory_DomainService","The directory has been configured to not enforce per-attribute authorization during LDAP add operations. Warning events will be logged, but no requests will be blocked. 
 
This setting is not secure and should only be used as a temporary troubleshooting step. Please review the suggested mitigations in the link below. 
 
For more information, please see https://go.microsoft.com/fwlink/?linkid=2174032."
"9/1/2026 11:00:40 PM","1004","Information","Microsoft-Windows-ActiveDirectory_DomainService","Active Directory Domain Services was shut down successfully."
"9/1/2026 11:00:40 PM","2179","Information","Microsoft-Windows-ActiveDirectory_DomainService","The msDS-GenerationId attribute of the Domain Controller's computer object has been set to the following parameter: 
 
GenerationID attribute:
17461927220228325829"
"9/1/2026 10:57:24 PM","1869","Information","Microsoft-Windows-ActiveDirectory_DomainService","Active Directory Domain Services has located a global catalog in the following site. 
 
Global catalog:
\\dc.scaffold.htb 
Site:
Default-First-Site-Name"
"9/1/2026 10:57:24 PM","3027","Information","Microsoft-Windows-ActiveDirectory_DomainService","Internal event: Online Defragment Start succeeded. 
 
Duration in seconds:3600 
"
"9/1/2026 10:57:24 PM","3033","Information","Microsoft-Windows-ActiveDirectory_DomainService","Internal event: Online Defragment Stop invoked but defrag was not running."
"9/1/2026 10:57:25 PM","701","Information","NTDS ISAM","NTDS (672,D,0) NTDSA: Online defragmentation has completed a full pass on database 'C:\Windows\NTDS\ntds.dit', freeing 0 pages. This pass started on 9/1/2026 and ran for a total of 0 seconds, requiring 1 invocations over 1 days. Since the database was created it has been fully defragmented 25 times."
"9/1/2026 10:57:24 PM","700","Information","NTDS ISAM","NTDS (672,D,0) NTDSA: Online defragmentation is beginning a full pass on database 'C:\Windows\NTDS\ntds.dit'."
"9/1/2026 10:57:24 PM","330","Information","NTDS ISAM","NTDS (672,D,2) NTDSA: The database [C:\Windows\NTDS\temp.edb] format version is being held back to 8920 (0x22d8) due to application parameter setting of 0x22D8 (8920). Current default engine version: 9360 (0x2490)."
"9/1/2026 10:57:24 PM","326","Information","NTDS ISAM","NTDS (672,D,50) NTDSA: The database engine attached a database (1, C:\Windows\NTDS\ntds.dit). (Time=0 seconds) 
 
Saved Cache: 0 0 
Additional Data: lgposAttach = 00000003:0310:0268,
dbv = 1568.20.0 (8920) 
 
Internal Timing Sequence: 
[1] 0.000008 +J(0) +M(C:0K, Fs:1, WS:4K # 0K, PF:0K # 0K, P:0K)
[2] 0.000743 -0.000502 (1) WT +J(0) +M(C:0K, Fs:19, WS:12K # 0K, PF:8K # 0K, P:8K)
[3] 0.005284 -0.002741 (6) WT +J(CM:0, PgRf:0, Rd:0/0, Dy:0/0, Lg:3480/2) +M(C:0K, Fs:18, WS:60K # 0K, PF:116K # 0K, P:116K)
[4] 0.000077 +J(0)
[5] -
[6] -
[7] -
[8] 0.001239 -0.000418 (2) CM -0.000323 (2) WT +J(CM:2, PgRf:2, Rd:4/2, Dy:0/0, Lg:0/0) +M(C:16K, Fs:43, WS:164K # 0K, PF:212K # 0K, P:212K)
[9] 0.003156 -0.002567 (9) CM -0.002249 (9) WT +J(CM:9, PgRf:24, Rd:0/9, Dy:0/0, Lg:0/0) +M(C:-8K, Fs:31, WS:104K # 0K, PF:196K # 0K, P:196K)
[10] 0.001008 -0.000732 (4) CM -0.000597 (4) WT +J(CM:4, PgRf:40, Rd:0/4, Dy:0/0, Lg:0/0) +M(C:-4K, Fs:6, WS:12K # 0K, PF:60K # 0K, P:60K)
[11] 0.000043 +J(CM:0, PgRf:1, Rd:0/0, Dy:0/0, Lg:0/0) +M(C:0K, Fs:4, WS:16K # 0K, PF:0K # 0K, P:0K)
[12] 0.000056 +J(CM:0, PgRf:48, Rd:0/0, Dy:0/0, Lg:0/0) +M(C:0K, Fs:2, WS:8K # 0K, PF:0K # 0K, P:0K)
[13] 0.0 +J(0)
[14] 0.0 +J(0)
[15] 0.000005 +J(CM:0, PgRf:1, Rd:0/0, Dy:0/0, Lg:0/0)."
"9/1/2026 10:57:24 PM","330","Information","NTDS ISAM","NTDS (672,D,50) NTDSA: The database [C:\Windows\NTDS\ntds.dit] format version is being held back to 8920 (0x22d8) due to application parameter setting of 0x22D8 (8920). Current default engine version: 9360 (0x2490)."
"9/1/2026 10:57:24 PM","105","Information","NTDS ISAM","NTDS (672,D,0) NTDSA: The database engine started a new instance (0). (Time=0 seconds) 
 
Additional Data:
  
 
Internal Timing Sequence: 
[1] 0.000775 +J(0) +M(C:0K, Fs:82, WS:308K # 0K, PF:3252K # 340K, P:3252K)
[2] 0.000370 +J(0) +M(C:16K, Fs:113, WS:448K # 232K, PF:300K # 300K, P:300K)
[3] 0.000043 +J(0) +M(C:0K, Fs:16, WS:64K # 64K, PF:64K # 64K, P:64K)
[4] 0.004170 -0.000357 (1) WT +J(0) +M(C:0K, Fs:123, WS:416K # 416K, PF:5172K # 5172K, P:5172K)
[5] 0.000388 +J(0) +M(C:0K, Fs:3, WS:12K # 12K, PF:8K # 8K, P:8K)
[6] 0.002166 +J(0) +M(C:0K, Fs:20, WS:80K # 80K, PF:12K # 12K, P:12K)
[7] 0.023049 -0.014943 (21) WT +J(0) +M(C:0K, Fs:2580, WS:10296K # 10296K, PF:10260K # 10260K, P:10260K)
[8] -
[9] -
[10] -
[11] -
[12] -
[13] 0.021250 -0.015000 (22) WT +J(CM:0, PgRf:0, Rd:0/0, Dy:0/0, Lg:616/1) +M(C:0K, Fs:9, WS:-10216K # 24K, PF:-10256K # 12K, P:-10256K)
[14] 0.000020 +J(0)
[15] 0.000263 +J(0) +M(C:0K, Fs:205, WS:820K # 0K, PF:64K # 0K, P:64K)
[16] 0.000365 -0.000176 (1) WT +J(0) +M(C:0K, Fs:3, WS:4K # 0K, PF:0K # 0K, P:0K)."
"9/1/2026 10:57:24 PM","102","Information","NTDS ISAM","NTDS (672,P,98) NTDSA: The database engine (10.00.20348.0000) is starting a new instance (0)."
"9/1/2026 10:42:54 PM","1394","Information","Microsoft-Windows-ActiveDirectory_DomainService","All problems preventing updates to the Active Directory Domain Services database have been cleared. New updates to the Active Directory Domain Services database are succeeding. The Net Logon service has restarted."
"9/1/2026 10:42:24 PM","1000","Information","Microsoft-Windows-ActiveDirectory_DomainService","Microsoft Active Directory Domain Services startup complete"
"9/1/2026 10:42:24 PM","3041","Warning","Microsoft-Windows-ActiveDirectory_DomainService","The security of this directory server can be significantly enhanced by configuring the server to enforce  validation of Channel Binding Tokens received in LDAP bind requests sent over LDAPS connections. Even if  no clients are issuing LDAP bind requests over LDAPS, configuring the server to validate Channel Binding  Tokens will improve the security of this server. 
 
For more details and information on how to make this configuration change to the server, please see https://go.microsoft.com/fwlink/?linkid=2102405."
"9/1/2026 10:42:24 PM","2886","Warning","Microsoft-Windows-ActiveDirectory_DomainService","The security of this directory server can be significantly enhanced by configuring the server to reject SASL (Negotiate, Kerberos, NTLM, or Digest) LDAP binds that do not request signing (integrity verification) and LDAP simple binds that are performed on a clear text (non-SSL/TLS-encrypted) connection.  Even if no clients are using such binds, configuring the server to reject them will improve the security of this server. 
 
Some clients may currently be relying on unsigned SASL binds or LDAP simple binds over a non-SSL/TLS connection, and will stop working if this configuration change is made.  To assist in identifying these clients, if such binds occur this directory server will log a summary event once every 24 hours indicating how many such binds occurred.  You are encouraged to configure those clients to not use such binds.  Once no such events are observed for an extended period, it is recommended that you configure the server to reject such binds. 
 
For more details and information on how to make this configuration change to the server, please see http://go.microsoft.com/fwlink/?LinkID=87923. 
 
You can enable additional logging to log an event each time a client makes such a bind, including information on which client made the bind.  To do so, please raise the setting for the ""LDAP Interface Events"" event logging category to level 2 or higher."
"9/1/2026 10:42:14 PM","2405","Information","Microsoft-Windows-ActiveDirectory_DomainService","This Active Directory Domain Services server does not support the ""Privileged Access Management Feature"" optional feature."
"9/1/2026 10:42:14 PM","2405","Information","Microsoft-Windows-ActiveDirectory_DomainService","This Active Directory Domain Services server does not support the ""Recycle Bin Feature"" optional feature."
"9/1/2026 10:42:14 PM","2120","Information","Microsoft-Windows-ActiveDirectory_DomainService","This Active Directory Domain Services server does not support the Recycle Bin. Deleted objects may be undeleted, however, when an object is undeleted, some attributes of that object may be lost.  Additionally, attributes of other objects that refer to the object being undeleted may also be lost."
"9/1/2026 10:42:14 PM","2179","Information","Microsoft-Windows-ActiveDirectory_DomainService","The msDS-GenerationId attribute of the Domain Controller's computer object has been set to the following parameter: 
 
GenerationID attribute:
17461927220228325829"
"9/1/2026 10:42:14 PM","2208","Information","Microsoft-Windows-ActiveDirectory_DomainService","Active Directory Domain Services deleted DFSR databases to initialize SYSVOL replica during a non-authoritative restore. 
Active Directory detected that the virtual machine that hosts the domain controller was reverted to a previous state. Active Directory Domain Services needs to initialize a non-authoritative restore on the local SYSVOL replica. For DFSR, this is done by stopping the DFSR service, deleting DFSR databases, and re-starting the service. Upon restarting DFSR will rebuild the databases and start the initial sync."
"9/1/2026 10:42:14 PM","1109","Information","Microsoft-Windows-ActiveDirectory_DomainService","The invocationID attribute for this directory server has been changed. The highest update sequence number at the time the backup was created is as follows: 
 
InvocationID attribute (old value):
45d697ef-6074-4218-988f-8d713ca075ac 
InvocationID attribute (new value):
3a400556-f931-417c-abef-214a5e5325d9 
Update sequence number:
225333 
 
The invocationID is changed when a directory server is restored from backup media, is configured to host a writeable application directory partition, has been resumed after a virtual machine snapshot has been applied, after a virtual machine import operation, or after a live migration operation. Virtualized domain controllers should not be restored using virtual machine snapshots. The supported method to restore or rollback the content of an Active Directory Domain Services database is to restore a system state backup made with an Active Directory Domain Services-aware backup application."
"9/1/2026 10:42:14 PM","2170","Warning","Microsoft-Windows-ActiveDirectory_DomainService","A Generation ID change has been detected. 
 
Generation ID cached in DS (old value):
9305305367874613743 
Generation ID currently in VM (new value):
17461927220228325829 
 
The Generation ID change occurs after the application of a virtual machine snapshot, after a virtual machine import operation or after a live migration operation. Active Directory Domain Services will create a new invocation ID to recover the domain controller. Virtualized domain controllers should not be restored using virtual machine snapshots. The supported method to restore or rollback the content of an Active Directory Domain Services database is to restore a system state backup made with an Active Directory Domain Services aware backup application."
"9/1/2026 10:42:14 PM","2172","Information","Microsoft-Windows-ActiveDirectory_DomainService","Read the msDS-GenerationId attribute of the Domain Controller's computer object. 
 
msDS-GenerationId attribute value:
9305305367874613743"
"9/1/2026 10:42:14 PM","2168","Information","Microsoft-Windows-ActiveDirectory_DomainService","The DC is running on a supported hypervisor. VM Generation ID is detected. 
 
Current value of VM Generation ID: 17461927220228325829"
"9/1/2026 10:42:14 PM","2406","Information","Microsoft-Windows-ActiveDirectory_DomainService","This Active Directory Domain Services server is disabling support for the ""Privileged Access Management Feature"" optional feature."
"9/1/2026 10:42:14 PM","2406","Information","Microsoft-Windows-ActiveDirectory_DomainService","This Active Directory Domain Services server is disabling support for the ""Recycle Bin Feature"" optional feature."
"9/1/2026 10:42:14 PM","2121","Information","Microsoft-Windows-ActiveDirectory_DomainService","This Active Directory Domain Services server is disabling the Recycle Bin. Deleted objects may not be undeleted at this time."
"9/1/2026 10:42:14 PM","3054","Warning","Microsoft-Windows-ActiveDirectory_DomainService","The directory has been configured to allow implicit owner privileges when initially setting or modifying the nTSecurityDescriptor attribute during LDAP add and modify operations. Warning events will be logged, but no requests will be blocked. 
 
This setting is not secure and should only be used as a temporary troubleshooting step. Please review the suggested mitigations in the link below. 
 
For more information, please see https://go.microsoft.com/fwlink/?linkid=2174032."
"9/1/2026 10:42:14 PM","3051","Warning","Microsoft-Windows-ActiveDirectory_DomainService","The directory has been configured to not enforce per-attribute authorization during LDAP add operations. Warning events will be logged, but no requests will be blocked. 
 
This setting is not secure and should only be used as a temporary troubleshooting step. Please review the suggested mitigations in the link below. 
 
For more information, please see https://go.microsoft.com/fwlink/?linkid=2174032."
"9/1/2026 9:55:47 PM","1004","Information","Microsoft-Windows-ActiveDirectory_DomainService","Active Directory Domain Services was shut down successfully."
"9/1/2026 9:55:46 PM","2179","Information","Microsoft-Windows-ActiveDirectory_DomainService","The msDS-GenerationId attribute of the Domain Controller's computer object has been set to the following parameter: 
 
GenerationID attribute:
9305305367874613743"
"9/1/2026 9:55:12 PM","1394","Information","Microsoft-Windows-ActiveDirectory_DomainService","All problems preventing updates to the Active Directory Domain Services database have been cleared. New updates to the Active Directory Domain Services database are succeeding. The Net Logon service has restarted."
"9/1/2026 9:54:42 PM","1000","Information","Microsoft-Windows-ActiveDirectory_DomainService","Microsoft Active Directory Domain Services startup complete"
"9/1/2026 9:54:42 PM","3041","Warning","Microsoft-Windows-ActiveDirectory_DomainService","The security of this directory server can be significantly enhanced by configuring the server to enforce  validation of Channel Binding Tokens received in LDAP bind requests sent over LDAPS connections. Even if  no clients are issuing LDAP bind requests over LDAPS, configuring the server to validate Channel Binding  Tokens will improve the security of this server. 
 
For more details and information on how to make this configuration change to the server, please see https://go.microsoft.com/fwlink/?linkid=2102405."
"9/1/2026 9:54:42 PM","2886","Warning","Microsoft-Windows-ActiveDirectory_DomainService","The security of this directory server can be significantly enhanced by configuring the server to reject SASL (Negotiate, Kerberos, NTLM, or Digest) LDAP binds that do not request signing (integrity verification) and LDAP simple binds that are performed on a clear text (non-SSL/TLS-encrypted) connection.  Even if no clients are using such binds, configuring the server to reject them will improve the security of this server. 
 
Some clients may currently be relying on unsigned SASL binds or LDAP simple binds over a non-SSL/TLS connection, and will stop working if this configuration change is made.  To assist in identifying these clients, if such binds occur this directory server will log a summary event once every 24 hours indicating how many such binds occurred.  You are encouraged to configure those clients to not use such binds.  Once no such events are observed for an extended period, it is recommended that you configure the server to reject such binds. 
 
For more details and information on how to make this configuration change to the server, please see http://go.microsoft.com/fwlink/?LinkID=87923. 
 
You can enable additional logging to log an event each time a client makes such a bind, including information on which client made the bind.  To do so, please raise the setting for the ""LDAP Interface Events"" event logging category to level 2 or higher."
"9/1/2026 9:54:32 PM","2405","Information","Microsoft-Windows-ActiveDirectory_DomainService","This Active Directory Domain Services server does not support the ""Privileged Access Management Feature"" optional feature."
"9/1/2026 9:54:32 PM","2405","Information","Microsoft-Windows-ActiveDirectory_DomainService","This Active Directory Domain Services server does not support the ""Recycle Bin Feature"" optional feature."
"9/1/2026 9:54:32 PM","2120","Information","Microsoft-Windows-ActiveDirectory_DomainService","This Active Directory Domain Services server does not support the Recycle Bin. Deleted objects may be undeleted, however, when an object is undeleted, some attributes of that object may be lost.  Additionally, attributes of other objects that refer to the object being undeleted may also be lost."
"9/1/2026 9:54:32 PM","2179","Information","Microsoft-Windows-ActiveDirectory_DomainService","The msDS-GenerationId attribute of the Domain Controller's computer object has been set to the following parameter: 
 
GenerationID attribute:
9305305367874613743"
"9/1/2026 9:54:32 PM","2208","Information","Microsoft-Windows-ActiveDirectory_DomainService","Active Directory Domain Services deleted DFSR databases to initialize SYSVOL replica during a non-authoritative restore. 
Active Directory detected that the virtual machine that hosts the domain controller was reverted to a previous state. Active Directory Domain Services needs to initialize a non-authoritative restore on the local SYSVOL replica. For DFSR, this is done by stopping the DFSR service, deleting DFSR databases, and re-starting the service. Upon restarting DFSR will rebuild the databases and start the initial sync."
"9/1/2026 9:54:32 PM","1109","Information","Microsoft-Windows-ActiveDirectory_DomainService","The invocationID attribute for this directory server has been changed. The highest update sequence number at the time the backup was created is as follows: 
 
InvocationID attribute (old value):
c061e9b4-f0cb-4fab-8632-e9a811bb6bda 
InvocationID attribute (new value):
45d697ef-6074-4218-988f-8d713ca075ac 
Update sequence number:
221236 
 
The invocationID is changed when a directory server is restored from backup media, is configured to host a writeable application directory partition, has been resumed after a virtual machine snapshot has been applied, after a virtual machine import operation, or after a live migration operation. Virtualized domain controllers should not be restored using virtual machine snapshots. The supported method to restore or rollback the content of an Active Directory Domain Services database is to restore a system state backup made with an Active Directory Domain Services-aware backup application."
"9/1/2026 9:54:32 PM","2170","Warning","Microsoft-Windows-ActiveDirectory_DomainService","A Generation ID change has been detected. 
 
Generation ID cached in DS (old value):
10366403936868254078 
Generation ID currently in VM (new value):
9305305367874613743 
 
The Generation ID change occurs after the application of a virtual machine snapshot, after a virtual machine import operation or after a live migration operation. Active Directory Domain Services will create a new invocation ID to recover the domain controller. Virtualized domain controllers should not be restored using virtual machine snapshots. The supported method to restore or rollback the content of an Active Directory Domain Services database is to restore a system state backup made with an Active Directory Domain Services aware backup application."
"9/1/2026 9:54:32 PM","2172","Information","Microsoft-Windows-ActiveDirectory_DomainService","Read the msDS-GenerationId attribute of the Domain Controller's computer object. 
 
msDS-GenerationId attribute value:
10366403936868254078"
"9/1/2026 9:54:32 PM","2168","Information","Microsoft-Windows-ActiveDirectory_DomainService","The DC is running on a supported hypervisor. VM Generation ID is detected. 
 
Current value of VM Generation ID: 9305305367874613743"
"9/1/2026 9:54:32 PM","2406","Information","Microsoft-Windows-ActiveDirectory_DomainService","This Active Directory Domain Services server is disabling support for the ""Privileged Access Management Feature"" optional feature."
"9/1/2026 9:54:32 PM","2406","Information","Microsoft-Windows-ActiveDirectory_DomainService","This Active Directory Domain Services server is disabling support for the ""Recycle Bin Feature"" optional feature."
"9/1/2026 9:54:32 PM","2121","Information","Microsoft-Windows-ActiveDirectory_DomainService","This Active Directory Domain Services server is disabling the Recycle Bin. Deleted objects may not be undeleted at this time."
"9/1/2026 9:54:32 PM","3054","Warning","Microsoft-Windows-ActiveDirectory_DomainService","The directory has been configured to allow implicit owner privileges when initially setting or modifying the nTSecurityDescriptor attribute during LDAP add and modify operations. Warning events will be logged, but no requests will be blocked. 
 
This setting is not secure and should only be used as a temporary troubleshooting step. Please review the suggested mitigations in the link below. 
 
For more information, please see https://go.microsoft.com/fwlink/?linkid=2174032."
"9/1/2026 9:54:32 PM","3051","Warning","Microsoft-Windows-ActiveDirectory_DomainService","The directory has been configured to not enforce per-attribute authorization during LDAP add operations. Warning events will be logged, but no requests will be blocked. 
 
This setting is not secure and should only be used as a temporary troubleshooting step. Please review the suggested mitigations in the link below. 
 
For more information, please see https://go.microsoft.com/fwlink/?linkid=2174032."
"9/1/2026 9:46:22 PM","1004","Information","Microsoft-Windows-ActiveDirectory_DomainService","Active Directory Domain Services was shut down successfully."
"9/1/2026 9:46:22 PM","2179","Information","Microsoft-Windows-ActiveDirectory_DomainService","The msDS-GenerationId attribute of the Domain Controller's computer object has been set to the following parameter: 
 
GenerationID attribute:
10366403936868254078"
"9/1/2026 9:46:22 PM","103","Information","NTDS ISAM","NTDS (660,T,97) NTDSA: The database engine stopped the instance (0). 
 
Dirty Shutdown: 0 
 
Internal Timing Sequence: 
[1] 0.000004 +J(0)
[2] 0.000019 +J(0)
[3] 0.000002 +J(0)
[4] 0.000006 +J(0)
[5] 0.013655 -0.007943 (11) WT +J(0) +M(C:8K, Fs:9, WS:20K # 0K, PF:8K # 0K, P:8K)
[6] 0.000012 +J(0)
[7] 0.000006 +J(0)
[8] 0.035723 -0.016064 (10) WT +J(CM:0, PgRf:0, Rd:0/0, Dy:0/0, Lg:4096/2) +M(C:0K, Fs:14, WS:-136K # 0K, PF:-164K # 0K, P:-164K)
[9] 0.003361 -0.002832 (1) WT +J(CM:0, PgRf:0, Rd:0/0, Dy:0/0, Lg:66/1) +M(C:0K, Fs:2, WS:8K # 0K, PF:0K # 0K, P:0K)
[10] 0.000018 +J(0)
[11] 0.007908 -0.003945 (2) WT +J(0) +M(C:0K, Fs:1, WS:4K # 0K, PF:0K # 0K, P:0K)
[12] 0.000076 +J(0) +M(C:0K, Fs:0, WS:-4K # 0K, PF:-4K # 0K, P:-4K)
[13] 0.000088 +J(0)
[14] 0.000037 +J(0) +M(C:0K, Fs:0, WS:-44K # 0K, PF:-52K # 0K, P:-52K)
[15] 0.000006 +J(0)."
"9/1/2026 9:46:22 PM","330","Information","NTDS ISAM","NTDS (660,D,2) NTDSA: The database [C:\Windows\NTDS\temp.edb] format version is being held back to 8920 (0x22d8) due to application parameter setting of 0x22D8 (8920). Current default engine version: 9360 (0x2490)."
"9/1/2026 9:46:22 PM","326","Information","NTDS ISAM","NTDS (660,D,50) NTDSA: The database engine attached a database (1, C:\Windows\NTDS\ntds.dit). (Time=0 seconds) 
 
Saved Cache: 0 0 
Additional Data: lgposAttach = 00000003:02E7:0268,
dbv = 1568.20.0 (8920) 
 
Internal Timing Sequence: 
[1] 0.000006 +J(0) +M(C:0K, Fs:1, WS:4K # 0K, PF:0K # 0K, P:0K)
[2] 0.000739 -0.000430 (1) WT +J(0) +M(C:0K, Fs:19, WS:12K # 0K, PF:8K # 0K, P:8K)
[3] 0.006805 -0.002848 (6) WT +J(CM:0, PgRf:0, Rd:0/0, Dy:0/0, Lg:3480/2) +M(C:0K, Fs:15, WS:52K # 0K, PF:104K # 0K, P:104K)
[4] 0.000091 +J(0)
[5] -
[6] -
[7] -
[8] 0.005169 -0.000648 (2) CM -0.000456 (2) WT +J(CM:2, PgRf:2, Rd:4/2, Dy:0/0, Lg:0/0) +M(C:32K, Fs:45, WS:168K # 0K, PF:236K # 0K, P:236K)
[9] 0.002305 -0.001755 (6) CM -0.001527 (6) WT +J(CM:6, PgRf:24, Rd:0/6, Dy:0/0, Lg:0/0) +M(C:-20K, Fs:33, WS:104K # 0K, PF:180K # 0K, P:180K)
[10] 0.001035 -0.000784 (4) CM -0.000665 (4) WT +J(CM:4, PgRf:40, Rd:0/4, Dy:0/0, Lg:0/0) +M(C:-8K, Fs:5, WS:8K # 0K, PF:56K # 0K, P:56K)
[11] 0.000020 +J(CM:0, PgRf:1, Rd:0/0, Dy:0/0, Lg:0/0) +M(C:0K, Fs:4, WS:16K # 0K, PF:0K # 0K, P:0K)
[12] 0.000060 +J(CM:0, PgRf:48, Rd:0/0, Dy:0/0, Lg:0/0) +M(C:0K, Fs:2, WS:8K # 0K, PF:0K # 0K, P:0K)
[13] 0.000001 +J(0)
[14] 0.000001 +J(0)
[15] 0.000006 +J(CM:0, PgRf:1, Rd:0/0, Dy:0/0, Lg:0/0)."
"9/1/2026 9:46:22 PM","330","Information","NTDS ISAM","NTDS (660,D,50) NTDSA: The database [C:\Windows\NTDS\ntds.dit] format version is being held back to 8920 (0x22d8) due to application parameter setting of 0x22D8 (8920). Current default engine version: 9360 (0x2490)."
"9/1/2026 9:46:22 PM","105","Information","NTDS ISAM","NTDS (660,D,0) NTDSA: The database engine started a new instance (0). (Time=0 seconds) 
 
Additional Data:
  
 
Internal Timing Sequence: 
[1] 0.000826 +J(0) +M(C:0K, Fs:127, WS:488K # 0K, PF:3276K # 340K, P:3276K)
[2] 0.001307 +J(0) +M(C:16K, Fs:89, WS:344K # 284K, PF:308K # 308K, P:308K)
[3] 0.000857 +J(0) +M(C:0K, Fs:5, WS:20K # 20K, PF:64K # 64K, P:64K)
[4] 0.012895 -0.000364 (1) WT +J(0) +M(C:0K, Fs:120, WS:404K # 404K, PF:5164K # 5164K, P:5164K)
[5] 0.000960 +J(0) +M(C:0K, Fs:4, WS:16K # 16K, PF:12K # 12K, P:12K)
[6] 0.002888 +J(0) +M(C:0K, Fs:20, WS:80K # 80K, PF:12K # 12K, P:12K)
[7] 0.044176 -0.034366 (21) WT +J(0) +M(C:0K, Fs:2579, WS:10296K # 10296K, PF:10260K # 10260K, P:10260K)
[8] -
[9] -
[10] -
[11] -
[12] -
[13] 0.062463 -0.049610 (22) WT +J(CM:0, PgRf:0, Rd:0/0, Dy:0/0, Lg:616/1) +M(C:0K, Fs:8, WS:-10216K # 24K, PF:-10256K # 12K, P:-10256K)
[14] 0.000032 +J(0)
[15] 0.000721 +J(0) +M(C:0K, Fs:205, WS:820K # 0K, PF:64K # 0K, P:64K)
[16] 0.000728 -0.000426 (1) WT +J(0) +M(C:0K, Fs:3, WS:4K # 0K, PF:0K # 0K, P:0K)."
"9/1/2026 9:46:22 PM","102","Information","NTDS ISAM","NTDS (660,P,98) NTDSA: The database engine (10.00.20348.0000) is starting a new instance (0)."
"9/1/2026 9:44:29 PM","1394","Information","Microsoft-Windows-ActiveDirectory_DomainService","All problems preventing updates to the Active Directory Domain Services database have been cleared. New updates to the Active Directory Domain Services database are succeeding. The Net Logon service has restarted."
"9/1/2026 9:43:59 PM","1000","Information","Microsoft-Windows-ActiveDirectory_DomainService","Microsoft Active Directory Domain Services startup complete"
"9/1/2026 9:43:59 PM","3041","Warning","Microsoft-Windows-ActiveDirectory_DomainService","The security of this directory server can be significantly enhanced by configuring the server to enforce  validation of Channel Binding Tokens received in LDAP bind requests sent over LDAPS connections. Even if  no clients are issuing LDAP bind requests over LDAPS, configuring the server to validate Channel Binding  Tokens will improve the security of this server. 
 
For more details and information on how to make this configuration change to the server, please see https://go.microsoft.com/fwlink/?linkid=2102405."
"9/1/2026 9:43:59 PM","2886","Warning","Microsoft-Windows-ActiveDirectory_DomainService","The security of this directory server can be significantly enhanced by configuring the server to reject SASL (Negotiate, Kerberos, NTLM, or Digest) LDAP binds that do not request signing (integrity verification) and LDAP simple binds that are performed on a clear text (non-SSL/TLS-encrypted) connection.  Even if no clients are using such binds, configuring the server to reject them will improve the security of this server. 
 
Some clients may currently be relying on unsigned SASL binds or LDAP simple binds over a non-SSL/TLS connection, and will stop working if this configuration change is made.  To assist in identifying these clients, if such binds occur this directory server will log a summary event once every 24 hours indicating how many such binds occurred.  You are encouraged to configure those clients to not use such binds.  Once no such events are observed for an extended period, it is recommended that you configure the server to reject such binds. 
 
For more details and information on how to make this configuration change to the server, please see http://go.microsoft.com/fwlink/?LinkID=87923. 
 
You can enable additional logging to log an event each time a client makes such a bind, including information on which client made the bind.  To do so, please raise the setting for the ""LDAP Interface Events"" event logging category to level 2 or higher."
"9/1/2026 9:43:49 PM","2405","Information","Microsoft-Windows-ActiveDirectory_DomainService","This Active Directory Domain Services server does not support the ""Privileged Access Management Feature"" optional feature."
"9/1/2026 9:43:49 PM","2405","Information","Microsoft-Windows-ActiveDirectory_DomainService","This Active Directory Domain Services server does not support the ""Recycle Bin Feature"" optional feature."
"9/1/2026 9:43:49 PM","2120","Information","Microsoft-Windows-ActiveDirectory_DomainService","This Active Directory Domain Services server does not support the Recycle Bin. Deleted objects may be undeleted, however, when an object is undeleted, some attributes of that object may be lost.  Additionally, attributes of other objects that refer to the object being undeleted may also be lost."
"9/1/2026 9:43:49 PM","2172","Information","Microsoft-Windows-ActiveDirectory_DomainService","Read the msDS-GenerationId attribute of the Domain Controller's computer object. 
 
msDS-GenerationId attribute value:
10366403936868254078"
"9/1/2026 9:43:49 PM","2168","Information","Microsoft-Windows-ActiveDirectory_DomainService","The DC is running on a supported hypervisor. VM Generation ID is detected. 
 
Current value of VM Generation ID: 10366403936868254078"
"9/1/2026 9:43:49 PM","2406","Information","Microsoft-Windows-ActiveDirectory_DomainService","This Active Directory Domain Services server is disabling support for the ""Privileged Access Management Feature"" optional feature."
"9/1/2026 9:43:49 PM","2406","Information","Microsoft-Windows-ActiveDirectory_DomainService","This Active Directory Domain Services server is disabling support for the ""Recycle Bin Feature"" optional feature."
"9/1/2026 9:43:49 PM","2121","Information","Microsoft-Windows-ActiveDirectory_DomainService","This Active Directory Domain Services server is disabling the Recycle Bin. Deleted objects may not be undeleted at this time."
"9/1/2026 9:43:49 PM","3054","Warning","Microsoft-Windows-ActiveDirectory_DomainService","The directory has been configured to allow implicit owner privileges when initially setting or modifying the nTSecurityDescriptor attribute during LDAP add and modify operations. Warning events will be logged, but no requests will be blocked. 
 
This setting is not secure and should only be used as a temporary troubleshooting step. Please review the suggested mitigations in the link below. 
 
For more information, please see https://go.microsoft.com/fwlink/?linkid=2174032."
"9/1/2026 9:43:49 PM","3051","Warning","Microsoft-Windows-ActiveDirectory_DomainService","The directory has been configured to not enforce per-attribute authorization during LDAP add operations. Warning events will be logged, but no requests will be blocked. 
 
This setting is not secure and should only be used as a temporary troubleshooting step. Please review the suggested mitigations in the link below. 
 
For more information, please see https://go.microsoft.com/fwlink/?linkid=2174032."
"9/1/2026 9:24:06 PM","1004","Information","Microsoft-Windows-ActiveDirectory_DomainService","Active Directory Domain Services was shut down successfully."
"9/1/2026 9:24:04 PM","2179","Information","Microsoft-Windows-ActiveDirectory_DomainService","The msDS-GenerationId attribute of the Domain Controller's computer object has been set to the following parameter: 
 
GenerationID attribute:
10366403936868254078"
"9/1/2026 9:23:28 PM","1394","Information","Microsoft-Windows-ActiveDirectory_DomainService","All problems preventing updates to the Active Directory Domain Services database have been cleared. New updates to the Active Directory Domain Services database are succeeding. The Net Logon service has restarted."
"9/1/2026 9:22:58 PM","1000","Information","Microsoft-Windows-ActiveDirectory_DomainService","Microsoft Active Directory Domain Services startup complete"
"9/1/2026 9:22:58 PM","3041","Warning","Microsoft-Windows-ActiveDirectory_DomainService","The security of this directory server can be significantly enhanced by configuring the server to enforce  validation of Channel Binding Tokens received in LDAP bind requests sent over LDAPS connections. Even if  no clients are issuing LDAP bind requests over LDAPS, configuring the server to validate Channel Binding  Tokens will improve the security of this server. 
 
For more details and information on how to make this configuration change to the server, please see https://go.microsoft.com/fwlink/?linkid=2102405."
"9/1/2026 9:22:58 PM","2886","Warning","Microsoft-Windows-ActiveDirectory_DomainService","The security of this directory server can be significantly enhanced by configuring the server to reject SASL (Negotiate, Kerberos, NTLM, or Digest) LDAP binds that do not request signing (integrity verification) and LDAP simple binds that are performed on a clear text (non-SSL/TLS-encrypted) connection.  Even if no clients are using such binds, configuring the server to reject them will improve the security of this server. 
 
Some clients may currently be relying on unsigned SASL binds or LDAP simple binds over a non-SSL/TLS connection, and will stop working if this configuration change is made.  To assist in identifying these clients, if such binds occur this directory server will log a summary event once every 24 hours indicating how many such binds occurred.  You are encouraged to configure those clients to not use such binds.  Once no such events are observed for an extended period, it is recommended that you configure the server to reject such binds. 
 
For more details and information on how to make this configuration change to the server, please see http://go.microsoft.com/fwlink/?LinkID=87923. 
 
You can enable additional logging to log an event each time a client makes such a bind, including information on which client made the bind.  To do so, please raise the setting for the ""LDAP Interface Events"" event logging category to level 2 or higher."
"9/1/2026 9:22:48 PM","2405","Information","Microsoft-Windows-ActiveDirectory_DomainService","This Active Directory Domain Services server does not support the ""Privileged Access Management Feature"" optional feature."
"9/1/2026 9:22:48 PM","2405","Information","Microsoft-Windows-ActiveDirectory_DomainService","This Active Directory Domain Services server does not support the ""Recycle Bin Feature"" optional feature."
"9/1/2026 9:22:48 PM","2120","Information","Microsoft-Windows-ActiveDirectory_DomainService","This Active Directory Domain Services server does not support the Recycle Bin. Deleted objects may be undeleted, however, when an object is undeleted, some attributes of that object may be lost.  Additionally, attributes of other objects that refer to the object being undeleted may also be lost."
"9/1/2026 9:22:48 PM","2172","Information","Microsoft-Windows-ActiveDirectory_DomainService","Read the msDS-GenerationId attribute of the Domain Controller's computer object. 
 
msDS-GenerationId attribute value:
10366403936868254078"
"9/1/2026 9:22:48 PM","2168","Information","Microsoft-Windows-ActiveDirectory_DomainService","The DC is running on a supported hypervisor. VM Generation ID is detected. 
 
Current value of VM Generation ID: 10366403936868254078"
"9/1/2026 9:22:48 PM","2406","Information","Microsoft-Windows-ActiveDirectory_DomainService","This Active Directory Domain Services server is disabling support for the ""Privileged Access Management Feature"" optional feature."
"9/1/2026 9:22:48 PM","2406","Information","Microsoft-Windows-ActiveDirectory_DomainService","This Active Directory Domain Services server is disabling support for the ""Recycle Bin Feature"" optional feature."
"9/1/2026 9:22:48 PM","2121","Information","Microsoft-Windows-ActiveDirectory_DomainService","This Active Directory Domain Services server is disabling the Recycle Bin. Deleted objects may not be undeleted at this time."
"9/1/2026 9:22:48 PM","3054","Warning","Microsoft-Windows-ActiveDirectory_DomainService","The directory has been configured to allow implicit owner privileges when initially setting or modifying the nTSecurityDescriptor attribute during LDAP add and modify operations. Warning events will be logged, but no requests will be blocked. 
 
This setting is not secure and should only be used as a temporary troubleshooting step. Please review the suggested mitigations in the link below. 
 
For more information, please see https://go.microsoft.com/fwlink/?linkid=2174032."
"9/1/2026 9:22:48 PM","3051","Warning","Microsoft-Windows-ActiveDirectory_DomainService","The directory has been configured to not enforce per-attribute authorization during LDAP add operations. Warning events will be logged, but no requests will be blocked. 
 
This setting is not secure and should only be used as a temporary troubleshooting step. Please review the suggested mitigations in the link below. 
 
For more information, please see https://go.microsoft.com/fwlink/?linkid=2174032."
"9/1/2026 9:15:25 PM","1004","Information","Microsoft-Windows-ActiveDirectory_DomainService","Active Directory Domain Services was shut down successfully."
"9/1/2026 9:15:24 PM","2179","Information","Microsoft-Windows-ActiveDirectory_DomainService","The msDS-GenerationId attribute of the Domain Controller's computer object has been set to the following parameter: 
 
GenerationID attribute:
10366403936868254078"
"9/1/2026 9:14:33 PM","1394","Information","Microsoft-Windows-ActiveDirectory_DomainService","All problems preventing updates to the Active Directory Domain Services database have been cleared. New updates to the Active Directory Domain Services database are succeeding. The Net Logon service has restarted."
"9/1/2026 9:14:03 PM","1000","Information","Microsoft-Windows-ActiveDirectory_DomainService","Microsoft Active Directory Domain Services startup complete"
"9/1/2026 9:14:03 PM","3041","Warning","Microsoft-Windows-ActiveDirectory_DomainService","The security of this directory server can be significantly enhanced by configuring the server to enforce  validation of Channel Binding Tokens received in LDAP bind requests sent over LDAPS connections. Even if  no clients are issuing LDAP bind requests over LDAPS, configuring the server to validate Channel Binding  Tokens will improve the security of this server. 
 
For more details and information on how to make this configuration change to the server, please see https://go.microsoft.com/fwlink/?linkid=2102405."
"9/1/2026 9:14:03 PM","2886","Warning","Microsoft-Windows-ActiveDirectory_DomainService","The security of this directory server can be significantly enhanced by configuring the server to reject SASL (Negotiate, Kerberos, NTLM, or Digest) LDAP binds that do not request signing (integrity verification) and LDAP simple binds that are performed on a clear text (non-SSL/TLS-encrypted) connection.  Even if no clients are using such binds, configuring the server to reject them will improve the security of this server. 
 
Some clients may currently be relying on unsigned SASL binds or LDAP simple binds over a non-SSL/TLS connection, and will stop working if this configuration change is made.  To assist in identifying these clients, if such binds occur this directory server will log a summary event once every 24 hours indicating how many such binds occurred.  You are encouraged to configure those clients to not use such binds.  Once no such events are observed for an extended period, it is recommended that you configure the server to reject such binds. 
 
For more details and information on how to make this configuration change to the server, please see http://go.microsoft.com/fwlink/?LinkID=87923. 
 
You can enable additional logging to log an event each time a client makes such a bind, including information on which client made the bind.  To do so, please raise the setting for the ""LDAP Interface Events"" event logging category to level 2 or higher."
"9/1/2026 9:13:53 PM","2405","Information","Microsoft-Windows-ActiveDirectory_DomainService","This Active Directory Domain Services server does not support the ""Privileged Access Management Feature"" optional feature."
"9/1/2026 9:13:53 PM","2405","Information","Microsoft-Windows-ActiveDirectory_DomainService","This Active Directory Domain Services server does not support the ""Recycle Bin Feature"" optional feature."
"9/1/2026 9:13:53 PM","2120","Information","Microsoft-Windows-ActiveDirectory_DomainService","This Active Directory Domain Services server does not support the Recycle Bin. Deleted objects may be undeleted, however, when an object is undeleted, some attributes of that object may be lost.  Additionally, attributes of other objects that refer to the object being undeleted may also be lost."
"9/1/2026 9:13:53 PM","2172","Information","Microsoft-Windows-ActiveDirectory_DomainService","Read the msDS-GenerationId attribute of the Domain Controller's computer object. 
 
msDS-GenerationId attribute value:
10366403936868254078"
"9/1/2026 9:13:53 PM","2168","Information","Microsoft-Windows-ActiveDirectory_DomainService","The DC is running on a supported hypervisor. VM Generation ID is detected. 
 
Current value of VM Generation ID: 10366403936868254078"
"9/1/2026 9:13:53 PM","2406","Information","Microsoft-Windows-ActiveDirectory_DomainService","This Active Directory Domain Services server is disabling support for the ""Privileged Access Management Feature"" optional feature."
"9/1/2026 9:13:53 PM","2406","Information","Microsoft-Windows-ActiveDirectory_DomainService","This Active Directory Domain Services server is disabling support for the ""Recycle Bin Feature"" optional feature."
"9/1/2026 9:13:53 PM","2121","Information","Microsoft-Windows-ActiveDirectory_DomainService","This Active Directory Domain Services server is disabling the Recycle Bin. Deleted objects may not be undeleted at this time."
"9/1/2026 9:13:53 PM","3054","Warning","Microsoft-Windows-ActiveDirectory_DomainService","The directory has been configured to allow implicit owner privileges when initially setting or modifying the nTSecurityDescriptor attribute during LDAP add and modify operations. Warning events will be logged, but no requests will be blocked. 
 
This setting is not secure and should only be used as a temporary troubleshooting step. Please review the suggested mitigations in the link below. 
 
For more information, please see https://go.microsoft.com/fwlink/?linkid=2174032."
"9/1/2026 9:13:53 PM","3051","Warning","Microsoft-Windows-ActiveDirectory_DomainService","The directory has been configured to not enforce per-attribute authorization during LDAP add operations. Warning events will be logged, but no requests will be blocked. 
 
This setting is not secure and should only be used as a temporary troubleshooting step. Please review the suggested mitigations in the link below. 
 
For more information, please see https://go.microsoft.com/fwlink/?linkid=2174032."
"9/1/2026 9:11:29 PM","1004","Information","Microsoft-Windows-ActiveDirectory_DomainService","Active Directory Domain Services was shut down successfully."
"9/1/2026 9:11:27 PM","2179","Information","Microsoft-Windows-ActiveDirectory_DomainService","The msDS-GenerationId attribute of the Domain Controller's computer object has been set to the following parameter: 
 
GenerationID attribute:
10366403936868254078"
"9/1/2026 8:42:23 PM","1869","Information","Microsoft-Windows-ActiveDirectory_DomainService","Active Directory Domain Services has located a global catalog in the following site. 
 
Global catalog:
\\dc.scaffold.htb 
Site:
Default-First-Site-Name"
"9/1/2026 8:42:23 PM","3027","Information","Microsoft-Windows-ActiveDirectory_DomainService","Internal event: Online Defragment Start succeeded. 
 
Duration in seconds:3600 
"
"9/1/2026 8:42:23 PM","3033","Information","Microsoft-Windows-ActiveDirectory_DomainService","Internal event: Online Defragment Stop invoked but defrag was not running."
"9/1/2026 8:42:24 PM","701","Information","NTDS ISAM","NTDS (676,D,0) NTDSA: Online defragmentation has completed a full pass on database 'C:\Windows\NTDS\ntds.dit', freeing 0 pages. This pass started on 9/1/2026 and ran for a total of 0 seconds, requiring 1 invocations over 1 days. Since the database was created it has been fully defragmented 24 times."
"9/1/2026 8:42:23 PM","700","Information","NTDS ISAM","NTDS (676,D,0) NTDSA: Online defragmentation is beginning a full pass on database 'C:\Windows\NTDS\ntds.dit'."
"9/1/2026 8:42:23 PM","330","Information","NTDS ISAM","NTDS (676,D,2) NTDSA: The database [C:\Windows\NTDS\temp.edb] format version is being held back to 8920 (0x22d8) due to application parameter setting of 0x22D8 (8920). Current default engine version: 9360 (0x2490)."
"9/1/2026 8:42:23 PM","326","Information","NTDS ISAM","NTDS (676,D,50) NTDSA: The database engine attached a database (1, C:\Windows\NTDS\ntds.dit). (Time=0 seconds) 
 
Saved Cache: 0 0 
Additional Data: lgposAttach = 00000003:02CC:0268,
dbv = 1568.20.0 (8920) 
 
Internal Timing Sequence: 
[1] 0.000005 +J(0) +M(C:0K, Fs:1, WS:4K # 0K, PF:0K # 0K, P:0K)
[2] 0.000634 -0.000456 (1) WT +J(0) +M(C:0K, Fs:19, WS:12K # 0K, PF:8K # 0K, P:8K)
[3] 0.005248 -0.001862 (6) WT +J(CM:0, PgRf:0, Rd:0/0, Dy:0/0, Lg:3480/2) +M(C:0K, Fs:17, WS:56K # 0K, PF:112K # 0K, P:112K)
[4] 0.000074 +J(0)
[5] -
[6] -
[7] -
[8] 0.002733 -0.000407 (2) CM -0.000334 (2) WT +J(CM:2, PgRf:2, Rd:4/2, Dy:0/0, Lg:0/0) +M(C:16K, Fs:43, WS:164K # 0K, PF:212K # 0K, P:212K)
[9] 0.002848 -0.002445 (5) CM -0.002273 (5) WT +J(CM:5, PgRf:24, Rd:0/5, Dy:0/0, Lg:0/0) +M(C:-8K, Fs:33, WS:104K # 0K, PF:196K # 0K, P:196K)
[10] 0.001004 -0.000811 (3) CM -0.000720 (3) WT +J(CM:3, PgRf:40, Rd:0/3, Dy:0/0, Lg:0/0) +M(C:-4K, Fs:6, WS:16K # 0K, PF:64K # 0K, P:64K)
[11] 0.000024 +J(CM:0, PgRf:1, Rd:0/0, Dy:0/0, Lg:0/0) +M(C:0K, Fs:4, WS:16K # 0K, PF:0K # 0K, P:0K)
[12] 0.000063 +J(CM:0, PgRf:48, Rd:0/0, Dy:0/0, Lg:0/0) +M(C:0K, Fs:2, WS:8K # 0K, PF:0K # 0K, P:0K)
[13] 0.000001 +J(0)
[14] 0.0 +J(0)
[15] 0.000006 +J(CM:0, PgRf:1, Rd:0/0, Dy:0/0, Lg:0/0)."
"9/1/2026 8:42:23 PM","330","Information","NTDS ISAM","NTDS (676,D,50) NTDSA: The database [C:\Windows\NTDS\ntds.dit] format version is being held back to 8920 (0x22d8) due to application parameter setting of 0x22D8 (8920). Current default engine version: 9360 (0x2490)."
"9/1/2026 8:42:23 PM","105","Information","NTDS ISAM","NTDS (676,D,0) NTDSA: The database engine started a new instance (0). (Time=0 seconds) 
 
Additional Data:
  
 
Internal Timing Sequence: 
[1] 0.001217 +J(0) +M(C:0K, Fs:121, WS:464K # 0K, PF:3252K # 344K, P:3252K)
[2] 0.001190 +J(0) +M(C:16K, Fs:89, WS:348K # 288K, PF:304K # 304K, P:304K)
[3] 0.001878 +J(0) +M(C:0K, Fs:5, WS:20K # 20K, PF:64K # 64K, P:64K)
[4] 0.013814 -0.000392 (1) WT +J(0) +M(C:0K, Fs:121, WS:408K # 408K, PF:5164K # 5164K, P:5164K)
[5] 0.000979 +J(0) +M(C:0K, Fs:3, WS:12K # 12K, PF:8K # 8K, P:8K)
[6] 0.003246 +J(0) +M(C:0K, Fs:20, WS:80K # 80K, PF:12K # 12K, P:12K)
[7] 0.054567 -0.045226 (21) WT +J(0) +M(C:0K, Fs:2579, WS:10296K # 10296K, PF:10260K # 10260K, P:10260K)
[8] -
[9] -
[10] -
[11] -
[12] -
[13] 0.044306 -0.037243 (22) WT +J(CM:0, PgRf:0, Rd:0/0, Dy:0/0, Lg:616/1) +M(C:0K, Fs:8, WS:-10216K # 24K, PF:-10256K # 12K, P:-10256K)
[14] 0.000021 +J(0)
[15] 0.000632 +J(0) +M(C:0K, Fs:206, WS:820K # 0K, PF:68K # 0K, P:68K)
[16] 0.000369 -0.000184 (1) WT +J(0) +M(C:0K, Fs:3, WS:4K # 0K, PF:0K # 0K, P:0K)."
"9/1/2026 8:42:23 PM","102","Information","NTDS ISAM","NTDS (676,P,98) NTDSA: The database engine (10.00.20348.0000) is starting a new instance (0)."
"9/1/2026 8:27:53 PM","1394","Information","Microsoft-Windows-ActiveDirectory_DomainService","All problems preventing updates to the Active Directory Domain Services database have been cleared. New updates to the Active Directory Domain Services database are succeeding. The Net Logon service has restarted."
"9/1/2026 8:27:23 PM","1000","Information","Microsoft-Windows-ActiveDirectory_DomainService","Microsoft Active Directory Domain Services startup complete"
"9/1/2026 8:27:23 PM","3041","Warning","Microsoft-Windows-ActiveDirectory_DomainService","The security of this directory server can be significantly enhanced by configuring the server to enforce  validation of Channel Binding Tokens received in LDAP bind requests sent over LDAPS connections. Even if  no clients are issuing LDAP bind requests over LDAPS, configuring the server to validate Channel Binding  Tokens will improve the security of this server. 
 
For more details and information on how to make this configuration change to the server, please see https://go.microsoft.com/fwlink/?linkid=2102405."
"9/1/2026 8:27:23 PM","2886","Warning","Microsoft-Windows-ActiveDirectory_DomainService","The security of this directory server can be significantly enhanced by configuring the server to reject SASL (Negotiate, Kerberos, NTLM, or Digest) LDAP binds that do not request signing (integrity verification) and LDAP simple binds that are performed on a clear text (non-SSL/TLS-encrypted) connection.  Even if no clients are using such binds, configuring the server to reject them will improve the security of this server. 
 
Some clients may currently be relying on unsigned SASL binds or LDAP simple binds over a non-SSL/TLS connection, and will stop working if this configuration change is made.  To assist in identifying these clients, if such binds occur this directory server will log a summary event once every 24 hours indicating how many such binds occurred.  You are encouraged to configure those clients to not use such binds.  Once no such events are observed for an extended period, it is recommended that you configure the server to reject such binds. 
 
For more details and information on how to make this configuration change to the server, please see http://go.microsoft.com/fwlink/?LinkID=87923. 
 
You can enable additional logging to log an event each time a client makes such a bind, including information on which client made the bind.  To do so, please raise the setting for the ""LDAP Interface Events"" event logging category to level 2 or higher."
"9/1/2026 8:27:13 PM","2405","Information","Microsoft-Windows-ActiveDirectory_DomainService","This Active Directory Domain Services server does not support the ""Privileged Access Management Feature"" optional feature."
"9/1/2026 8:27:13 PM","2405","Information","Microsoft-Windows-ActiveDirectory_DomainService","This Active Directory Domain Services server does not support the ""Recycle Bin Feature"" optional feature."
"9/1/2026 8:27:13 PM","2120","Information","Microsoft-Windows-ActiveDirectory_DomainService","This Active Directory Domain Services server does not support the Recycle Bin. Deleted objects may be undeleted, however, when an object is undeleted, some attributes of that object may be lost.  Additionally, attributes of other objects that refer to the object being undeleted may also be lost."
"9/1/2026 8:27:13 PM","2172","Information","Microsoft-Windows-ActiveDirectory_DomainService","Read the msDS-GenerationId attribute of the Domain Controller's computer object. 
 
msDS-GenerationId attribute value:
10366403936868254078"
"9/1/2026 8:27:13 PM","2168","Information","Microsoft-Windows-ActiveDirectory_DomainService","The DC is running on a supported hypervisor. VM Generation ID is detected. 
 
Current value of VM Generation ID: 10366403936868254078"
"9/1/2026 8:27:13 PM","2406","Information","Microsoft-Windows-ActiveDirectory_DomainService","This Active Directory Domain Services server is disabling support for the ""Privileged Access Management Feature"" optional feature."
"9/1/2026 8:27:13 PM","2406","Information","Microsoft-Windows-ActiveDirectory_DomainService","This Active Directory Domain Services server is disabling support for the ""Recycle Bin Feature"" optional feature."
"9/1/2026 8:27:13 PM","2121","Information","Microsoft-Windows-ActiveDirectory_DomainService","This Active Directory Domain Services server is disabling the Recycle Bin. Deleted objects may not be undeleted at this time."
"9/1/2026 8:27:13 PM","3054","Warning","Microsoft-Windows-ActiveDirectory_DomainService","The directory has been configured to allow implicit owner privileges when initially setting or modifying the nTSecurityDescriptor attribute during LDAP add and modify operations. Warning events will be logged, but no requests will be blocked. 
 
This setting is not secure and should only be used as a temporary troubleshooting step. Please review the suggested mitigations in the link below. 
 
For more information, please see https://go.microsoft.com/fwlink/?linkid=2174032."
"9/1/2026 8:27:13 PM","3051","Warning","Microsoft-Windows-ActiveDirectory_DomainService","The directory has been configured to not enforce per-attribute authorization during LDAP add operations. Warning events will be logged, but no requests will be blocked. 
 
This setting is not secure and should only be used as a temporary troubleshooting step. Please review the suggested mitigations in the link below. 
 
For more information, please see https://go.microsoft.com/fwlink/?linkid=2174032."
"9/1/2026 8:26:28 PM","1004","Information","Microsoft-Windows-ActiveDirectory_DomainService","Active Directory Domain Services was shut down successfully."
"9/1/2026 8:26:27 PM","2179","Information","Microsoft-Windows-ActiveDirectory_DomainService","The msDS-GenerationId attribute of the Domain Controller's computer object has been set to the following parameter: 
 
GenerationID attribute:
10366403936868254078"
"9/1/2026 8:22:35 PM","1394","Information","Microsoft-Windows-ActiveDirectory_DomainService","All problems preventing updates to the Active Directory Domain Services database have been cleared. New updates to the Active Directory Domain Services database are succeeding. The Net Logon service has restarted."
"9/1/2026 8:22:05 PM","1000","Information","Microsoft-Windows-ActiveDirectory_DomainService","Microsoft Active Directory Domain Services startup complete"
"9/1/2026 8:22:05 PM","3041","Warning","Microsoft-Windows-ActiveDirectory_DomainService","The security of this directory server can be significantly enhanced by configuring the server to enforce  validation of Channel Binding Tokens received in LDAP bind requests sent over LDAPS connections. Even if  no clients are issuing LDAP bind requests over LDAPS, configuring the server to validate Channel Binding  Tokens will improve the security of this server. 
 
For more details and information on how to make this configuration change to the server, please see https://go.microsoft.com/fwlink/?linkid=2102405."
"9/1/2026 8:22:05 PM","2886","Warning","Microsoft-Windows-ActiveDirectory_DomainService","The security of this directory server can be significantly enhanced by configuring the server to reject SASL (Negotiate, Kerberos, NTLM, or Digest) LDAP binds that do not request signing (integrity verification) and LDAP simple binds that are performed on a clear text (non-SSL/TLS-encrypted) connection.  Even if no clients are using such binds, configuring the server to reject them will improve the security of this server. 
 
Some clients may currently be relying on unsigned SASL binds or LDAP simple binds over a non-SSL/TLS connection, and will stop working if this configuration change is made.  To assist in identifying these clients, if such binds occur this directory server will log a summary event once every 24 hours indicating how many such binds occurred.  You are encouraged to configure those clients to not use such binds.  Once no such events are observed for an extended period, it is recommended that you configure the server to reject such binds. 
 
For more details and information on how to make this configuration change to the server, please see http://go.microsoft.com/fwlink/?LinkID=87923. 
 
You can enable additional logging to log an event each time a client makes such a bind, including information on which client made the bind.  To do so, please raise the setting for the ""LDAP Interface Events"" event logging category to level 2 or higher."
"9/1/2026 8:21:55 PM","2405","Information","Microsoft-Windows-ActiveDirectory_DomainService","This Active Directory Domain Services server does not support the ""Privileged Access Management Feature"" optional feature."
"9/1/2026 8:21:55 PM","2405","Information","Microsoft-Windows-ActiveDirectory_DomainService","This Active Directory Domain Services server does not support the ""Recycle Bin Feature"" optional feature."
"9/1/2026 8:21:55 PM","2120","Information","Microsoft-Windows-ActiveDirectory_DomainService","This Active Directory Domain Services server does not support the Recycle Bin. Deleted objects may be undeleted, however, when an object is undeleted, some attributes of that object may be lost.  Additionally, attributes of other objects that refer to the object being undeleted may also be lost."
"9/1/2026 8:21:55 PM","2172","Information","Microsoft-Windows-ActiveDirectory_DomainService","Read the msDS-GenerationId attribute of the Domain Controller's computer object. 
 
msDS-GenerationId attribute value:
10366403936868254078"
"9/1/2026 8:21:55 PM","2168","Information","Microsoft-Windows-ActiveDirectory_DomainService","The DC is running on a supported hypervisor. VM Generation ID is detected. 
 
Current value of VM Generation ID: 10366403936868254078"
"9/1/2026 8:21:55 PM","2406","Information","Microsoft-Windows-ActiveDirectory_DomainService","This Active Directory Domain Services server is disabling support for the ""Privileged Access Management Feature"" optional feature."
"9/1/2026 8:21:55 PM","2406","Information","Microsoft-Windows-ActiveDirectory_DomainService","This Active Directory Domain Services server is disabling support for the ""Recycle Bin Feature"" optional feature."
"9/1/2026 8:21:55 PM","2121","Information","Microsoft-Windows-ActiveDirectory_DomainService","This Active Directory Domain Services server is disabling the Recycle Bin. Deleted objects may not be undeleted at this time."
"9/1/2026 8:21:54 PM","3054","Warning","Microsoft-Windows-ActiveDirectory_DomainService","The directory has been configured to allow implicit owner privileges when initially setting or modifying the nTSecurityDescriptor attribute during LDAP add and modify operations. Warning events will be logged, but no requests will be blocked. 
 
This setting is not secure and should only be used as a temporary troubleshooting step. Please review the suggested mitigations in the link below. 
 
For more information, please see https://go.microsoft.com/fwlink/?linkid=2174032."
"9/1/2026 8:21:54 PM","3051","Warning","Microsoft-Windows-ActiveDirectory_DomainService","The directory has been configured to not enforce per-attribute authorization during LDAP add operations. Warning events will be logged, but no requests will be blocked. 
 
This setting is not secure and should only be used as a temporary troubleshooting step. Please review the suggested mitigations in the link below. 
 
For more information, please see https://go.microsoft.com/fwlink/?linkid=2174032."
"9/1/2026 8:21:33 PM","1004","Information","Microsoft-Windows-ActiveDirectory_DomainService","Active Directory Domain Services was shut down successfully."
"9/1/2026 8:21:32 PM","2179","Information","Microsoft-Windows-ActiveDirectory_DomainService","The msDS-GenerationId attribute of the Domain Controller's computer object has been set to the following parameter: 
 
GenerationID attribute:
10366403936868254078"
"9/1/2026 8:17:53 PM","1394","Information","Microsoft-Windows-ActiveDirectory_DomainService","All problems preventing updates to the Active Directory Domain Services database have been cleared. New updates to the Active Directory Domain Services database are succeeding. The Net Logon service has restarted."
"9/1/2026 8:17:23 PM","1000","Information","Microsoft-Windows-ActiveDirectory_DomainService","Microsoft Active Directory Domain Services startup complete"
"9/1/2026 8:17:23 PM","3041","Warning","Microsoft-Windows-ActiveDirectory_DomainService","The security of this directory server can be significantly enhanced by configuring the server to enforce  validation of Channel Binding Tokens received in LDAP bind requests sent over LDAPS connections. Even if  no clients are issuing LDAP bind requests over LDAPS, configuring the server to validate Channel Binding  Tokens will improve the security of this server. 
 
For more details and information on how to make this configuration change to the server, please see https://go.microsoft.com/fwlink/?linkid=2102405."
"9/1/2026 8:17:23 PM","2886","Warning","Microsoft-Windows-ActiveDirectory_DomainService","The security of this directory server can be significantly enhanced by configuring the server to reject SASL (Negotiate, Kerberos, NTLM, or Digest) LDAP binds that do not request signing (integrity verification) and LDAP simple binds that are performed on a clear text (non-SSL/TLS-encrypted) connection.  Even if no clients are using such binds, configuring the server to reject them will improve the security of this server. 
 
Some clients may currently be relying on unsigned SASL binds or LDAP simple binds over a non-SSL/TLS connection, and will stop working if this configuration change is made.  To assist in identifying these clients, if such binds occur this directory server will log a summary event once every 24 hours indicating how many such binds occurred.  You are encouraged to configure those clients to not use such binds.  Once no such events are observed for an extended period, it is recommended that you configure the server to reject such binds. 
 
For more details and information on how to make this configuration change to the server, please see http://go.microsoft.com/fwlink/?LinkID=87923. 
 
You can enable additional logging to log an event each time a client makes such a bind, including information on which client made the bind.  To do so, please raise the setting for the ""LDAP Interface Events"" event logging category to level 2 or higher."
"9/1/2026 8:17:13 PM","2405","Information","Microsoft-Windows-ActiveDirectory_DomainService","This Active Directory Domain Services server does not support the ""Privileged Access Management Feature"" optional feature."
"9/1/2026 8:17:13 PM","2405","Information","Microsoft-Windows-ActiveDirectory_DomainService","This Active Directory Domain Services server does not support the ""Recycle Bin Feature"" optional feature."
"9/1/2026 8:17:13 PM","2120","Information","Microsoft-Windows-ActiveDirectory_DomainService","This Active Directory Domain Services server does not support the Recycle Bin. Deleted objects may be undeleted, however, when an object is undeleted, some attributes of that object may be lost.  Additionally, attributes of other objects that refer to the object being undeleted may also be lost."
"9/1/2026 8:17:13 PM","2179","Information","Microsoft-Windows-ActiveDirectory_DomainService","The msDS-GenerationId attribute of the Domain Controller's computer object has been set to the following parameter: 
 
GenerationID attribute:
10366403936868254078"
"9/1/2026 8:17:13 PM","2208","Information","Microsoft-Windows-ActiveDirectory_DomainService","Active Directory Domain Services deleted DFSR databases to initialize SYSVOL replica during a non-authoritative restore. 
Active Directory detected that the virtual machine that hosts the domain controller was reverted to a previous state. Active Directory Domain Services needs to initialize a non-authoritative restore on the local SYSVOL replica. For DFSR, this is done by stopping the DFSR service, deleting DFSR databases, and re-starting the service. Upon restarting DFSR will rebuild the databases and start the initial sync."
"9/1/2026 8:17:13 PM","1109","Information","Microsoft-Windows-ActiveDirectory_DomainService","The invocationID attribute for this directory server has been changed. The highest update sequence number at the time the backup was created is as follows: 
 
InvocationID attribute (old value):
36e584d3-c5b8-4bdc-99b4-6f12693084e1 
InvocationID attribute (new value):
c061e9b4-f0cb-4fab-8632-e9a811bb6bda 
Update sequence number:
196654 
 
The invocationID is changed when a directory server is restored from backup media, is configured to host a writeable application directory partition, has been resumed after a virtual machine snapshot has been applied, after a virtual machine import operation, or after a live migration operation. Virtualized domain controllers should not be restored using virtual machine snapshots. The supported method to restore or rollback the content of an Active Directory Domain Services database is to restore a system state backup made with an Active Directory Domain Services-aware backup application."
"9/1/2026 8:17:13 PM","2170","Warning","Microsoft-Windows-ActiveDirectory_DomainService","A Generation ID change has been detected. 
 
Generation ID cached in DS (old value):
10261339969956552157 
Generation ID currently in VM (new value):
10366403936868254078 
 
The Generation ID change occurs after the application of a virtual machine snapshot, after a virtual machine import operation or after a live migration operation. Active Directory Domain Services will create a new invocation ID to recover the domain controller. Virtualized domain controllers should not be restored using virtual machine snapshots. The supported method to restore or rollback the content of an Active Directory Domain Services database is to restore a system state backup made with an Active Directory Domain Services aware backup application."
"9/1/2026 8:17:13 PM","2172","Information","Microsoft-Windows-ActiveDirectory_DomainService","Read the msDS-GenerationId attribute of the Domain Controller's computer object. 
 
msDS-GenerationId attribute value:
10261339969956552157"
"9/1/2026 8:17:13 PM","2168","Information","Microsoft-Windows-ActiveDirectory_DomainService","The DC is running on a supported hypervisor. VM Generation ID is detected. 
 
Current value of VM Generation ID: 10366403936868254078"
"9/1/2026 8:17:13 PM","2406","Information","Microsoft-Windows-ActiveDirectory_DomainService","This Active Directory Domain Services server is disabling support for the ""Privileged Access Management Feature"" optional feature."
"9/1/2026 8:17:13 PM","2406","Information","Microsoft-Windows-ActiveDirectory_DomainService","This Active Directory Domain Services server is disabling support for the ""Recycle Bin Feature"" optional feature."
"9/1/2026 8:17:13 PM","2121","Information","Microsoft-Windows-ActiveDirectory_DomainService","This Active Directory Domain Services server is disabling the Recycle Bin. Deleted objects may not be undeleted at this time."
"9/1/2026 8:17:13 PM","3054","Warning","Microsoft-Windows-ActiveDirectory_DomainService","The directory has been configured to allow implicit owner privileges when initially setting or modifying the nTSecurityDescriptor attribute during LDAP add and modify operations. Warning events will be logged, but no requests will be blocked. 
 
This setting is not secure and should only be used as a temporary troubleshooting step. Please review the suggested mitigations in the link below. 
 
For more information, please see https://go.microsoft.com/fwlink/?linkid=2174032."
"9/1/2026 8:17:13 PM","3051","Warning","Microsoft-Windows-ActiveDirectory_DomainService","The directory has been configured to not enforce per-attribute authorization during LDAP add operations. Warning events will be logged, but no requests will be blocked. 
 
This setting is not secure and should only be used as a temporary troubleshooting step. Please review the suggested mitigations in the link below. 
 
For more information, please see https://go.microsoft.com/fwlink/?linkid=2174032."
"9/1/2026 7:25:44 PM","1004","Information","Microsoft-Windows-ActiveDirectory_DomainService","Active Directory Domain Services was shut down successfully."
"9/1/2026 7:25:42 PM","2179","Information","Microsoft-Windows-ActiveDirectory_DomainService","The msDS-GenerationId attribute of the Domain Controller's computer object has been set to the following parameter: 
 
GenerationID attribute:
10261339969956552157"
"9/1/2026 7:25:27 PM","1394","Information","Microsoft-Windows-ActiveDirectory_DomainService","All problems preventing updates to the Active Directory Domain Services database have been cleared. New updates to the Active Directory Domain Services database are succeeding. The Net Logon service has restarted."
"9/1/2026 7:24:57 PM","1000","Information","Microsoft-Windows-ActiveDirectory_DomainService","Microsoft Active Directory Domain Services startup complete"
"9/1/2026 7:24:57 PM","3041","Warning","Microsoft-Windows-ActiveDirectory_DomainService","The security of this directory server can be significantly enhanced by configuring the server to enforce  validation of Channel Binding Tokens received in LDAP bind requests sent over LDAPS connections. Even if  no clients are issuing LDAP bind requests over LDAPS, configuring the server to validate Channel Binding  Tokens will improve the security of this server. 
 
For more details and information on how to make this configuration change to the server, please see https://go.microsoft.com/fwlink/?linkid=2102405."
"9/1/2026 7:24:57 PM","2886","Warning","Microsoft-Windows-ActiveDirectory_DomainService","The security of this directory server can be significantly enhanced by configuring the server to reject SASL (Negotiate, Kerberos, NTLM, or Digest) LDAP binds that do not request signing (integrity verification) and LDAP simple binds that are performed on a clear text (non-SSL/TLS-encrypted) connection.  Even if no clients are using such binds, configuring the server to reject them will improve the security of this server. 
 
Some clients may currently be relying on unsigned SASL binds or LDAP simple binds over a non-SSL/TLS connection, and will stop working if this configuration change is made.  To assist in identifying these clients, if such binds occur this directory server will log a summary event once every 24 hours indicating how many such binds occurred.  You are encouraged to configure those clients to not use such binds.  Once no such events are observed for an extended period, it is recommended that you configure the server to reject such binds. 
 
For more details and information on how to make this configuration change to the server, please see http://go.microsoft.com/fwlink/?LinkID=87923. 
 
You can enable additional logging to log an event each time a client makes such a bind, including information on which client made the bind.  To do so, please raise the setting for the ""LDAP Interface Events"" event logging category to level 2 or higher."
"9/1/2026 7:24:47 PM","2405","Information","Microsoft-Windows-ActiveDirectory_DomainService","This Active Directory Domain Services server does not support the ""Privileged Access Management Feature"" optional feature."
"9/1/2026 7:24:47 PM","2405","Information","Microsoft-Windows-ActiveDirectory_DomainService","This Active Directory Domain Services server does not support the ""Recycle Bin Feature"" optional feature."
"9/1/2026 7:24:47 PM","2120","Information","Microsoft-Windows-ActiveDirectory_DomainService","This Active Directory Domain Services server does not support the Recycle Bin. Deleted objects may be undeleted, however, when an object is undeleted, some attributes of that object may be lost.  Additionally, attributes of other objects that refer to the object being undeleted may also be lost."
"9/1/2026 7:24:47 PM","2172","Information","Microsoft-Windows-ActiveDirectory_DomainService","Read the msDS-GenerationId attribute of the Domain Controller's computer object. 
 
msDS-GenerationId attribute value:
10261339969956552157"
"9/1/2026 7:24:47 PM","2168","Information","Microsoft-Windows-ActiveDirectory_DomainService","The DC is running on a supported hypervisor. VM Generation ID is detected. 
 
Current value of VM Generation ID: 10261339969956552157"
"9/1/2026 7:24:47 PM","2406","Information","Microsoft-Windows-ActiveDirectory_DomainService","This Active Directory Domain Services server is disabling support for the ""Privileged Access Management Feature"" optional feature."
"9/1/2026 7:24:47 PM","2406","Information","Microsoft-Windows-ActiveDirectory_DomainService","This Active Directory Domain Services server is disabling support for the ""Recycle Bin Feature"" optional feature."
"9/1/2026 7:24:47 PM","2121","Information","Microsoft-Windows-ActiveDirectory_DomainService","This Active Directory Domain Services server is disabling the Recycle Bin. Deleted objects may not be undeleted at this time."
"9/1/2026 7:24:46 PM","3054","Warning","Microsoft-Windows-ActiveDirectory_DomainService","The directory has been configured to allow implicit owner privileges when initially setting or modifying the nTSecurityDescriptor attribute during LDAP add and modify operations. Warning events will be logged, but no requests will be blocked. 
 
This setting is not secure and should only be used as a temporary troubleshooting step. Please review the suggested mitigations in the link below. 
 
For more information, please see https://go.microsoft.com/fwlink/?linkid=2174032."
"9/1/2026 7:24:46 PM","3051","Warning","Microsoft-Windows-ActiveDirectory_DomainService","The directory has been configured to not enforce per-attribute authorization during LDAP add operations. Warning events will be logged, but no requests will be blocked. 
 
This setting is not secure and should only be used as a temporary troubleshooting step. Please review the suggested mitigations in the link below. 
 
For more information, please see https://go.microsoft.com/fwlink/?linkid=2174032."
"9/1/2026 7:17:52 PM","1004","Information","Microsoft-Windows-ActiveDirectory_DomainService","Active Directory Domain Services was shut down successfully."
"9/1/2026 7:17:51 PM","2179","Information","Microsoft-Windows-ActiveDirectory_DomainService","The msDS-GenerationId attribute of the Domain Controller's computer object has been set to the following parameter: 
 
GenerationID attribute:
10261339969956552157"
"9/1/2026 7:17:42 PM","1394","Information","Microsoft-Windows-ActiveDirectory_DomainService","All problems preventing updates to the Active Directory Domain Services database have been cleared. New updates to the Active Directory Domain Services database are succeeding. The Net Logon service has restarted."
"9/1/2026 7:17:12 PM","1000","Information","Microsoft-Windows-ActiveDirectory_DomainService","Microsoft Active Directory Domain Services startup complete"
"9/1/2026 7:17:12 PM","3041","Warning","Microsoft-Windows-ActiveDirectory_DomainService","The security of this directory server can be significantly enhanced by configuring the server to enforce  validation of Channel Binding Tokens received in LDAP bind requests sent over LDAPS connections. Even if  no clients are issuing LDAP bind requests over LDAPS, configuring the server to validate Channel Binding  Tokens will improve the security of this server. 
 
For more details and information on how to make this configuration change to the server, please see https://go.microsoft.com/fwlink/?linkid=2102405."
"9/1/2026 7:17:12 PM","2886","Warning","Microsoft-Windows-ActiveDirectory_DomainService","The security of this directory server can be significantly enhanced by configuring the server to reject SASL (Negotiate, Kerberos, NTLM, or Digest) LDAP binds that do not request signing (integrity verification) and LDAP simple binds that are performed on a clear text (non-SSL/TLS-encrypted) connection.  Even if no clients are using such binds, configuring the server to reject them will improve the security of this server. 
 
Some clients may currently be relying on unsigned SASL binds or LDAP simple binds over a non-SSL/TLS connection, and will stop working if this configuration change is made.  To assist in identifying these clients, if such binds occur this directory server will log a summary event once every 24 hours indicating how many such binds occurred.  You are encouraged to configure those clients to not use such binds.  Once no such events are observed for an extended period, it is recommended that you configure the server to reject such binds. 
 
For more details and information on how to make this configuration change to the server, please see http://go.microsoft.com/fwlink/?LinkID=87923. 
 
You can enable additional logging to log an event each time a client makes such a bind, including information on which client made the bind.  To do so, please raise the setting for the ""LDAP Interface Events"" event logging category to level 2 or higher."
"9/1/2026 7:17:01 PM","2405","Information","Microsoft-Windows-ActiveDirectory_DomainService","This Active Directory Domain Services server does not support the ""Privileged Access Management Feature"" optional feature."
"9/1/2026 7:17:01 PM","2405","Information","Microsoft-Windows-ActiveDirectory_DomainService","This Active Directory Domain Services server does not support the ""Recycle Bin Feature"" optional feature."
"9/1/2026 7:17:01 PM","2120","Information","Microsoft-Windows-ActiveDirectory_DomainService","This Active Directory Domain Services server does not support the Recycle Bin. Deleted objects may be undeleted, however, when an object is undeleted, some attributes of that object may be lost.  Additionally, attributes of other objects that refer to the object being undeleted may also be lost."
"9/1/2026 7:17:01 PM","2208","Information","Microsoft-Windows-ActiveDirectory_DomainService","Active Directory Domain Services deleted DFSR databases to initialize SYSVOL replica during a non-authoritative restore. 
Active Directory detected that the virtual machine that hosts the domain controller was reverted to a previous state. Active Directory Domain Services needs to initialize a non-authoritative restore on the local SYSVOL replica. For DFSR, this is done by stopping the DFSR service, deleting DFSR databases, and re-starting the service. Upon restarting DFSR will rebuild the databases and start the initial sync."
"9/1/2026 7:17:01 PM","2179","Information","Microsoft-Windows-ActiveDirectory_DomainService","The msDS-GenerationId attribute of the Domain Controller's computer object has been set to the following parameter: 
 
GenerationID attribute:
10261339969956552157"
"9/1/2026 7:17:01 PM","1109","Information","Microsoft-Windows-ActiveDirectory_DomainService","The invocationID attribute for this directory server has been changed. The highest update sequence number at the time the backup was created is as follows: 
 
InvocationID attribute (old value):
ed24a86c-a1e2-424b-823b-c62ea4abc0f2 
InvocationID attribute (new value):
36e584d3-c5b8-4bdc-99b4-6f12693084e1 
Update sequence number:
188460 
 
The invocationID is changed when a directory server is restored from backup media, is configured to host a writeable application directory partition, has been resumed after a virtual machine snapshot has been applied, after a virtual machine import operation, or after a live migration operation. Virtualized domain controllers should not be restored using virtual machine snapshots. The supported method to restore or rollback the content of an Active Directory Domain Services database is to restore a system state backup made with an Active Directory Domain Services-aware backup application."
"9/1/2026 7:17:01 PM","2170","Warning","Microsoft-Windows-ActiveDirectory_DomainService","A Generation ID change has been detected. 
 
Generation ID cached in DS (old value):
8768602903465352816 
Generation ID currently in VM (new value):
10261339969956552157 
 
The Generation ID change occurs after the application of a virtual machine snapshot, after a virtual machine import operation or after a live migration operation. Active Directory Domain Services will create a new invocation ID to recover the domain controller. Virtualized domain controllers should not be restored using virtual machine snapshots. The supported method to restore or rollback the content of an Active Directory Domain Services database is to restore a system state backup made with an Active Directory Domain Services aware backup application."
"9/1/2026 7:17:01 PM","2172","Information","Microsoft-Windows-ActiveDirectory_DomainService","Read the msDS-GenerationId attribute of the Domain Controller's computer object. 
 
msDS-GenerationId attribute value:
8768602903465352816"
"9/1/2026 7:17:01 PM","2168","Information","Microsoft-Windows-ActiveDirectory_DomainService","The DC is running on a supported hypervisor. VM Generation ID is detected. 
 
Current value of VM Generation ID: 10261339969956552157"
"9/1/2026 7:17:01 PM","2406","Information","Microsoft-Windows-ActiveDirectory_DomainService","This Active Directory Domain Services server is disabling support for the ""Privileged Access Management Feature"" optional feature."
"9/1/2026 7:17:01 PM","2406","Information","Microsoft-Windows-ActiveDirectory_DomainService","This Active Directory Domain Services server is disabling support for the ""Recycle Bin Feature"" optional feature."
"9/1/2026 7:17:01 PM","2121","Information","Microsoft-Windows-ActiveDirectory_DomainService","This Active Directory Domain Services server is disabling the Recycle Bin. Deleted objects may not be undeleted at this time."
"9/1/2026 7:17:01 PM","3054","Warning","Microsoft-Windows-ActiveDirectory_DomainService","The directory has been configured to allow implicit owner privileges when initially setting or modifying the nTSecurityDescriptor attribute during LDAP add and modify operations. Warning events will be logged, but no requests will be blocked. 
 
This setting is not secure and should only be used as a temporary troubleshooting step. Please review the suggested mitigations in the link below. 
 
For more information, please see https://go.microsoft.com/fwlink/?linkid=2174032."
"9/1/2026 7:17:01 PM","3051","Warning","Microsoft-Windows-ActiveDirectory_DomainService","The directory has been configured to not enforce per-attribute authorization during LDAP add operations. Warning events will be logged, but no requests will be blocked. 
 
This setting is not secure and should only be used as a temporary troubleshooting step. Please review the suggested mitigations in the link below. 
 
For more information, please see https://go.microsoft.com/fwlink/?linkid=2174032."
"9/1/2026 5:18:23 PM","1004","Information","Microsoft-Windows-ActiveDirectory_DomainService","Active Directory Domain Services was shut down successfully."
"9/1/2026 5:18:22 PM","2179","Information","Microsoft-Windows-ActiveDirectory_DomainService","The msDS-GenerationId attribute of the Domain Controller's computer object has been set to the following parameter: 
 
GenerationID attribute:
8768602903465352816"
"9/1/2026 5:14:44 PM","1869","Information","Microsoft-Windows-ActiveDirectory_DomainService","Active Directory Domain Services has located a global catalog in the following site. 
 
Global catalog:
\\dc.scaffold.htb 
Site:
Default-First-Site-Name"
"9/1/2026 5:14:44 PM","3027","Information","Microsoft-Windows-ActiveDirectory_DomainService","Internal event: Online Defragment Start succeeded. 
 
Duration in seconds:3600 
"
"9/1/2026 5:14:44 PM","3033","Information","Microsoft-Windows-ActiveDirectory_DomainService","Internal event: Online Defragment Stop invoked but defrag was not running."
"9/1/2026 5:14:45 PM","701","Information","NTDS ISAM","NTDS (696,D,0) NTDSA: Online defragmentation has completed a full pass on database 'C:\Windows\NTDS\ntds.dit', freeing 1 pages. This pass started on 9/1/2026 and ran for a total of 0 seconds, requiring 1 invocations over 1 days. Since the database was created it has been fully defragmented 23 times."
"9/1/2026 5:14:44 PM","700","Information","NTDS ISAM","NTDS (696,D,0) NTDSA: Online defragmentation is beginning a full pass on database 'C:\Windows\NTDS\ntds.dit'."
"9/1/2026 5:14:44 PM","330","Information","NTDS ISAM","NTDS (696,D,2) NTDSA: The database [C:\Windows\NTDS\temp.edb] format version is being held back to 8920 (0x22d8) due to application parameter setting of 0x22D8 (8920). Current default engine version: 9360 (0x2490)."
"9/1/2026 5:14:44 PM","326","Information","NTDS ISAM","NTDS (696,D,50) NTDSA: The database engine attached a database (1, C:\Windows\NTDS\ntds.dit). (Time=0 seconds) 
 
Saved Cache: 0 0 
Additional Data: lgposAttach = 00000003:024D:0268,
dbv = 1568.20.0 (8920) 
 
Internal Timing Sequence: 
[1] 0.000005 +J(0) +M(C:0K, Fs:1, WS:4K # 0K, PF:0K # 0K, P:0K)
[2] 0.000708 -0.000501 (1) WT +J(0) +M(C:0K, Fs:20, WS:12K # 0K, PF:8K # 0K, P:8K)
[3] 0.005618 -0.002914 (6) WT +J(CM:0, PgRf:0, Rd:0/0, Dy:0/0, Lg:3480/2) +M(C:0K, Fs:16, WS:52K # 0K, PF:108K # 0K, P:108K)
[4] 0.000093 +J(0)
[5] -
[6] -
[7] -
[8] 0.003518 -0.000449 (2) CM -0.000361 (2) WT +J(CM:2, PgRf:2, Rd:4/2, Dy:0/0, Lg:0/0) +M(C:16K, Fs:44, WS:168K # 0K, PF:216K # 0K, P:216K)
[9] 0.004965 -0.004376 (9) CM -0.004039 (9) WT +J(CM:9, PgRf:24, Rd:0/9, Dy:0/0, Lg:0/0) +M(C:-8K, Fs:30, WS:100K # 0K, PF:192K # 0K, P:192K)
[10] 0.001117 -0.000882 (4) CM -0.000746 (4) WT +J(CM:4, PgRf:40, Rd:0/4, Dy:0/0, Lg:0/0) +M(C:-4K, Fs:6, WS:12K # 0K, PF:60K # 0K, P:60K)
[11] 0.000019 +J(CM:0, PgRf:1, Rd:0/0, Dy:0/0, Lg:0/0) +M(C:0K, Fs:4, WS:16K # 0K, PF:0K # 0K, P:0K)
[12] 0.000049 +J(CM:0, PgRf:48, Rd:0/0, Dy:0/0, Lg:0/0) +M(C:0K, Fs:2, WS:8K # 0K, PF:0K # 0K, P:0K)
[13] 0.0 +J(0)
[14] 0.0 +J(0)
[15] 0.000005 +J(CM:0, PgRf:1, Rd:0/0, Dy:0/0, Lg:0/0)."
"9/1/2026 5:14:44 PM","330","Information","NTDS ISAM","NTDS (696,D,50) NTDSA: The database [C:\Windows\NTDS\ntds.dit] format version is being held back to 8920 (0x22d8) due to application parameter setting of 0x22D8 (8920). Current default engine version: 9360 (0x2490)."
"9/1/2026 5:14:44 PM","105","Information","NTDS ISAM","NTDS (696,D,0) NTDSA: The database engine started a new instance (0). (Time=0 seconds) 
 
Additional Data:
  
 
Internal Timing Sequence: 
[1] 0.000892 +J(0) +M(C:0K, Fs:121, WS:468K # 0K, PF:3252K # 348K, P:3252K)
[2] 0.001525 +J(0) +M(C:16K, Fs:85, WS:332K # 280K, PF:288K # 288K, P:288K)
[3] 0.000902 +J(0) +M(C:0K, Fs:5, WS:20K # 20K, PF:64K # 64K, P:64K)
[4] 0.013572 -0.000511 (1) WT +J(0) +M(C:0K, Fs:123, WS:408K # 408K, PF:5164K # 5164K, P:5164K)
[5] 0.001040 +J(0) +M(C:0K, Fs:5, WS:20K # 20K, PF:16K # 16K, P:16K)
[6] 0.003641 +J(0) +M(C:0K, Fs:20, WS:80K # 80K, PF:12K # 12K, P:12K)
[7] 0.072557 -0.062780 (21) WT +J(0) +M(C:0K, Fs:2579, WS:10296K # 10296K, PF:10260K # 10260K, P:10260K)
[8] -
[9] -
[10] -
[11] -
[12] -
[13] 0.034809 -0.027119 (22) WT +J(CM:0, PgRf:0, Rd:0/0, Dy:0/0, Lg:616/1) +M(C:0K, Fs:8, WS:-10216K # 24K, PF:-10256K # 12K, P:-10256K)
[14] 0.000022 +J(0)
[15] 0.000573 +J(0) +M(C:0K, Fs:206, WS:820K # 0K, PF:68K # 0K, P:68K)
[16] 0.000554 -0.000335 (1) WT +J(0) +M(C:0K, Fs:3, WS:4K # 0K, PF:0K # 0K, P:0K)."
"9/1/2026 5:14:44 PM","102","Information","NTDS ISAM","NTDS (696,P,98) NTDSA: The database engine (10.00.20348.0000) is starting a new instance (0)."
"9/1/2026 5:00:14 PM","1394","Information","Microsoft-Windows-ActiveDirectory_DomainService","All problems preventing updates to the Active Directory Domain Services database have been cleared. New updates to the Active Directory Domain Services database are succeeding. The Net Logon service has restarted."
"9/1/2026 4:59:44 PM","1000","Information","Microsoft-Windows-ActiveDirectory_DomainService","Microsoft Active Directory Domain Services startup complete"
"9/1/2026 4:59:44 PM","3041","Warning","Microsoft-Windows-ActiveDirectory_DomainService","The security of this directory server can be significantly enhanced by configuring the server to enforce  validation of Channel Binding Tokens received in LDAP bind requests sent over LDAPS connections. Even if  no clients are issuing LDAP bind requests over LDAPS, configuring the server to validate Channel Binding  Tokens will improve the security of this server. 
 
For more details and information on how to make this configuration change to the server, please see https://go.microsoft.com/fwlink/?linkid=2102405."
"9/1/2026 4:59:44 PM","2886","Warning","Microsoft-Windows-ActiveDirectory_DomainService","The security of this directory server can be significantly enhanced by configuring the server to reject SASL (Negotiate, Kerberos, NTLM, or Digest) LDAP binds that do not request signing (integrity verification) and LDAP simple binds that are performed on a clear text (non-SSL/TLS-encrypted) connection.  Even if no clients are using such binds, configuring the server to reject them will improve the security of this server. 
 
Some clients may currently be relying on unsigned SASL binds or LDAP simple binds over a non-SSL/TLS connection, and will stop working if this configuration change is made.  To assist in identifying these clients, if such binds occur this directory server will log a summary event once every 24 hours indicating how many such binds occurred.  You are encouraged to configure those clients to not use such binds.  Once no such events are observed for an extended period, it is recommended that you configure the server to reject such binds. 
 
For more details and information on how to make this configuration change to the server, please see http://go.microsoft.com/fwlink/?LinkID=87923. 
 
You can enable additional logging to log an event each time a client makes such a bind, including information on which client made the bind.  To do so, please raise the setting for the ""LDAP Interface Events"" event logging category to level 2 or higher."
"9/1/2026 4:59:34 PM","2405","Information","Microsoft-Windows-ActiveDirectory_DomainService","This Active Directory Domain Services server does not support the ""Privileged Access Management Feature"" optional feature."
"9/1/2026 4:59:34 PM","2405","Information","Microsoft-Windows-ActiveDirectory_DomainService","This Active Directory Domain Services server does not support the ""Recycle Bin Feature"" optional feature."
"9/1/2026 4:59:34 PM","2120","Information","Microsoft-Windows-ActiveDirectory_DomainService","This Active Directory Domain Services server does not support the Recycle Bin. Deleted objects may be undeleted, however, when an object is undeleted, some attributes of that object may be lost.  Additionally, attributes of other objects that refer to the object being undeleted may also be lost."
"9/1/2026 4:59:34 PM","2179","Information","Microsoft-Windows-ActiveDirectory_DomainService","The msDS-GenerationId attribute of the Domain Controller's computer object has been set to the following parameter: 
 
GenerationID attribute:
8768602903465352816"
"9/1/2026 4:59:34 PM","2208","Information","Microsoft-Windows-ActiveDirectory_DomainService","Active Directory Domain Services deleted DFSR databases to initialize SYSVOL replica during a non-authoritative restore. 
Active Directory detected that the virtual machine that hosts the domain controller was reverted to a previous state. Active Directory Domain Services needs to initialize a non-authoritative restore on the local SYSVOL replica. For DFSR, this is done by stopping the DFSR service, deleting DFSR databases, and re-starting the service. Upon restarting DFSR will rebuild the databases and start the initial sync."
"9/1/2026 4:59:34 PM","1109","Information","Microsoft-Windows-ActiveDirectory_DomainService","The invocationID attribute for this directory server has been changed. The highest update sequence number at the time the backup was created is as follows: 
 
InvocationID attribute (old value):
ab0b5153-a6c0-449d-a074-021f972b6a5a 
InvocationID attribute (new value):
ed24a86c-a1e2-424b-823b-c62ea4abc0f2 
Update sequence number:
184363 
 
The invocationID is changed when a directory server is restored from backup media, is configured to host a writeable application directory partition, has been resumed after a virtual machine snapshot has been applied, after a virtual machine import operation, or after a live migration operation. Virtualized domain controllers should not be restored using virtual machine snapshots. The supported method to restore or rollback the content of an Active Directory Domain Services database is to restore a system state backup made with an Active Directory Domain Services-aware backup application."
"9/1/2026 4:59:34 PM","2170","Warning","Microsoft-Windows-ActiveDirectory_DomainService","A Generation ID change has been detected. 
 
Generation ID cached in DS (old value):
1101925444124656223 
Generation ID currently in VM (new value):
8768602903465352816 
 
The Generation ID change occurs after the application of a virtual machine snapshot, after a virtual machine import operation or after a live migration operation. Active Directory Domain Services will create a new invocation ID to recover the domain controller. Virtualized domain controllers should not be restored using virtual machine snapshots. The supported method to restore or rollback the content of an Active Directory Domain Services database is to restore a system state backup made with an Active Directory Domain Services aware backup application."
"9/1/2026 4:59:34 PM","2172","Information","Microsoft-Windows-ActiveDirectory_DomainService","Read the msDS-GenerationId attribute of the Domain Controller's computer object. 
 
msDS-GenerationId attribute value:
1101925444124656223"
"9/1/2026 4:59:34 PM","2168","Information","Microsoft-Windows-ActiveDirectory_DomainService","The DC is running on a supported hypervisor. VM Generation ID is detected. 
 
Current value of VM Generation ID: 8768602903465352816"
"9/1/2026 4:59:34 PM","2406","Information","Microsoft-Windows-ActiveDirectory_DomainService","This Active Directory Domain Services server is disabling support for the ""Privileged Access Management Feature"" optional feature."
"9/1/2026 4:59:34 PM","2406","Information","Microsoft-Windows-ActiveDirectory_DomainService","This Active Directory Domain Services server is disabling support for the ""Recycle Bin Feature"" optional feature."
"9/1/2026 4:59:34 PM","2121","Information","Microsoft-Windows-ActiveDirectory_DomainService","This Active Directory Domain Services server is disabling the Recycle Bin. Deleted objects may not be undeleted at this time."
"9/1/2026 4:59:34 PM","3054","Warning","Microsoft-Windows-ActiveDirectory_DomainService","The directory has been configured to allow implicit owner privileges when initially setting or modifying the nTSecurityDescriptor attribute during LDAP add and modify operations. Warning events will be logged, but no requests will be blocked. 
 
This setting is not secure and should only be used as a temporary troubleshooting step. Please review the suggested mitigations in the link below. 
 
For more information, please see https://go.microsoft.com/fwlink/?linkid=2174032."
"9/1/2026 4:59:34 PM","3051","Warning","Microsoft-Windows-ActiveDirectory_DomainService","The directory has been configured to not enforce per-attribute authorization during LDAP add operations. Warning events will be logged, but no requests will be blocked. 
 
This setting is not secure and should only be used as a temporary troubleshooting step. Please review the suggested mitigations in the link below. 
 
For more information, please see https://go.microsoft.com/fwlink/?linkid=2174032."
"9/1/2026 4:56:20 PM","1004","Information","Microsoft-Windows-ActiveDirectory_DomainService","Active Directory Domain Services was shut down successfully."
"9/1/2026 4:56:18 PM","2179","Information","Microsoft-Windows-ActiveDirectory_DomainService","The msDS-GenerationId attribute of the Domain Controller's computer object has been set to the following parameter: 
 
GenerationID attribute:
1101925444124656223"
"9/1/2026 4:55:14 PM","1394","Information","Microsoft-Windows-ActiveDirectory_DomainService","All problems preventing updates to the Active Directory Domain Services database have been cleared. New updates to the Active Directory Domain Services database are succeeding. The Net Logon service has restarted."
"9/1/2026 4:54:44 PM","1000","Information","Microsoft-Windows-ActiveDirectory_DomainService","Microsoft Active Directory Domain Services startup complete"
"9/1/2026 4:54:44 PM","3041","Warning","Microsoft-Windows-ActiveDirectory_DomainService","The security of this directory server can be significantly enhanced by configuring the server to enforce  validation of Channel Binding Tokens received in LDAP bind requests sent over LDAPS connections. Even if  no clients are issuing LDAP bind requests over LDAPS, configuring the server to validate Channel Binding  Tokens will improve the security of this server. 
 
For more details and information on how to make this configuration change to the server, please see https://go.microsoft.com/fwlink/?linkid=2102405."
"9/1/2026 4:54:44 PM","2886","Warning","Microsoft-Windows-ActiveDirectory_DomainService","The security of this directory server can be significantly enhanced by configuring the server to reject SASL (Negotiate, Kerberos, NTLM, or Digest) LDAP binds that do not request signing (integrity verification) and LDAP simple binds that are performed on a clear text (non-SSL/TLS-encrypted) connection.  Even if no clients are using such binds, configuring the server to reject them will improve the security of this server. 
 
Some clients may currently be relying on unsigned SASL binds or LDAP simple binds over a non-SSL/TLS connection, and will stop working if this configuration change is made.  To assist in identifying these clients, if such binds occur this directory server will log a summary event once every 24 hours indicating how many such binds occurred.  You are encouraged to configure those clients to not use such binds.  Once no such events are observed for an extended period, it is recommended that you configure the server to reject such binds. 
 
For more details and information on how to make this configuration change to the server, please see http://go.microsoft.com/fwlink/?LinkID=87923. 
 
You can enable additional logging to log an event each time a client makes such a bind, including information on which client made the bind.  To do so, please raise the setting for the ""LDAP Interface Events"" event logging category to level 2 or higher."
"9/1/2026 4:54:34 PM","2405","Information","Microsoft-Windows-ActiveDirectory_DomainService","This Active Directory Domain Services server does not support the ""Privileged Access Management Feature"" optional feature."
"9/1/2026 4:54:34 PM","2405","Information","Microsoft-Windows-ActiveDirectory_DomainService","This Active Directory Domain Services server does not support the ""Recycle Bin Feature"" optional feature."
"9/1/2026 4:54:34 PM","2120","Information","Microsoft-Windows-ActiveDirectory_DomainService","This Active Directory Domain Services server does not support the Recycle Bin. Deleted objects may be undeleted, however, when an object is undeleted, some attributes of that object may be lost.  Additionally, attributes of other objects that refer to the object being undeleted may also be lost."
"9/1/2026 4:54:34 PM","2172","Information","Microsoft-Windows-ActiveDirectory_DomainService","Read the msDS-GenerationId attribute of the Domain Controller's computer object. 
 
msDS-GenerationId attribute value:
1101925444124656223"
"9/1/2026 4:54:34 PM","2168","Information","Microsoft-Windows-ActiveDirectory_DomainService","The DC is running on a supported hypervisor. VM Generation ID is detected. 
 
Current value of VM Generation ID: 1101925444124656223"
"9/1/2026 4:54:34 PM","2406","Information","Microsoft-Windows-ActiveDirectory_DomainService","This Active Directory Domain Services server is disabling support for the ""Privileged Access Management Feature"" optional feature."
"9/1/2026 4:54:34 PM","2406","Information","Microsoft-Windows-ActiveDirectory_DomainService","This Active Directory Domain Services server is disabling support for the ""Recycle Bin Feature"" optional feature."
"9/1/2026 4:54:34 PM","2121","Information","Microsoft-Windows-ActiveDirectory_DomainService","This Active Directory Domain Services server is disabling the Recycle Bin. Deleted objects may not be undeleted at this time."
"9/1/2026 4:54:34 PM","3054","Warning","Microsoft-Windows-ActiveDirectory_DomainService","The directory has been configured to allow implicit owner privileges when initially setting or modifying the nTSecurityDescriptor attribute during LDAP add and modify operations. Warning events will be logged, but no requests will be blocked. 
 
This setting is not secure and should only be used as a temporary troubleshooting step. Please review the suggested mitigations in the link below. 
 
For more information, please see https://go.microsoft.com/fwlink/?linkid=2174032."
"9/1/2026 4:54:34 PM","3051","Warning","Microsoft-Windows-ActiveDirectory_DomainService","The directory has been configured to not enforce per-attribute authorization during LDAP add operations. Warning events will be logged, but no requests will be blocked. 
 
This setting is not secure and should only be used as a temporary troubleshooting step. Please review the suggested mitigations in the link below. 
 
For more information, please see https://go.microsoft.com/fwlink/?linkid=2174032."
"9/1/2026 4:54:18 PM","1004","Information","Microsoft-Windows-ActiveDirectory_DomainService","Active Directory Domain Services was shut down successfully."
"9/1/2026 4:54:18 PM","2179","Information","Microsoft-Windows-ActiveDirectory_DomainService","The msDS-GenerationId attribute of the Domain Controller's computer object has been set to the following parameter: 
 
GenerationID attribute:
1101925444124656223"
"9/1/2026 4:51:47 PM","1394","Information","Microsoft-Windows-ActiveDirectory_DomainService","All problems preventing updates to the Active Directory Domain Services database have been cleared. New updates to the Active Directory Domain Services database are succeeding. The Net Logon service has restarted."
"9/1/2026 4:51:17 PM","1000","Information","Microsoft-Windows-ActiveDirectory_DomainService","Microsoft Active Directory Domain Services startup complete"
"9/1/2026 4:51:17 PM","3041","Warning","Microsoft-Windows-ActiveDirectory_DomainService","The security of this directory server can be significantly enhanced by configuring the server to enforce  validation of Channel Binding Tokens received in LDAP bind requests sent over LDAPS connections. Even if  no clients are issuing LDAP bind requests over LDAPS, configuring the server to validate Channel Binding  Tokens will improve the security of this server. 
 
For more details and information on how to make this configuration change to the server, please see https://go.microsoft.com/fwlink/?linkid=2102405."
"9/1/2026 4:51:17 PM","2886","Warning","Microsoft-Windows-ActiveDirectory_DomainService","The security of this directory server can be significantly enhanced by configuring the server to reject SASL (Negotiate, Kerberos, NTLM, or Digest) LDAP binds that do not request signing (integrity verification) and LDAP simple binds that are performed on a clear text (non-SSL/TLS-encrypted) connection.  Even if no clients are using such binds, configuring the server to reject them will improve the security of this server. 
 
Some clients may currently be relying on unsigned SASL binds or LDAP simple binds over a non-SSL/TLS connection, and will stop working if this configuration change is made.  To assist in identifying these clients, if such binds occur this directory server will log a summary event once every 24 hours indicating how many such binds occurred.  You are encouraged to configure those clients to not use such binds.  Once no such events are observed for an extended period, it is recommended that you configure the server to reject such binds. 
 
For more details and information on how to make this configuration change to the server, please see http://go.microsoft.com/fwlink/?LinkID=87923. 
 
You can enable additional logging to log an event each time a client makes such a bind, including information on which client made the bind.  To do so, please raise the setting for the ""LDAP Interface Events"" event logging category to level 2 or higher."
"9/1/2026 4:51:07 PM","2405","Information","Microsoft-Windows-ActiveDirectory_DomainService","This Active Directory Domain Services server does not support the ""Privileged Access Management Feature"" optional feature."
"9/1/2026 4:51:07 PM","2405","Information","Microsoft-Windows-ActiveDirectory_DomainService","This Active Directory Domain Services server does not support the ""Recycle Bin Feature"" optional feature."
"9/1/2026 4:51:07 PM","2120","Information","Microsoft-Windows-ActiveDirectory_DomainService","This Active Directory Domain Services server does not support the Recycle Bin. Deleted objects may be undeleted, however, when an object is undeleted, some attributes of that object may be lost.  Additionally, attributes of other objects that refer to the object being undeleted may also be lost."
"9/1/2026 4:51:07 PM","2208","Information","Microsoft-Windows-ActiveDirectory_DomainService","Active Directory Domain Services deleted DFSR databases to initialize SYSVOL replica during a non-authoritative restore. 
Active Directory detected that the virtual machine that hosts the domain controller was reverted to a previous state. Active Directory Domain Services needs to initialize a non-authoritative restore on the local SYSVOL replica. For DFSR, this is done by stopping the DFSR service, deleting DFSR databases, and re-starting the service. Upon restarting DFSR will rebuild the databases and start the initial sync."
"9/1/2026 4:51:07 PM","2179","Information","Microsoft-Windows-ActiveDirectory_DomainService","The msDS-GenerationId attribute of the Domain Controller's computer object has been set to the following parameter: 
 
GenerationID attribute:
1101925444124656223"
"9/1/2026 4:51:07 PM","1109","Information","Microsoft-Windows-ActiveDirectory_DomainService","The invocationID attribute for this directory server has been changed. The highest update sequence number at the time the backup was created is as follows: 
 
InvocationID attribute (old value):
a266e2e9-38aa-4d58-abf9-cf6adbba2b3e 
InvocationID attribute (new value):
ab0b5153-a6c0-449d-a074-021f972b6a5a 
Update sequence number:
176169 
 
The invocationID is changed when a directory server is restored from backup media, is configured to host a writeable application directory partition, has been resumed after a virtual machine snapshot has been applied, after a virtual machine import operation, or after a live migration operation. Virtualized domain controllers should not be restored using virtual machine snapshots. The supported method to restore or rollback the content of an Active Directory Domain Services database is to restore a system state backup made with an Active Directory Domain Services-aware backup application."
"9/1/2026 4:51:07 PM","2170","Warning","Microsoft-Windows-ActiveDirectory_DomainService","A Generation ID change has been detected. 
 
Generation ID cached in DS (old value):
7708925985070720252 
Generation ID currently in VM (new value):
1101925444124656223 
 
The Generation ID change occurs after the application of a virtual machine snapshot, after a virtual machine import operation or after a live migration operation. Active Directory Domain Services will create a new invocation ID to recover the domain controller. Virtualized domain controllers should not be restored using virtual machine snapshots. The supported method to restore or rollback the content of an Active Directory Domain Services database is to restore a system state backup made with an Active Directory Domain Services aware backup application."
"9/1/2026 4:51:07 PM","2172","Information","Microsoft-Windows-ActiveDirectory_DomainService","Read the msDS-GenerationId attribute of the Domain Controller's computer object. 
 
msDS-GenerationId attribute value:
7708925985070720252"
"9/1/2026 4:51:07 PM","2168","Information","Microsoft-Windows-ActiveDirectory_DomainService","The DC is running on a supported hypervisor. VM Generation ID is detected. 
 
Current value of VM Generation ID: 1101925444124656223"
"9/1/2026 4:51:07 PM","2406","Information","Microsoft-Windows-ActiveDirectory_DomainService","This Active Directory Domain Services server is disabling support for the ""Privileged Access Management Feature"" optional feature."
"9/1/2026 4:51:07 PM","2406","Information","Microsoft-Windows-ActiveDirectory_DomainService","This Active Directory Domain Services server is disabling support for the ""Recycle Bin Feature"" optional feature."
"9/1/2026 4:51:07 PM","2121","Information","Microsoft-Windows-ActiveDirectory_DomainService","This Active Directory Domain Services server is disabling the Recycle Bin. Deleted objects may not be undeleted at this time."
"9/1/2026 4:51:06 PM","3054","Warning","Microsoft-Windows-ActiveDirectory_DomainService","The directory has been configured to allow implicit owner privileges when initially setting or modifying the nTSecurityDescriptor attribute during LDAP add and modify operations. Warning events will be logged, but no requests will be blocked. 
 
This setting is not secure and should only be used as a temporary troubleshooting step. Please review the suggested mitigations in the link below. 
 
For more information, please see https://go.microsoft.com/fwlink/?linkid=2174032."
"9/1/2026 4:51:06 PM","3051","Warning","Microsoft-Windows-ActiveDirectory_DomainService","The directory has been configured to not enforce per-attribute authorization during LDAP add operations. Warning events will be logged, but no requests will be blocked. 
 
This setting is not secure and should only be used as a temporary troubleshooting step. Please review the suggested mitigations in the link below. 
 
For more information, please see https://go.microsoft.com/fwlink/?linkid=2174032."
"9/1/2026 3:04:42 PM","1004","Information","Microsoft-Windows-ActiveDirectory_DomainService","Active Directory Domain Services was shut down successfully."
"9/1/2026 3:04:42 PM","2179","Information","Microsoft-Windows-ActiveDirectory_DomainService","The msDS-GenerationId attribute of the Domain Controller's computer object has been set to the following parameter: 
 
GenerationID attribute:
7708925985070720252"
"9/1/2026 3:01:19 PM","1869","Information","Microsoft-Windows-ActiveDirectory_DomainService","Active Directory Domain Services has located a global catalog in the following site. 
 
Global catalog:
\\dc.scaffold.htb 
Site:
Default-First-Site-Name"
"9/1/2026 3:01:19 PM","3027","Information","Microsoft-Windows-ActiveDirectory_DomainService","Internal event: Online Defragment Start succeeded. 
 
Duration in seconds:3600 
"
"9/1/2026 3:01:19 PM","3033","Information","Microsoft-Windows-ActiveDirectory_DomainService","Internal event: Online Defragment Stop invoked but defrag was not running."
"9/1/2026 3:01:19 PM","701","Information","NTDS ISAM","NTDS (700,D,0) NTDSA: Online defragmentation has completed a full pass on database 'C:\Windows\NTDS\ntds.dit', freeing 2 pages. This pass started on 9/1/2026 and ran for a total of 0 seconds, requiring 1 invocations over 1 days. Since the database was created it has been fully defragmented 22 times."
"9/1/2026 3:01:19 PM","700","Information","NTDS ISAM","NTDS (700,D,0) NTDSA: Online defragmentation is beginning a full pass on database 'C:\Windows\NTDS\ntds.dit'."
"9/1/2026 3:01:19 PM","330","Information","NTDS ISAM","NTDS (700,D,2) NTDSA: The database [C:\Windows\NTDS\temp.edb] format version is being held back to 8920 (0x22d8) due to application parameter setting of 0x22D8 (8920). Current default engine version: 9360 (0x2490)."
"9/1/2026 3:01:19 PM","326","Information","NTDS ISAM","NTDS (700,D,50) NTDSA: The database engine attached a database (1, C:\Windows\NTDS\ntds.dit). (Time=0 seconds) 
 
Saved Cache: 0 0 
Additional Data: lgposAttach = 00000003:01F9:0268,
dbv = 1568.20.0 (8920) 
 
Internal Timing Sequence: 
[1] 0.000005 +J(0) +M(C:0K, Fs:1, WS:4K # 0K, PF:0K # 0K, P:0K)
[2] 0.000671 -0.000481 (1) WT +J(0) +M(C:0K, Fs:19, WS:12K # 0K, PF:8K # 0K, P:8K)
[3] 0.011305 -0.007730 (6) WT +J(CM:0, PgRf:0, Rd:0/0, Dy:0/0, Lg:3480/2) +M(C:0K, Fs:18, WS:56K # 0K, PF:116K # 0K, P:116K)
[4] 0.000102 +J(0)
[5] -
[6] -
[7] -
[8] 0.003680 -0.000493 (2) CM -0.000359 (2) WT +J(CM:2, PgRf:2, Rd:4/2, Dy:0/0, Lg:0/0) +M(C:32K, Fs:46, WS:176K # 0K, PF:240K # 0K, P:240K)
[9] 0.003017 -0.002623 (5) CM -0.002450 (5) WT +J(CM:5, PgRf:24, Rd:0/5, Dy:0/0, Lg:0/0) +M(C:-24K, Fs:33, WS:104K # 0K, PF:180K # 0K, P:180K)
[10] 0.000903 -0.000705 (3) CM -0.000605 (3) WT +J(CM:3, PgRf:40, Rd:0/3, Dy:0/0, Lg:0/0) +M(C:-4K, Fs:5, WS:12K # 0K, PF:60K # 0K, P:60K)
[11] 0.000020 +J(CM:0, PgRf:1, Rd:0/0, Dy:0/0, Lg:0/0) +M(C:0K, Fs:4, WS:16K # 0K, PF:0K # 0K, P:0K)
[12] 0.000270 +J(CM:0, PgRf:48, Rd:0/0, Dy:0/0, Lg:0/0) +M(C:0K, Fs:4, WS:16K # 0K, PF:8K # 0K, P:8K)
[13] 0.000002 +J(0)
[14] 0.0 +J(0)
[15] 0.000006 +J(CM:0, PgRf:1, Rd:0/0, Dy:0/0, Lg:0/0)."
"9/1/2026 3:01:19 PM","330","Information","NTDS ISAM","NTDS (700,D,50) NTDSA: The database [C:\Windows\NTDS\ntds.dit] format version is being held back to 8920 (0x22d8) due to application parameter setting of 0x22D8 (8920). Current default engine version: 9360 (0x2490)."
"9/1/2026 3:01:19 PM","105","Information","NTDS ISAM","NTDS (700,D,0) NTDSA: The database engine started a new instance (0). (Time=0 seconds) 
 
Additional Data:
  
 
Internal Timing Sequence: 
[1] 0.000956 +J(0) +M(C:0K, Fs:120, WS:464K # 0K, PF:3248K # 344K, P:3248K)
[2] 0.001495 +J(0) +M(C:16K, Fs:85, WS:332K # 272K, PF:288K # 288K, P:288K)
[3] 0.000943 +J(0) +M(C:0K, Fs:5, WS:20K # 20K, PF:64K # 64K, P:64K)
[4] 0.014481 -0.000498 (1) WT +J(0) +M(C:0K, Fs:122, WS:408K # 408K, PF:5168K # 5168K, P:5168K)
[5] 0.001042 +J(0) +M(C:0K, Fs:5, WS:20K # 20K, PF:16K # 16K, P:16K)
[6] 0.003728 +J(0) +M(C:0K, Fs:20, WS:80K # 80K, PF:12K # 12K, P:12K)
[7] 0.048944 -0.039953 (21) WT +J(0) +M(C:0K, Fs:2579, WS:10296K # 10296K, PF:10260K # 10260K, P:10260K)
[8] -
[9] -
[10] -
[11] -
[12] -
[13] 0.030421 -0.021402 (22) WT +J(CM:0, PgRf:0, Rd:0/0, Dy:0/0, Lg:616/1) +M(C:0K, Fs:8, WS:-10216K # 24K, PF:-10256K # 12K, P:-10256K)
[14] 0.000024 +J(0)
[15] 0.000280 +J(0) +M(C:0K, Fs:206, WS:820K # 0K, PF:68K # 0K, P:68K)
[16] 0.001004 -0.000802 (1) WT +J(0) +M(C:0K, Fs:3, WS:4K # 0K, PF:0K # 0K, P:0K)."
"9/1/2026 3:01:19 PM","102","Information","NTDS ISAM","NTDS (700,P,98) NTDSA: The database engine (10.00.20348.0000) is starting a new instance (0)."
"9/1/2026 2:46:48 PM","1394","Information","Microsoft-Windows-ActiveDirectory_DomainService","All problems preventing updates to the Active Directory Domain Services database have been cleared. New updates to the Active Directory Domain Services database are succeeding. The Net Logon service has restarted."
"9/1/2026 2:46:18 PM","1000","Information","Microsoft-Windows-ActiveDirectory_DomainService","Microsoft Active Directory Domain Services startup complete"
"9/1/2026 2:46:18 PM","3041","Warning","Microsoft-Windows-ActiveDirectory_DomainService","The security of this directory server can be significantly enhanced by configuring the server to enforce  validation of Channel Binding Tokens received in LDAP bind requests sent over LDAPS connections. Even if  no clients are issuing LDAP bind requests over LDAPS, configuring the server to validate Channel Binding  Tokens will improve the security of this server. 
 
For more details and information on how to make this configuration change to the server, please see https://go.microsoft.com/fwlink/?linkid=2102405."
"9/1/2026 2:46:18 PM","2886","Warning","Microsoft-Windows-ActiveDirectory_DomainService","The security of this directory server can be significantly enhanced by configuring the server to reject SASL (Negotiate, Kerberos, NTLM, or Digest) LDAP binds that do not request signing (integrity verification) and LDAP simple binds that are performed on a clear text (non-SSL/TLS-encrypted) connection.  Even if no clients are using such binds, configuring the server to reject them will improve the security of this server. 
 
Some clients may currently be relying on unsigned SASL binds or LDAP simple binds over a non-SSL/TLS connection, and will stop working if this configuration change is made.  To assist in identifying these clients, if such binds occur this directory server will log a summary event once every 24 hours indicating how many such binds occurred.  You are encouraged to configure those clients to not use such binds.  Once no such events are observed for an extended period, it is recommended that you configure the server to reject such binds. 
 
For more details and information on how to make this configuration change to the server, please see http://go.microsoft.com/fwlink/?LinkID=87923. 
 
You can enable additional logging to log an event each time a client makes such a bind, including information on which client made the bind.  To do so, please raise the setting for the ""LDAP Interface Events"" event logging category to level 2 or higher."
"9/1/2026 2:46:08 PM","2405","Information","Microsoft-Windows-ActiveDirectory_DomainService","This Active Directory Domain Services server does not support the ""Privileged Access Management Feature"" optional feature."
"9/1/2026 2:46:08 PM","2405","Information","Microsoft-Windows-ActiveDirectory_DomainService","This Active Directory Domain Services server does not support the ""Recycle Bin Feature"" optional feature."
"9/1/2026 2:46:08 PM","2120","Information","Microsoft-Windows-ActiveDirectory_DomainService","This Active Directory Domain Services server does not support the Recycle Bin. Deleted objects may be undeleted, however, when an object is undeleted, some attributes of that object may be lost.  Additionally, attributes of other objects that refer to the object being undeleted may also be lost."
"9/1/2026 2:46:08 PM","2179","Information","Microsoft-Windows-ActiveDirectory_DomainService","The msDS-GenerationId attribute of the Domain Controller's computer object has been set to the following parameter: 
 
GenerationID attribute:
7708925985070720252"
"9/1/2026 2:46:08 PM","2208","Information","Microsoft-Windows-ActiveDirectory_DomainService","Active Directory Domain Services deleted DFSR databases to initialize SYSVOL replica during a non-authoritative restore. 
Active Directory detected that the virtual machine that hosts the domain controller was reverted to a previous state. Active Directory Domain Services needs to initialize a non-authoritative restore on the local SYSVOL replica. For DFSR, this is done by stopping the DFSR service, deleting DFSR databases, and re-starting the service. Upon restarting DFSR will rebuild the databases and start the initial sync."
"9/1/2026 2:46:08 PM","1109","Information","Microsoft-Windows-ActiveDirectory_DomainService","The invocationID attribute for this directory server has been changed. The highest update sequence number at the time the backup was created is as follows: 
 
InvocationID attribute (old value):
34305e02-b6db-4e01-a102-148eda47fcf6 
InvocationID attribute (new value):
a266e2e9-38aa-4d58-abf9-cf6adbba2b3e 
Update sequence number:
172072 
 
The invocationID is changed when a directory server is restored from backup media, is configured to host a writeable application directory partition, has been resumed after a virtual machine snapshot has been applied, after a virtual machine import operation, or after a live migration operation. Virtualized domain controllers should not be restored using virtual machine snapshots. The supported method to restore or rollback the content of an Active Directory Domain Services database is to restore a system state backup made with an Active Directory Domain Services-aware backup application."
"9/1/2026 2:46:08 PM","2170","Warning","Microsoft-Windows-ActiveDirectory_DomainService","A Generation ID change has been detected. 
 
Generation ID cached in DS (old value):
18377677828658396376 
Generation ID currently in VM (new value):
7708925985070720252 
 
The Generation ID change occurs after the application of a virtual machine snapshot, after a virtual machine import operation or after a live migration operation. Active Directory Domain Services will create a new invocation ID to recover the domain controller. Virtualized domain controllers should not be restored using virtual machine snapshots. The supported method to restore or rollback the content of an Active Directory Domain Services database is to restore a system state backup made with an Active Directory Domain Services aware backup application."
"9/1/2026 2:46:08 PM","2172","Information","Microsoft-Windows-ActiveDirectory_DomainService","Read the msDS-GenerationId attribute of the Domain Controller's computer object. 
 
msDS-GenerationId attribute value:
18377677828658396376"
"9/1/2026 2:46:08 PM","2168","Information","Microsoft-Windows-ActiveDirectory_DomainService","The DC is running on a supported hypervisor. VM Generation ID is detected. 
 
Current value of VM Generation ID: 7708925985070720252"
"9/1/2026 2:46:08 PM","2406","Information","Microsoft-Windows-ActiveDirectory_DomainService","This Active Directory Domain Services server is disabling support for the ""Privileged Access Management Feature"" optional feature."
"9/1/2026 2:46:08 PM","2406","Information","Microsoft-Windows-ActiveDirectory_DomainService","This Active Directory Domain Services server is disabling support for the ""Recycle Bin Feature"" optional feature."
"9/1/2026 2:46:08 PM","2121","Information","Microsoft-Windows-ActiveDirectory_DomainService","This Active Directory Domain Services server is disabling the Recycle Bin. Deleted objects may not be undeleted at this time."
"9/1/2026 2:46:08 PM","3054","Warning","Microsoft-Windows-ActiveDirectory_DomainService","The directory has been configured to allow implicit owner privileges when initially setting or modifying the nTSecurityDescriptor attribute during LDAP add and modify operations. Warning events will be logged, but no requests will be blocked. 
 
This setting is not secure and should only be used as a temporary troubleshooting step. Please review the suggested mitigations in the link below. 
 
For more information, please see https://go.microsoft.com/fwlink/?linkid=2174032."
"9/1/2026 2:46:08 PM","3051","Warning","Microsoft-Windows-ActiveDirectory_DomainService","The directory has been configured to not enforce per-attribute authorization during LDAP add operations. Warning events will be logged, but no requests will be blocked. 
 
This setting is not secure and should only be used as a temporary troubleshooting step. Please review the suggested mitigations in the link below. 
 
For more information, please see https://go.microsoft.com/fwlink/?linkid=2174032."
"7/9/2026 2:22:03 PM","1004","Information","Microsoft-Windows-ActiveDirectory_DomainService","Active Directory Domain Services was shut down successfully."
"7/9/2026 2:22:03 PM","2179","Information","Microsoft-Windows-ActiveDirectory_DomainService","The msDS-GenerationId attribute of the Domain Controller's computer object has been set to the following parameter: 
 
GenerationID attribute:
18377677828658396376"
"7/9/2026 2:19:07 PM","1394","Information","Microsoft-Windows-ActiveDirectory_DomainService","All problems preventing updates to the Active Directory Domain Services database have been cleared. New updates to the Active Directory Domain Services database are succeeding. The Net Logon service has restarted."
"7/9/2026 2:18:37 PM","1000","Information","Microsoft-Windows-ActiveDirectory_DomainService","Microsoft Active Directory Domain Services startup complete"
"7/9/2026 2:18:37 PM","3041","Warning","Microsoft-Windows-ActiveDirectory_DomainService","The security of this directory server can be significantly enhanced by configuring the server to enforce  validation of Channel Binding Tokens received in LDAP bind requests sent over LDAPS connections. Even if  no clients are issuing LDAP bind requests over LDAPS, configuring the server to validate Channel Binding  Tokens will improve the security of this server. 
 
For more details and information on how to make this configuration change to the server, please see https://go.microsoft.com/fwlink/?linkid=2102405."
"7/9/2026 2:18:37 PM","2886","Warning","Microsoft-Windows-ActiveDirectory_DomainService","The security of this directory server can be significantly enhanced by configuring the server to reject SASL (Negotiate, Kerberos, NTLM, or Digest) LDAP binds that do not request signing (integrity verification) and LDAP simple binds that are performed on a clear text (non-SSL/TLS-encrypted) connection.  Even if no clients are using such binds, configuring the server to reject them will improve the security of this server. 
 
Some clients may currently be relying on unsigned SASL binds or LDAP simple binds over a non-SSL/TLS connection, and will stop working if this configuration change is made.  To assist in identifying these clients, if such binds occur this directory server will log a summary event once every 24 hours indicating how many such binds occurred.  You are encouraged to configure those clients to not use such binds.  Once no such events are observed for an extended period, it is recommended that you configure the server to reject such binds. 
 
For more details and information on how to make this configuration change to the server, please see http://go.microsoft.com/fwlink/?LinkID=87923. 
 
You can enable additional logging to log an event each time a client makes such a bind, including information on which client made the bind.  To do so, please raise the setting for the ""LDAP Interface Events"" event logging category to level 2 or higher."
"7/9/2026 2:18:27 PM","2405","Information","Microsoft-Windows-ActiveDirectory_DomainService","This Active Directory Domain Services server does not support the ""Privileged Access Management Feature"" optional feature."
"7/9/2026 2:18:27 PM","2405","Information","Microsoft-Windows-ActiveDirectory_DomainService","This Active Directory Domain Services server does not support the ""Recycle Bin Feature"" optional feature."
"7/9/2026 2:18:27 PM","2120","Information","Microsoft-Windows-ActiveDirectory_DomainService","This Active Directory Domain Services server does not support the Recycle Bin. Deleted objects may be undeleted, however, when an object is undeleted, some attributes of that object may be lost.  Additionally, attributes of other objects that refer to the object being undeleted may also be lost."
"7/9/2026 2:18:27 PM","2208","Information","Microsoft-Windows-ActiveDirectory_DomainService","Active Directory Domain Services deleted DFSR databases to initialize SYSVOL replica during a non-authoritative restore. 
Active Directory detected that the virtual machine that hosts the domain controller was reverted to a previous state. Active Directory Domain Services needs to initialize a non-authoritative restore on the local SYSVOL replica. For DFSR, this is done by stopping the DFSR service, deleting DFSR databases, and re-starting the service. Upon restarting DFSR will rebuild the databases and start the initial sync."
"7/9/2026 2:18:27 PM","2179","Information","Microsoft-Windows-ActiveDirectory_DomainService","The msDS-GenerationId attribute of the Domain Controller's computer object has been set to the following parameter: 
 
GenerationID attribute:
18377677828658396376"
"7/9/2026 2:18:27 PM","1109","Information","Microsoft-Windows-ActiveDirectory_DomainService","The invocationID attribute for this directory server has been changed. The highest update sequence number at the time the backup was created is as follows: 
 
InvocationID attribute (old value):
9fe8992d-9da5-4ba9-a15d-dc871d94ec7d 
InvocationID attribute (new value):
34305e02-b6db-4e01-a102-148eda47fcf6 
Update sequence number:
167975 
 
The invocationID is changed when a directory server is restored from backup media, is configured to host a writeable application directory partition, has been resumed after a virtual machine snapshot has been applied, after a virtual machine import operation, or after a live migration operation. Virtualized domain controllers should not be restored using virtual machine snapshots. The supported method to restore or rollback the content of an Active Directory Domain Services database is to restore a system state backup made with an Active Directory Domain Services-aware backup application."
"7/9/2026 2:18:27 PM","2170","Warning","Microsoft-Windows-ActiveDirectory_DomainService","A Generation ID change has been detected. 
 
Generation ID cached in DS (old value):
4762547176743915276 
Generation ID currently in VM (new value):
18377677828658396376 
 
The Generation ID change occurs after the application of a virtual machine snapshot, after a virtual machine import operation or after a live migration operation. Active Directory Domain Services will create a new invocation ID to recover the domain controller. Virtualized domain controllers should not be restored using virtual machine snapshots. The supported method to restore or rollback the content of an Active Directory Domain Services database is to restore a system state backup made with an Active Directory Domain Services aware backup application."
"7/9/2026 2:18:27 PM","2172","Information","Microsoft-Windows-ActiveDirectory_DomainService","Read the msDS-GenerationId attribute of the Domain Controller's computer object. 
 
msDS-GenerationId attribute value:
4762547176743915276"
"7/9/2026 2:18:27 PM","2168","Information","Microsoft-Windows-ActiveDirectory_DomainService","The DC is running on a supported hypervisor. VM Generation ID is detected. 
 
Current value of VM Generation ID: 18377677828658396376"
"7/9/2026 2:18:27 PM","2406","Information","Microsoft-Windows-ActiveDirectory_DomainService","This Active Directory Domain Services server is disabling support for the ""Privileged Access Management Feature"" optional feature."
"7/9/2026 2:18:27 PM","2406","Information","Microsoft-Windows-ActiveDirectory_DomainService","This Active Directory Domain Services server is disabling support for the ""Recycle Bin Feature"" optional feature."
"7/9/2026 2:18:27 PM","2121","Information","Microsoft-Windows-ActiveDirectory_DomainService","This Active Directory Domain Services server is disabling the Recycle Bin. Deleted objects may not be undeleted at this time."
"7/9/2026 2:18:27 PM","3054","Warning","Microsoft-Windows-ActiveDirectory_DomainService","The directory has been configured to allow implicit owner privileges when initially setting or modifying the nTSecurityDescriptor attribute during LDAP add and modify operations. Warning events will be logged, but no requests will be blocked. 
 
This setting is not secure and should only be used as a temporary troubleshooting step. Please review the suggested mitigations in the link below. 
 
For more information, please see https://go.microsoft.com/fwlink/?linkid=2174032."
"7/9/2026 2:18:27 PM","3051","Warning","Microsoft-Windows-ActiveDirectory_DomainService","The directory has been configured to not enforce per-attribute authorization during LDAP add operations. Warning events will be logged, but no requests will be blocked. 
 
This setting is not secure and should only be used as a temporary troubleshooting step. Please review the suggested mitigations in the link below. 
 
For more information, please see https://go.microsoft.com/fwlink/?linkid=2174032."
"7/8/2026 11:14:44 PM","1004","Information","Microsoft-Windows-ActiveDirectory_DomainService","Active Directory Domain Services was shut down successfully."
"7/8/2026 11:14:42 PM","2179","Information","Microsoft-Windows-ActiveDirectory_DomainService","The msDS-GenerationId attribute of the Domain Controller's computer object has been set to the following parameter: 
 
GenerationID attribute:
4762547176743915276"
"7/8/2026 11:12:22 PM","1394","Information","Microsoft-Windows-ActiveDirectory_DomainService","All problems preventing updates to the Active Directory Domain Services database have been cleared. New updates to the Active Directory Domain Services database are succeeding. The Net Logon service has restarted."
"7/8/2026 11:11:52 PM","1000","Information","Microsoft-Windows-ActiveDirectory_DomainService","Microsoft Active Directory Domain Services startup complete"
"7/8/2026 11:11:52 PM","3041","Warning","Microsoft-Windows-ActiveDirectory_DomainService","The security of this directory server can be significantly enhanced by configuring the server to enforce  validation of Channel Binding Tokens received in LDAP bind requests sent over LDAPS connections. Even if  no clients are issuing LDAP bind requests over LDAPS, configuring the server to validate Channel Binding  Tokens will improve the security of this server. 
 
For more details and information on how to make this configuration change to the server, please see https://go.microsoft.com/fwlink/?linkid=2102405."
"7/8/2026 11:11:52 PM","2886","Warning","Microsoft-Windows-ActiveDirectory_DomainService","The security of this directory server can be significantly enhanced by configuring the server to reject SASL (Negotiate, Kerberos, NTLM, or Digest) LDAP binds that do not request signing (integrity verification) and LDAP simple binds that are performed on a clear text (non-SSL/TLS-encrypted) connection.  Even if no clients are using such binds, configuring the server to reject them will improve the security of this server. 
 
Some clients may currently be relying on unsigned SASL binds or LDAP simple binds over a non-SSL/TLS connection, and will stop working if this configuration change is made.  To assist in identifying these clients, if such binds occur this directory server will log a summary event once every 24 hours indicating how many such binds occurred.  You are encouraged to configure those clients to not use such binds.  Once no such events are observed for an extended period, it is recommended that you configure the server to reject such binds. 
 
For more details and information on how to make this configuration change to the server, please see http://go.microsoft.com/fwlink/?LinkID=87923. 
 
You can enable additional logging to log an event each time a client makes such a bind, including information on which client made the bind.  To do so, please raise the setting for the ""LDAP Interface Events"" event logging category to level 2 or higher."
"7/8/2026 11:11:42 PM","2405","Information","Microsoft-Windows-ActiveDirectory_DomainService","This Active Directory Domain Services server does not support the ""Privileged Access Management Feature"" optional feature."
"7/8/2026 11:11:42 PM","2405","Information","Microsoft-Windows-ActiveDirectory_DomainService","This Active Directory Domain Services server does not support the ""Recycle Bin Feature"" optional feature."
"7/8/2026 11:11:42 PM","2120","Information","Microsoft-Windows-ActiveDirectory_DomainService","This Active Directory Domain Services server does not support the Recycle Bin. Deleted objects may be undeleted, however, when an object is undeleted, some attributes of that object may be lost.  Additionally, attributes of other objects that refer to the object being undeleted may also be lost."
"7/8/2026 11:11:42 PM","2172","Information","Microsoft-Windows-ActiveDirectory_DomainService","Read the msDS-GenerationId attribute of the Domain Controller's computer object. 
 
msDS-GenerationId attribute value:
4762547176743915276"
"7/8/2026 11:11:42 PM","2168","Information","Microsoft-Windows-ActiveDirectory_DomainService","The DC is running on a supported hypervisor. VM Generation ID is detected. 
 
Current value of VM Generation ID: 4762547176743915276"
"7/8/2026 11:11:42 PM","2406","Information","Microsoft-Windows-ActiveDirectory_DomainService","This Active Directory Domain Services server is disabling support for the ""Privileged Access Management Feature"" optional feature."
"7/8/2026 11:11:42 PM","2406","Information","Microsoft-Windows-ActiveDirectory_DomainService","This Active Directory Domain Services server is disabling support for the ""Recycle Bin Feature"" optional feature."
"7/8/2026 11:11:42 PM","2121","Information","Microsoft-Windows-ActiveDirectory_DomainService","This Active Directory Domain Services server is disabling the Recycle Bin. Deleted objects may not be undeleted at this time."
"7/8/2026 11:11:42 PM","3054","Warning","Microsoft-Windows-ActiveDirectory_DomainService","The directory has been configured to allow implicit owner privileges when initially setting or modifying the nTSecurityDescriptor attribute during LDAP add and modify operations. Warning events will be logged, but no requests will be blocked. 
 
This setting is not secure and should only be used as a temporary troubleshooting step. Please review the suggested mitigations in the link below. 
 
For more information, please see https://go.microsoft.com/fwlink/?linkid=2174032."
"7/8/2026 11:11:42 PM","3051","Warning","Microsoft-Windows-ActiveDirectory_DomainService","The directory has been configured to not enforce per-attribute authorization during LDAP add operations. Warning events will be logged, but no requests will be blocked. 
 
This setting is not secure and should only be used as a temporary troubleshooting step. Please review the suggested mitigations in the link below. 
 
For more information, please see https://go.microsoft.com/fwlink/?linkid=2174032."
"7/8/2026 11:11:26 PM","1004","Information","Microsoft-Windows-ActiveDirectory_DomainService","Active Directory Domain Services was shut down successfully."
"7/8/2026 11:11:26 PM","2179","Information","Microsoft-Windows-ActiveDirectory_DomainService","The msDS-GenerationId attribute of the Domain Controller's computer object has been set to the following parameter: 
 
GenerationID attribute:
4762547176743915276"
"7/8/2026 10:56:08 PM","1869","Information","Microsoft-Windows-ActiveDirectory_DomainService","Active Directory Domain Services has located a global catalog in the following site. 
 
Global catalog:
\\dc.scaffold.htb 
Site:
Default-First-Site-Name"
"7/8/2026 10:56:08 PM","3027","Information","Microsoft-Windows-ActiveDirectory_DomainService","Internal event: Online Defragment Start succeeded. 
 
Duration in seconds:3600 
"
"7/8/2026 10:56:08 PM","3033","Information","Microsoft-Windows-ActiveDirectory_DomainService","Internal event: Online Defragment Stop invoked but defrag was not running."
"7/8/2026 10:56:08 PM","701","Information","NTDS ISAM","NTDS (712,D,0) NTDSA: Online defragmentation has completed a full pass on database 'C:\Windows\NTDS\ntds.dit', freeing 0 pages. This pass started on 7/8/2026 and ran for a total of 0 seconds, requiring 1 invocations over 1 days. Since the database was created it has been fully defragmented 21 times."
"7/8/2026 10:56:08 PM","700","Information","NTDS ISAM","NTDS (712,D,0) NTDSA: Online defragmentation is beginning a full pass on database 'C:\Windows\NTDS\ntds.dit'."
"7/8/2026 10:56:08 PM","330","Information","NTDS ISAM","NTDS (712,D,2) NTDSA: The database [C:\Windows\NTDS\temp.edb] format version is being held back to 8920 (0x22d8) due to application parameter setting of 0x22D8 (8920). Current default engine version: 9360 (0x2490)."
"7/8/2026 10:56:08 PM","326","Information","NTDS ISAM","NTDS (712,D,50) NTDSA: The database engine attached a database (1, C:\Windows\NTDS\ntds.dit). (Time=0 seconds) 
 
Saved Cache: 0 0 
Additional Data: lgposAttach = 00000003:011A:0268,
dbv = 1568.20.0 (8920) 
 
Internal Timing Sequence: 
[1] 0.000005 +J(0) +M(C:0K, Fs:1, WS:4K # 0K, PF:0K # 0K, P:0K)
[2] 0.000570 -0.000367 (1) WT +J(0) +M(C:0K, Fs:19, WS:12K # 0K, PF:8K # 0K, P:8K)
[3] 0.005724 -0.002794 (6) WT +J(CM:0, PgRf:0, Rd:0/0, Dy:0/0, Lg:3480/2) +M(C:0K, Fs:17, WS:56K # 0K, PF:112K # 0K, P:112K)
[4] 0.000095 +J(0)
[5] -
[6] -
[7] -
[8] 0.002935 -0.000433 (2) CM -0.000356 (2) WT +J(CM:2, PgRf:2, Rd:4/2, Dy:0/0, Lg:0/0) +M(C:16K, Fs:44, WS:168K # 0K, PF:216K # 0K, P:216K)
[9] 0.003037 -0.002524 (9) CM -0.002238 (9) WT +J(CM:9, PgRf:24, Rd:0/9, Dy:0/0, Lg:0/0) +M(C:-8K, Fs:31, WS:104K # 0K, PF:196K # 0K, P:196K)
[10] 0.001162 -0.000928 (4) CM -0.000792 (4) WT +J(CM:4, PgRf:40, Rd:0/4, Dy:0/0, Lg:0/0) +M(C:-4K, Fs:6, WS:12K # 0K, PF:60K # 0K, P:60K)
[11] 0.000019 +J(CM:0, PgRf:1, Rd:0/0, Dy:0/0, Lg:0/0) +M(C:0K, Fs:4, WS:16K # 0K, PF:0K # 0K, P:0K)
[12] 0.000050 +J(CM:0, PgRf:48, Rd:0/0, Dy:0/0, Lg:0/0) +M(C:0K, Fs:2, WS:8K # 0K, PF:0K # 0K, P:0K)
[13] 0.0 +J(0)
[14] 0.0 +J(0)
[15] 0.000004 +J(CM:0, PgRf:1, Rd:0/0, Dy:0/0, Lg:0/0)."
"7/8/2026 10:56:08 PM","330","Information","NTDS ISAM","NTDS (712,D,50) NTDSA: The database [C:\Windows\NTDS\ntds.dit] format version is being held back to 8920 (0x22d8) due to application parameter setting of 0x22D8 (8920). Current default engine version: 9360 (0x2490)."
"7/8/2026 10:56:08 PM","105","Information","NTDS ISAM","NTDS (712,D,0) NTDSA: The database engine started a new instance (0). (Time=0 seconds) 
 
Additional Data:
  
 
Internal Timing Sequence: 
[1] 0.000869 +J(0) +M(C:0K, Fs:125, WS:480K # 0K, PF:3276K # 344K, P:3276K)
[2] 0.001141 +J(0) +M(C:16K, Fs:89, WS:348K # 280K, PF:296K # 296K, P:296K)
[3] 0.000633 +J(0) +M(C:0K, Fs:5, WS:20K # 20K, PF:64K # 64K, P:64K)
[4] 0.012271 -0.000624 (1) WT +J(0) +M(C:0K, Fs:124, WS:420K # 420K, PF:5172K # 5172K, P:5172K)
[5] 0.000876 +J(0) +M(C:0K, Fs:3, WS:12K # 12K, PF:8K # 8K, P:8K)
[6] 0.003349 +J(0) +M(C:0K, Fs:20, WS:80K # 80K, PF:12K # 12K, P:12K)
[7] 0.020689 -0.011972 (21) WT +J(0) +M(C:0K, Fs:2579, WS:10296K # 10296K, PF:10260K # 10260K, P:10260K)
[8] -
[9] -
[10] -
[11] -
[12] -
[13] 0.017992 -0.010561 (22) WT +J(CM:0, PgRf:0, Rd:0/0, Dy:0/0, Lg:616/1) +M(C:0K, Fs:8, WS:-10216K # 24K, PF:-10256K # 12K, P:-10256K)
[14] 0.000022 +J(0)
[15] 0.000318 +J(0) +M(C:0K, Fs:206, WS:820K # 0K, PF:68K # 0K, P:68K)
[16] 0.000390 -0.000191 (1) WT +J(0) +M(C:0K, Fs:3, WS:4K # 0K, PF:0K # 0K, P:0K)."
"7/8/2026 10:56:08 PM","102","Information","NTDS ISAM","NTDS (712,P,98) NTDSA: The database engine (10.00.20348.0000) is starting a new instance (0)."
"7/8/2026 10:41:38 PM","1394","Information","Microsoft-Windows-ActiveDirectory_DomainService","All problems preventing updates to the Active Directory Domain Services database have been cleared. New updates to the Active Directory Domain Services database are succeeding. The Net Logon service has restarted."
"7/8/2026 10:41:08 PM","1000","Information","Microsoft-Windows-ActiveDirectory_DomainService","Microsoft Active Directory Domain Services startup complete"
"7/8/2026 10:41:08 PM","3041","Warning","Microsoft-Windows-ActiveDirectory_DomainService","The security of this directory server can be significantly enhanced by configuring the server to enforce  validation of Channel Binding Tokens received in LDAP bind requests sent over LDAPS connections. Even if  no clients are issuing LDAP bind requests over LDAPS, configuring the server to validate Channel Binding  Tokens will improve the security of this server. 
 
For more details and information on how to make this configuration change to the server, please see https://go.microsoft.com/fwlink/?linkid=2102405."
"7/8/2026 10:41:08 PM","2886","Warning","Microsoft-Windows-ActiveDirectory_DomainService","The security of this directory server can be significantly enhanced by configuring the server to reject SASL (Negotiate, Kerberos, NTLM, or Digest) LDAP binds that do not request signing (integrity verification) and LDAP simple binds that are performed on a clear text (non-SSL/TLS-encrypted) connection.  Even if no clients are using such binds, configuring the server to reject them will improve the security of this server. 
 
Some clients may currently be relying on unsigned SASL binds or LDAP simple binds over a non-SSL/TLS connection, and will stop working if this configuration change is made.  To assist in identifying these clients, if such binds occur this directory server will log a summary event once every 24 hours indicating how many such binds occurred.  You are encouraged to configure those clients to not use such binds.  Once no such events are observed for an extended period, it is recommended that you configure the server to reject such binds. 
 
For more details and information on how to make this configuration change to the server, please see http://go.microsoft.com/fwlink/?LinkID=87923. 
 
You can enable additional logging to log an event each time a client makes such a bind, including information on which client made the bind.  To do so, please raise the setting for the ""LDAP Interface Events"" event logging category to level 2 or higher."
"7/8/2026 10:40:58 PM","2405","Information","Microsoft-Windows-ActiveDirectory_DomainService","This Active Directory Domain Services server does not support the ""Privileged Access Management Feature"" optional feature."
"7/8/2026 10:40:58 PM","2405","Information","Microsoft-Windows-ActiveDirectory_DomainService","This Active Directory Domain Services server does not support the ""Recycle Bin Feature"" optional feature."
"7/8/2026 10:40:58 PM","2120","Information","Microsoft-Windows-ActiveDirectory_DomainService","This Active Directory Domain Services server does not support the Recycle Bin. Deleted objects may be undeleted, however, when an object is undeleted, some attributes of that object may be lost.  Additionally, attributes of other objects that refer to the object being undeleted may also be lost."
"7/8/2026 10:40:58 PM","2208","Information","Microsoft-Windows-ActiveDirectory_DomainService","Active Directory Domain Services deleted DFSR databases to initialize SYSVOL replica during a non-authoritative restore. 
Active Directory detected that the virtual machine that hosts the domain controller was reverted to a previous state. Active Directory Domain Services needs to initialize a non-authoritative restore on the local SYSVOL replica. For DFSR, this is done by stopping the DFSR service, deleting DFSR databases, and re-starting the service. Upon restarting DFSR will rebuild the databases and start the initial sync."
"7/8/2026 10:40:58 PM","2179","Information","Microsoft-Windows-ActiveDirectory_DomainService","The msDS-GenerationId attribute of the Domain Controller's computer object has been set to the following parameter: 
 
GenerationID attribute:
4762547176743915276"
"7/8/2026 10:40:58 PM","1109","Information","Microsoft-Windows-ActiveDirectory_DomainService","The invocationID attribute for this directory server has been changed. The highest update sequence number at the time the backup was created is as follows: 
 
InvocationID attribute (old value):
a471ef37-ab8f-4620-9819-7d0da51c1a8f 
InvocationID attribute (new value):
9fe8992d-9da5-4ba9-a15d-dc871d94ec7d 
Update sequence number:
159781 
 
The invocationID is changed when a directory server is restored from backup media, is configured to host a writeable application directory partition, has been resumed after a virtual machine snapshot has been applied, after a virtual machine import operation, or after a live migration operation. Virtualized domain controllers should not be restored using virtual machine snapshots. The supported method to restore or rollback the content of an Active Directory Domain Services database is to restore a system state backup made with an Active Directory Domain Services-aware backup application."
"7/8/2026 10:40:58 PM","2170","Warning","Microsoft-Windows-ActiveDirectory_DomainService","A Generation ID change has been detected. 
 
Generation ID cached in DS (old value):
1716482619039775184 
Generation ID currently in VM (new value):
4762547176743915276 
 
The Generation ID change occurs after the application of a virtual machine snapshot, after a virtual machine import operation or after a live migration operation. Active Directory Domain Services will create a new invocation ID to recover the domain controller. Virtualized domain controllers should not be restored using virtual machine snapshots. The supported method to restore or rollback the content of an Active Directory Domain Services database is to restore a system state backup made with an Active Directory Domain Services aware backup application."
"7/8/2026 10:40:58 PM","2172","Information","Microsoft-Windows-ActiveDirectory_DomainService","Read the msDS-GenerationId attribute of the Domain Controller's computer object. 
 
msDS-GenerationId attribute value:
1716482619039775184"
"7/8/2026 10:40:58 PM","2168","Information","Microsoft-Windows-ActiveDirectory_DomainService","The DC is running on a supported hypervisor. VM Generation ID is detected. 
 
Current value of VM Generation ID: 4762547176743915276"
"7/8/2026 10:40:58 PM","2406","Information","Microsoft-Windows-ActiveDirectory_DomainService","This Active Directory Domain Services server is disabling support for the ""Privileged Access Management Feature"" optional feature."
"7/8/2026 10:40:58 PM","2406","Information","Microsoft-Windows-ActiveDirectory_DomainService","This Active Directory Domain Services server is disabling support for the ""Recycle Bin Feature"" optional feature."
"7/8/2026 10:40:58 PM","2121","Information","Microsoft-Windows-ActiveDirectory_DomainService","This Active Directory Domain Services server is disabling the Recycle Bin. Deleted objects may not be undeleted at this time."
"7/8/2026 10:40:57 PM","3054","Warning","Microsoft-Windows-ActiveDirectory_DomainService","The directory has been configured to allow implicit owner privileges when initially setting or modifying the nTSecurityDescriptor attribute during LDAP add and modify operations. Warning events will be logged, but no requests will be blocked. 
 
This setting is not secure and should only be used as a temporary troubleshooting step. Please review the suggested mitigations in the link below. 
 
For more information, please see https://go.microsoft.com/fwlink/?linkid=2174032."
"7/8/2026 10:40:57 PM","3051","Warning","Microsoft-Windows-ActiveDirectory_DomainService","The directory has been configured to not enforce per-attribute authorization during LDAP add operations. Warning events will be logged, but no requests will be blocked. 
 
This setting is not secure and should only be used as a temporary troubleshooting step. Please review the suggested mitigations in the link below. 
 
For more information, please see https://go.microsoft.com/fwlink/?linkid=2174032."
"6/2/2026 7:29:58 AM","1004","Information","Microsoft-Windows-ActiveDirectory_DomainService","Active Directory Domain Services was shut down successfully."
"6/2/2026 7:29:57 AM","2179","Information","Microsoft-Windows-ActiveDirectory_DomainService","The msDS-GenerationId attribute of the Domain Controller's computer object has been set to the following parameter: 
 
GenerationID attribute:
1716482619039775184"
"6/2/2026 7:24:26 AM","1869","Information","Microsoft-Windows-ActiveDirectory_DomainService","Active Directory Domain Services has located a global catalog in the following site. 
 
Global catalog:
\\dc.scaffold.htb 
Site:
Default-First-Site-Name"
"6/2/2026 7:24:26 AM","3027","Information","Microsoft-Windows-ActiveDirectory_DomainService","Internal event: Online Defragment Start succeeded. 
 
Duration in seconds:3600 
"
"6/2/2026 7:24:26 AM","3033","Information","Microsoft-Windows-ActiveDirectory_DomainService","Internal event: Online Defragment Stop invoked but defrag was not running."
"6/2/2026 7:24:26 AM","701","Information","NTDS ISAM","NTDS (760,D,0) NTDSA: Online defragmentation has completed a full pass on database 'C:\Windows\NTDS\ntds.dit', freeing 0 pages. This pass started on 6/2/2026 and ran for a total of 0 seconds, requiring 1 invocations over 1 days. Since the database was created it has been fully defragmented 20 times."
"6/2/2026 7:24:26 AM","700","Information","NTDS ISAM","NTDS (760,D,0) NTDSA: Online defragmentation is beginning a full pass on database 'C:\Windows\NTDS\ntds.dit'."
"6/2/2026 7:24:26 AM","330","Information","NTDS ISAM","NTDS (760,D,2) NTDSA: The database [C:\Windows\NTDS\temp.edb] format version is being held back to 8920 (0x22d8) due to application parameter setting of 0x22D8 (8920). Current default engine version: 9360 (0x2490)."
"6/2/2026 7:24:26 AM","326","Information","NTDS ISAM","NTDS (760,D,50) NTDSA: The database engine attached a database (1, C:\Windows\NTDS\ntds.dit). (Time=0 seconds) 
 
Saved Cache: 0 0 
Additional Data: lgposAttach = 00000003:00FB:0268,
dbv = 1568.20.0 (8920) 
 
Internal Timing Sequence: 
[1] 0.000005 +J(0) +M(C:0K, Fs:1, WS:4K # 0K, PF:0K # 0K, P:0K)
[2] 0.000309 -0.000124 (1) WT +J(0) +M(C:0K, Fs:19, WS:12K # 0K, PF:8K # 0K, P:8K)
[3] 0.004242 -0.001978 (6) WT +J(CM:0, PgRf:0, Rd:0/0, Dy:0/0, Lg:3480/2) +M(C:0K, Fs:19, WS:64K # 0K, PF:136K # 0K, P:136K)
[4] 0.000083 +J(0)
[5] -
[6] -
[7] -
[8] 0.002714 -0.000361 (2) CM -0.000252 (2) WT +J(CM:2, PgRf:2, Rd:4/2, Dy:0/0, Lg:0/0) +M(C:32K, Fs:46, WS:176K # 0K, PF:240K # 0K, P:240K)
[9] 0.001859 -0.001557 (5) CM -0.001333 (5) WT +J(CM:5, PgRf:24, Rd:0/5, Dy:0/0, Lg:0/0) +M(C:-24K, Fs:32, WS:100K # 0K, PF:180K # 0K, P:180K)
[10] 0.000526 -0.000374 (3) CM -0.000280 (3) WT +J(CM:3, PgRf:40, Rd:0/3, Dy:0/0, Lg:0/0) +M(C:-4K, Fs:5, WS:12K # 0K, PF:60K # 0K, P:60K)
[11] 0.000019 +J(CM:0, PgRf:1, Rd:0/0, Dy:0/0, Lg:0/0) +M(C:0K, Fs:4, WS:16K # 0K, PF:0K # 0K, P:0K)
[12] 0.000035 +J(CM:0, PgRf:48, Rd:0/0, Dy:0/0, Lg:0/0) +M(C:0K, Fs:2, WS:8K # 0K, PF:0K # 0K, P:0K)
[13] 0.000001 +J(0)
[14] 0.0 +J(0)
[15] 0.000003 +J(CM:0, PgRf:1, Rd:0/0, Dy:0/0, Lg:0/0)."
"6/2/2026 7:24:26 AM","330","Information","NTDS ISAM","NTDS (760,D,50) NTDSA: The database [C:\Windows\NTDS\ntds.dit] format version is being held back to 8920 (0x22d8) due to application parameter setting of 0x22D8 (8920). Current default engine version: 9360 (0x2490)."
"6/2/2026 7:24:26 AM","105","Information","NTDS ISAM","NTDS (760,D,0) NTDSA: The database engine started a new instance (0). (Time=0 seconds) 
 
Additional Data:
  
 
Internal Timing Sequence: 
[1] 0.000674 +J(0) +M(C:0K, Fs:145, WS:552K # 0K, PF:3372K # 340K, P:3372K)
[2] 0.000785 +J(0) +M(C:16K, Fs:92, WS:364K # 304K, PF:320K # 320K, P:320K)
[3] 0.000624 +J(0) +M(C:0K, Fs:5, WS:20K # 20K, PF:64K # 64K, P:64K)
[4] 0.007672 -0.000134 (1) WT +J(0) +M(C:0K, Fs:127, WS:432K # 432K, PF:5204K # 5204K, P:5204K)
[5] 0.000620 +J(0) +M(C:0K, Fs:3, WS:12K # 12K, PF:8K # 8K, P:8K)
[6] 0.002439 +J(0) +M(C:0K, Fs:21, WS:80K # 80K, PF:12K # 12K, P:12K)
[7] 0.014756 -0.007761 (21) WT +J(0) +M(C:0K, Fs:2579, WS:10296K # 10296K, PF:10260K # 10260K, P:10260K)
[8] -
[9] -
[10] -
[11] -
[12] -
[13] 0.010244 -0.003603 (22) WT +J(CM:0, PgRf:0, Rd:0/0, Dy:0/0, Lg:616/1) +M(C:0K, Fs:8, WS:-10216K # 24K, PF:-10256K # 12K, P:-10256K)
[14] 0.000017 +J(0)
[15] 0.000180 +J(0) +M(C:0K, Fs:206, WS:820K # 0K, PF:68K # 0K, P:68K)
[16] 0.000331 -0.000127 (1) WT +J(0) +M(C:0K, Fs:3, WS:4K # 0K, PF:0K # 0K, P:0K)."
"6/2/2026 7:24:26 AM","102","Information","NTDS ISAM","NTDS (760,P,98) NTDSA: The database engine (10.00.20348.0000) is starting a new instance (0)."
"6/2/2026 7:09:56 AM","1394","Information","Microsoft-Windows-ActiveDirectory_DomainService","All problems preventing updates to the Active Directory Domain Services database have been cleared. New updates to the Active Directory Domain Services database are succeeding. The Net Logon service has restarted."
"6/2/2026 7:09:26 AM","1000","Information","Microsoft-Windows-ActiveDirectory_DomainService","Microsoft Active Directory Domain Services startup complete"
"6/2/2026 7:09:26 AM","3041","Warning","Microsoft-Windows-ActiveDirectory_DomainService","The security of this directory server can be significantly enhanced by configuring the server to enforce  validation of Channel Binding Tokens received in LDAP bind requests sent over LDAPS connections. Even if  no clients are issuing LDAP bind requests over LDAPS, configuring the server to validate Channel Binding  Tokens will improve the security of this server. 
 
For more details and information on how to make this configuration change to the server, please see https://go.microsoft.com/fwlink/?linkid=2102405."
"6/2/2026 7:09:26 AM","2886","Warning","Microsoft-Windows-ActiveDirectory_DomainService","The security of this directory server can be significantly enhanced by configuring the server to reject SASL (Negotiate, Kerberos, NTLM, or Digest) LDAP binds that do not request signing (integrity verification) and LDAP simple binds that are performed on a clear text (non-SSL/TLS-encrypted) connection.  Even if no clients are using such binds, configuring the server to reject them will improve the security of this server. 
 
Some clients may currently be relying on unsigned SASL binds or LDAP simple binds over a non-SSL/TLS connection, and will stop working if this configuration change is made.  To assist in identifying these clients, if such binds occur this directory server will log a summary event once every 24 hours indicating how many such binds occurred.  You are encouraged to configure those clients to not use such binds.  Once no such events are observed for an extended period, it is recommended that you configure the server to reject such binds. 
 
For more details and information on how to make this configuration change to the server, please see http://go.microsoft.com/fwlink/?LinkID=87923. 
 
You can enable additional logging to log an event each time a client makes such a bind, including information on which client made the bind.  To do so, please raise the setting for the ""LDAP Interface Events"" event logging category to level 2 or higher."
"6/2/2026 7:09:16 AM","2405","Information","Microsoft-Windows-ActiveDirectory_DomainService","This Active Directory Domain Services server does not support the ""Privileged Access Management Feature"" optional feature."
"6/2/2026 7:09:16 AM","2405","Information","Microsoft-Windows-ActiveDirectory_DomainService","This Active Directory Domain Services server does not support the ""Recycle Bin Feature"" optional feature."
"6/2/2026 7:09:16 AM","2120","Information","Microsoft-Windows-ActiveDirectory_DomainService","This Active Directory Domain Services server does not support the Recycle Bin. Deleted objects may be undeleted, however, when an object is undeleted, some attributes of that object may be lost.  Additionally, attributes of other objects that refer to the object being undeleted may also be lost."
"6/2/2026 7:09:16 AM","2208","Information","Microsoft-Windows-ActiveDirectory_DomainService","Active Directory Domain Services deleted DFSR databases to initialize SYSVOL replica during a non-authoritative restore. 
Active Directory detected that the virtual machine that hosts the domain controller was reverted to a previous state. Active Directory Domain Services needs to initialize a non-authoritative restore on the local SYSVOL replica. For DFSR, this is done by stopping the DFSR service, deleting DFSR databases, and re-starting the service. Upon restarting DFSR will rebuild the databases and start the initial sync."
"6/2/2026 7:09:16 AM","2179","Information","Microsoft-Windows-ActiveDirectory_DomainService","The msDS-GenerationId attribute of the Domain Controller's computer object has been set to the following parameter: 
 
GenerationID attribute:
1716482619039775184"
"6/2/2026 7:09:16 AM","1109","Information","Microsoft-Windows-ActiveDirectory_DomainService","The invocationID attribute for this directory server has been changed. The highest update sequence number at the time the backup was created is as follows: 
 
InvocationID attribute (old value):
f5274f03-a8ab-4e70-b7cd-39ee2fb9b3d3 
InvocationID attribute (new value):
a471ef37-ab8f-4620-9819-7d0da51c1a8f 
Update sequence number:
155684 
 
The invocationID is changed when a directory server is restored from backup media, is configured to host a writeable application directory partition, has been resumed after a virtual machine snapshot has been applied, after a virtual machine import operation, or after a live migration operation. Virtualized domain controllers should not be restored using virtual machine snapshots. The supported method to restore or rollback the content of an Active Directory Domain Services database is to restore a system state backup made with an Active Directory Domain Services-aware backup application."
"6/2/2026 7:09:16 AM","2170","Warning","Microsoft-Windows-ActiveDirectory_DomainService","A Generation ID change has been detected. 
 
Generation ID cached in DS (old value):
2776095824828486858 
Generation ID currently in VM (new value):
1716482619039775184 
 
The Generation ID change occurs after the application of a virtual machine snapshot, after a virtual machine import operation or after a live migration operation. Active Directory Domain Services will create a new invocation ID to recover the domain controller. Virtualized domain controllers should not be restored using virtual machine snapshots. The supported method to restore or rollback the content of an Active Directory Domain Services database is to restore a system state backup made with an Active Directory Domain Services aware backup application."
"6/2/2026 7:09:16 AM","2172","Information","Microsoft-Windows-ActiveDirectory_DomainService","Read the msDS-GenerationId attribute of the Domain Controller's computer object. 
 
msDS-GenerationId attribute value:
2776095824828486858"
"6/2/2026 7:09:16 AM","2168","Information","Microsoft-Windows-ActiveDirectory_DomainService","The DC is running on a supported hypervisor. VM Generation ID is detected. 
 
Current value of VM Generation ID: 1716482619039775184"
"6/2/2026 7:09:16 AM","2406","Information","Microsoft-Windows-ActiveDirectory_DomainService","This Active Directory Domain Services server is disabling support for the ""Privileged Access Management Feature"" optional feature."
"6/2/2026 7:09:16 AM","2406","Information","Microsoft-Windows-ActiveDirectory_DomainService","This Active Directory Domain Services server is disabling support for the ""Recycle Bin Feature"" optional feature."
"6/2/2026 7:09:16 AM","2121","Information","Microsoft-Windows-ActiveDirectory_DomainService","This Active Directory Domain Services server is disabling the Recycle Bin. Deleted objects may not be undeleted at this time."
"6/2/2026 7:09:16 AM","3054","Warning","Microsoft-Windows-ActiveDirectory_DomainService","The directory has been configured to allow implicit owner privileges when initially setting or modifying the nTSecurityDescriptor attribute during LDAP add and modify operations. Warning events will be logged, but no requests will be blocked. 
 
This setting is not secure and should only be used as a temporary troubleshooting step. Please review the suggested mitigations in the link below. 
 
For more information, please see https://go.microsoft.com/fwlink/?linkid=2174032."
"6/2/2026 7:09:16 AM","3051","Warning","Microsoft-Windows-ActiveDirectory_DomainService","The directory has been configured to not enforce per-attribute authorization during LDAP add operations. Warning events will be logged, but no requests will be blocked. 
 
This setting is not secure and should only be used as a temporary troubleshooting step. Please review the suggested mitigations in the link below. 
 
For more information, please see https://go.microsoft.com/fwlink/?linkid=2174032."
"6/2/2026 7:06:23 AM","1004","Information","Microsoft-Windows-ActiveDirectory_DomainService","Active Directory Domain Services was shut down successfully."
"6/2/2026 7:06:20 AM","2179","Information","Microsoft-Windows-ActiveDirectory_DomainService","The msDS-GenerationId attribute of the Domain Controller's computer object has been set to the following parameter: 
 
GenerationID attribute:
2776095824828486858"
"6/2/2026 7:04:52 AM","1394","Information","Microsoft-Windows-ActiveDirectory_DomainService","All problems preventing updates to the Active Directory Domain Services database have been cleared. New updates to the Active Directory Domain Services database are succeeding. The Net Logon service has restarted."
"6/2/2026 7:04:22 AM","1000","Information","Microsoft-Windows-ActiveDirectory_DomainService","Microsoft Active Directory Domain Services startup complete"
"6/2/2026 7:04:22 AM","3041","Warning","Microsoft-Windows-ActiveDirectory_DomainService","The security of this directory server can be significantly enhanced by configuring the server to enforce  validation of Channel Binding Tokens received in LDAP bind requests sent over LDAPS connections. Even if  no clients are issuing LDAP bind requests over LDAPS, configuring the server to validate Channel Binding  Tokens will improve the security of this server. 
 
For more details and information on how to make this configuration change to the server, please see https://go.microsoft.com/fwlink/?linkid=2102405."
"6/2/2026 7:04:22 AM","2886","Warning","Microsoft-Windows-ActiveDirectory_DomainService","The security of this directory server can be significantly enhanced by configuring the server to reject SASL (Negotiate, Kerberos, NTLM, or Digest) LDAP binds that do not request signing (integrity verification) and LDAP simple binds that are performed on a clear text (non-SSL/TLS-encrypted) connection.  Even if no clients are using such binds, configuring the server to reject them will improve the security of this server. 
 
Some clients may currently be relying on unsigned SASL binds or LDAP simple binds over a non-SSL/TLS connection, and will stop working if this configuration change is made.  To assist in identifying these clients, if such binds occur this directory server will log a summary event once every 24 hours indicating how many such binds occurred.  You are encouraged to configure those clients to not use such binds.  Once no such events are observed for an extended period, it is recommended that you configure the server to reject such binds. 
 
For more details and information on how to make this configuration change to the server, please see http://go.microsoft.com/fwlink/?LinkID=87923. 
 
You can enable additional logging to log an event each time a client makes such a bind, including information on which client made the bind.  To do so, please raise the setting for the ""LDAP Interface Events"" event logging category to level 2 or higher."
"6/2/2026 7:04:12 AM","2405","Information","Microsoft-Windows-ActiveDirectory_DomainService","This Active Directory Domain Services server does not support the ""Privileged Access Management Feature"" optional feature."
"6/2/2026 7:04:12 AM","2405","Information","Microsoft-Windows-ActiveDirectory_DomainService","This Active Directory Domain Services server does not support the ""Recycle Bin Feature"" optional feature."
"6/2/2026 7:04:12 AM","2120","Information","Microsoft-Windows-ActiveDirectory_DomainService","This Active Directory Domain Services server does not support the Recycle Bin. Deleted objects may be undeleted, however, when an object is undeleted, some attributes of that object may be lost.  Additionally, attributes of other objects that refer to the object being undeleted may also be lost."
"6/2/2026 7:04:12 AM","2208","Information","Microsoft-Windows-ActiveDirectory_DomainService","Active Directory Domain Services deleted DFSR databases to initialize SYSVOL replica during a non-authoritative restore. 
Active Directory detected that the virtual machine that hosts the domain controller was reverted to a previous state. Active Directory Domain Services needs to initialize a non-authoritative restore on the local SYSVOL replica. For DFSR, this is done by stopping the DFSR service, deleting DFSR databases, and re-starting the service. Upon restarting DFSR will rebuild the databases and start the initial sync."
"6/2/2026 7:04:12 AM","2179","Information","Microsoft-Windows-ActiveDirectory_DomainService","The msDS-GenerationId attribute of the Domain Controller's computer object has been set to the following parameter: 
 
GenerationID attribute:
2776095824828486858"
"6/2/2026 7:04:12 AM","1109","Information","Microsoft-Windows-ActiveDirectory_DomainService","The invocationID attribute for this directory server has been changed. The highest update sequence number at the time the backup was created is as follows: 
 
InvocationID attribute (old value):
f8ccf903-d9b1-483a-a3ac-44a9ef1a097f 
InvocationID attribute (new value):
f5274f03-a8ab-4e70-b7cd-39ee2fb9b3d3 
Update sequence number:
151587 
 
The invocationID is changed when a directory server is restored from backup media, is configured to host a writeable application directory partition, has been resumed after a virtual machine snapshot has been applied, after a virtual machine import operation, or after a live migration operation. Virtualized domain controllers should not be restored using virtual machine snapshots. The supported method to restore or rollback the content of an Active Directory Domain Services database is to restore a system state backup made with an Active Directory Domain Services-aware backup application."
"6/2/2026 7:04:12 AM","2170","Warning","Microsoft-Windows-ActiveDirectory_DomainService","A Generation ID change has been detected. 
 
Generation ID cached in DS (old value):
10917094983128373380 
Generation ID currently in VM (new value):
2776095824828486858 
 
The Generation ID change occurs after the application of a virtual machine snapshot, after a virtual machine import operation or after a live migration operation. Active Directory Domain Services will create a new invocation ID to recover the domain controller. Virtualized domain controllers should not be restored using virtual machine snapshots. The supported method to restore or rollback the content of an Active Directory Domain Services database is to restore a system state backup made with an Active Directory Domain Services aware backup application."
"6/2/2026 7:04:12 AM","2172","Information","Microsoft-Windows-ActiveDirectory_DomainService","Read the msDS-GenerationId attribute of the Domain Controller's computer object. 
 
msDS-GenerationId attribute value:
10917094983128373380"
"6/2/2026 7:04:12 AM","2168","Information","Microsoft-Windows-ActiveDirectory_DomainService","The DC is running on a supported hypervisor. VM Generation ID is detected. 
 
Current value of VM Generation ID: 2776095824828486858"
"6/2/2026 7:04:12 AM","2406","Information","Microsoft-Windows-ActiveDirectory_DomainService","This Active Directory Domain Services server is disabling support for the ""Privileged Access Management Feature"" optional feature."
"6/2/2026 7:04:12 AM","2406","Information","Microsoft-Windows-ActiveDirectory_DomainService","This Active Directory Domain Services server is disabling support for the ""Recycle Bin Feature"" optional feature."
"6/2/2026 7:04:12 AM","2121","Information","Microsoft-Windows-ActiveDirectory_DomainService","This Active Directory Domain Services server is disabling the Recycle Bin. Deleted objects may not be undeleted at this time."
"6/2/2026 7:04:12 AM","3054","Warning","Microsoft-Windows-ActiveDirectory_DomainService","The directory has been configured to allow implicit owner privileges when initially setting or modifying the nTSecurityDescriptor attribute during LDAP add and modify operations. Warning events will be logged, but no requests will be blocked. 
 
This setting is not secure and should only be used as a temporary troubleshooting step. Please review the suggested mitigations in the link below. 
 
For more information, please see https://go.microsoft.com/fwlink/?linkid=2174032."
"6/2/2026 7:04:12 AM","3051","Warning","Microsoft-Windows-ActiveDirectory_DomainService","The directory has been configured to not enforce per-attribute authorization during LDAP add operations. Warning events will be logged, but no requests will be blocked. 
 
This setting is not secure and should only be used as a temporary troubleshooting step. Please review the suggested mitigations in the link below. 
 
For more information, please see https://go.microsoft.com/fwlink/?linkid=2174032."
"6/1/2026 11:48:59 AM","1004","Information","Microsoft-Windows-ActiveDirectory_DomainService","Active Directory Domain Services was shut down successfully."
"6/1/2026 11:48:56 AM","2179","Information","Microsoft-Windows-ActiveDirectory_DomainService","The msDS-GenerationId attribute of the Domain Controller's computer object has been set to the following parameter: 
 
GenerationID attribute:
10917094983128373380"
"6/1/2026 11:42:26 AM","1394","Information","Microsoft-Windows-ActiveDirectory_DomainService","All problems preventing updates to the Active Directory Domain Services database have been cleared. New updates to the Active Directory Domain Services database are succeeding. The Net Logon service has restarted."
"6/1/2026 11:41:56 AM","1000","Information","Microsoft-Windows-ActiveDirectory_DomainService","Microsoft Active Directory Domain Services startup complete"
"6/1/2026 11:41:56 AM","3041","Warning","Microsoft-Windows-ActiveDirectory_DomainService","The security of this directory server can be significantly enhanced by configuring the server to enforce  validation of Channel Binding Tokens received in LDAP bind requests sent over LDAPS connections. Even if  no clients are issuing LDAP bind requests over LDAPS, configuring the server to validate Channel Binding  Tokens will improve the security of this server. 
 
For more details and information on how to make this configuration change to the server, please see https://go.microsoft.com/fwlink/?linkid=2102405."
"6/1/2026 11:41:56 AM","2886","Warning","Microsoft-Windows-ActiveDirectory_DomainService","The security of this directory server can be significantly enhanced by configuring the server to reject SASL (Negotiate, Kerberos, NTLM, or Digest) LDAP binds that do not request signing (integrity verification) and LDAP simple binds that are performed on a clear text (non-SSL/TLS-encrypted) connection.  Even if no clients are using such binds, configuring the server to reject them will improve the security of this server. 
 
Some clients may currently be relying on unsigned SASL binds or LDAP simple binds over a non-SSL/TLS connection, and will stop working if this configuration change is made.  To assist in identifying these clients, if such binds occur this directory server will log a summary event once every 24 hours indicating how many such binds occurred.  You are encouraged to configure those clients to not use such binds.  Once no such events are observed for an extended period, it is recommended that you configure the server to reject such binds. 
 
For more details and information on how to make this configuration change to the server, please see http://go.microsoft.com/fwlink/?LinkID=87923. 
 
You can enable additional logging to log an event each time a client makes such a bind, including information on which client made the bind.  To do so, please raise the setting for the ""LDAP Interface Events"" event logging category to level 2 or higher."
"6/1/2026 11:41:46 AM","2405","Information","Microsoft-Windows-ActiveDirectory_DomainService","This Active Directory Domain Services server does not support the ""Privileged Access Management Feature"" optional feature."
"6/1/2026 11:41:46 AM","2405","Information","Microsoft-Windows-ActiveDirectory_DomainService","This Active Directory Domain Services server does not support the ""Recycle Bin Feature"" optional feature."
"6/1/2026 11:41:46 AM","2120","Information","Microsoft-Windows-ActiveDirectory_DomainService","This Active Directory Domain Services server does not support the Recycle Bin. Deleted objects may be undeleted, however, when an object is undeleted, some attributes of that object may be lost.  Additionally, attributes of other objects that refer to the object being undeleted may also be lost."
"6/1/2026 11:41:46 AM","2208","Information","Microsoft-Windows-ActiveDirectory_DomainService","Active Directory Domain Services deleted DFSR databases to initialize SYSVOL replica during a non-authoritative restore. 
Active Directory detected that the virtual machine that hosts the domain controller was reverted to a previous state. Active Directory Domain Services needs to initialize a non-authoritative restore on the local SYSVOL replica. For DFSR, this is done by stopping the DFSR service, deleting DFSR databases, and re-starting the service. Upon restarting DFSR will rebuild the databases and start the initial sync."
"6/1/2026 11:41:46 AM","2179","Information","Microsoft-Windows-ActiveDirectory_DomainService","The msDS-GenerationId attribute of the Domain Controller's computer object has been set to the following parameter: 
 
GenerationID attribute:
10917094983128373380"
"6/1/2026 11:41:46 AM","1109","Information","Microsoft-Windows-ActiveDirectory_DomainService","The invocationID attribute for this directory server has been changed. The highest update sequence number at the time the backup was created is as follows: 
 
InvocationID attribute (old value):
ed3a2857-5024-41ae-8b33-366b091ecf39 
InvocationID attribute (new value):
f8ccf903-d9b1-483a-a3ac-44a9ef1a097f 
Update sequence number:
147490 
 
The invocationID is changed when a directory server is restored from backup media, is configured to host a writeable application directory partition, has been resumed after a virtual machine snapshot has been applied, after a virtual machine import operation, or after a live migration operation. Virtualized domain controllers should not be restored using virtual machine snapshots. The supported method to restore or rollback the content of an Active Directory Domain Services database is to restore a system state backup made with an Active Directory Domain Services-aware backup application."
"6/1/2026 11:41:46 AM","2170","Warning","Microsoft-Windows-ActiveDirectory_DomainService","A Generation ID change has been detected. 
 
Generation ID cached in DS (old value):
11953350576716186868 
Generation ID currently in VM (new value):
10917094983128373380 
 
The Generation ID change occurs after the application of a virtual machine snapshot, after a virtual machine import operation or after a live migration operation. Active Directory Domain Services will create a new invocation ID to recover the domain controller. Virtualized domain controllers should not be restored using virtual machine snapshots. The supported method to restore or rollback the content of an Active Directory Domain Services database is to restore a system state backup made with an Active Directory Domain Services aware backup application."
"6/1/2026 11:41:46 AM","2172","Information","Microsoft-Windows-ActiveDirectory_DomainService","Read the msDS-GenerationId attribute of the Domain Controller's computer object. 
 
msDS-GenerationId attribute value:
11953350576716186868"
"6/1/2026 11:41:46 AM","2168","Information","Microsoft-Windows-ActiveDirectory_DomainService","The DC is running on a supported hypervisor. VM Generation ID is detected. 
 
Current value of VM Generation ID: 10917094983128373380"
"6/1/2026 11:41:46 AM","2406","Information","Microsoft-Windows-ActiveDirectory_DomainService","This Active Directory Domain Services server is disabling support for the ""Privileged Access Management Feature"" optional feature."
"6/1/2026 11:41:46 AM","2406","Information","Microsoft-Windows-ActiveDirectory_DomainService","This Active Directory Domain Services server is disabling support for the ""Recycle Bin Feature"" optional feature."
"6/1/2026 11:41:46 AM","2121","Information","Microsoft-Windows-ActiveDirectory_DomainService","This Active Directory Domain Services server is disabling the Recycle Bin. Deleted objects may not be undeleted at this time."
"6/1/2026 11:41:46 AM","3054","Warning","Microsoft-Windows-ActiveDirectory_DomainService","The directory has been configured to allow implicit owner privileges when initially setting or modifying the nTSecurityDescriptor attribute during LDAP add and modify operations. Warning events will be logged, but no requests will be blocked. 
 
This setting is not secure and should only be used as a temporary troubleshooting step. Please review the suggested mitigations in the link below. 
 
For more information, please see https://go.microsoft.com/fwlink/?linkid=2174032."
"6/1/2026 11:41:46 AM","3051","Warning","Microsoft-Windows-ActiveDirectory_DomainService","The directory has been configured to not enforce per-attribute authorization during LDAP add operations. Warning events will be logged, but no requests will be blocked. 
 
This setting is not secure and should only be used as a temporary troubleshooting step. Please review the suggested mitigations in the link below. 
 
For more information, please see https://go.microsoft.com/fwlink/?linkid=2174032."
"5/31/2026 6:00:27 PM","1004","Information","Microsoft-Windows-ActiveDirectory_DomainService","Active Directory Domain Services was shut down successfully."
"5/31/2026 6:00:24 PM","2179","Information","Microsoft-Windows-ActiveDirectory_DomainService","The msDS-GenerationId attribute of the Domain Controller's computer object has been set to the following parameter: 
 
GenerationID attribute:
11953350576716186868"
"5/31/2026 5:56:47 PM","1394","Information","Microsoft-Windows-ActiveDirectory_DomainService","All problems preventing updates to the Active Directory Domain Services database have been cleared. New updates to the Active Directory Domain Services database are succeeding. The Net Logon service has restarted."
"5/31/2026 5:56:17 PM","1000","Information","Microsoft-Windows-ActiveDirectory_DomainService","Microsoft Active Directory Domain Services startup complete"
"5/31/2026 5:56:17 PM","3041","Warning","Microsoft-Windows-ActiveDirectory_DomainService","The security of this directory server can be significantly enhanced by configuring the server to enforce  validation of Channel Binding Tokens received in LDAP bind requests sent over LDAPS connections. Even if  no clients are issuing LDAP bind requests over LDAPS, configuring the server to validate Channel Binding  Tokens will improve the security of this server. 
 
For more details and information on how to make this configuration change to the server, please see https://go.microsoft.com/fwlink/?linkid=2102405."
"5/31/2026 5:56:17 PM","2886","Warning","Microsoft-Windows-ActiveDirectory_DomainService","The security of this directory server can be significantly enhanced by configuring the server to reject SASL (Negotiate, Kerberos, NTLM, or Digest) LDAP binds that do not request signing (integrity verification) and LDAP simple binds that are performed on a clear text (non-SSL/TLS-encrypted) connection.  Even if no clients are using such binds, configuring the server to reject them will improve the security of this server. 
 
Some clients may currently be relying on unsigned SASL binds or LDAP simple binds over a non-SSL/TLS connection, and will stop working if this configuration change is made.  To assist in identifying these clients, if such binds occur this directory server will log a summary event once every 24 hours indicating how many such binds occurred.  You are encouraged to configure those clients to not use such binds.  Once no such events are observed for an extended period, it is recommended that you configure the server to reject such binds. 
 
For more details and information on how to make this configuration change to the server, please see http://go.microsoft.com/fwlink/?LinkID=87923. 
 
You can enable additional logging to log an event each time a client makes such a bind, including information on which client made the bind.  To do so, please raise the setting for the ""LDAP Interface Events"" event logging category to level 2 or higher."
"5/31/2026 5:56:07 PM","2405","Information","Microsoft-Windows-ActiveDirectory_DomainService","This Active Directory Domain Services server does not support the ""Privileged Access Management Feature"" optional feature."
"5/31/2026 5:56:07 PM","2405","Information","Microsoft-Windows-ActiveDirectory_DomainService","This Active Directory Domain Services server does not support the ""Recycle Bin Feature"" optional feature."
"5/31/2026 5:56:07 PM","2120","Information","Microsoft-Windows-ActiveDirectory_DomainService","This Active Directory Domain Services server does not support the Recycle Bin. Deleted objects may be undeleted, however, when an object is undeleted, some attributes of that object may be lost.  Additionally, attributes of other objects that refer to the object being undeleted may also be lost."
"5/31/2026 5:56:07 PM","2208","Information","Microsoft-Windows-ActiveDirectory_DomainService","Active Directory Domain Services deleted DFSR databases to initialize SYSVOL replica during a non-authoritative restore. 
Active Directory detected that the virtual machine that hosts the domain controller was reverted to a previous state. Active Directory Domain Services needs to initialize a non-authoritative restore on the local SYSVOL replica. For DFSR, this is done by stopping the DFSR service, deleting DFSR databases, and re-starting the service. Upon restarting DFSR will rebuild the databases and start the initial sync."
"5/31/2026 5:56:07 PM","2179","Information","Microsoft-Windows-ActiveDirectory_DomainService","The msDS-GenerationId attribute of the Domain Controller's computer object has been set to the following parameter: 
 
GenerationID attribute:
11953350576716186868"
"5/31/2026 5:56:07 PM","1109","Information","Microsoft-Windows-ActiveDirectory_DomainService","The invocationID attribute for this directory server has been changed. The highest update sequence number at the time the backup was created is as follows: 
 
InvocationID attribute (old value):
a12ed332-dee5-425b-a2e9-63f34a94258b 
InvocationID attribute (new value):
ed3a2857-5024-41ae-8b33-366b091ecf39 
Update sequence number:
143393 
 
The invocationID is changed when a directory server is restored from backup media, is configured to host a writeable application directory partition, has been resumed after a virtual machine snapshot has been applied, after a virtual machine import operation, or after a live migration operation. Virtualized domain controllers should not be restored using virtual machine snapshots. The supported method to restore or rollback the content of an Active Directory Domain Services database is to restore a system state backup made with an Active Directory Domain Services-aware backup application."
"5/31/2026 5:56:07 PM","2170","Warning","Microsoft-Windows-ActiveDirectory_DomainService","A Generation ID change has been detected. 
 
Generation ID cached in DS (old value):
7957738971340850032 
Generation ID currently in VM (new value):
11953350576716186868 
 
The Generation ID change occurs after the application of a virtual machine snapshot, after a virtual machine import operation or after a live migration operation. Active Directory Domain Services will create a new invocation ID to recover the domain controller. Virtualized domain controllers should not be restored using virtual machine snapshots. The supported method to restore or rollback the content of an Active Directory Domain Services database is to restore a system state backup made with an Active Directory Domain Services aware backup application."
"5/31/2026 5:56:07 PM","2172","Information","Microsoft-Windows-ActiveDirectory_DomainService","Read the msDS-GenerationId attribute of the Domain Controller's computer object. 
 
msDS-GenerationId attribute value:
7957738971340850032"
"5/31/2026 5:56:07 PM","2168","Information","Microsoft-Windows-ActiveDirectory_DomainService","The DC is running on a supported hypervisor. VM Generation ID is detected. 
 
Current value of VM Generation ID: 11953350576716186868"
"5/31/2026 5:56:07 PM","2406","Information","Microsoft-Windows-ActiveDirectory_DomainService","This Active Directory Domain Services server is disabling support for the ""Privileged Access Management Feature"" optional feature."
"5/31/2026 5:56:07 PM","2406","Information","Microsoft-Windows-ActiveDirectory_DomainService","This Active Directory Domain Services server is disabling support for the ""Recycle Bin Feature"" optional feature."
"5/31/2026 5:56:07 PM","2121","Information","Microsoft-Windows-ActiveDirectory_DomainService","This Active Directory Domain Services server is disabling the Recycle Bin. Deleted objects may not be undeleted at this time."
"5/31/2026 5:56:07 PM","3054","Warning","Microsoft-Windows-ActiveDirectory_DomainService","The directory has been configured to allow implicit owner privileges when initially setting or modifying the nTSecurityDescriptor attribute during LDAP add and modify operations. Warning events will be logged, but no requests will be blocked. 
 
This setting is not secure and should only be used as a temporary troubleshooting step. Please review the suggested mitigations in the link below. 
 
For more information, please see https://go.microsoft.com/fwlink/?linkid=2174032."
"5/31/2026 5:56:07 PM","3051","Warning","Microsoft-Windows-ActiveDirectory_DomainService","The directory has been configured to not enforce per-attribute authorization during LDAP add operations. Warning events will be logged, but no requests will be blocked. 
 
This setting is not secure and should only be used as a temporary troubleshooting step. Please review the suggested mitigations in the link below. 
 
For more information, please see https://go.microsoft.com/fwlink/?linkid=2174032."
"5/29/2026 12:32:13 PM","1004","Information","Microsoft-Windows-ActiveDirectory_DomainService","Active Directory Domain Services was shut down successfully."
"5/29/2026 12:32:11 PM","2179","Information","Microsoft-Windows-ActiveDirectory_DomainService","The msDS-GenerationId attribute of the Domain Controller's computer object has been set to the following parameter: 
 
GenerationID attribute:
7957738971340850032"
"5/29/2026 12:27:37 PM","1394","Information","Microsoft-Windows-ActiveDirectory_DomainService","All problems preventing updates to the Active Directory Domain Services database have been cleared. New updates to the Active Directory Domain Services database are succeeding. The Net Logon service has restarted."
"5/29/2026 12:27:07 PM","1000","Information","Microsoft-Windows-ActiveDirectory_DomainService","Microsoft Active Directory Domain Services startup complete"
"5/29/2026 12:27:07 PM","3041","Warning","Microsoft-Windows-ActiveDirectory_DomainService","The security of this directory server can be significantly enhanced by configuring the server to enforce  validation of Channel Binding Tokens received in LDAP bind requests sent over LDAPS connections. Even if  no clients are issuing LDAP bind requests over LDAPS, configuring the server to validate Channel Binding  Tokens will improve the security of this server. 
 
For more details and information on how to make this configuration change to the server, please see https://go.microsoft.com/fwlink/?linkid=2102405."
"5/29/2026 12:27:07 PM","2886","Warning","Microsoft-Windows-ActiveDirectory_DomainService","The security of this directory server can be significantly enhanced by configuring the server to reject SASL (Negotiate, Kerberos, NTLM, or Digest) LDAP binds that do not request signing (integrity verification) and LDAP simple binds that are performed on a clear text (non-SSL/TLS-encrypted) connection.  Even if no clients are using such binds, configuring the server to reject them will improve the security of this server. 
 
Some clients may currently be relying on unsigned SASL binds or LDAP simple binds over a non-SSL/TLS connection, and will stop working if this configuration change is made.  To assist in identifying these clients, if such binds occur this directory server will log a summary event once every 24 hours indicating how many such binds occurred.  You are encouraged to configure those clients to not use such binds.  Once no such events are observed for an extended period, it is recommended that you configure the server to reject such binds. 
 
For more details and information on how to make this configuration change to the server, please see http://go.microsoft.com/fwlink/?LinkID=87923. 
 
You can enable additional logging to log an event each time a client makes such a bind, including information on which client made the bind.  To do so, please raise the setting for the ""LDAP Interface Events"" event logging category to level 2 or higher."
"5/29/2026 12:26:57 PM","2405","Information","Microsoft-Windows-ActiveDirectory_DomainService","This Active Directory Domain Services server does not support the ""Privileged Access Management Feature"" optional feature."
"5/29/2026 12:26:57 PM","2405","Information","Microsoft-Windows-ActiveDirectory_DomainService","This Active Directory Domain Services server does not support the ""Recycle Bin Feature"" optional feature."
"5/29/2026 12:26:57 PM","2120","Information","Microsoft-Windows-ActiveDirectory_DomainService","This Active Directory Domain Services server does not support the Recycle Bin. Deleted objects may be undeleted, however, when an object is undeleted, some attributes of that object may be lost.  Additionally, attributes of other objects that refer to the object being undeleted may also be lost."
"5/29/2026 12:26:57 PM","2208","Information","Microsoft-Windows-ActiveDirectory_DomainService","Active Directory Domain Services deleted DFSR databases to initialize SYSVOL replica during a non-authoritative restore. 
Active Directory detected that the virtual machine that hosts the domain controller was reverted to a previous state. Active Directory Domain Services needs to initialize a non-authoritative restore on the local SYSVOL replica. For DFSR, this is done by stopping the DFSR service, deleting DFSR databases, and re-starting the service. Upon restarting DFSR will rebuild the databases and start the initial sync."
"5/29/2026 12:26:57 PM","2179","Information","Microsoft-Windows-ActiveDirectory_DomainService","The msDS-GenerationId attribute of the Domain Controller's computer object has been set to the following parameter: 
 
GenerationID attribute:
7957738971340850032"
"5/29/2026 12:26:57 PM","1109","Information","Microsoft-Windows-ActiveDirectory_DomainService","The invocationID attribute for this directory server has been changed. The highest update sequence number at the time the backup was created is as follows: 
 
InvocationID attribute (old value):
e2ae00c5-d902-4248-9457-3c852739ede7 
InvocationID attribute (new value):
a12ed332-dee5-425b-a2e9-63f34a94258b 
Update sequence number:
139296 
 
The invocationID is changed when a directory server is restored from backup media, is configured to host a writeable application directory partition, has been resumed after a virtual machine snapshot has been applied, after a virtual machine import operation, or after a live migration operation. Virtualized domain controllers should not be restored using virtual machine snapshots. The supported method to restore or rollback the content of an Active Directory Domain Services database is to restore a system state backup made with an Active Directory Domain Services-aware backup application."
"5/29/2026 12:26:57 PM","2170","Warning","Microsoft-Windows-ActiveDirectory_DomainService","A Generation ID change has been detected. 
 
Generation ID cached in DS (old value):
3149889245066158878 
Generation ID currently in VM (new value):
7957738971340850032 
 
The Generation ID change occurs after the application of a virtual machine snapshot, after a virtual machine import operation or after a live migration operation. Active Directory Domain Services will create a new invocation ID to recover the domain controller. Virtualized domain controllers should not be restored using virtual machine snapshots. The supported method to restore or rollback the content of an Active Directory Domain Services database is to restore a system state backup made with an Active Directory Domain Services aware backup application."
"5/29/2026 12:26:57 PM","2172","Information","Microsoft-Windows-ActiveDirectory_DomainService","Read the msDS-GenerationId attribute of the Domain Controller's computer object. 
 
msDS-GenerationId attribute value:
3149889245066158878"
"5/29/2026 12:26:57 PM","2168","Information","Microsoft-Windows-ActiveDirectory_DomainService","The DC is running on a supported hypervisor. VM Generation ID is detected. 
 
Current value of VM Generation ID: 7957738971340850032"
"5/29/2026 12:26:57 PM","2406","Information","Microsoft-Windows-ActiveDirectory_DomainService","This Active Directory Domain Services server is disabling support for the ""Privileged Access Management Feature"" optional feature."
"5/29/2026 12:26:57 PM","2406","Information","Microsoft-Windows-ActiveDirectory_DomainService","This Active Directory Domain Services server is disabling support for the ""Recycle Bin Feature"" optional feature."
"5/29/2026 12:26:57 PM","2121","Information","Microsoft-Windows-ActiveDirectory_DomainService","This Active Directory Domain Services server is disabling the Recycle Bin. Deleted objects may not be undeleted at this time."
"5/29/2026 12:26:57 PM","3054","Warning","Microsoft-Windows-ActiveDirectory_DomainService","The directory has been configured to allow implicit owner privileges when initially setting or modifying the nTSecurityDescriptor attribute during LDAP add and modify operations. Warning events will be logged, but no requests will be blocked. 
 
This setting is not secure and should only be used as a temporary troubleshooting step. Please review the suggested mitigations in the link below. 
 
For more information, please see https://go.microsoft.com/fwlink/?linkid=2174032."
"5/29/2026 12:26:57 PM","3051","Warning","Microsoft-Windows-ActiveDirectory_DomainService","The directory has been configured to not enforce per-attribute authorization during LDAP add operations. Warning events will be logged, but no requests will be blocked. 
 
This setting is not secure and should only be used as a temporary troubleshooting step. Please review the suggested mitigations in the link below. 
 
For more information, please see https://go.microsoft.com/fwlink/?linkid=2174032."
"5/26/2026 7:28:09 AM","1004","Information","Microsoft-Windows-ActiveDirectory_DomainService","Active Directory Domain Services was shut down successfully."
"5/26/2026 7:28:08 AM","2179","Information","Microsoft-Windows-ActiveDirectory_DomainService","The msDS-GenerationId attribute of the Domain Controller's computer object has been set to the following parameter: 
 
GenerationID attribute:
3149889245066158878"
"5/26/2026 7:25:03 AM","1869","Information","Microsoft-Windows-ActiveDirectory_DomainService","Active Directory Domain Services has located a global catalog in the following site. 
 
Global catalog:
\\dc.scaffold.htb 
Site:
Default-First-Site-Name"
"5/26/2026 7:25:03 AM","3027","Information","Microsoft-Windows-ActiveDirectory_DomainService","Internal event: Online Defragment Start succeeded. 
 
Duration in seconds:3600 
"
"5/26/2026 7:25:03 AM","3033","Information","Microsoft-Windows-ActiveDirectory_DomainService","Internal event: Online Defragment Stop invoked but defrag was not running."
"5/26/2026 7:25:03 AM","701","Information","NTDS ISAM","NTDS (752,D,0) NTDSA: Online defragmentation has completed a full pass on database 'C:\Windows\NTDS\ntds.dit', freeing 0 pages. This pass started on 5/26/2026 and ran for a total of 0 seconds, requiring 1 invocations over 1 days. Since the database was created it has been fully defragmented 19 times."
"5/26/2026 7:25:03 AM","700","Information","NTDS ISAM","NTDS (752,D,0) NTDSA: Online defragmentation is beginning a full pass on database 'C:\Windows\NTDS\ntds.dit'."
"5/26/2026 7:25:03 AM","330","Information","NTDS ISAM","NTDS (752,D,2) NTDSA: The database [C:\Windows\NTDS\temp.edb] format version is being held back to 8920 (0x22d8) due to application parameter setting of 0x22D8 (8920). Current default engine version: 9360 (0x2490)."
"5/26/2026 7:25:03 AM","326","Information","NTDS ISAM","NTDS (752,D,50) NTDSA: The database engine attached a database (1, C:\Windows\NTDS\ntds.dit). (Time=0 seconds) 
 
Saved Cache: 0 0 
Additional Data: lgposAttach = 00000003:0097:0268,
dbv = 1568.20.0 (8920) 
 
Internal Timing Sequence: 
[1] 0.000003 +J(0) +M(C:0K, Fs:1, WS:4K # 0K, PF:0K # 0K, P:0K)
[2] 0.000333 -0.000207 (1) WT +J(0) +M(C:0K, Fs:19, WS:12K # 0K, PF:8K # 0K, P:8K)
[3] 0.003209 -0.001379 (6) WT +J(CM:0, PgRf:0, Rd:0/0, Dy:0/0, Lg:3480/2) +M(C:0K, Fs:20, WS:68K # 0K, PF:136K # 0K, P:136K)
[4] 0.000108 +J(0)
[5] -
[6] -
[7] -
[8] 0.002186 -0.000412 (2) CM -0.000261 (2) WT +J(CM:2, PgRf:2, Rd:4/2, Dy:0/0, Lg:0/0) +M(C:16K, Fs:45, WS:168K # 0K, PF:220K # 0K, P:220K)
[9] 0.002030 -0.001512 (7) CM -0.001091 (7) WT +J(CM:7, PgRf:24, Rd:0/7, Dy:0/0, Lg:0/0) +M(C:-8K, Fs:29, WS:100K # 0K, PF:192K # 0K, P:192K)
[10] 0.001905 -0.001370 (3) CM -0.001010 (3) WT +J(CM:3, PgRf:40, Rd:0/3, Dy:0/0, Lg:0/0) +M(C:-4K, Fs:5, WS:12K # 0K, PF:60K # 0K, P:60K)
[11] 0.000061 +J(CM:0, PgRf:1, Rd:0/0, Dy:0/0, Lg:0/0) +M(C:0K, Fs:4, WS:16K # 0K, PF:0K # 0K, P:0K)
[12] 0.000089 +J(CM:0, PgRf:48, Rd:0/0, Dy:0/0, Lg:0/0) +M(C:0K, Fs:2, WS:8K # 0K, PF:0K # 0K, P:0K)
[13] 0.000002 +J(0)
[14] 0.0 +J(0)
[15] 0.000007 +J(CM:0, PgRf:1, Rd:0/0, Dy:0/0, Lg:0/0)."
"5/26/2026 7:25:03 AM","330","Information","NTDS ISAM","NTDS (752,D,50) NTDSA: The database [C:\Windows\NTDS\ntds.dit] format version is being held back to 8920 (0x22d8) due to application parameter setting of 0x22D8 (8920). Current default engine version: 9360 (0x2490)."
"5/26/2026 7:25:03 AM","105","Information","NTDS ISAM","NTDS (752,D,0) NTDSA: The database engine started a new instance (0). (Time=0 seconds) 
 
Additional Data:
  
 
Internal Timing Sequence: 
[1] 0.000463 +J(0) +M(C:0K, Fs:107, WS:400K # 0K, PF:3396K # 356K, P:3396K)
[2] 0.000589 +J(0) +M(C:16K, Fs:133, WS:524K # 304K, PF:308K # 308K, P:308K)
[3] 0.000293 +J(0) +M(C:0K, Fs:5, WS:20K # 20K, PF:64K # 64K, P:64K)
[4] 0.005913 -0.000121 (1) WT +J(0) +M(C:0K, Fs:129, WS:436K # 436K, PF:5208K # 5208K, P:5208K)
[5] 0.000493 +J(0) +M(C:0K, Fs:2, WS:8K # 8K, PF:4K # 4K, P:4K)
[6] 0.002090 +J(0) +M(C:0K, Fs:22, WS:88K # 88K, PF:20K # 20K, P:20K)
[7] 0.018314 -0.010476 (21) WT +J(0) +M(C:0K, Fs:2579, WS:10296K # 10296K, PF:10260K # 10260K, P:10260K)
[8] -
[9] -
[10] -
[11] -
[12] -
[13] 0.015329 -0.008506 (22) WT +J(CM:0, PgRf:0, Rd:0/0, Dy:0/0, Lg:616/1) +M(C:0K, Fs:8, WS:-10216K # 24K, PF:-10256K # 12K, P:-10256K)
[14] 0.000012 +J(0)
[15] 0.000167 +J(0) +M(C:0K, Fs:206, WS:820K # 0K, PF:68K # 0K, P:68K)
[16] 0.000352 -0.000158 (1) WT +J(0) +M(C:0K, Fs:3, WS:4K # 0K, PF:0K # 0K, P:0K)."
"5/26/2026 7:25:03 AM","102","Information","NTDS ISAM","NTDS (752,P,98) NTDSA: The database engine (10.00.20348.0000) is starting a new instance (0)."
"5/26/2026 7:10:33 AM","1394","Information","Microsoft-Windows-ActiveDirectory_DomainService","All problems preventing updates to the Active Directory Domain Services database have been cleared. New updates to the Active Directory Domain Services database are succeeding. The Net Logon service has restarted."
"5/26/2026 7:10:03 AM","1000","Information","Microsoft-Windows-ActiveDirectory_DomainService","Microsoft Active Directory Domain Services startup complete"
"5/26/2026 7:10:03 AM","3041","Warning","Microsoft-Windows-ActiveDirectory_DomainService","The security of this directory server can be significantly enhanced by configuring the server to enforce  validation of Channel Binding Tokens received in LDAP bind requests sent over LDAPS connections. Even if  no clients are issuing LDAP bind requests over LDAPS, configuring the server to validate Channel Binding  Tokens will improve the security of this server. 
 
For more details and information on how to make this configuration change to the server, please see https://go.microsoft.com/fwlink/?linkid=2102405."
"5/26/2026 7:10:03 AM","2886","Warning","Microsoft-Windows-ActiveDirectory_DomainService","The security of this directory server can be significantly enhanced by configuring the server to reject SASL (Negotiate, Kerberos, NTLM, or Digest) LDAP binds that do not request signing (integrity verification) and LDAP simple binds that are performed on a clear text (non-SSL/TLS-encrypted) connection.  Even if no clients are using such binds, configuring the server to reject them will improve the security of this server. 
 
Some clients may currently be relying on unsigned SASL binds or LDAP simple binds over a non-SSL/TLS connection, and will stop working if this configuration change is made.  To assist in identifying these clients, if such binds occur this directory server will log a summary event once every 24 hours indicating how many such binds occurred.  You are encouraged to configure those clients to not use such binds.  Once no such events are observed for an extended period, it is recommended that you configure the server to reject such binds. 
 
For more details and information on how to make this configuration change to the server, please see http://go.microsoft.com/fwlink/?LinkID=87923. 
 
You can enable additional logging to log an event each time a client makes such a bind, including information on which client made the bind.  To do so, please raise the setting for the ""LDAP Interface Events"" event logging category to level 2 or higher."
"5/26/2026 7:09:53 AM","2405","Information","Microsoft-Windows-ActiveDirectory_DomainService","This Active Directory Domain Services server does not support the ""Privileged Access Management Feature"" optional feature."
"5/26/2026 7:09:53 AM","2405","Information","Microsoft-Windows-ActiveDirectory_DomainService","This Active Directory Domain Services server does not support the ""Recycle Bin Feature"" optional feature."
"5/26/2026 7:09:53 AM","2120","Information","Microsoft-Windows-ActiveDirectory_DomainService","This Active Directory Domain Services server does not support the Recycle Bin. Deleted objects may be undeleted, however, when an object is undeleted, some attributes of that object may be lost.  Additionally, attributes of other objects that refer to the object being undeleted may also be lost."
"5/26/2026 7:09:53 AM","2208","Information","Microsoft-Windows-ActiveDirectory_DomainService","Active Directory Domain Services deleted DFSR databases to initialize SYSVOL replica during a non-authoritative restore. 
Active Directory detected that the virtual machine that hosts the domain controller was reverted to a previous state. Active Directory Domain Services needs to initialize a non-authoritative restore on the local SYSVOL replica. For DFSR, this is done by stopping the DFSR service, deleting DFSR databases, and re-starting the service. Upon restarting DFSR will rebuild the databases and start the initial sync."
"5/26/2026 7:09:53 AM","2179","Information","Microsoft-Windows-ActiveDirectory_DomainService","The msDS-GenerationId attribute of the Domain Controller's computer object has been set to the following parameter: 
 
GenerationID attribute:
3149889245066158878"
"5/26/2026 7:09:53 AM","1109","Information","Microsoft-Windows-ActiveDirectory_DomainService","The invocationID attribute for this directory server has been changed. The highest update sequence number at the time the backup was created is as follows: 
 
InvocationID attribute (old value):
9198a772-b6fc-4ab3-a892-8609ad17c8f3 
InvocationID attribute (new value):
e2ae00c5-d902-4248-9457-3c852739ede7 
Update sequence number:
135199 
 
The invocationID is changed when a directory server is restored from backup media, is configured to host a writeable application directory partition, has been resumed after a virtual machine snapshot has been applied, after a virtual machine import operation, or after a live migration operation. Virtualized domain controllers should not be restored using virtual machine snapshots. The supported method to restore or rollback the content of an Active Directory Domain Services database is to restore a system state backup made with an Active Directory Domain Services-aware backup application."
"5/26/2026 7:09:53 AM","2170","Warning","Microsoft-Windows-ActiveDirectory_DomainService","A Generation ID change has been detected. 
 
Generation ID cached in DS (old value):
15332508568834610484 
Generation ID currently in VM (new value):
3149889245066158878 
 
The Generation ID change occurs after the application of a virtual machine snapshot, after a virtual machine import operation or after a live migration operation. Active Directory Domain Services will create a new invocation ID to recover the domain controller. Virtualized domain controllers should not be restored using virtual machine snapshots. The supported method to restore or rollback the content of an Active Directory Domain Services database is to restore a system state backup made with an Active Directory Domain Services aware backup application."
"5/26/2026 7:09:53 AM","2172","Information","Microsoft-Windows-ActiveDirectory_DomainService","Read the msDS-GenerationId attribute of the Domain Controller's computer object. 
 
msDS-GenerationId attribute value:
15332508568834610484"
"5/26/2026 7:09:53 AM","2168","Information","Microsoft-Windows-ActiveDirectory_DomainService","The DC is running on a supported hypervisor. VM Generation ID is detected. 
 
Current value of VM Generation ID: 3149889245066158878"
"5/26/2026 7:09:53 AM","2406","Information","Microsoft-Windows-ActiveDirectory_DomainService","This Active Directory Domain Services server is disabling support for the ""Privileged Access Management Feature"" optional feature."
"5/26/2026 7:09:53 AM","2406","Information","Microsoft-Windows-ActiveDirectory_DomainService","This Active Directory Domain Services server is disabling support for the ""Recycle Bin Feature"" optional feature."
"5/26/2026 7:09:53 AM","2121","Information","Microsoft-Windows-ActiveDirectory_DomainService","This Active Directory Domain Services server is disabling the Recycle Bin. Deleted objects may not be undeleted at this time."
"5/26/2026 7:09:53 AM","3054","Warning","Microsoft-Windows-ActiveDirectory_DomainService","The directory has been configured to allow implicit owner privileges when initially setting or modifying the nTSecurityDescriptor attribute during LDAP add and modify operations. Warning events will be logged, but no requests will be blocked. 
 
This setting is not secure and should only be used as a temporary troubleshooting step. Please review the suggested mitigations in the link below. 
 
For more information, please see https://go.microsoft.com/fwlink/?linkid=2174032."
"5/26/2026 7:09:53 AM","3051","Warning","Microsoft-Windows-ActiveDirectory_DomainService","The directory has been configured to not enforce per-attribute authorization during LDAP add operations. Warning events will be logged, but no requests will be blocked. 
 
This setting is not secure and should only be used as a temporary troubleshooting step. Please review the suggested mitigations in the link below. 
 
For more information, please see https://go.microsoft.com/fwlink/?linkid=2174032."
"5/25/2026 8:56:45 AM","1004","Information","Microsoft-Windows-ActiveDirectory_DomainService","Active Directory Domain Services was shut down successfully."
"5/25/2026 8:56:44 AM","2179","Information","Microsoft-Windows-ActiveDirectory_DomainService","The msDS-GenerationId attribute of the Domain Controller's computer object has been set to the following parameter: 
 
GenerationID attribute:
15332508568834610484"
"5/25/2026 7:55:32 AM","1869","Information","Microsoft-Windows-ActiveDirectory_DomainService","Active Directory Domain Services has located a global catalog in the following site. 
 
Global catalog:
\\dc.scaffold.htb 
Site:
Default-First-Site-Name"
"5/25/2026 7:55:32 AM","3027","Information","Microsoft-Windows-ActiveDirectory_DomainService","Internal event: Online Defragment Start succeeded. 
 
Duration in seconds:3600 
"
"5/25/2026 7:55:32 AM","3033","Information","Microsoft-Windows-ActiveDirectory_DomainService","Internal event: Online Defragment Stop invoked but defrag was not running."
"5/25/2026 7:55:32 AM","701","Information","NTDS ISAM","NTDS (740,D,0) NTDSA: Online defragmentation has completed a full pass on database 'C:\Windows\NTDS\ntds.dit', freeing 0 pages. This pass started on 5/25/2026 and ran for a total of 0 seconds, requiring 1 invocations over 1 days. Since the database was created it has been fully defragmented 18 times."
"5/25/2026 7:55:32 AM","700","Information","NTDS ISAM","NTDS (740,D,0) NTDSA: Online defragmentation is beginning a full pass on database 'C:\Windows\NTDS\ntds.dit'."
"5/25/2026 7:55:32 AM","330","Information","NTDS ISAM","NTDS (740,D,2) NTDSA: The database [C:\Windows\NTDS\temp.edb] format version is being held back to 8920 (0x22d8) due to application parameter setting of 0x22D8 (8920). Current default engine version: 9360 (0x2490)."
"5/25/2026 7:55:32 AM","326","Information","NTDS ISAM","NTDS (740,D,50) NTDSA: The database engine attached a database (1, C:\Windows\NTDS\ntds.dit). (Time=0 seconds) 
 
Saved Cache: 0 0 
Additional Data: lgposAttach = 00000003:006F:0268,
dbv = 1568.20.0 (8920) 
 
Internal Timing Sequence: 
[1] 0.000003 +J(0) +M(C:0K, Fs:1, WS:4K # 0K, PF:0K # 0K, P:0K)
[2] 0.000225 -0.000120 (1) WT +J(0) +M(C:0K, Fs:19, WS:12K # 0K, PF:8K # 0K, P:8K)
[3] 0.003351 -0.001768 (6) WT +J(CM:0, PgRf:0, Rd:0/0, Dy:0/0, Lg:3480/2) +M(C:0K, Fs:19, WS:60K # 0K, PF:136K # 0K, P:136K)
[4] 0.000068 +J(0)
[5] -
[6] -
[7] -
[8] 0.001301 -0.000256 (2) CM -0.000161 (2) WT +J(CM:2, PgRf:2, Rd:4/2, Dy:0/0, Lg:0/0) +M(C:32K, Fs:44, WS:168K # 0K, PF:232K # 0K, P:232K)
[9] 0.000960 -0.000770 (5) CM -0.000584 (5) WT +J(CM:5, PgRf:24, Rd:0/5, Dy:0/0, Lg:0/0) +M(C:-24K, Fs:31, WS:100K # 0K, PF:176K # 0K, P:176K)
[10] 0.000556 -0.000430 (3) CM -0.000290 (3) WT +J(CM:3, PgRf:40, Rd:0/3, Dy:0/0, Lg:0/0) +M(C:-4K, Fs:5, WS:12K # 0K, PF:60K # 0K, P:60K)
[11] 0.000008 +J(CM:0, PgRf:1, Rd:0/0, Dy:0/0, Lg:0/0) +M(C:0K, Fs:4, WS:16K # 0K, PF:0K # 0K, P:0K)
[12] 0.000025 +J(CM:0, PgRf:48, Rd:0/0, Dy:0/0, Lg:0/0) +M(C:0K, Fs:3, WS:12K # 0K, PF:4K # 0K, P:4K)
[13] 0.0 +J(0)
[14] 0.0 +J(0)
[15] 0.000001 +J(CM:0, PgRf:1, Rd:0/0, Dy:0/0, Lg:0/0)."
"5/25/2026 7:55:32 AM","330","Information","NTDS ISAM","NTDS (740,D,50) NTDSA: The database [C:\Windows\NTDS\ntds.dit] format version is being held back to 8920 (0x22d8) due to application parameter setting of 0x22D8 (8920). Current default engine version: 9360 (0x2490)."
"5/25/2026 7:55:32 AM","105","Information","NTDS ISAM","NTDS (740,D,0) NTDSA: The database engine started a new instance (0). (Time=0 seconds) 
 
Additional Data:
  
 
Internal Timing Sequence: 
[1] 0.000460 +J(0) +M(C:0K, Fs:106, WS:396K # 0K, PF:3372K # 340K, P:3372K)
[2] 0.000432 +J(0) +M(C:16K, Fs:131, WS:516K # 300K, PF:320K # 320K, P:320K)
[3] 0.000421 +J(0) +M(C:0K, Fs:6, WS:20K # 20K, PF:68K # 68K, P:68K)
[4] 0.003864 -0.000137 (1) WT +J(0) +M(C:0K, Fs:125, WS:428K # 428K, PF:5196K # 5196K, P:5196K)
[5] 0.000279 +J(0) +M(C:0K, Fs:3, WS:12K # 12K, PF:8K # 8K, P:8K)
[6] 0.001550 +J(0) +M(C:0K, Fs:23, WS:92K # 92K, PF:24K # 24K, P:24K)
[7] 0.013265 -0.009007 (21) WT +J(0) +M(C:0K, Fs:2579, WS:10296K # 10296K, PF:10260K # 10260K, P:10260K)
[8] -
[9] -
[10] -
[11] -
[12] -
[13] 0.012295 -0.007732 (22) WT +J(CM:0, PgRf:0, Rd:0/0, Dy:0/0, Lg:616/1) +M(C:0K, Fs:8, WS:-10216K # 24K, PF:-10256K # 12K, P:-10256K)
[14] 0.000012 +J(0)
[15] 0.000136 +J(0) +M(C:0K, Fs:206, WS:820K # 0K, PF:68K # 0K, P:68K)
[16] 0.000255 -0.000124 (1) WT +J(0) +M(C:0K, Fs:3, WS:4K # 0K, PF:0K # 0K, P:0K)."
"5/25/2026 7:55:32 AM","102","Information","NTDS ISAM","NTDS (740,P,98) NTDSA: The database engine (10.00.20348.0000) is starting a new instance (0)."
"5/25/2026 7:41:02 AM","1394","Information","Microsoft-Windows-ActiveDirectory_DomainService","All problems preventing updates to the Active Directory Domain Services database have been cleared. New updates to the Active Directory Domain Services database are succeeding. The Net Logon service has restarted."
"5/25/2026 7:40:32 AM","1000","Information","Microsoft-Windows-ActiveDirectory_DomainService","Microsoft Active Directory Domain Services startup complete"
"5/25/2026 7:40:32 AM","3041","Warning","Microsoft-Windows-ActiveDirectory_DomainService","The security of this directory server can be significantly enhanced by configuring the server to enforce  validation of Channel Binding Tokens received in LDAP bind requests sent over LDAPS connections. Even if  no clients are issuing LDAP bind requests over LDAPS, configuring the server to validate Channel Binding  Tokens will improve the security of this server. 
 
For more details and information on how to make this configuration change to the server, please see https://go.microsoft.com/fwlink/?linkid=2102405."
"5/25/2026 7:40:32 AM","2886","Warning","Microsoft-Windows-ActiveDirectory_DomainService","The security of this directory server can be significantly enhanced by configuring the server to reject SASL (Negotiate, Kerberos, NTLM, or Digest) LDAP binds that do not request signing (integrity verification) and LDAP simple binds that are performed on a clear text (non-SSL/TLS-encrypted) connection.  Even if no clients are using such binds, configuring the server to reject them will improve the security of this server. 
 
Some clients may currently be relying on unsigned SASL binds or LDAP simple binds over a non-SSL/TLS connection, and will stop working if this configuration change is made.  To assist in identifying these clients, if such binds occur this directory server will log a summary event once every 24 hours indicating how many such binds occurred.  You are encouraged to configure those clients to not use such binds.  Once no such events are observed for an extended period, it is recommended that you configure the server to reject such binds. 
 
For more details and information on how to make this configuration change to the server, please see http://go.microsoft.com/fwlink/?LinkID=87923. 
 
You can enable additional logging to log an event each time a client makes such a bind, including information on which client made the bind.  To do so, please raise the setting for the ""LDAP Interface Events"" event logging category to level 2 or higher."
"5/25/2026 7:40:22 AM","2405","Information","Microsoft-Windows-ActiveDirectory_DomainService","This Active Directory Domain Services server does not support the ""Privileged Access Management Feature"" optional feature."
"5/25/2026 7:40:22 AM","2405","Information","Microsoft-Windows-ActiveDirectory_DomainService","This Active Directory Domain Services server does not support the ""Recycle Bin Feature"" optional feature."
"5/25/2026 7:40:22 AM","2120","Information","Microsoft-Windows-ActiveDirectory_DomainService","This Active Directory Domain Services server does not support the Recycle Bin. Deleted objects may be undeleted, however, when an object is undeleted, some attributes of that object may be lost.  Additionally, attributes of other objects that refer to the object being undeleted may also be lost."
"5/25/2026 7:40:22 AM","2208","Information","Microsoft-Windows-ActiveDirectory_DomainService","Active Directory Domain Services deleted DFSR databases to initialize SYSVOL replica during a non-authoritative restore. 
Active Directory detected that the virtual machine that hosts the domain controller was reverted to a previous state. Active Directory Domain Services needs to initialize a non-authoritative restore on the local SYSVOL replica. For DFSR, this is done by stopping the DFSR service, deleting DFSR databases, and re-starting the service. Upon restarting DFSR will rebuild the databases and start the initial sync."
"5/25/2026 7:40:22 AM","2179","Information","Microsoft-Windows-ActiveDirectory_DomainService","The msDS-GenerationId attribute of the Domain Controller's computer object has been set to the following parameter: 
 
GenerationID attribute:
15332508568834610484"
"5/25/2026 7:40:22 AM","1109","Information","Microsoft-Windows-ActiveDirectory_DomainService","The invocationID attribute for this directory server has been changed. The highest update sequence number at the time the backup was created is as follows: 
 
InvocationID attribute (old value):
fcc1980d-6e57-4010-b4d1-13c5d416ac9d 
InvocationID attribute (new value):
9198a772-b6fc-4ab3-a892-8609ad17c8f3 
Update sequence number:
131102 
 
The invocationID is changed when a directory server is restored from backup media, is configured to host a writeable application directory partition, has been resumed after a virtual machine snapshot has been applied, after a virtual machine import operation, or after a live migration operation. Virtualized domain controllers should not be restored using virtual machine snapshots. The supported method to restore or rollback the content of an Active Directory Domain Services database is to restore a system state backup made with an Active Directory Domain Services-aware backup application."
"5/25/2026 7:40:22 AM","2170","Warning","Microsoft-Windows-ActiveDirectory_DomainService","A Generation ID change has been detected. 
 
Generation ID cached in DS (old value):
5393941936346587461 
Generation ID currently in VM (new value):
15332508568834610484 
 
The Generation ID change occurs after the application of a virtual machine snapshot, after a virtual machine import operation or after a live migration operation. Active Directory Domain Services will create a new invocation ID to recover the domain controller. Virtualized domain controllers should not be restored using virtual machine snapshots. The supported method to restore or rollback the content of an Active Directory Domain Services database is to restore a system state backup made with an Active Directory Domain Services aware backup application."
"5/25/2026 7:40:22 AM","2172","Information","Microsoft-Windows-ActiveDirectory_DomainService","Read the msDS-GenerationId attribute of the Domain Controller's computer object. 
 
msDS-GenerationId attribute value:
5393941936346587461"
"5/25/2026 7:40:22 AM","2168","Information","Microsoft-Windows-ActiveDirectory_DomainService","The DC is running on a supported hypervisor. VM Generation ID is detected. 
 
Current value of VM Generation ID: 15332508568834610484"
"5/25/2026 7:40:22 AM","2406","Information","Microsoft-Windows-ActiveDirectory_DomainService","This Active Directory Domain Services server is disabling support for the ""Privileged Access Management Feature"" optional feature."
"5/25/2026 7:40:22 AM","2406","Information","Microsoft-Windows-ActiveDirectory_DomainService","This Active Directory Domain Services server is disabling support for the ""Recycle Bin Feature"" optional feature."
"5/25/2026 7:40:22 AM","2121","Information","Microsoft-Windows-ActiveDirectory_DomainService","This Active Directory Domain Services server is disabling the Recycle Bin. Deleted objects may not be undeleted at this time."
"5/25/2026 7:40:22 AM","3054","Warning","Microsoft-Windows-ActiveDirectory_DomainService","The directory has been configured to allow implicit owner privileges when initially setting or modifying the nTSecurityDescriptor attribute during LDAP add and modify operations. Warning events will be logged, but no requests will be blocked. 
 
This setting is not secure and should only be used as a temporary troubleshooting step. Please review the suggested mitigations in the link below. 
 
For more information, please see https://go.microsoft.com/fwlink/?linkid=2174032."
"5/25/2026 7:40:22 AM","3051","Warning","Microsoft-Windows-ActiveDirectory_DomainService","The directory has been configured to not enforce per-attribute authorization during LDAP add operations. Warning events will be logged, but no requests will be blocked. 
 
This setting is not secure and should only be used as a temporary troubleshooting step. Please review the suggested mitigations in the link below. 
 
For more information, please see https://go.microsoft.com/fwlink/?linkid=2174032."
"5/24/2026 3:56:04 PM","1004","Information","Microsoft-Windows-ActiveDirectory_DomainService","Active Directory Domain Services was shut down successfully."
"5/24/2026 3:56:03 PM","2179","Information","Microsoft-Windows-ActiveDirectory_DomainService","The msDS-GenerationId attribute of the Domain Controller's computer object has been set to the following parameter: 
 
GenerationID attribute:
5393941936346587461"
"5/24/2026 3:24:50 PM","1869","Information","Microsoft-Windows-ActiveDirectory_DomainService","Active Directory Domain Services has located a global catalog in the following site. 
 
Global catalog:
\\dc.scaffold.htb 
Site:
Default-First-Site-Name"
"5/24/2026 3:24:50 PM","3027","Information","Microsoft-Windows-ActiveDirectory_DomainService","Internal event: Online Defragment Start succeeded. 
 
Duration in seconds:3600 
"
"5/24/2026 3:24:50 PM","3033","Information","Microsoft-Windows-ActiveDirectory_DomainService","Internal event: Online Defragment Stop invoked but defrag was not running."
"5/24/2026 3:24:50 PM","701","Information","NTDS ISAM","NTDS (748,D,0) NTDSA: Online defragmentation has completed a full pass on database 'C:\Windows\NTDS\ntds.dit', freeing 1 pages. This pass started on 5/24/2026 and ran for a total of 0 seconds, requiring 1 invocations over 1 days. Since the database was created it has been fully defragmented 17 times."
"5/24/2026 3:24:50 PM","700","Information","NTDS ISAM","NTDS (748,D,0) NTDSA: Online defragmentation is beginning a full pass on database 'C:\Windows\NTDS\ntds.dit'."
"5/24/2026 3:24:50 PM","330","Information","NTDS ISAM","NTDS (748,D,2) NTDSA: The database [C:\Windows\NTDS\temp.edb] format version is being held back to 8920 (0x22d8) due to application parameter setting of 0x22D8 (8920). Current default engine version: 9360 (0x2490)."
"5/24/2026 3:24:50 PM","326","Information","NTDS ISAM","NTDS (748,D,50) NTDSA: The database engine attached a database (1, C:\Windows\NTDS\ntds.dit). (Time=0 seconds) 
 
Saved Cache: 0 0 
Additional Data: lgposAttach = 00000003:0022:0268,
dbv = 1568.20.0 (8920) 
 
Internal Timing Sequence: 
[1] 0.000005 +J(0) +M(C:0K, Fs:1, WS:4K # 0K, PF:0K # 0K, P:0K)
[2] 0.000324 -0.000144 (1) WT +J(0) +M(C:0K, Fs:19, WS:12K # 0K, PF:8K # 0K, P:8K)
[3] 0.003877 -0.001586 (6) WT +J(CM:0, PgRf:0, Rd:0/0, Dy:0/0, Lg:3480/2) +M(C:0K, Fs:20, WS:68K # 0K, PF:136K # 0K, P:136K)
[4] 0.000068 +J(0)
[5] -
[6] -
[7] -
[8] 0.002837 -0.000542 (2) CM -0.000406 (2) WT +J(CM:2, PgRf:2, Rd:4/2, Dy:0/0, Lg:0/0) +M(C:32K, Fs:46, WS:172K # 0K, PF:240K # 0K, P:240K)
[9] 0.001041 -0.000794 (5) CM -0.000627 (5) WT +J(CM:5, PgRf:24, Rd:0/5, Dy:0/0, Lg:0/0) +M(C:-24K, Fs:32, WS:104K # 0K, PF:180K # 0K, P:180K)
[10] 0.000517 -0.000380 (3) CM -0.000278 (3) WT +J(CM:3, PgRf:40, Rd:0/3, Dy:0/0, Lg:0/0) +M(C:-4K, Fs:5, WS:12K # 0K, PF:60K # 0K, P:60K)
[11] 0.000020 +J(CM:0, PgRf:1, Rd:0/0, Dy:0/0, Lg:0/0) +M(C:0K, Fs:4, WS:16K # 0K, PF:0K # 0K, P:0K)
[12] 0.000035 +J(CM:0, PgRf:48, Rd:0/0, Dy:0/0, Lg:0/0) +M(C:0K, Fs:2, WS:8K # 0K, PF:0K # 0K, P:0K)
[13] 0.000001 +J(0)
[14] 0.0 +J(0)
[15] 0.000004 +J(CM:0, PgRf:1, Rd:0/0, Dy:0/0, Lg:0/0)."
"5/24/2026 3:24:50 PM","330","Information","NTDS ISAM","NTDS (748,D,50) NTDSA: The database [C:\Windows\NTDS\ntds.dit] format version is being held back to 8920 (0x22d8) due to application parameter setting of 0x22D8 (8920). Current default engine version: 9360 (0x2490)."
"5/24/2026 3:24:50 PM","105","Information","NTDS ISAM","NTDS (748,D,0) NTDSA: The database engine started a new instance (0). (Time=0 seconds) 
 
Additional Data:
  
 
Internal Timing Sequence: 
[1] 0.000573 +J(0) +M(C:0K, Fs:150, WS:572K # 0K, PF:3392K # 356K, P:3392K)
[2] 0.000824 +J(0) +M(C:16K, Fs:89, WS:348K # 304K, PF:308K # 308K, P:308K)
[3] 0.000528 +J(0) +M(C:0K, Fs:5, WS:20K # 20K, PF:64K # 64K, P:64K)
[4] 0.006253 -0.000102 (1) WT +J(0) +M(C:0K, Fs:127, WS:428K # 428K, PF:5204K # 5204K, P:5204K)
[5] 0.000500 +J(0) +M(C:0K, Fs:3, WS:12K # 12K, PF:8K # 8K, P:8K)
[6] 0.002240 +J(0) +M(C:0K, Fs:22, WS:88K # 88K, PF:20K # 20K, P:20K)
[7] 0.026383 -0.020122 (21) WT +J(0) +M(C:0K, Fs:2579, WS:10296K # 10296K, PF:10260K # 10260K, P:10260K)
[8] -
[9] -
[10] -
[11] -
[12] -
[13] 0.013255 -0.007034 (22) WT +J(CM:0, PgRf:0, Rd:0/0, Dy:0/0, Lg:616/1) +M(C:0K, Fs:8, WS:-10216K # 24K, PF:-10256K # 12K, P:-10256K)
[14] 0.000015 +J(0)
[15] 0.000158 +J(0) +M(C:0K, Fs:206, WS:820K # 0K, PF:68K # 0K, P:68K)
[16] 0.000304 -0.000134 (1) WT +J(0) +M(C:0K, Fs:3, WS:4K # 0K, PF:0K # 0K, P:0K)."
"5/24/2026 3:24:50 PM","102","Information","NTDS ISAM","NTDS (748,P,98) NTDSA: The database engine (10.00.20348.0000) is starting a new instance (0)."
"5/24/2026 3:10:20 PM","1394","Information","Microsoft-Windows-ActiveDirectory_DomainService","All problems preventing updates to the Active Directory Domain Services database have been cleared. New updates to the Active Directory Domain Services database are succeeding. The Net Logon service has restarted."
"5/24/2026 3:09:50 PM","1000","Information","Microsoft-Windows-ActiveDirectory_DomainService","Microsoft Active Directory Domain Services startup complete"
"5/24/2026 3:09:50 PM","3041","Warning","Microsoft-Windows-ActiveDirectory_DomainService","The security of this directory server can be significantly enhanced by configuring the server to enforce  validation of Channel Binding Tokens received in LDAP bind requests sent over LDAPS connections. Even if  no clients are issuing LDAP bind requests over LDAPS, configuring the server to validate Channel Binding  Tokens will improve the security of this server. 
 
For more details and information on how to make this configuration change to the server, please see https://go.microsoft.com/fwlink/?linkid=2102405."
"5/24/2026 3:09:50 PM","2886","Warning","Microsoft-Windows-ActiveDirectory_DomainService","The security of this directory server can be significantly enhanced by configuring the server to reject SASL (Negotiate, Kerberos, NTLM, or Digest) LDAP binds that do not request signing (integrity verification) and LDAP simple binds that are performed on a clear text (non-SSL/TLS-encrypted) connection.  Even if no clients are using such binds, configuring the server to reject them will improve the security of this server. 
 
Some clients may currently be relying on unsigned SASL binds or LDAP simple binds over a non-SSL/TLS connection, and will stop working if this configuration change is made.  To assist in identifying these clients, if such binds occur this directory server will log a summary event once every 24 hours indicating how many such binds occurred.  You are encouraged to configure those clients to not use such binds.  Once no such events are observed for an extended period, it is recommended that you configure the server to reject such binds. 
 
For more details and information on how to make this configuration change to the server, please see http://go.microsoft.com/fwlink/?LinkID=87923. 
 
You can enable additional logging to log an event each time a client makes such a bind, including information on which client made the bind.  To do so, please raise the setting for the ""LDAP Interface Events"" event logging category to level 2 or higher."
"5/24/2026 3:09:40 PM","2405","Information","Microsoft-Windows-ActiveDirectory_DomainService","This Active Directory Domain Services server does not support the ""Privileged Access Management Feature"" optional feature."
"5/24/2026 3:09:40 PM","2405","Information","Microsoft-Windows-ActiveDirectory_DomainService","This Active Directory Domain Services server does not support the ""Recycle Bin Feature"" optional feature."
"5/24/2026 3:09:40 PM","2120","Information","Microsoft-Windows-ActiveDirectory_DomainService","This Active Directory Domain Services server does not support the Recycle Bin. Deleted objects may be undeleted, however, when an object is undeleted, some attributes of that object may be lost.  Additionally, attributes of other objects that refer to the object being undeleted may also be lost."
"5/24/2026 3:09:40 PM","2208","Information","Microsoft-Windows-ActiveDirectory_DomainService","Active Directory Domain Services deleted DFSR databases to initialize SYSVOL replica during a non-authoritative restore. 
Active Directory detected that the virtual machine that hosts the domain controller was reverted to a previous state. Active Directory Domain Services needs to initialize a non-authoritative restore on the local SYSVOL replica. For DFSR, this is done by stopping the DFSR service, deleting DFSR databases, and re-starting the service. Upon restarting DFSR will rebuild the databases and start the initial sync."
"5/24/2026 3:09:40 PM","2179","Information","Microsoft-Windows-ActiveDirectory_DomainService","The msDS-GenerationId attribute of the Domain Controller's computer object has been set to the following parameter: 
 
GenerationID attribute:
5393941936346587461"
"5/24/2026 3:09:40 PM","1109","Information","Microsoft-Windows-ActiveDirectory_DomainService","The invocationID attribute for this directory server has been changed. The highest update sequence number at the time the backup was created is as follows: 
 
InvocationID attribute (old value):
fc208aa6-c048-4e80-8aec-774553ba5a4c 
InvocationID attribute (new value):
fcc1980d-6e57-4010-b4d1-13c5d416ac9d 
Update sequence number:
127005 
 
The invocationID is changed when a directory server is restored from backup media, is configured to host a writeable application directory partition, has been resumed after a virtual machine snapshot has been applied, after a virtual machine import operation, or after a live migration operation. Virtualized domain controllers should not be restored using virtual machine snapshots. The supported method to restore or rollback the content of an Active Directory Domain Services database is to restore a system state backup made with an Active Directory Domain Services-aware backup application."
"5/24/2026 3:09:40 PM","2170","Warning","Microsoft-Windows-ActiveDirectory_DomainService","A Generation ID change has been detected. 
 
Generation ID cached in DS (old value):
15019505282635490399 
Generation ID currently in VM (new value):
5393941936346587461 
 
The Generation ID change occurs after the application of a virtual machine snapshot, after a virtual machine import operation or after a live migration operation. Active Directory Domain Services will create a new invocation ID to recover the domain controller. Virtualized domain controllers should not be restored using virtual machine snapshots. The supported method to restore or rollback the content of an Active Directory Domain Services database is to restore a system state backup made with an Active Directory Domain Services aware backup application."
"5/24/2026 3:09:40 PM","2172","Information","Microsoft-Windows-ActiveDirectory_DomainService","Read the msDS-GenerationId attribute of the Domain Controller's computer object. 
 
msDS-GenerationId attribute value:
15019505282635490399"
"5/24/2026 3:09:40 PM","2168","Information","Microsoft-Windows-ActiveDirectory_DomainService","The DC is running on a supported hypervisor. VM Generation ID is detected. 
 
Current value of VM Generation ID: 5393941936346587461"
"5/24/2026 3:09:40 PM","2406","Information","Microsoft-Windows-ActiveDirectory_DomainService","This Active Directory Domain Services server is disabling support for the ""Privileged Access Management Feature"" optional feature."
"5/24/2026 3:09:40 PM","2406","Information","Microsoft-Windows-ActiveDirectory_DomainService","This Active Directory Domain Services server is disabling support for the ""Recycle Bin Feature"" optional feature."
"5/24/2026 3:09:40 PM","2121","Information","Microsoft-Windows-ActiveDirectory_DomainService","This Active Directory Domain Services server is disabling the Recycle Bin. Deleted objects may not be undeleted at this time."
"5/24/2026 3:09:40 PM","3054","Warning","Microsoft-Windows-ActiveDirectory_DomainService","The directory has been configured to allow implicit owner privileges when initially setting or modifying the nTSecurityDescriptor attribute during LDAP add and modify operations. Warning events will be logged, but no requests will be blocked. 
 
This setting is not secure and should only be used as a temporary troubleshooting step. Please review the suggested mitigations in the link below. 
 
For more information, please see https://go.microsoft.com/fwlink/?linkid=2174032."
"5/24/2026 3:09:40 PM","3051","Warning","Microsoft-Windows-ActiveDirectory_DomainService","The directory has been configured to not enforce per-attribute authorization during LDAP add operations. Warning events will be logged, but no requests will be blocked. 
 
This setting is not secure and should only be used as a temporary troubleshooting step. Please review the suggested mitigations in the link below. 
 
For more information, please see https://go.microsoft.com/fwlink/?linkid=2174032."
"5/24/2026 9:30:27 AM","1004","Information","Microsoft-Windows-ActiveDirectory_DomainService","Active Directory Domain Services was shut down successfully."
"5/24/2026 9:30:25 AM","2179","Information","Microsoft-Windows-ActiveDirectory_DomainService","The msDS-GenerationId attribute of the Domain Controller's computer object has been set to the following parameter: 
 
GenerationID attribute:
15019505282635490399"
"5/24/2026 8:47:17 AM","1869","Information","Microsoft-Windows-ActiveDirectory_DomainService","Active Directory Domain Services has located a global catalog in the following site. 
 
Global catalog:
\\dc.scaffold.htb 
Site:
Default-First-Site-Name"
"5/24/2026 8:47:17 AM","3027","Information","Microsoft-Windows-ActiveDirectory_DomainService","Internal event: Online Defragment Start succeeded. 
 
Duration in seconds:3600 
"
"5/24/2026 8:47:17 AM","3033","Information","Microsoft-Windows-ActiveDirectory_DomainService","Internal event: Online Defragment Stop invoked but defrag was not running."
"5/24/2026 8:47:17 AM","701","Information","NTDS ISAM","NTDS (756,D,0) NTDSA: Online defragmentation has completed a full pass on database 'C:\Windows\NTDS\ntds.dit', freeing 1 pages. This pass started on 5/24/2026 and ran for a total of 0 seconds, requiring 1 invocations over 1 days. Since the database was created it has been fully defragmented 16 times."
"5/24/2026 8:47:17 AM","700","Information","NTDS ISAM","NTDS (756,D,0) NTDSA: Online defragmentation is beginning a full pass on database 'C:\Windows\NTDS\ntds.dit'."
"5/24/2026 8:47:17 AM","330","Information","NTDS ISAM","NTDS (756,D,2) NTDSA: The database [C:\Windows\NTDS\temp.edb] format version is being held back to 8920 (0x22d8) due to application parameter setting of 0x22D8 (8920). Current default engine version: 9360 (0x2490)."
"5/24/2026 8:47:17 AM","326","Information","NTDS ISAM","NTDS (756,D,50) NTDSA: The database engine attached a database (1, C:\Windows\NTDS\ntds.dit). (Time=0 seconds) 
 
Saved Cache: 0 0 
Additional Data: lgposAttach = 00000002:09DF:0268,
dbv = 1568.20.0 (8920) 
 
Internal Timing Sequence: 
[1] 0.000002 +J(0) +M(C:0K, Fs:1, WS:4K # 0K, PF:0K # 0K, P:0K)
[2] 0.000214 -0.000125 (1) WT +J(0) +M(C:0K, Fs:19, WS:12K # 0K, PF:8K # 0K, P:8K)
[3] 0.001932 -0.000825 (6) WT +J(CM:0, PgRf:0, Rd:0/0, Dy:0/0, Lg:3480/2) +M(C:0K, Fs:19, WS:64K # 0K, PF:136K # 0K, P:136K)
[4] 0.000076 +J(0)
[5] -
[6] -
[7] -
[8] 0.001076 -0.000229 (2) CM -0.000128 (2) WT +J(CM:2, PgRf:2, Rd:4/2, Dy:0/0, Lg:0/0) +M(C:32K, Fs:45, WS:172K # 0K, PF:236K # 0K, P:236K)
[9] 0.000624 -0.000442 (5) CM -0.000308 (5) WT +J(CM:5, PgRf:24, Rd:0/5, Dy:0/0, Lg:0/0) +M(C:-24K, Fs:33, WS:104K # 0K, PF:184K # 0K, P:184K)
[10] 0.000499 -0.000336 (3) CM -0.000184 (3) WT +J(CM:3, PgRf:40, Rd:0/3, Dy:0/0, Lg:0/0) +M(C:-4K, Fs:5, WS:12K # 0K, PF:60K # 0K, P:60K)
[11] 0.000017 +J(CM:0, PgRf:1, Rd:0/0, Dy:0/0, Lg:0/0) +M(C:0K, Fs:4, WS:16K # 0K, PF:0K # 0K, P:0K)
[12] 0.000034 +J(CM:0, PgRf:48, Rd:0/0, Dy:0/0, Lg:0/0) +M(C:0K, Fs:2, WS:8K # 0K, PF:0K # 0K, P:0K)
[13] 0.000001 +J(0)
[14] 0.0 +J(0)
[15] 0.000003 +J(CM:0, PgRf:1, Rd:0/0, Dy:0/0, Lg:0/0)."
"5/24/2026 8:47:17 AM","330","Information","NTDS ISAM","NTDS (756,D,50) NTDSA: The database [C:\Windows\NTDS\ntds.dit] format version is being held back to 8920 (0x22d8) due to application parameter setting of 0x22D8 (8920). Current default engine version: 9360 (0x2490)."
"5/24/2026 8:47:17 AM","105","Information","NTDS ISAM","NTDS (756,D,0) NTDSA: The database engine started a new instance (0). (Time=0 seconds) 
 
Additional Data:
  
 
Internal Timing Sequence: 
[1] 0.000701 +J(0) +M(C:0K, Fs:143, WS:544K # 0K, PF:3364K # 356K, P:3364K)
[2] 0.000487 +J(0) +M(C:16K, Fs:92, WS:356K # 312K, PF:320K # 320K, P:320K)
[3] 0.000209 +J(0) +M(C:0K, Fs:5, WS:20K # 20K, PF:64K # 64K, P:64K)
[4] 0.004301 -0.000143 (1) WT +J(0) +M(C:0K, Fs:127, WS:432K # 432K, PF:5208K # 5208K, P:5208K)
[5] 0.000458 +J(0) +M(C:0K, Fs:4, WS:16K # 16K, PF:12K # 12K, P:12K)
[6] 0.001242 +J(0) +M(C:0K, Fs:20, WS:80K # 80K, PF:12K # 12K, P:12K)
[7] 0.011871 -0.007545 (21) WT +J(0) +M(C:0K, Fs:2579, WS:10296K # 10296K, PF:10260K # 10260K, P:10260K)
[8] -
[9] -
[10] -
[11] -
[12] -
[13] 0.010272 -0.006351 (22) WT +J(CM:0, PgRf:0, Rd:0/0, Dy:0/0, Lg:616/1) +M(C:0K, Fs:8, WS:-10216K # 24K, PF:-10256K # 12K, P:-10256K)
[14] 0.000010 +J(0)
[15] 0.000120 +J(0) +M(C:0K, Fs:205, WS:820K # 0K, PF:64K # 0K, P:64K)
[16] 0.000201 -0.000091 (1) WT +J(0) +M(C:0K, Fs:4, WS:8K # 0K, PF:4K # 0K, P:4K)."
"5/24/2026 8:47:17 AM","102","Information","NTDS ISAM","NTDS (756,P,98) NTDSA: The database engine (10.00.20348.0000) is starting a new instance (0)."
"5/24/2026 8:32:47 AM","1394","Information","Microsoft-Windows-ActiveDirectory_DomainService","All problems preventing updates to the Active Directory Domain Services database have been cleared. New updates to the Active Directory Domain Services database are succeeding. The Net Logon service has restarted."
"5/24/2026 8:32:17 AM","1000","Information","Microsoft-Windows-ActiveDirectory_DomainService","Microsoft Active Directory Domain Services startup complete"
"5/24/2026 8:32:17 AM","3041","Warning","Microsoft-Windows-ActiveDirectory_DomainService","The security of this directory server can be significantly enhanced by configuring the server to enforce  validation of Channel Binding Tokens received in LDAP bind requests sent over LDAPS connections. Even if  no clients are issuing LDAP bind requests over LDAPS, configuring the server to validate Channel Binding  Tokens will improve the security of this server. 
 
For more details and information on how to make this configuration change to the server, please see https://go.microsoft.com/fwlink/?linkid=2102405."
"5/24/2026 8:32:17 AM","2886","Warning","Microsoft-Windows-ActiveDirectory_DomainService","The security of this directory server can be significantly enhanced by configuring the server to reject SASL (Negotiate, Kerberos, NTLM, or Digest) LDAP binds that do not request signing (integrity verification) and LDAP simple binds that are performed on a clear text (non-SSL/TLS-encrypted) connection.  Even if no clients are using such binds, configuring the server to reject them will improve the security of this server. 
 
Some clients may currently be relying on unsigned SASL binds or LDAP simple binds over a non-SSL/TLS connection, and will stop working if this configuration change is made.  To assist in identifying these clients, if such binds occur this directory server will log a summary event once every 24 hours indicating how many such binds occurred.  You are encouraged to configure those clients to not use such binds.  Once no such events are observed for an extended period, it is recommended that you configure the server to reject such binds. 
 
For more details and information on how to make this configuration change to the server, please see http://go.microsoft.com/fwlink/?LinkID=87923. 
 
You can enable additional logging to log an event each time a client makes such a bind, including information on which client made the bind.  To do so, please raise the setting for the ""LDAP Interface Events"" event logging category to level 2 or higher."
"5/24/2026 8:32:07 AM","2405","Information","Microsoft-Windows-ActiveDirectory_DomainService","This Active Directory Domain Services server does not support the ""Privileged Access Management Feature"" optional feature."
"5/24/2026 8:32:07 AM","2405","Information","Microsoft-Windows-ActiveDirectory_DomainService","This Active Directory Domain Services server does not support the ""Recycle Bin Feature"" optional feature."
"5/24/2026 8:32:07 AM","2120","Information","Microsoft-Windows-ActiveDirectory_DomainService","This Active Directory Domain Services server does not support the Recycle Bin. Deleted objects may be undeleted, however, when an object is undeleted, some attributes of that object may be lost.  Additionally, attributes of other objects that refer to the object being undeleted may also be lost."
"5/24/2026 8:32:07 AM","2208","Information","Microsoft-Windows-ActiveDirectory_DomainService","Active Directory Domain Services deleted DFSR databases to initialize SYSVOL replica during a non-authoritative restore. 
Active Directory detected that the virtual machine that hosts the domain controller was reverted to a previous state. Active Directory Domain Services needs to initialize a non-authoritative restore on the local SYSVOL replica. For DFSR, this is done by stopping the DFSR service, deleting DFSR databases, and re-starting the service. Upon restarting DFSR will rebuild the databases and start the initial sync."
"5/24/2026 8:32:07 AM","2179","Information","Microsoft-Windows-ActiveDirectory_DomainService","The msDS-GenerationId attribute of the Domain Controller's computer object has been set to the following parameter: 
 
GenerationID attribute:
15019505282635490399"
"5/24/2026 8:32:07 AM","1109","Information","Microsoft-Windows-ActiveDirectory_DomainService","The invocationID attribute for this directory server has been changed. The highest update sequence number at the time the backup was created is as follows: 
 
InvocationID attribute (old value):
70fdab6f-1997-40e8-b919-611e3f84174c 
InvocationID attribute (new value):
fc208aa6-c048-4e80-8aec-774553ba5a4c 
Update sequence number:
122908 
 
The invocationID is changed when a directory server is restored from backup media, is configured to host a writeable application directory partition, has been resumed after a virtual machine snapshot has been applied, after a virtual machine import operation, or after a live migration operation. Virtualized domain controllers should not be restored using virtual machine snapshots. The supported method to restore or rollback the content of an Active Directory Domain Services database is to restore a system state backup made with an Active Directory Domain Services-aware backup application."
"5/24/2026 8:32:07 AM","2170","Warning","Microsoft-Windows-ActiveDirectory_DomainService","A Generation ID change has been detected. 
 
Generation ID cached in DS (old value):
6522952311863616234 
Generation ID currently in VM (new value):
15019505282635490399 
 
The Generation ID change occurs after the application of a virtual machine snapshot, after a virtual machine import operation or after a live migration operation. Active Directory Domain Services will create a new invocation ID to recover the domain controller. Virtualized domain controllers should not be restored using virtual machine snapshots. The supported method to restore or rollback the content of an Active Directory Domain Services database is to restore a system state backup made with an Active Directory Domain Services aware backup application."
"5/24/2026 8:32:07 AM","2172","Information","Microsoft-Windows-ActiveDirectory_DomainService","Read the msDS-GenerationId attribute of the Domain Controller's computer object. 
 
msDS-GenerationId attribute value:
6522952311863616234"
"5/24/2026 8:32:07 AM","2168","Information","Microsoft-Windows-ActiveDirectory_DomainService","The DC is running on a supported hypervisor. VM Generation ID is detected. 
 
Current value of VM Generation ID: 15019505282635490399"
"5/24/2026 8:32:07 AM","2406","Information","Microsoft-Windows-ActiveDirectory_DomainService","This Active Directory Domain Services server is disabling support for the ""Privileged Access Management Feature"" optional feature."
"5/24/2026 8:32:07 AM","2406","Information","Microsoft-Windows-ActiveDirectory_DomainService","This Active Directory Domain Services server is disabling support for the ""Recycle Bin Feature"" optional feature."
"5/24/2026 8:32:07 AM","2121","Information","Microsoft-Windows-ActiveDirectory_DomainService","This Active Directory Domain Services server is disabling the Recycle Bin. Deleted objects may not be undeleted at this time."
"5/24/2026 8:32:06 AM","3054","Warning","Microsoft-Windows-ActiveDirectory_DomainService","The directory has been configured to allow implicit owner privileges when initially setting or modifying the nTSecurityDescriptor attribute during LDAP add and modify operations. Warning events will be logged, but no requests will be blocked. 
 
This setting is not secure and should only be used as a temporary troubleshooting step. Please review the suggested mitigations in the link below. 
 
For more information, please see https://go.microsoft.com/fwlink/?linkid=2174032."
"5/24/2026 8:32:06 AM","3051","Warning","Microsoft-Windows-ActiveDirectory_DomainService","The directory has been configured to not enforce per-attribute authorization during LDAP add operations. Warning events will be logged, but no requests will be blocked. 
 
This setting is not secure and should only be used as a temporary troubleshooting step. Please review the suggested mitigations in the link below. 
 
For more information, please see https://go.microsoft.com/fwlink/?linkid=2174032."
"5/24/2026 8:07:06 AM","1004","Information","Microsoft-Windows-ActiveDirectory_DomainService","Active Directory Domain Services was shut down successfully."
"5/24/2026 8:07:04 AM","2179","Information","Microsoft-Windows-ActiveDirectory_DomainService","The msDS-GenerationId attribute of the Domain Controller's computer object has been set to the following parameter: 
 
GenerationID attribute:
6522952311863616234"
"5/24/2026 7:58:42 AM","1869","Information","Microsoft-Windows-ActiveDirectory_DomainService","Active Directory Domain Services has located a global catalog in the following site. 
 
Global catalog:
\\dc.scaffold.htb 
Site:
Default-First-Site-Name"
"5/24/2026 7:58:42 AM","3027","Information","Microsoft-Windows-ActiveDirectory_DomainService","Internal event: Online Defragment Start succeeded. 
 
Duration in seconds:3600 
"
"5/24/2026 7:58:42 AM","3033","Information","Microsoft-Windows-ActiveDirectory_DomainService","Internal event: Online Defragment Stop invoked but defrag was not running."
"5/24/2026 7:58:43 AM","701","Information","NTDS ISAM","NTDS (744,D,0) NTDSA: Online defragmentation has completed a full pass on database 'C:\Windows\NTDS\ntds.dit', freeing 0 pages. This pass started on 5/24/2026 and ran for a total of 0 seconds, requiring 1 invocations over 1 days. Since the database was created it has been fully defragmented 15 times."
"5/24/2026 7:58:42 AM","700","Information","NTDS ISAM","NTDS (744,D,0) NTDSA: Online defragmentation is beginning a full pass on database 'C:\Windows\NTDS\ntds.dit'."
"5/24/2026 7:58:42 AM","330","Information","NTDS ISAM","NTDS (744,D,2) NTDSA: The database [C:\Windows\NTDS\temp.edb] format version is being held back to 8920 (0x22d8) due to application parameter setting of 0x22D8 (8920). Current default engine version: 9360 (0x2490)."
"5/24/2026 7:58:42 AM","326","Information","NTDS ISAM","NTDS (744,D,50) NTDSA: The database engine attached a database (1, C:\Windows\NTDS\ntds.dit). (Time=0 seconds) 
 
Saved Cache: 0 0 
Additional Data: lgposAttach = 00000002:09CA:0268,
dbv = 1568.20.0 (8920) 
 
Internal Timing Sequence: 
[1] 0.000005 +J(0) +M(C:0K, Fs:1, WS:4K # 0K, PF:0K # 0K, P:0K)
[2] 0.000294 -0.000121 (1) WT +J(0) +M(C:0K, Fs:19, WS:12K # 0K, PF:8K # 0K, P:8K)
[3] 0.001782 -0.000506 (6) WT +J(CM:0, PgRf:0, Rd:0/0, Dy:0/0, Lg:3480/2) +M(C:0K, Fs:18, WS:64K # 0K, PF:132K # 0K, P:132K)
[4] 0.000066 +J(0)
[5] -
[6] -
[7] -
[8] 0.001281 -0.000168 (2) CM -0.000101 (2) WT +J(CM:2, PgRf:2, Rd:4/2, Dy:0/0, Lg:0/0) +M(C:16K, Fs:45, WS:172K # 0K, PF:220K # 0K, P:220K)
[9] 0.001103 -0.000770 (8) CM -0.000462 (8) WT +J(CM:8, PgRf:24, Rd:0/8, Dy:0/0, Lg:0/0) +M(C:-4K, Fs:30, WS:104K # 0K, PF:196K # 0K, P:196K)
[10] 0.000440 -0.000301 (4) CM -0.000170 (4) WT +J(CM:4, PgRf:40, Rd:0/4, Dy:0/0, Lg:0/0) +M(C:-4K, Fs:6, WS:12K # 0K, PF:60K # 0K, P:60K)
[11] 0.000142 -0.000095 (1) CM -0.000048 (1) WT +J(CM:1, PgRf:1, Rd:0/1, Dy:0/0, Lg:0/0) +M(C:0K, Fs:5, WS:16K # 0K, PF:0K # 0K, P:0K)
[12] 0.000035 +J(CM:0, PgRf:48, Rd:0/0, Dy:0/0, Lg:0/0) +M(C:0K, Fs:2, WS:8K # 0K, PF:0K # 0K, P:0K)
[13] 0.000001 +J(0)
[14] 0.0 +J(0)
[15] 0.000003 +J(CM:0, PgRf:1, Rd:0/0, Dy:0/0, Lg:0/0)."
"5/24/2026 7:58:42 AM","330","Information","NTDS ISAM","NTDS (744,D,50) NTDSA: The database [C:\Windows\NTDS\ntds.dit] format version is being held back to 8920 (0x22d8) due to application parameter setting of 0x22D8 (8920). Current default engine version: 9360 (0x2490)."
"5/24/2026 7:58:42 AM","105","Information","NTDS ISAM","NTDS (744,D,0) NTDSA: The database engine started a new instance (0). (Time=0 seconds) 
 
Additional Data:
  
 
Internal Timing Sequence: 
[1] 0.000402 +J(0) +M(C:0K, Fs:106, WS:396K # 0K, PF:3392K # 348K, P:3392K)
[2] 0.000322 +J(0) +M(C:16K, Fs:132, WS:524K # 296K, PF:304K # 304K, P:304K)
[3] 0.000156 +J(0) +M(C:0K, Fs:5, WS:20K # 20K, PF:64K # 64K, P:64K)
[4] 0.003264 -0.000100 (1) WT +J(0) +M(C:0K, Fs:129, WS:436K # 436K, PF:5216K # 5216K, P:5216K)
[5] 0.000408 +J(0) +M(C:0K, Fs:2, WS:8K # 8K, PF:4K # 4K, P:4K)
[6] 0.001931 +J(0) +M(C:0K, Fs:22, WS:84K # 84K, PF:20K # 20K, P:20K)
[7] 0.015780 -0.009458 (21) WT +J(0) +M(C:0K, Fs:2579, WS:10296K # 10296K, PF:10260K # 10260K, P:10260K)
[8] -
[9] -
[10] -
[11] -
[12] -
[13] 0.011742 -0.007504 (22) WT +J(CM:0, PgRf:0, Rd:0/0, Dy:0/0, Lg:616/1) +M(C:0K, Fs:8, WS:-10216K # 24K, PF:-10256K # 12K, P:-10256K)
[14] 0.000009 +J(0)
[15] 0.000135 +J(0) +M(C:0K, Fs:206, WS:820K # 0K, PF:68K # 0K, P:68K)
[16] 0.000151 -0.000063 (1) WT +J(0) +M(C:0K, Fs:3, WS:4K # 0K, PF:0K # 0K, P:0K)."
"5/24/2026 7:58:42 AM","102","Information","NTDS ISAM","NTDS (744,P,98) NTDSA: The database engine (10.00.20348.0000) is starting a new instance (0)."
"5/24/2026 7:44:12 AM","1394","Information","Microsoft-Windows-ActiveDirectory_DomainService","All problems preventing updates to the Active Directory Domain Services database have been cleared. New updates to the Active Directory Domain Services database are succeeding. The Net Logon service has restarted."
"5/24/2026 7:43:42 AM","1000","Information","Microsoft-Windows-ActiveDirectory_DomainService","Microsoft Active Directory Domain Services startup complete"
"5/24/2026 7:43:42 AM","3041","Warning","Microsoft-Windows-ActiveDirectory_DomainService","The security of this directory server can be significantly enhanced by configuring the server to enforce  validation of Channel Binding Tokens received in LDAP bind requests sent over LDAPS connections. Even if  no clients are issuing LDAP bind requests over LDAPS, configuring the server to validate Channel Binding  Tokens will improve the security of this server. 
 
For more details and information on how to make this configuration change to the server, please see https://go.microsoft.com/fwlink/?linkid=2102405."
"5/24/2026 7:43:42 AM","2886","Warning","Microsoft-Windows-ActiveDirectory_DomainService","The security of this directory server can be significantly enhanced by configuring the server to reject SASL (Negotiate, Kerberos, NTLM, or Digest) LDAP binds that do not request signing (integrity verification) and LDAP simple binds that are performed on a clear text (non-SSL/TLS-encrypted) connection.  Even if no clients are using such binds, configuring the server to reject them will improve the security of this server. 
 
Some clients may currently be relying on unsigned SASL binds or LDAP simple binds over a non-SSL/TLS connection, and will stop working if this configuration change is made.  To assist in identifying these clients, if such binds occur this directory server will log a summary event once every 24 hours indicating how many such binds occurred.  You are encouraged to configure those clients to not use such binds.  Once no such events are observed for an extended period, it is recommended that you configure the server to reject such binds. 
 
For more details and information on how to make this configuration change to the server, please see http://go.microsoft.com/fwlink/?LinkID=87923. 
 
You can enable additional logging to log an event each time a client makes such a bind, including information on which client made the bind.  To do so, please raise the setting for the ""LDAP Interface Events"" event logging category to level 2 or higher."
"5/24/2026 7:43:32 AM","2405","Information","Microsoft-Windows-ActiveDirectory_DomainService","This Active Directory Domain Services server does not support the ""Privileged Access Management Feature"" optional feature."
"5/24/2026 7:43:32 AM","2405","Information","Microsoft-Windows-ActiveDirectory_DomainService","This Active Directory Domain Services server does not support the ""Recycle Bin Feature"" optional feature."
"5/24/2026 7:43:32 AM","2120","Information","Microsoft-Windows-ActiveDirectory_DomainService","This Active Directory Domain Services server does not support the Recycle Bin. Deleted objects may be undeleted, however, when an object is undeleted, some attributes of that object may be lost.  Additionally, attributes of other objects that refer to the object being undeleted may also be lost."
"5/24/2026 7:43:32 AM","2172","Information","Microsoft-Windows-ActiveDirectory_DomainService","Read the msDS-GenerationId attribute of the Domain Controller's computer object. 
 
msDS-GenerationId attribute value:
6522952311863616234"
"5/24/2026 7:43:32 AM","2168","Information","Microsoft-Windows-ActiveDirectory_DomainService","The DC is running on a supported hypervisor. VM Generation ID is detected. 
 
Current value of VM Generation ID: 6522952311863616234"
"5/24/2026 7:43:32 AM","2406","Information","Microsoft-Windows-ActiveDirectory_DomainService","This Active Directory Domain Services server is disabling support for the ""Privileged Access Management Feature"" optional feature."
"5/24/2026 7:43:32 AM","2406","Information","Microsoft-Windows-ActiveDirectory_DomainService","This Active Directory Domain Services server is disabling support for the ""Recycle Bin Feature"" optional feature."
"5/24/2026 7:43:32 AM","2121","Information","Microsoft-Windows-ActiveDirectory_DomainService","This Active Directory Domain Services server is disabling the Recycle Bin. Deleted objects may not be undeleted at this time."
"5/24/2026 7:43:32 AM","3054","Warning","Microsoft-Windows-ActiveDirectory_DomainService","The directory has been configured to allow implicit owner privileges when initially setting or modifying the nTSecurityDescriptor attribute during LDAP add and modify operations. Warning events will be logged, but no requests will be blocked. 
 
This setting is not secure and should only be used as a temporary troubleshooting step. Please review the suggested mitigations in the link below. 
 
For more information, please see https://go.microsoft.com/fwlink/?linkid=2174032."
"5/24/2026 7:43:32 AM","3051","Warning","Microsoft-Windows-ActiveDirectory_DomainService","The directory has been configured to not enforce per-attribute authorization during LDAP add operations. Warning events will be logged, but no requests will be blocked. 
 
This setting is not secure and should only be used as a temporary troubleshooting step. Please review the suggested mitigations in the link below. 
 
For more information, please see https://go.microsoft.com/fwlink/?linkid=2174032."
"5/24/2026 7:43:13 AM","1004","Information","Microsoft-Windows-ActiveDirectory_DomainService","Active Directory Domain Services was shut down successfully."
"5/24/2026 7:43:11 AM","2179","Information","Microsoft-Windows-ActiveDirectory_DomainService","The msDS-GenerationId attribute of the Domain Controller's computer object has been set to the following parameter: 
 
GenerationID attribute:
6522952311863616234"
"5/24/2026 7:37:17 AM","1394","Information","Microsoft-Windows-ActiveDirectory_DomainService","All problems preventing updates to the Active Directory Domain Services database have been cleared. New updates to the Active Directory Domain Services database are succeeding. The Net Logon service has restarted."
"5/24/2026 7:36:47 AM","1000","Information","Microsoft-Windows-ActiveDirectory_DomainService","Microsoft Active Directory Domain Services startup complete"
"5/24/2026 7:36:47 AM","3041","Warning","Microsoft-Windows-ActiveDirectory_DomainService","The security of this directory server can be significantly enhanced by configuring the server to enforce  validation of Channel Binding Tokens received in LDAP bind requests sent over LDAPS connections. Even if  no clients are issuing LDAP bind requests over LDAPS, configuring the server to validate Channel Binding  Tokens will improve the security of this server. 
 
For more details and information on how to make this configuration change to the server, please see https://go.microsoft.com/fwlink/?linkid=2102405."
"5/24/2026 7:36:47 AM","2886","Warning","Microsoft-Windows-ActiveDirectory_DomainService","The security of this directory server can be significantly enhanced by configuring the server to reject SASL (Negotiate, Kerberos, NTLM, or Digest) LDAP binds that do not request signing (integrity verification) and LDAP simple binds that are performed on a clear text (non-SSL/TLS-encrypted) connection.  Even if no clients are using such binds, configuring the server to reject them will improve the security of this server. 
 
Some clients may currently be relying on unsigned SASL binds or LDAP simple binds over a non-SSL/TLS connection, and will stop working if this configuration change is made.  To assist in identifying these clients, if such binds occur this directory server will log a summary event once every 24 hours indicating how many such binds occurred.  You are encouraged to configure those clients to not use such binds.  Once no such events are observed for an extended period, it is recommended that you configure the server to reject such binds. 
 
For more details and information on how to make this configuration change to the server, please see http://go.microsoft.com/fwlink/?LinkID=87923. 
 
You can enable additional logging to log an event each time a client makes such a bind, including information on which client made the bind.  To do so, please raise the setting for the ""LDAP Interface Events"" event logging category to level 2 or higher."
"5/24/2026 7:36:37 AM","2405","Information","Microsoft-Windows-ActiveDirectory_DomainService","This Active Directory Domain Services server does not support the ""Privileged Access Management Feature"" optional feature."
"5/24/2026 7:36:37 AM","2405","Information","Microsoft-Windows-ActiveDirectory_DomainService","This Active Directory Domain Services server does not support the ""Recycle Bin Feature"" optional feature."
"5/24/2026 7:36:37 AM","2120","Information","Microsoft-Windows-ActiveDirectory_DomainService","This Active Directory Domain Services server does not support the Recycle Bin. Deleted objects may be undeleted, however, when an object is undeleted, some attributes of that object may be lost.  Additionally, attributes of other objects that refer to the object being undeleted may also be lost."
"5/24/2026 7:36:37 AM","2208","Information","Microsoft-Windows-ActiveDirectory_DomainService","Active Directory Domain Services deleted DFSR databases to initialize SYSVOL replica during a non-authoritative restore. 
Active Directory detected that the virtual machine that hosts the domain controller was reverted to a previous state. Active Directory Domain Services needs to initialize a non-authoritative restore on the local SYSVOL replica. For DFSR, this is done by stopping the DFSR service, deleting DFSR databases, and re-starting the service. Upon restarting DFSR will rebuild the databases and start the initial sync."
"5/24/2026 7:36:37 AM","2179","Information","Microsoft-Windows-ActiveDirectory_DomainService","The msDS-GenerationId attribute of the Domain Controller's computer object has been set to the following parameter: 
 
GenerationID attribute:
6522952311863616234"
"5/24/2026 7:36:37 AM","1109","Information","Microsoft-Windows-ActiveDirectory_DomainService","The invocationID attribute for this directory server has been changed. The highest update sequence number at the time the backup was created is as follows: 
 
InvocationID attribute (old value):
4052b88a-c04f-42f0-b0f6-5fd81c39c0a6 
InvocationID attribute (new value):
70fdab6f-1997-40e8-b919-611e3f84174c 
Update sequence number:
114714 
 
The invocationID is changed when a directory server is restored from backup media, is configured to host a writeable application directory partition, has been resumed after a virtual machine snapshot has been applied, after a virtual machine import operation, or after a live migration operation. Virtualized domain controllers should not be restored using virtual machine snapshots. The supported method to restore or rollback the content of an Active Directory Domain Services database is to restore a system state backup made with an Active Directory Domain Services-aware backup application."
"5/24/2026 7:36:37 AM","2170","Warning","Microsoft-Windows-ActiveDirectory_DomainService","A Generation ID change has been detected. 
 
Generation ID cached in DS (old value):
6269755032554590376 
Generation ID currently in VM (new value):
6522952311863616234 
 
The Generation ID change occurs after the application of a virtual machine snapshot, after a virtual machine import operation or after a live migration operation. Active Directory Domain Services will create a new invocation ID to recover the domain controller. Virtualized domain controllers should not be restored using virtual machine snapshots. The supported method to restore or rollback the content of an Active Directory Domain Services database is to restore a system state backup made with an Active Directory Domain Services aware backup application."
"5/24/2026 7:36:37 AM","2172","Information","Microsoft-Windows-ActiveDirectory_DomainService","Read the msDS-GenerationId attribute of the Domain Controller's computer object. 
 
msDS-GenerationId attribute value:
6269755032554590376"
"5/24/2026 7:36:37 AM","2168","Information","Microsoft-Windows-ActiveDirectory_DomainService","The DC is running on a supported hypervisor. VM Generation ID is detected. 
 
Current value of VM Generation ID: 6522952311863616234"
"5/24/2026 7:36:37 AM","2406","Information","Microsoft-Windows-ActiveDirectory_DomainService","This Active Directory Domain Services server is disabling support for the ""Privileged Access Management Feature"" optional feature."
"5/24/2026 7:36:37 AM","2406","Information","Microsoft-Windows-ActiveDirectory_DomainService","This Active Directory Domain Services server is disabling support for the ""Recycle Bin Feature"" optional feature."
"5/24/2026 7:36:37 AM","2121","Information","Microsoft-Windows-ActiveDirectory_DomainService","This Active Directory Domain Services server is disabling the Recycle Bin. Deleted objects may not be undeleted at this time."
"5/24/2026 7:36:37 AM","3054","Warning","Microsoft-Windows-ActiveDirectory_DomainService","The directory has been configured to allow implicit owner privileges when initially setting or modifying the nTSecurityDescriptor attribute during LDAP add and modify operations. Warning events will be logged, but no requests will be blocked. 
 
This setting is not secure and should only be used as a temporary troubleshooting step. Please review the suggested mitigations in the link below. 
 
For more information, please see https://go.microsoft.com/fwlink/?linkid=2174032."
"5/24/2026 7:36:37 AM","3051","Warning","Microsoft-Windows-ActiveDirectory_DomainService","The directory has been configured to not enforce per-attribute authorization during LDAP add operations. Warning events will be logged, but no requests will be blocked. 
 
This setting is not secure and should only be used as a temporary troubleshooting step. Please review the suggested mitigations in the link below. 
 
For more information, please see https://go.microsoft.com/fwlink/?linkid=2174032."
"5/24/2026 4:38:50 AM","1004","Information","Microsoft-Windows-ActiveDirectory_DomainService","Active Directory Domain Services was shut down successfully."
"5/24/2026 4:38:48 AM","2179","Information","Microsoft-Windows-ActiveDirectory_DomainService","The msDS-GenerationId attribute of the Domain Controller's computer object has been set to the following parameter: 
 
GenerationID attribute:
6269755032554590376"
"5/24/2026 4:10:37 AM","1869","Information","Microsoft-Windows-ActiveDirectory_DomainService","Active Directory Domain Services has located a global catalog in the following site. 
 
Global catalog:
\\dc.scaffold.htb 
Site:
Default-First-Site-Name"
"5/24/2026 4:10:37 AM","3027","Information","Microsoft-Windows-ActiveDirectory_DomainService","Internal event: Online Defragment Start succeeded. 
 
Duration in seconds:3600 
"
"5/24/2026 4:10:37 AM","3033","Information","Microsoft-Windows-ActiveDirectory_DomainService","Internal event: Online Defragment Stop invoked but defrag was not running."
"5/24/2026 4:10:37 AM","701","Information","NTDS ISAM","NTDS (760,D,0) NTDSA: Online defragmentation has completed a full pass on database 'C:\Windows\NTDS\ntds.dit', freeing 2 pages. This pass started on 5/24/2026 and ran for a total of 0 seconds, requiring 1 invocations over 1 days. Since the database was created it has been fully defragmented 14 times."
"5/24/2026 4:10:37 AM","700","Information","NTDS ISAM","NTDS (760,D,0) NTDSA: Online defragmentation is beginning a full pass on database 'C:\Windows\NTDS\ntds.dit'."
"5/24/2026 4:10:37 AM","330","Information","NTDS ISAM","NTDS (760,D,2) NTDSA: The database [C:\Windows\NTDS\temp.edb] format version is being held back to 8920 (0x22d8) due to application parameter setting of 0x22D8 (8920). Current default engine version: 9360 (0x2490)."
"5/24/2026 4:10:37 AM","326","Information","NTDS ISAM","NTDS (760,D,50) NTDSA: The database engine attached a database (1, C:\Windows\NTDS\ntds.dit). (Time=0 seconds) 
 
Saved Cache: 0 0 
Additional Data: lgposAttach = 00000002:0969:0268,
dbv = 1568.20.0 (8920) 
 
Internal Timing Sequence: 
[1] 0.000004 +J(0) +M(C:0K, Fs:1, WS:4K # 0K, PF:0K # 0K, P:0K)
[2] 0.000312 -0.000142 (1) WT +J(0) +M(C:0K, Fs:19, WS:12K # 0K, PF:8K # 0K, P:8K)
[3] 0.003137 -0.001144 (6) WT +J(CM:0, PgRf:0, Rd:0/0, Dy:0/0, Lg:3480/2) +M(C:0K, Fs:19, WS:64K # 0K, PF:136K # 0K, P:136K)
[4] 0.000085 +J(0)
[5] -
[6] -
[7] -
[8] 0.003313 -0.000414 (2) CM -0.000240 (2) WT +J(CM:2, PgRf:2, Rd:4/2, Dy:0/0, Lg:0/0) +M(C:32K, Fs:45, WS:172K # 0K, PF:236K # 0K, P:236K)
[9] 0.002042 -0.001637 (5) CM -0.001315 (5) WT +J(CM:5, PgRf:24, Rd:0/5, Dy:0/0, Lg:0/0) +M(C:-20K, Fs:32, WS:104K # 0K, PF:180K # 0K, P:180K)
[10] 0.000627 -0.000453 (3) CM -0.000285 (3) WT +J(CM:3, PgRf:40, Rd:0/3, Dy:0/0, Lg:0/0) +M(C:-8K, Fs:5, WS:8K # 0K, PF:56K # 0K, P:56K)
[11] 0.000190 -0.000145 (1) CM -0.000088 (1) WT +J(CM:1, PgRf:1, Rd:0/1, Dy:0/0, Lg:0/0) +M(C:0K, Fs:5, WS:16K # 0K, PF:0K # 0K, P:0K)
[12] 0.000224 -0.000112 (1) CM -0.000074 (1) WT +J(CM:1, PgRf:48, Rd:0/1, Dy:0/0, Lg:0/0) +M(C:0K, Fs:3, WS:8K # 0K, PF:0K # 0K, P:0K)
[13] 0.000002 +J(0)
[14] 0.0 +J(0)
[15] 0.000198 -0.000161 (1) CM -0.000084 (1) WT +J(CM:1, PgRf:1, Rd:0/1, Dy:0/0, Lg:0/0) +M(C:0K, Fs:1, WS:0K # 0K, PF:0K # 0K, P:0K)."
"5/24/2026 4:10:37 AM","330","Information","NTDS ISAM","NTDS (760,D,50) NTDSA: The database [C:\Windows\NTDS\ntds.dit] format version is being held back to 8920 (0x22d8) due to application parameter setting of 0x22D8 (8920). Current default engine version: 9360 (0x2490)."
"5/24/2026 4:10:37 AM","105","Information","NTDS ISAM","NTDS (760,D,0) NTDSA: The database engine started a new instance (0). (Time=0 seconds) 
 
Additional Data:
  
 
Internal Timing Sequence: 
[1] 0.001114 +J(0) +M(C:0K, Fs:142, WS:544K # 0K, PF:3368K # 360K, P:3368K)
[2] 0.001106 +J(0) +M(C:16K, Fs:88, WS:344K # 300K, PF:300K # 300K, P:300K)
[3] 0.000701 +J(0) +M(C:0K, Fs:5, WS:20K # 20K, PF:64K # 64K, P:64K)
[4] 0.008672 -0.000126 (1) WT +J(0) +M(C:0K, Fs:125, WS:424K # 424K, PF:5200K # 5200K, P:5200K)
[5] 0.000712 +J(0) +M(C:0K, Fs:4, WS:16K # 16K, PF:12K # 12K, P:12K)
[6] 0.003514 +J(0) +M(C:0K, Fs:21, WS:84K # 84K, PF:16K # 16K, P:16K)
[7] 0.032951 -0.024321 (21) WT +J(0) +M(C:0K, Fs:2579, WS:10296K # 10296K, PF:10260K # 10260K, P:10260K)
[8] -
[9] -
[10] -
[11] -
[12] -
[13] 0.015597 -0.007991 (22) WT +J(CM:0, PgRf:0, Rd:0/0, Dy:0/0, Lg:616/1) +M(C:0K, Fs:10, WS:-10216K # 24K, PF:-10252K # 16K, P:-10252K)
[14] 0.000031 +J(0)
[15] 0.000240 +J(0) +M(C:0K, Fs:206, WS:820K # 0K, PF:68K # 0K, P:68K)
[16] 0.000510 -0.000155 (1) WT +J(0) +M(C:0K, Fs:3, WS:4K # 0K, PF:0K # 0K, P:0K)."
"5/24/2026 4:10:37 AM","102","Information","NTDS ISAM","NTDS (760,P,98) NTDSA: The database engine (10.00.20348.0000) is starting a new instance (0)."
"5/24/2026 3:56:03 AM","1394","Information","Microsoft-Windows-ActiveDirectory_DomainService","All problems preventing updates to the Active Directory Domain Services database have been cleared. New updates to the Active Directory Domain Services database are succeeding. The Net Logon service has restarted."
"5/24/2026 3:55:33 AM","1000","Information","Microsoft-Windows-ActiveDirectory_DomainService","Microsoft Active Directory Domain Services startup complete"
"5/24/2026 3:55:33 AM","3041","Warning","Microsoft-Windows-ActiveDirectory_DomainService","The security of this directory server can be significantly enhanced by configuring the server to enforce  validation of Channel Binding Tokens received in LDAP bind requests sent over LDAPS connections. Even if  no clients are issuing LDAP bind requests over LDAPS, configuring the server to validate Channel Binding  Tokens will improve the security of this server. 
 
For more details and information on how to make this configuration change to the server, please see https://go.microsoft.com/fwlink/?linkid=2102405."
"5/24/2026 3:55:33 AM","2886","Warning","Microsoft-Windows-ActiveDirectory_DomainService","The security of this directory server can be significantly enhanced by configuring the server to reject SASL (Negotiate, Kerberos, NTLM, or Digest) LDAP binds that do not request signing (integrity verification) and LDAP simple binds that are performed on a clear text (non-SSL/TLS-encrypted) connection.  Even if no clients are using such binds, configuring the server to reject them will improve the security of this server. 
 
Some clients may currently be relying on unsigned SASL binds or LDAP simple binds over a non-SSL/TLS connection, and will stop working if this configuration change is made.  To assist in identifying these clients, if such binds occur this directory server will log a summary event once every 24 hours indicating how many such binds occurred.  You are encouraged to configure those clients to not use such binds.  Once no such events are observed for an extended period, it is recommended that you configure the server to reject such binds. 
 
For more details and information on how to make this configuration change to the server, please see http://go.microsoft.com/fwlink/?LinkID=87923. 
 
You can enable additional logging to log an event each time a client makes such a bind, including information on which client made the bind.  To do so, please raise the setting for the ""LDAP Interface Events"" event logging category to level 2 or higher."
"5/24/2026 3:55:23 AM","2405","Information","Microsoft-Windows-ActiveDirectory_DomainService","This Active Directory Domain Services server does not support the ""Privileged Access Management Feature"" optional feature."
"5/24/2026 3:55:23 AM","2405","Information","Microsoft-Windows-ActiveDirectory_DomainService","This Active Directory Domain Services server does not support the ""Recycle Bin Feature"" optional feature."
"5/24/2026 3:55:23 AM","2120","Information","Microsoft-Windows-ActiveDirectory_DomainService","This Active Directory Domain Services server does not support the Recycle Bin. Deleted objects may be undeleted, however, when an object is undeleted, some attributes of that object may be lost.  Additionally, attributes of other objects that refer to the object being undeleted may also be lost."
"5/24/2026 3:55:23 AM","2208","Information","Microsoft-Windows-ActiveDirectory_DomainService","Active Directory Domain Services deleted DFSR databases to initialize SYSVOL replica during a non-authoritative restore. 
Active Directory detected that the virtual machine that hosts the domain controller was reverted to a previous state. Active Directory Domain Services needs to initialize a non-authoritative restore on the local SYSVOL replica. For DFSR, this is done by stopping the DFSR service, deleting DFSR databases, and re-starting the service. Upon restarting DFSR will rebuild the databases and start the initial sync."
"5/24/2026 3:55:23 AM","2179","Information","Microsoft-Windows-ActiveDirectory_DomainService","The msDS-GenerationId attribute of the Domain Controller's computer object has been set to the following parameter: 
 
GenerationID attribute:
6269755032554590376"
"5/24/2026 3:55:23 AM","1109","Information","Microsoft-Windows-ActiveDirectory_DomainService","The invocationID attribute for this directory server has been changed. The highest update sequence number at the time the backup was created is as follows: 
 
InvocationID attribute (old value):
306fc8ad-c13d-4210-bfa4-348bedf88771 
InvocationID attribute (new value):
4052b88a-c04f-42f0-b0f6-5fd81c39c0a6 
Update sequence number:
110617 
 
The invocationID is changed when a directory server is restored from backup media, is configured to host a writeable application directory partition, has been resumed after a virtual machine snapshot has been applied, after a virtual machine import operation, or after a live migration operation. Virtualized domain controllers should not be restored using virtual machine snapshots. The supported method to restore or rollback the content of an Active Directory Domain Services database is to restore a system state backup made with an Active Directory Domain Services-aware backup application."
"5/24/2026 3:55:23 AM","2170","Warning","Microsoft-Windows-ActiveDirectory_DomainService","A Generation ID change has been detected. 
 
Generation ID cached in DS (old value):
3093923122130046776 
Generation ID currently in VM (new value):
6269755032554590376 
 
The Generation ID change occurs after the application of a virtual machine snapshot, after a virtual machine import operation or after a live migration operation. Active Directory Domain Services will create a new invocation ID to recover the domain controller. Virtualized domain controllers should not be restored using virtual machine snapshots. The supported method to restore or rollback the content of an Active Directory Domain Services database is to restore a system state backup made with an Active Directory Domain Services aware backup application."
"5/24/2026 3:55:23 AM","2172","Information","Microsoft-Windows-ActiveDirectory_DomainService","Read the msDS-GenerationId attribute of the Domain Controller's computer object. 
 
msDS-GenerationId attribute value:
3093923122130046776"
"5/24/2026 3:55:23 AM","2168","Information","Microsoft-Windows-ActiveDirectory_DomainService","The DC is running on a supported hypervisor. VM Generation ID is detected. 
 
Current value of VM Generation ID: 6269755032554590376"
"5/24/2026 3:55:23 AM","2406","Information","Microsoft-Windows-ActiveDirectory_DomainService","This Active Directory Domain Services server is disabling support for the ""Privileged Access Management Feature"" optional feature."
"5/24/2026 3:55:23 AM","2406","Information","Microsoft-Windows-ActiveDirectory_DomainService","This Active Directory Domain Services server is disabling support for the ""Recycle Bin Feature"" optional feature."
"5/24/2026 3:55:23 AM","2121","Information","Microsoft-Windows-ActiveDirectory_DomainService","This Active Directory Domain Services server is disabling the Recycle Bin. Deleted objects may not be undeleted at this time."
"5/24/2026 3:55:22 AM","3054","Warning","Microsoft-Windows-ActiveDirectory_DomainService","The directory has been configured to allow implicit owner privileges when initially setting or modifying the nTSecurityDescriptor attribute during LDAP add and modify operations. Warning events will be logged, but no requests will be blocked. 
 
This setting is not secure and should only be used as a temporary troubleshooting step. Please review the suggested mitigations in the link below. 
 
For more information, please see https://go.microsoft.com/fwlink/?linkid=2174032."
"5/24/2026 3:55:22 AM","3051","Warning","Microsoft-Windows-ActiveDirectory_DomainService","The directory has been configured to not enforce per-attribute authorization during LDAP add operations. Warning events will be logged, but no requests will be blocked. 
 
This setting is not secure and should only be used as a temporary troubleshooting step. Please review the suggested mitigations in the link below. 
 
For more information, please see https://go.microsoft.com/fwlink/?linkid=2174032."
"5/23/2026 6:13:14 PM","1004","Information","Microsoft-Windows-ActiveDirectory_DomainService","Active Directory Domain Services was shut down successfully."
"5/23/2026 6:13:12 PM","2179","Information","Microsoft-Windows-ActiveDirectory_DomainService","The msDS-GenerationId attribute of the Domain Controller's computer object has been set to the following parameter: 
 
GenerationID attribute:
3093923122130046776"
"5/23/2026 6:09:04 PM","1394","Information","Microsoft-Windows-ActiveDirectory_DomainService","All problems preventing updates to the Active Directory Domain Services database have been cleared. New updates to the Active Directory Domain Services database are succeeding. The Net Logon service has restarted."
"5/23/2026 6:08:34 PM","1000","Information","Microsoft-Windows-ActiveDirectory_DomainService","Microsoft Active Directory Domain Services startup complete"
"5/23/2026 6:08:34 PM","3041","Warning","Microsoft-Windows-ActiveDirectory_DomainService","The security of this directory server can be significantly enhanced by configuring the server to enforce  validation of Channel Binding Tokens received in LDAP bind requests sent over LDAPS connections. Even if  no clients are issuing LDAP bind requests over LDAPS, configuring the server to validate Channel Binding  Tokens will improve the security of this server. 
 
For more details and information on how to make this configuration change to the server, please see https://go.microsoft.com/fwlink/?linkid=2102405."
"5/23/2026 6:08:34 PM","2886","Warning","Microsoft-Windows-ActiveDirectory_DomainService","The security of this directory server can be significantly enhanced by configuring the server to reject SASL (Negotiate, Kerberos, NTLM, or Digest) LDAP binds that do not request signing (integrity verification) and LDAP simple binds that are performed on a clear text (non-SSL/TLS-encrypted) connection.  Even if no clients are using such binds, configuring the server to reject them will improve the security of this server. 
 
Some clients may currently be relying on unsigned SASL binds or LDAP simple binds over a non-SSL/TLS connection, and will stop working if this configuration change is made.  To assist in identifying these clients, if such binds occur this directory server will log a summary event once every 24 hours indicating how many such binds occurred.  You are encouraged to configure those clients to not use such binds.  Once no such events are observed for an extended period, it is recommended that you configure the server to reject such binds. 
 
For more details and information on how to make this configuration change to the server, please see http://go.microsoft.com/fwlink/?LinkID=87923. 
 
You can enable additional logging to log an event each time a client makes such a bind, including information on which client made the bind.  To do so, please raise the setting for the ""LDAP Interface Events"" event logging category to level 2 or higher."
"5/23/2026 6:08:24 PM","2405","Information","Microsoft-Windows-ActiveDirectory_DomainService","This Active Directory Domain Services server does not support the ""Privileged Access Management Feature"" optional feature."
"5/23/2026 6:08:24 PM","2405","Information","Microsoft-Windows-ActiveDirectory_DomainService","This Active Directory Domain Services server does not support the ""Recycle Bin Feature"" optional feature."
"5/23/2026 6:08:24 PM","2120","Information","Microsoft-Windows-ActiveDirectory_DomainService","This Active Directory Domain Services server does not support the Recycle Bin. Deleted objects may be undeleted, however, when an object is undeleted, some attributes of that object may be lost.  Additionally, attributes of other objects that refer to the object being undeleted may also be lost."
"5/23/2026 6:08:24 PM","2172","Information","Microsoft-Windows-ActiveDirectory_DomainService","Read the msDS-GenerationId attribute of the Domain Controller's computer object. 
 
msDS-GenerationId attribute value:
3093923122130046776"
"5/23/2026 6:08:24 PM","2168","Information","Microsoft-Windows-ActiveDirectory_DomainService","The DC is running on a supported hypervisor. VM Generation ID is detected. 
 
Current value of VM Generation ID: 3093923122130046776"
"5/23/2026 6:08:24 PM","2406","Information","Microsoft-Windows-ActiveDirectory_DomainService","This Active Directory Domain Services server is disabling support for the ""Privileged Access Management Feature"" optional feature."
"5/23/2026 6:08:24 PM","2406","Information","Microsoft-Windows-ActiveDirectory_DomainService","This Active Directory Domain Services server is disabling support for the ""Recycle Bin Feature"" optional feature."
"5/23/2026 6:08:24 PM","2121","Information","Microsoft-Windows-ActiveDirectory_DomainService","This Active Directory Domain Services server is disabling the Recycle Bin. Deleted objects may not be undeleted at this time."
"5/23/2026 6:08:24 PM","3054","Warning","Microsoft-Windows-ActiveDirectory_DomainService","The directory has been configured to allow implicit owner privileges when initially setting or modifying the nTSecurityDescriptor attribute during LDAP add and modify operations. Warning events will be logged, but no requests will be blocked. 
 
This setting is not secure and should only be used as a temporary troubleshooting step. Please review the suggested mitigations in the link below. 
 
For more information, please see https://go.microsoft.com/fwlink/?linkid=2174032."
"5/23/2026 6:08:24 PM","3051","Warning","Microsoft-Windows-ActiveDirectory_DomainService","The directory has been configured to not enforce per-attribute authorization during LDAP add operations. Warning events will be logged, but no requests will be blocked. 
 
This setting is not secure and should only be used as a temporary troubleshooting step. Please review the suggested mitigations in the link below. 
 
For more information, please see https://go.microsoft.com/fwlink/?linkid=2174032."
"5/23/2026 5:37:12 PM","1004","Information","Microsoft-Windows-ActiveDirectory_DomainService","Active Directory Domain Services was shut down successfully."
"5/23/2026 5:37:11 PM","2179","Information","Microsoft-Windows-ActiveDirectory_DomainService","The msDS-GenerationId attribute of the Domain Controller's computer object has been set to the following parameter: 
 
GenerationID attribute:
3093923122130046776"
"5/23/2026 5:20:12 PM","1869","Information","Microsoft-Windows-ActiveDirectory_DomainService","Active Directory Domain Services has located a global catalog in the following site. 
 
Global catalog:
\\dc.scaffold.htb 
Site:
Default-First-Site-Name"
"5/23/2026 5:20:12 PM","3027","Information","Microsoft-Windows-ActiveDirectory_DomainService","Internal event: Online Defragment Start succeeded. 
 
Duration in seconds:3600 
"
"5/23/2026 5:20:12 PM","3033","Information","Microsoft-Windows-ActiveDirectory_DomainService","Internal event: Online Defragment Stop invoked but defrag was not running."
"5/23/2026 5:05:42 PM","1394","Information","Microsoft-Windows-ActiveDirectory_DomainService","All problems preventing updates to the Active Directory Domain Services database have been cleared. New updates to the Active Directory Domain Services database are succeeding. The Net Logon service has restarted."
"5/23/2026 5:05:12 PM","1000","Information","Microsoft-Windows-ActiveDirectory_DomainService","Microsoft Active Directory Domain Services startup complete"
"5/23/2026 5:05:12 PM","3041","Warning","Microsoft-Windows-ActiveDirectory_DomainService","The security of this directory server can be significantly enhanced by configuring the server to enforce  validation of Channel Binding Tokens received in LDAP bind requests sent over LDAPS connections. Even if  no clients are issuing LDAP bind requests over LDAPS, configuring the server to validate Channel Binding  Tokens will improve the security of this server. 
 
For more details and information on how to make this configuration change to the server, please see https://go.microsoft.com/fwlink/?linkid=2102405."
"5/23/2026 5:05:12 PM","2886","Warning","Microsoft-Windows-ActiveDirectory_DomainService","The security of this directory server can be significantly enhanced by configuring the server to reject SASL (Negotiate, Kerberos, NTLM, or Digest) LDAP binds that do not request signing (integrity verification) and LDAP simple binds that are performed on a clear text (non-SSL/TLS-encrypted) connection.  Even if no clients are using such binds, configuring the server to reject them will improve the security of this server. 
 
Some clients may currently be relying on unsigned SASL binds or LDAP simple binds over a non-SSL/TLS connection, and will stop working if this configuration change is made.  To assist in identifying these clients, if such binds occur this directory server will log a summary event once every 24 hours indicating how many such binds occurred.  You are encouraged to configure those clients to not use such binds.  Once no such events are observed for an extended period, it is recommended that you configure the server to reject such binds. 
 
For more details and information on how to make this configuration change to the server, please see http://go.microsoft.com/fwlink/?LinkID=87923. 
 
You can enable additional logging to log an event each time a client makes such a bind, including information on which client made the bind.  To do so, please raise the setting for the ""LDAP Interface Events"" event logging category to level 2 or higher."
"5/23/2026 5:05:02 PM","2405","Information","Microsoft-Windows-ActiveDirectory_DomainService","This Active Directory Domain Services server does not support the ""Privileged Access Management Feature"" optional feature."
"5/23/2026 5:05:02 PM","2405","Information","Microsoft-Windows-ActiveDirectory_DomainService","This Active Directory Domain Services server does not support the ""Recycle Bin Feature"" optional feature."
"5/23/2026 5:05:02 PM","2120","Information","Microsoft-Windows-ActiveDirectory_DomainService","This Active Directory Domain Services server does not support the Recycle Bin. Deleted objects may be undeleted, however, when an object is undeleted, some attributes of that object may be lost.  Additionally, attributes of other objects that refer to the object being undeleted may also be lost."
"5/23/2026 5:05:02 PM","2172","Information","Microsoft-Windows-ActiveDirectory_DomainService","Read the msDS-GenerationId attribute of the Domain Controller's computer object. 
 
msDS-GenerationId attribute value:
3093923122130046776"
"5/23/2026 5:05:02 PM","2168","Information","Microsoft-Windows-ActiveDirectory_DomainService","The DC is running on a supported hypervisor. VM Generation ID is detected. 
 
Current value of VM Generation ID: 3093923122130046776"
"5/23/2026 5:05:02 PM","2406","Information","Microsoft-Windows-ActiveDirectory_DomainService","This Active Directory Domain Services server is disabling support for the ""Privileged Access Management Feature"" optional feature."
"5/23/2026 5:05:02 PM","2406","Information","Microsoft-Windows-ActiveDirectory_DomainService","This Active Directory Domain Services server is disabling support for the ""Recycle Bin Feature"" optional feature."
"5/23/2026 5:05:02 PM","2121","Information","Microsoft-Windows-ActiveDirectory_DomainService","This Active Directory Domain Services server is disabling the Recycle Bin. Deleted objects may not be undeleted at this time."
"5/23/2026 5:05:02 PM","3054","Warning","Microsoft-Windows-ActiveDirectory_DomainService","The directory has been configured to allow implicit owner privileges when initially setting or modifying the nTSecurityDescriptor attribute during LDAP add and modify operations. Warning events will be logged, but no requests will be blocked. 
 
This setting is not secure and should only be used as a temporary troubleshooting step. Please review the suggested mitigations in the link below. 
 
For more information, please see https://go.microsoft.com/fwlink/?linkid=2174032."
"5/23/2026 5:05:02 PM","3051","Warning","Microsoft-Windows-ActiveDirectory_DomainService","The directory has been configured to not enforce per-attribute authorization during LDAP add operations. Warning events will be logged, but no requests will be blocked. 
 
This setting is not secure and should only be used as a temporary troubleshooting step. Please review the suggested mitigations in the link below. 
 
For more information, please see https://go.microsoft.com/fwlink/?linkid=2174032."
"5/23/2026 4:15:50 PM","1869","Information","Microsoft-Windows-ActiveDirectory_DomainService","Active Directory Domain Services has located a global catalog in the following site. 
 
Global catalog:
\\dc.scaffold.htb 
Site:
Default-First-Site-Name"
"5/23/2026 4:15:50 PM","3027","Information","Microsoft-Windows-ActiveDirectory_DomainService","Internal event: Online Defragment Start succeeded. 
 
Duration in seconds:3600 
"
"5/23/2026 4:15:50 PM","3033","Information","Microsoft-Windows-ActiveDirectory_DomainService","Internal event: Online Defragment Stop invoked but defrag was not running."
"5/23/2026 4:15:50 PM","701","Information","NTDS ISAM","NTDS (768,D,0) NTDSA: Online defragmentation has completed a full pass on database 'C:\Windows\NTDS\ntds.dit', freeing 1 pages. This pass started on 5/23/2026 and ran for a total of 0 seconds, requiring 1 invocations over 1 days. Since the database was created it has been fully defragmented 13 times."
"5/23/2026 4:15:50 PM","700","Information","NTDS ISAM","NTDS (768,D,0) NTDSA: Online defragmentation is beginning a full pass on database 'C:\Windows\NTDS\ntds.dit'."
"5/23/2026 4:15:50 PM","330","Information","NTDS ISAM","NTDS (768,D,2) NTDSA: The database [C:\Windows\NTDS\temp.edb] format version is being held back to 8920 (0x22d8) due to application parameter setting of 0x22D8 (8920). Current default engine version: 9360 (0x2490)."
"5/23/2026 4:15:50 PM","326","Information","NTDS ISAM","NTDS (768,D,50) NTDSA: The database engine attached a database (1, C:\Windows\NTDS\ntds.dit). (Time=0 seconds) 
 
Saved Cache: 0 0 
Additional Data: lgposAttach = 00000002:0933:0268,
dbv = 1568.20.0 (8920) 
 
Internal Timing Sequence: 
[1] 0.000014 +J(0) +M(C:0K, Fs:1, WS:4K # 0K, PF:0K # 0K, P:0K)
[2] 0.000721 -0.000224 (1) WT +J(0) +M(C:0K, Fs:19, WS:12K # 0K, PF:8K # 0K, P:8K)
[3] 0.007006 -0.002649 (6) WT +J(CM:0, PgRf:0, Rd:0/0, Dy:0/0, Lg:3480/2) +M(C:0K, Fs:18, WS:60K # 0K, PF:132K # 0K, P:132K)
[4] 0.000229 +J(0)
[5] -
[6] -
[7] -
[8] 0.006301 -0.000744 (2) CM -0.000464 (2) WT +J(CM:2, PgRf:2, Rd:4/2, Dy:0/0, Lg:0/0) +M(C:16K, Fs:45, WS:172K # 0K, PF:220K # 0K, P:220K)
[9] 0.006531 -0.004856 (7) CM -0.003977 (7) WT +J(CM:7, PgRf:24, Rd:0/7, Dy:0/0, Lg:0/0) +M(C:-8K, Fs:30, WS:104K # 0K, PF:196K # 0K, P:196K)
[10] 0.001706 -0.001234 (3) CM -0.000840 (3) WT +J(CM:3, PgRf:40, Rd:0/3, Dy:0/0, Lg:0/0) +M(C:-4K, Fs:5, WS:12K # 0K, PF:60K # 0K, P:60K)
[11] 0.000091 +J(CM:0, PgRf:1, Rd:0/0, Dy:0/0, Lg:0/0) +M(C:0K, Fs:4, WS:16K # 0K, PF:0K # 0K, P:0K)
[12] 0.000077 +J(CM:0, PgRf:48, Rd:0/0, Dy:0/0, Lg:0/0) +M(C:0K, Fs:2, WS:8K # 0K, PF:0K # 0K, P:0K)
[13] 0.000002 +J(0)
[14] 0.0 +J(0)
[15] 0.000008 +J(CM:0, PgRf:1, Rd:0/0, Dy:0/0, Lg:0/0)."
"5/23/2026 4:15:50 PM","330","Information","NTDS ISAM","NTDS (768,D,50) NTDSA: The database [C:\Windows\NTDS\ntds.dit] format version is being held back to 8920 (0x22d8) due to application parameter setting of 0x22D8 (8920). Current default engine version: 9360 (0x2490)."
"5/23/2026 4:15:50 PM","105","Information","NTDS ISAM","NTDS (768,D,0) NTDSA: The database engine started a new instance (0). (Time=0 seconds) 
 
Additional Data:
  
 
Internal Timing Sequence: 
[1] 0.002805 +J(0) +M(C:0K, Fs:146, WS:556K # 0K, PF:3376K # 344K, P:3376K)
[2] 0.002559 +J(0) +M(C:16K, Fs:93, WS:368K # 312K, PF:324K # 324K, P:324K)
[3] 0.002197 +J(0) +M(C:0K, Fs:6, WS:20K # 20K, PF:68K # 68K, P:68K)
[4] 0.021639 -0.000327 (1) WT +J(0) +M(C:0K, Fs:129, WS:444K # 444K, PF:5212K # 5212K, P:5212K)
[5] 0.001294 +J(0) +M(C:0K, Fs:2, WS:8K # 8K, PF:4K # 4K, P:4K)
[6] 0.006612 +J(0) +M(C:0K, Fs:23, WS:88K # 88K, PF:20K # 20K, P:20K)
[7] 0.057353 -0.034859 (21) WT +J(0) +M(C:0K, Fs:2580, WS:10296K # 10296K, PF:10264K # 10264K, P:10264K)
[8] -
[9] -
[10] -
[11] -
[12] -
[13] 0.030712 -0.016062 (22) WT +J(CM:0, PgRf:0, Rd:0/0, Dy:0/0, Lg:616/1) +M(C:0K, Fs:8, WS:-10216K # 24K, PF:-10260K # 12K, P:-10260K)
[14] 0.000045 +J(0)
[15] 0.000518 +J(0) +M(C:0K, Fs:207, WS:820K # 0K, PF:72K # 0K, P:72K)
[16] 0.001072 -0.000362 (1) WT +J(0) +M(C:0K, Fs:4, WS:8K # 0K, PF:4K # 0K, P:4K)."
"5/23/2026 4:15:50 PM","102","Information","NTDS ISAM","NTDS (768,P,98) NTDSA: The database engine (10.00.20348.0000) is starting a new instance (0)."
"5/23/2026 4:01:20 PM","1394","Information","Microsoft-Windows-ActiveDirectory_DomainService","All problems preventing updates to the Active Directory Domain Services database have been cleared. New updates to the Active Directory Domain Services database are succeeding. The Net Logon service has restarted."
"5/23/2026 4:00:50 PM","1000","Information","Microsoft-Windows-ActiveDirectory_DomainService","Microsoft Active Directory Domain Services startup complete"
"5/23/2026 4:00:50 PM","3041","Warning","Microsoft-Windows-ActiveDirectory_DomainService","The security of this directory server can be significantly enhanced by configuring the server to enforce  validation of Channel Binding Tokens received in LDAP bind requests sent over LDAPS connections. Even if  no clients are issuing LDAP bind requests over LDAPS, configuring the server to validate Channel Binding  Tokens will improve the security of this server. 
 
For more details and information on how to make this configuration change to the server, please see https://go.microsoft.com/fwlink/?linkid=2102405."
"5/23/2026 4:00:50 PM","2886","Warning","Microsoft-Windows-ActiveDirectory_DomainService","The security of this directory server can be significantly enhanced by configuring the server to reject SASL (Negotiate, Kerberos, NTLM, or Digest) LDAP binds that do not request signing (integrity verification) and LDAP simple binds that are performed on a clear text (non-SSL/TLS-encrypted) connection.  Even if no clients are using such binds, configuring the server to reject them will improve the security of this server. 
 
Some clients may currently be relying on unsigned SASL binds or LDAP simple binds over a non-SSL/TLS connection, and will stop working if this configuration change is made.  To assist in identifying these clients, if such binds occur this directory server will log a summary event once every 24 hours indicating how many such binds occurred.  You are encouraged to configure those clients to not use such binds.  Once no such events are observed for an extended period, it is recommended that you configure the server to reject such binds. 
 
For more details and information on how to make this configuration change to the server, please see http://go.microsoft.com/fwlink/?LinkID=87923. 
 
You can enable additional logging to log an event each time a client makes such a bind, including information on which client made the bind.  To do so, please raise the setting for the ""LDAP Interface Events"" event logging category to level 2 or higher."
"5/23/2026 4:00:40 PM","2405","Information","Microsoft-Windows-ActiveDirectory_DomainService","This Active Directory Domain Services server does not support the ""Privileged Access Management Feature"" optional feature."
"5/23/2026 4:00:40 PM","2405","Information","Microsoft-Windows-ActiveDirectory_DomainService","This Active Directory Domain Services server does not support the ""Recycle Bin Feature"" optional feature."
"5/23/2026 4:00:40 PM","2120","Information","Microsoft-Windows-ActiveDirectory_DomainService","This Active Directory Domain Services server does not support the Recycle Bin. Deleted objects may be undeleted, however, when an object is undeleted, some attributes of that object may be lost.  Additionally, attributes of other objects that refer to the object being undeleted may also be lost."
"5/23/2026 4:00:40 PM","2172","Information","Microsoft-Windows-ActiveDirectory_DomainService","Read the msDS-GenerationId attribute of the Domain Controller's computer object. 
 
msDS-GenerationId attribute value:
3093923122130046776"
"5/23/2026 4:00:40 PM","2168","Information","Microsoft-Windows-ActiveDirectory_DomainService","The DC is running on a supported hypervisor. VM Generation ID is detected. 
 
Current value of VM Generation ID: 3093923122130046776"
"5/23/2026 4:00:40 PM","2406","Information","Microsoft-Windows-ActiveDirectory_DomainService","This Active Directory Domain Services server is disabling support for the ""Privileged Access Management Feature"" optional feature."
"5/23/2026 4:00:40 PM","2406","Information","Microsoft-Windows-ActiveDirectory_DomainService","This Active Directory Domain Services server is disabling support for the ""Recycle Bin Feature"" optional feature."
"5/23/2026 4:00:40 PM","2121","Information","Microsoft-Windows-ActiveDirectory_DomainService","This Active Directory Domain Services server is disabling the Recycle Bin. Deleted objects may not be undeleted at this time."
"5/23/2026 4:00:39 PM","3054","Warning","Microsoft-Windows-ActiveDirectory_DomainService","The directory has been configured to allow implicit owner privileges when initially setting or modifying the nTSecurityDescriptor attribute during LDAP add and modify operations. Warning events will be logged, but no requests will be blocked. 
 
This setting is not secure and should only be used as a temporary troubleshooting step. Please review the suggested mitigations in the link below. 
 
For more information, please see https://go.microsoft.com/fwlink/?linkid=2174032."
"5/23/2026 4:00:39 PM","3051","Warning","Microsoft-Windows-ActiveDirectory_DomainService","The directory has been configured to not enforce per-attribute authorization during LDAP add operations. Warning events will be logged, but no requests will be blocked. 
 
This setting is not secure and should only be used as a temporary troubleshooting step. Please review the suggested mitigations in the link below. 
 
For more information, please see https://go.microsoft.com/fwlink/?linkid=2174032."
"5/23/2026 8:34:25 AM","1004","Information","Microsoft-Windows-ActiveDirectory_DomainService","Active Directory Domain Services was shut down successfully."
"5/23/2026 8:34:23 AM","2179","Information","Microsoft-Windows-ActiveDirectory_DomainService","The msDS-GenerationId attribute of the Domain Controller's computer object has been set to the following parameter: 
 
GenerationID attribute:
3093923122130046776"
"5/23/2026 6:47:33 AM","1869","Information","Microsoft-Windows-ActiveDirectory_DomainService","Active Directory Domain Services has located a global catalog in the following site. 
 
Global catalog:
\\dc.scaffold.htb 
Site:
Default-First-Site-Name"
"5/23/2026 6:47:33 AM","3027","Information","Microsoft-Windows-ActiveDirectory_DomainService","Internal event: Online Defragment Start succeeded. 
 
Duration in seconds:3600 
"
"5/23/2026 6:47:33 AM","3033","Information","Microsoft-Windows-ActiveDirectory_DomainService","Internal event: Online Defragment Stop invoked but defrag was not running."
"5/23/2026 6:47:34 AM","701","Information","NTDS ISAM","NTDS (752,D,0) NTDSA: Online defragmentation has completed a full pass on database 'C:\Windows\NTDS\ntds.dit', freeing 0 pages. This pass started on 5/23/2026 and ran for a total of 0 seconds, requiring 1 invocations over 1 days. Since the database was created it has been fully defragmented 12 times."
"5/23/2026 6:47:33 AM","700","Information","NTDS ISAM","NTDS (752,D,0) NTDSA: Online defragmentation is beginning a full pass on database 'C:\Windows\NTDS\ntds.dit'."
"5/23/2026 6:47:33 AM","330","Information","NTDS ISAM","NTDS (752,D,2) NTDSA: The database [C:\Windows\NTDS\temp.edb] format version is being held back to 8920 (0x22d8) due to application parameter setting of 0x22D8 (8920). Current default engine version: 9360 (0x2490)."
"5/23/2026 6:47:33 AM","326","Information","NTDS ISAM","NTDS (752,D,50) NTDSA: The database engine attached a database (1, C:\Windows\NTDS\ntds.dit). (Time=0 seconds) 
 
Saved Cache: 0 0 
Additional Data: lgposAttach = 00000002:090C:0268,
dbv = 1568.20.0 (8920) 
 
Internal Timing Sequence: 
[1] 0.000002 +J(0) +M(C:0K, Fs:1, WS:4K # 0K, PF:0K # 0K, P:0K)
[2] 0.000213 -0.000083 (1) WT +J(0) +M(C:0K, Fs:20, WS:12K # 0K, PF:8K # 0K, P:8K)
[3] 0.001789 -0.000579 (6) WT +J(CM:0, PgRf:0, Rd:0/0, Dy:0/0, Lg:3480/2) +M(C:0K, Fs:22, WS:76K # 0K, PF:148K # 0K, P:148K)
[4] 0.000046 +J(0)
[5] -
[6] -
[7] -
[8] 0.001857 -0.000193 (2) CM -0.000124 (2) WT +J(CM:2, PgRf:2, Rd:4/2, Dy:0/0, Lg:0/0) +M(C:16K, Fs:45, WS:172K # 0K, PF:220K # 0K, P:220K)
[9] 0.001621 -0.001392 (8) CM -0.001169 (8) WT +J(CM:8, PgRf:24, Rd:0/8, Dy:0/0, Lg:0/0) +M(C:-4K, Fs:30, WS:104K # 0K, PF:196K # 0K, P:196K)
[10] 0.000492 -0.000399 (4) CM -0.000308 (4) WT +J(CM:4, PgRf:40, Rd:0/4, Dy:0/0, Lg:0/0) +M(C:-4K, Fs:6, WS:12K # 0K, PF:60K # 0K, P:60K)
[11] 0.000120 -0.000091 (1) CM -0.000062 (1) WT +J(CM:1, PgRf:1, Rd:0/1, Dy:0/0, Lg:0/0) +M(C:0K, Fs:5, WS:16K # 0K, PF:0K # 0K, P:0K)
[12] 0.000021 +J(CM:0, PgRf:48, Rd:0/0, Dy:0/0, Lg:0/0) +M(C:0K, Fs:2, WS:8K # 0K, PF:0K # 0K, P:0K)
[13] 0.0 +J(0)
[14] 0.0 +J(0)
[15] 0.000002 +J(CM:0, PgRf:1, Rd:0/0, Dy:0/0, Lg:0/0)."
"5/23/2026 6:47:33 AM","330","Information","NTDS ISAM","NTDS (752,D,50) NTDSA: The database [C:\Windows\NTDS\ntds.dit] format version is being held back to 8920 (0x22d8) due to application parameter setting of 0x22D8 (8920). Current default engine version: 9360 (0x2490)."
"5/23/2026 6:47:33 AM","105","Information","NTDS ISAM","NTDS (752,D,0) NTDSA: The database engine started a new instance (0). (Time=0 seconds) 
 
Additional Data:
  
 
Internal Timing Sequence: 
[1] 0.000533 +J(0) +M(C:0K, Fs:143, WS:544K # 0K, PF:3368K # 360K, P:3368K)
[2] 0.000679 +J(0) +M(C:16K, Fs:87, WS:344K # 300K, PF:300K # 300K, P:300K)
[3] 0.000380 +J(0) +M(C:0K, Fs:5, WS:20K # 20K, PF:64K # 64K, P:64K)
[4] 0.004199 -0.000087 (1) WT +J(0) +M(C:0K, Fs:128, WS:432K # 432K, PF:5208K # 5208K, P:5208K)
[5] 0.000358 +J(0) +M(C:0K, Fs:1, WS:4K # 4K, PF:0K # 0K, P:0K)
[6] 0.001478 +J(0) +M(C:0K, Fs:20, WS:80K # 80K, PF:12K # 12K, P:12K)
[7] 0.019622 -0.015783 (21) WT +J(0) +M(C:0K, Fs:2579, WS:10296K # 10296K, PF:10260K # 10260K, P:10260K)
[8] -
[9] -
[10] -
[11] -
[12] -
[13] 0.009598 -0.005938 (22) WT +J(CM:0, PgRf:0, Rd:0/0, Dy:0/0, Lg:616/1) +M(C:0K, Fs:8, WS:-10216K # 24K, PF:-10256K # 12K, P:-10256K)
[14] 0.000014 +J(0) +M(C:0K, Fs:1, WS:4K # 0K, PF:4K # 0K, P:4K)
[15] 0.000137 +J(0) +M(C:0K, Fs:206, WS:820K # 0K, PF:68K # 0K, P:68K)
[16] 0.000177 -0.000073 (1) WT +J(0) +M(C:0K, Fs:3, WS:4K # 0K, PF:0K # 0K, P:0K)."
"5/23/2026 6:47:33 AM","102","Information","NTDS ISAM","NTDS (752,P,98) NTDSA: The database engine (10.00.20348.0000) is starting a new instance (0)."
"5/23/2026 6:33:02 AM","1394","Information","Microsoft-Windows-ActiveDirectory_DomainService","All problems preventing updates to the Active Directory Domain Services database have been cleared. New updates to the Active Directory Domain Services database are succeeding. The Net Logon service has restarted."
"5/23/2026 6:32:32 AM","1000","Information","Microsoft-Windows-ActiveDirectory_DomainService","Microsoft Active Directory Domain Services startup complete"
"5/23/2026 6:32:32 AM","3041","Warning","Microsoft-Windows-ActiveDirectory_DomainService","The security of this directory server can be significantly enhanced by configuring the server to enforce  validation of Channel Binding Tokens received in LDAP bind requests sent over LDAPS connections. Even if  no clients are issuing LDAP bind requests over LDAPS, configuring the server to validate Channel Binding  Tokens will improve the security of this server. 
 
For more details and information on how to make this configuration change to the server, please see https://go.microsoft.com/fwlink/?linkid=2102405."
"5/23/2026 6:32:32 AM","2886","Warning","Microsoft-Windows-ActiveDirectory_DomainService","The security of this directory server can be significantly enhanced by configuring the server to reject SASL (Negotiate, Kerberos, NTLM, or Digest) LDAP binds that do not request signing (integrity verification) and LDAP simple binds that are performed on a clear text (non-SSL/TLS-encrypted) connection.  Even if no clients are using such binds, configuring the server to reject them will improve the security of this server. 
 
Some clients may currently be relying on unsigned SASL binds or LDAP simple binds over a non-SSL/TLS connection, and will stop working if this configuration change is made.  To assist in identifying these clients, if such binds occur this directory server will log a summary event once every 24 hours indicating how many such binds occurred.  You are encouraged to configure those clients to not use such binds.  Once no such events are observed for an extended period, it is recommended that you configure the server to reject such binds. 
 
For more details and information on how to make this configuration change to the server, please see http://go.microsoft.com/fwlink/?LinkID=87923. 
 
You can enable additional logging to log an event each time a client makes such a bind, including information on which client made the bind.  To do so, please raise the setting for the ""LDAP Interface Events"" event logging category to level 2 or higher."
"5/23/2026 6:32:22 AM","2405","Information","Microsoft-Windows-ActiveDirectory_DomainService","This Active Directory Domain Services server does not support the ""Privileged Access Management Feature"" optional feature."
"5/23/2026 6:32:22 AM","2405","Information","Microsoft-Windows-ActiveDirectory_DomainService","This Active Directory Domain Services server does not support the ""Recycle Bin Feature"" optional feature."
"5/23/2026 6:32:22 AM","2120","Information","Microsoft-Windows-ActiveDirectory_DomainService","This Active Directory Domain Services server does not support the Recycle Bin. Deleted objects may be undeleted, however, when an object is undeleted, some attributes of that object may be lost.  Additionally, attributes of other objects that refer to the object being undeleted may also be lost."
"5/23/2026 6:32:22 AM","2172","Information","Microsoft-Windows-ActiveDirectory_DomainService","Read the msDS-GenerationId attribute of the Domain Controller's computer object. 
 
msDS-GenerationId attribute value:
3093923122130046776"
"5/23/2026 6:32:22 AM","2168","Information","Microsoft-Windows-ActiveDirectory_DomainService","The DC is running on a supported hypervisor. VM Generation ID is detected. 
 
Current value of VM Generation ID: 3093923122130046776"
"5/23/2026 6:32:22 AM","2406","Information","Microsoft-Windows-ActiveDirectory_DomainService","This Active Directory Domain Services server is disabling support for the ""Privileged Access Management Feature"" optional feature."
"5/23/2026 6:32:22 AM","2406","Information","Microsoft-Windows-ActiveDirectory_DomainService","This Active Directory Domain Services server is disabling support for the ""Recycle Bin Feature"" optional feature."
"5/23/2026 6:32:22 AM","2121","Information","Microsoft-Windows-ActiveDirectory_DomainService","This Active Directory Domain Services server is disabling the Recycle Bin. Deleted objects may not be undeleted at this time."
"5/23/2026 6:32:22 AM","3054","Warning","Microsoft-Windows-ActiveDirectory_DomainService","The directory has been configured to allow implicit owner privileges when initially setting or modifying the nTSecurityDescriptor attribute during LDAP add and modify operations. Warning events will be logged, but no requests will be blocked. 
 
This setting is not secure and should only be used as a temporary troubleshooting step. Please review the suggested mitigations in the link below. 
 
For more information, please see https://go.microsoft.com/fwlink/?linkid=2174032."
"5/23/2026 6:32:22 AM","3051","Warning","Microsoft-Windows-ActiveDirectory_DomainService","The directory has been configured to not enforce per-attribute authorization during LDAP add operations. Warning events will be logged, but no requests will be blocked. 
 
This setting is not secure and should only be used as a temporary troubleshooting step. Please review the suggested mitigations in the link below. 
 
For more information, please see https://go.microsoft.com/fwlink/?linkid=2174032."
"5/23/2026 6:32:09 AM","1004","Information","Microsoft-Windows-ActiveDirectory_DomainService","Active Directory Domain Services was shut down successfully."
"5/23/2026 6:32:07 AM","2179","Information","Microsoft-Windows-ActiveDirectory_DomainService","The msDS-GenerationId attribute of the Domain Controller's computer object has been set to the following parameter: 
 
GenerationID attribute:
3093923122130046776"
"5/23/2026 4:41:01 AM","1869","Information","Microsoft-Windows-ActiveDirectory_DomainService","Active Directory Domain Services has located a global catalog in the following site. 
 
Global catalog:
\\dc.scaffold.htb 
Site:
Default-First-Site-Name"
"5/23/2026 4:41:01 AM","3027","Information","Microsoft-Windows-ActiveDirectory_DomainService","Internal event: Online Defragment Start succeeded. 
 
Duration in seconds:3600 
"
"5/23/2026 4:41:01 AM","3033","Information","Microsoft-Windows-ActiveDirectory_DomainService","Internal event: Online Defragment Stop invoked but defrag was not running."
"5/23/2026 4:26:31 AM","1394","Information","Microsoft-Windows-ActiveDirectory_DomainService","All problems preventing updates to the Active Directory Domain Services database have been cleared. New updates to the Active Directory Domain Services database are succeeding. The Net Logon service has restarted."
"5/23/2026 4:26:01 AM","1000","Information","Microsoft-Windows-ActiveDirectory_DomainService","Microsoft Active Directory Domain Services startup complete"
"5/23/2026 4:26:01 AM","3041","Warning","Microsoft-Windows-ActiveDirectory_DomainService","The security of this directory server can be significantly enhanced by configuring the server to enforce  validation of Channel Binding Tokens received in LDAP bind requests sent over LDAPS connections. Even if  no clients are issuing LDAP bind requests over LDAPS, configuring the server to validate Channel Binding  Tokens will improve the security of this server. 
 
For more details and information on how to make this configuration change to the server, please see https://go.microsoft.com/fwlink/?linkid=2102405."
"5/23/2026 4:26:01 AM","2886","Warning","Microsoft-Windows-ActiveDirectory_DomainService","The security of this directory server can be significantly enhanced by configuring the server to reject SASL (Negotiate, Kerberos, NTLM, or Digest) LDAP binds that do not request signing (integrity verification) and LDAP simple binds that are performed on a clear text (non-SSL/TLS-encrypted) connection.  Even if no clients are using such binds, configuring the server to reject them will improve the security of this server. 
 
Some clients may currently be relying on unsigned SASL binds or LDAP simple binds over a non-SSL/TLS connection, and will stop working if this configuration change is made.  To assist in identifying these clients, if such binds occur this directory server will log a summary event once every 24 hours indicating how many such binds occurred.  You are encouraged to configure those clients to not use such binds.  Once no such events are observed for an extended period, it is recommended that you configure the server to reject such binds. 
 
For more details and information on how to make this configuration change to the server, please see http://go.microsoft.com/fwlink/?LinkID=87923. 
 
You can enable additional logging to log an event each time a client makes such a bind, including information on which client made the bind.  To do so, please raise the setting for the ""LDAP Interface Events"" event logging category to level 2 or higher."
"5/23/2026 4:25:51 AM","2405","Information","Microsoft-Windows-ActiveDirectory_DomainService","This Active Directory Domain Services server does not support the ""Privileged Access Management Feature"" optional feature."
"5/23/2026 4:25:51 AM","2405","Information","Microsoft-Windows-ActiveDirectory_DomainService","This Active Directory Domain Services server does not support the ""Recycle Bin Feature"" optional feature."
"5/23/2026 4:25:51 AM","2120","Information","Microsoft-Windows-ActiveDirectory_DomainService","This Active Directory Domain Services server does not support the Recycle Bin. Deleted objects may be undeleted, however, when an object is undeleted, some attributes of that object may be lost.  Additionally, attributes of other objects that refer to the object being undeleted may also be lost."
"5/23/2026 4:25:51 AM","2172","Information","Microsoft-Windows-ActiveDirectory_DomainService","Read the msDS-GenerationId attribute of the Domain Controller's computer object. 
 
msDS-GenerationId attribute value:
3093923122130046776"
"5/23/2026 4:25:51 AM","2168","Information","Microsoft-Windows-ActiveDirectory_DomainService","The DC is running on a supported hypervisor. VM Generation ID is detected. 
 
Current value of VM Generation ID: 3093923122130046776"
"5/23/2026 4:25:51 AM","2406","Information","Microsoft-Windows-ActiveDirectory_DomainService","This Active Directory Domain Services server is disabling support for the ""Privileged Access Management Feature"" optional feature."
"5/23/2026 4:25:51 AM","2406","Information","Microsoft-Windows-ActiveDirectory_DomainService","This Active Directory Domain Services server is disabling support for the ""Recycle Bin Feature"" optional feature."
"5/23/2026 4:25:51 AM","2121","Information","Microsoft-Windows-ActiveDirectory_DomainService","This Active Directory Domain Services server is disabling the Recycle Bin. Deleted objects may not be undeleted at this time."
"5/23/2026 4:25:50 AM","3054","Warning","Microsoft-Windows-ActiveDirectory_DomainService","The directory has been configured to allow implicit owner privileges when initially setting or modifying the nTSecurityDescriptor attribute during LDAP add and modify operations. Warning events will be logged, but no requests will be blocked. 
 
This setting is not secure and should only be used as a temporary troubleshooting step. Please review the suggested mitigations in the link below. 
 
For more information, please see https://go.microsoft.com/fwlink/?linkid=2174032."
"5/23/2026 4:25:50 AM","3051","Warning","Microsoft-Windows-ActiveDirectory_DomainService","The directory has been configured to not enforce per-attribute authorization during LDAP add operations. Warning events will be logged, but no requests will be blocked. 
 
This setting is not secure and should only be used as a temporary troubleshooting step. Please review the suggested mitigations in the link below. 
 
For more information, please see https://go.microsoft.com/fwlink/?linkid=2174032."
"5/22/2026 2:39:36 PM","1869","Information","Microsoft-Windows-ActiveDirectory_DomainService","Active Directory Domain Services has located a global catalog in the following site. 
 
Global catalog:
\\dc.scaffold.htb 
Site:
Default-First-Site-Name"
"5/22/2026 2:39:36 PM","3027","Information","Microsoft-Windows-ActiveDirectory_DomainService","Internal event: Online Defragment Start succeeded. 
 
Duration in seconds:3600 
"
"5/22/2026 2:39:36 PM","3033","Information","Microsoft-Windows-ActiveDirectory_DomainService","Internal event: Online Defragment Stop invoked but defrag was not running."
"5/22/2026 2:25:06 PM","1394","Information","Microsoft-Windows-ActiveDirectory_DomainService","All problems preventing updates to the Active Directory Domain Services database have been cleared. New updates to the Active Directory Domain Services database are succeeding. The Net Logon service has restarted."
"5/22/2026 2:24:36 PM","1000","Information","Microsoft-Windows-ActiveDirectory_DomainService","Microsoft Active Directory Domain Services startup complete"
"5/22/2026 2:24:36 PM","3041","Warning","Microsoft-Windows-ActiveDirectory_DomainService","The security of this directory server can be significantly enhanced by configuring the server to enforce  validation of Channel Binding Tokens received in LDAP bind requests sent over LDAPS connections. Even if  no clients are issuing LDAP bind requests over LDAPS, configuring the server to validate Channel Binding  Tokens will improve the security of this server. 
 
For more details and information on how to make this configuration change to the server, please see https://go.microsoft.com/fwlink/?linkid=2102405."
"5/22/2026 2:24:36 PM","2886","Warning","Microsoft-Windows-ActiveDirectory_DomainService","The security of this directory server can be significantly enhanced by configuring the server to reject SASL (Negotiate, Kerberos, NTLM, or Digest) LDAP binds that do not request signing (integrity verification) and LDAP simple binds that are performed on a clear text (non-SSL/TLS-encrypted) connection.  Even if no clients are using such binds, configuring the server to reject them will improve the security of this server. 
 
Some clients may currently be relying on unsigned SASL binds or LDAP simple binds over a non-SSL/TLS connection, and will stop working if this configuration change is made.  To assist in identifying these clients, if such binds occur this directory server will log a summary event once every 24 hours indicating how many such binds occurred.  You are encouraged to configure those clients to not use such binds.  Once no such events are observed for an extended period, it is recommended that you configure the server to reject such binds. 
 
For more details and information on how to make this configuration change to the server, please see http://go.microsoft.com/fwlink/?LinkID=87923. 
 
You can enable additional logging to log an event each time a client makes such a bind, including information on which client made the bind.  To do so, please raise the setting for the ""LDAP Interface Events"" event logging category to level 2 or higher."
"5/22/2026 2:24:26 PM","2405","Information","Microsoft-Windows-ActiveDirectory_DomainService","This Active Directory Domain Services server does not support the ""Privileged Access Management Feature"" optional feature."
"5/22/2026 2:24:26 PM","2405","Information","Microsoft-Windows-ActiveDirectory_DomainService","This Active Directory Domain Services server does not support the ""Recycle Bin Feature"" optional feature."
"5/22/2026 2:24:26 PM","2120","Information","Microsoft-Windows-ActiveDirectory_DomainService","This Active Directory Domain Services server does not support the Recycle Bin. Deleted objects may be undeleted, however, when an object is undeleted, some attributes of that object may be lost.  Additionally, attributes of other objects that refer to the object being undeleted may also be lost."
"5/22/2026 2:24:26 PM","2172","Information","Microsoft-Windows-ActiveDirectory_DomainService","Read the msDS-GenerationId attribute of the Domain Controller's computer object. 
 
msDS-GenerationId attribute value:
3093923122130046776"
"5/22/2026 2:24:26 PM","2168","Information","Microsoft-Windows-ActiveDirectory_DomainService","The DC is running on a supported hypervisor. VM Generation ID is detected. 
 
Current value of VM Generation ID: 3093923122130046776"
"5/22/2026 2:24:26 PM","2406","Information","Microsoft-Windows-ActiveDirectory_DomainService","This Active Directory Domain Services server is disabling support for the ""Privileged Access Management Feature"" optional feature."
"5/22/2026 2:24:26 PM","2406","Information","Microsoft-Windows-ActiveDirectory_DomainService","This Active Directory Domain Services server is disabling support for the ""Recycle Bin Feature"" optional feature."
"5/22/2026 2:24:26 PM","2121","Information","Microsoft-Windows-ActiveDirectory_DomainService","This Active Directory Domain Services server is disabling the Recycle Bin. Deleted objects may not be undeleted at this time."
"5/22/2026 2:24:25 PM","3054","Warning","Microsoft-Windows-ActiveDirectory_DomainService","The directory has been configured to allow implicit owner privileges when initially setting or modifying the nTSecurityDescriptor attribute during LDAP add and modify operations. Warning events will be logged, but no requests will be blocked. 
 
This setting is not secure and should only be used as a temporary troubleshooting step. Please review the suggested mitigations in the link below. 
 
For more information, please see https://go.microsoft.com/fwlink/?linkid=2174032."
"5/22/2026 2:24:25 PM","3051","Warning","Microsoft-Windows-ActiveDirectory_DomainService","The directory has been configured to not enforce per-attribute authorization during LDAP add operations. Warning events will be logged, but no requests will be blocked. 
 
This setting is not secure and should only be used as a temporary troubleshooting step. Please review the suggested mitigations in the link below. 
 
For more information, please see https://go.microsoft.com/fwlink/?linkid=2174032."
"5/22/2026 7:06:17 AM","1869","Information","Microsoft-Windows-ActiveDirectory_DomainService","Active Directory Domain Services has located a global catalog in the following site. 
 
Global catalog:
\\dc.scaffold.htb 
Site:
Default-First-Site-Name"
"5/22/2026 7:06:17 AM","3027","Information","Microsoft-Windows-ActiveDirectory_DomainService","Internal event: Online Defragment Start succeeded. 
 
Duration in seconds:3600 
"
"5/22/2026 7:06:17 AM","3033","Information","Microsoft-Windows-ActiveDirectory_DomainService","Internal event: Online Defragment Stop invoked but defrag was not running."
"5/22/2026 7:06:17 AM","701","Information","NTDS ISAM","NTDS (740,D,0) NTDSA: Online defragmentation has completed a full pass on database 'C:\Windows\NTDS\ntds.dit', freeing 1 pages. This pass started on 5/22/2026 and ran for a total of 0 seconds, requiring 1 invocations over 1 days. Since the database was created it has been fully defragmented 11 times."
"5/22/2026 7:06:17 AM","700","Information","NTDS ISAM","NTDS (740,D,0) NTDSA: Online defragmentation is beginning a full pass on database 'C:\Windows\NTDS\ntds.dit'."
"5/22/2026 7:06:17 AM","330","Information","NTDS ISAM","NTDS (740,D,2) NTDSA: The database [C:\Windows\NTDS\temp.edb] format version is being held back to 8920 (0x22d8) due to application parameter setting of 0x22D8 (8920). Current default engine version: 9360 (0x2490)."
"5/22/2026 7:06:17 AM","326","Information","NTDS ISAM","NTDS (740,D,50) NTDSA: The database engine attached a database (1, C:\Windows\NTDS\ntds.dit). (Time=0 seconds) 
 
Saved Cache: 0 0 
Additional Data: lgposAttach = 00000002:088D:0268,
dbv = 1568.20.0 (8920) 
 
Internal Timing Sequence: 
[1] 0.000004 +J(0) +M(C:0K, Fs:1, WS:4K # 0K, PF:0K # 0K, P:0K)
[2] 0.000485 -0.000262 (1) WT +J(0) +M(C:0K, Fs:19, WS:12K # 0K, PF:8K # 0K, P:8K)
[3] 0.009825 -0.005416 (6) WT +J(CM:0, PgRf:0, Rd:0/0, Dy:0/0, Lg:3480/2) +M(C:0K, Fs:23, WS:80K # 0K, PF:152K # 0K, P:152K)
[4] 0.000161 +J(0)
[5] -
[6] -
[7] -
[8] 0.005332 -0.000622 (2) CM -0.000421 (2) WT +J(CM:2, PgRf:2, Rd:4/2, Dy:0/0, Lg:0/0) +M(C:16K, Fs:45, WS:172K # 0K, PF:220K # 0K, P:220K)
[9] 0.007037 -0.006054 (8) CM -0.004781 (8) WT +J(CM:8, PgRf:24, Rd:0/8, Dy:0/0, Lg:0/0) +M(C:-4K, Fs:32, WS:108K # 0K, PF:204K # 0K, P:204K)
[10] 0.002391 -0.002056 (4) CM -0.001610 (4) WT +J(CM:4, PgRf:40, Rd:0/4, Dy:0/0, Lg:0/0) +M(C:-4K, Fs:6, WS:12K # 0K, PF:60K # 0K, P:60K)
[11] 0.000361 -0.000286 (1) CM -0.000205 (1) WT +J(CM:1, PgRf:1, Rd:0/1, Dy:0/0, Lg:0/0) +M(C:0K, Fs:5, WS:16K # 0K, PF:0K # 0K, P:0K)
[12] 0.000115 +J(CM:0, PgRf:48, Rd:0/0, Dy:0/0, Lg:0/0) +M(C:0K, Fs:2, WS:8K # 0K, PF:0K # 0K, P:0K)
[13] 0.000002 +J(0)
[14] 0.0 +J(0)
[15] 0.000009 +J(CM:0, PgRf:1, Rd:0/0, Dy:0/0, Lg:0/0)."
"5/22/2026 7:06:17 AM","330","Information","NTDS ISAM","NTDS (740,D,50) NTDSA: The database [C:\Windows\NTDS\ntds.dit] format version is being held back to 8920 (0x22d8) due to application parameter setting of 0x22D8 (8920). Current default engine version: 9360 (0x2490)."
"5/22/2026 7:06:17 AM","105","Information","NTDS ISAM","NTDS (740,D,0) NTDSA: The database engine started a new instance (0). (Time=0 seconds) 
 
Additional Data:
  
 
Internal Timing Sequence: 
[1] 0.001155 +J(0) +M(C:0K, Fs:142, WS:544K # 0K, PF:3368K # 360K, P:3368K)
[2] 0.001552 +J(0) +M(C:16K, Fs:92, WS:356K # 312K, PF:320K # 320K, P:320K)
[3] 0.000843 +J(0) +M(C:0K, Fs:6, WS:20K # 20K, PF:64K # 64K, P:64K)
[4] 0.012872 -0.000201 (1) WT +J(0) +M(C:0K, Fs:125, WS:428K # 428K, PF:5200K # 5200K, P:5200K)
[5] 0.000887 +J(0) +M(C:0K, Fs:1, WS:4K # 4K, PF:0K # 0K, P:0K)
[6] 0.005008 +J(0) +M(C:0K, Fs:20, WS:80K # 80K, PF:12K # 12K, P:12K)
[7] 0.044201 -0.031771 (21) WT +J(0) +M(C:0K, Fs:2579, WS:10296K # 10296K, PF:10260K # 10260K, P:10260K)
[8] -
[9] -
[10] -
[11] -
[12] -
[13] 0.022628 -0.014139 (22) WT +J(CM:0, PgRf:0, Rd:0/0, Dy:0/0, Lg:616/1) +M(C:0K, Fs:9, WS:-10216K # 24K, PF:-10252K # 12K, P:-10252K)
[14] 0.000027 +J(0) +M(C:0K, Fs:1, WS:4K # 0K, PF:4K # 0K, P:4K)
[15] 0.000280 +J(0) +M(C:0K, Fs:205, WS:820K # 0K, PF:64K # 0K, P:64K)
[16] 0.000647 -0.000293 (1) WT +J(0) +M(C:0K, Fs:3, WS:4K # 0K, PF:0K # 0K, P:0K)."
"5/22/2026 7:06:17 AM","102","Information","NTDS ISAM","NTDS (740,P,98) NTDSA: The database engine (10.00.20348.0000) is starting a new instance (0)."
"5/22/2026 6:51:47 AM","1394","Information","Microsoft-Windows-ActiveDirectory_DomainService","All problems preventing updates to the Active Directory Domain Services database have been cleared. New updates to the Active Directory Domain Services database are succeeding. The Net Logon service has restarted."
"5/22/2026 6:51:17 AM","1000","Information","Microsoft-Windows-ActiveDirectory_DomainService","Microsoft Active Directory Domain Services startup complete"
"5/22/2026 6:51:17 AM","3041","Warning","Microsoft-Windows-ActiveDirectory_DomainService","The security of this directory server can be significantly enhanced by configuring the server to enforce  validation of Channel Binding Tokens received in LDAP bind requests sent over LDAPS connections. Even if  no clients are issuing LDAP bind requests over LDAPS, configuring the server to validate Channel Binding  Tokens will improve the security of this server. 
 
For more details and information on how to make this configuration change to the server, please see https://go.microsoft.com/fwlink/?linkid=2102405."
"5/22/2026 6:51:17 AM","2886","Warning","Microsoft-Windows-ActiveDirectory_DomainService","The security of this directory server can be significantly enhanced by configuring the server to reject SASL (Negotiate, Kerberos, NTLM, or Digest) LDAP binds that do not request signing (integrity verification) and LDAP simple binds that are performed on a clear text (non-SSL/TLS-encrypted) connection.  Even if no clients are using such binds, configuring the server to reject them will improve the security of this server. 
 
Some clients may currently be relying on unsigned SASL binds or LDAP simple binds over a non-SSL/TLS connection, and will stop working if this configuration change is made.  To assist in identifying these clients, if such binds occur this directory server will log a summary event once every 24 hours indicating how many such binds occurred.  You are encouraged to configure those clients to not use such binds.  Once no such events are observed for an extended period, it is recommended that you configure the server to reject such binds. 
 
For more details and information on how to make this configuration change to the server, please see http://go.microsoft.com/fwlink/?LinkID=87923. 
 
You can enable additional logging to log an event each time a client makes such a bind, including information on which client made the bind.  To do so, please raise the setting for the ""LDAP Interface Events"" event logging category to level 2 or higher."
"5/22/2026 6:51:07 AM","2405","Information","Microsoft-Windows-ActiveDirectory_DomainService","This Active Directory Domain Services server does not support the ""Privileged Access Management Feature"" optional feature."
"5/22/2026 6:51:07 AM","2405","Information","Microsoft-Windows-ActiveDirectory_DomainService","This Active Directory Domain Services server does not support the ""Recycle Bin Feature"" optional feature."
"5/22/2026 6:51:07 AM","2120","Information","Microsoft-Windows-ActiveDirectory_DomainService","This Active Directory Domain Services server does not support the Recycle Bin. Deleted objects may be undeleted, however, when an object is undeleted, some attributes of that object may be lost.  Additionally, attributes of other objects that refer to the object being undeleted may also be lost."
"5/22/2026 6:51:07 AM","2172","Information","Microsoft-Windows-ActiveDirectory_DomainService","Read the msDS-GenerationId attribute of the Domain Controller's computer object. 
 
msDS-GenerationId attribute value:
3093923122130046776"
"5/22/2026 6:51:07 AM","2168","Information","Microsoft-Windows-ActiveDirectory_DomainService","The DC is running on a supported hypervisor. VM Generation ID is detected. 
 
Current value of VM Generation ID: 3093923122130046776"
"5/22/2026 6:51:07 AM","2406","Information","Microsoft-Windows-ActiveDirectory_DomainService","This Active Directory Domain Services server is disabling support for the ""Privileged Access Management Feature"" optional feature."
"5/22/2026 6:51:07 AM","2406","Information","Microsoft-Windows-ActiveDirectory_DomainService","This Active Directory Domain Services server is disabling support for the ""Recycle Bin Feature"" optional feature."
"5/22/2026 6:51:07 AM","2121","Information","Microsoft-Windows-ActiveDirectory_DomainService","This Active Directory Domain Services server is disabling the Recycle Bin. Deleted objects may not be undeleted at this time."
"5/22/2026 6:51:07 AM","3054","Warning","Microsoft-Windows-ActiveDirectory_DomainService","The directory has been configured to allow implicit owner privileges when initially setting or modifying the nTSecurityDescriptor attribute during LDAP add and modify operations. Warning events will be logged, but no requests will be blocked. 
 
This setting is not secure and should only be used as a temporary troubleshooting step. Please review the suggested mitigations in the link below. 
 
For more information, please see https://go.microsoft.com/fwlink/?linkid=2174032."
"5/22/2026 6:51:07 AM","3051","Warning","Microsoft-Windows-ActiveDirectory_DomainService","The directory has been configured to not enforce per-attribute authorization during LDAP add operations. Warning events will be logged, but no requests will be blocked. 
 
This setting is not secure and should only be used as a temporary troubleshooting step. Please review the suggested mitigations in the link below. 
 
For more information, please see https://go.microsoft.com/fwlink/?linkid=2174032."
"5/21/2026 5:28:04 PM","1004","Information","Microsoft-Windows-ActiveDirectory_DomainService","Active Directory Domain Services was shut down successfully."
"5/21/2026 5:28:02 PM","2179","Information","Microsoft-Windows-ActiveDirectory_DomainService","The msDS-GenerationId attribute of the Domain Controller's computer object has been set to the following parameter: 
 
GenerationID attribute:
3093923122130046776"
"5/21/2026 4:34:07 PM","1869","Information","Microsoft-Windows-ActiveDirectory_DomainService","Active Directory Domain Services has located a global catalog in the following site. 
 
Global catalog:
\\dc.scaffold.htb 
Site:
Default-First-Site-Name"
"5/21/2026 4:34:07 PM","3027","Information","Microsoft-Windows-ActiveDirectory_DomainService","Internal event: Online Defragment Start succeeded. 
 
Duration in seconds:3600 
"
"5/21/2026 4:34:07 PM","3033","Information","Microsoft-Windows-ActiveDirectory_DomainService","Internal event: Online Defragment Stop invoked but defrag was not running."
"5/21/2026 4:34:07 PM","701","Information","NTDS ISAM","NTDS (764,D,0) NTDSA: Online defragmentation has completed a full pass on database 'C:\Windows\NTDS\ntds.dit', freeing 2 pages. This pass started on 5/21/2026 and ran for a total of 0 seconds, requiring 1 invocations over 1 days. Since the database was created it has been fully defragmented 10 times."
"5/21/2026 4:34:07 PM","700","Information","NTDS ISAM","NTDS (764,D,0) NTDSA: Online defragmentation is beginning a full pass on database 'C:\Windows\NTDS\ntds.dit'."
"5/21/2026 4:34:07 PM","330","Information","NTDS ISAM","NTDS (764,D,2) NTDSA: The database [C:\Windows\NTDS\temp.edb] format version is being held back to 8920 (0x22d8) due to application parameter setting of 0x22D8 (8920). Current default engine version: 9360 (0x2490)."
"5/21/2026 4:34:07 PM","326","Information","NTDS ISAM","NTDS (764,D,50) NTDSA: The database engine attached a database (1, C:\Windows\NTDS\ntds.dit). (Time=0 seconds) 
 
Saved Cache: 0 0 
Additional Data: lgposAttach = 00000002:0866:0268,
dbv = 1568.20.0 (8920) 
 
Internal Timing Sequence: 
[1] 0.000005 +J(0) +M(C:0K, Fs:1, WS:4K # 0K, PF:0K # 0K, P:0K)
[2] 0.000398 -0.000113 (1) WT +J(0) +M(C:0K, Fs:19, WS:12K # 0K, PF:8K # 0K, P:8K)
[3] 0.006050 -0.002041 (6) WT +J(CM:0, PgRf:0, Rd:0/0, Dy:0/0, Lg:3480/2) +M(C:0K, Fs:23, WS:80K # 0K, PF:152K # 0K, P:152K)
[4] 0.000123 +J(0)
[5] -
[6] -
[7] -
[8] 0.004247 -0.000372 (2) CM -0.000221 (2) WT +J(CM:2, PgRf:2, Rd:4/2, Dy:0/0, Lg:0/0) +M(C:16K, Fs:45, WS:172K # 0K, PF:220K # 0K, P:220K)
[9] 0.003280 -0.002796 (7) CM -0.002346 (7) WT +J(CM:7, PgRf:24, Rd:0/7, Dy:0/0, Lg:0/0) +M(C:-8K, Fs:30, WS:104K # 0K, PF:196K # 0K, P:196K)
[10] 0.000999 -0.000808 (3) CM -0.000509 (3) WT +J(CM:3, PgRf:40, Rd:0/3, Dy:0/0, Lg:0/0) +M(C:-4K, Fs:5, WS:12K # 0K, PF:60K # 0K, P:60K)
[11] 0.000014 +J(CM:0, PgRf:1, Rd:0/0, Dy:0/0, Lg:0/0) +M(C:0K, Fs:4, WS:16K # 0K, PF:0K # 0K, P:0K)
[12] 0.000026 +J(CM:0, PgRf:48, Rd:0/0, Dy:0/0, Lg:0/0) +M(C:0K, Fs:2, WS:8K # 0K, PF:0K # 0K, P:0K)
[13] 0.0 +J(0)
[14] 0.0 +J(0)
[15] 0.000002 +J(CM:0, PgRf:1, Rd:0/0, Dy:0/0, Lg:0/0)."
"5/21/2026 4:34:07 PM","330","Information","NTDS ISAM","NTDS (764,D,50) NTDSA: The database [C:\Windows\NTDS\ntds.dit] format version is being held back to 8920 (0x22d8) due to application parameter setting of 0x22D8 (8920). Current default engine version: 9360 (0x2490)."
"5/21/2026 4:34:07 PM","105","Information","NTDS ISAM","NTDS (764,D,0) NTDSA: The database engine started a new instance (0). (Time=0 seconds) 
 
Additional Data:
  
 
Internal Timing Sequence: 
[1] 0.000710 +J(0) +M(C:0K, Fs:143, WS:544K # 0K, PF:3364K # 356K, P:3364K)
[2] 0.000878 +J(0) +M(C:16K, Fs:89, WS:348K # 304K, PF:308K # 308K, P:308K)
[3] 0.000888 +J(0) +M(C:0K, Fs:5, WS:20K # 20K, PF:64K # 64K, P:64K)
[4] 0.009604 -0.000205 (1) WT +J(0) +M(C:0K, Fs:125, WS:424K # 424K, PF:5204K # 5204K, P:5204K)
[5] 0.000780 +J(0) +M(C:0K, Fs:2, WS:8K # 8K, PF:4K # 4K, P:4K)
[6] 0.002701 +J(0) +M(C:0K, Fs:24, WS:92K # 92K, PF:24K # 24K, P:24K)
[7] 0.029712 -0.021337 (21) WT +J(0) +M(C:0K, Fs:2579, WS:10296K # 10296K, PF:10260K # 10260K, P:10260K)
[8] -
[9] -
[10] -
[11] -
[12] -
[13] 0.019540 -0.010728 (22) WT +J(CM:0, PgRf:0, Rd:0/0, Dy:0/0, Lg:616/1) +M(C:0K, Fs:8, WS:-10216K # 24K, PF:-10256K # 12K, P:-10256K)
[14] 0.000052 +J(0)
[15] 0.000379 +J(0) +M(C:0K, Fs:206, WS:820K # 0K, PF:68K # 0K, P:68K)
[16] 0.000564 -0.000227 (1) WT +J(0) +M(C:0K, Fs:3, WS:4K # 0K, PF:0K # 0K, P:0K)."
"5/21/2026 4:34:07 PM","102","Information","NTDS ISAM","NTDS (764,P,98) NTDSA: The database engine (10.00.20348.0000) is starting a new instance (0)."
"5/21/2026 4:19:37 PM","1394","Information","Microsoft-Windows-ActiveDirectory_DomainService","All problems preventing updates to the Active Directory Domain Services database have been cleared. New updates to the Active Directory Domain Services database are succeeding. The Net Logon service has restarted."
"5/21/2026 4:19:07 PM","1000","Information","Microsoft-Windows-ActiveDirectory_DomainService","Microsoft Active Directory Domain Services startup complete"
"5/21/2026 4:19:07 PM","3041","Warning","Microsoft-Windows-ActiveDirectory_DomainService","The security of this directory server can be significantly enhanced by configuring the server to enforce  validation of Channel Binding Tokens received in LDAP bind requests sent over LDAPS connections. Even if  no clients are issuing LDAP bind requests over LDAPS, configuring the server to validate Channel Binding  Tokens will improve the security of this server. 
 
For more details and information on how to make this configuration change to the server, please see https://go.microsoft.com/fwlink/?linkid=2102405."
"5/21/2026 4:19:07 PM","2886","Warning","Microsoft-Windows-ActiveDirectory_DomainService","The security of this directory server can be significantly enhanced by configuring the server to reject SASL (Negotiate, Kerberos, NTLM, or Digest) LDAP binds that do not request signing (integrity verification) and LDAP simple binds that are performed on a clear text (non-SSL/TLS-encrypted) connection.  Even if no clients are using such binds, configuring the server to reject them will improve the security of this server. 
 
Some clients may currently be relying on unsigned SASL binds or LDAP simple binds over a non-SSL/TLS connection, and will stop working if this configuration change is made.  To assist in identifying these clients, if such binds occur this directory server will log a summary event once every 24 hours indicating how many such binds occurred.  You are encouraged to configure those clients to not use such binds.  Once no such events are observed for an extended period, it is recommended that you configure the server to reject such binds. 
 
For more details and information on how to make this configuration change to the server, please see http://go.microsoft.com/fwlink/?LinkID=87923. 
 
You can enable additional logging to log an event each time a client makes such a bind, including information on which client made the bind.  To do so, please raise the setting for the ""LDAP Interface Events"" event logging category to level 2 or higher."
"5/21/2026 4:18:57 PM","2405","Information","Microsoft-Windows-ActiveDirectory_DomainService","This Active Directory Domain Services server does not support the ""Privileged Access Management Feature"" optional feature."
"5/21/2026 4:18:57 PM","2405","Information","Microsoft-Windows-ActiveDirectory_DomainService","This Active Directory Domain Services server does not support the ""Recycle Bin Feature"" optional feature."
"5/21/2026 4:18:57 PM","2120","Information","Microsoft-Windows-ActiveDirectory_DomainService","This Active Directory Domain Services server does not support the Recycle Bin. Deleted objects may be undeleted, however, when an object is undeleted, some attributes of that object may be lost.  Additionally, attributes of other objects that refer to the object being undeleted may also be lost."
"5/21/2026 4:18:57 PM","2208","Information","Microsoft-Windows-ActiveDirectory_DomainService","Active Directory Domain Services deleted DFSR databases to initialize SYSVOL replica during a non-authoritative restore. 
Active Directory detected that the virtual machine that hosts the domain controller was reverted to a previous state. Active Directory Domain Services needs to initialize a non-authoritative restore on the local SYSVOL replica. For DFSR, this is done by stopping the DFSR service, deleting DFSR databases, and re-starting the service. Upon restarting DFSR will rebuild the databases and start the initial sync."
"5/21/2026 4:18:57 PM","2179","Information","Microsoft-Windows-ActiveDirectory_DomainService","The msDS-GenerationId attribute of the Domain Controller's computer object has been set to the following parameter: 
 
GenerationID attribute:
3093923122130046776"
"5/21/2026 4:18:57 PM","1109","Information","Microsoft-Windows-ActiveDirectory_DomainService","The invocationID attribute for this directory server has been changed. The highest update sequence number at the time the backup was created is as follows: 
 
InvocationID attribute (old value):
3bb9a4fc-68b6-4c9f-9213-a86fcf0e5d84 
InvocationID attribute (new value):
306fc8ad-c13d-4210-bfa4-348bedf88771 
Update sequence number:
77841 
 
The invocationID is changed when a directory server is restored from backup media, is configured to host a writeable application directory partition, has been resumed after a virtual machine snapshot has been applied, after a virtual machine import operation, or after a live migration operation. Virtualized domain controllers should not be restored using virtual machine snapshots. The supported method to restore or rollback the content of an Active Directory Domain Services database is to restore a system state backup made with an Active Directory Domain Services-aware backup application."
"5/21/2026 4:18:57 PM","2170","Warning","Microsoft-Windows-ActiveDirectory_DomainService","A Generation ID change has been detected. 
 
Generation ID cached in DS (old value):
14506972188055473583 
Generation ID currently in VM (new value):
3093923122130046776 
 
The Generation ID change occurs after the application of a virtual machine snapshot, after a virtual machine import operation or after a live migration operation. Active Directory Domain Services will create a new invocation ID to recover the domain controller. Virtualized domain controllers should not be restored using virtual machine snapshots. The supported method to restore or rollback the content of an Active Directory Domain Services database is to restore a system state backup made with an Active Directory Domain Services aware backup application."
"5/21/2026 4:18:57 PM","2172","Information","Microsoft-Windows-ActiveDirectory_DomainService","Read the msDS-GenerationId attribute of the Domain Controller's computer object. 
 
msDS-GenerationId attribute value:
14506972188055473583"
"5/21/2026 4:18:57 PM","2168","Information","Microsoft-Windows-ActiveDirectory_DomainService","The DC is running on a supported hypervisor. VM Generation ID is detected. 
 
Current value of VM Generation ID: 3093923122130046776"
"5/21/2026 4:18:57 PM","2406","Information","Microsoft-Windows-ActiveDirectory_DomainService","This Active Directory Domain Services server is disabling support for the ""Privileged Access Management Feature"" optional feature."
"5/21/2026 4:18:57 PM","2406","Information","Microsoft-Windows-ActiveDirectory_DomainService","This Active Directory Domain Services server is disabling support for the ""Recycle Bin Feature"" optional feature."
"5/21/2026 4:18:57 PM","2121","Information","Microsoft-Windows-ActiveDirectory_DomainService","This Active Directory Domain Services server is disabling the Recycle Bin. Deleted objects may not be undeleted at this time."
"5/21/2026 4:18:57 PM","3054","Warning","Microsoft-Windows-ActiveDirectory_DomainService","The directory has been configured to allow implicit owner privileges when initially setting or modifying the nTSecurityDescriptor attribute during LDAP add and modify operations. Warning events will be logged, but no requests will be blocked. 
 
This setting is not secure and should only be used as a temporary troubleshooting step. Please review the suggested mitigations in the link below. 
 
For more information, please see https://go.microsoft.com/fwlink/?linkid=2174032."
"5/21/2026 4:18:57 PM","3051","Warning","Microsoft-Windows-ActiveDirectory_DomainService","The directory has been configured to not enforce per-attribute authorization during LDAP add operations. Warning events will be logged, but no requests will be blocked. 
 
This setting is not secure and should only be used as a temporary troubleshooting step. Please review the suggested mitigations in the link below. 
 
For more information, please see https://go.microsoft.com/fwlink/?linkid=2174032."
"5/18/2026 4:51:28 PM","1004","Information","Microsoft-Windows-ActiveDirectory_DomainService","Active Directory Domain Services was shut down successfully."
"5/18/2026 4:51:27 PM","2179","Information","Microsoft-Windows-ActiveDirectory_DomainService","The msDS-GenerationId attribute of the Domain Controller's computer object has been set to the following parameter: 
 
GenerationID attribute:
14506972188055473583"
"5/18/2026 4:40:40 PM","1394","Information","Microsoft-Windows-ActiveDirectory_DomainService","All problems preventing updates to the Active Directory Domain Services database have been cleared. New updates to the Active Directory Domain Services database are succeeding. The Net Logon service has restarted."
"5/18/2026 4:40:10 PM","1000","Information","Microsoft-Windows-ActiveDirectory_DomainService","Microsoft Active Directory Domain Services startup complete"
"5/18/2026 4:40:10 PM","3041","Warning","Microsoft-Windows-ActiveDirectory_DomainService","The security of this directory server can be significantly enhanced by configuring the server to enforce  validation of Channel Binding Tokens received in LDAP bind requests sent over LDAPS connections. Even if  no clients are issuing LDAP bind requests over LDAPS, configuring the server to validate Channel Binding  Tokens will improve the security of this server. 
 
For more details and information on how to make this configuration change to the server, please see https://go.microsoft.com/fwlink/?linkid=2102405."
"5/18/2026 4:40:10 PM","2886","Warning","Microsoft-Windows-ActiveDirectory_DomainService","The security of this directory server can be significantly enhanced by configuring the server to reject SASL (Negotiate, Kerberos, NTLM, or Digest) LDAP binds that do not request signing (integrity verification) and LDAP simple binds that are performed on a clear text (non-SSL/TLS-encrypted) connection.  Even if no clients are using such binds, configuring the server to reject them will improve the security of this server. 
 
Some clients may currently be relying on unsigned SASL binds or LDAP simple binds over a non-SSL/TLS connection, and will stop working if this configuration change is made.  To assist in identifying these clients, if such binds occur this directory server will log a summary event once every 24 hours indicating how many such binds occurred.  You are encouraged to configure those clients to not use such binds.  Once no such events are observed for an extended period, it is recommended that you configure the server to reject such binds. 
 
For more details and information on how to make this configuration change to the server, please see http://go.microsoft.com/fwlink/?LinkID=87923. 
 
You can enable additional logging to log an event each time a client makes such a bind, including information on which client made the bind.  To do so, please raise the setting for the ""LDAP Interface Events"" event logging category to level 2 or higher."
"5/18/2026 4:40:00 PM","2405","Information","Microsoft-Windows-ActiveDirectory_DomainService","This Active Directory Domain Services server does not support the ""Privileged Access Management Feature"" optional feature."
"5/18/2026 4:40:00 PM","2405","Information","Microsoft-Windows-ActiveDirectory_DomainService","This Active Directory Domain Services server does not support the ""Recycle Bin Feature"" optional feature."
"5/18/2026 4:40:00 PM","2120","Information","Microsoft-Windows-ActiveDirectory_DomainService","This Active Directory Domain Services server does not support the Recycle Bin. Deleted objects may be undeleted, however, when an object is undeleted, some attributes of that object may be lost.  Additionally, attributes of other objects that refer to the object being undeleted may also be lost."
"5/18/2026 4:40:00 PM","2208","Information","Microsoft-Windows-ActiveDirectory_DomainService","Active Directory Domain Services deleted DFSR databases to initialize SYSVOL replica during a non-authoritative restore. 
Active Directory detected that the virtual machine that hosts the domain controller was reverted to a previous state. Active Directory Domain Services needs to initialize a non-authoritative restore on the local SYSVOL replica. For DFSR, this is done by stopping the DFSR service, deleting DFSR databases, and re-starting the service. Upon restarting DFSR will rebuild the databases and start the initial sync."
"5/18/2026 4:40:00 PM","2179","Information","Microsoft-Windows-ActiveDirectory_DomainService","The msDS-GenerationId attribute of the Domain Controller's computer object has been set to the following parameter: 
 
GenerationID attribute:
14506972188055473583"
"5/18/2026 4:40:00 PM","1109","Information","Microsoft-Windows-ActiveDirectory_DomainService","The invocationID attribute for this directory server has been changed. The highest update sequence number at the time the backup was created is as follows: 
 
InvocationID attribute (old value):
47b247ee-2a93-40c7-82e1-9e30452cc58f 
InvocationID attribute (new value):
3bb9a4fc-68b6-4c9f-9213-a86fcf0e5d84 
Update sequence number:
73744 
 
The invocationID is changed when a directory server is restored from backup media, is configured to host a writeable application directory partition, has been resumed after a virtual machine snapshot has been applied, after a virtual machine import operation, or after a live migration operation. Virtualized domain controllers should not be restored using virtual machine snapshots. The supported method to restore or rollback the content of an Active Directory Domain Services database is to restore a system state backup made with an Active Directory Domain Services-aware backup application."
"5/18/2026 4:40:00 PM","2170","Warning","Microsoft-Windows-ActiveDirectory_DomainService","A Generation ID change has been detected. 
 
Generation ID cached in DS (old value):
15222988849553689426 
Generation ID currently in VM (new value):
14506972188055473583 
 
The Generation ID change occurs after the application of a virtual machine snapshot, after a virtual machine import operation or after a live migration operation. Active Directory Domain Services will create a new invocation ID to recover the domain controller. Virtualized domain controllers should not be restored using virtual machine snapshots. The supported method to restore or rollback the content of an Active Directory Domain Services database is to restore a system state backup made with an Active Directory Domain Services aware backup application."
"5/18/2026 4:40:00 PM","2172","Information","Microsoft-Windows-ActiveDirectory_DomainService","Read the msDS-GenerationId attribute of the Domain Controller's computer object. 
 
msDS-GenerationId attribute value:
15222988849553689426"
"5/18/2026 4:40:00 PM","2168","Information","Microsoft-Windows-ActiveDirectory_DomainService","The DC is running on a supported hypervisor. VM Generation ID is detected. 
 
Current value of VM Generation ID: 14506972188055473583"
"5/18/2026 4:40:00 PM","2406","Information","Microsoft-Windows-ActiveDirectory_DomainService","This Active Directory Domain Services server is disabling support for the ""Privileged Access Management Feature"" optional feature."
"5/18/2026 4:40:00 PM","2406","Information","Microsoft-Windows-ActiveDirectory_DomainService","This Active Directory Domain Services server is disabling support for the ""Recycle Bin Feature"" optional feature."
"5/18/2026 4:40:00 PM","2121","Information","Microsoft-Windows-ActiveDirectory_DomainService","This Active Directory Domain Services server is disabling the Recycle Bin. Deleted objects may not be undeleted at this time."
"5/18/2026 4:39:59 PM","3054","Warning","Microsoft-Windows-ActiveDirectory_DomainService","The directory has been configured to allow implicit owner privileges when initially setting or modifying the nTSecurityDescriptor attribute during LDAP add and modify operations. Warning events will be logged, but no requests will be blocked. 
 
This setting is not secure and should only be used as a temporary troubleshooting step. Please review the suggested mitigations in the link below. 
 
For more information, please see https://go.microsoft.com/fwlink/?linkid=2174032."
"5/18/2026 4:39:59 PM","3051","Warning","Microsoft-Windows-ActiveDirectory_DomainService","The directory has been configured to not enforce per-attribute authorization during LDAP add operations. Warning events will be logged, but no requests will be blocked. 
 
This setting is not secure and should only be used as a temporary troubleshooting step. Please review the suggested mitigations in the link below. 
 
For more information, please see https://go.microsoft.com/fwlink/?linkid=2174032."
"5/18/2026 3:58:20 PM","1004","Information","Microsoft-Windows-ActiveDirectory_DomainService","Active Directory Domain Services was shut down successfully."
"5/18/2026 3:58:18 PM","2179","Information","Microsoft-Windows-ActiveDirectory_DomainService","The msDS-GenerationId attribute of the Domain Controller's computer object has been set to the following parameter: 
 
GenerationID attribute:
15222988849553689426"
"5/18/2026 3:24:17 PM","1869","Information","Microsoft-Windows-ActiveDirectory_DomainService","Active Directory Domain Services has located a global catalog in the following site. 
 
Global catalog:
\\dc.scaffold.htb 
Site:
Default-First-Site-Name"
"5/18/2026 3:24:17 PM","3027","Information","Microsoft-Windows-ActiveDirectory_DomainService","Internal event: Online Defragment Start succeeded. 
 
Duration in seconds:3600 
"
"5/18/2026 3:24:17 PM","3033","Information","Microsoft-Windows-ActiveDirectory_DomainService","Internal event: Online Defragment Stop invoked but defrag was not running."
"5/18/2026 3:24:17 PM","701","Information","NTDS ISAM","NTDS (748,D,0) NTDSA: Online defragmentation has completed a full pass on database 'C:\Windows\NTDS\ntds.dit', freeing 3 pages. This pass started on 5/18/2026 and ran for a total of 0 seconds, requiring 1 invocations over 1 days. Since the database was created it has been fully defragmented 9 times."
"5/18/2026 3:24:17 PM","700","Information","NTDS ISAM","NTDS (748,D,0) NTDSA: Online defragmentation is beginning a full pass on database 'C:\Windows\NTDS\ntds.dit'."
"5/18/2026 3:24:17 PM","330","Information","NTDS ISAM","NTDS (748,D,2) NTDSA: The database [C:\Windows\NTDS\temp.edb] format version is being held back to 8920 (0x22d8) due to application parameter setting of 0x22D8 (8920). Current default engine version: 9360 (0x2490)."
"5/18/2026 3:24:17 PM","326","Information","NTDS ISAM","NTDS (748,D,50) NTDSA: The database engine attached a database (1, C:\Windows\NTDS\ntds.dit). (Time=0 seconds) 
 
Saved Cache: 0 0 
Additional Data: lgposAttach = 00000002:0813:0268,
dbv = 1568.20.0 (8920) 
 
Internal Timing Sequence: 
[1] 0.000002 +J(0) +M(C:0K, Fs:1, WS:4K # 0K, PF:0K # 0K, P:0K)
[2] 0.000211 -0.000122 (1) WT +J(0) +M(C:0K, Fs:20, WS:12K # 0K, PF:8K # 0K, P:8K)
[3] 0.003201 -0.001848 (6) WT +J(CM:0, PgRf:0, Rd:0/0, Dy:0/0, Lg:3480/2) +M(C:0K, Fs:20, WS:68K # 0K, PF:140K # 0K, P:140K)
[4] 0.000031 +J(0)
[5] -
[6] -
[7] -
[8] 0.001581 -0.000140 (2) CM -0.000092 (2) WT +J(CM:2, PgRf:2, Rd:4/2, Dy:0/0, Lg:0/0) +M(C:16K, Fs:45, WS:172K # 0K, PF:220K # 0K, P:220K)
[9] 0.001933 -0.001661 (7) CM -0.001453 (7) WT +J(CM:7, PgRf:24, Rd:0/7, Dy:0/0, Lg:0/0) +M(C:-8K, Fs:30, WS:104K # 0K, PF:196K # 0K, P:196K)
[10] 0.000553 -0.000430 (3) CM -0.000331 (3) WT +J(CM:3, PgRf:40, Rd:0/3, Dy:0/0, Lg:0/0) +M(C:-4K, Fs:5, WS:12K # 0K, PF:60K # 0K, P:60K)
[11] 0.000017 +J(CM:0, PgRf:1, Rd:0/0, Dy:0/0, Lg:0/0) +M(C:0K, Fs:4, WS:16K # 0K, PF:0K # 0K, P:0K)
[12] 0.000036 +J(CM:0, PgRf:48, Rd:0/0, Dy:0/0, Lg:0/0) +M(C:0K, Fs:2, WS:8K # 0K, PF:0K # 0K, P:0K)
[13] 0.000001 +J(0)
[14] 0.0 +J(0)
[15] 0.000004 +J(CM:0, PgRf:1, Rd:0/0, Dy:0/0, Lg:0/0)."
"5/18/2026 3:24:17 PM","330","Information","NTDS ISAM","NTDS (748,D,50) NTDSA: The database [C:\Windows\NTDS\ntds.dit] format version is being held back to 8920 (0x22d8) due to application parameter setting of 0x22D8 (8920). Current default engine version: 9360 (0x2490)."
"5/18/2026 3:24:17 PM","105","Information","NTDS ISAM","NTDS (748,D,0) NTDSA: The database engine started a new instance (0). (Time=0 seconds) 
 
Additional Data:
  
 
Internal Timing Sequence: 
[1] 0.000586 +J(0) +M(C:0K, Fs:150, WS:576K # 0K, PF:3400K # 360K, P:3400K)
[2] 0.000611 +J(0) +M(C:16K, Fs:91, WS:352K # 308K, PF:316K # 316K, P:316K)
[3] 0.001573 +J(0) +M(C:0K, Fs:6, WS:20K # 20K, PF:64K # 64K, P:64K)
[4] 0.005623 -0.000161 (1) WT +J(0) +M(C:0K, Fs:126, WS:428K # 428K, PF:5200K # 5200K, P:5200K)
[5] 0.000330 +J(0) +M(C:0K, Fs:3, WS:12K # 12K, PF:8K # 8K, P:8K)
[6] 0.001818 +J(0) +M(C:0K, Fs:20, WS:80K # 80K, PF:12K # 12K, P:12K)
[7] 0.023592 -0.019205 (21) WT +J(0) +M(C:0K, Fs:2579, WS:10296K # 10296K, PF:10260K # 10260K, P:10260K)
[8] -
[9] -
[10] -
[11] -
[12] -
[13] 0.011084 -0.007288 (22) WT +J(CM:0, PgRf:0, Rd:0/0, Dy:0/0, Lg:616/1) +M(C:0K, Fs:9, WS:-10216K # 24K, PF:-10252K # 12K, P:-10252K)
[14] 0.000015 +J(0) +M(C:0K, Fs:1, WS:4K # 0K, PF:4K # 0K, P:4K)
[15] 0.000138 +J(0) +M(C:0K, Fs:205, WS:820K # 0K, PF:64K # 0K, P:64K)
[16] 0.000167 -0.000081 (1) WT +J(0) +M(C:0K, Fs:3, WS:4K # 0K, PF:0K # 0K, P:0K)."
"5/18/2026 3:24:17 PM","102","Information","NTDS ISAM","NTDS (748,P,98) NTDSA: The database engine (10.00.20348.0000) is starting a new instance (0)."
"5/18/2026 3:09:47 PM","1394","Information","Microsoft-Windows-ActiveDirectory_DomainService","All problems preventing updates to the Active Directory Domain Services database have been cleared. New updates to the Active Directory Domain Services database are succeeding. The Net Logon service has restarted."
"5/18/2026 3:09:17 PM","1000","Information","Microsoft-Windows-ActiveDirectory_DomainService","Microsoft Active Directory Domain Services startup complete"
"5/18/2026 3:09:17 PM","3041","Warning","Microsoft-Windows-ActiveDirectory_DomainService","The security of this directory server can be significantly enhanced by configuring the server to enforce  validation of Channel Binding Tokens received in LDAP bind requests sent over LDAPS connections. Even if  no clients are issuing LDAP bind requests over LDAPS, configuring the server to validate Channel Binding  Tokens will improve the security of this server. 
 
For more details and information on how to make this configuration change to the server, please see https://go.microsoft.com/fwlink/?linkid=2102405."
"5/18/2026 3:09:17 PM","2886","Warning","Microsoft-Windows-ActiveDirectory_DomainService","The security of this directory server can be significantly enhanced by configuring the server to reject SASL (Negotiate, Kerberos, NTLM, or Digest) LDAP binds that do not request signing (integrity verification) and LDAP simple binds that are performed on a clear text (non-SSL/TLS-encrypted) connection.  Even if no clients are using such binds, configuring the server to reject them will improve the security of this server. 
 
Some clients may currently be relying on unsigned SASL binds or LDAP simple binds over a non-SSL/TLS connection, and will stop working if this configuration change is made.  To assist in identifying these clients, if such binds occur this directory server will log a summary event once every 24 hours indicating how many such binds occurred.  You are encouraged to configure those clients to not use such binds.  Once no such events are observed for an extended period, it is recommended that you configure the server to reject such binds. 
 
For more details and information on how to make this configuration change to the server, please see http://go.microsoft.com/fwlink/?LinkID=87923. 
 
You can enable additional logging to log an event each time a client makes such a bind, including information on which client made the bind.  To do so, please raise the setting for the ""LDAP Interface Events"" event logging category to level 2 or higher."
"5/18/2026 3:09:07 PM","2405","Information","Microsoft-Windows-ActiveDirectory_DomainService","This Active Directory Domain Services server does not support the ""Privileged Access Management Feature"" optional feature."
"5/18/2026 3:09:07 PM","2405","Information","Microsoft-Windows-ActiveDirectory_DomainService","This Active Directory Domain Services server does not support the ""Recycle Bin Feature"" optional feature."
"5/18/2026 3:09:07 PM","2120","Information","Microsoft-Windows-ActiveDirectory_DomainService","This Active Directory Domain Services server does not support the Recycle Bin. Deleted objects may be undeleted, however, when an object is undeleted, some attributes of that object may be lost.  Additionally, attributes of other objects that refer to the object being undeleted may also be lost."
"5/18/2026 3:09:07 PM","2179","Information","Microsoft-Windows-ActiveDirectory_DomainService","The msDS-GenerationId attribute of the Domain Controller's computer object has been set to the following parameter: 
 
GenerationID attribute:
15222988849553689426"
"5/18/2026 3:09:07 PM","2208","Information","Microsoft-Windows-ActiveDirectory_DomainService","Active Directory Domain Services deleted DFSR databases to initialize SYSVOL replica during a non-authoritative restore. 
Active Directory detected that the virtual machine that hosts the domain controller was reverted to a previous state. Active Directory Domain Services needs to initialize a non-authoritative restore on the local SYSVOL replica. For DFSR, this is done by stopping the DFSR service, deleting DFSR databases, and re-starting the service. Upon restarting DFSR will rebuild the databases and start the initial sync."
"5/18/2026 3:09:07 PM","1109","Information","Microsoft-Windows-ActiveDirectory_DomainService","The invocationID attribute for this directory server has been changed. The highest update sequence number at the time the backup was created is as follows: 
 
InvocationID attribute (old value):
cac48e79-a114-4dbe-925d-fed34aa92124 
InvocationID attribute (new value):
47b247ee-2a93-40c7-82e1-9e30452cc58f 
Update sequence number:
69647 
 
The invocationID is changed when a directory server is restored from backup media, is configured to host a writeable application directory partition, has been resumed after a virtual machine snapshot has been applied, after a virtual machine import operation, or after a live migration operation. Virtualized domain controllers should not be restored using virtual machine snapshots. The supported method to restore or rollback the content of an Active Directory Domain Services database is to restore a system state backup made with an Active Directory Domain Services-aware backup application."
"5/18/2026 3:09:07 PM","2170","Warning","Microsoft-Windows-ActiveDirectory_DomainService","A Generation ID change has been detected. 
 
Generation ID cached in DS (old value):
5725228055428830413 
Generation ID currently in VM (new value):
15222988849553689426 
 
The Generation ID change occurs after the application of a virtual machine snapshot, after a virtual machine import operation or after a live migration operation. Active Directory Domain Services will create a new invocation ID to recover the domain controller. Virtualized domain controllers should not be restored using virtual machine snapshots. The supported method to restore or rollback the content of an Active Directory Domain Services database is to restore a system state backup made with an Active Directory Domain Services aware backup application."
"5/18/2026 3:09:07 PM","2172","Information","Microsoft-Windows-ActiveDirectory_DomainService","Read the msDS-GenerationId attribute of the Domain Controller's computer object. 
 
msDS-GenerationId attribute value:
5725228055428830413"
"5/18/2026 3:09:07 PM","2168","Information","Microsoft-Windows-ActiveDirectory_DomainService","The DC is running on a supported hypervisor. VM Generation ID is detected. 
 
Current value of VM Generation ID: 15222988849553689426"
"5/18/2026 3:09:07 PM","2406","Information","Microsoft-Windows-ActiveDirectory_DomainService","This Active Directory Domain Services server is disabling support for the ""Privileged Access Management Feature"" optional feature."
"5/18/2026 3:09:07 PM","2406","Information","Microsoft-Windows-ActiveDirectory_DomainService","This Active Directory Domain Services server is disabling support for the ""Recycle Bin Feature"" optional feature."
"5/18/2026 3:09:07 PM","2121","Information","Microsoft-Windows-ActiveDirectory_DomainService","This Active Directory Domain Services server is disabling the Recycle Bin. Deleted objects may not be undeleted at this time."
"5/18/2026 3:09:07 PM","3054","Warning","Microsoft-Windows-ActiveDirectory_DomainService","The directory has been configured to allow implicit owner privileges when initially setting or modifying the nTSecurityDescriptor attribute during LDAP add and modify operations. Warning events will be logged, but no requests will be blocked. 
 
This setting is not secure and should only be used as a temporary troubleshooting step. Please review the suggested mitigations in the link below. 
 
For more information, please see https://go.microsoft.com/fwlink/?linkid=2174032."
"5/18/2026 3:09:07 PM","3051","Warning","Microsoft-Windows-ActiveDirectory_DomainService","The directory has been configured to not enforce per-attribute authorization during LDAP add operations. Warning events will be logged, but no requests will be blocked. 
 
This setting is not secure and should only be used as a temporary troubleshooting step. Please review the suggested mitigations in the link below. 
 
For more information, please see https://go.microsoft.com/fwlink/?linkid=2174032."
"5/18/2026 7:38:36 AM","1004","Information","Microsoft-Windows-ActiveDirectory_DomainService","Active Directory Domain Services was shut down successfully."
"5/18/2026 7:38:35 AM","2179","Information","Microsoft-Windows-ActiveDirectory_DomainService","The msDS-GenerationId attribute of the Domain Controller's computer object has been set to the following parameter: 
 
GenerationID attribute:
5725228055428830413"
"5/18/2026 7:36:57 AM","1394","Information","Microsoft-Windows-ActiveDirectory_DomainService","All problems preventing updates to the Active Directory Domain Services database have been cleared. New updates to the Active Directory Domain Services database are succeeding. The Net Logon service has restarted."
"5/18/2026 7:36:27 AM","1000","Information","Microsoft-Windows-ActiveDirectory_DomainService","Microsoft Active Directory Domain Services startup complete"
"5/18/2026 7:36:27 AM","3041","Warning","Microsoft-Windows-ActiveDirectory_DomainService","The security of this directory server can be significantly enhanced by configuring the server to enforce  validation of Channel Binding Tokens received in LDAP bind requests sent over LDAPS connections. Even if  no clients are issuing LDAP bind requests over LDAPS, configuring the server to validate Channel Binding  Tokens will improve the security of this server. 
 
For more details and information on how to make this configuration change to the server, please see https://go.microsoft.com/fwlink/?linkid=2102405."
"5/18/2026 7:36:27 AM","2886","Warning","Microsoft-Windows-ActiveDirectory_DomainService","The security of this directory server can be significantly enhanced by configuring the server to reject SASL (Negotiate, Kerberos, NTLM, or Digest) LDAP binds that do not request signing (integrity verification) and LDAP simple binds that are performed on a clear text (non-SSL/TLS-encrypted) connection.  Even if no clients are using such binds, configuring the server to reject them will improve the security of this server. 
 
Some clients may currently be relying on unsigned SASL binds or LDAP simple binds over a non-SSL/TLS connection, and will stop working if this configuration change is made.  To assist in identifying these clients, if such binds occur this directory server will log a summary event once every 24 hours indicating how many such binds occurred.  You are encouraged to configure those clients to not use such binds.  Once no such events are observed for an extended period, it is recommended that you configure the server to reject such binds. 
 
For more details and information on how to make this configuration change to the server, please see http://go.microsoft.com/fwlink/?LinkID=87923. 
 
You can enable additional logging to log an event each time a client makes such a bind, including information on which client made the bind.  To do so, please raise the setting for the ""LDAP Interface Events"" event logging category to level 2 or higher."
"5/18/2026 7:36:17 AM","2405","Information","Microsoft-Windows-ActiveDirectory_DomainService","This Active Directory Domain Services server does not support the ""Privileged Access Management Feature"" optional feature."
"5/18/2026 7:36:17 AM","2405","Information","Microsoft-Windows-ActiveDirectory_DomainService","This Active Directory Domain Services server does not support the ""Recycle Bin Feature"" optional feature."
"5/18/2026 7:36:17 AM","2120","Information","Microsoft-Windows-ActiveDirectory_DomainService","This Active Directory Domain Services server does not support the Recycle Bin. Deleted objects may be undeleted, however, when an object is undeleted, some attributes of that object may be lost.  Additionally, attributes of other objects that refer to the object being undeleted may also be lost."
"5/18/2026 7:36:17 AM","2208","Information","Microsoft-Windows-ActiveDirectory_DomainService","Active Directory Domain Services deleted DFSR databases to initialize SYSVOL replica during a non-authoritative restore. 
Active Directory detected that the virtual machine that hosts the domain controller was reverted to a previous state. Active Directory Domain Services needs to initialize a non-authoritative restore on the local SYSVOL replica. For DFSR, this is done by stopping the DFSR service, deleting DFSR databases, and re-starting the service. Upon restarting DFSR will rebuild the databases and start the initial sync."
"5/18/2026 7:36:17 AM","2179","Information","Microsoft-Windows-ActiveDirectory_DomainService","The msDS-GenerationId attribute of the Domain Controller's computer object has been set to the following parameter: 
 
GenerationID attribute:
5725228055428830413"
"5/18/2026 7:36:17 AM","1109","Information","Microsoft-Windows-ActiveDirectory_DomainService","The invocationID attribute for this directory server has been changed. The highest update sequence number at the time the backup was created is as follows: 
 
InvocationID attribute (old value):
e7a75541-2ff7-4859-a894-77c09b775463 
InvocationID attribute (new value):
cac48e79-a114-4dbe-925d-fed34aa92124 
Update sequence number:
65550 
 
The invocationID is changed when a directory server is restored from backup media, is configured to host a writeable application directory partition, has been resumed after a virtual machine snapshot has been applied, after a virtual machine import operation, or after a live migration operation. Virtualized domain controllers should not be restored using virtual machine snapshots. The supported method to restore or rollback the content of an Active Directory Domain Services database is to restore a system state backup made with an Active Directory Domain Services-aware backup application."
"5/18/2026 7:36:17 AM","2170","Warning","Microsoft-Windows-ActiveDirectory_DomainService","A Generation ID change has been detected. 
 
Generation ID cached in DS (old value):
17625826534607556780 
Generation ID currently in VM (new value):
5725228055428830413 
 
The Generation ID change occurs after the application of a virtual machine snapshot, after a virtual machine import operation or after a live migration operation. Active Directory Domain Services will create a new invocation ID to recover the domain controller. Virtualized domain controllers should not be restored using virtual machine snapshots. The supported method to restore or rollback the content of an Active Directory Domain Services database is to restore a system state backup made with an Active Directory Domain Services aware backup application."
"5/18/2026 7:36:17 AM","2172","Information","Microsoft-Windows-ActiveDirectory_DomainService","Read the msDS-GenerationId attribute of the Domain Controller's computer object. 
 
msDS-GenerationId attribute value:
17625826534607556780"
"5/18/2026 7:36:17 AM","2168","Information","Microsoft-Windows-ActiveDirectory_DomainService","The DC is running on a supported hypervisor. VM Generation ID is detected. 
 
Current value of VM Generation ID: 5725228055428830413"
"5/18/2026 7:36:17 AM","2406","Information","Microsoft-Windows-ActiveDirectory_DomainService","This Active Directory Domain Services server is disabling support for the ""Privileged Access Management Feature"" optional feature."
"5/18/2026 7:36:17 AM","2406","Information","Microsoft-Windows-ActiveDirectory_DomainService","This Active Directory Domain Services server is disabling support for the ""Recycle Bin Feature"" optional feature."
"5/18/2026 7:36:17 AM","2121","Information","Microsoft-Windows-ActiveDirectory_DomainService","This Active Directory Domain Services server is disabling the Recycle Bin. Deleted objects may not be undeleted at this time."
"5/18/2026 7:36:17 AM","3054","Warning","Microsoft-Windows-ActiveDirectory_DomainService","The directory has been configured to allow implicit owner privileges when initially setting or modifying the nTSecurityDescriptor attribute during LDAP add and modify operations. Warning events will be logged, but no requests will be blocked. 
 
This setting is not secure and should only be used as a temporary troubleshooting step. Please review the suggested mitigations in the link below. 
 
For more information, please see https://go.microsoft.com/fwlink/?linkid=2174032."
"5/18/2026 7:36:17 AM","3051","Warning","Microsoft-Windows-ActiveDirectory_DomainService","The directory has been configured to not enforce per-attribute authorization during LDAP add operations. Warning events will be logged, but no requests will be blocked. 
 
This setting is not secure and should only be used as a temporary troubleshooting step. Please review the suggested mitigations in the link below. 
 
For more information, please see https://go.microsoft.com/fwlink/?linkid=2174032."
"5/17/2026 9:41:21 AM","1004","Information","Microsoft-Windows-ActiveDirectory_DomainService","Active Directory Domain Services was shut down successfully."
"5/17/2026 9:41:20 AM","2179","Information","Microsoft-Windows-ActiveDirectory_DomainService","The msDS-GenerationId attribute of the Domain Controller's computer object has been set to the following parameter: 
 
GenerationID attribute:
17625826534607556780"
"5/17/2026 9:36:55 AM","1394","Information","Microsoft-Windows-ActiveDirectory_DomainService","All problems preventing updates to the Active Directory Domain Services database have been cleared. New updates to the Active Directory Domain Services database are succeeding. The Net Logon service has restarted."
"5/17/2026 9:36:25 AM","1000","Information","Microsoft-Windows-ActiveDirectory_DomainService","Microsoft Active Directory Domain Services startup complete"
"5/17/2026 9:36:25 AM","3041","Warning","Microsoft-Windows-ActiveDirectory_DomainService","The security of this directory server can be significantly enhanced by configuring the server to enforce  validation of Channel Binding Tokens received in LDAP bind requests sent over LDAPS connections. Even if  no clients are issuing LDAP bind requests over LDAPS, configuring the server to validate Channel Binding  Tokens will improve the security of this server. 
 
For more details and information on how to make this configuration change to the server, please see https://go.microsoft.com/fwlink/?linkid=2102405."
"5/17/2026 9:36:25 AM","2886","Warning","Microsoft-Windows-ActiveDirectory_DomainService","The security of this directory server can be significantly enhanced by configuring the server to reject SASL (Negotiate, Kerberos, NTLM, or Digest) LDAP binds that do not request signing (integrity verification) and LDAP simple binds that are performed on a clear text (non-SSL/TLS-encrypted) connection.  Even if no clients are using such binds, configuring the server to reject them will improve the security of this server. 
 
Some clients may currently be relying on unsigned SASL binds or LDAP simple binds over a non-SSL/TLS connection, and will stop working if this configuration change is made.  To assist in identifying these clients, if such binds occur this directory server will log a summary event once every 24 hours indicating how many such binds occurred.  You are encouraged to configure those clients to not use such binds.  Once no such events are observed for an extended period, it is recommended that you configure the server to reject such binds. 
 
For more details and information on how to make this configuration change to the server, please see http://go.microsoft.com/fwlink/?LinkID=87923. 
 
You can enable additional logging to log an event each time a client makes such a bind, including information on which client made the bind.  To do so, please raise the setting for the ""LDAP Interface Events"" event logging category to level 2 or higher."
"5/17/2026 9:36:15 AM","2405","Information","Microsoft-Windows-ActiveDirectory_DomainService","This Active Directory Domain Services server does not support the ""Privileged Access Management Feature"" optional feature."
"5/17/2026 9:36:15 AM","2405","Information","Microsoft-Windows-ActiveDirectory_DomainService","This Active Directory Domain Services server does not support the ""Recycle Bin Feature"" optional feature."
"5/17/2026 9:36:15 AM","2120","Information","Microsoft-Windows-ActiveDirectory_DomainService","This Active Directory Domain Services server does not support the Recycle Bin. Deleted objects may be undeleted, however, when an object is undeleted, some attributes of that object may be lost.  Additionally, attributes of other objects that refer to the object being undeleted may also be lost."
"5/17/2026 9:36:15 AM","2208","Information","Microsoft-Windows-ActiveDirectory_DomainService","Active Directory Domain Services deleted DFSR databases to initialize SYSVOL replica during a non-authoritative restore. 
Active Directory detected that the virtual machine that hosts the domain controller was reverted to a previous state. Active Directory Domain Services needs to initialize a non-authoritative restore on the local SYSVOL replica. For DFSR, this is done by stopping the DFSR service, deleting DFSR databases, and re-starting the service. Upon restarting DFSR will rebuild the databases and start the initial sync."
"5/17/2026 9:36:15 AM","2179","Information","Microsoft-Windows-ActiveDirectory_DomainService","The msDS-GenerationId attribute of the Domain Controller's computer object has been set to the following parameter: 
 
GenerationID attribute:
17625826534607556780"
"5/17/2026 9:36:15 AM","1109","Information","Microsoft-Windows-ActiveDirectory_DomainService","The invocationID attribute for this directory server has been changed. The highest update sequence number at the time the backup was created is as follows: 
 
InvocationID attribute (old value):
763dd69e-0c28-4d29-a073-12ab21bb8149 
InvocationID attribute (new value):
e7a75541-2ff7-4859-a894-77c09b775463 
Update sequence number:
61453 
 
The invocationID is changed when a directory server is restored from backup media, is configured to host a writeable application directory partition, has been resumed after a virtual machine snapshot has been applied, after a virtual machine import operation, or after a live migration operation. Virtualized domain controllers should not be restored using virtual machine snapshots. The supported method to restore or rollback the content of an Active Directory Domain Services database is to restore a system state backup made with an Active Directory Domain Services-aware backup application."
"5/17/2026 9:36:15 AM","2170","Warning","Microsoft-Windows-ActiveDirectory_DomainService","A Generation ID change has been detected. 
 
Generation ID cached in DS (old value):
10443572934462739665 
Generation ID currently in VM (new value):
17625826534607556780 
 
The Generation ID change occurs after the application of a virtual machine snapshot, after a virtual machine import operation or after a live migration operation. Active Directory Domain Services will create a new invocation ID to recover the domain controller. Virtualized domain controllers should not be restored using virtual machine snapshots. The supported method to restore or rollback the content of an Active Directory Domain Services database is to restore a system state backup made with an Active Directory Domain Services aware backup application."
"5/17/2026 9:36:15 AM","2172","Information","Microsoft-Windows-ActiveDirectory_DomainService","Read the msDS-GenerationId attribute of the Domain Controller's computer object. 
 
msDS-GenerationId attribute value:
10443572934462739665"
"5/17/2026 9:36:15 AM","2168","Information","Microsoft-Windows-ActiveDirectory_DomainService","The DC is running on a supported hypervisor. VM Generation ID is detected. 
 
Current value of VM Generation ID: 17625826534607556780"
"5/17/2026 9:36:15 AM","2406","Information","Microsoft-Windows-ActiveDirectory_DomainService","This Active Directory Domain Services server is disabling support for the ""Privileged Access Management Feature"" optional feature."
"5/17/2026 9:36:15 AM","2406","Information","Microsoft-Windows-ActiveDirectory_DomainService","This Active Directory Domain Services server is disabling support for the ""Recycle Bin Feature"" optional feature."
"5/17/2026 9:36:15 AM","2121","Information","Microsoft-Windows-ActiveDirectory_DomainService","This Active Directory Domain Services server is disabling the Recycle Bin. Deleted objects may not be undeleted at this time."
"5/17/2026 9:36:15 AM","3054","Warning","Microsoft-Windows-ActiveDirectory_DomainService","The directory has been configured to allow implicit owner privileges when initially setting or modifying the nTSecurityDescriptor attribute during LDAP add and modify operations. Warning events will be logged, but no requests will be blocked. 
 
This setting is not secure and should only be used as a temporary troubleshooting step. Please review the suggested mitigations in the link below. 
 
For more information, please see https://go.microsoft.com/fwlink/?linkid=2174032."
"5/17/2026 9:36:15 AM","3051","Warning","Microsoft-Windows-ActiveDirectory_DomainService","The directory has been configured to not enforce per-attribute authorization during LDAP add operations. Warning events will be logged, but no requests will be blocked. 
 
This setting is not secure and should only be used as a temporary troubleshooting step. Please review the suggested mitigations in the link below. 
 
For more information, please see https://go.microsoft.com/fwlink/?linkid=2174032."
"5/17/2026 9:29:21 AM","1004","Information","Microsoft-Windows-ActiveDirectory_DomainService","Active Directory Domain Services was shut down successfully."
"5/17/2026 9:29:20 AM","2179","Information","Microsoft-Windows-ActiveDirectory_DomainService","The msDS-GenerationId attribute of the Domain Controller's computer object has been set to the following parameter: 
 
GenerationID attribute:
10443572934462739665"
"5/17/2026 9:24:24 AM","1394","Information","Microsoft-Windows-ActiveDirectory_DomainService","All problems preventing updates to the Active Directory Domain Services database have been cleared. New updates to the Active Directory Domain Services database are succeeding. The Net Logon service has restarted."
"5/17/2026 9:23:54 AM","1000","Information","Microsoft-Windows-ActiveDirectory_DomainService","Microsoft Active Directory Domain Services startup complete"
"5/17/2026 9:23:54 AM","3041","Warning","Microsoft-Windows-ActiveDirectory_DomainService","The security of this directory server can be significantly enhanced by configuring the server to enforce  validation of Channel Binding Tokens received in LDAP bind requests sent over LDAPS connections. Even if  no clients are issuing LDAP bind requests over LDAPS, configuring the server to validate Channel Binding  Tokens will improve the security of this server. 
 
For more details and information on how to make this configuration change to the server, please see https://go.microsoft.com/fwlink/?linkid=2102405."
"5/17/2026 9:23:54 AM","2886","Warning","Microsoft-Windows-ActiveDirectory_DomainService","The security of this directory server can be significantly enhanced by configuring the server to reject SASL (Negotiate, Kerberos, NTLM, or Digest) LDAP binds that do not request signing (integrity verification) and LDAP simple binds that are performed on a clear text (non-SSL/TLS-encrypted) connection.  Even if no clients are using such binds, configuring the server to reject them will improve the security of this server. 
 
Some clients may currently be relying on unsigned SASL binds or LDAP simple binds over a non-SSL/TLS connection, and will stop working if this configuration change is made.  To assist in identifying these clients, if such binds occur this directory server will log a summary event once every 24 hours indicating how many such binds occurred.  You are encouraged to configure those clients to not use such binds.  Once no such events are observed for an extended period, it is recommended that you configure the server to reject such binds. 
 
For more details and information on how to make this configuration change to the server, please see http://go.microsoft.com/fwlink/?LinkID=87923. 
 
You can enable additional logging to log an event each time a client makes such a bind, including information on which client made the bind.  To do so, please raise the setting for the ""LDAP Interface Events"" event logging category to level 2 or higher."
"5/17/2026 9:23:44 AM","2405","Information","Microsoft-Windows-ActiveDirectory_DomainService","This Active Directory Domain Services server does not support the ""Privileged Access Management Feature"" optional feature."
"5/17/2026 9:23:44 AM","2405","Information","Microsoft-Windows-ActiveDirectory_DomainService","This Active Directory Domain Services server does not support the ""Recycle Bin Feature"" optional feature."
"5/17/2026 9:23:44 AM","2120","Information","Microsoft-Windows-ActiveDirectory_DomainService","This Active Directory Domain Services server does not support the Recycle Bin. Deleted objects may be undeleted, however, when an object is undeleted, some attributes of that object may be lost.  Additionally, attributes of other objects that refer to the object being undeleted may also be lost."
"5/17/2026 9:23:44 AM","2172","Information","Microsoft-Windows-ActiveDirectory_DomainService","Read the msDS-GenerationId attribute of the Domain Controller's computer object. 
 
msDS-GenerationId attribute value:
10443572934462739665"
"5/17/2026 9:23:44 AM","2168","Information","Microsoft-Windows-ActiveDirectory_DomainService","The DC is running on a supported hypervisor. VM Generation ID is detected. 
 
Current value of VM Generation ID: 10443572934462739665"
"5/17/2026 9:23:44 AM","2406","Information","Microsoft-Windows-ActiveDirectory_DomainService","This Active Directory Domain Services server is disabling support for the ""Privileged Access Management Feature"" optional feature."
"5/17/2026 9:23:44 AM","2406","Information","Microsoft-Windows-ActiveDirectory_DomainService","This Active Directory Domain Services server is disabling support for the ""Recycle Bin Feature"" optional feature."
"5/17/2026 9:23:44 AM","2121","Information","Microsoft-Windows-ActiveDirectory_DomainService","This Active Directory Domain Services server is disabling the Recycle Bin. Deleted objects may not be undeleted at this time."
"5/17/2026 9:23:44 AM","3054","Warning","Microsoft-Windows-ActiveDirectory_DomainService","The directory has been configured to allow implicit owner privileges when initially setting or modifying the nTSecurityDescriptor attribute during LDAP add and modify operations. Warning events will be logged, but no requests will be blocked. 
 
This setting is not secure and should only be used as a temporary troubleshooting step. Please review the suggested mitigations in the link below. 
 
For more information, please see https://go.microsoft.com/fwlink/?linkid=2174032."
"5/17/2026 9:23:44 AM","3051","Warning","Microsoft-Windows-ActiveDirectory_DomainService","The directory has been configured to not enforce per-attribute authorization during LDAP add operations. Warning events will be logged, but no requests will be blocked. 
 
This setting is not secure and should only be used as a temporary troubleshooting step. Please review the suggested mitigations in the link below. 
 
For more information, please see https://go.microsoft.com/fwlink/?linkid=2174032."
"5/17/2026 9:23:27 AM","1004","Information","Microsoft-Windows-ActiveDirectory_DomainService","Active Directory Domain Services was shut down successfully."
"5/17/2026 9:23:26 AM","2179","Information","Microsoft-Windows-ActiveDirectory_DomainService","The msDS-GenerationId attribute of the Domain Controller's computer object has been set to the following parameter: 
 
GenerationID attribute:
10443572934462739665"
"5/17/2026 9:15:45 AM","1394","Information","Microsoft-Windows-ActiveDirectory_DomainService","All problems preventing updates to the Active Directory Domain Services database have been cleared. New updates to the Active Directory Domain Services database are succeeding. The Net Logon service has restarted."
"5/17/2026 9:15:15 AM","1000","Information","Microsoft-Windows-ActiveDirectory_DomainService","Microsoft Active Directory Domain Services startup complete"
"5/17/2026 9:15:15 AM","3041","Warning","Microsoft-Windows-ActiveDirectory_DomainService","The security of this directory server can be significantly enhanced by configuring the server to enforce  validation of Channel Binding Tokens received in LDAP bind requests sent over LDAPS connections. Even if  no clients are issuing LDAP bind requests over LDAPS, configuring the server to validate Channel Binding  Tokens will improve the security of this server. 
 
For more details and information on how to make this configuration change to the server, please see https://go.microsoft.com/fwlink/?linkid=2102405."
"5/17/2026 9:15:15 AM","2886","Warning","Microsoft-Windows-ActiveDirectory_DomainService","The security of this directory server can be significantly enhanced by configuring the server to reject SASL (Negotiate, Kerberos, NTLM, or Digest) LDAP binds that do not request signing (integrity verification) and LDAP simple binds that are performed on a clear text (non-SSL/TLS-encrypted) connection.  Even if no clients are using such binds, configuring the server to reject them will improve the security of this server. 
 
Some clients may currently be relying on unsigned SASL binds or LDAP simple binds over a non-SSL/TLS connection, and will stop working if this configuration change is made.  To assist in identifying these clients, if such binds occur this directory server will log a summary event once every 24 hours indicating how many such binds occurred.  You are encouraged to configure those clients to not use such binds.  Once no such events are observed for an extended period, it is recommended that you configure the server to reject such binds. 
 
For more details and information on how to make this configuration change to the server, please see http://go.microsoft.com/fwlink/?LinkID=87923. 
 
You can enable additional logging to log an event each time a client makes such a bind, including information on which client made the bind.  To do so, please raise the setting for the ""LDAP Interface Events"" event logging category to level 2 or higher."
"5/17/2026 9:15:05 AM","2405","Information","Microsoft-Windows-ActiveDirectory_DomainService","This Active Directory Domain Services server does not support the ""Privileged Access Management Feature"" optional feature."
"5/17/2026 9:15:05 AM","2405","Information","Microsoft-Windows-ActiveDirectory_DomainService","This Active Directory Domain Services server does not support the ""Recycle Bin Feature"" optional feature."
"5/17/2026 9:15:05 AM","2120","Information","Microsoft-Windows-ActiveDirectory_DomainService","This Active Directory Domain Services server does not support the Recycle Bin. Deleted objects may be undeleted, however, when an object is undeleted, some attributes of that object may be lost.  Additionally, attributes of other objects that refer to the object being undeleted may also be lost."
"5/17/2026 9:15:05 AM","2172","Information","Microsoft-Windows-ActiveDirectory_DomainService","Read the msDS-GenerationId attribute of the Domain Controller's computer object. 
 
msDS-GenerationId attribute value:
10443572934462739665"
"5/17/2026 9:15:05 AM","2168","Information","Microsoft-Windows-ActiveDirectory_DomainService","The DC is running on a supported hypervisor. VM Generation ID is detected. 
 
Current value of VM Generation ID: 10443572934462739665"
"5/17/2026 9:15:05 AM","2406","Information","Microsoft-Windows-ActiveDirectory_DomainService","This Active Directory Domain Services server is disabling support for the ""Privileged Access Management Feature"" optional feature."
"5/17/2026 9:15:05 AM","2406","Information","Microsoft-Windows-ActiveDirectory_DomainService","This Active Directory Domain Services server is disabling support for the ""Recycle Bin Feature"" optional feature."
"5/17/2026 9:15:05 AM","2121","Information","Microsoft-Windows-ActiveDirectory_DomainService","This Active Directory Domain Services server is disabling the Recycle Bin. Deleted objects may not be undeleted at this time."
"5/17/2026 9:15:04 AM","3054","Warning","Microsoft-Windows-ActiveDirectory_DomainService","The directory has been configured to allow implicit owner privileges when initially setting or modifying the nTSecurityDescriptor attribute during LDAP add and modify operations. Warning events will be logged, but no requests will be blocked. 
 
This setting is not secure and should only be used as a temporary troubleshooting step. Please review the suggested mitigations in the link below. 
 
For more information, please see https://go.microsoft.com/fwlink/?linkid=2174032."
"5/17/2026 9:15:04 AM","3051","Warning","Microsoft-Windows-ActiveDirectory_DomainService","The directory has been configured to not enforce per-attribute authorization during LDAP add operations. Warning events will be logged, but no requests will be blocked. 
 
This setting is not secure and should only be used as a temporary troubleshooting step. Please review the suggested mitigations in the link below. 
 
For more information, please see https://go.microsoft.com/fwlink/?linkid=2174032."
"5/17/2026 9:14:22 AM","1004","Information","Microsoft-Windows-ActiveDirectory_DomainService","Active Directory Domain Services was shut down successfully."
"5/17/2026 9:14:21 AM","2179","Information","Microsoft-Windows-ActiveDirectory_DomainService","The msDS-GenerationId attribute of the Domain Controller's computer object has been set to the following parameter: 
 
GenerationID attribute:
10443572934462739665"
"5/17/2026 9:01:14 AM","1394","Information","Microsoft-Windows-ActiveDirectory_DomainService","All problems preventing updates to the Active Directory Domain Services database have been cleared. New updates to the Active Directory Domain Services database are succeeding. The Net Logon service has restarted."
"5/17/2026 9:00:44 AM","1000","Information","Microsoft-Windows-ActiveDirectory_DomainService","Microsoft Active Directory Domain Services startup complete"
"5/17/2026 9:00:44 AM","3041","Warning","Microsoft-Windows-ActiveDirectory_DomainService","The security of this directory server can be significantly enhanced by configuring the server to enforce  validation of Channel Binding Tokens received in LDAP bind requests sent over LDAPS connections. Even if  no clients are issuing LDAP bind requests over LDAPS, configuring the server to validate Channel Binding  Tokens will improve the security of this server. 
 
For more details and information on how to make this configuration change to the server, please see https://go.microsoft.com/fwlink/?linkid=2102405."
"5/17/2026 9:00:44 AM","2886","Warning","Microsoft-Windows-ActiveDirectory_DomainService","The security of this directory server can be significantly enhanced by configuring the server to reject SASL (Negotiate, Kerberos, NTLM, or Digest) LDAP binds that do not request signing (integrity verification) and LDAP simple binds that are performed on a clear text (non-SSL/TLS-encrypted) connection.  Even if no clients are using such binds, configuring the server to reject them will improve the security of this server. 
 
Some clients may currently be relying on unsigned SASL binds or LDAP simple binds over a non-SSL/TLS connection, and will stop working if this configuration change is made.  To assist in identifying these clients, if such binds occur this directory server will log a summary event once every 24 hours indicating how many such binds occurred.  You are encouraged to configure those clients to not use such binds.  Once no such events are observed for an extended period, it is recommended that you configure the server to reject such binds. 
 
For more details and information on how to make this configuration change to the server, please see http://go.microsoft.com/fwlink/?LinkID=87923. 
 
You can enable additional logging to log an event each time a client makes such a bind, including information on which client made the bind.  To do so, please raise the setting for the ""LDAP Interface Events"" event logging category to level 2 or higher."
"5/17/2026 9:00:34 AM","2405","Information","Microsoft-Windows-ActiveDirectory_DomainService","This Active Directory Domain Services server does not support the ""Privileged Access Management Feature"" optional feature."
"5/17/2026 9:00:34 AM","2405","Information","Microsoft-Windows-ActiveDirectory_DomainService","This Active Directory Domain Services server does not support the ""Recycle Bin Feature"" optional feature."
"5/17/2026 9:00:34 AM","2120","Information","Microsoft-Windows-ActiveDirectory_DomainService","This Active Directory Domain Services server does not support the Recycle Bin. Deleted objects may be undeleted, however, when an object is undeleted, some attributes of that object may be lost.  Additionally, attributes of other objects that refer to the object being undeleted may also be lost."
"5/17/2026 9:00:34 AM","2208","Information","Microsoft-Windows-ActiveDirectory_DomainService","Active Directory Domain Services deleted DFSR databases to initialize SYSVOL replica during a non-authoritative restore. 
Active Directory detected that the virtual machine that hosts the domain controller was reverted to a previous state. Active Directory Domain Services needs to initialize a non-authoritative restore on the local SYSVOL replica. For DFSR, this is done by stopping the DFSR service, deleting DFSR databases, and re-starting the service. Upon restarting DFSR will rebuild the databases and start the initial sync."
"5/17/2026 9:00:34 AM","2179","Information","Microsoft-Windows-ActiveDirectory_DomainService","The msDS-GenerationId attribute of the Domain Controller's computer object has been set to the following parameter: 
 
GenerationID attribute:
10443572934462739665"
"5/17/2026 9:00:34 AM","1109","Information","Microsoft-Windows-ActiveDirectory_DomainService","The invocationID attribute for this directory server has been changed. The highest update sequence number at the time the backup was created is as follows: 
 
InvocationID attribute (old value):
aa1b9b8d-f646-42aa-84dc-bbbd833bcde7 
InvocationID attribute (new value):
763dd69e-0c28-4d29-a073-12ab21bb8149 
Update sequence number:
49162 
 
The invocationID is changed when a directory server is restored from backup media, is configured to host a writeable application directory partition, has been resumed after a virtual machine snapshot has been applied, after a virtual machine import operation, or after a live migration operation. Virtualized domain controllers should not be restored using virtual machine snapshots. The supported method to restore or rollback the content of an Active Directory Domain Services database is to restore a system state backup made with an Active Directory Domain Services-aware backup application."
"5/17/2026 9:00:34 AM","2170","Warning","Microsoft-Windows-ActiveDirectory_DomainService","A Generation ID change has been detected. 
 
Generation ID cached in DS (old value):
7590016471179186184 
Generation ID currently in VM (new value):
10443572934462739665 
 
The Generation ID change occurs after the application of a virtual machine snapshot, after a virtual machine import operation or after a live migration operation. Active Directory Domain Services will create a new invocation ID to recover the domain controller. Virtualized domain controllers should not be restored using virtual machine snapshots. The supported method to restore or rollback the content of an Active Directory Domain Services database is to restore a system state backup made with an Active Directory Domain Services aware backup application."
"5/17/2026 9:00:34 AM","2172","Information","Microsoft-Windows-ActiveDirectory_DomainService","Read the msDS-GenerationId attribute of the Domain Controller's computer object. 
 
msDS-GenerationId attribute value:
7590016471179186184"
"5/17/2026 9:00:34 AM","2168","Information","Microsoft-Windows-ActiveDirectory_DomainService","The DC is running on a supported hypervisor. VM Generation ID is detected. 
 
Current value of VM Generation ID: 10443572934462739665"
"5/17/2026 9:00:34 AM","2406","Information","Microsoft-Windows-ActiveDirectory_DomainService","This Active Directory Domain Services server is disabling support for the ""Privileged Access Management Feature"" optional feature."
"5/17/2026 9:00:34 AM","2406","Information","Microsoft-Windows-ActiveDirectory_DomainService","This Active Directory Domain Services server is disabling support for the ""Recycle Bin Feature"" optional feature."
"5/17/2026 9:00:34 AM","2121","Information","Microsoft-Windows-ActiveDirectory_DomainService","This Active Directory Domain Services server is disabling the Recycle Bin. Deleted objects may not be undeleted at this time."
"5/17/2026 9:00:34 AM","3054","Warning","Microsoft-Windows-ActiveDirectory_DomainService","The directory has been configured to allow implicit owner privileges when initially setting or modifying the nTSecurityDescriptor attribute during LDAP add and modify operations. Warning events will be logged, but no requests will be blocked. 
 
This setting is not secure and should only be used as a temporary troubleshooting step. Please review the suggested mitigations in the link below. 
 
For more information, please see https://go.microsoft.com/fwlink/?linkid=2174032."
"5/17/2026 9:00:34 AM","3051","Warning","Microsoft-Windows-ActiveDirectory_DomainService","The directory has been configured to not enforce per-attribute authorization during LDAP add operations. Warning events will be logged, but no requests will be blocked. 
 
This setting is not secure and should only be used as a temporary troubleshooting step. Please review the suggested mitigations in the link below. 
 
For more information, please see https://go.microsoft.com/fwlink/?linkid=2174032."
"5/17/2026 8:31:20 AM","1004","Information","Microsoft-Windows-ActiveDirectory_DomainService","Active Directory Domain Services was shut down successfully."
"5/17/2026 8:31:18 AM","2179","Information","Microsoft-Windows-ActiveDirectory_DomainService","The msDS-GenerationId attribute of the Domain Controller's computer object has been set to the following parameter: 
 
GenerationID attribute:
7590016471179186184"
"5/17/2026 8:25:36 AM","1869","Information","Microsoft-Windows-ActiveDirectory_DomainService","Active Directory Domain Services has located a global catalog in the following site. 
 
Global catalog:
\\dc.scaffold.htb 
Site:
Default-First-Site-Name"
"5/17/2026 8:25:36 AM","3027","Information","Microsoft-Windows-ActiveDirectory_DomainService","Internal event: Online Defragment Start succeeded. 
 
Duration in seconds:3600 
"
"5/17/2026 8:25:36 AM","3033","Information","Microsoft-Windows-ActiveDirectory_DomainService","Internal event: Online Defragment Stop invoked but defrag was not running."
"5/17/2026 8:25:36 AM","701","Information","NTDS ISAM","NTDS (744,D,0) NTDSA: Online defragmentation has completed a full pass on database 'C:\Windows\NTDS\ntds.dit', freeing 1 pages. This pass started on 5/17/2026 and ran for a total of 0 seconds, requiring 1 invocations over 1 days. Since the database was created it has been fully defragmented 8 times."
"5/17/2026 8:25:36 AM","700","Information","NTDS ISAM","NTDS (744,D,0) NTDSA: Online defragmentation is beginning a full pass on database 'C:\Windows\NTDS\ntds.dit'."
"5/17/2026 8:25:36 AM","330","Information","NTDS ISAM","NTDS (744,D,2) NTDSA: The database [C:\Windows\NTDS\temp.edb] format version is being held back to 8920 (0x22d8) due to application parameter setting of 0x22D8 (8920). Current default engine version: 9360 (0x2490)."
"5/17/2026 8:25:36 AM","326","Information","NTDS ISAM","NTDS (744,D,50) NTDSA: The database engine attached a database (1, C:\Windows\NTDS\ntds.dit). (Time=0 seconds) 
 
Saved Cache: 0 0 
Additional Data: lgposAttach = 00000002:07A4:0268,
dbv = 1568.20.0 (8920) 
 
Internal Timing Sequence: 
[1] 0.000004 +J(0) +M(C:0K, Fs:1, WS:4K # 0K, PF:0K # 0K, P:0K)
[2] 0.000351 -0.000211 (1) WT +J(0) +M(C:0K, Fs:19, WS:12K # 0K, PF:8K # 0K, P:8K)
[3] 0.002228 -0.000746 (6) WT +J(CM:0, PgRf:0, Rd:0/0, Dy:0/0, Lg:3480/2) +M(C:0K, Fs:22, WS:76K # 0K, PF:148K # 0K, P:148K)
[4] 0.000066 +J(0)
[5] -
[6] -
[7] -
[8] 0.002076 -0.000289 (2) CM -0.000195 (2) WT +J(CM:2, PgRf:2, Rd:4/2, Dy:0/0, Lg:0/0) +M(C:32K, Fs:45, WS:172K # 0K, PF:236K # 0K, P:236K)
[9] 0.001027 -0.000807 (5) CM -0.000606 (5) WT +J(CM:5, PgRf:24, Rd:0/5, Dy:0/0, Lg:0/0) +M(C:-24K, Fs:31, WS:100K # 0K, PF:176K # 0K, P:176K)
[10] 0.000745 -0.000494 (3) CM -0.000306 (3) WT +J(CM:3, PgRf:40, Rd:0/3, Dy:0/0, Lg:0/0) +M(C:-4K, Fs:5, WS:12K # 0K, PF:60K # 0K, P:60K)
[11] 0.000013 +J(CM:0, PgRf:1, Rd:0/0, Dy:0/0, Lg:0/0) +M(C:0K, Fs:4, WS:16K # 0K, PF:0K # 0K, P:0K)
[12] 0.000027 +J(CM:0, PgRf:48, Rd:0/0, Dy:0/0, Lg:0/0) +M(C:0K, Fs:2, WS:8K # 0K, PF:0K # 0K, P:0K)
[13] 0.0 +J(0)
[14] 0.0 +J(0)
[15] 0.000002 +J(CM:0, PgRf:1, Rd:0/0, Dy:0/0, Lg:0/0)."
"5/17/2026 8:25:36 AM","330","Information","NTDS ISAM","NTDS (744,D,50) NTDSA: The database [C:\Windows\NTDS\ntds.dit] format version is being held back to 8920 (0x22d8) due to application parameter setting of 0x22D8 (8920). Current default engine version: 9360 (0x2490)."
"5/17/2026 8:25:36 AM","105","Information","NTDS ISAM","NTDS (744,D,0) NTDSA: The database engine started a new instance (0). (Time=0 seconds) 
 
Additional Data:
  
 
Internal Timing Sequence: 
[1] 0.000611 +J(0) +M(C:0K, Fs:143, WS:544K # 0K, PF:3364K # 356K, P:3364K)
[2] 0.000640 +J(0) +M(C:16K, Fs:92, WS:356K # 312K, PF:320K # 320K, P:320K)
[3] 0.000416 +J(0) +M(C:0K, Fs:5, WS:20K # 20K, PF:64K # 64K, P:64K)
[4] 0.005658 -0.000296 (1) WT +J(0) +M(C:0K, Fs:125, WS:428K # 428K, PF:5200K # 5200K, P:5200K)
[5] 0.000392 +J(0) +M(C:0K, Fs:2, WS:8K # 8K, PF:4K # 4K, P:4K)
[6] 0.001792 +J(0) +M(C:0K, Fs:21, WS:80K # 80K, PF:16K # 16K, P:16K)
[7] 0.019551 -0.014809 (21) WT +J(0) +M(C:0K, Fs:2579, WS:10296K # 10296K, PF:10260K # 10260K, P:10260K)
[8] -
[9] -
[10] -
[11] -
[12] -
[13] 0.012636 -0.007326 (22) WT +J(CM:0, PgRf:0, Rd:0/0, Dy:0/0, Lg:616/1) +M(C:0K, Fs:8, WS:-10216K # 24K, PF:-10256K # 12K, P:-10256K)
[14] 0.000023 +J(0)
[15] 0.000186 +J(0) +M(C:0K, Fs:206, WS:820K # 0K, PF:68K # 0K, P:68K)
[16] 0.000277 -0.000132 (1) WT +J(0) +M(C:0K, Fs:3, WS:4K # 0K, PF:0K # 0K, P:0K)."
"5/17/2026 8:25:36 AM","102","Information","NTDS ISAM","NTDS (744,P,98) NTDSA: The database engine (10.00.20348.0000) is starting a new instance (0)."
"5/17/2026 8:11:06 AM","1394","Information","Microsoft-Windows-ActiveDirectory_DomainService","All problems preventing updates to the Active Directory Domain Services database have been cleared. New updates to the Active Directory Domain Services database are succeeding. The Net Logon service has restarted."
"5/17/2026 8:10:36 AM","1000","Information","Microsoft-Windows-ActiveDirectory_DomainService","Microsoft Active Directory Domain Services startup complete"
"5/17/2026 8:10:36 AM","3041","Warning","Microsoft-Windows-ActiveDirectory_DomainService","The security of this directory server can be significantly enhanced by configuring the server to enforce  validation of Channel Binding Tokens received in LDAP bind requests sent over LDAPS connections. Even if  no clients are issuing LDAP bind requests over LDAPS, configuring the server to validate Channel Binding  Tokens will improve the security of this server. 
 
For more details and information on how to make this configuration change to the server, please see https://go.microsoft.com/fwlink/?linkid=2102405."
"5/17/2026 8:10:36 AM","2886","Warning","Microsoft-Windows-ActiveDirectory_DomainService","The security of this directory server can be significantly enhanced by configuring the server to reject SASL (Negotiate, Kerberos, NTLM, or Digest) LDAP binds that do not request signing (integrity verification) and LDAP simple binds that are performed on a clear text (non-SSL/TLS-encrypted) connection.  Even if no clients are using such binds, configuring the server to reject them will improve the security of this server. 
 
Some clients may currently be relying on unsigned SASL binds or LDAP simple binds over a non-SSL/TLS connection, and will stop working if this configuration change is made.  To assist in identifying these clients, if such binds occur this directory server will log a summary event once every 24 hours indicating how many such binds occurred.  You are encouraged to configure those clients to not use such binds.  Once no such events are observed for an extended period, it is recommended that you configure the server to reject such binds. 
 
For more details and information on how to make this configuration change to the server, please see http://go.microsoft.com/fwlink/?LinkID=87923. 
 
You can enable additional logging to log an event each time a client makes such a bind, including information on which client made the bind.  To do so, please raise the setting for the ""LDAP Interface Events"" event logging category to level 2 or higher."
"5/17/2026 8:10:26 AM","2405","Information","Microsoft-Windows-ActiveDirectory_DomainService","This Active Directory Domain Services server does not support the ""Privileged Access Management Feature"" optional feature."
"5/17/2026 8:10:26 AM","2405","Information","Microsoft-Windows-ActiveDirectory_DomainService","This Active Directory Domain Services server does not support the ""Recycle Bin Feature"" optional feature."
"5/17/2026 8:10:26 AM","2120","Information","Microsoft-Windows-ActiveDirectory_DomainService","This Active Directory Domain Services server does not support the Recycle Bin. Deleted objects may be undeleted, however, when an object is undeleted, some attributes of that object may be lost.  Additionally, attributes of other objects that refer to the object being undeleted may also be lost."
"5/17/2026 8:10:26 AM","2172","Information","Microsoft-Windows-ActiveDirectory_DomainService","Read the msDS-GenerationId attribute of the Domain Controller's computer object. 
 
msDS-GenerationId attribute value:
7590016471179186184"
"5/17/2026 8:10:26 AM","2168","Information","Microsoft-Windows-ActiveDirectory_DomainService","The DC is running on a supported hypervisor. VM Generation ID is detected. 
 
Current value of VM Generation ID: 7590016471179186184"
"5/17/2026 8:10:26 AM","2406","Information","Microsoft-Windows-ActiveDirectory_DomainService","This Active Directory Domain Services server is disabling support for the ""Privileged Access Management Feature"" optional feature."
"5/17/2026 8:10:26 AM","2406","Information","Microsoft-Windows-ActiveDirectory_DomainService","This Active Directory Domain Services server is disabling support for the ""Recycle Bin Feature"" optional feature."
"5/17/2026 8:10:26 AM","2121","Information","Microsoft-Windows-ActiveDirectory_DomainService","This Active Directory Domain Services server is disabling the Recycle Bin. Deleted objects may not be undeleted at this time."
"5/17/2026 8:10:26 AM","3054","Warning","Microsoft-Windows-ActiveDirectory_DomainService","The directory has been configured to allow implicit owner privileges when initially setting or modifying the nTSecurityDescriptor attribute during LDAP add and modify operations. Warning events will be logged, but no requests will be blocked. 
 
This setting is not secure and should only be used as a temporary troubleshooting step. Please review the suggested mitigations in the link below. 
 
For more information, please see https://go.microsoft.com/fwlink/?linkid=2174032."
"5/17/2026 8:10:26 AM","3051","Warning","Microsoft-Windows-ActiveDirectory_DomainService","The directory has been configured to not enforce per-attribute authorization during LDAP add operations. Warning events will be logged, but no requests will be blocked. 
 
This setting is not secure and should only be used as a temporary troubleshooting step. Please review the suggested mitigations in the link below. 
 
For more information, please see https://go.microsoft.com/fwlink/?linkid=2174032."
"5/17/2026 8:09:17 AM","1004","Information","Microsoft-Windows-ActiveDirectory_DomainService","Active Directory Domain Services was shut down successfully."
"5/17/2026 8:09:16 AM","2179","Information","Microsoft-Windows-ActiveDirectory_DomainService","The msDS-GenerationId attribute of the Domain Controller's computer object has been set to the following parameter: 
 
GenerationID attribute:
7590016471179186184"
"5/17/2026 7:46:04 AM","1869","Information","Microsoft-Windows-ActiveDirectory_DomainService","Active Directory Domain Services has located a global catalog in the following site. 
 
Global catalog:
\\dc.scaffold.htb 
Site:
Default-First-Site-Name"
"5/17/2026 7:46:04 AM","3027","Information","Microsoft-Windows-ActiveDirectory_DomainService","Internal event: Online Defragment Start succeeded. 
 
Duration in seconds:3600 
"
"5/17/2026 7:46:04 AM","3033","Information","Microsoft-Windows-ActiveDirectory_DomainService","Internal event: Online Defragment Stop invoked but defrag was not running."
"5/17/2026 7:46:04 AM","701","Information","NTDS ISAM","NTDS (724,D,0) NTDSA: Online defragmentation has completed a full pass on database 'C:\Windows\NTDS\ntds.dit', freeing 0 pages. This pass started on 5/17/2026 and ran for a total of 0 seconds, requiring 1 invocations over 1 days. Since the database was created it has been fully defragmented 7 times."
"5/17/2026 7:46:04 AM","700","Information","NTDS ISAM","NTDS (724,D,0) NTDSA: Online defragmentation is beginning a full pass on database 'C:\Windows\NTDS\ntds.dit'."
"5/17/2026 7:46:04 AM","330","Information","NTDS ISAM","NTDS (724,D,2) NTDSA: The database [C:\Windows\NTDS\temp.edb] format version is being held back to 8920 (0x22d8) due to application parameter setting of 0x22D8 (8920). Current default engine version: 9360 (0x2490)."
"5/17/2026 7:46:04 AM","326","Information","NTDS ISAM","NTDS (724,D,50) NTDSA: The database engine attached a database (1, C:\Windows\NTDS\ntds.dit). (Time=0 seconds) 
 
Saved Cache: 0 0 
Additional Data: lgposAttach = 00000002:078C:0268,
dbv = 1568.20.0 (8920) 
 
Internal Timing Sequence: 
[1] 0.000002 +J(0) +M(C:0K, Fs:1, WS:4K # 0K, PF:0K # 0K, P:0K)
[2] 0.000205 -0.000101 (1) WT +J(0) +M(C:0K, Fs:20, WS:12K # 0K, PF:8K # 0K, P:8K)
[3] 0.002791 -0.001322 (6) WT +J(CM:0, PgRf:0, Rd:0/0, Dy:0/0, Lg:3480/2) +M(C:0K, Fs:22, WS:72K # 0K, PF:148K # 0K, P:148K)
[4] 0.000074 +J(0)
[5] -
[6] -
[7] -
[8] 0.001857 -0.000231 (2) CM -0.000128 (2) WT +J(CM:2, PgRf:2, Rd:6/2, Dy:0/0, Lg:0/0) +M(C:32K, Fs:49, WS:188K # 0K, PF:236K # 0K, P:236K)
[9] 0.001691 -0.001441 (7) CM -0.001193 (7) WT +J(CM:7, PgRf:24, Rd:0/7, Dy:0/0, Lg:0/0) +M(C:-8K, Fs:30, WS:104K # 0K, PF:196K # 0K, P:196K)
[10] 0.000551 -0.000369 (3) CM -0.000243 (3) WT +J(CM:3, PgRf:40, Rd:0/3, Dy:0/0, Lg:0/0) +M(C:-4K, Fs:5, WS:12K # 0K, PF:60K # 0K, P:60K)
[11] 0.000008 +J(CM:0, PgRf:1, Rd:0/0, Dy:0/0, Lg:0/0) +M(C:0K, Fs:4, WS:16K # 0K, PF:0K # 0K, P:0K)
[12] 0.000019 +J(CM:0, PgRf:48, Rd:0/0, Dy:0/0, Lg:0/0) +M(C:0K, Fs:2, WS:8K # 0K, PF:0K # 0K, P:0K)
[13] 0.0 +J(0)
[14] 0.0 +J(0)
[15] 0.000001 +J(CM:0, PgRf:1, Rd:0/0, Dy:0/0, Lg:0/0)."
"5/17/2026 7:46:04 AM","330","Information","NTDS ISAM","NTDS (724,D,50) NTDSA: The database [C:\Windows\NTDS\ntds.dit] format version is being held back to 8920 (0x22d8) due to application parameter setting of 0x22D8 (8920). Current default engine version: 9360 (0x2490)."
"5/17/2026 7:46:04 AM","105","Information","NTDS ISAM","NTDS (724,D,0) NTDSA: The database engine started a new instance (0). (Time=0 seconds) 
 
Additional Data:
  
 
Internal Timing Sequence: 
[1] 0.000801 +J(0) +M(C:0K, Fs:152, WS:580K # 0K, PF:3400K # 356K, P:3400K)
[2] 0.000579 +J(0) +M(C:16K, Fs:88, WS:348K # 304K, PF:304K # 304K, P:304K)
[3] 0.000381 +J(0) +M(C:0K, Fs:5, WS:20K # 20K, PF:64K # 64K, P:64K)
[4] 0.006087 -0.000119 (1) WT +J(0) +M(C:0K, Fs:129, WS:440K # 440K, PF:5220K # 5220K, P:5220K)
[5] 0.000458 +J(0) +M(C:0K, Fs:1, WS:4K # 4K, PF:0K # 0K, P:0K)
[6] 0.002401 +J(0) +M(C:0K, Fs:20, WS:80K # 80K, PF:12K # 12K, P:12K)
[7] 0.021254 -0.015653 (21) WT +J(0) +M(C:0K, Fs:2580, WS:10296K # 10296K, PF:10260K # 10260K, P:10260K)
[8] -
[9] -
[10] -
[11] -
[12] -
[13] 0.009838 -0.005391 (22) WT +J(CM:0, PgRf:0, Rd:0/0, Dy:0/0, Lg:616/1) +M(C:0K, Fs:9, WS:-10216K # 24K, PF:-10256K # 12K, P:-10256K)
[14] 0.000013 +J(0)
[15] 0.000139 +J(0) +M(C:0K, Fs:205, WS:820K # 0K, PF:64K # 0K, P:64K)
[16] 0.000240 -0.000110 (1) WT +J(0) +M(C:0K, Fs:3, WS:4K # 0K, PF:0K # 0K, P:0K)."
"5/17/2026 7:46:04 AM","102","Information","NTDS ISAM","NTDS (724,P,98) NTDSA: The database engine (10.00.20348.0000) is starting a new instance (0)."
"5/17/2026 7:31:34 AM","1394","Information","Microsoft-Windows-ActiveDirectory_DomainService","All problems preventing updates to the Active Directory Domain Services database have been cleared. New updates to the Active Directory Domain Services database are succeeding. The Net Logon service has restarted."
"5/17/2026 7:31:04 AM","1000","Information","Microsoft-Windows-ActiveDirectory_DomainService","Microsoft Active Directory Domain Services startup complete"
"5/17/2026 7:31:04 AM","3041","Warning","Microsoft-Windows-ActiveDirectory_DomainService","The security of this directory server can be significantly enhanced by configuring the server to enforce  validation of Channel Binding Tokens received in LDAP bind requests sent over LDAPS connections. Even if  no clients are issuing LDAP bind requests over LDAPS, configuring the server to validate Channel Binding  Tokens will improve the security of this server. 
 
For more details and information on how to make this configuration change to the server, please see https://go.microsoft.com/fwlink/?linkid=2102405."
"5/17/2026 7:31:04 AM","2886","Warning","Microsoft-Windows-ActiveDirectory_DomainService","The security of this directory server can be significantly enhanced by configuring the server to reject SASL (Negotiate, Kerberos, NTLM, or Digest) LDAP binds that do not request signing (integrity verification) and LDAP simple binds that are performed on a clear text (non-SSL/TLS-encrypted) connection.  Even if no clients are using such binds, configuring the server to reject them will improve the security of this server. 
 
Some clients may currently be relying on unsigned SASL binds or LDAP simple binds over a non-SSL/TLS connection, and will stop working if this configuration change is made.  To assist in identifying these clients, if such binds occur this directory server will log a summary event once every 24 hours indicating how many such binds occurred.  You are encouraged to configure those clients to not use such binds.  Once no such events are observed for an extended period, it is recommended that you configure the server to reject such binds. 
 
For more details and information on how to make this configuration change to the server, please see http://go.microsoft.com/fwlink/?LinkID=87923. 
 
You can enable additional logging to log an event each time a client makes such a bind, including information on which client made the bind.  To do so, please raise the setting for the ""LDAP Interface Events"" event logging category to level 2 or higher."
"5/17/2026 7:30:54 AM","2405","Information","Microsoft-Windows-ActiveDirectory_DomainService","This Active Directory Domain Services server does not support the ""Privileged Access Management Feature"" optional feature."
"5/17/2026 7:30:54 AM","2405","Information","Microsoft-Windows-ActiveDirectory_DomainService","This Active Directory Domain Services server does not support the ""Recycle Bin Feature"" optional feature."
"5/17/2026 7:30:54 AM","2120","Information","Microsoft-Windows-ActiveDirectory_DomainService","This Active Directory Domain Services server does not support the Recycle Bin. Deleted objects may be undeleted, however, when an object is undeleted, some attributes of that object may be lost.  Additionally, attributes of other objects that refer to the object being undeleted may also be lost."
"5/17/2026 7:30:54 AM","2172","Information","Microsoft-Windows-ActiveDirectory_DomainService","Read the msDS-GenerationId attribute of the Domain Controller's computer object. 
 
msDS-GenerationId attribute value:
7590016471179186184"
"5/17/2026 7:30:54 AM","2168","Information","Microsoft-Windows-ActiveDirectory_DomainService","The DC is running on a supported hypervisor. VM Generation ID is detected. 
 
Current value of VM Generation ID: 7590016471179186184"
"5/17/2026 7:30:54 AM","2406","Information","Microsoft-Windows-ActiveDirectory_DomainService","This Active Directory Domain Services server is disabling support for the ""Privileged Access Management Feature"" optional feature."
"5/17/2026 7:30:54 AM","2406","Information","Microsoft-Windows-ActiveDirectory_DomainService","This Active Directory Domain Services server is disabling support for the ""Recycle Bin Feature"" optional feature."
"5/17/2026 7:30:54 AM","2121","Information","Microsoft-Windows-ActiveDirectory_DomainService","This Active Directory Domain Services server is disabling the Recycle Bin. Deleted objects may not be undeleted at this time."
"5/17/2026 7:30:54 AM","3054","Warning","Microsoft-Windows-ActiveDirectory_DomainService","The directory has been configured to allow implicit owner privileges when initially setting or modifying the nTSecurityDescriptor attribute during LDAP add and modify operations. Warning events will be logged, but no requests will be blocked. 
 
This setting is not secure and should only be used as a temporary troubleshooting step. Please review the suggested mitigations in the link below. 
 
For more information, please see https://go.microsoft.com/fwlink/?linkid=2174032."
"5/17/2026 7:30:54 AM","3051","Warning","Microsoft-Windows-ActiveDirectory_DomainService","The directory has been configured to not enforce per-attribute authorization during LDAP add operations. Warning events will be logged, but no requests will be blocked. 
 
This setting is not secure and should only be used as a temporary troubleshooting step. Please review the suggested mitigations in the link below. 
 
For more information, please see https://go.microsoft.com/fwlink/?linkid=2174032."
"5/17/2026 7:29:30 AM","1004","Information","Microsoft-Windows-ActiveDirectory_DomainService","Active Directory Domain Services was shut down successfully."
"5/17/2026 7:29:28 AM","2179","Information","Microsoft-Windows-ActiveDirectory_DomainService","The msDS-GenerationId attribute of the Domain Controller's computer object has been set to the following parameter: 
 
GenerationID attribute:
7590016471179186184"
"5/17/2026 7:07:22 AM","1869","Information","Microsoft-Windows-ActiveDirectory_DomainService","Active Directory Domain Services has located a global catalog in the following site. 
 
Global catalog:
\\dc.scaffold.htb 
Site:
Default-First-Site-Name"
"5/17/2026 7:07:22 AM","3027","Information","Microsoft-Windows-ActiveDirectory_DomainService","Internal event: Online Defragment Start succeeded. 
 
Duration in seconds:3600 
"
"5/17/2026 7:07:22 AM","3033","Information","Microsoft-Windows-ActiveDirectory_DomainService","Internal event: Online Defragment Stop invoked but defrag was not running."
"5/17/2026 6:52:52 AM","1394","Information","Microsoft-Windows-ActiveDirectory_DomainService","All problems preventing updates to the Active Directory Domain Services database have been cleared. New updates to the Active Directory Domain Services database are succeeding. The Net Logon service has restarted."
"5/17/2026 6:52:22 AM","1000","Information","Microsoft-Windows-ActiveDirectory_DomainService","Microsoft Active Directory Domain Services startup complete"
"5/17/2026 6:52:22 AM","3041","Warning","Microsoft-Windows-ActiveDirectory_DomainService","The security of this directory server can be significantly enhanced by configuring the server to enforce  validation of Channel Binding Tokens received in LDAP bind requests sent over LDAPS connections. Even if  no clients are issuing LDAP bind requests over LDAPS, configuring the server to validate Channel Binding  Tokens will improve the security of this server. 
 
For more details and information on how to make this configuration change to the server, please see https://go.microsoft.com/fwlink/?linkid=2102405."
"5/17/2026 6:52:22 AM","2886","Warning","Microsoft-Windows-ActiveDirectory_DomainService","The security of this directory server can be significantly enhanced by configuring the server to reject SASL (Negotiate, Kerberos, NTLM, or Digest) LDAP binds that do not request signing (integrity verification) and LDAP simple binds that are performed on a clear text (non-SSL/TLS-encrypted) connection.  Even if no clients are using such binds, configuring the server to reject them will improve the security of this server. 
 
Some clients may currently be relying on unsigned SASL binds or LDAP simple binds over a non-SSL/TLS connection, and will stop working if this configuration change is made.  To assist in identifying these clients, if such binds occur this directory server will log a summary event once every 24 hours indicating how many such binds occurred.  You are encouraged to configure those clients to not use such binds.  Once no such events are observed for an extended period, it is recommended that you configure the server to reject such binds. 
 
For more details and information on how to make this configuration change to the server, please see http://go.microsoft.com/fwlink/?LinkID=87923. 
 
You can enable additional logging to log an event each time a client makes such a bind, including information on which client made the bind.  To do so, please raise the setting for the ""LDAP Interface Events"" event logging category to level 2 or higher."
"5/17/2026 6:52:12 AM","2405","Information","Microsoft-Windows-ActiveDirectory_DomainService","This Active Directory Domain Services server does not support the ""Privileged Access Management Feature"" optional feature."
"5/17/2026 6:52:12 AM","2405","Information","Microsoft-Windows-ActiveDirectory_DomainService","This Active Directory Domain Services server does not support the ""Recycle Bin Feature"" optional feature."
"5/17/2026 6:52:12 AM","2120","Information","Microsoft-Windows-ActiveDirectory_DomainService","This Active Directory Domain Services server does not support the Recycle Bin. Deleted objects may be undeleted, however, when an object is undeleted, some attributes of that object may be lost.  Additionally, attributes of other objects that refer to the object being undeleted may also be lost."
"5/17/2026 6:52:12 AM","2208","Information","Microsoft-Windows-ActiveDirectory_DomainService","Active Directory Domain Services deleted DFSR databases to initialize SYSVOL replica during a non-authoritative restore. 
Active Directory detected that the virtual machine that hosts the domain controller was reverted to a previous state. Active Directory Domain Services needs to initialize a non-authoritative restore on the local SYSVOL replica. For DFSR, this is done by stopping the DFSR service, deleting DFSR databases, and re-starting the service. Upon restarting DFSR will rebuild the databases and start the initial sync."
"5/17/2026 6:52:12 AM","2179","Information","Microsoft-Windows-ActiveDirectory_DomainService","The msDS-GenerationId attribute of the Domain Controller's computer object has been set to the following parameter: 
 
GenerationID attribute:
7590016471179186184"
"5/17/2026 6:52:12 AM","1109","Information","Microsoft-Windows-ActiveDirectory_DomainService","The invocationID attribute for this directory server has been changed. The highest update sequence number at the time the backup was created is as follows: 
 
InvocationID attribute (old value):
1e5b1de9-2cb0-43c4-9851-58e561598121 
InvocationID attribute (new value):
aa1b9b8d-f646-42aa-84dc-bbbd833bcde7 
Update sequence number:
36871 
 
The invocationID is changed when a directory server is restored from backup media, is configured to host a writeable application directory partition, has been resumed after a virtual machine snapshot has been applied, after a virtual machine import operation, or after a live migration operation. Virtualized domain controllers should not be restored using virtual machine snapshots. The supported method to restore or rollback the content of an Active Directory Domain Services database is to restore a system state backup made with an Active Directory Domain Services-aware backup application."
"5/17/2026 6:52:12 AM","2170","Warning","Microsoft-Windows-ActiveDirectory_DomainService","A Generation ID change has been detected. 
 
Generation ID cached in DS (old value):
2991723996884354776 
Generation ID currently in VM (new value):
7590016471179186184 
 
The Generation ID change occurs after the application of a virtual machine snapshot, after a virtual machine import operation or after a live migration operation. Active Directory Domain Services will create a new invocation ID to recover the domain controller. Virtualized domain controllers should not be restored using virtual machine snapshots. The supported method to restore or rollback the content of an Active Directory Domain Services database is to restore a system state backup made with an Active Directory Domain Services aware backup application."
"5/17/2026 6:52:12 AM","2172","Information","Microsoft-Windows-ActiveDirectory_DomainService","Read the msDS-GenerationId attribute of the Domain Controller's computer object. 
 
msDS-GenerationId attribute value:
2991723996884354776"
"5/17/2026 6:52:12 AM","2168","Information","Microsoft-Windows-ActiveDirectory_DomainService","The DC is running on a supported hypervisor. VM Generation ID is detected. 
 
Current value of VM Generation ID: 7590016471179186184"
"5/17/2026 6:52:12 AM","2406","Information","Microsoft-Windows-ActiveDirectory_DomainService","This Active Directory Domain Services server is disabling support for the ""Privileged Access Management Feature"" optional feature."
"5/17/2026 6:52:12 AM","2406","Information","Microsoft-Windows-ActiveDirectory_DomainService","This Active Directory Domain Services server is disabling support for the ""Recycle Bin Feature"" optional feature."
"5/17/2026 6:52:12 AM","2121","Information","Microsoft-Windows-ActiveDirectory_DomainService","This Active Directory Domain Services server is disabling the Recycle Bin. Deleted objects may not be undeleted at this time."
"5/17/2026 6:52:12 AM","3054","Warning","Microsoft-Windows-ActiveDirectory_DomainService","The directory has been configured to allow implicit owner privileges when initially setting or modifying the nTSecurityDescriptor attribute during LDAP add and modify operations. Warning events will be logged, but no requests will be blocked. 
 
This setting is not secure and should only be used as a temporary troubleshooting step. Please review the suggested mitigations in the link below. 
 
For more information, please see https://go.microsoft.com/fwlink/?linkid=2174032."
"5/17/2026 6:52:12 AM","3051","Warning","Microsoft-Windows-ActiveDirectory_DomainService","The directory has been configured to not enforce per-attribute authorization during LDAP add operations. Warning events will be logged, but no requests will be blocked. 
 
This setting is not secure and should only be used as a temporary troubleshooting step. Please review the suggested mitigations in the link below. 
 
For more information, please see https://go.microsoft.com/fwlink/?linkid=2174032."
"5/15/2026 8:17:28 AM","1394","Information","Microsoft-Windows-ActiveDirectory_DomainService","All problems preventing updates to the Active Directory Domain Services database have been cleared. New updates to the Active Directory Domain Services database are succeeding. The Net Logon service has restarted."
"5/15/2026 8:16:58 AM","1000","Information","Microsoft-Windows-ActiveDirectory_DomainService","Microsoft Active Directory Domain Services startup complete"
"5/15/2026 8:16:58 AM","3041","Warning","Microsoft-Windows-ActiveDirectory_DomainService","The security of this directory server can be significantly enhanced by configuring the server to enforce  validation of Channel Binding Tokens received in LDAP bind requests sent over LDAPS connections. Even if  no clients are issuing LDAP bind requests over LDAPS, configuring the server to validate Channel Binding  Tokens will improve the security of this server. 
 
For more details and information on how to make this configuration change to the server, please see https://go.microsoft.com/fwlink/?linkid=2102405."
"5/15/2026 8:16:58 AM","2886","Warning","Microsoft-Windows-ActiveDirectory_DomainService","The security of this directory server can be significantly enhanced by configuring the server to reject SASL (Negotiate, Kerberos, NTLM, or Digest) LDAP binds that do not request signing (integrity verification) and LDAP simple binds that are performed on a clear text (non-SSL/TLS-encrypted) connection.  Even if no clients are using such binds, configuring the server to reject them will improve the security of this server. 
 
Some clients may currently be relying on unsigned SASL binds or LDAP simple binds over a non-SSL/TLS connection, and will stop working if this configuration change is made.  To assist in identifying these clients, if such binds occur this directory server will log a summary event once every 24 hours indicating how many such binds occurred.  You are encouraged to configure those clients to not use such binds.  Once no such events are observed for an extended period, it is recommended that you configure the server to reject such binds. 
 
For more details and information on how to make this configuration change to the server, please see http://go.microsoft.com/fwlink/?LinkID=87923. 
 
You can enable additional logging to log an event each time a client makes such a bind, including information on which client made the bind.  To do so, please raise the setting for the ""LDAP Interface Events"" event logging category to level 2 or higher."
"5/15/2026 8:16:48 AM","2405","Information","Microsoft-Windows-ActiveDirectory_DomainService","This Active Directory Domain Services server does not support the ""Privileged Access Management Feature"" optional feature."
"5/15/2026 8:16:48 AM","2405","Information","Microsoft-Windows-ActiveDirectory_DomainService","This Active Directory Domain Services server does not support the ""Recycle Bin Feature"" optional feature."
"5/15/2026 8:16:48 AM","2120","Information","Microsoft-Windows-ActiveDirectory_DomainService","This Active Directory Domain Services server does not support the Recycle Bin. Deleted objects may be undeleted, however, when an object is undeleted, some attributes of that object may be lost.  Additionally, attributes of other objects that refer to the object being undeleted may also be lost."
"5/15/2026 8:16:48 AM","2172","Information","Microsoft-Windows-ActiveDirectory_DomainService","Read the msDS-GenerationId attribute of the Domain Controller's computer object. 
 
msDS-GenerationId attribute value:
2991723996884354776"
"5/15/2026 8:16:48 AM","2168","Information","Microsoft-Windows-ActiveDirectory_DomainService","The DC is running on a supported hypervisor. VM Generation ID is detected. 
 
Current value of VM Generation ID: 2991723996884354776"
"5/15/2026 8:16:48 AM","2406","Information","Microsoft-Windows-ActiveDirectory_DomainService","This Active Directory Domain Services server is disabling support for the ""Privileged Access Management Feature"" optional feature."
"5/15/2026 8:16:48 AM","2406","Information","Microsoft-Windows-ActiveDirectory_DomainService","This Active Directory Domain Services server is disabling support for the ""Recycle Bin Feature"" optional feature."
"5/15/2026 8:16:48 AM","2121","Information","Microsoft-Windows-ActiveDirectory_DomainService","This Active Directory Domain Services server is disabling the Recycle Bin. Deleted objects may not be undeleted at this time."
"5/15/2026 8:16:48 AM","3054","Warning","Microsoft-Windows-ActiveDirectory_DomainService","The directory has been configured to allow implicit owner privileges when initially setting or modifying the nTSecurityDescriptor attribute during LDAP add and modify operations. Warning events will be logged, but no requests will be blocked. 
 
This setting is not secure and should only be used as a temporary troubleshooting step. Please review the suggested mitigations in the link below. 
 
For more information, please see https://go.microsoft.com/fwlink/?linkid=2174032."
"5/15/2026 8:16:48 AM","3051","Warning","Microsoft-Windows-ActiveDirectory_DomainService","The directory has been configured to not enforce per-attribute authorization during LDAP add operations. Warning events will be logged, but no requests will be blocked. 
 
This setting is not secure and should only be used as a temporary troubleshooting step. Please review the suggested mitigations in the link below. 
 
For more information, please see https://go.microsoft.com/fwlink/?linkid=2174032."
"5/15/2026 8:13:43 AM","1004","Information","Microsoft-Windows-ActiveDirectory_DomainService","Active Directory Domain Services was shut down successfully."
"5/15/2026 8:13:42 AM","2179","Information","Microsoft-Windows-ActiveDirectory_DomainService","The msDS-GenerationId attribute of the Domain Controller's computer object has been set to the following parameter: 
 
GenerationID attribute:
2991723996884354776"
"5/15/2026 8:10:31 AM","1869","Information","Microsoft-Windows-ActiveDirectory_DomainService","Active Directory Domain Services has located a global catalog in the following site. 
 
Global catalog:
\\dc.scaffold.htb 
Site:
Default-First-Site-Name"
"5/15/2026 8:10:31 AM","3027","Information","Microsoft-Windows-ActiveDirectory_DomainService","Internal event: Online Defragment Start succeeded. 
 
Duration in seconds:3600 
"
"5/15/2026 8:10:31 AM","3033","Information","Microsoft-Windows-ActiveDirectory_DomainService","Internal event: Online Defragment Stop invoked but defrag was not running."
"5/15/2026 8:10:32 AM","701","Information","NTDS ISAM","NTDS (724,D,0) NTDSA: Online defragmentation has completed a full pass on database 'C:\Windows\NTDS\ntds.dit', freeing 2 pages. This pass started on 5/15/2026 and ran for a total of 0 seconds, requiring 1 invocations over 1 days. Since the database was created it has been fully defragmented 6 times."
"5/15/2026 8:10:31 AM","700","Information","NTDS ISAM","NTDS (724,D,0) NTDSA: Online defragmentation is beginning a full pass on database 'C:\Windows\NTDS\ntds.dit'."
"5/15/2026 8:10:31 AM","330","Information","NTDS ISAM","NTDS (724,D,2) NTDSA: The database [C:\Windows\NTDS\temp.edb] format version is being held back to 8920 (0x22d8) due to application parameter setting of 0x22D8 (8920). Current default engine version: 9360 (0x2490)."
"5/15/2026 8:10:31 AM","326","Information","NTDS ISAM","NTDS (724,D,50) NTDSA: The database engine attached a database (1, C:\Windows\NTDS\ntds.dit). (Time=0 seconds) 
 
Saved Cache: 0 0 
Additional Data: lgposAttach = 00000002:0738:0268,
dbv = 1568.20.0 (8920) 
 
Internal Timing Sequence: 
[1] 0.000002 +J(0) +M(C:0K, Fs:1, WS:4K # 0K, PF:0K # 0K, P:0K)
[2] 0.000194 -0.000084 (1) WT +J(0) +M(C:0K, Fs:20, WS:12K # 0K, PF:12K # 0K, P:12K)
[3] 0.002712 -0.001424 (6) WT +J(CM:0, PgRf:0, Rd:0/0, Dy:0/0, Lg:3480/2) +M(C:0K, Fs:21, WS:72K # 0K, PF:144K # 0K, P:144K)
[4] 0.000068 +J(0)
[5] -
[6] -
[7] -
[8] 0.002477 -0.000253 (2) CM -0.000142 (2) WT +J(CM:2, PgRf:2, Rd:4/2, Dy:0/0, Lg:0/0) +M(C:16K, Fs:45, WS:172K # 0K, PF:220K # 0K, P:220K)
[9] 0.002519 -0.001988 (8) CM -0.001684 (8) WT +J(CM:8, PgRf:24, Rd:0/8, Dy:0/0, Lg:0/0) +M(C:-4K, Fs:30, WS:104K # 0K, PF:196K # 0K, P:196K)
[10] 0.000967 -0.000693 (4) CM -0.000495 (4) WT +J(CM:4, PgRf:40, Rd:0/4, Dy:0/0, Lg:0/0) +M(C:-4K, Fs:7, WS:16K # 0K, PF:64K # 0K, P:64K)
[11] 0.000276 -0.000110 (1) CM -0.000061 (1) WT +J(CM:1, PgRf:1, Rd:0/1, Dy:0/0, Lg:0/0) +M(C:0K, Fs:5, WS:16K # 0K, PF:0K # 0K, P:0K)
[12] 0.000031 +J(CM:0, PgRf:48, Rd:0/0, Dy:0/0, Lg:0/0) +M(C:0K, Fs:2, WS:8K # 0K, PF:0K # 0K, P:0K)
[13] 0.0 +J(0)
[14] 0.0 +J(0)
[15] 0.000003 +J(CM:0, PgRf:1, Rd:0/0, Dy:0/0, Lg:0/0)."
"5/15/2026 8:10:31 AM","330","Information","NTDS ISAM","NTDS (724,D,50) NTDSA: The database [C:\Windows\NTDS\ntds.dit] format version is being held back to 8920 (0x22d8) due to application parameter setting of 0x22D8 (8920). Current default engine version: 9360 (0x2490)."
"5/15/2026 8:10:31 AM","105","Information","NTDS ISAM","NTDS (724,D,0) NTDSA: The database engine started a new instance (0). (Time=0 seconds) 
 
Additional Data:
  
 
Internal Timing Sequence: 
[1] 0.002163 +J(0) +M(C:0K, Fs:110, WS:412K # 0K, PF:3368K # 360K, P:3368K)
[2] 0.001513 +J(0) +M(C:16K, Fs:122, WS:480K # 304K, PF:304K # 304K, P:304K)
[3] 0.000507 +J(0) +M(C:0K, Fs:5, WS:20K # 20K, PF:64K # 64K, P:64K)
[4] 0.006585 -0.000098 (1) WT +J(0) +M(C:0K, Fs:129, WS:436K # 436K, PF:6028K # 6028K, P:6028K)
[5] 0.000439 +J(0) +M(C:0K, Fs:1, WS:4K # 4K, PF:0K # 0K, P:0K)
[6] 0.002328 +J(0) +M(C:0K, Fs:20, WS:80K # 80K, PF:12K # 12K, P:12K)
[7] 0.071870 -0.033942 (21) WT +J(0) +M(C:0K, Fs:2579, WS:10296K # 10296K, PF:10260K # 10260K, P:10260K)
[8] -
[9] -
[10] -
[11] -
[12] -
[13] 0.010449 -0.006163 (22) WT +J(CM:0, PgRf:0, Rd:0/0, Dy:0/0, Lg:616/1) +M(C:0K, Fs:9, WS:-10216K # 24K, PF:-10256K # 16K, P:-10256K)
[14] 0.000011 +J(0)
[15] 0.004787 +J(0) +M(C:0K, Fs:411, WS:1640K # 0K, PF:68K # 0K, P:68K)
[16] 0.000229 -0.000091 (1) WT +J(0) +M(C:0K, Fs:4, WS:4K # 0K, PF:0K # 0K, P:0K)."
"5/15/2026 8:10:31 AM","102","Information","NTDS ISAM","NTDS (724,P,98) NTDSA: The database engine (10.00.20348.0000) is starting a new instance (0)."
"5/15/2026 7:55:50 AM","1394","Information","Microsoft-Windows-ActiveDirectory_DomainService","All problems preventing updates to the Active Directory Domain Services database have been cleared. New updates to the Active Directory Domain Services database are succeeding. The Net Logon service has restarted."
"5/15/2026 7:55:20 AM","1000","Information","Microsoft-Windows-ActiveDirectory_DomainService","Microsoft Active Directory Domain Services startup complete"
"5/15/2026 7:55:20 AM","3041","Warning","Microsoft-Windows-ActiveDirectory_DomainService","The security of this directory server can be significantly enhanced by configuring the server to enforce  validation of Channel Binding Tokens received in LDAP bind requests sent over LDAPS connections. Even if  no clients are issuing LDAP bind requests over LDAPS, configuring the server to validate Channel Binding  Tokens will improve the security of this server. 
 
For more details and information on how to make this configuration change to the server, please see https://go.microsoft.com/fwlink/?linkid=2102405."
"5/15/2026 7:55:20 AM","2886","Warning","Microsoft-Windows-ActiveDirectory_DomainService","The security of this directory server can be significantly enhanced by configuring the server to reject SASL (Negotiate, Kerberos, NTLM, or Digest) LDAP binds that do not request signing (integrity verification) and LDAP simple binds that are performed on a clear text (non-SSL/TLS-encrypted) connection.  Even if no clients are using such binds, configuring the server to reject them will improve the security of this server. 
 
Some clients may currently be relying on unsigned SASL binds or LDAP simple binds over a non-SSL/TLS connection, and will stop working if this configuration change is made.  To assist in identifying these clients, if such binds occur this directory server will log a summary event once every 24 hours indicating how many such binds occurred.  You are encouraged to configure those clients to not use such binds.  Once no such events are observed for an extended period, it is recommended that you configure the server to reject such binds. 
 
For more details and information on how to make this configuration change to the server, please see http://go.microsoft.com/fwlink/?LinkID=87923. 
 
You can enable additional logging to log an event each time a client makes such a bind, including information on which client made the bind.  To do so, please raise the setting for the ""LDAP Interface Events"" event logging category to level 2 or higher."
"5/15/2026 7:55:10 AM","2405","Information","Microsoft-Windows-ActiveDirectory_DomainService","This Active Directory Domain Services server does not support the ""Privileged Access Management Feature"" optional feature."
"5/15/2026 7:55:10 AM","2405","Information","Microsoft-Windows-ActiveDirectory_DomainService","This Active Directory Domain Services server does not support the ""Recycle Bin Feature"" optional feature."
"5/15/2026 7:55:10 AM","2120","Information","Microsoft-Windows-ActiveDirectory_DomainService","This Active Directory Domain Services server does not support the Recycle Bin. Deleted objects may be undeleted, however, when an object is undeleted, some attributes of that object may be lost.  Additionally, attributes of other objects that refer to the object being undeleted may also be lost."
"5/15/2026 7:55:10 AM","2208","Information","Microsoft-Windows-ActiveDirectory_DomainService","Active Directory Domain Services deleted DFSR databases to initialize SYSVOL replica during a non-authoritative restore. 
Active Directory detected that the virtual machine that hosts the domain controller was reverted to a previous state. Active Directory Domain Services needs to initialize a non-authoritative restore on the local SYSVOL replica. For DFSR, this is done by stopping the DFSR service, deleting DFSR databases, and re-starting the service. Upon restarting DFSR will rebuild the databases and start the initial sync."
"5/15/2026 7:55:10 AM","2179","Information","Microsoft-Windows-ActiveDirectory_DomainService","The msDS-GenerationId attribute of the Domain Controller's computer object has been set to the following parameter: 
 
GenerationID attribute:
2991723996884354776"
"5/15/2026 7:55:10 AM","1109","Information","Microsoft-Windows-ActiveDirectory_DomainService","The invocationID attribute for this directory server has been changed. The highest update sequence number at the time the backup was created is as follows: 
 
InvocationID attribute (old value):
8d19e4df-5b30-43ff-9cc0-b6553b38f37b 
InvocationID attribute (new value):
1e5b1de9-2cb0-43c4-9851-58e561598121 
Update sequence number:
28677 
 
The invocationID is changed when a directory server is restored from backup media, is configured to host a writeable application directory partition, has been resumed after a virtual machine snapshot has been applied, after a virtual machine import operation, or after a live migration operation. Virtualized domain controllers should not be restored using virtual machine snapshots. The supported method to restore or rollback the content of an Active Directory Domain Services database is to restore a system state backup made with an Active Directory Domain Services-aware backup application."
"5/15/2026 7:55:10 AM","2170","Warning","Microsoft-Windows-ActiveDirectory_DomainService","A Generation ID change has been detected. 
 
Generation ID cached in DS (old value):
10993029920352642379 
Generation ID currently in VM (new value):
2991723996884354776 
 
The Generation ID change occurs after the application of a virtual machine snapshot, after a virtual machine import operation or after a live migration operation. Active Directory Domain Services will create a new invocation ID to recover the domain controller. Virtualized domain controllers should not be restored using virtual machine snapshots. The supported method to restore or rollback the content of an Active Directory Domain Services database is to restore a system state backup made with an Active Directory Domain Services aware backup application."
"5/15/2026 7:55:10 AM","2172","Information","Microsoft-Windows-ActiveDirectory_DomainService","Read the msDS-GenerationId attribute of the Domain Controller's computer object. 
 
msDS-GenerationId attribute value:
10993029920352642379"
"5/15/2026 7:55:10 AM","2168","Information","Microsoft-Windows-ActiveDirectory_DomainService","The DC is running on a supported hypervisor. VM Generation ID is detected. 
 
Current value of VM Generation ID: 2991723996884354776"
"5/15/2026 7:55:10 AM","2406","Information","Microsoft-Windows-ActiveDirectory_DomainService","This Active Directory Domain Services server is disabling support for the ""Privileged Access Management Feature"" optional feature."
"5/15/2026 7:55:10 AM","2406","Information","Microsoft-Windows-ActiveDirectory_DomainService","This Active Directory Domain Services server is disabling support for the ""Recycle Bin Feature"" optional feature."
"5/15/2026 7:55:10 AM","2121","Information","Microsoft-Windows-ActiveDirectory_DomainService","This Active Directory Domain Services server is disabling the Recycle Bin. Deleted objects may not be undeleted at this time."
"5/15/2026 7:55:10 AM","3054","Warning","Microsoft-Windows-ActiveDirectory_DomainService","The directory has been configured to allow implicit owner privileges when initially setting or modifying the nTSecurityDescriptor attribute during LDAP add and modify operations. Warning events will be logged, but no requests will be blocked. 
 
This setting is not secure and should only be used as a temporary troubleshooting step. Please review the suggested mitigations in the link below. 
 
For more information, please see https://go.microsoft.com/fwlink/?linkid=2174032."
"5/15/2026 7:55:10 AM","3051","Warning","Microsoft-Windows-ActiveDirectory_DomainService","The directory has been configured to not enforce per-attribute authorization during LDAP add operations. Warning events will be logged, but no requests will be blocked. 
 
This setting is not secure and should only be used as a temporary troubleshooting step. Please review the suggested mitigations in the link below. 
 
For more information, please see https://go.microsoft.com/fwlink/?linkid=2174032."
"5/14/2026 4:41:12 PM","1004","Information","Microsoft-Windows-ActiveDirectory_DomainService","Active Directory Domain Services was shut down successfully."
"5/14/2026 4:41:10 PM","2179","Information","Microsoft-Windows-ActiveDirectory_DomainService","The msDS-GenerationId attribute of the Domain Controller's computer object has been set to the following parameter: 
 
GenerationID attribute:
10993029920352642379"
"5/14/2026 12:07:17 PM","1869","Information","Microsoft-Windows-ActiveDirectory_DomainService","Active Directory Domain Services has located a global catalog in the following site. 
 
Global catalog:
\\dc.scaffold.htb 
Site:
Default-First-Site-Name"
"5/14/2026 12:07:17 PM","3027","Information","Microsoft-Windows-ActiveDirectory_DomainService","Internal event: Online Defragment Start succeeded. 
 
Duration in seconds:3600 
"
"5/14/2026 12:07:17 PM","3033","Information","Microsoft-Windows-ActiveDirectory_DomainService","Internal event: Online Defragment Stop invoked but defrag was not running."
"5/14/2026 12:07:17 PM","701","Information","NTDS ISAM","NTDS (768,D,0) NTDSA: Online defragmentation has completed a full pass on database 'C:\Windows\NTDS\ntds.dit', freeing 0 pages. This pass started on 5/14/2026 and ran for a total of 0 seconds, requiring 1 invocations over 1 days. Since the database was created it has been fully defragmented 5 times."
"5/14/2026 12:07:17 PM","700","Information","NTDS ISAM","NTDS (768,D,0) NTDSA: Online defragmentation is beginning a full pass on database 'C:\Windows\NTDS\ntds.dit'."
"5/14/2026 12:07:17 PM","330","Information","NTDS ISAM","NTDS (768,D,2) NTDSA: The database [C:\Windows\NTDS\temp.edb] format version is being held back to 8920 (0x22d8) due to application parameter setting of 0x22D8 (8920). Current default engine version: 9360 (0x2490)."
"5/14/2026 12:07:17 PM","326","Information","NTDS ISAM","NTDS (768,D,50) NTDSA: The database engine attached a database (1, C:\Windows\NTDS\ntds.dit). (Time=0 seconds) 
 
Saved Cache: 0 0 
Additional Data: lgposAttach = 00000002:070F:0268,
dbv = 1568.20.0 (8920) 
 
Internal Timing Sequence: 
[1] 0.000007 +J(0) +M(C:0K, Fs:1, WS:4K # 0K, PF:0K # 0K, P:0K)
[2] 0.000364 -0.000174 (1) WT +J(0) +M(C:0K, Fs:19, WS:12K # 0K, PF:8K # 0K, P:8K)
[3] 0.002987 -0.001096 (6) WT +J(CM:0, PgRf:0, Rd:0/0, Dy:0/0, Lg:3480/2) +M(C:0K, Fs:20, WS:64K # 0K, PF:140K # 0K, P:140K)
[4] 0.000096 +J(0)
[5] -
[6] -
[7] -
[8] 0.003065 -0.000378 (2) CM -0.000233 (2) WT +J(CM:2, PgRf:2, Rd:4/2, Dy:0/0, Lg:0/0) +M(C:16K, Fs:46, WS:176K # 0K, PF:224K # 0K, P:224K)
[9] 0.003866 -0.003246 (8) CM -0.002773 (8) WT +J(CM:8, PgRf:24, Rd:0/8, Dy:0/0, Lg:0/0) +M(C:-4K, Fs:31, WS:108K # 0K, PF:200K # 0K, P:200K)
[10] 0.001132 -0.000812 (4) CM -0.000620 (4) WT +J(CM:4, PgRf:40, Rd:0/4, Dy:0/0, Lg:0/0) +M(C:-4K, Fs:7, WS:16K # 0K, PF:64K # 0K, P:64K)
[11] 0.000162 -0.000103 (1) CM -0.000066 (1) WT +J(CM:1, PgRf:1, Rd:0/1, Dy:0/0, Lg:0/0) +M(C:0K, Fs:5, WS:16K # 0K, PF:0K # 0K, P:0K)
[12] 0.000030 +J(CM:0, PgRf:48, Rd:0/0, Dy:0/0, Lg:0/0) +M(C:0K, Fs:2, WS:8K # 0K, PF:0K # 0K, P:0K)
[13] 0.0 +J(0)
[14] 0.0 +J(0)
[15] 0.000002 +J(CM:0, PgRf:1, Rd:0/0, Dy:0/0, Lg:0/0)."
"5/14/2026 12:07:17 PM","330","Information","NTDS ISAM","NTDS (768,D,50) NTDSA: The database [C:\Windows\NTDS\ntds.dit] format version is being held back to 8920 (0x22d8) due to application parameter setting of 0x22D8 (8920). Current default engine version: 9360 (0x2490)."
"5/14/2026 12:07:17 PM","105","Information","NTDS ISAM","NTDS (768,D,0) NTDSA: The database engine started a new instance (0). (Time=0 seconds) 
 
Additional Data:
  
 
Internal Timing Sequence: 
[1] 0.005004 +J(0) +M(C:0K, Fs:144, WS:548K # 0K, PF:3368K # 360K, P:3368K)
[2] 0.001284 +J(0) +M(C:16K, Fs:93, WS:356K # 316K, PF:324K # 324K, P:324K)
[3] 0.000508 +J(0) +M(C:0K, Fs:5, WS:20K # 20K, PF:64K # 64K, P:64K)
[4] 0.012059 -0.000271 (1) WT +J(0) +M(C:0K, Fs:129, WS:440K # 440K, PF:6036K # 6036K, P:6036K)
[5] 0.000646 +J(0) +M(C:0K, Fs:2, WS:8K # 8K, PF:4K # 4K, P:4K)
[6] 0.002527 +J(0) +M(C:0K, Fs:22, WS:88K # 88K, PF:20K # 20K, P:20K)
[7] 0.083150 -0.022463 (21) WT +J(0) +M(C:0K, Fs:2579, WS:10296K # 10296K, PF:10260K # 10260K, P:10260K)
[8] -
[9] -
[10] -
[11] -
[12] -
[13] 0.018665 -0.012305 (22) WT +J(CM:0, PgRf:0, Rd:0/0, Dy:0/0, Lg:616/1) +M(C:0K, Fs:8, WS:-10216K # 24K, PF:-10256K # 12K, P:-10256K)
[14] 0.000011 +J(0)
[15] 0.007276 +J(0) +M(C:0K, Fs:410, WS:1640K # 0K, PF:64K # 0K, P:64K)
[16] 0.000741 -0.000311 (1) WT +J(0) +M(C:0K, Fs:3, WS:4K # 0K, PF:0K # 0K, P:0K)."
"5/14/2026 12:07:17 PM","102","Information","NTDS ISAM","NTDS (768,P,98) NTDSA: The database engine (10.00.20348.0000) is starting a new instance (0)."
"5/14/2026 11:52:47 AM","1394","Information","Microsoft-Windows-ActiveDirectory_DomainService","All problems preventing updates to the Active Directory Domain Services database have been cleared. New updates to the Active Directory Domain Services database are succeeding. The Net Logon service has restarted."
"5/14/2026 11:52:17 AM","1000","Information","Microsoft-Windows-ActiveDirectory_DomainService","Microsoft Active Directory Domain Services startup complete"
"5/14/2026 11:52:17 AM","3041","Warning","Microsoft-Windows-ActiveDirectory_DomainService","The security of this directory server can be significantly enhanced by configuring the server to enforce  validation of Channel Binding Tokens received in LDAP bind requests sent over LDAPS connections. Even if  no clients are issuing LDAP bind requests over LDAPS, configuring the server to validate Channel Binding  Tokens will improve the security of this server. 
 
For more details and information on how to make this configuration change to the server, please see https://go.microsoft.com/fwlink/?linkid=2102405."
"5/14/2026 11:52:17 AM","2886","Warning","Microsoft-Windows-ActiveDirectory_DomainService","The security of this directory server can be significantly enhanced by configuring the server to reject SASL (Negotiate, Kerberos, NTLM, or Digest) LDAP binds that do not request signing (integrity verification) and LDAP simple binds that are performed on a clear text (non-SSL/TLS-encrypted) connection.  Even if no clients are using such binds, configuring the server to reject them will improve the security of this server. 
 
Some clients may currently be relying on unsigned SASL binds or LDAP simple binds over a non-SSL/TLS connection, and will stop working if this configuration change is made.  To assist in identifying these clients, if such binds occur this directory server will log a summary event once every 24 hours indicating how many such binds occurred.  You are encouraged to configure those clients to not use such binds.  Once no such events are observed for an extended period, it is recommended that you configure the server to reject such binds. 
 
For more details and information on how to make this configuration change to the server, please see http://go.microsoft.com/fwlink/?LinkID=87923. 
 
You can enable additional logging to log an event each time a client makes such a bind, including information on which client made the bind.  To do so, please raise the setting for the ""LDAP Interface Events"" event logging category to level 2 or higher."
"5/14/2026 11:52:07 AM","2405","Information","Microsoft-Windows-ActiveDirectory_DomainService","This Active Directory Domain Services server does not support the ""Privileged Access Management Feature"" optional feature."
"5/14/2026 11:52:07 AM","2405","Information","Microsoft-Windows-ActiveDirectory_DomainService","This Active Directory Domain Services server does not support the ""Recycle Bin Feature"" optional feature."
"5/14/2026 11:52:07 AM","2120","Information","Microsoft-Windows-ActiveDirectory_DomainService","This Active Directory Domain Services server does not support the Recycle Bin. Deleted objects may be undeleted, however, when an object is undeleted, some attributes of that object may be lost.  Additionally, attributes of other objects that refer to the object being undeleted may also be lost."
"5/14/2026 11:52:07 AM","2172","Information","Microsoft-Windows-ActiveDirectory_DomainService","Read the msDS-GenerationId attribute of the Domain Controller's computer object. 
 
msDS-GenerationId attribute value:
10993029920352642379"
"5/14/2026 11:52:07 AM","2168","Information","Microsoft-Windows-ActiveDirectory_DomainService","The DC is running on a supported hypervisor. VM Generation ID is detected. 
 
Current value of VM Generation ID: 10993029920352642379"
"5/14/2026 11:52:07 AM","2406","Information","Microsoft-Windows-ActiveDirectory_DomainService","This Active Directory Domain Services server is disabling support for the ""Privileged Access Management Feature"" optional feature."
"5/14/2026 11:52:07 AM","2406","Information","Microsoft-Windows-ActiveDirectory_DomainService","This Active Directory Domain Services server is disabling support for the ""Recycle Bin Feature"" optional feature."
"5/14/2026 11:52:07 AM","2121","Information","Microsoft-Windows-ActiveDirectory_DomainService","This Active Directory Domain Services server is disabling the Recycle Bin. Deleted objects may not be undeleted at this time."
"5/14/2026 11:52:06 AM","3054","Warning","Microsoft-Windows-ActiveDirectory_DomainService","The directory has been configured to allow implicit owner privileges when initially setting or modifying the nTSecurityDescriptor attribute during LDAP add and modify operations. Warning events will be logged, but no requests will be blocked. 
 
This setting is not secure and should only be used as a temporary troubleshooting step. Please review the suggested mitigations in the link below. 
 
For more information, please see https://go.microsoft.com/fwlink/?linkid=2174032."
"5/14/2026 11:52:06 AM","3051","Warning","Microsoft-Windows-ActiveDirectory_DomainService","The directory has been configured to not enforce per-attribute authorization during LDAP add operations. Warning events will be logged, but no requests will be blocked. 
 
This setting is not secure and should only be used as a temporary troubleshooting step. Please review the suggested mitigations in the link below. 
 
For more information, please see https://go.microsoft.com/fwlink/?linkid=2174032."
"5/13/2026 5:52:04 PM","1004","Information","Microsoft-Windows-ActiveDirectory_DomainService","Active Directory Domain Services was shut down successfully."
"5/13/2026 5:52:02 PM","2179","Information","Microsoft-Windows-ActiveDirectory_DomainService","The msDS-GenerationId attribute of the Domain Controller's computer object has been set to the following parameter: 
 
GenerationID attribute:
10993029920352642379"
"5/13/2026 5:36:06 PM","1869","Information","Microsoft-Windows-ActiveDirectory_DomainService","Active Directory Domain Services has located a global catalog in the following site. 
 
Global catalog:
\\dc.scaffold.htb 
Site:
Default-First-Site-Name"
"5/13/2026 5:36:06 PM","3027","Information","Microsoft-Windows-ActiveDirectory_DomainService","Internal event: Online Defragment Start succeeded. 
 
Duration in seconds:3600 
"
"5/13/2026 5:36:06 PM","3033","Information","Microsoft-Windows-ActiveDirectory_DomainService","Internal event: Online Defragment Stop invoked but defrag was not running."
"5/13/2026 5:36:07 PM","701","Information","NTDS ISAM","NTDS (736,D,0) NTDSA: Online defragmentation has completed a full pass on database 'C:\Windows\NTDS\ntds.dit', freeing 0 pages. This pass started on 5/13/2026 and ran for a total of 0 seconds, requiring 1 invocations over 1 days. Since the database was created it has been fully defragmented 4 times."
"5/13/2026 5:36:06 PM","700","Information","NTDS ISAM","NTDS (736,D,0) NTDSA: Online defragmentation is beginning a full pass on database 'C:\Windows\NTDS\ntds.dit'."
"5/13/2026 5:36:06 PM","330","Information","NTDS ISAM","NTDS (736,D,2) NTDSA: The database [C:\Windows\NTDS\temp.edb] format version is being held back to 8920 (0x22d8) due to application parameter setting of 0x22D8 (8920). Current default engine version: 9360 (0x2490)."
"5/13/2026 5:36:06 PM","326","Information","NTDS ISAM","NTDS (736,D,50) NTDSA: The database engine attached a database (1, C:\Windows\NTDS\ntds.dit). (Time=0 seconds) 
 
Saved Cache: 0 0 
Additional Data: lgposAttach = 00000002:0704:0268,
dbv = 1568.20.0 (8920) 
 
Internal Timing Sequence: 
[1] 0.000020 +J(0) +M(C:0K, Fs:1, WS:4K # 0K, PF:0K # 0K, P:0K)
[2] 0.001498 -0.000830 (1) WT +J(0) +M(C:0K, Fs:19, WS:12K # 0K, PF:8K # 0K, P:8K)
[3] 0.010275 -0.004013 (6) WT +J(CM:0, PgRf:0, Rd:0/0, Dy:0/0, Lg:3480/2) +M(C:0K, Fs:22, WS:80K # 0K, PF:148K # 0K, P:148K)
[4] 0.000363 +J(0)
[5] -
[6] -
[7] -
[8] 0.010037 -0.001269 (2) CM -0.000795 (3) WT +J(CM:2, PgRf:2, Rd:4/2, Dy:0/0, Lg:0/0) +M(C:32K, Fs:45, WS:172K # 0K, PF:236K # 0K, P:236K)
[9] 0.007926 -0.006570 (5) CM -0.005365 (5) WT +J(CM:5, PgRf:24, Rd:0/5, Dy:0/0, Lg:0/0) +M(C:-20K, Fs:32, WS:104K # 0K, PF:180K # 0K, P:180K)
[10] 0.000753 -0.000590 (3) CM -0.000388 (3) WT +J(CM:3, PgRf:40, Rd:0/3, Dy:0/0, Lg:0/0) +M(C:-8K, Fs:5, WS:8K # 0K, PF:56K # 0K, P:56K)
[11] 0.000185 -0.000150 (1) CM -0.000085 (1) WT +J(CM:1, PgRf:1, Rd:0/1, Dy:0/0, Lg:0/0) +M(C:0K, Fs:5, WS:16K # 0K, PF:0K # 0K, P:0K)
[12] 0.000368 -0.000230 (1) CM -0.000178 (1) WT +J(CM:1, PgRf:48, Rd:0/1, Dy:0/0, Lg:0/0) +M(C:0K, Fs:3, WS:8K # 0K, PF:0K # 0K, P:0K)
[13] 0.000003 +J(0)
[14] 0.0 +J(0)
[15] 0.000327 -0.000289 (1) CM -0.000201 (1) WT +J(CM:1, PgRf:1, Rd:0/1, Dy:0/0, Lg:0/0) +M(C:0K, Fs:1, WS:0K # 0K, PF:0K # 0K, P:0K)."
"5/13/2026 5:36:06 PM","330","Information","NTDS ISAM","NTDS (736,D,50) NTDSA: The database [C:\Windows\NTDS\ntds.dit] format version is being held back to 8920 (0x22d8) due to application parameter setting of 0x22D8 (8920). Current default engine version: 9360 (0x2490)."
"5/13/2026 5:36:06 PM","105","Information","NTDS ISAM","NTDS (736,D,0) NTDSA: The database engine started a new instance (0). (Time=0 seconds) 
 
Additional Data:
  
 
Internal Timing Sequence: 
[1] 0.001084 +J(0) +M(C:0K, Fs:143, WS:548K # 0K, PF:3372K # 364K, P:3372K)
[2] 0.001153 +J(0) +M(C:16K, Fs:88, WS:344K # 304K, PF:300K # 300K, P:300K)
[3] 0.000832 +J(0) +M(C:0K, Fs:5, WS:20K # 20K, PF:64K # 64K, P:64K)
[4] 0.013893 -0.000248 (1) WT +J(0) +M(C:0K, Fs:128, WS:432K # 432K, PF:6032K # 6032K, P:6032K)
[5] 0.000944 +J(0) +M(C:0K, Fs:3, WS:12K # 12K, PF:8K # 8K, P:8K)
[6] 0.005224 +J(0) +M(C:0K, Fs:21, WS:80K # 80K, PF:12K # 12K, P:12K)
[7] 0.044104 -0.031258 (21) WT +J(0) +M(C:0K, Fs:2579, WS:10296K # 10296K, PF:10260K # 10260K, P:10260K)
[8] -
[9] -
[10] -
[11] -
[12] -
[13] 0.047956 -0.028127 (22) WT +J(CM:0, PgRf:0, Rd:0/0, Dy:0/0, Lg:616/1) +M(C:0K, Fs:8, WS:-10216K # 24K, PF:-10256K # 12K, P:-10256K)
[14] 0.000081 +J(0) +M(C:0K, Fs:2, WS:8K # 0K, PF:8K # 0K, P:8K)
[15] 0.001335 +J(0) +M(C:0K, Fs:411, WS:1640K # 0K, PF:68K # 0K, P:68K)
[16] 0.002534 -0.000716 (1) WT +J(0) +M(C:0K, Fs:3, WS:4K # 0K, PF:0K # 0K, P:0K)."
"5/13/2026 5:36:06 PM","102","Information","NTDS ISAM","NTDS (736,P,98) NTDSA: The database engine (10.00.20348.0000) is starting a new instance (0)."
"5/13/2026 4:18:27 PM","1394","Information","Microsoft-Windows-ActiveDirectory_DomainService","All problems preventing updates to the Active Directory Domain Services database have been cleared. New updates to the Active Directory Domain Services database are succeeding. The Net Logon service has restarted."
"5/13/2026 4:17:57 PM","1000","Information","Microsoft-Windows-ActiveDirectory_DomainService","Microsoft Active Directory Domain Services startup complete"
"5/13/2026 4:17:57 PM","3041","Warning","Microsoft-Windows-ActiveDirectory_DomainService","The security of this directory server can be significantly enhanced by configuring the server to enforce  validation of Channel Binding Tokens received in LDAP bind requests sent over LDAPS connections. Even if  no clients are issuing LDAP bind requests over LDAPS, configuring the server to validate Channel Binding  Tokens will improve the security of this server. 
 
For more details and information on how to make this configuration change to the server, please see https://go.microsoft.com/fwlink/?linkid=2102405."
"5/13/2026 4:17:57 PM","2886","Warning","Microsoft-Windows-ActiveDirectory_DomainService","The security of this directory server can be significantly enhanced by configuring the server to reject SASL (Negotiate, Kerberos, NTLM, or Digest) LDAP binds that do not request signing (integrity verification) and LDAP simple binds that are performed on a clear text (non-SSL/TLS-encrypted) connection.  Even if no clients are using such binds, configuring the server to reject them will improve the security of this server. 
 
Some clients may currently be relying on unsigned SASL binds or LDAP simple binds over a non-SSL/TLS connection, and will stop working if this configuration change is made.  To assist in identifying these clients, if such binds occur this directory server will log a summary event once every 24 hours indicating how many such binds occurred.  You are encouraged to configure those clients to not use such binds.  Once no such events are observed for an extended period, it is recommended that you configure the server to reject such binds. 
 
For more details and information on how to make this configuration change to the server, please see http://go.microsoft.com/fwlink/?LinkID=87923. 
 
You can enable additional logging to log an event each time a client makes such a bind, including information on which client made the bind.  To do so, please raise the setting for the ""LDAP Interface Events"" event logging category to level 2 or higher."
"5/13/2026 4:17:47 PM","2405","Information","Microsoft-Windows-ActiveDirectory_DomainService","This Active Directory Domain Services server does not support the ""Privileged Access Management Feature"" optional feature."
"5/13/2026 4:17:47 PM","2405","Information","Microsoft-Windows-ActiveDirectory_DomainService","This Active Directory Domain Services server does not support the ""Recycle Bin Feature"" optional feature."
"5/13/2026 4:17:47 PM","2120","Information","Microsoft-Windows-ActiveDirectory_DomainService","This Active Directory Domain Services server does not support the Recycle Bin. Deleted objects may be undeleted, however, when an object is undeleted, some attributes of that object may be lost.  Additionally, attributes of other objects that refer to the object being undeleted may also be lost."
"5/13/2026 4:17:47 PM","2172","Information","Microsoft-Windows-ActiveDirectory_DomainService","Read the msDS-GenerationId attribute of the Domain Controller's computer object. 
 
msDS-GenerationId attribute value:
10993029920352642379"
"5/13/2026 4:17:47 PM","2168","Information","Microsoft-Windows-ActiveDirectory_DomainService","The DC is running on a supported hypervisor. VM Generation ID is detected. 
 
Current value of VM Generation ID: 10993029920352642379"
"5/13/2026 4:17:47 PM","2406","Information","Microsoft-Windows-ActiveDirectory_DomainService","This Active Directory Domain Services server is disabling support for the ""Privileged Access Management Feature"" optional feature."
"5/13/2026 4:17:47 PM","2406","Information","Microsoft-Windows-ActiveDirectory_DomainService","This Active Directory Domain Services server is disabling support for the ""Recycle Bin Feature"" optional feature."
"5/13/2026 4:17:47 PM","2121","Information","Microsoft-Windows-ActiveDirectory_DomainService","This Active Directory Domain Services server is disabling the Recycle Bin. Deleted objects may not be undeleted at this time."
"5/13/2026 4:17:47 PM","3054","Warning","Microsoft-Windows-ActiveDirectory_DomainService","The directory has been configured to allow implicit owner privileges when initially setting or modifying the nTSecurityDescriptor attribute during LDAP add and modify operations. Warning events will be logged, but no requests will be blocked. 
 
This setting is not secure and should only be used as a temporary troubleshooting step. Please review the suggested mitigations in the link below. 
 
For more information, please see https://go.microsoft.com/fwlink/?linkid=2174032."
"5/13/2026 4:17:47 PM","3051","Warning","Microsoft-Windows-ActiveDirectory_DomainService","The directory has been configured to not enforce per-attribute authorization during LDAP add operations. Warning events will be logged, but no requests will be blocked. 
 
This setting is not secure and should only be used as a temporary troubleshooting step. Please review the suggested mitigations in the link below. 
 
For more information, please see https://go.microsoft.com/fwlink/?linkid=2174032."
"5/13/2026 4:17:27 PM","1004","Information","Microsoft-Windows-ActiveDirectory_DomainService","Active Directory Domain Services was shut down successfully."
"5/13/2026 4:17:26 PM","2179","Information","Microsoft-Windows-ActiveDirectory_DomainService","The msDS-GenerationId attribute of the Domain Controller's computer object has been set to the following parameter: 
 
GenerationID attribute:
10993029920352642379"
"5/13/2026 1:23:01 PM","1869","Information","Microsoft-Windows-ActiveDirectory_DomainService","Active Directory Domain Services has located a global catalog in the following site. 
 
Global catalog:
\\dc.scaffold.htb 
Site:
Default-First-Site-Name"
"5/13/2026 1:23:01 PM","3027","Information","Microsoft-Windows-ActiveDirectory_DomainService","Internal event: Online Defragment Start succeeded. 
 
Duration in seconds:3600 
"
"5/13/2026 1:23:01 PM","3033","Information","Microsoft-Windows-ActiveDirectory_DomainService","Internal event: Online Defragment Stop invoked but defrag was not running."
"5/13/2026 1:23:01 PM","701","Information","NTDS ISAM","NTDS (768,D,0) NTDSA: Online defragmentation has completed a full pass on database 'C:\Windows\NTDS\ntds.dit', freeing 2 pages. This pass started on 5/13/2026 and ran for a total of 0 seconds, requiring 1 invocations over 1 days. Since the database was created it has been fully defragmented 3 times."
"5/13/2026 1:23:01 PM","700","Information","NTDS ISAM","NTDS (768,D,0) NTDSA: Online defragmentation is beginning a full pass on database 'C:\Windows\NTDS\ntds.dit'."
"5/13/2026 1:23:01 PM","330","Information","NTDS ISAM","NTDS (768,D,2) NTDSA: The database [C:\Windows\NTDS\temp.edb] format version is being held back to 8920 (0x22d8) due to application parameter setting of 0x22D8 (8920). Current default engine version: 9360 (0x2490)."
"5/13/2026 1:23:01 PM","326","Information","NTDS ISAM","NTDS (768,D,50) NTDSA: The database engine attached a database (1, C:\Windows\NTDS\ntds.dit). (Time=0 seconds) 
 
Saved Cache: 0 0 
Additional Data: lgposAttach = 00000002:06D9:0268,
dbv = 1568.20.0 (8920) 
 
Internal Timing Sequence: 
[1] 0.000005 +J(0) +M(C:0K, Fs:1, WS:4K # 0K, PF:0K # 0K, P:0K)
[2] 0.000419 -0.000168 (1) WT +J(0) +M(C:0K, Fs:19, WS:12K # 0K, PF:8K # 0K, P:8K)
[3] 0.005464 -0.002598 (6) WT +J(CM:0, PgRf:0, Rd:0/0, Dy:0/0, Lg:3480/2) +M(C:0K, Fs:20, WS:68K # 0K, PF:140K # 0K, P:140K)
[4] 0.000109 +J(0)
[5] -
[6] -
[7] -
[8] 0.004240 -0.000506 (2) CM -0.000337 (2) WT +J(CM:2, PgRf:2, Rd:4/2, Dy:0/0, Lg:0/0) +M(C:16K, Fs:45, WS:172K # 0K, PF:220K # 0K, P:220K)
[9] 0.003742 -0.002955 (8) CM -0.002457 (8) WT +J(CM:8, PgRf:24, Rd:0/8, Dy:0/0, Lg:0/0) +M(C:-4K, Fs:32, WS:108K # 0K, PF:204K # 0K, P:204K)
[10] 0.001235 -0.000924 (4) CM -0.000704 (4) WT +J(CM:4, PgRf:40, Rd:0/4, Dy:0/0, Lg:0/0) +M(C:-4K, Fs:7, WS:16K # 0K, PF:64K # 0K, P:64K)
[11] 0.000323 -0.000204 (1) CM -0.000127 (1) WT +J(CM:1, PgRf:1, Rd:0/1, Dy:0/0, Lg:0/0) +M(C:0K, Fs:5, WS:16K # 0K, PF:0K # 0K, P:0K)
[12] 0.000046 +J(CM:0, PgRf:48, Rd:0/0, Dy:0/0, Lg:0/0) +M(C:0K, Fs:2, WS:8K # 0K, PF:0K # 0K, P:0K)
[13] 0.0 +J(0)
[14] 0.0 +J(0)
[15] 0.000005 +J(CM:0, PgRf:1, Rd:0/0, Dy:0/0, Lg:0/0)."
"5/13/2026 1:23:01 PM","330","Information","NTDS ISAM","NTDS (768,D,50) NTDSA: The database [C:\Windows\NTDS\ntds.dit] format version is being held back to 8920 (0x22d8) due to application parameter setting of 0x22D8 (8920). Current default engine version: 9360 (0x2490)."
"5/13/2026 1:23:01 PM","105","Information","NTDS ISAM","NTDS (768,D,0) NTDSA: The database engine started a new instance (0). (Time=0 seconds) 
 
Additional Data:
  
 
Internal Timing Sequence: 
[1] 0.003653 +J(0) +M(C:0K, Fs:143, WS:544K # 0K, PF:3364K # 356K, P:3364K)
[2] 0.001723 +J(0) +M(C:16K, Fs:92, WS:352K # 308K, PF:320K # 320K, P:320K)
[3] 0.001324 +J(0) +M(C:0K, Fs:5, WS:20K # 20K, PF:64K # 64K, P:64K)
[4] 0.018586 -0.000429 (1) WT +J(0) +M(C:0K, Fs:128, WS:436K # 436K, PF:6028K # 6028K, P:6028K)
[5] 0.001712 +J(0) +M(C:0K, Fs:2, WS:8K # 8K, PF:4K # 4K, P:4K)
[6] 0.009886 -0.000001 (1) WT +J(0) +M(C:0K, Fs:20, WS:80K # 80K, PF:12K # 12K, P:12K)
[7] 0.111152 -0.029838 (21) WT +J(0) +M(C:0K, Fs:2579, WS:10296K # 10296K, PF:10260K # 10260K, P:10260K)
[8] -
[9] -
[10] -
[11] -
[12] -
[13] 0.019459 -0.012356 (22) WT +J(CM:0, PgRf:0, Rd:0/0, Dy:0/0, Lg:616/1) +M(C:0K, Fs:8, WS:-10216K # 24K, PF:-10256K # 12K, P:-10256K)
[14] 0.000025 +J(0) +M(C:0K, Fs:1, WS:4K # 0K, PF:4K # 0K, P:4K)
[15] 0.008879 +J(0) +M(C:0K, Fs:410, WS:1640K # 0K, PF:64K # 0K, P:64K)
[16] 0.000529 -0.000191 (1) WT +J(0) +M(C:0K, Fs:4, WS:8K # 0K, PF:4K # 0K, P:4K)."
"5/13/2026 1:23:01 PM","102","Information","NTDS ISAM","NTDS (768,P,98) NTDSA: The database engine (10.00.20348.0000) is starting a new instance (0)."
"5/13/2026 1:08:31 PM","1394","Information","Microsoft-Windows-ActiveDirectory_DomainService","All problems preventing updates to the Active Directory Domain Services database have been cleared. New updates to the Active Directory Domain Services database are succeeding. The Net Logon service has restarted."
"5/13/2026 1:08:01 PM","1000","Information","Microsoft-Windows-ActiveDirectory_DomainService","Microsoft Active Directory Domain Services startup complete"
"5/13/2026 1:08:01 PM","3041","Warning","Microsoft-Windows-ActiveDirectory_DomainService","The security of this directory server can be significantly enhanced by configuring the server to enforce  validation of Channel Binding Tokens received in LDAP bind requests sent over LDAPS connections. Even if  no clients are issuing LDAP bind requests over LDAPS, configuring the server to validate Channel Binding  Tokens will improve the security of this server. 
 
For more details and information on how to make this configuration change to the server, please see https://go.microsoft.com/fwlink/?linkid=2102405."
"5/13/2026 1:08:01 PM","2886","Warning","Microsoft-Windows-ActiveDirectory_DomainService","The security of this directory server can be significantly enhanced by configuring the server to reject SASL (Negotiate, Kerberos, NTLM, or Digest) LDAP binds that do not request signing (integrity verification) and LDAP simple binds that are performed on a clear text (non-SSL/TLS-encrypted) connection.  Even if no clients are using such binds, configuring the server to reject them will improve the security of this server. 
 
Some clients may currently be relying on unsigned SASL binds or LDAP simple binds over a non-SSL/TLS connection, and will stop working if this configuration change is made.  To assist in identifying these clients, if such binds occur this directory server will log a summary event once every 24 hours indicating how many such binds occurred.  You are encouraged to configure those clients to not use such binds.  Once no such events are observed for an extended period, it is recommended that you configure the server to reject such binds. 
 
For more details and information on how to make this configuration change to the server, please see http://go.microsoft.com/fwlink/?LinkID=87923. 
 
You can enable additional logging to log an event each time a client makes such a bind, including information on which client made the bind.  To do so, please raise the setting for the ""LDAP Interface Events"" event logging category to level 2 or higher."
"5/13/2026 1:07:51 PM","2405","Information","Microsoft-Windows-ActiveDirectory_DomainService","This Active Directory Domain Services server does not support the ""Privileged Access Management Feature"" optional feature."
"5/13/2026 1:07:51 PM","2405","Information","Microsoft-Windows-ActiveDirectory_DomainService","This Active Directory Domain Services server does not support the ""Recycle Bin Feature"" optional feature."
"5/13/2026 1:07:51 PM","2120","Information","Microsoft-Windows-ActiveDirectory_DomainService","This Active Directory Domain Services server does not support the Recycle Bin. Deleted objects may be undeleted, however, when an object is undeleted, some attributes of that object may be lost.  Additionally, attributes of other objects that refer to the object being undeleted may also be lost."
"5/13/2026 1:07:51 PM","2172","Information","Microsoft-Windows-ActiveDirectory_DomainService","Read the msDS-GenerationId attribute of the Domain Controller's computer object. 
 
msDS-GenerationId attribute value:
10993029920352642379"
"5/13/2026 1:07:51 PM","2168","Information","Microsoft-Windows-ActiveDirectory_DomainService","The DC is running on a supported hypervisor. VM Generation ID is detected. 
 
Current value of VM Generation ID: 10993029920352642379"
"5/13/2026 1:07:51 PM","2406","Information","Microsoft-Windows-ActiveDirectory_DomainService","This Active Directory Domain Services server is disabling support for the ""Privileged Access Management Feature"" optional feature."
"5/13/2026 1:07:51 PM","2406","Information","Microsoft-Windows-ActiveDirectory_DomainService","This Active Directory Domain Services server is disabling support for the ""Recycle Bin Feature"" optional feature."
"5/13/2026 1:07:51 PM","2121","Information","Microsoft-Windows-ActiveDirectory_DomainService","This Active Directory Domain Services server is disabling the Recycle Bin. Deleted objects may not be undeleted at this time."
"5/13/2026 1:07:51 PM","3054","Warning","Microsoft-Windows-ActiveDirectory_DomainService","The directory has been configured to allow implicit owner privileges when initially setting or modifying the nTSecurityDescriptor attribute during LDAP add and modify operations. Warning events will be logged, but no requests will be blocked. 
 
This setting is not secure and should only be used as a temporary troubleshooting step. Please review the suggested mitigations in the link below. 
 
For more information, please see https://go.microsoft.com/fwlink/?linkid=2174032."
"5/13/2026 1:07:51 PM","3051","Warning","Microsoft-Windows-ActiveDirectory_DomainService","The directory has been configured to not enforce per-attribute authorization during LDAP add operations. Warning events will be logged, but no requests will be blocked. 
 
This setting is not secure and should only be used as a temporary troubleshooting step. Please review the suggested mitigations in the link below. 
 
For more information, please see https://go.microsoft.com/fwlink/?linkid=2174032."
"5/13/2026 10:06:20 AM","1004","Information","Microsoft-Windows-ActiveDirectory_DomainService","Active Directory Domain Services was shut down successfully."
"5/13/2026 10:06:17 AM","2179","Information","Microsoft-Windows-ActiveDirectory_DomainService","The msDS-GenerationId attribute of the Domain Controller's computer object has been set to the following parameter: 
 
GenerationID attribute:
10993029920352642379"
"5/13/2026 7:58:51 AM","1869","Information","Microsoft-Windows-ActiveDirectory_DomainService","Active Directory Domain Services has located a global catalog in the following site. 
 
Global catalog:
\\dc.scaffold.htb 
Site:
Default-First-Site-Name"
"5/13/2026 7:58:51 AM","3027","Information","Microsoft-Windows-ActiveDirectory_DomainService","Internal event: Online Defragment Start succeeded. 
 
Duration in seconds:3600 
"
"5/13/2026 7:58:51 AM","3033","Information","Microsoft-Windows-ActiveDirectory_DomainService","Internal event: Online Defragment Stop invoked but defrag was not running."
"5/13/2026 7:58:51 AM","2041","Information","Microsoft-Windows-ActiveDirectory_DomainService","Duplicate event log entries were suppressed. 
 
See the previous event log entry for details. An entry is considered a duplicate if the event code and all of its insertion parameters are identical. The time period for this run of duplicates is from the time of the previous event to the time of this event. 
 
Event Code:
400004c5 
Number of duplicate entries: 
2"
"5/13/2026 7:58:51 AM","701","Information","NTDS ISAM","NTDS (736,D,0) NTDSA: Online defragmentation has completed a full pass on database 'C:\Windows\NTDS\ntds.dit', freeing 5 pages. This pass started on 5/13/2026 and ran for a total of 0 seconds, requiring 1 invocations over 1 days. Since the database was created it has been fully defragmented 2 times."
"5/13/2026 7:58:51 AM","700","Information","NTDS ISAM","NTDS (736,D,0) NTDSA: Online defragmentation is beginning a full pass on database 'C:\Windows\NTDS\ntds.dit'."
"5/13/2026 7:58:51 AM","330","Information","NTDS ISAM","NTDS (736,D,2) NTDSA: The database [C:\Windows\NTDS\temp.edb] format version is being held back to 8920 (0x22d8) due to application parameter setting of 0x22D8 (8920). Current default engine version: 9360 (0x2490)."
"5/13/2026 7:58:51 AM","326","Information","NTDS ISAM","NTDS (736,D,50) NTDSA: The database engine attached a database (1, C:\Windows\NTDS\ntds.dit). (Time=0 seconds) 
 
Saved Cache: 0 0 
Additional Data: lgposAttach = 00000002:02E2:0268,
dbv = 1568.20.0 (8920) 
 
Internal Timing Sequence: 
[1] 0.000003 +J(0) +M(C:0K, Fs:1, WS:4K # 0K, PF:0K # 0K, P:0K)
[2] 0.000221 -0.000105 (1) WT +J(0) +M(C:0K, Fs:19, WS:12K # 0K, PF:8K # 0K, P:8K)
[3] 0.001396 -0.000435 (6) WT +J(CM:0, PgRf:0, Rd:0/0, Dy:0/0, Lg:3480/2) +M(C:0K, Fs:22, WS:76K # 0K, PF:148K # 0K, P:148K)
[4] 0.000076 +J(0)
[5] -
[6] -
[7] -
[8] 0.001361 -0.000165 (2) CM -0.000292 (6) WT +J(CM:2, PgRf:2, Rd:4/2, Dy:0/0, Lg:0/0) +M(C:32K, Fs:53, WS:172K # 0K, PF:232K # 0K, P:232K)
[9] 0.000674 -0.000457 (5) CM -0.000285 (5) WT +J(CM:5, PgRf:24, Rd:0/5, Dy:0/0, Lg:0/0) +M(C:-24K, Fs:33, WS:100K # 0K, PF:176K # 0K, P:176K)
[10] 0.000379 -0.000292 (4) CM -0.000191 (4) WT +J(CM:4, PgRf:40, Rd:0/4, Dy:0/0, Lg:0/0) +M(C:0K, Fs:7, WS:16K # 0K, PF:64K # 0K, P:64K)
[11] 0.000102 -0.000073 (1) CM -0.000043 (1) WT +J(CM:1, PgRf:1, Rd:0/1, Dy:0/0, Lg:0/0) +M(C:0K, Fs:5, WS:16K # 0K, PF:0K # 0K, P:0K)
[12] 0.000024 +J(CM:0, PgRf:48, Rd:0/0, Dy:0/0, Lg:0/0) +M(C:0K, Fs:2, WS:8K # 0K, PF:0K # 0K, P:0K)
[13] 0.0 +J(0)
[14] 0.0 +J(0)
[15] 0.000002 +J(CM:0, PgRf:1, Rd:0/0, Dy:0/0, Lg:0/0)."
"5/13/2026 7:58:51 AM","330","Information","NTDS ISAM","NTDS (736,D,50) NTDSA: The database [C:\Windows\NTDS\ntds.dit] format version is being held back to 8920 (0x22d8) due to application parameter setting of 0x22D8 (8920). Current default engine version: 9360 (0x2490)."
"5/13/2026 7:58:51 AM","105","Information","NTDS ISAM","NTDS (736,D,0) NTDSA: The database engine started a new instance (0). (Time=0 seconds) 
 
Additional Data:
  
 
Internal Timing Sequence: 
[1] 0.000390 +J(0) +M(C:0K, Fs:149, WS:572K # 0K, PF:3396K # 356K, P:3396K)
[2] 0.000289 +J(0) +M(C:16K, Fs:88, WS:344K # 296K, PF:300K # 300K, P:300K)
[3] 0.000338 +J(0) +M(C:0K, Fs:5, WS:20K # 20K, PF:64K # 64K, P:64K)
[4] 0.003113 -0.000067 (1) WT +J(0) +M(C:0K, Fs:127, WS:428K # 428K, PF:6044K # 6044K, P:6044K)
[5] 0.000208 +J(0) +M(C:0K, Fs:2, WS:8K # 8K, PF:4K # 4K, P:4K)
[6] 0.000946 +J(0) +M(C:0K, Fs:21, WS:80K # 80K, PF:12K # 12K, P:12K)
[7] 0.006759 -0.003140 (21) WT +J(0) +M(C:0K, Fs:2579, WS:10296K # 10296K, PF:10260K # 10260K, P:10260K)
[8] -
[9] -
[10] -
[11] -
[12] -
[13] 0.006756 -0.003237 (22) WT +J(CM:0, PgRf:0, Rd:0/0, Dy:0/0, Lg:616/1) +M(C:0K, Fs:8, WS:-10216K # 24K, PF:-10256K # 12K, P:-10256K)
[14] 0.000013 +J(0) +M(C:0K, Fs:1, WS:4K # 0K, PF:4K # 0K, P:4K)
[15] 0.000239 +J(0) +M(C:0K, Fs:411, WS:1640K # 0K, PF:68K # 0K, P:68K)
[16] 0.000245 -0.000121 (1) WT +J(0) +M(C:0K, Fs:3, WS:4K # 0K, PF:0K # 0K, P:0K)."
"5/13/2026 7:58:51 AM","102","Information","NTDS ISAM","NTDS (736,P,98) NTDSA: The database engine (10.00.20348.0000) is starting a new instance (0)."
"5/13/2026 7:51:50 AM","1221","Information","Microsoft-Windows-ActiveDirectory_DomainService","LDAP over Secure Sockets Layer (SSL) is now available."
"5/13/2026 7:51:28 AM","1220","Warning","Microsoft-Windows-ActiveDirectory_DomainService","LDAP over Secure Sockets Layer (SSL) will be unavailable at this time because the server was unable to obtain a certificate. 
 
Additional Data 
Error value:
8009030e No credentials are available in the security package"
"5/13/2026 7:48:41 AM","2962","Information","Microsoft-Windows-ActiveDirectory_DomainService","Created 8 optional system indices."
"5/13/2026 7:48:41 AM","2014","Information","Microsoft-Windows-ActiveDirectory_DomainService","Active Directory Domain Services successfully completed rebuilding the following number of indices. 
 
Indices: 
3"
"5/13/2026 7:48:41 AM","2013","Information","Microsoft-Windows-ActiveDirectory_DomainService","Active Directory Domain Services is rebuilding the following number of indices as part of the initialization process. 
 
Number of indices: 
3 
Indices: 
link_base_and_data_v2_index +link_base link_bdnt_and_base_and_data_v2_index +backlink_DNT link_dnt_and_base_and_data_v2_index +link_DNT "
"5/13/2026 7:48:41 AM","2961","Information","Microsoft-Windows-ActiveDirectory_DomainService","Creating 8 optional system indices.
"
"5/13/2026 7:45:51 AM","2065","Information","Microsoft-Windows-ActiveDirectory_DomainService","Active Directory Domain Services has completed rebuilding the quota-tracking table.  Quota enforcement is now in effect."
"5/13/2026 7:44:25 AM","1404","Information","Microsoft-Windows-ActiveDirectory_DomainService","This directory service is now the intersite topology generator and has assumed responsibility for generating and maintaining intersite replication topologies for this site."
"5/13/2026 7:44:21 AM","1394","Information","Microsoft-Windows-ActiveDirectory_DomainService","All problems preventing updates to the Active Directory Domain Services database have been cleared. New updates to the Active Directory Domain Services database are succeeding. The Net Logon service has restarted."
"5/13/2026 7:43:51 AM","1000","Information","Microsoft-Windows-ActiveDirectory_DomainService","Microsoft Active Directory Domain Services startup complete"
"5/13/2026 7:43:51 AM","3041","Warning","Microsoft-Windows-ActiveDirectory_DomainService","The security of this directory server can be significantly enhanced by configuring the server to enforce  validation of Channel Binding Tokens received in LDAP bind requests sent over LDAPS connections. Even if  no clients are issuing LDAP bind requests over LDAPS, configuring the server to validate Channel Binding  Tokens will improve the security of this server. 
 
For more details and information on how to make this configuration change to the server, please see https://go.microsoft.com/fwlink/?linkid=2102405."
"5/13/2026 7:43:51 AM","2886","Warning","Microsoft-Windows-ActiveDirectory_DomainService","The security of this directory server can be significantly enhanced by configuring the server to reject SASL (Negotiate, Kerberos, NTLM, or Digest) LDAP binds that do not request signing (integrity verification) and LDAP simple binds that are performed on a clear text (non-SSL/TLS-encrypted) connection.  Even if no clients are using such binds, configuring the server to reject them will improve the security of this server. 
 
Some clients may currently be relying on unsigned SASL binds or LDAP simple binds over a non-SSL/TLS connection, and will stop working if this configuration change is made.  To assist in identifying these clients, if such binds occur this directory server will log a summary event once every 24 hours indicating how many such binds occurred.  You are encouraged to configure those clients to not use such binds.  Once no such events are observed for an extended period, it is recommended that you configure the server to reject such binds. 
 
For more details and information on how to make this configuration change to the server, please see http://go.microsoft.com/fwlink/?LinkID=87923. 
 
You can enable additional logging to log an event each time a client makes such a bind, including information on which client made the bind.  To do so, please raise the setting for the ""LDAP Interface Events"" event logging category to level 2 or higher."
"5/13/2026 7:43:41 AM","2405","Information","Microsoft-Windows-ActiveDirectory_DomainService","This Active Directory Domain Services server does not support the ""Privileged Access Management Feature"" optional feature."
"5/13/2026 7:43:41 AM","2405","Information","Microsoft-Windows-ActiveDirectory_DomainService","This Active Directory Domain Services server does not support the ""Recycle Bin Feature"" optional feature."
"5/13/2026 7:43:41 AM","2120","Information","Microsoft-Windows-ActiveDirectory_DomainService","This Active Directory Domain Services server does not support the Recycle Bin. Deleted objects may be undeleted, however, when an object is undeleted, some attributes of that object may be lost.  Additionally, attributes of other objects that refer to the object being undeleted may also be lost."
"5/13/2026 7:43:41 AM","2168","Information","Microsoft-Windows-ActiveDirectory_DomainService","The DC is running on a supported hypervisor. VM Generation ID is detected. 
 
Current value of VM Generation ID: 10993029920352642379"
"5/13/2026 7:43:41 AM","2406","Information","Microsoft-Windows-ActiveDirectory_DomainService","This Active Directory Domain Services server is disabling support for the ""Privileged Access Management Feature"" optional feature."
"5/13/2026 7:43:41 AM","2406","Information","Microsoft-Windows-ActiveDirectory_DomainService","This Active Directory Domain Services server is disabling support for the ""Recycle Bin Feature"" optional feature."
"5/13/2026 7:43:41 AM","2121","Information","Microsoft-Windows-ActiveDirectory_DomainService","This Active Directory Domain Services server is disabling the Recycle Bin. Deleted objects may not be undeleted at this time."
"5/13/2026 7:43:41 AM","3054","Warning","Microsoft-Windows-ActiveDirectory_DomainService","The directory has been configured to allow implicit owner privileges when initially setting or modifying the nTSecurityDescriptor attribute during LDAP add and modify operations. Warning events will be logged, but no requests will be blocked. 
 
This setting is not secure and should only be used as a temporary troubleshooting step. Please review the suggested mitigations in the link below. 
 
For more information, please see https://go.microsoft.com/fwlink/?linkid=2174032."
"5/13/2026 7:43:41 AM","3051","Warning","Microsoft-Windows-ActiveDirectory_DomainService","The directory has been configured to not enforce per-attribute authorization during LDAP add operations. Warning events will be logged, but no requests will be blocked. 
 
This setting is not secure and should only be used as a temporary troubleshooting step. Please review the suggested mitigations in the link below. 
 
For more information, please see https://go.microsoft.com/fwlink/?linkid=2174032."
"5/13/2026 7:43:40 AM","2064","Information","Microsoft-Windows-ActiveDirectory_DomainService","Active Directory Domain Services has detected that the quota-tracking table is either missing or not completely built. The table will be rebuilt in the background (resuming the progress of any previous rebuild, if possible). Until it has completed, quota enforcement will not be in effect."
"5/13/2026 7:42:55 AM","1004","Information","Microsoft-Windows-ActiveDirectory_DomainService","Active Directory Domain Services was shut down successfully."
"5/13/2026 7:42:55 AM","2064","Information","Microsoft-Windows-ActiveDirectory_DomainService","Active Directory Domain Services has detected that the quota-tracking table is either missing or not completely built. The table will be rebuilt in the background (resuming the progress of any previous rebuild, if possible). Until it has completed, quota enforcement will not be in effect."
"5/13/2026 7:42:55 AM","1000","Information","Microsoft-Windows-ActiveDirectory_DomainService","Microsoft Active Directory Domain Services startup complete"
"5/13/2026 7:42:55 AM","3027","Information","Microsoft-Windows-ActiveDirectory_DomainService","Internal event: Online Defragment Start succeeded. 
 
Duration in seconds:3600 
"
"5/13/2026 7:42:55 AM","3033","Information","Microsoft-Windows-ActiveDirectory_DomainService","Internal event: Online Defragment Stop invoked but defrag was not running."
"5/13/2026 7:42:55 AM","1898","Information","Microsoft-Windows-ActiveDirectory_DomainService","Internal event: The following schema object was modified. 
 
Schema object: 
CN=sam-domain,CN=Schema,CN=Configuration,DC=scaffold,DC=htb"
"5/13/2026 7:42:55 AM","1898","Information","Microsoft-Windows-ActiveDirectory_DomainService","Internal event: The following schema object was modified. 
 
Schema object: 
CN=domain-dns,CN=Schema,CN=Configuration,DC=scaffold,DC=htb"
"5/13/2026 7:42:55 AM","103","Information","NTDS ISAM","NTDS (724,T,97) NTDSA: The database engine stopped the instance (0). 
 
Dirty Shutdown: 0 
 
Internal Timing Sequence: 
[1] 0.000003 +J(0)
[2] 0.000007 +J(0)
[3] 0.000137 +J(CM:0, PgRf:35, Rd:0/0, Dy:4/42, Lg:1665/31) +M(C:0K, Fs:8, WS:32K # 0K, PF:0K # 0K, P:0K)
[4] 0.000003 +J(0)
[5] 0.016242 -0.007313 (7) WT +J(0) +M(C:104K, Fs:289, WS:224K # 0K, PF:224K # 0K, P:224K)
[6] 0.000010 +J(0)
[7] 0.000004 +J(0)
[8] 0.002970 -0.000938 (12) WT +J(CM:0, PgRf:0, Rd:0/0, Dy:0/0, Lg:1293/2) +M(C:0K, Fs:20, WS:16K # 0K, PF:12K # 0K, P:12K)
[9] 0.000289 -0.000162 (1) WT +J(CM:0, PgRf:0, Rd:0/0, Dy:0/0, Lg:66/1)
[10] 0.000014 +J(0)
[11] 0.000606 -0.000097 (2) WT +J(0)
[12] 0.000009 +J(0) +M(C:0K, Fs:0, WS:-4K # 0K, PF:-4K # 0K, P:-4K)
[13] 0.000065 +J(0)
[14] 0.000626 +J(0) +M(C:0K, Fs:0, WS:-10248K # 0K, PF:-10264K # 0K, P:-10264K)
[15] 0.000003 +J(0)."
"5/13/2026 7:42:55 AM","701","Information","NTDS ISAM","NTDS (724,D,0) NTDSA: Online defragmentation has completed a full pass on database 'C:\Windows\NTDS\ntds.dit', freeing 9 pages. This pass started on 5/13/2026 and ran for a total of 0 seconds, requiring 1 invocations over 1 days. Since the database was created it has been fully defragmented 1 times."
"5/13/2026 7:42:55 AM","700","Information","NTDS ISAM","NTDS (724,D,0) NTDSA: Online defragmentation is beginning a full pass on database 'C:\Windows\NTDS\ntds.dit'."
"5/13/2026 7:42:51 AM","2405","Information","Microsoft-Windows-ActiveDirectory_DomainService","This Active Directory Domain Services server does not support the ""Privileged Access Management Feature"" optional feature."
"5/13/2026 7:42:51 AM","2405","Information","Microsoft-Windows-ActiveDirectory_DomainService","This Active Directory Domain Services server does not support the ""Recycle Bin Feature"" optional feature."
"5/13/2026 7:42:51 AM","2120","Information","Microsoft-Windows-ActiveDirectory_DomainService","This Active Directory Domain Services server does not support the Recycle Bin. Deleted objects may be undeleted, however, when an object is undeleted, some attributes of that object may be lost.  Additionally, attributes of other objects that refer to the object being undeleted may also be lost."
"5/13/2026 7:42:51 AM","2014","Information","Microsoft-Windows-ActiveDirectory_DomainService","Active Directory Domain Services successfully completed rebuilding the following number of indices. 
 
Indices: 
5"
"5/13/2026 7:42:51 AM","2013","Information","Microsoft-Windows-ActiveDirectory_DomainService","Active Directory Domain Services is rebuilding the following number of indices as part of the initialization process. 
 
Number of indices: 
5 
Indices: 
PDNT_index +PDNT_col LCL_ABVIEW_index00000409 +ATTb590468 INDEX_000201CC +ATTm131532 INDEX_00090001 +ATTm589825 INDEX_00000003 +ATTm3 "
"5/13/2026 7:42:51 AM","1463","Warning","Microsoft-Windows-ActiveDirectory_DomainService","Active Directory Domain Services has detected and deleted some possibly corrupted indices as part of initialization. 
 
These deleted indices will be rebuilt."
"5/13/2026 7:42:51 AM","326","Information","NTDS ISAM","NTDS (724,D,50) NTDSA: The database engine attached a database (1, C:\Windows\NTDS\ntds.dit). (Time=0 seconds) 
 
Saved Cache: 1 0 
Additional Data: lgposAttach = 00000001:00BD:0000,
dbv = 1568.20.0 (8920) 
 
Internal Timing Sequence: 
[1] 0.000001 +J(0)
[2] 0.000595 -0.000152 (1) WT +J(0) +M(C:0K, Fs:18, WS:8K # 0K, PF:8K # 0K, P:8K)
[3] 0.001436 -0.000486 (6) WT +J(CM:0, PgRf:0, Rd:0/0, Dy:0/0, Lg:4096/2) +M(C:0K, Fs:8, WS:24K # 0K, PF:20K # 0K, P:20K)
[4] 0.000083 +J(0)
[5] -
[6] -
[7] -
[8] 0.000498 -0.000163 (2) CM -0.000103 (2) WT +J(CM:2, PgRf:2, Rd:14/2, Dy:0/0, Lg:0/0) +M(C:24K, Fs:8, WS:24K # 0K, PF:24K # 0K, P:24K)
[9] 0.000387 -0.000264 (3) CM -0.000174 (3) WT +J(CM:3, PgRf:24, Rd:0/3, Dy:0/0, Lg:0/0) +M(C:-8K, Fs:2, WS:-8K # 0K, PF:-8K # 0K, P:-8K)
[10] 0.000130 -0.000076 (1) CM -0.000045 (1) WT +J(CM:1, PgRf:40, Rd:0/1, Dy:0/0, Lg:0/0) +M(C:-4K, Fs:0, WS:-4K # 0K, PF:-4K # 0K, P:-4K)
[11] 0.000005 +J(CM:0, PgRf:1, Rd:0/0, Dy:0/0, Lg:0/0)
[12] 0.000016 +J(CM:0, PgRf:48, Rd:0/0, Dy:0/0, Lg:0/0)
[13] 0.0 +J(0)
[14] 0.0 +J(0)
[15] 0.000001 +J(CM:0, PgRf:1, Rd:0/0, Dy:0/0, Lg:0/0)."
"5/13/2026 7:42:51 AM","330","Information","NTDS ISAM","NTDS (724,D,50) NTDSA: The database [C:\Windows\NTDS\ntds.dit] format version is being held back to 8920 (0x22d8) due to application parameter setting of 0x22D8 (8920). Current default engine version: 9360 (0x2490)."
"5/13/2026 7:42:51 AM","327","Information","NTDS ISAM","NTDS (724,D,51) NTDSA: The database engine detached a database (1, C:\Windows\NTDS\ntds.dit). (Time=0 seconds) 
 
Revived Cache: 0 0 
Additional Data: lgposDetach = 00000001:00BC:00C2 
 
Internal Timing Sequence: 
[1] 0.000001 +J(0)
[2] 0.0 +J(0)
[3] 0.007001 -0.006983 (1) WT +J(0) +M(C:28K, Fs:54, WS:100K # 0K, PF:28K # 0K, P:28K)
[4] 0.000001 +J(0)
[5] 0.0 +J(0)
[6] 0.001645 -0.000912 (9) WT +J(0) +M(C:-24K, Fs:4, WS:-16K # 0K, PF:-24K # 0K, P:-24K)
[7] 0.000016 +J(0)
[8] 0.000334 -0.000082 (2) WT +J(CM:0, PgRf:0, Rd:0/0, Dy:0/0, Lg:3902/2)
[9] 0.001018 -0.000432 (6) WT +J(0) +M(C:0K, Fs:4, WS:-20K # 0K, PF:-20K # 0K, P:-20K)
[10] 0.000089 +J(0)
[11] 0.000041 +J(0) +M(C:0K, Fs:0, WS:-8K # 0K, PF:-8K # 0K, P:-8K)."
"5/13/2026 7:42:51 AM","326","Information","NTDS ISAM","NTDS (724,D,50) NTDSA: The database engine attached a database (1, C:\Windows\NTDS\ntds.dit). (Time=0 seconds) 
 
Saved Cache: 1 0 
Additional Data: lgposAttach = 00000001:00AE:0000,
dbv = 1568.20.0 (8920) 
 
Internal Timing Sequence: 
[1] 0.000001 +J(0)
[2] 0.000290 -0.000105 (1) WT +J(0) +M(C:0K, Fs:18, WS:8K # 0K, PF:8K # 0K, P:8K)
[3] 0.001104 -0.000341 (6) WT +J(CM:0, PgRf:0, Rd:0/0, Dy:0/0, Lg:4096/2) +M(C:0K, Fs:8, WS:24K # 0K, PF:20K # 0K, P:20K)
[4] 0.000081 +J(0)
[5] -
[6] -
[7] -
[8] 0.000543 -0.000151 (2) CM -0.000094 (2) WT +J(CM:2, PgRf:2, Rd:12/2, Dy:0/0, Lg:0/0) +M(C:60K, Fs:13, WS:44K # 0K, PF:60K # 0K, P:60K)
[9] 0.000395 -0.000262 (3) CM -0.000160 (3) WT +J(CM:3, PgRf:24, Rd:0/3, Dy:0/0, Lg:0/0) +M(C:-32K, Fs:4, WS:-16K # 0K, PF:-32K # 0K, P:-32K)
[10] 0.000206 -0.000154 (2) CM -0.000094 (2) WT +J(CM:2, PgRf:40, Rd:0/2, Dy:0/0, Lg:0/0) +M(C:-4K, Fs:1, WS:-4K # 0K, PF:-4K # 0K, P:-4K)
[11] 0.000093 -0.000079 (1) CM -0.000049 (1) WT +J(CM:1, PgRf:1, Rd:0/1, Dy:0/0, Lg:0/0) +M(C:0K, Fs:1, WS:0K # 0K, PF:0K # 0K, P:0K)
[12] 0.000306 -0.000064 (1) CM -0.000040 (1) WT +J(CM:1, PgRf:48, Rd:0/1, Dy:0/0, Lg:0/0) +M(C:0K, Fs:1, WS:0K # 0K, PF:0K # 0K, P:0K)
[13] 0.000001 +J(0)
[14] 0.075414 -0.056304 (660) CM -0.036148 (661) WT +J(CM:660, PgRf:9202, Rd:0/660, Dy:14/500, Lg:49334/1059) +M(C:44K, Fs:566, WS:320K # 0K, PF:180K # 0K, P:180K)
[15] 0.000139 -0.000125 (1) CM -0.000102 (1) WT +J(CM:1, PgRf:1, Rd:0/1, Dy:0/0, Lg:0/0) +M(C:4K, Fs:5, WS:16K # 0K, PF:4K # 0K, P:4K)."
"5/13/2026 7:42:51 AM","612","Information","NTDS ISAM","NTDS (724,D,50) NTDSA: The database engine has successfully completed index cleanup on database 'C:\Windows\NTDS\ntds.dit'."
"5/13/2026 7:42:51 AM","611","Information","NTDS ISAM","NTDS (724,D,50) NTDSA: Database 'C:\Windows\NTDS\ntds.dit': The secondary index 'PDNT_index' of table 'datatable' will be rebuilt as a precautionary measure after the Windows version upgrade of this system. This message is informational and does not indicate a problem in the database."
"5/13/2026 7:42:51 AM","611","Information","NTDS ISAM","NTDS (724,D,50) NTDSA: Database 'C:\Windows\NTDS\ntds.dit': The secondary index 'INDEX_000201CC' of table 'datatable' will be rebuilt as a precautionary measure after the Windows version upgrade of this system. This message is informational and does not indicate a problem in the database."
"5/13/2026 7:42:51 AM","611","Information","NTDS ISAM","NTDS (724,D,50) NTDSA: Database 'C:\Windows\NTDS\ntds.dit': The secondary index 'INDEX_00090001' of table 'datatable' will be rebuilt as a precautionary measure after the Windows version upgrade of this system. This message is informational and does not indicate a problem in the database."
"5/13/2026 7:42:51 AM","611","Information","NTDS ISAM","NTDS (724,D,50) NTDSA: Database 'C:\Windows\NTDS\ntds.dit': The secondary index 'INDEX_00000003' of table 'datatable' will be rebuilt as a precautionary measure after the Windows version upgrade of this system. This message is informational and does not indicate a problem in the database."
"5/13/2026 7:42:51 AM","609","Information","NTDS ISAM","NTDS (724,D,50) NTDSA: The database engine is initiating index cleanup of database 'C:\Windows\NTDS\ntds.dit' as a result of a Windows version upgrade from 10.0.20348 SP0 to 10.0.20348 SP0. This message is informational and does not indicate a problem in the database."
"5/13/2026 7:42:51 AM","643","Warning","NTDS ISAM","NTDS (724,D,50) NTDSA:  Out of date NLS sort version detected on the database 'C:\Windows\NTDS\ntds.dit' for Locale 'en-US', index sort version: (SortId=00000001-57ee-1e5c-00b4-d0000bb1e11e, Version=0006020F0006020F), current sort version: (SortId=00000001-57ee-1e5c-00b4-d0000bb1e11e, Version=0006040300060403)."
"5/13/2026 7:42:51 AM","330","Information","NTDS ISAM","NTDS (724,D,50) NTDSA: The database [C:\Windows\NTDS\ntds.dit] format version is being held back to 8920 (0x22d8) due to application parameter setting of 0x22D8 (8920). Current default engine version: 9360 (0x2490)."
"5/13/2026 7:42:51 AM","327","Information","NTDS ISAM","NTDS (724,D,51) NTDSA: The database engine detached a database (1, C:\Windows\NTDS\ntds.dit). (Time=0 seconds) 
 
Revived Cache: 0 0 
Additional Data: lgposDetach = 00000001:00AD:0000 
 
Internal Timing Sequence: 
[1] 0.000001 +J(0)
[2] 0.0 +J(0)
[3] 0.000031 +J(0)
[4] 0.0 +J(0)
[5] 0.0 +J(0)
[6] 0.000399 -0.000207 (2) WT +J(0) +M(C:-28K, Fs:0, WS:-28K # 0K, PF:-28K # 0K, P:-28K)
[7] 0.000024 +J(0)
[8] 0.000181 -0.000044 (1) WT +J(CM:0, PgRf:0, Rd:0/0, Dy:0/0, Lg:4096/2) +M(C:0K, Fs:1, WS:4K # 0K, PF:0K # 0K, P:0K)
[9] 0.001043 -0.000440 (6) WT +J(0) +M(C:0K, Fs:4, WS:-20K # 0K, PF:-20K # 0K, P:-20K)
[10] 0.000100 +J(0)
[11] 0.000046 +J(0) +M(C:0K, Fs:0, WS:-8K # 0K, PF:-8K # 0K, P:-8K)."
"5/13/2026 7:42:50 AM","330","Information","NTDS ISAM","NTDS (724,D,2) NTDSA: The database [C:\Windows\NTDS\temp.edb] format version is being held back to 8920 (0x22d8) due to application parameter setting of 0x22D8 (8920). Current default engine version: 9360 (0x2490)."
"5/13/2026 7:42:50 AM","326","Information","NTDS ISAM","NTDS (724,D,50) NTDSA: The database engine attached a database (1, C:\Windows\NTDS\ntds.dit). (Time=0 seconds) 
 
Saved Cache: 1 0 
Additional Data: lgposAttach = 00000001:0003:0000,
dbv = 1568.20.0 (8920) 
 
Internal Timing Sequence: 
[1] 0.000001 +J(0)
[2] 0.000212 -0.000069 (1) WT +J(0) +M(C:0K, Fs:18, WS:8K # 0K, PF:8K # 0K, P:8K)
[3] 0.001417 -0.000421 (6) WT +J(CM:0, PgRf:0, Rd:0/0, Dy:0/0, Lg:4096/2) +M(C:0K, Fs:8, WS:24K # 0K, PF:20K # 0K, P:20K)
[4] 0.000125 +J(0)
[5] -
[6] -
[7] -
[8] 0.000806 -0.000225 (2) CM -0.000129 (2) WT +J(CM:2, PgRf:2, Rd:8/2, Dy:0/0, Lg:0/0) +M(C:40K, Fs:12, WS:40K # 0K, PF:40K # 0K, P:40K)
[9] 0.000816 -0.000591 (6) CM -0.000338 (6) WT +J(CM:6, PgRf:24, Rd:0/6, Dy:0/0, Lg:0/0) +M(C:-8K, Fs:3, WS:-8K # 0K, PF:-8K # 0K, P:-8K)
[10] 0.000459 -0.000349 (3) CM -0.000232 (3) WT +J(CM:3, PgRf:40, Rd:0/3, Dy:0/0, Lg:0/0) +M(C:-4K, Fs:1, WS:-4K # 0K, PF:-4K # 0K, P:-4K)
[11] 0.000005 +J(CM:0, PgRf:1, Rd:0/0, Dy:0/0, Lg:0/0)
[12] 0.0 +J(0)
[13] 0.0 +J(0)
[14] 0.0 +J(0)
[15] 0.000573 -0.000173 (2) WT +J(CM:0, PgRf:1, Rd:0/0, Dy:0/0, Lg:0/0) +M(C:0K, Fs:2, WS:0K # 0K, PF:0K # 0K, P:0K)."
"5/13/2026 7:42:50 AM","330","Information","NTDS ISAM","NTDS (724,D,50) NTDSA: The database [C:\Windows\NTDS\ntds.dit] format version is being held back to 8920 (0x22d8) due to application parameter setting of 0x22D8 (8920). Current default engine version: 9360 (0x2490)."
"5/13/2026 7:42:50 AM","327","Information","NTDS ISAM","NTDS (724,D,50) NTDSA: The database engine detached a database (1, C:\Windows\NTDS\ntds.dit). (Time=0 seconds) 
 
Revived Cache: 0 0 
Additional Data: lgposDetach = 00000001:0002:047B 
 
Internal Timing Sequence: 
[1] 0.000002 +J(0)
[2] 0.0 +J(0)
[3] 0.000002 +J(0)
[4] 0.0 +J(0)
[5] 0.0 +J(0)
[6] 0.000794 -0.000296 (4) WT +J(0) +M(C:-12K, Fs:0, WS:-12K # 0K, PF:-12K # 0K, P:-12K)
[7] 0.000015 +J(0)
[8] 0.000417 -0.000076 (2) WT +J(CM:0, PgRf:0, Rd:0/0, Dy:0/0, Lg:2949/2)
[9] 0.001349 -0.000557 (6) WT +J(0) +M(C:0K, Fs:5, WS:-16K # 0K, PF:-16K # 0K, P:-16K)
[10] 0.000112 +J(0)
[11] 0.000041 +J(0) +M(C:0K, Fs:0, WS:-8K # 0K, PF:-8K # 0K, P:-8K)."
"5/13/2026 7:42:50 AM","614","Warning","NTDS ISAM","NTDS (724,D,50) NTDSA: Database 'C:\Windows\NTDS\ntds.dit': The secondary index 'INDEX_00000003' of table 'datatable' is out of date with sorting libraries. If used in this state (i.e. not rebuilt), it may appear corrupt or get further corrupted. If there is no later event showing the index being rebuilt, then please defragment the database to rebuild the index."
"5/13/2026 7:42:50 AM","609","Information","NTDS ISAM","NTDS (724,D,50) NTDSA: The database engine is initiating index cleanup of database 'C:\Windows\NTDS\ntds.dit' as a result of a Windows version upgrade from 10.0.17025 SP0 to 10.0.20348 SP0. This message is informational and does not indicate a problem in the database."
"5/13/2026 7:42:50 AM","643","Warning","NTDS ISAM","NTDS (724,D,50) NTDSA:  Out of date NLS sort version detected on the database 'C:\Windows\NTDS\ntds.dit' for Locale 'en-US', index sort version: (SortId=00000001-57ee-1e5c-00b4-d0000bb1e11e, Version=0006020F0006020F), current sort version: (SortId=00000001-57ee-1e5c-00b4-d0000bb1e11e, Version=0006040300060403)."
"5/13/2026 7:42:50 AM","330","Information","NTDS ISAM","NTDS (724,D,50) NTDSA: The database [C:\Windows\NTDS\ntds.dit] format version is being held back to 8920 (0x22d8) due to application parameter setting of 0x22D8 (8920). Current default engine version: 9360 (0x2490)."
"5/13/2026 7:42:50 AM","105","Information","NTDS ISAM","NTDS (724,D,0) NTDSA: The database engine started a new instance (0). (Time=0 seconds) 
 
Additional Data:
  
 
Internal Timing Sequence: 
[1] 0.000270 +J(0) +M(C:0K, Fs:62, WS:228K # 0K, PF:2432K # 0K, P:2432K)
[2] 0.000134 +J(0) +M(C:16K, Fs:69, WS:272K # 0K, PF:288K # 0K, P:288K)
[3] 0.000019 +J(0) +M(C:0K, Fs:5, WS:16K # 0K, PF:936K # 0K, P:936K)
[4] 0.001847 -0.000116 (1) WT +J(0) +M(C:0K, Fs:136, WS:464K # 0K, PF:5896K # 656K, P:5896K)
[5] 0.000127 +J(0)
[6] 0.000407 +J(0) +M(C:0K, Fs:1, WS:4K # 0K, PF:12K # 12K, P:12K)
[7] -
[8] -
[9] -
[10] -
[11] -
[12] -
[13] 0.013109 -0.003448 (24) WT +J(CM:0, PgRf:0, Rd:0/0, Dy:0/0, Lg:616/1) +M(C:0K, Fs:2696, WS:528K # 5764K, PF:4K # 10260K, P:4K)
[14] 0.000013 +J(0)
[15] 0.000286 +J(0) +M(C:0K, Fs:411, WS:1640K # 0K, PF:68K # 0K, P:68K)
[16] 0.001915 -0.000052 (1) WT +J(0) +M(C:0K, Fs:2, WS:0K # 0K, PF:0K # 0K, P:0K)."
"5/13/2026 7:42:50 AM","102","Information","NTDS ISAM","NTDS (724,P,98) NTDSA: The database engine (10.00.20348.0000) is starting a new instance (0)."
