"TimeCreated","Id","LevelDisplayName","ProviderName","Message"
"9/20/2026 4:19:55 AM","4","Information","Microsoft-Windows-DNS-Server-Service","The DNS server has finished the background loading and signing of zones. All zones are now available for DNS updates and zone transfers, as allowed by their individual zone configuration."
"9/20/2026 4:19:55 AM","2","Information","Microsoft-Windows-DNS-Server-Service","The DNS server has started."
"9/20/2026 4:19:54 AM","769","Information","Microsoft-Windows-DNS-Server-Service","The DNS server has loaded the zone TrustAnchors from file NULL on server dc.scaffold.htb. [virtualization instance: .]."
"9/20/2026 4:19:54 AM","769","Information","Microsoft-Windows-DNS-Server-Service","The DNS server has loaded the zone scaffold.htb from file NULL on server dc.scaffold.htb. [virtualization instance: .]."
"9/20/2026 4:19:54 AM","769","Information","Microsoft-Windows-DNS-Server-Service","The DNS server has loaded the zone _msdcs.scaffold.htb from file NULL on server dc.scaffold.htb. [virtualization instance: .]."
"9/20/2026 4:19:17 AM","4013","Warning","Microsoft-Windows-DNS-Server-Service","The DNS server is waiting for Active Directory Domain Services (AD DS) to signal that the initial synchronization of the directory has been completed. The DNS server service cannot start until the initial synchronization is complete because critical DNS data might not yet be replicated onto this domain controller. If events in the AD DS event log indicate that there is a problem with DNS name resolution, consider adding the IP address of another DNS server for this domain to the DNS server list in the Internet Protocol properties of this computer. This event will be logged every two minutes until AD DS has signaled that the initial synchronization has successfully completed."
"9/20/2026 4:19:09 AM","7693","Information","Microsoft-Windows-DNS-Server-Service","The XfrScopeOptionValue has been set to 65433.  This option ID will be used to communicate the scope information during zone transfers via an OPT RR."
"9/7/2026 9:38:15 PM","3","Information","Microsoft-Windows-DNS-Server-Service","The DNS server has shut down."
"9/7/2026 9:35:09 PM","4","Information","Microsoft-Windows-DNS-Server-Service","The DNS server has finished the background loading and signing of zones. All zones are now available for DNS updates and zone transfers, as allowed by their individual zone configuration."
"9/7/2026 9:35:09 PM","2","Information","Microsoft-Windows-DNS-Server-Service","The DNS server has started."
"9/7/2026 9:35:09 PM","769","Information","Microsoft-Windows-DNS-Server-Service","The DNS server has loaded the zone TrustAnchors from file NULL on server dc.scaffold.htb. [virtualization instance: .]."
"9/7/2026 9:35:09 PM","769","Information","Microsoft-Windows-DNS-Server-Service","The DNS server has loaded the zone scaffold.htb from file NULL on server dc.scaffold.htb. [virtualization instance: .]."
"9/7/2026 9:35:09 PM","769","Information","Microsoft-Windows-DNS-Server-Service","The DNS server has loaded the zone _msdcs.scaffold.htb from file NULL on server dc.scaffold.htb. [virtualization instance: .]."
"9/7/2026 9:34:49 PM","4013","Warning","Microsoft-Windows-DNS-Server-Service","The DNS server is waiting for Active Directory Domain Services (AD DS) to signal that the initial synchronization of the directory has been completed. The DNS server service cannot start until the initial synchronization is complete because critical DNS data might not yet be replicated onto this domain controller. If events in the AD DS event log indicate that there is a problem with DNS name resolution, consider adding the IP address of another DNS server for this domain to the DNS server list in the Internet Protocol properties of this computer. This event will be logged every two minutes until AD DS has signaled that the initial synchronization has successfully completed."
"9/7/2026 9:34:40 PM","7693","Information","Microsoft-Windows-DNS-Server-Service","The XfrScopeOptionValue has been set to 65433.  This option ID will be used to communicate the scope information during zone transfers via an OPT RR."
"9/7/2026 8:00:49 PM","3","Information","Microsoft-Windows-DNS-Server-Service","The DNS server has shut down."
"9/7/2026 7:18:31 PM","4","Information","Microsoft-Windows-DNS-Server-Service","The DNS server has finished the background loading and signing of zones. All zones are now available for DNS updates and zone transfers, as allowed by their individual zone configuration."
"9/7/2026 7:18:31 PM","2","Information","Microsoft-Windows-DNS-Server-Service","The DNS server has started."
"9/7/2026 7:18:30 PM","769","Information","Microsoft-Windows-DNS-Server-Service","The DNS server has loaded the zone TrustAnchors from file NULL on server dc.scaffold.htb. [virtualization instance: .]."
"9/7/2026 7:18:30 PM","769","Information","Microsoft-Windows-DNS-Server-Service","The DNS server has loaded the zone scaffold.htb from file NULL on server dc.scaffold.htb. [virtualization instance: .]."
"9/7/2026 7:18:30 PM","769","Information","Microsoft-Windows-DNS-Server-Service","The DNS server has loaded the zone _msdcs.scaffold.htb from file NULL on server dc.scaffold.htb. [virtualization instance: .]."
"9/7/2026 7:18:09 PM","4013","Warning","Microsoft-Windows-DNS-Server-Service","The DNS server is waiting for Active Directory Domain Services (AD DS) to signal that the initial synchronization of the directory has been completed. The DNS server service cannot start until the initial synchronization is complete because critical DNS data might not yet be replicated onto this domain controller. If events in the AD DS event log indicate that there is a problem with DNS name resolution, consider adding the IP address of another DNS server for this domain to the DNS server list in the Internet Protocol properties of this computer. This event will be logged every two minutes until AD DS has signaled that the initial synchronization has successfully completed."
"9/7/2026 7:18:01 PM","7693","Information","Microsoft-Windows-DNS-Server-Service","The XfrScopeOptionValue has been set to 65433.  This option ID will be used to communicate the scope information during zone transfers via an OPT RR."
"9/1/2026 11:00:40 PM","3","Information","Microsoft-Windows-DNS-Server-Service","The DNS server has shut down."
"9/1/2026 10:42:56 PM","4","Information","Microsoft-Windows-DNS-Server-Service","The DNS server has finished the background loading and signing of zones. All zones are now available for DNS updates and zone transfers, as allowed by their individual zone configuration."
"9/1/2026 10:42:55 PM","2","Information","Microsoft-Windows-DNS-Server-Service","The DNS server has started."
"9/1/2026 10:42:55 PM","769","Information","Microsoft-Windows-DNS-Server-Service","The DNS server has loaded the zone TrustAnchors from file NULL on server dc.scaffold.htb. [virtualization instance: .]."
"9/1/2026 10:42:55 PM","769","Information","Microsoft-Windows-DNS-Server-Service","The DNS server has loaded the zone scaffold.htb from file NULL on server dc.scaffold.htb. [virtualization instance: .]."
"9/1/2026 10:42:55 PM","769","Information","Microsoft-Windows-DNS-Server-Service","The DNS server has loaded the zone _msdcs.scaffold.htb from file NULL on server dc.scaffold.htb. [virtualization instance: .]."
"9/1/2026 10:42:32 PM","4013","Warning","Microsoft-Windows-DNS-Server-Service","The DNS server is waiting for Active Directory Domain Services (AD DS) to signal that the initial synchronization of the directory has been completed. The DNS server service cannot start until the initial synchronization is complete because critical DNS data might not yet be replicated onto this domain controller. If events in the AD DS event log indicate that there is a problem with DNS name resolution, consider adding the IP address of another DNS server for this domain to the DNS server list in the Internet Protocol properties of this computer. This event will be logged every two minutes until AD DS has signaled that the initial synchronization has successfully completed."
"9/1/2026 10:42:25 PM","7693","Information","Microsoft-Windows-DNS-Server-Service","The XfrScopeOptionValue has been set to 65433.  This option ID will be used to communicate the scope information during zone transfers via an OPT RR."
"9/1/2026 9:55:47 PM","3","Information","Microsoft-Windows-DNS-Server-Service","The DNS server has shut down."
"9/1/2026 9:55:13 PM","4","Information","Microsoft-Windows-DNS-Server-Service","The DNS server has finished the background loading and signing of zones. All zones are now available for DNS updates and zone transfers, as allowed by their individual zone configuration."
"9/1/2026 9:55:13 PM","2","Information","Microsoft-Windows-DNS-Server-Service","The DNS server has started."
"9/1/2026 9:55:12 PM","769","Information","Microsoft-Windows-DNS-Server-Service","The DNS server has loaded the zone TrustAnchors from file NULL on server dc.scaffold.htb. [virtualization instance: .]."
"9/1/2026 9:55:12 PM","769","Information","Microsoft-Windows-DNS-Server-Service","The DNS server has loaded the zone scaffold.htb from file NULL on server dc.scaffold.htb. [virtualization instance: .]."
"9/1/2026 9:55:12 PM","769","Information","Microsoft-Windows-DNS-Server-Service","The DNS server has loaded the zone _msdcs.scaffold.htb from file NULL on server dc.scaffold.htb. [virtualization instance: .]."
"9/1/2026 9:54:54 PM","4013","Warning","Microsoft-Windows-DNS-Server-Service","The DNS server is waiting for Active Directory Domain Services (AD DS) to signal that the initial synchronization of the directory has been completed. The DNS server service cannot start until the initial synchronization is complete because critical DNS data might not yet be replicated onto this domain controller. If events in the AD DS event log indicate that there is a problem with DNS name resolution, consider adding the IP address of another DNS server for this domain to the DNS server list in the Internet Protocol properties of this computer. This event will be logged every two minutes until AD DS has signaled that the initial synchronization has successfully completed."
"9/1/2026 9:54:44 PM","7693","Information","Microsoft-Windows-DNS-Server-Service","The XfrScopeOptionValue has been set to 65433.  This option ID will be used to communicate the scope information during zone transfers via an OPT RR."
"9/1/2026 9:46:22 PM","3","Information","Microsoft-Windows-DNS-Server-Service","The DNS server has shut down."
"9/1/2026 9:44:30 PM","4","Information","Microsoft-Windows-DNS-Server-Service","The DNS server has finished the background loading and signing of zones. All zones are now available for DNS updates and zone transfers, as allowed by their individual zone configuration."
"9/1/2026 9:44:29 PM","2","Information","Microsoft-Windows-DNS-Server-Service","The DNS server has started."
"9/1/2026 9:44:29 PM","769","Information","Microsoft-Windows-DNS-Server-Service","The DNS server has loaded the zone TrustAnchors from file NULL on server dc.scaffold.htb. [virtualization instance: .]."
"9/1/2026 9:44:29 PM","769","Information","Microsoft-Windows-DNS-Server-Service","The DNS server has loaded the zone scaffold.htb from file NULL on server dc.scaffold.htb. [virtualization instance: .]."
"9/1/2026 9:44:29 PM","769","Information","Microsoft-Windows-DNS-Server-Service","The DNS server has loaded the zone _msdcs.scaffold.htb from file NULL on server dc.scaffold.htb. [virtualization instance: .]."
"9/1/2026 9:44:06 PM","4013","Warning","Microsoft-Windows-DNS-Server-Service","The DNS server is waiting for Active Directory Domain Services (AD DS) to signal that the initial synchronization of the directory has been completed. The DNS server service cannot start until the initial synchronization is complete because critical DNS data might not yet be replicated onto this domain controller. If events in the AD DS event log indicate that there is a problem with DNS name resolution, consider adding the IP address of another DNS server for this domain to the DNS server list in the Internet Protocol properties of this computer. This event will be logged every two minutes until AD DS has signaled that the initial synchronization has successfully completed."
"9/1/2026 9:44:00 PM","7693","Information","Microsoft-Windows-DNS-Server-Service","The XfrScopeOptionValue has been set to 65433.  This option ID will be used to communicate the scope information during zone transfers via an OPT RR."
"9/1/2026 9:24:04 PM","3","Information","Microsoft-Windows-DNS-Server-Service","The DNS server has shut down."
"9/1/2026 9:23:29 PM","4","Information","Microsoft-Windows-DNS-Server-Service","The DNS server has finished the background loading and signing of zones. All zones are now available for DNS updates and zone transfers, as allowed by their individual zone configuration."
"9/1/2026 9:23:28 PM","2","Information","Microsoft-Windows-DNS-Server-Service","The DNS server has started."
"9/1/2026 9:23:28 PM","769","Information","Microsoft-Windows-DNS-Server-Service","The DNS server has loaded the zone TrustAnchors from file NULL on server dc.scaffold.htb. [virtualization instance: .]."
"9/1/2026 9:23:28 PM","769","Information","Microsoft-Windows-DNS-Server-Service","The DNS server has loaded the zone scaffold.htb from file NULL on server dc.scaffold.htb. [virtualization instance: .]."
"9/1/2026 9:23:28 PM","769","Information","Microsoft-Windows-DNS-Server-Service","The DNS server has loaded the zone _msdcs.scaffold.htb from file NULL on server dc.scaffold.htb. [virtualization instance: .]."
"9/1/2026 9:23:04 PM","4013","Warning","Microsoft-Windows-DNS-Server-Service","The DNS server is waiting for Active Directory Domain Services (AD DS) to signal that the initial synchronization of the directory has been completed. The DNS server service cannot start until the initial synchronization is complete because critical DNS data might not yet be replicated onto this domain controller. If events in the AD DS event log indicate that there is a problem with DNS name resolution, consider adding the IP address of another DNS server for this domain to the DNS server list in the Internet Protocol properties of this computer. This event will be logged every two minutes until AD DS has signaled that the initial synchronization has successfully completed."
"9/1/2026 9:22:59 PM","7693","Information","Microsoft-Windows-DNS-Server-Service","The XfrScopeOptionValue has been set to 65433.  This option ID will be used to communicate the scope information during zone transfers via an OPT RR."
"9/1/2026 9:15:25 PM","3","Information","Microsoft-Windows-DNS-Server-Service","The DNS server has shut down."
"9/1/2026 9:14:34 PM","4","Information","Microsoft-Windows-DNS-Server-Service","The DNS server has finished the background loading and signing of zones. All zones are now available for DNS updates and zone transfers, as allowed by their individual zone configuration."
"9/1/2026 9:14:34 PM","2","Information","Microsoft-Windows-DNS-Server-Service","The DNS server has started."
"9/1/2026 9:14:34 PM","769","Information","Microsoft-Windows-DNS-Server-Service","The DNS server has loaded the zone TrustAnchors from file NULL on server dc.scaffold.htb. [virtualization instance: .]."
"9/1/2026 9:14:33 PM","769","Information","Microsoft-Windows-DNS-Server-Service","The DNS server has loaded the zone scaffold.htb from file NULL on server dc.scaffold.htb. [virtualization instance: .]."
"9/1/2026 9:14:33 PM","769","Information","Microsoft-Windows-DNS-Server-Service","The DNS server has loaded the zone _msdcs.scaffold.htb from file NULL on server dc.scaffold.htb. [virtualization instance: .]."
"9/1/2026 9:14:09 PM","4013","Warning","Microsoft-Windows-DNS-Server-Service","The DNS server is waiting for Active Directory Domain Services (AD DS) to signal that the initial synchronization of the directory has been completed. The DNS server service cannot start until the initial synchronization is complete because critical DNS data might not yet be replicated onto this domain controller. If events in the AD DS event log indicate that there is a problem with DNS name resolution, consider adding the IP address of another DNS server for this domain to the DNS server list in the Internet Protocol properties of this computer. This event will be logged every two minutes until AD DS has signaled that the initial synchronization has successfully completed."
"9/1/2026 9:14:04 PM","7693","Information","Microsoft-Windows-DNS-Server-Service","The XfrScopeOptionValue has been set to 65433.  This option ID will be used to communicate the scope information during zone transfers via an OPT RR."
"9/1/2026 9:11:29 PM","3","Information","Microsoft-Windows-DNS-Server-Service","The DNS server has shut down."
"9/1/2026 8:27:54 PM","4","Information","Microsoft-Windows-DNS-Server-Service","The DNS server has finished the background loading and signing of zones. All zones are now available for DNS updates and zone transfers, as allowed by their individual zone configuration."
"9/1/2026 8:27:54 PM","2","Information","Microsoft-Windows-DNS-Server-Service","The DNS server has started."
"9/1/2026 8:27:53 PM","769","Information","Microsoft-Windows-DNS-Server-Service","The DNS server has loaded the zone TrustAnchors from file NULL on server dc.scaffold.htb. [virtualization instance: .]."
"9/1/2026 8:27:53 PM","769","Information","Microsoft-Windows-DNS-Server-Service","The DNS server has loaded the zone scaffold.htb from file NULL on server dc.scaffold.htb. [virtualization instance: .]."
"9/1/2026 8:27:53 PM","769","Information","Microsoft-Windows-DNS-Server-Service","The DNS server has loaded the zone _msdcs.scaffold.htb from file NULL on server dc.scaffold.htb. [virtualization instance: .]."
"9/1/2026 8:27:29 PM","4013","Warning","Microsoft-Windows-DNS-Server-Service","The DNS server is waiting for Active Directory Domain Services (AD DS) to signal that the initial synchronization of the directory has been completed. The DNS server service cannot start until the initial synchronization is complete because critical DNS data might not yet be replicated onto this domain controller. If events in the AD DS event log indicate that there is a problem with DNS name resolution, consider adding the IP address of another DNS server for this domain to the DNS server list in the Internet Protocol properties of this computer. This event will be logged every two minutes until AD DS has signaled that the initial synchronization has successfully completed."
"9/1/2026 8:27:23 PM","7693","Information","Microsoft-Windows-DNS-Server-Service","The XfrScopeOptionValue has been set to 65433.  This option ID will be used to communicate the scope information during zone transfers via an OPT RR."
"9/1/2026 8:26:28 PM","3","Information","Microsoft-Windows-DNS-Server-Service","The DNS server has shut down."
"9/1/2026 8:22:35 PM","4","Information","Microsoft-Windows-DNS-Server-Service","The DNS server has finished the background loading and signing of zones. All zones are now available for DNS updates and zone transfers, as allowed by their individual zone configuration."
"9/1/2026 8:22:35 PM","2","Information","Microsoft-Windows-DNS-Server-Service","The DNS server has started."
"9/1/2026 8:22:35 PM","769","Information","Microsoft-Windows-DNS-Server-Service","The DNS server has loaded the zone TrustAnchors from file NULL on server dc.scaffold.htb. [virtualization instance: .]."
"9/1/2026 8:22:35 PM","769","Information","Microsoft-Windows-DNS-Server-Service","The DNS server has loaded the zone scaffold.htb from file NULL on server dc.scaffold.htb. [virtualization instance: .]."
"9/1/2026 8:22:35 PM","769","Information","Microsoft-Windows-DNS-Server-Service","The DNS server has loaded the zone _msdcs.scaffold.htb from file NULL on server dc.scaffold.htb. [virtualization instance: .]."
"9/1/2026 8:22:11 PM","4013","Warning","Microsoft-Windows-DNS-Server-Service","The DNS server is waiting for Active Directory Domain Services (AD DS) to signal that the initial synchronization of the directory has been completed. The DNS server service cannot start until the initial synchronization is complete because critical DNS data might not yet be replicated onto this domain controller. If events in the AD DS event log indicate that there is a problem with DNS name resolution, consider adding the IP address of another DNS server for this domain to the DNS server list in the Internet Protocol properties of this computer. This event will be logged every two minutes until AD DS has signaled that the initial synchronization has successfully completed."
"9/1/2026 8:22:05 PM","7693","Information","Microsoft-Windows-DNS-Server-Service","The XfrScopeOptionValue has been set to 65433.  This option ID will be used to communicate the scope information during zone transfers via an OPT RR."
"9/1/2026 8:21:32 PM","3","Information","Microsoft-Windows-DNS-Server-Service","The DNS server has shut down."
"9/1/2026 8:17:54 PM","4","Information","Microsoft-Windows-DNS-Server-Service","The DNS server has finished the background loading and signing of zones. All zones are now available for DNS updates and zone transfers, as allowed by their individual zone configuration."
"9/1/2026 8:17:53 PM","2","Information","Microsoft-Windows-DNS-Server-Service","The DNS server has started."
"9/1/2026 8:17:53 PM","769","Information","Microsoft-Windows-DNS-Server-Service","The DNS server has loaded the zone TrustAnchors from file NULL on server dc.scaffold.htb. [virtualization instance: .]."
"9/1/2026 8:17:53 PM","769","Information","Microsoft-Windows-DNS-Server-Service","The DNS server has loaded the zone scaffold.htb from file NULL on server dc.scaffold.htb. [virtualization instance: .]."
"9/1/2026 8:17:53 PM","769","Information","Microsoft-Windows-DNS-Server-Service","The DNS server has loaded the zone _msdcs.scaffold.htb from file NULL on server dc.scaffold.htb. [virtualization instance: .]."
"9/1/2026 8:17:29 PM","4013","Warning","Microsoft-Windows-DNS-Server-Service","The DNS server is waiting for Active Directory Domain Services (AD DS) to signal that the initial synchronization of the directory has been completed. The DNS server service cannot start until the initial synchronization is complete because critical DNS data might not yet be replicated onto this domain controller. If events in the AD DS event log indicate that there is a problem with DNS name resolution, consider adding the IP address of another DNS server for this domain to the DNS server list in the Internet Protocol properties of this computer. This event will be logged every two minutes until AD DS has signaled that the initial synchronization has successfully completed."
"9/1/2026 8:17:23 PM","7693","Information","Microsoft-Windows-DNS-Server-Service","The XfrScopeOptionValue has been set to 65433.  This option ID will be used to communicate the scope information during zone transfers via an OPT RR."
"9/1/2026 7:25:42 PM","3","Information","Microsoft-Windows-DNS-Server-Service","The DNS server has shut down."
"9/1/2026 7:25:27 PM","4","Information","Microsoft-Windows-DNS-Server-Service","The DNS server has finished the background loading and signing of zones. All zones are now available for DNS updates and zone transfers, as allowed by their individual zone configuration."
"9/1/2026 7:25:27 PM","2","Information","Microsoft-Windows-DNS-Server-Service","The DNS server has started."
"9/1/2026 7:25:27 PM","769","Information","Microsoft-Windows-DNS-Server-Service","The DNS server has loaded the zone TrustAnchors from file NULL on server dc.scaffold.htb. [virtualization instance: .]."
"9/1/2026 7:25:27 PM","769","Information","Microsoft-Windows-DNS-Server-Service","The DNS server has loaded the zone scaffold.htb from file NULL on server dc.scaffold.htb. [virtualization instance: .]."
"9/1/2026 7:25:27 PM","769","Information","Microsoft-Windows-DNS-Server-Service","The DNS server has loaded the zone _msdcs.scaffold.htb from file NULL on server dc.scaffold.htb. [virtualization instance: .]."
"9/1/2026 7:25:03 PM","4013","Warning","Microsoft-Windows-DNS-Server-Service","The DNS server is waiting for Active Directory Domain Services (AD DS) to signal that the initial synchronization of the directory has been completed. The DNS server service cannot start until the initial synchronization is complete because critical DNS data might not yet be replicated onto this domain controller. If events in the AD DS event log indicate that there is a problem with DNS name resolution, consider adding the IP address of another DNS server for this domain to the DNS server list in the Internet Protocol properties of this computer. This event will be logged every two minutes until AD DS has signaled that the initial synchronization has successfully completed."
"9/1/2026 7:24:57 PM","7693","Information","Microsoft-Windows-DNS-Server-Service","The XfrScopeOptionValue has been set to 65433.  This option ID will be used to communicate the scope information during zone transfers via an OPT RR."
"9/1/2026 7:17:51 PM","3","Information","Microsoft-Windows-DNS-Server-Service","The DNS server has shut down."
"9/1/2026 7:17:43 PM","4","Information","Microsoft-Windows-DNS-Server-Service","The DNS server has finished the background loading and signing of zones. All zones are now available for DNS updates and zone transfers, as allowed by their individual zone configuration."
"9/1/2026 7:17:42 PM","2","Information","Microsoft-Windows-DNS-Server-Service","The DNS server has started."
"9/1/2026 7:17:42 PM","769","Information","Microsoft-Windows-DNS-Server-Service","The DNS server has loaded the zone TrustAnchors from file NULL on server dc.scaffold.htb. [virtualization instance: .]."
"9/1/2026 7:17:42 PM","769","Information","Microsoft-Windows-DNS-Server-Service","The DNS server has loaded the zone scaffold.htb from file NULL on server dc.scaffold.htb. [virtualization instance: .]."
"9/1/2026 7:17:42 PM","769","Information","Microsoft-Windows-DNS-Server-Service","The DNS server has loaded the zone _msdcs.scaffold.htb from file NULL on server dc.scaffold.htb. [virtualization instance: .]."
"9/1/2026 7:17:18 PM","4013","Warning","Microsoft-Windows-DNS-Server-Service","The DNS server is waiting for Active Directory Domain Services (AD DS) to signal that the initial synchronization of the directory has been completed. The DNS server service cannot start until the initial synchronization is complete because critical DNS data might not yet be replicated onto this domain controller. If events in the AD DS event log indicate that there is a problem with DNS name resolution, consider adding the IP address of another DNS server for this domain to the DNS server list in the Internet Protocol properties of this computer. This event will be logged every two minutes until AD DS has signaled that the initial synchronization has successfully completed."
"9/1/2026 7:17:12 PM","7693","Information","Microsoft-Windows-DNS-Server-Service","The XfrScopeOptionValue has been set to 65433.  This option ID will be used to communicate the scope information during zone transfers via an OPT RR."
"9/1/2026 5:18:22 PM","3","Information","Microsoft-Windows-DNS-Server-Service","The DNS server has shut down."
"9/1/2026 5:13:02 PM","408","Error","Microsoft-Windows-DNS-Server-Service","The DNS server could not open socket for address 169.254.87.5. 
Verify that this is a valid IP address for the server computer.  If it is NOT valid use the Interfaces dialog under Server Properties in the DNS Manager to remove it from the list of IP interfaces.  Then stop and restart the DNS server. (If this was the only IP interface on this machine and the DNS server may not have started as a result of this error.  In that case remove the DNS\Parameters\ ListenAddress value in the services section of the registry and restart.) 
 
If this is a valid IP address for this machine, make sure that no other application (e.g. another DNS server) is running that would attempt to use the DNS port. 
 
For more information, see ""DNS server log reference"" in the online Help."
"9/1/2026 5:13:02 PM","404","Error","Microsoft-Windows-DNS-Server-Service","The DNS server could not bind a Transmission Control Protocol (TCP) socket to address 169.254.87.5. The event data is the error code.  An IP address of 0.0.0.0 can indicate a valid ""any address"" configuration in which all configured IP addresses on the computer are available for use. 
Restart the DNS server or reboot the computer."
"9/1/2026 5:13:02 PM","408","Error","Microsoft-Windows-DNS-Server-Service","The DNS server could not open socket for address 169.254.87.5. 
Verify that this is a valid IP address for the server computer.  If it is NOT valid use the Interfaces dialog under Server Properties in the DNS Manager to remove it from the list of IP interfaces.  Then stop and restart the DNS server. (If this was the only IP interface on this machine and the DNS server may not have started as a result of this error.  In that case remove the DNS\Parameters\ ListenAddress value in the services section of the registry and restart.) 
 
If this is a valid IP address for this machine, make sure that no other application (e.g. another DNS server) is running that would attempt to use the DNS port. 
 
For more information, see ""DNS server log reference"" in the online Help."
"9/1/2026 5:13:02 PM","407","Error","Microsoft-Windows-DNS-Server-Service","The DNS server could not bind a User Datagram Protocol (UDP) socket to 169.254.87.5. The event data is the error code. Restart the DNS server or reboot your computer."
"9/1/2026 5:00:15 PM","4","Information","Microsoft-Windows-DNS-Server-Service","The DNS server has finished the background loading and signing of zones. All zones are now available for DNS updates and zone transfers, as allowed by their individual zone configuration."
"9/1/2026 5:00:15 PM","2","Information","Microsoft-Windows-DNS-Server-Service","The DNS server has started."
"9/1/2026 5:00:15 PM","769","Information","Microsoft-Windows-DNS-Server-Service","The DNS server has loaded the zone TrustAnchors from file NULL on server dc.scaffold.htb. [virtualization instance: .]."
"9/1/2026 5:00:15 PM","769","Information","Microsoft-Windows-DNS-Server-Service","The DNS server has loaded the zone scaffold.htb from file NULL on server dc.scaffold.htb. [virtualization instance: .]."
"9/1/2026 5:00:15 PM","769","Information","Microsoft-Windows-DNS-Server-Service","The DNS server has loaded the zone _msdcs.scaffold.htb from file NULL on server dc.scaffold.htb. [virtualization instance: .]."
"9/1/2026 4:59:51 PM","4013","Warning","Microsoft-Windows-DNS-Server-Service","The DNS server is waiting for Active Directory Domain Services (AD DS) to signal that the initial synchronization of the directory has been completed. The DNS server service cannot start until the initial synchronization is complete because critical DNS data might not yet be replicated onto this domain controller. If events in the AD DS event log indicate that there is a problem with DNS name resolution, consider adding the IP address of another DNS server for this domain to the DNS server list in the Internet Protocol properties of this computer. This event will be logged every two minutes until AD DS has signaled that the initial synchronization has successfully completed."
"9/1/2026 4:59:45 PM","7693","Information","Microsoft-Windows-DNS-Server-Service","The XfrScopeOptionValue has been set to 65433.  This option ID will be used to communicate the scope information during zone transfers via an OPT RR."
"9/1/2026 4:56:19 PM","3","Information","Microsoft-Windows-DNS-Server-Service","The DNS server has shut down."
"9/1/2026 4:55:15 PM","4","Information","Microsoft-Windows-DNS-Server-Service","The DNS server has finished the background loading and signing of zones. All zones are now available for DNS updates and zone transfers, as allowed by their individual zone configuration."
"9/1/2026 4:55:14 PM","2","Information","Microsoft-Windows-DNS-Server-Service","The DNS server has started."
"9/1/2026 4:55:14 PM","769","Information","Microsoft-Windows-DNS-Server-Service","The DNS server has loaded the zone TrustAnchors from file NULL on server dc.scaffold.htb. [virtualization instance: .]."
"9/1/2026 4:55:14 PM","769","Information","Microsoft-Windows-DNS-Server-Service","The DNS server has loaded the zone scaffold.htb from file NULL on server dc.scaffold.htb. [virtualization instance: .]."
"9/1/2026 4:55:14 PM","769","Information","Microsoft-Windows-DNS-Server-Service","The DNS server has loaded the zone _msdcs.scaffold.htb from file NULL on server dc.scaffold.htb. [virtualization instance: .]."
"9/1/2026 4:54:50 PM","4013","Warning","Microsoft-Windows-DNS-Server-Service","The DNS server is waiting for Active Directory Domain Services (AD DS) to signal that the initial synchronization of the directory has been completed. The DNS server service cannot start until the initial synchronization is complete because critical DNS data might not yet be replicated onto this domain controller. If events in the AD DS event log indicate that there is a problem with DNS name resolution, consider adding the IP address of another DNS server for this domain to the DNS server list in the Internet Protocol properties of this computer. This event will be logged every two minutes until AD DS has signaled that the initial synchronization has successfully completed."
"9/1/2026 4:54:45 PM","7693","Information","Microsoft-Windows-DNS-Server-Service","The XfrScopeOptionValue has been set to 65433.  This option ID will be used to communicate the scope information during zone transfers via an OPT RR."
"9/1/2026 4:54:18 PM","3","Information","Microsoft-Windows-DNS-Server-Service","The DNS server has shut down."
"9/1/2026 4:51:47 PM","4","Information","Microsoft-Windows-DNS-Server-Service","The DNS server has finished the background loading and signing of zones. All zones are now available for DNS updates and zone transfers, as allowed by their individual zone configuration."
"9/1/2026 4:51:47 PM","2","Information","Microsoft-Windows-DNS-Server-Service","The DNS server has started."
"9/1/2026 4:51:47 PM","769","Information","Microsoft-Windows-DNS-Server-Service","The DNS server has loaded the zone TrustAnchors from file NULL on server dc.scaffold.htb. [virtualization instance: .]."
"9/1/2026 4:51:47 PM","769","Information","Microsoft-Windows-DNS-Server-Service","The DNS server has loaded the zone scaffold.htb from file NULL on server dc.scaffold.htb. [virtualization instance: .]."
"9/1/2026 4:51:47 PM","769","Information","Microsoft-Windows-DNS-Server-Service","The DNS server has loaded the zone _msdcs.scaffold.htb from file NULL on server dc.scaffold.htb. [virtualization instance: .]."
"9/1/2026 4:51:23 PM","4013","Warning","Microsoft-Windows-DNS-Server-Service","The DNS server is waiting for Active Directory Domain Services (AD DS) to signal that the initial synchronization of the directory has been completed. The DNS server service cannot start until the initial synchronization is complete because critical DNS data might not yet be replicated onto this domain controller. If events in the AD DS event log indicate that there is a problem with DNS name resolution, consider adding the IP address of another DNS server for this domain to the DNS server list in the Internet Protocol properties of this computer. This event will be logged every two minutes until AD DS has signaled that the initial synchronization has successfully completed."
"9/1/2026 4:51:17 PM","7693","Information","Microsoft-Windows-DNS-Server-Service","The XfrScopeOptionValue has been set to 65433.  This option ID will be used to communicate the scope information during zone transfers via an OPT RR."
"9/1/2026 3:04:42 PM","3","Information","Microsoft-Windows-DNS-Server-Service","The DNS server has shut down."
"9/1/2026 2:46:49 PM","4","Information","Microsoft-Windows-DNS-Server-Service","The DNS server has finished the background loading and signing of zones. All zones are now available for DNS updates and zone transfers, as allowed by their individual zone configuration."
"9/1/2026 2:46:49 PM","2","Information","Microsoft-Windows-DNS-Server-Service","The DNS server has started."
"9/1/2026 2:46:49 PM","769","Information","Microsoft-Windows-DNS-Server-Service","The DNS server has loaded the zone TrustAnchors from file NULL on server dc.scaffold.htb. [virtualization instance: .]."
"9/1/2026 2:46:49 PM","769","Information","Microsoft-Windows-DNS-Server-Service","The DNS server has loaded the zone scaffold.htb from file NULL on server dc.scaffold.htb. [virtualization instance: .]."
"9/1/2026 2:46:49 PM","769","Information","Microsoft-Windows-DNS-Server-Service","The DNS server has loaded the zone _msdcs.scaffold.htb from file NULL on server dc.scaffold.htb. [virtualization instance: .]."
"9/1/2026 2:46:25 PM","4013","Warning","Microsoft-Windows-DNS-Server-Service","The DNS server is waiting for Active Directory Domain Services (AD DS) to signal that the initial synchronization of the directory has been completed. The DNS server service cannot start until the initial synchronization is complete because critical DNS data might not yet be replicated onto this domain controller. If events in the AD DS event log indicate that there is a problem with DNS name resolution, consider adding the IP address of another DNS server for this domain to the DNS server list in the Internet Protocol properties of this computer. This event will be logged every two minutes until AD DS has signaled that the initial synchronization has successfully completed."
"9/1/2026 2:46:19 PM","7693","Information","Microsoft-Windows-DNS-Server-Service","The XfrScopeOptionValue has been set to 65433.  This option ID will be used to communicate the scope information during zone transfers via an OPT RR."
"7/9/2026 2:22:03 PM","3","Information","Microsoft-Windows-DNS-Server-Service","The DNS server has shut down."
"7/9/2026 2:19:09 PM","4","Information","Microsoft-Windows-DNS-Server-Service","The DNS server has finished the background loading and signing of zones. All zones are now available for DNS updates and zone transfers, as allowed by their individual zone configuration."
"7/9/2026 2:19:08 PM","2","Information","Microsoft-Windows-DNS-Server-Service","The DNS server has started."
"7/9/2026 2:19:08 PM","769","Information","Microsoft-Windows-DNS-Server-Service","The DNS server has loaded the zone TrustAnchors from file NULL on server dc.scaffold.htb. [virtualization instance: .]."
"7/9/2026 2:19:08 PM","769","Information","Microsoft-Windows-DNS-Server-Service","The DNS server has loaded the zone scaffold.htb from file NULL on server dc.scaffold.htb. [virtualization instance: .]."
"7/9/2026 2:19:08 PM","769","Information","Microsoft-Windows-DNS-Server-Service","The DNS server has loaded the zone _msdcs.scaffold.htb from file NULL on server dc.scaffold.htb. [virtualization instance: .]."
"7/9/2026 2:18:44 PM","4013","Warning","Microsoft-Windows-DNS-Server-Service","The DNS server is waiting for Active Directory Domain Services (AD DS) to signal that the initial synchronization of the directory has been completed. The DNS server service cannot start until the initial synchronization is complete because critical DNS data might not yet be replicated onto this domain controller. If events in the AD DS event log indicate that there is a problem with DNS name resolution, consider adding the IP address of another DNS server for this domain to the DNS server list in the Internet Protocol properties of this computer. This event will be logged every two minutes until AD DS has signaled that the initial synchronization has successfully completed."
"7/9/2026 2:18:38 PM","7693","Information","Microsoft-Windows-DNS-Server-Service","The XfrScopeOptionValue has been set to 65433.  This option ID will be used to communicate the scope information during zone transfers via an OPT RR."
"7/8/2026 11:14:42 PM","3","Information","Microsoft-Windows-DNS-Server-Service","The DNS server has shut down."
"7/8/2026 11:12:23 PM","4","Information","Microsoft-Windows-DNS-Server-Service","The DNS server has finished the background loading and signing of zones. All zones are now available for DNS updates and zone transfers, as allowed by their individual zone configuration."
"7/8/2026 11:12:23 PM","2","Information","Microsoft-Windows-DNS-Server-Service","The DNS server has started."
"7/8/2026 11:12:23 PM","769","Information","Microsoft-Windows-DNS-Server-Service","The DNS server has loaded the zone TrustAnchors from file NULL on server dc.scaffold.htb. [virtualization instance: .]."
"7/8/2026 11:12:23 PM","769","Information","Microsoft-Windows-DNS-Server-Service","The DNS server has loaded the zone scaffold.htb from file NULL on server dc.scaffold.htb. [virtualization instance: .]."
"7/8/2026 11:12:23 PM","769","Information","Microsoft-Windows-DNS-Server-Service","The DNS server has loaded the zone _msdcs.scaffold.htb from file NULL on server dc.scaffold.htb. [virtualization instance: .]."
"7/8/2026 11:11:58 PM","4013","Warning","Microsoft-Windows-DNS-Server-Service","The DNS server is waiting for Active Directory Domain Services (AD DS) to signal that the initial synchronization of the directory has been completed. The DNS server service cannot start until the initial synchronization is complete because critical DNS data might not yet be replicated onto this domain controller. If events in the AD DS event log indicate that there is a problem with DNS name resolution, consider adding the IP address of another DNS server for this domain to the DNS server list in the Internet Protocol properties of this computer. This event will be logged every two minutes until AD DS has signaled that the initial synchronization has successfully completed."
"7/8/2026 11:11:53 PM","7693","Information","Microsoft-Windows-DNS-Server-Service","The XfrScopeOptionValue has been set to 65433.  This option ID will be used to communicate the scope information during zone transfers via an OPT RR."
"7/8/2026 11:11:26 PM","3","Information","Microsoft-Windows-DNS-Server-Service","The DNS server has shut down."
"7/8/2026 10:41:39 PM","4","Information","Microsoft-Windows-DNS-Server-Service","The DNS server has finished the background loading and signing of zones. All zones are now available for DNS updates and zone transfers, as allowed by their individual zone configuration."
"7/8/2026 10:41:38 PM","2","Information","Microsoft-Windows-DNS-Server-Service","The DNS server has started."
"7/8/2026 10:41:38 PM","769","Information","Microsoft-Windows-DNS-Server-Service","The DNS server has loaded the zone TrustAnchors from file NULL on server dc.scaffold.htb. [virtualization instance: .]."
"7/8/2026 10:41:38 PM","769","Information","Microsoft-Windows-DNS-Server-Service","The DNS server has loaded the zone scaffold.htb from file NULL on server dc.scaffold.htb. [virtualization instance: .]."
"7/8/2026 10:41:38 PM","769","Information","Microsoft-Windows-DNS-Server-Service","The DNS server has loaded the zone _msdcs.scaffold.htb from file NULL on server dc.scaffold.htb. [virtualization instance: .]."
"7/8/2026 10:41:15 PM","4013","Warning","Microsoft-Windows-DNS-Server-Service","The DNS server is waiting for Active Directory Domain Services (AD DS) to signal that the initial synchronization of the directory has been completed. The DNS server service cannot start until the initial synchronization is complete because critical DNS data might not yet be replicated onto this domain controller. If events in the AD DS event log indicate that there is a problem with DNS name resolution, consider adding the IP address of another DNS server for this domain to the DNS server list in the Internet Protocol properties of this computer. This event will be logged every two minutes until AD DS has signaled that the initial synchronization has successfully completed."
"7/8/2026 10:41:08 PM","7693","Information","Microsoft-Windows-DNS-Server-Service","The XfrScopeOptionValue has been set to 65433.  This option ID will be used to communicate the scope information during zone transfers via an OPT RR."
"6/2/2026 7:29:57 AM","3","Information","Microsoft-Windows-DNS-Server-Service","The DNS server has shut down."
"6/2/2026 7:09:57 AM","4","Information","Microsoft-Windows-DNS-Server-Service","The DNS server has finished the background loading and signing of zones. All zones are now available for DNS updates and zone transfers, as allowed by their individual zone configuration."
"6/2/2026 7:09:56 AM","2","Information","Microsoft-Windows-DNS-Server-Service","The DNS server has started."
"6/2/2026 7:09:56 AM","769","Information","Microsoft-Windows-DNS-Server-Service","The DNS server has loaded the zone TrustAnchors from file NULL on server dc.scaffold.htb. [virtualization instance: .]."
"6/2/2026 7:09:56 AM","769","Information","Microsoft-Windows-DNS-Server-Service","The DNS server has loaded the zone scaffold.htb from file NULL on server dc.scaffold.htb. [virtualization instance: .]."
"6/2/2026 7:09:56 AM","769","Information","Microsoft-Windows-DNS-Server-Service","The DNS server has loaded the zone _msdcs.scaffold.htb from file NULL on server dc.scaffold.htb. [virtualization instance: .]."
"6/2/2026 7:09:32 AM","4013","Warning","Microsoft-Windows-DNS-Server-Service","The DNS server is waiting for Active Directory Domain Services (AD DS) to signal that the initial synchronization of the directory has been completed. The DNS server service cannot start until the initial synchronization is complete because critical DNS data might not yet be replicated onto this domain controller. If events in the AD DS event log indicate that there is a problem with DNS name resolution, consider adding the IP address of another DNS server for this domain to the DNS server list in the Internet Protocol properties of this computer. This event will be logged every two minutes until AD DS has signaled that the initial synchronization has successfully completed."
"6/2/2026 7:09:26 AM","7693","Information","Microsoft-Windows-DNS-Server-Service","The XfrScopeOptionValue has been set to 65433.  This option ID will be used to communicate the scope information during zone transfers via an OPT RR."
"6/2/2026 7:06:20 AM","3","Information","Microsoft-Windows-DNS-Server-Service","The DNS server has shut down."
"6/2/2026 7:04:53 AM","4","Information","Microsoft-Windows-DNS-Server-Service","The DNS server has finished the background loading and signing of zones. All zones are now available for DNS updates and zone transfers, as allowed by their individual zone configuration."
"6/2/2026 7:04:52 AM","2","Information","Microsoft-Windows-DNS-Server-Service","The DNS server has started."
"6/2/2026 7:04:52 AM","769","Information","Microsoft-Windows-DNS-Server-Service","The DNS server has loaded the zone TrustAnchors from file NULL on server dc.scaffold.htb. [virtualization instance: .]."
"6/2/2026 7:04:52 AM","769","Information","Microsoft-Windows-DNS-Server-Service","The DNS server has loaded the zone scaffold.htb from file NULL on server dc.scaffold.htb. [virtualization instance: .]."
"6/2/2026 7:04:52 AM","769","Information","Microsoft-Windows-DNS-Server-Service","The DNS server has loaded the zone _msdcs.scaffold.htb from file NULL on server dc.scaffold.htb. [virtualization instance: .]."
"6/2/2026 7:04:28 AM","4013","Warning","Microsoft-Windows-DNS-Server-Service","The DNS server is waiting for Active Directory Domain Services (AD DS) to signal that the initial synchronization of the directory has been completed. The DNS server service cannot start until the initial synchronization is complete because critical DNS data might not yet be replicated onto this domain controller. If events in the AD DS event log indicate that there is a problem with DNS name resolution, consider adding the IP address of another DNS server for this domain to the DNS server list in the Internet Protocol properties of this computer. This event will be logged every two minutes until AD DS has signaled that the initial synchronization has successfully completed."
"6/2/2026 7:04:22 AM","7693","Information","Microsoft-Windows-DNS-Server-Service","The XfrScopeOptionValue has been set to 65433.  This option ID will be used to communicate the scope information during zone transfers via an OPT RR."
"6/1/2026 11:48:56 AM","3","Information","Microsoft-Windows-DNS-Server-Service","The DNS server has shut down."
"6/1/2026 11:42:26 AM","4","Information","Microsoft-Windows-DNS-Server-Service","The DNS server has finished the background loading and signing of zones. All zones are now available for DNS updates and zone transfers, as allowed by their individual zone configuration."
"6/1/2026 11:42:26 AM","2","Information","Microsoft-Windows-DNS-Server-Service","The DNS server has started."
"6/1/2026 11:42:26 AM","769","Information","Microsoft-Windows-DNS-Server-Service","The DNS server has loaded the zone TrustAnchors from file NULL on server dc.scaffold.htb. [virtualization instance: .]."
"6/1/2026 11:42:26 AM","769","Information","Microsoft-Windows-DNS-Server-Service","The DNS server has loaded the zone scaffold.htb from file NULL on server dc.scaffold.htb. [virtualization instance: .]."
"6/1/2026 11:42:26 AM","769","Information","Microsoft-Windows-DNS-Server-Service","The DNS server has loaded the zone _msdcs.scaffold.htb from file NULL on server dc.scaffold.htb. [virtualization instance: .]."
"6/1/2026 11:42:02 AM","4013","Warning","Microsoft-Windows-DNS-Server-Service","The DNS server is waiting for Active Directory Domain Services (AD DS) to signal that the initial synchronization of the directory has been completed. The DNS server service cannot start until the initial synchronization is complete because critical DNS data might not yet be replicated onto this domain controller. If events in the AD DS event log indicate that there is a problem with DNS name resolution, consider adding the IP address of another DNS server for this domain to the DNS server list in the Internet Protocol properties of this computer. This event will be logged every two minutes until AD DS has signaled that the initial synchronization has successfully completed."
"6/1/2026 11:41:56 AM","7693","Information","Microsoft-Windows-DNS-Server-Service","The XfrScopeOptionValue has been set to 65433.  This option ID will be used to communicate the scope information during zone transfers via an OPT RR."
"5/31/2026 6:00:24 PM","3","Information","Microsoft-Windows-DNS-Server-Service","The DNS server has shut down."
"5/31/2026 5:56:48 PM","4","Information","Microsoft-Windows-DNS-Server-Service","The DNS server has finished the background loading and signing of zones. All zones are now available for DNS updates and zone transfers, as allowed by their individual zone configuration."
"5/31/2026 5:56:48 PM","2","Information","Microsoft-Windows-DNS-Server-Service","The DNS server has started."
"5/31/2026 5:56:48 PM","769","Information","Microsoft-Windows-DNS-Server-Service","The DNS server has loaded the zone TrustAnchors from file NULL on server dc.scaffold.htb. [virtualization instance: .]."
"5/31/2026 5:56:48 PM","769","Information","Microsoft-Windows-DNS-Server-Service","The DNS server has loaded the zone scaffold.htb from file NULL on server dc.scaffold.htb. [virtualization instance: .]."
"5/31/2026 5:56:48 PM","769","Information","Microsoft-Windows-DNS-Server-Service","The DNS server has loaded the zone _msdcs.scaffold.htb from file NULL on server dc.scaffold.htb. [virtualization instance: .]."
"5/31/2026 5:56:23 PM","4013","Warning","Microsoft-Windows-DNS-Server-Service","The DNS server is waiting for Active Directory Domain Services (AD DS) to signal that the initial synchronization of the directory has been completed. The DNS server service cannot start until the initial synchronization is complete because critical DNS data might not yet be replicated onto this domain controller. If events in the AD DS event log indicate that there is a problem with DNS name resolution, consider adding the IP address of another DNS server for this domain to the DNS server list in the Internet Protocol properties of this computer. This event will be logged every two minutes until AD DS has signaled that the initial synchronization has successfully completed."
"5/31/2026 5:56:18 PM","7693","Information","Microsoft-Windows-DNS-Server-Service","The XfrScopeOptionValue has been set to 65433.  This option ID will be used to communicate the scope information during zone transfers via an OPT RR."
"5/29/2026 12:32:11 PM","3","Information","Microsoft-Windows-DNS-Server-Service","The DNS server has shut down."
"5/29/2026 12:27:38 PM","4","Information","Microsoft-Windows-DNS-Server-Service","The DNS server has finished the background loading and signing of zones. All zones are now available for DNS updates and zone transfers, as allowed by their individual zone configuration."
"5/29/2026 12:27:37 PM","2","Information","Microsoft-Windows-DNS-Server-Service","The DNS server has started."
"5/29/2026 12:27:37 PM","769","Information","Microsoft-Windows-DNS-Server-Service","The DNS server has loaded the zone TrustAnchors from file NULL on server dc.scaffold.htb. [virtualization instance: .]."
"5/29/2026 12:27:37 PM","769","Information","Microsoft-Windows-DNS-Server-Service","The DNS server has loaded the zone scaffold.htb from file NULL on server dc.scaffold.htb. [virtualization instance: .]."
"5/29/2026 12:27:37 PM","769","Information","Microsoft-Windows-DNS-Server-Service","The DNS server has loaded the zone _msdcs.scaffold.htb from file NULL on server dc.scaffold.htb. [virtualization instance: .]."
"5/29/2026 12:27:13 PM","4013","Warning","Microsoft-Windows-DNS-Server-Service","The DNS server is waiting for Active Directory Domain Services (AD DS) to signal that the initial synchronization of the directory has been completed. The DNS server service cannot start until the initial synchronization is complete because critical DNS data might not yet be replicated onto this domain controller. If events in the AD DS event log indicate that there is a problem with DNS name resolution, consider adding the IP address of another DNS server for this domain to the DNS server list in the Internet Protocol properties of this computer. This event will be logged every two minutes until AD DS has signaled that the initial synchronization has successfully completed."
"5/29/2026 12:27:07 PM","7693","Information","Microsoft-Windows-DNS-Server-Service","The XfrScopeOptionValue has been set to 65433.  This option ID will be used to communicate the scope information during zone transfers via an OPT RR."
"5/26/2026 7:28:08 AM","3","Information","Microsoft-Windows-DNS-Server-Service","The DNS server has shut down."
"5/26/2026 7:10:34 AM","4","Information","Microsoft-Windows-DNS-Server-Service","The DNS server has finished the background loading and signing of zones. All zones are now available for DNS updates and zone transfers, as allowed by their individual zone configuration."
"5/26/2026 7:10:34 AM","2","Information","Microsoft-Windows-DNS-Server-Service","The DNS server has started."
"5/26/2026 7:10:33 AM","769","Information","Microsoft-Windows-DNS-Server-Service","The DNS server has loaded the zone TrustAnchors from file NULL on server dc.scaffold.htb. [virtualization instance: .]."
"5/26/2026 7:10:33 AM","769","Information","Microsoft-Windows-DNS-Server-Service","The DNS server has loaded the zone scaffold.htb from file NULL on server dc.scaffold.htb. [virtualization instance: .]."
"5/26/2026 7:10:33 AM","769","Information","Microsoft-Windows-DNS-Server-Service","The DNS server has loaded the zone _msdcs.scaffold.htb from file NULL on server dc.scaffold.htb. [virtualization instance: .]."
"5/26/2026 7:10:09 AM","4013","Warning","Microsoft-Windows-DNS-Server-Service","The DNS server is waiting for Active Directory Domain Services (AD DS) to signal that the initial synchronization of the directory has been completed. The DNS server service cannot start until the initial synchronization is complete because critical DNS data might not yet be replicated onto this domain controller. If events in the AD DS event log indicate that there is a problem with DNS name resolution, consider adding the IP address of another DNS server for this domain to the DNS server list in the Internet Protocol properties of this computer. This event will be logged every two minutes until AD DS has signaled that the initial synchronization has successfully completed."
"5/26/2026 7:10:04 AM","7693","Information","Microsoft-Windows-DNS-Server-Service","The XfrScopeOptionValue has been set to 65433.  This option ID will be used to communicate the scope information during zone transfers via an OPT RR."
"5/25/2026 8:56:44 AM","3","Information","Microsoft-Windows-DNS-Server-Service","The DNS server has shut down."
"5/25/2026 7:41:03 AM","4","Information","Microsoft-Windows-DNS-Server-Service","The DNS server has finished the background loading and signing of zones. All zones are now available for DNS updates and zone transfers, as allowed by their individual zone configuration."
"5/25/2026 7:41:02 AM","2","Information","Microsoft-Windows-DNS-Server-Service","The DNS server has started."
"5/25/2026 7:41:02 AM","769","Information","Microsoft-Windows-DNS-Server-Service","The DNS server has loaded the zone TrustAnchors from file NULL on server dc.scaffold.htb. [virtualization instance: .]."
"5/25/2026 7:41:02 AM","769","Information","Microsoft-Windows-DNS-Server-Service","The DNS server has loaded the zone scaffold.htb from file NULL on server dc.scaffold.htb. [virtualization instance: .]."
"5/25/2026 7:41:02 AM","769","Information","Microsoft-Windows-DNS-Server-Service","The DNS server has loaded the zone _msdcs.scaffold.htb from file NULL on server dc.scaffold.htb. [virtualization instance: .]."
"5/25/2026 7:40:38 AM","4013","Warning","Microsoft-Windows-DNS-Server-Service","The DNS server is waiting for Active Directory Domain Services (AD DS) to signal that the initial synchronization of the directory has been completed. The DNS server service cannot start until the initial synchronization is complete because critical DNS data might not yet be replicated onto this domain controller. If events in the AD DS event log indicate that there is a problem with DNS name resolution, consider adding the IP address of another DNS server for this domain to the DNS server list in the Internet Protocol properties of this computer. This event will be logged every two minutes until AD DS has signaled that the initial synchronization has successfully completed."
"5/25/2026 7:40:33 AM","7693","Information","Microsoft-Windows-DNS-Server-Service","The XfrScopeOptionValue has been set to 65433.  This option ID will be used to communicate the scope information during zone transfers via an OPT RR."
"5/24/2026 3:56:03 PM","3","Information","Microsoft-Windows-DNS-Server-Service","The DNS server has shut down."
"5/24/2026 3:10:21 PM","4","Information","Microsoft-Windows-DNS-Server-Service","The DNS server has finished the background loading and signing of zones. All zones are now available for DNS updates and zone transfers, as allowed by their individual zone configuration."
"5/24/2026 3:10:20 PM","2","Information","Microsoft-Windows-DNS-Server-Service","The DNS server has started."
"5/24/2026 3:10:20 PM","769","Information","Microsoft-Windows-DNS-Server-Service","The DNS server has loaded the zone TrustAnchors from file NULL on server dc.scaffold.htb. [virtualization instance: .]."
"5/24/2026 3:10:20 PM","769","Information","Microsoft-Windows-DNS-Server-Service","The DNS server has loaded the zone scaffold.htb from file NULL on server dc.scaffold.htb. [virtualization instance: .]."
"5/24/2026 3:10:20 PM","769","Information","Microsoft-Windows-DNS-Server-Service","The DNS server has loaded the zone _msdcs.scaffold.htb from file NULL on server dc.scaffold.htb. [virtualization instance: .]."
"5/24/2026 3:09:55 PM","4013","Warning","Microsoft-Windows-DNS-Server-Service","The DNS server is waiting for Active Directory Domain Services (AD DS) to signal that the initial synchronization of the directory has been completed. The DNS server service cannot start until the initial synchronization is complete because critical DNS data might not yet be replicated onto this domain controller. If events in the AD DS event log indicate that there is a problem with DNS name resolution, consider adding the IP address of another DNS server for this domain to the DNS server list in the Internet Protocol properties of this computer. This event will be logged every two minutes until AD DS has signaled that the initial synchronization has successfully completed."
"5/24/2026 3:09:50 PM","7693","Information","Microsoft-Windows-DNS-Server-Service","The XfrScopeOptionValue has been set to 65433.  This option ID will be used to communicate the scope information during zone transfers via an OPT RR."
"5/24/2026 9:30:26 AM","3","Information","Microsoft-Windows-DNS-Server-Service","The DNS server has shut down."
"5/24/2026 8:32:47 AM","4","Information","Microsoft-Windows-DNS-Server-Service","The DNS server has finished the background loading and signing of zones. All zones are now available for DNS updates and zone transfers, as allowed by their individual zone configuration."
"5/24/2026 8:32:47 AM","2","Information","Microsoft-Windows-DNS-Server-Service","The DNS server has started."
"5/24/2026 8:32:47 AM","769","Information","Microsoft-Windows-DNS-Server-Service","The DNS server has loaded the zone TrustAnchors from file NULL on server dc.scaffold.htb. [virtualization instance: .]."
"5/24/2026 8:32:47 AM","769","Information","Microsoft-Windows-DNS-Server-Service","The DNS server has loaded the zone scaffold.htb from file NULL on server dc.scaffold.htb. [virtualization instance: .]."
"5/24/2026 8:32:47 AM","769","Information","Microsoft-Windows-DNS-Server-Service","The DNS server has loaded the zone _msdcs.scaffold.htb from file NULL on server dc.scaffold.htb. [virtualization instance: .]."
"5/24/2026 8:32:22 AM","4013","Warning","Microsoft-Windows-DNS-Server-Service","The DNS server is waiting for Active Directory Domain Services (AD DS) to signal that the initial synchronization of the directory has been completed. The DNS server service cannot start until the initial synchronization is complete because critical DNS data might not yet be replicated onto this domain controller. If events in the AD DS event log indicate that there is a problem with DNS name resolution, consider adding the IP address of another DNS server for this domain to the DNS server list in the Internet Protocol properties of this computer. This event will be logged every two minutes until AD DS has signaled that the initial synchronization has successfully completed."
"5/24/2026 8:32:17 AM","7693","Information","Microsoft-Windows-DNS-Server-Service","The XfrScopeOptionValue has been set to 65433.  This option ID will be used to communicate the scope information during zone transfers via an OPT RR."
"5/24/2026 8:07:04 AM","3","Information","Microsoft-Windows-DNS-Server-Service","The DNS server has shut down."
"5/24/2026 7:44:13 AM","4","Information","Microsoft-Windows-DNS-Server-Service","The DNS server has finished the background loading and signing of zones. All zones are now available for DNS updates and zone transfers, as allowed by their individual zone configuration."
"5/24/2026 7:44:13 AM","2","Information","Microsoft-Windows-DNS-Server-Service","The DNS server has started."
"5/24/2026 7:44:13 AM","769","Information","Microsoft-Windows-DNS-Server-Service","The DNS server has loaded the zone TrustAnchors from file NULL on server dc.scaffold.htb. [virtualization instance: .]."
"5/24/2026 7:44:13 AM","769","Information","Microsoft-Windows-DNS-Server-Service","The DNS server has loaded the zone scaffold.htb from file NULL on server dc.scaffold.htb. [virtualization instance: .]."
"5/24/2026 7:44:13 AM","769","Information","Microsoft-Windows-DNS-Server-Service","The DNS server has loaded the zone _msdcs.scaffold.htb from file NULL on server dc.scaffold.htb. [virtualization instance: .]."
"5/24/2026 7:43:48 AM","4013","Warning","Microsoft-Windows-DNS-Server-Service","The DNS server is waiting for Active Directory Domain Services (AD DS) to signal that the initial synchronization of the directory has been completed. The DNS server service cannot start until the initial synchronization is complete because critical DNS data might not yet be replicated onto this domain controller. If events in the AD DS event log indicate that there is a problem with DNS name resolution, consider adding the IP address of another DNS server for this domain to the DNS server list in the Internet Protocol properties of this computer. This event will be logged every two minutes until AD DS has signaled that the initial synchronization has successfully completed."
"5/24/2026 7:43:43 AM","7693","Information","Microsoft-Windows-DNS-Server-Service","The XfrScopeOptionValue has been set to 65433.  This option ID will be used to communicate the scope information during zone transfers via an OPT RR."
"5/24/2026 7:43:11 AM","3","Information","Microsoft-Windows-DNS-Server-Service","The DNS server has shut down."
"5/24/2026 7:37:17 AM","4","Information","Microsoft-Windows-DNS-Server-Service","The DNS server has finished the background loading and signing of zones. All zones are now available for DNS updates and zone transfers, as allowed by their individual zone configuration."
"5/24/2026 7:37:17 AM","2","Information","Microsoft-Windows-DNS-Server-Service","The DNS server has started."
"5/24/2026 7:37:17 AM","769","Information","Microsoft-Windows-DNS-Server-Service","The DNS server has loaded the zone TrustAnchors from file NULL on server dc.scaffold.htb. [virtualization instance: .]."
"5/24/2026 7:37:17 AM","769","Information","Microsoft-Windows-DNS-Server-Service","The DNS server has loaded the zone scaffold.htb from file NULL on server dc.scaffold.htb. [virtualization instance: .]."
"5/24/2026 7:37:17 AM","769","Information","Microsoft-Windows-DNS-Server-Service","The DNS server has loaded the zone _msdcs.scaffold.htb from file NULL on server dc.scaffold.htb. [virtualization instance: .]."
"5/24/2026 7:36:54 AM","4013","Warning","Microsoft-Windows-DNS-Server-Service","The DNS server is waiting for Active Directory Domain Services (AD DS) to signal that the initial synchronization of the directory has been completed. The DNS server service cannot start until the initial synchronization is complete because critical DNS data might not yet be replicated onto this domain controller. If events in the AD DS event log indicate that there is a problem with DNS name resolution, consider adding the IP address of another DNS server for this domain to the DNS server list in the Internet Protocol properties of this computer. This event will be logged every two minutes until AD DS has signaled that the initial synchronization has successfully completed."
"5/24/2026 7:36:47 AM","7693","Information","Microsoft-Windows-DNS-Server-Service","The XfrScopeOptionValue has been set to 65433.  This option ID will be used to communicate the scope information during zone transfers via an OPT RR."
"5/24/2026 4:38:48 AM","3","Information","Microsoft-Windows-DNS-Server-Service","The DNS server has shut down."
"5/24/2026 4:09:52 AM","408","Error","Microsoft-Windows-DNS-Server-Service","The DNS server could not open socket for address 169.254.85.118. 
Verify that this is a valid IP address for the server computer.  If it is NOT valid use the Interfaces dialog under Server Properties in the DNS Manager to remove it from the list of IP interfaces.  Then stop and restart the DNS server. (If this was the only IP interface on this machine and the DNS server may not have started as a result of this error.  In that case remove the DNS\Parameters\ ListenAddress value in the services section of the registry and restart.) 
 
If this is a valid IP address for this machine, make sure that no other application (e.g. another DNS server) is running that would attempt to use the DNS port. 
 
For more information, see ""DNS server log reference"" in the online Help."
"5/24/2026 4:09:52 AM","404","Error","Microsoft-Windows-DNS-Server-Service","The DNS server could not bind a Transmission Control Protocol (TCP) socket to address 169.254.85.118. The event data is the error code.  An IP address of 0.0.0.0 can indicate a valid ""any address"" configuration in which all configured IP addresses on the computer are available for use. 
Restart the DNS server or reboot the computer."
"5/24/2026 4:09:52 AM","408","Error","Microsoft-Windows-DNS-Server-Service","The DNS server could not open socket for address 169.254.85.118. 
Verify that this is a valid IP address for the server computer.  If it is NOT valid use the Interfaces dialog under Server Properties in the DNS Manager to remove it from the list of IP interfaces.  Then stop and restart the DNS server. (If this was the only IP interface on this machine and the DNS server may not have started as a result of this error.  In that case remove the DNS\Parameters\ ListenAddress value in the services section of the registry and restart.) 
 
If this is a valid IP address for this machine, make sure that no other application (e.g. another DNS server) is running that would attempt to use the DNS port. 
 
For more information, see ""DNS server log reference"" in the online Help."
"5/24/2026 4:09:52 AM","407","Error","Microsoft-Windows-DNS-Server-Service","The DNS server could not bind a User Datagram Protocol (UDP) socket to 169.254.85.118. The event data is the error code. Restart the DNS server or reboot your computer."
"5/24/2026 3:56:03 AM","4","Information","Microsoft-Windows-DNS-Server-Service","The DNS server has finished the background loading and signing of zones. All zones are now available for DNS updates and zone transfers, as allowed by their individual zone configuration."
"5/24/2026 3:56:03 AM","2","Information","Microsoft-Windows-DNS-Server-Service","The DNS server has started."
"5/24/2026 3:56:03 AM","769","Information","Microsoft-Windows-DNS-Server-Service","The DNS server has loaded the zone scaffold.htb from file NULL on server dc.scaffold.htb. [virtualization instance: .]."
"5/24/2026 3:56:03 AM","769","Information","Microsoft-Windows-DNS-Server-Service","The DNS server has loaded the zone _msdcs.scaffold.htb from file NULL on server dc.scaffold.htb. [virtualization instance: .]."
"5/24/2026 3:55:39 AM","4013","Warning","Microsoft-Windows-DNS-Server-Service","The DNS server is waiting for Active Directory Domain Services (AD DS) to signal that the initial synchronization of the directory has been completed. The DNS server service cannot start until the initial synchronization is complete because critical DNS data might not yet be replicated onto this domain controller. If events in the AD DS event log indicate that there is a problem with DNS name resolution, consider adding the IP address of another DNS server for this domain to the DNS server list in the Internet Protocol properties of this computer. This event will be logged every two minutes until AD DS has signaled that the initial synchronization has successfully completed."
"5/24/2026 3:55:33 AM","7693","Information","Microsoft-Windows-DNS-Server-Service","The XfrScopeOptionValue has been set to 65433.  This option ID will be used to communicate the scope information during zone transfers via an OPT RR."
"5/23/2026 6:13:12 PM","3","Information","Microsoft-Windows-DNS-Server-Service","The DNS server has shut down."
"5/23/2026 6:09:05 PM","4","Information","Microsoft-Windows-DNS-Server-Service","The DNS server has finished the background loading and signing of zones. All zones are now available for DNS updates and zone transfers, as allowed by their individual zone configuration."
"5/23/2026 6:09:04 PM","2","Information","Microsoft-Windows-DNS-Server-Service","The DNS server has started."
"5/23/2026 6:09:04 PM","769","Information","Microsoft-Windows-DNS-Server-Service","The DNS server has loaded the zone scaffold.htb from file NULL on server dc.scaffold.htb. [virtualization instance: .]."
"5/23/2026 6:09:04 PM","769","Information","Microsoft-Windows-DNS-Server-Service","The DNS server has loaded the zone _msdcs.scaffold.htb from file NULL on server dc.scaffold.htb. [virtualization instance: .]."
"5/23/2026 6:08:40 PM","4013","Warning","Microsoft-Windows-DNS-Server-Service","The DNS server is waiting for Active Directory Domain Services (AD DS) to signal that the initial synchronization of the directory has been completed. The DNS server service cannot start until the initial synchronization is complete because critical DNS data might not yet be replicated onto this domain controller. If events in the AD DS event log indicate that there is a problem with DNS name resolution, consider adding the IP address of another DNS server for this domain to the DNS server list in the Internet Protocol properties of this computer. This event will be logged every two minutes until AD DS has signaled that the initial synchronization has successfully completed."
"5/23/2026 6:08:34 PM","7693","Information","Microsoft-Windows-DNS-Server-Service","The XfrScopeOptionValue has been set to 65433.  This option ID will be used to communicate the scope information during zone transfers via an OPT RR."
"5/23/2026 5:37:11 PM","3","Information","Microsoft-Windows-DNS-Server-Service","The DNS server has shut down."
"5/23/2026 5:05:43 PM","4","Information","Microsoft-Windows-DNS-Server-Service","The DNS server has finished the background loading and signing of zones. All zones are now available for DNS updates and zone transfers, as allowed by their individual zone configuration."
"5/23/2026 5:05:42 PM","2","Information","Microsoft-Windows-DNS-Server-Service","The DNS server has started."
"5/23/2026 5:05:42 PM","769","Information","Microsoft-Windows-DNS-Server-Service","The DNS server has loaded the zone scaffold.htb from file NULL on server dc.scaffold.htb. [virtualization instance: .]."
"5/23/2026 5:05:42 PM","769","Information","Microsoft-Windows-DNS-Server-Service","The DNS server has loaded the zone _msdcs.scaffold.htb from file NULL on server dc.scaffold.htb. [virtualization instance: .]."
"5/23/2026 5:05:18 PM","4013","Warning","Microsoft-Windows-DNS-Server-Service","The DNS server is waiting for Active Directory Domain Services (AD DS) to signal that the initial synchronization of the directory has been completed. The DNS server service cannot start until the initial synchronization is complete because critical DNS data might not yet be replicated onto this domain controller. If events in the AD DS event log indicate that there is a problem with DNS name resolution, consider adding the IP address of another DNS server for this domain to the DNS server list in the Internet Protocol properties of this computer. This event will be logged every two minutes until AD DS has signaled that the initial synchronization has successfully completed."
"5/23/2026 5:05:12 PM","7693","Information","Microsoft-Windows-DNS-Server-Service","The XfrScopeOptionValue has been set to 65433.  This option ID will be used to communicate the scope information during zone transfers via an OPT RR."
"5/23/2026 4:01:20 PM","4","Information","Microsoft-Windows-DNS-Server-Service","The DNS server has finished the background loading and signing of zones. All zones are now available for DNS updates and zone transfers, as allowed by their individual zone configuration."
"5/23/2026 4:01:20 PM","2","Information","Microsoft-Windows-DNS-Server-Service","The DNS server has started."
"5/23/2026 4:01:20 PM","769","Information","Microsoft-Windows-DNS-Server-Service","The DNS server has loaded the zone scaffold.htb from file NULL on server dc.scaffold.htb. [virtualization instance: .]."
"5/23/2026 4:01:20 PM","769","Information","Microsoft-Windows-DNS-Server-Service","The DNS server has loaded the zone _msdcs.scaffold.htb from file NULL on server dc.scaffold.htb. [virtualization instance: .]."
"5/23/2026 4:00:56 PM","4013","Warning","Microsoft-Windows-DNS-Server-Service","The DNS server is waiting for Active Directory Domain Services (AD DS) to signal that the initial synchronization of the directory has been completed. The DNS server service cannot start until the initial synchronization is complete because critical DNS data might not yet be replicated onto this domain controller. If events in the AD DS event log indicate that there is a problem with DNS name resolution, consider adding the IP address of another DNS server for this domain to the DNS server list in the Internet Protocol properties of this computer. This event will be logged every two minutes until AD DS has signaled that the initial synchronization has successfully completed."
"5/23/2026 4:00:50 PM","7693","Information","Microsoft-Windows-DNS-Server-Service","The XfrScopeOptionValue has been set to 65433.  This option ID will be used to communicate the scope information during zone transfers via an OPT RR."
"5/23/2026 8:34:24 AM","3","Information","Microsoft-Windows-DNS-Server-Service","The DNS server has shut down."
"5/23/2026 6:33:03 AM","4","Information","Microsoft-Windows-DNS-Server-Service","The DNS server has finished the background loading and signing of zones. All zones are now available for DNS updates and zone transfers, as allowed by their individual zone configuration."
"5/23/2026 6:33:02 AM","2","Information","Microsoft-Windows-DNS-Server-Service","The DNS server has started."
"5/23/2026 6:33:02 AM","769","Information","Microsoft-Windows-DNS-Server-Service","The DNS server has loaded the zone scaffold.htb from file NULL on server dc.scaffold.htb. [virtualization instance: .]."
"5/23/2026 6:33:02 AM","769","Information","Microsoft-Windows-DNS-Server-Service","The DNS server has loaded the zone _msdcs.scaffold.htb from file NULL on server dc.scaffold.htb. [virtualization instance: .]."
"5/23/2026 6:32:38 AM","4013","Warning","Microsoft-Windows-DNS-Server-Service","The DNS server is waiting for Active Directory Domain Services (AD DS) to signal that the initial synchronization of the directory has been completed. The DNS server service cannot start until the initial synchronization is complete because critical DNS data might not yet be replicated onto this domain controller. If events in the AD DS event log indicate that there is a problem with DNS name resolution, consider adding the IP address of another DNS server for this domain to the DNS server list in the Internet Protocol properties of this computer. This event will be logged every two minutes until AD DS has signaled that the initial synchronization has successfully completed."
"5/23/2026 6:32:32 AM","7693","Information","Microsoft-Windows-DNS-Server-Service","The XfrScopeOptionValue has been set to 65433.  This option ID will be used to communicate the scope information during zone transfers via an OPT RR."
"5/23/2026 6:32:07 AM","3","Information","Microsoft-Windows-DNS-Server-Service","The DNS server has shut down."
"5/23/2026 5:57:27 AM","408","Error","Microsoft-Windows-DNS-Server-Service","The DNS server could not open socket for address 169.254.68.196. 
Verify that this is a valid IP address for the server computer.  If it is NOT valid use the Interfaces dialog under Server Properties in the DNS Manager to remove it from the list of IP interfaces.  Then stop and restart the DNS server. (If this was the only IP interface on this machine and the DNS server may not have started as a result of this error.  In that case remove the DNS\Parameters\ ListenAddress value in the services section of the registry and restart.) 
 
If this is a valid IP address for this machine, make sure that no other application (e.g. another DNS server) is running that would attempt to use the DNS port. 
 
For more information, see ""DNS server log reference"" in the online Help."
"5/23/2026 5:57:27 AM","404","Error","Microsoft-Windows-DNS-Server-Service","The DNS server could not bind a Transmission Control Protocol (TCP) socket to address 169.254.68.196. The event data is the error code.  An IP address of 0.0.0.0 can indicate a valid ""any address"" configuration in which all configured IP addresses on the computer are available for use. 
Restart the DNS server or reboot the computer."
"5/23/2026 5:57:27 AM","408","Error","Microsoft-Windows-DNS-Server-Service","The DNS server could not open socket for address 169.254.68.196. 
Verify that this is a valid IP address for the server computer.  If it is NOT valid use the Interfaces dialog under Server Properties in the DNS Manager to remove it from the list of IP interfaces.  Then stop and restart the DNS server. (If this was the only IP interface on this machine and the DNS server may not have started as a result of this error.  In that case remove the DNS\Parameters\ ListenAddress value in the services section of the registry and restart.) 
 
If this is a valid IP address for this machine, make sure that no other application (e.g. another DNS server) is running that would attempt to use the DNS port. 
 
For more information, see ""DNS server log reference"" in the online Help."
"5/23/2026 5:57:27 AM","407","Error","Microsoft-Windows-DNS-Server-Service","The DNS server could not bind a User Datagram Protocol (UDP) socket to 169.254.68.196. The event data is the error code. Restart the DNS server or reboot your computer."
"5/23/2026 5:40:59 AM","408","Error","Microsoft-Windows-DNS-Server-Service","The DNS server could not open socket for address 169.254.68.196. 
Verify that this is a valid IP address for the server computer.  If it is NOT valid use the Interfaces dialog under Server Properties in the DNS Manager to remove it from the list of IP interfaces.  Then stop and restart the DNS server. (If this was the only IP interface on this machine and the DNS server may not have started as a result of this error.  In that case remove the DNS\Parameters\ ListenAddress value in the services section of the registry and restart.) 
 
If this is a valid IP address for this machine, make sure that no other application (e.g. another DNS server) is running that would attempt to use the DNS port. 
 
For more information, see ""DNS server log reference"" in the online Help."
"5/23/2026 5:40:59 AM","404","Error","Microsoft-Windows-DNS-Server-Service","The DNS server could not bind a Transmission Control Protocol (TCP) socket to address 169.254.68.196. The event data is the error code.  An IP address of 0.0.0.0 can indicate a valid ""any address"" configuration in which all configured IP addresses on the computer are available for use. 
Restart the DNS server or reboot the computer."
"5/23/2026 5:40:59 AM","408","Error","Microsoft-Windows-DNS-Server-Service","The DNS server could not open socket for address 169.254.68.196. 
Verify that this is a valid IP address for the server computer.  If it is NOT valid use the Interfaces dialog under Server Properties in the DNS Manager to remove it from the list of IP interfaces.  Then stop and restart the DNS server. (If this was the only IP interface on this machine and the DNS server may not have started as a result of this error.  In that case remove the DNS\Parameters\ ListenAddress value in the services section of the registry and restart.) 
 
If this is a valid IP address for this machine, make sure that no other application (e.g. another DNS server) is running that would attempt to use the DNS port. 
 
For more information, see ""DNS server log reference"" in the online Help."
"5/23/2026 5:40:59 AM","407","Error","Microsoft-Windows-DNS-Server-Service","The DNS server could not bind a User Datagram Protocol (UDP) socket to 169.254.68.196. The event data is the error code. Restart the DNS server or reboot your computer."
"5/23/2026 4:26:31 AM","4","Information","Microsoft-Windows-DNS-Server-Service","The DNS server has finished the background loading and signing of zones. All zones are now available for DNS updates and zone transfers, as allowed by their individual zone configuration."
"5/23/2026 4:26:31 AM","2","Information","Microsoft-Windows-DNS-Server-Service","The DNS server has started."
"5/23/2026 4:26:31 AM","769","Information","Microsoft-Windows-DNS-Server-Service","The DNS server has loaded the zone scaffold.htb from file NULL on server dc.scaffold.htb. [virtualization instance: .]."
"5/23/2026 4:26:31 AM","769","Information","Microsoft-Windows-DNS-Server-Service","The DNS server has loaded the zone _msdcs.scaffold.htb from file NULL on server dc.scaffold.htb. [virtualization instance: .]."
"5/23/2026 4:26:07 AM","4013","Warning","Microsoft-Windows-DNS-Server-Service","The DNS server is waiting for Active Directory Domain Services (AD DS) to signal that the initial synchronization of the directory has been completed. The DNS server service cannot start until the initial synchronization is complete because critical DNS data might not yet be replicated onto this domain controller. If events in the AD DS event log indicate that there is a problem with DNS name resolution, consider adding the IP address of another DNS server for this domain to the DNS server list in the Internet Protocol properties of this computer. This event will be logged every two minutes until AD DS has signaled that the initial synchronization has successfully completed."
"5/23/2026 4:26:01 AM","7693","Information","Microsoft-Windows-DNS-Server-Service","The XfrScopeOptionValue has been set to 65433.  This option ID will be used to communicate the scope information during zone transfers via an OPT RR."
"5/22/2026 2:25:06 PM","4","Information","Microsoft-Windows-DNS-Server-Service","The DNS server has finished the background loading and signing of zones. All zones are now available for DNS updates and zone transfers, as allowed by their individual zone configuration."
"5/22/2026 2:25:06 PM","2","Information","Microsoft-Windows-DNS-Server-Service","The DNS server has started."
"5/22/2026 2:25:06 PM","769","Information","Microsoft-Windows-DNS-Server-Service","The DNS server has loaded the zone scaffold.htb from file NULL on server dc.scaffold.htb. [virtualization instance: .]."
"5/22/2026 2:25:06 PM","769","Information","Microsoft-Windows-DNS-Server-Service","The DNS server has loaded the zone _msdcs.scaffold.htb from file NULL on server dc.scaffold.htb. [virtualization instance: .]."
"5/22/2026 2:24:41 PM","4013","Warning","Microsoft-Windows-DNS-Server-Service","The DNS server is waiting for Active Directory Domain Services (AD DS) to signal that the initial synchronization of the directory has been completed. The DNS server service cannot start until the initial synchronization is complete because critical DNS data might not yet be replicated onto this domain controller. If events in the AD DS event log indicate that there is a problem with DNS name resolution, consider adding the IP address of another DNS server for this domain to the DNS server list in the Internet Protocol properties of this computer. This event will be logged every two minutes until AD DS has signaled that the initial synchronization has successfully completed."
"5/22/2026 2:24:36 PM","7693","Information","Microsoft-Windows-DNS-Server-Service","The XfrScopeOptionValue has been set to 65433.  This option ID will be used to communicate the scope information during zone transfers via an OPT RR."
"5/22/2026 6:51:47 AM","4","Information","Microsoft-Windows-DNS-Server-Service","The DNS server has finished the background loading and signing of zones. All zones are now available for DNS updates and zone transfers, as allowed by their individual zone configuration."
"5/22/2026 6:51:47 AM","2","Information","Microsoft-Windows-DNS-Server-Service","The DNS server has started."
"5/22/2026 6:51:47 AM","769","Information","Microsoft-Windows-DNS-Server-Service","The DNS server has loaded the zone scaffold.htb from file NULL on server dc.scaffold.htb. [virtualization instance: .]."
"5/22/2026 6:51:47 AM","769","Information","Microsoft-Windows-DNS-Server-Service","The DNS server has loaded the zone _msdcs.scaffold.htb from file NULL on server dc.scaffold.htb. [virtualization instance: .]."
"5/22/2026 6:51:23 AM","4013","Warning","Microsoft-Windows-DNS-Server-Service","The DNS server is waiting for Active Directory Domain Services (AD DS) to signal that the initial synchronization of the directory has been completed. The DNS server service cannot start until the initial synchronization is complete because critical DNS data might not yet be replicated onto this domain controller. If events in the AD DS event log indicate that there is a problem with DNS name resolution, consider adding the IP address of another DNS server for this domain to the DNS server list in the Internet Protocol properties of this computer. This event will be logged every two minutes until AD DS has signaled that the initial synchronization has successfully completed."
"5/22/2026 6:51:17 AM","7693","Information","Microsoft-Windows-DNS-Server-Service","The XfrScopeOptionValue has been set to 65433.  This option ID will be used to communicate the scope information during zone transfers via an OPT RR."
"5/21/2026 5:28:02 PM","3","Information","Microsoft-Windows-DNS-Server-Service","The DNS server has shut down."
"5/21/2026 4:19:37 PM","4","Information","Microsoft-Windows-DNS-Server-Service","The DNS server has finished the background loading and signing of zones. All zones are now available for DNS updates and zone transfers, as allowed by their individual zone configuration."
"5/21/2026 4:19:37 PM","2","Information","Microsoft-Windows-DNS-Server-Service","The DNS server has started."
"5/21/2026 4:19:37 PM","769","Information","Microsoft-Windows-DNS-Server-Service","The DNS server has loaded the zone scaffold.htb from file NULL on server dc.scaffold.htb. [virtualization instance: .]."
"5/21/2026 4:19:37 PM","769","Information","Microsoft-Windows-DNS-Server-Service","The DNS server has loaded the zone _msdcs.scaffold.htb from file NULL on server dc.scaffold.htb. [virtualization instance: .]."
"5/21/2026 4:19:13 PM","4013","Warning","Microsoft-Windows-DNS-Server-Service","The DNS server is waiting for Active Directory Domain Services (AD DS) to signal that the initial synchronization of the directory has been completed. The DNS server service cannot start until the initial synchronization is complete because critical DNS data might not yet be replicated onto this domain controller. If events in the AD DS event log indicate that there is a problem with DNS name resolution, consider adding the IP address of another DNS server for this domain to the DNS server list in the Internet Protocol properties of this computer. This event will be logged every two minutes until AD DS has signaled that the initial synchronization has successfully completed."
"5/21/2026 4:19:07 PM","7693","Information","Microsoft-Windows-DNS-Server-Service","The XfrScopeOptionValue has been set to 65433.  This option ID will be used to communicate the scope information during zone transfers via an OPT RR."
"5/18/2026 4:51:27 PM","3","Information","Microsoft-Windows-DNS-Server-Service","The DNS server has shut down."
"5/18/2026 4:40:40 PM","4","Information","Microsoft-Windows-DNS-Server-Service","The DNS server has finished the background loading and signing of zones. All zones are now available for DNS updates and zone transfers, as allowed by their individual zone configuration."
"5/18/2026 4:40:40 PM","2","Information","Microsoft-Windows-DNS-Server-Service","The DNS server has started."
"5/18/2026 4:40:40 PM","769","Information","Microsoft-Windows-DNS-Server-Service","The DNS server has loaded the zone scaffold.htb from file NULL on server dc.scaffold.htb. [virtualization instance: .]."
"5/18/2026 4:40:40 PM","769","Information","Microsoft-Windows-DNS-Server-Service","The DNS server has loaded the zone _msdcs.scaffold.htb from file NULL on server dc.scaffold.htb. [virtualization instance: .]."
"5/18/2026 4:40:15 PM","4013","Warning","Microsoft-Windows-DNS-Server-Service","The DNS server is waiting for Active Directory Domain Services (AD DS) to signal that the initial synchronization of the directory has been completed. The DNS server service cannot start until the initial synchronization is complete because critical DNS data might not yet be replicated onto this domain controller. If events in the AD DS event log indicate that there is a problem with DNS name resolution, consider adding the IP address of another DNS server for this domain to the DNS server list in the Internet Protocol properties of this computer. This event will be logged every two minutes until AD DS has signaled that the initial synchronization has successfully completed."
"5/18/2026 4:40:10 PM","7693","Information","Microsoft-Windows-DNS-Server-Service","The XfrScopeOptionValue has been set to 65433.  This option ID will be used to communicate the scope information during zone transfers via an OPT RR."
"5/18/2026 3:58:18 PM","3","Information","Microsoft-Windows-DNS-Server-Service","The DNS server has shut down."
"5/18/2026 3:09:48 PM","4","Information","Microsoft-Windows-DNS-Server-Service","The DNS server has finished the background loading and signing of zones. All zones are now available for DNS updates and zone transfers, as allowed by their individual zone configuration."
"5/18/2026 3:09:47 PM","2","Information","Microsoft-Windows-DNS-Server-Service","The DNS server has started."
"5/18/2026 3:09:47 PM","769","Information","Microsoft-Windows-DNS-Server-Service","The DNS server has loaded the zone scaffold.htb from file NULL on server dc.scaffold.htb. [virtualization instance: .]."
"5/18/2026 3:09:47 PM","769","Information","Microsoft-Windows-DNS-Server-Service","The DNS server has loaded the zone _msdcs.scaffold.htb from file NULL on server dc.scaffold.htb. [virtualization instance: .]."
"5/18/2026 3:09:23 PM","4013","Warning","Microsoft-Windows-DNS-Server-Service","The DNS server is waiting for Active Directory Domain Services (AD DS) to signal that the initial synchronization of the directory has been completed. The DNS server service cannot start until the initial synchronization is complete because critical DNS data might not yet be replicated onto this domain controller. If events in the AD DS event log indicate that there is a problem with DNS name resolution, consider adding the IP address of another DNS server for this domain to the DNS server list in the Internet Protocol properties of this computer. This event will be logged every two minutes until AD DS has signaled that the initial synchronization has successfully completed."
"5/18/2026 3:09:17 PM","7693","Information","Microsoft-Windows-DNS-Server-Service","The XfrScopeOptionValue has been set to 65433.  This option ID will be used to communicate the scope information during zone transfers via an OPT RR."
"5/18/2026 7:38:35 AM","3","Information","Microsoft-Windows-DNS-Server-Service","The DNS server has shut down."
"5/18/2026 7:36:57 AM","4","Information","Microsoft-Windows-DNS-Server-Service","The DNS server has finished the background loading and signing of zones. All zones are now available for DNS updates and zone transfers, as allowed by their individual zone configuration."
"5/18/2026 7:36:57 AM","2","Information","Microsoft-Windows-DNS-Server-Service","The DNS server has started."
"5/18/2026 7:36:57 AM","769","Information","Microsoft-Windows-DNS-Server-Service","The DNS server has loaded the zone scaffold.htb from file NULL on server dc.scaffold.htb. [virtualization instance: .]."
"5/18/2026 7:36:57 AM","769","Information","Microsoft-Windows-DNS-Server-Service","The DNS server has loaded the zone _msdcs.scaffold.htb from file NULL on server dc.scaffold.htb. [virtualization instance: .]."
"5/18/2026 7:36:33 AM","4013","Warning","Microsoft-Windows-DNS-Server-Service","The DNS server is waiting for Active Directory Domain Services (AD DS) to signal that the initial synchronization of the directory has been completed. The DNS server service cannot start until the initial synchronization is complete because critical DNS data might not yet be replicated onto this domain controller. If events in the AD DS event log indicate that there is a problem with DNS name resolution, consider adding the IP address of another DNS server for this domain to the DNS server list in the Internet Protocol properties of this computer. This event will be logged every two minutes until AD DS has signaled that the initial synchronization has successfully completed."
"5/18/2026 7:36:27 AM","7693","Information","Microsoft-Windows-DNS-Server-Service","The XfrScopeOptionValue has been set to 65433.  This option ID will be used to communicate the scope information during zone transfers via an OPT RR."
"5/17/2026 9:41:20 AM","3","Information","Microsoft-Windows-DNS-Server-Service","The DNS server has shut down."
"5/17/2026 9:36:56 AM","4","Information","Microsoft-Windows-DNS-Server-Service","The DNS server has finished the background loading and signing of zones. All zones are now available for DNS updates and zone transfers, as allowed by their individual zone configuration."
"5/17/2026 9:36:56 AM","2","Information","Microsoft-Windows-DNS-Server-Service","The DNS server has started."
"5/17/2026 9:36:56 AM","769","Information","Microsoft-Windows-DNS-Server-Service","The DNS server has loaded the zone scaffold.htb from file NULL on server dc.scaffold.htb. [virtualization instance: .]."
"5/17/2026 9:36:56 AM","769","Information","Microsoft-Windows-DNS-Server-Service","The DNS server has loaded the zone _msdcs.scaffold.htb from file NULL on server dc.scaffold.htb. [virtualization instance: .]."
"5/17/2026 9:36:31 AM","4013","Warning","Microsoft-Windows-DNS-Server-Service","The DNS server is waiting for Active Directory Domain Services (AD DS) to signal that the initial synchronization of the directory has been completed. The DNS server service cannot start until the initial synchronization is complete because critical DNS data might not yet be replicated onto this domain controller. If events in the AD DS event log indicate that there is a problem with DNS name resolution, consider adding the IP address of another DNS server for this domain to the DNS server list in the Internet Protocol properties of this computer. This event will be logged every two minutes until AD DS has signaled that the initial synchronization has successfully completed."
"5/17/2026 9:36:26 AM","7693","Information","Microsoft-Windows-DNS-Server-Service","The XfrScopeOptionValue has been set to 65433.  This option ID will be used to communicate the scope information during zone transfers via an OPT RR."
"5/17/2026 9:29:20 AM","3","Information","Microsoft-Windows-DNS-Server-Service","The DNS server has shut down."
"5/17/2026 9:24:25 AM","4","Information","Microsoft-Windows-DNS-Server-Service","The DNS server has finished the background loading and signing of zones. All zones are now available for DNS updates and zone transfers, as allowed by their individual zone configuration."
"5/17/2026 9:24:24 AM","2","Information","Microsoft-Windows-DNS-Server-Service","The DNS server has started."
"5/17/2026 9:24:24 AM","769","Information","Microsoft-Windows-DNS-Server-Service","The DNS server has loaded the zone scaffold.htb from file NULL on server dc.scaffold.htb. [virtualization instance: .]."
"5/17/2026 9:24:24 AM","769","Information","Microsoft-Windows-DNS-Server-Service","The DNS server has loaded the zone _msdcs.scaffold.htb from file NULL on server dc.scaffold.htb. [virtualization instance: .]."
"5/17/2026 9:24:00 AM","4013","Warning","Microsoft-Windows-DNS-Server-Service","The DNS server is waiting for Active Directory Domain Services (AD DS) to signal that the initial synchronization of the directory has been completed. The DNS server service cannot start until the initial synchronization is complete because critical DNS data might not yet be replicated onto this domain controller. If events in the AD DS event log indicate that there is a problem with DNS name resolution, consider adding the IP address of another DNS server for this domain to the DNS server list in the Internet Protocol properties of this computer. This event will be logged every two minutes until AD DS has signaled that the initial synchronization has successfully completed."
"5/17/2026 9:23:55 AM","7693","Information","Microsoft-Windows-DNS-Server-Service","The XfrScopeOptionValue has been set to 65433.  This option ID will be used to communicate the scope information during zone transfers via an OPT RR."
"5/17/2026 9:23:26 AM","3","Information","Microsoft-Windows-DNS-Server-Service","The DNS server has shut down."
"5/17/2026 9:15:45 AM","4","Information","Microsoft-Windows-DNS-Server-Service","The DNS server has finished the background loading and signing of zones. All zones are now available for DNS updates and zone transfers, as allowed by their individual zone configuration."
"5/17/2026 9:15:45 AM","2","Information","Microsoft-Windows-DNS-Server-Service","The DNS server has started."
"5/17/2026 9:15:45 AM","769","Information","Microsoft-Windows-DNS-Server-Service","The DNS server has loaded the zone scaffold.htb from file NULL on server dc.scaffold.htb. [virtualization instance: .]."
"5/17/2026 9:15:45 AM","769","Information","Microsoft-Windows-DNS-Server-Service","The DNS server has loaded the zone _msdcs.scaffold.htb from file NULL on server dc.scaffold.htb. [virtualization instance: .]."
"5/17/2026 9:15:20 AM","4013","Warning","Microsoft-Windows-DNS-Server-Service","The DNS server is waiting for Active Directory Domain Services (AD DS) to signal that the initial synchronization of the directory has been completed. The DNS server service cannot start until the initial synchronization is complete because critical DNS data might not yet be replicated onto this domain controller. If events in the AD DS event log indicate that there is a problem with DNS name resolution, consider adding the IP address of another DNS server for this domain to the DNS server list in the Internet Protocol properties of this computer. This event will be logged every two minutes until AD DS has signaled that the initial synchronization has successfully completed."
"5/17/2026 9:15:15 AM","7693","Information","Microsoft-Windows-DNS-Server-Service","The XfrScopeOptionValue has been set to 65433.  This option ID will be used to communicate the scope information during zone transfers via an OPT RR."
"5/17/2026 9:14:21 AM","3","Information","Microsoft-Windows-DNS-Server-Service","The DNS server has shut down."
"5/17/2026 9:01:15 AM","4","Information","Microsoft-Windows-DNS-Server-Service","The DNS server has finished the background loading and signing of zones. All zones are now available for DNS updates and zone transfers, as allowed by their individual zone configuration."
"5/17/2026 9:01:14 AM","2","Information","Microsoft-Windows-DNS-Server-Service","The DNS server has started."
"5/17/2026 9:01:14 AM","769","Information","Microsoft-Windows-DNS-Server-Service","The DNS server has loaded the zone scaffold.htb from file NULL on server dc.scaffold.htb. [virtualization instance: .]."
"5/17/2026 9:01:14 AM","769","Information","Microsoft-Windows-DNS-Server-Service","The DNS server has loaded the zone _msdcs.scaffold.htb from file NULL on server dc.scaffold.htb. [virtualization instance: .]."
"5/17/2026 9:00:50 AM","4013","Warning","Microsoft-Windows-DNS-Server-Service","The DNS server is waiting for Active Directory Domain Services (AD DS) to signal that the initial synchronization of the directory has been completed. The DNS server service cannot start until the initial synchronization is complete because critical DNS data might not yet be replicated onto this domain controller. If events in the AD DS event log indicate that there is a problem with DNS name resolution, consider adding the IP address of another DNS server for this domain to the DNS server list in the Internet Protocol properties of this computer. This event will be logged every two minutes until AD DS has signaled that the initial synchronization has successfully completed."
"5/17/2026 9:00:44 AM","7693","Information","Microsoft-Windows-DNS-Server-Service","The XfrScopeOptionValue has been set to 65433.  This option ID will be used to communicate the scope information during zone transfers via an OPT RR."
"5/17/2026 8:31:18 AM","3","Information","Microsoft-Windows-DNS-Server-Service","The DNS server has shut down."
"5/17/2026 8:11:07 AM","4","Information","Microsoft-Windows-DNS-Server-Service","The DNS server has finished the background loading and signing of zones. All zones are now available for DNS updates and zone transfers, as allowed by their individual zone configuration."
"5/17/2026 8:11:07 AM","2","Information","Microsoft-Windows-DNS-Server-Service","The DNS server has started."
"5/17/2026 8:11:06 AM","769","Information","Microsoft-Windows-DNS-Server-Service","The DNS server has loaded the zone scaffold.htb from file NULL on server dc.scaffold.htb. [virtualization instance: .]."
"5/17/2026 8:11:06 AM","769","Information","Microsoft-Windows-DNS-Server-Service","The DNS server has loaded the zone _msdcs.scaffold.htb from file NULL on server dc.scaffold.htb. [virtualization instance: .]."
"5/17/2026 8:10:42 AM","4013","Warning","Microsoft-Windows-DNS-Server-Service","The DNS server is waiting for Active Directory Domain Services (AD DS) to signal that the initial synchronization of the directory has been completed. The DNS server service cannot start until the initial synchronization is complete because critical DNS data might not yet be replicated onto this domain controller. If events in the AD DS event log indicate that there is a problem with DNS name resolution, consider adding the IP address of another DNS server for this domain to the DNS server list in the Internet Protocol properties of this computer. This event will be logged every two minutes until AD DS has signaled that the initial synchronization has successfully completed."
"5/17/2026 8:10:37 AM","7693","Information","Microsoft-Windows-DNS-Server-Service","The XfrScopeOptionValue has been set to 65433.  This option ID will be used to communicate the scope information during zone transfers via an OPT RR."
"5/17/2026 8:09:16 AM","3","Information","Microsoft-Windows-DNS-Server-Service","The DNS server has shut down."
"5/17/2026 7:31:35 AM","4","Information","Microsoft-Windows-DNS-Server-Service","The DNS server has finished the background loading and signing of zones. All zones are now available for DNS updates and zone transfers, as allowed by their individual zone configuration."
"5/17/2026 7:31:34 AM","2","Information","Microsoft-Windows-DNS-Server-Service","The DNS server has started."
"5/17/2026 7:31:34 AM","769","Information","Microsoft-Windows-DNS-Server-Service","The DNS server has loaded the zone scaffold.htb from file NULL on server dc.scaffold.htb. [virtualization instance: .]."
"5/17/2026 7:31:34 AM","769","Information","Microsoft-Windows-DNS-Server-Service","The DNS server has loaded the zone _msdcs.scaffold.htb from file NULL on server dc.scaffold.htb. [virtualization instance: .]."
"5/17/2026 7:31:09 AM","4013","Warning","Microsoft-Windows-DNS-Server-Service","The DNS server is waiting for Active Directory Domain Services (AD DS) to signal that the initial synchronization of the directory has been completed. The DNS server service cannot start until the initial synchronization is complete because critical DNS data might not yet be replicated onto this domain controller. If events in the AD DS event log indicate that there is a problem with DNS name resolution, consider adding the IP address of another DNS server for this domain to the DNS server list in the Internet Protocol properties of this computer. This event will be logged every two minutes until AD DS has signaled that the initial synchronization has successfully completed."
"5/17/2026 7:31:04 AM","7693","Information","Microsoft-Windows-DNS-Server-Service","The XfrScopeOptionValue has been set to 65433.  This option ID will be used to communicate the scope information during zone transfers via an OPT RR."
"5/17/2026 7:29:29 AM","3","Information","Microsoft-Windows-DNS-Server-Service","The DNS server has shut down."
"5/17/2026 6:52:52 AM","4","Information","Microsoft-Windows-DNS-Server-Service","The DNS server has finished the background loading and signing of zones. All zones are now available for DNS updates and zone transfers, as allowed by their individual zone configuration."
"5/17/2026 6:52:52 AM","2","Information","Microsoft-Windows-DNS-Server-Service","The DNS server has started."
"5/17/2026 6:52:52 AM","769","Information","Microsoft-Windows-DNS-Server-Service","The DNS server has loaded the zone scaffold.htb from file NULL on server dc.scaffold.htb. [virtualization instance: .]."
"5/17/2026 6:52:52 AM","769","Information","Microsoft-Windows-DNS-Server-Service","The DNS server has loaded the zone _msdcs.scaffold.htb from file NULL on server dc.scaffold.htb. [virtualization instance: .]."
"5/17/2026 6:52:27 AM","4013","Warning","Microsoft-Windows-DNS-Server-Service","The DNS server is waiting for Active Directory Domain Services (AD DS) to signal that the initial synchronization of the directory has been completed. The DNS server service cannot start until the initial synchronization is complete because critical DNS data might not yet be replicated onto this domain controller. If events in the AD DS event log indicate that there is a problem with DNS name resolution, consider adding the IP address of another DNS server for this domain to the DNS server list in the Internet Protocol properties of this computer. This event will be logged every two minutes until AD DS has signaled that the initial synchronization has successfully completed."
"5/17/2026 6:52:22 AM","7693","Information","Microsoft-Windows-DNS-Server-Service","The XfrScopeOptionValue has been set to 65433.  This option ID will be used to communicate the scope information during zone transfers via an OPT RR."
"5/15/2026 8:17:29 AM","4","Information","Microsoft-Windows-DNS-Server-Service","The DNS server has finished the background loading and signing of zones. All zones are now available for DNS updates and zone transfers, as allowed by their individual zone configuration."
"5/15/2026 8:17:29 AM","2","Information","Microsoft-Windows-DNS-Server-Service","The DNS server has started."
"5/15/2026 8:17:28 AM","769","Information","Microsoft-Windows-DNS-Server-Service","The DNS server has loaded the zone scaffold.htb from file NULL on server dc.scaffold.htb. [virtualization instance: .]."
"5/15/2026 8:17:28 AM","769","Information","Microsoft-Windows-DNS-Server-Service","The DNS server has loaded the zone _msdcs.scaffold.htb from file NULL on server dc.scaffold.htb. [virtualization instance: .]."
"5/15/2026 8:17:04 AM","4013","Warning","Microsoft-Windows-DNS-Server-Service","The DNS server is waiting for Active Directory Domain Services (AD DS) to signal that the initial synchronization of the directory has been completed. The DNS server service cannot start until the initial synchronization is complete because critical DNS data might not yet be replicated onto this domain controller. If events in the AD DS event log indicate that there is a problem with DNS name resolution, consider adding the IP address of another DNS server for this domain to the DNS server list in the Internet Protocol properties of this computer. This event will be logged every two minutes until AD DS has signaled that the initial synchronization has successfully completed."
"5/15/2026 8:16:59 AM","7693","Information","Microsoft-Windows-DNS-Server-Service","The XfrScopeOptionValue has been set to 65433.  This option ID will be used to communicate the scope information during zone transfers via an OPT RR."
"5/15/2026 8:13:42 AM","3","Information","Microsoft-Windows-DNS-Server-Service","The DNS server has shut down."
"5/15/2026 7:57:05 AM","408","Error","Microsoft-Windows-DNS-Server-Service","The DNS server could not open socket for address 169.254.33.238. 
Verify that this is a valid IP address for the server computer.  If it is NOT valid use the Interfaces dialog under Server Properties in the DNS Manager to remove it from the list of IP interfaces.  Then stop and restart the DNS server. (If this was the only IP interface on this machine and the DNS server may not have started as a result of this error.  In that case remove the DNS\Parameters\ ListenAddress value in the services section of the registry and restart.) 
 
If this is a valid IP address for this machine, make sure that no other application (e.g. another DNS server) is running that would attempt to use the DNS port. 
 
For more information, see ""DNS server log reference"" in the online Help."
"5/15/2026 7:57:05 AM","404","Error","Microsoft-Windows-DNS-Server-Service","The DNS server could not bind a Transmission Control Protocol (TCP) socket to address 169.254.33.238. The event data is the error code.  An IP address of 0.0.0.0 can indicate a valid ""any address"" configuration in which all configured IP addresses on the computer are available for use. 
Restart the DNS server or reboot the computer."
"5/15/2026 7:57:05 AM","408","Error","Microsoft-Windows-DNS-Server-Service","The DNS server could not open socket for address 169.254.33.238. 
Verify that this is a valid IP address for the server computer.  If it is NOT valid use the Interfaces dialog under Server Properties in the DNS Manager to remove it from the list of IP interfaces.  Then stop and restart the DNS server. (If this was the only IP interface on this machine and the DNS server may not have started as a result of this error.  In that case remove the DNS\Parameters\ ListenAddress value in the services section of the registry and restart.) 
 
If this is a valid IP address for this machine, make sure that no other application (e.g. another DNS server) is running that would attempt to use the DNS port. 
 
For more information, see ""DNS server log reference"" in the online Help."
"5/15/2026 7:57:05 AM","407","Error","Microsoft-Windows-DNS-Server-Service","The DNS server could not bind a User Datagram Protocol (UDP) socket to 169.254.33.238. The event data is the error code. Restart the DNS server or reboot your computer."
"5/15/2026 7:55:51 AM","4","Information","Microsoft-Windows-DNS-Server-Service","The DNS server has finished the background loading and signing of zones. All zones are now available for DNS updates and zone transfers, as allowed by their individual zone configuration."
"5/15/2026 7:55:50 AM","2","Information","Microsoft-Windows-DNS-Server-Service","The DNS server has started."
"5/15/2026 7:55:50 AM","769","Information","Microsoft-Windows-DNS-Server-Service","The DNS server has loaded the zone scaffold.htb from file NULL on server dc.scaffold.htb. [virtualization instance: .]."
"5/15/2026 7:55:50 AM","769","Information","Microsoft-Windows-DNS-Server-Service","The DNS server has loaded the zone _msdcs.scaffold.htb from file NULL on server dc.scaffold.htb. [virtualization instance: .]."
"5/15/2026 7:55:26 AM","4013","Warning","Microsoft-Windows-DNS-Server-Service","The DNS server is waiting for Active Directory Domain Services (AD DS) to signal that the initial synchronization of the directory has been completed. The DNS server service cannot start until the initial synchronization is complete because critical DNS data might not yet be replicated onto this domain controller. If events in the AD DS event log indicate that there is a problem with DNS name resolution, consider adding the IP address of another DNS server for this domain to the DNS server list in the Internet Protocol properties of this computer. This event will be logged every two minutes until AD DS has signaled that the initial synchronization has successfully completed."
"5/15/2026 7:55:20 AM","7693","Information","Microsoft-Windows-DNS-Server-Service","The XfrScopeOptionValue has been set to 65433.  This option ID will be used to communicate the scope information during zone transfers via an OPT RR."
"5/14/2026 4:41:10 PM","3","Information","Microsoft-Windows-DNS-Server-Service","The DNS server has shut down."
"5/14/2026 11:52:47 AM","4","Information","Microsoft-Windows-DNS-Server-Service","The DNS server has finished the background loading and signing of zones. All zones are now available for DNS updates and zone transfers, as allowed by their individual zone configuration."
"5/14/2026 11:52:47 AM","2","Information","Microsoft-Windows-DNS-Server-Service","The DNS server has started."
"5/14/2026 11:52:47 AM","769","Information","Microsoft-Windows-DNS-Server-Service","The DNS server has loaded the zone scaffold.htb from file NULL on server dc.scaffold.htb. [virtualization instance: .]."
"5/14/2026 11:52:47 AM","769","Information","Microsoft-Windows-DNS-Server-Service","The DNS server has loaded the zone _msdcs.scaffold.htb from file NULL on server dc.scaffold.htb. [virtualization instance: .]."
"5/14/2026 11:52:22 AM","4013","Warning","Microsoft-Windows-DNS-Server-Service","The DNS server is waiting for Active Directory Domain Services (AD DS) to signal that the initial synchronization of the directory has been completed. The DNS server service cannot start until the initial synchronization is complete because critical DNS data might not yet be replicated onto this domain controller. If events in the AD DS event log indicate that there is a problem with DNS name resolution, consider adding the IP address of another DNS server for this domain to the DNS server list in the Internet Protocol properties of this computer. This event will be logged every two minutes until AD DS has signaled that the initial synchronization has successfully completed."
"5/14/2026 11:52:17 AM","7693","Information","Microsoft-Windows-DNS-Server-Service","The XfrScopeOptionValue has been set to 65433.  This option ID will be used to communicate the scope information during zone transfers via an OPT RR."
"5/13/2026 5:52:02 PM","3","Information","Microsoft-Windows-DNS-Server-Service","The DNS server has shut down."
"5/13/2026 4:18:28 PM","4","Information","Microsoft-Windows-DNS-Server-Service","The DNS server has finished the background loading and signing of zones. All zones are now available for DNS updates and zone transfers, as allowed by their individual zone configuration."
"5/13/2026 4:18:28 PM","2","Information","Microsoft-Windows-DNS-Server-Service","The DNS server has started."
"5/13/2026 4:18:27 PM","769","Information","Microsoft-Windows-DNS-Server-Service","The DNS server has loaded the zone scaffold.htb from file NULL on server dc.scaffold.htb. [virtualization instance: .]."
"5/13/2026 4:18:27 PM","769","Information","Microsoft-Windows-DNS-Server-Service","The DNS server has loaded the zone _msdcs.scaffold.htb from file NULL on server dc.scaffold.htb. [virtualization instance: .]."
"5/13/2026 4:18:03 PM","4013","Warning","Microsoft-Windows-DNS-Server-Service","The DNS server is waiting for Active Directory Domain Services (AD DS) to signal that the initial synchronization of the directory has been completed. The DNS server service cannot start until the initial synchronization is complete because critical DNS data might not yet be replicated onto this domain controller. If events in the AD DS event log indicate that there is a problem with DNS name resolution, consider adding the IP address of another DNS server for this domain to the DNS server list in the Internet Protocol properties of this computer. This event will be logged every two minutes until AD DS has signaled that the initial synchronization has successfully completed."
"5/13/2026 4:17:58 PM","7693","Information","Microsoft-Windows-DNS-Server-Service","The XfrScopeOptionValue has been set to 65433.  This option ID will be used to communicate the scope information during zone transfers via an OPT RR."
"5/13/2026 4:17:26 PM","3","Information","Microsoft-Windows-DNS-Server-Service","The DNS server has shut down."
"5/13/2026 1:08:32 PM","4","Information","Microsoft-Windows-DNS-Server-Service","The DNS server has finished the background loading and signing of zones. All zones are now available for DNS updates and zone transfers, as allowed by their individual zone configuration."
"5/13/2026 1:08:31 PM","2","Information","Microsoft-Windows-DNS-Server-Service","The DNS server has started."
"5/13/2026 1:08:31 PM","769","Information","Microsoft-Windows-DNS-Server-Service","The DNS server has loaded the zone scaffold.htb from file NULL on server dc.scaffold.htb. [virtualization instance: .]."
"5/13/2026 1:08:31 PM","769","Information","Microsoft-Windows-DNS-Server-Service","The DNS server has loaded the zone _msdcs.scaffold.htb from file NULL on server dc.scaffold.htb. [virtualization instance: .]."
"5/13/2026 1:08:11 PM","4013","Warning","Microsoft-Windows-DNS-Server-Service","The DNS server is waiting for Active Directory Domain Services (AD DS) to signal that the initial synchronization of the directory has been completed. The DNS server service cannot start until the initial synchronization is complete because critical DNS data might not yet be replicated onto this domain controller. If events in the AD DS event log indicate that there is a problem with DNS name resolution, consider adding the IP address of another DNS server for this domain to the DNS server list in the Internet Protocol properties of this computer. This event will be logged every two minutes until AD DS has signaled that the initial synchronization has successfully completed."
"5/13/2026 1:08:02 PM","7693","Information","Microsoft-Windows-DNS-Server-Service","The XfrScopeOptionValue has been set to 65433.  This option ID will be used to communicate the scope information during zone transfers via an OPT RR."
"5/13/2026 10:06:18 AM","3","Information","Microsoft-Windows-DNS-Server-Service","The DNS server has shut down."
"5/13/2026 8:27:33 AM","408","Error","Microsoft-Windows-DNS-Server-Service","The DNS server could not open socket for address 192.168.100.6. 
Verify that this is a valid IP address for the server computer.  If it is NOT valid use the Interfaces dialog under Server Properties in the DNS Manager to remove it from the list of IP interfaces.  Then stop and restart the DNS server. (If this was the only IP interface on this machine and the DNS server may not have started as a result of this error.  In that case remove the DNS\Parameters\ ListenAddress value in the services section of the registry and restart.) 
 
If this is a valid IP address for this machine, make sure that no other application (e.g. another DNS server) is running that would attempt to use the DNS port. 
 
For more information, see ""DNS server log reference"" in the online Help."
"5/13/2026 8:27:33 AM","404","Error","Microsoft-Windows-DNS-Server-Service","The DNS server could not bind a Transmission Control Protocol (TCP) socket to address 192.168.100.6. The event data is the error code.  An IP address of 0.0.0.0 can indicate a valid ""any address"" configuration in which all configured IP addresses on the computer are available for use. 
Restart the DNS server or reboot the computer."
"5/13/2026 8:27:33 AM","408","Error","Microsoft-Windows-DNS-Server-Service","The DNS server could not open socket for address 192.168.100.6. 
Verify that this is a valid IP address for the server computer.  If it is NOT valid use the Interfaces dialog under Server Properties in the DNS Manager to remove it from the list of IP interfaces.  Then stop and restart the DNS server. (If this was the only IP interface on this machine and the DNS server may not have started as a result of this error.  In that case remove the DNS\Parameters\ ListenAddress value in the services section of the registry and restart.) 
 
If this is a valid IP address for this machine, make sure that no other application (e.g. another DNS server) is running that would attempt to use the DNS port. 
 
For more information, see ""DNS server log reference"" in the online Help."
"5/13/2026 8:27:33 AM","407","Error","Microsoft-Windows-DNS-Server-Service","The DNS server could not bind a User Datagram Protocol (UDP) socket to 192.168.100.6. The event data is the error code. Restart the DNS server or reboot your computer."
"5/13/2026 8:16:29 AM","408","Error","Microsoft-Windows-DNS-Server-Service","The DNS server could not open socket for address 169.254.176.35. 
Verify that this is a valid IP address for the server computer.  If it is NOT valid use the Interfaces dialog under Server Properties in the DNS Manager to remove it from the list of IP interfaces.  Then stop and restart the DNS server. (If this was the only IP interface on this machine and the DNS server may not have started as a result of this error.  In that case remove the DNS\Parameters\ ListenAddress value in the services section of the registry and restart.) 
 
If this is a valid IP address for this machine, make sure that no other application (e.g. another DNS server) is running that would attempt to use the DNS port. 
 
For more information, see ""DNS server log reference"" in the online Help."
"5/13/2026 8:16:29 AM","404","Error","Microsoft-Windows-DNS-Server-Service","The DNS server could not bind a Transmission Control Protocol (TCP) socket to address 169.254.176.35. The event data is the error code.  An IP address of 0.0.0.0 can indicate a valid ""any address"" configuration in which all configured IP addresses on the computer are available for use. 
Restart the DNS server or reboot the computer."
"5/13/2026 8:16:29 AM","408","Error","Microsoft-Windows-DNS-Server-Service","The DNS server could not open socket for address 169.254.176.35. 
Verify that this is a valid IP address for the server computer.  If it is NOT valid use the Interfaces dialog under Server Properties in the DNS Manager to remove it from the list of IP interfaces.  Then stop and restart the DNS server. (If this was the only IP interface on this machine and the DNS server may not have started as a result of this error.  In that case remove the DNS\Parameters\ ListenAddress value in the services section of the registry and restart.) 
 
If this is a valid IP address for this machine, make sure that no other application (e.g. another DNS server) is running that would attempt to use the DNS port. 
 
For more information, see ""DNS server log reference"" in the online Help."
"5/13/2026 8:16:29 AM","407","Error","Microsoft-Windows-DNS-Server-Service","The DNS server could not bind a User Datagram Protocol (UDP) socket to 169.254.176.35. The event data is the error code. Restart the DNS server or reboot your computer."
"5/13/2026 8:12:59 AM","5501","Information","Microsoft-Windows-DNS-Server-Service","The DNS server encountered a bad packet from 192.168.116.2.  Packet processing leads beyond packet length. The event data contains the DNS packet."
"5/13/2026 7:55:12 AM","5501","Information","Microsoft-Windows-DNS-Server-Service","The DNS server encountered a bad packet from 192.168.116.2.  Packet processing leads beyond packet length. The event data contains the DNS packet."
"5/13/2026 7:45:12 AM","5501","Information","Microsoft-Windows-DNS-Server-Service","The DNS server encountered a bad packet from 192.168.116.2.  Packet processing leads beyond packet length. The event data contains the DNS packet."
"5/13/2026 7:44:24 AM","4500","Information","Microsoft-Windows-DNS-Server-Service","The DNS Application Directory Partition ForestDnsZones.scaffold.htb was created. The distinguished name of the root of this Directory Partition is DC=ForestDnsZones,DC=scaffold,DC=htb."
"5/13/2026 7:44:24 AM","4500","Information","Microsoft-Windows-DNS-Server-Service","The DNS Application Directory Partition DomainDnsZones.scaffold.htb was created. The distinguished name of the root of this Directory Partition is DC=DomainDnsZones,DC=scaffold,DC=htb."
"5/13/2026 7:44:21 AM","2","Information","Microsoft-Windows-DNS-Server-Service","The DNS server has started."
"5/13/2026 7:44:21 AM","4","Information","Microsoft-Windows-DNS-Server-Service","The DNS server has finished the background loading and signing of zones. All zones are now available for DNS updates and zone transfers, as allowed by their individual zone configuration."
"5/13/2026 7:44:21 AM","769","Information","Microsoft-Windows-DNS-Server-Service","The DNS server has loaded the zone scaffold.htb from file scaffold.htb.dns on server dc.scaffold.htb. [virtualization instance: .]."
"5/13/2026 7:44:21 AM","769","Information","Microsoft-Windows-DNS-Server-Service","The DNS server has loaded the zone _msdcs.scaffold.htb from file _msdcs.scaffold.htb.dns on server dc.scaffold.htb. [virtualization instance: .]."
"5/13/2026 7:43:57 AM","4013","Warning","Microsoft-Windows-DNS-Server-Service","The DNS server is waiting for Active Directory Domain Services (AD DS) to signal that the initial synchronization of the directory has been completed. The DNS server service cannot start until the initial synchronization is complete because critical DNS data might not yet be replicated onto this domain controller. If events in the AD DS event log indicate that there is a problem with DNS name resolution, consider adding the IP address of another DNS server for this domain to the DNS server list in the Internet Protocol properties of this computer. This event will be logged every two minutes until AD DS has signaled that the initial synchronization has successfully completed."
"5/13/2026 7:43:51 AM","7693","Information","Microsoft-Windows-DNS-Server-Service","The XfrScopeOptionValue has been set to 65433.  This option ID will be used to communicate the scope information during zone transfers via an OPT RR."
"5/13/2026 7:43:26 AM","3","Information","Microsoft-Windows-DNS-Server-Service","The DNS server has shut down."
"5/13/2026 7:43:26 AM","3150","Information","Microsoft-Windows-DNS-Server-Service","The DNS server wrote version 2 of zone scaffold.htb to file scaffold.htb.dns."
"5/13/2026 7:43:05 AM","3150","Information","Microsoft-Windows-DNS-Server-Service","The DNS server wrote version 1 of zone _msdcs.scaffold.htb to file _msdcs.scaffold.htb.dns."
"5/13/2026 7:43:05 AM","3150","Information","Microsoft-Windows-DNS-Server-Service","The DNS server wrote version 1 of zone scaffold.htb to file scaffold.htb.dns."
"5/13/2026 7:43:05 AM","2631","Information","Microsoft-Windows-DNS-Server-Service","The DNS server successfully autoconfigured: 
	DNS server forwarders 
	DNS resolver 
	 
	"
"5/13/2026 7:42:33 AM","2","Information","Microsoft-Windows-DNS-Server-Service","The DNS server has started."
