"TimeCreated","Id","LevelDisplayName","ProviderName","Message"
"9/20/2026 4:45:00 AM","5858","Error","Microsoft-Windows-WMI-Activity","Id = {00000000-0000-0000-0000-000000000000}; ClientMachine = DC; User = NT AUTHORITY\SYSTEM; ClientProcessId = 1116; Component = Unknown; Operation = Start IWbemServices::ExecQuery - ROOT\CIMV2 : SELECT State FROM Win32_Service; ResultCode = 0x80041032; PossibleCause = Unknown"
"9/20/2026 4:44:48 AM","5857","Information","Microsoft-Windows-WMI-Activity","Microsoft|DSLDAPInstanceProvider|V1.0 provider started with result code 0x0. HostProcess = wmiprvse.exe; ProcessID = 4196; ProviderPath = %systemroot%\system32\wbem\dsprov.dll"
"9/20/2026 4:44:48 AM","5857","Information","Microsoft-Windows-WMI-Activity","Microsoft|DSLDAPClassProvider|V1.0 provider started with result code 0x0. HostProcess = wmiprvse.exe; ProcessID = 4196; ProviderPath = %systemroot%\system32\wbem\dsprov.dll"
"9/20/2026 4:44:40 AM","5857","Information","Microsoft-Windows-WMI-Activity","Win32_WIN32_TERMINALSERVICE_Prov provider started with result code 0x0. HostProcess = wmiprvse.exe; ProcessID = 4196; ProviderPath = %SystemRoot%\system32\tscfgwmi.dll"
"9/20/2026 4:44:40 AM","5858","Error","Microsoft-Windows-WMI-Activity","Id = {00000000-0000-0000-0000-000000000000}; ClientMachine = DC; User = NT AUTHORITY\SYSTEM; ClientProcessId = 2384; Component = Unknown; Operation = Start IWbemServices::ExecQuery - ROOT\WMI : SELECT * FROM BatteryStaticData; ResultCode = 0x80041010; PossibleCause = Unknown"
"9/20/2026 4:44:40 AM","5858","Error","Microsoft-Windows-WMI-Activity","Id = {00000000-0000-0000-0000-000000000000}; ClientMachine = DC; User = NT AUTHORITY\SYSTEM; ClientProcessId = 2384; Component = Unknown; Operation = Start IWbemServices::ExecQuery - ROOT\WMI : SELECT * FROM BatteryFullChargedCapacity; ResultCode = 0x80041010; PossibleCause = Unknown"
"9/20/2026 4:44:40 AM","5857","Information","Microsoft-Windows-WMI-Activity","WMIProv provider started with result code 0x0. HostProcess = wmiprvse.exe; ProcessID = 4360; ProviderPath = %systemroot%\system32\wbem\wmiprov.dll"
"9/20/2026 4:44:39 AM","5857","Information","Microsoft-Windows-WMI-Activity","PowerWmiProvider provider started with result code 0x0. HostProcess = wmiprvse.exe; ProcessID = 1420; ProviderPath = %systemroot%\system32\umpowmi.dll"
"9/20/2026 4:44:38 AM","5857","Information","Microsoft-Windows-WMI-Activity","StorageWMI provider started with result code 0x0. HostProcess = wmiprvse.exe; ProcessID = 4196; ProviderPath = %SystemRoot%\System32\storagewmi.dll"
"9/20/2026 4:44:38 AM","5857","Information","Microsoft-Windows-WMI-Activity","MSVDS__PROVIDER provider started with result code 0x0. HostProcess = wmiprvse.exe; ProcessID = 4196; ProviderPath = %systemroot%\system32\wbem\vdswmi.dll"
"9/20/2026 4:28:24 AM","5857","Information","Microsoft-Windows-WMI-Activity","DeliveryOptimizationMIProv provider started with result code 0x0. HostProcess = wmiprvse.exe; ProcessID = 4196; ProviderPath = %SystemRoot%\system32\domgmt.dll"
"9/20/2026 4:28:24 AM","5858","Error","Microsoft-Windows-WMI-Activity","Id = {00000000-0000-0000-0000-000000000000}; ClientMachine = DC; User = NT AUTHORITY\SYSTEM; ClientProcessId = 5736; Component = Unknown; Operation = Start IWbemServices::ExecQuery - root\Microsoft\Windows\DeviceGuard : SELECT AvailableSecurityProperties FROM Win32_DeviceGuard ; ResultCode = 0x80041032; PossibleCause = Unknown"
"9/20/2026 4:28:24 AM","5858","Error","Microsoft-Windows-WMI-Activity","Id = {00000000-0000-0000-0000-000000000000}; ClientMachine = DC; User = NT AUTHORITY\SYSTEM; ClientProcessId = 5736; Component = Unknown; Operation = Start IWbemServices::ExecQuery - root\Microsoft\Windows\DeviceGuard : SELECT AvailableSecurityProperties FROM Win32_DeviceGuard ; ResultCode = 0x80041032; PossibleCause = Unknown"
"9/20/2026 4:28:24 AM","5857","Information","Microsoft-Windows-WMI-Activity","Win32_DeviceGuard provider started with result code 0x0. HostProcess = wmiprvse.exe; ProcessID = 4196; ProviderPath = %SystemRoot%\System32\Win32_DeviceGuard.dll"
"9/20/2026 4:28:23 AM","5857","Information","Microsoft-Windows-WMI-Activity","Win32_TpmProvider provider started with result code 0x0. HostProcess = wmiprvse.exe; ProcessID = 4196; ProviderPath = C:\Windows\System32\wbem\Win32_TPM.dll"
"9/20/2026 4:28:23 AM","5858","Error","Microsoft-Windows-WMI-Activity","Id = {00000000-0000-0000-0000-000000000000}; ClientMachine = DC; User = NT AUTHORITY\SYSTEM; ClientProcessId = 5736; Component = Unknown; Operation = Start IWbemServices::ExecQuery - ROOT\CCM : select ClientId from CCM_Client; ResultCode = 0x80041010; PossibleCause = Unknown"
"9/20/2026 4:28:23 AM","5858","Error","Microsoft-Windows-WMI-Activity","Id = {00000000-0000-0000-0000-000000000000}; ClientMachine = DC; User = NT AUTHORITY\SYSTEM; ClientProcessId = 5736; Component = Unknown; Operation = Start IWbemServices::ExecQuery - ROOT\CIMV2 : SELECT ID FROM Win32_ServerFeature; ResultCode = 0x80041032; PossibleCause = Unknown"
"9/20/2026 4:28:19 AM","5857","Information","Microsoft-Windows-WMI-Activity","deploymentprovider provider started with result code 0x0. HostProcess = wmiprvse.exe; ProcessID = 4432; ProviderPath = %systemroot%\system32\wbem\ServerManager.DeploymentProvider.dll"
"9/20/2026 4:28:18 AM","5857","Information","Microsoft-Windows-WMI-Activity","ServerFeatureProvider provider started with result code 0x0. HostProcess = wmiprvse.exe; ProcessID = 4196; ProviderPath = %windir%\system32\wbem\servercompprov.dll"
"9/20/2026 4:27:46 AM","5857","Information","Microsoft-Windows-WMI-Activity","WMIProv provider started with result code 0x0. HostProcess = wmiprvse.exe; ProcessID = 4360; ProviderPath = %systemroot%\system32\wbem\wmiprov.dll"
"9/20/2026 4:21:42 AM","5858","Error","Microsoft-Windows-WMI-Activity","Id = {00000000-0000-0000-0000-000000000000}; ClientMachine = DC; User = NT AUTHORITY\SYSTEM; ClientProcessId = 3360; Component = Unknown; Operation = Start IWbemServices::ExecQuery - root\cimv2 : SELECT * FROM Win32_ComputerSystemProduct; ResultCode = 0x80041032; PossibleCause = Unknown"
"9/20/2026 4:19:52 AM","5857","Information","Microsoft-Windows-WMI-Activity","MS_NT_EVENTLOG_PROVIDER provider started with result code 0x0. HostProcess = wmiprvse.exe; ProcessID = 4196; ProviderPath = %systemroot%\system32\wbem\ntevt.dll"
"9/20/2026 4:19:32 AM","5857","Information","Microsoft-Windows-WMI-Activity","WmiPerfClass provider started with result code 0x0. HostProcess = wmiprvse.exe; ProcessID = 4360; ProviderPath = C:\Windows\System32\wbem\WmiPerfClass.dll"
"9/20/2026 4:19:18 AM","5858","Error","Microsoft-Windows-WMI-Activity","Id = {00000000-0000-0000-0000-000000000000}; ClientMachine = DC; User = NT AUTHORITY\SYSTEM; ClientProcessId = 3748; Component = Unknown; Operation = Start IWbemServices::CreateInstanceEnum - root\wmi : MSiSCSI_PortalInfoClass; ResultCode = 0x8004100C; PossibleCause = Unknown"
"9/20/2026 4:19:18 AM","5858","Error","Microsoft-Windows-WMI-Activity","Id = {00000000-0000-0000-0000-000000000000}; ClientMachine = DC; User = NT AUTHORITY\SYSTEM; ClientProcessId = 3748; Component = Unknown; Operation = Start IWbemServices::CreateInstanceEnum - root\wmi : MS_SM_AdapterInformationQuery; ResultCode = 0x8004100C; PossibleCause = Unknown"
"9/20/2026 4:19:17 AM","5857","Information","Microsoft-Windows-WMI-Activity","WMIProv provider started with result code 0x0. HostProcess = wmiprvse.exe; ProcessID = 4360; ProviderPath = %systemroot%\system32\wbem\wmiprov.dll"
"9/20/2026 4:19:15 AM","5857","Information","Microsoft-Windows-WMI-Activity","CIMWin32 provider started with result code 0x0. HostProcess = wmiprvse.exe; ProcessID = 4196; ProviderPath = %systemroot%\system32\wbem\cimwin32.dll"
"9/20/2026 4:19:15 AM","5859","Information","Microsoft-Windows-WMI-Activity","Namespace = //./root/CIMV2; NotificationQuery = select * from MSFT_SCMEventLogEvent; OwnerName = S-1-5-32-544; HostProcessID = 3128;  Provider= SCM Event Provider, queryID = 0; PossibleCause = Permanent"
"9/20/2026 4:19:14 AM","5860","Information","Microsoft-Windows-WMI-Activity","Namespace = ROOT\Subscription; NotificationQuery = SELECT * FROM __InstanceOperationEvent WITHIN 5WHERE TargetInstance ISA '__EventConsumer' OR TargetInstance ISA '__EventFilter' OR TargetInstance ISA '__FilterToConsumerBinding'; UserName = NT AUTHORITY\SYSTEM; ClientProcessID = 2696, ClientMachine = DC; PossibleCause = Temporary"
"9/20/2026 4:19:14 AM","5861","Information","Microsoft-Windows-WMI-Activity","Namespace = //./root/subscription; Eventfilter = SCM Event Log Filter (refer to its activate eventid:5859); Consumer = NTEventLogEventConsumer=""SCM Event Log Consumer""; PossibleCause = Binding EventFilter: 
instance of __EventFilter
{
	CreatorSID = {1, 2, 0, 0, 0, 0, 0, 5, 32, 0, 0, 0, 32, 2, 0, 0};
	EventNamespace = ""root\\cimv2"";
	Name = ""SCM Event Log Filter"";
	Query = ""select * from MSFT_SCMEventLogEvent"";
	QueryLanguage = ""WQL"";
};
Perm. Consumer: 
instance of NTEventLogEventConsumer
{
	Category = 0;
	CreatorSID = {1, 2, 0, 0, 0, 0, 0, 5, 32, 0, 0, 0, 32, 2, 0, 0};
	EventType = 1;
	Name = ""SCM Event Log Consumer"";
	NameOfUserSIDProperty = ""sid"";
	SourceName = ""Service Control Manager"";
};
"
"9/7/2026 9:36:17 PM","5858","Error","Microsoft-Windows-WMI-Activity","Id = {B9DF07ED-C9B4-4648-A7B5-22BC51504819}; ClientMachine = DC; User = SCAFFOLD\Administrator; ClientProcessId = 1632; Component = Unknown; Operation = Start IWbemServices::ExecMethod - root\microsoft\windows\servermanager : MSFT_ServerManagerTasks::GetServerInventory; ResultCode = 0x80041032; PossibleCause = Unknown"
"9/7/2026 9:36:17 PM","5858","Error","Microsoft-Windows-WMI-Activity","Id = {B9DF07ED-C9B4-4648-A7B5-22BC51504819}; ClientMachine = DC; User = SCAFFOLD\Administrator; ClientProcessId = 1632; Component = Core; Operation = Start IWbemServices::ExecMethod - root\microsoft\windows\servermanager : MSFT_ServerManagerTasks::GetServerInventory; ResultCode = 0x800706BA; PossibleCause = Could not send status to client"
"9/7/2026 9:36:14 PM","5857","Information","Microsoft-Windows-WMI-Activity","nettcpip provider started with result code 0x0. HostProcess = wmiprvse.exe; ProcessID = 4148; ProviderPath = %systemroot%\system32\wbem\NetTCPIP.dll"
"9/7/2026 9:36:13 PM","5857","Information","Microsoft-Windows-WMI-Activity","NetAdapterCim provider started with result code 0x0. HostProcess = wmiprvse.exe; ProcessID = 6740; ProviderPath = %systemroot%\system32\wbem\NetAdapterCim.dll"
"9/7/2026 9:36:12 PM","5857","Information","Microsoft-Windows-WMI-Activity","mgmtprovider provider started with result code 0x0. HostProcess = wmiprvse.exe; ProcessID = 4148; ProviderPath = %systemroot%\system32\wbem\mgmtprovider.dll"
"9/7/2026 9:35:26 PM","5857","Information","Microsoft-Windows-WMI-Activity","MS_NT_EVENTLOG_PROVIDER provider started with result code 0x0. HostProcess = wmiprvse.exe; ProcessID = 4148; ProviderPath = %systemroot%\system32\wbem\ntevt.dll"
"9/7/2026 9:35:04 PM","5857","Information","Microsoft-Windows-WMI-Activity","WmiPerfClass provider started with result code 0x0. HostProcess = wmiprvse.exe; ProcessID = 4576; ProviderPath = C:\Windows\System32\wbem\WmiPerfClass.dll"
"9/7/2026 9:34:52 PM","5858","Error","Microsoft-Windows-WMI-Activity","Id = {00000000-0000-0000-0000-000000000000}; ClientMachine = DC; User = NT AUTHORITY\SYSTEM; ClientProcessId = 3824; Component = Unknown; Operation = Start IWbemServices::CreateInstanceEnum - root\wmi : MSiSCSI_PortalInfoClass; ResultCode = 0x8004100C; PossibleCause = Unknown"
"9/7/2026 9:34:52 PM","5858","Error","Microsoft-Windows-WMI-Activity","Id = {00000000-0000-0000-0000-000000000000}; ClientMachine = DC; User = NT AUTHORITY\SYSTEM; ClientProcessId = 3824; Component = Unknown; Operation = Start IWbemServices::CreateInstanceEnum - root\wmi : MS_SM_AdapterInformationQuery; ResultCode = 0x8004100C; PossibleCause = Unknown"
"9/7/2026 9:34:52 PM","5857","Information","Microsoft-Windows-WMI-Activity","WMIProv provider started with result code 0x0. HostProcess = wmiprvse.exe; ProcessID = 4576; ProviderPath = %systemroot%\system32\wbem\wmiprov.dll"
"9/7/2026 9:34:49 PM","5857","Information","Microsoft-Windows-WMI-Activity","CIMWin32 provider started with result code 0x0. HostProcess = wmiprvse.exe; ProcessID = 4148; ProviderPath = %systemroot%\system32\wbem\cimwin32.dll"
"9/7/2026 9:34:49 PM","5859","Information","Microsoft-Windows-WMI-Activity","Namespace = //./root/CIMV2; NotificationQuery = select * from MSFT_SCMEventLogEvent; OwnerName = S-1-5-32-544; HostProcessID = 2036;  Provider= SCM Event Provider, queryID = 0; PossibleCause = Permanent"
"9/7/2026 9:34:48 PM","5860","Information","Microsoft-Windows-WMI-Activity","Namespace = ROOT\Subscription; NotificationQuery = SELECT * FROM __InstanceOperationEvent WITHIN 5WHERE TargetInstance ISA '__EventConsumer' OR TargetInstance ISA '__EventFilter' OR TargetInstance ISA '__FilterToConsumerBinding'; UserName = NT AUTHORITY\SYSTEM; ClientProcessID = 2364, ClientMachine = DC; PossibleCause = Temporary"
"9/7/2026 9:34:47 PM","5861","Information","Microsoft-Windows-WMI-Activity","Namespace = //./root/subscription; Eventfilter = SCM Event Log Filter (refer to its activate eventid:5859); Consumer = NTEventLogEventConsumer=""SCM Event Log Consumer""; PossibleCause = Binding EventFilter: 
instance of __EventFilter
{
	CreatorSID = {1, 2, 0, 0, 0, 0, 0, 5, 32, 0, 0, 0, 32, 2, 0, 0};
	EventNamespace = ""root\\cimv2"";
	Name = ""SCM Event Log Filter"";
	Query = ""select * from MSFT_SCMEventLogEvent"";
	QueryLanguage = ""WQL"";
};
Perm. Consumer: 
instance of NTEventLogEventConsumer
{
	Category = 0;
	CreatorSID = {1, 2, 0, 0, 0, 0, 0, 5, 32, 0, 0, 0, 32, 2, 0, 0};
	EventType = 1;
	Name = ""SCM Event Log Consumer"";
	NameOfUserSIDProperty = ""sid"";
	SourceName = ""Service Control Manager"";
};
"
"9/7/2026 8:00:01 PM","5857","Information","Microsoft-Windows-WMI-Activity","Win32_WIN32_TERMINALSERVICE_Prov provider started with result code 0x0. HostProcess = wmiprvse.exe; ProcessID = 4128; ProviderPath = %SystemRoot%\system32\tscfgwmi.dll"
"9/7/2026 7:52:16 PM","5858","Error","Microsoft-Windows-WMI-Activity","Id = {2F1C3B72-E20A-4355-824F-3DDF9A4E0207}; ClientMachine = DC; User = NT AUTHORITY\SYSTEM; ClientProcessId = 1456; Component = Unknown; Operation = Start IWbemServices::DeleteInstance - Root\Rsop\User\S_1_5_21_365932789_2848835602_3476675013_500 : RSOP_ExtensionStatus.extensionGuid=""{FB2CA36D-0B40-4307-821B-A13B252DE56C}""; ResultCode = 0x80041002; PossibleCause = Unknown"
"9/7/2026 7:52:16 PM","5858","Error","Microsoft-Windows-WMI-Activity","Id = {2F1C3B72-E20A-4355-824F-3DDF9A4E0207}; ClientMachine = DC; User = NT AUTHORITY\SYSTEM; ClientProcessId = 1456; Component = Unknown; Operation = Start IWbemServices::DeleteInstance - Root\Rsop\User\S_1_5_21_365932789_2848835602_3476675013_500 : RSOP_ExtensionStatus.extensionGuid=""{F9C77450-3A41-477E-9310-9ACD617BD9E3}""; ResultCode = 0x80041002; PossibleCause = Unknown"
"9/7/2026 7:52:16 PM","5858","Error","Microsoft-Windows-WMI-Activity","Id = {2F1C3B72-E20A-4355-824F-3DDF9A4E0207}; ClientMachine = DC; User = NT AUTHORITY\SYSTEM; ClientProcessId = 1456; Component = Unknown; Operation = Start IWbemServices::DeleteInstance - Root\Rsop\User\S_1_5_21_365932789_2848835602_3476675013_500 : RSOP_ExtensionStatus.extensionGuid=""{E62688F0-25FD-4c90-BFF5-F508B9D2E31F}""; ResultCode = 0x80041002; PossibleCause = Unknown"
"9/7/2026 7:52:16 PM","5858","Error","Microsoft-Windows-WMI-Activity","Id = {2F1C3B72-E20A-4355-824F-3DDF9A4E0207}; ClientMachine = DC; User = NT AUTHORITY\SYSTEM; ClientProcessId = 1456; Component = Unknown; Operation = Start IWbemServices::DeleteInstance - Root\Rsop\User\S_1_5_21_365932789_2848835602_3476675013_500 : RSOP_ExtensionStatus.extensionGuid=""{E5094040-C46C-4115-B030-04FB2E545B00}""; ResultCode = 0x80041002; PossibleCause = Unknown"
"9/7/2026 7:52:16 PM","5858","Error","Microsoft-Windows-WMI-Activity","Id = {2F1C3B72-E20A-4355-824F-3DDF9A4E0207}; ClientMachine = DC; User = NT AUTHORITY\SYSTEM; ClientProcessId = 1456; Component = Unknown; Operation = Start IWbemServices::DeleteInstance - Root\Rsop\User\S_1_5_21_365932789_2848835602_3476675013_500 : RSOP_ExtensionStatus.extensionGuid=""{E4F48E54-F38D-4884-BFB9-D4D2E5729C18}""; ResultCode = 0x80041002; PossibleCause = Unknown"
"9/7/2026 7:52:16 PM","5858","Error","Microsoft-Windows-WMI-Activity","Id = {2F1C3B72-E20A-4355-824F-3DDF9A4E0207}; ClientMachine = DC; User = NT AUTHORITY\SYSTEM; ClientProcessId = 1456; Component = Unknown; Operation = Start IWbemServices::DeleteInstance - Root\Rsop\User\S_1_5_21_365932789_2848835602_3476675013_500 : RSOP_ExtensionStatus.extensionGuid=""{E47248BA-94CC-49c4-BBB5-9EB7F05183D0}""; ResultCode = 0x80041002; PossibleCause = Unknown"
"9/7/2026 7:52:16 PM","5858","Error","Microsoft-Windows-WMI-Activity","Id = {2F1C3B72-E20A-4355-824F-3DDF9A4E0207}; ClientMachine = DC; User = NT AUTHORITY\SYSTEM; ClientProcessId = 1456; Component = Unknown; Operation = Start IWbemServices::DeleteInstance - Root\Rsop\User\S_1_5_21_365932789_2848835602_3476675013_500 : RSOP_ExtensionStatus.extensionGuid=""{CFF649BD-601D-4361-AD3D-0FC365DB4DB7}""; ResultCode = 0x80041002; PossibleCause = Unknown"
"9/7/2026 7:52:16 PM","5858","Error","Microsoft-Windows-WMI-Activity","Id = {2F1C3B72-E20A-4355-824F-3DDF9A4E0207}; ClientMachine = DC; User = NT AUTHORITY\SYSTEM; ClientProcessId = 1456; Component = Unknown; Operation = Start IWbemServices::DeleteInstance - Root\Rsop\User\S_1_5_21_365932789_2848835602_3476675013_500 : RSOP_ExtensionStatus.extensionGuid=""{CF7639F3-ABA2-41DB-97F2-81E2C5DBFC5D}""; ResultCode = 0x80041002; PossibleCause = Unknown"
"9/7/2026 7:52:16 PM","5858","Error","Microsoft-Windows-WMI-Activity","Id = {2F1C3B72-E20A-4355-824F-3DDF9A4E0207}; ClientMachine = DC; User = NT AUTHORITY\SYSTEM; ClientProcessId = 1456; Component = Unknown; Operation = Start IWbemServices::DeleteInstance - Root\Rsop\User\S_1_5_21_365932789_2848835602_3476675013_500 : RSOP_ExtensionStatus.extensionGuid=""{c6dc5466-785a-11d2-84d0-00c04fb169f7}""; ResultCode = 0x80041002; PossibleCause = Unknown"
"9/7/2026 7:52:16 PM","5858","Error","Microsoft-Windows-WMI-Activity","Id = {2F1C3B72-E20A-4355-824F-3DDF9A4E0207}; ClientMachine = DC; User = NT AUTHORITY\SYSTEM; ClientProcessId = 1456; Component = Unknown; Operation = Start IWbemServices::DeleteInstance - Root\Rsop\User\S_1_5_21_365932789_2848835602_3476675013_500 : RSOP_ExtensionStatus.extensionGuid=""{C631DF4C-088F-4156-B058-4375F0853CD8}""; ResultCode = 0x80041002; PossibleCause = Unknown"
"9/7/2026 7:52:16 PM","5858","Error","Microsoft-Windows-WMI-Activity","Id = {2F1C3B72-E20A-4355-824F-3DDF9A4E0207}; ClientMachine = DC; User = NT AUTHORITY\SYSTEM; ClientProcessId = 1456; Component = Unknown; Operation = Start IWbemServices::DeleteInstance - Root\Rsop\User\S_1_5_21_365932789_2848835602_3476675013_500 : RSOP_ExtensionStatus.extensionGuid=""{C418DD9D-0D14-4efb-8FBF-CFE535C8FAC7}""; ResultCode = 0x80041002; PossibleCause = Unknown"
"9/7/2026 7:52:16 PM","5858","Error","Microsoft-Windows-WMI-Activity","Id = {2F1C3B72-E20A-4355-824F-3DDF9A4E0207}; ClientMachine = DC; User = NT AUTHORITY\SYSTEM; ClientProcessId = 1456; Component = Unknown; Operation = Start IWbemServices::DeleteInstance - Root\Rsop\User\S_1_5_21_365932789_2848835602_3476675013_500 : RSOP_ExtensionStatus.extensionGuid=""{C34B2751-1CF4-44F5-9262-C3FC39666591}""; ResultCode = 0x80041002; PossibleCause = Unknown"
"9/7/2026 7:52:16 PM","5858","Error","Microsoft-Windows-WMI-Activity","Id = {2F1C3B72-E20A-4355-824F-3DDF9A4E0207}; ClientMachine = DC; User = NT AUTHORITY\SYSTEM; ClientProcessId = 1456; Component = Unknown; Operation = Start IWbemServices::DeleteInstance - Root\Rsop\User\S_1_5_21_365932789_2848835602_3476675013_500 : RSOP_ExtensionStatus.extensionGuid=""{BC75B1ED-5833-4858-9BB8-CBF0B166DF9D}""; ResultCode = 0x80041002; PossibleCause = Unknown"
"9/7/2026 7:52:16 PM","5858","Error","Microsoft-Windows-WMI-Activity","Id = {2F1C3B72-E20A-4355-824F-3DDF9A4E0207}; ClientMachine = DC; User = NT AUTHORITY\SYSTEM; ClientProcessId = 1456; Component = Unknown; Operation = Start IWbemServices::DeleteInstance - Root\Rsop\User\S_1_5_21_365932789_2848835602_3476675013_500 : RSOP_ExtensionStatus.extensionGuid=""{BA649533-0AAC-4E04-B9BC-4DBAE0325B12}""; ResultCode = 0x80041002; PossibleCause = Unknown"
"9/7/2026 7:52:16 PM","5858","Error","Microsoft-Windows-WMI-Activity","Id = {2F1C3B72-E20A-4355-824F-3DDF9A4E0207}; ClientMachine = DC; User = NT AUTHORITY\SYSTEM; ClientProcessId = 1456; Component = Unknown; Operation = Start IWbemServices::DeleteInstance - Root\Rsop\User\S_1_5_21_365932789_2848835602_3476675013_500 : RSOP_ExtensionStatus.extensionGuid=""{B087BE9D-ED37-454f-AF9C-04291E351182}""; ResultCode = 0x80041002; PossibleCause = Unknown"
"9/7/2026 7:52:16 PM","5858","Error","Microsoft-Windows-WMI-Activity","Id = {2F1C3B72-E20A-4355-824F-3DDF9A4E0207}; ClientMachine = DC; User = NT AUTHORITY\SYSTEM; ClientProcessId = 1456; Component = Unknown; Operation = Start IWbemServices::DeleteInstance - Root\Rsop\User\S_1_5_21_365932789_2848835602_3476675013_500 : RSOP_ExtensionStatus.extensionGuid=""{AADCED64-746C-4633-A97C-D61349046527}""; ResultCode = 0x80041002; PossibleCause = Unknown"
"9/7/2026 7:52:16 PM","5858","Error","Microsoft-Windows-WMI-Activity","Id = {2F1C3B72-E20A-4355-824F-3DDF9A4E0207}; ClientMachine = DC; User = NT AUTHORITY\SYSTEM; ClientProcessId = 1456; Component = Unknown; Operation = Start IWbemServices::DeleteInstance - Root\Rsop\User\S_1_5_21_365932789_2848835602_3476675013_500 : RSOP_ExtensionStatus.extensionGuid=""{A3F3E39B-5D83-4940-B954-28315B82F0A8}""; ResultCode = 0x80041002; PossibleCause = Unknown"
"9/7/2026 7:52:16 PM","5858","Error","Microsoft-Windows-WMI-Activity","Id = {2F1C3B72-E20A-4355-824F-3DDF9A4E0207}; ClientMachine = DC; User = NT AUTHORITY\SYSTEM; ClientProcessId = 1456; Component = Unknown; Operation = Start IWbemServices::DeleteInstance - Root\Rsop\User\S_1_5_21_365932789_2848835602_3476675013_500 : RSOP_ExtensionStatus.extensionGuid=""{91FBB303-0CD5-4055-BF42-E512A681B325}""; ResultCode = 0x80041002; PossibleCause = Unknown"
"9/7/2026 7:52:16 PM","5858","Error","Microsoft-Windows-WMI-Activity","Id = {2F1C3B72-E20A-4355-824F-3DDF9A4E0207}; ClientMachine = DC; User = NT AUTHORITY\SYSTEM; ClientProcessId = 1456; Component = Unknown; Operation = Start IWbemServices::DeleteInstance - Root\Rsop\User\S_1_5_21_365932789_2848835602_3476675013_500 : RSOP_ExtensionStatus.extensionGuid=""{8A28E2C5-8D06-49A4-A08C-632DAA493E17}""; ResultCode = 0x80041002; PossibleCause = Unknown"
"9/7/2026 7:52:16 PM","5858","Error","Microsoft-Windows-WMI-Activity","Id = {2F1C3B72-E20A-4355-824F-3DDF9A4E0207}; ClientMachine = DC; User = NT AUTHORITY\SYSTEM; ClientProcessId = 1456; Component = Unknown; Operation = Start IWbemServices::DeleteInstance - Root\Rsop\User\S_1_5_21_365932789_2848835602_3476675013_500 : RSOP_ExtensionStatus.extensionGuid=""{7B849a69-220F-451E-B3FE-2CB811AF94AE}""; ResultCode = 0x80041002; PossibleCause = Unknown"
"9/7/2026 7:52:16 PM","5858","Error","Microsoft-Windows-WMI-Activity","Id = {2F1C3B72-E20A-4355-824F-3DDF9A4E0207}; ClientMachine = DC; User = NT AUTHORITY\SYSTEM; ClientProcessId = 1456; Component = Unknown; Operation = Start IWbemServices::DeleteInstance - Root\Rsop\User\S_1_5_21_365932789_2848835602_3476675013_500 : RSOP_ExtensionStatus.extensionGuid=""{7933F41E-56F8-41d6-A31C-4148A711EE93}""; ResultCode = 0x80041002; PossibleCause = Unknown"
"9/7/2026 7:52:16 PM","5858","Error","Microsoft-Windows-WMI-Activity","Id = {2F1C3B72-E20A-4355-824F-3DDF9A4E0207}; ClientMachine = DC; User = NT AUTHORITY\SYSTEM; ClientProcessId = 1456; Component = Unknown; Operation = Start IWbemServices::DeleteInstance - Root\Rsop\User\S_1_5_21_365932789_2848835602_3476675013_500 : RSOP_ExtensionStatus.extensionGuid=""{7909AD9E-09EE-4247-BAB9-7029D5F0A278}""; ResultCode = 0x80041002; PossibleCause = Unknown"
"9/7/2026 7:52:16 PM","5858","Error","Microsoft-Windows-WMI-Activity","Id = {2F1C3B72-E20A-4355-824F-3DDF9A4E0207}; ClientMachine = DC; User = NT AUTHORITY\SYSTEM; ClientProcessId = 1456; Component = Unknown; Operation = Start IWbemServices::DeleteInstance - Root\Rsop\User\S_1_5_21_365932789_2848835602_3476675013_500 : RSOP_ExtensionStatus.extensionGuid=""{74EE6C03-5363-4554-B161-627540339CAB}""; ResultCode = 0x80041002; PossibleCause = Unknown"
"9/7/2026 7:52:16 PM","5858","Error","Microsoft-Windows-WMI-Activity","Id = {2F1C3B72-E20A-4355-824F-3DDF9A4E0207}; ClientMachine = DC; User = NT AUTHORITY\SYSTEM; ClientProcessId = 1456; Component = Unknown; Operation = Start IWbemServices::DeleteInstance - Root\Rsop\User\S_1_5_21_365932789_2848835602_3476675013_500 : RSOP_ExtensionStatus.extensionGuid=""{728EE579-943C-4519-9EF7-AB56765798ED}""; ResultCode = 0x80041002; PossibleCause = Unknown"
"9/7/2026 7:52:16 PM","5858","Error","Microsoft-Windows-WMI-Activity","Id = {2F1C3B72-E20A-4355-824F-3DDF9A4E0207}; ClientMachine = DC; User = NT AUTHORITY\SYSTEM; ClientProcessId = 1456; Component = Unknown; Operation = Start IWbemServices::DeleteInstance - Root\Rsop\User\S_1_5_21_365932789_2848835602_3476675013_500 : RSOP_ExtensionStatus.extensionGuid=""{7150F9BF-48AD-4da4-A49C-29EF4A8369BA}""; ResultCode = 0x80041002; PossibleCause = Unknown"
"9/7/2026 7:52:16 PM","5858","Error","Microsoft-Windows-WMI-Activity","Id = {2F1C3B72-E20A-4355-824F-3DDF9A4E0207}; ClientMachine = DC; User = NT AUTHORITY\SYSTEM; ClientProcessId = 1456; Component = Unknown; Operation = Start IWbemServices::DeleteInstance - Root\Rsop\User\S_1_5_21_365932789_2848835602_3476675013_500 : RSOP_ExtensionStatus.extensionGuid=""{6232C319-91AC-4931-9385-E70C2B099F0E}""; ResultCode = 0x80041002; PossibleCause = Unknown"
"9/7/2026 7:52:16 PM","5858","Error","Microsoft-Windows-WMI-Activity","Id = {2F1C3B72-E20A-4355-824F-3DDF9A4E0207}; ClientMachine = DC; User = NT AUTHORITY\SYSTEM; ClientProcessId = 1456; Component = Unknown; Operation = Start IWbemServices::DeleteInstance - Root\Rsop\User\S_1_5_21_365932789_2848835602_3476675013_500 : RSOP_ExtensionStatus.extensionGuid=""{5794DAFD-BE60-433f-88A2-1A31939AC01F}""; ResultCode = 0x80041002; PossibleCause = Unknown"
"9/7/2026 7:52:16 PM","5858","Error","Microsoft-Windows-WMI-Activity","Id = {2F1C3B72-E20A-4355-824F-3DDF9A4E0207}; ClientMachine = DC; User = NT AUTHORITY\SYSTEM; ClientProcessId = 1456; Component = Unknown; Operation = Start IWbemServices::DeleteInstance - Root\Rsop\User\S_1_5_21_365932789_2848835602_3476675013_500 : RSOP_ExtensionStatus.extensionGuid=""{4D2F9B6F-1E52-4711-A382-6A8B1A003DE6}""; ResultCode = 0x80041002; PossibleCause = Unknown"
"9/7/2026 7:52:16 PM","5858","Error","Microsoft-Windows-WMI-Activity","Id = {2F1C3B72-E20A-4355-824F-3DDF9A4E0207}; ClientMachine = DC; User = NT AUTHORITY\SYSTEM; ClientProcessId = 1456; Component = Unknown; Operation = Start IWbemServices::DeleteInstance - Root\Rsop\User\S_1_5_21_365932789_2848835602_3476675013_500 : RSOP_ExtensionStatus.extensionGuid=""{4CFB60C1-FAA6-47f1-89AA-0B18730C9FD3}""; ResultCode = 0x80041002; PossibleCause = Unknown"
"9/7/2026 7:52:16 PM","5858","Error","Microsoft-Windows-WMI-Activity","Id = {2F1C3B72-E20A-4355-824F-3DDF9A4E0207}; ClientMachine = DC; User = NT AUTHORITY\SYSTEM; ClientProcessId = 1456; Component = Unknown; Operation = Start IWbemServices::DeleteInstance - Root\Rsop\User\S_1_5_21_365932789_2848835602_3476675013_500 : RSOP_ExtensionStatus.extensionGuid=""{4B7C3B0F-E993-4E06-A241-3FBE06943684}""; ResultCode = 0x80041002; PossibleCause = Unknown"
"9/7/2026 7:52:16 PM","5858","Error","Microsoft-Windows-WMI-Activity","Id = {2F1C3B72-E20A-4355-824F-3DDF9A4E0207}; ClientMachine = DC; User = NT AUTHORITY\SYSTEM; ClientProcessId = 1456; Component = Unknown; Operation = Start IWbemServices::DeleteInstance - Root\Rsop\User\S_1_5_21_365932789_2848835602_3476675013_500 : RSOP_ExtensionStatus.extensionGuid=""{42B5FAAE-6536-11d2-AE5A-0000F87571E3}""; ResultCode = 0x80041002; PossibleCause = Unknown"
"9/7/2026 7:52:16 PM","5858","Error","Microsoft-Windows-WMI-Activity","Id = {2F1C3B72-E20A-4355-824F-3DDF9A4E0207}; ClientMachine = DC; User = NT AUTHORITY\SYSTEM; ClientProcessId = 1456; Component = Unknown; Operation = Start IWbemServices::DeleteInstance - Root\Rsop\User\S_1_5_21_365932789_2848835602_3476675013_500 : RSOP_ExtensionStatus.extensionGuid=""{3A0DBA37-F8B2-4356-83DE-3E90BD5C261F}""; ResultCode = 0x80041002; PossibleCause = Unknown"
"9/7/2026 7:52:16 PM","5858","Error","Microsoft-Windows-WMI-Activity","Id = {2F1C3B72-E20A-4355-824F-3DDF9A4E0207}; ClientMachine = DC; User = NT AUTHORITY\SYSTEM; ClientProcessId = 1456; Component = Unknown; Operation = Start IWbemServices::DeleteInstance - Root\Rsop\User\S_1_5_21_365932789_2848835602_3476675013_500 : RSOP_ExtensionStatus.extensionGuid=""{2BFCC077-22D2-48DE-BDE1-2F618D9B476D}""; ResultCode = 0x80041002; PossibleCause = Unknown"
"9/7/2026 7:52:16 PM","5858","Error","Microsoft-Windows-WMI-Activity","Id = {2F1C3B72-E20A-4355-824F-3DDF9A4E0207}; ClientMachine = DC; User = NT AUTHORITY\SYSTEM; ClientProcessId = 1456; Component = Unknown; Operation = Start IWbemServices::DeleteInstance - Root\Rsop\User\S_1_5_21_365932789_2848835602_3476675013_500 : RSOP_ExtensionStatus.extensionGuid=""{25537BA6-77A8-11D2-9B6C-0000F8080861}""; ResultCode = 0x80041002; PossibleCause = Unknown"
"9/7/2026 7:52:16 PM","5858","Error","Microsoft-Windows-WMI-Activity","Id = {2F1C3B72-E20A-4355-824F-3DDF9A4E0207}; ClientMachine = DC; User = NT AUTHORITY\SYSTEM; ClientProcessId = 1456; Component = Unknown; Operation = Start IWbemServices::DeleteInstance - Root\Rsop\User\S_1_5_21_365932789_2848835602_3476675013_500 : RSOP_ExtensionStatus.extensionGuid=""{1A6364EB-776B-4120-ADE1-B63A406A76B5}""; ResultCode = 0x80041002; PossibleCause = Unknown"
"9/7/2026 7:52:16 PM","5858","Error","Microsoft-Windows-WMI-Activity","Id = {2F1C3B72-E20A-4355-824F-3DDF9A4E0207}; ClientMachine = DC; User = NT AUTHORITY\SYSTEM; ClientProcessId = 1456; Component = Unknown; Operation = Start IWbemServices::DeleteInstance - Root\Rsop\User\S_1_5_21_365932789_2848835602_3476675013_500 : RSOP_ExtensionStatus.extensionGuid=""{17D89FEC-5C44-4972-B12D-241CAEF74509}""; ResultCode = 0x80041002; PossibleCause = Unknown"
"9/7/2026 7:52:16 PM","5858","Error","Microsoft-Windows-WMI-Activity","Id = {2F1C3B72-E20A-4355-824F-3DDF9A4E0207}; ClientMachine = DC; User = NT AUTHORITY\SYSTEM; ClientProcessId = 1456; Component = Unknown; Operation = Start IWbemServices::DeleteInstance - Root\Rsop\User\S_1_5_21_365932789_2848835602_3476675013_500 : RSOP_ExtensionStatus.extensionGuid=""{169EBF44-942F-4C43-87CE-13C93996EBBE}""; ResultCode = 0x80041002; PossibleCause = Unknown"
"9/7/2026 7:52:16 PM","5858","Error","Microsoft-Windows-WMI-Activity","Id = {2F1C3B72-E20A-4355-824F-3DDF9A4E0207}; ClientMachine = DC; User = NT AUTHORITY\SYSTEM; ClientProcessId = 1456; Component = Unknown; Operation = Start IWbemServices::DeleteInstance - Root\Rsop\User\S_1_5_21_365932789_2848835602_3476675013_500 : RSOP_ExtensionStatus.extensionGuid=""{0E28E245-9368-4853-AD84-6DA3BA35BB75}""; ResultCode = 0x80041002; PossibleCause = Unknown"
"9/7/2026 7:52:16 PM","5858","Error","Microsoft-Windows-WMI-Activity","Id = {2F1C3B72-E20A-4355-824F-3DDF9A4E0207}; ClientMachine = DC; User = NT AUTHORITY\SYSTEM; ClientProcessId = 1456; Component = Unknown; Operation = Start IWbemServices::DeleteInstance - Root\Rsop\User\S_1_5_21_365932789_2848835602_3476675013_500 : RSOP_ExtensionStatus.extensionGuid=""{35378EAC-683F-11D2-A89A-00C04FBBCFA2}""; ResultCode = 0x80041002; PossibleCause = Unknown"
"9/7/2026 7:52:15 PM","5858","Error","Microsoft-Windows-WMI-Activity","Id = {72D41863-84E9-4945-97C3-BC3C5B92717C}; ClientMachine = DC; User = NT AUTHORITY\SYSTEM; ClientProcessId = 1456; Component = Unknown; Operation = Start IWbemServices::DeleteInstance - Root\Rsop\Computer : RSOP_ExtensionStatus.extensionGuid=""{FC491EF1-C4AA-4CE1-B329-414B101DB823}""; ResultCode = 0x80041002; PossibleCause = Unknown"
"9/7/2026 7:52:15 PM","5858","Error","Microsoft-Windows-WMI-Activity","Id = {72D41863-84E9-4945-97C3-BC3C5B92717C}; ClientMachine = DC; User = NT AUTHORITY\SYSTEM; ClientProcessId = 1456; Component = Unknown; Operation = Start IWbemServices::DeleteInstance - Root\Rsop\Computer : RSOP_ExtensionStatus.extensionGuid=""{fbf687e6-f063-4d9f-9f4f-fd9a26acdd5f}""; ResultCode = 0x80041002; PossibleCause = Unknown"
"9/7/2026 7:52:15 PM","5858","Error","Microsoft-Windows-WMI-Activity","Id = {72D41863-84E9-4945-97C3-BC3C5B92717C}; ClientMachine = DC; User = NT AUTHORITY\SYSTEM; ClientProcessId = 1456; Component = Unknown; Operation = Start IWbemServices::DeleteInstance - Root\Rsop\Computer : RSOP_ExtensionStatus.extensionGuid=""{FB2CA36D-0B40-4307-821B-A13B252DE56C}""; ResultCode = 0x80041002; PossibleCause = Unknown"
"9/7/2026 7:52:15 PM","5858","Error","Microsoft-Windows-WMI-Activity","Id = {72D41863-84E9-4945-97C3-BC3C5B92717C}; ClientMachine = DC; User = NT AUTHORITY\SYSTEM; ClientProcessId = 1456; Component = Unknown; Operation = Start IWbemServices::DeleteInstance - Root\Rsop\Computer : RSOP_ExtensionStatus.extensionGuid=""{F312195E-3D9D-447A-A3F5-08DFFA24735E}""; ResultCode = 0x80041002; PossibleCause = Unknown"
"9/7/2026 7:52:15 PM","5858","Error","Microsoft-Windows-WMI-Activity","Id = {72D41863-84E9-4945-97C3-BC3C5B92717C}; ClientMachine = DC; User = NT AUTHORITY\SYSTEM; ClientProcessId = 1456; Component = Unknown; Operation = Start IWbemServices::DeleteInstance - Root\Rsop\Computer : RSOP_ExtensionStatus.extensionGuid=""{E62688F0-25FD-4c90-BFF5-F508B9D2E31F}""; ResultCode = 0x80041002; PossibleCause = Unknown"
"9/7/2026 7:52:15 PM","5858","Error","Microsoft-Windows-WMI-Activity","Id = {72D41863-84E9-4945-97C3-BC3C5B92717C}; ClientMachine = DC; User = NT AUTHORITY\SYSTEM; ClientProcessId = 1456; Component = Unknown; Operation = Start IWbemServices::DeleteInstance - Root\Rsop\Computer : RSOP_ExtensionStatus.extensionGuid=""{E5094040-C46C-4115-B030-04FB2E545B00}""; ResultCode = 0x80041002; PossibleCause = Unknown"
"9/7/2026 7:52:15 PM","5858","Error","Microsoft-Windows-WMI-Activity","Id = {72D41863-84E9-4945-97C3-BC3C5B92717C}; ClientMachine = DC; User = NT AUTHORITY\SYSTEM; ClientProcessId = 1456; Component = Unknown; Operation = Start IWbemServices::DeleteInstance - Root\Rsop\Computer : RSOP_ExtensionStatus.extensionGuid=""{E4F48E54-F38D-4884-BFB9-D4D2E5729C18}""; ResultCode = 0x80041002; PossibleCause = Unknown"
"9/7/2026 7:52:15 PM","5858","Error","Microsoft-Windows-WMI-Activity","Id = {72D41863-84E9-4945-97C3-BC3C5B92717C}; ClientMachine = DC; User = NT AUTHORITY\SYSTEM; ClientProcessId = 1456; Component = Unknown; Operation = Start IWbemServices::DeleteInstance - Root\Rsop\Computer : RSOP_ExtensionStatus.extensionGuid=""{e437bc1c-aa7d-11d2-a382-00c04f991e27}""; ResultCode = 0x80041002; PossibleCause = Unknown"
"9/7/2026 7:52:15 PM","5858","Error","Microsoft-Windows-WMI-Activity","Id = {72D41863-84E9-4945-97C3-BC3C5B92717C}; ClientMachine = DC; User = NT AUTHORITY\SYSTEM; ClientProcessId = 1456; Component = Unknown; Operation = Start IWbemServices::DeleteInstance - Root\Rsop\Computer : RSOP_ExtensionStatus.extensionGuid=""{CFF649BD-601D-4361-AD3D-0FC365DB4DB7}""; ResultCode = 0x80041002; PossibleCause = Unknown"
"9/7/2026 7:52:15 PM","5858","Error","Microsoft-Windows-WMI-Activity","Id = {72D41863-84E9-4945-97C3-BC3C5B92717C}; ClientMachine = DC; User = NT AUTHORITY\SYSTEM; ClientProcessId = 1456; Component = Unknown; Operation = Start IWbemServices::DeleteInstance - Root\Rsop\Computer : RSOP_ExtensionStatus.extensionGuid=""{CF7639F3-ABA2-41DB-97F2-81E2C5DBFC5D}""; ResultCode = 0x80041002; PossibleCause = Unknown"
"9/7/2026 7:52:15 PM","5858","Error","Microsoft-Windows-WMI-Activity","Id = {72D41863-84E9-4945-97C3-BC3C5B92717C}; ClientMachine = DC; User = NT AUTHORITY\SYSTEM; ClientProcessId = 1456; Component = Unknown; Operation = Start IWbemServices::DeleteInstance - Root\Rsop\Computer : RSOP_ExtensionStatus.extensionGuid=""{cdeafc3d-948d-49dd-ab12-e578ba4af7aa}""; ResultCode = 0x80041002; PossibleCause = Unknown"
"9/7/2026 7:52:15 PM","5858","Error","Microsoft-Windows-WMI-Activity","Id = {72D41863-84E9-4945-97C3-BC3C5B92717C}; ClientMachine = DC; User = NT AUTHORITY\SYSTEM; ClientProcessId = 1456; Component = Unknown; Operation = Start IWbemServices::DeleteInstance - Root\Rsop\Computer : RSOP_ExtensionStatus.extensionGuid=""{c6dc5466-785a-11d2-84d0-00c04fb169f7}""; ResultCode = 0x80041002; PossibleCause = Unknown"
"9/7/2026 7:52:15 PM","5858","Error","Microsoft-Windows-WMI-Activity","Id = {72D41863-84E9-4945-97C3-BC3C5B92717C}; ClientMachine = DC; User = NT AUTHORITY\SYSTEM; ClientProcessId = 1456; Component = Unknown; Operation = Start IWbemServices::DeleteInstance - Root\Rsop\Computer : RSOP_ExtensionStatus.extensionGuid=""{C631DF4C-088F-4156-B058-4375F0853CD8}""; ResultCode = 0x80041002; PossibleCause = Unknown"
"9/7/2026 7:52:15 PM","5858","Error","Microsoft-Windows-WMI-Activity","Id = {72D41863-84E9-4945-97C3-BC3C5B92717C}; ClientMachine = DC; User = NT AUTHORITY\SYSTEM; ClientProcessId = 1456; Component = Unknown; Operation = Start IWbemServices::DeleteInstance - Root\Rsop\Computer : RSOP_ExtensionStatus.extensionGuid=""{C418DD9D-0D14-4efb-8FBF-CFE535C8FAC7}""; ResultCode = 0x80041002; PossibleCause = Unknown"
"9/7/2026 7:52:15 PM","5858","Error","Microsoft-Windows-WMI-Activity","Id = {72D41863-84E9-4945-97C3-BC3C5B92717C}; ClientMachine = DC; User = NT AUTHORITY\SYSTEM; ClientProcessId = 1456; Component = Unknown; Operation = Start IWbemServices::DeleteInstance - Root\Rsop\Computer : RSOP_ExtensionStatus.extensionGuid=""{C34B2751-1CF4-44F5-9262-C3FC39666591}""; ResultCode = 0x80041002; PossibleCause = Unknown"
"9/7/2026 7:52:15 PM","5858","Error","Microsoft-Windows-WMI-Activity","Id = {72D41863-84E9-4945-97C3-BC3C5B92717C}; ClientMachine = DC; User = NT AUTHORITY\SYSTEM; ClientProcessId = 1456; Component = Unknown; Operation = Start IWbemServices::DeleteInstance - Root\Rsop\Computer : RSOP_ExtensionStatus.extensionGuid=""{BC75B1ED-5833-4858-9BB8-CBF0B166DF9D}""; ResultCode = 0x80041002; PossibleCause = Unknown"
"9/7/2026 7:52:15 PM","5858","Error","Microsoft-Windows-WMI-Activity","Id = {72D41863-84E9-4945-97C3-BC3C5B92717C}; ClientMachine = DC; User = NT AUTHORITY\SYSTEM; ClientProcessId = 1456; Component = Unknown; Operation = Start IWbemServices::DeleteInstance - Root\Rsop\Computer : RSOP_ExtensionStatus.extensionGuid=""{BA649533-0AAC-4E04-B9BC-4DBAE0325B12}""; ResultCode = 0x80041002; PossibleCause = Unknown"
"9/7/2026 7:52:15 PM","5858","Error","Microsoft-Windows-WMI-Activity","Id = {72D41863-84E9-4945-97C3-BC3C5B92717C}; ClientMachine = DC; User = NT AUTHORITY\SYSTEM; ClientProcessId = 1456; Component = Unknown; Operation = Start IWbemServices::DeleteInstance - Root\Rsop\Computer : RSOP_ExtensionStatus.extensionGuid=""{B587E2B1-4D59-4e7e-AED9-22B9DF11D053}""; ResultCode = 0x80041002; PossibleCause = Unknown"
"9/7/2026 7:52:15 PM","5858","Error","Microsoft-Windows-WMI-Activity","Id = {72D41863-84E9-4945-97C3-BC3C5B92717C}; ClientMachine = DC; User = NT AUTHORITY\SYSTEM; ClientProcessId = 1456; Component = Unknown; Operation = Start IWbemServices::DeleteInstance - Root\Rsop\Computer : RSOP_ExtensionStatus.extensionGuid=""{B087BE9D-ED37-454f-AF9C-04291E351182}""; ResultCode = 0x80041002; PossibleCause = Unknown"
"9/7/2026 7:52:15 PM","5858","Error","Microsoft-Windows-WMI-Activity","Id = {72D41863-84E9-4945-97C3-BC3C5B92717C}; ClientMachine = DC; User = NT AUTHORITY\SYSTEM; ClientProcessId = 1456; Component = Unknown; Operation = Start IWbemServices::DeleteInstance - Root\Rsop\Computer : RSOP_ExtensionStatus.extensionGuid=""{AADCED64-746C-4633-A97C-D61349046527}""; ResultCode = 0x80041002; PossibleCause = Unknown"
"9/7/2026 7:52:15 PM","5858","Error","Microsoft-Windows-WMI-Activity","Id = {72D41863-84E9-4945-97C3-BC3C5B92717C}; ClientMachine = DC; User = NT AUTHORITY\SYSTEM; ClientProcessId = 1456; Component = Unknown; Operation = Start IWbemServices::DeleteInstance - Root\Rsop\Computer : RSOP_ExtensionStatus.extensionGuid=""{A3F3E39B-5D83-4940-B954-28315B82F0A8}""; ResultCode = 0x80041002; PossibleCause = Unknown"
"9/7/2026 7:52:15 PM","5858","Error","Microsoft-Windows-WMI-Activity","Id = {72D41863-84E9-4945-97C3-BC3C5B92717C}; ClientMachine = DC; User = NT AUTHORITY\SYSTEM; ClientProcessId = 1456; Component = Unknown; Operation = Start IWbemServices::DeleteInstance - Root\Rsop\Computer : RSOP_ExtensionStatus.extensionGuid=""{91FBB303-0CD5-4055-BF42-E512A681B325}""; ResultCode = 0x80041002; PossibleCause = Unknown"
"9/7/2026 7:52:15 PM","5858","Error","Microsoft-Windows-WMI-Activity","Id = {72D41863-84E9-4945-97C3-BC3C5B92717C}; ClientMachine = DC; User = NT AUTHORITY\SYSTEM; ClientProcessId = 1456; Component = Unknown; Operation = Start IWbemServices::DeleteInstance - Root\Rsop\Computer : RSOP_ExtensionStatus.extensionGuid=""{8A28E2C5-8D06-49A4-A08C-632DAA493E17}""; ResultCode = 0x80041002; PossibleCause = Unknown"
"9/7/2026 7:52:15 PM","5858","Error","Microsoft-Windows-WMI-Activity","Id = {72D41863-84E9-4945-97C3-BC3C5B92717C}; ClientMachine = DC; User = NT AUTHORITY\SYSTEM; ClientProcessId = 1456; Component = Unknown; Operation = Start IWbemServices::DeleteInstance - Root\Rsop\Computer : RSOP_ExtensionStatus.extensionGuid=""{7B849a69-220F-451E-B3FE-2CB811AF94AE}""; ResultCode = 0x80041002; PossibleCause = Unknown"
"9/7/2026 7:52:15 PM","5858","Error","Microsoft-Windows-WMI-Activity","Id = {72D41863-84E9-4945-97C3-BC3C5B92717C}; ClientMachine = DC; User = NT AUTHORITY\SYSTEM; ClientProcessId = 1456; Component = Unknown; Operation = Start IWbemServices::DeleteInstance - Root\Rsop\Computer : RSOP_ExtensionStatus.extensionGuid=""{7933F41E-56F8-41d6-A31C-4148A711EE93}""; ResultCode = 0x80041002; PossibleCause = Unknown"
"9/7/2026 7:52:15 PM","5858","Error","Microsoft-Windows-WMI-Activity","Id = {72D41863-84E9-4945-97C3-BC3C5B92717C}; ClientMachine = DC; User = NT AUTHORITY\SYSTEM; ClientProcessId = 1456; Component = Unknown; Operation = Start IWbemServices::DeleteInstance - Root\Rsop\Computer : RSOP_ExtensionStatus.extensionGuid=""{7909AD9E-09EE-4247-BAB9-7029D5F0A278}""; ResultCode = 0x80041002; PossibleCause = Unknown"
"9/7/2026 7:52:15 PM","5858","Error","Microsoft-Windows-WMI-Activity","Id = {72D41863-84E9-4945-97C3-BC3C5B92717C}; ClientMachine = DC; User = NT AUTHORITY\SYSTEM; ClientProcessId = 1456; Component = Unknown; Operation = Start IWbemServices::DeleteInstance - Root\Rsop\Computer : RSOP_ExtensionStatus.extensionGuid=""{74EE6C03-5363-4554-B161-627540339CAB}""; ResultCode = 0x80041002; PossibleCause = Unknown"
"9/7/2026 7:52:15 PM","5858","Error","Microsoft-Windows-WMI-Activity","Id = {72D41863-84E9-4945-97C3-BC3C5B92717C}; ClientMachine = DC; User = NT AUTHORITY\SYSTEM; ClientProcessId = 1456; Component = Unknown; Operation = Start IWbemServices::DeleteInstance - Root\Rsop\Computer : RSOP_ExtensionStatus.extensionGuid=""{728EE579-943C-4519-9EF7-AB56765798ED}""; ResultCode = 0x80041002; PossibleCause = Unknown"
"9/7/2026 7:52:15 PM","5858","Error","Microsoft-Windows-WMI-Activity","Id = {72D41863-84E9-4945-97C3-BC3C5B92717C}; ClientMachine = DC; User = NT AUTHORITY\SYSTEM; ClientProcessId = 1456; Component = Unknown; Operation = Start IWbemServices::DeleteInstance - Root\Rsop\Computer : RSOP_ExtensionStatus.extensionGuid=""{7150F9BF-48AD-4da4-A49C-29EF4A8369BA}""; ResultCode = 0x80041002; PossibleCause = Unknown"
"9/7/2026 7:52:15 PM","5858","Error","Microsoft-Windows-WMI-Activity","Id = {72D41863-84E9-4945-97C3-BC3C5B92717C}; ClientMachine = DC; User = NT AUTHORITY\SYSTEM; ClientProcessId = 1456; Component = Unknown; Operation = Start IWbemServices::DeleteInstance - Root\Rsop\Computer : RSOP_ExtensionStatus.extensionGuid=""{6A4C88C6-C502-4f74-8F60-2CB23EDC24E2}""; ResultCode = 0x80041002; PossibleCause = Unknown"
"9/7/2026 7:52:15 PM","5858","Error","Microsoft-Windows-WMI-Activity","Id = {72D41863-84E9-4945-97C3-BC3C5B92717C}; ClientMachine = DC; User = NT AUTHORITY\SYSTEM; ClientProcessId = 1456; Component = Unknown; Operation = Start IWbemServices::DeleteInstance - Root\Rsop\Computer : RSOP_ExtensionStatus.extensionGuid=""{6232C319-91AC-4931-9385-E70C2B099F0E}""; ResultCode = 0x80041002; PossibleCause = Unknown"
"9/7/2026 7:52:15 PM","5858","Error","Microsoft-Windows-WMI-Activity","Id = {72D41863-84E9-4945-97C3-BC3C5B92717C}; ClientMachine = DC; User = NT AUTHORITY\SYSTEM; ClientProcessId = 1456; Component = Unknown; Operation = Start IWbemServices::DeleteInstance - Root\Rsop\Computer : RSOP_ExtensionStatus.extensionGuid=""{4CFB60C1-FAA6-47f1-89AA-0B18730C9FD3}""; ResultCode = 0x80041002; PossibleCause = Unknown"
"9/7/2026 7:52:15 PM","5858","Error","Microsoft-Windows-WMI-Activity","Id = {72D41863-84E9-4945-97C3-BC3C5B92717C}; ClientMachine = DC; User = NT AUTHORITY\SYSTEM; ClientProcessId = 1456; Component = Unknown; Operation = Start IWbemServices::DeleteInstance - Root\Rsop\Computer : RSOP_ExtensionStatus.extensionGuid=""{4bcd6cde-777b-48b6-9804-43568e23545d}""; ResultCode = 0x80041002; PossibleCause = Unknown"
"9/7/2026 7:52:15 PM","5858","Error","Microsoft-Windows-WMI-Activity","Id = {72D41863-84E9-4945-97C3-BC3C5B92717C}; ClientMachine = DC; User = NT AUTHORITY\SYSTEM; ClientProcessId = 1456; Component = Unknown; Operation = Start IWbemServices::DeleteInstance - Root\Rsop\Computer : RSOP_ExtensionStatus.extensionGuid=""{4B7C3B0F-E993-4E06-A241-3FBE06943684}""; ResultCode = 0x80041002; PossibleCause = Unknown"
"9/7/2026 7:52:15 PM","5858","Error","Microsoft-Windows-WMI-Activity","Id = {72D41863-84E9-4945-97C3-BC3C5B92717C}; ClientMachine = DC; User = NT AUTHORITY\SYSTEM; ClientProcessId = 1456; Component = Unknown; Operation = Start IWbemServices::DeleteInstance - Root\Rsop\Computer : RSOP_ExtensionStatus.extensionGuid=""{42B5FAAE-6536-11d2-AE5A-0000F87571E3}""; ResultCode = 0x80041002; PossibleCause = Unknown"
"9/7/2026 7:52:15 PM","5858","Error","Microsoft-Windows-WMI-Activity","Id = {72D41863-84E9-4945-97C3-BC3C5B92717C}; ClientMachine = DC; User = NT AUTHORITY\SYSTEM; ClientProcessId = 1456; Component = Unknown; Operation = Start IWbemServices::DeleteInstance - Root\Rsop\Computer : RSOP_ExtensionStatus.extensionGuid=""{426031c0-0b47-4852-b0ca-ac3d37bfcb39}""; ResultCode = 0x80041002; PossibleCause = Unknown"
"9/7/2026 7:52:15 PM","5858","Error","Microsoft-Windows-WMI-Activity","Id = {72D41863-84E9-4945-97C3-BC3C5B92717C}; ClientMachine = DC; User = NT AUTHORITY\SYSTEM; ClientProcessId = 1456; Component = Unknown; Operation = Start IWbemServices::DeleteInstance - Root\Rsop\Computer : RSOP_ExtensionStatus.extensionGuid=""{3A0DBA37-F8B2-4356-83DE-3E90BD5C261F}""; ResultCode = 0x80041002; PossibleCause = Unknown"
"9/7/2026 7:52:15 PM","5858","Error","Microsoft-Windows-WMI-Activity","Id = {72D41863-84E9-4945-97C3-BC3C5B92717C}; ClientMachine = DC; User = NT AUTHORITY\SYSTEM; ClientProcessId = 1456; Component = Unknown; Operation = Start IWbemServices::DeleteInstance - Root\Rsop\Computer : RSOP_ExtensionStatus.extensionGuid=""{3610eda5-77ef-11d2-8dc5-00c04fa31a66}""; ResultCode = 0x80041002; PossibleCause = Unknown"
"9/7/2026 7:52:15 PM","5858","Error","Microsoft-Windows-WMI-Activity","Id = {72D41863-84E9-4945-97C3-BC3C5B92717C}; ClientMachine = DC; User = NT AUTHORITY\SYSTEM; ClientProcessId = 1456; Component = Unknown; Operation = Start IWbemServices::DeleteInstance - Root\Rsop\Computer : RSOP_ExtensionStatus.extensionGuid=""{2BFCC077-22D2-48DE-BDE1-2F618D9B476D}""; ResultCode = 0x80041002; PossibleCause = Unknown"
"9/7/2026 7:52:15 PM","5858","Error","Microsoft-Windows-WMI-Activity","Id = {72D41863-84E9-4945-97C3-BC3C5B92717C}; ClientMachine = DC; User = NT AUTHORITY\SYSTEM; ClientProcessId = 1456; Component = Unknown; Operation = Start IWbemServices::DeleteInstance - Root\Rsop\Computer : RSOP_ExtensionStatus.extensionGuid=""{2A8FDC61-2347-4C87-92F6-B05EB91A201A}""; ResultCode = 0x80041002; PossibleCause = Unknown"
"9/7/2026 7:52:15 PM","5858","Error","Microsoft-Windows-WMI-Activity","Id = {72D41863-84E9-4945-97C3-BC3C5B92717C}; ClientMachine = DC; User = NT AUTHORITY\SYSTEM; ClientProcessId = 1456; Component = Unknown; Operation = Start IWbemServices::DeleteInstance - Root\Rsop\Computer : RSOP_ExtensionStatus.extensionGuid=""{1A6364EB-776B-4120-ADE1-B63A406A76B5}""; ResultCode = 0x80041002; PossibleCause = Unknown"
"9/7/2026 7:52:15 PM","5858","Error","Microsoft-Windows-WMI-Activity","Id = {72D41863-84E9-4945-97C3-BC3C5B92717C}; ClientMachine = DC; User = NT AUTHORITY\SYSTEM; ClientProcessId = 1456; Component = Unknown; Operation = Start IWbemServices::DeleteInstance - Root\Rsop\Computer : RSOP_ExtensionStatus.extensionGuid=""{17D89FEC-5C44-4972-B12D-241CAEF74509}""; ResultCode = 0x80041002; PossibleCause = Unknown"
"9/7/2026 7:52:15 PM","5858","Error","Microsoft-Windows-WMI-Activity","Id = {72D41863-84E9-4945-97C3-BC3C5B92717C}; ClientMachine = DC; User = NT AUTHORITY\SYSTEM; ClientProcessId = 1456; Component = Unknown; Operation = Start IWbemServices::DeleteInstance - Root\Rsop\Computer : RSOP_ExtensionStatus.extensionGuid=""{16be69fa-4209-4250-88cb-716cf41954e0}""; ResultCode = 0x80041002; PossibleCause = Unknown"
"9/7/2026 7:52:15 PM","5858","Error","Microsoft-Windows-WMI-Activity","Id = {72D41863-84E9-4945-97C3-BC3C5B92717C}; ClientMachine = DC; User = NT AUTHORITY\SYSTEM; ClientProcessId = 1456; Component = Unknown; Operation = Start IWbemServices::DeleteInstance - Root\Rsop\Computer : RSOP_ExtensionStatus.extensionGuid=""{169EBF44-942F-4C43-87CE-13C93996EBBE}""; ResultCode = 0x80041002; PossibleCause = Unknown"
"9/7/2026 7:52:15 PM","5858","Error","Microsoft-Windows-WMI-Activity","Id = {72D41863-84E9-4945-97C3-BC3C5B92717C}; ClientMachine = DC; User = NT AUTHORITY\SYSTEM; ClientProcessId = 1456; Component = Unknown; Operation = Start IWbemServices::DeleteInstance - Root\Rsop\Computer : RSOP_ExtensionStatus.extensionGuid=""{0E28E245-9368-4853-AD84-6DA3BA35BB75}""; ResultCode = 0x80041002; PossibleCause = Unknown"
"9/7/2026 7:52:15 PM","5858","Error","Microsoft-Windows-WMI-Activity","Id = {72D41863-84E9-4945-97C3-BC3C5B92717C}; ClientMachine = DC; User = NT AUTHORITY\SYSTEM; ClientProcessId = 1456; Component = Unknown; Operation = Start IWbemServices::DeleteInstance - Root\Rsop\Computer : RSOP_ExtensionStatus.extensionGuid=""{0ACDD40C-75AC-47ab-BAA0-BF6DE7E7FE63}""; ResultCode = 0x80041002; PossibleCause = Unknown"
"9/7/2026 7:51:55 PM","5858","Error","Microsoft-Windows-WMI-Activity","Id = {8037B8BA-F98E-4A83-AC8D-CBA65C5175B9}; ClientMachine = DC; User = SCAFFOLD\Administrator; ClientProcessId = 3876; Component = Provider; Operation = Start IWbemServices::ExecMethod - root\microsoft\windows\servermanager : MSFT_ServerManagerTasks::GetServerFeature; ResultCode = 0x80041001; PossibleCause = Unknown"
"9/7/2026 7:51:44 PM","5857","Information","Microsoft-Windows-WMI-Activity","deploymentprovider provider started with result code 0x0. HostProcess = wmiprvse.exe; ProcessID = 2552; ProviderPath = %systemroot%\system32\wbem\ServerManager.DeploymentProvider.dll"
"9/7/2026 7:51:42 PM","5857","Information","Microsoft-Windows-WMI-Activity","nettcpip provider started with result code 0x0. HostProcess = wmiprvse.exe; ProcessID = 4128; ProviderPath = %systemroot%\system32\wbem\NetTCPIP.dll"
"9/7/2026 7:51:42 PM","5857","Information","Microsoft-Windows-WMI-Activity","NetAdapterCim provider started with result code 0x0. HostProcess = wmiprvse.exe; ProcessID = 4616; ProviderPath = %systemroot%\system32\wbem\NetAdapterCim.dll"
"9/7/2026 7:51:42 PM","5857","Information","Microsoft-Windows-WMI-Activity","mgmtprovider provider started with result code 0x0. HostProcess = wmiprvse.exe; ProcessID = 4128; ProviderPath = %systemroot%\system32\wbem\mgmtprovider.dll"
"9/7/2026 7:43:42 PM","5858","Error","Microsoft-Windows-WMI-Activity","Id = {00000000-0000-0000-0000-000000000000}; ClientMachine = DC; User = NT AUTHORITY\SYSTEM; ClientProcessId = 4916; Component = Unknown; Operation = Start IWbemServices::ExecQuery - ROOT\CIMV2 : SELECT State FROM Win32_Service; ResultCode = 0x80041032; PossibleCause = Unknown"
"9/7/2026 7:43:28 PM","5857","Information","Microsoft-Windows-WMI-Activity","Microsoft|DSLDAPInstanceProvider|V1.0 provider started with result code 0x0. HostProcess = wmiprvse.exe; ProcessID = 4128; ProviderPath = %systemroot%\system32\wbem\dsprov.dll"
"9/7/2026 7:43:27 PM","5857","Information","Microsoft-Windows-WMI-Activity","Microsoft|DSLDAPClassProvider|V1.0 provider started with result code 0x0. HostProcess = wmiprvse.exe; ProcessID = 4128; ProviderPath = %systemroot%\system32\wbem\dsprov.dll"
"9/7/2026 7:43:19 PM","5857","Information","Microsoft-Windows-WMI-Activity","Win32_WIN32_TERMINALSERVICE_Prov provider started with result code 0x0. HostProcess = wmiprvse.exe; ProcessID = 4128; ProviderPath = %SystemRoot%\system32\tscfgwmi.dll"
"9/7/2026 7:43:19 PM","5858","Error","Microsoft-Windows-WMI-Activity","Id = {00000000-0000-0000-0000-000000000000}; ClientMachine = DC; User = NT AUTHORITY\SYSTEM; ClientProcessId = 6376; Component = Unknown; Operation = Start IWbemServices::ExecQuery - ROOT\WMI : SELECT * FROM BatteryStaticData; ResultCode = 0x80041010; PossibleCause = Unknown"
"9/7/2026 7:43:19 PM","5858","Error","Microsoft-Windows-WMI-Activity","Id = {00000000-0000-0000-0000-000000000000}; ClientMachine = DC; User = NT AUTHORITY\SYSTEM; ClientProcessId = 6376; Component = Unknown; Operation = Start IWbemServices::ExecQuery - ROOT\WMI : SELECT * FROM BatteryFullChargedCapacity; ResultCode = 0x80041010; PossibleCause = Unknown"
"9/7/2026 7:43:19 PM","5857","Information","Microsoft-Windows-WMI-Activity","WMIProv provider started with result code 0x0. HostProcess = wmiprvse.exe; ProcessID = 4532; ProviderPath = %systemroot%\system32\wbem\wmiprov.dll"
"9/7/2026 7:43:19 PM","5857","Information","Microsoft-Windows-WMI-Activity","PowerWmiProvider provider started with result code 0x0. HostProcess = wmiprvse.exe; ProcessID = 6892; ProviderPath = %systemroot%\system32\umpowmi.dll"
"9/7/2026 7:43:18 PM","5857","Information","Microsoft-Windows-WMI-Activity","StorageWMI provider started with result code 0x0. HostProcess = wmiprvse.exe; ProcessID = 4128; ProviderPath = %SystemRoot%\System32\storagewmi.dll"
"9/7/2026 7:43:18 PM","5857","Information","Microsoft-Windows-WMI-Activity","MSVDS__PROVIDER provider started with result code 0x0. HostProcess = wmiprvse.exe; ProcessID = 4128; ProviderPath = %systemroot%\system32\wbem\vdswmi.dll"
"9/7/2026 7:41:55 PM","5858","Error","Microsoft-Windows-WMI-Activity","Id = {33C77E91-0BEE-439D-9BC5-8FC1926FE46F}; ClientMachine = DC; User = SCAFFOLD\Administrator; ClientProcessId = 3876; Component = Provider; Operation = Start IWbemServices::ExecMethod - root\microsoft\windows\servermanager : MSFT_ServerManagerTasks::GetServerFeature; ResultCode = 0x80041001; PossibleCause = Unknown"
"9/7/2026 7:41:44 PM","5857","Information","Microsoft-Windows-WMI-Activity","deploymentprovider provider started with result code 0x0. HostProcess = wmiprvse.exe; ProcessID = 4068; ProviderPath = %systemroot%\system32\wbem\ServerManager.DeploymentProvider.dll"
"9/7/2026 7:41:42 PM","5857","Information","Microsoft-Windows-WMI-Activity","nettcpip provider started with result code 0x0. HostProcess = wmiprvse.exe; ProcessID = 4128; ProviderPath = %systemroot%\system32\wbem\NetTCPIP.dll"
"9/7/2026 7:41:42 PM","5857","Information","Microsoft-Windows-WMI-Activity","NetAdapterCim provider started with result code 0x0. HostProcess = wmiprvse.exe; ProcessID = 6692; ProviderPath = %systemroot%\system32\wbem\NetAdapterCim.dll"
"9/7/2026 7:41:42 PM","5857","Information","Microsoft-Windows-WMI-Activity","mgmtprovider provider started with result code 0x0. HostProcess = wmiprvse.exe; ProcessID = 4128; ProviderPath = %systemroot%\system32\wbem\mgmtprovider.dll"
"9/7/2026 7:31:56 PM","5858","Error","Microsoft-Windows-WMI-Activity","Id = {D347F95E-A7A6-46C2-B029-99BA752636EE}; ClientMachine = DC; User = SCAFFOLD\Administrator; ClientProcessId = 3876; Component = Provider; Operation = Start IWbemServices::ExecMethod - root\microsoft\windows\servermanager : MSFT_ServerManagerTasks::GetServerFeature; ResultCode = 0x80041001; PossibleCause = Unknown"
"9/7/2026 7:31:44 PM","5857","Information","Microsoft-Windows-WMI-Activity","deploymentprovider provider started with result code 0x0. HostProcess = wmiprvse.exe; ProcessID = 5628; ProviderPath = %systemroot%\system32\wbem\ServerManager.DeploymentProvider.dll"
"9/7/2026 7:31:42 PM","5857","Information","Microsoft-Windows-WMI-Activity","nettcpip provider started with result code 0x0. HostProcess = wmiprvse.exe; ProcessID = 4128; ProviderPath = %systemroot%\system32\wbem\NetTCPIP.dll"
"9/7/2026 7:31:42 PM","5857","Information","Microsoft-Windows-WMI-Activity","NetAdapterCim provider started with result code 0x0. HostProcess = wmiprvse.exe; ProcessID = 6028; ProviderPath = %systemroot%\system32\wbem\NetAdapterCim.dll"
"9/7/2026 7:31:42 PM","5857","Information","Microsoft-Windows-WMI-Activity","mgmtprovider provider started with result code 0x0. HostProcess = wmiprvse.exe; ProcessID = 4128; ProviderPath = %systemroot%\system32\wbem\mgmtprovider.dll"
"9/7/2026 7:31:23 PM","5857","Information","Microsoft-Windows-WMI-Activity","Win32_WIN32_TERMINALSERVICE_Prov provider started with result code 0x0. HostProcess = wmiprvse.exe; ProcessID = 4128; ProviderPath = %SystemRoot%\system32\tscfgwmi.dll"
"9/7/2026 7:28:46 PM","5858","Error","Microsoft-Windows-WMI-Activity","Id = {3A26B819-3F38-0000-73C0-263A383FDD01}; ClientMachine = DC; User = NT AUTHORITY\SYSTEM; ClientProcessId = 5048; Component = Unknown; Operation = Start IWbemServices::ExecNotificationQuery - ROOT\CIMV2 : SELECT * FROM Win32_ProcessStartTrace WHERE ProcessName = 'wsmprovhost.exe'; ResultCode = 0x80041032; PossibleCause = Unknown"
"9/7/2026 7:22:26 PM","5857","Information","Microsoft-Windows-WMI-Activity","DeliveryOptimizationMIProv provider started with result code 0x0. HostProcess = wmiprvse.exe; ProcessID = 4128; ProviderPath = %SystemRoot%\system32\domgmt.dll"
"9/7/2026 7:22:26 PM","5857","Information","Microsoft-Windows-WMI-Activity","Win32_DeviceGuard provider started with result code 0x0. HostProcess = wmiprvse.exe; ProcessID = 4128; ProviderPath = %SystemRoot%\System32\Win32_DeviceGuard.dll"
"9/7/2026 7:22:25 PM","5857","Information","Microsoft-Windows-WMI-Activity","Win32_TpmProvider provider started with result code 0x0. HostProcess = wmiprvse.exe; ProcessID = 4128; ProviderPath = C:\Windows\System32\wbem\Win32_TPM.dll"
"9/7/2026 7:22:25 PM","5858","Error","Microsoft-Windows-WMI-Activity","Id = {00000000-0000-0000-0000-000000000000}; ClientMachine = DC; User = NT AUTHORITY\SYSTEM; ClientProcessId = 7004; Component = Unknown; Operation = Start IWbemServices::ExecQuery - ROOT\CCM : select ClientId from CCM_Client; ResultCode = 0x80041010; PossibleCause = Unknown"
"9/7/2026 7:22:25 PM","5858","Error","Microsoft-Windows-WMI-Activity","Id = {00000000-0000-0000-0000-000000000000}; ClientMachine = DC; User = NT AUTHORITY\SYSTEM; ClientProcessId = 7004; Component = Unknown; Operation = Start IWbemServices::ExecQuery - ROOT\CIMV2 : SELECT ID FROM Win32_ServerFeature; ResultCode = 0x80041032; PossibleCause = Unknown"
"9/7/2026 7:22:20 PM","5857","Information","Microsoft-Windows-WMI-Activity","ServerFeatureProvider provider started with result code 0x0. HostProcess = wmiprvse.exe; ProcessID = 4128; ProviderPath = %windir%\system32\wbem\servercompprov.dll"
"9/7/2026 7:22:03 PM","5858","Error","Microsoft-Windows-WMI-Activity","Id = {AF755729-2D32-4DC4-BC29-89ECE42CE192}; ClientMachine = DC; User = SCAFFOLD\Administrator; ClientProcessId = 3876; Component = Provider; Operation = Start IWbemServices::ExecMethod - root\microsoft\windows\servermanager : MSFT_ServerManagerTasks::GetServerFeature; ResultCode = 0x80041001; PossibleCause = Unknown"
"9/7/2026 7:21:49 PM","5857","Information","Microsoft-Windows-WMI-Activity","deploymentprovider provider started with result code 0x0. HostProcess = wmiprvse.exe; ProcessID = 6616; ProviderPath = %systemroot%\system32\wbem\ServerManager.DeploymentProvider.dll"
"9/7/2026 7:21:43 PM","5857","Information","Microsoft-Windows-WMI-Activity","nettcpip provider started with result code 0x0. HostProcess = wmiprvse.exe; ProcessID = 4128; ProviderPath = %systemroot%\system32\wbem\NetTCPIP.dll"
"9/7/2026 7:21:43 PM","5857","Information","Microsoft-Windows-WMI-Activity","NetAdapterCim provider started with result code 0x0. HostProcess = wmiprvse.exe; ProcessID = 6336; ProviderPath = %systemroot%\system32\wbem\NetAdapterCim.dll"
"9/7/2026 7:21:42 PM","5857","Information","Microsoft-Windows-WMI-Activity","mgmtprovider provider started with result code 0x0. HostProcess = wmiprvse.exe; ProcessID = 4128; ProviderPath = %systemroot%\system32\wbem\mgmtprovider.dll"
"9/7/2026 7:20:39 PM","5858","Error","Microsoft-Windows-WMI-Activity","Id = {00000000-0000-0000-0000-000000000000}; ClientMachine = DC; User = NT AUTHORITY\SYSTEM; ClientProcessId = 676; Component = Unknown; Operation = Start IWbemServices::ExecQuery - root\cimv2 : SELECT * FROM Win32_ComputerSystemProduct; ResultCode = 0x80041032; PossibleCause = Unknown"
"9/7/2026 7:20:39 PM","5858","Error","Microsoft-Windows-WMI-Activity","Id = {00000000-0000-0000-0000-000000000000}; ClientMachine = DC; User = NT AUTHORITY\SYSTEM; ClientProcessId = 676; Component = Unknown; Operation = Start IWbemServices::ExecQuery - root\cimv2 : SELECT * FROM Win32_ComputerSystemProduct; ResultCode = 0x80041032; PossibleCause = Unknown"
"9/7/2026 7:19:04 PM","5857","Information","Microsoft-Windows-WMI-Activity","MS_NT_EVENTLOG_PROVIDER provider started with result code 0x0. HostProcess = wmiprvse.exe; ProcessID = 4128; ProviderPath = %systemroot%\system32\wbem\ntevt.dll"
"9/7/2026 7:18:36 PM","5860","Information","Microsoft-Windows-WMI-Activity","Namespace = ROOT\CIMV2; NotificationQuery = SELECT * FROM Win32_ProcessStartTrace WHERE ProcessName = 'wsmprovhost.exe'; UserName = NT AUTHORITY\SYSTEM; ClientProcessID = 5048, ClientMachine = DC; PossibleCause = Temporary"
"9/7/2026 7:18:36 PM","5857","Information","Microsoft-Windows-WMI-Activity","WMI Kernel Trace Event Provider provider started with result code 0x0. HostProcess = wmiprvse.exe; ProcessID = 2172; ProviderPath = C:\Windows\System32\wbem\krnlprov.dll"
"9/7/2026 7:18:23 PM","5857","Information","Microsoft-Windows-WMI-Activity","WmiPerfClass provider started with result code 0x0. HostProcess = wmiprvse.exe; ProcessID = 4532; ProviderPath = C:\Windows\System32\wbem\WmiPerfClass.dll"
"9/7/2026 7:18:14 PM","5858","Error","Microsoft-Windows-WMI-Activity","Id = {00000000-0000-0000-0000-000000000000}; ClientMachine = DC; User = NT AUTHORITY\SYSTEM; ClientProcessId = 3852; Component = Unknown; Operation = Start IWbemServices::CreateInstanceEnum - root\wmi : MSiSCSI_PortalInfoClass; ResultCode = 0x8004100C; PossibleCause = Unknown"
"9/7/2026 7:18:13 PM","5858","Error","Microsoft-Windows-WMI-Activity","Id = {00000000-0000-0000-0000-000000000000}; ClientMachine = DC; User = NT AUTHORITY\SYSTEM; ClientProcessId = 3852; Component = Unknown; Operation = Start IWbemServices::CreateInstanceEnum - root\wmi : MS_SM_AdapterInformationQuery; ResultCode = 0x8004100C; PossibleCause = Unknown"
"9/7/2026 7:18:13 PM","5857","Information","Microsoft-Windows-WMI-Activity","WMIProv provider started with result code 0x0. HostProcess = wmiprvse.exe; ProcessID = 4532; ProviderPath = %systemroot%\system32\wbem\wmiprov.dll"
"9/7/2026 7:18:09 PM","5859","Information","Microsoft-Windows-WMI-Activity","Namespace = //./root/CIMV2; NotificationQuery = select * from MSFT_SCMEventLogEvent; OwnerName = S-1-5-32-544; HostProcessID = 2172;  Provider= SCM Event Provider, queryID = 0; PossibleCause = Permanent"
"9/7/2026 7:18:09 PM","5857","Information","Microsoft-Windows-WMI-Activity","CIMWin32 provider started with result code 0x0. HostProcess = wmiprvse.exe; ProcessID = 4128; ProviderPath = %systemroot%\system32\wbem\cimwin32.dll"
"9/7/2026 7:18:09 PM","5860","Information","Microsoft-Windows-WMI-Activity","Namespace = ROOT\Subscription; NotificationQuery = SELECT * FROM __InstanceOperationEvent WITHIN 5WHERE TargetInstance ISA '__EventConsumer' OR TargetInstance ISA '__EventFilter' OR TargetInstance ISA '__FilterToConsumerBinding'; UserName = NT AUTHORITY\SYSTEM; ClientProcessID = 1332, ClientMachine = DC; PossibleCause = Temporary"
"9/7/2026 7:18:08 PM","5861","Information","Microsoft-Windows-WMI-Activity","Namespace = //./root/subscription; Eventfilter = SCM Event Log Filter (refer to its activate eventid:5859); Consumer = NTEventLogEventConsumer=""SCM Event Log Consumer""; PossibleCause = Binding EventFilter: 
instance of __EventFilter
{
	CreatorSID = {1, 2, 0, 0, 0, 0, 0, 5, 32, 0, 0, 0, 32, 2, 0, 0};
	EventNamespace = ""root\\cimv2"";
	Name = ""SCM Event Log Filter"";
	Query = ""select * from MSFT_SCMEventLogEvent"";
	QueryLanguage = ""WQL"";
};
Perm. Consumer: 
instance of NTEventLogEventConsumer
{
	Category = 0;
	CreatorSID = {1, 2, 0, 0, 0, 0, 0, 5, 32, 0, 0, 0, 32, 2, 0, 0};
	EventType = 1;
	Name = ""SCM Event Log Consumer"";
	NameOfUserSIDProperty = ""sid"";
	SourceName = ""Service Control Manager"";
};
"
"9/1/2026 10:59:27 PM","5858","Error","Microsoft-Windows-WMI-Activity","Id = {00000000-0000-0000-0000-000000000000}; ClientMachine = DC; User = NT AUTHORITY\NETWORK SERVICE; ClientProcessId = 3660; Component = Unknown; Operation = Start IWbemServices::ExecQuery - ROOT\CIMV2 : SELECT Manufacturer, Product FROM Win32_BaseBoard; ResultCode = 0x80041032; PossibleCause = Unknown"
"9/1/2026 10:54:22 PM","5858","Error","Microsoft-Windows-WMI-Activity","Id = {158D70FC-4FD8-4A51-A552-FCB6017A61A2}; ClientMachine = DC; User = SCAFFOLD\Administrator; ClientProcessId = 6152; Component = Provider; Operation = Start IWbemServices::ExecMethod - root\microsoft\windows\servermanager : MSFT_ServerManagerTasks::GetServerFeature; ResultCode = 0x80041001; PossibleCause = Unknown"
"9/1/2026 10:54:11 PM","5857","Information","Microsoft-Windows-WMI-Activity","deploymentprovider provider started with result code 0x0. HostProcess = wmiprvse.exe; ProcessID = 6204; ProviderPath = %systemroot%\system32\wbem\ServerManager.DeploymentProvider.dll"
"9/1/2026 10:54:09 PM","5857","Information","Microsoft-Windows-WMI-Activity","nettcpip provider started with result code 0x0. HostProcess = wmiprvse.exe; ProcessID = 4132; ProviderPath = %systemroot%\system32\wbem\NetTCPIP.dll"
"9/1/2026 10:54:09 PM","5857","Information","Microsoft-Windows-WMI-Activity","NetAdapterCim provider started with result code 0x0. HostProcess = wmiprvse.exe; ProcessID = 2908; ProviderPath = %systemroot%\system32\wbem\NetAdapterCim.dll"
"9/1/2026 10:54:09 PM","5857","Information","Microsoft-Windows-WMI-Activity","mgmtprovider provider started with result code 0x0. HostProcess = wmiprvse.exe; ProcessID = 4132; ProviderPath = %systemroot%\system32\wbem\mgmtprovider.dll"
"9/1/2026 10:53:12 PM","5858","Error","Microsoft-Windows-WMI-Activity","Id = {C98E9462-3A9D-0000-609A-8EC99D3ADD01}; ClientMachine = DC; User = NT AUTHORITY\SYSTEM; ClientProcessId = 2084; Component = Unknown; Operation = Start IWbemServices::ExecNotificationQuery - ROOT\CIMV2 : SELECT * FROM Win32_ProcessStartTrace WHERE ProcessName = 'wsmprovhost.exe'; ResultCode = 0x80041032; PossibleCause = Unknown"
"9/1/2026 10:51:12 PM","5857","Information","Microsoft-Windows-WMI-Activity","WMIProv provider started with result code 0x0. HostProcess = wmiprvse.exe; ProcessID = 4804; ProviderPath = %systemroot%\system32\wbem\wmiprov.dll"
"9/1/2026 10:44:39 PM","5858","Error","Microsoft-Windows-WMI-Activity","Id = {00000000-0000-0000-0000-000000000000}; ClientMachine = DC; User = NT AUTHORITY\SYSTEM; ClientProcessId = 5804; Component = Unknown; Operation = Start IWbemServices::ExecQuery - root\cimv2 : SELECT * FROM Win32_OperatingSystem; ResultCode = 0x80041032; PossibleCause = Unknown"
"9/1/2026 10:44:39 PM","5858","Error","Microsoft-Windows-WMI-Activity","Id = {00000000-0000-0000-0000-000000000000}; ClientMachine = DC; User = NT AUTHORITY\SYSTEM; ClientProcessId = 5804; Component = Unknown; Operation = Start IWbemServices::ExecQuery - root\cimv2 : SELECT * FROM Win32_OperatingSystem; ResultCode = 0x80041032; PossibleCause = Unknown"
"9/1/2026 10:44:39 PM","5858","Error","Microsoft-Windows-WMI-Activity","Id = {00000000-0000-0000-0000-000000000000}; ClientMachine = DC; User = NT AUTHORITY\SYSTEM; ClientProcessId = 5804; Component = Unknown; Operation = Start IWbemServices::ExecQuery - root\cimv2 : SELECT * FROM Win32_ComputerSystemProduct; ResultCode = 0x80041032; PossibleCause = Unknown"
"9/1/2026 10:44:29 PM","5858","Error","Microsoft-Windows-WMI-Activity","Id = {D1B7EC1F-5F49-4A9E-A7FD-AD5FB6DEFEEB}; ClientMachine = DC; User = SCAFFOLD\Administrator; ClientProcessId = 6152; Component = Provider; Operation = Start IWbemServices::ExecMethod - root\microsoft\windows\servermanager : MSFT_ServerManagerTasks::GetServerFeature; ResultCode = 0x80041001; PossibleCause = Unknown"
"9/1/2026 10:44:17 PM","5857","Information","Microsoft-Windows-WMI-Activity","deploymentprovider provider started with result code 0x0. HostProcess = wmiprvse.exe; ProcessID = 1408; ProviderPath = %systemroot%\system32\wbem\ServerManager.DeploymentProvider.dll"
"9/1/2026 10:44:11 PM","5857","Information","Microsoft-Windows-WMI-Activity","nettcpip provider started with result code 0x0. HostProcess = wmiprvse.exe; ProcessID = 4132; ProviderPath = %systemroot%\system32\wbem\NetTCPIP.dll"
"9/1/2026 10:44:10 PM","5857","Information","Microsoft-Windows-WMI-Activity","NetAdapterCim provider started with result code 0x0. HostProcess = wmiprvse.exe; ProcessID = 6488; ProviderPath = %systemroot%\system32\wbem\NetAdapterCim.dll"
"9/1/2026 10:44:09 PM","5857","Information","Microsoft-Windows-WMI-Activity","mgmtprovider provider started with result code 0x0. HostProcess = wmiprvse.exe; ProcessID = 4132; ProviderPath = %systemroot%\system32\wbem\mgmtprovider.dll"
"9/1/2026 10:43:32 PM","5857","Information","Microsoft-Windows-WMI-Activity","MS_NT_EVENTLOG_PROVIDER provider started with result code 0x0. HostProcess = wmiprvse.exe; ProcessID = 4132; ProviderPath = %systemroot%\system32\wbem\ntevt.dll"
"9/1/2026 10:43:03 PM","5858","Error","Microsoft-Windows-WMI-Activity","Id = {00000000-0000-0000-0000-000000000000}; ClientMachine = DC; User = NT AUTHORITY\NETWORK SERVICE; ClientProcessId = 5452; Component = Unknown; Operation = Start IWbemServices::ExecQuery - ROOT\CIMV2 : SELECT Manufacturer, Product FROM Win32_BaseBoard; ResultCode = 0x80041032; PossibleCause = Unknown"
"9/1/2026 10:42:58 PM","5860","Information","Microsoft-Windows-WMI-Activity","Namespace = ROOT\CIMV2; NotificationQuery = SELECT * FROM Win32_ProcessStartTrace WHERE ProcessName = 'wsmprovhost.exe'; UserName = NT AUTHORITY\SYSTEM; ClientProcessID = 2084, ClientMachine = DC; PossibleCause = Temporary"
"9/1/2026 10:42:58 PM","5857","Information","Microsoft-Windows-WMI-Activity","WMI Kernel Trace Event Provider provider started with result code 0x0. HostProcess = wmiprvse.exe; ProcessID = 2428; ProviderPath = C:\Windows\System32\wbem\krnlprov.dll"
"9/1/2026 10:42:50 PM","5857","Information","Microsoft-Windows-WMI-Activity","WmiPerfClass provider started with result code 0x0. HostProcess = wmiprvse.exe; ProcessID = 4804; ProviderPath = C:\Windows\System32\wbem\WmiPerfClass.dll"
"9/1/2026 10:42:48 PM","5858","Error","Microsoft-Windows-WMI-Activity","Id = {00000000-0000-0000-0000-000000000000}; ClientMachine = DC; User = NT AUTHORITY\SYSTEM; ClientProcessId = 3988; Component = Unknown; Operation = Start IWbemServices::CreateInstanceEnum - root\wmi : MSiSCSI_PortalInfoClass; ResultCode = 0x8004100C; PossibleCause = Unknown"
"9/1/2026 10:42:46 PM","5858","Error","Microsoft-Windows-WMI-Activity","Id = {00000000-0000-0000-0000-000000000000}; ClientMachine = DC; User = NT AUTHORITY\SYSTEM; ClientProcessId = 3988; Component = Unknown; Operation = Start IWbemServices::CreateInstanceEnum - root\wmi : MS_SM_AdapterInformationQuery; ResultCode = 0x8004100C; PossibleCause = Unknown"
"9/1/2026 10:42:46 PM","5857","Information","Microsoft-Windows-WMI-Activity","WMIProv provider started with result code 0x0. HostProcess = wmiprvse.exe; ProcessID = 4804; ProviderPath = %systemroot%\system32\wbem\wmiprov.dll"
"9/1/2026 10:42:39 PM","5857","Information","Microsoft-Windows-WMI-Activity","CIMWin32 provider started with result code 0x0. HostProcess = wmiprvse.exe; ProcessID = 4132; ProviderPath = %systemroot%\system32\wbem\cimwin32.dll"
"9/1/2026 10:42:39 PM","5859","Information","Microsoft-Windows-WMI-Activity","Namespace = //./root/CIMV2; NotificationQuery = select * from MSFT_SCMEventLogEvent; OwnerName = S-1-5-32-544; HostProcessID = 2428;  Provider= SCM Event Provider, queryID = 0; PossibleCause = Permanent"
"9/1/2026 10:42:38 PM","5860","Information","Microsoft-Windows-WMI-Activity","Namespace = ROOT\Subscription; NotificationQuery = SELECT * FROM __InstanceOperationEvent WITHIN 5WHERE TargetInstance ISA '__EventConsumer' OR TargetInstance ISA '__EventFilter' OR TargetInstance ISA '__FilterToConsumerBinding'; UserName = NT AUTHORITY\SYSTEM; ClientProcessID = 1724, ClientMachine = DC; PossibleCause = Temporary"
"9/1/2026 10:42:37 PM","5861","Information","Microsoft-Windows-WMI-Activity","Namespace = //./root/subscription; Eventfilter = SCM Event Log Filter (refer to its activate eventid:5859); Consumer = NTEventLogEventConsumer=""SCM Event Log Consumer""; PossibleCause = Binding EventFilter: 
instance of __EventFilter
{
	CreatorSID = {1, 2, 0, 0, 0, 0, 0, 5, 32, 0, 0, 0, 32, 2, 0, 0};
	EventNamespace = ""root\\cimv2"";
	Name = ""SCM Event Log Filter"";
	Query = ""select * from MSFT_SCMEventLogEvent"";
	QueryLanguage = ""WQL"";
};
Perm. Consumer: 
instance of NTEventLogEventConsumer
{
	Category = 0;
	CreatorSID = {1, 2, 0, 0, 0, 0, 0, 5, 32, 0, 0, 0, 32, 2, 0, 0};
	EventType = 1;
	Name = ""SCM Event Log Consumer"";
	NameOfUserSIDProperty = ""sid"";
	SourceName = ""Service Control Manager"";
};
"
"9/1/2026 9:55:46 PM","5858","Error","Microsoft-Windows-WMI-Activity","Id = {1FBAC3AE-3A97-0001-57CD-BA1F973ADD01}; ClientMachine = DC; User = NT AUTHORITY\SYSTEM; ClientProcessId = 840; Component = Unknown; Operation = Start IWbemServices::ExecNotificationQuery - ROOT\CIMV2 : SELECT * FROM Win32_ProcessStartTrace WHERE ProcessName = 'wsmprovhost.exe'; ResultCode = 0x80041032; PossibleCause = Unknown"
"9/1/2026 9:55:37 PM","5858","Error","Microsoft-Windows-WMI-Activity","Id = {00000000-0000-0000-0000-000000000000}; ClientMachine = DC; User = SCAFFOLD\Administrator; ClientProcessId = 2516; Component = Unknown; Operation = Start IWbemServices::ExecMethod - ROOT\CIMV2 : \\DC\ROOT\CIMV2:Win32_Process.Handle=""5052""::GetOwner; ResultCode = 0x80041002; PossibleCause = Unknown"
"9/1/2026 9:55:17 PM","5860","Information","Microsoft-Windows-WMI-Activity","Namespace = ROOT\CIMV2; NotificationQuery = SELECT * FROM Win32_ProcessStartTrace WHERE ProcessName = 'wsmprovhost.exe'; UserName = NT AUTHORITY\SYSTEM; ClientProcessID = 840, ClientMachine = DC; PossibleCause = Temporary"
"9/1/2026 9:55:17 PM","5857","Information","Microsoft-Windows-WMI-Activity","WMI Kernel Trace Event Provider provider started with result code 0x0. HostProcess = wmiprvse.exe; ProcessID = 3096; ProviderPath = C:\Windows\System32\wbem\krnlprov.dll"
"9/1/2026 9:55:09 PM","5857","Information","Microsoft-Windows-WMI-Activity","WmiPerfClass provider started with result code 0x0. HostProcess = wmiprvse.exe; ProcessID = 4784; ProviderPath = C:\Windows\System32\wbem\WmiPerfClass.dll"
"9/1/2026 9:55:06 PM","5858","Error","Microsoft-Windows-WMI-Activity","Id = {00000000-0000-0000-0000-000000000000}; ClientMachine = DC; User = NT AUTHORITY\SYSTEM; ClientProcessId = 3828; Component = Unknown; Operation = Start IWbemServices::CreateInstanceEnum - root\wmi : MSiSCSI_PortalInfoClass; ResultCode = 0x8004100C; PossibleCause = Unknown"
"9/1/2026 9:55:05 PM","5858","Error","Microsoft-Windows-WMI-Activity","Id = {00000000-0000-0000-0000-000000000000}; ClientMachine = DC; User = NT AUTHORITY\SYSTEM; ClientProcessId = 3828; Component = Unknown; Operation = Start IWbemServices::CreateInstanceEnum - root\wmi : MS_SM_AdapterInformationQuery; ResultCode = 0x8004100C; PossibleCause = Unknown"
"9/1/2026 9:55:04 PM","5857","Information","Microsoft-Windows-WMI-Activity","WMIProv provider started with result code 0x0. HostProcess = wmiprvse.exe; ProcessID = 4784; ProviderPath = %systemroot%\system32\wbem\wmiprov.dll"
"9/1/2026 9:54:57 PM","5859","Information","Microsoft-Windows-WMI-Activity","Namespace = //./root/CIMV2; NotificationQuery = select * from MSFT_SCMEventLogEvent; OwnerName = S-1-5-32-544; HostProcessID = 3096;  Provider= SCM Event Provider, queryID = 0; PossibleCause = Permanent"
"9/1/2026 9:54:57 PM","5857","Information","Microsoft-Windows-WMI-Activity","CIMWin32 provider started with result code 0x0. HostProcess = wmiprvse.exe; ProcessID = 4160; ProviderPath = %systemroot%\system32\wbem\cimwin32.dll"
"9/1/2026 9:54:57 PM","5860","Information","Microsoft-Windows-WMI-Activity","Namespace = ROOT\Subscription; NotificationQuery = SELECT * FROM __InstanceOperationEvent WITHIN 5WHERE TargetInstance ISA '__EventConsumer' OR TargetInstance ISA '__EventFilter' OR TargetInstance ISA '__FilterToConsumerBinding'; UserName = NT AUTHORITY\SYSTEM; ClientProcessID = 2520, ClientMachine = DC; PossibleCause = Temporary"
"9/1/2026 9:54:57 PM","5861","Information","Microsoft-Windows-WMI-Activity","Namespace = //./root/subscription; Eventfilter = SCM Event Log Filter (refer to its activate eventid:5859); Consumer = NTEventLogEventConsumer=""SCM Event Log Consumer""; PossibleCause = Binding EventFilter: 
instance of __EventFilter
{
	CreatorSID = {1, 2, 0, 0, 0, 0, 0, 5, 32, 0, 0, 0, 32, 2, 0, 0};
	EventNamespace = ""root\\cimv2"";
	Name = ""SCM Event Log Filter"";
	Query = ""select * from MSFT_SCMEventLogEvent"";
	QueryLanguage = ""WQL"";
};
Perm. Consumer: 
instance of NTEventLogEventConsumer
{
	Category = 0;
	CreatorSID = {1, 2, 0, 0, 0, 0, 0, 5, 32, 0, 0, 0, 32, 2, 0, 0};
	EventType = 1;
	Name = ""SCM Event Log Consumer"";
	NameOfUserSIDProperty = ""sid"";
	SourceName = ""Service Control Manager"";
};
"
"9/1/2026 9:45:45 PM","5860","Information","Microsoft-Windows-WMI-Activity","Namespace = ROOT\Subscription; NotificationQuery = SELECT * FROM __InstanceOperationEvent WITHIN 5WHERE TargetInstance ISA '__EventConsumer' OR TargetInstance ISA '__EventFilter' OR TargetInstance ISA '__FilterToConsumerBinding'; UserName = NT AUTHORITY\SYSTEM; ClientProcessID = 5280, ClientMachine = DC; PossibleCause = Temporary"
"9/1/2026 9:45:41 PM","5859","Information","Microsoft-Windows-WMI-Activity","Namespace = //./root/CIMV2; NotificationQuery = select * from MSFT_SCMEventLogEvent; OwnerName = S-1-5-32-544; HostProcessID = 3068;  Provider= SCM Event Provider, queryID = 0; PossibleCause = Permanent"
"9/1/2026 9:45:41 PM","5861","Information","Microsoft-Windows-WMI-Activity","Namespace = //./root/subscription; Eventfilter = SCM Event Log Filter (refer to its activate eventid:5859); Consumer = NTEventLogEventConsumer=""SCM Event Log Consumer""; PossibleCause = Binding EventFilter: 
instance of __EventFilter
{
	CreatorSID = {1, 2, 0, 0, 0, 0, 0, 5, 32, 0, 0, 0, 32, 2, 0, 0};
	EventNamespace = ""root\\cimv2"";
	Name = ""SCM Event Log Filter"";
	Query = ""select * from MSFT_SCMEventLogEvent"";
	QueryLanguage = ""WQL"";
};
Perm. Consumer: 
instance of NTEventLogEventConsumer
{
	Category = 0;
	CreatorSID = {1, 2, 0, 0, 0, 0, 0, 5, 32, 0, 0, 0, 32, 2, 0, 0};
	EventType = 1;
	Name = ""SCM Event Log Consumer"";
	NameOfUserSIDProperty = ""sid"";
	SourceName = ""Service Control Manager"";
};
"
"9/1/2026 9:45:15 PM","5857","Information","Microsoft-Windows-WMI-Activity","WMIPingProvider provider started with result code 0x0. HostProcess = wmiprvse.exe; ProcessID = 3756; ProviderPath = %systemroot%\system32\wbem\WMIPICMP.dll"
"9/1/2026 9:45:03 PM","5857","Information","Microsoft-Windows-WMI-Activity","dnsclientcim provider started with result code 0x0. HostProcess = wmiprvse.exe; ProcessID = 1348; ProviderPath = %SYSTEMROOT%\System32\wbem\dnsclientcim.dll"
"9/1/2026 9:45:02 PM","5857","Information","Microsoft-Windows-WMI-Activity","NetAdapterCim provider started with result code 0x0. HostProcess = wmiprvse.exe; ProcessID = 5244; ProviderPath = %systemroot%\system32\wbem\NetAdapterCim.dll"
"9/1/2026 9:44:56 PM","5858","Error","Microsoft-Windows-WMI-Activity","Id = {00000000-0000-0000-0000-000000000000}; ClientMachine = DC; User = NT AUTHORITY\NETWORK SERVICE; ClientProcessId = 5648; Component = Unknown; Operation = Start IWbemServices::ExecQuery - ROOT\CIMV2 : SELECT Manufacturer, Product FROM Win32_BaseBoard; ResultCode = 0x80041032; PossibleCause = Unknown"
"9/1/2026 9:44:42 PM","5857","Information","Microsoft-Windows-WMI-Activity","MS_NT_EVENTLOG_PROVIDER provider started with result code 0x0. HostProcess = wmiprvse.exe; ProcessID = 3756; ProviderPath = %systemroot%\system32\wbem\ntevt.dll"
"9/1/2026 9:44:21 PM","5857","Information","Microsoft-Windows-WMI-Activity","WmiPerfClass provider started with result code 0x0. HostProcess = wmiprvse.exe; ProcessID = 824; ProviderPath = C:\Windows\System32\wbem\WmiPerfClass.dll"
"9/1/2026 9:44:10 PM","5858","Error","Microsoft-Windows-WMI-Activity","Id = {00000000-0000-0000-0000-000000000000}; ClientMachine = DC; User = NT AUTHORITY\SYSTEM; ClientProcessId = 3548; Component = Unknown; Operation = Start IWbemServices::CreateInstanceEnum - root\wmi : MSiSCSI_PortalInfoClass; ResultCode = 0x8004100C; PossibleCause = Unknown"
"9/1/2026 9:44:09 PM","5858","Error","Microsoft-Windows-WMI-Activity","Id = {00000000-0000-0000-0000-000000000000}; ClientMachine = DC; User = NT AUTHORITY\SYSTEM; ClientProcessId = 3548; Component = Unknown; Operation = Start IWbemServices::CreateInstanceEnum - root\wmi : MS_SM_AdapterInformationQuery; ResultCode = 0x8004100C; PossibleCause = Unknown"
"9/1/2026 9:44:09 PM","5857","Information","Microsoft-Windows-WMI-Activity","WMIProv provider started with result code 0x0. HostProcess = wmiprvse.exe; ProcessID = 824; ProviderPath = %systemroot%\system32\wbem\wmiprov.dll"
"9/1/2026 9:44:05 PM","5857","Information","Microsoft-Windows-WMI-Activity","CIMWin32 provider started with result code 0x0. HostProcess = wmiprvse.exe; ProcessID = 3756; ProviderPath = %systemroot%\system32\wbem\cimwin32.dll"
"9/1/2026 9:23:41 PM","5857","Information","Microsoft-Windows-WMI-Activity","MS_NT_EVENTLOG_PROVIDER provider started with result code 0x0. HostProcess = wmiprvse.exe; ProcessID = 2324; ProviderPath = %systemroot%\system32\wbem\ntevt.dll"
"9/1/2026 9:23:19 PM","5857","Information","Microsoft-Windows-WMI-Activity","WmiPerfClass provider started with result code 0x0. HostProcess = wmiprvse.exe; ProcessID = 4172; ProviderPath = C:\Windows\System32\wbem\WmiPerfClass.dll"
"9/1/2026 9:23:07 PM","5858","Error","Microsoft-Windows-WMI-Activity","Id = {00000000-0000-0000-0000-000000000000}; ClientMachine = DC; User = NT AUTHORITY\SYSTEM; ClientProcessId = 3652; Component = Unknown; Operation = Start IWbemServices::CreateInstanceEnum - root\wmi : MSiSCSI_PortalInfoClass; ResultCode = 0x8004100C; PossibleCause = Unknown"
"9/1/2026 9:23:07 PM","5858","Error","Microsoft-Windows-WMI-Activity","Id = {00000000-0000-0000-0000-000000000000}; ClientMachine = DC; User = NT AUTHORITY\SYSTEM; ClientProcessId = 3652; Component = Unknown; Operation = Start IWbemServices::CreateInstanceEnum - root\wmi : MS_SM_AdapterInformationQuery; ResultCode = 0x8004100C; PossibleCause = Unknown"
"9/1/2026 9:23:07 PM","5857","Information","Microsoft-Windows-WMI-Activity","WMIProv provider started with result code 0x0. HostProcess = wmiprvse.exe; ProcessID = 4172; ProviderPath = %systemroot%\system32\wbem\wmiprov.dll"
"9/1/2026 9:23:02 PM","5857","Information","Microsoft-Windows-WMI-Activity","CIMWin32 provider started with result code 0x0. HostProcess = wmiprvse.exe; ProcessID = 2324; ProviderPath = %systemroot%\system32\wbem\cimwin32.dll"
"9/1/2026 9:15:09 PM","5858","Error","Microsoft-Windows-WMI-Activity","Id = {00000000-0000-0000-0000-000000000000}; ClientMachine = DC; User = NT AUTHORITY\NETWORK SERVICE; ClientProcessId = 5980; Component = Unknown; Operation = Start IWbemServices::ExecQuery - ROOT\CIMV2 : SELECT Manufacturer, Product FROM Win32_BaseBoard; ResultCode = 0x80041032; PossibleCause = Unknown"
"9/1/2026 9:15:01 PM","5857","Information","Microsoft-Windows-WMI-Activity","StorageWMI provider started with result code 0x0. HostProcess = wmiprvse.exe; ProcessID = 3304; ProviderPath = %SystemRoot%\System32\storagewmi.dll"
"9/1/2026 9:14:46 PM","5857","Information","Microsoft-Windows-WMI-Activity","MS_NT_EVENTLOG_PROVIDER provider started with result code 0x0. HostProcess = wmiprvse.exe; ProcessID = 3304; ProviderPath = %systemroot%\system32\wbem\ntevt.dll"
"9/1/2026 9:14:36 PM","5858","Error","Microsoft-Windows-WMI-Activity","Id = {00000000-0000-0000-0000-000000000000}; ClientMachine = DC; User = SCAFFOLD\Administrator; ClientProcessId = 3036; Component = Unknown; Operation = Start IWbemServices::ExecQuery - ROOT\CIMV2 : Select * from Win32_Process Where ProcessID = '1364'; ResultCode = 0x80041032; PossibleCause = Unknown"
"9/1/2026 9:14:25 PM","5857","Information","Microsoft-Windows-WMI-Activity","WmiPerfClass provider started with result code 0x0. HostProcess = wmiprvse.exe; ProcessID = 4224; ProviderPath = C:\Windows\System32\wbem\WmiPerfClass.dll"
"9/1/2026 9:14:13 PM","5858","Error","Microsoft-Windows-WMI-Activity","Id = {00000000-0000-0000-0000-000000000000}; ClientMachine = DC; User = NT AUTHORITY\SYSTEM; ClientProcessId = 3680; Component = Unknown; Operation = Start IWbemServices::CreateInstanceEnum - root\wmi : MSiSCSI_PortalInfoClass; ResultCode = 0x8004100C; PossibleCause = Unknown"
"9/1/2026 9:14:12 PM","5858","Error","Microsoft-Windows-WMI-Activity","Id = {00000000-0000-0000-0000-000000000000}; ClientMachine = DC; User = NT AUTHORITY\SYSTEM; ClientProcessId = 3680; Component = Unknown; Operation = Start IWbemServices::CreateInstanceEnum - root\wmi : MS_SM_AdapterInformationQuery; ResultCode = 0x8004100C; PossibleCause = Unknown"
"9/1/2026 9:14:12 PM","5857","Information","Microsoft-Windows-WMI-Activity","WMIProv provider started with result code 0x0. HostProcess = wmiprvse.exe; ProcessID = 4224; ProviderPath = %systemroot%\system32\wbem\wmiprov.dll"
"9/1/2026 9:14:09 PM","5857","Information","Microsoft-Windows-WMI-Activity","CIMWin32a provider started with result code 0x0. HostProcess = wmiprvse.exe; ProcessID = 3304; ProviderPath = %systemroot%\system32\wbem\wmipcima.dll"
"9/1/2026 9:14:07 PM","5857","Information","Microsoft-Windows-WMI-Activity","CIMWin32 provider started with result code 0x0. HostProcess = wmiprvse.exe; ProcessID = 3304; ProviderPath = %systemroot%\system32\wbem\cimwin32.dll"
"9/1/2026 8:59:26 PM","5857","Information","Microsoft-Windows-WMI-Activity","deploymentprovider provider started with result code 0x0. HostProcess = wmiprvse.exe; ProcessID = 7688; ProviderPath = %systemroot%\system32\wbem\ServerManager.DeploymentProvider.dll"
"9/1/2026 8:59:20 PM","5857","Information","Microsoft-Windows-WMI-Activity","nettcpip provider started with result code 0x0. HostProcess = wmiprvse.exe; ProcessID = 4172; ProviderPath = %systemroot%\system32\wbem\NetTCPIP.dll"
"9/1/2026 8:59:20 PM","5857","Information","Microsoft-Windows-WMI-Activity","NetAdapterCim provider started with result code 0x0. HostProcess = wmiprvse.exe; ProcessID = 7872; ProviderPath = %systemroot%\system32\wbem\NetAdapterCim.dll"
"9/1/2026 8:59:19 PM","5857","Information","Microsoft-Windows-WMI-Activity","mgmtprovider provider started with result code 0x0. HostProcess = wmiprvse.exe; ProcessID = 4172; ProviderPath = %systemroot%\system32\wbem\mgmtprovider.dll"
"9/1/2026 8:58:16 PM","5858","Error","Microsoft-Windows-WMI-Activity","Id = {ED99C09C-3A8A-0000-CFEF-99ED8A3ADD01}; ClientMachine = DC; User = SCAFFOLD\Administrator; ClientProcessId = 5608; Component = Unknown; Operation = Start IWbemServices::ExecQuery - root\cimv2 : Select * from Win32_QuickFixEngineering; ResultCode = 0x80041032; PossibleCause = Throttling Idle Tasks, refer to CIMOM regkey: ArbTaskMaxIdle"
"9/1/2026 8:53:27 PM","5858","Error","Microsoft-Windows-WMI-Activity","Id = {ED99C09C-3A8A-0000-B3DC-99ED8A3ADD01}; ClientMachine = DC; User = SCAFFOLD\Administrator; ClientProcessId = 5608; Component = Unknown; Operation = Start IWbemServices::ExecQuery - root\cimv2 : Select * from Win32_QuickFixEngineering; ResultCode = 0x80041032; PossibleCause = Throttling Idle Tasks, refer to CIMOM regkey: ArbTaskMaxIdle"
"9/1/2026 8:49:26 PM","5857","Information","Microsoft-Windows-WMI-Activity","deploymentprovider provider started with result code 0x0. HostProcess = wmiprvse.exe; ProcessID = 8032; ProviderPath = %systemroot%\system32\wbem\ServerManager.DeploymentProvider.dll"
"9/1/2026 8:49:20 PM","5857","Information","Microsoft-Windows-WMI-Activity","nettcpip provider started with result code 0x0. HostProcess = wmiprvse.exe; ProcessID = 4172; ProviderPath = %systemroot%\system32\wbem\NetTCPIP.dll"
"9/1/2026 8:49:20 PM","5857","Information","Microsoft-Windows-WMI-Activity","NetAdapterCim provider started with result code 0x0. HostProcess = wmiprvse.exe; ProcessID = 4552; ProviderPath = %systemroot%\system32\wbem\NetAdapterCim.dll"
"9/1/2026 8:49:19 PM","5857","Information","Microsoft-Windows-WMI-Activity","mgmtprovider provider started with result code 0x0. HostProcess = wmiprvse.exe; ProcessID = 4172; ProviderPath = %systemroot%\system32\wbem\mgmtprovider.dll"
"9/1/2026 8:39:35 PM","5857","Information","Microsoft-Windows-WMI-Activity","deploymentprovider provider started with result code 0x0. HostProcess = wmiprvse.exe; ProcessID = 6780; ProviderPath = %systemroot%\system32\wbem\ServerManager.DeploymentProvider.dll"
"9/1/2026 8:39:25 PM","5857","Information","Microsoft-Windows-WMI-Activity","nettcpip provider started with result code 0x0. HostProcess = wmiprvse.exe; ProcessID = 4172; ProviderPath = %systemroot%\system32\wbem\NetTCPIP.dll"
"9/1/2026 8:39:23 PM","5857","Information","Microsoft-Windows-WMI-Activity","NetAdapterCim provider started with result code 0x0. HostProcess = wmiprvse.exe; ProcessID = 4124; ProviderPath = %systemroot%\system32\wbem\NetAdapterCim.dll"
"9/1/2026 8:39:21 PM","5857","Information","Microsoft-Windows-WMI-Activity","mgmtprovider provider started with result code 0x0. HostProcess = wmiprvse.exe; ProcessID = 4172; ProviderPath = %systemroot%\system32\wbem\mgmtprovider.dll"
"9/1/2026 8:30:25 PM","5857","Information","Microsoft-Windows-WMI-Activity","InvProv provider started with result code 0x0. HostProcess = wmiprvse.exe; ProcessID = 4188; ProviderPath = C:\Windows\System32\invagent.dll"
"9/1/2026 8:30:23 PM","5857","Information","Microsoft-Windows-WMI-Activity","WhqlProvider provider started with result code 0x0. HostProcess = wmiprvse.exe; ProcessID = 4172; ProviderPath = %systemroot%\system32\signdrv.dll"
"9/1/2026 8:30:23 PM","5858","Error","Microsoft-Windows-WMI-Activity","Id = {00000000-0000-0000-0000-000000000000}; ClientMachine = DC; User = NT AUTHORITY\SYSTEM; ClientProcessId = 2496; Component = Unknown; Operation = Start IWbemServices::ExecQuery - ROOT\CIMV2 : SELECT * FROM Win32_OptionalFeature WHERE name = 'WAS-NetFxEnvironment'; ResultCode = 0x80041032; PossibleCause = Unknown"
"9/1/2026 8:30:22 PM","5858","Error","Microsoft-Windows-WMI-Activity","Id = {00000000-0000-0000-0000-000000000000}; ClientMachine = DC; User = NT AUTHORITY\SYSTEM; ClientProcessId = 2496; Component = Unknown; Operation = Start IWbemServices::ExecQuery - ROOT\CIMV2 : SELECT * FROM Win32_OptionalFeature WHERE name = 'IIS-NetFxExtensibility'; ResultCode = 0x80041032; PossibleCause = Unknown"
"9/1/2026 8:30:22 PM","5858","Error","Microsoft-Windows-WMI-Activity","Id = {00000000-0000-0000-0000-000000000000}; ClientMachine = DC; User = NT AUTHORITY\SYSTEM; ClientProcessId = 2496; Component = Unknown; Operation = Start IWbemServices::ExecQuery - ROOT\CIMV2 : SELECT * FROM Win32_OptionalFeature WHERE name = 'IIS-ASPNET'; ResultCode = 0x80041032; PossibleCause = Unknown"
"9/1/2026 8:30:22 PM","5858","Error","Microsoft-Windows-WMI-Activity","Id = {00000000-0000-0000-0000-000000000000}; ClientMachine = DC; User = NT AUTHORITY\SYSTEM; ClientProcessId = 2496; Component = Unknown; Operation = Start IWbemServices::ExecQuery - ROOT\CIMV2 : SELECT * FROM Win32_OptionalFeature WHERE name = 'WCF-NonHTTP-Activation'; ResultCode = 0x80041032; PossibleCause = Unknown"
"9/1/2026 8:30:22 PM","5858","Error","Microsoft-Windows-WMI-Activity","Id = {00000000-0000-0000-0000-000000000000}; ClientMachine = DC; User = NT AUTHORITY\SYSTEM; ClientProcessId = 2496; Component = Unknown; Operation = Start IWbemServices::ExecQuery - ROOT\CIMV2 : SELECT * FROM Win32_OptionalFeature WHERE name = 'WCF-HTTP-Activation'; ResultCode = 0x80041032; PossibleCause = Unknown"
"9/1/2026 8:30:22 PM","5858","Error","Microsoft-Windows-WMI-Activity","Id = {00000000-0000-0000-0000-000000000000}; ClientMachine = DC; User = NT AUTHORITY\SYSTEM; ClientProcessId = 2496; Component = Unknown; Operation = Start IWbemServices::ExecQuery - ROOT\CIMV2 : SELECT * FROM Win32_OptionalFeature WHERE name = 'NetFX3'; ResultCode = 0x80041032; PossibleCause = Unknown"
"9/1/2026 8:30:18 PM","5857","Information","Microsoft-Windows-WMI-Activity","Win32_TpmProvider provider started with result code 0x0. HostProcess = wmiprvse.exe; ProcessID = 4172; ProviderPath = C:\Windows\System32\wbem\Win32_TPM.dll"
"9/1/2026 8:30:18 PM","5858","Error","Microsoft-Windows-WMI-Activity","Id = {00000000-0000-0000-0000-000000000000}; ClientMachine = DC; User = NT AUTHORITY\SYSTEM; ClientProcessId = 2496; Component = Unknown; Operation = Start IWbemServices::ExecQuery - ROOT\CCM : select ClientId from CCM_Client; ResultCode = 0x80041010; PossibleCause = Unknown"
"9/1/2026 8:29:40 PM","5858","Error","Microsoft-Windows-WMI-Activity","Id = {00000000-0000-0000-0000-000000000000}; ClientMachine = DC; User = NT AUTHORITY\SYSTEM; ClientProcessId = 2356; Component = Unknown; Operation = Start IWbemServices::ExecQuery - root\cimv2 : SELECT * FROM Win32_ComputerSystem; ResultCode = 0x80041032; PossibleCause = Unknown"
"9/1/2026 8:29:39 PM","5858","Error","Microsoft-Windows-WMI-Activity","Id = {00000000-0000-0000-0000-000000000000}; ClientMachine = DC; User = NT AUTHORITY\SYSTEM; ClientProcessId = 2356; Component = Unknown; Operation = Start IWbemServices::ExecQuery - root\cimv2 : SELECT * FROM Win32_OperatingSystem; ResultCode = 0x80041032; PossibleCause = Unknown"
"9/1/2026 8:29:25 PM","5857","Information","Microsoft-Windows-WMI-Activity","deploymentprovider provider started with result code 0x0. HostProcess = wmiprvse.exe; ProcessID = 7092; ProviderPath = %systemroot%\system32\wbem\ServerManager.DeploymentProvider.dll"
"9/1/2026 8:29:18 PM","5857","Information","Microsoft-Windows-WMI-Activity","nettcpip provider started with result code 0x0. HostProcess = wmiprvse.exe; ProcessID = 4172; ProviderPath = %systemroot%\system32\wbem\NetTCPIP.dll"
"9/1/2026 8:29:18 PM","5857","Information","Microsoft-Windows-WMI-Activity","NetAdapterCim provider started with result code 0x0. HostProcess = wmiprvse.exe; ProcessID = 6592; ProviderPath = %systemroot%\system32\wbem\NetAdapterCim.dll"
"9/1/2026 8:29:18 PM","5857","Information","Microsoft-Windows-WMI-Activity","mgmtprovider provider started with result code 0x0. HostProcess = wmiprvse.exe; ProcessID = 4172; ProviderPath = %systemroot%\system32\wbem\mgmtprovider.dll"
"9/1/2026 8:29:05 PM","5859","Information","Microsoft-Windows-WMI-Activity","Namespace = //./root/CIMV2; NotificationQuery = select * from MSFT_SCMEventLogEvent; OwnerName = S-1-5-32-544; HostProcessID = 2032;  Provider= SCM Event Provider, queryID = 0; PossibleCause = Permanent"
"9/1/2026 8:29:05 PM","5861","Information","Microsoft-Windows-WMI-Activity","Namespace = //./root/subscription; Eventfilter = SCM Event Log Filter (refer to its activate eventid:5859); Consumer = NTEventLogEventConsumer=""SCM Event Log Consumer""; PossibleCause = Binding EventFilter: 
instance of __EventFilter
{
	CreatorSID = {1, 2, 0, 0, 0, 0, 0, 5, 32, 0, 0, 0, 32, 2, 0, 0};
	EventNamespace = ""root\\cimv2"";
	Name = ""SCM Event Log Filter"";
	Query = ""select * from MSFT_SCMEventLogEvent"";
	QueryLanguage = ""WQL"";
};
Perm. Consumer: 
instance of NTEventLogEventConsumer
{
	Category = 0;
	CreatorSID = {1, 2, 0, 0, 0, 0, 0, 5, 32, 0, 0, 0, 32, 2, 0, 0};
	EventType = 1;
	Name = ""SCM Event Log Consumer"";
	NameOfUserSIDProperty = ""sid"";
	SourceName = ""Service Control Manager"";
};
"
"9/1/2026 8:28:05 PM","5857","Information","Microsoft-Windows-WMI-Activity","MS_NT_EVENTLOG_PROVIDER provider started with result code 0x0. HostProcess = wmiprvse.exe; ProcessID = 4172; ProviderPath = %systemroot%\system32\wbem\ntevt.dll"
"9/1/2026 8:27:45 PM","5857","Information","Microsoft-Windows-WMI-Activity","WmiPerfClass provider started with result code 0x0. HostProcess = wmiprvse.exe; ProcessID = 4188; ProviderPath = C:\Windows\System32\wbem\WmiPerfClass.dll"
"9/1/2026 8:27:33 PM","5858","Error","Microsoft-Windows-WMI-Activity","Id = {00000000-0000-0000-0000-000000000000}; ClientMachine = DC; User = NT AUTHORITY\SYSTEM; ClientProcessId = 3636; Component = Unknown; Operation = Start IWbemServices::CreateInstanceEnum - root\wmi : MSiSCSI_PortalInfoClass; ResultCode = 0x8004100C; PossibleCause = Unknown"
"9/1/2026 8:27:32 PM","5858","Error","Microsoft-Windows-WMI-Activity","Id = {00000000-0000-0000-0000-000000000000}; ClientMachine = DC; User = NT AUTHORITY\SYSTEM; ClientProcessId = 3636; Component = Unknown; Operation = Start IWbemServices::CreateInstanceEnum - root\wmi : MS_SM_AdapterInformationQuery; ResultCode = 0x8004100C; PossibleCause = Unknown"
"9/1/2026 8:27:32 PM","5857","Information","Microsoft-Windows-WMI-Activity","WMIProv provider started with result code 0x0. HostProcess = wmiprvse.exe; ProcessID = 4188; ProviderPath = %systemroot%\system32\wbem\wmiprov.dll"
"9/1/2026 8:27:29 PM","5857","Information","Microsoft-Windows-WMI-Activity","CIMWin32a provider started with result code 0x0. HostProcess = wmiprvse.exe; ProcessID = 4172; ProviderPath = %systemroot%\system32\wbem\wmipcima.dll"
"9/1/2026 8:27:27 PM","5857","Information","Microsoft-Windows-WMI-Activity","CIMWin32 provider started with result code 0x0. HostProcess = wmiprvse.exe; ProcessID = 4172; ProviderPath = %systemroot%\system32\wbem\cimwin32.dll"
"9/1/2026 8:24:34 PM","5858","Error","Microsoft-Windows-WMI-Activity","Id = {00000000-0000-0000-0000-000000000000}; ClientMachine = DC; User = NT AUTHORITY\SYSTEM; ClientProcessId = 2372; Component = Unknown; Operation = Start IWbemServices::ExecQuery - root\cimv2 : SELECT * FROM Win32_ComputerSystem; ResultCode = 0x80041032; PossibleCause = Unknown"
"9/1/2026 8:24:34 PM","5858","Error","Microsoft-Windows-WMI-Activity","Id = {00000000-0000-0000-0000-000000000000}; ClientMachine = DC; User = NT AUTHORITY\SYSTEM; ClientProcessId = 2372; Component = Unknown; Operation = Start IWbemServices::ExecQuery - root\cimv2 : SELECT * FROM Win32_ComputerSystem; ResultCode = 0x80041032; PossibleCause = Unknown"
"9/1/2026 8:24:34 PM","5858","Error","Microsoft-Windows-WMI-Activity","Id = {00000000-0000-0000-0000-000000000000}; ClientMachine = DC; User = NT AUTHORITY\SYSTEM; ClientProcessId = 2372; Component = Unknown; Operation = Start IWbemServices::ExecQuery - root\cimv2 : SELECT * FROM Win32_Processor; ResultCode = 0x80041032; PossibleCause = Unknown"
"9/1/2026 8:24:33 PM","5858","Error","Microsoft-Windows-WMI-Activity","Id = {00000000-0000-0000-0000-000000000000}; ClientMachine = DC; User = NT AUTHORITY\SYSTEM; ClientProcessId = 2372; Component = Unknown; Operation = Start IWbemServices::ExecQuery - root\cimv2 : SELECT * FROM Win32_ComputerSystem; ResultCode = 0x80041032; PossibleCause = Unknown"
"9/1/2026 8:24:33 PM","5858","Error","Microsoft-Windows-WMI-Activity","Id = {00000000-0000-0000-0000-000000000000}; ClientMachine = DC; User = NT AUTHORITY\SYSTEM; ClientProcessId = 2372; Component = Unknown; Operation = Start IWbemServices::ExecQuery - root\cimv2 : SELECT * FROM Win32_OperatingSystem; ResultCode = 0x80041032; PossibleCause = Unknown"
"9/1/2026 8:24:32 PM","5858","Error","Microsoft-Windows-WMI-Activity","Id = {00000000-0000-0000-0000-000000000000}; ClientMachine = DC; User = NT AUTHORITY\SYSTEM; ClientProcessId = 2372; Component = Unknown; Operation = Start IWbemServices::ExecQuery - root\cimv2 : SELECT * FROM Win32_ComputerSystem; ResultCode = 0x80041032; PossibleCause = Unknown"
"9/1/2026 8:24:32 PM","5858","Error","Microsoft-Windows-WMI-Activity","Id = {00000000-0000-0000-0000-000000000000}; ClientMachine = DC; User = NT AUTHORITY\SYSTEM; ClientProcessId = 2372; Component = Unknown; Operation = Start IWbemServices::ExecQuery - root\cimv2 : SELECT * FROM Win32_ComputerSystemProduct; ResultCode = 0x80041032; PossibleCause = Unknown"
"9/1/2026 8:24:32 PM","5858","Error","Microsoft-Windows-WMI-Activity","Id = {00000000-0000-0000-0000-000000000000}; ClientMachine = DC; User = NT AUTHORITY\SYSTEM; ClientProcessId = 2372; Component = Unknown; Operation = Start IWbemServices::ExecQuery - root\cimv2 : SELECT * FROM Win32_ComputerSystemProduct; ResultCode = 0x80041032; PossibleCause = Unknown"
"9/1/2026 8:24:12 PM","5857","Information","Microsoft-Windows-WMI-Activity","deploymentprovider provider started with result code 0x0. HostProcess = wmiprvse.exe; ProcessID = 7084; ProviderPath = %systemroot%\system32\wbem\ServerManager.DeploymentProvider.dll"
"9/1/2026 8:24:08 PM","5857","Information","Microsoft-Windows-WMI-Activity","nettcpip provider started with result code 0x0. HostProcess = wmiprvse.exe; ProcessID = 4172; ProviderPath = %systemroot%\system32\wbem\NetTCPIP.dll"
"9/1/2026 8:24:08 PM","5857","Information","Microsoft-Windows-WMI-Activity","NetAdapterCim provider started with result code 0x0. HostProcess = wmiprvse.exe; ProcessID = 7008; ProviderPath = %systemroot%\system32\wbem\NetAdapterCim.dll"
"9/1/2026 8:24:07 PM","5857","Information","Microsoft-Windows-WMI-Activity","mgmtprovider provider started with result code 0x0. HostProcess = wmiprvse.exe; ProcessID = 4172; ProviderPath = %systemroot%\system32\wbem\mgmtprovider.dll"
"9/1/2026 8:23:47 PM","5859","Information","Microsoft-Windows-WMI-Activity","Namespace = //./root/CIMV2; NotificationQuery = select * from MSFT_SCMEventLogEvent; OwnerName = S-1-5-32-544; HostProcessID = 2448;  Provider= SCM Event Provider, queryID = 0; PossibleCause = Permanent"
"9/1/2026 8:23:47 PM","5861","Information","Microsoft-Windows-WMI-Activity","Namespace = //./root/subscription; Eventfilter = SCM Event Log Filter (refer to its activate eventid:5859); Consumer = NTEventLogEventConsumer=""SCM Event Log Consumer""; PossibleCause = Binding EventFilter: 
instance of __EventFilter
{
	CreatorSID = {1, 2, 0, 0, 0, 0, 0, 5, 32, 0, 0, 0, 32, 2, 0, 0};
	EventNamespace = ""root\\cimv2"";
	Name = ""SCM Event Log Filter"";
	Query = ""select * from MSFT_SCMEventLogEvent"";
	QueryLanguage = ""WQL"";
};
Perm. Consumer: 
instance of NTEventLogEventConsumer
{
	Category = 0;
	CreatorSID = {1, 2, 0, 0, 0, 0, 0, 5, 32, 0, 0, 0, 32, 2, 0, 0};
	EventType = 1;
	Name = ""SCM Event Log Consumer"";
	NameOfUserSIDProperty = ""sid"";
	SourceName = ""Service Control Manager"";
};
"
"9/1/2026 8:23:11 PM","5858","Error","Microsoft-Windows-WMI-Activity","Id = {00000000-0000-0000-0000-000000000000}; ClientMachine = DC; User = NT AUTHORITY\NETWORK SERVICE; ClientProcessId = 5964; Component = Unknown; Operation = Start IWbemServices::ExecQuery - ROOT\CIMV2 : SELECT Manufacturer, Product FROM Win32_BaseBoard; ResultCode = 0x80041032; PossibleCause = Unknown"
"9/1/2026 8:22:47 PM","5857","Information","Microsoft-Windows-WMI-Activity","MS_NT_EVENTLOG_PROVIDER provider started with result code 0x0. HostProcess = wmiprvse.exe; ProcessID = 4172; ProviderPath = %systemroot%\system32\wbem\ntevt.dll"
"9/1/2026 8:22:26 PM","5857","Information","Microsoft-Windows-WMI-Activity","WmiPerfClass provider started with result code 0x0. HostProcess = wmiprvse.exe; ProcessID = 4300; ProviderPath = C:\Windows\System32\wbem\WmiPerfClass.dll"
"9/1/2026 8:22:16 PM","5858","Error","Microsoft-Windows-WMI-Activity","Id = {00000000-0000-0000-0000-000000000000}; ClientMachine = DC; User = NT AUTHORITY\SYSTEM; ClientProcessId = 3748; Component = Unknown; Operation = Start IWbemServices::CreateInstanceEnum - root\wmi : MSiSCSI_PortalInfoClass; ResultCode = 0x8004100C; PossibleCause = Unknown"
"9/1/2026 8:22:16 PM","5858","Error","Microsoft-Windows-WMI-Activity","Id = {00000000-0000-0000-0000-000000000000}; ClientMachine = DC; User = NT AUTHORITY\SYSTEM; ClientProcessId = 3748; Component = Unknown; Operation = Start IWbemServices::CreateInstanceEnum - root\wmi : MS_SM_AdapterInformationQuery; ResultCode = 0x8004100C; PossibleCause = Unknown"
"9/1/2026 8:22:16 PM","5857","Information","Microsoft-Windows-WMI-Activity","WMIProv provider started with result code 0x0. HostProcess = wmiprvse.exe; ProcessID = 4300; ProviderPath = %systemroot%\system32\wbem\wmiprov.dll"
"9/1/2026 8:22:11 PM","5857","Information","Microsoft-Windows-WMI-Activity","CIMWin32a provider started with result code 0x0. HostProcess = wmiprvse.exe; ProcessID = 4172; ProviderPath = %systemroot%\system32\wbem\wmipcima.dll"
"9/1/2026 8:22:10 PM","5857","Information","Microsoft-Windows-WMI-Activity","CIMWin32 provider started with result code 0x0. HostProcess = wmiprvse.exe; ProcessID = 4172; ProviderPath = %systemroot%\system32\wbem\cimwin32.dll"
"9/1/2026 8:21:13 PM","5857","Information","Microsoft-Windows-WMI-Activity","CIMWin32a provider started with result code 0x0. HostProcess = wmiprvse.exe; ProcessID = 4276; ProviderPath = %systemroot%\system32\wbem\wmipcima.dll"
"9/1/2026 8:19:05 PM","5859","Information","Microsoft-Windows-WMI-Activity","Namespace = //./root/CIMV2; NotificationQuery = select * from MSFT_SCMEventLogEvent; OwnerName = S-1-5-32-544; HostProcessID = 2456;  Provider= SCM Event Provider, queryID = 0; PossibleCause = Permanent"
"9/1/2026 8:19:05 PM","5861","Information","Microsoft-Windows-WMI-Activity","Namespace = //./root/subscription; Eventfilter = SCM Event Log Filter (refer to its activate eventid:5859); Consumer = NTEventLogEventConsumer=""SCM Event Log Consumer""; PossibleCause = Binding EventFilter: 
instance of __EventFilter
{
	CreatorSID = {1, 2, 0, 0, 0, 0, 0, 5, 32, 0, 0, 0, 32, 2, 0, 0};
	EventNamespace = ""root\\cimv2"";
	Name = ""SCM Event Log Filter"";
	Query = ""select * from MSFT_SCMEventLogEvent"";
	QueryLanguage = ""WQL"";
};
Perm. Consumer: 
instance of NTEventLogEventConsumer
{
	Category = 0;
	CreatorSID = {1, 2, 0, 0, 0, 0, 0, 5, 32, 0, 0, 0, 32, 2, 0, 0};
	EventType = 1;
	Name = ""SCM Event Log Consumer"";
	NameOfUserSIDProperty = ""sid"";
	SourceName = ""Service Control Manager"";
};
"
"9/1/2026 8:19:02 PM","5858","Error","Microsoft-Windows-WMI-Activity","Id = {F7ADF726-547D-401F-918B-C61DF91422AC}; ClientMachine = DC; User = SCAFFOLD\Administrator; ClientProcessId = 5484; Component = Provider; Operation = Start IWbemServices::ExecMethod - root\microsoft\windows\servermanager : MSFT_ServerManagerTasks::GetServerFeature; ResultCode = 0x80041001; PossibleCause = Unknown"
"9/1/2026 8:18:51 PM","5857","Information","Microsoft-Windows-WMI-Activity","deploymentprovider provider started with result code 0x0. HostProcess = wmiprvse.exe; ProcessID = 2684; ProviderPath = %systemroot%\system32\wbem\ServerManager.DeploymentProvider.dll"
"9/1/2026 8:18:44 PM","5857","Information","Microsoft-Windows-WMI-Activity","nettcpip provider started with result code 0x0. HostProcess = wmiprvse.exe; ProcessID = 4276; ProviderPath = %systemroot%\system32\wbem\NetTCPIP.dll"
"9/1/2026 8:18:44 PM","5857","Information","Microsoft-Windows-WMI-Activity","NetAdapterCim provider started with result code 0x0. HostProcess = wmiprvse.exe; ProcessID = 6952; ProviderPath = %systemroot%\system32\wbem\NetAdapterCim.dll"
"9/1/2026 8:18:43 PM","5857","Information","Microsoft-Windows-WMI-Activity","mgmtprovider provider started with result code 0x0. HostProcess = wmiprvse.exe; ProcessID = 4276; ProviderPath = %systemroot%\system32\wbem\mgmtprovider.dll"
"9/1/2026 8:18:05 PM","5857","Information","Microsoft-Windows-WMI-Activity","MS_NT_EVENTLOG_PROVIDER provider started with result code 0x0. HostProcess = wmiprvse.exe; ProcessID = 4276; ProviderPath = %systemroot%\system32\wbem\ntevt.dll"
"9/1/2026 8:17:55 PM","5858","Error","Microsoft-Windows-WMI-Activity","Id = {00000000-0000-0000-0000-000000000000}; ClientMachine = DC; User = NT AUTHORITY\NETWORK SERVICE; ClientProcessId = 5324; Component = Unknown; Operation = Start IWbemServices::ExecQuery - ROOT\CIMV2 : SELECT Manufacturer, Product FROM Win32_BaseBoard; ResultCode = 0x80041032; PossibleCause = Unknown"
"9/1/2026 8:17:44 PM","5857","Information","Microsoft-Windows-WMI-Activity","WmiPerfClass provider started with result code 0x0. HostProcess = wmiprvse.exe; ProcessID = 4580; ProviderPath = C:\Windows\System32\wbem\WmiPerfClass.dll"
"9/1/2026 8:17:29 PM","5858","Error","Microsoft-Windows-WMI-Activity","Id = {00000000-0000-0000-0000-000000000000}; ClientMachine = DC; User = NT AUTHORITY\SYSTEM; ClientProcessId = 3788; Component = Unknown; Operation = Start IWbemServices::CreateInstanceEnum - root\wmi : MSiSCSI_PortalInfoClass; ResultCode = 0x8004100C; PossibleCause = Unknown"
"9/1/2026 8:17:29 PM","5858","Error","Microsoft-Windows-WMI-Activity","Id = {00000000-0000-0000-0000-000000000000}; ClientMachine = DC; User = NT AUTHORITY\SYSTEM; ClientProcessId = 3788; Component = Unknown; Operation = Start IWbemServices::CreateInstanceEnum - root\wmi : MS_SM_AdapterInformationQuery; ResultCode = 0x8004100C; PossibleCause = Unknown"
"9/1/2026 8:17:29 PM","5857","Information","Microsoft-Windows-WMI-Activity","WMIProv provider started with result code 0x0. HostProcess = wmiprvse.exe; ProcessID = 4580; ProviderPath = %systemroot%\system32\wbem\wmiprov.dll"
"9/1/2026 8:17:26 PM","5857","Information","Microsoft-Windows-WMI-Activity","CIMWin32 provider started with result code 0x0. HostProcess = wmiprvse.exe; ProcessID = 4276; ProviderPath = %systemroot%\system32\wbem\cimwin32.dll"
"9/1/2026 7:25:39 PM","5857","Information","Microsoft-Windows-WMI-Activity","MS_NT_EVENTLOG_PROVIDER provider started with result code 0x0. HostProcess = wmiprvse.exe; ProcessID = 4424; ProviderPath = %systemroot%\system32\wbem\ntevt.dll"
"9/1/2026 7:25:31 PM","5858","Error","Microsoft-Windows-WMI-Activity","Id = {00000000-0000-0000-0000-000000000000}; ClientMachine = DC; User = SCAFFOLD\Administrator; ClientProcessId = 3016; Component = Unknown; Operation = Start IWbemServices::ExecQuery - ROOT\CIMV2 : Select * from Win32_Process Where ProcessID = '0'; ResultCode = 0x80041032; PossibleCause = Unknown"
"9/1/2026 7:25:18 PM","5857","Information","Microsoft-Windows-WMI-Activity","WmiPerfClass provider started with result code 0x0. HostProcess = wmiprvse.exe; ProcessID = 4708; ProviderPath = C:\Windows\System32\wbem\WmiPerfClass.dll"
"9/1/2026 7:25:02 PM","5858","Error","Microsoft-Windows-WMI-Activity","Id = {00000000-0000-0000-0000-000000000000}; ClientMachine = DC; User = NT AUTHORITY\SYSTEM; ClientProcessId = 3712; Component = Unknown; Operation = Start IWbemServices::CreateInstanceEnum - root\wmi : MSiSCSI_PortalInfoClass; ResultCode = 0x8004100C; PossibleCause = Unknown"
"9/1/2026 7:25:02 PM","5858","Error","Microsoft-Windows-WMI-Activity","Id = {00000000-0000-0000-0000-000000000000}; ClientMachine = DC; User = NT AUTHORITY\SYSTEM; ClientProcessId = 3712; Component = Unknown; Operation = Start IWbemServices::CreateInstanceEnum - root\wmi : MS_SM_AdapterInformationQuery; ResultCode = 0x8004100C; PossibleCause = Unknown"
"9/1/2026 7:25:02 PM","5857","Information","Microsoft-Windows-WMI-Activity","WMIProv provider started with result code 0x0. HostProcess = wmiprvse.exe; ProcessID = 4708; ProviderPath = %systemroot%\system32\wbem\wmiprov.dll"
"9/1/2026 7:24:59 PM","5857","Information","Microsoft-Windows-WMI-Activity","CIMWin32 provider started with result code 0x0. HostProcess = wmiprvse.exe; ProcessID = 4424; ProviderPath = %systemroot%\system32\wbem\cimwin32.dll"
"9/1/2026 7:17:44 PM","5858","Error","Microsoft-Windows-WMI-Activity","Id = {00000000-0000-0000-0000-000000000000}; ClientMachine = DC; User = SCAFFOLD\Administrator; ClientProcessId = 2356; Component = Unknown; Operation = Start IWbemServices::ExecQuery - ROOT\CIMV2 : Select * from Win32_Process Where ProcessID = '1220'; ResultCode = 0x80041032; PossibleCause = Unknown"
"9/1/2026 7:17:33 PM","5857","Information","Microsoft-Windows-WMI-Activity","WmiPerfClass provider started with result code 0x0. HostProcess = wmiprvse.exe; ProcessID = 4660; ProviderPath = C:\Windows\System32\wbem\WmiPerfClass.dll"
"9/1/2026 7:17:18 PM","5858","Error","Microsoft-Windows-WMI-Activity","Id = {00000000-0000-0000-0000-000000000000}; ClientMachine = DC; User = NT AUTHORITY\SYSTEM; ClientProcessId = 3676; Component = Unknown; Operation = Start IWbemServices::CreateInstanceEnum - root\wmi : MSiSCSI_PortalInfoClass; ResultCode = 0x8004100C; PossibleCause = Unknown"
"9/1/2026 7:17:18 PM","5858","Error","Microsoft-Windows-WMI-Activity","Id = {00000000-0000-0000-0000-000000000000}; ClientMachine = DC; User = NT AUTHORITY\SYSTEM; ClientProcessId = 3676; Component = Unknown; Operation = Start IWbemServices::CreateInstanceEnum - root\wmi : MS_SM_AdapterInformationQuery; ResultCode = 0x8004100C; PossibleCause = Unknown"
"9/1/2026 7:17:17 PM","5857","Information","Microsoft-Windows-WMI-Activity","WMIProv provider started with result code 0x0. HostProcess = wmiprvse.exe; ProcessID = 4660; ProviderPath = %systemroot%\system32\wbem\wmiprov.dll"
"9/1/2026 7:17:14 PM","5857","Information","Microsoft-Windows-WMI-Activity","CIMWin32 provider started with result code 0x0. HostProcess = wmiprvse.exe; ProcessID = 4444; ProviderPath = %systemroot%\system32\wbem\cimwin32.dll"
"9/1/2026 5:18:07 PM","5857","Information","Microsoft-Windows-WMI-Activity","dnsclientcim provider started with result code 0x0. HostProcess = wmiprvse.exe; ProcessID = 5700; ProviderPath = %SYSTEMROOT%\System32\wbem\dnsclientcim.dll"
"9/1/2026 5:18:06 PM","5857","Information","Microsoft-Windows-WMI-Activity","NetAdapterCim provider started with result code 0x0. HostProcess = wmiprvse.exe; ProcessID = 3744; ProviderPath = %systemroot%\system32\wbem\NetAdapterCim.dll"
"9/1/2026 5:18:05 PM","5857","Information","Microsoft-Windows-WMI-Activity","nettcpip provider started with result code 0x0. HostProcess = wmiprvse.exe; ProcessID = 4312; ProviderPath = %systemroot%\system32\wbem\NetTCPIP.dll"
"9/1/2026 5:17:25 PM","5857","Information","Microsoft-Windows-WMI-Activity","SppProvider provider started with result code 0x0. HostProcess = wmiprvse.exe; ProcessID = 4312; ProviderPath = %SystemRoot%\System32\sppwmi.dll"
"9/1/2026 5:13:30 PM","5857","Information","Microsoft-Windows-WMI-Activity","RegProv provider started with result code 0x0. HostProcess = wmiprvse.exe; ProcessID = 2696; ProviderPath = %systemroot%\system32\wbem\stdprov.dll"
"9/1/2026 5:13:29 PM","5858","Error","Microsoft-Windows-WMI-Activity","Id = {00000000-0000-0000-0000-000000000000}; ClientMachine = DC; User = SCAFFOLD\Administrator; ClientProcessId = 3256; Component = Unknown; Operation = Start IWbemServices::ExecQuery - root\cimv2 : SELECT Version FROM SoftwareLicensingService; ResultCode = 0x80041032; PossibleCause = Unknown"
"9/1/2026 5:13:11 PM","5857","Information","Microsoft-Windows-WMI-Activity","SppProvider provider started with result code 0x0. HostProcess = wmiprvse.exe; ProcessID = 4312; ProviderPath = %SystemRoot%\System32\sppwmi.dll"
"9/1/2026 5:12:56 PM","5857","Information","Microsoft-Windows-WMI-Activity","dnsclientcim provider started with result code 0x0. HostProcess = wmiprvse.exe; ProcessID = 4296; ProviderPath = %SYSTEMROOT%\System32\wbem\dnsclientcim.dll"
"9/1/2026 5:12:56 PM","5857","Information","Microsoft-Windows-WMI-Activity","nettcpip provider started with result code 0x0. HostProcess = wmiprvse.exe; ProcessID = 4312; ProviderPath = %systemroot%\system32\wbem\NetTCPIP.dll"
"9/1/2026 5:12:03 PM","5857","Information","Microsoft-Windows-WMI-Activity","WmiPerfInst provider started with result code 0x0. HostProcess = wmiprvse.exe; ProcessID = 2696; ProviderPath = C:\Windows\System32\wbem\WmiPerfInst.dll"
"9/1/2026 5:10:18 PM","5858","Error","Microsoft-Windows-WMI-Activity","Id = {EB779C86-3A6D-0000-50A3-77EB6D3ADD01}; ClientMachine = DC; User = NT AUTHORITY\SYSTEM; ClientProcessId = 2652; Component = Unknown; Operation = Start IWbemServices::ExecNotificationQuery - ROOT\CIMV2 : SELECT * FROM Win32_ProcessStartTrace WHERE ProcessName = 'wsmprovhost.exe'; ResultCode = 0x80041032; PossibleCause = Unknown"
"9/1/2026 5:08:53 PM","5857","Information","Microsoft-Windows-WMI-Activity","WmiPerfInst provider started with result code 0x0. HostProcess = wmiprvse.exe; ProcessID = 5400; ProviderPath = C:\Windows\System32\wbem\WmiPerfInst.dll"
"9/1/2026 5:03:00 PM","5857","Information","Microsoft-Windows-WMI-Activity","WMIPingProvider provider started with result code 0x0. HostProcess = wmiprvse.exe; ProcessID = 4312; ProviderPath = %systemroot%\system32\wbem\WMIPICMP.dll"
"9/1/2026 5:02:53 PM","5857","Information","Microsoft-Windows-WMI-Activity","dnsclientcim provider started with result code 0x0. HostProcess = wmiprvse.exe; ProcessID = 4560; ProviderPath = %SYSTEMROOT%\System32\wbem\dnsclientcim.dll"
"9/1/2026 5:02:52 PM","5857","Information","Microsoft-Windows-WMI-Activity","NetAdapterCim provider started with result code 0x0. HostProcess = wmiprvse.exe; ProcessID = 5564; ProviderPath = %systemroot%\system32\wbem\NetAdapterCim.dll"
"9/1/2026 5:02:51 PM","5857","Information","Microsoft-Windows-WMI-Activity","nettcpip provider started with result code 0x0. HostProcess = wmiprvse.exe; ProcessID = 4312; ProviderPath = %systemroot%\system32\wbem\NetTCPIP.dll"
"9/1/2026 5:02:18 PM","5858","Error","Microsoft-Windows-WMI-Activity","Id = {00000000-0000-0000-0000-000000000000}; ClientMachine = DC; User = NT AUTHORITY\SYSTEM; ClientProcessId = 5136; Component = Unknown; Operation = Start IWbemServices::ExecQuery - root\cimv2 : SELECT * FROM Win32_ComputerSystemProduct; ResultCode = 0x80041032; PossibleCause = Unknown"
"9/1/2026 5:02:03 PM","5858","Error","Microsoft-Windows-WMI-Activity","Id = {36D3627C-55C6-4F9D-86C8-7F37295F73DB}; ClientMachine = DC; User = NT AUTHORITY\SYSTEM; ClientProcessId = 1456; Component = Unknown; Operation = Start IWbemServices::DeleteInstance - Root\Rsop\Computer : RSOP_ExtensionStatus.extensionGuid=""{FC491EF1-C4AA-4CE1-B329-414B101DB823}""; ResultCode = 0x80041002; PossibleCause = Unknown"
"9/1/2026 5:02:03 PM","5858","Error","Microsoft-Windows-WMI-Activity","Id = {36D3627C-55C6-4F9D-86C8-7F37295F73DB}; ClientMachine = DC; User = NT AUTHORITY\SYSTEM; ClientProcessId = 1456; Component = Unknown; Operation = Start IWbemServices::DeleteInstance - Root\Rsop\Computer : RSOP_ExtensionStatus.extensionGuid=""{fbf687e6-f063-4d9f-9f4f-fd9a26acdd5f}""; ResultCode = 0x80041002; PossibleCause = Unknown"
"9/1/2026 5:02:03 PM","5858","Error","Microsoft-Windows-WMI-Activity","Id = {36D3627C-55C6-4F9D-86C8-7F37295F73DB}; ClientMachine = DC; User = NT AUTHORITY\SYSTEM; ClientProcessId = 1456; Component = Unknown; Operation = Start IWbemServices::DeleteInstance - Root\Rsop\Computer : RSOP_ExtensionStatus.extensionGuid=""{FB2CA36D-0B40-4307-821B-A13B252DE56C}""; ResultCode = 0x80041002; PossibleCause = Unknown"
"9/1/2026 5:02:03 PM","5858","Error","Microsoft-Windows-WMI-Activity","Id = {36D3627C-55C6-4F9D-86C8-7F37295F73DB}; ClientMachine = DC; User = NT AUTHORITY\SYSTEM; ClientProcessId = 1456; Component = Unknown; Operation = Start IWbemServices::DeleteInstance - Root\Rsop\Computer : RSOP_ExtensionStatus.extensionGuid=""{F312195E-3D9D-447A-A3F5-08DFFA24735E}""; ResultCode = 0x80041002; PossibleCause = Unknown"
"9/1/2026 5:02:03 PM","5858","Error","Microsoft-Windows-WMI-Activity","Id = {36D3627C-55C6-4F9D-86C8-7F37295F73DB}; ClientMachine = DC; User = NT AUTHORITY\SYSTEM; ClientProcessId = 1456; Component = Unknown; Operation = Start IWbemServices::DeleteInstance - Root\Rsop\Computer : RSOP_ExtensionStatus.extensionGuid=""{E62688F0-25FD-4c90-BFF5-F508B9D2E31F}""; ResultCode = 0x80041002; PossibleCause = Unknown"
"9/1/2026 5:02:03 PM","5858","Error","Microsoft-Windows-WMI-Activity","Id = {36D3627C-55C6-4F9D-86C8-7F37295F73DB}; ClientMachine = DC; User = NT AUTHORITY\SYSTEM; ClientProcessId = 1456; Component = Unknown; Operation = Start IWbemServices::DeleteInstance - Root\Rsop\Computer : RSOP_ExtensionStatus.extensionGuid=""{E5094040-C46C-4115-B030-04FB2E545B00}""; ResultCode = 0x80041002; PossibleCause = Unknown"
"9/1/2026 5:02:03 PM","5858","Error","Microsoft-Windows-WMI-Activity","Id = {36D3627C-55C6-4F9D-86C8-7F37295F73DB}; ClientMachine = DC; User = NT AUTHORITY\SYSTEM; ClientProcessId = 1456; Component = Unknown; Operation = Start IWbemServices::DeleteInstance - Root\Rsop\Computer : RSOP_ExtensionStatus.extensionGuid=""{E4F48E54-F38D-4884-BFB9-D4D2E5729C18}""; ResultCode = 0x80041002; PossibleCause = Unknown"
"9/1/2026 5:02:03 PM","5858","Error","Microsoft-Windows-WMI-Activity","Id = {36D3627C-55C6-4F9D-86C8-7F37295F73DB}; ClientMachine = DC; User = NT AUTHORITY\SYSTEM; ClientProcessId = 1456; Component = Unknown; Operation = Start IWbemServices::DeleteInstance - Root\Rsop\Computer : RSOP_ExtensionStatus.extensionGuid=""{e437bc1c-aa7d-11d2-a382-00c04f991e27}""; ResultCode = 0x80041002; PossibleCause = Unknown"
"9/1/2026 5:02:03 PM","5858","Error","Microsoft-Windows-WMI-Activity","Id = {36D3627C-55C6-4F9D-86C8-7F37295F73DB}; ClientMachine = DC; User = NT AUTHORITY\SYSTEM; ClientProcessId = 1456; Component = Unknown; Operation = Start IWbemServices::DeleteInstance - Root\Rsop\Computer : RSOP_ExtensionStatus.extensionGuid=""{CFF649BD-601D-4361-AD3D-0FC365DB4DB7}""; ResultCode = 0x80041002; PossibleCause = Unknown"
"9/1/2026 5:02:03 PM","5858","Error","Microsoft-Windows-WMI-Activity","Id = {36D3627C-55C6-4F9D-86C8-7F37295F73DB}; ClientMachine = DC; User = NT AUTHORITY\SYSTEM; ClientProcessId = 1456; Component = Unknown; Operation = Start IWbemServices::DeleteInstance - Root\Rsop\Computer : RSOP_ExtensionStatus.extensionGuid=""{CF7639F3-ABA2-41DB-97F2-81E2C5DBFC5D}""; ResultCode = 0x80041002; PossibleCause = Unknown"
"9/1/2026 5:02:03 PM","5858","Error","Microsoft-Windows-WMI-Activity","Id = {36D3627C-55C6-4F9D-86C8-7F37295F73DB}; ClientMachine = DC; User = NT AUTHORITY\SYSTEM; ClientProcessId = 1456; Component = Unknown; Operation = Start IWbemServices::DeleteInstance - Root\Rsop\Computer : RSOP_ExtensionStatus.extensionGuid=""{cdeafc3d-948d-49dd-ab12-e578ba4af7aa}""; ResultCode = 0x80041002; PossibleCause = Unknown"
"9/1/2026 5:02:03 PM","5858","Error","Microsoft-Windows-WMI-Activity","Id = {36D3627C-55C6-4F9D-86C8-7F37295F73DB}; ClientMachine = DC; User = NT AUTHORITY\SYSTEM; ClientProcessId = 1456; Component = Unknown; Operation = Start IWbemServices::DeleteInstance - Root\Rsop\Computer : RSOP_ExtensionStatus.extensionGuid=""{c6dc5466-785a-11d2-84d0-00c04fb169f7}""; ResultCode = 0x80041002; PossibleCause = Unknown"
"9/1/2026 5:02:03 PM","5858","Error","Microsoft-Windows-WMI-Activity","Id = {36D3627C-55C6-4F9D-86C8-7F37295F73DB}; ClientMachine = DC; User = NT AUTHORITY\SYSTEM; ClientProcessId = 1456; Component = Unknown; Operation = Start IWbemServices::DeleteInstance - Root\Rsop\Computer : RSOP_ExtensionStatus.extensionGuid=""{C631DF4C-088F-4156-B058-4375F0853CD8}""; ResultCode = 0x80041002; PossibleCause = Unknown"
"9/1/2026 5:02:03 PM","5858","Error","Microsoft-Windows-WMI-Activity","Id = {36D3627C-55C6-4F9D-86C8-7F37295F73DB}; ClientMachine = DC; User = NT AUTHORITY\SYSTEM; ClientProcessId = 1456; Component = Unknown; Operation = Start IWbemServices::DeleteInstance - Root\Rsop\Computer : RSOP_ExtensionStatus.extensionGuid=""{C418DD9D-0D14-4efb-8FBF-CFE535C8FAC7}""; ResultCode = 0x80041002; PossibleCause = Unknown"
"9/1/2026 5:02:03 PM","5858","Error","Microsoft-Windows-WMI-Activity","Id = {36D3627C-55C6-4F9D-86C8-7F37295F73DB}; ClientMachine = DC; User = NT AUTHORITY\SYSTEM; ClientProcessId = 1456; Component = Unknown; Operation = Start IWbemServices::DeleteInstance - Root\Rsop\Computer : RSOP_ExtensionStatus.extensionGuid=""{C34B2751-1CF4-44F5-9262-C3FC39666591}""; ResultCode = 0x80041002; PossibleCause = Unknown"
"9/1/2026 5:02:03 PM","5858","Error","Microsoft-Windows-WMI-Activity","Id = {36D3627C-55C6-4F9D-86C8-7F37295F73DB}; ClientMachine = DC; User = NT AUTHORITY\SYSTEM; ClientProcessId = 1456; Component = Unknown; Operation = Start IWbemServices::DeleteInstance - Root\Rsop\Computer : RSOP_ExtensionStatus.extensionGuid=""{BC75B1ED-5833-4858-9BB8-CBF0B166DF9D}""; ResultCode = 0x80041002; PossibleCause = Unknown"
"9/1/2026 5:02:03 PM","5858","Error","Microsoft-Windows-WMI-Activity","Id = {36D3627C-55C6-4F9D-86C8-7F37295F73DB}; ClientMachine = DC; User = NT AUTHORITY\SYSTEM; ClientProcessId = 1456; Component = Unknown; Operation = Start IWbemServices::DeleteInstance - Root\Rsop\Computer : RSOP_ExtensionStatus.extensionGuid=""{BA649533-0AAC-4E04-B9BC-4DBAE0325B12}""; ResultCode = 0x80041002; PossibleCause = Unknown"
"9/1/2026 5:02:03 PM","5858","Error","Microsoft-Windows-WMI-Activity","Id = {36D3627C-55C6-4F9D-86C8-7F37295F73DB}; ClientMachine = DC; User = NT AUTHORITY\SYSTEM; ClientProcessId = 1456; Component = Unknown; Operation = Start IWbemServices::DeleteInstance - Root\Rsop\Computer : RSOP_ExtensionStatus.extensionGuid=""{B587E2B1-4D59-4e7e-AED9-22B9DF11D053}""; ResultCode = 0x80041002; PossibleCause = Unknown"
"9/1/2026 5:02:03 PM","5858","Error","Microsoft-Windows-WMI-Activity","Id = {36D3627C-55C6-4F9D-86C8-7F37295F73DB}; ClientMachine = DC; User = NT AUTHORITY\SYSTEM; ClientProcessId = 1456; Component = Unknown; Operation = Start IWbemServices::DeleteInstance - Root\Rsop\Computer : RSOP_ExtensionStatus.extensionGuid=""{B087BE9D-ED37-454f-AF9C-04291E351182}""; ResultCode = 0x80041002; PossibleCause = Unknown"
"9/1/2026 5:02:03 PM","5858","Error","Microsoft-Windows-WMI-Activity","Id = {36D3627C-55C6-4F9D-86C8-7F37295F73DB}; ClientMachine = DC; User = NT AUTHORITY\SYSTEM; ClientProcessId = 1456; Component = Unknown; Operation = Start IWbemServices::DeleteInstance - Root\Rsop\Computer : RSOP_ExtensionStatus.extensionGuid=""{AADCED64-746C-4633-A97C-D61349046527}""; ResultCode = 0x80041002; PossibleCause = Unknown"
"9/1/2026 5:02:03 PM","5858","Error","Microsoft-Windows-WMI-Activity","Id = {36D3627C-55C6-4F9D-86C8-7F37295F73DB}; ClientMachine = DC; User = NT AUTHORITY\SYSTEM; ClientProcessId = 1456; Component = Unknown; Operation = Start IWbemServices::DeleteInstance - Root\Rsop\Computer : RSOP_ExtensionStatus.extensionGuid=""{A3F3E39B-5D83-4940-B954-28315B82F0A8}""; ResultCode = 0x80041002; PossibleCause = Unknown"
"9/1/2026 5:02:03 PM","5858","Error","Microsoft-Windows-WMI-Activity","Id = {36D3627C-55C6-4F9D-86C8-7F37295F73DB}; ClientMachine = DC; User = NT AUTHORITY\SYSTEM; ClientProcessId = 1456; Component = Unknown; Operation = Start IWbemServices::DeleteInstance - Root\Rsop\Computer : RSOP_ExtensionStatus.extensionGuid=""{91FBB303-0CD5-4055-BF42-E512A681B325}""; ResultCode = 0x80041002; PossibleCause = Unknown"
"9/1/2026 5:02:03 PM","5858","Error","Microsoft-Windows-WMI-Activity","Id = {36D3627C-55C6-4F9D-86C8-7F37295F73DB}; ClientMachine = DC; User = NT AUTHORITY\SYSTEM; ClientProcessId = 1456; Component = Unknown; Operation = Start IWbemServices::DeleteInstance - Root\Rsop\Computer : RSOP_ExtensionStatus.extensionGuid=""{8A28E2C5-8D06-49A4-A08C-632DAA493E17}""; ResultCode = 0x80041002; PossibleCause = Unknown"
"9/1/2026 5:02:02 PM","5858","Error","Microsoft-Windows-WMI-Activity","Id = {36D3627C-55C6-4F9D-86C8-7F37295F73DB}; ClientMachine = DC; User = NT AUTHORITY\SYSTEM; ClientProcessId = 1456; Component = Unknown; Operation = Start IWbemServices::DeleteInstance - Root\Rsop\Computer : RSOP_ExtensionStatus.extensionGuid=""{7B849a69-220F-451E-B3FE-2CB811AF94AE}""; ResultCode = 0x80041002; PossibleCause = Unknown"
"9/1/2026 5:02:02 PM","5858","Error","Microsoft-Windows-WMI-Activity","Id = {36D3627C-55C6-4F9D-86C8-7F37295F73DB}; ClientMachine = DC; User = NT AUTHORITY\SYSTEM; ClientProcessId = 1456; Component = Unknown; Operation = Start IWbemServices::DeleteInstance - Root\Rsop\Computer : RSOP_ExtensionStatus.extensionGuid=""{7933F41E-56F8-41d6-A31C-4148A711EE93}""; ResultCode = 0x80041002; PossibleCause = Unknown"
"9/1/2026 5:02:02 PM","5858","Error","Microsoft-Windows-WMI-Activity","Id = {36D3627C-55C6-4F9D-86C8-7F37295F73DB}; ClientMachine = DC; User = NT AUTHORITY\SYSTEM; ClientProcessId = 1456; Component = Unknown; Operation = Start IWbemServices::DeleteInstance - Root\Rsop\Computer : RSOP_ExtensionStatus.extensionGuid=""{7909AD9E-09EE-4247-BAB9-7029D5F0A278}""; ResultCode = 0x80041002; PossibleCause = Unknown"
"9/1/2026 5:02:02 PM","5858","Error","Microsoft-Windows-WMI-Activity","Id = {36D3627C-55C6-4F9D-86C8-7F37295F73DB}; ClientMachine = DC; User = NT AUTHORITY\SYSTEM; ClientProcessId = 1456; Component = Unknown; Operation = Start IWbemServices::DeleteInstance - Root\Rsop\Computer : RSOP_ExtensionStatus.extensionGuid=""{74EE6C03-5363-4554-B161-627540339CAB}""; ResultCode = 0x80041002; PossibleCause = Unknown"
"9/1/2026 5:02:02 PM","5858","Error","Microsoft-Windows-WMI-Activity","Id = {36D3627C-55C6-4F9D-86C8-7F37295F73DB}; ClientMachine = DC; User = NT AUTHORITY\SYSTEM; ClientProcessId = 1456; Component = Unknown; Operation = Start IWbemServices::DeleteInstance - Root\Rsop\Computer : RSOP_ExtensionStatus.extensionGuid=""{728EE579-943C-4519-9EF7-AB56765798ED}""; ResultCode = 0x80041002; PossibleCause = Unknown"
"9/1/2026 5:02:02 PM","5858","Error","Microsoft-Windows-WMI-Activity","Id = {36D3627C-55C6-4F9D-86C8-7F37295F73DB}; ClientMachine = DC; User = NT AUTHORITY\SYSTEM; ClientProcessId = 1456; Component = Unknown; Operation = Start IWbemServices::DeleteInstance - Root\Rsop\Computer : RSOP_ExtensionStatus.extensionGuid=""{7150F9BF-48AD-4da4-A49C-29EF4A8369BA}""; ResultCode = 0x80041002; PossibleCause = Unknown"
"9/1/2026 5:02:02 PM","5858","Error","Microsoft-Windows-WMI-Activity","Id = {36D3627C-55C6-4F9D-86C8-7F37295F73DB}; ClientMachine = DC; User = NT AUTHORITY\SYSTEM; ClientProcessId = 1456; Component = Unknown; Operation = Start IWbemServices::DeleteInstance - Root\Rsop\Computer : RSOP_ExtensionStatus.extensionGuid=""{6A4C88C6-C502-4f74-8F60-2CB23EDC24E2}""; ResultCode = 0x80041002; PossibleCause = Unknown"
"9/1/2026 5:02:02 PM","5858","Error","Microsoft-Windows-WMI-Activity","Id = {36D3627C-55C6-4F9D-86C8-7F37295F73DB}; ClientMachine = DC; User = NT AUTHORITY\SYSTEM; ClientProcessId = 1456; Component = Unknown; Operation = Start IWbemServices::DeleteInstance - Root\Rsop\Computer : RSOP_ExtensionStatus.extensionGuid=""{6232C319-91AC-4931-9385-E70C2B099F0E}""; ResultCode = 0x80041002; PossibleCause = Unknown"
"9/1/2026 5:02:02 PM","5858","Error","Microsoft-Windows-WMI-Activity","Id = {36D3627C-55C6-4F9D-86C8-7F37295F73DB}; ClientMachine = DC; User = NT AUTHORITY\SYSTEM; ClientProcessId = 1456; Component = Unknown; Operation = Start IWbemServices::DeleteInstance - Root\Rsop\Computer : RSOP_ExtensionStatus.extensionGuid=""{4CFB60C1-FAA6-47f1-89AA-0B18730C9FD3}""; ResultCode = 0x80041002; PossibleCause = Unknown"
"9/1/2026 5:02:02 PM","5858","Error","Microsoft-Windows-WMI-Activity","Id = {36D3627C-55C6-4F9D-86C8-7F37295F73DB}; ClientMachine = DC; User = NT AUTHORITY\SYSTEM; ClientProcessId = 1456; Component = Unknown; Operation = Start IWbemServices::DeleteInstance - Root\Rsop\Computer : RSOP_ExtensionStatus.extensionGuid=""{4bcd6cde-777b-48b6-9804-43568e23545d}""; ResultCode = 0x80041002; PossibleCause = Unknown"
"9/1/2026 5:02:02 PM","5858","Error","Microsoft-Windows-WMI-Activity","Id = {36D3627C-55C6-4F9D-86C8-7F37295F73DB}; ClientMachine = DC; User = NT AUTHORITY\SYSTEM; ClientProcessId = 1456; Component = Unknown; Operation = Start IWbemServices::DeleteInstance - Root\Rsop\Computer : RSOP_ExtensionStatus.extensionGuid=""{4B7C3B0F-E993-4E06-A241-3FBE06943684}""; ResultCode = 0x80041002; PossibleCause = Unknown"
"9/1/2026 5:02:02 PM","5858","Error","Microsoft-Windows-WMI-Activity","Id = {36D3627C-55C6-4F9D-86C8-7F37295F73DB}; ClientMachine = DC; User = NT AUTHORITY\SYSTEM; ClientProcessId = 1456; Component = Unknown; Operation = Start IWbemServices::DeleteInstance - Root\Rsop\Computer : RSOP_ExtensionStatus.extensionGuid=""{42B5FAAE-6536-11d2-AE5A-0000F87571E3}""; ResultCode = 0x80041002; PossibleCause = Unknown"
"9/1/2026 5:02:02 PM","5858","Error","Microsoft-Windows-WMI-Activity","Id = {36D3627C-55C6-4F9D-86C8-7F37295F73DB}; ClientMachine = DC; User = NT AUTHORITY\SYSTEM; ClientProcessId = 1456; Component = Unknown; Operation = Start IWbemServices::DeleteInstance - Root\Rsop\Computer : RSOP_ExtensionStatus.extensionGuid=""{426031c0-0b47-4852-b0ca-ac3d37bfcb39}""; ResultCode = 0x80041002; PossibleCause = Unknown"
"9/1/2026 5:02:02 PM","5858","Error","Microsoft-Windows-WMI-Activity","Id = {36D3627C-55C6-4F9D-86C8-7F37295F73DB}; ClientMachine = DC; User = NT AUTHORITY\SYSTEM; ClientProcessId = 1456; Component = Unknown; Operation = Start IWbemServices::DeleteInstance - Root\Rsop\Computer : RSOP_ExtensionStatus.extensionGuid=""{3A0DBA37-F8B2-4356-83DE-3E90BD5C261F}""; ResultCode = 0x80041002; PossibleCause = Unknown"
"9/1/2026 5:02:02 PM","5858","Error","Microsoft-Windows-WMI-Activity","Id = {36D3627C-55C6-4F9D-86C8-7F37295F73DB}; ClientMachine = DC; User = NT AUTHORITY\SYSTEM; ClientProcessId = 1456; Component = Unknown; Operation = Start IWbemServices::DeleteInstance - Root\Rsop\Computer : RSOP_ExtensionStatus.extensionGuid=""{3610eda5-77ef-11d2-8dc5-00c04fa31a66}""; ResultCode = 0x80041002; PossibleCause = Unknown"
"9/1/2026 5:02:02 PM","5858","Error","Microsoft-Windows-WMI-Activity","Id = {36D3627C-55C6-4F9D-86C8-7F37295F73DB}; ClientMachine = DC; User = NT AUTHORITY\SYSTEM; ClientProcessId = 1456; Component = Unknown; Operation = Start IWbemServices::DeleteInstance - Root\Rsop\Computer : RSOP_ExtensionStatus.extensionGuid=""{2BFCC077-22D2-48DE-BDE1-2F618D9B476D}""; ResultCode = 0x80041002; PossibleCause = Unknown"
"9/1/2026 5:02:02 PM","5858","Error","Microsoft-Windows-WMI-Activity","Id = {36D3627C-55C6-4F9D-86C8-7F37295F73DB}; ClientMachine = DC; User = NT AUTHORITY\SYSTEM; ClientProcessId = 1456; Component = Unknown; Operation = Start IWbemServices::DeleteInstance - Root\Rsop\Computer : RSOP_ExtensionStatus.extensionGuid=""{2A8FDC61-2347-4C87-92F6-B05EB91A201A}""; ResultCode = 0x80041002; PossibleCause = Unknown"
"9/1/2026 5:02:02 PM","5858","Error","Microsoft-Windows-WMI-Activity","Id = {36D3627C-55C6-4F9D-86C8-7F37295F73DB}; ClientMachine = DC; User = NT AUTHORITY\SYSTEM; ClientProcessId = 1456; Component = Unknown; Operation = Start IWbemServices::DeleteInstance - Root\Rsop\Computer : RSOP_ExtensionStatus.extensionGuid=""{1A6364EB-776B-4120-ADE1-B63A406A76B5}""; ResultCode = 0x80041002; PossibleCause = Unknown"
"9/1/2026 5:02:02 PM","5858","Error","Microsoft-Windows-WMI-Activity","Id = {36D3627C-55C6-4F9D-86C8-7F37295F73DB}; ClientMachine = DC; User = NT AUTHORITY\SYSTEM; ClientProcessId = 1456; Component = Unknown; Operation = Start IWbemServices::DeleteInstance - Root\Rsop\Computer : RSOP_ExtensionStatus.extensionGuid=""{17D89FEC-5C44-4972-B12D-241CAEF74509}""; ResultCode = 0x80041002; PossibleCause = Unknown"
"9/1/2026 5:02:02 PM","5858","Error","Microsoft-Windows-WMI-Activity","Id = {36D3627C-55C6-4F9D-86C8-7F37295F73DB}; ClientMachine = DC; User = NT AUTHORITY\SYSTEM; ClientProcessId = 1456; Component = Unknown; Operation = Start IWbemServices::DeleteInstance - Root\Rsop\Computer : RSOP_ExtensionStatus.extensionGuid=""{16be69fa-4209-4250-88cb-716cf41954e0}""; ResultCode = 0x80041002; PossibleCause = Unknown"
"9/1/2026 5:02:02 PM","5858","Error","Microsoft-Windows-WMI-Activity","Id = {36D3627C-55C6-4F9D-86C8-7F37295F73DB}; ClientMachine = DC; User = NT AUTHORITY\SYSTEM; ClientProcessId = 1456; Component = Unknown; Operation = Start IWbemServices::DeleteInstance - Root\Rsop\Computer : RSOP_ExtensionStatus.extensionGuid=""{169EBF44-942F-4C43-87CE-13C93996EBBE}""; ResultCode = 0x80041002; PossibleCause = Unknown"
"9/1/2026 5:02:02 PM","5858","Error","Microsoft-Windows-WMI-Activity","Id = {36D3627C-55C6-4F9D-86C8-7F37295F73DB}; ClientMachine = DC; User = NT AUTHORITY\SYSTEM; ClientProcessId = 1456; Component = Unknown; Operation = Start IWbemServices::DeleteInstance - Root\Rsop\Computer : RSOP_ExtensionStatus.extensionGuid=""{0E28E245-9368-4853-AD84-6DA3BA35BB75}""; ResultCode = 0x80041002; PossibleCause = Unknown"
"9/1/2026 5:02:02 PM","5858","Error","Microsoft-Windows-WMI-Activity","Id = {36D3627C-55C6-4F9D-86C8-7F37295F73DB}; ClientMachine = DC; User = NT AUTHORITY\SYSTEM; ClientProcessId = 1456; Component = Unknown; Operation = Start IWbemServices::DeleteInstance - Root\Rsop\Computer : RSOP_ExtensionStatus.extensionGuid=""{0ACDD40C-75AC-47ab-BAA0-BF6DE7E7FE63}""; ResultCode = 0x80041002; PossibleCause = Unknown"
"9/1/2026 5:01:05 PM","5858","Error","Microsoft-Windows-WMI-Activity","Id = {00000000-0000-0000-0000-000000000000}; ClientMachine = DC; User = NT AUTHORITY\NETWORK SERVICE; ClientProcessId = 1032; Component = Unknown; Operation = Start IWbemServices::ExecQuery - ROOT\CIMV2 : SELECT Manufacturer, Product FROM Win32_BaseBoard; ResultCode = 0x80041032; PossibleCause = Unknown"
"9/1/2026 5:01:05 PM","5858","Error","Microsoft-Windows-WMI-Activity","Id = {9E87A75B-3AC1-47B4-B35C-AF2DEB2F8AA7}; ClientMachine = DC; User = NT AUTHORITY\SYSTEM; ClientProcessId = 1456; Component = Unknown; Operation = Start IWbemServices::DeleteInstance - Root\Rsop\Computer : RSOP_ExtensionStatus.extensionGuid=""{FC491EF1-C4AA-4CE1-B329-414B101DB823}""; ResultCode = 0x80041002; PossibleCause = Unknown"
"9/1/2026 5:01:05 PM","5858","Error","Microsoft-Windows-WMI-Activity","Id = {9E87A75B-3AC1-47B4-B35C-AF2DEB2F8AA7}; ClientMachine = DC; User = NT AUTHORITY\SYSTEM; ClientProcessId = 1456; Component = Unknown; Operation = Start IWbemServices::DeleteInstance - Root\Rsop\Computer : RSOP_ExtensionStatus.extensionGuid=""{fbf687e6-f063-4d9f-9f4f-fd9a26acdd5f}""; ResultCode = 0x80041002; PossibleCause = Unknown"
"9/1/2026 5:01:05 PM","5858","Error","Microsoft-Windows-WMI-Activity","Id = {9E87A75B-3AC1-47B4-B35C-AF2DEB2F8AA7}; ClientMachine = DC; User = NT AUTHORITY\SYSTEM; ClientProcessId = 1456; Component = Unknown; Operation = Start IWbemServices::DeleteInstance - Root\Rsop\Computer : RSOP_ExtensionStatus.extensionGuid=""{FB2CA36D-0B40-4307-821B-A13B252DE56C}""; ResultCode = 0x80041002; PossibleCause = Unknown"
"9/1/2026 5:01:05 PM","5858","Error","Microsoft-Windows-WMI-Activity","Id = {9E87A75B-3AC1-47B4-B35C-AF2DEB2F8AA7}; ClientMachine = DC; User = NT AUTHORITY\SYSTEM; ClientProcessId = 1456; Component = Unknown; Operation = Start IWbemServices::DeleteInstance - Root\Rsop\Computer : RSOP_ExtensionStatus.extensionGuid=""{F312195E-3D9D-447A-A3F5-08DFFA24735E}""; ResultCode = 0x80041002; PossibleCause = Unknown"
"9/1/2026 5:01:05 PM","5858","Error","Microsoft-Windows-WMI-Activity","Id = {9E87A75B-3AC1-47B4-B35C-AF2DEB2F8AA7}; ClientMachine = DC; User = NT AUTHORITY\SYSTEM; ClientProcessId = 1456; Component = Unknown; Operation = Start IWbemServices::DeleteInstance - Root\Rsop\Computer : RSOP_ExtensionStatus.extensionGuid=""{E62688F0-25FD-4c90-BFF5-F508B9D2E31F}""; ResultCode = 0x80041002; PossibleCause = Unknown"
"9/1/2026 5:01:05 PM","5858","Error","Microsoft-Windows-WMI-Activity","Id = {9E87A75B-3AC1-47B4-B35C-AF2DEB2F8AA7}; ClientMachine = DC; User = NT AUTHORITY\SYSTEM; ClientProcessId = 1456; Component = Unknown; Operation = Start IWbemServices::DeleteInstance - Root\Rsop\Computer : RSOP_ExtensionStatus.extensionGuid=""{E5094040-C46C-4115-B030-04FB2E545B00}""; ResultCode = 0x80041002; PossibleCause = Unknown"
"9/1/2026 5:01:05 PM","5858","Error","Microsoft-Windows-WMI-Activity","Id = {9E87A75B-3AC1-47B4-B35C-AF2DEB2F8AA7}; ClientMachine = DC; User = NT AUTHORITY\SYSTEM; ClientProcessId = 1456; Component = Unknown; Operation = Start IWbemServices::DeleteInstance - Root\Rsop\Computer : RSOP_ExtensionStatus.extensionGuid=""{E4F48E54-F38D-4884-BFB9-D4D2E5729C18}""; ResultCode = 0x80041002; PossibleCause = Unknown"
"9/1/2026 5:01:05 PM","5858","Error","Microsoft-Windows-WMI-Activity","Id = {9E87A75B-3AC1-47B4-B35C-AF2DEB2F8AA7}; ClientMachine = DC; User = NT AUTHORITY\SYSTEM; ClientProcessId = 1456; Component = Unknown; Operation = Start IWbemServices::DeleteInstance - Root\Rsop\Computer : RSOP_ExtensionStatus.extensionGuid=""{e437bc1c-aa7d-11d2-a382-00c04f991e27}""; ResultCode = 0x80041002; PossibleCause = Unknown"
"9/1/2026 5:01:05 PM","5858","Error","Microsoft-Windows-WMI-Activity","Id = {9E87A75B-3AC1-47B4-B35C-AF2DEB2F8AA7}; ClientMachine = DC; User = NT AUTHORITY\SYSTEM; ClientProcessId = 1456; Component = Unknown; Operation = Start IWbemServices::DeleteInstance - Root\Rsop\Computer : RSOP_ExtensionStatus.extensionGuid=""{CFF649BD-601D-4361-AD3D-0FC365DB4DB7}""; ResultCode = 0x80041002; PossibleCause = Unknown"
"9/1/2026 5:01:05 PM","5858","Error","Microsoft-Windows-WMI-Activity","Id = {9E87A75B-3AC1-47B4-B35C-AF2DEB2F8AA7}; ClientMachine = DC; User = NT AUTHORITY\SYSTEM; ClientProcessId = 1456; Component = Unknown; Operation = Start IWbemServices::DeleteInstance - Root\Rsop\Computer : RSOP_ExtensionStatus.extensionGuid=""{CF7639F3-ABA2-41DB-97F2-81E2C5DBFC5D}""; ResultCode = 0x80041002; PossibleCause = Unknown"
"9/1/2026 5:01:05 PM","5858","Error","Microsoft-Windows-WMI-Activity","Id = {9E87A75B-3AC1-47B4-B35C-AF2DEB2F8AA7}; ClientMachine = DC; User = NT AUTHORITY\SYSTEM; ClientProcessId = 1456; Component = Unknown; Operation = Start IWbemServices::DeleteInstance - Root\Rsop\Computer : RSOP_ExtensionStatus.extensionGuid=""{cdeafc3d-948d-49dd-ab12-e578ba4af7aa}""; ResultCode = 0x80041002; PossibleCause = Unknown"
"9/1/2026 5:01:05 PM","5858","Error","Microsoft-Windows-WMI-Activity","Id = {9E87A75B-3AC1-47B4-B35C-AF2DEB2F8AA7}; ClientMachine = DC; User = NT AUTHORITY\SYSTEM; ClientProcessId = 1456; Component = Unknown; Operation = Start IWbemServices::DeleteInstance - Root\Rsop\Computer : RSOP_ExtensionStatus.extensionGuid=""{c6dc5466-785a-11d2-84d0-00c04fb169f7}""; ResultCode = 0x80041002; PossibleCause = Unknown"
"9/1/2026 5:01:05 PM","5858","Error","Microsoft-Windows-WMI-Activity","Id = {9E87A75B-3AC1-47B4-B35C-AF2DEB2F8AA7}; ClientMachine = DC; User = NT AUTHORITY\SYSTEM; ClientProcessId = 1456; Component = Unknown; Operation = Start IWbemServices::DeleteInstance - Root\Rsop\Computer : RSOP_ExtensionStatus.extensionGuid=""{C631DF4C-088F-4156-B058-4375F0853CD8}""; ResultCode = 0x80041002; PossibleCause = Unknown"
"9/1/2026 5:01:05 PM","5858","Error","Microsoft-Windows-WMI-Activity","Id = {9E87A75B-3AC1-47B4-B35C-AF2DEB2F8AA7}; ClientMachine = DC; User = NT AUTHORITY\SYSTEM; ClientProcessId = 1456; Component = Unknown; Operation = Start IWbemServices::DeleteInstance - Root\Rsop\Computer : RSOP_ExtensionStatus.extensionGuid=""{C418DD9D-0D14-4efb-8FBF-CFE535C8FAC7}""; ResultCode = 0x80041002; PossibleCause = Unknown"
"9/1/2026 5:01:05 PM","5858","Error","Microsoft-Windows-WMI-Activity","Id = {9E87A75B-3AC1-47B4-B35C-AF2DEB2F8AA7}; ClientMachine = DC; User = NT AUTHORITY\SYSTEM; ClientProcessId = 1456; Component = Unknown; Operation = Start IWbemServices::DeleteInstance - Root\Rsop\Computer : RSOP_ExtensionStatus.extensionGuid=""{C34B2751-1CF4-44F5-9262-C3FC39666591}""; ResultCode = 0x80041002; PossibleCause = Unknown"
"9/1/2026 5:01:05 PM","5858","Error","Microsoft-Windows-WMI-Activity","Id = {9E87A75B-3AC1-47B4-B35C-AF2DEB2F8AA7}; ClientMachine = DC; User = NT AUTHORITY\SYSTEM; ClientProcessId = 1456; Component = Unknown; Operation = Start IWbemServices::DeleteInstance - Root\Rsop\Computer : RSOP_ExtensionStatus.extensionGuid=""{BC75B1ED-5833-4858-9BB8-CBF0B166DF9D}""; ResultCode = 0x80041002; PossibleCause = Unknown"
"9/1/2026 5:01:05 PM","5858","Error","Microsoft-Windows-WMI-Activity","Id = {9E87A75B-3AC1-47B4-B35C-AF2DEB2F8AA7}; ClientMachine = DC; User = NT AUTHORITY\SYSTEM; ClientProcessId = 1456; Component = Unknown; Operation = Start IWbemServices::DeleteInstance - Root\Rsop\Computer : RSOP_ExtensionStatus.extensionGuid=""{BA649533-0AAC-4E04-B9BC-4DBAE0325B12}""; ResultCode = 0x80041002; PossibleCause = Unknown"
"9/1/2026 5:01:05 PM","5858","Error","Microsoft-Windows-WMI-Activity","Id = {9E87A75B-3AC1-47B4-B35C-AF2DEB2F8AA7}; ClientMachine = DC; User = NT AUTHORITY\SYSTEM; ClientProcessId = 1456; Component = Unknown; Operation = Start IWbemServices::DeleteInstance - Root\Rsop\Computer : RSOP_ExtensionStatus.extensionGuid=""{B587E2B1-4D59-4e7e-AED9-22B9DF11D053}""; ResultCode = 0x80041002; PossibleCause = Unknown"
"9/1/2026 5:01:05 PM","5858","Error","Microsoft-Windows-WMI-Activity","Id = {9E87A75B-3AC1-47B4-B35C-AF2DEB2F8AA7}; ClientMachine = DC; User = NT AUTHORITY\SYSTEM; ClientProcessId = 1456; Component = Unknown; Operation = Start IWbemServices::DeleteInstance - Root\Rsop\Computer : RSOP_ExtensionStatus.extensionGuid=""{B087BE9D-ED37-454f-AF9C-04291E351182}""; ResultCode = 0x80041002; PossibleCause = Unknown"
"9/1/2026 5:01:05 PM","5858","Error","Microsoft-Windows-WMI-Activity","Id = {9E87A75B-3AC1-47B4-B35C-AF2DEB2F8AA7}; ClientMachine = DC; User = NT AUTHORITY\SYSTEM; ClientProcessId = 1456; Component = Unknown; Operation = Start IWbemServices::DeleteInstance - Root\Rsop\Computer : RSOP_ExtensionStatus.extensionGuid=""{AADCED64-746C-4633-A97C-D61349046527}""; ResultCode = 0x80041002; PossibleCause = Unknown"
"9/1/2026 5:01:05 PM","5858","Error","Microsoft-Windows-WMI-Activity","Id = {9E87A75B-3AC1-47B4-B35C-AF2DEB2F8AA7}; ClientMachine = DC; User = NT AUTHORITY\SYSTEM; ClientProcessId = 1456; Component = Unknown; Operation = Start IWbemServices::DeleteInstance - Root\Rsop\Computer : RSOP_ExtensionStatus.extensionGuid=""{A3F3E39B-5D83-4940-B954-28315B82F0A8}""; ResultCode = 0x80041002; PossibleCause = Unknown"
"9/1/2026 5:01:05 PM","5858","Error","Microsoft-Windows-WMI-Activity","Id = {9E87A75B-3AC1-47B4-B35C-AF2DEB2F8AA7}; ClientMachine = DC; User = NT AUTHORITY\SYSTEM; ClientProcessId = 1456; Component = Unknown; Operation = Start IWbemServices::DeleteInstance - Root\Rsop\Computer : RSOP_ExtensionStatus.extensionGuid=""{91FBB303-0CD5-4055-BF42-E512A681B325}""; ResultCode = 0x80041002; PossibleCause = Unknown"
"9/1/2026 5:01:05 PM","5858","Error","Microsoft-Windows-WMI-Activity","Id = {9E87A75B-3AC1-47B4-B35C-AF2DEB2F8AA7}; ClientMachine = DC; User = NT AUTHORITY\SYSTEM; ClientProcessId = 1456; Component = Unknown; Operation = Start IWbemServices::DeleteInstance - Root\Rsop\Computer : RSOP_ExtensionStatus.extensionGuid=""{8A28E2C5-8D06-49A4-A08C-632DAA493E17}""; ResultCode = 0x80041002; PossibleCause = Unknown"
"9/1/2026 5:01:04 PM","5858","Error","Microsoft-Windows-WMI-Activity","Id = {9E87A75B-3AC1-47B4-B35C-AF2DEB2F8AA7}; ClientMachine = DC; User = NT AUTHORITY\SYSTEM; ClientProcessId = 1456; Component = Unknown; Operation = Start IWbemServices::DeleteInstance - Root\Rsop\Computer : RSOP_ExtensionStatus.extensionGuid=""{7B849a69-220F-451E-B3FE-2CB811AF94AE}""; ResultCode = 0x80041002; PossibleCause = Unknown"
"9/1/2026 5:01:04 PM","5858","Error","Microsoft-Windows-WMI-Activity","Id = {9E87A75B-3AC1-47B4-B35C-AF2DEB2F8AA7}; ClientMachine = DC; User = NT AUTHORITY\SYSTEM; ClientProcessId = 1456; Component = Unknown; Operation = Start IWbemServices::DeleteInstance - Root\Rsop\Computer : RSOP_ExtensionStatus.extensionGuid=""{7933F41E-56F8-41d6-A31C-4148A711EE93}""; ResultCode = 0x80041002; PossibleCause = Unknown"
"9/1/2026 5:01:04 PM","5858","Error","Microsoft-Windows-WMI-Activity","Id = {9E87A75B-3AC1-47B4-B35C-AF2DEB2F8AA7}; ClientMachine = DC; User = NT AUTHORITY\SYSTEM; ClientProcessId = 1456; Component = Unknown; Operation = Start IWbemServices::DeleteInstance - Root\Rsop\Computer : RSOP_ExtensionStatus.extensionGuid=""{7909AD9E-09EE-4247-BAB9-7029D5F0A278}""; ResultCode = 0x80041002; PossibleCause = Unknown"
"9/1/2026 5:01:04 PM","5858","Error","Microsoft-Windows-WMI-Activity","Id = {9E87A75B-3AC1-47B4-B35C-AF2DEB2F8AA7}; ClientMachine = DC; User = NT AUTHORITY\SYSTEM; ClientProcessId = 1456; Component = Unknown; Operation = Start IWbemServices::DeleteInstance - Root\Rsop\Computer : RSOP_ExtensionStatus.extensionGuid=""{74EE6C03-5363-4554-B161-627540339CAB}""; ResultCode = 0x80041002; PossibleCause = Unknown"
"9/1/2026 5:01:04 PM","5858","Error","Microsoft-Windows-WMI-Activity","Id = {9E87A75B-3AC1-47B4-B35C-AF2DEB2F8AA7}; ClientMachine = DC; User = NT AUTHORITY\SYSTEM; ClientProcessId = 1456; Component = Unknown; Operation = Start IWbemServices::DeleteInstance - Root\Rsop\Computer : RSOP_ExtensionStatus.extensionGuid=""{728EE579-943C-4519-9EF7-AB56765798ED}""; ResultCode = 0x80041002; PossibleCause = Unknown"
"9/1/2026 5:01:04 PM","5858","Error","Microsoft-Windows-WMI-Activity","Id = {9E87A75B-3AC1-47B4-B35C-AF2DEB2F8AA7}; ClientMachine = DC; User = NT AUTHORITY\SYSTEM; ClientProcessId = 1456; Component = Unknown; Operation = Start IWbemServices::DeleteInstance - Root\Rsop\Computer : RSOP_ExtensionStatus.extensionGuid=""{7150F9BF-48AD-4da4-A49C-29EF4A8369BA}""; ResultCode = 0x80041002; PossibleCause = Unknown"
"9/1/2026 5:01:04 PM","5858","Error","Microsoft-Windows-WMI-Activity","Id = {9E87A75B-3AC1-47B4-B35C-AF2DEB2F8AA7}; ClientMachine = DC; User = NT AUTHORITY\SYSTEM; ClientProcessId = 1456; Component = Unknown; Operation = Start IWbemServices::DeleteInstance - Root\Rsop\Computer : RSOP_ExtensionStatus.extensionGuid=""{6A4C88C6-C502-4f74-8F60-2CB23EDC24E2}""; ResultCode = 0x80041002; PossibleCause = Unknown"
"9/1/2026 5:01:04 PM","5858","Error","Microsoft-Windows-WMI-Activity","Id = {9E87A75B-3AC1-47B4-B35C-AF2DEB2F8AA7}; ClientMachine = DC; User = NT AUTHORITY\SYSTEM; ClientProcessId = 1456; Component = Unknown; Operation = Start IWbemServices::DeleteInstance - Root\Rsop\Computer : RSOP_ExtensionStatus.extensionGuid=""{6232C319-91AC-4931-9385-E70C2B099F0E}""; ResultCode = 0x80041002; PossibleCause = Unknown"
"9/1/2026 5:01:04 PM","5858","Error","Microsoft-Windows-WMI-Activity","Id = {9E87A75B-3AC1-47B4-B35C-AF2DEB2F8AA7}; ClientMachine = DC; User = NT AUTHORITY\SYSTEM; ClientProcessId = 1456; Component = Unknown; Operation = Start IWbemServices::DeleteInstance - Root\Rsop\Computer : RSOP_ExtensionStatus.extensionGuid=""{4CFB60C1-FAA6-47f1-89AA-0B18730C9FD3}""; ResultCode = 0x80041002; PossibleCause = Unknown"
"9/1/2026 5:01:04 PM","5858","Error","Microsoft-Windows-WMI-Activity","Id = {9E87A75B-3AC1-47B4-B35C-AF2DEB2F8AA7}; ClientMachine = DC; User = NT AUTHORITY\SYSTEM; ClientProcessId = 1456; Component = Unknown; Operation = Start IWbemServices::DeleteInstance - Root\Rsop\Computer : RSOP_ExtensionStatus.extensionGuid=""{4bcd6cde-777b-48b6-9804-43568e23545d}""; ResultCode = 0x80041002; PossibleCause = Unknown"
"9/1/2026 5:01:04 PM","5858","Error","Microsoft-Windows-WMI-Activity","Id = {9E87A75B-3AC1-47B4-B35C-AF2DEB2F8AA7}; ClientMachine = DC; User = NT AUTHORITY\SYSTEM; ClientProcessId = 1456; Component = Unknown; Operation = Start IWbemServices::DeleteInstance - Root\Rsop\Computer : RSOP_ExtensionStatus.extensionGuid=""{4B7C3B0F-E993-4E06-A241-3FBE06943684}""; ResultCode = 0x80041002; PossibleCause = Unknown"
"9/1/2026 5:01:04 PM","5858","Error","Microsoft-Windows-WMI-Activity","Id = {9E87A75B-3AC1-47B4-B35C-AF2DEB2F8AA7}; ClientMachine = DC; User = NT AUTHORITY\SYSTEM; ClientProcessId = 1456; Component = Unknown; Operation = Start IWbemServices::DeleteInstance - Root\Rsop\Computer : RSOP_ExtensionStatus.extensionGuid=""{42B5FAAE-6536-11d2-AE5A-0000F87571E3}""; ResultCode = 0x80041002; PossibleCause = Unknown"
"9/1/2026 5:01:04 PM","5858","Error","Microsoft-Windows-WMI-Activity","Id = {9E87A75B-3AC1-47B4-B35C-AF2DEB2F8AA7}; ClientMachine = DC; User = NT AUTHORITY\SYSTEM; ClientProcessId = 1456; Component = Unknown; Operation = Start IWbemServices::DeleteInstance - Root\Rsop\Computer : RSOP_ExtensionStatus.extensionGuid=""{426031c0-0b47-4852-b0ca-ac3d37bfcb39}""; ResultCode = 0x80041002; PossibleCause = Unknown"
"9/1/2026 5:01:04 PM","5858","Error","Microsoft-Windows-WMI-Activity","Id = {9E87A75B-3AC1-47B4-B35C-AF2DEB2F8AA7}; ClientMachine = DC; User = NT AUTHORITY\SYSTEM; ClientProcessId = 1456; Component = Unknown; Operation = Start IWbemServices::DeleteInstance - Root\Rsop\Computer : RSOP_ExtensionStatus.extensionGuid=""{3A0DBA37-F8B2-4356-83DE-3E90BD5C261F}""; ResultCode = 0x80041002; PossibleCause = Unknown"
"9/1/2026 5:01:04 PM","5858","Error","Microsoft-Windows-WMI-Activity","Id = {9E87A75B-3AC1-47B4-B35C-AF2DEB2F8AA7}; ClientMachine = DC; User = NT AUTHORITY\SYSTEM; ClientProcessId = 1456; Component = Unknown; Operation = Start IWbemServices::DeleteInstance - Root\Rsop\Computer : RSOP_ExtensionStatus.extensionGuid=""{3610eda5-77ef-11d2-8dc5-00c04fa31a66}""; ResultCode = 0x80041002; PossibleCause = Unknown"
"9/1/2026 5:01:04 PM","5858","Error","Microsoft-Windows-WMI-Activity","Id = {9E87A75B-3AC1-47B4-B35C-AF2DEB2F8AA7}; ClientMachine = DC; User = NT AUTHORITY\SYSTEM; ClientProcessId = 1456; Component = Unknown; Operation = Start IWbemServices::DeleteInstance - Root\Rsop\Computer : RSOP_ExtensionStatus.extensionGuid=""{2BFCC077-22D2-48DE-BDE1-2F618D9B476D}""; ResultCode = 0x80041002; PossibleCause = Unknown"
"9/1/2026 5:01:04 PM","5858","Error","Microsoft-Windows-WMI-Activity","Id = {9E87A75B-3AC1-47B4-B35C-AF2DEB2F8AA7}; ClientMachine = DC; User = NT AUTHORITY\SYSTEM; ClientProcessId = 1456; Component = Unknown; Operation = Start IWbemServices::DeleteInstance - Root\Rsop\Computer : RSOP_ExtensionStatus.extensionGuid=""{2A8FDC61-2347-4C87-92F6-B05EB91A201A}""; ResultCode = 0x80041002; PossibleCause = Unknown"
"9/1/2026 5:01:04 PM","5858","Error","Microsoft-Windows-WMI-Activity","Id = {9E87A75B-3AC1-47B4-B35C-AF2DEB2F8AA7}; ClientMachine = DC; User = NT AUTHORITY\SYSTEM; ClientProcessId = 1456; Component = Unknown; Operation = Start IWbemServices::DeleteInstance - Root\Rsop\Computer : RSOP_ExtensionStatus.extensionGuid=""{1A6364EB-776B-4120-ADE1-B63A406A76B5}""; ResultCode = 0x80041002; PossibleCause = Unknown"
"9/1/2026 5:01:04 PM","5858","Error","Microsoft-Windows-WMI-Activity","Id = {9E87A75B-3AC1-47B4-B35C-AF2DEB2F8AA7}; ClientMachine = DC; User = NT AUTHORITY\SYSTEM; ClientProcessId = 1456; Component = Unknown; Operation = Start IWbemServices::DeleteInstance - Root\Rsop\Computer : RSOP_ExtensionStatus.extensionGuid=""{17D89FEC-5C44-4972-B12D-241CAEF74509}""; ResultCode = 0x80041002; PossibleCause = Unknown"
"9/1/2026 5:01:04 PM","5858","Error","Microsoft-Windows-WMI-Activity","Id = {9E87A75B-3AC1-47B4-B35C-AF2DEB2F8AA7}; ClientMachine = DC; User = NT AUTHORITY\SYSTEM; ClientProcessId = 1456; Component = Unknown; Operation = Start IWbemServices::DeleteInstance - Root\Rsop\Computer : RSOP_ExtensionStatus.extensionGuid=""{16be69fa-4209-4250-88cb-716cf41954e0}""; ResultCode = 0x80041002; PossibleCause = Unknown"
"9/1/2026 5:01:04 PM","5858","Error","Microsoft-Windows-WMI-Activity","Id = {9E87A75B-3AC1-47B4-B35C-AF2DEB2F8AA7}; ClientMachine = DC; User = NT AUTHORITY\SYSTEM; ClientProcessId = 1456; Component = Unknown; Operation = Start IWbemServices::DeleteInstance - Root\Rsop\Computer : RSOP_ExtensionStatus.extensionGuid=""{169EBF44-942F-4C43-87CE-13C93996EBBE}""; ResultCode = 0x80041002; PossibleCause = Unknown"
"9/1/2026 5:01:04 PM","5858","Error","Microsoft-Windows-WMI-Activity","Id = {9E87A75B-3AC1-47B4-B35C-AF2DEB2F8AA7}; ClientMachine = DC; User = NT AUTHORITY\SYSTEM; ClientProcessId = 1456; Component = Unknown; Operation = Start IWbemServices::DeleteInstance - Root\Rsop\Computer : RSOP_ExtensionStatus.extensionGuid=""{0E28E245-9368-4853-AD84-6DA3BA35BB75}""; ResultCode = 0x80041002; PossibleCause = Unknown"
"9/1/2026 5:01:04 PM","5858","Error","Microsoft-Windows-WMI-Activity","Id = {9E87A75B-3AC1-47B4-B35C-AF2DEB2F8AA7}; ClientMachine = DC; User = NT AUTHORITY\SYSTEM; ClientProcessId = 1456; Component = Unknown; Operation = Start IWbemServices::DeleteInstance - Root\Rsop\Computer : RSOP_ExtensionStatus.extensionGuid=""{0ACDD40C-75AC-47ab-BAA0-BF6DE7E7FE63}""; ResultCode = 0x80041002; PossibleCause = Unknown"
"9/1/2026 5:00:31 PM","5857","Information","Microsoft-Windows-WMI-Activity","dnsclientcim provider started with result code 0x0. HostProcess = wmiprvse.exe; ProcessID = 5788; ProviderPath = %SYSTEMROOT%\System32\wbem\dnsclientcim.dll"
"9/1/2026 5:00:30 PM","5857","Information","Microsoft-Windows-WMI-Activity","NetAdapterCim provider started with result code 0x0. HostProcess = wmiprvse.exe; ProcessID = 2608; ProviderPath = %systemroot%\system32\wbem\NetAdapterCim.dll"
"9/1/2026 5:00:29 PM","5857","Information","Microsoft-Windows-WMI-Activity","nettcpip provider started with result code 0x0. HostProcess = wmiprvse.exe; ProcessID = 4312; ProviderPath = %systemroot%\system32\wbem\NetTCPIP.dll"
"9/1/2026 5:00:26 PM","5857","Information","Microsoft-Windows-WMI-Activity","MS_NT_EVENTLOG_PROVIDER provider started with result code 0x0. HostProcess = wmiprvse.exe; ProcessID = 4312; ProviderPath = %systemroot%\system32\wbem\ntevt.dll"
"9/1/2026 5:00:15 PM","5860","Information","Microsoft-Windows-WMI-Activity","Namespace = ROOT\CIMV2; NotificationQuery = SELECT * FROM Win32_ProcessStartTrace WHERE ProcessName = 'wsmprovhost.exe'; UserName = NT AUTHORITY\SYSTEM; ClientProcessID = 2652, ClientMachine = DC; PossibleCause = Temporary"
"9/1/2026 5:00:15 PM","5857","Information","Microsoft-Windows-WMI-Activity","WMI Kernel Trace Event Provider provider started with result code 0x0. HostProcess = wmiprvse.exe; ProcessID = 1472; ProviderPath = C:\Windows\System32\wbem\krnlprov.dll"
"9/1/2026 5:00:15 PM","5859","Information","Microsoft-Windows-WMI-Activity","Namespace = //./root/CIMV2; NotificationQuery = select * from MSFT_SCMEventLogEvent; OwnerName = S-1-5-32-544; HostProcessID = 1472;  Provider= SCM Event Provider, queryID = 0; PossibleCause = Permanent"
"9/1/2026 5:00:15 PM","5861","Information","Microsoft-Windows-WMI-Activity","Namespace = //./root/subscription; Eventfilter = SCM Event Log Filter (refer to its activate eventid:5859); Consumer = NTEventLogEventConsumer=""SCM Event Log Consumer""; PossibleCause = Binding EventFilter: 
instance of __EventFilter
{
	CreatorSID = {1, 2, 0, 0, 0, 0, 0, 5, 32, 0, 0, 0, 32, 2, 0, 0};
	EventNamespace = ""root\\cimv2"";
	Name = ""SCM Event Log Filter"";
	Query = ""select * from MSFT_SCMEventLogEvent"";
	QueryLanguage = ""WQL"";
};
Perm. Consumer: 
instance of NTEventLogEventConsumer
{
	Category = 0;
	CreatorSID = {1, 2, 0, 0, 0, 0, 0, 5, 32, 0, 0, 0, 32, 2, 0, 0};
	EventType = 1;
	Name = ""SCM Event Log Consumer"";
	NameOfUserSIDProperty = ""sid"";
	SourceName = ""Service Control Manager"";
};
"
"9/1/2026 5:00:12 PM","5857","Information","Microsoft-Windows-WMI-Activity","CIMWin32a provider started with result code 0x0. HostProcess = wmiprvse.exe; ProcessID = 4312; ProviderPath = %systemroot%\system32\wbem\wmipcima.dll"
"9/1/2026 5:00:06 PM","5857","Information","Microsoft-Windows-WMI-Activity","WmiPerfClass provider started with result code 0x0. HostProcess = wmiprvse.exe; ProcessID = 4432; ProviderPath = C:\Windows\System32\wbem\WmiPerfClass.dll"
"9/1/2026 4:59:49 PM","5858","Error","Microsoft-Windows-WMI-Activity","Id = {00000000-0000-0000-0000-000000000000}; ClientMachine = DC; User = NT AUTHORITY\SYSTEM; ClientProcessId = 3720; Component = Unknown; Operation = Start IWbemServices::CreateInstanceEnum - root\wmi : MSiSCSI_PortalInfoClass; ResultCode = 0x8004100C; PossibleCause = Unknown"
"9/1/2026 4:59:49 PM","5858","Error","Microsoft-Windows-WMI-Activity","Id = {00000000-0000-0000-0000-000000000000}; ClientMachine = DC; User = NT AUTHORITY\SYSTEM; ClientProcessId = 3720; Component = Unknown; Operation = Start IWbemServices::CreateInstanceEnum - root\wmi : MS_SM_AdapterInformationQuery; ResultCode = 0x8004100C; PossibleCause = Unknown"
"9/1/2026 4:59:49 PM","5857","Information","Microsoft-Windows-WMI-Activity","WMIProv provider started with result code 0x0. HostProcess = wmiprvse.exe; ProcessID = 4432; ProviderPath = %systemroot%\system32\wbem\wmiprov.dll"
"9/1/2026 4:59:47 PM","5857","Information","Microsoft-Windows-WMI-Activity","CIMWin32 provider started with result code 0x0. HostProcess = wmiprvse.exe; ProcessID = 4312; ProviderPath = %systemroot%\system32\wbem\cimwin32.dll"
"9/1/2026 4:56:13 PM","5858","Error","Microsoft-Windows-WMI-Activity","Id = {F796CDB0-BC41-4094-90CE-495E88198FBC}; ClientMachine = DC; User = SCAFFOLD\Administrator; ClientProcessId = 6220; Component = Core; Operation = Start IWbemServices::ExecMethod - root\microsoft\windows\servermanager : MSFT_ServerManagerTasks::GetServerFeature; ResultCode = 0x800706BA; PossibleCause = Could not send status to client"
"9/1/2026 4:56:13 PM","5858","Error","Microsoft-Windows-WMI-Activity","Id = {F796CDB0-BC41-4094-90CE-495E88198FBC}; ClientMachine = DC; User = SCAFFOLD\Administrator; ClientProcessId = 6220; Component = Provider; Operation = Start IWbemServices::ExecMethod - root\microsoft\windows\servermanager : MSFT_ServerManagerTasks::GetServerFeature; ResultCode = 0x80041001; PossibleCause = Unknown"
"9/1/2026 4:56:03 PM","5857","Information","Microsoft-Windows-WMI-Activity","deploymentprovider provider started with result code 0x0. HostProcess = wmiprvse.exe; ProcessID = 6824; ProviderPath = %systemroot%\system32\wbem\ServerManager.DeploymentProvider.dll"
"9/1/2026 4:55:59 PM","5857","Information","Microsoft-Windows-WMI-Activity","nettcpip provider started with result code 0x0. HostProcess = wmiprvse.exe; ProcessID = 4408; ProviderPath = %systemroot%\system32\wbem\NetTCPIP.dll"
"9/1/2026 4:55:59 PM","5857","Information","Microsoft-Windows-WMI-Activity","NetAdapterCim provider started with result code 0x0. HostProcess = wmiprvse.exe; ProcessID = 6676; ProviderPath = %systemroot%\system32\wbem\NetAdapterCim.dll"
"9/1/2026 4:55:59 PM","5857","Information","Microsoft-Windows-WMI-Activity","mgmtprovider provider started with result code 0x0. HostProcess = wmiprvse.exe; ProcessID = 4408; ProviderPath = %systemroot%\system32\wbem\mgmtprovider.dll"
"9/1/2026 4:55:26 PM","5857","Information","Microsoft-Windows-WMI-Activity","MS_NT_EVENTLOG_PROVIDER provider started with result code 0x0. HostProcess = wmiprvse.exe; ProcessID = 4408; ProviderPath = %systemroot%\system32\wbem\ntevt.dll"
"9/1/2026 4:55:11 PM","5857","Information","Microsoft-Windows-WMI-Activity","CIMWin32a provider started with result code 0x0. HostProcess = wmiprvse.exe; ProcessID = 4408; ProviderPath = %systemroot%\system32\wbem\wmipcima.dll"
"9/1/2026 4:55:06 PM","5857","Information","Microsoft-Windows-WMI-Activity","WmiPerfClass provider started with result code 0x0. HostProcess = wmiprvse.exe; ProcessID = 4584; ProviderPath = C:\Windows\System32\wbem\WmiPerfClass.dll"
"9/1/2026 4:54:50 PM","5858","Error","Microsoft-Windows-WMI-Activity","Id = {00000000-0000-0000-0000-000000000000}; ClientMachine = DC; User = NT AUTHORITY\SYSTEM; ClientProcessId = 3884; Component = Unknown; Operation = Start IWbemServices::CreateInstanceEnum - root\wmi : MSiSCSI_PortalInfoClass; ResultCode = 0x8004100C; PossibleCause = Unknown"
"9/1/2026 4:54:50 PM","5858","Error","Microsoft-Windows-WMI-Activity","Id = {00000000-0000-0000-0000-000000000000}; ClientMachine = DC; User = NT AUTHORITY\SYSTEM; ClientProcessId = 3884; Component = Unknown; Operation = Start IWbemServices::CreateInstanceEnum - root\wmi : MS_SM_AdapterInformationQuery; ResultCode = 0x8004100C; PossibleCause = Unknown"
"9/1/2026 4:54:50 PM","5857","Information","Microsoft-Windows-WMI-Activity","WMIProv provider started with result code 0x0. HostProcess = wmiprvse.exe; ProcessID = 4584; ProviderPath = %systemroot%\system32\wbem\wmiprov.dll"
"9/1/2026 4:54:48 PM","5857","Information","Microsoft-Windows-WMI-Activity","CIMWin32 provider started with result code 0x0. HostProcess = wmiprvse.exe; ProcessID = 4408; ProviderPath = %systemroot%\system32\wbem\cimwin32.dll"
"9/1/2026 4:53:13 PM","5858","Error","Microsoft-Windows-WMI-Activity","Id = {53F1E02B-3CBD-4870-97C5-F0997FED41F4}; ClientMachine = DC; User = SCAFFOLD\Administrator; ClientProcessId = 6168; Component = Provider; Operation = Start IWbemServices::ExecMethod - root\microsoft\windows\servermanager : MSFT_ServerManagerTasks::GetServerFeature; ResultCode = 0x80041001; PossibleCause = Unknown"
"9/1/2026 4:53:03 PM","5857","Information","Microsoft-Windows-WMI-Activity","deploymentprovider provider started with result code 0x0. HostProcess = wmiprvse.exe; ProcessID = 6792; ProviderPath = %systemroot%\system32\wbem\ServerManager.DeploymentProvider.dll"
"9/1/2026 4:52:59 PM","5857","Information","Microsoft-Windows-WMI-Activity","nettcpip provider started with result code 0x0. HostProcess = wmiprvse.exe; ProcessID = 4536; ProviderPath = %systemroot%\system32\wbem\NetTCPIP.dll"
"9/1/2026 4:52:59 PM","5857","Information","Microsoft-Windows-WMI-Activity","NetAdapterCim provider started with result code 0x0. HostProcess = wmiprvse.exe; ProcessID = 6692; ProviderPath = %systemroot%\system32\wbem\NetAdapterCim.dll"
"9/1/2026 4:52:59 PM","5857","Information","Microsoft-Windows-WMI-Activity","mgmtprovider provider started with result code 0x0. HostProcess = wmiprvse.exe; ProcessID = 4536; ProviderPath = %systemroot%\system32\wbem\mgmtprovider.dll"
"9/1/2026 4:52:58 PM","5859","Information","Microsoft-Windows-WMI-Activity","Namespace = //./root/CIMV2; NotificationQuery = select * from MSFT_SCMEventLogEvent; OwnerName = S-1-5-32-544; HostProcessID = 3108;  Provider= SCM Event Provider, queryID = 0; PossibleCause = Permanent"
"9/1/2026 4:52:58 PM","5861","Information","Microsoft-Windows-WMI-Activity","Namespace = //./root/subscription; Eventfilter = SCM Event Log Filter (refer to its activate eventid:5859); Consumer = NTEventLogEventConsumer=""SCM Event Log Consumer""; PossibleCause = Binding EventFilter: 
instance of __EventFilter
{
	CreatorSID = {1, 2, 0, 0, 0, 0, 0, 5, 32, 0, 0, 0, 32, 2, 0, 0};
	EventNamespace = ""root\\cimv2"";
	Name = ""SCM Event Log Filter"";
	Query = ""select * from MSFT_SCMEventLogEvent"";
	QueryLanguage = ""WQL"";
};
Perm. Consumer: 
instance of NTEventLogEventConsumer
{
	Category = 0;
	CreatorSID = {1, 2, 0, 0, 0, 0, 0, 5, 32, 0, 0, 0, 32, 2, 0, 0};
	EventType = 1;
	Name = ""SCM Event Log Consumer"";
	NameOfUserSIDProperty = ""sid"";
	SourceName = ""Service Control Manager"";
};
"
"9/1/2026 4:51:59 PM","5857","Information","Microsoft-Windows-WMI-Activity","MS_NT_EVENTLOG_PROVIDER provider started with result code 0x0. HostProcess = wmiprvse.exe; ProcessID = 4536; ProviderPath = %systemroot%\system32\wbem\ntevt.dll"
"9/1/2026 4:51:48 PM","5858","Error","Microsoft-Windows-WMI-Activity","Id = {00000000-0000-0000-0000-000000000000}; ClientMachine = DC; User = NT AUTHORITY\NETWORK SERVICE; ClientProcessId = 5256; Component = Unknown; Operation = Start IWbemServices::ExecQuery - ROOT\CIMV2 : SELECT Manufacturer, Product FROM Win32_BaseBoard; ResultCode = 0x80041032; PossibleCause = Unknown"
"9/1/2026 4:51:38 PM","5857","Information","Microsoft-Windows-WMI-Activity","WmiPerfClass provider started with result code 0x0. HostProcess = wmiprvse.exe; ProcessID = 4656; ProviderPath = C:\Windows\System32\wbem\WmiPerfClass.dll"
"9/1/2026 4:51:37 PM","5857","Information","Microsoft-Windows-WMI-Activity","CIMWin32a provider started with result code 0x0. HostProcess = wmiprvse.exe; ProcessID = 4536; ProviderPath = %systemroot%\system32\wbem\wmipcima.dll"
"9/1/2026 4:51:23 PM","5858","Error","Microsoft-Windows-WMI-Activity","Id = {00000000-0000-0000-0000-000000000000}; ClientMachine = DC; User = NT AUTHORITY\SYSTEM; ClientProcessId = 3848; Component = Unknown; Operation = Start IWbemServices::CreateInstanceEnum - root\wmi : MSiSCSI_PortalInfoClass; ResultCode = 0x8004100C; PossibleCause = Unknown"
"9/1/2026 4:51:23 PM","5858","Error","Microsoft-Windows-WMI-Activity","Id = {00000000-0000-0000-0000-000000000000}; ClientMachine = DC; User = NT AUTHORITY\SYSTEM; ClientProcessId = 3848; Component = Unknown; Operation = Start IWbemServices::CreateInstanceEnum - root\wmi : MS_SM_AdapterInformationQuery; ResultCode = 0x8004100C; PossibleCause = Unknown"
"9/1/2026 4:51:22 PM","5857","Information","Microsoft-Windows-WMI-Activity","WMIProv provider started with result code 0x0. HostProcess = wmiprvse.exe; ProcessID = 4656; ProviderPath = %systemroot%\system32\wbem\wmiprov.dll"
"9/1/2026 4:51:20 PM","5857","Information","Microsoft-Windows-WMI-Activity","CIMWin32 provider started with result code 0x0. HostProcess = wmiprvse.exe; ProcessID = 4536; ProviderPath = %systemroot%\system32\wbem\cimwin32.dll"
"9/1/2026 3:04:26 PM","5858","Error","Microsoft-Windows-WMI-Activity","Id = {00000000-0000-0000-0000-000000000000}; ClientMachine = DC; User = NT AUTHORITY\NETWORK SERVICE; ClientProcessId = 5784; Component = Unknown; Operation = Start IWbemServices::ExecQuery - ROOT\CIMV2 : SELECT Manufacturer, Product FROM Win32_BaseBoard; ResultCode = 0x80041032; PossibleCause = Unknown"
"9/1/2026 3:01:38 PM","5858","Error","Microsoft-Windows-WMI-Activity","Id = {8EAAAB27-1ACF-4F07-A1E1-77FFF2931B77}; ClientMachine = DC; User = SCAFFOLD\Administrator; ClientProcessId = 1844; Component = Provider; Operation = Start IWbemServices::ExecMethod - root\microsoft\windows\servermanager : MSFT_ServerManagerTasks::GetServerFeature; ResultCode = 0x80041001; PossibleCause = Unknown"
"9/1/2026 3:01:27 PM","5857","Information","Microsoft-Windows-WMI-Activity","deploymentprovider provider started with result code 0x0. HostProcess = wmiprvse.exe; ProcessID = 4260; ProviderPath = %systemroot%\system32\wbem\ServerManager.DeploymentProvider.dll"
"9/1/2026 3:01:25 PM","5857","Information","Microsoft-Windows-WMI-Activity","nettcpip provider started with result code 0x0. HostProcess = wmiprvse.exe; ProcessID = 4616; ProviderPath = %systemroot%\system32\wbem\NetTCPIP.dll"
"9/1/2026 3:01:25 PM","5857","Information","Microsoft-Windows-WMI-Activity","NetAdapterCim provider started with result code 0x0. HostProcess = wmiprvse.exe; ProcessID = 4128; ProviderPath = %systemroot%\system32\wbem\NetAdapterCim.dll"
"9/1/2026 3:01:25 PM","5857","Information","Microsoft-Windows-WMI-Activity","mgmtprovider provider started with result code 0x0. HostProcess = wmiprvse.exe; ProcessID = 4616; ProviderPath = %systemroot%\system32\wbem\mgmtprovider.dll"
"9/1/2026 2:52:35 PM","5858","Error","Microsoft-Windows-WMI-Activity","Id = {00000000-0000-0000-0000-000000000000}; ClientMachine = DC; User = NT AUTHORITY\SYSTEM; ClientProcessId = 2672; Component = Unknown; Operation = Start IWbemServices::ExecQuery - root\Microsoft\Windows\DeliveryOptimization : SELECT DownloadMode, DownloadModeProvider FROM MSFT_DeliveryOptimizationConfig; ResultCode = 0x80041032; PossibleCause = Unknown"
"9/1/2026 2:52:35 PM","5857","Information","Microsoft-Windows-WMI-Activity","DeliveryOptimizationMIProv provider started with result code 0x0. HostProcess = wmiprvse.exe; ProcessID = 4616; ProviderPath = %SystemRoot%\system32\domgmt.dll"
"9/1/2026 2:52:35 PM","5857","Information","Microsoft-Windows-WMI-Activity","Win32_DeviceGuard provider started with result code 0x0. HostProcess = wmiprvse.exe; ProcessID = 4616; ProviderPath = %SystemRoot%\System32\Win32_DeviceGuard.dll"
"9/1/2026 2:52:34 PM","5857","Information","Microsoft-Windows-WMI-Activity","Win32_TpmProvider provider started with result code 0x0. HostProcess = wmiprvse.exe; ProcessID = 4616; ProviderPath = C:\Windows\System32\wbem\Win32_TPM.dll"
"9/1/2026 2:52:34 PM","5858","Error","Microsoft-Windows-WMI-Activity","Id = {00000000-0000-0000-0000-000000000000}; ClientMachine = DC; User = NT AUTHORITY\SYSTEM; ClientProcessId = 2672; Component = Unknown; Operation = Start IWbemServices::ExecQuery - ROOT\CCM : select ClientId from CCM_Client; ResultCode = 0x80041010; PossibleCause = Unknown"
"9/1/2026 2:52:34 PM","5858","Error","Microsoft-Windows-WMI-Activity","Id = {00000000-0000-0000-0000-000000000000}; ClientMachine = DC; User = NT AUTHORITY\SYSTEM; ClientProcessId = 2672; Component = Unknown; Operation = Start IWbemServices::ExecQuery - ROOT\CIMV2 : SELECT ID FROM Win32_ServerFeature; ResultCode = 0x80041032; PossibleCause = Unknown"
"9/1/2026 2:52:29 PM","5857","Information","Microsoft-Windows-WMI-Activity","ServerFeatureProvider provider started with result code 0x0. HostProcess = wmiprvse.exe; ProcessID = 4616; ProviderPath = %windir%\system32\wbem\servercompprov.dll"
"9/1/2026 2:51:39 PM","5858","Error","Microsoft-Windows-WMI-Activity","Id = {F602CCBE-7FB6-4808-867F-C82CEE0C4A05}; ClientMachine = DC; User = SCAFFOLD\Administrator; ClientProcessId = 1844; Component = Provider; Operation = Start IWbemServices::ExecMethod - root\microsoft\windows\servermanager : MSFT_ServerManagerTasks::GetServerFeature; ResultCode = 0x80041001; PossibleCause = Unknown"
"9/1/2026 2:51:28 PM","5857","Information","Microsoft-Windows-WMI-Activity","deploymentprovider provider started with result code 0x0. HostProcess = wmiprvse.exe; ProcessID = 6604; ProviderPath = %systemroot%\system32\wbem\ServerManager.DeploymentProvider.dll"
"9/1/2026 2:51:25 PM","5857","Information","Microsoft-Windows-WMI-Activity","nettcpip provider started with result code 0x0. HostProcess = wmiprvse.exe; ProcessID = 4616; ProviderPath = %systemroot%\system32\wbem\NetTCPIP.dll"
"9/1/2026 2:51:25 PM","5857","Information","Microsoft-Windows-WMI-Activity","NetAdapterCim provider started with result code 0x0. HostProcess = wmiprvse.exe; ProcessID = 6544; ProviderPath = %systemroot%\system32\wbem\NetAdapterCim.dll"
"9/1/2026 2:51:25 PM","5857","Information","Microsoft-Windows-WMI-Activity","mgmtprovider provider started with result code 0x0. HostProcess = wmiprvse.exe; ProcessID = 4616; ProviderPath = %systemroot%\system32\wbem\mgmtprovider.dll"
"9/1/2026 2:48:37 PM","5858","Error","Microsoft-Windows-WMI-Activity","Id = {00000000-0000-0000-0000-000000000000}; ClientMachine = DC; User = NT AUTHORITY\SYSTEM; ClientProcessId = 4716; Component = Unknown; Operation = Start IWbemServices::ExecQuery - root\cimv2 : SELECT * FROM Win32_OperatingSystem; ResultCode = 0x80041032; PossibleCause = Unknown"
"9/1/2026 2:48:37 PM","5858","Error","Microsoft-Windows-WMI-Activity","Id = {00000000-0000-0000-0000-000000000000}; ClientMachine = DC; User = NT AUTHORITY\SYSTEM; ClientProcessId = 4716; Component = Unknown; Operation = Start IWbemServices::ExecQuery - root\cimv2 : SELECT * FROM Win32_ComputerSystemProduct; ResultCode = 0x80041032; PossibleCause = Unknown"
"9/1/2026 2:47:56 PM","5859","Information","Microsoft-Windows-WMI-Activity","Namespace = //./root/CIMV2; NotificationQuery = select * from MSFT_SCMEventLogEvent; OwnerName = S-1-5-32-544; HostProcessID = 3124;  Provider= SCM Event Provider, queryID = 0; PossibleCause = Permanent"
"9/1/2026 2:47:56 PM","5861","Information","Microsoft-Windows-WMI-Activity","Namespace = //./root/subscription; Eventfilter = SCM Event Log Filter (refer to its activate eventid:5859); Consumer = NTEventLogEventConsumer=""SCM Event Log Consumer""; PossibleCause = Binding EventFilter: 
instance of __EventFilter
{
	CreatorSID = {1, 2, 0, 0, 0, 0, 0, 5, 32, 0, 0, 0, 32, 2, 0, 0};
	EventNamespace = ""root\\cimv2"";
	Name = ""SCM Event Log Filter"";
	Query = ""select * from MSFT_SCMEventLogEvent"";
	QueryLanguage = ""WQL"";
};
Perm. Consumer: 
instance of NTEventLogEventConsumer
{
	Category = 0;
	CreatorSID = {1, 2, 0, 0, 0, 0, 0, 5, 32, 0, 0, 0, 32, 2, 0, 0};
	EventType = 1;
	Name = ""SCM Event Log Consumer"";
	NameOfUserSIDProperty = ""sid"";
	SourceName = ""Service Control Manager"";
};
"
"9/1/2026 2:47:16 PM","5858","Error","Microsoft-Windows-WMI-Activity","Id = {00000000-0000-0000-0000-000000000000}; ClientMachine = DC; User = NT AUTHORITY\NETWORK SERVICE; ClientProcessId = 5528; Component = Unknown; Operation = Start IWbemServices::ExecQuery - ROOT\CIMV2 : SELECT Manufacturer, Product FROM Win32_BaseBoard; ResultCode = 0x80041032; PossibleCause = Unknown"
"9/1/2026 2:47:01 PM","5857","Information","Microsoft-Windows-WMI-Activity","MS_NT_EVENTLOG_PROVIDER provider started with result code 0x0. HostProcess = wmiprvse.exe; ProcessID = 4616; ProviderPath = %systemroot%\system32\wbem\ntevt.dll"
"9/1/2026 2:46:46 PM","5857","Information","Microsoft-Windows-WMI-Activity","CIMWin32a provider started with result code 0x0. HostProcess = wmiprvse.exe; ProcessID = 4616; ProviderPath = %systemroot%\system32\wbem\wmipcima.dll"
"9/1/2026 2:46:40 PM","5857","Information","Microsoft-Windows-WMI-Activity","WmiPerfClass provider started with result code 0x0. HostProcess = wmiprvse.exe; ProcessID = 4632; ProviderPath = C:\Windows\System32\wbem\WmiPerfClass.dll"
"9/1/2026 2:46:27 PM","5858","Error","Microsoft-Windows-WMI-Activity","Id = {00000000-0000-0000-0000-000000000000}; ClientMachine = DC; User = NT AUTHORITY\SYSTEM; ClientProcessId = 3768; Component = Unknown; Operation = Start IWbemServices::CreateInstanceEnum - root\wmi : MSiSCSI_PortalInfoClass; ResultCode = 0x8004100C; PossibleCause = Unknown"
"9/1/2026 2:46:26 PM","5858","Error","Microsoft-Windows-WMI-Activity","Id = {00000000-0000-0000-0000-000000000000}; ClientMachine = DC; User = NT AUTHORITY\SYSTEM; ClientProcessId = 3768; Component = Unknown; Operation = Start IWbemServices::CreateInstanceEnum - root\wmi : MS_SM_AdapterInformationQuery; ResultCode = 0x8004100C; PossibleCause = Unknown"
"9/1/2026 2:46:26 PM","5857","Information","Microsoft-Windows-WMI-Activity","WMIProv provider started with result code 0x0. HostProcess = wmiprvse.exe; ProcessID = 4632; ProviderPath = %systemroot%\system32\wbem\wmiprov.dll"
"9/1/2026 2:46:24 PM","5857","Information","Microsoft-Windows-WMI-Activity","CIMWin32 provider started with result code 0x0. HostProcess = wmiprvse.exe; ProcessID = 4616; ProviderPath = %systemroot%\system32\wbem\cimwin32.dll"
"7/9/2026 2:21:04 PM","5858","Error","Microsoft-Windows-WMI-Activity","Id = {00000000-0000-0000-0000-000000000000}; ClientMachine = DC; User = NT AUTHORITY\SYSTEM; ClientProcessId = 5008; Component = Unknown; Operation = Start IWbemServices::ExecQuery - root\cimv2 : SELECT * FROM Win32_ComputerSystemProduct; ResultCode = 0x80041032; PossibleCause = Unknown"
"7/9/2026 2:21:04 PM","5858","Error","Microsoft-Windows-WMI-Activity","Id = {00000000-0000-0000-0000-000000000000}; ClientMachine = DC; User = NT AUTHORITY\SYSTEM; ClientProcessId = 5008; Component = Unknown; Operation = Start IWbemServices::ExecQuery - root\cimv2 : SELECT * FROM Win32_ComputerSystemProduct; ResultCode = 0x80041032; PossibleCause = Unknown"
"7/9/2026 2:21:00 PM","5858","Error","Microsoft-Windows-WMI-Activity","Id = {00000000-0000-0000-0000-000000000000}; ClientMachine = DC; User = NT AUTHORITY\SYSTEM; ClientProcessId = 3968; Component = Unknown; Operation = Start IWbemServices::ExecQuery - ROOT\CCM : select ClientId from CCM_Client; ResultCode = 0x80041010; PossibleCause = Unknown"
"7/9/2026 2:20:48 PM","5857","Information","Microsoft-Windows-WMI-Activity","Win32_TpmProvider provider started with result code 0x0. HostProcess = wmiprvse.exe; ProcessID = 4480; ProviderPath = C:\Windows\System32\wbem\Win32_TPM.dll"
"7/9/2026 2:20:48 PM","5858","Error","Microsoft-Windows-WMI-Activity","Id = {00000000-0000-0000-0000-000000000000}; ClientMachine = DC; User = NT AUTHORITY\SYSTEM; ClientProcessId = 2864; Component = Unknown; Operation = Start IWbemServices::ExecQuery - ROOT\CCM : select ClientId from CCM_Client; ResultCode = 0x80041010; PossibleCause = Unknown"
"7/9/2026 2:20:23 PM","5858","Error","Microsoft-Windows-WMI-Activity","Id = {A9118155-6AC2-445B-BAEE-72F60760E43A}; ClientMachine = DC; User = SCAFFOLD\Administrator; ClientProcessId = 6284; Component = Provider; Operation = Start IWbemServices::ExecMethod - root\microsoft\windows\servermanager : MSFT_ServerManagerTasks::GetServerFeature; ResultCode = 0x80041001; PossibleCause = Unknown"
"7/9/2026 2:20:19 PM","5859","Information","Microsoft-Windows-WMI-Activity","Namespace = //./root/CIMV2; NotificationQuery = select * from MSFT_SCMEventLogEvent; OwnerName = S-1-5-32-544; HostProcessID = 3172;  Provider= SCM Event Provider, queryID = 0; PossibleCause = Permanent"
"7/9/2026 2:20:19 PM","5861","Information","Microsoft-Windows-WMI-Activity","Namespace = //./root/subscription; Eventfilter = SCM Event Log Filter (refer to its activate eventid:5859); Consumer = NTEventLogEventConsumer=""SCM Event Log Consumer""; PossibleCause = Binding EventFilter: 
instance of __EventFilter
{
	CreatorSID = {1, 2, 0, 0, 0, 0, 0, 5, 32, 0, 0, 0, 32, 2, 0, 0};
	EventNamespace = ""root\\cimv2"";
	Name = ""SCM Event Log Filter"";
	Query = ""select * from MSFT_SCMEventLogEvent"";
	QueryLanguage = ""WQL"";
};
Perm. Consumer: 
instance of NTEventLogEventConsumer
{
	Category = 0;
	CreatorSID = {1, 2, 0, 0, 0, 0, 0, 5, 32, 0, 0, 0, 32, 2, 0, 0};
	EventType = 1;
	Name = ""SCM Event Log Consumer"";
	NameOfUserSIDProperty = ""sid"";
	SourceName = ""Service Control Manager"";
};
"
"7/9/2026 2:20:13 PM","5857","Information","Microsoft-Windows-WMI-Activity","deploymentprovider provider started with result code 0x0. HostProcess = wmiprvse.exe; ProcessID = 6928; ProviderPath = %systemroot%\system32\wbem\ServerManager.DeploymentProvider.dll"
"7/9/2026 2:20:09 PM","5857","Information","Microsoft-Windows-WMI-Activity","nettcpip provider started with result code 0x0. HostProcess = wmiprvse.exe; ProcessID = 4480; ProviderPath = %systemroot%\system32\wbem\NetTCPIP.dll"
"7/9/2026 2:20:09 PM","5857","Information","Microsoft-Windows-WMI-Activity","NetAdapterCim provider started with result code 0x0. HostProcess = wmiprvse.exe; ProcessID = 6820; ProviderPath = %systemroot%\system32\wbem\NetAdapterCim.dll"
"7/9/2026 2:20:09 PM","5857","Information","Microsoft-Windows-WMI-Activity","mgmtprovider provider started with result code 0x0. HostProcess = wmiprvse.exe; ProcessID = 4480; ProviderPath = %systemroot%\system32\wbem\mgmtprovider.dll"
"7/9/2026 2:19:30 PM","5857","Information","Microsoft-Windows-WMI-Activity","CIMWin32a provider started with result code 0x0. HostProcess = wmiprvse.exe; ProcessID = 4480; ProviderPath = %systemroot%\system32\wbem\wmipcima.dll"
"7/9/2026 2:19:20 PM","5857","Information","Microsoft-Windows-WMI-Activity","MS_NT_EVENTLOG_PROVIDER provider started with result code 0x0. HostProcess = wmiprvse.exe; ProcessID = 4480; ProviderPath = %systemroot%\system32\wbem\ntevt.dll"
"7/9/2026 2:18:59 PM","5857","Information","Microsoft-Windows-WMI-Activity","WmiPerfClass provider started with result code 0x0. HostProcess = wmiprvse.exe; ProcessID = 4488; ProviderPath = C:\Windows\System32\wbem\WmiPerfClass.dll"
"7/9/2026 2:18:44 PM","5858","Error","Microsoft-Windows-WMI-Activity","Id = {00000000-0000-0000-0000-000000000000}; ClientMachine = DC; User = NT AUTHORITY\SYSTEM; ClientProcessId = 3860; Component = Unknown; Operation = Start IWbemServices::CreateInstanceEnum - root\wmi : MSiSCSI_PortalInfoClass; ResultCode = 0x8004100C; PossibleCause = Unknown"
"7/9/2026 2:18:44 PM","5858","Error","Microsoft-Windows-WMI-Activity","Id = {00000000-0000-0000-0000-000000000000}; ClientMachine = DC; User = NT AUTHORITY\SYSTEM; ClientProcessId = 3860; Component = Unknown; Operation = Start IWbemServices::CreateInstanceEnum - root\wmi : MS_SM_AdapterInformationQuery; ResultCode = 0x8004100C; PossibleCause = Unknown"
"7/9/2026 2:18:44 PM","5857","Information","Microsoft-Windows-WMI-Activity","WMIProv provider started with result code 0x0. HostProcess = wmiprvse.exe; ProcessID = 4488; ProviderPath = %systemroot%\system32\wbem\wmiprov.dll"
"7/9/2026 2:18:42 PM","5857","Information","Microsoft-Windows-WMI-Activity","CIMWin32 provider started with result code 0x0. HostProcess = wmiprvse.exe; ProcessID = 4480; ProviderPath = %systemroot%\system32\wbem\cimwin32.dll"
"7/8/2026 11:14:41 PM","5858","Error","Microsoft-Windows-WMI-Activity","Id = {CBD391AF-0F69-0000-A695-D3CB690FDD01}; ClientMachine = DC; User = NT AUTHORITY\SYSTEM; ClientProcessId = 676; Component = Unknown; Operation = Start IWbemServices::ExecNotificationQuery - ROOT\CIMV2 : SELECT * FROM Win32_ProcessStartTrace WHERE ProcessName = 'wsmprovhost.exe'; ResultCode = 0x80041032; PossibleCause = Unknown"
"7/8/2026 11:14:28 PM","5857","Information","Microsoft-Windows-WMI-Activity","dnsclientcim provider started with result code 0x0. HostProcess = wmiprvse.exe; ProcessID = 5468; ProviderPath = %SYSTEMROOT%\System32\wbem\dnsclientcim.dll"
"7/8/2026 11:14:27 PM","5857","Information","Microsoft-Windows-WMI-Activity","NetAdapterCim provider started with result code 0x0. HostProcess = wmiprvse.exe; ProcessID = 2180; ProviderPath = %systemroot%\system32\wbem\NetAdapterCim.dll"
"7/8/2026 11:14:25 PM","5858","Error","Microsoft-Windows-WMI-Activity","Id = {00000000-0000-0000-0000-000000000000}; ClientMachine = DC; User = NT AUTHORITY\SYSTEM; ClientProcessId = 4556; Component = Unknown; Operation = Start IWbemServices::ExecQuery - root\cimv2 : SELECT * FROM Win32_OperatingSystem; ResultCode = 0x80041032; PossibleCause = Unknown"
"7/8/2026 11:14:25 PM","5858","Error","Microsoft-Windows-WMI-Activity","Id = {00000000-0000-0000-0000-000000000000}; ClientMachine = DC; User = NT AUTHORITY\SYSTEM; ClientProcessId = 4556; Component = Unknown; Operation = Start IWbemServices::ExecQuery - root\cimv2 : SELECT * FROM Win32_ComputerSystem; ResultCode = 0x80041032; PossibleCause = Unknown"
"7/8/2026 11:14:25 PM","5858","Error","Microsoft-Windows-WMI-Activity","Id = {00000000-0000-0000-0000-000000000000}; ClientMachine = DC; User = NT AUTHORITY\SYSTEM; ClientProcessId = 4556; Component = Unknown; Operation = Start IWbemServices::ExecQuery - root\cimv2 : SELECT * FROM Win32_ComputerSystemProduct; ResultCode = 0x80041032; PossibleCause = Unknown"
"7/8/2026 11:14:25 PM","5858","Error","Microsoft-Windows-WMI-Activity","Id = {00000000-0000-0000-0000-000000000000}; ClientMachine = DC; User = NT AUTHORITY\SYSTEM; ClientProcessId = 4556; Component = Unknown; Operation = Start IWbemServices::ExecQuery - root\cimv2 : SELECT * FROM Win32_ComputerSystemProduct; ResultCode = 0x80041032; PossibleCause = Unknown"
"7/8/2026 11:14:25 PM","5858","Error","Microsoft-Windows-WMI-Activity","Id = {00000000-0000-0000-0000-000000000000}; ClientMachine = DC; User = NT AUTHORITY\SYSTEM; ClientProcessId = 4556; Component = Unknown; Operation = Start IWbemServices::ExecQuery - root\cimv2 : SELECT * FROM Win32_ComputerSystemProduct; ResultCode = 0x80041032; PossibleCause = Unknown"
"7/8/2026 11:12:53 PM","5858","Error","Microsoft-Windows-WMI-Activity","Id = {00000000-0000-0000-0000-000000000000}; ClientMachine = DC; User = NT AUTHORITY\NETWORK SERVICE; ClientProcessId = 5160; Component = Unknown; Operation = Start IWbemServices::ExecQuery - ROOT\CIMV2 : SELECT Manufacturer, Product FROM Win32_BaseBoard; ResultCode = 0x80041032; PossibleCause = Unknown"
"7/8/2026 11:12:53 PM","5857","Information","Microsoft-Windows-WMI-Activity","CIMWin32a provider started with result code 0x0. HostProcess = wmiprvse.exe; ProcessID = 4256; ProviderPath = %systemroot%\system32\wbem\wmipcima.dll"
"7/8/2026 11:12:36 PM","5857","Information","Microsoft-Windows-WMI-Activity","MS_NT_EVENTLOG_PROVIDER provider started with result code 0x0. HostProcess = wmiprvse.exe; ProcessID = 4256; ProviderPath = %systemroot%\system32\wbem\ntevt.dll"
"7/8/2026 11:12:32 PM","5858","Error","Microsoft-Windows-WMI-Activity","Id = {00000000-0000-0000-0000-000000000000}; ClientMachine = DC; User = SCAFFOLD\Administrator; ClientProcessId = 2588; Component = Unknown; Operation = Start IWbemServices::ExecQuery - ROOT\CIMV2 : Select * from Win32_Process Where ProcessID = '2908'; ResultCode = 0x80041032; PossibleCause = Unknown"
"7/8/2026 11:12:23 PM","5860","Information","Microsoft-Windows-WMI-Activity","Namespace = ROOT\CIMV2; NotificationQuery = SELECT * FROM Win32_ProcessStartTrace WHERE ProcessName = 'wsmprovhost.exe'; UserName = NT AUTHORITY\SYSTEM; ClientProcessID = 676, ClientMachine = DC; PossibleCause = Temporary"
"7/8/2026 11:12:23 PM","5857","Information","Microsoft-Windows-WMI-Activity","WMI Kernel Trace Event Provider provider started with result code 0x0. HostProcess = wmiprvse.exe; ProcessID = 2104; ProviderPath = C:\Windows\System32\wbem\krnlprov.dll"
"7/8/2026 11:12:23 PM","5859","Information","Microsoft-Windows-WMI-Activity","Namespace = //./root/CIMV2; NotificationQuery = select * from MSFT_SCMEventLogEvent; OwnerName = S-1-5-32-544; HostProcessID = 2104;  Provider= SCM Event Provider, queryID = 0; PossibleCause = Permanent"
"7/8/2026 11:12:23 PM","5861","Information","Microsoft-Windows-WMI-Activity","Namespace = //./root/subscription; Eventfilter = SCM Event Log Filter (refer to its activate eventid:5859); Consumer = NTEventLogEventConsumer=""SCM Event Log Consumer""; PossibleCause = Binding EventFilter: 
instance of __EventFilter
{
	CreatorSID = {1, 2, 0, 0, 0, 0, 0, 5, 32, 0, 0, 0, 32, 2, 0, 0};
	EventNamespace = ""root\\cimv2"";
	Name = ""SCM Event Log Filter"";
	Query = ""select * from MSFT_SCMEventLogEvent"";
	QueryLanguage = ""WQL"";
};
Perm. Consumer: 
instance of NTEventLogEventConsumer
{
	Category = 0;
	CreatorSID = {1, 2, 0, 0, 0, 0, 0, 5, 32, 0, 0, 0, 32, 2, 0, 0};
	EventType = 1;
	Name = ""SCM Event Log Consumer"";
	NameOfUserSIDProperty = ""sid"";
	SourceName = ""Service Control Manager"";
};
"
"7/8/2026 11:12:14 PM","5857","Information","Microsoft-Windows-WMI-Activity","WmiPerfClass provider started with result code 0x0. HostProcess = wmiprvse.exe; ProcessID = 4500; ProviderPath = C:\Windows\System32\wbem\WmiPerfClass.dll"
"7/8/2026 11:11:57 PM","5858","Error","Microsoft-Windows-WMI-Activity","Id = {00000000-0000-0000-0000-000000000000}; ClientMachine = DC; User = NT AUTHORITY\SYSTEM; ClientProcessId = 3808; Component = Unknown; Operation = Start IWbemServices::CreateInstanceEnum - root\wmi : MSiSCSI_PortalInfoClass; ResultCode = 0x8004100C; PossibleCause = Unknown"
"7/8/2026 11:11:57 PM","5858","Error","Microsoft-Windows-WMI-Activity","Id = {00000000-0000-0000-0000-000000000000}; ClientMachine = DC; User = NT AUTHORITY\SYSTEM; ClientProcessId = 3808; Component = Unknown; Operation = Start IWbemServices::CreateInstanceEnum - root\wmi : MS_SM_AdapterInformationQuery; ResultCode = 0x8004100C; PossibleCause = Unknown"
"7/8/2026 11:11:57 PM","5857","Information","Microsoft-Windows-WMI-Activity","WMIProv provider started with result code 0x0. HostProcess = wmiprvse.exe; ProcessID = 4500; ProviderPath = %systemroot%\system32\wbem\wmiprov.dll"
"7/8/2026 11:11:55 PM","5857","Information","Microsoft-Windows-WMI-Activity","CIMWin32 provider started with result code 0x0. HostProcess = wmiprvse.exe; ProcessID = 4256; ProviderPath = %systemroot%\system32\wbem\cimwin32.dll"
"7/8/2026 11:08:54 PM","5858","Error","Microsoft-Windows-WMI-Activity","Id = {00000000-0000-0000-0000-000000000000}; ClientMachine = DC; User = SCAFFOLD\Administrator; ClientProcessId = 2396; Component = Unknown; Operation = Start IWbemServices::ExecQuery - ROOT\CIMV2 : Select * from Win32_Process Where ProcessID = '1332'; ResultCode = 0x80041032; PossibleCause = Unknown"
"7/8/2026 11:08:54 PM","5858","Error","Microsoft-Windows-WMI-Activity","Id = {00000000-0000-0000-0000-000000000000}; ClientMachine = DC; User = SCAFFOLD\Administrator; ClientProcessId = 2396; Component = Unknown; Operation = Start IWbemServices::ExecQuery - ROOT\CIMV2 : Select * from Win32_Process Where ProcessID = '1316'; ResultCode = 0x80041032; PossibleCause = Unknown"
"7/8/2026 10:52:30 PM","5858","Error","Microsoft-Windows-WMI-Activity","Id = {00000000-0000-0000-0000-000000000000}; ClientMachine = DC; User = NT AUTHORITY\SYSTEM; ClientProcessId = 5988; Component = Unknown; Operation = Start IWbemServices::ExecQuery - root\cimv2 : SELECT FreeSpace FROM Win32_LogicalDisk WHERE DeviceId = ""C:""; ResultCode = 0x80041032; PossibleCause = Unknown"
"7/8/2026 10:52:30 PM","5858","Error","Microsoft-Windows-WMI-Activity","Id = {00000000-0000-0000-0000-000000000000}; ClientMachine = DC; User = NT AUTHORITY\SYSTEM; ClientProcessId = 5988; Component = Unknown; Operation = Start IWbemServices::ExecQuery - ROOT\CIMV2 : SELECT State FROM Win32_Service; ResultCode = 0x80041032; PossibleCause = Unknown"
"7/8/2026 10:52:20 PM","5857","Information","Microsoft-Windows-WMI-Activity","Microsoft|DSLDAPInstanceProvider|V1.0 provider started with result code 0x0. HostProcess = wmiprvse.exe; ProcessID = 4612; ProviderPath = %systemroot%\system32\wbem\dsprov.dll"
"7/8/2026 10:52:18 PM","5857","Information","Microsoft-Windows-WMI-Activity","Microsoft|DSLDAPClassProvider|V1.0 provider started with result code 0x0. HostProcess = wmiprvse.exe; ProcessID = 4612; ProviderPath = %systemroot%\system32\wbem\dsprov.dll"
"7/8/2026 10:52:09 PM","5857","Information","Microsoft-Windows-WMI-Activity","Win32_WIN32_TERMINALSERVICE_Prov provider started with result code 0x0. HostProcess = wmiprvse.exe; ProcessID = 4612; ProviderPath = %SystemRoot%\system32\tscfgwmi.dll"
"7/8/2026 10:52:09 PM","5858","Error","Microsoft-Windows-WMI-Activity","Id = {00000000-0000-0000-0000-000000000000}; ClientMachine = DC; User = NT AUTHORITY\SYSTEM; ClientProcessId = 2084; Component = Unknown; Operation = Start IWbemServices::ExecQuery - ROOT\WMI : SELECT * FROM BatteryStaticData; ResultCode = 0x80041010; PossibleCause = Unknown"
"7/8/2026 10:52:09 PM","5858","Error","Microsoft-Windows-WMI-Activity","Id = {00000000-0000-0000-0000-000000000000}; ClientMachine = DC; User = NT AUTHORITY\SYSTEM; ClientProcessId = 2084; Component = Unknown; Operation = Start IWbemServices::ExecQuery - ROOT\WMI : SELECT * FROM BatteryFullChargedCapacity; ResultCode = 0x80041010; PossibleCause = Unknown"
"7/8/2026 10:52:09 PM","5857","Information","Microsoft-Windows-WMI-Activity","PowerWmiProvider provider started with result code 0x0. HostProcess = wmiprvse.exe; ProcessID = 2784; ProviderPath = %systemroot%\system32\umpowmi.dll"
"7/8/2026 10:52:08 PM","5857","Information","Microsoft-Windows-WMI-Activity","StorageWMI provider started with result code 0x0. HostProcess = wmiprvse.exe; ProcessID = 4612; ProviderPath = %SystemRoot%\System32\storagewmi.dll"
"7/8/2026 10:52:07 PM","5857","Information","Microsoft-Windows-WMI-Activity","MSVDS__PROVIDER provider started with result code 0x0. HostProcess = wmiprvse.exe; ProcessID = 4612; ProviderPath = %systemroot%\system32\wbem\vdswmi.dll"
"7/8/2026 10:45:01 PM","5857","Information","Microsoft-Windows-WMI-Activity","InvProv provider started with result code 0x0. HostProcess = wmiprvse.exe; ProcessID = 4580; ProviderPath = C:\Windows\System32\invagent.dll"
"7/8/2026 10:45:01 PM","5858","Error","Microsoft-Windows-WMI-Activity","Id = {00000000-0000-0000-0000-000000000000}; ClientMachine = DC; User = NT AUTHORITY\SYSTEM; ClientProcessId = 2052; Component = Unknown; Operation = Start IWbemServices::ExecQuery - ROOT\CIMV2 : SELECT DriverVersion, Manufacturer FROM Win32_PnPSignedDriver WHERE Manufacturer = 'ELAN'; ResultCode = 0x80041032; PossibleCause = Unknown"
"7/8/2026 10:44:59 PM","5857","Information","Microsoft-Windows-WMI-Activity","WhqlProvider provider started with result code 0x0. HostProcess = wmiprvse.exe; ProcessID = 4612; ProviderPath = %systemroot%\system32\signdrv.dll"
"7/8/2026 10:44:59 PM","5858","Error","Microsoft-Windows-WMI-Activity","Id = {00000000-0000-0000-0000-000000000000}; ClientMachine = DC; User = NT AUTHORITY\SYSTEM; ClientProcessId = 2052; Component = Unknown; Operation = Start IWbemServices::ExecQuery - ROOT\CIMV2 : SELECT * FROM Win32_OptionalFeature WHERE name = 'WAS-NetFxEnvironment'; ResultCode = 0x80041032; PossibleCause = Unknown"
"7/8/2026 10:44:58 PM","5858","Error","Microsoft-Windows-WMI-Activity","Id = {00000000-0000-0000-0000-000000000000}; ClientMachine = DC; User = NT AUTHORITY\SYSTEM; ClientProcessId = 2052; Component = Unknown; Operation = Start IWbemServices::ExecQuery - ROOT\CIMV2 : SELECT * FROM Win32_OptionalFeature WHERE name = 'IIS-NetFxExtensibility'; ResultCode = 0x80041032; PossibleCause = Unknown"
"7/8/2026 10:44:58 PM","5858","Error","Microsoft-Windows-WMI-Activity","Id = {00000000-0000-0000-0000-000000000000}; ClientMachine = DC; User = NT AUTHORITY\SYSTEM; ClientProcessId = 2052; Component = Unknown; Operation = Start IWbemServices::ExecQuery - ROOT\CIMV2 : SELECT * FROM Win32_OptionalFeature WHERE name = 'IIS-ASPNET'; ResultCode = 0x80041032; PossibleCause = Unknown"
"7/8/2026 10:44:57 PM","5858","Error","Microsoft-Windows-WMI-Activity","Id = {00000000-0000-0000-0000-000000000000}; ClientMachine = DC; User = NT AUTHORITY\SYSTEM; ClientProcessId = 2052; Component = Unknown; Operation = Start IWbemServices::ExecQuery - ROOT\CIMV2 : SELECT * FROM Win32_OptionalFeature WHERE name = 'WCF-NonHTTP-Activation'; ResultCode = 0x80041032; PossibleCause = Unknown"
"7/8/2026 10:44:57 PM","5858","Error","Microsoft-Windows-WMI-Activity","Id = {00000000-0000-0000-0000-000000000000}; ClientMachine = DC; User = NT AUTHORITY\SYSTEM; ClientProcessId = 2052; Component = Unknown; Operation = Start IWbemServices::ExecQuery - ROOT\CIMV2 : SELECT * FROM Win32_OptionalFeature WHERE name = 'WCF-HTTP-Activation'; ResultCode = 0x80041032; PossibleCause = Unknown"
"7/8/2026 10:44:57 PM","5858","Error","Microsoft-Windows-WMI-Activity","Id = {00000000-0000-0000-0000-000000000000}; ClientMachine = DC; User = NT AUTHORITY\SYSTEM; ClientProcessId = 2052; Component = Unknown; Operation = Start IWbemServices::ExecQuery - ROOT\CIMV2 : SELECT * FROM Win32_OptionalFeature WHERE name = 'NetFX3'; ResultCode = 0x80041032; PossibleCause = Unknown"
"7/8/2026 10:44:50 PM","5858","Error","Microsoft-Windows-WMI-Activity","Id = {00000000-0000-0000-0000-000000000000}; ClientMachine = DC; User = NT AUTHORITY\SYSTEM; ClientProcessId = 2052; Component = Unknown; Operation = Start IWbemServices::ExecQuery - ROOT\CCM : select ClientId from CCM_Client; ResultCode = 0x80041010; PossibleCause = Unknown"
"7/8/2026 10:44:50 PM","5857","Information","Microsoft-Windows-WMI-Activity","DeliveryOptimizationMIProv provider started with result code 0x0. HostProcess = wmiprvse.exe; ProcessID = 4612; ProviderPath = %SystemRoot%\system32\domgmt.dll"
"7/8/2026 10:44:50 PM","5857","Information","Microsoft-Windows-WMI-Activity","Win32_DeviceGuard provider started with result code 0x0. HostProcess = wmiprvse.exe; ProcessID = 4612; ProviderPath = %SystemRoot%\System32\Win32_DeviceGuard.dll"
"7/8/2026 10:44:46 PM","5857","Information","Microsoft-Windows-WMI-Activity","Win32_TpmProvider provider started with result code 0x0. HostProcess = wmiprvse.exe; ProcessID = 4612; ProviderPath = C:\Windows\System32\wbem\Win32_TPM.dll"
"7/8/2026 10:44:46 PM","5858","Error","Microsoft-Windows-WMI-Activity","Id = {00000000-0000-0000-0000-000000000000}; ClientMachine = DC; User = NT AUTHORITY\SYSTEM; ClientProcessId = 808; Component = Unknown; Operation = Start IWbemServices::ExecQuery - ROOT\CCM : select ClientId from CCM_Client; ResultCode = 0x80041010; PossibleCause = Unknown"
"7/8/2026 10:44:44 PM","5857","Information","Microsoft-Windows-WMI-Activity","deploymentprovider provider started with result code 0x0. HostProcess = wmiprvse.exe; ProcessID = 2328; ProviderPath = %systemroot%\system32\wbem\ServerManager.DeploymentProvider.dll"
"7/8/2026 10:44:44 PM","5857","Information","Microsoft-Windows-WMI-Activity","ServerFeatureProvider provider started with result code 0x0. HostProcess = wmiprvse.exe; ProcessID = 4612; ProviderPath = %windir%\system32\wbem\servercompprov.dll"
"7/8/2026 10:43:15 PM","5858","Error","Microsoft-Windows-WMI-Activity","Id = {00000000-0000-0000-0000-000000000000}; ClientMachine = DC; User = NT AUTHORITY\SYSTEM; ClientProcessId = 3272; Component = Unknown; Operation = Start IWbemServices::ExecQuery - root\cimv2 : SELECT * FROM Win32_ComputerSystem; ResultCode = 0x80041032; PossibleCause = Unknown"
"7/8/2026 10:43:14 PM","5858","Error","Microsoft-Windows-WMI-Activity","Id = {00000000-0000-0000-0000-000000000000}; ClientMachine = DC; User = NT AUTHORITY\SYSTEM; ClientProcessId = 3272; Component = Unknown; Operation = Start IWbemServices::ExecQuery - root\cimv2 : SELECT * FROM Win32_ComputerSystem; ResultCode = 0x80041032; PossibleCause = Unknown"
"7/8/2026 10:43:14 PM","5858","Error","Microsoft-Windows-WMI-Activity","Id = {00000000-0000-0000-0000-000000000000}; ClientMachine = DC; User = NT AUTHORITY\SYSTEM; ClientProcessId = 3272; Component = Unknown; Operation = Start IWbemServices::ExecQuery - root\cimv2 : SELECT * FROM Win32_ComputerSystemProduct; ResultCode = 0x80041032; PossibleCause = Unknown"
"7/8/2026 10:42:46 PM","5859","Information","Microsoft-Windows-WMI-Activity","Namespace = //./root/CIMV2; NotificationQuery = select * from MSFT_SCMEventLogEvent; OwnerName = S-1-5-32-544; HostProcessID = 3016;  Provider= SCM Event Provider, queryID = 0; PossibleCause = Permanent"
"7/8/2026 10:42:46 PM","5861","Information","Microsoft-Windows-WMI-Activity","Namespace = //./root/subscription; Eventfilter = SCM Event Log Filter (refer to its activate eventid:5859); Consumer = NTEventLogEventConsumer=""SCM Event Log Consumer""; PossibleCause = Binding EventFilter: 
instance of __EventFilter
{
	CreatorSID = {1, 2, 0, 0, 0, 0, 0, 5, 32, 0, 0, 0, 32, 2, 0, 0};
	EventNamespace = ""root\\cimv2"";
	Name = ""SCM Event Log Filter"";
	Query = ""select * from MSFT_SCMEventLogEvent"";
	QueryLanguage = ""WQL"";
};
Perm. Consumer: 
instance of NTEventLogEventConsumer
{
	Category = 0;
	CreatorSID = {1, 2, 0, 0, 0, 0, 0, 5, 32, 0, 0, 0, 32, 2, 0, 0};
	EventType = 1;
	Name = ""SCM Event Log Consumer"";
	NameOfUserSIDProperty = ""sid"";
	SourceName = ""Service Control Manager"";
};
"
"7/8/2026 10:41:50 PM","5857","Information","Microsoft-Windows-WMI-Activity","MS_NT_EVENTLOG_PROVIDER provider started with result code 0x0. HostProcess = wmiprvse.exe; ProcessID = 4612; ProviderPath = %systemroot%\system32\wbem\ntevt.dll"
"7/8/2026 10:41:29 PM","5857","Information","Microsoft-Windows-WMI-Activity","WmiPerfClass provider started with result code 0x0. HostProcess = wmiprvse.exe; ProcessID = 4580; ProviderPath = C:\Windows\System32\wbem\WmiPerfClass.dll"
"7/8/2026 10:41:28 PM","5858","Error","Microsoft-Windows-WMI-Activity","Id = {00000000-0000-0000-0000-000000000000}; ClientMachine = DC; User = NT AUTHORITY\NETWORK SERVICE; ClientProcessId = 5336; Component = Unknown; Operation = Start IWbemServices::ExecQuery - ROOT\CIMV2 : SELECT Manufacturer, Product FROM Win32_BaseBoard; ResultCode = 0x80041032; PossibleCause = Unknown"
"7/8/2026 10:41:24 PM","5857","Information","Microsoft-Windows-WMI-Activity","CIMWin32a provider started with result code 0x0. HostProcess = wmiprvse.exe; ProcessID = 4612; ProviderPath = %systemroot%\system32\wbem\wmipcima.dll"
"7/8/2026 10:41:18 PM","5858","Error","Microsoft-Windows-WMI-Activity","Id = {00000000-0000-0000-0000-000000000000}; ClientMachine = DC; User = NT AUTHORITY\SYSTEM; ClientProcessId = 3716; Component = Unknown; Operation = Start IWbemServices::CreateInstanceEnum - root\wmi : MSiSCSI_PortalInfoClass; ResultCode = 0x8004100C; PossibleCause = Unknown"
"7/8/2026 10:41:18 PM","5858","Error","Microsoft-Windows-WMI-Activity","Id = {00000000-0000-0000-0000-000000000000}; ClientMachine = DC; User = NT AUTHORITY\SYSTEM; ClientProcessId = 3716; Component = Unknown; Operation = Start IWbemServices::CreateInstanceEnum - root\wmi : MS_SM_AdapterInformationQuery; ResultCode = 0x8004100C; PossibleCause = Unknown"
"7/8/2026 10:41:18 PM","5857","Information","Microsoft-Windows-WMI-Activity","WMIProv provider started with result code 0x0. HostProcess = wmiprvse.exe; ProcessID = 4580; ProviderPath = %systemroot%\system32\wbem\wmiprov.dll"
"7/8/2026 10:41:14 PM","5857","Information","Microsoft-Windows-WMI-Activity","CIMWin32 provider started with result code 0x0. HostProcess = wmiprvse.exe; ProcessID = 4612; ProviderPath = %systemroot%\system32\wbem\cimwin32.dll"
"6/2/2026 7:20:53 AM","5857","Information","Microsoft-Windows-WMI-Activity","deploymentprovider provider started with result code 0x0. HostProcess = wmiprvse.exe; ProcessID = 7464; ProviderPath = %systemroot%\system32\wbem\ServerManager.DeploymentProvider.dll"
"6/2/2026 7:20:50 AM","5857","Information","Microsoft-Windows-WMI-Activity","nettcpip provider started with result code 0x0. HostProcess = wmiprvse.exe; ProcessID = 4580; ProviderPath = %systemroot%\system32\wbem\NetTCPIP.dll"
"6/2/2026 7:20:50 AM","5857","Information","Microsoft-Windows-WMI-Activity","NetAdapterCim provider started with result code 0x0. HostProcess = wmiprvse.exe; ProcessID = 4780; ProviderPath = %systemroot%\system32\wbem\NetAdapterCim.dll"
"6/2/2026 7:20:50 AM","5857","Information","Microsoft-Windows-WMI-Activity","mgmtprovider provider started with result code 0x0. HostProcess = wmiprvse.exe; ProcessID = 4580; ProviderPath = %systemroot%\system32\wbem\mgmtprovider.dll"
"6/2/2026 7:19:57 AM","5858","Error","Microsoft-Windows-WMI-Activity","Id = {61AF753D-F299-0000-CB76-AF6199F2DC01}; ClientMachine = DC; User = NT AUTHORITY\SYSTEM; ClientProcessId = 5836; Component = Unknown; Operation = Start IWbemServices::ExecNotificationQuery - ROOT\CIMV2 : SELECT * FROM Win32_ProcessStartTrace WHERE ProcessName = 'wsmprovhost.exe'; ResultCode = 0x80041032; PossibleCause = Unknown"
"6/2/2026 7:18:44 AM","5858","Error","Microsoft-Windows-WMI-Activity","Id = {00000000-0000-0000-0000-000000000000}; ClientMachine = DC; User = NT AUTHORITY\SYSTEM; ClientProcessId = 4904; Component = Unknown; Operation = Start IWbemServices::ExecQuery - root\Microsoft\Windows\DeliveryOptimization : SELECT DownloadMode, DownloadModeProvider FROM MSFT_DeliveryOptimizationConfig; ResultCode = 0x80041032; PossibleCause = Unknown"
"6/2/2026 7:18:44 AM","5857","Information","Microsoft-Windows-WMI-Activity","DeliveryOptimizationMIProv provider started with result code 0x0. HostProcess = wmiprvse.exe; ProcessID = 4580; ProviderPath = %SystemRoot%\system32\domgmt.dll"
"6/2/2026 7:18:44 AM","5857","Information","Microsoft-Windows-WMI-Activity","Win32_DeviceGuard provider started with result code 0x0. HostProcess = wmiprvse.exe; ProcessID = 4580; ProviderPath = %SystemRoot%\System32\Win32_DeviceGuard.dll"
"6/2/2026 7:18:44 AM","5857","Information","Microsoft-Windows-WMI-Activity","Win32_TpmProvider provider started with result code 0x0. HostProcess = wmiprvse.exe; ProcessID = 4580; ProviderPath = C:\Windows\System32\wbem\Win32_TPM.dll"
"6/2/2026 7:18:44 AM","5858","Error","Microsoft-Windows-WMI-Activity","Id = {00000000-0000-0000-0000-000000000000}; ClientMachine = DC; User = NT AUTHORITY\SYSTEM; ClientProcessId = 4904; Component = Unknown; Operation = Start IWbemServices::ExecQuery - ROOT\CCM : select ClientId from CCM_Client; ResultCode = 0x80041010; PossibleCause = Unknown"
"6/2/2026 7:18:44 AM","5857","Information","Microsoft-Windows-WMI-Activity","deploymentprovider provider started with result code 0x0. HostProcess = wmiprvse.exe; ProcessID = 7332; ProviderPath = %systemroot%\system32\wbem\ServerManager.DeploymentProvider.dll"
"6/2/2026 7:18:44 AM","5857","Information","Microsoft-Windows-WMI-Activity","ServerFeatureProvider provider started with result code 0x0. HostProcess = wmiprvse.exe; ProcessID = 4580; ProviderPath = %windir%\system32\wbem\servercompprov.dll"
"6/2/2026 7:13:10 AM","5857","Information","Microsoft-Windows-WMI-Activity","CIMWin32a provider started with result code 0x0. HostProcess = wmiprvse.exe; ProcessID = 4580; ProviderPath = %systemroot%\system32\wbem\wmipcima.dll"
"6/2/2026 7:11:57 AM","5858","Error","Microsoft-Windows-WMI-Activity","Id = {00000000-0000-0000-0000-000000000000}; ClientMachine = DC; User = NT AUTHORITY\SYSTEM; ClientProcessId = 3816; Component = Unknown; Operation = Start IWbemServices::ExecQuery - root\cimv2 : SELECT * FROM Win32_ComputerSystem; ResultCode = 0x80041032; PossibleCause = Unknown"
"6/2/2026 7:11:57 AM","5858","Error","Microsoft-Windows-WMI-Activity","Id = {00000000-0000-0000-0000-000000000000}; ClientMachine = DC; User = NT AUTHORITY\SYSTEM; ClientProcessId = 3816; Component = Unknown; Operation = Start IWbemServices::ExecQuery - root\cimv2 : SELECT * FROM Win32_ComputerSystemProduct; ResultCode = 0x80041032; PossibleCause = Unknown"
"6/2/2026 7:10:54 AM","5857","Information","Microsoft-Windows-WMI-Activity","deploymentprovider provider started with result code 0x0. HostProcess = wmiprvse.exe; ProcessID = 7304; ProviderPath = %systemroot%\system32\wbem\ServerManager.DeploymentProvider.dll"
"6/2/2026 7:10:50 AM","5857","Information","Microsoft-Windows-WMI-Activity","nettcpip provider started with result code 0x0. HostProcess = wmiprvse.exe; ProcessID = 4580; ProviderPath = %systemroot%\system32\wbem\NetTCPIP.dll"
"6/2/2026 7:10:50 AM","5857","Information","Microsoft-Windows-WMI-Activity","NetAdapterCim provider started with result code 0x0. HostProcess = wmiprvse.exe; ProcessID = 7040; ProviderPath = %systemroot%\system32\wbem\NetAdapterCim.dll"
"6/2/2026 7:10:50 AM","5857","Information","Microsoft-Windows-WMI-Activity","mgmtprovider provider started with result code 0x0. HostProcess = wmiprvse.exe; ProcessID = 4580; ProviderPath = %systemroot%\system32\wbem\mgmtprovider.dll"
"6/2/2026 7:10:07 AM","5857","Information","Microsoft-Windows-WMI-Activity","MS_NT_EVENTLOG_PROVIDER provider started with result code 0x0. HostProcess = wmiprvse.exe; ProcessID = 4580; ProviderPath = %systemroot%\system32\wbem\ntevt.dll"
"6/2/2026 7:09:56 AM","5860","Information","Microsoft-Windows-WMI-Activity","Namespace = ROOT\CIMV2; NotificationQuery = SELECT * FROM Win32_ProcessStartTrace WHERE ProcessName = 'wsmprovhost.exe'; UserName = NT AUTHORITY\SYSTEM; ClientProcessID = 5836, ClientMachine = DC; PossibleCause = Temporary"
"6/2/2026 7:09:56 AM","5857","Information","Microsoft-Windows-WMI-Activity","WMI Kernel Trace Event Provider provider started with result code 0x0. HostProcess = wmiprvse.exe; ProcessID = 3092; ProviderPath = C:\Windows\System32\wbem\krnlprov.dll"
"6/2/2026 7:09:56 AM","5859","Information","Microsoft-Windows-WMI-Activity","Namespace = //./root/CIMV2; NotificationQuery = select * from MSFT_SCMEventLogEvent; OwnerName = S-1-5-32-544; HostProcessID = 3092;  Provider= SCM Event Provider, queryID = 0; PossibleCause = Permanent"
"6/2/2026 7:09:56 AM","5861","Information","Microsoft-Windows-WMI-Activity","Namespace = //./root/subscription; Eventfilter = SCM Event Log Filter (refer to its activate eventid:5859); Consumer = NTEventLogEventConsumer=""SCM Event Log Consumer""; PossibleCause = Binding EventFilter: 
instance of __EventFilter
{
	CreatorSID = {1, 2, 0, 0, 0, 0, 0, 5, 32, 0, 0, 0, 32, 2, 0, 0};
	EventNamespace = ""root\\cimv2"";
	Name = ""SCM Event Log Filter"";
	Query = ""select * from MSFT_SCMEventLogEvent"";
	QueryLanguage = ""WQL"";
};
Perm. Consumer: 
instance of NTEventLogEventConsumer
{
	Category = 0;
	CreatorSID = {1, 2, 0, 0, 0, 0, 0, 5, 32, 0, 0, 0, 32, 2, 0, 0};
	EventType = 1;
	Name = ""SCM Event Log Consumer"";
	NameOfUserSIDProperty = ""sid"";
	SourceName = ""Service Control Manager"";
};
"
"6/2/2026 7:09:47 AM","5857","Information","Microsoft-Windows-WMI-Activity","WmiPerfClass provider started with result code 0x0. HostProcess = wmiprvse.exe; ProcessID = 5176; ProviderPath = C:\Windows\System32\wbem\WmiPerfClass.dll"
"6/2/2026 7:09:30 AM","5858","Error","Microsoft-Windows-WMI-Activity","Id = {00000000-0000-0000-0000-000000000000}; ClientMachine = DC; User = NT AUTHORITY\NETWORK SERVICE; ClientProcessId = 5360; Component = Unknown; Operation = Start IWbemServices::ExecQuery - ROOT\CIMV2 : SELECT Manufacturer, Product FROM Win32_BaseBoard; ResultCode = 0x80041032; PossibleCause = Unknown"
"6/2/2026 7:09:29 AM","5857","Information","Microsoft-Windows-WMI-Activity","CIMWin32a provider started with result code 0x0. HostProcess = wmiprvse.exe; ProcessID = 4580; ProviderPath = %systemroot%\system32\wbem\wmipcima.dll"
"6/2/2026 7:09:28 AM","5858","Error","Microsoft-Windows-WMI-Activity","Id = {00000000-0000-0000-0000-000000000000}; ClientMachine = DC; User = NT AUTHORITY\SYSTEM; ClientProcessId = 3420; Component = Unknown; Operation = Start IWbemServices::CreateInstanceEnum - root\wmi : MSiSCSI_PortalInfoClass; ResultCode = 0x8004100C; PossibleCause = Unknown"
"6/2/2026 7:09:28 AM","5858","Error","Microsoft-Windows-WMI-Activity","Id = {00000000-0000-0000-0000-000000000000}; ClientMachine = DC; User = NT AUTHORITY\SYSTEM; ClientProcessId = 3420; Component = Unknown; Operation = Start IWbemServices::CreateInstanceEnum - root\wmi : MS_SM_AdapterInformationQuery; ResultCode = 0x8004100C; PossibleCause = Unknown"
"6/2/2026 7:09:28 AM","5857","Information","Microsoft-Windows-WMI-Activity","WMIProv provider started with result code 0x0. HostProcess = wmiprvse.exe; ProcessID = 5176; ProviderPath = %systemroot%\system32\wbem\wmiprov.dll"
"6/2/2026 7:09:27 AM","5857","Information","Microsoft-Windows-WMI-Activity","CIMWin32 provider started with result code 0x0. HostProcess = wmiprvse.exe; ProcessID = 4580; ProviderPath = %systemroot%\system32\wbem\cimwin32.dll"
"6/2/2026 7:06:19 AM","5858","Error","Microsoft-Windows-WMI-Activity","Id = {AC815834-F298-0000-455B-81AC98F2DC01}; ClientMachine = DC; User = NT AUTHORITY\SYSTEM; ClientProcessId = 2792; Component = Unknown; Operation = Start IWbemServices::ExecNotificationQuery - ROOT\CIMV2 : SELECT * FROM Win32_ProcessStartTrace WHERE ProcessName = 'wsmprovhost.exe'; ResultCode = 0x80041032; PossibleCause = Unknown"
"6/2/2026 7:05:23 AM","5857","Information","Microsoft-Windows-WMI-Activity","deploymentprovider provider started with result code 0x0. HostProcess = wmiprvse.exe; ProcessID = 7248; ProviderPath = %systemroot%\system32\wbem\ServerManager.DeploymentProvider.dll"
"6/2/2026 7:05:20 AM","5857","Information","Microsoft-Windows-WMI-Activity","nettcpip provider started with result code 0x0. HostProcess = wmiprvse.exe; ProcessID = 4708; ProviderPath = %systemroot%\system32\wbem\NetTCPIP.dll"
"6/2/2026 7:05:20 AM","5857","Information","Microsoft-Windows-WMI-Activity","NetAdapterCim provider started with result code 0x0. HostProcess = wmiprvse.exe; ProcessID = 7928; ProviderPath = %systemroot%\system32\wbem\NetAdapterCim.dll"
"6/2/2026 7:05:20 AM","5857","Information","Microsoft-Windows-WMI-Activity","mgmtprovider provider started with result code 0x0. HostProcess = wmiprvse.exe; ProcessID = 4708; ProviderPath = %systemroot%\system32\wbem\mgmtprovider.dll"
"6/2/2026 7:05:14 AM","5857","Information","Microsoft-Windows-WMI-Activity","MS_NT_EVENTLOG_PROVIDER provider started with result code 0x0. HostProcess = wmiprvse.exe; ProcessID = 4708; ProviderPath = %systemroot%\system32\wbem\ntevt.dll"
"6/2/2026 7:04:54 AM","5858","Error","Microsoft-Windows-WMI-Activity","Id = {00000000-0000-0000-0000-000000000000}; ClientMachine = DC; User = NT AUTHORITY\NETWORK SERVICE; ClientProcessId = 6460; Component = Unknown; Operation = Start IWbemServices::ExecQuery - ROOT\CIMV2 : SELECT Manufacturer, Product FROM Win32_BaseBoard; ResultCode = 0x80041032; PossibleCause = Unknown"
"6/2/2026 7:04:54 AM","5858","Error","Microsoft-Windows-WMI-Activity","Id = {00000000-0000-0000-0000-000000000000}; ClientMachine = DC; User = NT AUTHORITY\NETWORK SERVICE; ClientProcessId = 3952; Component = Unknown; Operation = Start IWbemServices::ExecQuery - ROOT\CIMV2 : SELECT Manufacturer, Product FROM Win32_BaseBoard; ResultCode = 0x80041032; PossibleCause = Unknown"
"6/2/2026 7:04:54 AM","5857","Information","Microsoft-Windows-WMI-Activity","CIMWin32a provider started with result code 0x0. HostProcess = wmiprvse.exe; ProcessID = 4708; ProviderPath = %systemroot%\system32\wbem\wmipcima.dll"
"6/2/2026 7:04:53 AM","5860","Information","Microsoft-Windows-WMI-Activity","Namespace = ROOT\CIMV2; NotificationQuery = SELECT * FROM Win32_ProcessStartTrace WHERE ProcessName = 'wsmprovhost.exe'; UserName = NT AUTHORITY\SYSTEM; ClientProcessID = 2792, ClientMachine = DC; PossibleCause = Temporary"
"6/2/2026 7:04:53 AM","5857","Information","Microsoft-Windows-WMI-Activity","WMI Kernel Trace Event Provider provider started with result code 0x0. HostProcess = wmiprvse.exe; ProcessID = 3212; ProviderPath = C:\Windows\System32\wbem\krnlprov.dll"
"6/2/2026 7:04:53 AM","5859","Information","Microsoft-Windows-WMI-Activity","Namespace = //./root/CIMV2; NotificationQuery = select * from MSFT_SCMEventLogEvent; OwnerName = S-1-5-32-544; HostProcessID = 3212;  Provider= SCM Event Provider, queryID = 0; PossibleCause = Permanent"
"6/2/2026 7:04:53 AM","5861","Information","Microsoft-Windows-WMI-Activity","Namespace = //./root/subscription; Eventfilter = SCM Event Log Filter (refer to its activate eventid:5859); Consumer = NTEventLogEventConsumer=""SCM Event Log Consumer""; PossibleCause = Binding EventFilter: 
instance of __EventFilter
{
	CreatorSID = {1, 2, 0, 0, 0, 0, 0, 5, 32, 0, 0, 0, 32, 2, 0, 0};
	EventNamespace = ""root\\cimv2"";
	Name = ""SCM Event Log Filter"";
	Query = ""select * from MSFT_SCMEventLogEvent"";
	QueryLanguage = ""WQL"";
};
Perm. Consumer: 
instance of NTEventLogEventConsumer
{
	Category = 0;
	CreatorSID = {1, 2, 0, 0, 0, 0, 0, 5, 32, 0, 0, 0, 32, 2, 0, 0};
	EventType = 1;
	Name = ""SCM Event Log Consumer"";
	NameOfUserSIDProperty = ""sid"";
	SourceName = ""Service Control Manager"";
};
"
"6/2/2026 7:04:53 AM","5857","Information","Microsoft-Windows-WMI-Activity","WmiPerfClass provider started with result code 0x0. HostProcess = wmiprvse.exe; ProcessID = 5052; ProviderPath = C:\Windows\System32\wbem\WmiPerfClass.dll"
"6/2/2026 7:04:24 AM","5858","Error","Microsoft-Windows-WMI-Activity","Id = {00000000-0000-0000-0000-000000000000}; ClientMachine = DC; User = NT AUTHORITY\SYSTEM; ClientProcessId = 3532; Component = Unknown; Operation = Start IWbemServices::CreateInstanceEnum - root\wmi : MSiSCSI_PortalInfoClass; ResultCode = 0x8004100C; PossibleCause = Unknown"
"6/2/2026 7:04:24 AM","5858","Error","Microsoft-Windows-WMI-Activity","Id = {00000000-0000-0000-0000-000000000000}; ClientMachine = DC; User = NT AUTHORITY\SYSTEM; ClientProcessId = 3532; Component = Unknown; Operation = Start IWbemServices::CreateInstanceEnum - root\wmi : MS_SM_AdapterInformationQuery; ResultCode = 0x8004100C; PossibleCause = Unknown"
"6/2/2026 7:04:24 AM","5857","Information","Microsoft-Windows-WMI-Activity","WMIProv provider started with result code 0x0. HostProcess = wmiprvse.exe; ProcessID = 5052; ProviderPath = %systemroot%\system32\wbem\wmiprov.dll"
"6/2/2026 7:04:23 AM","5857","Information","Microsoft-Windows-WMI-Activity","CIMWin32 provider started with result code 0x0. HostProcess = wmiprvse.exe; ProcessID = 4708; ProviderPath = %systemroot%\system32\wbem\cimwin32.dll"
"6/1/2026 11:48:56 AM","5858","Error","Microsoft-Windows-WMI-Activity","Id = {48A3EA42-F1F6-0000-1AEC-A348F6F1DC01}; ClientMachine = DC; User = NT AUTHORITY\SYSTEM; ClientProcessId = 6112; Component = Unknown; Operation = Start IWbemServices::ExecNotificationQuery - ROOT\CIMV2 : SELECT * FROM Win32_ProcessStartTrace WHERE ProcessName = 'wsmprovhost.exe'; ResultCode = 0x80041032; PossibleCause = Unknown"
"6/1/2026 11:44:33 AM","5858","Error","Microsoft-Windows-WMI-Activity","Id = {00000000-0000-0000-0000-000000000000}; ClientMachine = DC; User = NT AUTHORITY\SYSTEM; ClientProcessId = 7640; Component = Unknown; Operation = Start IWbemServices::ExecQuery - root\cimv2 : SELECT * FROM Win32_Processor; ResultCode = 0x80041032; PossibleCause = Unknown"
"6/1/2026 11:44:31 AM","5858","Error","Microsoft-Windows-WMI-Activity","Id = {00000000-0000-0000-0000-000000000000}; ClientMachine = DC; User = NT AUTHORITY\SYSTEM; ClientProcessId = 7640; Component = Unknown; Operation = Start IWbemServices::ExecQuery - root\cimv2 : SELECT * FROM Win32_OperatingSystem; ResultCode = 0x80041032; PossibleCause = Unknown"
"6/1/2026 11:43:18 AM","5857","Information","Microsoft-Windows-WMI-Activity","deploymentprovider provider started with result code 0x0. HostProcess = wmiprvse.exe; ProcessID = 7668; ProviderPath = %systemroot%\system32\wbem\ServerManager.DeploymentProvider.dll"
"6/1/2026 11:43:15 AM","5857","Information","Microsoft-Windows-WMI-Activity","nettcpip provider started with result code 0x0. HostProcess = wmiprvse.exe; ProcessID = 4520; ProviderPath = %systemroot%\system32\wbem\NetTCPIP.dll"
"6/1/2026 11:43:15 AM","5857","Information","Microsoft-Windows-WMI-Activity","NetAdapterCim provider started with result code 0x0. HostProcess = wmiprvse.exe; ProcessID = 7500; ProviderPath = %systemroot%\system32\wbem\NetAdapterCim.dll"
"6/1/2026 11:43:14 AM","5857","Information","Microsoft-Windows-WMI-Activity","mgmtprovider provider started with result code 0x0. HostProcess = wmiprvse.exe; ProcessID = 4520; ProviderPath = %systemroot%\system32\wbem\mgmtprovider.dll"
"6/1/2026 11:42:37 AM","5857","Information","Microsoft-Windows-WMI-Activity","MS_NT_EVENTLOG_PROVIDER provider started with result code 0x0. HostProcess = wmiprvse.exe; ProcessID = 4520; ProviderPath = %systemroot%\system32\wbem\ntevt.dll"
"6/1/2026 11:42:26 AM","5860","Information","Microsoft-Windows-WMI-Activity","Namespace = ROOT\CIMV2; NotificationQuery = SELECT * FROM Win32_ProcessStartTrace WHERE ProcessName = 'wsmprovhost.exe'; UserName = NT AUTHORITY\SYSTEM; ClientProcessID = 6112, ClientMachine = DC; PossibleCause = Temporary"
"6/1/2026 11:42:26 AM","5857","Information","Microsoft-Windows-WMI-Activity","WMI Kernel Trace Event Provider provider started with result code 0x0. HostProcess = wmiprvse.exe; ProcessID = 3120; ProviderPath = C:\Windows\System32\wbem\krnlprov.dll"
"6/1/2026 11:42:26 AM","5859","Information","Microsoft-Windows-WMI-Activity","Namespace = //./root/CIMV2; NotificationQuery = select * from MSFT_SCMEventLogEvent; OwnerName = S-1-5-32-544; HostProcessID = 3120;  Provider= SCM Event Provider, queryID = 0; PossibleCause = Permanent"
"6/1/2026 11:42:26 AM","5861","Information","Microsoft-Windows-WMI-Activity","Namespace = //./root/subscription; Eventfilter = SCM Event Log Filter (refer to its activate eventid:5859); Consumer = NTEventLogEventConsumer=""SCM Event Log Consumer""; PossibleCause = Binding EventFilter: 
instance of __EventFilter
{
	CreatorSID = {1, 2, 0, 0, 0, 0, 0, 5, 32, 0, 0, 0, 32, 2, 0, 0};
	EventNamespace = ""root\\cimv2"";
	Name = ""SCM Event Log Filter"";
	Query = ""select * from MSFT_SCMEventLogEvent"";
	QueryLanguage = ""WQL"";
};
Perm. Consumer: 
instance of NTEventLogEventConsumer
{
	Category = 0;
	CreatorSID = {1, 2, 0, 0, 0, 0, 0, 5, 32, 0, 0, 0, 32, 2, 0, 0};
	EventType = 1;
	Name = ""SCM Event Log Consumer"";
	NameOfUserSIDProperty = ""sid"";
	SourceName = ""Service Control Manager"";
};
"
"6/1/2026 11:42:16 AM","5857","Information","Microsoft-Windows-WMI-Activity","WmiPerfClass provider started with result code 0x0. HostProcess = wmiprvse.exe; ProcessID = 5012; ProviderPath = C:\Windows\System32\wbem\WmiPerfClass.dll"
"6/1/2026 11:41:59 AM","5857","Information","Microsoft-Windows-WMI-Activity","CIMWin32a provider started with result code 0x0. HostProcess = wmiprvse.exe; ProcessID = 4520; ProviderPath = %systemroot%\system32\wbem\wmipcima.dll"
"6/1/2026 11:41:58 AM","5858","Error","Microsoft-Windows-WMI-Activity","Id = {00000000-0000-0000-0000-000000000000}; ClientMachine = DC; User = NT AUTHORITY\SYSTEM; ClientProcessId = 4008; Component = Unknown; Operation = Start IWbemServices::CreateInstanceEnum - root\wmi : MSiSCSI_PortalInfoClass; ResultCode = 0x8004100C; PossibleCause = Unknown"
"6/1/2026 11:41:58 AM","5858","Error","Microsoft-Windows-WMI-Activity","Id = {00000000-0000-0000-0000-000000000000}; ClientMachine = DC; User = NT AUTHORITY\SYSTEM; ClientProcessId = 4008; Component = Unknown; Operation = Start IWbemServices::CreateInstanceEnum - root\wmi : MS_SM_AdapterInformationQuery; ResultCode = 0x8004100C; PossibleCause = Unknown"
"6/1/2026 11:41:58 AM","5857","Information","Microsoft-Windows-WMI-Activity","WMIProv provider started with result code 0x0. HostProcess = wmiprvse.exe; ProcessID = 5012; ProviderPath = %systemroot%\system32\wbem\wmiprov.dll"
"6/1/2026 11:41:57 AM","5857","Information","Microsoft-Windows-WMI-Activity","CIMWin32 provider started with result code 0x0. HostProcess = wmiprvse.exe; ProcessID = 4520; ProviderPath = %systemroot%\system32\wbem\cimwin32.dll"
"5/31/2026 6:00:23 PM","5858","Error","Microsoft-Windows-WMI-Activity","Id = {6AA699E1-F161-0000-229D-A66A61F1DC01}; ClientMachine = DC; User = NT AUTHORITY\SYSTEM; ClientProcessId = 5484; Component = Unknown; Operation = Start IWbemServices::ExecNotificationQuery - ROOT\CIMV2 : SELECT * FROM Win32_ProcessStartTrace WHERE ProcessName = 'wsmprovhost.exe'; ResultCode = 0x80041032; PossibleCause = Unknown"
"5/31/2026 5:58:49 PM","5858","Error","Microsoft-Windows-WMI-Activity","Id = {00000000-0000-0000-0000-000000000000}; ClientMachine = DC; User = NT AUTHORITY\SYSTEM; ClientProcessId = 7860; Component = Unknown; Operation = Start IWbemServices::ExecQuery - root\cimv2 : SELECT * FROM Win32_ComputerSystemProduct; ResultCode = 0x80041032; PossibleCause = Unknown"
"5/31/2026 5:58:10 PM","5857","Information","Microsoft-Windows-WMI-Activity","deploymentprovider provider started with result code 0x0. HostProcess = wmiprvse.exe; ProcessID = 1652; ProviderPath = %systemroot%\system32\wbem\ServerManager.DeploymentProvider.dll"
"5/31/2026 5:58:07 PM","5857","Information","Microsoft-Windows-WMI-Activity","nettcpip provider started with result code 0x0. HostProcess = wmiprvse.exe; ProcessID = 4716; ProviderPath = %systemroot%\system32\wbem\NetTCPIP.dll"
"5/31/2026 5:58:07 PM","5857","Information","Microsoft-Windows-WMI-Activity","NetAdapterCim provider started with result code 0x0. HostProcess = wmiprvse.exe; ProcessID = 6788; ProviderPath = %systemroot%\system32\wbem\NetAdapterCim.dll"
"5/31/2026 5:58:07 PM","5857","Information","Microsoft-Windows-WMI-Activity","mgmtprovider provider started with result code 0x0. HostProcess = wmiprvse.exe; ProcessID = 4716; ProviderPath = %systemroot%\system32\wbem\mgmtprovider.dll"
"5/31/2026 5:56:58 PM","5857","Information","Microsoft-Windows-WMI-Activity","MS_NT_EVENTLOG_PROVIDER provider started with result code 0x0. HostProcess = wmiprvse.exe; ProcessID = 4716; ProviderPath = %systemroot%\system32\wbem\ntevt.dll"
"5/31/2026 5:56:48 PM","5860","Information","Microsoft-Windows-WMI-Activity","Namespace = ROOT\CIMV2; NotificationQuery = SELECT * FROM Win32_ProcessStartTrace WHERE ProcessName = 'wsmprovhost.exe'; UserName = NT AUTHORITY\SYSTEM; ClientProcessID = 5484, ClientMachine = DC; PossibleCause = Temporary"
"5/31/2026 5:56:48 PM","5857","Information","Microsoft-Windows-WMI-Activity","WMI Kernel Trace Event Provider provider started with result code 0x0. HostProcess = wmiprvse.exe; ProcessID = 3220; ProviderPath = C:\Windows\System32\wbem\krnlprov.dll"
"5/31/2026 5:56:48 PM","5859","Information","Microsoft-Windows-WMI-Activity","Namespace = //./root/CIMV2; NotificationQuery = select * from MSFT_SCMEventLogEvent; OwnerName = S-1-5-32-544; HostProcessID = 3220;  Provider= SCM Event Provider, queryID = 0; PossibleCause = Permanent"
"5/31/2026 5:56:48 PM","5861","Information","Microsoft-Windows-WMI-Activity","Namespace = //./root/subscription; Eventfilter = SCM Event Log Filter (refer to its activate eventid:5859); Consumer = NTEventLogEventConsumer=""SCM Event Log Consumer""; PossibleCause = Binding EventFilter: 
instance of __EventFilter
{
	CreatorSID = {1, 2, 0, 0, 0, 0, 0, 5, 32, 0, 0, 0, 32, 2, 0, 0};
	EventNamespace = ""root\\cimv2"";
	Name = ""SCM Event Log Filter"";
	Query = ""select * from MSFT_SCMEventLogEvent"";
	QueryLanguage = ""WQL"";
};
Perm. Consumer: 
instance of NTEventLogEventConsumer
{
	Category = 0;
	CreatorSID = {1, 2, 0, 0, 0, 0, 0, 5, 32, 0, 0, 0, 32, 2, 0, 0};
	EventType = 1;
	Name = ""SCM Event Log Consumer"";
	NameOfUserSIDProperty = ""sid"";
	SourceName = ""Service Control Manager"";
};
"
"5/31/2026 5:56:39 PM","5858","Error","Microsoft-Windows-WMI-Activity","Id = {00000000-0000-0000-0000-000000000000}; ClientMachine = DC; User = NT AUTHORITY\NETWORK SERVICE; ClientProcessId = 5984; Component = Unknown; Operation = Start IWbemServices::ExecQuery - ROOT\CIMV2 : SELECT Manufacturer, Product FROM Win32_BaseBoard; ResultCode = 0x80041032; PossibleCause = Unknown"
"5/31/2026 5:56:39 PM","5857","Information","Microsoft-Windows-WMI-Activity","CIMWin32a provider started with result code 0x0. HostProcess = wmiprvse.exe; ProcessID = 4716; ProviderPath = %systemroot%\system32\wbem\wmipcima.dll"
"5/31/2026 5:56:38 PM","5857","Information","Microsoft-Windows-WMI-Activity","WmiPerfClass provider started with result code 0x0. HostProcess = wmiprvse.exe; ProcessID = 4276; ProviderPath = C:\Windows\System32\wbem\WmiPerfClass.dll"
"5/31/2026 5:56:19 PM","5858","Error","Microsoft-Windows-WMI-Activity","Id = {00000000-0000-0000-0000-000000000000}; ClientMachine = DC; User = NT AUTHORITY\SYSTEM; ClientProcessId = 4060; Component = Unknown; Operation = Start IWbemServices::CreateInstanceEnum - root\wmi : MSiSCSI_PortalInfoClass; ResultCode = 0x8004100C; PossibleCause = Unknown"
"5/31/2026 5:56:19 PM","5858","Error","Microsoft-Windows-WMI-Activity","Id = {00000000-0000-0000-0000-000000000000}; ClientMachine = DC; User = NT AUTHORITY\SYSTEM; ClientProcessId = 4060; Component = Unknown; Operation = Start IWbemServices::CreateInstanceEnum - root\wmi : MS_SM_AdapterInformationQuery; ResultCode = 0x8004100C; PossibleCause = Unknown"
"5/31/2026 5:56:19 PM","5857","Information","Microsoft-Windows-WMI-Activity","WMIProv provider started with result code 0x0. HostProcess = wmiprvse.exe; ProcessID = 4276; ProviderPath = %systemroot%\system32\wbem\wmiprov.dll"
"5/31/2026 5:56:18 PM","5857","Information","Microsoft-Windows-WMI-Activity","CIMWin32 provider started with result code 0x0. HostProcess = wmiprvse.exe; ProcessID = 4716; ProviderPath = %systemroot%\system32\wbem\cimwin32.dll"
"5/29/2026 12:32:11 PM","5858","Error","Microsoft-Windows-WMI-Activity","Id = {18D87D35-EFA1-0003-4E84-D818A1EFDC01}; ClientMachine = DC; User = NT AUTHORITY\SYSTEM; ClientProcessId = 4368; Component = Unknown; Operation = Start IWbemServices::ExecNotificationQuery - ROOT\CIMV2 : SELECT * FROM Win32_ProcessStartTrace WHERE ProcessName = 'wsmprovhost.exe'; ResultCode = 0x80041032; PossibleCause = Unknown"
"5/29/2026 12:32:00 PM","5858","Error","Microsoft-Windows-WMI-Activity","Id = {00000000-0000-0000-0000-000000000000}; ClientMachine = DC; User = NT AUTHORITY\SYSTEM; ClientProcessId = 7524; Component = Unknown; Operation = Start IWbemServices::ExecQuery - root\Microsoft\Windows\DeliveryOptimization : SELECT DownloadMode, DownloadModeProvider FROM MSFT_DeliveryOptimizationConfig; ResultCode = 0x80041032; PossibleCause = Unknown"
"5/29/2026 12:32:00 PM","5857","Information","Microsoft-Windows-WMI-Activity","DeliveryOptimizationMIProv provider started with result code 0x0. HostProcess = wmiprvse.exe; ProcessID = 4684; ProviderPath = %SystemRoot%\system32\domgmt.dll"
"5/29/2026 12:32:00 PM","5858","Error","Microsoft-Windows-WMI-Activity","Id = {00000000-0000-0000-0000-000000000000}; ClientMachine = DC; User = NT AUTHORITY\SYSTEM; ClientProcessId = 7524; Component = Unknown; Operation = Start IWbemServices::ExecQuery - root\Microsoft\Windows\DeviceGuard : SELECT SecurityServicesConfigured FROM Win32_DeviceGuard ; ResultCode = 0x80041032; PossibleCause = Unknown"
"5/29/2026 12:32:00 PM","5857","Information","Microsoft-Windows-WMI-Activity","Win32_DeviceGuard provider started with result code 0x0. HostProcess = wmiprvse.exe; ProcessID = 4684; ProviderPath = %SystemRoot%\System32\Win32_DeviceGuard.dll"
"5/29/2026 12:32:00 PM","5857","Information","Microsoft-Windows-WMI-Activity","Win32_TpmProvider provider started with result code 0x0. HostProcess = wmiprvse.exe; ProcessID = 4684; ProviderPath = C:\Windows\System32\wbem\Win32_TPM.dll"
"5/29/2026 12:32:00 PM","5858","Error","Microsoft-Windows-WMI-Activity","Id = {00000000-0000-0000-0000-000000000000}; ClientMachine = DC; User = NT AUTHORITY\SYSTEM; ClientProcessId = 7524; Component = Unknown; Operation = Start IWbemServices::ExecQuery - ROOT\CCM : select ClientId from CCM_Client; ResultCode = 0x80041010; PossibleCause = Unknown"
"5/29/2026 12:32:00 PM","5857","Information","Microsoft-Windows-WMI-Activity","deploymentprovider provider started with result code 0x0. HostProcess = wmiprvse.exe; ProcessID = 5156; ProviderPath = %systemroot%\system32\wbem\ServerManager.DeploymentProvider.dll"
"5/29/2026 12:32:00 PM","5857","Information","Microsoft-Windows-WMI-Activity","ServerFeatureProvider provider started with result code 0x0. HostProcess = wmiprvse.exe; ProcessID = 4684; ProviderPath = %windir%\system32\wbem\servercompprov.dll"
"5/29/2026 12:29:40 PM","5858","Error","Microsoft-Windows-WMI-Activity","Id = {00000000-0000-0000-0000-000000000000}; ClientMachine = DC; User = NT AUTHORITY\SYSTEM; ClientProcessId = 8100; Component = Unknown; Operation = Start IWbemServices::ExecQuery - root\cimv2 : SELECT * FROM Win32_Processor; ResultCode = 0x80041032; PossibleCause = Unknown"
"5/29/2026 12:29:38 PM","5858","Error","Microsoft-Windows-WMI-Activity","Id = {00000000-0000-0000-0000-000000000000}; ClientMachine = DC; User = NT AUTHORITY\SYSTEM; ClientProcessId = 8100; Component = Unknown; Operation = Start IWbemServices::ExecQuery - root\cimv2 : SELECT * FROM Win32_ComputerSystem; ResultCode = 0x80041032; PossibleCause = Unknown"
"5/29/2026 12:28:16 PM","5857","Information","Microsoft-Windows-WMI-Activity","deploymentprovider provider started with result code 0x0. HostProcess = wmiprvse.exe; ProcessID = 7412; ProviderPath = %systemroot%\system32\wbem\ServerManager.DeploymentProvider.dll"
"5/29/2026 12:28:13 PM","5857","Information","Microsoft-Windows-WMI-Activity","nettcpip provider started with result code 0x0. HostProcess = wmiprvse.exe; ProcessID = 4684; ProviderPath = %systemroot%\system32\wbem\NetTCPIP.dll"
"5/29/2026 12:28:13 PM","5857","Information","Microsoft-Windows-WMI-Activity","NetAdapterCim provider started with result code 0x0. HostProcess = wmiprvse.exe; ProcessID = 5540; ProviderPath = %systemroot%\system32\wbem\NetAdapterCim.dll"
"5/29/2026 12:28:13 PM","5857","Information","Microsoft-Windows-WMI-Activity","mgmtprovider provider started with result code 0x0. HostProcess = wmiprvse.exe; ProcessID = 4684; ProviderPath = %systemroot%\system32\wbem\mgmtprovider.dll"
"5/29/2026 12:27:59 PM","5858","Error","Microsoft-Windows-WMI-Activity","Id = {00000000-0000-0000-0000-000000000000}; ClientMachine = DC; User = NT AUTHORITY\NETWORK SERVICE; ClientProcessId = 1248; Component = Unknown; Operation = Start IWbemServices::ExecQuery - ROOT\CIMV2 : SELECT Manufacturer, Product FROM Win32_BaseBoard; ResultCode = 0x80041032; PossibleCause = Unknown"
"5/29/2026 12:27:59 PM","5857","Information","Microsoft-Windows-WMI-Activity","CIMWin32a provider started with result code 0x0. HostProcess = wmiprvse.exe; ProcessID = 4684; ProviderPath = %systemroot%\system32\wbem\wmipcima.dll"
"5/29/2026 12:27:48 PM","5857","Information","Microsoft-Windows-WMI-Activity","MS_NT_EVENTLOG_PROVIDER provider started with result code 0x0. HostProcess = wmiprvse.exe; ProcessID = 4684; ProviderPath = %systemroot%\system32\wbem\ntevt.dll"
"5/29/2026 12:27:38 PM","5860","Information","Microsoft-Windows-WMI-Activity","Namespace = ROOT\CIMV2; NotificationQuery = SELECT * FROM Win32_ProcessStartTrace WHERE ProcessName = 'wsmprovhost.exe'; UserName = NT AUTHORITY\SYSTEM; ClientProcessID = 4368, ClientMachine = DC; PossibleCause = Temporary"
"5/29/2026 12:27:38 PM","5857","Information","Microsoft-Windows-WMI-Activity","WMI Kernel Trace Event Provider provider started with result code 0x0. HostProcess = wmiprvse.exe; ProcessID = 3296; ProviderPath = C:\Windows\System32\wbem\krnlprov.dll"
"5/29/2026 12:27:38 PM","5859","Information","Microsoft-Windows-WMI-Activity","Namespace = //./root/CIMV2; NotificationQuery = select * from MSFT_SCMEventLogEvent; OwnerName = S-1-5-32-544; HostProcessID = 3296;  Provider= SCM Event Provider, queryID = 0; PossibleCause = Permanent"
"5/29/2026 12:27:38 PM","5861","Information","Microsoft-Windows-WMI-Activity","Namespace = //./root/subscription; Eventfilter = SCM Event Log Filter (refer to its activate eventid:5859); Consumer = NTEventLogEventConsumer=""SCM Event Log Consumer""; PossibleCause = Binding EventFilter: 
instance of __EventFilter
{
	CreatorSID = {1, 2, 0, 0, 0, 0, 0, 5, 32, 0, 0, 0, 32, 2, 0, 0};
	EventNamespace = ""root\\cimv2"";
	Name = ""SCM Event Log Filter"";
	Query = ""select * from MSFT_SCMEventLogEvent"";
	QueryLanguage = ""WQL"";
};
Perm. Consumer: 
instance of NTEventLogEventConsumer
{
	Category = 0;
	CreatorSID = {1, 2, 0, 0, 0, 0, 0, 5, 32, 0, 0, 0, 32, 2, 0, 0};
	EventType = 1;
	Name = ""SCM Event Log Consumer"";
	NameOfUserSIDProperty = ""sid"";
	SourceName = ""Service Control Manager"";
};
"
"5/29/2026 12:27:28 PM","5857","Information","Microsoft-Windows-WMI-Activity","WmiPerfClass provider started with result code 0x0. HostProcess = wmiprvse.exe; ProcessID = 5088; ProviderPath = C:\Windows\System32\wbem\WmiPerfClass.dll"
"5/29/2026 12:27:09 PM","5858","Error","Microsoft-Windows-WMI-Activity","Id = {00000000-0000-0000-0000-000000000000}; ClientMachine = DC; User = NT AUTHORITY\SYSTEM; ClientProcessId = 3380; Component = Unknown; Operation = Start IWbemServices::CreateInstanceEnum - root\wmi : MSiSCSI_PortalInfoClass; ResultCode = 0x8004100C; PossibleCause = Unknown"
"5/29/2026 12:27:09 PM","5858","Error","Microsoft-Windows-WMI-Activity","Id = {00000000-0000-0000-0000-000000000000}; ClientMachine = DC; User = NT AUTHORITY\SYSTEM; ClientProcessId = 3380; Component = Unknown; Operation = Start IWbemServices::CreateInstanceEnum - root\wmi : MS_SM_AdapterInformationQuery; ResultCode = 0x8004100C; PossibleCause = Unknown"
"5/29/2026 12:27:09 PM","5857","Information","Microsoft-Windows-WMI-Activity","WMIProv provider started with result code 0x0. HostProcess = wmiprvse.exe; ProcessID = 5088; ProviderPath = %systemroot%\system32\wbem\wmiprov.dll"
"5/29/2026 12:27:08 PM","5857","Information","Microsoft-Windows-WMI-Activity","CIMWin32 provider started with result code 0x0. HostProcess = wmiprvse.exe; ProcessID = 4684; ProviderPath = %systemroot%\system32\wbem\cimwin32.dll"
"5/26/2026 7:22:44 AM","5857","Information","Microsoft-Windows-WMI-Activity","deploymentprovider provider started with result code 0x0. HostProcess = wmiprvse.exe; ProcessID = 6560; ProviderPath = %systemroot%\system32\wbem\ServerManager.DeploymentProvider.dll"
"5/26/2026 7:21:16 AM","5857","Information","Microsoft-Windows-WMI-Activity","deploymentprovider provider started with result code 0x0. HostProcess = wmiprvse.exe; ProcessID = 7708; ProviderPath = %systemroot%\system32\wbem\ServerManager.DeploymentProvider.dll"
"5/26/2026 7:21:13 AM","5857","Information","Microsoft-Windows-WMI-Activity","nettcpip provider started with result code 0x0. HostProcess = wmiprvse.exe; ProcessID = 4612; ProviderPath = %systemroot%\system32\wbem\NetTCPIP.dll"
"5/26/2026 7:21:13 AM","5857","Information","Microsoft-Windows-WMI-Activity","NetAdapterCim provider started with result code 0x0. HostProcess = wmiprvse.exe; ProcessID = 7324; ProviderPath = %systemroot%\system32\wbem\NetAdapterCim.dll"
"5/26/2026 7:21:13 AM","5857","Information","Microsoft-Windows-WMI-Activity","mgmtprovider provider started with result code 0x0. HostProcess = wmiprvse.exe; ProcessID = 4612; ProviderPath = %systemroot%\system32\wbem\mgmtprovider.dll"
"5/26/2026 7:20:34 AM","5858","Error","Microsoft-Windows-WMI-Activity","Id = {4EE4602E-ED19-0003-2863-E44E19EDDC01}; ClientMachine = DC; User = NT AUTHORITY\SYSTEM; ClientProcessId = 4192; Component = Unknown; Operation = Start IWbemServices::ExecNotificationQuery - ROOT\CIMV2 : SELECT * FROM Win32_ProcessStartTrace WHERE ProcessName = 'wsmprovhost.exe'; ResultCode = 0x80041032; PossibleCause = Unknown"
"5/26/2026 7:19:48 AM","5857","Information","Microsoft-Windows-WMI-Activity","DeliveryOptimizationMIProv provider started with result code 0x0. HostProcess = wmiprvse.exe; ProcessID = 4612; ProviderPath = %SystemRoot%\system32\domgmt.dll"
"5/26/2026 7:19:48 AM","5857","Information","Microsoft-Windows-WMI-Activity","Win32_DeviceGuard provider started with result code 0x0. HostProcess = wmiprvse.exe; ProcessID = 4612; ProviderPath = %SystemRoot%\System32\Win32_DeviceGuard.dll"
"5/26/2026 7:19:47 AM","5857","Information","Microsoft-Windows-WMI-Activity","Win32_TpmProvider provider started with result code 0x0. HostProcess = wmiprvse.exe; ProcessID = 4612; ProviderPath = C:\Windows\System32\wbem\Win32_TPM.dll"
"5/26/2026 7:19:47 AM","5858","Error","Microsoft-Windows-WMI-Activity","Id = {00000000-0000-0000-0000-000000000000}; ClientMachine = DC; User = NT AUTHORITY\SYSTEM; ClientProcessId = 1504; Component = Unknown; Operation = Start IWbemServices::ExecQuery - ROOT\CCM : select ClientId from CCM_Client; ResultCode = 0x80041010; PossibleCause = Unknown"
"5/26/2026 7:19:47 AM","5857","Information","Microsoft-Windows-WMI-Activity","deploymentprovider provider started with result code 0x0. HostProcess = wmiprvse.exe; ProcessID = 7708; ProviderPath = %systemroot%\system32\wbem\ServerManager.DeploymentProvider.dll"
"5/26/2026 7:19:47 AM","5857","Information","Microsoft-Windows-WMI-Activity","ServerFeatureProvider provider started with result code 0x0. HostProcess = wmiprvse.exe; ProcessID = 4612; ProviderPath = %windir%\system32\wbem\servercompprov.dll"
"5/26/2026 7:18:34 AM","5857","Information","Microsoft-Windows-WMI-Activity","WMIProv provider started with result code 0x0. HostProcess = wmiprvse.exe; ProcessID = 5068; ProviderPath = %systemroot%\system32\wbem\wmiprov.dll"
"5/26/2026 7:12:37 AM","5858","Error","Microsoft-Windows-WMI-Activity","Id = {00000000-0000-0000-0000-000000000000}; ClientMachine = DC; User = NT AUTHORITY\SYSTEM; ClientProcessId = 404; Component = Unknown; Operation = Start IWbemServices::ExecQuery - root\cimv2 : SELECT * FROM Win32_ComputerSystem; ResultCode = 0x80041032; PossibleCause = Unknown"
"5/26/2026 7:12:34 AM","5858","Error","Microsoft-Windows-WMI-Activity","Id = {00000000-0000-0000-0000-000000000000}; ClientMachine = DC; User = NT AUTHORITY\SYSTEM; ClientProcessId = 404; Component = Unknown; Operation = Start IWbemServices::ExecQuery - root\cimv2 : SELECT * FROM Win32_OperatingSystem; ResultCode = 0x80041032; PossibleCause = Unknown"
"5/26/2026 7:11:16 AM","5857","Information","Microsoft-Windows-WMI-Activity","deploymentprovider provider started with result code 0x0. HostProcess = wmiprvse.exe; ProcessID = 5896; ProviderPath = %systemroot%\system32\wbem\ServerManager.DeploymentProvider.dll"
"5/26/2026 7:11:13 AM","5857","Information","Microsoft-Windows-WMI-Activity","nettcpip provider started with result code 0x0. HostProcess = wmiprvse.exe; ProcessID = 4612; ProviderPath = %systemroot%\system32\wbem\NetTCPIP.dll"
"5/26/2026 7:11:13 AM","5857","Information","Microsoft-Windows-WMI-Activity","NetAdapterCim provider started with result code 0x0. HostProcess = wmiprvse.exe; ProcessID = 5320; ProviderPath = %systemroot%\system32\wbem\NetAdapterCim.dll"
"5/26/2026 7:11:13 AM","5857","Information","Microsoft-Windows-WMI-Activity","mgmtprovider provider started with result code 0x0. HostProcess = wmiprvse.exe; ProcessID = 4612; ProviderPath = %systemroot%\system32\wbem\mgmtprovider.dll"
"5/26/2026 7:10:56 AM","5858","Error","Microsoft-Windows-WMI-Activity","Id = {00000000-0000-0000-0000-000000000000}; ClientMachine = DC; User = NT AUTHORITY\NETWORK SERVICE; ClientProcessId = 2624; Component = Unknown; Operation = Start IWbemServices::ExecQuery - ROOT\CIMV2 : SELECT Manufacturer, Product FROM Win32_BaseBoard; ResultCode = 0x80041032; PossibleCause = Unknown"
"5/26/2026 7:10:56 AM","5857","Information","Microsoft-Windows-WMI-Activity","CIMWin32a provider started with result code 0x0. HostProcess = wmiprvse.exe; ProcessID = 4612; ProviderPath = %systemroot%\system32\wbem\wmipcima.dll"
"5/26/2026 7:10:44 AM","5857","Information","Microsoft-Windows-WMI-Activity","MS_NT_EVENTLOG_PROVIDER provider started with result code 0x0. HostProcess = wmiprvse.exe; ProcessID = 4612; ProviderPath = %systemroot%\system32\wbem\ntevt.dll"
"5/26/2026 7:10:34 AM","5860","Information","Microsoft-Windows-WMI-Activity","Namespace = ROOT\CIMV2; NotificationQuery = SELECT * FROM Win32_ProcessStartTrace WHERE ProcessName = 'wsmprovhost.exe'; UserName = NT AUTHORITY\SYSTEM; ClientProcessID = 4192, ClientMachine = DC; PossibleCause = Temporary"
"5/26/2026 7:10:34 AM","5857","Information","Microsoft-Windows-WMI-Activity","WMI Kernel Trace Event Provider provider started with result code 0x0. HostProcess = wmiprvse.exe; ProcessID = 3208; ProviderPath = C:\Windows\System32\wbem\krnlprov.dll"
"5/26/2026 7:10:34 AM","5859","Information","Microsoft-Windows-WMI-Activity","Namespace = //./root/CIMV2; NotificationQuery = select * from MSFT_SCMEventLogEvent; OwnerName = S-1-5-32-544; HostProcessID = 3208;  Provider= SCM Event Provider, queryID = 0; PossibleCause = Permanent"
"5/26/2026 7:10:34 AM","5861","Information","Microsoft-Windows-WMI-Activity","Namespace = //./root/subscription; Eventfilter = SCM Event Log Filter (refer to its activate eventid:5859); Consumer = NTEventLogEventConsumer=""SCM Event Log Consumer""; PossibleCause = Binding EventFilter: 
instance of __EventFilter
{
	CreatorSID = {1, 2, 0, 0, 0, 0, 0, 5, 32, 0, 0, 0, 32, 2, 0, 0};
	EventNamespace = ""root\\cimv2"";
	Name = ""SCM Event Log Filter"";
	Query = ""select * from MSFT_SCMEventLogEvent"";
	QueryLanguage = ""WQL"";
};
Perm. Consumer: 
instance of NTEventLogEventConsumer
{
	Category = 0;
	CreatorSID = {1, 2, 0, 0, 0, 0, 0, 5, 32, 0, 0, 0, 32, 2, 0, 0};
	EventType = 1;
	Name = ""SCM Event Log Consumer"";
	NameOfUserSIDProperty = ""sid"";
	SourceName = ""Service Control Manager"";
};
"
"5/26/2026 7:10:24 AM","5857","Information","Microsoft-Windows-WMI-Activity","WmiPerfClass provider started with result code 0x0. HostProcess = wmiprvse.exe; ProcessID = 5068; ProviderPath = C:\Windows\System32\wbem\WmiPerfClass.dll"
"5/26/2026 7:10:05 AM","5858","Error","Microsoft-Windows-WMI-Activity","Id = {00000000-0000-0000-0000-000000000000}; ClientMachine = DC; User = NT AUTHORITY\SYSTEM; ClientProcessId = 4040; Component = Unknown; Operation = Start IWbemServices::CreateInstanceEnum - root\wmi : MSiSCSI_PortalInfoClass; ResultCode = 0x8004100C; PossibleCause = Unknown"
"5/26/2026 7:10:05 AM","5858","Error","Microsoft-Windows-WMI-Activity","Id = {00000000-0000-0000-0000-000000000000}; ClientMachine = DC; User = NT AUTHORITY\SYSTEM; ClientProcessId = 4040; Component = Unknown; Operation = Start IWbemServices::CreateInstanceEnum - root\wmi : MS_SM_AdapterInformationQuery; ResultCode = 0x8004100C; PossibleCause = Unknown"
"5/26/2026 7:10:05 AM","5857","Information","Microsoft-Windows-WMI-Activity","WMIProv provider started with result code 0x0. HostProcess = wmiprvse.exe; ProcessID = 5068; ProviderPath = %systemroot%\system32\wbem\wmiprov.dll"
"5/26/2026 7:10:04 AM","5857","Information","Microsoft-Windows-WMI-Activity","CIMWin32 provider started with result code 0x0. HostProcess = wmiprvse.exe; ProcessID = 4612; ProviderPath = %systemroot%\system32\wbem\cimwin32.dll"
"5/25/2026 8:52:16 AM","5857","Information","Microsoft-Windows-WMI-Activity","deploymentprovider provider started with result code 0x0. HostProcess = wmiprvse.exe; ProcessID = 7544; ProviderPath = %systemroot%\system32\wbem\ServerManager.DeploymentProvider.dll"
"5/25/2026 8:52:13 AM","5857","Information","Microsoft-Windows-WMI-Activity","nettcpip provider started with result code 0x0. HostProcess = wmiprvse.exe; ProcessID = 4572; ProviderPath = %systemroot%\system32\wbem\NetTCPIP.dll"
"5/25/2026 8:52:13 AM","5857","Information","Microsoft-Windows-WMI-Activity","NetAdapterCim provider started with result code 0x0. HostProcess = wmiprvse.exe; ProcessID = 2212; ProviderPath = %systemroot%\system32\wbem\NetAdapterCim.dll"
"5/25/2026 8:52:13 AM","5857","Information","Microsoft-Windows-WMI-Activity","mgmtprovider provider started with result code 0x0. HostProcess = wmiprvse.exe; ProcessID = 4572; ProviderPath = %systemroot%\system32\wbem\mgmtprovider.dll"
"5/25/2026 8:42:16 AM","5857","Information","Microsoft-Windows-WMI-Activity","deploymentprovider provider started with result code 0x0. HostProcess = wmiprvse.exe; ProcessID = 1288; ProviderPath = %systemroot%\system32\wbem\ServerManager.DeploymentProvider.dll"
"5/25/2026 8:42:13 AM","5857","Information","Microsoft-Windows-WMI-Activity","nettcpip provider started with result code 0x0. HostProcess = wmiprvse.exe; ProcessID = 4572; ProviderPath = %systemroot%\system32\wbem\NetTCPIP.dll"
"5/25/2026 8:42:13 AM","5857","Information","Microsoft-Windows-WMI-Activity","NetAdapterCim provider started with result code 0x0. HostProcess = wmiprvse.exe; ProcessID = 1236; ProviderPath = %systemroot%\system32\wbem\NetAdapterCim.dll"
"5/25/2026 8:42:13 AM","5857","Information","Microsoft-Windows-WMI-Activity","mgmtprovider provider started with result code 0x0. HostProcess = wmiprvse.exe; ProcessID = 4572; ProviderPath = %systemroot%\system32\wbem\mgmtprovider.dll"
"5/25/2026 8:32:16 AM","5857","Information","Microsoft-Windows-WMI-Activity","deploymentprovider provider started with result code 0x0. HostProcess = wmiprvse.exe; ProcessID = 724; ProviderPath = %systemroot%\system32\wbem\ServerManager.DeploymentProvider.dll"
"5/25/2026 8:32:14 AM","5857","Information","Microsoft-Windows-WMI-Activity","nettcpip provider started with result code 0x0. HostProcess = wmiprvse.exe; ProcessID = 4572; ProviderPath = %systemroot%\system32\wbem\NetTCPIP.dll"
"5/25/2026 8:32:13 AM","5857","Information","Microsoft-Windows-WMI-Activity","NetAdapterCim provider started with result code 0x0. HostProcess = wmiprvse.exe; ProcessID = 1812; ProviderPath = %systemroot%\system32\wbem\NetAdapterCim.dll"
"5/25/2026 8:32:13 AM","5857","Information","Microsoft-Windows-WMI-Activity","mgmtprovider provider started with result code 0x0. HostProcess = wmiprvse.exe; ProcessID = 4572; ProviderPath = %systemroot%\system32\wbem\mgmtprovider.dll"
"5/25/2026 8:22:16 AM","5857","Information","Microsoft-Windows-WMI-Activity","deploymentprovider provider started with result code 0x0. HostProcess = wmiprvse.exe; ProcessID = 3212; ProviderPath = %systemroot%\system32\wbem\ServerManager.DeploymentProvider.dll"
"5/25/2026 8:22:13 AM","5857","Information","Microsoft-Windows-WMI-Activity","nettcpip provider started with result code 0x0. HostProcess = wmiprvse.exe; ProcessID = 4572; ProviderPath = %systemroot%\system32\wbem\NetTCPIP.dll"
"5/25/2026 8:22:13 AM","5857","Information","Microsoft-Windows-WMI-Activity","NetAdapterCim provider started with result code 0x0. HostProcess = wmiprvse.exe; ProcessID = 600; ProviderPath = %systemroot%\system32\wbem\NetAdapterCim.dll"
"5/25/2026 8:22:13 AM","5857","Information","Microsoft-Windows-WMI-Activity","mgmtprovider provider started with result code 0x0. HostProcess = wmiprvse.exe; ProcessID = 4572; ProviderPath = %systemroot%\system32\wbem\mgmtprovider.dll"
"5/25/2026 8:12:16 AM","5857","Information","Microsoft-Windows-WMI-Activity","deploymentprovider provider started with result code 0x0. HostProcess = wmiprvse.exe; ProcessID = 4568; ProviderPath = %systemroot%\system32\wbem\ServerManager.DeploymentProvider.dll"
"5/25/2026 8:12:13 AM","5857","Information","Microsoft-Windows-WMI-Activity","nettcpip provider started with result code 0x0. HostProcess = wmiprvse.exe; ProcessID = 4572; ProviderPath = %systemroot%\system32\wbem\NetTCPIP.dll"
"5/25/2026 8:12:13 AM","5857","Information","Microsoft-Windows-WMI-Activity","NetAdapterCim provider started with result code 0x0. HostProcess = wmiprvse.exe; ProcessID = 6928; ProviderPath = %systemroot%\system32\wbem\NetAdapterCim.dll"
"5/25/2026 8:12:13 AM","5857","Information","Microsoft-Windows-WMI-Activity","mgmtprovider provider started with result code 0x0. HostProcess = wmiprvse.exe; ProcessID = 4572; ProviderPath = %systemroot%\system32\wbem\mgmtprovider.dll"
"5/25/2026 8:05:57 AM","5858","Error","Microsoft-Windows-WMI-Activity","Id = {00000000-0000-0000-0000-000000000000}; ClientMachine = DC; User = NT AUTHORITY\SYSTEM; ClientProcessId = 5076; Component = Unknown; Operation = Start IWbemServices::ExecQuery - ROOT\CIMV2 : SELECT State FROM Win32_Service; ResultCode = 0x80041032; PossibleCause = Unknown"
"5/25/2026 8:05:55 AM","5858","Error","Microsoft-Windows-WMI-Activity","Id = {00000000-0000-0000-0000-000000000000}; ClientMachine = DC; User = NT AUTHORITY\SYSTEM; ClientProcessId = 5076; Component = Unknown; Operation = Start IWbemServices::ExecQuery - root\directory\LDAP : SELECT DS_msDFSR_Flags FROM DS_msDFSR_GlobalSettings; ResultCode = 0x80041032; PossibleCause = Unknown"
"5/25/2026 8:05:55 AM","5857","Information","Microsoft-Windows-WMI-Activity","Microsoft|DSLDAPInstanceProvider|V1.0 provider started with result code 0x0. HostProcess = wmiprvse.exe; ProcessID = 4572; ProviderPath = %systemroot%\system32\wbem\dsprov.dll"
"5/25/2026 8:05:55 AM","5857","Information","Microsoft-Windows-WMI-Activity","Microsoft|DSLDAPClassProvider|V1.0 provider started with result code 0x0. HostProcess = wmiprvse.exe; ProcessID = 4572; ProviderPath = %systemroot%\system32\wbem\dsprov.dll"
"5/25/2026 8:05:46 AM","5857","Information","Microsoft-Windows-WMI-Activity","Win32_WIN32_TERMINALSERVICE_Prov provider started with result code 0x0. HostProcess = wmiprvse.exe; ProcessID = 4572; ProviderPath = %SystemRoot%\system32\tscfgwmi.dll"
"5/25/2026 8:05:46 AM","5858","Error","Microsoft-Windows-WMI-Activity","Id = {00000000-0000-0000-0000-000000000000}; ClientMachine = DC; User = NT AUTHORITY\SYSTEM; ClientProcessId = 6600; Component = Unknown; Operation = Start IWbemServices::ExecQuery - ROOT\WMI : SELECT * FROM BatteryStaticData; ResultCode = 0x80041010; PossibleCause = Unknown"
"5/25/2026 8:05:46 AM","5858","Error","Microsoft-Windows-WMI-Activity","Id = {00000000-0000-0000-0000-000000000000}; ClientMachine = DC; User = NT AUTHORITY\SYSTEM; ClientProcessId = 6600; Component = Unknown; Operation = Start IWbemServices::ExecQuery - ROOT\WMI : SELECT * FROM BatteryFullChargedCapacity; ResultCode = 0x80041010; PossibleCause = Unknown"
"5/25/2026 8:05:46 AM","5857","Information","Microsoft-Windows-WMI-Activity","WMIProv provider started with result code 0x0. HostProcess = wmiprvse.exe; ProcessID = 4944; ProviderPath = %systemroot%\system32\wbem\wmiprov.dll"
"5/25/2026 8:05:46 AM","5857","Information","Microsoft-Windows-WMI-Activity","PowerWmiProvider provider started with result code 0x0. HostProcess = wmiprvse.exe; ProcessID = 7104; ProviderPath = %systemroot%\system32\umpowmi.dll"
"5/25/2026 8:05:45 AM","5858","Error","Microsoft-Windows-WMI-Activity","Id = {00000000-0000-0000-0000-000000000000}; ClientMachine = DC; User = NT AUTHORITY\SYSTEM; ClientProcessId = 6600; Component = Unknown; Operation = Start IWbemServices::ExecQuery - ROOT\MICROSOFT\WINDOWS\STORAGE : SELECT MediaType, BusType FROM MSFT_PhysicalDisk WHERE SerialNumber = '0C40_8FF3_8B90_5F18_000C_296C_2AEC_3952.'; ResultCode = 0x80041032; PossibleCause = Unknown"
"5/25/2026 8:05:45 AM","5857","Information","Microsoft-Windows-WMI-Activity","StorageWMI provider started with result code 0x0. HostProcess = wmiprvse.exe; ProcessID = 4572; ProviderPath = %SystemRoot%\System32\storagewmi.dll"
"5/25/2026 8:05:45 AM","5857","Information","Microsoft-Windows-WMI-Activity","MSVDS__PROVIDER provider started with result code 0x0. HostProcess = wmiprvse.exe; ProcessID = 4572; ProviderPath = %systemroot%\system32\wbem\vdswmi.dll"
"5/25/2026 8:05:42 AM","5857","Information","Microsoft-Windows-WMI-Activity","CIMWin32a provider started with result code 0x0. HostProcess = wmiprvse.exe; ProcessID = 4572; ProviderPath = %systemroot%\system32\wbem\wmipcima.dll"
"5/25/2026 8:02:16 AM","5857","Information","Microsoft-Windows-WMI-Activity","deploymentprovider provider started with result code 0x0. HostProcess = wmiprvse.exe; ProcessID = 8012; ProviderPath = %systemroot%\system32\wbem\ServerManager.DeploymentProvider.dll"
"5/25/2026 8:02:13 AM","5857","Information","Microsoft-Windows-WMI-Activity","nettcpip provider started with result code 0x0. HostProcess = wmiprvse.exe; ProcessID = 4572; ProviderPath = %systemroot%\system32\wbem\NetTCPIP.dll"
"5/25/2026 8:02:13 AM","5857","Information","Microsoft-Windows-WMI-Activity","NetAdapterCim provider started with result code 0x0. HostProcess = wmiprvse.exe; ProcessID = 1344; ProviderPath = %systemroot%\system32\wbem\NetAdapterCim.dll"
"5/25/2026 8:02:13 AM","5857","Information","Microsoft-Windows-WMI-Activity","mgmtprovider provider started with result code 0x0. HostProcess = wmiprvse.exe; ProcessID = 4572; ProviderPath = %systemroot%\system32\wbem\mgmtprovider.dll"
"5/25/2026 7:52:16 AM","5857","Information","Microsoft-Windows-WMI-Activity","deploymentprovider provider started with result code 0x0. HostProcess = wmiprvse.exe; ProcessID = 5944; ProviderPath = %systemroot%\system32\wbem\ServerManager.DeploymentProvider.dll"
"5/25/2026 7:52:13 AM","5857","Information","Microsoft-Windows-WMI-Activity","nettcpip provider started with result code 0x0. HostProcess = wmiprvse.exe; ProcessID = 4572; ProviderPath = %systemroot%\system32\wbem\NetTCPIP.dll"
"5/25/2026 7:52:13 AM","5857","Information","Microsoft-Windows-WMI-Activity","NetAdapterCim provider started with result code 0x0. HostProcess = wmiprvse.exe; ProcessID = 4976; ProviderPath = %systemroot%\system32\wbem\NetAdapterCim.dll"
"5/25/2026 7:52:13 AM","5857","Information","Microsoft-Windows-WMI-Activity","mgmtprovider provider started with result code 0x0. HostProcess = wmiprvse.exe; ProcessID = 4572; ProviderPath = %systemroot%\system32\wbem\mgmtprovider.dll"
"5/25/2026 7:51:03 AM","5858","Error","Microsoft-Windows-WMI-Activity","Id = {669A56E9-EC54-0001-DB58-9A6654ECDC01}; ClientMachine = DC; User = NT AUTHORITY\SYSTEM; ClientProcessId = 6060; Component = Unknown; Operation = Start IWbemServices::ExecNotificationQuery - ROOT\CIMV2 : SELECT * FROM Win32_ProcessStartTrace WHERE ProcessName = 'wsmprovhost.exe'; ResultCode = 0x80041032; PossibleCause = Unknown"
"5/25/2026 7:45:51 AM","5857","Information","Microsoft-Windows-WMI-Activity","DeliveryOptimizationMIProv provider started with result code 0x0. HostProcess = wmiprvse.exe; ProcessID = 4572; ProviderPath = %SystemRoot%\system32\domgmt.dll"
"5/25/2026 7:45:51 AM","5857","Information","Microsoft-Windows-WMI-Activity","Win32_DeviceGuard provider started with result code 0x0. HostProcess = wmiprvse.exe; ProcessID = 4572; ProviderPath = %SystemRoot%\System32\Win32_DeviceGuard.dll"
"5/25/2026 7:45:50 AM","5857","Information","Microsoft-Windows-WMI-Activity","Win32_TpmProvider provider started with result code 0x0. HostProcess = wmiprvse.exe; ProcessID = 4572; ProviderPath = C:\Windows\System32\wbem\Win32_TPM.dll"
"5/25/2026 7:45:50 AM","5858","Error","Microsoft-Windows-WMI-Activity","Id = {00000000-0000-0000-0000-000000000000}; ClientMachine = DC; User = NT AUTHORITY\SYSTEM; ClientProcessId = 1660; Component = Unknown; Operation = Start IWbemServices::ExecQuery - ROOT\CCM : select ClientId from CCM_Client; ResultCode = 0x80041010; PossibleCause = Unknown"
"5/25/2026 7:45:50 AM","5857","Information","Microsoft-Windows-WMI-Activity","deploymentprovider provider started with result code 0x0. HostProcess = wmiprvse.exe; ProcessID = 1812; ProviderPath = %systemroot%\system32\wbem\ServerManager.DeploymentProvider.dll"
"5/25/2026 7:45:50 AM","5857","Information","Microsoft-Windows-WMI-Activity","ServerFeatureProvider provider started with result code 0x0. HostProcess = wmiprvse.exe; ProcessID = 4572; ProviderPath = %windir%\system32\wbem\servercompprov.dll"
"5/25/2026 7:43:03 AM","5858","Error","Microsoft-Windows-WMI-Activity","Id = {00000000-0000-0000-0000-000000000000}; ClientMachine = DC; User = NT AUTHORITY\SYSTEM; ClientProcessId = 7468; Component = Unknown; Operation = Start IWbemServices::ExecQuery - root\cimv2 : SELECT * FROM Win32_ComputerSystem; ResultCode = 0x80041032; PossibleCause = Unknown"
"5/25/2026 7:43:03 AM","5858","Error","Microsoft-Windows-WMI-Activity","Id = {00000000-0000-0000-0000-000000000000}; ClientMachine = DC; User = NT AUTHORITY\SYSTEM; ClientProcessId = 7468; Component = Unknown; Operation = Start IWbemServices::ExecQuery - root\cimv2 : SELECT * FROM Win32_OperatingSystem; ResultCode = 0x80041032; PossibleCause = Unknown"
"5/25/2026 7:43:03 AM","5858","Error","Microsoft-Windows-WMI-Activity","Id = {00000000-0000-0000-0000-000000000000}; ClientMachine = DC; User = NT AUTHORITY\SYSTEM; ClientProcessId = 7468; Component = Unknown; Operation = Start IWbemServices::ExecQuery - root\cimv2 : SELECT * FROM Win32_ComputerSystem; ResultCode = 0x80041032; PossibleCause = Unknown"
"5/25/2026 7:42:16 AM","5857","Information","Microsoft-Windows-WMI-Activity","deploymentprovider provider started with result code 0x0. HostProcess = wmiprvse.exe; ProcessID = 5588; ProviderPath = %systemroot%\system32\wbem\ServerManager.DeploymentProvider.dll"
"5/25/2026 7:42:13 AM","5857","Information","Microsoft-Windows-WMI-Activity","nettcpip provider started with result code 0x0. HostProcess = wmiprvse.exe; ProcessID = 4572; ProviderPath = %systemroot%\system32\wbem\NetTCPIP.dll"
"5/25/2026 7:42:13 AM","5857","Information","Microsoft-Windows-WMI-Activity","NetAdapterCim provider started with result code 0x0. HostProcess = wmiprvse.exe; ProcessID = 7052; ProviderPath = %systemroot%\system32\wbem\NetAdapterCim.dll"
"5/25/2026 7:42:13 AM","5857","Information","Microsoft-Windows-WMI-Activity","mgmtprovider provider started with result code 0x0. HostProcess = wmiprvse.exe; ProcessID = 4572; ProviderPath = %systemroot%\system32\wbem\mgmtprovider.dll"
"5/25/2026 7:41:25 AM","5858","Error","Microsoft-Windows-WMI-Activity","Id = {00000000-0000-0000-0000-000000000000}; ClientMachine = DC; User = NT AUTHORITY\NETWORK SERVICE; ClientProcessId = 1468; Component = Unknown; Operation = Start IWbemServices::ExecQuery - ROOT\CIMV2 : SELECT Manufacturer, Product FROM Win32_BaseBoard; ResultCode = 0x80041032; PossibleCause = Unknown"
"5/25/2026 7:41:25 AM","5857","Information","Microsoft-Windows-WMI-Activity","CIMWin32a provider started with result code 0x0. HostProcess = wmiprvse.exe; ProcessID = 4572; ProviderPath = %systemroot%\system32\wbem\wmipcima.dll"
"5/25/2026 7:41:13 AM","5857","Information","Microsoft-Windows-WMI-Activity","MS_NT_EVENTLOG_PROVIDER provider started with result code 0x0. HostProcess = wmiprvse.exe; ProcessID = 4572; ProviderPath = %systemroot%\system32\wbem\ntevt.dll"
"5/25/2026 7:41:03 AM","5860","Information","Microsoft-Windows-WMI-Activity","Namespace = ROOT\CIMV2; NotificationQuery = SELECT * FROM Win32_ProcessStartTrace WHERE ProcessName = 'wsmprovhost.exe'; UserName = NT AUTHORITY\SYSTEM; ClientProcessID = 6060, ClientMachine = DC; PossibleCause = Temporary"
"5/25/2026 7:41:03 AM","5857","Information","Microsoft-Windows-WMI-Activity","WMI Kernel Trace Event Provider provider started with result code 0x0. HostProcess = wmiprvse.exe; ProcessID = 3160; ProviderPath = C:\Windows\System32\wbem\krnlprov.dll"
"5/25/2026 7:41:03 AM","5859","Information","Microsoft-Windows-WMI-Activity","Namespace = //./root/CIMV2; NotificationQuery = select * from MSFT_SCMEventLogEvent; OwnerName = S-1-5-32-544; HostProcessID = 3160;  Provider= SCM Event Provider, queryID = 0; PossibleCause = Permanent"
"5/25/2026 7:41:03 AM","5861","Information","Microsoft-Windows-WMI-Activity","Namespace = //./root/subscription; Eventfilter = SCM Event Log Filter (refer to its activate eventid:5859); Consumer = NTEventLogEventConsumer=""SCM Event Log Consumer""; PossibleCause = Binding EventFilter: 
instance of __EventFilter
{
	CreatorSID = {1, 2, 0, 0, 0, 0, 0, 5, 32, 0, 0, 0, 32, 2, 0, 0};
	EventNamespace = ""root\\cimv2"";
	Name = ""SCM Event Log Filter"";
	Query = ""select * from MSFT_SCMEventLogEvent"";
	QueryLanguage = ""WQL"";
};
Perm. Consumer: 
instance of NTEventLogEventConsumer
{
	Category = 0;
	CreatorSID = {1, 2, 0, 0, 0, 0, 0, 5, 32, 0, 0, 0, 32, 2, 0, 0};
	EventType = 1;
	Name = ""SCM Event Log Consumer"";
	NameOfUserSIDProperty = ""sid"";
	SourceName = ""Service Control Manager"";
};
"
"5/25/2026 7:40:53 AM","5857","Information","Microsoft-Windows-WMI-Activity","WmiPerfClass provider started with result code 0x0. HostProcess = wmiprvse.exe; ProcessID = 4944; ProviderPath = C:\Windows\System32\wbem\WmiPerfClass.dll"
"5/25/2026 7:40:35 AM","5858","Error","Microsoft-Windows-WMI-Activity","Id = {00000000-0000-0000-0000-000000000000}; ClientMachine = DC; User = NT AUTHORITY\SYSTEM; ClientProcessId = 4012; Component = Unknown; Operation = Start IWbemServices::CreateInstanceEnum - root\wmi : MSiSCSI_PortalInfoClass; ResultCode = 0x8004100C; PossibleCause = Unknown"
"5/25/2026 7:40:35 AM","5858","Error","Microsoft-Windows-WMI-Activity","Id = {00000000-0000-0000-0000-000000000000}; ClientMachine = DC; User = NT AUTHORITY\SYSTEM; ClientProcessId = 4012; Component = Unknown; Operation = Start IWbemServices::CreateInstanceEnum - root\wmi : MS_SM_AdapterInformationQuery; ResultCode = 0x8004100C; PossibleCause = Unknown"
"5/25/2026 7:40:35 AM","5857","Information","Microsoft-Windows-WMI-Activity","WMIProv provider started with result code 0x0. HostProcess = wmiprvse.exe; ProcessID = 4944; ProviderPath = %systemroot%\system32\wbem\wmiprov.dll"
"5/25/2026 7:40:34 AM","5857","Information","Microsoft-Windows-WMI-Activity","CIMWin32 provider started with result code 0x0. HostProcess = wmiprvse.exe; ProcessID = 4572; ProviderPath = %systemroot%\system32\wbem\cimwin32.dll"
"5/24/2026 3:50:55 PM","5857","Information","Microsoft-Windows-WMI-Activity","deploymentprovider provider started with result code 0x0. HostProcess = wmiprvse.exe; ProcessID = 7592; ProviderPath = %systemroot%\system32\wbem\ServerManager.DeploymentProvider.dll"
"5/24/2026 3:50:53 PM","5857","Information","Microsoft-Windows-WMI-Activity","nettcpip provider started with result code 0x0. HostProcess = wmiprvse.exe; ProcessID = 4620; ProviderPath = %systemroot%\system32\wbem\NetTCPIP.dll"
"5/24/2026 3:50:53 PM","5857","Information","Microsoft-Windows-WMI-Activity","NetAdapterCim provider started with result code 0x0. HostProcess = wmiprvse.exe; ProcessID = 7704; ProviderPath = %systemroot%\system32\wbem\NetAdapterCim.dll"
"5/24/2026 3:50:53 PM","5857","Information","Microsoft-Windows-WMI-Activity","mgmtprovider provider started with result code 0x0. HostProcess = wmiprvse.exe; ProcessID = 4620; ProviderPath = %systemroot%\system32\wbem\mgmtprovider.dll"
"5/24/2026 3:40:55 PM","5857","Information","Microsoft-Windows-WMI-Activity","deploymentprovider provider started with result code 0x0. HostProcess = wmiprvse.exe; ProcessID = 3936; ProviderPath = %systemroot%\system32\wbem\ServerManager.DeploymentProvider.dll"
"5/24/2026 3:40:53 PM","5857","Information","Microsoft-Windows-WMI-Activity","nettcpip provider started with result code 0x0. HostProcess = wmiprvse.exe; ProcessID = 4620; ProviderPath = %systemroot%\system32\wbem\NetTCPIP.dll"
"5/24/2026 3:40:53 PM","5857","Information","Microsoft-Windows-WMI-Activity","NetAdapterCim provider started with result code 0x0. HostProcess = wmiprvse.exe; ProcessID = 7344; ProviderPath = %systemroot%\system32\wbem\NetAdapterCim.dll"
"5/24/2026 3:40:53 PM","5857","Information","Microsoft-Windows-WMI-Activity","mgmtprovider provider started with result code 0x0. HostProcess = wmiprvse.exe; ProcessID = 4620; ProviderPath = %systemroot%\system32\wbem\mgmtprovider.dll"
"5/24/2026 3:30:55 PM","5857","Information","Microsoft-Windows-WMI-Activity","deploymentprovider provider started with result code 0x0. HostProcess = wmiprvse.exe; ProcessID = 7012; ProviderPath = %systemroot%\system32\wbem\ServerManager.DeploymentProvider.dll"
"5/24/2026 3:30:53 PM","5857","Information","Microsoft-Windows-WMI-Activity","nettcpip provider started with result code 0x0. HostProcess = wmiprvse.exe; ProcessID = 4620; ProviderPath = %systemroot%\system32\wbem\NetTCPIP.dll"
"5/24/2026 3:30:53 PM","5857","Information","Microsoft-Windows-WMI-Activity","NetAdapterCim provider started with result code 0x0. HostProcess = wmiprvse.exe; ProcessID = 1976; ProviderPath = %systemroot%\system32\wbem\NetAdapterCim.dll"
"5/24/2026 3:30:53 PM","5857","Information","Microsoft-Windows-WMI-Activity","mgmtprovider provider started with result code 0x0. HostProcess = wmiprvse.exe; ProcessID = 4620; ProviderPath = %systemroot%\system32\wbem\mgmtprovider.dll"
"5/24/2026 3:20:55 PM","5857","Information","Microsoft-Windows-WMI-Activity","deploymentprovider provider started with result code 0x0. HostProcess = wmiprvse.exe; ProcessID = 7920; ProviderPath = %systemroot%\system32\wbem\ServerManager.DeploymentProvider.dll"
"5/24/2026 3:20:53 PM","5857","Information","Microsoft-Windows-WMI-Activity","nettcpip provider started with result code 0x0. HostProcess = wmiprvse.exe; ProcessID = 4620; ProviderPath = %systemroot%\system32\wbem\NetTCPIP.dll"
"5/24/2026 3:20:53 PM","5857","Information","Microsoft-Windows-WMI-Activity","NetAdapterCim provider started with result code 0x0. HostProcess = wmiprvse.exe; ProcessID = 1464; ProviderPath = %systemroot%\system32\wbem\NetAdapterCim.dll"
"5/24/2026 3:20:53 PM","5857","Information","Microsoft-Windows-WMI-Activity","mgmtprovider provider started with result code 0x0. HostProcess = wmiprvse.exe; ProcessID = 4620; ProviderPath = %systemroot%\system32\wbem\mgmtprovider.dll"
"5/24/2026 3:20:21 PM","5858","Error","Microsoft-Windows-WMI-Activity","Id = {0068D67A-EBCA-0001-6ED8-6800CAEBDC01}; ClientMachine = DC; User = NT AUTHORITY\SYSTEM; ClientProcessId = 5996; Component = Unknown; Operation = Start IWbemServices::ExecNotificationQuery - ROOT\CIMV2 : SELECT * FROM Win32_ProcessStartTrace WHERE ProcessName = 'wsmprovhost.exe'; ResultCode = 0x80041032; PossibleCause = Unknown"
"5/24/2026 3:18:21 PM","5857","Information","Microsoft-Windows-WMI-Activity","WMIProv provider started with result code 0x0. HostProcess = wmiprvse.exe; ProcessID = 4992; ProviderPath = %systemroot%\system32\wbem\wmiprov.dll"
"5/24/2026 3:12:23 PM","5858","Error","Microsoft-Windows-WMI-Activity","Id = {00000000-0000-0000-0000-000000000000}; ClientMachine = DC; User = NT AUTHORITY\SYSTEM; ClientProcessId = 6132; Component = Unknown; Operation = Start IWbemServices::ExecQuery - root\cimv2 : SELECT * FROM Win32_ComputerSystem; ResultCode = 0x80041032; PossibleCause = Unknown"
"5/24/2026 3:10:55 PM","5857","Information","Microsoft-Windows-WMI-Activity","deploymentprovider provider started with result code 0x0. HostProcess = wmiprvse.exe; ProcessID = 7136; ProviderPath = %systemroot%\system32\wbem\ServerManager.DeploymentProvider.dll"
"5/24/2026 3:10:53 PM","5857","Information","Microsoft-Windows-WMI-Activity","nettcpip provider started with result code 0x0. HostProcess = wmiprvse.exe; ProcessID = 4620; ProviderPath = %systemroot%\system32\wbem\NetTCPIP.dll"
"5/24/2026 3:10:53 PM","5857","Information","Microsoft-Windows-WMI-Activity","NetAdapterCim provider started with result code 0x0. HostProcess = wmiprvse.exe; ProcessID = 1072; ProviderPath = %systemroot%\system32\wbem\NetAdapterCim.dll"
"5/24/2026 3:10:53 PM","5857","Information","Microsoft-Windows-WMI-Activity","mgmtprovider provider started with result code 0x0. HostProcess = wmiprvse.exe; ProcessID = 4620; ProviderPath = %systemroot%\system32\wbem\mgmtprovider.dll"
"5/24/2026 3:10:42 PM","5858","Error","Microsoft-Windows-WMI-Activity","Id = {00000000-0000-0000-0000-000000000000}; ClientMachine = DC; User = NT AUTHORITY\NETWORK SERVICE; ClientProcessId = 2700; Component = Unknown; Operation = Start IWbemServices::ExecQuery - ROOT\CIMV2 : SELECT Manufacturer, Product FROM Win32_BaseBoard; ResultCode = 0x80041032; PossibleCause = Unknown"
"5/24/2026 3:10:41 PM","5857","Information","Microsoft-Windows-WMI-Activity","CIMWin32a provider started with result code 0x0. HostProcess = wmiprvse.exe; ProcessID = 4620; ProviderPath = %systemroot%\system32\wbem\wmipcima.dll"
"5/24/2026 3:10:31 PM","5857","Information","Microsoft-Windows-WMI-Activity","MS_NT_EVENTLOG_PROVIDER provider started with result code 0x0. HostProcess = wmiprvse.exe; ProcessID = 4620; ProviderPath = %systemroot%\system32\wbem\ntevt.dll"
"5/24/2026 3:10:20 PM","5860","Information","Microsoft-Windows-WMI-Activity","Namespace = ROOT\CIMV2; NotificationQuery = SELECT * FROM Win32_ProcessStartTrace WHERE ProcessName = 'wsmprovhost.exe'; UserName = NT AUTHORITY\SYSTEM; ClientProcessID = 5996, ClientMachine = DC; PossibleCause = Temporary"
"5/24/2026 3:10:20 PM","5857","Information","Microsoft-Windows-WMI-Activity","WMI Kernel Trace Event Provider provider started with result code 0x0. HostProcess = wmiprvse.exe; ProcessID = 3088; ProviderPath = C:\Windows\System32\wbem\krnlprov.dll"
"5/24/2026 3:10:20 PM","5859","Information","Microsoft-Windows-WMI-Activity","Namespace = //./root/CIMV2; NotificationQuery = select * from MSFT_SCMEventLogEvent; OwnerName = S-1-5-32-544; HostProcessID = 3088;  Provider= SCM Event Provider, queryID = 0; PossibleCause = Permanent"
"5/24/2026 3:10:20 PM","5861","Information","Microsoft-Windows-WMI-Activity","Namespace = //./root/subscription; Eventfilter = SCM Event Log Filter (refer to its activate eventid:5859); Consumer = NTEventLogEventConsumer=""SCM Event Log Consumer""; PossibleCause = Binding EventFilter: 
instance of __EventFilter
{
	CreatorSID = {1, 2, 0, 0, 0, 0, 0, 5, 32, 0, 0, 0, 32, 2, 0, 0};
	EventNamespace = ""root\\cimv2"";
	Name = ""SCM Event Log Filter"";
	Query = ""select * from MSFT_SCMEventLogEvent"";
	QueryLanguage = ""WQL"";
};
Perm. Consumer: 
instance of NTEventLogEventConsumer
{
	Category = 0;
	CreatorSID = {1, 2, 0, 0, 0, 0, 0, 5, 32, 0, 0, 0, 32, 2, 0, 0};
	EventType = 1;
	Name = ""SCM Event Log Consumer"";
	NameOfUserSIDProperty = ""sid"";
	SourceName = ""Service Control Manager"";
};
"
"5/24/2026 3:10:11 PM","5857","Information","Microsoft-Windows-WMI-Activity","WmiPerfClass provider started with result code 0x0. HostProcess = wmiprvse.exe; ProcessID = 4992; ProviderPath = C:\Windows\System32\wbem\WmiPerfClass.dll"
"5/24/2026 3:09:52 PM","5858","Error","Microsoft-Windows-WMI-Activity","Id = {00000000-0000-0000-0000-000000000000}; ClientMachine = DC; User = NT AUTHORITY\SYSTEM; ClientProcessId = 3928; Component = Unknown; Operation = Start IWbemServices::CreateInstanceEnum - root\wmi : MSiSCSI_PortalInfoClass; ResultCode = 0x8004100C; PossibleCause = Unknown"
"5/24/2026 3:09:52 PM","5858","Error","Microsoft-Windows-WMI-Activity","Id = {00000000-0000-0000-0000-000000000000}; ClientMachine = DC; User = NT AUTHORITY\SYSTEM; ClientProcessId = 3928; Component = Unknown; Operation = Start IWbemServices::CreateInstanceEnum - root\wmi : MS_SM_AdapterInformationQuery; ResultCode = 0x8004100C; PossibleCause = Unknown"
"5/24/2026 3:09:52 PM","5857","Information","Microsoft-Windows-WMI-Activity","WMIProv provider started with result code 0x0. HostProcess = wmiprvse.exe; ProcessID = 4992; ProviderPath = %systemroot%\system32\wbem\wmiprov.dll"
"5/24/2026 3:09:51 PM","5857","Information","Microsoft-Windows-WMI-Activity","CIMWin32 provider started with result code 0x0. HostProcess = wmiprvse.exe; ProcessID = 4620; ProviderPath = %systemroot%\system32\wbem\cimwin32.dll"
"5/24/2026 9:23:49 AM","5857","Information","Microsoft-Windows-WMI-Activity","deploymentprovider provider started with result code 0x0. HostProcess = wmiprvse.exe; ProcessID = 1992; ProviderPath = %systemroot%\system32\wbem\ServerManager.DeploymentProvider.dll"
"5/24/2026 9:23:47 AM","5857","Information","Microsoft-Windows-WMI-Activity","nettcpip provider started with result code 0x0. HostProcess = wmiprvse.exe; ProcessID = 4600; ProviderPath = %systemroot%\system32\wbem\NetTCPIP.dll"
"5/24/2026 9:23:47 AM","5857","Information","Microsoft-Windows-WMI-Activity","NetAdapterCim provider started with result code 0x0. HostProcess = wmiprvse.exe; ProcessID = 4276; ProviderPath = %systemroot%\system32\wbem\NetAdapterCim.dll"
"5/24/2026 9:23:46 AM","5857","Information","Microsoft-Windows-WMI-Activity","mgmtprovider provider started with result code 0x0. HostProcess = wmiprvse.exe; ProcessID = 4600; ProviderPath = %systemroot%\system32\wbem\mgmtprovider.dll"
"5/24/2026 9:23:12 AM","5858","Error","Microsoft-Windows-WMI-Activity","Id = {79FB95A8-C5E0-4BAE-9BD3-88369F84F5AC}; ClientMachine = DC; User = NT AUTHORITY\SYSTEM; ClientProcessId = 2724; Component = Provider; Operation = Start IWbemServices::ExecMethod - ROOT\Microsoft\Windows\Smb : MSFT_SmbShare::FireShareChangeEvent; ResultCode = 0x80041007; PossibleCause = Unknown"
"5/24/2026 9:23:12 AM","5857","Information","Microsoft-Windows-WMI-Activity","smbwmiv2 provider started with result code 0x0. HostProcess = wmiprvse.exe; ProcessID = 4600; ProviderPath = %SystemRoot%\System32\smbwmiv2.dll"
"5/24/2026 9:13:49 AM","5857","Information","Microsoft-Windows-WMI-Activity","deploymentprovider provider started with result code 0x0. HostProcess = wmiprvse.exe; ProcessID = 1612; ProviderPath = %systemroot%\system32\wbem\ServerManager.DeploymentProvider.dll"
"5/24/2026 9:13:47 AM","5857","Information","Microsoft-Windows-WMI-Activity","nettcpip provider started with result code 0x0. HostProcess = wmiprvse.exe; ProcessID = 4600; ProviderPath = %systemroot%\system32\wbem\NetTCPIP.dll"
"5/24/2026 9:13:46 AM","5857","Information","Microsoft-Windows-WMI-Activity","NetAdapterCim provider started with result code 0x0. HostProcess = wmiprvse.exe; ProcessID = 1664; ProviderPath = %systemroot%\system32\wbem\NetAdapterCim.dll"
"5/24/2026 9:13:46 AM","5857","Information","Microsoft-Windows-WMI-Activity","mgmtprovider provider started with result code 0x0. HostProcess = wmiprvse.exe; ProcessID = 4600; ProviderPath = %systemroot%\system32\wbem\mgmtprovider.dll"
"5/24/2026 9:03:49 AM","5857","Information","Microsoft-Windows-WMI-Activity","deploymentprovider provider started with result code 0x0. HostProcess = wmiprvse.exe; ProcessID = 5860; ProviderPath = %systemroot%\system32\wbem\ServerManager.DeploymentProvider.dll"
"5/24/2026 9:03:47 AM","5857","Information","Microsoft-Windows-WMI-Activity","nettcpip provider started with result code 0x0. HostProcess = wmiprvse.exe; ProcessID = 4600; ProviderPath = %systemroot%\system32\wbem\NetTCPIP.dll"
"5/24/2026 9:03:46 AM","5857","Information","Microsoft-Windows-WMI-Activity","NetAdapterCim provider started with result code 0x0. HostProcess = wmiprvse.exe; ProcessID = 6388; ProviderPath = %systemroot%\system32\wbem\NetAdapterCim.dll"
"5/24/2026 9:03:46 AM","5857","Information","Microsoft-Windows-WMI-Activity","mgmtprovider provider started with result code 0x0. HostProcess = wmiprvse.exe; ProcessID = 4600; ProviderPath = %systemroot%\system32\wbem\mgmtprovider.dll"
"5/24/2026 8:53:49 AM","5857","Information","Microsoft-Windows-WMI-Activity","deploymentprovider provider started with result code 0x0. HostProcess = wmiprvse.exe; ProcessID = 2148; ProviderPath = %systemroot%\system32\wbem\ServerManager.DeploymentProvider.dll"
"5/24/2026 8:53:47 AM","5857","Information","Microsoft-Windows-WMI-Activity","nettcpip provider started with result code 0x0. HostProcess = wmiprvse.exe; ProcessID = 4600; ProviderPath = %systemroot%\system32\wbem\NetTCPIP.dll"
"5/24/2026 8:53:46 AM","5857","Information","Microsoft-Windows-WMI-Activity","NetAdapterCim provider started with result code 0x0. HostProcess = wmiprvse.exe; ProcessID = 1096; ProviderPath = %systemroot%\system32\wbem\NetAdapterCim.dll"
"5/24/2026 8:53:46 AM","5857","Information","Microsoft-Windows-WMI-Activity","mgmtprovider provider started with result code 0x0. HostProcess = wmiprvse.exe; ProcessID = 4600; ProviderPath = %systemroot%\system32\wbem\mgmtprovider.dll"
"5/24/2026 8:43:49 AM","5857","Information","Microsoft-Windows-WMI-Activity","deploymentprovider provider started with result code 0x0. HostProcess = wmiprvse.exe; ProcessID = 7080; ProviderPath = %systemroot%\system32\wbem\ServerManager.DeploymentProvider.dll"
"5/24/2026 8:43:47 AM","5857","Information","Microsoft-Windows-WMI-Activity","nettcpip provider started with result code 0x0. HostProcess = wmiprvse.exe; ProcessID = 4600; ProviderPath = %systemroot%\system32\wbem\NetTCPIP.dll"
"5/24/2026 8:43:46 AM","5857","Information","Microsoft-Windows-WMI-Activity","NetAdapterCim provider started with result code 0x0. HostProcess = wmiprvse.exe; ProcessID = 5276; ProviderPath = %systemroot%\system32\wbem\NetAdapterCim.dll"
"5/24/2026 8:43:46 AM","5857","Information","Microsoft-Windows-WMI-Activity","mgmtprovider provider started with result code 0x0. HostProcess = wmiprvse.exe; ProcessID = 4600; ProviderPath = %systemroot%\system32\wbem\mgmtprovider.dll"
"5/24/2026 8:42:47 AM","5858","Error","Microsoft-Windows-WMI-Activity","Id = {76EC72CD-EB92-0002-0276-EC7692EBDC01}; ClientMachine = DC; User = NT AUTHORITY\SYSTEM; ClientProcessId = 6000; Component = Unknown; Operation = Start IWbemServices::ExecNotificationQuery - ROOT\CIMV2 : SELECT * FROM Win32_ProcessStartTrace WHERE ProcessName = 'wsmprovhost.exe'; ResultCode = 0x80041032; PossibleCause = Unknown"
"5/24/2026 8:40:48 AM","5857","Information","Microsoft-Windows-WMI-Activity","WMIProv provider started with result code 0x0. HostProcess = wmiprvse.exe; ProcessID = 4980; ProviderPath = %systemroot%\system32\wbem\wmiprov.dll"
"5/24/2026 8:34:50 AM","5858","Error","Microsoft-Windows-WMI-Activity","Id = {00000000-0000-0000-0000-000000000000}; ClientMachine = DC; User = NT AUTHORITY\SYSTEM; ClientProcessId = 2348; Component = Unknown; Operation = Start IWbemServices::ExecQuery - root\cimv2 : SELECT * FROM Win32_Processor; ResultCode = 0x80041032; PossibleCause = Unknown"
"5/24/2026 8:34:48 AM","5858","Error","Microsoft-Windows-WMI-Activity","Id = {00000000-0000-0000-0000-000000000000}; ClientMachine = DC; User = NT AUTHORITY\SYSTEM; ClientProcessId = 2348; Component = Unknown; Operation = Start IWbemServices::ExecQuery - root\cimv2 : SELECT * FROM Win32_ComputerSystemProduct; ResultCode = 0x80041032; PossibleCause = Unknown"
"5/24/2026 8:34:48 AM","5858","Error","Microsoft-Windows-WMI-Activity","Id = {00000000-0000-0000-0000-000000000000}; ClientMachine = DC; User = NT AUTHORITY\SYSTEM; ClientProcessId = 2348; Component = Unknown; Operation = Start IWbemServices::ExecQuery - root\cimv2 : SELECT * FROM Win32_ComputerSystemProduct; ResultCode = 0x80041032; PossibleCause = Unknown"
"5/24/2026 8:33:49 AM","5857","Information","Microsoft-Windows-WMI-Activity","deploymentprovider provider started with result code 0x0. HostProcess = wmiprvse.exe; ProcessID = 6484; ProviderPath = %systemroot%\system32\wbem\ServerManager.DeploymentProvider.dll"
"5/24/2026 8:33:47 AM","5857","Information","Microsoft-Windows-WMI-Activity","nettcpip provider started with result code 0x0. HostProcess = wmiprvse.exe; ProcessID = 4600; ProviderPath = %systemroot%\system32\wbem\NetTCPIP.dll"
"5/24/2026 8:33:46 AM","5857","Information","Microsoft-Windows-WMI-Activity","NetAdapterCim provider started with result code 0x0. HostProcess = wmiprvse.exe; ProcessID = 6300; ProviderPath = %systemroot%\system32\wbem\NetAdapterCim.dll"
"5/24/2026 8:33:46 AM","5857","Information","Microsoft-Windows-WMI-Activity","mgmtprovider provider started with result code 0x0. HostProcess = wmiprvse.exe; ProcessID = 4600; ProviderPath = %systemroot%\system32\wbem\mgmtprovider.dll"
"5/24/2026 8:33:09 AM","5858","Error","Microsoft-Windows-WMI-Activity","Id = {00000000-0000-0000-0000-000000000000}; ClientMachine = DC; User = NT AUTHORITY\NETWORK SERVICE; ClientProcessId = 1888; Component = Unknown; Operation = Start IWbemServices::ExecQuery - ROOT\CIMV2 : SELECT Manufacturer, Product FROM Win32_BaseBoard; ResultCode = 0x80041032; PossibleCause = Unknown"
"5/24/2026 8:33:09 AM","5858","Error","Microsoft-Windows-WMI-Activity","Id = {00000000-0000-0000-0000-000000000000}; ClientMachine = DC; User = NT AUTHORITY\NETWORK SERVICE; ClientProcessId = 4728; Component = Unknown; Operation = Start IWbemServices::ExecQuery - ROOT\CIMV2 : SELECT Manufacturer, Product FROM Win32_BaseBoard; ResultCode = 0x80041032; PossibleCause = Unknown"
"5/24/2026 8:33:09 AM","5857","Information","Microsoft-Windows-WMI-Activity","CIMWin32a provider started with result code 0x0. HostProcess = wmiprvse.exe; ProcessID = 4600; ProviderPath = %systemroot%\system32\wbem\wmipcima.dll"
"5/24/2026 8:32:57 AM","5857","Information","Microsoft-Windows-WMI-Activity","MS_NT_EVENTLOG_PROVIDER provider started with result code 0x0. HostProcess = wmiprvse.exe; ProcessID = 4600; ProviderPath = %systemroot%\system32\wbem\ntevt.dll"
"5/24/2026 8:32:47 AM","5860","Information","Microsoft-Windows-WMI-Activity","Namespace = ROOT\CIMV2; NotificationQuery = SELECT * FROM Win32_ProcessStartTrace WHERE ProcessName = 'wsmprovhost.exe'; UserName = NT AUTHORITY\SYSTEM; ClientProcessID = 6000, ClientMachine = DC; PossibleCause = Temporary"
"5/24/2026 8:32:47 AM","5857","Information","Microsoft-Windows-WMI-Activity","WMI Kernel Trace Event Provider provider started with result code 0x0. HostProcess = wmiprvse.exe; ProcessID = 3240; ProviderPath = C:\Windows\System32\wbem\krnlprov.dll"
"5/24/2026 8:32:47 AM","5859","Information","Microsoft-Windows-WMI-Activity","Namespace = //./root/CIMV2; NotificationQuery = select * from MSFT_SCMEventLogEvent; OwnerName = S-1-5-32-544; HostProcessID = 3240;  Provider= SCM Event Provider, queryID = 0; PossibleCause = Permanent"
"5/24/2026 8:32:47 AM","5861","Information","Microsoft-Windows-WMI-Activity","Namespace = //./root/subscription; Eventfilter = SCM Event Log Filter (refer to its activate eventid:5859); Consumer = NTEventLogEventConsumer=""SCM Event Log Consumer""; PossibleCause = Binding EventFilter: 
instance of __EventFilter
{
	CreatorSID = {1, 2, 0, 0, 0, 0, 0, 5, 32, 0, 0, 0, 32, 2, 0, 0};
	EventNamespace = ""root\\cimv2"";
	Name = ""SCM Event Log Filter"";
	Query = ""select * from MSFT_SCMEventLogEvent"";
	QueryLanguage = ""WQL"";
};
Perm. Consumer: 
instance of NTEventLogEventConsumer
{
	Category = 0;
	CreatorSID = {1, 2, 0, 0, 0, 0, 0, 5, 32, 0, 0, 0, 32, 2, 0, 0};
	EventType = 1;
	Name = ""SCM Event Log Consumer"";
	NameOfUserSIDProperty = ""sid"";
	SourceName = ""Service Control Manager"";
};
"
"5/24/2026 8:32:37 AM","5857","Information","Microsoft-Windows-WMI-Activity","WmiPerfClass provider started with result code 0x0. HostProcess = wmiprvse.exe; ProcessID = 4980; ProviderPath = C:\Windows\System32\wbem\WmiPerfClass.dll"
"5/24/2026 8:32:18 AM","5858","Error","Microsoft-Windows-WMI-Activity","Id = {00000000-0000-0000-0000-000000000000}; ClientMachine = DC; User = NT AUTHORITY\SYSTEM; ClientProcessId = 3980; Component = Unknown; Operation = Start IWbemServices::CreateInstanceEnum - root\wmi : MSiSCSI_PortalInfoClass; ResultCode = 0x8004100C; PossibleCause = Unknown"
"5/24/2026 8:32:18 AM","5858","Error","Microsoft-Windows-WMI-Activity","Id = {00000000-0000-0000-0000-000000000000}; ClientMachine = DC; User = NT AUTHORITY\SYSTEM; ClientProcessId = 3980; Component = Unknown; Operation = Start IWbemServices::CreateInstanceEnum - root\wmi : MS_SM_AdapterInformationQuery; ResultCode = 0x8004100C; PossibleCause = Unknown"
"5/24/2026 8:32:18 AM","5857","Information","Microsoft-Windows-WMI-Activity","WMIProv provider started with result code 0x0. HostProcess = wmiprvse.exe; ProcessID = 4980; ProviderPath = %systemroot%\system32\wbem\wmiprov.dll"
"5/24/2026 8:32:17 AM","5857","Information","Microsoft-Windows-WMI-Activity","CIMWin32 provider started with result code 0x0. HostProcess = wmiprvse.exe; ProcessID = 4600; ProviderPath = %systemroot%\system32\wbem\cimwin32.dll"
"5/24/2026 8:04:49 AM","5857","Information","Microsoft-Windows-WMI-Activity","deploymentprovider provider started with result code 0x0. HostProcess = wmiprvse.exe; ProcessID = 7132; ProviderPath = %systemroot%\system32\wbem\ServerManager.DeploymentProvider.dll"
"5/24/2026 8:04:47 AM","5857","Information","Microsoft-Windows-WMI-Activity","nettcpip provider started with result code 0x0. HostProcess = wmiprvse.exe; ProcessID = 4572; ProviderPath = %systemroot%\system32\wbem\NetTCPIP.dll"
"5/24/2026 8:04:46 AM","5857","Information","Microsoft-Windows-WMI-Activity","NetAdapterCim provider started with result code 0x0. HostProcess = wmiprvse.exe; ProcessID = 4776; ProviderPath = %systemroot%\system32\wbem\NetAdapterCim.dll"
"5/24/2026 8:04:46 AM","5857","Information","Microsoft-Windows-WMI-Activity","mgmtprovider provider started with result code 0x0. HostProcess = wmiprvse.exe; ProcessID = 4572; ProviderPath = %systemroot%\system32\wbem\mgmtprovider.dll"
"5/24/2026 7:54:49 AM","5857","Information","Microsoft-Windows-WMI-Activity","deploymentprovider provider started with result code 0x0. HostProcess = wmiprvse.exe; ProcessID = 3604; ProviderPath = %systemroot%\system32\wbem\ServerManager.DeploymentProvider.dll"
"5/24/2026 7:54:47 AM","5857","Information","Microsoft-Windows-WMI-Activity","nettcpip provider started with result code 0x0. HostProcess = wmiprvse.exe; ProcessID = 4572; ProviderPath = %systemroot%\system32\wbem\NetTCPIP.dll"
"5/24/2026 7:54:46 AM","5857","Information","Microsoft-Windows-WMI-Activity","NetAdapterCim provider started with result code 0x0. HostProcess = wmiprvse.exe; ProcessID = 5892; ProviderPath = %systemroot%\system32\wbem\NetAdapterCim.dll"
"5/24/2026 7:54:46 AM","5857","Information","Microsoft-Windows-WMI-Activity","mgmtprovider provider started with result code 0x0. HostProcess = wmiprvse.exe; ProcessID = 4572; ProviderPath = %systemroot%\system32\wbem\mgmtprovider.dll"
"5/24/2026 7:54:13 AM","5858","Error","Microsoft-Windows-WMI-Activity","Id = {AE0DB03A-EB8B-0000-FDB5-0DAE8BEBDC01}; ClientMachine = DC; User = NT AUTHORITY\SYSTEM; ClientProcessId = 5944; Component = Unknown; Operation = Start IWbemServices::ExecNotificationQuery - ROOT\CIMV2 : SELECT * FROM Win32_ProcessStartTrace WHERE ProcessName = 'wsmprovhost.exe'; ResultCode = 0x80041032; PossibleCause = Unknown"
"5/24/2026 7:47:07 AM","5857","Information","Microsoft-Windows-WMI-Activity","MS_NT_EVENTLOG_PROVIDER provider started with result code 0x0. HostProcess = wmiprvse.exe; ProcessID = 4572; ProviderPath = %systemroot%\system32\wbem\ntevt.dll"
"5/24/2026 7:47:07 AM","5857","Information","Microsoft-Windows-WMI-Activity","Win32_WIN32_TERMINALSERVICE_Prov provider started with result code 0x0. HostProcess = wmiprvse.exe; ProcessID = 4572; ProviderPath = %SystemRoot%\system32\tscfgwmi.dll"
"5/24/2026 7:47:06 AM","5857","Information","Microsoft-Windows-WMI-Activity","RegProv provider started with result code 0x0. HostProcess = wmiprvse.exe; ProcessID = 920; ProviderPath = %systemroot%\system32\wbem\stdprov.dll"
"5/24/2026 7:47:06 AM","5857","Information","Microsoft-Windows-WMI-Activity","MSSQL_ManagementProvider provider started with result code 0x0. HostProcess = wmiprvse.exe; ProcessID = 6904; ProviderPath = C:\Program Files (x86)\Microsoft SQL Server\150\Shared\sqlmgmprovider.dll"
"5/24/2026 7:46:16 AM","5858","Error","Microsoft-Windows-WMI-Activity","Id = {00000000-0000-0000-0000-000000000000}; ClientMachine = DC; User = NT AUTHORITY\SYSTEM; ClientProcessId = 7052; Component = Unknown; Operation = Start IWbemServices::ExecQuery - root\cimv2 : SELECT * FROM Win32_Processor; ResultCode = 0x80041032; PossibleCause = Unknown"
"5/24/2026 7:46:14 AM","5858","Error","Microsoft-Windows-WMI-Activity","Id = {00000000-0000-0000-0000-000000000000}; ClientMachine = DC; User = NT AUTHORITY\SYSTEM; ClientProcessId = 7052; Component = Unknown; Operation = Start IWbemServices::ExecQuery - root\cimv2 : SELECT * FROM Win32_ComputerSystem; ResultCode = 0x80041032; PossibleCause = Unknown"
"5/24/2026 7:46:14 AM","5858","Error","Microsoft-Windows-WMI-Activity","Id = {00000000-0000-0000-0000-000000000000}; ClientMachine = DC; User = NT AUTHORITY\SYSTEM; ClientProcessId = 7052; Component = Unknown; Operation = Start IWbemServices::ExecQuery - root\cimv2 : SELECT * FROM Win32_ComputerSystem; ResultCode = 0x80041032; PossibleCause = Unknown"
"5/24/2026 7:46:14 AM","5858","Error","Microsoft-Windows-WMI-Activity","Id = {00000000-0000-0000-0000-000000000000}; ClientMachine = DC; User = NT AUTHORITY\SYSTEM; ClientProcessId = 7052; Component = Unknown; Operation = Start IWbemServices::ExecQuery - root\cimv2 : SELECT * FROM Win32_ComputerSystemProduct; ResultCode = 0x80041032; PossibleCause = Unknown"
"5/24/2026 7:45:51 AM","5857","Information","Microsoft-Windows-WMI-Activity","MS_NT_EVENTLOG_PROVIDER provider started with result code 0x0. HostProcess = wmiprvse.exe; ProcessID = 4572; ProviderPath = %systemroot%\system32\wbem\ntevt.dll"
"5/24/2026 7:45:51 AM","5857","Information","Microsoft-Windows-WMI-Activity","Win32_WIN32_TERMINALSERVICE_Prov provider started with result code 0x0. HostProcess = wmiprvse.exe; ProcessID = 4572; ProviderPath = %SystemRoot%\system32\tscfgwmi.dll"
"5/24/2026 7:45:51 AM","5857","Information","Microsoft-Windows-WMI-Activity","RegProv provider started with result code 0x0. HostProcess = wmiprvse.exe; ProcessID = 920; ProviderPath = %systemroot%\system32\wbem\stdprov.dll"
"5/24/2026 7:45:51 AM","5857","Information","Microsoft-Windows-WMI-Activity","RegProv provider started with result code 0x0. HostProcess = wmiprvse.exe; ProcessID = 6904; ProviderPath = %systemroot%\system32\wbem\stdprov.dll"
"5/24/2026 7:45:51 AM","5857","Information","Microsoft-Windows-WMI-Activity","MSSQL_ManagementProvider provider started with result code 0x0. HostProcess = wmiprvse.exe; ProcessID = 7264; ProviderPath = C:\Program Files\Microsoft SQL Server\150\Shared\sqlmgmprovider.dll"
"5/24/2026 7:45:51 AM","5857","Information","Microsoft-Windows-WMI-Activity","MSSQL_ManagementProvider provider started with result code 0x0. HostProcess = wmiprvse.exe; ProcessID = 6904; ProviderPath = C:\Program Files (x86)\Microsoft SQL Server\150\Shared\sqlmgmprovider.dll"
"5/24/2026 7:44:49 AM","5857","Information","Microsoft-Windows-WMI-Activity","deploymentprovider provider started with result code 0x0. HostProcess = wmiprvse.exe; ProcessID = 4968; ProviderPath = %systemroot%\system32\wbem\ServerManager.DeploymentProvider.dll"
"5/24/2026 7:44:47 AM","5857","Information","Microsoft-Windows-WMI-Activity","nettcpip provider started with result code 0x0. HostProcess = wmiprvse.exe; ProcessID = 4572; ProviderPath = %systemroot%\system32\wbem\NetTCPIP.dll"
"5/24/2026 7:44:46 AM","5857","Information","Microsoft-Windows-WMI-Activity","NetAdapterCim provider started with result code 0x0. HostProcess = wmiprvse.exe; ProcessID = 920; ProviderPath = %systemroot%\system32\wbem\NetAdapterCim.dll"
"5/24/2026 7:44:46 AM","5857","Information","Microsoft-Windows-WMI-Activity","mgmtprovider provider started with result code 0x0. HostProcess = wmiprvse.exe; ProcessID = 4572; ProviderPath = %systemroot%\system32\wbem\mgmtprovider.dll"
"5/24/2026 7:44:35 AM","5857","Information","Microsoft-Windows-WMI-Activity","CIMWin32a provider started with result code 0x0. HostProcess = wmiprvse.exe; ProcessID = 4572; ProviderPath = %systemroot%\system32\wbem\wmipcima.dll"
"5/24/2026 7:44:23 AM","5857","Information","Microsoft-Windows-WMI-Activity","MS_NT_EVENTLOG_PROVIDER provider started with result code 0x0. HostProcess = wmiprvse.exe; ProcessID = 4572; ProviderPath = %systemroot%\system32\wbem\ntevt.dll"
"5/24/2026 7:44:13 AM","5860","Information","Microsoft-Windows-WMI-Activity","Namespace = ROOT\CIMV2; NotificationQuery = SELECT * FROM Win32_ProcessStartTrace WHERE ProcessName = 'wsmprovhost.exe'; UserName = NT AUTHORITY\SYSTEM; ClientProcessID = 5944, ClientMachine = DC; PossibleCause = Temporary"
"5/24/2026 7:44:13 AM","5857","Information","Microsoft-Windows-WMI-Activity","WMI Kernel Trace Event Provider provider started with result code 0x0. HostProcess = wmiprvse.exe; ProcessID = 3112; ProviderPath = C:\Windows\System32\wbem\krnlprov.dll"
"5/24/2026 7:44:13 AM","5859","Information","Microsoft-Windows-WMI-Activity","Namespace = //./root/CIMV2; NotificationQuery = select * from MSFT_SCMEventLogEvent; OwnerName = S-1-5-32-544; HostProcessID = 3112;  Provider= SCM Event Provider, queryID = 0; PossibleCause = Permanent"
"5/24/2026 7:44:13 AM","5861","Information","Microsoft-Windows-WMI-Activity","Namespace = //./root/subscription; Eventfilter = SCM Event Log Filter (refer to its activate eventid:5859); Consumer = NTEventLogEventConsumer=""SCM Event Log Consumer""; PossibleCause = Binding EventFilter: 
instance of __EventFilter
{
	CreatorSID = {1, 2, 0, 0, 0, 0, 0, 5, 32, 0, 0, 0, 32, 2, 0, 0};
	EventNamespace = ""root\\cimv2"";
	Name = ""SCM Event Log Filter"";
	Query = ""select * from MSFT_SCMEventLogEvent"";
	QueryLanguage = ""WQL"";
};
Perm. Consumer: 
instance of NTEventLogEventConsumer
{
	Category = 0;
	CreatorSID = {1, 2, 0, 0, 0, 0, 0, 5, 32, 0, 0, 0, 32, 2, 0, 0};
	EventType = 1;
	Name = ""SCM Event Log Consumer"";
	NameOfUserSIDProperty = ""sid"";
	SourceName = ""Service Control Manager"";
};
"
"5/24/2026 7:44:03 AM","5857","Information","Microsoft-Windows-WMI-Activity","WmiPerfClass provider started with result code 0x0. HostProcess = wmiprvse.exe; ProcessID = 4952; ProviderPath = C:\Windows\System32\wbem\WmiPerfClass.dll"
"5/24/2026 7:43:45 AM","5858","Error","Microsoft-Windows-WMI-Activity","Id = {00000000-0000-0000-0000-000000000000}; ClientMachine = DC; User = NT AUTHORITY\SYSTEM; ClientProcessId = 4012; Component = Unknown; Operation = Start IWbemServices::CreateInstanceEnum - root\wmi : MSiSCSI_PortalInfoClass; ResultCode = 0x8004100C; PossibleCause = Unknown"
"5/24/2026 7:43:45 AM","5858","Error","Microsoft-Windows-WMI-Activity","Id = {00000000-0000-0000-0000-000000000000}; ClientMachine = DC; User = NT AUTHORITY\SYSTEM; ClientProcessId = 4012; Component = Unknown; Operation = Start IWbemServices::CreateInstanceEnum - root\wmi : MS_SM_AdapterInformationQuery; ResultCode = 0x8004100C; PossibleCause = Unknown"
"5/24/2026 7:43:45 AM","5857","Information","Microsoft-Windows-WMI-Activity","WMIProv provider started with result code 0x0. HostProcess = wmiprvse.exe; ProcessID = 4952; ProviderPath = %systemroot%\system32\wbem\wmiprov.dll"
"5/24/2026 7:43:44 AM","5857","Information","Microsoft-Windows-WMI-Activity","CIMWin32 provider started with result code 0x0. HostProcess = wmiprvse.exe; ProcessID = 4572; ProviderPath = %systemroot%\system32\wbem\cimwin32.dll"
"5/24/2026 7:43:10 AM","5858","Error","Microsoft-Windows-WMI-Activity","Id = {B616E928-EB8A-0001-21EC-16B68AEBDC01}; ClientMachine = DC; User = NT AUTHORITY\SYSTEM; ClientProcessId = 5276; Component = Unknown; Operation = Start IWbemServices::ExecNotificationQuery - ROOT\CIMV2 : SELECT * FROM Win32_ProcessStartTrace WHERE ProcessName = 'wsmprovhost.exe'; ResultCode = 0x80041032; PossibleCause = Unknown"
"5/24/2026 7:39:20 AM","5858","Error","Microsoft-Windows-WMI-Activity","Id = {00000000-0000-0000-0000-000000000000}; ClientMachine = DC; User = NT AUTHORITY\SYSTEM; ClientProcessId = 3364; Component = Unknown; Operation = Start IWbemServices::ExecQuery - root\cimv2 : SELECT * FROM Win32_Processor; ResultCode = 0x80041032; PossibleCause = Unknown"
"5/24/2026 7:39:18 AM","5858","Error","Microsoft-Windows-WMI-Activity","Id = {00000000-0000-0000-0000-000000000000}; ClientMachine = DC; User = NT AUTHORITY\SYSTEM; ClientProcessId = 3364; Component = Unknown; Operation = Start IWbemServices::ExecQuery - root\cimv2 : SELECT * FROM Win32_ComputerSystem; ResultCode = 0x80041032; PossibleCause = Unknown"
"5/24/2026 7:39:18 AM","5858","Error","Microsoft-Windows-WMI-Activity","Id = {00000000-0000-0000-0000-000000000000}; ClientMachine = DC; User = NT AUTHORITY\SYSTEM; ClientProcessId = 3364; Component = Unknown; Operation = Start IWbemServices::ExecQuery - root\cimv2 : SELECT * FROM Win32_OperatingSystem; ResultCode = 0x80041032; PossibleCause = Unknown"
"5/24/2026 7:39:18 AM","5858","Error","Microsoft-Windows-WMI-Activity","Id = {00000000-0000-0000-0000-000000000000}; ClientMachine = DC; User = NT AUTHORITY\SYSTEM; ClientProcessId = 3364; Component = Unknown; Operation = Start IWbemServices::ExecQuery - root\cimv2 : SELECT * FROM Win32_ComputerSystemProduct; ResultCode = 0x80041032; PossibleCause = Unknown"
"5/24/2026 7:37:59 AM","5857","Information","Microsoft-Windows-WMI-Activity","deploymentprovider provider started with result code 0x0. HostProcess = wmiprvse.exe; ProcessID = 7284; ProviderPath = %systemroot%\system32\wbem\ServerManager.DeploymentProvider.dll"
"5/24/2026 7:37:56 AM","5857","Information","Microsoft-Windows-WMI-Activity","nettcpip provider started with result code 0x0. HostProcess = wmiprvse.exe; ProcessID = 4564; ProviderPath = %systemroot%\system32\wbem\NetTCPIP.dll"
"5/24/2026 7:37:56 AM","5857","Information","Microsoft-Windows-WMI-Activity","NetAdapterCim provider started with result code 0x0. HostProcess = wmiprvse.exe; ProcessID = 6892; ProviderPath = %systemroot%\system32\wbem\NetAdapterCim.dll"
"5/24/2026 7:37:56 AM","5857","Information","Microsoft-Windows-WMI-Activity","mgmtprovider provider started with result code 0x0. HostProcess = wmiprvse.exe; ProcessID = 4564; ProviderPath = %systemroot%\system32\wbem\mgmtprovider.dll"
"5/24/2026 7:37:39 AM","5858","Error","Microsoft-Windows-WMI-Activity","Id = {00000000-0000-0000-0000-000000000000}; ClientMachine = DC; User = NT AUTHORITY\NETWORK SERVICE; ClientProcessId = 1920; Component = Unknown; Operation = Start IWbemServices::ExecQuery - ROOT\CIMV2 : SELECT Manufacturer, Product FROM Win32_BaseBoard; ResultCode = 0x80041032; PossibleCause = Unknown"
"5/24/2026 7:37:39 AM","5857","Information","Microsoft-Windows-WMI-Activity","CIMWin32a provider started with result code 0x0. HostProcess = wmiprvse.exe; ProcessID = 4564; ProviderPath = %systemroot%\system32\wbem\wmipcima.dll"
"5/24/2026 7:37:28 AM","5857","Information","Microsoft-Windows-WMI-Activity","MS_NT_EVENTLOG_PROVIDER provider started with result code 0x0. HostProcess = wmiprvse.exe; ProcessID = 4564; ProviderPath = %systemroot%\system32\wbem\ntevt.dll"
"5/24/2026 7:37:17 AM","5860","Information","Microsoft-Windows-WMI-Activity","Namespace = ROOT\CIMV2; NotificationQuery = SELECT * FROM Win32_ProcessStartTrace WHERE ProcessName = 'wsmprovhost.exe'; UserName = NT AUTHORITY\SYSTEM; ClientProcessID = 5276, ClientMachine = DC; PossibleCause = Temporary"
"5/24/2026 7:37:17 AM","5857","Information","Microsoft-Windows-WMI-Activity","WMI Kernel Trace Event Provider provider started with result code 0x0. HostProcess = wmiprvse.exe; ProcessID = 3148; ProviderPath = C:\Windows\System32\wbem\krnlprov.dll"
"5/24/2026 7:37:17 AM","5859","Information","Microsoft-Windows-WMI-Activity","Namespace = //./root/CIMV2; NotificationQuery = select * from MSFT_SCMEventLogEvent; OwnerName = S-1-5-32-544; HostProcessID = 3148;  Provider= SCM Event Provider, queryID = 0; PossibleCause = Permanent"
"5/24/2026 7:37:17 AM","5861","Information","Microsoft-Windows-WMI-Activity","Namespace = //./root/subscription; Eventfilter = SCM Event Log Filter (refer to its activate eventid:5859); Consumer = NTEventLogEventConsumer=""SCM Event Log Consumer""; PossibleCause = Binding EventFilter: 
instance of __EventFilter
{
	CreatorSID = {1, 2, 0, 0, 0, 0, 0, 5, 32, 0, 0, 0, 32, 2, 0, 0};
	EventNamespace = ""root\\cimv2"";
	Name = ""SCM Event Log Filter"";
	Query = ""select * from MSFT_SCMEventLogEvent"";
	QueryLanguage = ""WQL"";
};
Perm. Consumer: 
instance of NTEventLogEventConsumer
{
	Category = 0;
	CreatorSID = {1, 2, 0, 0, 0, 0, 0, 5, 32, 0, 0, 0, 32, 2, 0, 0};
	EventType = 1;
	Name = ""SCM Event Log Consumer"";
	NameOfUserSIDProperty = ""sid"";
	SourceName = ""Service Control Manager"";
};
"
"5/24/2026 7:37:08 AM","5857","Information","Microsoft-Windows-WMI-Activity","WmiPerfClass provider started with result code 0x0. HostProcess = wmiprvse.exe; ProcessID = 4820; ProviderPath = C:\Windows\System32\wbem\WmiPerfClass.dll"
"5/24/2026 7:36:51 AM","5858","Error","Microsoft-Windows-WMI-Activity","Id = {00000000-0000-0000-0000-000000000000}; ClientMachine = DC; User = NT AUTHORITY\SYSTEM; ClientProcessId = 4028; Component = Unknown; Operation = Start IWbemServices::CreateInstanceEnum - root\wmi : MSiSCSI_PortalInfoClass; ResultCode = 0x8004100C; PossibleCause = Unknown"
"5/24/2026 7:36:51 AM","5858","Error","Microsoft-Windows-WMI-Activity","Id = {00000000-0000-0000-0000-000000000000}; ClientMachine = DC; User = NT AUTHORITY\SYSTEM; ClientProcessId = 4028; Component = Unknown; Operation = Start IWbemServices::CreateInstanceEnum - root\wmi : MS_SM_AdapterInformationQuery; ResultCode = 0x8004100C; PossibleCause = Unknown"
"5/24/2026 7:36:51 AM","5857","Information","Microsoft-Windows-WMI-Activity","WMIProv provider started with result code 0x0. HostProcess = wmiprvse.exe; ProcessID = 4820; ProviderPath = %systemroot%\system32\wbem\wmiprov.dll"
"5/24/2026 7:36:49 AM","5857","Information","Microsoft-Windows-WMI-Activity","CIMWin32 provider started with result code 0x0. HostProcess = wmiprvse.exe; ProcessID = 4564; ProviderPath = %systemroot%\system32\wbem\cimwin32.dll"
"5/24/2026 4:37:41 AM","5857","Information","Microsoft-Windows-WMI-Activity","deploymentprovider provider started with result code 0x0. HostProcess = wmiprvse.exe; ProcessID = 4960; ProviderPath = %systemroot%\system32\wbem\ServerManager.DeploymentProvider.dll"
"5/24/2026 4:37:36 AM","5857","Information","Microsoft-Windows-WMI-Activity","nettcpip provider started with result code 0x0. HostProcess = wmiprvse.exe; ProcessID = 4552; ProviderPath = %systemroot%\system32\wbem\NetTCPIP.dll"
"5/24/2026 4:37:36 AM","5857","Information","Microsoft-Windows-WMI-Activity","NetAdapterCim provider started with result code 0x0. HostProcess = wmiprvse.exe; ProcessID = 6300; ProviderPath = %systemroot%\system32\wbem\NetAdapterCim.dll"
"5/24/2026 4:37:36 AM","5857","Information","Microsoft-Windows-WMI-Activity","mgmtprovider provider started with result code 0x0. HostProcess = wmiprvse.exe; ProcessID = 4552; ProviderPath = %systemroot%\system32\wbem\mgmtprovider.dll"
"5/24/2026 4:27:39 AM","5857","Information","Microsoft-Windows-WMI-Activity","deploymentprovider provider started with result code 0x0. HostProcess = wmiprvse.exe; ProcessID = 6840; ProviderPath = %systemroot%\system32\wbem\ServerManager.DeploymentProvider.dll"
"5/24/2026 4:27:36 AM","5857","Information","Microsoft-Windows-WMI-Activity","nettcpip provider started with result code 0x0. HostProcess = wmiprvse.exe; ProcessID = 4552; ProviderPath = %systemroot%\system32\wbem\NetTCPIP.dll"
"5/24/2026 4:27:36 AM","5857","Information","Microsoft-Windows-WMI-Activity","NetAdapterCim provider started with result code 0x0. HostProcess = wmiprvse.exe; ProcessID = 5500; ProviderPath = %systemroot%\system32\wbem\NetAdapterCim.dll"
"5/24/2026 4:27:36 AM","5857","Information","Microsoft-Windows-WMI-Activity","mgmtprovider provider started with result code 0x0. HostProcess = wmiprvse.exe; ProcessID = 4552; ProviderPath = %systemroot%\system32\wbem\mgmtprovider.dll"
"5/24/2026 4:25:08 AM","5858","Error","Microsoft-Windows-WMI-Activity","Id = {00000000-0000-0000-0000-000000000000}; ClientMachine = DC; User = NT AUTHORITY\NETWORK SERVICE; ClientProcessId = 1296; Component = Unknown; Operation = Start IWbemServices::ExecQuery - ROOT\CIMV2 : SELECT Manufacturer, Product FROM Win32_BaseBoard; ResultCode = 0x80041032; PossibleCause = Unknown"
"5/24/2026 4:25:08 AM","5857","Information","Microsoft-Windows-WMI-Activity","CIMWin32a provider started with result code 0x0. HostProcess = wmiprvse.exe; ProcessID = 4552; ProviderPath = %systemroot%\system32\wbem\wmipcima.dll"
"5/24/2026 4:17:39 AM","5857","Information","Microsoft-Windows-WMI-Activity","deploymentprovider provider started with result code 0x0. HostProcess = wmiprvse.exe; ProcessID = 6680; ProviderPath = %systemroot%\system32\wbem\ServerManager.DeploymentProvider.dll"
"5/24/2026 4:17:36 AM","5857","Information","Microsoft-Windows-WMI-Activity","nettcpip provider started with result code 0x0. HostProcess = wmiprvse.exe; ProcessID = 4552; ProviderPath = %systemroot%\system32\wbem\NetTCPIP.dll"
"5/24/2026 4:17:36 AM","5857","Information","Microsoft-Windows-WMI-Activity","NetAdapterCim provider started with result code 0x0. HostProcess = wmiprvse.exe; ProcessID = 5860; ProviderPath = %systemroot%\system32\wbem\NetAdapterCim.dll"
"5/24/2026 4:17:36 AM","5857","Information","Microsoft-Windows-WMI-Activity","mgmtprovider provider started with result code 0x0. HostProcess = wmiprvse.exe; ProcessID = 4552; ProviderPath = %systemroot%\system32\wbem\mgmtprovider.dll"
"5/24/2026 4:07:35 AM","5857","Information","Microsoft-Windows-WMI-Activity","deploymentprovider provider started with result code 0x0. HostProcess = wmiprvse.exe; ProcessID = 3576; ProviderPath = %systemroot%\system32\wbem\ServerManager.DeploymentProvider.dll"
"5/24/2026 4:07:32 AM","5857","Information","Microsoft-Windows-WMI-Activity","nettcpip provider started with result code 0x0. HostProcess = wmiprvse.exe; ProcessID = 4552; ProviderPath = %systemroot%\system32\wbem\NetTCPIP.dll"
"5/24/2026 4:07:32 AM","5857","Information","Microsoft-Windows-WMI-Activity","NetAdapterCim provider started with result code 0x0. HostProcess = wmiprvse.exe; ProcessID = 1696; ProviderPath = %systemroot%\system32\wbem\NetAdapterCim.dll"
"5/24/2026 4:07:32 AM","5857","Information","Microsoft-Windows-WMI-Activity","mgmtprovider provider started with result code 0x0. HostProcess = wmiprvse.exe; ProcessID = 4552; ProviderPath = %systemroot%\system32\wbem\mgmtprovider.dll"
"5/24/2026 4:06:04 AM","5858","Error","Microsoft-Windows-WMI-Activity","Id = {CD94BD2B-EB6B-0003-51C4-94CD6BEBDC01}; ClientMachine = DC; User = NT AUTHORITY\SYSTEM; ClientProcessId = 5996; Component = Unknown; Operation = Start IWbemServices::ExecNotificationQuery - ROOT\CIMV2 : SELECT * FROM Win32_ProcessStartTrace WHERE ProcessName = 'wsmprovhost.exe'; ResultCode = 0x80041032; PossibleCause = Unknown"
"5/24/2026 4:00:57 AM","5857","Information","Microsoft-Windows-WMI-Activity","DeliveryOptimizationMIProv provider started with result code 0x0. HostProcess = wmiprvse.exe; ProcessID = 4552; ProviderPath = %SystemRoot%\system32\domgmt.dll"
"5/24/2026 4:00:57 AM","5858","Error","Microsoft-Windows-WMI-Activity","Id = {00000000-0000-0000-0000-000000000000}; ClientMachine = DC; User = NT AUTHORITY\SYSTEM; ClientProcessId = 6184; Component = Unknown; Operation = Start IWbemServices::ExecQuery - root\Microsoft\Windows\DeviceGuard : SELECT AvailableSecurityProperties FROM Win32_DeviceGuard ; ResultCode = 0x80041032; PossibleCause = Unknown"
"5/24/2026 4:00:57 AM","5857","Information","Microsoft-Windows-WMI-Activity","Win32_DeviceGuard provider started with result code 0x0. HostProcess = wmiprvse.exe; ProcessID = 4552; ProviderPath = %SystemRoot%\System32\Win32_DeviceGuard.dll"
"5/24/2026 4:00:56 AM","5857","Information","Microsoft-Windows-WMI-Activity","Win32_TpmProvider provider started with result code 0x0. HostProcess = wmiprvse.exe; ProcessID = 4552; ProviderPath = C:\Windows\System32\wbem\Win32_TPM.dll"
"5/24/2026 4:00:56 AM","5858","Error","Microsoft-Windows-WMI-Activity","Id = {00000000-0000-0000-0000-000000000000}; ClientMachine = DC; User = NT AUTHORITY\SYSTEM; ClientProcessId = 6184; Component = Unknown; Operation = Start IWbemServices::ExecQuery - ROOT\CCM : select ClientId from CCM_Client; ResultCode = 0x80041010; PossibleCause = Unknown"
"5/24/2026 4:00:56 AM","5857","Information","Microsoft-Windows-WMI-Activity","deploymentprovider provider started with result code 0x0. HostProcess = wmiprvse.exe; ProcessID = 7264; ProviderPath = %systemroot%\system32\wbem\ServerManager.DeploymentProvider.dll"
"5/24/2026 4:00:56 AM","5857","Information","Microsoft-Windows-WMI-Activity","ServerFeatureProvider provider started with result code 0x0. HostProcess = wmiprvse.exe; ProcessID = 4552; ProviderPath = %windir%\system32\wbem\servercompprov.dll"
"5/24/2026 3:58:06 AM","5858","Error","Microsoft-Windows-WMI-Activity","Id = {00000000-0000-0000-0000-000000000000}; ClientMachine = DC; User = NT AUTHORITY\SYSTEM; ClientProcessId = 8048; Component = Unknown; Operation = Start IWbemServices::ExecQuery - root\cimv2 : SELECT * FROM Win32_Processor; ResultCode = 0x80041032; PossibleCause = Unknown"
"5/24/2026 3:58:04 AM","5858","Error","Microsoft-Windows-WMI-Activity","Id = {00000000-0000-0000-0000-000000000000}; ClientMachine = DC; User = NT AUTHORITY\SYSTEM; ClientProcessId = 8048; Component = Unknown; Operation = Start IWbemServices::ExecQuery - root\cimv2 : SELECT * FROM Win32_OperatingSystem; ResultCode = 0x80041032; PossibleCause = Unknown"
"5/24/2026 3:57:36 AM","5857","Information","Microsoft-Windows-WMI-Activity","deploymentprovider provider started with result code 0x0. HostProcess = wmiprvse.exe; ProcessID = 7316; ProviderPath = %systemroot%\system32\wbem\ServerManager.DeploymentProvider.dll"
"5/24/2026 3:57:32 AM","5857","Information","Microsoft-Windows-WMI-Activity","nettcpip provider started with result code 0x0. HostProcess = wmiprvse.exe; ProcessID = 4552; ProviderPath = %systemroot%\system32\wbem\NetTCPIP.dll"
"5/24/2026 3:57:32 AM","5857","Information","Microsoft-Windows-WMI-Activity","NetAdapterCim provider started with result code 0x0. HostProcess = wmiprvse.exe; ProcessID = 1376; ProviderPath = %systemroot%\system32\wbem\NetAdapterCim.dll"
"5/24/2026 3:57:32 AM","5857","Information","Microsoft-Windows-WMI-Activity","mgmtprovider provider started with result code 0x0. HostProcess = wmiprvse.exe; ProcessID = 4552; ProviderPath = %systemroot%\system32\wbem\mgmtprovider.dll"
"5/24/2026 3:56:14 AM","5857","Information","Microsoft-Windows-WMI-Activity","MS_NT_EVENTLOG_PROVIDER provider started with result code 0x0. HostProcess = wmiprvse.exe; ProcessID = 4552; ProviderPath = %systemroot%\system32\wbem\ntevt.dll"
"5/24/2026 3:56:03 AM","5860","Information","Microsoft-Windows-WMI-Activity","Namespace = ROOT\CIMV2; NotificationQuery = SELECT * FROM Win32_ProcessStartTrace WHERE ProcessName = 'wsmprovhost.exe'; UserName = NT AUTHORITY\SYSTEM; ClientProcessID = 5996, ClientMachine = DC; PossibleCause = Temporary"
"5/24/2026 3:56:03 AM","5857","Information","Microsoft-Windows-WMI-Activity","WMI Kernel Trace Event Provider provider started with result code 0x0. HostProcess = wmiprvse.exe; ProcessID = 3160; ProviderPath = C:\Windows\System32\wbem\krnlprov.dll"
"5/24/2026 3:56:03 AM","5859","Information","Microsoft-Windows-WMI-Activity","Namespace = //./root/CIMV2; NotificationQuery = select * from MSFT_SCMEventLogEvent; OwnerName = S-1-5-32-544; HostProcessID = 3160;  Provider= SCM Event Provider, queryID = 0; PossibleCause = Permanent"
"5/24/2026 3:56:03 AM","5861","Information","Microsoft-Windows-WMI-Activity","Namespace = //./root/subscription; Eventfilter = SCM Event Log Filter (refer to its activate eventid:5859); Consumer = NTEventLogEventConsumer=""SCM Event Log Consumer""; PossibleCause = Binding EventFilter: 
instance of __EventFilter
{
	CreatorSID = {1, 2, 0, 0, 0, 0, 0, 5, 32, 0, 0, 0, 32, 2, 0, 0};
	EventNamespace = ""root\\cimv2"";
	Name = ""SCM Event Log Filter"";
	Query = ""select * from MSFT_SCMEventLogEvent"";
	QueryLanguage = ""WQL"";
};
Perm. Consumer: 
instance of NTEventLogEventConsumer
{
	Category = 0;
	CreatorSID = {1, 2, 0, 0, 0, 0, 0, 5, 32, 0, 0, 0, 32, 2, 0, 0};
	EventType = 1;
	Name = ""SCM Event Log Consumer"";
	NameOfUserSIDProperty = ""sid"";
	SourceName = ""Service Control Manager"";
};
"
"5/24/2026 3:55:53 AM","5857","Information","Microsoft-Windows-WMI-Activity","WmiPerfClass provider started with result code 0x0. HostProcess = wmiprvse.exe; ProcessID = 5028; ProviderPath = C:\Windows\System32\wbem\WmiPerfClass.dll"
"5/24/2026 3:55:37 AM","5858","Error","Microsoft-Windows-WMI-Activity","Id = {00000000-0000-0000-0000-000000000000}; ClientMachine = DC; User = NT AUTHORITY\NETWORK SERVICE; ClientProcessId = 5336; Component = Unknown; Operation = Start IWbemServices::ExecQuery - ROOT\CIMV2 : SELECT Manufacturer, Product FROM Win32_BaseBoard; ResultCode = 0x80041032; PossibleCause = Unknown"
"5/24/2026 3:55:36 AM","5857","Information","Microsoft-Windows-WMI-Activity","CIMWin32a provider started with result code 0x0. HostProcess = wmiprvse.exe; ProcessID = 4552; ProviderPath = %systemroot%\system32\wbem\wmipcima.dll"
"5/24/2026 3:55:35 AM","5858","Error","Microsoft-Windows-WMI-Activity","Id = {00000000-0000-0000-0000-000000000000}; ClientMachine = DC; User = NT AUTHORITY\SYSTEM; ClientProcessId = 4032; Component = Unknown; Operation = Start IWbemServices::CreateInstanceEnum - root\wmi : MSiSCSI_PortalInfoClass; ResultCode = 0x8004100C; PossibleCause = Unknown"
"5/24/2026 3:55:35 AM","5858","Error","Microsoft-Windows-WMI-Activity","Id = {00000000-0000-0000-0000-000000000000}; ClientMachine = DC; User = NT AUTHORITY\SYSTEM; ClientProcessId = 4032; Component = Unknown; Operation = Start IWbemServices::CreateInstanceEnum - root\wmi : MS_SM_AdapterInformationQuery; ResultCode = 0x8004100C; PossibleCause = Unknown"
"5/24/2026 3:55:35 AM","5857","Information","Microsoft-Windows-WMI-Activity","WMIProv provider started with result code 0x0. HostProcess = wmiprvse.exe; ProcessID = 5028; ProviderPath = %systemroot%\system32\wbem\wmiprov.dll"
"5/24/2026 3:55:34 AM","5857","Information","Microsoft-Windows-WMI-Activity","CIMWin32 provider started with result code 0x0. HostProcess = wmiprvse.exe; ProcessID = 4552; ProviderPath = %systemroot%\system32\wbem\cimwin32.dll"
"5/23/2026 6:13:11 PM","5858","Error","Microsoft-Windows-WMI-Activity","Id = {CE04B360-EB19-0003-97B6-04CE19EBDC01}; ClientMachine = DC; User = NT AUTHORITY\SYSTEM; ClientProcessId = 5988; Component = Unknown; Operation = Start IWbemServices::ExecNotificationQuery - ROOT\CIMV2 : SELECT * FROM Win32_ProcessStartTrace WHERE ProcessName = 'wsmprovhost.exe'; ResultCode = 0x80041032; PossibleCause = Unknown"
"5/23/2026 6:11:08 PM","5858","Error","Microsoft-Windows-WMI-Activity","Id = {00000000-0000-0000-0000-000000000000}; ClientMachine = DC; User = NT AUTHORITY\SYSTEM; ClientProcessId = 5312; Component = Unknown; Operation = Start IWbemServices::ExecQuery - root\cimv2 : SELECT * FROM Win32_Processor; ResultCode = 0x80041032; PossibleCause = Unknown"
"5/23/2026 6:11:05 PM","5858","Error","Microsoft-Windows-WMI-Activity","Id = {00000000-0000-0000-0000-000000000000}; ClientMachine = DC; User = NT AUTHORITY\SYSTEM; ClientProcessId = 5312; Component = Unknown; Operation = Start IWbemServices::ExecQuery - root\cimv2 : SELECT * FROM Win32_OperatingSystem; ResultCode = 0x80041032; PossibleCause = Unknown"
"5/23/2026 6:09:47 PM","5857","Information","Microsoft-Windows-WMI-Activity","deploymentprovider provider started with result code 0x0. HostProcess = wmiprvse.exe; ProcessID = 7656; ProviderPath = %systemroot%\system32\wbem\ServerManager.DeploymentProvider.dll"
"5/23/2026 6:09:44 PM","5857","Information","Microsoft-Windows-WMI-Activity","nettcpip provider started with result code 0x0. HostProcess = wmiprvse.exe; ProcessID = 4508; ProviderPath = %systemroot%\system32\wbem\NetTCPIP.dll"
"5/23/2026 6:09:44 PM","5857","Information","Microsoft-Windows-WMI-Activity","NetAdapterCim provider started with result code 0x0. HostProcess = wmiprvse.exe; ProcessID = 7176; ProviderPath = %systemroot%\system32\wbem\NetAdapterCim.dll"
"5/23/2026 6:09:43 PM","5857","Information","Microsoft-Windows-WMI-Activity","mgmtprovider provider started with result code 0x0. HostProcess = wmiprvse.exe; ProcessID = 4508; ProviderPath = %systemroot%\system32\wbem\mgmtprovider.dll"
"5/23/2026 6:09:15 PM","5857","Information","Microsoft-Windows-WMI-Activity","MS_NT_EVENTLOG_PROVIDER provider started with result code 0x0. HostProcess = wmiprvse.exe; ProcessID = 4508; ProviderPath = %systemroot%\system32\wbem\ntevt.dll"
"5/23/2026 6:09:05 PM","5860","Information","Microsoft-Windows-WMI-Activity","Namespace = ROOT\CIMV2; NotificationQuery = SELECT * FROM Win32_ProcessStartTrace WHERE ProcessName = 'wsmprovhost.exe'; UserName = NT AUTHORITY\SYSTEM; ClientProcessID = 5988, ClientMachine = DC; PossibleCause = Temporary"
"5/23/2026 6:09:05 PM","5857","Information","Microsoft-Windows-WMI-Activity","WMI Kernel Trace Event Provider provider started with result code 0x0. HostProcess = wmiprvse.exe; ProcessID = 3104; ProviderPath = C:\Windows\System32\wbem\krnlprov.dll"
"5/23/2026 6:09:05 PM","5859","Information","Microsoft-Windows-WMI-Activity","Namespace = //./root/CIMV2; NotificationQuery = select * from MSFT_SCMEventLogEvent; OwnerName = S-1-5-32-544; HostProcessID = 3104;  Provider= SCM Event Provider, queryID = 0; PossibleCause = Permanent"
"5/23/2026 6:09:05 PM","5861","Information","Microsoft-Windows-WMI-Activity","Namespace = //./root/subscription; Eventfilter = SCM Event Log Filter (refer to its activate eventid:5859); Consumer = NTEventLogEventConsumer=""SCM Event Log Consumer""; PossibleCause = Binding EventFilter: 
instance of __EventFilter
{
	CreatorSID = {1, 2, 0, 0, 0, 0, 0, 5, 32, 0, 0, 0, 32, 2, 0, 0};
	EventNamespace = ""root\\cimv2"";
	Name = ""SCM Event Log Filter"";
	Query = ""select * from MSFT_SCMEventLogEvent"";
	QueryLanguage = ""WQL"";
};
Perm. Consumer: 
instance of NTEventLogEventConsumer
{
	Category = 0;
	CreatorSID = {1, 2, 0, 0, 0, 0, 0, 5, 32, 0, 0, 0, 32, 2, 0, 0};
	EventType = 1;
	Name = ""SCM Event Log Consumer"";
	NameOfUserSIDProperty = ""sid"";
	SourceName = ""Service Control Manager"";
};
"
"5/23/2026 6:08:57 PM","5858","Error","Microsoft-Windows-WMI-Activity","Id = {00000000-0000-0000-0000-000000000000}; ClientMachine = DC; User = NT AUTHORITY\NETWORK SERVICE; ClientProcessId = 5412; Component = Unknown; Operation = Start IWbemServices::ExecQuery - ROOT\CIMV2 : SELECT Manufacturer, Product FROM Win32_BaseBoard; ResultCode = 0x80041032; PossibleCause = Unknown"
"5/23/2026 6:08:56 PM","5857","Information","Microsoft-Windows-WMI-Activity","CIMWin32a provider started with result code 0x0. HostProcess = wmiprvse.exe; ProcessID = 4508; ProviderPath = %systemroot%\system32\wbem\wmipcima.dll"
"5/23/2026 6:08:55 PM","5857","Information","Microsoft-Windows-WMI-Activity","WmiPerfClass provider started with result code 0x0. HostProcess = wmiprvse.exe; ProcessID = 4924; ProviderPath = C:\Windows\System32\wbem\WmiPerfClass.dll"
"5/23/2026 6:08:36 PM","5858","Error","Microsoft-Windows-WMI-Activity","Id = {00000000-0000-0000-0000-000000000000}; ClientMachine = DC; User = NT AUTHORITY\SYSTEM; ClientProcessId = 4140; Component = Unknown; Operation = Start IWbemServices::CreateInstanceEnum - root\wmi : MSiSCSI_PortalInfoClass; ResultCode = 0x8004100C; PossibleCause = Unknown"
"5/23/2026 6:08:36 PM","5858","Error","Microsoft-Windows-WMI-Activity","Id = {00000000-0000-0000-0000-000000000000}; ClientMachine = DC; User = NT AUTHORITY\SYSTEM; ClientProcessId = 4140; Component = Unknown; Operation = Start IWbemServices::CreateInstanceEnum - root\wmi : MS_SM_AdapterInformationQuery; ResultCode = 0x8004100C; PossibleCause = Unknown"
"5/23/2026 6:08:36 PM","5857","Information","Microsoft-Windows-WMI-Activity","WMIProv provider started with result code 0x0. HostProcess = wmiprvse.exe; ProcessID = 4924; ProviderPath = %systemroot%\system32\wbem\wmiprov.dll"
"5/23/2026 6:08:35 PM","5857","Information","Microsoft-Windows-WMI-Activity","CIMWin32 provider started with result code 0x0. HostProcess = wmiprvse.exe; ProcessID = 4508; ProviderPath = %systemroot%\system32\wbem\cimwin32.dll"
"5/23/2026 5:35:41 PM","5857","Information","Microsoft-Windows-WMI-Activity","CIMWin32a provider started with result code 0x0. HostProcess = wmiprvse.exe; ProcessID = 5032; ProviderPath = %systemroot%\system32\wbem\wmipcima.dll"
"5/23/2026 5:26:11 PM","5857","Information","Microsoft-Windows-WMI-Activity","CIMWin32a provider started with result code 0x0. HostProcess = wmiprvse.exe; ProcessID = 5032; ProviderPath = %systemroot%\system32\wbem\wmipcima.dll"
"5/23/2026 5:22:38 PM","5857","Information","Microsoft-Windows-WMI-Activity","CIMWin32a provider started with result code 0x0. HostProcess = wmiprvse.exe; ProcessID = 5032; ProviderPath = %systemroot%\system32\wbem\wmipcima.dll"
"5/23/2026 5:21:03 PM","5857","Information","Microsoft-Windows-WMI-Activity","deploymentprovider provider started with result code 0x0. HostProcess = wmiprvse.exe; ProcessID = 5740; ProviderPath = %systemroot%\system32\wbem\ServerManager.DeploymentProvider.dll"
"5/23/2026 5:21:00 PM","5857","Information","Microsoft-Windows-WMI-Activity","nettcpip provider started with result code 0x0. HostProcess = wmiprvse.exe; ProcessID = 5032; ProviderPath = %systemroot%\system32\wbem\NetTCPIP.dll"
"5/23/2026 5:21:00 PM","5857","Information","Microsoft-Windows-WMI-Activity","NetAdapterCim provider started with result code 0x0. HostProcess = wmiprvse.exe; ProcessID = 3888; ProviderPath = %systemroot%\system32\wbem\NetAdapterCim.dll"
"5/23/2026 5:21:00 PM","5857","Information","Microsoft-Windows-WMI-Activity","mgmtprovider provider started with result code 0x0. HostProcess = wmiprvse.exe; ProcessID = 5032; ProviderPath = %systemroot%\system32\wbem\mgmtprovider.dll"
"5/23/2026 5:16:34 PM","5857","Information","Microsoft-Windows-WMI-Activity","deploymentprovider provider started with result code 0x0. HostProcess = wmiprvse.exe; ProcessID = 4292; ProviderPath = %systemroot%\system32\wbem\ServerManager.DeploymentProvider.dll"
"5/23/2026 5:16:32 PM","5857","Information","Microsoft-Windows-WMI-Activity","nettcpip provider started with result code 0x0. HostProcess = wmiprvse.exe; ProcessID = 5032; ProviderPath = %systemroot%\system32\wbem\NetTCPIP.dll"
"5/23/2026 5:16:32 PM","5857","Information","Microsoft-Windows-WMI-Activity","NetAdapterCim provider started with result code 0x0. HostProcess = wmiprvse.exe; ProcessID = 2376; ProviderPath = %systemroot%\system32\wbem\NetAdapterCim.dll"
"5/23/2026 5:16:32 PM","5857","Information","Microsoft-Windows-WMI-Activity","mgmtprovider provider started with result code 0x0. HostProcess = wmiprvse.exe; ProcessID = 5032; ProviderPath = %systemroot%\system32\wbem\mgmtprovider.dll"
"5/23/2026 5:15:43 PM","5858","Error","Microsoft-Windows-WMI-Activity","Id = {F2B15606-EB10-0003-D957-B1F210EBDC01}; ClientMachine = DC; User = NT AUTHORITY\SYSTEM; ClientProcessId = 5992; Component = Unknown; Operation = Start IWbemServices::ExecNotificationQuery - ROOT\CIMV2 : SELECT * FROM Win32_ProcessStartTrace WHERE ProcessName = 'wsmprovhost.exe'; ResultCode = 0x80041032; PossibleCause = Unknown"
"5/23/2026 5:13:43 PM","5857","Information","Microsoft-Windows-WMI-Activity","WMIProv provider started with result code 0x0. HostProcess = wmiprvse.exe; ProcessID = 5024; ProviderPath = %systemroot%\system32\wbem\wmiprov.dll"
"5/23/2026 5:07:46 PM","5858","Error","Microsoft-Windows-WMI-Activity","Id = {00000000-0000-0000-0000-000000000000}; ClientMachine = DC; User = NT AUTHORITY\SYSTEM; ClientProcessId = 8056; Component = Unknown; Operation = Start IWbemServices::ExecQuery - root\cimv2 : SELECT * FROM Win32_ComputerSystem; ResultCode = 0x80041032; PossibleCause = Unknown"
"5/23/2026 5:07:43 PM","5858","Error","Microsoft-Windows-WMI-Activity","Id = {00000000-0000-0000-0000-000000000000}; ClientMachine = DC; User = NT AUTHORITY\SYSTEM; ClientProcessId = 8056; Component = Unknown; Operation = Start IWbemServices::ExecQuery - root\cimv2 : SELECT * FROM Win32_OperatingSystem; ResultCode = 0x80041032; PossibleCause = Unknown"
"5/23/2026 5:07:43 PM","5858","Error","Microsoft-Windows-WMI-Activity","Id = {00000000-0000-0000-0000-000000000000}; ClientMachine = DC; User = NT AUTHORITY\SYSTEM; ClientProcessId = 8056; Component = Unknown; Operation = Start IWbemServices::ExecQuery - root\cimv2 : SELECT * FROM Win32_ComputerSystem; ResultCode = 0x80041032; PossibleCause = Unknown"
"5/23/2026 5:07:43 PM","5858","Error","Microsoft-Windows-WMI-Activity","Id = {00000000-0000-0000-0000-000000000000}; ClientMachine = DC; User = NT AUTHORITY\SYSTEM; ClientProcessId = 8056; Component = Unknown; Operation = Start IWbemServices::ExecQuery - root\cimv2 : SELECT * FROM Win32_ComputerSystem; ResultCode = 0x80041032; PossibleCause = Unknown"
"5/23/2026 5:07:43 PM","5858","Error","Microsoft-Windows-WMI-Activity","Id = {00000000-0000-0000-0000-000000000000}; ClientMachine = DC; User = NT AUTHORITY\SYSTEM; ClientProcessId = 8056; Component = Unknown; Operation = Start IWbemServices::ExecQuery - root\cimv2 : SELECT * FROM Win32_ComputerSystemProduct; ResultCode = 0x80041032; PossibleCause = Unknown"
"5/23/2026 5:06:35 PM","5857","Information","Microsoft-Windows-WMI-Activity","deploymentprovider provider started with result code 0x0. HostProcess = wmiprvse.exe; ProcessID = 7416; ProviderPath = %systemroot%\system32\wbem\ServerManager.DeploymentProvider.dll"
"5/23/2026 5:06:32 PM","5857","Information","Microsoft-Windows-WMI-Activity","nettcpip provider started with result code 0x0. HostProcess = wmiprvse.exe; ProcessID = 5032; ProviderPath = %systemroot%\system32\wbem\NetTCPIP.dll"
"5/23/2026 5:06:32 PM","5857","Information","Microsoft-Windows-WMI-Activity","NetAdapterCim provider started with result code 0x0. HostProcess = wmiprvse.exe; ProcessID = 7228; ProviderPath = %systemroot%\system32\wbem\NetAdapterCim.dll"
"5/23/2026 5:06:32 PM","5857","Information","Microsoft-Windows-WMI-Activity","mgmtprovider provider started with result code 0x0. HostProcess = wmiprvse.exe; ProcessID = 5032; ProviderPath = %systemroot%\system32\wbem\mgmtprovider.dll"
"5/23/2026 5:05:58 PM","5857","Information","Microsoft-Windows-WMI-Activity","MS_NT_EVENTLOG_PROVIDER provider started with result code 0x0. HostProcess = wmiprvse.exe; ProcessID = 5032; ProviderPath = %systemroot%\system32\wbem\ntevt.dll"
"5/23/2026 5:05:43 PM","5860","Information","Microsoft-Windows-WMI-Activity","Namespace = ROOT\CIMV2; NotificationQuery = SELECT * FROM Win32_ProcessStartTrace WHERE ProcessName = 'wsmprovhost.exe'; UserName = NT AUTHORITY\SYSTEM; ClientProcessID = 5992, ClientMachine = DC; PossibleCause = Temporary"
"5/23/2026 5:05:43 PM","5857","Information","Microsoft-Windows-WMI-Activity","WMI Kernel Trace Event Provider provider started with result code 0x0. HostProcess = wmiprvse.exe; ProcessID = 3200; ProviderPath = C:\Windows\System32\wbem\krnlprov.dll"
"5/23/2026 5:05:43 PM","5859","Information","Microsoft-Windows-WMI-Activity","Namespace = //./root/CIMV2; NotificationQuery = select * from MSFT_SCMEventLogEvent; OwnerName = S-1-5-32-544; HostProcessID = 3200;  Provider= SCM Event Provider, queryID = 0; PossibleCause = Permanent"
"5/23/2026 5:05:43 PM","5861","Information","Microsoft-Windows-WMI-Activity","Namespace = //./root/subscription; Eventfilter = SCM Event Log Filter (refer to its activate eventid:5859); Consumer = NTEventLogEventConsumer=""SCM Event Log Consumer""; PossibleCause = Binding EventFilter: 
instance of __EventFilter
{
	CreatorSID = {1, 2, 0, 0, 0, 0, 0, 5, 32, 0, 0, 0, 32, 2, 0, 0};
	EventNamespace = ""root\\cimv2"";
	Name = ""SCM Event Log Filter"";
	Query = ""select * from MSFT_SCMEventLogEvent"";
	QueryLanguage = ""WQL"";
};
Perm. Consumer: 
instance of NTEventLogEventConsumer
{
	Category = 0;
	CreatorSID = {1, 2, 0, 0, 0, 0, 0, 5, 32, 0, 0, 0, 32, 2, 0, 0};
	EventType = 1;
	Name = ""SCM Event Log Consumer"";
	NameOfUserSIDProperty = ""sid"";
	SourceName = ""Service Control Manager"";
};
"
"5/23/2026 5:05:41 PM","5858","Error","Microsoft-Windows-WMI-Activity","Id = {00000000-0000-0000-0000-000000000000}; ClientMachine = DC; User = NT AUTHORITY\NETWORK SERVICE; ClientProcessId = 5768; Component = Unknown; Operation = Start IWbemServices::ExecQuery - ROOT\CIMV2 : SELECT Manufacturer, Product FROM Win32_BaseBoard; ResultCode = 0x80041032; PossibleCause = Unknown"
"5/23/2026 5:05:41 PM","5857","Information","Microsoft-Windows-WMI-Activity","CIMWin32a provider started with result code 0x0. HostProcess = wmiprvse.exe; ProcessID = 5032; ProviderPath = %systemroot%\system32\wbem\wmipcima.dll"
"5/23/2026 5:05:37 PM","5857","Information","Microsoft-Windows-WMI-Activity","WmiPerfClass provider started with result code 0x0. HostProcess = wmiprvse.exe; ProcessID = 5024; ProviderPath = C:\Windows\System32\wbem\WmiPerfClass.dll"
"5/23/2026 5:05:14 PM","5858","Error","Microsoft-Windows-WMI-Activity","Id = {00000000-0000-0000-0000-000000000000}; ClientMachine = DC; User = NT AUTHORITY\SYSTEM; ClientProcessId = 4084; Component = Unknown; Operation = Start IWbemServices::CreateInstanceEnum - root\wmi : MSiSCSI_PortalInfoClass; ResultCode = 0x8004100C; PossibleCause = Unknown"
"5/23/2026 5:05:14 PM","5858","Error","Microsoft-Windows-WMI-Activity","Id = {00000000-0000-0000-0000-000000000000}; ClientMachine = DC; User = NT AUTHORITY\SYSTEM; ClientProcessId = 4084; Component = Unknown; Operation = Start IWbemServices::CreateInstanceEnum - root\wmi : MS_SM_AdapterInformationQuery; ResultCode = 0x8004100C; PossibleCause = Unknown"
"5/23/2026 5:05:14 PM","5857","Information","Microsoft-Windows-WMI-Activity","WMIProv provider started with result code 0x0. HostProcess = wmiprvse.exe; ProcessID = 5024; ProviderPath = %systemroot%\system32\wbem\wmiprov.dll"
"5/23/2026 5:05:14 PM","5857","Information","Microsoft-Windows-WMI-Activity","CIMWin32 provider started with result code 0x0. HostProcess = wmiprvse.exe; ProcessID = 5032; ProviderPath = %systemroot%\system32\wbem\cimwin32.dll"
"5/23/2026 5:02:07 PM","5857","Information","Microsoft-Windows-WMI-Activity","deploymentprovider provider started with result code 0x0. HostProcess = wmiprvse.exe; ProcessID = 5304; ProviderPath = %systemroot%\system32\wbem\ServerManager.DeploymentProvider.dll"
"5/23/2026 5:02:05 PM","5857","Information","Microsoft-Windows-WMI-Activity","nettcpip provider started with result code 0x0. HostProcess = wmiprvse.exe; ProcessID = 4760; ProviderPath = %systemroot%\system32\wbem\NetTCPIP.dll"
"5/23/2026 5:02:05 PM","5857","Information","Microsoft-Windows-WMI-Activity","NetAdapterCim provider started with result code 0x0. HostProcess = wmiprvse.exe; ProcessID = 2464; ProviderPath = %systemroot%\system32\wbem\NetAdapterCim.dll"
"5/23/2026 5:02:05 PM","5857","Information","Microsoft-Windows-WMI-Activity","mgmtprovider provider started with result code 0x0. HostProcess = wmiprvse.exe; ProcessID = 4760; ProviderPath = %systemroot%\system32\wbem\mgmtprovider.dll"
"5/23/2026 5:00:38 PM","5857","Information","Microsoft-Windows-WMI-Activity","ScheduledTaskProv provider started with result code 0x0. HostProcess = wmiprvse.exe; ProcessID = 4760; ProviderPath = %SYSTEMROOT%\System32\wbem\schedprov.dll"
"5/23/2026 5:00:06 PM","5857","Information","Microsoft-Windows-WMI-Activity","ScheduledTaskProv provider started with result code 0x0. HostProcess = wmiprvse.exe; ProcessID = 4760; ProviderPath = %SYSTEMROOT%\System32\wbem\schedprov.dll"
"5/23/2026 4:58:31 PM","5857","Information","Microsoft-Windows-WMI-Activity","ScheduledTaskProv provider started with result code 0x0. HostProcess = wmiprvse.exe; ProcessID = 4760; ProviderPath = %SYSTEMROOT%\System32\wbem\schedprov.dll"
"5/23/2026 4:55:19 PM","5857","Information","Microsoft-Windows-WMI-Activity","ScheduledTaskProv provider started with result code 0x0. HostProcess = wmiprvse.exe; ProcessID = 4760; ProviderPath = %SYSTEMROOT%\System32\wbem\schedprov.dll"
"5/23/2026 4:54:04 PM","5857","Information","Microsoft-Windows-WMI-Activity","ScheduledTaskProv provider started with result code 0x0. HostProcess = wmiprvse.exe; ProcessID = 4760; ProviderPath = %SYSTEMROOT%\System32\wbem\schedprov.dll"
"5/23/2026 4:52:07 PM","5857","Information","Microsoft-Windows-WMI-Activity","deploymentprovider provider started with result code 0x0. HostProcess = wmiprvse.exe; ProcessID = 1340; ProviderPath = %systemroot%\system32\wbem\ServerManager.DeploymentProvider.dll"
"5/23/2026 4:52:05 PM","5857","Information","Microsoft-Windows-WMI-Activity","nettcpip provider started with result code 0x0. HostProcess = wmiprvse.exe; ProcessID = 4760; ProviderPath = %systemroot%\system32\wbem\NetTCPIP.dll"
"5/23/2026 4:52:05 PM","5857","Information","Microsoft-Windows-WMI-Activity","NetAdapterCim provider started with result code 0x0. HostProcess = wmiprvse.exe; ProcessID = 7284; ProviderPath = %systemroot%\system32\wbem\NetAdapterCim.dll"
"5/23/2026 4:52:05 PM","5857","Information","Microsoft-Windows-WMI-Activity","mgmtprovider provider started with result code 0x0. HostProcess = wmiprvse.exe; ProcessID = 4760; ProviderPath = %systemroot%\system32\wbem\mgmtprovider.dll"
"5/23/2026 4:42:07 PM","5857","Information","Microsoft-Windows-WMI-Activity","deploymentprovider provider started with result code 0x0. HostProcess = wmiprvse.exe; ProcessID = 616; ProviderPath = %systemroot%\system32\wbem\ServerManager.DeploymentProvider.dll"
"5/23/2026 4:42:05 PM","5857","Information","Microsoft-Windows-WMI-Activity","nettcpip provider started with result code 0x0. HostProcess = wmiprvse.exe; ProcessID = 4760; ProviderPath = %systemroot%\system32\wbem\NetTCPIP.dll"
"5/23/2026 4:42:05 PM","5857","Information","Microsoft-Windows-WMI-Activity","NetAdapterCim provider started with result code 0x0. HostProcess = wmiprvse.exe; ProcessID = 5960; ProviderPath = %systemroot%\system32\wbem\NetAdapterCim.dll"
"5/23/2026 4:42:05 PM","5857","Information","Microsoft-Windows-WMI-Activity","mgmtprovider provider started with result code 0x0. HostProcess = wmiprvse.exe; ProcessID = 4760; ProviderPath = %systemroot%\system32\wbem\mgmtprovider.dll"
"5/23/2026 4:33:44 PM","5857","Information","Microsoft-Windows-WMI-Activity","WMIProv provider started with result code 0x0. HostProcess = wmiprvse.exe; ProcessID = 3492; ProviderPath = %systemroot%\system32\wbem\wmiprov.dll"
"5/23/2026 4:32:33 PM","5858","Error","Microsoft-Windows-WMI-Activity","Id = {00000000-0000-0000-0000-000000000000}; ClientMachine = DC; User = NT AUTHORITY\SYSTEM; ClientProcessId = 1428; Component = Unknown; Operation = Start IWbemServices::ExecQuery - root\cimv2 : SELECT FreeSpace FROM Win32_LogicalDisk WHERE DeviceId = ""C:""; ResultCode = 0x80041032; PossibleCause = Unknown"
"5/23/2026 4:32:33 PM","5858","Error","Microsoft-Windows-WMI-Activity","Id = {00000000-0000-0000-0000-000000000000}; ClientMachine = DC; User = NT AUTHORITY\SYSTEM; ClientProcessId = 1428; Component = Unknown; Operation = Start IWbemServices::ExecQuery - ROOT\CIMV2 : SELECT State FROM Win32_Service; ResultCode = 0x80041032; PossibleCause = Unknown"
"5/23/2026 4:32:33 PM","5857","Information","Microsoft-Windows-WMI-Activity","Win32_WIN32_TERMINALSERVICE_Prov provider started with result code 0x0. HostProcess = wmiprvse.exe; ProcessID = 4760; ProviderPath = %SystemRoot%\system32\tscfgwmi.dll"
"5/23/2026 4:32:30 PM","5857","Information","Microsoft-Windows-WMI-Activity","Microsoft|DSLDAPInstanceProvider|V1.0 provider started with result code 0x0. HostProcess = wmiprvse.exe; ProcessID = 4760; ProviderPath = %systemroot%\system32\wbem\dsprov.dll"
"5/23/2026 4:32:30 PM","5857","Information","Microsoft-Windows-WMI-Activity","Microsoft|DSLDAPClassProvider|V1.0 provider started with result code 0x0. HostProcess = wmiprvse.exe; ProcessID = 4760; ProviderPath = %systemroot%\system32\wbem\dsprov.dll"
"5/23/2026 4:32:07 PM","5857","Information","Microsoft-Windows-WMI-Activity","deploymentprovider provider started with result code 0x0. HostProcess = wmiprvse.exe; ProcessID = 7256; ProviderPath = %systemroot%\system32\wbem\ServerManager.DeploymentProvider.dll"
"5/23/2026 4:32:05 PM","5857","Information","Microsoft-Windows-WMI-Activity","nettcpip provider started with result code 0x0. HostProcess = wmiprvse.exe; ProcessID = 4760; ProviderPath = %systemroot%\system32\wbem\NetTCPIP.dll"
"5/23/2026 4:32:05 PM","5857","Information","Microsoft-Windows-WMI-Activity","NetAdapterCim provider started with result code 0x0. HostProcess = wmiprvse.exe; ProcessID = 7788; ProviderPath = %systemroot%\system32\wbem\NetAdapterCim.dll"
"5/23/2026 4:32:05 PM","5857","Information","Microsoft-Windows-WMI-Activity","mgmtprovider provider started with result code 0x0. HostProcess = wmiprvse.exe; ProcessID = 4760; ProviderPath = %systemroot%\system32\wbem\mgmtprovider.dll"
"5/23/2026 4:30:57 PM","5857","Information","Microsoft-Windows-WMI-Activity","CIMWin32a provider started with result code 0x0. HostProcess = wmiprvse.exe; ProcessID = 4760; ProviderPath = %systemroot%\system32\wbem\wmipcima.dll"
"5/23/2026 4:22:07 PM","5857","Information","Microsoft-Windows-WMI-Activity","deploymentprovider provider started with result code 0x0. HostProcess = wmiprvse.exe; ProcessID = 3052; ProviderPath = %systemroot%\system32\wbem\ServerManager.DeploymentProvider.dll"
"5/23/2026 4:22:05 PM","5857","Information","Microsoft-Windows-WMI-Activity","nettcpip provider started with result code 0x0. HostProcess = wmiprvse.exe; ProcessID = 4760; ProviderPath = %systemroot%\system32\wbem\NetTCPIP.dll"
"5/23/2026 4:22:05 PM","5857","Information","Microsoft-Windows-WMI-Activity","NetAdapterCim provider started with result code 0x0. HostProcess = wmiprvse.exe; ProcessID = 7572; ProviderPath = %systemroot%\system32\wbem\NetAdapterCim.dll"
"5/23/2026 4:22:05 PM","5857","Information","Microsoft-Windows-WMI-Activity","mgmtprovider provider started with result code 0x0. HostProcess = wmiprvse.exe; ProcessID = 4760; ProviderPath = %systemroot%\system32\wbem\mgmtprovider.dll"
"5/23/2026 4:19:36 PM","5857","Information","Microsoft-Windows-WMI-Activity","WMIProv provider started with result code 0x0. HostProcess = wmiprvse.exe; ProcessID = 3492; ProviderPath = %systemroot%\system32\wbem\wmiprov.dll"
"5/23/2026 4:12:56 PM","5857","Information","Microsoft-Windows-WMI-Activity","CIMWin32a provider started with result code 0x0. HostProcess = wmiprvse.exe; ProcessID = 4760; ProviderPath = %systemroot%\system32\wbem\wmipcima.dll"
"5/23/2026 4:12:07 PM","5857","Information","Microsoft-Windows-WMI-Activity","deploymentprovider provider started with result code 0x0. HostProcess = wmiprvse.exe; ProcessID = 3052; ProviderPath = %systemroot%\system32\wbem\ServerManager.DeploymentProvider.dll"
"5/23/2026 4:12:05 PM","5857","Information","Microsoft-Windows-WMI-Activity","nettcpip provider started with result code 0x0. HostProcess = wmiprvse.exe; ProcessID = 4760; ProviderPath = %systemroot%\system32\wbem\NetTCPIP.dll"
"5/23/2026 4:12:05 PM","5857","Information","Microsoft-Windows-WMI-Activity","NetAdapterCim provider started with result code 0x0. HostProcess = wmiprvse.exe; ProcessID = 3996; ProviderPath = %systemroot%\system32\wbem\NetAdapterCim.dll"
"5/23/2026 4:12:05 PM","5857","Information","Microsoft-Windows-WMI-Activity","mgmtprovider provider started with result code 0x0. HostProcess = wmiprvse.exe; ProcessID = 4760; ProviderPath = %systemroot%\system32\wbem\mgmtprovider.dll"
"5/23/2026 4:09:15 PM","5857","Information","Microsoft-Windows-WMI-Activity","WMIProv provider started with result code 0x0. HostProcess = wmiprvse.exe; ProcessID = 3492; ProviderPath = %systemroot%\system32\wbem\wmiprov.dll"
"5/23/2026 4:03:17 PM","5858","Error","Microsoft-Windows-WMI-Activity","Id = {00000000-0000-0000-0000-000000000000}; ClientMachine = DC; User = NT AUTHORITY\SYSTEM; ClientProcessId = 8180; Component = Unknown; Operation = Start IWbemServices::ExecQuery - root\cimv2 : SELECT * FROM Win32_ComputerSystem; ResultCode = 0x80041032; PossibleCause = Unknown"
"5/23/2026 4:03:15 PM","5858","Error","Microsoft-Windows-WMI-Activity","Id = {00000000-0000-0000-0000-000000000000}; ClientMachine = DC; User = NT AUTHORITY\SYSTEM; ClientProcessId = 8180; Component = Unknown; Operation = Start IWbemServices::ExecQuery - root\cimv2 : SELECT * FROM Win32_OperatingSystem; ResultCode = 0x80041032; PossibleCause = Unknown"
"5/23/2026 4:02:29 PM","5859","Information","Microsoft-Windows-WMI-Activity","Namespace = //./root/CIMV2; NotificationQuery = select * from MSFT_SCMEventLogEvent; OwnerName = S-1-5-32-544; HostProcessID = 3260;  Provider= SCM Event Provider, queryID = 0; PossibleCause = Permanent"
"5/23/2026 4:02:29 PM","5861","Information","Microsoft-Windows-WMI-Activity","Namespace = //./root/subscription; Eventfilter = SCM Event Log Filter (refer to its activate eventid:5859); Consumer = NTEventLogEventConsumer=""SCM Event Log Consumer""; PossibleCause = Binding EventFilter: 
instance of __EventFilter
{
	CreatorSID = {1, 2, 0, 0, 0, 0, 0, 5, 32, 0, 0, 0, 32, 2, 0, 0};
	EventNamespace = ""root\\cimv2"";
	Name = ""SCM Event Log Filter"";
	Query = ""select * from MSFT_SCMEventLogEvent"";
	QueryLanguage = ""WQL"";
};
Perm. Consumer: 
instance of NTEventLogEventConsumer
{
	Category = 0;
	CreatorSID = {1, 2, 0, 0, 0, 0, 0, 5, 32, 0, 0, 0, 32, 2, 0, 0};
	EventType = 1;
	Name = ""SCM Event Log Consumer"";
	NameOfUserSIDProperty = ""sid"";
	SourceName = ""Service Control Manager"";
};
"
"5/23/2026 4:02:09 PM","5857","Information","Microsoft-Windows-WMI-Activity","deploymentprovider provider started with result code 0x0. HostProcess = wmiprvse.exe; ProcessID = 6140; ProviderPath = %systemroot%\system32\wbem\ServerManager.DeploymentProvider.dll"
"5/23/2026 4:02:05 PM","5857","Information","Microsoft-Windows-WMI-Activity","nettcpip provider started with result code 0x0. HostProcess = wmiprvse.exe; ProcessID = 4760; ProviderPath = %systemroot%\system32\wbem\NetTCPIP.dll"
"5/23/2026 4:02:05 PM","5857","Information","Microsoft-Windows-WMI-Activity","NetAdapterCim provider started with result code 0x0. HostProcess = wmiprvse.exe; ProcessID = 2672; ProviderPath = %systemroot%\system32\wbem\NetAdapterCim.dll"
"5/23/2026 4:02:05 PM","5857","Information","Microsoft-Windows-WMI-Activity","mgmtprovider provider started with result code 0x0. HostProcess = wmiprvse.exe; ProcessID = 4760; ProviderPath = %systemroot%\system32\wbem\mgmtprovider.dll"
"5/23/2026 4:01:59 PM","5858","Error","Microsoft-Windows-WMI-Activity","Id = {20650CF2-55C0-45A0-9CAC-B8E8E3FDDA9C}; ClientMachine = DC; User = NT AUTHORITY\SYSTEM; ClientProcessId = 1544; Component = Unknown; Operation = Start IWbemServices::DeleteInstance - Root\Rsop\User\S_1_5_21_365932789_2848835602_3476675013_500 : RSOP_ExtensionStatus.extensionGuid=""{FB2CA36D-0B40-4307-821B-A13B252DE56C}""; ResultCode = 0x80041002; PossibleCause = Unknown"
"5/23/2026 4:01:59 PM","5858","Error","Microsoft-Windows-WMI-Activity","Id = {20650CF2-55C0-45A0-9CAC-B8E8E3FDDA9C}; ClientMachine = DC; User = NT AUTHORITY\SYSTEM; ClientProcessId = 1544; Component = Unknown; Operation = Start IWbemServices::DeleteInstance - Root\Rsop\User\S_1_5_21_365932789_2848835602_3476675013_500 : RSOP_ExtensionStatus.extensionGuid=""{F9C77450-3A41-477E-9310-9ACD617BD9E3}""; ResultCode = 0x80041002; PossibleCause = Unknown"
"5/23/2026 4:01:59 PM","5858","Error","Microsoft-Windows-WMI-Activity","Id = {20650CF2-55C0-45A0-9CAC-B8E8E3FDDA9C}; ClientMachine = DC; User = NT AUTHORITY\SYSTEM; ClientProcessId = 1544; Component = Unknown; Operation = Start IWbemServices::DeleteInstance - Root\Rsop\User\S_1_5_21_365932789_2848835602_3476675013_500 : RSOP_ExtensionStatus.extensionGuid=""{E62688F0-25FD-4c90-BFF5-F508B9D2E31F}""; ResultCode = 0x80041002; PossibleCause = Unknown"
"5/23/2026 4:01:59 PM","5858","Error","Microsoft-Windows-WMI-Activity","Id = {20650CF2-55C0-45A0-9CAC-B8E8E3FDDA9C}; ClientMachine = DC; User = NT AUTHORITY\SYSTEM; ClientProcessId = 1544; Component = Unknown; Operation = Start IWbemServices::DeleteInstance - Root\Rsop\User\S_1_5_21_365932789_2848835602_3476675013_500 : RSOP_ExtensionStatus.extensionGuid=""{E5094040-C46C-4115-B030-04FB2E545B00}""; ResultCode = 0x80041002; PossibleCause = Unknown"
"5/23/2026 4:01:59 PM","5858","Error","Microsoft-Windows-WMI-Activity","Id = {20650CF2-55C0-45A0-9CAC-B8E8E3FDDA9C}; ClientMachine = DC; User = NT AUTHORITY\SYSTEM; ClientProcessId = 1544; Component = Unknown; Operation = Start IWbemServices::DeleteInstance - Root\Rsop\User\S_1_5_21_365932789_2848835602_3476675013_500 : RSOP_ExtensionStatus.extensionGuid=""{E4F48E54-F38D-4884-BFB9-D4D2E5729C18}""; ResultCode = 0x80041002; PossibleCause = Unknown"
"5/23/2026 4:01:59 PM","5858","Error","Microsoft-Windows-WMI-Activity","Id = {20650CF2-55C0-45A0-9CAC-B8E8E3FDDA9C}; ClientMachine = DC; User = NT AUTHORITY\SYSTEM; ClientProcessId = 1544; Component = Unknown; Operation = Start IWbemServices::DeleteInstance - Root\Rsop\User\S_1_5_21_365932789_2848835602_3476675013_500 : RSOP_ExtensionStatus.extensionGuid=""{E47248BA-94CC-49c4-BBB5-9EB7F05183D0}""; ResultCode = 0x80041002; PossibleCause = Unknown"
"5/23/2026 4:01:59 PM","5858","Error","Microsoft-Windows-WMI-Activity","Id = {20650CF2-55C0-45A0-9CAC-B8E8E3FDDA9C}; ClientMachine = DC; User = NT AUTHORITY\SYSTEM; ClientProcessId = 1544; Component = Unknown; Operation = Start IWbemServices::DeleteInstance - Root\Rsop\User\S_1_5_21_365932789_2848835602_3476675013_500 : RSOP_ExtensionStatus.extensionGuid=""{CFF649BD-601D-4361-AD3D-0FC365DB4DB7}""; ResultCode = 0x80041002; PossibleCause = Unknown"
"5/23/2026 4:01:59 PM","5858","Error","Microsoft-Windows-WMI-Activity","Id = {20650CF2-55C0-45A0-9CAC-B8E8E3FDDA9C}; ClientMachine = DC; User = NT AUTHORITY\SYSTEM; ClientProcessId = 1544; Component = Unknown; Operation = Start IWbemServices::DeleteInstance - Root\Rsop\User\S_1_5_21_365932789_2848835602_3476675013_500 : RSOP_ExtensionStatus.extensionGuid=""{CF7639F3-ABA2-41DB-97F2-81E2C5DBFC5D}""; ResultCode = 0x80041002; PossibleCause = Unknown"
"5/23/2026 4:01:59 PM","5858","Error","Microsoft-Windows-WMI-Activity","Id = {20650CF2-55C0-45A0-9CAC-B8E8E3FDDA9C}; ClientMachine = DC; User = NT AUTHORITY\SYSTEM; ClientProcessId = 1544; Component = Unknown; Operation = Start IWbemServices::DeleteInstance - Root\Rsop\User\S_1_5_21_365932789_2848835602_3476675013_500 : RSOP_ExtensionStatus.extensionGuid=""{c6dc5466-785a-11d2-84d0-00c04fb169f7}""; ResultCode = 0x80041002; PossibleCause = Unknown"
"5/23/2026 4:01:59 PM","5858","Error","Microsoft-Windows-WMI-Activity","Id = {20650CF2-55C0-45A0-9CAC-B8E8E3FDDA9C}; ClientMachine = DC; User = NT AUTHORITY\SYSTEM; ClientProcessId = 1544; Component = Unknown; Operation = Start IWbemServices::DeleteInstance - Root\Rsop\User\S_1_5_21_365932789_2848835602_3476675013_500 : RSOP_ExtensionStatus.extensionGuid=""{C631DF4C-088F-4156-B058-4375F0853CD8}""; ResultCode = 0x80041002; PossibleCause = Unknown"
"5/23/2026 4:01:59 PM","5858","Error","Microsoft-Windows-WMI-Activity","Id = {20650CF2-55C0-45A0-9CAC-B8E8E3FDDA9C}; ClientMachine = DC; User = NT AUTHORITY\SYSTEM; ClientProcessId = 1544; Component = Unknown; Operation = Start IWbemServices::DeleteInstance - Root\Rsop\User\S_1_5_21_365932789_2848835602_3476675013_500 : RSOP_ExtensionStatus.extensionGuid=""{C418DD9D-0D14-4efb-8FBF-CFE535C8FAC7}""; ResultCode = 0x80041002; PossibleCause = Unknown"
"5/23/2026 4:01:59 PM","5858","Error","Microsoft-Windows-WMI-Activity","Id = {20650CF2-55C0-45A0-9CAC-B8E8E3FDDA9C}; ClientMachine = DC; User = NT AUTHORITY\SYSTEM; ClientProcessId = 1544; Component = Unknown; Operation = Start IWbemServices::DeleteInstance - Root\Rsop\User\S_1_5_21_365932789_2848835602_3476675013_500 : RSOP_ExtensionStatus.extensionGuid=""{C34B2751-1CF4-44F5-9262-C3FC39666591}""; ResultCode = 0x80041002; PossibleCause = Unknown"
"5/23/2026 4:01:59 PM","5858","Error","Microsoft-Windows-WMI-Activity","Id = {20650CF2-55C0-45A0-9CAC-B8E8E3FDDA9C}; ClientMachine = DC; User = NT AUTHORITY\SYSTEM; ClientProcessId = 1544; Component = Unknown; Operation = Start IWbemServices::DeleteInstance - Root\Rsop\User\S_1_5_21_365932789_2848835602_3476675013_500 : RSOP_ExtensionStatus.extensionGuid=""{BC75B1ED-5833-4858-9BB8-CBF0B166DF9D}""; ResultCode = 0x80041002; PossibleCause = Unknown"
"5/23/2026 4:01:59 PM","5858","Error","Microsoft-Windows-WMI-Activity","Id = {20650CF2-55C0-45A0-9CAC-B8E8E3FDDA9C}; ClientMachine = DC; User = NT AUTHORITY\SYSTEM; ClientProcessId = 1544; Component = Unknown; Operation = Start IWbemServices::DeleteInstance - Root\Rsop\User\S_1_5_21_365932789_2848835602_3476675013_500 : RSOP_ExtensionStatus.extensionGuid=""{BA649533-0AAC-4E04-B9BC-4DBAE0325B12}""; ResultCode = 0x80041002; PossibleCause = Unknown"
"5/23/2026 4:01:59 PM","5858","Error","Microsoft-Windows-WMI-Activity","Id = {20650CF2-55C0-45A0-9CAC-B8E8E3FDDA9C}; ClientMachine = DC; User = NT AUTHORITY\SYSTEM; ClientProcessId = 1544; Component = Unknown; Operation = Start IWbemServices::DeleteInstance - Root\Rsop\User\S_1_5_21_365932789_2848835602_3476675013_500 : RSOP_ExtensionStatus.extensionGuid=""{B087BE9D-ED37-454f-AF9C-04291E351182}""; ResultCode = 0x80041002; PossibleCause = Unknown"
"5/23/2026 4:01:59 PM","5858","Error","Microsoft-Windows-WMI-Activity","Id = {20650CF2-55C0-45A0-9CAC-B8E8E3FDDA9C}; ClientMachine = DC; User = NT AUTHORITY\SYSTEM; ClientProcessId = 1544; Component = Unknown; Operation = Start IWbemServices::DeleteInstance - Root\Rsop\User\S_1_5_21_365932789_2848835602_3476675013_500 : RSOP_ExtensionStatus.extensionGuid=""{AADCED64-746C-4633-A97C-D61349046527}""; ResultCode = 0x80041002; PossibleCause = Unknown"
"5/23/2026 4:01:59 PM","5858","Error","Microsoft-Windows-WMI-Activity","Id = {20650CF2-55C0-45A0-9CAC-B8E8E3FDDA9C}; ClientMachine = DC; User = NT AUTHORITY\SYSTEM; ClientProcessId = 1544; Component = Unknown; Operation = Start IWbemServices::DeleteInstance - Root\Rsop\User\S_1_5_21_365932789_2848835602_3476675013_500 : RSOP_ExtensionStatus.extensionGuid=""{A3F3E39B-5D83-4940-B954-28315B82F0A8}""; ResultCode = 0x80041002; PossibleCause = Unknown"
"5/23/2026 4:01:59 PM","5858","Error","Microsoft-Windows-WMI-Activity","Id = {20650CF2-55C0-45A0-9CAC-B8E8E3FDDA9C}; ClientMachine = DC; User = NT AUTHORITY\SYSTEM; ClientProcessId = 1544; Component = Unknown; Operation = Start IWbemServices::DeleteInstance - Root\Rsop\User\S_1_5_21_365932789_2848835602_3476675013_500 : RSOP_ExtensionStatus.extensionGuid=""{91FBB303-0CD5-4055-BF42-E512A681B325}""; ResultCode = 0x80041002; PossibleCause = Unknown"
"5/23/2026 4:01:59 PM","5858","Error","Microsoft-Windows-WMI-Activity","Id = {20650CF2-55C0-45A0-9CAC-B8E8E3FDDA9C}; ClientMachine = DC; User = NT AUTHORITY\SYSTEM; ClientProcessId = 1544; Component = Unknown; Operation = Start IWbemServices::DeleteInstance - Root\Rsop\User\S_1_5_21_365932789_2848835602_3476675013_500 : RSOP_ExtensionStatus.extensionGuid=""{8A28E2C5-8D06-49A4-A08C-632DAA493E17}""; ResultCode = 0x80041002; PossibleCause = Unknown"
"5/23/2026 4:01:59 PM","5858","Error","Microsoft-Windows-WMI-Activity","Id = {20650CF2-55C0-45A0-9CAC-B8E8E3FDDA9C}; ClientMachine = DC; User = NT AUTHORITY\SYSTEM; ClientProcessId = 1544; Component = Unknown; Operation = Start IWbemServices::DeleteInstance - Root\Rsop\User\S_1_5_21_365932789_2848835602_3476675013_500 : RSOP_ExtensionStatus.extensionGuid=""{7B849a69-220F-451E-B3FE-2CB811AF94AE}""; ResultCode = 0x80041002; PossibleCause = Unknown"
"5/23/2026 4:01:59 PM","5858","Error","Microsoft-Windows-WMI-Activity","Id = {20650CF2-55C0-45A0-9CAC-B8E8E3FDDA9C}; ClientMachine = DC; User = NT AUTHORITY\SYSTEM; ClientProcessId = 1544; Component = Unknown; Operation = Start IWbemServices::DeleteInstance - Root\Rsop\User\S_1_5_21_365932789_2848835602_3476675013_500 : RSOP_ExtensionStatus.extensionGuid=""{7933F41E-56F8-41d6-A31C-4148A711EE93}""; ResultCode = 0x80041002; PossibleCause = Unknown"
"5/23/2026 4:01:59 PM","5858","Error","Microsoft-Windows-WMI-Activity","Id = {20650CF2-55C0-45A0-9CAC-B8E8E3FDDA9C}; ClientMachine = DC; User = NT AUTHORITY\SYSTEM; ClientProcessId = 1544; Component = Unknown; Operation = Start IWbemServices::DeleteInstance - Root\Rsop\User\S_1_5_21_365932789_2848835602_3476675013_500 : RSOP_ExtensionStatus.extensionGuid=""{7909AD9E-09EE-4247-BAB9-7029D5F0A278}""; ResultCode = 0x80041002; PossibleCause = Unknown"
"5/23/2026 4:01:59 PM","5858","Error","Microsoft-Windows-WMI-Activity","Id = {20650CF2-55C0-45A0-9CAC-B8E8E3FDDA9C}; ClientMachine = DC; User = NT AUTHORITY\SYSTEM; ClientProcessId = 1544; Component = Unknown; Operation = Start IWbemServices::DeleteInstance - Root\Rsop\User\S_1_5_21_365932789_2848835602_3476675013_500 : RSOP_ExtensionStatus.extensionGuid=""{74EE6C03-5363-4554-B161-627540339CAB}""; ResultCode = 0x80041002; PossibleCause = Unknown"
"5/23/2026 4:01:59 PM","5858","Error","Microsoft-Windows-WMI-Activity","Id = {20650CF2-55C0-45A0-9CAC-B8E8E3FDDA9C}; ClientMachine = DC; User = NT AUTHORITY\SYSTEM; ClientProcessId = 1544; Component = Unknown; Operation = Start IWbemServices::DeleteInstance - Root\Rsop\User\S_1_5_21_365932789_2848835602_3476675013_500 : RSOP_ExtensionStatus.extensionGuid=""{728EE579-943C-4519-9EF7-AB56765798ED}""; ResultCode = 0x80041002; PossibleCause = Unknown"
"5/23/2026 4:01:59 PM","5858","Error","Microsoft-Windows-WMI-Activity","Id = {20650CF2-55C0-45A0-9CAC-B8E8E3FDDA9C}; ClientMachine = DC; User = NT AUTHORITY\SYSTEM; ClientProcessId = 1544; Component = Unknown; Operation = Start IWbemServices::DeleteInstance - Root\Rsop\User\S_1_5_21_365932789_2848835602_3476675013_500 : RSOP_ExtensionStatus.extensionGuid=""{7150F9BF-48AD-4da4-A49C-29EF4A8369BA}""; ResultCode = 0x80041002; PossibleCause = Unknown"
"5/23/2026 4:01:59 PM","5858","Error","Microsoft-Windows-WMI-Activity","Id = {20650CF2-55C0-45A0-9CAC-B8E8E3FDDA9C}; ClientMachine = DC; User = NT AUTHORITY\SYSTEM; ClientProcessId = 1544; Component = Unknown; Operation = Start IWbemServices::DeleteInstance - Root\Rsop\User\S_1_5_21_365932789_2848835602_3476675013_500 : RSOP_ExtensionStatus.extensionGuid=""{6232C319-91AC-4931-9385-E70C2B099F0E}""; ResultCode = 0x80041002; PossibleCause = Unknown"
"5/23/2026 4:01:59 PM","5858","Error","Microsoft-Windows-WMI-Activity","Id = {20650CF2-55C0-45A0-9CAC-B8E8E3FDDA9C}; ClientMachine = DC; User = NT AUTHORITY\SYSTEM; ClientProcessId = 1544; Component = Unknown; Operation = Start IWbemServices::DeleteInstance - Root\Rsop\User\S_1_5_21_365932789_2848835602_3476675013_500 : RSOP_ExtensionStatus.extensionGuid=""{5794DAFD-BE60-433f-88A2-1A31939AC01F}""; ResultCode = 0x80041002; PossibleCause = Unknown"
"5/23/2026 4:01:59 PM","5858","Error","Microsoft-Windows-WMI-Activity","Id = {20650CF2-55C0-45A0-9CAC-B8E8E3FDDA9C}; ClientMachine = DC; User = NT AUTHORITY\SYSTEM; ClientProcessId = 1544; Component = Unknown; Operation = Start IWbemServices::DeleteInstance - Root\Rsop\User\S_1_5_21_365932789_2848835602_3476675013_500 : RSOP_ExtensionStatus.extensionGuid=""{4D2F9B6F-1E52-4711-A382-6A8B1A003DE6}""; ResultCode = 0x80041002; PossibleCause = Unknown"
"5/23/2026 4:01:59 PM","5858","Error","Microsoft-Windows-WMI-Activity","Id = {20650CF2-55C0-45A0-9CAC-B8E8E3FDDA9C}; ClientMachine = DC; User = NT AUTHORITY\SYSTEM; ClientProcessId = 1544; Component = Unknown; Operation = Start IWbemServices::DeleteInstance - Root\Rsop\User\S_1_5_21_365932789_2848835602_3476675013_500 : RSOP_ExtensionStatus.extensionGuid=""{4CFB60C1-FAA6-47f1-89AA-0B18730C9FD3}""; ResultCode = 0x80041002; PossibleCause = Unknown"
"5/23/2026 4:01:59 PM","5858","Error","Microsoft-Windows-WMI-Activity","Id = {20650CF2-55C0-45A0-9CAC-B8E8E3FDDA9C}; ClientMachine = DC; User = NT AUTHORITY\SYSTEM; ClientProcessId = 1544; Component = Unknown; Operation = Start IWbemServices::DeleteInstance - Root\Rsop\User\S_1_5_21_365932789_2848835602_3476675013_500 : RSOP_ExtensionStatus.extensionGuid=""{4B7C3B0F-E993-4E06-A241-3FBE06943684}""; ResultCode = 0x80041002; PossibleCause = Unknown"
"5/23/2026 4:01:59 PM","5858","Error","Microsoft-Windows-WMI-Activity","Id = {20650CF2-55C0-45A0-9CAC-B8E8E3FDDA9C}; ClientMachine = DC; User = NT AUTHORITY\SYSTEM; ClientProcessId = 1544; Component = Unknown; Operation = Start IWbemServices::DeleteInstance - Root\Rsop\User\S_1_5_21_365932789_2848835602_3476675013_500 : RSOP_ExtensionStatus.extensionGuid=""{42B5FAAE-6536-11d2-AE5A-0000F87571E3}""; ResultCode = 0x80041002; PossibleCause = Unknown"
"5/23/2026 4:01:59 PM","5858","Error","Microsoft-Windows-WMI-Activity","Id = {20650CF2-55C0-45A0-9CAC-B8E8E3FDDA9C}; ClientMachine = DC; User = NT AUTHORITY\SYSTEM; ClientProcessId = 1544; Component = Unknown; Operation = Start IWbemServices::DeleteInstance - Root\Rsop\User\S_1_5_21_365932789_2848835602_3476675013_500 : RSOP_ExtensionStatus.extensionGuid=""{3A0DBA37-F8B2-4356-83DE-3E90BD5C261F}""; ResultCode = 0x80041002; PossibleCause = Unknown"
"5/23/2026 4:01:59 PM","5858","Error","Microsoft-Windows-WMI-Activity","Id = {20650CF2-55C0-45A0-9CAC-B8E8E3FDDA9C}; ClientMachine = DC; User = NT AUTHORITY\SYSTEM; ClientProcessId = 1544; Component = Unknown; Operation = Start IWbemServices::DeleteInstance - Root\Rsop\User\S_1_5_21_365932789_2848835602_3476675013_500 : RSOP_ExtensionStatus.extensionGuid=""{2BFCC077-22D2-48DE-BDE1-2F618D9B476D}""; ResultCode = 0x80041002; PossibleCause = Unknown"
"5/23/2026 4:01:59 PM","5858","Error","Microsoft-Windows-WMI-Activity","Id = {20650CF2-55C0-45A0-9CAC-B8E8E3FDDA9C}; ClientMachine = DC; User = NT AUTHORITY\SYSTEM; ClientProcessId = 1544; Component = Unknown; Operation = Start IWbemServices::DeleteInstance - Root\Rsop\User\S_1_5_21_365932789_2848835602_3476675013_500 : RSOP_ExtensionStatus.extensionGuid=""{25537BA6-77A8-11D2-9B6C-0000F8080861}""; ResultCode = 0x80041002; PossibleCause = Unknown"
"5/23/2026 4:01:59 PM","5858","Error","Microsoft-Windows-WMI-Activity","Id = {20650CF2-55C0-45A0-9CAC-B8E8E3FDDA9C}; ClientMachine = DC; User = NT AUTHORITY\SYSTEM; ClientProcessId = 1544; Component = Unknown; Operation = Start IWbemServices::DeleteInstance - Root\Rsop\User\S_1_5_21_365932789_2848835602_3476675013_500 : RSOP_ExtensionStatus.extensionGuid=""{1A6364EB-776B-4120-ADE1-B63A406A76B5}""; ResultCode = 0x80041002; PossibleCause = Unknown"
"5/23/2026 4:01:59 PM","5858","Error","Microsoft-Windows-WMI-Activity","Id = {20650CF2-55C0-45A0-9CAC-B8E8E3FDDA9C}; ClientMachine = DC; User = NT AUTHORITY\SYSTEM; ClientProcessId = 1544; Component = Unknown; Operation = Start IWbemServices::DeleteInstance - Root\Rsop\User\S_1_5_21_365932789_2848835602_3476675013_500 : RSOP_ExtensionStatus.extensionGuid=""{17D89FEC-5C44-4972-B12D-241CAEF74509}""; ResultCode = 0x80041002; PossibleCause = Unknown"
"5/23/2026 4:01:59 PM","5858","Error","Microsoft-Windows-WMI-Activity","Id = {20650CF2-55C0-45A0-9CAC-B8E8E3FDDA9C}; ClientMachine = DC; User = NT AUTHORITY\SYSTEM; ClientProcessId = 1544; Component = Unknown; Operation = Start IWbemServices::DeleteInstance - Root\Rsop\User\S_1_5_21_365932789_2848835602_3476675013_500 : RSOP_ExtensionStatus.extensionGuid=""{169EBF44-942F-4C43-87CE-13C93996EBBE}""; ResultCode = 0x80041002; PossibleCause = Unknown"
"5/23/2026 4:01:59 PM","5858","Error","Microsoft-Windows-WMI-Activity","Id = {20650CF2-55C0-45A0-9CAC-B8E8E3FDDA9C}; ClientMachine = DC; User = NT AUTHORITY\SYSTEM; ClientProcessId = 1544; Component = Unknown; Operation = Start IWbemServices::DeleteInstance - Root\Rsop\User\S_1_5_21_365932789_2848835602_3476675013_500 : RSOP_ExtensionStatus.extensionGuid=""{0E28E245-9368-4853-AD84-6DA3BA35BB75}""; ResultCode = 0x80041002; PossibleCause = Unknown"
"5/23/2026 4:01:59 PM","5858","Error","Microsoft-Windows-WMI-Activity","Id = {20650CF2-55C0-45A0-9CAC-B8E8E3FDDA9C}; ClientMachine = DC; User = NT AUTHORITY\SYSTEM; ClientProcessId = 1544; Component = Unknown; Operation = Start IWbemServices::DeleteInstance - Root\Rsop\User\S_1_5_21_365932789_2848835602_3476675013_500 : RSOP_ExtensionStatus.extensionGuid=""{35378EAC-683F-11D2-A89A-00C04FBBCFA2}""; ResultCode = 0x80041002; PossibleCause = Unknown"
"5/23/2026 4:01:31 PM","5857","Information","Microsoft-Windows-WMI-Activity","MS_NT_EVENTLOG_PROVIDER provider started with result code 0x0. HostProcess = wmiprvse.exe; ProcessID = 4760; ProviderPath = %systemroot%\system32\wbem\ntevt.dll"
"5/23/2026 4:01:10 PM","5857","Information","Microsoft-Windows-WMI-Activity","WmiPerfClass provider started with result code 0x0. HostProcess = wmiprvse.exe; ProcessID = 3492; ProviderPath = C:\Windows\System32\wbem\WmiPerfClass.dll"
"5/23/2026 4:00:58 PM","5858","Error","Microsoft-Windows-WMI-Activity","Id = {00000000-0000-0000-0000-000000000000}; ClientMachine = DC; User = NT AUTHORITY\NETWORK SERVICE; ClientProcessId = 5700; Component = Unknown; Operation = Start IWbemServices::ExecQuery - ROOT\CIMV2 : SELECT Manufacturer, Product FROM Win32_BaseBoard; ResultCode = 0x80041032; PossibleCause = Unknown"
"5/23/2026 4:00:57 PM","5857","Information","Microsoft-Windows-WMI-Activity","CIMWin32a provider started with result code 0x0. HostProcess = wmiprvse.exe; ProcessID = 4760; ProviderPath = %systemroot%\system32\wbem\wmipcima.dll"
"5/23/2026 4:00:52 PM","5858","Error","Microsoft-Windows-WMI-Activity","Id = {00000000-0000-0000-0000-000000000000}; ClientMachine = DC; User = NT AUTHORITY\SYSTEM; ClientProcessId = 4220; Component = Unknown; Operation = Start IWbemServices::CreateInstanceEnum - root\wmi : MSiSCSI_PortalInfoClass; ResultCode = 0x8004100C; PossibleCause = Unknown"
"5/23/2026 4:00:52 PM","5858","Error","Microsoft-Windows-WMI-Activity","Id = {00000000-0000-0000-0000-000000000000}; ClientMachine = DC; User = NT AUTHORITY\SYSTEM; ClientProcessId = 4220; Component = Unknown; Operation = Start IWbemServices::CreateInstanceEnum - root\wmi : MS_SM_AdapterInformationQuery; ResultCode = 0x8004100C; PossibleCause = Unknown"
"5/23/2026 4:00:52 PM","5857","Information","Microsoft-Windows-WMI-Activity","WMIProv provider started with result code 0x0. HostProcess = wmiprvse.exe; ProcessID = 3492; ProviderPath = %systemroot%\system32\wbem\wmiprov.dll"
"5/23/2026 4:00:51 PM","5857","Information","Microsoft-Windows-WMI-Activity","CIMWin32 provider started with result code 0x0. HostProcess = wmiprvse.exe; ProcessID = 4760; ProviderPath = %systemroot%\system32\wbem\cimwin32.dll"
"5/23/2026 8:25:18 AM","5857","Information","Microsoft-Windows-WMI-Activity","deploymentprovider provider started with result code 0x0. HostProcess = wmiprvse.exe; ProcessID = 6596; ProviderPath = %systemroot%\system32\wbem\ServerManager.DeploymentProvider.dll"
"5/23/2026 8:25:16 AM","5857","Information","Microsoft-Windows-WMI-Activity","nettcpip provider started with result code 0x0. HostProcess = wmiprvse.exe; ProcessID = 4504; ProviderPath = %systemroot%\system32\wbem\NetTCPIP.dll"
"5/23/2026 8:25:16 AM","5857","Information","Microsoft-Windows-WMI-Activity","NetAdapterCim provider started with result code 0x0. HostProcess = wmiprvse.exe; ProcessID = 8660; ProviderPath = %systemroot%\system32\wbem\NetAdapterCim.dll"
"5/23/2026 8:25:16 AM","5857","Information","Microsoft-Windows-WMI-Activity","mgmtprovider provider started with result code 0x0. HostProcess = wmiprvse.exe; ProcessID = 4504; ProviderPath = %systemroot%\system32\wbem\mgmtprovider.dll"
"5/23/2026 8:15:18 AM","5857","Information","Microsoft-Windows-WMI-Activity","deploymentprovider provider started with result code 0x0. HostProcess = wmiprvse.exe; ProcessID = 5064; ProviderPath = %systemroot%\system32\wbem\ServerManager.DeploymentProvider.dll"
"5/23/2026 8:15:16 AM","5857","Information","Microsoft-Windows-WMI-Activity","nettcpip provider started with result code 0x0. HostProcess = wmiprvse.exe; ProcessID = 4504; ProviderPath = %systemroot%\system32\wbem\NetTCPIP.dll"
"5/23/2026 8:15:16 AM","5857","Information","Microsoft-Windows-WMI-Activity","NetAdapterCim provider started with result code 0x0. HostProcess = wmiprvse.exe; ProcessID = 4108; ProviderPath = %systemroot%\system32\wbem\NetAdapterCim.dll"
"5/23/2026 8:15:16 AM","5857","Information","Microsoft-Windows-WMI-Activity","mgmtprovider provider started with result code 0x0. HostProcess = wmiprvse.exe; ProcessID = 4504; ProviderPath = %systemroot%\system32\wbem\mgmtprovider.dll"
"5/23/2026 8:05:18 AM","5857","Information","Microsoft-Windows-WMI-Activity","deploymentprovider provider started with result code 0x0. HostProcess = wmiprvse.exe; ProcessID = 8468; ProviderPath = %systemroot%\system32\wbem\ServerManager.DeploymentProvider.dll"
"5/23/2026 8:05:16 AM","5857","Information","Microsoft-Windows-WMI-Activity","nettcpip provider started with result code 0x0. HostProcess = wmiprvse.exe; ProcessID = 4504; ProviderPath = %systemroot%\system32\wbem\NetTCPIP.dll"
"5/23/2026 8:05:16 AM","5857","Information","Microsoft-Windows-WMI-Activity","NetAdapterCim provider started with result code 0x0. HostProcess = wmiprvse.exe; ProcessID = 3236; ProviderPath = %systemroot%\system32\wbem\NetAdapterCim.dll"
"5/23/2026 8:05:16 AM","5857","Information","Microsoft-Windows-WMI-Activity","mgmtprovider provider started with result code 0x0. HostProcess = wmiprvse.exe; ProcessID = 4504; ProviderPath = %systemroot%\system32\wbem\mgmtprovider.dll"
"5/23/2026 7:55:18 AM","5857","Information","Microsoft-Windows-WMI-Activity","deploymentprovider provider started with result code 0x0. HostProcess = wmiprvse.exe; ProcessID = 5404; ProviderPath = %systemroot%\system32\wbem\ServerManager.DeploymentProvider.dll"
"5/23/2026 7:55:16 AM","5857","Information","Microsoft-Windows-WMI-Activity","nettcpip provider started with result code 0x0. HostProcess = wmiprvse.exe; ProcessID = 4504; ProviderPath = %systemroot%\system32\wbem\NetTCPIP.dll"
"5/23/2026 7:55:16 AM","5857","Information","Microsoft-Windows-WMI-Activity","NetAdapterCim provider started with result code 0x0. HostProcess = wmiprvse.exe; ProcessID = 1804; ProviderPath = %systemroot%\system32\wbem\NetAdapterCim.dll"
"5/23/2026 7:55:16 AM","5857","Information","Microsoft-Windows-WMI-Activity","mgmtprovider provider started with result code 0x0. HostProcess = wmiprvse.exe; ProcessID = 4504; ProviderPath = %systemroot%\system32\wbem\mgmtprovider.dll"
"5/23/2026 7:45:18 AM","5857","Information","Microsoft-Windows-WMI-Activity","deploymentprovider provider started with result code 0x0. HostProcess = wmiprvse.exe; ProcessID = 420; ProviderPath = %systemroot%\system32\wbem\ServerManager.DeploymentProvider.dll"
"5/23/2026 7:45:16 AM","5857","Information","Microsoft-Windows-WMI-Activity","nettcpip provider started with result code 0x0. HostProcess = wmiprvse.exe; ProcessID = 4504; ProviderPath = %systemroot%\system32\wbem\NetTCPIP.dll"
"5/23/2026 7:45:16 AM","5857","Information","Microsoft-Windows-WMI-Activity","NetAdapterCim provider started with result code 0x0. HostProcess = wmiprvse.exe; ProcessID = 2424; ProviderPath = %systemroot%\system32\wbem\NetAdapterCim.dll"
"5/23/2026 7:45:16 AM","5857","Information","Microsoft-Windows-WMI-Activity","mgmtprovider provider started with result code 0x0. HostProcess = wmiprvse.exe; ProcessID = 4504; ProviderPath = %systemroot%\system32\wbem\mgmtprovider.dll"
"5/23/2026 7:35:18 AM","5857","Information","Microsoft-Windows-WMI-Activity","deploymentprovider provider started with result code 0x0. HostProcess = wmiprvse.exe; ProcessID = 5764; ProviderPath = %systemroot%\system32\wbem\ServerManager.DeploymentProvider.dll"
"5/23/2026 7:35:16 AM","5857","Information","Microsoft-Windows-WMI-Activity","nettcpip provider started with result code 0x0. HostProcess = wmiprvse.exe; ProcessID = 4504; ProviderPath = %systemroot%\system32\wbem\NetTCPIP.dll"
"5/23/2026 7:35:16 AM","5857","Information","Microsoft-Windows-WMI-Activity","NetAdapterCim provider started with result code 0x0. HostProcess = wmiprvse.exe; ProcessID = 3708; ProviderPath = %systemroot%\system32\wbem\NetAdapterCim.dll"
"5/23/2026 7:35:16 AM","5857","Information","Microsoft-Windows-WMI-Activity","mgmtprovider provider started with result code 0x0. HostProcess = wmiprvse.exe; ProcessID = 4504; ProviderPath = %systemroot%\system32\wbem\mgmtprovider.dll"
"5/23/2026 7:25:18 AM","5857","Information","Microsoft-Windows-WMI-Activity","deploymentprovider provider started with result code 0x0. HostProcess = wmiprvse.exe; ProcessID = 8624; ProviderPath = %systemroot%\system32\wbem\ServerManager.DeploymentProvider.dll"
"5/23/2026 7:25:16 AM","5857","Information","Microsoft-Windows-WMI-Activity","nettcpip provider started with result code 0x0. HostProcess = wmiprvse.exe; ProcessID = 4504; ProviderPath = %systemroot%\system32\wbem\NetTCPIP.dll"
"5/23/2026 7:25:16 AM","5857","Information","Microsoft-Windows-WMI-Activity","NetAdapterCim provider started with result code 0x0. HostProcess = wmiprvse.exe; ProcessID = 3772; ProviderPath = %systemroot%\system32\wbem\NetAdapterCim.dll"
"5/23/2026 7:25:16 AM","5857","Information","Microsoft-Windows-WMI-Activity","mgmtprovider provider started with result code 0x0. HostProcess = wmiprvse.exe; ProcessID = 4504; ProviderPath = %systemroot%\system32\wbem\mgmtprovider.dll"
"5/23/2026 7:15:18 AM","5857","Information","Microsoft-Windows-WMI-Activity","deploymentprovider provider started with result code 0x0. HostProcess = wmiprvse.exe; ProcessID = 6204; ProviderPath = %systemroot%\system32\wbem\ServerManager.DeploymentProvider.dll"
"5/23/2026 7:15:16 AM","5857","Information","Microsoft-Windows-WMI-Activity","nettcpip provider started with result code 0x0. HostProcess = wmiprvse.exe; ProcessID = 4504; ProviderPath = %systemroot%\system32\wbem\NetTCPIP.dll"
"5/23/2026 7:15:16 AM","5857","Information","Microsoft-Windows-WMI-Activity","NetAdapterCim provider started with result code 0x0. HostProcess = wmiprvse.exe; ProcessID = 6276; ProviderPath = %systemroot%\system32\wbem\NetAdapterCim.dll"
"5/23/2026 7:15:16 AM","5857","Information","Microsoft-Windows-WMI-Activity","mgmtprovider provider started with result code 0x0. HostProcess = wmiprvse.exe; ProcessID = 4504; ProviderPath = %systemroot%\system32\wbem\mgmtprovider.dll"
"5/23/2026 7:03:02 AM","5857","Information","Microsoft-Windows-WMI-Activity","CIMWin32a provider started with result code 0x0. HostProcess = wmiprvse.exe; ProcessID = 4504; ProviderPath = %systemroot%\system32\wbem\wmipcima.dll"
"5/23/2026 6:57:01 AM","5857","Information","Microsoft-Windows-WMI-Activity","deploymentprovider provider started with result code 0x0. HostProcess = wmiprvse.exe; ProcessID = 1212; ProviderPath = %systemroot%\system32\wbem\ServerManager.DeploymentProvider.dll"
"5/23/2026 6:56:59 AM","5857","Information","Microsoft-Windows-WMI-Activity","nettcpip provider started with result code 0x0. HostProcess = wmiprvse.exe; ProcessID = 4504; ProviderPath = %systemroot%\system32\wbem\NetTCPIP.dll"
"5/23/2026 6:56:59 AM","5857","Information","Microsoft-Windows-WMI-Activity","NetAdapterCim provider started with result code 0x0. HostProcess = wmiprvse.exe; ProcessID = 1732; ProviderPath = %systemroot%\system32\wbem\NetAdapterCim.dll"
"5/23/2026 6:56:59 AM","5857","Information","Microsoft-Windows-WMI-Activity","mgmtprovider provider started with result code 0x0. HostProcess = wmiprvse.exe; ProcessID = 4504; ProviderPath = %systemroot%\system32\wbem\mgmtprovider.dll"
"5/23/2026 6:47:33 AM","5857","Information","Microsoft-Windows-WMI-Activity","MS_NT_EVENTLOG_PROVIDER provider started with result code 0x0. HostProcess = wmiprvse.exe; ProcessID = 4504; ProviderPath = %systemroot%\system32\wbem\ntevt.dll"
"5/23/2026 6:47:01 AM","5857","Information","Microsoft-Windows-WMI-Activity","deploymentprovider provider started with result code 0x0. HostProcess = wmiprvse.exe; ProcessID = 7228; ProviderPath = %systemroot%\system32\wbem\ServerManager.DeploymentProvider.dll"
"5/23/2026 6:46:59 AM","5857","Information","Microsoft-Windows-WMI-Activity","nettcpip provider started with result code 0x0. HostProcess = wmiprvse.exe; ProcessID = 4504; ProviderPath = %systemroot%\system32\wbem\NetTCPIP.dll"
"5/23/2026 6:46:59 AM","5857","Information","Microsoft-Windows-WMI-Activity","NetAdapterCim provider started with result code 0x0. HostProcess = wmiprvse.exe; ProcessID = 3612; ProviderPath = %systemroot%\system32\wbem\NetAdapterCim.dll"
"5/23/2026 6:46:58 AM","5857","Information","Microsoft-Windows-WMI-Activity","mgmtprovider provider started with result code 0x0. HostProcess = wmiprvse.exe; ProcessID = 4504; ProviderPath = %systemroot%\system32\wbem\mgmtprovider.dll"
"5/23/2026 6:43:03 AM","5858","Error","Microsoft-Windows-WMI-Activity","Id = {91DCB5B4-EAB8-0001-61B7-DC91B8EADC01}; ClientMachine = DC; User = NT AUTHORITY\SYSTEM; ClientProcessId = 3908; Component = Unknown; Operation = Start IWbemServices::ExecNotificationQuery - ROOT\CIMV2 : SELECT * FROM Win32_ProcessStartTrace WHERE ProcessName = 'wsmprovhost.exe'; ResultCode = 0x80041032; PossibleCause = Unknown"
"5/23/2026 6:37:01 AM","5857","Information","Microsoft-Windows-WMI-Activity","deploymentprovider provider started with result code 0x0. HostProcess = wmiprvse.exe; ProcessID = 9108; ProviderPath = %systemroot%\system32\wbem\ServerManager.DeploymentProvider.dll"
"5/23/2026 6:36:59 AM","5857","Information","Microsoft-Windows-WMI-Activity","nettcpip provider started with result code 0x0. HostProcess = wmiprvse.exe; ProcessID = 4504; ProviderPath = %systemroot%\system32\wbem\NetTCPIP.dll"
"5/23/2026 6:36:59 AM","5857","Information","Microsoft-Windows-WMI-Activity","NetAdapterCim provider started with result code 0x0. HostProcess = wmiprvse.exe; ProcessID = 3012; ProviderPath = %systemroot%\system32\wbem\NetAdapterCim.dll"
"5/23/2026 6:36:58 AM","5857","Information","Microsoft-Windows-WMI-Activity","mgmtprovider provider started with result code 0x0. HostProcess = wmiprvse.exe; ProcessID = 4504; ProviderPath = %systemroot%\system32\wbem\mgmtprovider.dll"
"5/23/2026 6:35:05 AM","5858","Error","Microsoft-Windows-WMI-Activity","Id = {00000000-0000-0000-0000-000000000000}; ClientMachine = DC; User = NT AUTHORITY\SYSTEM; ClientProcessId = 6868; Component = Unknown; Operation = Start IWbemServices::ExecQuery - root\cimv2 : SELECT * FROM Win32_Processor; ResultCode = 0x80041032; PossibleCause = Unknown"
"5/23/2026 6:35:03 AM","5858","Error","Microsoft-Windows-WMI-Activity","Id = {00000000-0000-0000-0000-000000000000}; ClientMachine = DC; User = NT AUTHORITY\SYSTEM; ClientProcessId = 6868; Component = Unknown; Operation = Start IWbemServices::ExecQuery - root\cimv2 : SELECT * FROM Win32_ComputerSystem; ResultCode = 0x80041032; PossibleCause = Unknown"
"5/23/2026 6:35:03 AM","5858","Error","Microsoft-Windows-WMI-Activity","Id = {00000000-0000-0000-0000-000000000000}; ClientMachine = DC; User = NT AUTHORITY\SYSTEM; ClientProcessId = 6868; Component = Unknown; Operation = Start IWbemServices::ExecQuery - root\cimv2 : SELECT * FROM Win32_ComputerSystem; ResultCode = 0x80041032; PossibleCause = Unknown"
"5/23/2026 6:35:03 AM","5858","Error","Microsoft-Windows-WMI-Activity","Id = {00000000-0000-0000-0000-000000000000}; ClientMachine = DC; User = NT AUTHORITY\SYSTEM; ClientProcessId = 6868; Component = Unknown; Operation = Start IWbemServices::ExecQuery - root\cimv2 : SELECT * FROM Win32_ComputerSystemProduct; ResultCode = 0x80041032; PossibleCause = Unknown"
"5/23/2026 6:33:38 AM","5857","Information","Microsoft-Windows-WMI-Activity","deploymentprovider provider started with result code 0x0. HostProcess = wmiprvse.exe; ProcessID = 7340; ProviderPath = %systemroot%\system32\wbem\ServerManager.DeploymentProvider.dll"
"5/23/2026 6:33:35 AM","5857","Information","Microsoft-Windows-WMI-Activity","nettcpip provider started with result code 0x0. HostProcess = wmiprvse.exe; ProcessID = 4504; ProviderPath = %systemroot%\system32\wbem\NetTCPIP.dll"
"5/23/2026 6:33:35 AM","5857","Information","Microsoft-Windows-WMI-Activity","NetAdapterCim provider started with result code 0x0. HostProcess = wmiprvse.exe; ProcessID = 7180; ProviderPath = %systemroot%\system32\wbem\NetAdapterCim.dll"
"5/23/2026 6:33:35 AM","5857","Information","Microsoft-Windows-WMI-Activity","mgmtprovider provider started with result code 0x0. HostProcess = wmiprvse.exe; ProcessID = 4504; ProviderPath = %systemroot%\system32\wbem\mgmtprovider.dll"
"5/23/2026 6:33:13 AM","5857","Information","Microsoft-Windows-WMI-Activity","MS_NT_EVENTLOG_PROVIDER provider started with result code 0x0. HostProcess = wmiprvse.exe; ProcessID = 4504; ProviderPath = %systemroot%\system32\wbem\ntevt.dll"
"5/23/2026 6:33:03 AM","5858","Error","Microsoft-Windows-WMI-Activity","Id = {00000000-0000-0000-0000-000000000000}; ClientMachine = DC; User = NT AUTHORITY\NETWORK SERVICE; ClientProcessId = 5620; Component = Unknown; Operation = Start IWbemServices::ExecQuery - ROOT\CIMV2 : SELECT Manufacturer, Product FROM Win32_BaseBoard; ResultCode = 0x80041032; PossibleCause = Unknown"
"5/23/2026 6:33:02 AM","5860","Information","Microsoft-Windows-WMI-Activity","Namespace = ROOT\CIMV2; NotificationQuery = SELECT * FROM Win32_ProcessStartTrace WHERE ProcessName = 'wsmprovhost.exe'; UserName = NT AUTHORITY\SYSTEM; ClientProcessID = 3908, ClientMachine = DC; PossibleCause = Temporary"
"5/23/2026 6:33:02 AM","5857","Information","Microsoft-Windows-WMI-Activity","WMI Kernel Trace Event Provider provider started with result code 0x0. HostProcess = wmiprvse.exe; ProcessID = 3120; ProviderPath = C:\Windows\System32\wbem\krnlprov.dll"
"5/23/2026 6:33:02 AM","5859","Information","Microsoft-Windows-WMI-Activity","Namespace = //./root/CIMV2; NotificationQuery = select * from MSFT_SCMEventLogEvent; OwnerName = S-1-5-32-544; HostProcessID = 3120;  Provider= SCM Event Provider, queryID = 0; PossibleCause = Permanent"
"5/23/2026 6:33:02 AM","5861","Information","Microsoft-Windows-WMI-Activity","Namespace = //./root/subscription; Eventfilter = SCM Event Log Filter (refer to its activate eventid:5859); Consumer = NTEventLogEventConsumer=""SCM Event Log Consumer""; PossibleCause = Binding EventFilter: 
instance of __EventFilter
{
	CreatorSID = {1, 2, 0, 0, 0, 0, 0, 5, 32, 0, 0, 0, 32, 2, 0, 0};
	EventNamespace = ""root\\cimv2"";
	Name = ""SCM Event Log Filter"";
	Query = ""select * from MSFT_SCMEventLogEvent"";
	QueryLanguage = ""WQL"";
};
Perm. Consumer: 
instance of NTEventLogEventConsumer
{
	Category = 0;
	CreatorSID = {1, 2, 0, 0, 0, 0, 0, 5, 32, 0, 0, 0, 32, 2, 0, 0};
	EventType = 1;
	Name = ""SCM Event Log Consumer"";
	NameOfUserSIDProperty = ""sid"";
	SourceName = ""Service Control Manager"";
};
"
"5/23/2026 6:33:02 AM","5857","Information","Microsoft-Windows-WMI-Activity","CIMWin32a provider started with result code 0x0. HostProcess = wmiprvse.exe; ProcessID = 4504; ProviderPath = %systemroot%\system32\wbem\wmipcima.dll"
"5/23/2026 6:32:53 AM","5857","Information","Microsoft-Windows-WMI-Activity","WmiPerfClass provider started with result code 0x0. HostProcess = wmiprvse.exe; ProcessID = 4944; ProviderPath = C:\Windows\System32\wbem\WmiPerfClass.dll"
"5/23/2026 6:32:34 AM","5858","Error","Microsoft-Windows-WMI-Activity","Id = {00000000-0000-0000-0000-000000000000}; ClientMachine = DC; User = NT AUTHORITY\SYSTEM; ClientProcessId = 2284; Component = Unknown; Operation = Start IWbemServices::CreateInstanceEnum - root\wmi : MSiSCSI_PortalInfoClass; ResultCode = 0x8004100C; PossibleCause = Unknown"
"5/23/2026 6:32:34 AM","5858","Error","Microsoft-Windows-WMI-Activity","Id = {00000000-0000-0000-0000-000000000000}; ClientMachine = DC; User = NT AUTHORITY\SYSTEM; ClientProcessId = 2284; Component = Unknown; Operation = Start IWbemServices::CreateInstanceEnum - root\wmi : MS_SM_AdapterInformationQuery; ResultCode = 0x8004100C; PossibleCause = Unknown"
"5/23/2026 6:32:34 AM","5857","Information","Microsoft-Windows-WMI-Activity","WMIProv provider started with result code 0x0. HostProcess = wmiprvse.exe; ProcessID = 4944; ProviderPath = %systemroot%\system32\wbem\wmiprov.dll"
"5/23/2026 6:32:33 AM","5857","Information","Microsoft-Windows-WMI-Activity","CIMWin32 provider started with result code 0x0. HostProcess = wmiprvse.exe; ProcessID = 4504; ProviderPath = %systemroot%\system32\wbem\cimwin32.dll"
"5/23/2026 6:28:33 AM","5857","Information","Microsoft-Windows-WMI-Activity","deploymentprovider provider started with result code 0x0. HostProcess = wmiprvse.exe; ProcessID = 4664; ProviderPath = %systemroot%\system32\wbem\ServerManager.DeploymentProvider.dll"
"5/23/2026 6:28:31 AM","5857","Information","Microsoft-Windows-WMI-Activity","nettcpip provider started with result code 0x0. HostProcess = wmiprvse.exe; ProcessID = 1904; ProviderPath = %systemroot%\system32\wbem\NetTCPIP.dll"
"5/23/2026 6:28:31 AM","5857","Information","Microsoft-Windows-WMI-Activity","NetAdapterCim provider started with result code 0x0. HostProcess = wmiprvse.exe; ProcessID = 8828; ProviderPath = %systemroot%\system32\wbem\NetAdapterCim.dll"
"5/23/2026 6:28:31 AM","5857","Information","Microsoft-Windows-WMI-Activity","mgmtprovider provider started with result code 0x0. HostProcess = wmiprvse.exe; ProcessID = 1904; ProviderPath = %systemroot%\system32\wbem\mgmtprovider.dll"
"5/23/2026 6:18:34 AM","5857","Information","Microsoft-Windows-WMI-Activity","deploymentprovider provider started with result code 0x0. HostProcess = wmiprvse.exe; ProcessID = 9536; ProviderPath = %systemroot%\system32\wbem\ServerManager.DeploymentProvider.dll"
"5/23/2026 6:18:31 AM","5857","Information","Microsoft-Windows-WMI-Activity","nettcpip provider started with result code 0x0. HostProcess = wmiprvse.exe; ProcessID = 1904; ProviderPath = %systemroot%\system32\wbem\NetTCPIP.dll"
"5/23/2026 6:18:31 AM","5857","Information","Microsoft-Windows-WMI-Activity","NetAdapterCim provider started with result code 0x0. HostProcess = wmiprvse.exe; ProcessID = 8632; ProviderPath = %systemroot%\system32\wbem\NetAdapterCim.dll"
"5/23/2026 6:18:31 AM","5857","Information","Microsoft-Windows-WMI-Activity","mgmtprovider provider started with result code 0x0. HostProcess = wmiprvse.exe; ProcessID = 1904; ProviderPath = %systemroot%\system32\wbem\mgmtprovider.dll"
"5/23/2026 6:08:33 AM","5857","Information","Microsoft-Windows-WMI-Activity","deploymentprovider provider started with result code 0x0. HostProcess = wmiprvse.exe; ProcessID = 7540; ProviderPath = %systemroot%\system32\wbem\ServerManager.DeploymentProvider.dll"
"5/23/2026 6:08:31 AM","5857","Information","Microsoft-Windows-WMI-Activity","nettcpip provider started with result code 0x0. HostProcess = wmiprvse.exe; ProcessID = 1904; ProviderPath = %systemroot%\system32\wbem\NetTCPIP.dll"
"5/23/2026 6:08:31 AM","5857","Information","Microsoft-Windows-WMI-Activity","NetAdapterCim provider started with result code 0x0. HostProcess = wmiprvse.exe; ProcessID = 9536; ProviderPath = %systemroot%\system32\wbem\NetAdapterCim.dll"
"5/23/2026 6:08:31 AM","5857","Information","Microsoft-Windows-WMI-Activity","mgmtprovider provider started with result code 0x0. HostProcess = wmiprvse.exe; ProcessID = 1904; ProviderPath = %systemroot%\system32\wbem\mgmtprovider.dll"
"5/23/2026 6:01:27 AM","5857","Information","Microsoft-Windows-WMI-Activity","WMIProv provider started with result code 0x0. HostProcess = wmiprvse.exe; ProcessID = 5036; ProviderPath = %systemroot%\system32\wbem\wmiprov.dll"
"5/23/2026 5:58:33 AM","5857","Information","Microsoft-Windows-WMI-Activity","deploymentprovider provider started with result code 0x0. HostProcess = wmiprvse.exe; ProcessID = 8212; ProviderPath = %systemroot%\system32\wbem\ServerManager.DeploymentProvider.dll"
"5/23/2026 5:58:31 AM","5857","Information","Microsoft-Windows-WMI-Activity","nettcpip provider started with result code 0x0. HostProcess = wmiprvse.exe; ProcessID = 1904; ProviderPath = %systemroot%\system32\wbem\NetTCPIP.dll"
"5/23/2026 5:58:31 AM","5857","Information","Microsoft-Windows-WMI-Activity","NetAdapterCim provider started with result code 0x0. HostProcess = wmiprvse.exe; ProcessID = 3020; ProviderPath = %systemroot%\system32\wbem\NetAdapterCim.dll"
"5/23/2026 5:58:31 AM","5857","Information","Microsoft-Windows-WMI-Activity","mgmtprovider provider started with result code 0x0. HostProcess = wmiprvse.exe; ProcessID = 1904; ProviderPath = %systemroot%\system32\wbem\mgmtprovider.dll"
"5/23/2026 5:48:33 AM","5857","Information","Microsoft-Windows-WMI-Activity","deploymentprovider provider started with result code 0x0. HostProcess = wmiprvse.exe; ProcessID = 3500; ProviderPath = %systemroot%\system32\wbem\ServerManager.DeploymentProvider.dll"
"5/23/2026 5:48:31 AM","5857","Information","Microsoft-Windows-WMI-Activity","nettcpip provider started with result code 0x0. HostProcess = wmiprvse.exe; ProcessID = 1904; ProviderPath = %systemroot%\system32\wbem\NetTCPIP.dll"
"5/23/2026 5:48:31 AM","5857","Information","Microsoft-Windows-WMI-Activity","NetAdapterCim provider started with result code 0x0. HostProcess = wmiprvse.exe; ProcessID = 7540; ProviderPath = %systemroot%\system32\wbem\NetAdapterCim.dll"
"5/23/2026 5:48:31 AM","5857","Information","Microsoft-Windows-WMI-Activity","mgmtprovider provider started with result code 0x0. HostProcess = wmiprvse.exe; ProcessID = 1904; ProviderPath = %systemroot%\system32\wbem\mgmtprovider.dll"
"5/23/2026 5:46:59 AM","5857","Information","Microsoft-Windows-WMI-Activity","CIMWin32a provider started with result code 0x0. HostProcess = wmiprvse.exe; ProcessID = 1904; ProviderPath = %systemroot%\system32\wbem\wmipcima.dll"
"5/23/2026 5:46:59 AM","5858","Error","Microsoft-Windows-WMI-Activity","Id = {9912B889-948F-4FA6-BCD0-C7C983C8AB54}; ClientMachine = DC; User = NT AUTHORITY\SYSTEM; ClientProcessId = 1552; Component = Unknown; Operation = Start IWbemServices::DeleteInstance - Root\Rsop\Computer : RSOP_ExtensionStatus.extensionGuid=""{FC491EF1-C4AA-4CE1-B329-414B101DB823}""; ResultCode = 0x80041002; PossibleCause = Unknown"
"5/23/2026 5:46:59 AM","5858","Error","Microsoft-Windows-WMI-Activity","Id = {9912B889-948F-4FA6-BCD0-C7C983C8AB54}; ClientMachine = DC; User = NT AUTHORITY\SYSTEM; ClientProcessId = 1552; Component = Unknown; Operation = Start IWbemServices::DeleteInstance - Root\Rsop\Computer : RSOP_ExtensionStatus.extensionGuid=""{fbf687e6-f063-4d9f-9f4f-fd9a26acdd5f}""; ResultCode = 0x80041002; PossibleCause = Unknown"
"5/23/2026 5:46:59 AM","5858","Error","Microsoft-Windows-WMI-Activity","Id = {9912B889-948F-4FA6-BCD0-C7C983C8AB54}; ClientMachine = DC; User = NT AUTHORITY\SYSTEM; ClientProcessId = 1552; Component = Unknown; Operation = Start IWbemServices::DeleteInstance - Root\Rsop\Computer : RSOP_ExtensionStatus.extensionGuid=""{FB2CA36D-0B40-4307-821B-A13B252DE56C}""; ResultCode = 0x80041002; PossibleCause = Unknown"
"5/23/2026 5:46:59 AM","5858","Error","Microsoft-Windows-WMI-Activity","Id = {9912B889-948F-4FA6-BCD0-C7C983C8AB54}; ClientMachine = DC; User = NT AUTHORITY\SYSTEM; ClientProcessId = 1552; Component = Unknown; Operation = Start IWbemServices::DeleteInstance - Root\Rsop\Computer : RSOP_ExtensionStatus.extensionGuid=""{F312195E-3D9D-447A-A3F5-08DFFA24735E}""; ResultCode = 0x80041002; PossibleCause = Unknown"
"5/23/2026 5:46:59 AM","5858","Error","Microsoft-Windows-WMI-Activity","Id = {9912B889-948F-4FA6-BCD0-C7C983C8AB54}; ClientMachine = DC; User = NT AUTHORITY\SYSTEM; ClientProcessId = 1552; Component = Unknown; Operation = Start IWbemServices::DeleteInstance - Root\Rsop\Computer : RSOP_ExtensionStatus.extensionGuid=""{E62688F0-25FD-4c90-BFF5-F508B9D2E31F}""; ResultCode = 0x80041002; PossibleCause = Unknown"
"5/23/2026 5:46:59 AM","5858","Error","Microsoft-Windows-WMI-Activity","Id = {9912B889-948F-4FA6-BCD0-C7C983C8AB54}; ClientMachine = DC; User = NT AUTHORITY\SYSTEM; ClientProcessId = 1552; Component = Unknown; Operation = Start IWbemServices::DeleteInstance - Root\Rsop\Computer : RSOP_ExtensionStatus.extensionGuid=""{E5094040-C46C-4115-B030-04FB2E545B00}""; ResultCode = 0x80041002; PossibleCause = Unknown"
"5/23/2026 5:46:59 AM","5858","Error","Microsoft-Windows-WMI-Activity","Id = {9912B889-948F-4FA6-BCD0-C7C983C8AB54}; ClientMachine = DC; User = NT AUTHORITY\SYSTEM; ClientProcessId = 1552; Component = Unknown; Operation = Start IWbemServices::DeleteInstance - Root\Rsop\Computer : RSOP_ExtensionStatus.extensionGuid=""{E4F48E54-F38D-4884-BFB9-D4D2E5729C18}""; ResultCode = 0x80041002; PossibleCause = Unknown"
"5/23/2026 5:46:59 AM","5858","Error","Microsoft-Windows-WMI-Activity","Id = {9912B889-948F-4FA6-BCD0-C7C983C8AB54}; ClientMachine = DC; User = NT AUTHORITY\SYSTEM; ClientProcessId = 1552; Component = Unknown; Operation = Start IWbemServices::DeleteInstance - Root\Rsop\Computer : RSOP_ExtensionStatus.extensionGuid=""{e437bc1c-aa7d-11d2-a382-00c04f991e27}""; ResultCode = 0x80041002; PossibleCause = Unknown"
"5/23/2026 5:46:59 AM","5858","Error","Microsoft-Windows-WMI-Activity","Id = {9912B889-948F-4FA6-BCD0-C7C983C8AB54}; ClientMachine = DC; User = NT AUTHORITY\SYSTEM; ClientProcessId = 1552; Component = Unknown; Operation = Start IWbemServices::DeleteInstance - Root\Rsop\Computer : RSOP_ExtensionStatus.extensionGuid=""{CFF649BD-601D-4361-AD3D-0FC365DB4DB7}""; ResultCode = 0x80041002; PossibleCause = Unknown"
"5/23/2026 5:46:59 AM","5858","Error","Microsoft-Windows-WMI-Activity","Id = {9912B889-948F-4FA6-BCD0-C7C983C8AB54}; ClientMachine = DC; User = NT AUTHORITY\SYSTEM; ClientProcessId = 1552; Component = Unknown; Operation = Start IWbemServices::DeleteInstance - Root\Rsop\Computer : RSOP_ExtensionStatus.extensionGuid=""{CF7639F3-ABA2-41DB-97F2-81E2C5DBFC5D}""; ResultCode = 0x80041002; PossibleCause = Unknown"
"5/23/2026 5:46:59 AM","5858","Error","Microsoft-Windows-WMI-Activity","Id = {9912B889-948F-4FA6-BCD0-C7C983C8AB54}; ClientMachine = DC; User = NT AUTHORITY\SYSTEM; ClientProcessId = 1552; Component = Unknown; Operation = Start IWbemServices::DeleteInstance - Root\Rsop\Computer : RSOP_ExtensionStatus.extensionGuid=""{cdeafc3d-948d-49dd-ab12-e578ba4af7aa}""; ResultCode = 0x80041002; PossibleCause = Unknown"
"5/23/2026 5:46:59 AM","5858","Error","Microsoft-Windows-WMI-Activity","Id = {9912B889-948F-4FA6-BCD0-C7C983C8AB54}; ClientMachine = DC; User = NT AUTHORITY\SYSTEM; ClientProcessId = 1552; Component = Unknown; Operation = Start IWbemServices::DeleteInstance - Root\Rsop\Computer : RSOP_ExtensionStatus.extensionGuid=""{c6dc5466-785a-11d2-84d0-00c04fb169f7}""; ResultCode = 0x80041002; PossibleCause = Unknown"
"5/23/2026 5:46:59 AM","5858","Error","Microsoft-Windows-WMI-Activity","Id = {9912B889-948F-4FA6-BCD0-C7C983C8AB54}; ClientMachine = DC; User = NT AUTHORITY\SYSTEM; ClientProcessId = 1552; Component = Unknown; Operation = Start IWbemServices::DeleteInstance - Root\Rsop\Computer : RSOP_ExtensionStatus.extensionGuid=""{C631DF4C-088F-4156-B058-4375F0853CD8}""; ResultCode = 0x80041002; PossibleCause = Unknown"
"5/23/2026 5:46:59 AM","5858","Error","Microsoft-Windows-WMI-Activity","Id = {9912B889-948F-4FA6-BCD0-C7C983C8AB54}; ClientMachine = DC; User = NT AUTHORITY\SYSTEM; ClientProcessId = 1552; Component = Unknown; Operation = Start IWbemServices::DeleteInstance - Root\Rsop\Computer : RSOP_ExtensionStatus.extensionGuid=""{C418DD9D-0D14-4efb-8FBF-CFE535C8FAC7}""; ResultCode = 0x80041002; PossibleCause = Unknown"
"5/23/2026 5:46:59 AM","5858","Error","Microsoft-Windows-WMI-Activity","Id = {9912B889-948F-4FA6-BCD0-C7C983C8AB54}; ClientMachine = DC; User = NT AUTHORITY\SYSTEM; ClientProcessId = 1552; Component = Unknown; Operation = Start IWbemServices::DeleteInstance - Root\Rsop\Computer : RSOP_ExtensionStatus.extensionGuid=""{C34B2751-1CF4-44F5-9262-C3FC39666591}""; ResultCode = 0x80041002; PossibleCause = Unknown"
"5/23/2026 5:46:59 AM","5858","Error","Microsoft-Windows-WMI-Activity","Id = {9912B889-948F-4FA6-BCD0-C7C983C8AB54}; ClientMachine = DC; User = NT AUTHORITY\SYSTEM; ClientProcessId = 1552; Component = Unknown; Operation = Start IWbemServices::DeleteInstance - Root\Rsop\Computer : RSOP_ExtensionStatus.extensionGuid=""{BC75B1ED-5833-4858-9BB8-CBF0B166DF9D}""; ResultCode = 0x80041002; PossibleCause = Unknown"
"5/23/2026 5:46:59 AM","5858","Error","Microsoft-Windows-WMI-Activity","Id = {9912B889-948F-4FA6-BCD0-C7C983C8AB54}; ClientMachine = DC; User = NT AUTHORITY\SYSTEM; ClientProcessId = 1552; Component = Unknown; Operation = Start IWbemServices::DeleteInstance - Root\Rsop\Computer : RSOP_ExtensionStatus.extensionGuid=""{BA649533-0AAC-4E04-B9BC-4DBAE0325B12}""; ResultCode = 0x80041002; PossibleCause = Unknown"
"5/23/2026 5:46:59 AM","5858","Error","Microsoft-Windows-WMI-Activity","Id = {9912B889-948F-4FA6-BCD0-C7C983C8AB54}; ClientMachine = DC; User = NT AUTHORITY\SYSTEM; ClientProcessId = 1552; Component = Unknown; Operation = Start IWbemServices::DeleteInstance - Root\Rsop\Computer : RSOP_ExtensionStatus.extensionGuid=""{B587E2B1-4D59-4e7e-AED9-22B9DF11D053}""; ResultCode = 0x80041002; PossibleCause = Unknown"
"5/23/2026 5:46:59 AM","5858","Error","Microsoft-Windows-WMI-Activity","Id = {9912B889-948F-4FA6-BCD0-C7C983C8AB54}; ClientMachine = DC; User = NT AUTHORITY\SYSTEM; ClientProcessId = 1552; Component = Unknown; Operation = Start IWbemServices::DeleteInstance - Root\Rsop\Computer : RSOP_ExtensionStatus.extensionGuid=""{B087BE9D-ED37-454f-AF9C-04291E351182}""; ResultCode = 0x80041002; PossibleCause = Unknown"
"5/23/2026 5:46:59 AM","5858","Error","Microsoft-Windows-WMI-Activity","Id = {9912B889-948F-4FA6-BCD0-C7C983C8AB54}; ClientMachine = DC; User = NT AUTHORITY\SYSTEM; ClientProcessId = 1552; Component = Unknown; Operation = Start IWbemServices::DeleteInstance - Root\Rsop\Computer : RSOP_ExtensionStatus.extensionGuid=""{AADCED64-746C-4633-A97C-D61349046527}""; ResultCode = 0x80041002; PossibleCause = Unknown"
"5/23/2026 5:46:59 AM","5858","Error","Microsoft-Windows-WMI-Activity","Id = {9912B889-948F-4FA6-BCD0-C7C983C8AB54}; ClientMachine = DC; User = NT AUTHORITY\SYSTEM; ClientProcessId = 1552; Component = Unknown; Operation = Start IWbemServices::DeleteInstance - Root\Rsop\Computer : RSOP_ExtensionStatus.extensionGuid=""{A3F3E39B-5D83-4940-B954-28315B82F0A8}""; ResultCode = 0x80041002; PossibleCause = Unknown"
"5/23/2026 5:46:59 AM","5858","Error","Microsoft-Windows-WMI-Activity","Id = {9912B889-948F-4FA6-BCD0-C7C983C8AB54}; ClientMachine = DC; User = NT AUTHORITY\SYSTEM; ClientProcessId = 1552; Component = Unknown; Operation = Start IWbemServices::DeleteInstance - Root\Rsop\Computer : RSOP_ExtensionStatus.extensionGuid=""{91FBB303-0CD5-4055-BF42-E512A681B325}""; ResultCode = 0x80041002; PossibleCause = Unknown"
"5/23/2026 5:46:59 AM","5858","Error","Microsoft-Windows-WMI-Activity","Id = {9912B889-948F-4FA6-BCD0-C7C983C8AB54}; ClientMachine = DC; User = NT AUTHORITY\SYSTEM; ClientProcessId = 1552; Component = Unknown; Operation = Start IWbemServices::DeleteInstance - Root\Rsop\Computer : RSOP_ExtensionStatus.extensionGuid=""{8A28E2C5-8D06-49A4-A08C-632DAA493E17}""; ResultCode = 0x80041002; PossibleCause = Unknown"
"5/23/2026 5:46:58 AM","5858","Error","Microsoft-Windows-WMI-Activity","Id = {9912B889-948F-4FA6-BCD0-C7C983C8AB54}; ClientMachine = DC; User = NT AUTHORITY\SYSTEM; ClientProcessId = 1552; Component = Unknown; Operation = Start IWbemServices::DeleteInstance - Root\Rsop\Computer : RSOP_ExtensionStatus.extensionGuid=""{7B849a69-220F-451E-B3FE-2CB811AF94AE}""; ResultCode = 0x80041002; PossibleCause = Unknown"
"5/23/2026 5:46:58 AM","5858","Error","Microsoft-Windows-WMI-Activity","Id = {9912B889-948F-4FA6-BCD0-C7C983C8AB54}; ClientMachine = DC; User = NT AUTHORITY\SYSTEM; ClientProcessId = 1552; Component = Unknown; Operation = Start IWbemServices::DeleteInstance - Root\Rsop\Computer : RSOP_ExtensionStatus.extensionGuid=""{7933F41E-56F8-41d6-A31C-4148A711EE93}""; ResultCode = 0x80041002; PossibleCause = Unknown"
"5/23/2026 5:46:58 AM","5858","Error","Microsoft-Windows-WMI-Activity","Id = {9912B889-948F-4FA6-BCD0-C7C983C8AB54}; ClientMachine = DC; User = NT AUTHORITY\SYSTEM; ClientProcessId = 1552; Component = Unknown; Operation = Start IWbemServices::DeleteInstance - Root\Rsop\Computer : RSOP_ExtensionStatus.extensionGuid=""{7909AD9E-09EE-4247-BAB9-7029D5F0A278}""; ResultCode = 0x80041002; PossibleCause = Unknown"
"5/23/2026 5:46:58 AM","5858","Error","Microsoft-Windows-WMI-Activity","Id = {9912B889-948F-4FA6-BCD0-C7C983C8AB54}; ClientMachine = DC; User = NT AUTHORITY\SYSTEM; ClientProcessId = 1552; Component = Unknown; Operation = Start IWbemServices::DeleteInstance - Root\Rsop\Computer : RSOP_ExtensionStatus.extensionGuid=""{74EE6C03-5363-4554-B161-627540339CAB}""; ResultCode = 0x80041002; PossibleCause = Unknown"
"5/23/2026 5:46:58 AM","5858","Error","Microsoft-Windows-WMI-Activity","Id = {9912B889-948F-4FA6-BCD0-C7C983C8AB54}; ClientMachine = DC; User = NT AUTHORITY\SYSTEM; ClientProcessId = 1552; Component = Unknown; Operation = Start IWbemServices::DeleteInstance - Root\Rsop\Computer : RSOP_ExtensionStatus.extensionGuid=""{728EE579-943C-4519-9EF7-AB56765798ED}""; ResultCode = 0x80041002; PossibleCause = Unknown"
"5/23/2026 5:46:58 AM","5858","Error","Microsoft-Windows-WMI-Activity","Id = {9912B889-948F-4FA6-BCD0-C7C983C8AB54}; ClientMachine = DC; User = NT AUTHORITY\SYSTEM; ClientProcessId = 1552; Component = Unknown; Operation = Start IWbemServices::DeleteInstance - Root\Rsop\Computer : RSOP_ExtensionStatus.extensionGuid=""{7150F9BF-48AD-4da4-A49C-29EF4A8369BA}""; ResultCode = 0x80041002; PossibleCause = Unknown"
"5/23/2026 5:46:58 AM","5858","Error","Microsoft-Windows-WMI-Activity","Id = {9912B889-948F-4FA6-BCD0-C7C983C8AB54}; ClientMachine = DC; User = NT AUTHORITY\SYSTEM; ClientProcessId = 1552; Component = Unknown; Operation = Start IWbemServices::DeleteInstance - Root\Rsop\Computer : RSOP_ExtensionStatus.extensionGuid=""{6A4C88C6-C502-4f74-8F60-2CB23EDC24E2}""; ResultCode = 0x80041002; PossibleCause = Unknown"
"5/23/2026 5:46:58 AM","5858","Error","Microsoft-Windows-WMI-Activity","Id = {9912B889-948F-4FA6-BCD0-C7C983C8AB54}; ClientMachine = DC; User = NT AUTHORITY\SYSTEM; ClientProcessId = 1552; Component = Unknown; Operation = Start IWbemServices::DeleteInstance - Root\Rsop\Computer : RSOP_ExtensionStatus.extensionGuid=""{6232C319-91AC-4931-9385-E70C2B099F0E}""; ResultCode = 0x80041002; PossibleCause = Unknown"
"5/23/2026 5:46:58 AM","5858","Error","Microsoft-Windows-WMI-Activity","Id = {9912B889-948F-4FA6-BCD0-C7C983C8AB54}; ClientMachine = DC; User = NT AUTHORITY\SYSTEM; ClientProcessId = 1552; Component = Unknown; Operation = Start IWbemServices::DeleteInstance - Root\Rsop\Computer : RSOP_ExtensionStatus.extensionGuid=""{4CFB60C1-FAA6-47f1-89AA-0B18730C9FD3}""; ResultCode = 0x80041002; PossibleCause = Unknown"
"5/23/2026 5:46:58 AM","5858","Error","Microsoft-Windows-WMI-Activity","Id = {9912B889-948F-4FA6-BCD0-C7C983C8AB54}; ClientMachine = DC; User = NT AUTHORITY\SYSTEM; ClientProcessId = 1552; Component = Unknown; Operation = Start IWbemServices::DeleteInstance - Root\Rsop\Computer : RSOP_ExtensionStatus.extensionGuid=""{4bcd6cde-777b-48b6-9804-43568e23545d}""; ResultCode = 0x80041002; PossibleCause = Unknown"
"5/23/2026 5:46:58 AM","5858","Error","Microsoft-Windows-WMI-Activity","Id = {9912B889-948F-4FA6-BCD0-C7C983C8AB54}; ClientMachine = DC; User = NT AUTHORITY\SYSTEM; ClientProcessId = 1552; Component = Unknown; Operation = Start IWbemServices::DeleteInstance - Root\Rsop\Computer : RSOP_ExtensionStatus.extensionGuid=""{4B7C3B0F-E993-4E06-A241-3FBE06943684}""; ResultCode = 0x80041002; PossibleCause = Unknown"
"5/23/2026 5:46:58 AM","5858","Error","Microsoft-Windows-WMI-Activity","Id = {9912B889-948F-4FA6-BCD0-C7C983C8AB54}; ClientMachine = DC; User = NT AUTHORITY\SYSTEM; ClientProcessId = 1552; Component = Unknown; Operation = Start IWbemServices::DeleteInstance - Root\Rsop\Computer : RSOP_ExtensionStatus.extensionGuid=""{42B5FAAE-6536-11d2-AE5A-0000F87571E3}""; ResultCode = 0x80041002; PossibleCause = Unknown"
"5/23/2026 5:46:58 AM","5858","Error","Microsoft-Windows-WMI-Activity","Id = {9912B889-948F-4FA6-BCD0-C7C983C8AB54}; ClientMachine = DC; User = NT AUTHORITY\SYSTEM; ClientProcessId = 1552; Component = Unknown; Operation = Start IWbemServices::DeleteInstance - Root\Rsop\Computer : RSOP_ExtensionStatus.extensionGuid=""{426031c0-0b47-4852-b0ca-ac3d37bfcb39}""; ResultCode = 0x80041002; PossibleCause = Unknown"
"5/23/2026 5:46:58 AM","5858","Error","Microsoft-Windows-WMI-Activity","Id = {9912B889-948F-4FA6-BCD0-C7C983C8AB54}; ClientMachine = DC; User = NT AUTHORITY\SYSTEM; ClientProcessId = 1552; Component = Unknown; Operation = Start IWbemServices::DeleteInstance - Root\Rsop\Computer : RSOP_ExtensionStatus.extensionGuid=""{3A0DBA37-F8B2-4356-83DE-3E90BD5C261F}""; ResultCode = 0x80041002; PossibleCause = Unknown"
"5/23/2026 5:46:58 AM","5858","Error","Microsoft-Windows-WMI-Activity","Id = {9912B889-948F-4FA6-BCD0-C7C983C8AB54}; ClientMachine = DC; User = NT AUTHORITY\SYSTEM; ClientProcessId = 1552; Component = Unknown; Operation = Start IWbemServices::DeleteInstance - Root\Rsop\Computer : RSOP_ExtensionStatus.extensionGuid=""{3610eda5-77ef-11d2-8dc5-00c04fa31a66}""; ResultCode = 0x80041002; PossibleCause = Unknown"
"5/23/2026 5:46:58 AM","5858","Error","Microsoft-Windows-WMI-Activity","Id = {9912B889-948F-4FA6-BCD0-C7C983C8AB54}; ClientMachine = DC; User = NT AUTHORITY\SYSTEM; ClientProcessId = 1552; Component = Unknown; Operation = Start IWbemServices::DeleteInstance - Root\Rsop\Computer : RSOP_ExtensionStatus.extensionGuid=""{2BFCC077-22D2-48DE-BDE1-2F618D9B476D}""; ResultCode = 0x80041002; PossibleCause = Unknown"
"5/23/2026 5:46:58 AM","5858","Error","Microsoft-Windows-WMI-Activity","Id = {9912B889-948F-4FA6-BCD0-C7C983C8AB54}; ClientMachine = DC; User = NT AUTHORITY\SYSTEM; ClientProcessId = 1552; Component = Unknown; Operation = Start IWbemServices::DeleteInstance - Root\Rsop\Computer : RSOP_ExtensionStatus.extensionGuid=""{2A8FDC61-2347-4C87-92F6-B05EB91A201A}""; ResultCode = 0x80041002; PossibleCause = Unknown"
"5/23/2026 5:46:58 AM","5858","Error","Microsoft-Windows-WMI-Activity","Id = {9912B889-948F-4FA6-BCD0-C7C983C8AB54}; ClientMachine = DC; User = NT AUTHORITY\SYSTEM; ClientProcessId = 1552; Component = Unknown; Operation = Start IWbemServices::DeleteInstance - Root\Rsop\Computer : RSOP_ExtensionStatus.extensionGuid=""{1A6364EB-776B-4120-ADE1-B63A406A76B5}""; ResultCode = 0x80041002; PossibleCause = Unknown"
"5/23/2026 5:46:58 AM","5858","Error","Microsoft-Windows-WMI-Activity","Id = {9912B889-948F-4FA6-BCD0-C7C983C8AB54}; ClientMachine = DC; User = NT AUTHORITY\SYSTEM; ClientProcessId = 1552; Component = Unknown; Operation = Start IWbemServices::DeleteInstance - Root\Rsop\Computer : RSOP_ExtensionStatus.extensionGuid=""{17D89FEC-5C44-4972-B12D-241CAEF74509}""; ResultCode = 0x80041002; PossibleCause = Unknown"
"5/23/2026 5:46:58 AM","5858","Error","Microsoft-Windows-WMI-Activity","Id = {9912B889-948F-4FA6-BCD0-C7C983C8AB54}; ClientMachine = DC; User = NT AUTHORITY\SYSTEM; ClientProcessId = 1552; Component = Unknown; Operation = Start IWbemServices::DeleteInstance - Root\Rsop\Computer : RSOP_ExtensionStatus.extensionGuid=""{16be69fa-4209-4250-88cb-716cf41954e0}""; ResultCode = 0x80041002; PossibleCause = Unknown"
"5/23/2026 5:46:58 AM","5858","Error","Microsoft-Windows-WMI-Activity","Id = {9912B889-948F-4FA6-BCD0-C7C983C8AB54}; ClientMachine = DC; User = NT AUTHORITY\SYSTEM; ClientProcessId = 1552; Component = Unknown; Operation = Start IWbemServices::DeleteInstance - Root\Rsop\Computer : RSOP_ExtensionStatus.extensionGuid=""{169EBF44-942F-4C43-87CE-13C93996EBBE}""; ResultCode = 0x80041002; PossibleCause = Unknown"
"5/23/2026 5:46:58 AM","5858","Error","Microsoft-Windows-WMI-Activity","Id = {9912B889-948F-4FA6-BCD0-C7C983C8AB54}; ClientMachine = DC; User = NT AUTHORITY\SYSTEM; ClientProcessId = 1552; Component = Unknown; Operation = Start IWbemServices::DeleteInstance - Root\Rsop\Computer : RSOP_ExtensionStatus.extensionGuid=""{0E28E245-9368-4853-AD84-6DA3BA35BB75}""; ResultCode = 0x80041002; PossibleCause = Unknown"
"5/23/2026 5:46:58 AM","5858","Error","Microsoft-Windows-WMI-Activity","Id = {9912B889-948F-4FA6-BCD0-C7C983C8AB54}; ClientMachine = DC; User = NT AUTHORITY\SYSTEM; ClientProcessId = 1552; Component = Unknown; Operation = Start IWbemServices::DeleteInstance - Root\Rsop\Computer : RSOP_ExtensionStatus.extensionGuid=""{0ACDD40C-75AC-47ab-BAA0-BF6DE7E7FE63}""; ResultCode = 0x80041002; PossibleCause = Unknown"
"5/23/2026 5:42:17 AM","5857","Information","Microsoft-Windows-WMI-Activity","DnsServerPSProvider provider started with result code 0x0. HostProcess = wmiprvse.exe; ProcessID = 1904; ProviderPath = %SYSTEMROOT%\System32\wbem\DnsServerPsProvider.dll"
"5/23/2026 5:38:33 AM","5857","Information","Microsoft-Windows-WMI-Activity","deploymentprovider provider started with result code 0x0. HostProcess = wmiprvse.exe; ProcessID = 6908; ProviderPath = %systemroot%\system32\wbem\ServerManager.DeploymentProvider.dll"
"5/23/2026 5:38:31 AM","5857","Information","Microsoft-Windows-WMI-Activity","nettcpip provider started with result code 0x0. HostProcess = wmiprvse.exe; ProcessID = 1904; ProviderPath = %systemroot%\system32\wbem\NetTCPIP.dll"
"5/23/2026 5:38:31 AM","5857","Information","Microsoft-Windows-WMI-Activity","NetAdapterCim provider started with result code 0x0. HostProcess = wmiprvse.exe; ProcessID = 3000; ProviderPath = %systemroot%\system32\wbem\NetAdapterCim.dll"
"5/23/2026 5:38:31 AM","5857","Information","Microsoft-Windows-WMI-Activity","mgmtprovider provider started with result code 0x0. HostProcess = wmiprvse.exe; ProcessID = 1904; ProviderPath = %systemroot%\system32\wbem\mgmtprovider.dll"
"5/23/2026 5:28:33 AM","5857","Information","Microsoft-Windows-WMI-Activity","deploymentprovider provider started with result code 0x0. HostProcess = wmiprvse.exe; ProcessID = 7924; ProviderPath = %systemroot%\system32\wbem\ServerManager.DeploymentProvider.dll"
"5/23/2026 5:28:31 AM","5857","Information","Microsoft-Windows-WMI-Activity","nettcpip provider started with result code 0x0. HostProcess = wmiprvse.exe; ProcessID = 1904; ProviderPath = %systemroot%\system32\wbem\NetTCPIP.dll"
"5/23/2026 5:28:31 AM","5857","Information","Microsoft-Windows-WMI-Activity","NetAdapterCim provider started with result code 0x0. HostProcess = wmiprvse.exe; ProcessID = 2644; ProviderPath = %systemroot%\system32\wbem\NetAdapterCim.dll"
"5/23/2026 5:28:31 AM","5857","Information","Microsoft-Windows-WMI-Activity","mgmtprovider provider started with result code 0x0. HostProcess = wmiprvse.exe; ProcessID = 1904; ProviderPath = %systemroot%\system32\wbem\mgmtprovider.dll"
"5/23/2026 5:21:08 AM","5857","Information","Microsoft-Windows-WMI-Activity","CIMWin32a provider started with result code 0x0. HostProcess = wmiprvse.exe; ProcessID = 1904; ProviderPath = %systemroot%\system32\wbem\wmipcima.dll"
"5/23/2026 5:18:34 AM","5857","Information","Microsoft-Windows-WMI-Activity","deploymentprovider provider started with result code 0x0. HostProcess = wmiprvse.exe; ProcessID = 9648; ProviderPath = %systemroot%\system32\wbem\ServerManager.DeploymentProvider.dll"
"5/23/2026 5:18:31 AM","5857","Information","Microsoft-Windows-WMI-Activity","nettcpip provider started with result code 0x0. HostProcess = wmiprvse.exe; ProcessID = 1904; ProviderPath = %systemroot%\system32\wbem\NetTCPIP.dll"
"5/23/2026 5:18:31 AM","5857","Information","Microsoft-Windows-WMI-Activity","NetAdapterCim provider started with result code 0x0. HostProcess = wmiprvse.exe; ProcessID = 8476; ProviderPath = %systemroot%\system32\wbem\NetAdapterCim.dll"
"5/23/2026 5:18:31 AM","5857","Information","Microsoft-Windows-WMI-Activity","mgmtprovider provider started with result code 0x0. HostProcess = wmiprvse.exe; ProcessID = 1904; ProviderPath = %systemroot%\system32\wbem\mgmtprovider.dll"
"5/23/2026 5:13:56 AM","5857","Information","Microsoft-Windows-WMI-Activity","CIMWin32a provider started with result code 0x0. HostProcess = wmiprvse.exe; ProcessID = 1904; ProviderPath = %systemroot%\system32\wbem\wmipcima.dll"
"5/23/2026 5:11:54 AM","5857","Information","Microsoft-Windows-WMI-Activity","CIMWin32a provider started with result code 0x0. HostProcess = wmiprvse.exe; ProcessID = 1904; ProviderPath = %systemroot%\system32\wbem\wmipcima.dll"
"5/23/2026 5:11:54 AM","5858","Error","Microsoft-Windows-WMI-Activity","Id = {FA643DF5-BBC7-4876-8AFA-C995B435501D}; ClientMachine = DC; User = NT AUTHORITY\SYSTEM; ClientProcessId = 1552; Component = Unknown; Operation = Start IWbemServices::DeleteInstance - Root\Rsop\Computer : RSOP_ExtensionStatus.extensionGuid=""{FC491EF1-C4AA-4CE1-B329-414B101DB823}""; ResultCode = 0x80041002; PossibleCause = Unknown"
"5/23/2026 5:11:54 AM","5858","Error","Microsoft-Windows-WMI-Activity","Id = {FA643DF5-BBC7-4876-8AFA-C995B435501D}; ClientMachine = DC; User = NT AUTHORITY\SYSTEM; ClientProcessId = 1552; Component = Unknown; Operation = Start IWbemServices::DeleteInstance - Root\Rsop\Computer : RSOP_ExtensionStatus.extensionGuid=""{fbf687e6-f063-4d9f-9f4f-fd9a26acdd5f}""; ResultCode = 0x80041002; PossibleCause = Unknown"
"5/23/2026 5:11:54 AM","5858","Error","Microsoft-Windows-WMI-Activity","Id = {FA643DF5-BBC7-4876-8AFA-C995B435501D}; ClientMachine = DC; User = NT AUTHORITY\SYSTEM; ClientProcessId = 1552; Component = Unknown; Operation = Start IWbemServices::DeleteInstance - Root\Rsop\Computer : RSOP_ExtensionStatus.extensionGuid=""{FB2CA36D-0B40-4307-821B-A13B252DE56C}""; ResultCode = 0x80041002; PossibleCause = Unknown"
"5/23/2026 5:11:54 AM","5858","Error","Microsoft-Windows-WMI-Activity","Id = {FA643DF5-BBC7-4876-8AFA-C995B435501D}; ClientMachine = DC; User = NT AUTHORITY\SYSTEM; ClientProcessId = 1552; Component = Unknown; Operation = Start IWbemServices::DeleteInstance - Root\Rsop\Computer : RSOP_ExtensionStatus.extensionGuid=""{F312195E-3D9D-447A-A3F5-08DFFA24735E}""; ResultCode = 0x80041002; PossibleCause = Unknown"
"5/23/2026 5:11:54 AM","5858","Error","Microsoft-Windows-WMI-Activity","Id = {FA643DF5-BBC7-4876-8AFA-C995B435501D}; ClientMachine = DC; User = NT AUTHORITY\SYSTEM; ClientProcessId = 1552; Component = Unknown; Operation = Start IWbemServices::DeleteInstance - Root\Rsop\Computer : RSOP_ExtensionStatus.extensionGuid=""{E62688F0-25FD-4c90-BFF5-F508B9D2E31F}""; ResultCode = 0x80041002; PossibleCause = Unknown"
"5/23/2026 5:11:54 AM","5858","Error","Microsoft-Windows-WMI-Activity","Id = {FA643DF5-BBC7-4876-8AFA-C995B435501D}; ClientMachine = DC; User = NT AUTHORITY\SYSTEM; ClientProcessId = 1552; Component = Unknown; Operation = Start IWbemServices::DeleteInstance - Root\Rsop\Computer : RSOP_ExtensionStatus.extensionGuid=""{E5094040-C46C-4115-B030-04FB2E545B00}""; ResultCode = 0x80041002; PossibleCause = Unknown"
"5/23/2026 5:11:54 AM","5858","Error","Microsoft-Windows-WMI-Activity","Id = {FA643DF5-BBC7-4876-8AFA-C995B435501D}; ClientMachine = DC; User = NT AUTHORITY\SYSTEM; ClientProcessId = 1552; Component = Unknown; Operation = Start IWbemServices::DeleteInstance - Root\Rsop\Computer : RSOP_ExtensionStatus.extensionGuid=""{E4F48E54-F38D-4884-BFB9-D4D2E5729C18}""; ResultCode = 0x80041002; PossibleCause = Unknown"
"5/23/2026 5:11:54 AM","5858","Error","Microsoft-Windows-WMI-Activity","Id = {FA643DF5-BBC7-4876-8AFA-C995B435501D}; ClientMachine = DC; User = NT AUTHORITY\SYSTEM; ClientProcessId = 1552; Component = Unknown; Operation = Start IWbemServices::DeleteInstance - Root\Rsop\Computer : RSOP_ExtensionStatus.extensionGuid=""{e437bc1c-aa7d-11d2-a382-00c04f991e27}""; ResultCode = 0x80041002; PossibleCause = Unknown"
"5/23/2026 5:11:54 AM","5858","Error","Microsoft-Windows-WMI-Activity","Id = {FA643DF5-BBC7-4876-8AFA-C995B435501D}; ClientMachine = DC; User = NT AUTHORITY\SYSTEM; ClientProcessId = 1552; Component = Unknown; Operation = Start IWbemServices::DeleteInstance - Root\Rsop\Computer : RSOP_ExtensionStatus.extensionGuid=""{CFF649BD-601D-4361-AD3D-0FC365DB4DB7}""; ResultCode = 0x80041002; PossibleCause = Unknown"
"5/23/2026 5:11:54 AM","5858","Error","Microsoft-Windows-WMI-Activity","Id = {FA643DF5-BBC7-4876-8AFA-C995B435501D}; ClientMachine = DC; User = NT AUTHORITY\SYSTEM; ClientProcessId = 1552; Component = Unknown; Operation = Start IWbemServices::DeleteInstance - Root\Rsop\Computer : RSOP_ExtensionStatus.extensionGuid=""{CF7639F3-ABA2-41DB-97F2-81E2C5DBFC5D}""; ResultCode = 0x80041002; PossibleCause = Unknown"
"5/23/2026 5:11:54 AM","5858","Error","Microsoft-Windows-WMI-Activity","Id = {FA643DF5-BBC7-4876-8AFA-C995B435501D}; ClientMachine = DC; User = NT AUTHORITY\SYSTEM; ClientProcessId = 1552; Component = Unknown; Operation = Start IWbemServices::DeleteInstance - Root\Rsop\Computer : RSOP_ExtensionStatus.extensionGuid=""{cdeafc3d-948d-49dd-ab12-e578ba4af7aa}""; ResultCode = 0x80041002; PossibleCause = Unknown"
"5/23/2026 5:11:54 AM","5858","Error","Microsoft-Windows-WMI-Activity","Id = {FA643DF5-BBC7-4876-8AFA-C995B435501D}; ClientMachine = DC; User = NT AUTHORITY\SYSTEM; ClientProcessId = 1552; Component = Unknown; Operation = Start IWbemServices::DeleteInstance - Root\Rsop\Computer : RSOP_ExtensionStatus.extensionGuid=""{c6dc5466-785a-11d2-84d0-00c04fb169f7}""; ResultCode = 0x80041002; PossibleCause = Unknown"
"5/23/2026 5:11:54 AM","5858","Error","Microsoft-Windows-WMI-Activity","Id = {FA643DF5-BBC7-4876-8AFA-C995B435501D}; ClientMachine = DC; User = NT AUTHORITY\SYSTEM; ClientProcessId = 1552; Component = Unknown; Operation = Start IWbemServices::DeleteInstance - Root\Rsop\Computer : RSOP_ExtensionStatus.extensionGuid=""{C631DF4C-088F-4156-B058-4375F0853CD8}""; ResultCode = 0x80041002; PossibleCause = Unknown"
"5/23/2026 5:11:54 AM","5858","Error","Microsoft-Windows-WMI-Activity","Id = {FA643DF5-BBC7-4876-8AFA-C995B435501D}; ClientMachine = DC; User = NT AUTHORITY\SYSTEM; ClientProcessId = 1552; Component = Unknown; Operation = Start IWbemServices::DeleteInstance - Root\Rsop\Computer : RSOP_ExtensionStatus.extensionGuid=""{C418DD9D-0D14-4efb-8FBF-CFE535C8FAC7}""; ResultCode = 0x80041002; PossibleCause = Unknown"
"5/23/2026 5:11:54 AM","5858","Error","Microsoft-Windows-WMI-Activity","Id = {FA643DF5-BBC7-4876-8AFA-C995B435501D}; ClientMachine = DC; User = NT AUTHORITY\SYSTEM; ClientProcessId = 1552; Component = Unknown; Operation = Start IWbemServices::DeleteInstance - Root\Rsop\Computer : RSOP_ExtensionStatus.extensionGuid=""{C34B2751-1CF4-44F5-9262-C3FC39666591}""; ResultCode = 0x80041002; PossibleCause = Unknown"
"5/23/2026 5:11:54 AM","5858","Error","Microsoft-Windows-WMI-Activity","Id = {FA643DF5-BBC7-4876-8AFA-C995B435501D}; ClientMachine = DC; User = NT AUTHORITY\SYSTEM; ClientProcessId = 1552; Component = Unknown; Operation = Start IWbemServices::DeleteInstance - Root\Rsop\Computer : RSOP_ExtensionStatus.extensionGuid=""{BC75B1ED-5833-4858-9BB8-CBF0B166DF9D}""; ResultCode = 0x80041002; PossibleCause = Unknown"
"5/23/2026 5:11:54 AM","5858","Error","Microsoft-Windows-WMI-Activity","Id = {FA643DF5-BBC7-4876-8AFA-C995B435501D}; ClientMachine = DC; User = NT AUTHORITY\SYSTEM; ClientProcessId = 1552; Component = Unknown; Operation = Start IWbemServices::DeleteInstance - Root\Rsop\Computer : RSOP_ExtensionStatus.extensionGuid=""{BA649533-0AAC-4E04-B9BC-4DBAE0325B12}""; ResultCode = 0x80041002; PossibleCause = Unknown"
"5/23/2026 5:11:54 AM","5858","Error","Microsoft-Windows-WMI-Activity","Id = {FA643DF5-BBC7-4876-8AFA-C995B435501D}; ClientMachine = DC; User = NT AUTHORITY\SYSTEM; ClientProcessId = 1552; Component = Unknown; Operation = Start IWbemServices::DeleteInstance - Root\Rsop\Computer : RSOP_ExtensionStatus.extensionGuid=""{B587E2B1-4D59-4e7e-AED9-22B9DF11D053}""; ResultCode = 0x80041002; PossibleCause = Unknown"
"5/23/2026 5:11:54 AM","5858","Error","Microsoft-Windows-WMI-Activity","Id = {FA643DF5-BBC7-4876-8AFA-C995B435501D}; ClientMachine = DC; User = NT AUTHORITY\SYSTEM; ClientProcessId = 1552; Component = Unknown; Operation = Start IWbemServices::DeleteInstance - Root\Rsop\Computer : RSOP_ExtensionStatus.extensionGuid=""{B087BE9D-ED37-454f-AF9C-04291E351182}""; ResultCode = 0x80041002; PossibleCause = Unknown"
"5/23/2026 5:11:54 AM","5858","Error","Microsoft-Windows-WMI-Activity","Id = {FA643DF5-BBC7-4876-8AFA-C995B435501D}; ClientMachine = DC; User = NT AUTHORITY\SYSTEM; ClientProcessId = 1552; Component = Unknown; Operation = Start IWbemServices::DeleteInstance - Root\Rsop\Computer : RSOP_ExtensionStatus.extensionGuid=""{AADCED64-746C-4633-A97C-D61349046527}""; ResultCode = 0x80041002; PossibleCause = Unknown"
"5/23/2026 5:11:54 AM","5858","Error","Microsoft-Windows-WMI-Activity","Id = {FA643DF5-BBC7-4876-8AFA-C995B435501D}; ClientMachine = DC; User = NT AUTHORITY\SYSTEM; ClientProcessId = 1552; Component = Unknown; Operation = Start IWbemServices::DeleteInstance - Root\Rsop\Computer : RSOP_ExtensionStatus.extensionGuid=""{A3F3E39B-5D83-4940-B954-28315B82F0A8}""; ResultCode = 0x80041002; PossibleCause = Unknown"
"5/23/2026 5:11:54 AM","5858","Error","Microsoft-Windows-WMI-Activity","Id = {FA643DF5-BBC7-4876-8AFA-C995B435501D}; ClientMachine = DC; User = NT AUTHORITY\SYSTEM; ClientProcessId = 1552; Component = Unknown; Operation = Start IWbemServices::DeleteInstance - Root\Rsop\Computer : RSOP_ExtensionStatus.extensionGuid=""{91FBB303-0CD5-4055-BF42-E512A681B325}""; ResultCode = 0x80041002; PossibleCause = Unknown"
"5/23/2026 5:11:54 AM","5858","Error","Microsoft-Windows-WMI-Activity","Id = {FA643DF5-BBC7-4876-8AFA-C995B435501D}; ClientMachine = DC; User = NT AUTHORITY\SYSTEM; ClientProcessId = 1552; Component = Unknown; Operation = Start IWbemServices::DeleteInstance - Root\Rsop\Computer : RSOP_ExtensionStatus.extensionGuid=""{8A28E2C5-8D06-49A4-A08C-632DAA493E17}""; ResultCode = 0x80041002; PossibleCause = Unknown"
"5/23/2026 5:11:54 AM","5858","Error","Microsoft-Windows-WMI-Activity","Id = {FA643DF5-BBC7-4876-8AFA-C995B435501D}; ClientMachine = DC; User = NT AUTHORITY\SYSTEM; ClientProcessId = 1552; Component = Unknown; Operation = Start IWbemServices::DeleteInstance - Root\Rsop\Computer : RSOP_ExtensionStatus.extensionGuid=""{7B849a69-220F-451E-B3FE-2CB811AF94AE}""; ResultCode = 0x80041002; PossibleCause = Unknown"
"5/23/2026 5:11:54 AM","5858","Error","Microsoft-Windows-WMI-Activity","Id = {FA643DF5-BBC7-4876-8AFA-C995B435501D}; ClientMachine = DC; User = NT AUTHORITY\SYSTEM; ClientProcessId = 1552; Component = Unknown; Operation = Start IWbemServices::DeleteInstance - Root\Rsop\Computer : RSOP_ExtensionStatus.extensionGuid=""{7933F41E-56F8-41d6-A31C-4148A711EE93}""; ResultCode = 0x80041002; PossibleCause = Unknown"
"5/23/2026 5:11:54 AM","5858","Error","Microsoft-Windows-WMI-Activity","Id = {FA643DF5-BBC7-4876-8AFA-C995B435501D}; ClientMachine = DC; User = NT AUTHORITY\SYSTEM; ClientProcessId = 1552; Component = Unknown; Operation = Start IWbemServices::DeleteInstance - Root\Rsop\Computer : RSOP_ExtensionStatus.extensionGuid=""{7909AD9E-09EE-4247-BAB9-7029D5F0A278}""; ResultCode = 0x80041002; PossibleCause = Unknown"
"5/23/2026 5:11:54 AM","5858","Error","Microsoft-Windows-WMI-Activity","Id = {FA643DF5-BBC7-4876-8AFA-C995B435501D}; ClientMachine = DC; User = NT AUTHORITY\SYSTEM; ClientProcessId = 1552; Component = Unknown; Operation = Start IWbemServices::DeleteInstance - Root\Rsop\Computer : RSOP_ExtensionStatus.extensionGuid=""{74EE6C03-5363-4554-B161-627540339CAB}""; ResultCode = 0x80041002; PossibleCause = Unknown"
"5/23/2026 5:11:54 AM","5858","Error","Microsoft-Windows-WMI-Activity","Id = {FA643DF5-BBC7-4876-8AFA-C995B435501D}; ClientMachine = DC; User = NT AUTHORITY\SYSTEM; ClientProcessId = 1552; Component = Unknown; Operation = Start IWbemServices::DeleteInstance - Root\Rsop\Computer : RSOP_ExtensionStatus.extensionGuid=""{728EE579-943C-4519-9EF7-AB56765798ED}""; ResultCode = 0x80041002; PossibleCause = Unknown"
"5/23/2026 5:11:54 AM","5858","Error","Microsoft-Windows-WMI-Activity","Id = {FA643DF5-BBC7-4876-8AFA-C995B435501D}; ClientMachine = DC; User = NT AUTHORITY\SYSTEM; ClientProcessId = 1552; Component = Unknown; Operation = Start IWbemServices::DeleteInstance - Root\Rsop\Computer : RSOP_ExtensionStatus.extensionGuid=""{7150F9BF-48AD-4da4-A49C-29EF4A8369BA}""; ResultCode = 0x80041002; PossibleCause = Unknown"
"5/23/2026 5:11:54 AM","5858","Error","Microsoft-Windows-WMI-Activity","Id = {FA643DF5-BBC7-4876-8AFA-C995B435501D}; ClientMachine = DC; User = NT AUTHORITY\SYSTEM; ClientProcessId = 1552; Component = Unknown; Operation = Start IWbemServices::DeleteInstance - Root\Rsop\Computer : RSOP_ExtensionStatus.extensionGuid=""{6A4C88C6-C502-4f74-8F60-2CB23EDC24E2}""; ResultCode = 0x80041002; PossibleCause = Unknown"
"5/23/2026 5:11:54 AM","5858","Error","Microsoft-Windows-WMI-Activity","Id = {FA643DF5-BBC7-4876-8AFA-C995B435501D}; ClientMachine = DC; User = NT AUTHORITY\SYSTEM; ClientProcessId = 1552; Component = Unknown; Operation = Start IWbemServices::DeleteInstance - Root\Rsop\Computer : RSOP_ExtensionStatus.extensionGuid=""{6232C319-91AC-4931-9385-E70C2B099F0E}""; ResultCode = 0x80041002; PossibleCause = Unknown"
"5/23/2026 5:11:54 AM","5858","Error","Microsoft-Windows-WMI-Activity","Id = {FA643DF5-BBC7-4876-8AFA-C995B435501D}; ClientMachine = DC; User = NT AUTHORITY\SYSTEM; ClientProcessId = 1552; Component = Unknown; Operation = Start IWbemServices::DeleteInstance - Root\Rsop\Computer : RSOP_ExtensionStatus.extensionGuid=""{4CFB60C1-FAA6-47f1-89AA-0B18730C9FD3}""; ResultCode = 0x80041002; PossibleCause = Unknown"
"5/23/2026 5:11:54 AM","5858","Error","Microsoft-Windows-WMI-Activity","Id = {FA643DF5-BBC7-4876-8AFA-C995B435501D}; ClientMachine = DC; User = NT AUTHORITY\SYSTEM; ClientProcessId = 1552; Component = Unknown; Operation = Start IWbemServices::DeleteInstance - Root\Rsop\Computer : RSOP_ExtensionStatus.extensionGuid=""{4bcd6cde-777b-48b6-9804-43568e23545d}""; ResultCode = 0x80041002; PossibleCause = Unknown"
"5/23/2026 5:11:54 AM","5858","Error","Microsoft-Windows-WMI-Activity","Id = {FA643DF5-BBC7-4876-8AFA-C995B435501D}; ClientMachine = DC; User = NT AUTHORITY\SYSTEM; ClientProcessId = 1552; Component = Unknown; Operation = Start IWbemServices::DeleteInstance - Root\Rsop\Computer : RSOP_ExtensionStatus.extensionGuid=""{4B7C3B0F-E993-4E06-A241-3FBE06943684}""; ResultCode = 0x80041002; PossibleCause = Unknown"
"5/23/2026 5:11:54 AM","5858","Error","Microsoft-Windows-WMI-Activity","Id = {FA643DF5-BBC7-4876-8AFA-C995B435501D}; ClientMachine = DC; User = NT AUTHORITY\SYSTEM; ClientProcessId = 1552; Component = Unknown; Operation = Start IWbemServices::DeleteInstance - Root\Rsop\Computer : RSOP_ExtensionStatus.extensionGuid=""{42B5FAAE-6536-11d2-AE5A-0000F87571E3}""; ResultCode = 0x80041002; PossibleCause = Unknown"
"5/23/2026 5:11:54 AM","5858","Error","Microsoft-Windows-WMI-Activity","Id = {FA643DF5-BBC7-4876-8AFA-C995B435501D}; ClientMachine = DC; User = NT AUTHORITY\SYSTEM; ClientProcessId = 1552; Component = Unknown; Operation = Start IWbemServices::DeleteInstance - Root\Rsop\Computer : RSOP_ExtensionStatus.extensionGuid=""{426031c0-0b47-4852-b0ca-ac3d37bfcb39}""; ResultCode = 0x80041002; PossibleCause = Unknown"
"5/23/2026 5:11:54 AM","5858","Error","Microsoft-Windows-WMI-Activity","Id = {FA643DF5-BBC7-4876-8AFA-C995B435501D}; ClientMachine = DC; User = NT AUTHORITY\SYSTEM; ClientProcessId = 1552; Component = Unknown; Operation = Start IWbemServices::DeleteInstance - Root\Rsop\Computer : RSOP_ExtensionStatus.extensionGuid=""{3A0DBA37-F8B2-4356-83DE-3E90BD5C261F}""; ResultCode = 0x80041002; PossibleCause = Unknown"
"5/23/2026 5:11:54 AM","5858","Error","Microsoft-Windows-WMI-Activity","Id = {FA643DF5-BBC7-4876-8AFA-C995B435501D}; ClientMachine = DC; User = NT AUTHORITY\SYSTEM; ClientProcessId = 1552; Component = Unknown; Operation = Start IWbemServices::DeleteInstance - Root\Rsop\Computer : RSOP_ExtensionStatus.extensionGuid=""{3610eda5-77ef-11d2-8dc5-00c04fa31a66}""; ResultCode = 0x80041002; PossibleCause = Unknown"
"5/23/2026 5:11:54 AM","5858","Error","Microsoft-Windows-WMI-Activity","Id = {FA643DF5-BBC7-4876-8AFA-C995B435501D}; ClientMachine = DC; User = NT AUTHORITY\SYSTEM; ClientProcessId = 1552; Component = Unknown; Operation = Start IWbemServices::DeleteInstance - Root\Rsop\Computer : RSOP_ExtensionStatus.extensionGuid=""{2BFCC077-22D2-48DE-BDE1-2F618D9B476D}""; ResultCode = 0x80041002; PossibleCause = Unknown"
"5/23/2026 5:11:54 AM","5858","Error","Microsoft-Windows-WMI-Activity","Id = {FA643DF5-BBC7-4876-8AFA-C995B435501D}; ClientMachine = DC; User = NT AUTHORITY\SYSTEM; ClientProcessId = 1552; Component = Unknown; Operation = Start IWbemServices::DeleteInstance - Root\Rsop\Computer : RSOP_ExtensionStatus.extensionGuid=""{2A8FDC61-2347-4C87-92F6-B05EB91A201A}""; ResultCode = 0x80041002; PossibleCause = Unknown"
"5/23/2026 5:11:54 AM","5858","Error","Microsoft-Windows-WMI-Activity","Id = {FA643DF5-BBC7-4876-8AFA-C995B435501D}; ClientMachine = DC; User = NT AUTHORITY\SYSTEM; ClientProcessId = 1552; Component = Unknown; Operation = Start IWbemServices::DeleteInstance - Root\Rsop\Computer : RSOP_ExtensionStatus.extensionGuid=""{1A6364EB-776B-4120-ADE1-B63A406A76B5}""; ResultCode = 0x80041002; PossibleCause = Unknown"
"5/23/2026 5:11:54 AM","5858","Error","Microsoft-Windows-WMI-Activity","Id = {FA643DF5-BBC7-4876-8AFA-C995B435501D}; ClientMachine = DC; User = NT AUTHORITY\SYSTEM; ClientProcessId = 1552; Component = Unknown; Operation = Start IWbemServices::DeleteInstance - Root\Rsop\Computer : RSOP_ExtensionStatus.extensionGuid=""{17D89FEC-5C44-4972-B12D-241CAEF74509}""; ResultCode = 0x80041002; PossibleCause = Unknown"
"5/23/2026 5:11:54 AM","5858","Error","Microsoft-Windows-WMI-Activity","Id = {FA643DF5-BBC7-4876-8AFA-C995B435501D}; ClientMachine = DC; User = NT AUTHORITY\SYSTEM; ClientProcessId = 1552; Component = Unknown; Operation = Start IWbemServices::DeleteInstance - Root\Rsop\Computer : RSOP_ExtensionStatus.extensionGuid=""{16be69fa-4209-4250-88cb-716cf41954e0}""; ResultCode = 0x80041002; PossibleCause = Unknown"
"5/23/2026 5:11:54 AM","5858","Error","Microsoft-Windows-WMI-Activity","Id = {FA643DF5-BBC7-4876-8AFA-C995B435501D}; ClientMachine = DC; User = NT AUTHORITY\SYSTEM; ClientProcessId = 1552; Component = Unknown; Operation = Start IWbemServices::DeleteInstance - Root\Rsop\Computer : RSOP_ExtensionStatus.extensionGuid=""{169EBF44-942F-4C43-87CE-13C93996EBBE}""; ResultCode = 0x80041002; PossibleCause = Unknown"
"5/23/2026 5:11:54 AM","5858","Error","Microsoft-Windows-WMI-Activity","Id = {FA643DF5-BBC7-4876-8AFA-C995B435501D}; ClientMachine = DC; User = NT AUTHORITY\SYSTEM; ClientProcessId = 1552; Component = Unknown; Operation = Start IWbemServices::DeleteInstance - Root\Rsop\Computer : RSOP_ExtensionStatus.extensionGuid=""{0E28E245-9368-4853-AD84-6DA3BA35BB75}""; ResultCode = 0x80041002; PossibleCause = Unknown"
"5/23/2026 5:11:54 AM","5858","Error","Microsoft-Windows-WMI-Activity","Id = {FA643DF5-BBC7-4876-8AFA-C995B435501D}; ClientMachine = DC; User = NT AUTHORITY\SYSTEM; ClientProcessId = 1552; Component = Unknown; Operation = Start IWbemServices::DeleteInstance - Root\Rsop\Computer : RSOP_ExtensionStatus.extensionGuid=""{0ACDD40C-75AC-47ab-BAA0-BF6DE7E7FE63}""; ResultCode = 0x80041002; PossibleCause = Unknown"
"5/23/2026 5:08:29 AM","5857","Information","Microsoft-Windows-WMI-Activity","deploymentprovider provider started with result code 0x0. HostProcess = wmiprvse.exe; ProcessID = 4928; ProviderPath = %systemroot%\system32\wbem\ServerManager.DeploymentProvider.dll"
"5/23/2026 5:08:27 AM","5857","Information","Microsoft-Windows-WMI-Activity","nettcpip provider started with result code 0x0. HostProcess = wmiprvse.exe; ProcessID = 1904; ProviderPath = %systemroot%\system32\wbem\NetTCPIP.dll"
"5/23/2026 5:08:27 AM","5857","Information","Microsoft-Windows-WMI-Activity","NetAdapterCim provider started with result code 0x0. HostProcess = wmiprvse.exe; ProcessID = 5140; ProviderPath = %systemroot%\system32\wbem\NetAdapterCim.dll"
"5/23/2026 5:08:27 AM","5857","Information","Microsoft-Windows-WMI-Activity","mgmtprovider provider started with result code 0x0. HostProcess = wmiprvse.exe; ProcessID = 1904; ProviderPath = %systemroot%\system32\wbem\mgmtprovider.dll"
"5/23/2026 5:05:50 AM","5857","Information","Microsoft-Windows-WMI-Activity","deploymentprovider provider started with result code 0x0. HostProcess = wmiprvse.exe; ProcessID = 3904; ProviderPath = %systemroot%\system32\wbem\ServerManager.DeploymentProvider.dll"
"5/23/2026 5:01:54 AM","5858","Error","Microsoft-Windows-WMI-Activity","Id = {4E28A970-4CD6-4AA0-865B-7D9182C5B962}; ClientMachine = DC; User = NT AUTHORITY\SYSTEM; ClientProcessId = 1552; Component = Unknown; Operation = Start IWbemServices::DeleteInstance - Root\Rsop\Computer : RSOP_ExtensionStatus.extensionGuid=""{FC491EF1-C4AA-4CE1-B329-414B101DB823}""; ResultCode = 0x80041002; PossibleCause = Unknown"
"5/23/2026 5:01:54 AM","5858","Error","Microsoft-Windows-WMI-Activity","Id = {4E28A970-4CD6-4AA0-865B-7D9182C5B962}; ClientMachine = DC; User = NT AUTHORITY\SYSTEM; ClientProcessId = 1552; Component = Unknown; Operation = Start IWbemServices::DeleteInstance - Root\Rsop\Computer : RSOP_ExtensionStatus.extensionGuid=""{fbf687e6-f063-4d9f-9f4f-fd9a26acdd5f}""; ResultCode = 0x80041002; PossibleCause = Unknown"
"5/23/2026 5:01:54 AM","5858","Error","Microsoft-Windows-WMI-Activity","Id = {4E28A970-4CD6-4AA0-865B-7D9182C5B962}; ClientMachine = DC; User = NT AUTHORITY\SYSTEM; ClientProcessId = 1552; Component = Unknown; Operation = Start IWbemServices::DeleteInstance - Root\Rsop\Computer : RSOP_ExtensionStatus.extensionGuid=""{FB2CA36D-0B40-4307-821B-A13B252DE56C}""; ResultCode = 0x80041002; PossibleCause = Unknown"
"5/23/2026 5:01:54 AM","5858","Error","Microsoft-Windows-WMI-Activity","Id = {4E28A970-4CD6-4AA0-865B-7D9182C5B962}; ClientMachine = DC; User = NT AUTHORITY\SYSTEM; ClientProcessId = 1552; Component = Unknown; Operation = Start IWbemServices::DeleteInstance - Root\Rsop\Computer : RSOP_ExtensionStatus.extensionGuid=""{F312195E-3D9D-447A-A3F5-08DFFA24735E}""; ResultCode = 0x80041002; PossibleCause = Unknown"
"5/23/2026 5:01:54 AM","5858","Error","Microsoft-Windows-WMI-Activity","Id = {4E28A970-4CD6-4AA0-865B-7D9182C5B962}; ClientMachine = DC; User = NT AUTHORITY\SYSTEM; ClientProcessId = 1552; Component = Unknown; Operation = Start IWbemServices::DeleteInstance - Root\Rsop\Computer : RSOP_ExtensionStatus.extensionGuid=""{E62688F0-25FD-4c90-BFF5-F508B9D2E31F}""; ResultCode = 0x80041002; PossibleCause = Unknown"
"5/23/2026 5:01:54 AM","5858","Error","Microsoft-Windows-WMI-Activity","Id = {4E28A970-4CD6-4AA0-865B-7D9182C5B962}; ClientMachine = DC; User = NT AUTHORITY\SYSTEM; ClientProcessId = 1552; Component = Unknown; Operation = Start IWbemServices::DeleteInstance - Root\Rsop\Computer : RSOP_ExtensionStatus.extensionGuid=""{E5094040-C46C-4115-B030-04FB2E545B00}""; ResultCode = 0x80041002; PossibleCause = Unknown"
"5/23/2026 5:01:54 AM","5858","Error","Microsoft-Windows-WMI-Activity","Id = {4E28A970-4CD6-4AA0-865B-7D9182C5B962}; ClientMachine = DC; User = NT AUTHORITY\SYSTEM; ClientProcessId = 1552; Component = Unknown; Operation = Start IWbemServices::DeleteInstance - Root\Rsop\Computer : RSOP_ExtensionStatus.extensionGuid=""{E4F48E54-F38D-4884-BFB9-D4D2E5729C18}""; ResultCode = 0x80041002; PossibleCause = Unknown"
"5/23/2026 5:01:54 AM","5858","Error","Microsoft-Windows-WMI-Activity","Id = {4E28A970-4CD6-4AA0-865B-7D9182C5B962}; ClientMachine = DC; User = NT AUTHORITY\SYSTEM; ClientProcessId = 1552; Component = Unknown; Operation = Start IWbemServices::DeleteInstance - Root\Rsop\Computer : RSOP_ExtensionStatus.extensionGuid=""{e437bc1c-aa7d-11d2-a382-00c04f991e27}""; ResultCode = 0x80041002; PossibleCause = Unknown"
"5/23/2026 5:01:54 AM","5858","Error","Microsoft-Windows-WMI-Activity","Id = {4E28A970-4CD6-4AA0-865B-7D9182C5B962}; ClientMachine = DC; User = NT AUTHORITY\SYSTEM; ClientProcessId = 1552; Component = Unknown; Operation = Start IWbemServices::DeleteInstance - Root\Rsop\Computer : RSOP_ExtensionStatus.extensionGuid=""{CFF649BD-601D-4361-AD3D-0FC365DB4DB7}""; ResultCode = 0x80041002; PossibleCause = Unknown"
"5/23/2026 5:01:54 AM","5858","Error","Microsoft-Windows-WMI-Activity","Id = {4E28A970-4CD6-4AA0-865B-7D9182C5B962}; ClientMachine = DC; User = NT AUTHORITY\SYSTEM; ClientProcessId = 1552; Component = Unknown; Operation = Start IWbemServices::DeleteInstance - Root\Rsop\Computer : RSOP_ExtensionStatus.extensionGuid=""{CF7639F3-ABA2-41DB-97F2-81E2C5DBFC5D}""; ResultCode = 0x80041002; PossibleCause = Unknown"
"5/23/2026 5:01:54 AM","5858","Error","Microsoft-Windows-WMI-Activity","Id = {4E28A970-4CD6-4AA0-865B-7D9182C5B962}; ClientMachine = DC; User = NT AUTHORITY\SYSTEM; ClientProcessId = 1552; Component = Unknown; Operation = Start IWbemServices::DeleteInstance - Root\Rsop\Computer : RSOP_ExtensionStatus.extensionGuid=""{cdeafc3d-948d-49dd-ab12-e578ba4af7aa}""; ResultCode = 0x80041002; PossibleCause = Unknown"
"5/23/2026 5:01:54 AM","5858","Error","Microsoft-Windows-WMI-Activity","Id = {4E28A970-4CD6-4AA0-865B-7D9182C5B962}; ClientMachine = DC; User = NT AUTHORITY\SYSTEM; ClientProcessId = 1552; Component = Unknown; Operation = Start IWbemServices::DeleteInstance - Root\Rsop\Computer : RSOP_ExtensionStatus.extensionGuid=""{c6dc5466-785a-11d2-84d0-00c04fb169f7}""; ResultCode = 0x80041002; PossibleCause = Unknown"
"5/23/2026 5:01:54 AM","5858","Error","Microsoft-Windows-WMI-Activity","Id = {4E28A970-4CD6-4AA0-865B-7D9182C5B962}; ClientMachine = DC; User = NT AUTHORITY\SYSTEM; ClientProcessId = 1552; Component = Unknown; Operation = Start IWbemServices::DeleteInstance - Root\Rsop\Computer : RSOP_ExtensionStatus.extensionGuid=""{C631DF4C-088F-4156-B058-4375F0853CD8}""; ResultCode = 0x80041002; PossibleCause = Unknown"
"5/23/2026 5:01:54 AM","5858","Error","Microsoft-Windows-WMI-Activity","Id = {4E28A970-4CD6-4AA0-865B-7D9182C5B962}; ClientMachine = DC; User = NT AUTHORITY\SYSTEM; ClientProcessId = 1552; Component = Unknown; Operation = Start IWbemServices::DeleteInstance - Root\Rsop\Computer : RSOP_ExtensionStatus.extensionGuid=""{C418DD9D-0D14-4efb-8FBF-CFE535C8FAC7}""; ResultCode = 0x80041002; PossibleCause = Unknown"
"5/23/2026 5:01:54 AM","5858","Error","Microsoft-Windows-WMI-Activity","Id = {4E28A970-4CD6-4AA0-865B-7D9182C5B962}; ClientMachine = DC; User = NT AUTHORITY\SYSTEM; ClientProcessId = 1552; Component = Unknown; Operation = Start IWbemServices::DeleteInstance - Root\Rsop\Computer : RSOP_ExtensionStatus.extensionGuid=""{C34B2751-1CF4-44F5-9262-C3FC39666591}""; ResultCode = 0x80041002; PossibleCause = Unknown"
"5/23/2026 5:01:54 AM","5858","Error","Microsoft-Windows-WMI-Activity","Id = {4E28A970-4CD6-4AA0-865B-7D9182C5B962}; ClientMachine = DC; User = NT AUTHORITY\SYSTEM; ClientProcessId = 1552; Component = Unknown; Operation = Start IWbemServices::DeleteInstance - Root\Rsop\Computer : RSOP_ExtensionStatus.extensionGuid=""{BC75B1ED-5833-4858-9BB8-CBF0B166DF9D}""; ResultCode = 0x80041002; PossibleCause = Unknown"
"5/23/2026 5:01:54 AM","5858","Error","Microsoft-Windows-WMI-Activity","Id = {4E28A970-4CD6-4AA0-865B-7D9182C5B962}; ClientMachine = DC; User = NT AUTHORITY\SYSTEM; ClientProcessId = 1552; Component = Unknown; Operation = Start IWbemServices::DeleteInstance - Root\Rsop\Computer : RSOP_ExtensionStatus.extensionGuid=""{BA649533-0AAC-4E04-B9BC-4DBAE0325B12}""; ResultCode = 0x80041002; PossibleCause = Unknown"
"5/23/2026 5:01:54 AM","5858","Error","Microsoft-Windows-WMI-Activity","Id = {4E28A970-4CD6-4AA0-865B-7D9182C5B962}; ClientMachine = DC; User = NT AUTHORITY\SYSTEM; ClientProcessId = 1552; Component = Unknown; Operation = Start IWbemServices::DeleteInstance - Root\Rsop\Computer : RSOP_ExtensionStatus.extensionGuid=""{B587E2B1-4D59-4e7e-AED9-22B9DF11D053}""; ResultCode = 0x80041002; PossibleCause = Unknown"
"5/23/2026 5:01:54 AM","5858","Error","Microsoft-Windows-WMI-Activity","Id = {4E28A970-4CD6-4AA0-865B-7D9182C5B962}; ClientMachine = DC; User = NT AUTHORITY\SYSTEM; ClientProcessId = 1552; Component = Unknown; Operation = Start IWbemServices::DeleteInstance - Root\Rsop\Computer : RSOP_ExtensionStatus.extensionGuid=""{B087BE9D-ED37-454f-AF9C-04291E351182}""; ResultCode = 0x80041002; PossibleCause = Unknown"
"5/23/2026 5:01:54 AM","5858","Error","Microsoft-Windows-WMI-Activity","Id = {4E28A970-4CD6-4AA0-865B-7D9182C5B962}; ClientMachine = DC; User = NT AUTHORITY\SYSTEM; ClientProcessId = 1552; Component = Unknown; Operation = Start IWbemServices::DeleteInstance - Root\Rsop\Computer : RSOP_ExtensionStatus.extensionGuid=""{AADCED64-746C-4633-A97C-D61349046527}""; ResultCode = 0x80041002; PossibleCause = Unknown"
"5/23/2026 5:01:54 AM","5858","Error","Microsoft-Windows-WMI-Activity","Id = {4E28A970-4CD6-4AA0-865B-7D9182C5B962}; ClientMachine = DC; User = NT AUTHORITY\SYSTEM; ClientProcessId = 1552; Component = Unknown; Operation = Start IWbemServices::DeleteInstance - Root\Rsop\Computer : RSOP_ExtensionStatus.extensionGuid=""{A3F3E39B-5D83-4940-B954-28315B82F0A8}""; ResultCode = 0x80041002; PossibleCause = Unknown"
"5/23/2026 5:01:54 AM","5858","Error","Microsoft-Windows-WMI-Activity","Id = {4E28A970-4CD6-4AA0-865B-7D9182C5B962}; ClientMachine = DC; User = NT AUTHORITY\SYSTEM; ClientProcessId = 1552; Component = Unknown; Operation = Start IWbemServices::DeleteInstance - Root\Rsop\Computer : RSOP_ExtensionStatus.extensionGuid=""{91FBB303-0CD5-4055-BF42-E512A681B325}""; ResultCode = 0x80041002; PossibleCause = Unknown"
"5/23/2026 5:01:54 AM","5858","Error","Microsoft-Windows-WMI-Activity","Id = {4E28A970-4CD6-4AA0-865B-7D9182C5B962}; ClientMachine = DC; User = NT AUTHORITY\SYSTEM; ClientProcessId = 1552; Component = Unknown; Operation = Start IWbemServices::DeleteInstance - Root\Rsop\Computer : RSOP_ExtensionStatus.extensionGuid=""{8A28E2C5-8D06-49A4-A08C-632DAA493E17}""; ResultCode = 0x80041002; PossibleCause = Unknown"
"5/23/2026 5:01:53 AM","5858","Error","Microsoft-Windows-WMI-Activity","Id = {4E28A970-4CD6-4AA0-865B-7D9182C5B962}; ClientMachine = DC; User = NT AUTHORITY\SYSTEM; ClientProcessId = 1552; Component = Unknown; Operation = Start IWbemServices::DeleteInstance - Root\Rsop\Computer : RSOP_ExtensionStatus.extensionGuid=""{7B849a69-220F-451E-B3FE-2CB811AF94AE}""; ResultCode = 0x80041002; PossibleCause = Unknown"
"5/23/2026 5:01:53 AM","5858","Error","Microsoft-Windows-WMI-Activity","Id = {4E28A970-4CD6-4AA0-865B-7D9182C5B962}; ClientMachine = DC; User = NT AUTHORITY\SYSTEM; ClientProcessId = 1552; Component = Unknown; Operation = Start IWbemServices::DeleteInstance - Root\Rsop\Computer : RSOP_ExtensionStatus.extensionGuid=""{7933F41E-56F8-41d6-A31C-4148A711EE93}""; ResultCode = 0x80041002; PossibleCause = Unknown"
"5/23/2026 5:01:53 AM","5858","Error","Microsoft-Windows-WMI-Activity","Id = {4E28A970-4CD6-4AA0-865B-7D9182C5B962}; ClientMachine = DC; User = NT AUTHORITY\SYSTEM; ClientProcessId = 1552; Component = Unknown; Operation = Start IWbemServices::DeleteInstance - Root\Rsop\Computer : RSOP_ExtensionStatus.extensionGuid=""{7909AD9E-09EE-4247-BAB9-7029D5F0A278}""; ResultCode = 0x80041002; PossibleCause = Unknown"
"5/23/2026 5:01:53 AM","5858","Error","Microsoft-Windows-WMI-Activity","Id = {4E28A970-4CD6-4AA0-865B-7D9182C5B962}; ClientMachine = DC; User = NT AUTHORITY\SYSTEM; ClientProcessId = 1552; Component = Unknown; Operation = Start IWbemServices::DeleteInstance - Root\Rsop\Computer : RSOP_ExtensionStatus.extensionGuid=""{74EE6C03-5363-4554-B161-627540339CAB}""; ResultCode = 0x80041002; PossibleCause = Unknown"
"5/23/2026 5:01:53 AM","5858","Error","Microsoft-Windows-WMI-Activity","Id = {4E28A970-4CD6-4AA0-865B-7D9182C5B962}; ClientMachine = DC; User = NT AUTHORITY\SYSTEM; ClientProcessId = 1552; Component = Unknown; Operation = Start IWbemServices::DeleteInstance - Root\Rsop\Computer : RSOP_ExtensionStatus.extensionGuid=""{728EE579-943C-4519-9EF7-AB56765798ED}""; ResultCode = 0x80041002; PossibleCause = Unknown"
"5/23/2026 5:01:53 AM","5858","Error","Microsoft-Windows-WMI-Activity","Id = {4E28A970-4CD6-4AA0-865B-7D9182C5B962}; ClientMachine = DC; User = NT AUTHORITY\SYSTEM; ClientProcessId = 1552; Component = Unknown; Operation = Start IWbemServices::DeleteInstance - Root\Rsop\Computer : RSOP_ExtensionStatus.extensionGuid=""{7150F9BF-48AD-4da4-A49C-29EF4A8369BA}""; ResultCode = 0x80041002; PossibleCause = Unknown"
