TimeGenerated,EventID,Computer,Provider,Channel,RecordID,Level,Class,ListenerName,Param1,Param2,Param3,attributes_xmlns,listenerName
2026-03-26T05:48:29.634782Z,263,dc.danglingtree.htb,Microsoft-Windows-TerminalServices-RemoteConnectionManager,Microsoft-Windows-TerminalServices-RemoteConnectionManager/Operational,1,4,,,,,,,
2026-03-26T05:48:29.679844Z,20523,dc.danglingtree.htb,Microsoft-Windows-TerminalServices-RemoteConnectionManager,Microsoft-Windows-TerminalServices-RemoteConnectionManager/Operational,2,4,5828227C-20CF-4408-B73F-73AB70B8849F,RDP-Tcp,,,,Event_NS,
2026-03-26T05:48:29.792907Z,258,dc.danglingtree.htb,Microsoft-Windows-TerminalServices-RemoteConnectionManager,Microsoft-Windows-TerminalServices-RemoteConnectionManager/Operational,3,4,,,,,,Event_NS,RDP-Tcp
2026-03-26T05:48:29.831769Z,1136,dc.danglingtree.htb,Microsoft-Windows-TerminalServices-RemoteConnectionManager,Microsoft-Windows-TerminalServices-RemoteConnectionManager/Operational,4,4,,,,,,,
2026-03-26T05:48:29.843059Z,20524,dc.danglingtree.htb,Microsoft-Windows-TerminalServices-RemoteConnectionManager,Microsoft-Windows-TerminalServices-RemoteConnectionManager/Operational,5,4,,,,,,,
2026-03-26T05:48:29.870956Z,263,dc.danglingtree.htb,Microsoft-Windows-TerminalServices-RemoteConnectionManager,Microsoft-Windows-TerminalServices-RemoteConnectionManager/Operational,6,4,,,,,,,
2026-03-26T05:48:29.917027Z,263,dc.danglingtree.htb,Microsoft-Windows-TerminalServices-RemoteConnectionManager,Microsoft-Windows-TerminalServices-RemoteConnectionManager/Operational,7,4,,,,,,,
2026-03-26T05:48:29.977585Z,263,dc.danglingtree.htb,Microsoft-Windows-TerminalServices-RemoteConnectionManager,Microsoft-Windows-TerminalServices-RemoteConnectionManager/Operational,8,4,,,,,,,
2026-03-26T05:48:30.018728Z,263,dc.danglingtree.htb,Microsoft-Windows-TerminalServices-RemoteConnectionManager,Microsoft-Windows-TerminalServices-RemoteConnectionManager/Operational,9,4,,,,,,,
2026-03-26T05:48:30.081036Z,263,dc.danglingtree.htb,Microsoft-Windows-TerminalServices-RemoteConnectionManager,Microsoft-Windows-TerminalServices-RemoteConnectionManager/Operational,10,4,,,,,,,
2026-03-26T06:39:59.471663Z,263,dc.danglingtree.htb,Microsoft-Windows-TerminalServices-RemoteConnectionManager,Microsoft-Windows-TerminalServices-RemoteConnectionManager/Operational,11,4,,,,,,,
2026-03-26T06:39:59.504090Z,20523,dc.danglingtree.htb,Microsoft-Windows-TerminalServices-RemoteConnectionManager,Microsoft-Windows-TerminalServices-RemoteConnectionManager/Operational,12,4,5828227C-20CF-4408-B73F-73AB70B8849F,RDP-Tcp,,,,Event_NS,
2026-03-26T06:39:59.655970Z,258,dc.danglingtree.htb,Microsoft-Windows-TerminalServices-RemoteConnectionManager,Microsoft-Windows-TerminalServices-RemoteConnectionManager/Operational,13,4,,,,,,Event_NS,RDP-Tcp
2026-03-26T06:39:59.826955Z,263,dc.danglingtree.htb,Microsoft-Windows-TerminalServices-RemoteConnectionManager,Microsoft-Windows-TerminalServices-RemoteConnectionManager/Operational,14,4,,,,,,,
2026-03-26T06:39:59.830947Z,263,dc.danglingtree.htb,Microsoft-Windows-TerminalServices-RemoteConnectionManager,Microsoft-Windows-TerminalServices-RemoteConnectionManager/Operational,15,4,,,,,,,
2026-03-26T06:39:59.835749Z,1136,dc.danglingtree.htb,Microsoft-Windows-TerminalServices-RemoteConnectionManager,Microsoft-Windows-TerminalServices-RemoteConnectionManager/Operational,16,4,,,,,,,
2026-03-26T06:39:59.860530Z,263,dc.danglingtree.htb,Microsoft-Windows-TerminalServices-RemoteConnectionManager,Microsoft-Windows-TerminalServices-RemoteConnectionManager/Operational,17,4,,,,,,,
2026-03-26T06:39:59.861955Z,20524,dc.danglingtree.htb,Microsoft-Windows-TerminalServices-RemoteConnectionManager,Microsoft-Windows-TerminalServices-RemoteConnectionManager/Operational,18,4,,,,,,,
2026-03-26T06:39:59.866541Z,263,dc.danglingtree.htb,Microsoft-Windows-TerminalServices-RemoteConnectionManager,Microsoft-Windows-TerminalServices-RemoteConnectionManager/Operational,19,4,,,,,,,
2026-03-26T06:39:59.896491Z,263,dc.danglingtree.htb,Microsoft-Windows-TerminalServices-RemoteConnectionManager,Microsoft-Windows-TerminalServices-RemoteConnectionManager/Operational,20,4,,,,,,,
2026-03-26T07:41:02.783160Z,263,dc.danglingtree.htb,Microsoft-Windows-TerminalServices-RemoteConnectionManager,Microsoft-Windows-TerminalServices-RemoteConnectionManager/Operational,21,4,,,,,,,
2026-03-26T20:54:54.871761Z,263,dc.danglingtree.htb,Microsoft-Windows-TerminalServices-RemoteConnectionManager,Microsoft-Windows-TerminalServices-RemoteConnectionManager/Operational,22,4,,,,,,,
2026-03-26T20:54:54.902267Z,20523,dc.danglingtree.htb,Microsoft-Windows-TerminalServices-RemoteConnectionManager,Microsoft-Windows-TerminalServices-RemoteConnectionManager/Operational,23,4,5828227C-20CF-4408-B73F-73AB70B8849F,RDP-Tcp,,,,Event_NS,
2026-03-26T20:54:55.068934Z,258,dc.danglingtree.htb,Microsoft-Windows-TerminalServices-RemoteConnectionManager,Microsoft-Windows-TerminalServices-RemoteConnectionManager/Operational,24,4,,,,,,Event_NS,RDP-Tcp
2026-03-26T20:54:55.237376Z,263,dc.danglingtree.htb,Microsoft-Windows-TerminalServices-RemoteConnectionManager,Microsoft-Windows-TerminalServices-RemoteConnectionManager/Operational,25,4,,,,,,,
2026-03-26T20:54:55.241957Z,263,dc.danglingtree.htb,Microsoft-Windows-TerminalServices-RemoteConnectionManager,Microsoft-Windows-TerminalServices-RemoteConnectionManager/Operational,26,4,,,,,,,
2026-03-26T20:54:55.248791Z,263,dc.danglingtree.htb,Microsoft-Windows-TerminalServices-RemoteConnectionManager,Microsoft-Windows-TerminalServices-RemoteConnectionManager/Operational,27,4,,,,,,,
2026-03-26T20:54:55.256847Z,1136,dc.danglingtree.htb,Microsoft-Windows-TerminalServices-RemoteConnectionManager,Microsoft-Windows-TerminalServices-RemoteConnectionManager/Operational,28,4,,,,,,,
2026-03-26T20:54:55.259642Z,263,dc.danglingtree.htb,Microsoft-Windows-TerminalServices-RemoteConnectionManager,Microsoft-Windows-TerminalServices-RemoteConnectionManager/Operational,29,4,,,,,,,
2026-03-26T20:54:55.270877Z,263,dc.danglingtree.htb,Microsoft-Windows-TerminalServices-RemoteConnectionManager,Microsoft-Windows-TerminalServices-RemoteConnectionManager/Operational,30,4,,,,,,,
2026-03-26T20:54:55.284707Z,20524,dc.danglingtree.htb,Microsoft-Windows-TerminalServices-RemoteConnectionManager,Microsoft-Windows-TerminalServices-RemoteConnectionManager/Operational,31,4,,,,,,,
2026-03-26T21:00:50.035599Z,263,dc.danglingtree.htb,Microsoft-Windows-TerminalServices-RemoteConnectionManager,Microsoft-Windows-TerminalServices-RemoteConnectionManager/Operational,32,4,,,,,,,
2026-03-26T21:23:08.592841Z,261,dc.danglingtree.htb,Microsoft-Windows-TerminalServices-RemoteConnectionManager,Microsoft-Windows-TerminalServices-RemoteConnectionManager/Operational,33,4,,,,,,Event_NS,RDP-Tcp
2026-03-26T21:23:29.405811Z,261,dc.danglingtree.htb,Microsoft-Windows-TerminalServices-RemoteConnectionManager,Microsoft-Windows-TerminalServices-RemoteConnectionManager/Operational,34,4,,,,,,Event_NS,RDP-Tcp
2026-03-26T21:23:35.902117Z,261,dc.danglingtree.htb,Microsoft-Windows-TerminalServices-RemoteConnectionManager,Microsoft-Windows-TerminalServices-RemoteConnectionManager/Operational,35,4,,,,,,Event_NS,RDP-Tcp
2026-03-26T21:23:35.999325Z,1149,dc.danglingtree.htb,Microsoft-Windows-TerminalServices-RemoteConnectionManager,Microsoft-Windows-TerminalServices-RemoteConnectionManager/Operational,36,4,,,noah.b,DANGLINGTREE,::%16777216,Event_NS,
2026-03-26T21:23:50.532242Z,263,dc.danglingtree.htb,Microsoft-Windows-TerminalServices-RemoteConnectionManager,Microsoft-Windows-TerminalServices-RemoteConnectionManager/Operational,37,4,,,,,,,
2026-03-27T07:54:45.745929Z,263,dc.danglingtree.htb,Microsoft-Windows-TerminalServices-RemoteConnectionManager,Microsoft-Windows-TerminalServices-RemoteConnectionManager/Operational,38,4,,,,,,,
2026-03-27T07:54:45.791376Z,20523,dc.danglingtree.htb,Microsoft-Windows-TerminalServices-RemoteConnectionManager,Microsoft-Windows-TerminalServices-RemoteConnectionManager/Operational,39,4,5828227C-20CF-4408-B73F-73AB70B8849F,RDP-Tcp,,,,Event_NS,
2026-03-27T07:54:46.144551Z,258,dc.danglingtree.htb,Microsoft-Windows-TerminalServices-RemoteConnectionManager,Microsoft-Windows-TerminalServices-RemoteConnectionManager/Operational,40,4,,,,,,Event_NS,RDP-Tcp
2026-03-27T07:54:46.469621Z,263,dc.danglingtree.htb,Microsoft-Windows-TerminalServices-RemoteConnectionManager,Microsoft-Windows-TerminalServices-RemoteConnectionManager/Operational,41,4,,,,,,,
2026-03-27T07:54:46.491039Z,263,dc.danglingtree.htb,Microsoft-Windows-TerminalServices-RemoteConnectionManager,Microsoft-Windows-TerminalServices-RemoteConnectionManager/Operational,42,4,,,,,,,
2026-03-27T07:54:46.502959Z,1136,dc.danglingtree.htb,Microsoft-Windows-TerminalServices-RemoteConnectionManager,Microsoft-Windows-TerminalServices-RemoteConnectionManager/Operational,43,4,,,,,,,
2026-03-27T07:54:46.533680Z,263,dc.danglingtree.htb,Microsoft-Windows-TerminalServices-RemoteConnectionManager,Microsoft-Windows-TerminalServices-RemoteConnectionManager/Operational,44,4,,,,,,,
2026-03-27T07:54:46.547512Z,263,dc.danglingtree.htb,Microsoft-Windows-TerminalServices-RemoteConnectionManager,Microsoft-Windows-TerminalServices-RemoteConnectionManager/Operational,45,4,,,,,,,
2026-03-27T07:54:46.550263Z,20524,dc.danglingtree.htb,Microsoft-Windows-TerminalServices-RemoteConnectionManager,Microsoft-Windows-TerminalServices-RemoteConnectionManager/Operational,46,4,,,,,,,
2026-03-27T07:54:46.575491Z,263,dc.danglingtree.htb,Microsoft-Windows-TerminalServices-RemoteConnectionManager,Microsoft-Windows-TerminalServices-RemoteConnectionManager/Operational,47,4,,,,,,,
2026-03-27T21:56:20.992546Z,263,dc.danglingtree.htb,Microsoft-Windows-TerminalServices-RemoteConnectionManager,Microsoft-Windows-TerminalServices-RemoteConnectionManager/Operational,48,4,,,,,,,
2026-03-27T21:56:21.030137Z,20523,dc.danglingtree.htb,Microsoft-Windows-TerminalServices-RemoteConnectionManager,Microsoft-Windows-TerminalServices-RemoteConnectionManager/Operational,49,4,5828227C-20CF-4408-B73F-73AB70B8849F,RDP-Tcp,,,,Event_NS,
2026-03-27T21:56:21.222844Z,258,dc.danglingtree.htb,Microsoft-Windows-TerminalServices-RemoteConnectionManager,Microsoft-Windows-TerminalServices-RemoteConnectionManager/Operational,50,4,,,,,,Event_NS,RDP-Tcp
2026-03-27T21:56:21.448395Z,263,dc.danglingtree.htb,Microsoft-Windows-TerminalServices-RemoteConnectionManager,Microsoft-Windows-TerminalServices-RemoteConnectionManager/Operational,51,4,,,,,,,
2026-03-27T21:56:21.464438Z,1136,dc.danglingtree.htb,Microsoft-Windows-TerminalServices-RemoteConnectionManager,Microsoft-Windows-TerminalServices-RemoteConnectionManager/Operational,52,4,,,,,,,
2026-03-27T21:56:21.488764Z,263,dc.danglingtree.htb,Microsoft-Windows-TerminalServices-RemoteConnectionManager,Microsoft-Windows-TerminalServices-RemoteConnectionManager/Operational,53,4,,,,,,,
2026-03-27T21:56:21.492232Z,20524,dc.danglingtree.htb,Microsoft-Windows-TerminalServices-RemoteConnectionManager,Microsoft-Windows-TerminalServices-RemoteConnectionManager/Operational,54,4,,,,,,,
2026-03-27T21:56:21.508513Z,263,dc.danglingtree.htb,Microsoft-Windows-TerminalServices-RemoteConnectionManager,Microsoft-Windows-TerminalServices-RemoteConnectionManager/Operational,55,4,,,,,,,
2026-03-27T21:56:21.515435Z,263,dc.danglingtree.htb,Microsoft-Windows-TerminalServices-RemoteConnectionManager,Microsoft-Windows-TerminalServices-RemoteConnectionManager/Operational,56,4,,,,,,,
2026-03-27T21:56:21.536357Z,263,dc.danglingtree.htb,Microsoft-Windows-TerminalServices-RemoteConnectionManager,Microsoft-Windows-TerminalServices-RemoteConnectionManager/Operational,57,4,,,,,,,
2026-03-27T22:00:17.334368Z,261,dc.danglingtree.htb,Microsoft-Windows-TerminalServices-RemoteConnectionManager,Microsoft-Windows-TerminalServices-RemoteConnectionManager/Operational,58,4,,,,,,Event_NS,RDP-Tcp
2026-03-27T22:00:42.899910Z,261,dc.danglingtree.htb,Microsoft-Windows-TerminalServices-RemoteConnectionManager,Microsoft-Windows-TerminalServices-RemoteConnectionManager/Operational,59,4,,,,,,Event_NS,RDP-Tcp
2026-03-27T22:00:56.164951Z,261,dc.danglingtree.htb,Microsoft-Windows-TerminalServices-RemoteConnectionManager,Microsoft-Windows-TerminalServices-RemoteConnectionManager/Operational,60,4,,,,,,Event_NS,RDP-Tcp
2026-03-27T22:01:24.137959Z,261,dc.danglingtree.htb,Microsoft-Windows-TerminalServices-RemoteConnectionManager,Microsoft-Windows-TerminalServices-RemoteConnectionManager/Operational,61,4,,,,,,Event_NS,RDP-Tcp
2026-03-27T22:01:24.203649Z,1149,dc.danglingtree.htb,Microsoft-Windows-TerminalServices-RemoteConnectionManager,Microsoft-Windows-TerminalServices-RemoteConnectionManager/Operational,62,4,,,noah.b,DANGLINGTREE,::%16777216,Event_NS,
2026-03-27T22:01:37.429791Z,263,dc.danglingtree.htb,Microsoft-Windows-TerminalServices-RemoteConnectionManager,Microsoft-Windows-TerminalServices-RemoteConnectionManager/Operational,63,4,,,,,,,
2026-03-27T22:02:15.808860Z,263,dc.danglingtree.htb,Microsoft-Windows-TerminalServices-RemoteConnectionManager,Microsoft-Windows-TerminalServices-RemoteConnectionManager/Operational,64,4,,,,,,,
2026-03-27T22:18:40.789029Z,263,dc.danglingtree.htb,Microsoft-Windows-TerminalServices-RemoteConnectionManager,Microsoft-Windows-TerminalServices-RemoteConnectionManager/Operational,65,4,,,,,,,
2026-03-27T22:18:40.831196Z,20523,dc.danglingtree.htb,Microsoft-Windows-TerminalServices-RemoteConnectionManager,Microsoft-Windows-TerminalServices-RemoteConnectionManager/Operational,66,4,5828227C-20CF-4408-B73F-73AB70B8849F,RDP-Tcp,,,,Event_NS,
2026-03-27T22:18:41.088121Z,258,dc.danglingtree.htb,Microsoft-Windows-TerminalServices-RemoteConnectionManager,Microsoft-Windows-TerminalServices-RemoteConnectionManager/Operational,67,4,,,,,,Event_NS,RDP-Tcp
2026-03-27T22:18:41.385464Z,263,dc.danglingtree.htb,Microsoft-Windows-TerminalServices-RemoteConnectionManager,Microsoft-Windows-TerminalServices-RemoteConnectionManager/Operational,68,4,,,,,,,
2026-03-27T22:18:41.403734Z,263,dc.danglingtree.htb,Microsoft-Windows-TerminalServices-RemoteConnectionManager,Microsoft-Windows-TerminalServices-RemoteConnectionManager/Operational,69,4,,,,,,,
2026-03-27T22:18:41.410107Z,1136,dc.danglingtree.htb,Microsoft-Windows-TerminalServices-RemoteConnectionManager,Microsoft-Windows-TerminalServices-RemoteConnectionManager/Operational,70,4,,,,,,,
2026-03-27T22:18:41.426980Z,263,dc.danglingtree.htb,Microsoft-Windows-TerminalServices-RemoteConnectionManager,Microsoft-Windows-TerminalServices-RemoteConnectionManager/Operational,71,4,,,,,,,
2026-03-27T22:18:41.449836Z,20524,dc.danglingtree.htb,Microsoft-Windows-TerminalServices-RemoteConnectionManager,Microsoft-Windows-TerminalServices-RemoteConnectionManager/Operational,72,4,,,,,,,
2026-03-27T22:18:41.451287Z,263,dc.danglingtree.htb,Microsoft-Windows-TerminalServices-RemoteConnectionManager,Microsoft-Windows-TerminalServices-RemoteConnectionManager/Operational,73,4,,,,,,,
2026-03-27T22:18:41.483384Z,263,dc.danglingtree.htb,Microsoft-Windows-TerminalServices-RemoteConnectionManager,Microsoft-Windows-TerminalServices-RemoteConnectionManager/Operational,74,4,,,,,,,
2026-03-27T22:22:56.495338Z,263,dc.danglingtree.htb,Microsoft-Windows-TerminalServices-RemoteConnectionManager,Microsoft-Windows-TerminalServices-RemoteConnectionManager/Operational,75,4,,,,,,,
2026-03-27T22:22:56.540949Z,20523,dc.danglingtree.htb,Microsoft-Windows-TerminalServices-RemoteConnectionManager,Microsoft-Windows-TerminalServices-RemoteConnectionManager/Operational,76,4,5828227C-20CF-4408-B73F-73AB70B8849F,RDP-Tcp,,,,Event_NS,
2026-03-27T22:22:56.865199Z,258,dc.danglingtree.htb,Microsoft-Windows-TerminalServices-RemoteConnectionManager,Microsoft-Windows-TerminalServices-RemoteConnectionManager/Operational,77,4,,,,,,Event_NS,RDP-Tcp
2026-03-27T22:22:57.173191Z,263,dc.danglingtree.htb,Microsoft-Windows-TerminalServices-RemoteConnectionManager,Microsoft-Windows-TerminalServices-RemoteConnectionManager/Operational,78,4,,,,,,,
2026-03-27T22:22:57.186342Z,263,dc.danglingtree.htb,Microsoft-Windows-TerminalServices-RemoteConnectionManager,Microsoft-Windows-TerminalServices-RemoteConnectionManager/Operational,79,4,,,,,,,
2026-03-27T22:22:57.199346Z,1136,dc.danglingtree.htb,Microsoft-Windows-TerminalServices-RemoteConnectionManager,Microsoft-Windows-TerminalServices-RemoteConnectionManager/Operational,80,4,,,,,,,
2026-03-27T22:22:57.210889Z,263,dc.danglingtree.htb,Microsoft-Windows-TerminalServices-RemoteConnectionManager,Microsoft-Windows-TerminalServices-RemoteConnectionManager/Operational,81,4,,,,,,,
2026-03-27T22:22:57.222486Z,263,dc.danglingtree.htb,Microsoft-Windows-TerminalServices-RemoteConnectionManager,Microsoft-Windows-TerminalServices-RemoteConnectionManager/Operational,82,4,,,,,,,
2026-03-27T22:22:57.232967Z,20524,dc.danglingtree.htb,Microsoft-Windows-TerminalServices-RemoteConnectionManager,Microsoft-Windows-TerminalServices-RemoteConnectionManager/Operational,83,4,,,,,,,
2026-03-27T22:22:57.235310Z,263,dc.danglingtree.htb,Microsoft-Windows-TerminalServices-RemoteConnectionManager,Microsoft-Windows-TerminalServices-RemoteConnectionManager/Operational,84,4,,,,,,,
2026-03-27T22:39:51.219344Z,263,dc.danglingtree.htb,Microsoft-Windows-TerminalServices-RemoteConnectionManager,Microsoft-Windows-TerminalServices-RemoteConnectionManager/Operational,85,4,,,,,,,
2026-03-27T22:39:51.244497Z,20523,dc.danglingtree.htb,Microsoft-Windows-TerminalServices-RemoteConnectionManager,Microsoft-Windows-TerminalServices-RemoteConnectionManager/Operational,86,4,5828227C-20CF-4408-B73F-73AB70B8849F,RDP-Tcp,,,,Event_NS,
2026-03-27T22:39:51.441611Z,258,dc.danglingtree.htb,Microsoft-Windows-TerminalServices-RemoteConnectionManager,Microsoft-Windows-TerminalServices-RemoteConnectionManager/Operational,87,4,,,,,,Event_NS,RDP-Tcp
2026-03-27T22:39:51.641622Z,263,dc.danglingtree.htb,Microsoft-Windows-TerminalServices-RemoteConnectionManager,Microsoft-Windows-TerminalServices-RemoteConnectionManager/Operational,88,4,,,,,,,
2026-03-27T22:39:51.664159Z,263,dc.danglingtree.htb,Microsoft-Windows-TerminalServices-RemoteConnectionManager,Microsoft-Windows-TerminalServices-RemoteConnectionManager/Operational,89,4,,,,,,,
2026-03-27T22:39:51.672646Z,263,dc.danglingtree.htb,Microsoft-Windows-TerminalServices-RemoteConnectionManager,Microsoft-Windows-TerminalServices-RemoteConnectionManager/Operational,90,4,,,,,,,
2026-03-27T22:39:51.677195Z,1136,dc.danglingtree.htb,Microsoft-Windows-TerminalServices-RemoteConnectionManager,Microsoft-Windows-TerminalServices-RemoteConnectionManager/Operational,91,4,,,,,,,
2026-03-27T22:39:51.695661Z,263,dc.danglingtree.htb,Microsoft-Windows-TerminalServices-RemoteConnectionManager,Microsoft-Windows-TerminalServices-RemoteConnectionManager/Operational,92,4,,,,,,,
2026-03-27T22:39:51.716642Z,20524,dc.danglingtree.htb,Microsoft-Windows-TerminalServices-RemoteConnectionManager,Microsoft-Windows-TerminalServices-RemoteConnectionManager/Operational,93,4,,,,,,,
2026-03-27T22:39:51.743058Z,263,dc.danglingtree.htb,Microsoft-Windows-TerminalServices-RemoteConnectionManager,Microsoft-Windows-TerminalServices-RemoteConnectionManager/Operational,94,4,,,,,,,
2026-03-27T23:40:17.917946Z,263,dc.danglingtree.htb,Microsoft-Windows-TerminalServices-RemoteConnectionManager,Microsoft-Windows-TerminalServices-RemoteConnectionManager/Operational,95,4,,,,,,,
2026-03-27T23:40:17.955063Z,20523,dc.danglingtree.htb,Microsoft-Windows-TerminalServices-RemoteConnectionManager,Microsoft-Windows-TerminalServices-RemoteConnectionManager/Operational,96,4,5828227C-20CF-4408-B73F-73AB70B8849F,RDP-Tcp,,,,Event_NS,
2026-03-27T23:40:18.097483Z,258,dc.danglingtree.htb,Microsoft-Windows-TerminalServices-RemoteConnectionManager,Microsoft-Windows-TerminalServices-RemoteConnectionManager/Operational,97,4,,,,,,Event_NS,RDP-Tcp
2026-03-27T23:40:18.281172Z,263,dc.danglingtree.htb,Microsoft-Windows-TerminalServices-RemoteConnectionManager,Microsoft-Windows-TerminalServices-RemoteConnectionManager/Operational,98,4,,,,,,,
2026-03-27T23:40:18.288770Z,1136,dc.danglingtree.htb,Microsoft-Windows-TerminalServices-RemoteConnectionManager,Microsoft-Windows-TerminalServices-RemoteConnectionManager/Operational,99,4,,,,,,,
2026-03-27T23:40:18.293450Z,263,dc.danglingtree.htb,Microsoft-Windows-TerminalServices-RemoteConnectionManager,Microsoft-Windows-TerminalServices-RemoteConnectionManager/Operational,100,4,,,,,,,
2026-03-27T23:40:18.294823Z,263,dc.danglingtree.htb,Microsoft-Windows-TerminalServices-RemoteConnectionManager,Microsoft-Windows-TerminalServices-RemoteConnectionManager/Operational,101,4,,,,,,,
2026-03-27T23:40:18.296516Z,263,dc.danglingtree.htb,Microsoft-Windows-TerminalServices-RemoteConnectionManager,Microsoft-Windows-TerminalServices-RemoteConnectionManager/Operational,102,4,,,,,,,
2026-03-27T23:40:18.302224Z,263,dc.danglingtree.htb,Microsoft-Windows-TerminalServices-RemoteConnectionManager,Microsoft-Windows-TerminalServices-RemoteConnectionManager/Operational,103,4,,,,,,,
2026-03-27T23:40:18.305189Z,20524,dc.danglingtree.htb,Microsoft-Windows-TerminalServices-RemoteConnectionManager,Microsoft-Windows-TerminalServices-RemoteConnectionManager/Operational,104,4,,,,,,,
2026-03-27T23:43:49.107749Z,263,dc.danglingtree.htb,Microsoft-Windows-TerminalServices-RemoteConnectionManager,Microsoft-Windows-TerminalServices-RemoteConnectionManager/Operational,105,4,,,,,,,
2026-03-27T23:43:49.137291Z,20523,dc.danglingtree.htb,Microsoft-Windows-TerminalServices-RemoteConnectionManager,Microsoft-Windows-TerminalServices-RemoteConnectionManager/Operational,106,4,5828227C-20CF-4408-B73F-73AB70B8849F,RDP-Tcp,,,,Event_NS,
2026-03-27T23:43:49.262043Z,258,dc.danglingtree.htb,Microsoft-Windows-TerminalServices-RemoteConnectionManager,Microsoft-Windows-TerminalServices-RemoteConnectionManager/Operational,107,4,,,,,,Event_NS,RDP-Tcp
2026-03-27T23:43:49.398726Z,263,dc.danglingtree.htb,Microsoft-Windows-TerminalServices-RemoteConnectionManager,Microsoft-Windows-TerminalServices-RemoteConnectionManager/Operational,108,4,,,,,,,
2026-03-27T23:43:49.403897Z,1136,dc.danglingtree.htb,Microsoft-Windows-TerminalServices-RemoteConnectionManager,Microsoft-Windows-TerminalServices-RemoteConnectionManager/Operational,109,4,,,,,,,
2026-03-27T23:43:49.411054Z,263,dc.danglingtree.htb,Microsoft-Windows-TerminalServices-RemoteConnectionManager,Microsoft-Windows-TerminalServices-RemoteConnectionManager/Operational,110,4,,,,,,,
2026-03-27T23:43:49.416340Z,263,dc.danglingtree.htb,Microsoft-Windows-TerminalServices-RemoteConnectionManager,Microsoft-Windows-TerminalServices-RemoteConnectionManager/Operational,111,4,,,,,,,
2026-03-27T23:43:49.418592Z,263,dc.danglingtree.htb,Microsoft-Windows-TerminalServices-RemoteConnectionManager,Microsoft-Windows-TerminalServices-RemoteConnectionManager/Operational,112,4,,,,,,,
2026-03-27T23:43:49.430777Z,263,dc.danglingtree.htb,Microsoft-Windows-TerminalServices-RemoteConnectionManager,Microsoft-Windows-TerminalServices-RemoteConnectionManager/Operational,113,4,,,,,,,
2026-03-27T23:43:49.430930Z,20524,dc.danglingtree.htb,Microsoft-Windows-TerminalServices-RemoteConnectionManager,Microsoft-Windows-TerminalServices-RemoteConnectionManager/Operational,114,4,,,,,,,
2026-03-28T00:05:57.865580Z,263,dc.danglingtree.htb,Microsoft-Windows-TerminalServices-RemoteConnectionManager,Microsoft-Windows-TerminalServices-RemoteConnectionManager/Operational,115,4,,,,,,,
2026-03-28T00:05:57.886359Z,20523,dc.danglingtree.htb,Microsoft-Windows-TerminalServices-RemoteConnectionManager,Microsoft-Windows-TerminalServices-RemoteConnectionManager/Operational,116,4,5828227C-20CF-4408-B73F-73AB70B8849F,RDP-Tcp,,,,Event_NS,
2026-03-28T00:05:58.019986Z,258,dc.danglingtree.htb,Microsoft-Windows-TerminalServices-RemoteConnectionManager,Microsoft-Windows-TerminalServices-RemoteConnectionManager/Operational,117,4,,,,,,Event_NS,RDP-Tcp
2026-03-28T00:05:58.144766Z,263,dc.danglingtree.htb,Microsoft-Windows-TerminalServices-RemoteConnectionManager,Microsoft-Windows-TerminalServices-RemoteConnectionManager/Operational,118,4,,,,,,,
2026-03-28T00:05:58.150324Z,263,dc.danglingtree.htb,Microsoft-Windows-TerminalServices-RemoteConnectionManager,Microsoft-Windows-TerminalServices-RemoteConnectionManager/Operational,119,4,,,,,,,
2026-03-28T00:05:58.159005Z,1136,dc.danglingtree.htb,Microsoft-Windows-TerminalServices-RemoteConnectionManager,Microsoft-Windows-TerminalServices-RemoteConnectionManager/Operational,120,4,,,,,,,
2026-03-28T00:05:58.169566Z,263,dc.danglingtree.htb,Microsoft-Windows-TerminalServices-RemoteConnectionManager,Microsoft-Windows-TerminalServices-RemoteConnectionManager/Operational,121,4,,,,,,,
2026-03-28T00:05:58.184481Z,20524,dc.danglingtree.htb,Microsoft-Windows-TerminalServices-RemoteConnectionManager,Microsoft-Windows-TerminalServices-RemoteConnectionManager/Operational,122,4,,,,,,,
2026-03-28T00:05:58.188554Z,263,dc.danglingtree.htb,Microsoft-Windows-TerminalServices-RemoteConnectionManager,Microsoft-Windows-TerminalServices-RemoteConnectionManager/Operational,123,4,,,,,,,
2026-03-28T00:05:58.205303Z,263,dc.danglingtree.htb,Microsoft-Windows-TerminalServices-RemoteConnectionManager,Microsoft-Windows-TerminalServices-RemoteConnectionManager/Operational,124,4,,,,,,,
2026-03-28T00:19:45.135225Z,263,dc.danglingtree.htb,Microsoft-Windows-TerminalServices-RemoteConnectionManager,Microsoft-Windows-TerminalServices-RemoteConnectionManager/Operational,125,4,,,,,,,
2026-03-28T00:19:45.158149Z,20523,dc.danglingtree.htb,Microsoft-Windows-TerminalServices-RemoteConnectionManager,Microsoft-Windows-TerminalServices-RemoteConnectionManager/Operational,126,4,5828227C-20CF-4408-B73F-73AB70B8849F,RDP-Tcp,,,,Event_NS,
2026-03-28T00:19:45.267230Z,258,dc.danglingtree.htb,Microsoft-Windows-TerminalServices-RemoteConnectionManager,Microsoft-Windows-TerminalServices-RemoteConnectionManager/Operational,127,4,,,,,,Event_NS,RDP-Tcp
2026-03-28T00:19:45.423150Z,1136,dc.danglingtree.htb,Microsoft-Windows-TerminalServices-RemoteConnectionManager,Microsoft-Windows-TerminalServices-RemoteConnectionManager/Operational,128,4,,,,,,,
2026-03-28T00:19:45.426662Z,263,dc.danglingtree.htb,Microsoft-Windows-TerminalServices-RemoteConnectionManager,Microsoft-Windows-TerminalServices-RemoteConnectionManager/Operational,129,4,,,,,,,
2026-03-28T00:19:45.430058Z,263,dc.danglingtree.htb,Microsoft-Windows-TerminalServices-RemoteConnectionManager,Microsoft-Windows-TerminalServices-RemoteConnectionManager/Operational,130,4,,,,,,,
2026-03-28T00:19:45.434115Z,20524,dc.danglingtree.htb,Microsoft-Windows-TerminalServices-RemoteConnectionManager,Microsoft-Windows-TerminalServices-RemoteConnectionManager/Operational,131,4,,,,,,,
2026-03-28T00:19:45.438582Z,263,dc.danglingtree.htb,Microsoft-Windows-TerminalServices-RemoteConnectionManager,Microsoft-Windows-TerminalServices-RemoteConnectionManager/Operational,132,4,,,,,,,
2026-03-28T00:19:45.445427Z,263,dc.danglingtree.htb,Microsoft-Windows-TerminalServices-RemoteConnectionManager,Microsoft-Windows-TerminalServices-RemoteConnectionManager/Operational,133,4,,,,,,,
2026-03-28T00:19:45.452908Z,263,dc.danglingtree.htb,Microsoft-Windows-TerminalServices-RemoteConnectionManager,Microsoft-Windows-TerminalServices-RemoteConnectionManager/Operational,134,4,,,,,,,
2026-03-28T00:25:41.502535Z,263,dc.danglingtree.htb,Microsoft-Windows-TerminalServices-RemoteConnectionManager,Microsoft-Windows-TerminalServices-RemoteConnectionManager/Operational,135,4,,,,,,,
2026-03-28T00:25:41.524600Z,20523,dc.danglingtree.htb,Microsoft-Windows-TerminalServices-RemoteConnectionManager,Microsoft-Windows-TerminalServices-RemoteConnectionManager/Operational,136,4,5828227C-20CF-4408-B73F-73AB70B8849F,RDP-Tcp,,,,Event_NS,
2026-03-28T00:25:41.649168Z,258,dc.danglingtree.htb,Microsoft-Windows-TerminalServices-RemoteConnectionManager,Microsoft-Windows-TerminalServices-RemoteConnectionManager/Operational,137,4,,,,,,Event_NS,RDP-Tcp
2026-03-28T00:25:41.772034Z,263,dc.danglingtree.htb,Microsoft-Windows-TerminalServices-RemoteConnectionManager,Microsoft-Windows-TerminalServices-RemoteConnectionManager/Operational,138,4,,,,,,,
2026-03-28T00:25:41.775303Z,263,dc.danglingtree.htb,Microsoft-Windows-TerminalServices-RemoteConnectionManager,Microsoft-Windows-TerminalServices-RemoteConnectionManager/Operational,139,4,,,,,,,
2026-03-28T00:25:41.780033Z,1136,dc.danglingtree.htb,Microsoft-Windows-TerminalServices-RemoteConnectionManager,Microsoft-Windows-TerminalServices-RemoteConnectionManager/Operational,140,4,,,,,,,
2026-03-28T00:25:41.803028Z,20524,dc.danglingtree.htb,Microsoft-Windows-TerminalServices-RemoteConnectionManager,Microsoft-Windows-TerminalServices-RemoteConnectionManager/Operational,141,4,,,,,,,
2026-03-28T00:25:41.804980Z,263,dc.danglingtree.htb,Microsoft-Windows-TerminalServices-RemoteConnectionManager,Microsoft-Windows-TerminalServices-RemoteConnectionManager/Operational,142,4,,,,,,,
2026-03-28T00:25:41.814491Z,263,dc.danglingtree.htb,Microsoft-Windows-TerminalServices-RemoteConnectionManager,Microsoft-Windows-TerminalServices-RemoteConnectionManager/Operational,143,4,,,,,,,
2026-03-28T00:25:41.842765Z,263,dc.danglingtree.htb,Microsoft-Windows-TerminalServices-RemoteConnectionManager,Microsoft-Windows-TerminalServices-RemoteConnectionManager/Operational,144,4,,,,,,,
2026-03-28T00:35:55.996560Z,263,dc.danglingtree.htb,Microsoft-Windows-TerminalServices-RemoteConnectionManager,Microsoft-Windows-TerminalServices-RemoteConnectionManager/Operational,145,4,,,,,,,
2026-03-28T00:35:56.015923Z,20523,dc.danglingtree.htb,Microsoft-Windows-TerminalServices-RemoteConnectionManager,Microsoft-Windows-TerminalServices-RemoteConnectionManager/Operational,146,4,5828227C-20CF-4408-B73F-73AB70B8849F,RDP-Tcp,,,,Event_NS,
2026-03-28T00:35:56.150144Z,258,dc.danglingtree.htb,Microsoft-Windows-TerminalServices-RemoteConnectionManager,Microsoft-Windows-TerminalServices-RemoteConnectionManager/Operational,147,4,,,,,,Event_NS,RDP-Tcp
2026-03-28T00:35:56.348569Z,263,dc.danglingtree.htb,Microsoft-Windows-TerminalServices-RemoteConnectionManager,Microsoft-Windows-TerminalServices-RemoteConnectionManager/Operational,148,4,,,,,,,
2026-03-28T00:35:56.365494Z,263,dc.danglingtree.htb,Microsoft-Windows-TerminalServices-RemoteConnectionManager,Microsoft-Windows-TerminalServices-RemoteConnectionManager/Operational,149,4,,,,,,,
2026-03-28T00:35:56.366504Z,1136,dc.danglingtree.htb,Microsoft-Windows-TerminalServices-RemoteConnectionManager,Microsoft-Windows-TerminalServices-RemoteConnectionManager/Operational,150,4,,,,,,,
2026-03-28T00:35:56.378812Z,263,dc.danglingtree.htb,Microsoft-Windows-TerminalServices-RemoteConnectionManager,Microsoft-Windows-TerminalServices-RemoteConnectionManager/Operational,151,4,,,,,,,
2026-03-28T00:35:56.380397Z,20524,dc.danglingtree.htb,Microsoft-Windows-TerminalServices-RemoteConnectionManager,Microsoft-Windows-TerminalServices-RemoteConnectionManager/Operational,152,4,,,,,,,
2026-03-28T00:35:56.384360Z,263,dc.danglingtree.htb,Microsoft-Windows-TerminalServices-RemoteConnectionManager,Microsoft-Windows-TerminalServices-RemoteConnectionManager/Operational,153,4,,,,,,,
2026-03-28T00:35:56.405819Z,263,dc.danglingtree.htb,Microsoft-Windows-TerminalServices-RemoteConnectionManager,Microsoft-Windows-TerminalServices-RemoteConnectionManager/Operational,154,4,,,,,,,
2026-03-28T00:43:05.524927Z,261,dc.danglingtree.htb,Microsoft-Windows-TerminalServices-RemoteConnectionManager,Microsoft-Windows-TerminalServices-RemoteConnectionManager/Operational,155,4,,,,,,Event_NS,RDP-Tcp
2026-03-28T00:43:10.511826Z,261,dc.danglingtree.htb,Microsoft-Windows-TerminalServices-RemoteConnectionManager,Microsoft-Windows-TerminalServices-RemoteConnectionManager/Operational,156,4,,,,,,Event_NS,RDP-Tcp
2026-03-28T00:48:26.226485Z,263,dc.danglingtree.htb,Microsoft-Windows-TerminalServices-RemoteConnectionManager,Microsoft-Windows-TerminalServices-RemoteConnectionManager/Operational,157,4,,,,,,,
2026-03-28T00:53:05.830391Z,263,dc.danglingtree.htb,Microsoft-Windows-TerminalServices-RemoteConnectionManager,Microsoft-Windows-TerminalServices-RemoteConnectionManager/Operational,158,4,,,,,,,
2026-03-28T00:53:05.850258Z,20523,dc.danglingtree.htb,Microsoft-Windows-TerminalServices-RemoteConnectionManager,Microsoft-Windows-TerminalServices-RemoteConnectionManager/Operational,159,4,5828227C-20CF-4408-B73F-73AB70B8849F,RDP-Tcp,,,,Event_NS,
2026-03-28T00:53:05.947012Z,258,dc.danglingtree.htb,Microsoft-Windows-TerminalServices-RemoteConnectionManager,Microsoft-Windows-TerminalServices-RemoteConnectionManager/Operational,160,4,,,,,,Event_NS,RDP-Tcp
2026-03-28T00:53:06.113992Z,263,dc.danglingtree.htb,Microsoft-Windows-TerminalServices-RemoteConnectionManager,Microsoft-Windows-TerminalServices-RemoteConnectionManager/Operational,161,4,,,,,,,
2026-03-28T00:53:06.117096Z,1136,dc.danglingtree.htb,Microsoft-Windows-TerminalServices-RemoteConnectionManager,Microsoft-Windows-TerminalServices-RemoteConnectionManager/Operational,162,4,,,,,,,
2026-03-28T00:53:06.122078Z,263,dc.danglingtree.htb,Microsoft-Windows-TerminalServices-RemoteConnectionManager,Microsoft-Windows-TerminalServices-RemoteConnectionManager/Operational,163,4,,,,,,,
2026-03-28T00:53:06.127786Z,263,dc.danglingtree.htb,Microsoft-Windows-TerminalServices-RemoteConnectionManager,Microsoft-Windows-TerminalServices-RemoteConnectionManager/Operational,164,4,,,,,,,
2026-03-28T00:53:06.137330Z,20524,dc.danglingtree.htb,Microsoft-Windows-TerminalServices-RemoteConnectionManager,Microsoft-Windows-TerminalServices-RemoteConnectionManager/Operational,165,4,,,,,,,
2026-03-28T00:53:06.137369Z,263,dc.danglingtree.htb,Microsoft-Windows-TerminalServices-RemoteConnectionManager,Microsoft-Windows-TerminalServices-RemoteConnectionManager/Operational,166,4,,,,,,,
2026-03-28T00:53:06.139938Z,263,dc.danglingtree.htb,Microsoft-Windows-TerminalServices-RemoteConnectionManager,Microsoft-Windows-TerminalServices-RemoteConnectionManager/Operational,167,4,,,,,,,
2026-03-28T00:54:13.063144Z,263,dc.danglingtree.htb,Microsoft-Windows-TerminalServices-RemoteConnectionManager,Microsoft-Windows-TerminalServices-RemoteConnectionManager/Operational,168,4,,,,,,,
2026-03-28T00:56:47.067930Z,263,dc.danglingtree.htb,Microsoft-Windows-TerminalServices-RemoteConnectionManager,Microsoft-Windows-TerminalServices-RemoteConnectionManager/Operational,169,4,,,,,,,
2026-03-28T00:56:47.094176Z,20523,dc.danglingtree.htb,Microsoft-Windows-TerminalServices-RemoteConnectionManager,Microsoft-Windows-TerminalServices-RemoteConnectionManager/Operational,170,4,5828227C-20CF-4408-B73F-73AB70B8849F,RDP-Tcp,,,,Event_NS,
2026-03-28T00:56:47.209048Z,258,dc.danglingtree.htb,Microsoft-Windows-TerminalServices-RemoteConnectionManager,Microsoft-Windows-TerminalServices-RemoteConnectionManager/Operational,171,4,,,,,,Event_NS,RDP-Tcp
2026-03-28T00:56:47.345078Z,263,dc.danglingtree.htb,Microsoft-Windows-TerminalServices-RemoteConnectionManager,Microsoft-Windows-TerminalServices-RemoteConnectionManager/Operational,172,4,,,,,,,
2026-03-28T00:56:47.346409Z,1136,dc.danglingtree.htb,Microsoft-Windows-TerminalServices-RemoteConnectionManager,Microsoft-Windows-TerminalServices-RemoteConnectionManager/Operational,173,4,,,,,,,
2026-03-28T00:56:47.363619Z,263,dc.danglingtree.htb,Microsoft-Windows-TerminalServices-RemoteConnectionManager,Microsoft-Windows-TerminalServices-RemoteConnectionManager/Operational,174,4,,,,,,,
2026-03-28T00:56:47.369565Z,263,dc.danglingtree.htb,Microsoft-Windows-TerminalServices-RemoteConnectionManager,Microsoft-Windows-TerminalServices-RemoteConnectionManager/Operational,175,4,,,,,,,
2026-03-28T00:56:47.373935Z,20524,dc.danglingtree.htb,Microsoft-Windows-TerminalServices-RemoteConnectionManager,Microsoft-Windows-TerminalServices-RemoteConnectionManager/Operational,176,4,,,,,,,
2026-03-28T00:56:47.375991Z,263,dc.danglingtree.htb,Microsoft-Windows-TerminalServices-RemoteConnectionManager,Microsoft-Windows-TerminalServices-RemoteConnectionManager/Operational,177,4,,,,,,,
2026-03-28T00:56:47.388892Z,263,dc.danglingtree.htb,Microsoft-Windows-TerminalServices-RemoteConnectionManager,Microsoft-Windows-TerminalServices-RemoteConnectionManager/Operational,178,4,,,,,,,
2026-03-28T00:57:45.232977Z,263,dc.danglingtree.htb,Microsoft-Windows-TerminalServices-RemoteConnectionManager,Microsoft-Windows-TerminalServices-RemoteConnectionManager/Operational,179,4,,,,,,,
2026-03-28T01:05:55.484711Z,263,dc.danglingtree.htb,Microsoft-Windows-TerminalServices-RemoteConnectionManager,Microsoft-Windows-TerminalServices-RemoteConnectionManager/Operational,180,4,,,,,,,
2026-03-28T01:05:55.514396Z,20523,dc.danglingtree.htb,Microsoft-Windows-TerminalServices-RemoteConnectionManager,Microsoft-Windows-TerminalServices-RemoteConnectionManager/Operational,181,4,5828227C-20CF-4408-B73F-73AB70B8849F,RDP-Tcp,,,,Event_NS,
2026-03-28T01:05:55.645000Z,258,dc.danglingtree.htb,Microsoft-Windows-TerminalServices-RemoteConnectionManager,Microsoft-Windows-TerminalServices-RemoteConnectionManager/Operational,182,4,,,,,,Event_NS,RDP-Tcp
2026-03-28T01:05:55.794243Z,263,dc.danglingtree.htb,Microsoft-Windows-TerminalServices-RemoteConnectionManager,Microsoft-Windows-TerminalServices-RemoteConnectionManager/Operational,183,4,,,,,,,
2026-03-28T01:05:55.797016Z,1136,dc.danglingtree.htb,Microsoft-Windows-TerminalServices-RemoteConnectionManager,Microsoft-Windows-TerminalServices-RemoteConnectionManager/Operational,184,4,,,,,,,
2026-03-28T01:05:55.807210Z,263,dc.danglingtree.htb,Microsoft-Windows-TerminalServices-RemoteConnectionManager,Microsoft-Windows-TerminalServices-RemoteConnectionManager/Operational,185,4,,,,,,,
2026-03-28T01:05:55.819926Z,263,dc.danglingtree.htb,Microsoft-Windows-TerminalServices-RemoteConnectionManager,Microsoft-Windows-TerminalServices-RemoteConnectionManager/Operational,186,4,,,,,,,
2026-03-28T01:05:55.840954Z,20524,dc.danglingtree.htb,Microsoft-Windows-TerminalServices-RemoteConnectionManager,Microsoft-Windows-TerminalServices-RemoteConnectionManager/Operational,187,4,,,,,,,
2026-03-28T01:05:55.842677Z,263,dc.danglingtree.htb,Microsoft-Windows-TerminalServices-RemoteConnectionManager,Microsoft-Windows-TerminalServices-RemoteConnectionManager/Operational,188,4,,,,,,,
2026-03-28T01:05:55.853556Z,263,dc.danglingtree.htb,Microsoft-Windows-TerminalServices-RemoteConnectionManager,Microsoft-Windows-TerminalServices-RemoteConnectionManager/Operational,189,4,,,,,,,
2026-03-28T01:08:11.267155Z,263,dc.danglingtree.htb,Microsoft-Windows-TerminalServices-RemoteConnectionManager,Microsoft-Windows-TerminalServices-RemoteConnectionManager/Operational,190,4,,,,,,,
2026-03-28T01:08:11.312325Z,20523,dc.danglingtree.htb,Microsoft-Windows-TerminalServices-RemoteConnectionManager,Microsoft-Windows-TerminalServices-RemoteConnectionManager/Operational,191,4,5828227C-20CF-4408-B73F-73AB70B8849F,RDP-Tcp,,,,Event_NS,
2026-03-28T01:08:11.570654Z,258,dc.danglingtree.htb,Microsoft-Windows-TerminalServices-RemoteConnectionManager,Microsoft-Windows-TerminalServices-RemoteConnectionManager/Operational,192,4,,,,,,Event_NS,RDP-Tcp
2026-03-28T01:08:11.814572Z,263,dc.danglingtree.htb,Microsoft-Windows-TerminalServices-RemoteConnectionManager,Microsoft-Windows-TerminalServices-RemoteConnectionManager/Operational,193,4,,,,,,,
2026-03-28T01:08:11.820946Z,1136,dc.danglingtree.htb,Microsoft-Windows-TerminalServices-RemoteConnectionManager,Microsoft-Windows-TerminalServices-RemoteConnectionManager/Operational,194,4,,,,,,,
2026-03-28T01:08:11.838778Z,20524,dc.danglingtree.htb,Microsoft-Windows-TerminalServices-RemoteConnectionManager,Microsoft-Windows-TerminalServices-RemoteConnectionManager/Operational,195,4,,,,,,,
2026-03-28T01:08:11.839733Z,263,dc.danglingtree.htb,Microsoft-Windows-TerminalServices-RemoteConnectionManager,Microsoft-Windows-TerminalServices-RemoteConnectionManager/Operational,196,4,,,,,,,
2026-03-28T01:08:11.845315Z,263,dc.danglingtree.htb,Microsoft-Windows-TerminalServices-RemoteConnectionManager,Microsoft-Windows-TerminalServices-RemoteConnectionManager/Operational,197,4,,,,,,,
2026-03-28T01:08:11.856644Z,263,dc.danglingtree.htb,Microsoft-Windows-TerminalServices-RemoteConnectionManager,Microsoft-Windows-TerminalServices-RemoteConnectionManager/Operational,198,4,,,,,,,
2026-03-28T01:08:11.864833Z,263,dc.danglingtree.htb,Microsoft-Windows-TerminalServices-RemoteConnectionManager,Microsoft-Windows-TerminalServices-RemoteConnectionManager/Operational,199,4,,,,,,,
2026-03-28T01:18:39.265807Z,261,dc.danglingtree.htb,Microsoft-Windows-TerminalServices-RemoteConnectionManager,Microsoft-Windows-TerminalServices-RemoteConnectionManager/Operational,200,4,,,,,,Event_NS,RDP-Tcp
2026-03-28T01:18:44.211428Z,261,dc.danglingtree.htb,Microsoft-Windows-TerminalServices-RemoteConnectionManager,Microsoft-Windows-TerminalServices-RemoteConnectionManager/Operational,201,4,,,,,,Event_NS,RDP-Tcp
2026-04-04T23:29:14.214287Z,263,dc.danglingtree.htb,Microsoft-Windows-TerminalServices-RemoteConnectionManager,Microsoft-Windows-TerminalServices-RemoteConnectionManager/Operational,202,4,,,,,,,
2026-04-04T23:29:14.240980Z,20523,dc.danglingtree.htb,Microsoft-Windows-TerminalServices-RemoteConnectionManager,Microsoft-Windows-TerminalServices-RemoteConnectionManager/Operational,203,4,5828227C-20CF-4408-B73F-73AB70B8849F,RDP-Tcp,,,,Event_NS,
2026-04-04T23:29:14.410368Z,258,dc.danglingtree.htb,Microsoft-Windows-TerminalServices-RemoteConnectionManager,Microsoft-Windows-TerminalServices-RemoteConnectionManager/Operational,204,4,,,,,,Event_NS,RDP-Tcp
2026-04-04T23:29:14.555287Z,263,dc.danglingtree.htb,Microsoft-Windows-TerminalServices-RemoteConnectionManager,Microsoft-Windows-TerminalServices-RemoteConnectionManager/Operational,205,4,,,,,,,
2026-04-04T23:29:14.558170Z,263,dc.danglingtree.htb,Microsoft-Windows-TerminalServices-RemoteConnectionManager,Microsoft-Windows-TerminalServices-RemoteConnectionManager/Operational,206,4,,,,,,,
2026-04-04T23:29:14.560043Z,263,dc.danglingtree.htb,Microsoft-Windows-TerminalServices-RemoteConnectionManager,Microsoft-Windows-TerminalServices-RemoteConnectionManager/Operational,207,4,,,,,,,
2026-04-04T23:29:14.567487Z,1136,dc.danglingtree.htb,Microsoft-Windows-TerminalServices-RemoteConnectionManager,Microsoft-Windows-TerminalServices-RemoteConnectionManager/Operational,208,4,,,,,,,
2026-04-04T23:29:14.579844Z,263,dc.danglingtree.htb,Microsoft-Windows-TerminalServices-RemoteConnectionManager,Microsoft-Windows-TerminalServices-RemoteConnectionManager/Operational,209,4,,,,,,,
2026-04-04T23:29:14.598635Z,263,dc.danglingtree.htb,Microsoft-Windows-TerminalServices-RemoteConnectionManager,Microsoft-Windows-TerminalServices-RemoteConnectionManager/Operational,210,4,,,,,,,
2026-04-04T23:29:14.601777Z,20524,dc.danglingtree.htb,Microsoft-Windows-TerminalServices-RemoteConnectionManager,Microsoft-Windows-TerminalServices-RemoteConnectionManager/Operational,211,4,,,,,,,
2026-04-04T23:29:45.935536Z,263,dc.danglingtree.htb,Microsoft-Windows-TerminalServices-RemoteConnectionManager,Microsoft-Windows-TerminalServices-RemoteConnectionManager/Operational,212,4,,,,,,,
2026-04-04T23:29:59.931777Z,263,dc.danglingtree.htb,Microsoft-Windows-TerminalServices-RemoteConnectionManager,Microsoft-Windows-TerminalServices-RemoteConnectionManager/Operational,213,4,,,,,,,
2026-04-04T23:47:39.514626Z,263,dc.danglingtree.htb,Microsoft-Windows-TerminalServices-RemoteConnectionManager,Microsoft-Windows-TerminalServices-RemoteConnectionManager/Operational,214,4,,,,,,,
2026-04-04T23:47:39.539563Z,20523,dc.danglingtree.htb,Microsoft-Windows-TerminalServices-RemoteConnectionManager,Microsoft-Windows-TerminalServices-RemoteConnectionManager/Operational,215,4,5828227C-20CF-4408-B73F-73AB70B8849F,RDP-Tcp,,,,Event_NS,
2026-04-04T23:47:39.696488Z,258,dc.danglingtree.htb,Microsoft-Windows-TerminalServices-RemoteConnectionManager,Microsoft-Windows-TerminalServices-RemoteConnectionManager/Operational,216,4,,,,,,Event_NS,RDP-Tcp
2026-04-04T23:47:39.905198Z,263,dc.danglingtree.htb,Microsoft-Windows-TerminalServices-RemoteConnectionManager,Microsoft-Windows-TerminalServices-RemoteConnectionManager/Operational,217,4,,,,,,,
2026-04-04T23:47:39.919187Z,1136,dc.danglingtree.htb,Microsoft-Windows-TerminalServices-RemoteConnectionManager,Microsoft-Windows-TerminalServices-RemoteConnectionManager/Operational,218,4,,,,,,,
2026-04-04T23:47:39.927486Z,263,dc.danglingtree.htb,Microsoft-Windows-TerminalServices-RemoteConnectionManager,Microsoft-Windows-TerminalServices-RemoteConnectionManager/Operational,219,4,,,,,,,
2026-04-04T23:47:39.938899Z,263,dc.danglingtree.htb,Microsoft-Windows-TerminalServices-RemoteConnectionManager,Microsoft-Windows-TerminalServices-RemoteConnectionManager/Operational,220,4,,,,,,,
2026-04-04T23:47:39.941851Z,20524,dc.danglingtree.htb,Microsoft-Windows-TerminalServices-RemoteConnectionManager,Microsoft-Windows-TerminalServices-RemoteConnectionManager/Operational,221,4,,,,,,,
2026-04-04T23:47:39.947855Z,263,dc.danglingtree.htb,Microsoft-Windows-TerminalServices-RemoteConnectionManager,Microsoft-Windows-TerminalServices-RemoteConnectionManager/Operational,222,4,,,,,,,
2026-04-04T23:47:39.956261Z,263,dc.danglingtree.htb,Microsoft-Windows-TerminalServices-RemoteConnectionManager,Microsoft-Windows-TerminalServices-RemoteConnectionManager/Operational,223,4,,,,,,,
2026-04-04T23:48:31.283924Z,263,dc.danglingtree.htb,Microsoft-Windows-TerminalServices-RemoteConnectionManager,Microsoft-Windows-TerminalServices-RemoteConnectionManager/Operational,224,4,,,,,,,
2026-04-05T00:52:19.847072Z,263,dc.danglingtree.htb,Microsoft-Windows-TerminalServices-RemoteConnectionManager,Microsoft-Windows-TerminalServices-RemoteConnectionManager/Operational,225,4,,,,,,,
2026-04-05T00:52:19.867048Z,20523,dc.danglingtree.htb,Microsoft-Windows-TerminalServices-RemoteConnectionManager,Microsoft-Windows-TerminalServices-RemoteConnectionManager/Operational,226,4,5828227C-20CF-4408-B73F-73AB70B8849F,RDP-Tcp,,,,Event_NS,
2026-04-05T00:52:19.972031Z,258,dc.danglingtree.htb,Microsoft-Windows-TerminalServices-RemoteConnectionManager,Microsoft-Windows-TerminalServices-RemoteConnectionManager/Operational,227,4,,,,,,Event_NS,RDP-Tcp
2026-04-05T00:52:20.136901Z,263,dc.danglingtree.htb,Microsoft-Windows-TerminalServices-RemoteConnectionManager,Microsoft-Windows-TerminalServices-RemoteConnectionManager/Operational,228,4,,,,,,,
2026-04-05T00:52:20.147510Z,1136,dc.danglingtree.htb,Microsoft-Windows-TerminalServices-RemoteConnectionManager,Microsoft-Windows-TerminalServices-RemoteConnectionManager/Operational,229,4,,,,,,,
2026-04-05T00:52:20.163351Z,263,dc.danglingtree.htb,Microsoft-Windows-TerminalServices-RemoteConnectionManager,Microsoft-Windows-TerminalServices-RemoteConnectionManager/Operational,230,4,,,,,,,
2026-04-05T00:52:20.177770Z,263,dc.danglingtree.htb,Microsoft-Windows-TerminalServices-RemoteConnectionManager,Microsoft-Windows-TerminalServices-RemoteConnectionManager/Operational,231,4,,,,,,,
2026-04-05T00:52:20.191901Z,20524,dc.danglingtree.htb,Microsoft-Windows-TerminalServices-RemoteConnectionManager,Microsoft-Windows-TerminalServices-RemoteConnectionManager/Operational,232,4,,,,,,,
2026-04-05T00:52:20.201905Z,263,dc.danglingtree.htb,Microsoft-Windows-TerminalServices-RemoteConnectionManager,Microsoft-Windows-TerminalServices-RemoteConnectionManager/Operational,233,4,,,,,,,
2026-04-05T00:52:20.209432Z,263,dc.danglingtree.htb,Microsoft-Windows-TerminalServices-RemoteConnectionManager,Microsoft-Windows-TerminalServices-RemoteConnectionManager/Operational,234,4,,,,,,,
2026-04-05T01:01:57.855056Z,263,dc.danglingtree.htb,Microsoft-Windows-TerminalServices-RemoteConnectionManager,Microsoft-Windows-TerminalServices-RemoteConnectionManager/Operational,235,4,,,,,,,
2026-04-05T01:01:57.876683Z,20523,dc.danglingtree.htb,Microsoft-Windows-TerminalServices-RemoteConnectionManager,Microsoft-Windows-TerminalServices-RemoteConnectionManager/Operational,236,4,5828227C-20CF-4408-B73F-73AB70B8849F,RDP-Tcp,,,,Event_NS,
2026-04-05T01:01:57.980155Z,258,dc.danglingtree.htb,Microsoft-Windows-TerminalServices-RemoteConnectionManager,Microsoft-Windows-TerminalServices-RemoteConnectionManager/Operational,237,4,,,,,,Event_NS,RDP-Tcp
2026-04-05T01:01:58.117611Z,263,dc.danglingtree.htb,Microsoft-Windows-TerminalServices-RemoteConnectionManager,Microsoft-Windows-TerminalServices-RemoteConnectionManager/Operational,238,4,,,,,,,
2026-04-05T01:01:58.120310Z,263,dc.danglingtree.htb,Microsoft-Windows-TerminalServices-RemoteConnectionManager,Microsoft-Windows-TerminalServices-RemoteConnectionManager/Operational,239,4,,,,,,,
2026-04-05T01:01:58.127917Z,263,dc.danglingtree.htb,Microsoft-Windows-TerminalServices-RemoteConnectionManager,Microsoft-Windows-TerminalServices-RemoteConnectionManager/Operational,240,4,,,,,,,
2026-04-05T01:01:58.129440Z,1136,dc.danglingtree.htb,Microsoft-Windows-TerminalServices-RemoteConnectionManager,Microsoft-Windows-TerminalServices-RemoteConnectionManager/Operational,241,4,,,,,,,
2026-04-05T01:01:58.134180Z,263,dc.danglingtree.htb,Microsoft-Windows-TerminalServices-RemoteConnectionManager,Microsoft-Windows-TerminalServices-RemoteConnectionManager/Operational,242,4,,,,,,,
2026-04-05T01:01:58.137887Z,263,dc.danglingtree.htb,Microsoft-Windows-TerminalServices-RemoteConnectionManager,Microsoft-Windows-TerminalServices-RemoteConnectionManager/Operational,243,4,,,,,,,
2026-04-05T01:01:58.145454Z,20524,dc.danglingtree.htb,Microsoft-Windows-TerminalServices-RemoteConnectionManager,Microsoft-Windows-TerminalServices-RemoteConnectionManager/Operational,244,4,,,,,,,
2026-04-05T01:11:36.393652Z,261,dc.danglingtree.htb,Microsoft-Windows-TerminalServices-RemoteConnectionManager,Microsoft-Windows-TerminalServices-RemoteConnectionManager/Operational,245,4,,,,,,Event_NS,RDP-Tcp
2026-04-05T01:11:46.860632Z,261,dc.danglingtree.htb,Microsoft-Windows-TerminalServices-RemoteConnectionManager,Microsoft-Windows-TerminalServices-RemoteConnectionManager/Operational,246,4,,,,,,Event_NS,RDP-Tcp
2026-04-05T01:12:17.672166Z,261,dc.danglingtree.htb,Microsoft-Windows-TerminalServices-RemoteConnectionManager,Microsoft-Windows-TerminalServices-RemoteConnectionManager/Operational,247,4,,,,,,Event_NS,RDP-Tcp
2026-04-05T01:14:16.805269Z,261,dc.danglingtree.htb,Microsoft-Windows-TerminalServices-RemoteConnectionManager,Microsoft-Windows-TerminalServices-RemoteConnectionManager/Operational,248,4,,,,,,Event_NS,RDP-Tcp
2026-04-05T01:14:38.941326Z,261,dc.danglingtree.htb,Microsoft-Windows-TerminalServices-RemoteConnectionManager,Microsoft-Windows-TerminalServices-RemoteConnectionManager/Operational,249,4,,,,,,Event_NS,RDP-Tcp
2026-04-05T01:14:45.917545Z,261,dc.danglingtree.htb,Microsoft-Windows-TerminalServices-RemoteConnectionManager,Microsoft-Windows-TerminalServices-RemoteConnectionManager/Operational,250,4,,,,,,Event_NS,RDP-Tcp
2026-04-05T01:40:08.849052Z,263,dc.danglingtree.htb,Microsoft-Windows-TerminalServices-RemoteConnectionManager,Microsoft-Windows-TerminalServices-RemoteConnectionManager/Operational,251,4,,,,,,,
2026-04-05T01:40:08.867810Z,20523,dc.danglingtree.htb,Microsoft-Windows-TerminalServices-RemoteConnectionManager,Microsoft-Windows-TerminalServices-RemoteConnectionManager/Operational,252,4,5828227C-20CF-4408-B73F-73AB70B8849F,RDP-Tcp,,,,Event_NS,
2026-04-05T01:40:08.970837Z,258,dc.danglingtree.htb,Microsoft-Windows-TerminalServices-RemoteConnectionManager,Microsoft-Windows-TerminalServices-RemoteConnectionManager/Operational,253,4,,,,,,Event_NS,RDP-Tcp
2026-04-05T01:40:09.131106Z,263,dc.danglingtree.htb,Microsoft-Windows-TerminalServices-RemoteConnectionManager,Microsoft-Windows-TerminalServices-RemoteConnectionManager/Operational,254,4,,,,,,,
2026-04-05T01:40:09.137425Z,263,dc.danglingtree.htb,Microsoft-Windows-TerminalServices-RemoteConnectionManager,Microsoft-Windows-TerminalServices-RemoteConnectionManager/Operational,255,4,,,,,,,
2026-04-05T01:40:09.141017Z,263,dc.danglingtree.htb,Microsoft-Windows-TerminalServices-RemoteConnectionManager,Microsoft-Windows-TerminalServices-RemoteConnectionManager/Operational,256,4,,,,,,,
2026-04-05T01:40:09.144952Z,1136,dc.danglingtree.htb,Microsoft-Windows-TerminalServices-RemoteConnectionManager,Microsoft-Windows-TerminalServices-RemoteConnectionManager/Operational,257,4,,,,,,,
2026-04-05T01:40:09.146449Z,263,dc.danglingtree.htb,Microsoft-Windows-TerminalServices-RemoteConnectionManager,Microsoft-Windows-TerminalServices-RemoteConnectionManager/Operational,258,4,,,,,,,
2026-04-05T01:40:09.157914Z,20524,dc.danglingtree.htb,Microsoft-Windows-TerminalServices-RemoteConnectionManager,Microsoft-Windows-TerminalServices-RemoteConnectionManager/Operational,259,4,,,,,,,
2026-04-05T01:40:09.158234Z,263,dc.danglingtree.htb,Microsoft-Windows-TerminalServices-RemoteConnectionManager,Microsoft-Windows-TerminalServices-RemoteConnectionManager/Operational,260,4,,,,,,,
2026-04-05T01:42:18.037623Z,263,dc.danglingtree.htb,Microsoft-Windows-TerminalServices-RemoteConnectionManager,Microsoft-Windows-TerminalServices-RemoteConnectionManager/Operational,261,4,,,,,,,
2026-04-05T19:03:58.215186Z,263,dc.danglingtree.htb,Microsoft-Windows-TerminalServices-RemoteConnectionManager,Microsoft-Windows-TerminalServices-RemoteConnectionManager/Operational,262,4,,,,,,,
2026-04-05T19:03:58.242073Z,20523,dc.danglingtree.htb,Microsoft-Windows-TerminalServices-RemoteConnectionManager,Microsoft-Windows-TerminalServices-RemoteConnectionManager/Operational,263,4,5828227C-20CF-4408-B73F-73AB70B8849F,RDP-Tcp,,,,Event_NS,
2026-04-05T19:03:58.396305Z,258,dc.danglingtree.htb,Microsoft-Windows-TerminalServices-RemoteConnectionManager,Microsoft-Windows-TerminalServices-RemoteConnectionManager/Operational,264,4,,,,,,Event_NS,RDP-Tcp
2026-04-05T19:03:58.519580Z,263,dc.danglingtree.htb,Microsoft-Windows-TerminalServices-RemoteConnectionManager,Microsoft-Windows-TerminalServices-RemoteConnectionManager/Operational,265,4,,,,,,,
2026-04-05T19:03:58.526912Z,263,dc.danglingtree.htb,Microsoft-Windows-TerminalServices-RemoteConnectionManager,Microsoft-Windows-TerminalServices-RemoteConnectionManager/Operational,266,4,,,,,,,
2026-04-05T19:03:58.541352Z,263,dc.danglingtree.htb,Microsoft-Windows-TerminalServices-RemoteConnectionManager,Microsoft-Windows-TerminalServices-RemoteConnectionManager/Operational,267,4,,,,,,,
2026-04-05T19:03:58.544909Z,263,dc.danglingtree.htb,Microsoft-Windows-TerminalServices-RemoteConnectionManager,Microsoft-Windows-TerminalServices-RemoteConnectionManager/Operational,268,4,,,,,,,
2026-04-05T19:03:58.547511Z,1136,dc.danglingtree.htb,Microsoft-Windows-TerminalServices-RemoteConnectionManager,Microsoft-Windows-TerminalServices-RemoteConnectionManager/Operational,269,4,,,,,,,
2026-04-05T19:03:58.554487Z,263,dc.danglingtree.htb,Microsoft-Windows-TerminalServices-RemoteConnectionManager,Microsoft-Windows-TerminalServices-RemoteConnectionManager/Operational,270,4,,,,,,,
2026-04-05T19:03:58.562584Z,20524,dc.danglingtree.htb,Microsoft-Windows-TerminalServices-RemoteConnectionManager,Microsoft-Windows-TerminalServices-RemoteConnectionManager/Operational,271,4,,,,,,,
2026-04-05T19:04:46.187781Z,263,dc.danglingtree.htb,Microsoft-Windows-TerminalServices-RemoteConnectionManager,Microsoft-Windows-TerminalServices-RemoteConnectionManager/Operational,272,4,,,,,,,
2026-04-05T19:05:10.626155Z,263,dc.danglingtree.htb,Microsoft-Windows-TerminalServices-RemoteConnectionManager,Microsoft-Windows-TerminalServices-RemoteConnectionManager/Operational,273,4,,,,,,,
2026-04-05T19:05:10.696588Z,263,dc.danglingtree.htb,Microsoft-Windows-TerminalServices-RemoteConnectionManager,Microsoft-Windows-TerminalServices-RemoteConnectionManager/Operational,274,4,,,,,,,
2026-04-05T20:05:22.379592Z,263,dc.danglingtree.htb,Microsoft-Windows-TerminalServices-RemoteConnectionManager,Microsoft-Windows-TerminalServices-RemoteConnectionManager/Operational,275,4,,,,,,,
2026-04-05T20:05:22.408261Z,20523,dc.danglingtree.htb,Microsoft-Windows-TerminalServices-RemoteConnectionManager,Microsoft-Windows-TerminalServices-RemoteConnectionManager/Operational,276,4,5828227C-20CF-4408-B73F-73AB70B8849F,RDP-Tcp,,,,Event_NS,
2026-04-05T20:05:22.599357Z,258,dc.danglingtree.htb,Microsoft-Windows-TerminalServices-RemoteConnectionManager,Microsoft-Windows-TerminalServices-RemoteConnectionManager/Operational,277,4,,,,,,Event_NS,RDP-Tcp
2026-04-05T20:05:22.779735Z,263,dc.danglingtree.htb,Microsoft-Windows-TerminalServices-RemoteConnectionManager,Microsoft-Windows-TerminalServices-RemoteConnectionManager/Operational,278,4,,,,,,,
2026-04-05T20:05:22.786422Z,263,dc.danglingtree.htb,Microsoft-Windows-TerminalServices-RemoteConnectionManager,Microsoft-Windows-TerminalServices-RemoteConnectionManager/Operational,279,4,,,,,,,
2026-04-05T20:05:22.791961Z,263,dc.danglingtree.htb,Microsoft-Windows-TerminalServices-RemoteConnectionManager,Microsoft-Windows-TerminalServices-RemoteConnectionManager/Operational,280,4,,,,,,,
2026-04-05T20:05:22.795186Z,263,dc.danglingtree.htb,Microsoft-Windows-TerminalServices-RemoteConnectionManager,Microsoft-Windows-TerminalServices-RemoteConnectionManager/Operational,281,4,,,,,,,
2026-04-05T20:05:22.815987Z,1136,dc.danglingtree.htb,Microsoft-Windows-TerminalServices-RemoteConnectionManager,Microsoft-Windows-TerminalServices-RemoteConnectionManager/Operational,282,4,,,,,,,
2026-04-05T20:05:22.823480Z,263,dc.danglingtree.htb,Microsoft-Windows-TerminalServices-RemoteConnectionManager,Microsoft-Windows-TerminalServices-RemoteConnectionManager/Operational,283,4,,,,,,,
2026-04-05T20:05:22.828514Z,20524,dc.danglingtree.htb,Microsoft-Windows-TerminalServices-RemoteConnectionManager,Microsoft-Windows-TerminalServices-RemoteConnectionManager/Operational,284,4,,,,,,,
2026-04-05T20:05:55.186725Z,263,dc.danglingtree.htb,Microsoft-Windows-TerminalServices-RemoteConnectionManager,Microsoft-Windows-TerminalServices-RemoteConnectionManager/Operational,285,4,,,,,,,
2026-04-05T20:05:55.256655Z,263,dc.danglingtree.htb,Microsoft-Windows-TerminalServices-RemoteConnectionManager,Microsoft-Windows-TerminalServices-RemoteConnectionManager/Operational,286,4,,,,,,,
2026-04-05T20:05:55.336440Z,263,dc.danglingtree.htb,Microsoft-Windows-TerminalServices-RemoteConnectionManager,Microsoft-Windows-TerminalServices-RemoteConnectionManager/Operational,287,4,,,,,,,
2026-04-05T20:05:55.404470Z,263,dc.danglingtree.htb,Microsoft-Windows-TerminalServices-RemoteConnectionManager,Microsoft-Windows-TerminalServices-RemoteConnectionManager/Operational,288,4,,,,,,,
2026-06-03T19:37:45.793287Z,263,dc.danglingtree.htb,Microsoft-Windows-TerminalServices-RemoteConnectionManager,Microsoft-Windows-TerminalServices-RemoteConnectionManager/Operational,289,4,,,,,,,
2026-06-03T19:37:46.029982Z,20523,dc.danglingtree.htb,Microsoft-Windows-TerminalServices-RemoteConnectionManager,Microsoft-Windows-TerminalServices-RemoteConnectionManager/Operational,290,4,5828227C-20CF-4408-B73F-73AB70B8849F,RDP-Tcp,,,,Event_NS,
2026-06-03T19:37:47.845229Z,258,dc.danglingtree.htb,Microsoft-Windows-TerminalServices-RemoteConnectionManager,Microsoft-Windows-TerminalServices-RemoteConnectionManager/Operational,291,4,,,,,,Event_NS,RDP-Tcp
2026-06-03T19:37:49.615910Z,263,dc.danglingtree.htb,Microsoft-Windows-TerminalServices-RemoteConnectionManager,Microsoft-Windows-TerminalServices-RemoteConnectionManager/Operational,292,4,,,,,,,
2026-06-03T19:37:49.619659Z,263,dc.danglingtree.htb,Microsoft-Windows-TerminalServices-RemoteConnectionManager,Microsoft-Windows-TerminalServices-RemoteConnectionManager/Operational,293,4,,,,,,,
2026-06-03T19:37:49.625509Z,263,dc.danglingtree.htb,Microsoft-Windows-TerminalServices-RemoteConnectionManager,Microsoft-Windows-TerminalServices-RemoteConnectionManager/Operational,294,4,,,,,,,
2026-06-03T19:37:49.638542Z,263,dc.danglingtree.htb,Microsoft-Windows-TerminalServices-RemoteConnectionManager,Microsoft-Windows-TerminalServices-RemoteConnectionManager/Operational,295,4,,,,,,,
2026-06-03T19:37:49.694829Z,1136,dc.danglingtree.htb,Microsoft-Windows-TerminalServices-RemoteConnectionManager,Microsoft-Windows-TerminalServices-RemoteConnectionManager/Operational,296,4,,,,,,,
2026-06-03T19:37:50.404734Z,263,dc.danglingtree.htb,Microsoft-Windows-TerminalServices-RemoteConnectionManager,Microsoft-Windows-TerminalServices-RemoteConnectionManager/Operational,297,4,,,,,,,
2026-06-03T19:37:50.408243Z,20524,dc.danglingtree.htb,Microsoft-Windows-TerminalServices-RemoteConnectionManager,Microsoft-Windows-TerminalServices-RemoteConnectionManager/Operational,298,4,,,,,,,
2026-06-03T19:38:10.570536Z,263,dc.danglingtree.htb,Microsoft-Windows-TerminalServices-RemoteConnectionManager,Microsoft-Windows-TerminalServices-RemoteConnectionManager/Operational,299,4,,,,,,,
2026-06-03T19:38:46.653942Z,263,dc.danglingtree.htb,Microsoft-Windows-TerminalServices-RemoteConnectionManager,Microsoft-Windows-TerminalServices-RemoteConnectionManager/Operational,300,4,,,,,,,
2026-06-03T19:38:59.615152Z,263,dc.danglingtree.htb,Microsoft-Windows-TerminalServices-RemoteConnectionManager,Microsoft-Windows-TerminalServices-RemoteConnectionManager/Operational,301,4,,,,,,,
2026-06-03T19:38:59.820560Z,263,dc.danglingtree.htb,Microsoft-Windows-TerminalServices-RemoteConnectionManager,Microsoft-Windows-TerminalServices-RemoteConnectionManager/Operational,302,4,,,,,,,
2026-06-03T19:45:04.968086Z,263,dc.danglingtree.htb,Microsoft-Windows-TerminalServices-RemoteConnectionManager,Microsoft-Windows-TerminalServices-RemoteConnectionManager/Operational,303,4,,,,,,,
2026-06-03T19:45:05.368029Z,20523,dc.danglingtree.htb,Microsoft-Windows-TerminalServices-RemoteConnectionManager,Microsoft-Windows-TerminalServices-RemoteConnectionManager/Operational,304,4,5828227C-20CF-4408-B73F-73AB70B8849F,RDP-Tcp,,,,Event_NS,
2026-06-03T19:45:07.224339Z,258,dc.danglingtree.htb,Microsoft-Windows-TerminalServices-RemoteConnectionManager,Microsoft-Windows-TerminalServices-RemoteConnectionManager/Operational,305,4,,,,,,Event_NS,RDP-Tcp
2026-06-03T19:45:09.285760Z,263,dc.danglingtree.htb,Microsoft-Windows-TerminalServices-RemoteConnectionManager,Microsoft-Windows-TerminalServices-RemoteConnectionManager/Operational,306,4,,,,,,,
2026-06-03T19:45:09.293611Z,263,dc.danglingtree.htb,Microsoft-Windows-TerminalServices-RemoteConnectionManager,Microsoft-Windows-TerminalServices-RemoteConnectionManager/Operational,307,4,,,,,,,
2026-06-03T19:45:09.312179Z,263,dc.danglingtree.htb,Microsoft-Windows-TerminalServices-RemoteConnectionManager,Microsoft-Windows-TerminalServices-RemoteConnectionManager/Operational,308,4,,,,,,,
2026-06-03T19:45:09.325377Z,263,dc.danglingtree.htb,Microsoft-Windows-TerminalServices-RemoteConnectionManager,Microsoft-Windows-TerminalServices-RemoteConnectionManager/Operational,309,4,,,,,,,
2026-06-03T19:45:09.351278Z,1136,dc.danglingtree.htb,Microsoft-Windows-TerminalServices-RemoteConnectionManager,Microsoft-Windows-TerminalServices-RemoteConnectionManager/Operational,310,4,,,,,,,
2026-06-03T19:45:09.383586Z,263,dc.danglingtree.htb,Microsoft-Windows-TerminalServices-RemoteConnectionManager,Microsoft-Windows-TerminalServices-RemoteConnectionManager/Operational,311,4,,,,,,,
2026-06-03T19:45:09.398507Z,20524,dc.danglingtree.htb,Microsoft-Windows-TerminalServices-RemoteConnectionManager,Microsoft-Windows-TerminalServices-RemoteConnectionManager/Operational,312,4,,,,,,,
2026-06-03T19:46:20.771708Z,263,dc.danglingtree.htb,Microsoft-Windows-TerminalServices-RemoteConnectionManager,Microsoft-Windows-TerminalServices-RemoteConnectionManager/Operational,313,4,,,,,,,
2026-06-03T20:14:20.324193Z,263,dc.danglingtree.htb,Microsoft-Windows-TerminalServices-RemoteConnectionManager,Microsoft-Windows-TerminalServices-RemoteConnectionManager/Operational,314,4,,,,,,,
2026-06-03T20:14:20.427261Z,20523,dc.danglingtree.htb,Microsoft-Windows-TerminalServices-RemoteConnectionManager,Microsoft-Windows-TerminalServices-RemoteConnectionManager/Operational,315,4,5828227C-20CF-4408-B73F-73AB70B8849F,RDP-Tcp,,,,Event_NS,
2026-06-03T20:14:21.832470Z,258,dc.danglingtree.htb,Microsoft-Windows-TerminalServices-RemoteConnectionManager,Microsoft-Windows-TerminalServices-RemoteConnectionManager/Operational,316,4,,,,,,Event_NS,RDP-Tcp
2026-06-03T20:14:23.343665Z,263,dc.danglingtree.htb,Microsoft-Windows-TerminalServices-RemoteConnectionManager,Microsoft-Windows-TerminalServices-RemoteConnectionManager/Operational,317,4,,,,,,,
2026-06-03T20:14:23.366275Z,263,dc.danglingtree.htb,Microsoft-Windows-TerminalServices-RemoteConnectionManager,Microsoft-Windows-TerminalServices-RemoteConnectionManager/Operational,318,4,,,,,,,
2026-06-03T20:14:23.371191Z,1136,dc.danglingtree.htb,Microsoft-Windows-TerminalServices-RemoteConnectionManager,Microsoft-Windows-TerminalServices-RemoteConnectionManager/Operational,319,4,,,,,,,
2026-06-03T20:14:23.893527Z,263,dc.danglingtree.htb,Microsoft-Windows-TerminalServices-RemoteConnectionManager,Microsoft-Windows-TerminalServices-RemoteConnectionManager/Operational,320,4,,,,,,,
2026-06-03T20:14:23.898012Z,20524,dc.danglingtree.htb,Microsoft-Windows-TerminalServices-RemoteConnectionManager,Microsoft-Windows-TerminalServices-RemoteConnectionManager/Operational,321,4,,,,,,,
2026-06-03T20:14:23.919725Z,263,dc.danglingtree.htb,Microsoft-Windows-TerminalServices-RemoteConnectionManager,Microsoft-Windows-TerminalServices-RemoteConnectionManager/Operational,322,4,,,,,,,
2026-06-03T20:14:23.933900Z,263,dc.danglingtree.htb,Microsoft-Windows-TerminalServices-RemoteConnectionManager,Microsoft-Windows-TerminalServices-RemoteConnectionManager/Operational,323,4,,,,,,,
2026-06-03T20:14:39.124793Z,263,dc.danglingtree.htb,Microsoft-Windows-TerminalServices-RemoteConnectionManager,Microsoft-Windows-TerminalServices-RemoteConnectionManager/Operational,324,4,,,,,,,
2026-06-03T20:28:29.424068Z,263,dc.danglingtree.htb,Microsoft-Windows-TerminalServices-RemoteConnectionManager,Microsoft-Windows-TerminalServices-RemoteConnectionManager/Operational,325,4,,,,,,,
2026-06-03T20:28:29.519052Z,20523,dc.danglingtree.htb,Microsoft-Windows-TerminalServices-RemoteConnectionManager,Microsoft-Windows-TerminalServices-RemoteConnectionManager/Operational,326,4,5828227C-20CF-4408-B73F-73AB70B8849F,RDP-Tcp,,,,Event_NS,
2026-06-03T20:28:30.278934Z,258,dc.danglingtree.htb,Microsoft-Windows-TerminalServices-RemoteConnectionManager,Microsoft-Windows-TerminalServices-RemoteConnectionManager/Operational,327,4,,,,,,Event_NS,RDP-Tcp
2026-06-03T20:28:31.868593Z,263,dc.danglingtree.htb,Microsoft-Windows-TerminalServices-RemoteConnectionManager,Microsoft-Windows-TerminalServices-RemoteConnectionManager/Operational,328,4,,,,,,,
2026-06-03T20:28:31.903019Z,263,dc.danglingtree.htb,Microsoft-Windows-TerminalServices-RemoteConnectionManager,Microsoft-Windows-TerminalServices-RemoteConnectionManager/Operational,329,4,,,,,,,
2026-06-03T20:28:32.173403Z,263,dc.danglingtree.htb,Microsoft-Windows-TerminalServices-RemoteConnectionManager,Microsoft-Windows-TerminalServices-RemoteConnectionManager/Operational,330,4,,,,,,,
2026-06-03T20:28:32.186355Z,263,dc.danglingtree.htb,Microsoft-Windows-TerminalServices-RemoteConnectionManager,Microsoft-Windows-TerminalServices-RemoteConnectionManager/Operational,331,4,,,,,,,
2026-06-03T20:28:32.199831Z,1136,dc.danglingtree.htb,Microsoft-Windows-TerminalServices-RemoteConnectionManager,Microsoft-Windows-TerminalServices-RemoteConnectionManager/Operational,332,4,,,,,,,
2026-06-03T20:28:32.228234Z,263,dc.danglingtree.htb,Microsoft-Windows-TerminalServices-RemoteConnectionManager,Microsoft-Windows-TerminalServices-RemoteConnectionManager/Operational,333,4,,,,,,,
2026-06-03T20:28:32.283222Z,20524,dc.danglingtree.htb,Microsoft-Windows-TerminalServices-RemoteConnectionManager,Microsoft-Windows-TerminalServices-RemoteConnectionManager/Operational,334,4,,,,,,,
2026-06-03T20:32:39.645224Z,263,dc.danglingtree.htb,Microsoft-Windows-TerminalServices-RemoteConnectionManager,Microsoft-Windows-TerminalServices-RemoteConnectionManager/Operational,335,4,,,,,,,
2026-06-03T20:32:39.765890Z,20523,dc.danglingtree.htb,Microsoft-Windows-TerminalServices-RemoteConnectionManager,Microsoft-Windows-TerminalServices-RemoteConnectionManager/Operational,336,4,5828227C-20CF-4408-B73F-73AB70B8849F,RDP-Tcp,,,,Event_NS,
2026-06-03T20:32:40.280668Z,258,dc.danglingtree.htb,Microsoft-Windows-TerminalServices-RemoteConnectionManager,Microsoft-Windows-TerminalServices-RemoteConnectionManager/Operational,337,4,,,,,,Event_NS,RDP-Tcp
2026-06-03T20:32:40.826311Z,1136,dc.danglingtree.htb,Microsoft-Windows-TerminalServices-RemoteConnectionManager,Microsoft-Windows-TerminalServices-RemoteConnectionManager/Operational,338,4,,,,,,,
2026-06-03T20:32:40.838545Z,263,dc.danglingtree.htb,Microsoft-Windows-TerminalServices-RemoteConnectionManager,Microsoft-Windows-TerminalServices-RemoteConnectionManager/Operational,339,4,,,,,,,
2026-06-03T20:32:40.841665Z,263,dc.danglingtree.htb,Microsoft-Windows-TerminalServices-RemoteConnectionManager,Microsoft-Windows-TerminalServices-RemoteConnectionManager/Operational,340,4,,,,,,,
2026-06-03T20:32:40.852405Z,263,dc.danglingtree.htb,Microsoft-Windows-TerminalServices-RemoteConnectionManager,Microsoft-Windows-TerminalServices-RemoteConnectionManager/Operational,341,4,,,,,,,
2026-06-03T20:32:40.856794Z,263,dc.danglingtree.htb,Microsoft-Windows-TerminalServices-RemoteConnectionManager,Microsoft-Windows-TerminalServices-RemoteConnectionManager/Operational,342,4,,,,,,,
2026-06-03T20:32:40.862992Z,263,dc.danglingtree.htb,Microsoft-Windows-TerminalServices-RemoteConnectionManager,Microsoft-Windows-TerminalServices-RemoteConnectionManager/Operational,343,4,,,,,,,
2026-06-03T20:32:40.865906Z,20524,dc.danglingtree.htb,Microsoft-Windows-TerminalServices-RemoteConnectionManager,Microsoft-Windows-TerminalServices-RemoteConnectionManager/Operational,344,4,,,,,,,
2026-06-05T23:37:46.392592Z,263,dc.danglingtree.htb,Microsoft-Windows-TerminalServices-RemoteConnectionManager,Microsoft-Windows-TerminalServices-RemoteConnectionManager/Operational,345,4,,,,,,,
2026-06-05T23:37:46.514394Z,20523,dc.danglingtree.htb,Microsoft-Windows-TerminalServices-RemoteConnectionManager,Microsoft-Windows-TerminalServices-RemoteConnectionManager/Operational,346,4,5828227C-20CF-4408-B73F-73AB70B8849F,RDP-Tcp,,,,Event_NS,
2026-06-05T23:37:47.927528Z,258,dc.danglingtree.htb,Microsoft-Windows-TerminalServices-RemoteConnectionManager,Microsoft-Windows-TerminalServices-RemoteConnectionManager/Operational,347,4,,,,,,Event_NS,RDP-Tcp
2026-06-05T23:37:49.300079Z,263,dc.danglingtree.htb,Microsoft-Windows-TerminalServices-RemoteConnectionManager,Microsoft-Windows-TerminalServices-RemoteConnectionManager/Operational,348,4,,,,,,,
2026-06-05T23:37:49.319337Z,263,dc.danglingtree.htb,Microsoft-Windows-TerminalServices-RemoteConnectionManager,Microsoft-Windows-TerminalServices-RemoteConnectionManager/Operational,349,4,,,,,,,
2026-06-05T23:37:49.328081Z,1136,dc.danglingtree.htb,Microsoft-Windows-TerminalServices-RemoteConnectionManager,Microsoft-Windows-TerminalServices-RemoteConnectionManager/Operational,350,4,,,,,,,
2026-06-05T23:37:49.356806Z,263,dc.danglingtree.htb,Microsoft-Windows-TerminalServices-RemoteConnectionManager,Microsoft-Windows-TerminalServices-RemoteConnectionManager/Operational,351,4,,,,,,,
2026-06-05T23:37:49.684988Z,263,dc.danglingtree.htb,Microsoft-Windows-TerminalServices-RemoteConnectionManager,Microsoft-Windows-TerminalServices-RemoteConnectionManager/Operational,352,4,,,,,,,
2026-06-05T23:37:49.711490Z,20524,dc.danglingtree.htb,Microsoft-Windows-TerminalServices-RemoteConnectionManager,Microsoft-Windows-TerminalServices-RemoteConnectionManager/Operational,353,4,,,,,,,
2026-06-05T23:37:49.735065Z,263,dc.danglingtree.htb,Microsoft-Windows-TerminalServices-RemoteConnectionManager,Microsoft-Windows-TerminalServices-RemoteConnectionManager/Operational,354,4,,,,,,,
2026-06-05T23:40:35.456056Z,263,dc.danglingtree.htb,Microsoft-Windows-TerminalServices-RemoteConnectionManager,Microsoft-Windows-TerminalServices-RemoteConnectionManager/Operational,355,4,,,,,,,
2026-06-05T23:57:06.599405Z,263,dc.danglingtree.htb,Microsoft-Windows-TerminalServices-RemoteConnectionManager,Microsoft-Windows-TerminalServices-RemoteConnectionManager/Operational,356,4,,,,,,,
2026-06-05T23:57:06.701497Z,20523,dc.danglingtree.htb,Microsoft-Windows-TerminalServices-RemoteConnectionManager,Microsoft-Windows-TerminalServices-RemoteConnectionManager/Operational,357,4,5828227C-20CF-4408-B73F-73AB70B8849F,RDP-Tcp,,,,Event_NS,
2026-06-05T23:57:08.559046Z,258,dc.danglingtree.htb,Microsoft-Windows-TerminalServices-RemoteConnectionManager,Microsoft-Windows-TerminalServices-RemoteConnectionManager/Operational,358,4,,,,,,Event_NS,RDP-Tcp
2026-06-05T23:57:09.970906Z,263,dc.danglingtree.htb,Microsoft-Windows-TerminalServices-RemoteConnectionManager,Microsoft-Windows-TerminalServices-RemoteConnectionManager/Operational,359,4,,,,,,,
2026-06-05T23:57:09.998046Z,263,dc.danglingtree.htb,Microsoft-Windows-TerminalServices-RemoteConnectionManager,Microsoft-Windows-TerminalServices-RemoteConnectionManager/Operational,360,4,,,,,,,
2026-06-05T23:57:10.045477Z,1136,dc.danglingtree.htb,Microsoft-Windows-TerminalServices-RemoteConnectionManager,Microsoft-Windows-TerminalServices-RemoteConnectionManager/Operational,361,4,,,,,,,
2026-06-05T23:57:10.075485Z,263,dc.danglingtree.htb,Microsoft-Windows-TerminalServices-RemoteConnectionManager,Microsoft-Windows-TerminalServices-RemoteConnectionManager/Operational,362,4,,,,,,,
2026-06-05T23:57:10.127965Z,20524,dc.danglingtree.htb,Microsoft-Windows-TerminalServices-RemoteConnectionManager,Microsoft-Windows-TerminalServices-RemoteConnectionManager/Operational,363,4,,,,,,,
2026-06-05T23:57:10.131692Z,263,dc.danglingtree.htb,Microsoft-Windows-TerminalServices-RemoteConnectionManager,Microsoft-Windows-TerminalServices-RemoteConnectionManager/Operational,364,4,,,,,,,
2026-06-05T23:57:10.403754Z,263,dc.danglingtree.htb,Microsoft-Windows-TerminalServices-RemoteConnectionManager,Microsoft-Windows-TerminalServices-RemoteConnectionManager/Operational,365,4,,,,,,,
2026-06-06T01:15:04.072757Z,263,dc.danglingtree.htb,Microsoft-Windows-TerminalServices-RemoteConnectionManager,Microsoft-Windows-TerminalServices-RemoteConnectionManager/Operational,366,4,,,,,,,
2026-06-06T03:56:51.720629Z,263,dc.danglingtree.htb,Microsoft-Windows-TerminalServices-RemoteConnectionManager,Microsoft-Windows-TerminalServices-RemoteConnectionManager/Operational,367,4,,,,,,,
2026-06-06T03:56:51.824658Z,20523,dc.danglingtree.htb,Microsoft-Windows-TerminalServices-RemoteConnectionManager,Microsoft-Windows-TerminalServices-RemoteConnectionManager/Operational,368,4,5828227C-20CF-4408-B73F-73AB70B8849F,RDP-Tcp,,,,Event_NS,
2026-06-06T03:56:53.980139Z,258,dc.danglingtree.htb,Microsoft-Windows-TerminalServices-RemoteConnectionManager,Microsoft-Windows-TerminalServices-RemoteConnectionManager/Operational,369,4,,,,,,Event_NS,RDP-Tcp
2026-06-06T03:56:55.605853Z,263,dc.danglingtree.htb,Microsoft-Windows-TerminalServices-RemoteConnectionManager,Microsoft-Windows-TerminalServices-RemoteConnectionManager/Operational,370,4,,,,,,,
2026-06-06T03:56:55.636841Z,263,dc.danglingtree.htb,Microsoft-Windows-TerminalServices-RemoteConnectionManager,Microsoft-Windows-TerminalServices-RemoteConnectionManager/Operational,371,4,,,,,,,
2026-06-06T03:56:55.658232Z,1136,dc.danglingtree.htb,Microsoft-Windows-TerminalServices-RemoteConnectionManager,Microsoft-Windows-TerminalServices-RemoteConnectionManager/Operational,372,4,,,,,,,
2026-06-06T03:56:55.676271Z,263,dc.danglingtree.htb,Microsoft-Windows-TerminalServices-RemoteConnectionManager,Microsoft-Windows-TerminalServices-RemoteConnectionManager/Operational,373,4,,,,,,,
2026-06-06T03:56:55.702225Z,20524,dc.danglingtree.htb,Microsoft-Windows-TerminalServices-RemoteConnectionManager,Microsoft-Windows-TerminalServices-RemoteConnectionManager/Operational,374,4,,,,,,,
2026-06-06T03:56:56.195919Z,263,dc.danglingtree.htb,Microsoft-Windows-TerminalServices-RemoteConnectionManager,Microsoft-Windows-TerminalServices-RemoteConnectionManager/Operational,375,4,,,,,,,
2026-06-06T03:56:56.248427Z,263,dc.danglingtree.htb,Microsoft-Windows-TerminalServices-RemoteConnectionManager,Microsoft-Windows-TerminalServices-RemoteConnectionManager/Operational,376,4,,,,,,,
2026-06-06T03:58:14.965267Z,263,dc.danglingtree.htb,Microsoft-Windows-TerminalServices-RemoteConnectionManager,Microsoft-Windows-TerminalServices-RemoteConnectionManager/Operational,377,4,,,,,,,
2026-06-06T04:03:37.375762Z,263,dc.danglingtree.htb,Microsoft-Windows-TerminalServices-RemoteConnectionManager,Microsoft-Windows-TerminalServices-RemoteConnectionManager/Operational,378,4,,,,,,,
2026-06-06T04:03:37.836645Z,20523,dc.danglingtree.htb,Microsoft-Windows-TerminalServices-RemoteConnectionManager,Microsoft-Windows-TerminalServices-RemoteConnectionManager/Operational,379,4,5828227C-20CF-4408-B73F-73AB70B8849F,RDP-Tcp,,,,Event_NS,
2026-06-06T04:03:39.339044Z,258,dc.danglingtree.htb,Microsoft-Windows-TerminalServices-RemoteConnectionManager,Microsoft-Windows-TerminalServices-RemoteConnectionManager/Operational,380,4,,,,,,Event_NS,RDP-Tcp
2026-06-06T04:03:40.731894Z,263,dc.danglingtree.htb,Microsoft-Windows-TerminalServices-RemoteConnectionManager,Microsoft-Windows-TerminalServices-RemoteConnectionManager/Operational,381,4,,,,,,,
2026-06-06T04:03:40.746742Z,263,dc.danglingtree.htb,Microsoft-Windows-TerminalServices-RemoteConnectionManager,Microsoft-Windows-TerminalServices-RemoteConnectionManager/Operational,382,4,,,,,,,
2026-06-06T04:03:41.031680Z,263,dc.danglingtree.htb,Microsoft-Windows-TerminalServices-RemoteConnectionManager,Microsoft-Windows-TerminalServices-RemoteConnectionManager/Operational,383,4,,,,,,,
2026-06-06T04:03:41.060232Z,263,dc.danglingtree.htb,Microsoft-Windows-TerminalServices-RemoteConnectionManager,Microsoft-Windows-TerminalServices-RemoteConnectionManager/Operational,384,4,,,,,,,
2026-06-06T04:03:41.095186Z,1136,dc.danglingtree.htb,Microsoft-Windows-TerminalServices-RemoteConnectionManager,Microsoft-Windows-TerminalServices-RemoteConnectionManager/Operational,385,4,,,,,,,
2026-06-06T04:03:41.142559Z,263,dc.danglingtree.htb,Microsoft-Windows-TerminalServices-RemoteConnectionManager,Microsoft-Windows-TerminalServices-RemoteConnectionManager/Operational,386,4,,,,,,,
2026-06-06T04:03:41.173335Z,20524,dc.danglingtree.htb,Microsoft-Windows-TerminalServices-RemoteConnectionManager,Microsoft-Windows-TerminalServices-RemoteConnectionManager/Operational,387,4,,,,,,,
2026-06-08T16:26:33.833163Z,263,dc.danglingtree.htb,Microsoft-Windows-TerminalServices-RemoteConnectionManager,Microsoft-Windows-TerminalServices-RemoteConnectionManager/Operational,388,4,,,,,,,
2026-06-08T16:26:33.970739Z,20523,dc.danglingtree.htb,Microsoft-Windows-TerminalServices-RemoteConnectionManager,Microsoft-Windows-TerminalServices-RemoteConnectionManager/Operational,389,4,5828227C-20CF-4408-B73F-73AB70B8849F,RDP-Tcp,,,,Event_NS,
2026-06-08T16:26:35.427448Z,258,dc.danglingtree.htb,Microsoft-Windows-TerminalServices-RemoteConnectionManager,Microsoft-Windows-TerminalServices-RemoteConnectionManager/Operational,390,4,,,,,,Event_NS,RDP-Tcp
2026-06-08T16:26:36.888935Z,263,dc.danglingtree.htb,Microsoft-Windows-TerminalServices-RemoteConnectionManager,Microsoft-Windows-TerminalServices-RemoteConnectionManager/Operational,391,4,,,,,,,
2026-06-08T16:26:36.905723Z,263,dc.danglingtree.htb,Microsoft-Windows-TerminalServices-RemoteConnectionManager,Microsoft-Windows-TerminalServices-RemoteConnectionManager/Operational,392,4,,,,,,,
2026-06-08T16:26:37.212784Z,1136,dc.danglingtree.htb,Microsoft-Windows-TerminalServices-RemoteConnectionManager,Microsoft-Windows-TerminalServices-RemoteConnectionManager/Operational,393,4,,,,,,,
2026-06-08T16:26:37.216657Z,263,dc.danglingtree.htb,Microsoft-Windows-TerminalServices-RemoteConnectionManager,Microsoft-Windows-TerminalServices-RemoteConnectionManager/Operational,394,4,,,,,,,
2026-06-08T16:26:37.229330Z,263,dc.danglingtree.htb,Microsoft-Windows-TerminalServices-RemoteConnectionManager,Microsoft-Windows-TerminalServices-RemoteConnectionManager/Operational,395,4,,,,,,,
2026-06-08T16:26:37.233485Z,263,dc.danglingtree.htb,Microsoft-Windows-TerminalServices-RemoteConnectionManager,Microsoft-Windows-TerminalServices-RemoteConnectionManager/Operational,396,4,,,,,,,
2026-06-08T16:26:37.303972Z,20524,dc.danglingtree.htb,Microsoft-Windows-TerminalServices-RemoteConnectionManager,Microsoft-Windows-TerminalServices-RemoteConnectionManager/Operational,397,4,,,,,,,
2026-06-08T16:30:16.726597Z,263,dc.danglingtree.htb,Microsoft-Windows-TerminalServices-RemoteConnectionManager,Microsoft-Windows-TerminalServices-RemoteConnectionManager/Operational,398,4,,,,,,,
2026-08-03T16:39:54.134012Z,263,dc.danglingtree.htb,Microsoft-Windows-TerminalServices-RemoteConnectionManager,Microsoft-Windows-TerminalServices-RemoteConnectionManager/Operational,399,4,,,,,,,
2026-08-03T16:39:54.662807Z,20523,dc.danglingtree.htb,Microsoft-Windows-TerminalServices-RemoteConnectionManager,Microsoft-Windows-TerminalServices-RemoteConnectionManager/Operational,400,4,5828227C-20CF-4408-B73F-73AB70B8849F,RDP-Tcp,,,,Event_NS,
2026-08-03T16:39:55.970167Z,258,dc.danglingtree.htb,Microsoft-Windows-TerminalServices-RemoteConnectionManager,Microsoft-Windows-TerminalServices-RemoteConnectionManager/Operational,401,4,,,,,,Event_NS,RDP-Tcp
2026-08-03T16:39:57.498856Z,263,dc.danglingtree.htb,Microsoft-Windows-TerminalServices-RemoteConnectionManager,Microsoft-Windows-TerminalServices-RemoteConnectionManager/Operational,402,4,,,,,,,
2026-08-03T16:39:57.804757Z,1136,dc.danglingtree.htb,Microsoft-Windows-TerminalServices-RemoteConnectionManager,Microsoft-Windows-TerminalServices-RemoteConnectionManager/Operational,403,4,,,,,,,
2026-08-03T16:39:57.807637Z,263,dc.danglingtree.htb,Microsoft-Windows-TerminalServices-RemoteConnectionManager,Microsoft-Windows-TerminalServices-RemoteConnectionManager/Operational,404,4,,,,,,,
2026-08-03T16:39:57.830333Z,263,dc.danglingtree.htb,Microsoft-Windows-TerminalServices-RemoteConnectionManager,Microsoft-Windows-TerminalServices-RemoteConnectionManager/Operational,405,4,,,,,,,
2026-08-03T16:39:57.832787Z,20524,dc.danglingtree.htb,Microsoft-Windows-TerminalServices-RemoteConnectionManager,Microsoft-Windows-TerminalServices-RemoteConnectionManager/Operational,406,4,,,,,,,
2026-08-03T16:39:57.865824Z,263,dc.danglingtree.htb,Microsoft-Windows-TerminalServices-RemoteConnectionManager,Microsoft-Windows-TerminalServices-RemoteConnectionManager/Operational,407,4,,,,,,,
2026-08-03T16:39:57.899821Z,263,dc.danglingtree.htb,Microsoft-Windows-TerminalServices-RemoteConnectionManager,Microsoft-Windows-TerminalServices-RemoteConnectionManager/Operational,408,4,,,,,,,
2026-08-03T16:42:32.292670Z,263,dc.danglingtree.htb,Microsoft-Windows-TerminalServices-RemoteConnectionManager,Microsoft-Windows-TerminalServices-RemoteConnectionManager/Operational,409,4,,,,,,,
2026-08-04T16:03:07.024098Z,263,dc.danglingtree.htb,Microsoft-Windows-TerminalServices-RemoteConnectionManager,Microsoft-Windows-TerminalServices-RemoteConnectionManager/Operational,410,4,,,,,,,
2026-08-04T16:03:07.445277Z,20523,dc.danglingtree.htb,Microsoft-Windows-TerminalServices-RemoteConnectionManager,Microsoft-Windows-TerminalServices-RemoteConnectionManager/Operational,411,4,5828227C-20CF-4408-B73F-73AB70B8849F,RDP-Tcp,,,,Event_NS,
2026-08-04T16:03:08.491070Z,258,dc.danglingtree.htb,Microsoft-Windows-TerminalServices-RemoteConnectionManager,Microsoft-Windows-TerminalServices-RemoteConnectionManager/Operational,412,4,,,,,,Event_NS,RDP-Tcp
2026-08-04T16:03:09.668022Z,263,dc.danglingtree.htb,Microsoft-Windows-TerminalServices-RemoteConnectionManager,Microsoft-Windows-TerminalServices-RemoteConnectionManager/Operational,413,4,,,,,,,
2026-08-04T16:03:10.120620Z,1136,dc.danglingtree.htb,Microsoft-Windows-TerminalServices-RemoteConnectionManager,Microsoft-Windows-TerminalServices-RemoteConnectionManager/Operational,414,4,,,,,,,
2026-08-04T16:03:10.132454Z,263,dc.danglingtree.htb,Microsoft-Windows-TerminalServices-RemoteConnectionManager,Microsoft-Windows-TerminalServices-RemoteConnectionManager/Operational,415,4,,,,,,,
2026-08-04T16:03:10.136653Z,263,dc.danglingtree.htb,Microsoft-Windows-TerminalServices-RemoteConnectionManager,Microsoft-Windows-TerminalServices-RemoteConnectionManager/Operational,416,4,,,,,,,
2026-08-04T16:03:10.173165Z,20524,dc.danglingtree.htb,Microsoft-Windows-TerminalServices-RemoteConnectionManager,Microsoft-Windows-TerminalServices-RemoteConnectionManager/Operational,417,4,,,,,,,
2026-08-04T16:03:10.201900Z,263,dc.danglingtree.htb,Microsoft-Windows-TerminalServices-RemoteConnectionManager,Microsoft-Windows-TerminalServices-RemoteConnectionManager/Operational,418,4,,,,,,,
2026-08-04T16:03:10.230692Z,263,dc.danglingtree.htb,Microsoft-Windows-TerminalServices-RemoteConnectionManager,Microsoft-Windows-TerminalServices-RemoteConnectionManager/Operational,419,4,,,,,,,
2026-08-05T02:48:59.832417Z,263,dc.danglingtree.htb,Microsoft-Windows-TerminalServices-RemoteConnectionManager,Microsoft-Windows-TerminalServices-RemoteConnectionManager/Operational,420,4,,,,,,,
2026-08-05T02:49:00.321718Z,20523,dc.danglingtree.htb,Microsoft-Windows-TerminalServices-RemoteConnectionManager,Microsoft-Windows-TerminalServices-RemoteConnectionManager/Operational,421,4,5828227C-20CF-4408-B73F-73AB70B8849F,RDP-Tcp,,,,Event_NS,
2026-08-05T02:49:01.729660Z,258,dc.danglingtree.htb,Microsoft-Windows-TerminalServices-RemoteConnectionManager,Microsoft-Windows-TerminalServices-RemoteConnectionManager/Operational,422,4,,,,,,Event_NS,RDP-Tcp
2026-08-05T02:49:03.323365Z,263,dc.danglingtree.htb,Microsoft-Windows-TerminalServices-RemoteConnectionManager,Microsoft-Windows-TerminalServices-RemoteConnectionManager/Operational,423,4,,,,,,,
2026-08-05T02:49:03.357722Z,263,dc.danglingtree.htb,Microsoft-Windows-TerminalServices-RemoteConnectionManager,Microsoft-Windows-TerminalServices-RemoteConnectionManager/Operational,424,4,,,,,,,
2026-08-05T02:49:03.380465Z,263,dc.danglingtree.htb,Microsoft-Windows-TerminalServices-RemoteConnectionManager,Microsoft-Windows-TerminalServices-RemoteConnectionManager/Operational,425,4,,,,,,,
2026-08-05T02:49:03.648644Z,1136,dc.danglingtree.htb,Microsoft-Windows-TerminalServices-RemoteConnectionManager,Microsoft-Windows-TerminalServices-RemoteConnectionManager/Operational,426,4,,,,,,,
2026-08-05T02:49:03.672593Z,20524,dc.danglingtree.htb,Microsoft-Windows-TerminalServices-RemoteConnectionManager,Microsoft-Windows-TerminalServices-RemoteConnectionManager/Operational,427,4,,,,,,,
2026-08-05T02:49:03.678823Z,263,dc.danglingtree.htb,Microsoft-Windows-TerminalServices-RemoteConnectionManager,Microsoft-Windows-TerminalServices-RemoteConnectionManager/Operational,428,4,,,,,,,
2026-08-05T02:49:03.689376Z,263,dc.danglingtree.htb,Microsoft-Windows-TerminalServices-RemoteConnectionManager,Microsoft-Windows-TerminalServices-RemoteConnectionManager/Operational,429,4,,,,,,,
2026-08-05T02:50:40.252403Z,263,dc.danglingtree.htb,Microsoft-Windows-TerminalServices-RemoteConnectionManager,Microsoft-Windows-TerminalServices-RemoteConnectionManager/Operational,430,4,,,,,,,
2026-08-05T03:13:06.929635Z,263,dc.danglingtree.htb,Microsoft-Windows-TerminalServices-RemoteConnectionManager,Microsoft-Windows-TerminalServices-RemoteConnectionManager/Operational,431,4,,,,,,,
2026-08-05T03:13:07.040971Z,20523,dc.danglingtree.htb,Microsoft-Windows-TerminalServices-RemoteConnectionManager,Microsoft-Windows-TerminalServices-RemoteConnectionManager/Operational,432,4,5828227C-20CF-4408-B73F-73AB70B8849F,RDP-Tcp,,,,Event_NS,
2026-08-05T03:13:08.849455Z,258,dc.danglingtree.htb,Microsoft-Windows-TerminalServices-RemoteConnectionManager,Microsoft-Windows-TerminalServices-RemoteConnectionManager/Operational,433,4,,,,,,Event_NS,RDP-Tcp
2026-08-05T03:13:10.716685Z,263,dc.danglingtree.htb,Microsoft-Windows-TerminalServices-RemoteConnectionManager,Microsoft-Windows-TerminalServices-RemoteConnectionManager/Operational,434,4,,,,,,,
2026-08-05T03:13:10.770289Z,1136,dc.danglingtree.htb,Microsoft-Windows-TerminalServices-RemoteConnectionManager,Microsoft-Windows-TerminalServices-RemoteConnectionManager/Operational,435,4,,,,,,,
2026-08-05T03:13:10.812745Z,263,dc.danglingtree.htb,Microsoft-Windows-TerminalServices-RemoteConnectionManager,Microsoft-Windows-TerminalServices-RemoteConnectionManager/Operational,436,4,,,,,,,
2026-08-05T03:13:11.101160Z,263,dc.danglingtree.htb,Microsoft-Windows-TerminalServices-RemoteConnectionManager,Microsoft-Windows-TerminalServices-RemoteConnectionManager/Operational,437,4,,,,,,,
2026-08-05T03:13:11.142984Z,263,dc.danglingtree.htb,Microsoft-Windows-TerminalServices-RemoteConnectionManager,Microsoft-Windows-TerminalServices-RemoteConnectionManager/Operational,438,4,,,,,,,
2026-08-05T03:13:11.150597Z,263,dc.danglingtree.htb,Microsoft-Windows-TerminalServices-RemoteConnectionManager,Microsoft-Windows-TerminalServices-RemoteConnectionManager/Operational,439,4,,,,,,,
2026-08-05T03:13:11.241221Z,20524,dc.danglingtree.htb,Microsoft-Windows-TerminalServices-RemoteConnectionManager,Microsoft-Windows-TerminalServices-RemoteConnectionManager/Operational,440,4,,,,,,,
2026-08-05T03:24:36.475707Z,263,dc.danglingtree.htb,Microsoft-Windows-TerminalServices-RemoteConnectionManager,Microsoft-Windows-TerminalServices-RemoteConnectionManager/Operational,441,4,,,,,,,
2026-08-05T03:24:36.895624Z,20523,dc.danglingtree.htb,Microsoft-Windows-TerminalServices-RemoteConnectionManager,Microsoft-Windows-TerminalServices-RemoteConnectionManager/Operational,442,4,5828227C-20CF-4408-B73F-73AB70B8849F,RDP-Tcp,,,,Event_NS,
2026-08-05T03:24:38.363920Z,258,dc.danglingtree.htb,Microsoft-Windows-TerminalServices-RemoteConnectionManager,Microsoft-Windows-TerminalServices-RemoteConnectionManager/Operational,443,4,,,,,,Event_NS,RDP-Tcp
2026-08-05T03:24:39.701334Z,263,dc.danglingtree.htb,Microsoft-Windows-TerminalServices-RemoteConnectionManager,Microsoft-Windows-TerminalServices-RemoteConnectionManager/Operational,444,4,,,,,,,
2026-08-05T03:24:39.710011Z,263,dc.danglingtree.htb,Microsoft-Windows-TerminalServices-RemoteConnectionManager,Microsoft-Windows-TerminalServices-RemoteConnectionManager/Operational,445,4,,,,,,,
2026-08-05T03:24:39.717401Z,263,dc.danglingtree.htb,Microsoft-Windows-TerminalServices-RemoteConnectionManager,Microsoft-Windows-TerminalServices-RemoteConnectionManager/Operational,446,4,,,,,,,
2026-08-05T03:24:39.725127Z,263,dc.danglingtree.htb,Microsoft-Windows-TerminalServices-RemoteConnectionManager,Microsoft-Windows-TerminalServices-RemoteConnectionManager/Operational,447,4,,,,,,,
2026-08-05T03:24:39.860373Z,1136,dc.danglingtree.htb,Microsoft-Windows-TerminalServices-RemoteConnectionManager,Microsoft-Windows-TerminalServices-RemoteConnectionManager/Operational,448,4,,,,,,,
2026-08-05T03:24:39.876238Z,263,dc.danglingtree.htb,Microsoft-Windows-TerminalServices-RemoteConnectionManager,Microsoft-Windows-TerminalServices-RemoteConnectionManager/Operational,449,4,,,,,,,
2026-08-05T03:24:39.900120Z,20524,dc.danglingtree.htb,Microsoft-Windows-TerminalServices-RemoteConnectionManager,Microsoft-Windows-TerminalServices-RemoteConnectionManager/Operational,450,4,,,,,,,
2026-08-05T05:28:00.387809Z,263,dc.danglingtree.htb,Microsoft-Windows-TerminalServices-RemoteConnectionManager,Microsoft-Windows-TerminalServices-RemoteConnectionManager/Operational,451,4,,,,,,,
2026-08-05T05:28:00.871329Z,20523,dc.danglingtree.htb,Microsoft-Windows-TerminalServices-RemoteConnectionManager,Microsoft-Windows-TerminalServices-RemoteConnectionManager/Operational,452,4,5828227C-20CF-4408-B73F-73AB70B8849F,RDP-Tcp,,,,Event_NS,
2026-08-05T05:28:02.629384Z,258,dc.danglingtree.htb,Microsoft-Windows-TerminalServices-RemoteConnectionManager,Microsoft-Windows-TerminalServices-RemoteConnectionManager/Operational,453,4,,,,,,Event_NS,RDP-Tcp
2026-08-05T05:28:04.162968Z,263,dc.danglingtree.htb,Microsoft-Windows-TerminalServices-RemoteConnectionManager,Microsoft-Windows-TerminalServices-RemoteConnectionManager/Operational,454,4,,,,,,,
2026-08-05T05:28:04.193483Z,1136,dc.danglingtree.htb,Microsoft-Windows-TerminalServices-RemoteConnectionManager,Microsoft-Windows-TerminalServices-RemoteConnectionManager/Operational,455,4,,,,,,,
2026-08-05T05:28:04.209164Z,263,dc.danglingtree.htb,Microsoft-Windows-TerminalServices-RemoteConnectionManager,Microsoft-Windows-TerminalServices-RemoteConnectionManager/Operational,456,4,,,,,,,
2026-08-05T05:28:04.260332Z,263,dc.danglingtree.htb,Microsoft-Windows-TerminalServices-RemoteConnectionManager,Microsoft-Windows-TerminalServices-RemoteConnectionManager/Operational,457,4,,,,,,,
2026-08-05T05:28:04.262823Z,20524,dc.danglingtree.htb,Microsoft-Windows-TerminalServices-RemoteConnectionManager,Microsoft-Windows-TerminalServices-RemoteConnectionManager/Operational,458,4,,,,,,,
2026-08-05T05:28:04.302508Z,263,dc.danglingtree.htb,Microsoft-Windows-TerminalServices-RemoteConnectionManager,Microsoft-Windows-TerminalServices-RemoteConnectionManager/Operational,459,4,,,,,,,
2026-08-05T05:28:04.318370Z,263,dc.danglingtree.htb,Microsoft-Windows-TerminalServices-RemoteConnectionManager,Microsoft-Windows-TerminalServices-RemoteConnectionManager/Operational,460,4,,,,,,,
2026-08-05T05:42:41.049937Z,263,dc.danglingtree.htb,Microsoft-Windows-TerminalServices-RemoteConnectionManager,Microsoft-Windows-TerminalServices-RemoteConnectionManager/Operational,461,4,,,,,,,
2026-08-05T05:42:41.415910Z,20523,dc.danglingtree.htb,Microsoft-Windows-TerminalServices-RemoteConnectionManager,Microsoft-Windows-TerminalServices-RemoteConnectionManager/Operational,462,4,5828227C-20CF-4408-B73F-73AB70B8849F,RDP-Tcp,,,,Event_NS,
2026-08-05T05:42:42.839430Z,258,dc.danglingtree.htb,Microsoft-Windows-TerminalServices-RemoteConnectionManager,Microsoft-Windows-TerminalServices-RemoteConnectionManager/Operational,463,4,,,,,,Event_NS,RDP-Tcp
2026-08-05T05:42:44.259354Z,263,dc.danglingtree.htb,Microsoft-Windows-TerminalServices-RemoteConnectionManager,Microsoft-Windows-TerminalServices-RemoteConnectionManager/Operational,464,4,,,,,,,
2026-08-05T05:42:44.265317Z,263,dc.danglingtree.htb,Microsoft-Windows-TerminalServices-RemoteConnectionManager,Microsoft-Windows-TerminalServices-RemoteConnectionManager/Operational,465,4,,,,,,,
2026-08-05T05:42:44.268997Z,263,dc.danglingtree.htb,Microsoft-Windows-TerminalServices-RemoteConnectionManager,Microsoft-Windows-TerminalServices-RemoteConnectionManager/Operational,466,4,,,,,,,
2026-08-05T05:42:44.280549Z,263,dc.danglingtree.htb,Microsoft-Windows-TerminalServices-RemoteConnectionManager,Microsoft-Windows-TerminalServices-RemoteConnectionManager/Operational,467,4,,,,,,,
2026-08-05T05:42:44.581184Z,1136,dc.danglingtree.htb,Microsoft-Windows-TerminalServices-RemoteConnectionManager,Microsoft-Windows-TerminalServices-RemoteConnectionManager/Operational,468,4,,,,,,,
2026-08-05T05:42:44.602253Z,263,dc.danglingtree.htb,Microsoft-Windows-TerminalServices-RemoteConnectionManager,Microsoft-Windows-TerminalServices-RemoteConnectionManager/Operational,469,4,,,,,,,
2026-08-05T05:42:44.633593Z,20524,dc.danglingtree.htb,Microsoft-Windows-TerminalServices-RemoteConnectionManager,Microsoft-Windows-TerminalServices-RemoteConnectionManager/Operational,470,4,,,,,,,
2026-08-06T15:17:23.154548Z,263,dc.danglingtree.htb,Microsoft-Windows-TerminalServices-RemoteConnectionManager,Microsoft-Windows-TerminalServices-RemoteConnectionManager/Operational,471,4,,,,,,,
2026-08-06T15:17:23.387508Z,20523,dc.danglingtree.htb,Microsoft-Windows-TerminalServices-RemoteConnectionManager,Microsoft-Windows-TerminalServices-RemoteConnectionManager/Operational,472,4,5828227C-20CF-4408-B73F-73AB70B8849F,RDP-Tcp,,,,Event_NS,
2026-08-06T15:17:24.646267Z,258,dc.danglingtree.htb,Microsoft-Windows-TerminalServices-RemoteConnectionManager,Microsoft-Windows-TerminalServices-RemoteConnectionManager/Operational,473,4,,,,,,Event_NS,RDP-Tcp
2026-08-06T15:17:26.797142Z,263,dc.danglingtree.htb,Microsoft-Windows-TerminalServices-RemoteConnectionManager,Microsoft-Windows-TerminalServices-RemoteConnectionManager/Operational,474,4,,,,,,,
2026-08-06T15:17:26.886150Z,263,dc.danglingtree.htb,Microsoft-Windows-TerminalServices-RemoteConnectionManager,Microsoft-Windows-TerminalServices-RemoteConnectionManager/Operational,475,4,,,,,,,
2026-08-06T15:17:26.927702Z,263,dc.danglingtree.htb,Microsoft-Windows-TerminalServices-RemoteConnectionManager,Microsoft-Windows-TerminalServices-RemoteConnectionManager/Operational,476,4,,,,,,,
2026-08-06T15:17:26.950482Z,263,dc.danglingtree.htb,Microsoft-Windows-TerminalServices-RemoteConnectionManager,Microsoft-Windows-TerminalServices-RemoteConnectionManager/Operational,477,4,,,,,,,
2026-08-06T15:17:26.957505Z,1136,dc.danglingtree.htb,Microsoft-Windows-TerminalServices-RemoteConnectionManager,Microsoft-Windows-TerminalServices-RemoteConnectionManager/Operational,478,4,,,,,,,
2026-08-06T15:17:27.010053Z,263,dc.danglingtree.htb,Microsoft-Windows-TerminalServices-RemoteConnectionManager,Microsoft-Windows-TerminalServices-RemoteConnectionManager/Operational,479,4,,,,,,,
2026-08-06T15:17:27.042270Z,20524,dc.danglingtree.htb,Microsoft-Windows-TerminalServices-RemoteConnectionManager,Microsoft-Windows-TerminalServices-RemoteConnectionManager/Operational,480,4,,,,,,,
2026-08-06T15:24:25.104960Z,263,dc.danglingtree.htb,Microsoft-Windows-TerminalServices-RemoteConnectionManager,Microsoft-Windows-TerminalServices-RemoteConnectionManager/Operational,481,4,,,,,,,
2026-08-11T09:49:33.106644Z,263,dc.danglingtree.htb,Microsoft-Windows-TerminalServices-RemoteConnectionManager,Microsoft-Windows-TerminalServices-RemoteConnectionManager/Operational,482,4,,,,,,,
2026-08-11T09:49:33.486572Z,20523,dc.danglingtree.htb,Microsoft-Windows-TerminalServices-RemoteConnectionManager,Microsoft-Windows-TerminalServices-RemoteConnectionManager/Operational,483,4,5828227C-20CF-4408-B73F-73AB70B8849F,RDP-Tcp,,,,Event_NS,
2026-08-11T09:49:34.560238Z,258,dc.danglingtree.htb,Microsoft-Windows-TerminalServices-RemoteConnectionManager,Microsoft-Windows-TerminalServices-RemoteConnectionManager/Operational,484,4,,,,,,Event_NS,RDP-Tcp
2026-08-11T09:49:36.282432Z,263,dc.danglingtree.htb,Microsoft-Windows-TerminalServices-RemoteConnectionManager,Microsoft-Windows-TerminalServices-RemoteConnectionManager/Operational,485,4,,,,,,,
2026-08-11T09:49:36.286881Z,263,dc.danglingtree.htb,Microsoft-Windows-TerminalServices-RemoteConnectionManager,Microsoft-Windows-TerminalServices-RemoteConnectionManager/Operational,486,4,,,,,,,
2026-08-11T09:49:36.291680Z,263,dc.danglingtree.htb,Microsoft-Windows-TerminalServices-RemoteConnectionManager,Microsoft-Windows-TerminalServices-RemoteConnectionManager/Operational,487,4,,,,,,,
2026-08-11T09:49:36.304073Z,263,dc.danglingtree.htb,Microsoft-Windows-TerminalServices-RemoteConnectionManager,Microsoft-Windows-TerminalServices-RemoteConnectionManager/Operational,488,4,,,,,,,
2026-08-11T09:49:37.116569Z,1136,dc.danglingtree.htb,Microsoft-Windows-TerminalServices-RemoteConnectionManager,Microsoft-Windows-TerminalServices-RemoteConnectionManager/Operational,489,4,,,,,,,
2026-08-11T09:49:37.280171Z,263,dc.danglingtree.htb,Microsoft-Windows-TerminalServices-RemoteConnectionManager,Microsoft-Windows-TerminalServices-RemoteConnectionManager/Operational,490,4,,,,,,,
2026-08-11T09:49:37.289120Z,20524,dc.danglingtree.htb,Microsoft-Windows-TerminalServices-RemoteConnectionManager,Microsoft-Windows-TerminalServices-RemoteConnectionManager/Operational,491,4,,,,,,,
2026-08-11T09:50:34.880831Z,263,dc.danglingtree.htb,Microsoft-Windows-TerminalServices-RemoteConnectionManager,Microsoft-Windows-TerminalServices-RemoteConnectionManager/Operational,492,4,,,,,,,
2026-08-11T09:50:47.956908Z,263,dc.danglingtree.htb,Microsoft-Windows-TerminalServices-RemoteConnectionManager,Microsoft-Windows-TerminalServices-RemoteConnectionManager/Operational,493,4,,,,,,,
2026-08-11T09:51:01.164377Z,263,dc.danglingtree.htb,Microsoft-Windows-TerminalServices-RemoteConnectionManager,Microsoft-Windows-TerminalServices-RemoteConnectionManager/Operational,494,4,,,,,,,
2026-08-11T11:12:15.060485Z,261,dc.danglingtree.htb,Microsoft-Windows-TerminalServices-RemoteConnectionManager,Microsoft-Windows-TerminalServices-RemoteConnectionManager/Operational,495,4,,,,,,Event_NS,RDP-Tcp
2026-08-11T11:12:20.193669Z,261,dc.danglingtree.htb,Microsoft-Windows-TerminalServices-RemoteConnectionManager,Microsoft-Windows-TerminalServices-RemoteConnectionManager/Operational,496,4,,,,,,Event_NS,RDP-Tcp
2026-08-11T11:12:56.474543Z,261,dc.danglingtree.htb,Microsoft-Windows-TerminalServices-RemoteConnectionManager,Microsoft-Windows-TerminalServices-RemoteConnectionManager/Operational,497,4,,,,,,Event_NS,RDP-Tcp
2026-08-11T11:12:56.481321Z,261,dc.danglingtree.htb,Microsoft-Windows-TerminalServices-RemoteConnectionManager,Microsoft-Windows-TerminalServices-RemoteConnectionManager/Operational,498,4,,,,,,Event_NS,RDP-Tcp
2026-08-11T11:13:36.511579Z,261,dc.danglingtree.htb,Microsoft-Windows-TerminalServices-RemoteConnectionManager,Microsoft-Windows-TerminalServices-RemoteConnectionManager/Operational,499,4,,,,,,Event_NS,RDP-Tcp
2026-08-11T11:13:36.574743Z,261,dc.danglingtree.htb,Microsoft-Windows-TerminalServices-RemoteConnectionManager,Microsoft-Windows-TerminalServices-RemoteConnectionManager/Operational,500,4,,,,,,Event_NS,RDP-Tcp
2026-08-11T11:13:36.577445Z,261,dc.danglingtree.htb,Microsoft-Windows-TerminalServices-RemoteConnectionManager,Microsoft-Windows-TerminalServices-RemoteConnectionManager/Operational,501,4,,,,,,Event_NS,RDP-Tcp
2026-08-11T11:13:36.857919Z,261,dc.danglingtree.htb,Microsoft-Windows-TerminalServices-RemoteConnectionManager,Microsoft-Windows-TerminalServices-RemoteConnectionManager/Operational,502,4,,,,,,Event_NS,RDP-Tcp
2026-08-11T11:13:37.379041Z,261,dc.danglingtree.htb,Microsoft-Windows-TerminalServices-RemoteConnectionManager,Microsoft-Windows-TerminalServices-RemoteConnectionManager/Operational,503,4,,,,,,Event_NS,RDP-Tcp
2026-08-11T11:13:38.239526Z,261,dc.danglingtree.htb,Microsoft-Windows-TerminalServices-RemoteConnectionManager,Microsoft-Windows-TerminalServices-RemoteConnectionManager/Operational,504,4,,,,,,Event_NS,RDP-Tcp
