TimeGenerated,EventID,Computer,Provider,Channel,RecordID,Level,applicationID,className,destination,namespaceName,operationName,operationType,resourceUri
2026-03-26T06:17:14.362889Z,145,dc.danglingtree.htb,Microsoft-Windows-WinRM,Microsoft-Windows-WinRM/Operational,1077,4,,,,,Enumeration,,http://schemas.microsoft.com/wbem/wsman/1/Config/Plugin
2026-03-26T06:17:14.366240Z,254,dc.danglingtree.htb,Microsoft-Windows-WinRM,Microsoft-Windows-WinRM/Operational,1078,4,,,,,,,
2026-03-26T06:17:14.366241Z,132,dc.danglingtree.htb,Microsoft-Windows-WinRM,Microsoft-Windows-WinRM/Operational,1079,4,,,,,Enumeration,,
2026-03-26T06:17:14.367488Z,145,dc.danglingtree.htb,Microsoft-Windows-WinRM,Microsoft-Windows-WinRM/Operational,1080,4,,,,,Enumeration,,http://schemas.microsoft.com/wbem/wsman/1/Config/Plugin
2026-03-26T06:17:14.370517Z,254,dc.danglingtree.htb,Microsoft-Windows-WinRM,Microsoft-Windows-WinRM/Operational,1081,4,,,,,,,
2026-03-26T06:17:14.370519Z,132,dc.danglingtree.htb,Microsoft-Windows-WinRM,Microsoft-Windows-WinRM/Operational,1082,4,,,,,Enumeration,,
2026-03-26T06:17:14.372398Z,145,dc.danglingtree.htb,Microsoft-Windows-WinRM,Microsoft-Windows-WinRM/Operational,1083,4,,,,,Enumeration,,http://schemas.microsoft.com/wbem/wsman/1/Config/Plugin
2026-03-26T06:17:14.375745Z,254,dc.danglingtree.htb,Microsoft-Windows-WinRM,Microsoft-Windows-WinRM/Operational,1084,4,,,,,,,
2026-03-26T06:17:14.375746Z,132,dc.danglingtree.htb,Microsoft-Windows-WinRM,Microsoft-Windows-WinRM/Operational,1085,4,,,,,Enumeration,,
2026-03-26T06:17:14.376920Z,145,dc.danglingtree.htb,Microsoft-Windows-WinRM,Microsoft-Windows-WinRM/Operational,1086,4,,,,,Enumeration,,http://schemas.microsoft.com/wbem/wsman/1/Config/Plugin
2026-03-26T06:17:14.380882Z,254,dc.danglingtree.htb,Microsoft-Windows-WinRM,Microsoft-Windows-WinRM/Operational,1087,4,,,,,,,
2026-03-26T06:17:14.380884Z,132,dc.danglingtree.htb,Microsoft-Windows-WinRM,Microsoft-Windows-WinRM/Operational,1088,4,,,,,Enumeration,,
2026-03-26T06:17:14.381992Z,145,dc.danglingtree.htb,Microsoft-Windows-WinRM,Microsoft-Windows-WinRM/Operational,1089,4,,,,,Enumeration,,http://schemas.microsoft.com/wbem/wsman/1/Config/Plugin
2026-03-26T06:17:14.384762Z,254,dc.danglingtree.htb,Microsoft-Windows-WinRM,Microsoft-Windows-WinRM/Operational,1090,4,,,,,,,
2026-03-26T06:17:14.384763Z,132,dc.danglingtree.htb,Microsoft-Windows-WinRM,Microsoft-Windows-WinRM/Operational,1091,4,,,,,Enumeration,,
2026-03-26T06:17:14.386731Z,145,dc.danglingtree.htb,Microsoft-Windows-WinRM,Microsoft-Windows-WinRM/Operational,1092,4,,,,,Enumeration,,http://schemas.microsoft.com/wbem/wsman/1/Config/Plugin
2026-03-26T06:17:14.389255Z,254,dc.danglingtree.htb,Microsoft-Windows-WinRM,Microsoft-Windows-WinRM/Operational,1093,4,,,,,,,
2026-03-26T06:17:14.389256Z,132,dc.danglingtree.htb,Microsoft-Windows-WinRM,Microsoft-Windows-WinRM/Operational,1094,4,,,,,Enumeration,,
2026-03-26T06:17:14.391024Z,145,dc.danglingtree.htb,Microsoft-Windows-WinRM,Microsoft-Windows-WinRM/Operational,1095,4,,,,,Enumeration,,http://schemas.microsoft.com/wbem/wsman/1/Config/Plugin
2026-03-26T06:17:14.393952Z,254,dc.danglingtree.htb,Microsoft-Windows-WinRM,Microsoft-Windows-WinRM/Operational,1096,4,,,,,,,
2026-03-26T06:17:14.393953Z,132,dc.danglingtree.htb,Microsoft-Windows-WinRM,Microsoft-Windows-WinRM/Operational,1097,4,,,,,Enumeration,,
2026-03-26T06:17:14.401955Z,145,dc.danglingtree.htb,Microsoft-Windows-WinRM,Microsoft-Windows-WinRM/Operational,1098,4,,,,,Get,,http://schemas.microsoft.com/wbem/wsman/1/Config/Plugin
2026-03-26T06:17:14.403235Z,254,dc.danglingtree.htb,Microsoft-Windows-WinRM,Microsoft-Windows-WinRM/Operational,1099,4,,,,,,,
2026-03-26T06:17:14.403236Z,132,dc.danglingtree.htb,Microsoft-Windows-WinRM,Microsoft-Windows-WinRM/Operational,1100,4,,,,,Get,,
2026-03-26T06:17:14.404317Z,145,dc.danglingtree.htb,Microsoft-Windows-WinRM,Microsoft-Windows-WinRM/Operational,1101,4,,,,,Enumeration,,http://schemas.microsoft.com/wbem/wsman/1/Config/Plugin
2026-03-26T06:17:14.406871Z,254,dc.danglingtree.htb,Microsoft-Windows-WinRM,Microsoft-Windows-WinRM/Operational,1102,4,,,,,,,
2026-03-26T06:17:14.406872Z,132,dc.danglingtree.htb,Microsoft-Windows-WinRM,Microsoft-Windows-WinRM/Operational,1103,4,,,,,Enumeration,,
2026-03-26T06:17:14.407831Z,145,dc.danglingtree.htb,Microsoft-Windows-WinRM,Microsoft-Windows-WinRM/Operational,1104,4,,,,,Enumeration,,http://schemas.microsoft.com/wbem/wsman/1/Config/Plugin
2026-03-26T06:17:14.410547Z,254,dc.danglingtree.htb,Microsoft-Windows-WinRM,Microsoft-Windows-WinRM/Operational,1105,4,,,,,,,
2026-03-26T06:17:14.410548Z,132,dc.danglingtree.htb,Microsoft-Windows-WinRM,Microsoft-Windows-WinRM/Operational,1106,4,,,,,Enumeration,,
2026-03-26T06:17:14.412249Z,145,dc.danglingtree.htb,Microsoft-Windows-WinRM,Microsoft-Windows-WinRM/Operational,1107,4,,,,,Enumeration,,http://schemas.microsoft.com/wbem/wsman/1/Config/Plugin
2026-03-26T06:17:14.415085Z,254,dc.danglingtree.htb,Microsoft-Windows-WinRM,Microsoft-Windows-WinRM/Operational,1108,4,,,,,,,
2026-03-26T06:17:14.415086Z,132,dc.danglingtree.htb,Microsoft-Windows-WinRM,Microsoft-Windows-WinRM/Operational,1109,4,,,,,Enumeration,,
2026-03-26T06:17:14.416299Z,145,dc.danglingtree.htb,Microsoft-Windows-WinRM,Microsoft-Windows-WinRM/Operational,1110,4,,,,,Enumeration,,http://schemas.microsoft.com/wbem/wsman/1/Config/Plugin
2026-03-26T06:17:14.419553Z,254,dc.danglingtree.htb,Microsoft-Windows-WinRM,Microsoft-Windows-WinRM/Operational,1111,4,,,,,,,
2026-03-26T06:17:14.419555Z,132,dc.danglingtree.htb,Microsoft-Windows-WinRM,Microsoft-Windows-WinRM/Operational,1112,4,,,,,Enumeration,,
2026-03-26T06:17:14.420507Z,145,dc.danglingtree.htb,Microsoft-Windows-WinRM,Microsoft-Windows-WinRM/Operational,1113,4,,,,,Enumeration,,http://schemas.microsoft.com/wbem/wsman/1/Config/Plugin
2026-03-26T06:17:14.422890Z,254,dc.danglingtree.htb,Microsoft-Windows-WinRM,Microsoft-Windows-WinRM/Operational,1114,4,,,,,,,
2026-03-26T06:17:14.422892Z,132,dc.danglingtree.htb,Microsoft-Windows-WinRM,Microsoft-Windows-WinRM/Operational,1115,4,,,,,Enumeration,,
2026-03-26T06:17:14.424530Z,145,dc.danglingtree.htb,Microsoft-Windows-WinRM,Microsoft-Windows-WinRM/Operational,1116,4,,,,,Enumeration,,http://schemas.microsoft.com/wbem/wsman/1/Config/Plugin
2026-03-26T06:17:14.427360Z,254,dc.danglingtree.htb,Microsoft-Windows-WinRM,Microsoft-Windows-WinRM/Operational,1117,4,,,,,,,
2026-03-26T06:17:14.427362Z,132,dc.danglingtree.htb,Microsoft-Windows-WinRM,Microsoft-Windows-WinRM/Operational,1118,4,,,,,Enumeration,,
2026-03-26T06:17:14.429482Z,145,dc.danglingtree.htb,Microsoft-Windows-WinRM,Microsoft-Windows-WinRM/Operational,1119,4,,,,,Enumeration,,http://schemas.microsoft.com/wbem/wsman/1/Config/Plugin
2026-03-26T06:17:14.433020Z,254,dc.danglingtree.htb,Microsoft-Windows-WinRM,Microsoft-Windows-WinRM/Operational,1120,4,,,,,,,
2026-03-26T06:17:14.433021Z,132,dc.danglingtree.htb,Microsoft-Windows-WinRM,Microsoft-Windows-WinRM/Operational,1121,4,,,,,Enumeration,,
2026-03-26T06:17:14.435061Z,145,dc.danglingtree.htb,Microsoft-Windows-WinRM,Microsoft-Windows-WinRM/Operational,1122,4,,,,,Enumeration,,http://schemas.microsoft.com/wbem/wsman/1/Config/Plugin
2026-03-26T06:17:14.438810Z,254,dc.danglingtree.htb,Microsoft-Windows-WinRM,Microsoft-Windows-WinRM/Operational,1123,4,,,,,,,
2026-03-26T06:17:14.438812Z,132,dc.danglingtree.htb,Microsoft-Windows-WinRM,Microsoft-Windows-WinRM/Operational,1124,4,,,,,Enumeration,,
2026-03-26T06:17:14.439866Z,145,dc.danglingtree.htb,Microsoft-Windows-WinRM,Microsoft-Windows-WinRM/Operational,1125,4,,,,,Enumeration,,http://schemas.microsoft.com/wbem/wsman/1/Config/Plugin
2026-03-26T06:17:14.444420Z,254,dc.danglingtree.htb,Microsoft-Windows-WinRM,Microsoft-Windows-WinRM/Operational,1126,4,,,,,,,
2026-03-26T06:17:14.444421Z,132,dc.danglingtree.htb,Microsoft-Windows-WinRM,Microsoft-Windows-WinRM/Operational,1127,4,,,,,Enumeration,,
2026-03-26T06:17:14.446163Z,145,dc.danglingtree.htb,Microsoft-Windows-WinRM,Microsoft-Windows-WinRM/Operational,1128,4,,,,,Enumeration,,http://schemas.microsoft.com/wbem/wsman/1/Config/Plugin
2026-03-26T06:17:14.449607Z,254,dc.danglingtree.htb,Microsoft-Windows-WinRM,Microsoft-Windows-WinRM/Operational,1129,4,,,,,,,
2026-03-26T06:17:14.449608Z,132,dc.danglingtree.htb,Microsoft-Windows-WinRM,Microsoft-Windows-WinRM/Operational,1130,4,,,,,Enumeration,,
2026-03-26T06:17:14.452608Z,145,dc.danglingtree.htb,Microsoft-Windows-WinRM,Microsoft-Windows-WinRM/Operational,1131,4,,,,,Enumeration,,http://schemas.microsoft.com/wbem/wsman/1/Config/Plugin
2026-03-26T06:17:14.456830Z,254,dc.danglingtree.htb,Microsoft-Windows-WinRM,Microsoft-Windows-WinRM/Operational,1132,4,,,,,,,
2026-03-26T06:17:14.456832Z,132,dc.danglingtree.htb,Microsoft-Windows-WinRM,Microsoft-Windows-WinRM/Operational,1133,4,,,,,Enumeration,,
2026-03-26T06:17:14.458455Z,145,dc.danglingtree.htb,Microsoft-Windows-WinRM,Microsoft-Windows-WinRM/Operational,1134,4,,,,,Enumeration,,http://schemas.microsoft.com/wbem/wsman/1/Config/Plugin
2026-03-26T06:17:14.461963Z,254,dc.danglingtree.htb,Microsoft-Windows-WinRM,Microsoft-Windows-WinRM/Operational,1135,4,,,,,,,
2026-03-26T06:17:14.461964Z,132,dc.danglingtree.htb,Microsoft-Windows-WinRM,Microsoft-Windows-WinRM/Operational,1136,4,,,,,Enumeration,,
2026-03-26T06:17:14.463910Z,145,dc.danglingtree.htb,Microsoft-Windows-WinRM,Microsoft-Windows-WinRM/Operational,1137,4,,,,,Enumeration,,http://schemas.microsoft.com/wbem/wsman/1/Config/Plugin
2026-03-26T06:17:14.467340Z,254,dc.danglingtree.htb,Microsoft-Windows-WinRM,Microsoft-Windows-WinRM/Operational,1138,4,,,,,,,
2026-03-26T06:17:14.467341Z,132,dc.danglingtree.htb,Microsoft-Windows-WinRM,Microsoft-Windows-WinRM/Operational,1139,4,,,,,Enumeration,,
2026-03-26T06:17:14.469054Z,145,dc.danglingtree.htb,Microsoft-Windows-WinRM,Microsoft-Windows-WinRM/Operational,1140,4,,,,,Enumeration,,http://schemas.microsoft.com/wbem/wsman/1/Config/Plugin
2026-03-26T06:17:14.471701Z,254,dc.danglingtree.htb,Microsoft-Windows-WinRM,Microsoft-Windows-WinRM/Operational,1141,4,,,,,,,
2026-03-26T06:17:14.471702Z,132,dc.danglingtree.htb,Microsoft-Windows-WinRM,Microsoft-Windows-WinRM/Operational,1142,4,,,,,Enumeration,,
2026-03-26T06:17:14.473090Z,145,dc.danglingtree.htb,Microsoft-Windows-WinRM,Microsoft-Windows-WinRM/Operational,1143,4,,,,,Enumeration,,http://schemas.microsoft.com/wbem/wsman/1/Config/Plugin
2026-03-26T06:17:14.476202Z,254,dc.danglingtree.htb,Microsoft-Windows-WinRM,Microsoft-Windows-WinRM/Operational,1144,4,,,,,,,
2026-03-26T06:17:14.476204Z,132,dc.danglingtree.htb,Microsoft-Windows-WinRM,Microsoft-Windows-WinRM/Operational,1145,4,,,,,Enumeration,,
2026-03-26T06:17:14.478017Z,145,dc.danglingtree.htb,Microsoft-Windows-WinRM,Microsoft-Windows-WinRM/Operational,1146,4,,,,,Enumeration,,http://schemas.microsoft.com/wbem/wsman/1/Config/Plugin
2026-03-26T06:17:14.481405Z,254,dc.danglingtree.htb,Microsoft-Windows-WinRM,Microsoft-Windows-WinRM/Operational,1147,4,,,,,,,
2026-03-26T06:17:14.481406Z,132,dc.danglingtree.htb,Microsoft-Windows-WinRM,Microsoft-Windows-WinRM/Operational,1148,4,,,,,Enumeration,,
2026-03-26T06:17:14.482963Z,145,dc.danglingtree.htb,Microsoft-Windows-WinRM,Microsoft-Windows-WinRM/Operational,1149,4,,,,,Enumeration,,http://schemas.microsoft.com/wbem/wsman/1/Config/Plugin
2026-03-26T06:17:14.485462Z,254,dc.danglingtree.htb,Microsoft-Windows-WinRM,Microsoft-Windows-WinRM/Operational,1150,4,,,,,,,
2026-03-26T06:17:14.485463Z,132,dc.danglingtree.htb,Microsoft-Windows-WinRM,Microsoft-Windows-WinRM/Operational,1151,4,,,,,Enumeration,,
2026-03-26T06:17:14.486350Z,145,dc.danglingtree.htb,Microsoft-Windows-WinRM,Microsoft-Windows-WinRM/Operational,1152,4,,,,,Enumeration,,http://schemas.microsoft.com/wbem/wsman/1/Config/Plugin
2026-03-26T06:17:14.488668Z,254,dc.danglingtree.htb,Microsoft-Windows-WinRM,Microsoft-Windows-WinRM/Operational,1153,4,,,,,,,
2026-03-26T06:17:14.488669Z,132,dc.danglingtree.htb,Microsoft-Windows-WinRM,Microsoft-Windows-WinRM/Operational,1154,4,,,,,Enumeration,,
2026-03-26T06:17:14.490111Z,145,dc.danglingtree.htb,Microsoft-Windows-WinRM,Microsoft-Windows-WinRM/Operational,1155,4,,,,,Enumeration,,http://schemas.microsoft.com/wbem/wsman/1/Config/Plugin
2026-03-26T06:17:14.492448Z,254,dc.danglingtree.htb,Microsoft-Windows-WinRM,Microsoft-Windows-WinRM/Operational,1156,4,,,,,,,
2026-03-26T06:17:14.492449Z,132,dc.danglingtree.htb,Microsoft-Windows-WinRM,Microsoft-Windows-WinRM/Operational,1157,4,,,,,Enumeration,,
2026-03-26T06:17:14.493292Z,145,dc.danglingtree.htb,Microsoft-Windows-WinRM,Microsoft-Windows-WinRM/Operational,1158,4,,,,,Enumeration,,http://schemas.microsoft.com/wbem/wsman/1/Config/Plugin
2026-03-26T06:17:14.496450Z,254,dc.danglingtree.htb,Microsoft-Windows-WinRM,Microsoft-Windows-WinRM/Operational,1159,4,,,,,,,
2026-03-26T06:17:14.496452Z,132,dc.danglingtree.htb,Microsoft-Windows-WinRM,Microsoft-Windows-WinRM/Operational,1160,4,,,,,Enumeration,,
2026-03-26T06:17:14.497059Z,145,dc.danglingtree.htb,Microsoft-Windows-WinRM,Microsoft-Windows-WinRM/Operational,1161,4,,,,,Get,,http://schemas.microsoft.com/wbem/wsman/1/Config/Plugin
2026-03-26T06:17:14.498486Z,254,dc.danglingtree.htb,Microsoft-Windows-WinRM,Microsoft-Windows-WinRM/Operational,1162,4,,,,,,,
2026-03-26T06:17:14.498487Z,132,dc.danglingtree.htb,Microsoft-Windows-WinRM,Microsoft-Windows-WinRM/Operational,1163,4,,,,,Get,,
2026-03-26T06:17:14.499216Z,145,dc.danglingtree.htb,Microsoft-Windows-WinRM,Microsoft-Windows-WinRM/Operational,1164,4,,,,,Enumeration,,http://schemas.microsoft.com/wbem/wsman/1/Config/Plugin
2026-03-26T06:17:14.501605Z,254,dc.danglingtree.htb,Microsoft-Windows-WinRM,Microsoft-Windows-WinRM/Operational,1165,4,,,,,,,
2026-03-26T06:17:14.501606Z,132,dc.danglingtree.htb,Microsoft-Windows-WinRM,Microsoft-Windows-WinRM/Operational,1166,4,,,,,Enumeration,,
2026-03-26T06:17:14.502993Z,145,dc.danglingtree.htb,Microsoft-Windows-WinRM,Microsoft-Windows-WinRM/Operational,1167,4,,,,,Enumeration,,http://schemas.microsoft.com/wbem/wsman/1/Config/Plugin
2026-03-26T06:17:14.507530Z,254,dc.danglingtree.htb,Microsoft-Windows-WinRM,Microsoft-Windows-WinRM/Operational,1168,4,,,,,,,
2026-03-26T06:17:14.507531Z,132,dc.danglingtree.htb,Microsoft-Windows-WinRM,Microsoft-Windows-WinRM/Operational,1169,4,,,,,Enumeration,,
2026-03-26T06:17:14.517741Z,145,dc.danglingtree.htb,Microsoft-Windows-WinRM,Microsoft-Windows-WinRM/Operational,1170,4,,,,,Enumeration,,http://schemas.microsoft.com/wbem/wsman/1/Config/Plugin
2026-03-26T06:17:14.521355Z,254,dc.danglingtree.htb,Microsoft-Windows-WinRM,Microsoft-Windows-WinRM/Operational,1171,4,,,,,,,
2026-03-26T06:17:14.521356Z,132,dc.danglingtree.htb,Microsoft-Windows-WinRM,Microsoft-Windows-WinRM/Operational,1172,4,,,,,Enumeration,,
2026-03-26T06:17:14.524093Z,145,dc.danglingtree.htb,Microsoft-Windows-WinRM,Microsoft-Windows-WinRM/Operational,1173,4,,,,,Enumeration,,http://schemas.microsoft.com/wbem/wsman/1/Config/Plugin
2026-03-26T06:17:14.526548Z,254,dc.danglingtree.htb,Microsoft-Windows-WinRM,Microsoft-Windows-WinRM/Operational,1174,4,,,,,,,
2026-03-26T06:17:14.526549Z,132,dc.danglingtree.htb,Microsoft-Windows-WinRM,Microsoft-Windows-WinRM/Operational,1175,4,,,,,Enumeration,,
2026-03-26T06:17:14.527801Z,145,dc.danglingtree.htb,Microsoft-Windows-WinRM,Microsoft-Windows-WinRM/Operational,1176,4,,,,,Enumeration,,http://schemas.microsoft.com/wbem/wsman/1/Config/Plugin
2026-03-26T06:17:14.530903Z,254,dc.danglingtree.htb,Microsoft-Windows-WinRM,Microsoft-Windows-WinRM/Operational,1177,4,,,,,,,
2026-03-26T06:17:14.530905Z,132,dc.danglingtree.htb,Microsoft-Windows-WinRM,Microsoft-Windows-WinRM/Operational,1178,4,,,,,Enumeration,,
2026-03-26T06:17:14.532609Z,145,dc.danglingtree.htb,Microsoft-Windows-WinRM,Microsoft-Windows-WinRM/Operational,1179,4,,,,,Enumeration,,http://schemas.microsoft.com/wbem/wsman/1/Config/Plugin
2026-03-26T06:17:14.535182Z,254,dc.danglingtree.htb,Microsoft-Windows-WinRM,Microsoft-Windows-WinRM/Operational,1180,4,,,,,,,
2026-03-26T06:17:14.535183Z,132,dc.danglingtree.htb,Microsoft-Windows-WinRM,Microsoft-Windows-WinRM/Operational,1181,4,,,,,Enumeration,,
2026-03-26T06:17:14.539967Z,145,dc.danglingtree.htb,Microsoft-Windows-WinRM,Microsoft-Windows-WinRM/Operational,1182,4,,,,,Enumeration,,http://schemas.microsoft.com/wbem/wsman/1/Config/Plugin
2026-03-26T06:17:14.542442Z,254,dc.danglingtree.htb,Microsoft-Windows-WinRM,Microsoft-Windows-WinRM/Operational,1183,4,,,,,,,
2026-03-26T06:17:14.542443Z,132,dc.danglingtree.htb,Microsoft-Windows-WinRM,Microsoft-Windows-WinRM/Operational,1184,4,,,,,Enumeration,,
2026-03-26T06:17:14.543215Z,145,dc.danglingtree.htb,Microsoft-Windows-WinRM,Microsoft-Windows-WinRM/Operational,1185,4,,,,,Enumeration,,http://schemas.microsoft.com/wbem/wsman/1/Config/Plugin
2026-03-26T06:17:14.546808Z,254,dc.danglingtree.htb,Microsoft-Windows-WinRM,Microsoft-Windows-WinRM/Operational,1186,4,,,,,,,
2026-03-26T06:17:14.546810Z,132,dc.danglingtree.htb,Microsoft-Windows-WinRM,Microsoft-Windows-WinRM/Operational,1187,4,,,,,Enumeration,,
2026-03-26T06:17:14.548550Z,145,dc.danglingtree.htb,Microsoft-Windows-WinRM,Microsoft-Windows-WinRM/Operational,1188,4,,,,,Enumeration,,http://schemas.microsoft.com/wbem/wsman/1/Config/Plugin
2026-03-26T06:17:14.551046Z,254,dc.danglingtree.htb,Microsoft-Windows-WinRM,Microsoft-Windows-WinRM/Operational,1189,4,,,,,,,
2026-03-26T06:17:14.551047Z,132,dc.danglingtree.htb,Microsoft-Windows-WinRM,Microsoft-Windows-WinRM/Operational,1190,4,,,,,Enumeration,,
2026-03-26T06:17:14.552171Z,145,dc.danglingtree.htb,Microsoft-Windows-WinRM,Microsoft-Windows-WinRM/Operational,1191,4,,,,,Enumeration,,http://schemas.microsoft.com/wbem/wsman/1/Config/Plugin
2026-03-26T06:17:14.554535Z,254,dc.danglingtree.htb,Microsoft-Windows-WinRM,Microsoft-Windows-WinRM/Operational,1192,4,,,,,,,
2026-03-26T06:17:14.554536Z,132,dc.danglingtree.htb,Microsoft-Windows-WinRM,Microsoft-Windows-WinRM/Operational,1193,4,,,,,Enumeration,,
2026-03-26T06:17:14.555074Z,145,dc.danglingtree.htb,Microsoft-Windows-WinRM,Microsoft-Windows-WinRM/Operational,1194,4,,,,,Enumeration,,http://schemas.microsoft.com/wbem/wsman/1/Config/Plugin
2026-03-26T06:17:14.557135Z,254,dc.danglingtree.htb,Microsoft-Windows-WinRM,Microsoft-Windows-WinRM/Operational,1195,4,,,,,,,
2026-03-26T06:17:14.557136Z,132,dc.danglingtree.htb,Microsoft-Windows-WinRM,Microsoft-Windows-WinRM/Operational,1196,4,,,,,Enumeration,,
2026-03-26T06:17:14.557920Z,145,dc.danglingtree.htb,Microsoft-Windows-WinRM,Microsoft-Windows-WinRM/Operational,1197,4,,,,,Enumeration,,http://schemas.microsoft.com/wbem/wsman/1/Config/Plugin
2026-03-26T06:17:14.560026Z,254,dc.danglingtree.htb,Microsoft-Windows-WinRM,Microsoft-Windows-WinRM/Operational,1198,4,,,,,,,
2026-03-26T06:17:14.560027Z,132,dc.danglingtree.htb,Microsoft-Windows-WinRM,Microsoft-Windows-WinRM/Operational,1199,4,,,,,Enumeration,,
2026-03-26T06:17:14.561071Z,145,dc.danglingtree.htb,Microsoft-Windows-WinRM,Microsoft-Windows-WinRM/Operational,1200,4,,,,,Enumeration,,http://schemas.microsoft.com/wbem/wsman/1/Config/Plugin
2026-03-26T06:17:14.564864Z,254,dc.danglingtree.htb,Microsoft-Windows-WinRM,Microsoft-Windows-WinRM/Operational,1201,4,,,,,,,
2026-03-26T06:17:14.564865Z,132,dc.danglingtree.htb,Microsoft-Windows-WinRM,Microsoft-Windows-WinRM/Operational,1202,4,,,,,Enumeration,,
2026-03-26T06:17:14.565556Z,145,dc.danglingtree.htb,Microsoft-Windows-WinRM,Microsoft-Windows-WinRM/Operational,1203,4,,,,,Enumeration,,http://schemas.microsoft.com/wbem/wsman/1/Config/Plugin
2026-03-26T06:17:14.569152Z,254,dc.danglingtree.htb,Microsoft-Windows-WinRM,Microsoft-Windows-WinRM/Operational,1204,4,,,,,,,
2026-03-26T06:17:14.569153Z,132,dc.danglingtree.htb,Microsoft-Windows-WinRM,Microsoft-Windows-WinRM/Operational,1205,4,,,,,Enumeration,,
2026-03-26T06:17:14.570207Z,145,dc.danglingtree.htb,Microsoft-Windows-WinRM,Microsoft-Windows-WinRM/Operational,1206,4,,,,,Enumeration,,http://schemas.microsoft.com/wbem/wsman/1/Config/Plugin
2026-03-26T06:17:14.572692Z,254,dc.danglingtree.htb,Microsoft-Windows-WinRM,Microsoft-Windows-WinRM/Operational,1207,4,,,,,,,
2026-03-26T06:17:14.572693Z,132,dc.danglingtree.htb,Microsoft-Windows-WinRM,Microsoft-Windows-WinRM/Operational,1208,4,,,,,Enumeration,,
2026-03-26T06:17:14.573763Z,145,dc.danglingtree.htb,Microsoft-Windows-WinRM,Microsoft-Windows-WinRM/Operational,1209,4,,,,,Enumeration,,http://schemas.microsoft.com/wbem/wsman/1/Config/Plugin
2026-03-26T06:17:14.576611Z,254,dc.danglingtree.htb,Microsoft-Windows-WinRM,Microsoft-Windows-WinRM/Operational,1210,4,,,,,,,
2026-03-26T06:17:14.576612Z,132,dc.danglingtree.htb,Microsoft-Windows-WinRM,Microsoft-Windows-WinRM/Operational,1211,4,,,,,Enumeration,,
2026-03-26T06:17:14.577164Z,145,dc.danglingtree.htb,Microsoft-Windows-WinRM,Microsoft-Windows-WinRM/Operational,1212,4,,,,,Get,,http://schemas.microsoft.com/wbem/wsman/1/Config/Plugin
2026-03-26T06:17:14.578373Z,254,dc.danglingtree.htb,Microsoft-Windows-WinRM,Microsoft-Windows-WinRM/Operational,1213,4,,,,,,,
2026-03-26T06:17:14.578374Z,132,dc.danglingtree.htb,Microsoft-Windows-WinRM,Microsoft-Windows-WinRM/Operational,1214,4,,,,,Get,,
2026-03-26T06:17:14.581370Z,145,dc.danglingtree.htb,Microsoft-Windows-WinRM,Microsoft-Windows-WinRM/Operational,1215,4,,,,,Enumeration,,http://schemas.microsoft.com/wbem/wsman/1/Config/Plugin
2026-03-26T06:17:14.584201Z,254,dc.danglingtree.htb,Microsoft-Windows-WinRM,Microsoft-Windows-WinRM/Operational,1216,4,,,,,,,
2026-03-26T06:17:14.584202Z,132,dc.danglingtree.htb,Microsoft-Windows-WinRM,Microsoft-Windows-WinRM/Operational,1217,4,,,,,Enumeration,,
2026-03-26T06:17:14.584569Z,145,dc.danglingtree.htb,Microsoft-Windows-WinRM,Microsoft-Windows-WinRM/Operational,1218,4,,,,,Get,,http://schemas.microsoft.com/wbem/wsman/1/Config/Plugin
2026-03-26T06:17:14.585604Z,254,dc.danglingtree.htb,Microsoft-Windows-WinRM,Microsoft-Windows-WinRM/Operational,1219,4,,,,,,,
2026-03-26T06:17:14.585605Z,132,dc.danglingtree.htb,Microsoft-Windows-WinRM,Microsoft-Windows-WinRM/Operational,1220,4,,,,,Get,,
2026-03-26T06:17:14.588832Z,145,dc.danglingtree.htb,Microsoft-Windows-WinRM,Microsoft-Windows-WinRM/Operational,1221,4,,,,,Enumeration,,http://schemas.microsoft.com/wbem/wsman/1/Config/Plugin
2026-03-26T06:17:14.591396Z,254,dc.danglingtree.htb,Microsoft-Windows-WinRM,Microsoft-Windows-WinRM/Operational,1222,4,,,,,,,
2026-03-26T06:17:14.591397Z,132,dc.danglingtree.htb,Microsoft-Windows-WinRM,Microsoft-Windows-WinRM/Operational,1223,4,,,,,Enumeration,,
2026-03-26T06:17:14.591780Z,145,dc.danglingtree.htb,Microsoft-Windows-WinRM,Microsoft-Windows-WinRM/Operational,1224,4,,,,,Get,,http://schemas.microsoft.com/wbem/wsman/1/Config/Plugin
2026-03-26T06:17:14.592837Z,254,dc.danglingtree.htb,Microsoft-Windows-WinRM,Microsoft-Windows-WinRM/Operational,1225,4,,,,,,,
2026-03-26T06:17:14.592838Z,132,dc.danglingtree.htb,Microsoft-Windows-WinRM,Microsoft-Windows-WinRM/Operational,1226,4,,,,,Get,,
2026-03-26T06:17:14.597643Z,145,dc.danglingtree.htb,Microsoft-Windows-WinRM,Microsoft-Windows-WinRM/Operational,1227,4,,,,,Enumeration,,http://schemas.microsoft.com/wbem/wsman/1/Config/Plugin
2026-03-26T06:17:14.600513Z,254,dc.danglingtree.htb,Microsoft-Windows-WinRM,Microsoft-Windows-WinRM/Operational,1228,4,,,,,,,
2026-03-26T06:17:14.600514Z,132,dc.danglingtree.htb,Microsoft-Windows-WinRM,Microsoft-Windows-WinRM/Operational,1229,4,,,,,Enumeration,,
2026-03-26T06:17:14.600848Z,145,dc.danglingtree.htb,Microsoft-Windows-WinRM,Microsoft-Windows-WinRM/Operational,1230,4,,,,,Get,,http://schemas.microsoft.com/wbem/wsman/1/Config/Plugin
2026-03-26T06:17:14.601688Z,254,dc.danglingtree.htb,Microsoft-Windows-WinRM,Microsoft-Windows-WinRM/Operational,1231,4,,,,,,,
2026-03-26T06:17:14.601688Z,132,dc.danglingtree.htb,Microsoft-Windows-WinRM,Microsoft-Windows-WinRM/Operational,1232,4,,,,,Get,,
2026-03-26T06:17:14.606205Z,145,dc.danglingtree.htb,Microsoft-Windows-WinRM,Microsoft-Windows-WinRM/Operational,1233,4,,,,,Enumeration,,http://schemas.microsoft.com/wbem/wsman/1/Config/Plugin
2026-03-26T06:17:14.608762Z,254,dc.danglingtree.htb,Microsoft-Windows-WinRM,Microsoft-Windows-WinRM/Operational,1234,4,,,,,,,
2026-03-26T06:17:14.608763Z,132,dc.danglingtree.htb,Microsoft-Windows-WinRM,Microsoft-Windows-WinRM/Operational,1235,4,,,,,Enumeration,,
2026-03-26T06:17:14.609140Z,145,dc.danglingtree.htb,Microsoft-Windows-WinRM,Microsoft-Windows-WinRM/Operational,1236,4,,,,,Get,,http://schemas.microsoft.com/wbem/wsman/1/Config/Plugin
2026-03-26T06:17:14.610675Z,254,dc.danglingtree.htb,Microsoft-Windows-WinRM,Microsoft-Windows-WinRM/Operational,1237,4,,,,,,,
2026-03-26T06:17:14.610676Z,132,dc.danglingtree.htb,Microsoft-Windows-WinRM,Microsoft-Windows-WinRM/Operational,1238,4,,,,,Get,,
2026-03-26T06:17:14.611261Z,145,dc.danglingtree.htb,Microsoft-Windows-WinRM,Microsoft-Windows-WinRM/Operational,1239,4,,,,,Get,,http://schemas.microsoft.com/wbem/wsman/1/Config/Plugin
2026-03-26T06:17:14.612222Z,254,dc.danglingtree.htb,Microsoft-Windows-WinRM,Microsoft-Windows-WinRM/Operational,1240,4,,,,,,,
2026-03-26T06:17:14.612223Z,132,dc.danglingtree.htb,Microsoft-Windows-WinRM,Microsoft-Windows-WinRM/Operational,1241,4,,,,,Get,,
2026-03-26T06:17:14.612584Z,145,dc.danglingtree.htb,Microsoft-Windows-WinRM,Microsoft-Windows-WinRM/Operational,1242,4,,,,,Put,,http://schemas.microsoft.com/wbem/wsman/1/Config/Plugin
2026-03-26T06:17:14.617114Z,254,dc.danglingtree.htb,Microsoft-Windows-WinRM,Microsoft-Windows-WinRM/Operational,1243,4,,,,,,,
2026-03-26T06:17:14.617116Z,132,dc.danglingtree.htb,Microsoft-Windows-WinRM,Microsoft-Windows-WinRM/Operational,1244,4,,,,,Put,,
2026-03-26T06:17:14.619797Z,145,dc.danglingtree.htb,Microsoft-Windows-WinRM,Microsoft-Windows-WinRM/Operational,1245,4,,,,,Get,,http://schemas.microsoft.com/wbem/wsman/1/Config/Plugin
2026-03-26T06:17:14.624486Z,254,dc.danglingtree.htb,Microsoft-Windows-WinRM,Microsoft-Windows-WinRM/Operational,1246,4,,,,,,,
2026-03-26T06:17:14.624488Z,132,dc.danglingtree.htb,Microsoft-Windows-WinRM,Microsoft-Windows-WinRM/Operational,1247,4,,,,,Get,,
2026-03-26T06:17:14.625034Z,145,dc.danglingtree.htb,Microsoft-Windows-WinRM,Microsoft-Windows-WinRM/Operational,1248,4,,,,,Enumeration,,http://schemas.microsoft.com/wbem/wsman/1/Config/Plugin
2026-03-26T06:17:14.627419Z,254,dc.danglingtree.htb,Microsoft-Windows-WinRM,Microsoft-Windows-WinRM/Operational,1249,4,,,,,,,
2026-03-26T06:17:14.627420Z,132,dc.danglingtree.htb,Microsoft-Windows-WinRM,Microsoft-Windows-WinRM/Operational,1250,4,,,,,Enumeration,,
2026-03-26T06:17:14.627956Z,145,dc.danglingtree.htb,Microsoft-Windows-WinRM,Microsoft-Windows-WinRM/Operational,1251,4,,,,,Put,,http://schemas.microsoft.com/wbem/wsman/1/Config/Plugin
2026-03-26T06:17:14.631363Z,254,dc.danglingtree.htb,Microsoft-Windows-WinRM,Microsoft-Windows-WinRM/Operational,1252,4,,,,,,,
2026-03-26T06:17:14.631364Z,132,dc.danglingtree.htb,Microsoft-Windows-WinRM,Microsoft-Windows-WinRM/Operational,1253,4,,,,,Put,,
2026-03-26T06:17:14.637372Z,145,dc.danglingtree.htb,Microsoft-Windows-WinRM,Microsoft-Windows-WinRM/Operational,1254,4,,,,,Enumeration,,http://schemas.microsoft.com/wbem/wsman/1/Config/Plugin
2026-03-26T06:17:14.640398Z,254,dc.danglingtree.htb,Microsoft-Windows-WinRM,Microsoft-Windows-WinRM/Operational,1255,4,,,,,,,
2026-03-26T06:17:14.640399Z,132,dc.danglingtree.htb,Microsoft-Windows-WinRM,Microsoft-Windows-WinRM/Operational,1256,4,,,,,Enumeration,,
2026-03-26T06:17:14.640713Z,145,dc.danglingtree.htb,Microsoft-Windows-WinRM,Microsoft-Windows-WinRM/Operational,1257,4,,,,,Get,,http://schemas.microsoft.com/wbem/wsman/1/Config/Plugin
2026-03-26T06:17:14.641587Z,254,dc.danglingtree.htb,Microsoft-Windows-WinRM,Microsoft-Windows-WinRM/Operational,1258,4,,,,,,,
2026-03-26T06:17:14.641588Z,132,dc.danglingtree.htb,Microsoft-Windows-WinRM,Microsoft-Windows-WinRM/Operational,1259,4,,,,,Get,,
2026-03-26T06:17:14.645202Z,145,dc.danglingtree.htb,Microsoft-Windows-WinRM,Microsoft-Windows-WinRM/Operational,1260,4,,,,,Enumeration,,http://schemas.microsoft.com/wbem/wsman/1/Config/Plugin
2026-03-26T06:17:14.648076Z,254,dc.danglingtree.htb,Microsoft-Windows-WinRM,Microsoft-Windows-WinRM/Operational,1261,4,,,,,,,
2026-03-26T06:17:14.648077Z,132,dc.danglingtree.htb,Microsoft-Windows-WinRM,Microsoft-Windows-WinRM/Operational,1262,4,,,,,Enumeration,,
2026-03-26T06:17:14.648462Z,145,dc.danglingtree.htb,Microsoft-Windows-WinRM,Microsoft-Windows-WinRM/Operational,1263,4,,,,,Get,,http://schemas.microsoft.com/wbem/wsman/1/Config/Plugin
2026-03-26T06:17:14.649450Z,254,dc.danglingtree.htb,Microsoft-Windows-WinRM,Microsoft-Windows-WinRM/Operational,1264,4,,,,,,,
2026-03-26T06:17:14.649450Z,132,dc.danglingtree.htb,Microsoft-Windows-WinRM,Microsoft-Windows-WinRM/Operational,1265,4,,,,,Get,,
2026-03-26T06:17:14.651261Z,145,dc.danglingtree.htb,Microsoft-Windows-WinRM,Microsoft-Windows-WinRM/Operational,1266,4,,,,,Enumeration,,http://schemas.microsoft.com/wbem/wsman/1/Config/Plugin
2026-03-26T06:17:14.653564Z,254,dc.danglingtree.htb,Microsoft-Windows-WinRM,Microsoft-Windows-WinRM/Operational,1267,4,,,,,,,
2026-03-26T06:17:14.653566Z,132,dc.danglingtree.htb,Microsoft-Windows-WinRM,Microsoft-Windows-WinRM/Operational,1268,4,,,,,Enumeration,,
2026-03-26T06:17:14.653869Z,145,dc.danglingtree.htb,Microsoft-Windows-WinRM,Microsoft-Windows-WinRM/Operational,1269,4,,,,,Get,,http://schemas.microsoft.com/wbem/wsman/1/Config/Plugin
2026-03-26T06:17:14.654710Z,254,dc.danglingtree.htb,Microsoft-Windows-WinRM,Microsoft-Windows-WinRM/Operational,1270,4,,,,,,,
2026-03-26T06:17:14.654710Z,132,dc.danglingtree.htb,Microsoft-Windows-WinRM,Microsoft-Windows-WinRM/Operational,1271,4,,,,,Get,,
2026-03-26T06:17:14.655737Z,145,dc.danglingtree.htb,Microsoft-Windows-WinRM,Microsoft-Windows-WinRM/Operational,1272,4,,,,,Enumeration,,http://schemas.microsoft.com/wbem/wsman/1/Config/Plugin
2026-03-26T06:17:14.658067Z,254,dc.danglingtree.htb,Microsoft-Windows-WinRM,Microsoft-Windows-WinRM/Operational,1273,4,,,,,,,
2026-03-26T06:17:14.658067Z,132,dc.danglingtree.htb,Microsoft-Windows-WinRM,Microsoft-Windows-WinRM/Operational,1274,4,,,,,Enumeration,,
2026-03-26T06:17:14.658380Z,145,dc.danglingtree.htb,Microsoft-Windows-WinRM,Microsoft-Windows-WinRM/Operational,1275,4,,,,,Get,,http://schemas.microsoft.com/wbem/wsman/1/Config/Plugin
2026-03-26T06:17:14.659266Z,254,dc.danglingtree.htb,Microsoft-Windows-WinRM,Microsoft-Windows-WinRM/Operational,1276,4,,,,,,,
2026-03-26T06:17:14.659267Z,132,dc.danglingtree.htb,Microsoft-Windows-WinRM,Microsoft-Windows-WinRM/Operational,1277,4,,,,,Get,,
2026-03-26T06:17:14.661451Z,145,dc.danglingtree.htb,Microsoft-Windows-WinRM,Microsoft-Windows-WinRM/Operational,1278,4,,,,,Enumeration,,http://schemas.microsoft.com/wbem/wsman/1/Config/Plugin
2026-03-26T06:17:14.665093Z,254,dc.danglingtree.htb,Microsoft-Windows-WinRM,Microsoft-Windows-WinRM/Operational,1279,4,,,,,,,
2026-03-26T06:17:14.665095Z,132,dc.danglingtree.htb,Microsoft-Windows-WinRM,Microsoft-Windows-WinRM/Operational,1280,4,,,,,Enumeration,,
2026-03-26T06:17:14.665491Z,145,dc.danglingtree.htb,Microsoft-Windows-WinRM,Microsoft-Windows-WinRM/Operational,1281,4,,,,,Get,,http://schemas.microsoft.com/wbem/wsman/1/Config/Plugin
2026-03-26T06:17:14.666490Z,254,dc.danglingtree.htb,Microsoft-Windows-WinRM,Microsoft-Windows-WinRM/Operational,1282,4,,,,,,,
2026-03-26T06:17:14.666491Z,132,dc.danglingtree.htb,Microsoft-Windows-WinRM,Microsoft-Windows-WinRM/Operational,1283,4,,,,,Get,,
2026-03-26T06:17:14.667788Z,145,dc.danglingtree.htb,Microsoft-Windows-WinRM,Microsoft-Windows-WinRM/Operational,1284,4,,,,,Enumeration,,http://schemas.microsoft.com/wbem/wsman/1/Config/Plugin
2026-03-26T06:17:14.670877Z,254,dc.danglingtree.htb,Microsoft-Windows-WinRM,Microsoft-Windows-WinRM/Operational,1285,4,,,,,,,
2026-03-26T06:17:14.670879Z,132,dc.danglingtree.htb,Microsoft-Windows-WinRM,Microsoft-Windows-WinRM/Operational,1286,4,,,,,Enumeration,,
2026-03-26T06:17:14.671285Z,145,dc.danglingtree.htb,Microsoft-Windows-WinRM,Microsoft-Windows-WinRM/Operational,1287,4,,,,,Get,,http://schemas.microsoft.com/wbem/wsman/1/Config/Plugin
2026-03-26T06:17:14.672598Z,254,dc.danglingtree.htb,Microsoft-Windows-WinRM,Microsoft-Windows-WinRM/Operational,1288,4,,,,,,,
2026-03-26T06:17:14.672599Z,132,dc.danglingtree.htb,Microsoft-Windows-WinRM,Microsoft-Windows-WinRM/Operational,1289,4,,,,,Get,,
2026-03-26T06:17:14.674918Z,145,dc.danglingtree.htb,Microsoft-Windows-WinRM,Microsoft-Windows-WinRM/Operational,1290,4,,,,,Enumeration,,http://schemas.microsoft.com/wbem/wsman/1/Config/Plugin
2026-03-26T06:17:14.677874Z,254,dc.danglingtree.htb,Microsoft-Windows-WinRM,Microsoft-Windows-WinRM/Operational,1291,4,,,,,,,
2026-03-26T06:17:14.677875Z,132,dc.danglingtree.htb,Microsoft-Windows-WinRM,Microsoft-Windows-WinRM/Operational,1292,4,,,,,Enumeration,,
2026-03-26T06:17:14.678249Z,145,dc.danglingtree.htb,Microsoft-Windows-WinRM,Microsoft-Windows-WinRM/Operational,1293,4,,,,,Get,,http://schemas.microsoft.com/wbem/wsman/1/Config/Plugin
2026-03-26T06:17:14.679314Z,254,dc.danglingtree.htb,Microsoft-Windows-WinRM,Microsoft-Windows-WinRM/Operational,1294,4,,,,,,,
2026-03-26T06:17:14.679315Z,132,dc.danglingtree.htb,Microsoft-Windows-WinRM,Microsoft-Windows-WinRM/Operational,1295,4,,,,,Get,,
2026-03-26T06:17:14.682323Z,145,dc.danglingtree.htb,Microsoft-Windows-WinRM,Microsoft-Windows-WinRM/Operational,1296,4,,,,,Enumeration,,http://schemas.microsoft.com/wbem/wsman/1/Config/Plugin
2026-03-26T06:17:14.684753Z,254,dc.danglingtree.htb,Microsoft-Windows-WinRM,Microsoft-Windows-WinRM/Operational,1297,4,,,,,,,
2026-03-26T06:17:14.684754Z,132,dc.danglingtree.htb,Microsoft-Windows-WinRM,Microsoft-Windows-WinRM/Operational,1298,4,,,,,Enumeration,,
2026-03-26T06:17:14.685085Z,145,dc.danglingtree.htb,Microsoft-Windows-WinRM,Microsoft-Windows-WinRM/Operational,1299,4,,,,,Get,,http://schemas.microsoft.com/wbem/wsman/1/Config/Plugin
2026-03-26T06:17:14.685990Z,254,dc.danglingtree.htb,Microsoft-Windows-WinRM,Microsoft-Windows-WinRM/Operational,1300,4,,,,,,,
2026-03-26T06:17:14.685991Z,132,dc.danglingtree.htb,Microsoft-Windows-WinRM,Microsoft-Windows-WinRM/Operational,1301,4,,,,,Get,,
2026-03-26T06:17:14.686956Z,145,dc.danglingtree.htb,Microsoft-Windows-WinRM,Microsoft-Windows-WinRM/Operational,1302,4,,,,,Enumeration,,http://schemas.microsoft.com/wbem/wsman/1/Config/Plugin
2026-03-26T06:17:14.689288Z,254,dc.danglingtree.htb,Microsoft-Windows-WinRM,Microsoft-Windows-WinRM/Operational,1303,4,,,,,,,
2026-03-26T06:17:14.689289Z,132,dc.danglingtree.htb,Microsoft-Windows-WinRM,Microsoft-Windows-WinRM/Operational,1304,4,,,,,Enumeration,,
2026-03-26T06:17:14.689718Z,145,dc.danglingtree.htb,Microsoft-Windows-WinRM,Microsoft-Windows-WinRM/Operational,1305,4,,,,,Get,,http://schemas.microsoft.com/wbem/wsman/1/Config/Plugin
2026-03-26T06:17:14.690723Z,254,dc.danglingtree.htb,Microsoft-Windows-WinRM,Microsoft-Windows-WinRM/Operational,1306,4,,,,,,,
2026-03-26T06:17:14.690724Z,132,dc.danglingtree.htb,Microsoft-Windows-WinRM,Microsoft-Windows-WinRM/Operational,1307,4,,,,,Get,,
2026-03-26T06:17:14.692426Z,145,dc.danglingtree.htb,Microsoft-Windows-WinRM,Microsoft-Windows-WinRM/Operational,1308,4,,,,,Enumeration,,http://schemas.microsoft.com/wbem/wsman/1/Config/Plugin
2026-03-26T06:17:14.695103Z,254,dc.danglingtree.htb,Microsoft-Windows-WinRM,Microsoft-Windows-WinRM/Operational,1309,4,,,,,,,
2026-03-26T06:17:14.695104Z,132,dc.danglingtree.htb,Microsoft-Windows-WinRM,Microsoft-Windows-WinRM/Operational,1310,4,,,,,Enumeration,,
2026-03-26T06:17:14.695581Z,145,dc.danglingtree.htb,Microsoft-Windows-WinRM,Microsoft-Windows-WinRM/Operational,1311,4,,,,,Get,,http://schemas.microsoft.com/wbem/wsman/1/Config/Plugin
2026-03-26T06:17:14.696644Z,254,dc.danglingtree.htb,Microsoft-Windows-WinRM,Microsoft-Windows-WinRM/Operational,1312,4,,,,,,,
2026-03-26T06:17:14.696645Z,132,dc.danglingtree.htb,Microsoft-Windows-WinRM,Microsoft-Windows-WinRM/Operational,1313,4,,,,,Get,,
2026-03-26T06:17:14.702262Z,145,dc.danglingtree.htb,Microsoft-Windows-WinRM,Microsoft-Windows-WinRM/Operational,1314,4,,,,,Enumeration,,http://schemas.microsoft.com/wbem/wsman/1/Config/Plugin
2026-03-26T06:17:14.705346Z,254,dc.danglingtree.htb,Microsoft-Windows-WinRM,Microsoft-Windows-WinRM/Operational,1315,4,,,,,,,
2026-03-26T06:17:14.705347Z,132,dc.danglingtree.htb,Microsoft-Windows-WinRM,Microsoft-Windows-WinRM/Operational,1316,4,,,,,Enumeration,,
2026-03-26T06:17:14.706323Z,145,dc.danglingtree.htb,Microsoft-Windows-WinRM,Microsoft-Windows-WinRM/Operational,1317,4,,,,,Enumeration,,http://schemas.microsoft.com/wbem/wsman/1/Config/Plugin
2026-03-26T06:17:14.708989Z,254,dc.danglingtree.htb,Microsoft-Windows-WinRM,Microsoft-Windows-WinRM/Operational,1318,4,,,,,,,
2026-03-26T06:17:14.708990Z,132,dc.danglingtree.htb,Microsoft-Windows-WinRM,Microsoft-Windows-WinRM/Operational,1319,4,,,,,Enumeration,,
2026-03-26T06:17:14.711167Z,145,dc.danglingtree.htb,Microsoft-Windows-WinRM,Microsoft-Windows-WinRM/Operational,1320,4,,,,,Enumeration,,http://schemas.microsoft.com/wbem/wsman/1/Config/Plugin
2026-03-26T06:17:14.714964Z,254,dc.danglingtree.htb,Microsoft-Windows-WinRM,Microsoft-Windows-WinRM/Operational,1321,4,,,,,,,
2026-03-26T06:17:14.714966Z,132,dc.danglingtree.htb,Microsoft-Windows-WinRM,Microsoft-Windows-WinRM/Operational,1322,4,,,,,Enumeration,,
2026-03-26T06:17:14.724140Z,145,dc.danglingtree.htb,Microsoft-Windows-WinRM,Microsoft-Windows-WinRM/Operational,1323,4,,,,,Enumeration,,http://schemas.microsoft.com/wbem/wsman/1/Config/Plugin
2026-03-26T06:17:14.727654Z,254,dc.danglingtree.htb,Microsoft-Windows-WinRM,Microsoft-Windows-WinRM/Operational,1324,4,,,,,,,
2026-03-26T06:17:14.727655Z,132,dc.danglingtree.htb,Microsoft-Windows-WinRM,Microsoft-Windows-WinRM/Operational,1325,4,,,,,Enumeration,,
2026-03-26T06:17:14.728527Z,145,dc.danglingtree.htb,Microsoft-Windows-WinRM,Microsoft-Windows-WinRM/Operational,1326,4,,,,,Enumeration,,http://schemas.microsoft.com/wbem/wsman/1/Config/Plugin
2026-03-26T06:17:14.731302Z,254,dc.danglingtree.htb,Microsoft-Windows-WinRM,Microsoft-Windows-WinRM/Operational,1327,4,,,,,,,
2026-03-26T06:17:14.731303Z,132,dc.danglingtree.htb,Microsoft-Windows-WinRM,Microsoft-Windows-WinRM/Operational,1328,4,,,,,Enumeration,,
2026-03-26T06:17:14.732651Z,145,dc.danglingtree.htb,Microsoft-Windows-WinRM,Microsoft-Windows-WinRM/Operational,1329,4,,,,,Enumeration,,http://schemas.microsoft.com/wbem/wsman/1/Config/Plugin
2026-03-26T06:17:14.736398Z,254,dc.danglingtree.htb,Microsoft-Windows-WinRM,Microsoft-Windows-WinRM/Operational,1330,4,,,,,,,
2026-03-26T06:17:14.736399Z,132,dc.danglingtree.htb,Microsoft-Windows-WinRM,Microsoft-Windows-WinRM/Operational,1331,4,,,,,Enumeration,,
2026-03-26T06:17:14.737594Z,145,dc.danglingtree.htb,Microsoft-Windows-WinRM,Microsoft-Windows-WinRM/Operational,1332,4,,,,,Enumeration,,http://schemas.microsoft.com/wbem/wsman/1/Config/Plugin
2026-03-26T06:17:14.741747Z,254,dc.danglingtree.htb,Microsoft-Windows-WinRM,Microsoft-Windows-WinRM/Operational,1333,4,,,,,,,
2026-03-26T06:17:14.741749Z,132,dc.danglingtree.htb,Microsoft-Windows-WinRM,Microsoft-Windows-WinRM/Operational,1334,4,,,,,Enumeration,,
2026-03-26T06:17:14.743315Z,145,dc.danglingtree.htb,Microsoft-Windows-WinRM,Microsoft-Windows-WinRM/Operational,1335,4,,,,,Enumeration,,http://schemas.microsoft.com/wbem/wsman/1/Config/Plugin
2026-03-26T06:17:14.747321Z,254,dc.danglingtree.htb,Microsoft-Windows-WinRM,Microsoft-Windows-WinRM/Operational,1336,4,,,,,,,
2026-03-26T06:17:14.747322Z,132,dc.danglingtree.htb,Microsoft-Windows-WinRM,Microsoft-Windows-WinRM/Operational,1337,4,,,,,Enumeration,,
2026-03-26T06:17:14.748557Z,145,dc.danglingtree.htb,Microsoft-Windows-WinRM,Microsoft-Windows-WinRM/Operational,1338,4,,,,,Enumeration,,http://schemas.microsoft.com/wbem/wsman/1/Config/Plugin
2026-03-26T06:17:14.752433Z,254,dc.danglingtree.htb,Microsoft-Windows-WinRM,Microsoft-Windows-WinRM/Operational,1339,4,,,,,,,
2026-03-26T06:17:14.752435Z,132,dc.danglingtree.htb,Microsoft-Windows-WinRM,Microsoft-Windows-WinRM/Operational,1340,4,,,,,Enumeration,,
2026-03-26T06:17:14.754367Z,145,dc.danglingtree.htb,Microsoft-Windows-WinRM,Microsoft-Windows-WinRM/Operational,1341,4,,,,,Enumeration,,http://schemas.microsoft.com/wbem/wsman/1/Config/Plugin
2026-03-26T06:17:14.757373Z,254,dc.danglingtree.htb,Microsoft-Windows-WinRM,Microsoft-Windows-WinRM/Operational,1342,4,,,,,,,
2026-03-26T06:17:14.757374Z,132,dc.danglingtree.htb,Microsoft-Windows-WinRM,Microsoft-Windows-WinRM/Operational,1343,4,,,,,Enumeration,,
2026-03-26T06:17:14.758745Z,145,dc.danglingtree.htb,Microsoft-Windows-WinRM,Microsoft-Windows-WinRM/Operational,1344,4,,,,,Enumeration,,http://schemas.microsoft.com/wbem/wsman/1/Config/Plugin
2026-03-26T06:17:14.761926Z,254,dc.danglingtree.htb,Microsoft-Windows-WinRM,Microsoft-Windows-WinRM/Operational,1345,4,,,,,,,
2026-03-26T06:17:14.761928Z,132,dc.danglingtree.htb,Microsoft-Windows-WinRM,Microsoft-Windows-WinRM/Operational,1346,4,,,,,Enumeration,,
2026-03-26T06:17:14.763606Z,145,dc.danglingtree.htb,Microsoft-Windows-WinRM,Microsoft-Windows-WinRM/Operational,1347,4,,,,,Enumeration,,http://schemas.microsoft.com/wbem/wsman/1/Config/Plugin
2026-03-26T06:17:14.766221Z,254,dc.danglingtree.htb,Microsoft-Windows-WinRM,Microsoft-Windows-WinRM/Operational,1348,4,,,,,,,
2026-03-26T06:17:14.766222Z,132,dc.danglingtree.htb,Microsoft-Windows-WinRM,Microsoft-Windows-WinRM/Operational,1349,4,,,,,Enumeration,,
2026-03-26T06:17:14.767373Z,145,dc.danglingtree.htb,Microsoft-Windows-WinRM,Microsoft-Windows-WinRM/Operational,1350,4,,,,,Enumeration,,http://schemas.microsoft.com/wbem/wsman/1/Config/Plugin
2026-03-26T06:17:14.769751Z,254,dc.danglingtree.htb,Microsoft-Windows-WinRM,Microsoft-Windows-WinRM/Operational,1351,4,,,,,,,
2026-03-26T06:17:14.769752Z,132,dc.danglingtree.htb,Microsoft-Windows-WinRM,Microsoft-Windows-WinRM/Operational,1352,4,,,,,Enumeration,,
2026-03-26T06:17:14.770867Z,145,dc.danglingtree.htb,Microsoft-Windows-WinRM,Microsoft-Windows-WinRM/Operational,1353,4,,,,,Enumeration,,http://schemas.microsoft.com/wbem/wsman/1/Config/Plugin
2026-03-26T06:17:14.773714Z,254,dc.danglingtree.htb,Microsoft-Windows-WinRM,Microsoft-Windows-WinRM/Operational,1354,4,,,,,,,
2026-03-26T06:17:14.773715Z,132,dc.danglingtree.htb,Microsoft-Windows-WinRM,Microsoft-Windows-WinRM/Operational,1355,4,,,,,Enumeration,,
2026-03-26T06:17:14.774687Z,145,dc.danglingtree.htb,Microsoft-Windows-WinRM,Microsoft-Windows-WinRM/Operational,1356,4,,,,,Enumeration,,http://schemas.microsoft.com/wbem/wsman/1/Config/Plugin
2026-03-26T06:17:14.778410Z,254,dc.danglingtree.htb,Microsoft-Windows-WinRM,Microsoft-Windows-WinRM/Operational,1357,4,,,,,,,
2026-03-26T06:17:14.778411Z,132,dc.danglingtree.htb,Microsoft-Windows-WinRM,Microsoft-Windows-WinRM/Operational,1358,4,,,,,Enumeration,,
2026-03-26T06:17:14.779288Z,145,dc.danglingtree.htb,Microsoft-Windows-WinRM,Microsoft-Windows-WinRM/Operational,1359,4,,,,,Enumeration,,http://schemas.microsoft.com/wbem/wsman/1/Config/Plugin
2026-03-26T06:17:14.781741Z,254,dc.danglingtree.htb,Microsoft-Windows-WinRM,Microsoft-Windows-WinRM/Operational,1360,4,,,,,,,
2026-03-26T06:17:14.781742Z,132,dc.danglingtree.htb,Microsoft-Windows-WinRM,Microsoft-Windows-WinRM/Operational,1361,4,,,,,Enumeration,,
2026-03-26T06:17:14.782943Z,145,dc.danglingtree.htb,Microsoft-Windows-WinRM,Microsoft-Windows-WinRM/Operational,1362,4,,,,,Enumeration,,http://schemas.microsoft.com/wbem/wsman/1/Config/Plugin
2026-03-26T06:17:14.787101Z,254,dc.danglingtree.htb,Microsoft-Windows-WinRM,Microsoft-Windows-WinRM/Operational,1363,4,,,,,,,
2026-03-26T06:17:14.787102Z,132,dc.danglingtree.htb,Microsoft-Windows-WinRM,Microsoft-Windows-WinRM/Operational,1364,4,,,,,Enumeration,,
2026-03-26T06:17:14.787986Z,145,dc.danglingtree.htb,Microsoft-Windows-WinRM,Microsoft-Windows-WinRM/Operational,1365,4,,,,,Enumeration,,http://schemas.microsoft.com/wbem/wsman/1/Config/Plugin
2026-03-26T06:17:14.790300Z,254,dc.danglingtree.htb,Microsoft-Windows-WinRM,Microsoft-Windows-WinRM/Operational,1366,4,,,,,,,
2026-03-26T06:17:14.790300Z,132,dc.danglingtree.htb,Microsoft-Windows-WinRM,Microsoft-Windows-WinRM/Operational,1367,4,,,,,Enumeration,,
2026-03-26T06:17:14.791376Z,145,dc.danglingtree.htb,Microsoft-Windows-WinRM,Microsoft-Windows-WinRM/Operational,1368,4,,,,,Enumeration,,http://schemas.microsoft.com/wbem/wsman/1/Config/Plugin
2026-03-26T06:17:14.793821Z,254,dc.danglingtree.htb,Microsoft-Windows-WinRM,Microsoft-Windows-WinRM/Operational,1369,4,,,,,,,
2026-03-26T06:17:14.793823Z,132,dc.danglingtree.htb,Microsoft-Windows-WinRM,Microsoft-Windows-WinRM/Operational,1370,4,,,,,Enumeration,,
2026-03-26T06:17:14.794670Z,145,dc.danglingtree.htb,Microsoft-Windows-WinRM,Microsoft-Windows-WinRM/Operational,1371,4,,,,,Enumeration,,http://schemas.microsoft.com/wbem/wsman/1/Config/Plugin
2026-03-26T06:17:14.797183Z,254,dc.danglingtree.htb,Microsoft-Windows-WinRM,Microsoft-Windows-WinRM/Operational,1372,4,,,,,,,
2026-03-26T06:17:14.797184Z,132,dc.danglingtree.htb,Microsoft-Windows-WinRM,Microsoft-Windows-WinRM/Operational,1373,4,,,,,Enumeration,,
2026-03-26T06:17:14.797969Z,145,dc.danglingtree.htb,Microsoft-Windows-WinRM,Microsoft-Windows-WinRM/Operational,1374,4,,,,,Enumeration,,http://schemas.microsoft.com/wbem/wsman/1/Config/Plugin
2026-03-26T06:17:14.800673Z,254,dc.danglingtree.htb,Microsoft-Windows-WinRM,Microsoft-Windows-WinRM/Operational,1375,4,,,,,,,
2026-03-26T06:17:14.800674Z,132,dc.danglingtree.htb,Microsoft-Windows-WinRM,Microsoft-Windows-WinRM/Operational,1376,4,,,,,Enumeration,,
2026-03-26T06:17:14.801764Z,145,dc.danglingtree.htb,Microsoft-Windows-WinRM,Microsoft-Windows-WinRM/Operational,1377,4,,,,,Enumeration,,http://schemas.microsoft.com/wbem/wsman/1/Config/Plugin
2026-03-26T06:17:14.804498Z,254,dc.danglingtree.htb,Microsoft-Windows-WinRM,Microsoft-Windows-WinRM/Operational,1378,4,,,,,,,
2026-03-26T06:17:14.804500Z,132,dc.danglingtree.htb,Microsoft-Windows-WinRM,Microsoft-Windows-WinRM/Operational,1379,4,,,,,Enumeration,,
2026-03-26T06:17:14.805280Z,145,dc.danglingtree.htb,Microsoft-Windows-WinRM,Microsoft-Windows-WinRM/Operational,1380,4,,,,,Enumeration,,http://schemas.microsoft.com/wbem/wsman/1/Config/Plugin
2026-03-26T06:17:14.807629Z,254,dc.danglingtree.htb,Microsoft-Windows-WinRM,Microsoft-Windows-WinRM/Operational,1381,4,,,,,,,
2026-03-26T06:17:14.807630Z,132,dc.danglingtree.htb,Microsoft-Windows-WinRM,Microsoft-Windows-WinRM/Operational,1382,4,,,,,Enumeration,,
2026-03-26T06:17:14.807936Z,145,dc.danglingtree.htb,Microsoft-Windows-WinRM,Microsoft-Windows-WinRM/Operational,1383,4,,,,,Get,,http://schemas.microsoft.com/wbem/wsman/1/Config/Plugin
2026-03-26T06:17:14.809127Z,254,dc.danglingtree.htb,Microsoft-Windows-WinRM,Microsoft-Windows-WinRM/Operational,1384,4,,,,,,,
2026-03-26T06:17:14.809128Z,132,dc.danglingtree.htb,Microsoft-Windows-WinRM,Microsoft-Windows-WinRM/Operational,1385,4,,,,,Get,,
2026-03-26T06:17:14.809834Z,145,dc.danglingtree.htb,Microsoft-Windows-WinRM,Microsoft-Windows-WinRM/Operational,1386,4,,,,,Enumeration,,http://schemas.microsoft.com/wbem/wsman/1/Config/Plugin
2026-03-26T06:17:14.812231Z,254,dc.danglingtree.htb,Microsoft-Windows-WinRM,Microsoft-Windows-WinRM/Operational,1387,4,,,,,,,
2026-03-26T06:17:14.812232Z,132,dc.danglingtree.htb,Microsoft-Windows-WinRM,Microsoft-Windows-WinRM/Operational,1388,4,,,,,Enumeration,,
2026-03-26T06:17:14.813032Z,145,dc.danglingtree.htb,Microsoft-Windows-WinRM,Microsoft-Windows-WinRM/Operational,1389,4,,,,,Enumeration,,http://schemas.microsoft.com/wbem/wsman/1/Config/Plugin
2026-03-26T06:17:14.815393Z,254,dc.danglingtree.htb,Microsoft-Windows-WinRM,Microsoft-Windows-WinRM/Operational,1390,4,,,,,,,
2026-03-26T06:17:14.815394Z,132,dc.danglingtree.htb,Microsoft-Windows-WinRM,Microsoft-Windows-WinRM/Operational,1391,4,,,,,Enumeration,,
2026-03-26T06:17:14.816396Z,145,dc.danglingtree.htb,Microsoft-Windows-WinRM,Microsoft-Windows-WinRM/Operational,1392,4,,,,,Enumeration,,http://schemas.microsoft.com/wbem/wsman/1/Config/Plugin
2026-03-26T06:17:14.818772Z,254,dc.danglingtree.htb,Microsoft-Windows-WinRM,Microsoft-Windows-WinRM/Operational,1393,4,,,,,,,
2026-03-26T06:17:14.818773Z,132,dc.danglingtree.htb,Microsoft-Windows-WinRM,Microsoft-Windows-WinRM/Operational,1394,4,,,,,Enumeration,,
2026-03-26T06:17:14.819613Z,145,dc.danglingtree.htb,Microsoft-Windows-WinRM,Microsoft-Windows-WinRM/Operational,1395,4,,,,,Enumeration,,http://schemas.microsoft.com/wbem/wsman/1/Config/Plugin
2026-03-26T06:17:14.821730Z,254,dc.danglingtree.htb,Microsoft-Windows-WinRM,Microsoft-Windows-WinRM/Operational,1396,4,,,,,,,
2026-03-26T06:17:14.821731Z,132,dc.danglingtree.htb,Microsoft-Windows-WinRM,Microsoft-Windows-WinRM/Operational,1397,4,,,,,Enumeration,,
2026-03-26T06:17:14.826014Z,145,dc.danglingtree.htb,Microsoft-Windows-WinRM,Microsoft-Windows-WinRM/Operational,1398,4,,,,,Enumeration,,http://schemas.microsoft.com/wbem/wsman/1/Config/Plugin
2026-03-26T06:17:14.829098Z,254,dc.danglingtree.htb,Microsoft-Windows-WinRM,Microsoft-Windows-WinRM/Operational,1399,4,,,,,,,
2026-03-26T06:17:14.829099Z,132,dc.danglingtree.htb,Microsoft-Windows-WinRM,Microsoft-Windows-WinRM/Operational,1400,4,,,,,Enumeration,,
2026-03-26T06:17:14.830946Z,145,dc.danglingtree.htb,Microsoft-Windows-WinRM,Microsoft-Windows-WinRM/Operational,1401,4,,,,,Enumeration,,http://schemas.microsoft.com/wbem/wsman/1/Config/Plugin
2026-03-26T06:17:14.833992Z,254,dc.danglingtree.htb,Microsoft-Windows-WinRM,Microsoft-Windows-WinRM/Operational,1402,4,,,,,,,
2026-03-26T06:17:14.833993Z,132,dc.danglingtree.htb,Microsoft-Windows-WinRM,Microsoft-Windows-WinRM/Operational,1403,4,,,,,Enumeration,,
2026-03-26T06:17:14.834894Z,145,dc.danglingtree.htb,Microsoft-Windows-WinRM,Microsoft-Windows-WinRM/Operational,1404,4,,,,,Enumeration,,http://schemas.microsoft.com/wbem/wsman/1/Config/Plugin
2026-03-26T06:17:14.837093Z,254,dc.danglingtree.htb,Microsoft-Windows-WinRM,Microsoft-Windows-WinRM/Operational,1405,4,,,,,,,
2026-03-26T06:17:14.837094Z,132,dc.danglingtree.htb,Microsoft-Windows-WinRM,Microsoft-Windows-WinRM/Operational,1406,4,,,,,Enumeration,,
2026-03-26T06:17:14.837847Z,145,dc.danglingtree.htb,Microsoft-Windows-WinRM,Microsoft-Windows-WinRM/Operational,1407,4,,,,,Enumeration,,http://schemas.microsoft.com/wbem/wsman/1/Config/Plugin
2026-03-26T06:17:14.839895Z,254,dc.danglingtree.htb,Microsoft-Windows-WinRM,Microsoft-Windows-WinRM/Operational,1408,4,,,,,,,
2026-03-26T06:17:14.839896Z,132,dc.danglingtree.htb,Microsoft-Windows-WinRM,Microsoft-Windows-WinRM/Operational,1409,4,,,,,Enumeration,,
2026-03-26T06:17:14.841132Z,145,dc.danglingtree.htb,Microsoft-Windows-WinRM,Microsoft-Windows-WinRM/Operational,1410,4,,,,,Enumeration,,http://schemas.microsoft.com/wbem/wsman/1/Config/Plugin
2026-03-26T06:17:14.843236Z,254,dc.danglingtree.htb,Microsoft-Windows-WinRM,Microsoft-Windows-WinRM/Operational,1411,4,,,,,,,
2026-03-26T06:17:14.843236Z,132,dc.danglingtree.htb,Microsoft-Windows-WinRM,Microsoft-Windows-WinRM/Operational,1412,4,,,,,Enumeration,,
2026-03-26T06:17:14.844485Z,145,dc.danglingtree.htb,Microsoft-Windows-WinRM,Microsoft-Windows-WinRM/Operational,1413,4,,,,,Enumeration,,http://schemas.microsoft.com/wbem/wsman/1/Config/Plugin
2026-03-26T06:17:14.847089Z,254,dc.danglingtree.htb,Microsoft-Windows-WinRM,Microsoft-Windows-WinRM/Operational,1414,4,,,,,,,
2026-03-26T06:17:14.847090Z,132,dc.danglingtree.htb,Microsoft-Windows-WinRM,Microsoft-Windows-WinRM/Operational,1415,4,,,,,Enumeration,,
2026-03-26T06:17:14.848445Z,145,dc.danglingtree.htb,Microsoft-Windows-WinRM,Microsoft-Windows-WinRM/Operational,1416,4,,,,,Enumeration,,http://schemas.microsoft.com/wbem/wsman/1/Config/Plugin
2026-03-26T06:17:14.852306Z,254,dc.danglingtree.htb,Microsoft-Windows-WinRM,Microsoft-Windows-WinRM/Operational,1417,4,,,,,,,
2026-03-26T06:17:14.852307Z,132,dc.danglingtree.htb,Microsoft-Windows-WinRM,Microsoft-Windows-WinRM/Operational,1418,4,,,,,Enumeration,,
2026-03-26T06:17:14.853452Z,145,dc.danglingtree.htb,Microsoft-Windows-WinRM,Microsoft-Windows-WinRM/Operational,1419,4,,,,,Enumeration,,http://schemas.microsoft.com/wbem/wsman/1/Config/Plugin
2026-03-26T06:17:14.856574Z,254,dc.danglingtree.htb,Microsoft-Windows-WinRM,Microsoft-Windows-WinRM/Operational,1420,4,,,,,,,
2026-03-26T06:17:14.856575Z,132,dc.danglingtree.htb,Microsoft-Windows-WinRM,Microsoft-Windows-WinRM/Operational,1421,4,,,,,Enumeration,,
2026-03-26T06:17:14.857609Z,145,dc.danglingtree.htb,Microsoft-Windows-WinRM,Microsoft-Windows-WinRM/Operational,1422,4,,,,,Enumeration,,http://schemas.microsoft.com/wbem/wsman/1/Config/Plugin
2026-03-26T06:17:14.860207Z,254,dc.danglingtree.htb,Microsoft-Windows-WinRM,Microsoft-Windows-WinRM/Operational,1423,4,,,,,,,
2026-03-26T06:17:14.860209Z,132,dc.danglingtree.htb,Microsoft-Windows-WinRM,Microsoft-Windows-WinRM/Operational,1424,4,,,,,Enumeration,,
2026-03-26T06:17:14.862930Z,145,dc.danglingtree.htb,Microsoft-Windows-WinRM,Microsoft-Windows-WinRM/Operational,1425,4,,,,,Enumeration,,http://schemas.microsoft.com/wbem/wsman/1/Config/Plugin
2026-03-26T06:17:14.866497Z,254,dc.danglingtree.htb,Microsoft-Windows-WinRM,Microsoft-Windows-WinRM/Operational,1426,4,,,,,,,
2026-03-26T06:17:14.866499Z,132,dc.danglingtree.htb,Microsoft-Windows-WinRM,Microsoft-Windows-WinRM/Operational,1427,4,,,,,Enumeration,,
2026-03-26T06:17:14.867637Z,145,dc.danglingtree.htb,Microsoft-Windows-WinRM,Microsoft-Windows-WinRM/Operational,1428,4,,,,,Enumeration,,http://schemas.microsoft.com/wbem/wsman/1/Config/Plugin
2026-03-26T06:17:14.870309Z,254,dc.danglingtree.htb,Microsoft-Windows-WinRM,Microsoft-Windows-WinRM/Operational,1429,4,,,,,,,
2026-03-26T06:17:14.870310Z,132,dc.danglingtree.htb,Microsoft-Windows-WinRM,Microsoft-Windows-WinRM/Operational,1430,4,,,,,Enumeration,,
2026-03-26T06:17:14.871112Z,145,dc.danglingtree.htb,Microsoft-Windows-WinRM,Microsoft-Windows-WinRM/Operational,1431,4,,,,,Enumeration,,http://schemas.microsoft.com/wbem/wsman/1/Config/Plugin
2026-03-26T06:17:14.873415Z,254,dc.danglingtree.htb,Microsoft-Windows-WinRM,Microsoft-Windows-WinRM/Operational,1432,4,,,,,,,
2026-03-26T06:17:14.873417Z,132,dc.danglingtree.htb,Microsoft-Windows-WinRM,Microsoft-Windows-WinRM/Operational,1433,4,,,,,Enumeration,,
2026-03-26T06:17:14.875019Z,145,dc.danglingtree.htb,Microsoft-Windows-WinRM,Microsoft-Windows-WinRM/Operational,1434,4,,,,,Enumeration,,http://schemas.microsoft.com/wbem/wsman/1/Config/Plugin
2026-03-26T06:17:14.878304Z,254,dc.danglingtree.htb,Microsoft-Windows-WinRM,Microsoft-Windows-WinRM/Operational,1435,4,,,,,,,
2026-03-26T06:17:14.878305Z,132,dc.danglingtree.htb,Microsoft-Windows-WinRM,Microsoft-Windows-WinRM/Operational,1436,4,,,,,Enumeration,,
2026-03-26T06:17:14.879324Z,145,dc.danglingtree.htb,Microsoft-Windows-WinRM,Microsoft-Windows-WinRM/Operational,1437,4,,,,,Enumeration,,http://schemas.microsoft.com/wbem/wsman/1/Config/Plugin
2026-03-26T06:17:14.881716Z,254,dc.danglingtree.htb,Microsoft-Windows-WinRM,Microsoft-Windows-WinRM/Operational,1438,4,,,,,,,
2026-03-26T06:17:14.881717Z,132,dc.danglingtree.htb,Microsoft-Windows-WinRM,Microsoft-Windows-WinRM/Operational,1439,4,,,,,Enumeration,,
2026-03-26T06:17:14.882809Z,145,dc.danglingtree.htb,Microsoft-Windows-WinRM,Microsoft-Windows-WinRM/Operational,1440,4,,,,,Enumeration,,http://schemas.microsoft.com/wbem/wsman/1/Config/Plugin
2026-03-26T06:17:14.886115Z,254,dc.danglingtree.htb,Microsoft-Windows-WinRM,Microsoft-Windows-WinRM/Operational,1441,4,,,,,,,
2026-03-26T06:17:14.886116Z,132,dc.danglingtree.htb,Microsoft-Windows-WinRM,Microsoft-Windows-WinRM/Operational,1442,4,,,,,Enumeration,,
2026-03-26T06:17:14.888403Z,145,dc.danglingtree.htb,Microsoft-Windows-WinRM,Microsoft-Windows-WinRM/Operational,1443,4,,,,,Enumeration,,http://schemas.microsoft.com/wbem/wsman/1/Config/Plugin
2026-03-26T06:17:14.891539Z,254,dc.danglingtree.htb,Microsoft-Windows-WinRM,Microsoft-Windows-WinRM/Operational,1444,4,,,,,,,
2026-03-26T06:17:14.891540Z,132,dc.danglingtree.htb,Microsoft-Windows-WinRM,Microsoft-Windows-WinRM/Operational,1445,4,,,,,Enumeration,,
2026-03-26T06:17:14.892993Z,145,dc.danglingtree.htb,Microsoft-Windows-WinRM,Microsoft-Windows-WinRM/Operational,1446,4,,,,,Enumeration,,http://schemas.microsoft.com/wbem/wsman/1/Config/Plugin
2026-03-26T06:17:14.895668Z,254,dc.danglingtree.htb,Microsoft-Windows-WinRM,Microsoft-Windows-WinRM/Operational,1447,4,,,,,,,
2026-03-26T06:17:14.895669Z,132,dc.danglingtree.htb,Microsoft-Windows-WinRM,Microsoft-Windows-WinRM/Operational,1448,4,,,,,Enumeration,,
2026-03-26T06:17:14.897136Z,145,dc.danglingtree.htb,Microsoft-Windows-WinRM,Microsoft-Windows-WinRM/Operational,1449,4,,,,,Enumeration,,http://schemas.microsoft.com/wbem/wsman/1/Config/Plugin
2026-03-26T06:17:14.899828Z,254,dc.danglingtree.htb,Microsoft-Windows-WinRM,Microsoft-Windows-WinRM/Operational,1450,4,,,,,,,
2026-03-26T06:17:14.899829Z,132,dc.danglingtree.htb,Microsoft-Windows-WinRM,Microsoft-Windows-WinRM/Operational,1451,4,,,,,Enumeration,,
2026-03-26T06:17:14.900864Z,145,dc.danglingtree.htb,Microsoft-Windows-WinRM,Microsoft-Windows-WinRM/Operational,1452,4,,,,,Enumeration,,http://schemas.microsoft.com/wbem/wsman/1/Config/Plugin
2026-03-26T06:17:14.903654Z,254,dc.danglingtree.htb,Microsoft-Windows-WinRM,Microsoft-Windows-WinRM/Operational,1453,4,,,,,,,
2026-03-26T06:17:14.903655Z,132,dc.danglingtree.htb,Microsoft-Windows-WinRM,Microsoft-Windows-WinRM/Operational,1454,4,,,,,Enumeration,,
2026-03-26T06:17:14.904566Z,145,dc.danglingtree.htb,Microsoft-Windows-WinRM,Microsoft-Windows-WinRM/Operational,1455,4,,,,,Enumeration,,http://schemas.microsoft.com/wbem/wsman/1/Config/Plugin
2026-03-26T06:17:14.906889Z,254,dc.danglingtree.htb,Microsoft-Windows-WinRM,Microsoft-Windows-WinRM/Operational,1456,4,,,,,,,
2026-03-26T06:17:14.906890Z,132,dc.danglingtree.htb,Microsoft-Windows-WinRM,Microsoft-Windows-WinRM/Operational,1457,4,,,,,Enumeration,,
2026-03-26T06:17:14.908763Z,145,dc.danglingtree.htb,Microsoft-Windows-WinRM,Microsoft-Windows-WinRM/Operational,1458,4,,,,,Enumeration,,http://schemas.microsoft.com/wbem/wsman/1/Config/Plugin
2026-03-26T06:17:14.911872Z,254,dc.danglingtree.htb,Microsoft-Windows-WinRM,Microsoft-Windows-WinRM/Operational,1459,4,,,,,,,
2026-03-26T06:17:14.911874Z,132,dc.danglingtree.htb,Microsoft-Windows-WinRM,Microsoft-Windows-WinRM/Operational,1460,4,,,,,Enumeration,,
2026-03-26T06:17:14.913103Z,145,dc.danglingtree.htb,Microsoft-Windows-WinRM,Microsoft-Windows-WinRM/Operational,1461,4,,,,,Enumeration,,http://schemas.microsoft.com/wbem/wsman/1/Config/Plugin
2026-03-26T06:17:14.916028Z,254,dc.danglingtree.htb,Microsoft-Windows-WinRM,Microsoft-Windows-WinRM/Operational,1462,4,,,,,,,
2026-03-26T06:17:14.916029Z,132,dc.danglingtree.htb,Microsoft-Windows-WinRM,Microsoft-Windows-WinRM/Operational,1463,4,,,,,Enumeration,,
2026-03-26T06:17:14.916464Z,145,dc.danglingtree.htb,Microsoft-Windows-WinRM,Microsoft-Windows-WinRM/Operational,1464,4,,,,,Get,,http://schemas.microsoft.com/wbem/wsman/1/Config/Plugin
2026-03-26T06:17:14.917667Z,254,dc.danglingtree.htb,Microsoft-Windows-WinRM,Microsoft-Windows-WinRM/Operational,1465,4,,,,,,,
2026-03-26T06:17:14.917668Z,132,dc.danglingtree.htb,Microsoft-Windows-WinRM,Microsoft-Windows-WinRM/Operational,1466,4,,,,,Get,,
2026-03-26T06:17:14.918576Z,145,dc.danglingtree.htb,Microsoft-Windows-WinRM,Microsoft-Windows-WinRM/Operational,1467,4,,,,,Enumeration,,http://schemas.microsoft.com/wbem/wsman/1/Config/Plugin
2026-03-26T06:17:14.920923Z,254,dc.danglingtree.htb,Microsoft-Windows-WinRM,Microsoft-Windows-WinRM/Operational,1468,4,,,,,,,
2026-03-26T06:17:14.920924Z,132,dc.danglingtree.htb,Microsoft-Windows-WinRM,Microsoft-Windows-WinRM/Operational,1469,4,,,,,Enumeration,,
2026-03-26T06:17:14.925758Z,145,dc.danglingtree.htb,Microsoft-Windows-WinRM,Microsoft-Windows-WinRM/Operational,1470,4,,,,,Enumeration,,http://schemas.microsoft.com/wbem/wsman/1/Config/Plugin
2026-03-26T06:17:14.928812Z,254,dc.danglingtree.htb,Microsoft-Windows-WinRM,Microsoft-Windows-WinRM/Operational,1471,4,,,,,,,
2026-03-26T06:17:14.928813Z,132,dc.danglingtree.htb,Microsoft-Windows-WinRM,Microsoft-Windows-WinRM/Operational,1472,4,,,,,Enumeration,,
2026-03-26T06:17:14.930352Z,145,dc.danglingtree.htb,Microsoft-Windows-WinRM,Microsoft-Windows-WinRM/Operational,1473,4,,,,,Enumeration,,http://schemas.microsoft.com/wbem/wsman/1/Config/Plugin
2026-03-26T06:17:14.933192Z,254,dc.danglingtree.htb,Microsoft-Windows-WinRM,Microsoft-Windows-WinRM/Operational,1474,4,,,,,,,
2026-03-26T06:17:14.933194Z,132,dc.danglingtree.htb,Microsoft-Windows-WinRM,Microsoft-Windows-WinRM/Operational,1475,4,,,,,Enumeration,,
2026-03-26T06:17:14.934241Z,145,dc.danglingtree.htb,Microsoft-Windows-WinRM,Microsoft-Windows-WinRM/Operational,1476,4,,,,,Enumeration,,http://schemas.microsoft.com/wbem/wsman/1/Config/Plugin
2026-03-26T06:17:14.936702Z,254,dc.danglingtree.htb,Microsoft-Windows-WinRM,Microsoft-Windows-WinRM/Operational,1477,4,,,,,,,
2026-03-26T06:17:14.936703Z,132,dc.danglingtree.htb,Microsoft-Windows-WinRM,Microsoft-Windows-WinRM/Operational,1478,4,,,,,Enumeration,,
2026-03-26T06:17:14.937507Z,145,dc.danglingtree.htb,Microsoft-Windows-WinRM,Microsoft-Windows-WinRM/Operational,1479,4,,,,,Enumeration,,http://schemas.microsoft.com/wbem/wsman/1/Config/Plugin
2026-03-26T06:17:14.940017Z,254,dc.danglingtree.htb,Microsoft-Windows-WinRM,Microsoft-Windows-WinRM/Operational,1480,4,,,,,,,
2026-03-26T06:17:14.940018Z,132,dc.danglingtree.htb,Microsoft-Windows-WinRM,Microsoft-Windows-WinRM/Operational,1481,4,,,,,Enumeration,,
2026-03-26T06:17:14.942484Z,145,dc.danglingtree.htb,Microsoft-Windows-WinRM,Microsoft-Windows-WinRM/Operational,1482,4,,,,,Enumeration,,http://schemas.microsoft.com/wbem/wsman/1/Config/Plugin
2026-03-26T06:17:14.945415Z,254,dc.danglingtree.htb,Microsoft-Windows-WinRM,Microsoft-Windows-WinRM/Operational,1483,4,,,,,,,
2026-03-26T06:17:14.945418Z,132,dc.danglingtree.htb,Microsoft-Windows-WinRM,Microsoft-Windows-WinRM/Operational,1484,4,,,,,Enumeration,,
2026-03-26T06:17:14.946424Z,145,dc.danglingtree.htb,Microsoft-Windows-WinRM,Microsoft-Windows-WinRM/Operational,1485,4,,,,,Enumeration,,http://schemas.microsoft.com/wbem/wsman/1/Config/Plugin
2026-03-26T06:17:14.949305Z,254,dc.danglingtree.htb,Microsoft-Windows-WinRM,Microsoft-Windows-WinRM/Operational,1486,4,,,,,,,
2026-03-26T06:17:14.949306Z,132,dc.danglingtree.htb,Microsoft-Windows-WinRM,Microsoft-Windows-WinRM/Operational,1487,4,,,,,Enumeration,,
2026-03-26T06:17:14.952033Z,145,dc.danglingtree.htb,Microsoft-Windows-WinRM,Microsoft-Windows-WinRM/Operational,1488,4,,,,,Enumeration,,http://schemas.microsoft.com/wbem/wsman/1/Config/Plugin
2026-03-26T06:17:14.954488Z,254,dc.danglingtree.htb,Microsoft-Windows-WinRM,Microsoft-Windows-WinRM/Operational,1489,4,,,,,,,
2026-03-26T06:17:14.954489Z,132,dc.danglingtree.htb,Microsoft-Windows-WinRM,Microsoft-Windows-WinRM/Operational,1490,4,,,,,Enumeration,,
2026-03-26T06:17:14.956064Z,145,dc.danglingtree.htb,Microsoft-Windows-WinRM,Microsoft-Windows-WinRM/Operational,1491,4,,,,,Enumeration,,http://schemas.microsoft.com/wbem/wsman/1/Config/Plugin
2026-03-26T06:17:14.959154Z,254,dc.danglingtree.htb,Microsoft-Windows-WinRM,Microsoft-Windows-WinRM/Operational,1492,4,,,,,,,
2026-03-26T06:17:14.959155Z,132,dc.danglingtree.htb,Microsoft-Windows-WinRM,Microsoft-Windows-WinRM/Operational,1493,4,,,,,Enumeration,,
2026-03-26T06:17:14.961202Z,145,dc.danglingtree.htb,Microsoft-Windows-WinRM,Microsoft-Windows-WinRM/Operational,1494,4,,,,,Enumeration,,http://schemas.microsoft.com/wbem/wsman/1/Config/Plugin
2026-03-26T06:17:14.965639Z,254,dc.danglingtree.htb,Microsoft-Windows-WinRM,Microsoft-Windows-WinRM/Operational,1495,4,,,,,,,
2026-03-26T06:17:14.965640Z,132,dc.danglingtree.htb,Microsoft-Windows-WinRM,Microsoft-Windows-WinRM/Operational,1496,4,,,,,Enumeration,,
2026-03-26T06:17:14.967417Z,145,dc.danglingtree.htb,Microsoft-Windows-WinRM,Microsoft-Windows-WinRM/Operational,1497,4,,,,,Enumeration,,http://schemas.microsoft.com/wbem/wsman/1/Config/Plugin
2026-03-26T06:17:14.969982Z,254,dc.danglingtree.htb,Microsoft-Windows-WinRM,Microsoft-Windows-WinRM/Operational,1498,4,,,,,,,
2026-03-26T06:17:14.969983Z,132,dc.danglingtree.htb,Microsoft-Windows-WinRM,Microsoft-Windows-WinRM/Operational,1499,4,,,,,Enumeration,,
2026-03-26T06:17:14.971170Z,145,dc.danglingtree.htb,Microsoft-Windows-WinRM,Microsoft-Windows-WinRM/Operational,1500,4,,,,,Enumeration,,http://schemas.microsoft.com/wbem/wsman/1/Config/Plugin
2026-03-26T06:17:14.973746Z,254,dc.danglingtree.htb,Microsoft-Windows-WinRM,Microsoft-Windows-WinRM/Operational,1501,4,,,,,,,
2026-03-26T06:17:14.973747Z,132,dc.danglingtree.htb,Microsoft-Windows-WinRM,Microsoft-Windows-WinRM/Operational,1502,4,,,,,Enumeration,,
2026-03-26T06:17:14.974615Z,145,dc.danglingtree.htb,Microsoft-Windows-WinRM,Microsoft-Windows-WinRM/Operational,1503,4,,,,,Enumeration,,http://schemas.microsoft.com/wbem/wsman/1/Config/Plugin
2026-03-26T06:17:14.977266Z,254,dc.danglingtree.htb,Microsoft-Windows-WinRM,Microsoft-Windows-WinRM/Operational,1504,4,,,,,,,
2026-03-26T06:17:14.977267Z,132,dc.danglingtree.htb,Microsoft-Windows-WinRM,Microsoft-Windows-WinRM/Operational,1505,4,,,,,Enumeration,,
2026-03-26T06:17:14.978647Z,145,dc.danglingtree.htb,Microsoft-Windows-WinRM,Microsoft-Windows-WinRM/Operational,1506,4,,,,,Enumeration,,http://schemas.microsoft.com/wbem/wsman/1/Config/Plugin
2026-03-26T06:17:14.981017Z,254,dc.danglingtree.htb,Microsoft-Windows-WinRM,Microsoft-Windows-WinRM/Operational,1507,4,,,,,,,
2026-03-26T06:17:14.981018Z,132,dc.danglingtree.htb,Microsoft-Windows-WinRM,Microsoft-Windows-WinRM/Operational,1508,4,,,,,Enumeration,,
2026-03-26T06:17:14.981792Z,145,dc.danglingtree.htb,Microsoft-Windows-WinRM,Microsoft-Windows-WinRM/Operational,1509,4,,,,,Enumeration,,http://schemas.microsoft.com/wbem/wsman/1/Config/Plugin
2026-03-26T06:17:14.984083Z,254,dc.danglingtree.htb,Microsoft-Windows-WinRM,Microsoft-Windows-WinRM/Operational,1510,4,,,,,,,
2026-03-26T06:17:14.984084Z,132,dc.danglingtree.htb,Microsoft-Windows-WinRM,Microsoft-Windows-WinRM/Operational,1511,4,,,,,Enumeration,,
2026-03-26T06:17:14.985101Z,145,dc.danglingtree.htb,Microsoft-Windows-WinRM,Microsoft-Windows-WinRM/Operational,1512,4,,,,,Enumeration,,http://schemas.microsoft.com/wbem/wsman/1/Config/Plugin
2026-03-26T06:17:14.987859Z,254,dc.danglingtree.htb,Microsoft-Windows-WinRM,Microsoft-Windows-WinRM/Operational,1513,4,,,,,,,
2026-03-26T06:17:14.987861Z,132,dc.danglingtree.htb,Microsoft-Windows-WinRM,Microsoft-Windows-WinRM/Operational,1514,4,,,,,Enumeration,,
2026-03-26T06:17:14.989543Z,145,dc.danglingtree.htb,Microsoft-Windows-WinRM,Microsoft-Windows-WinRM/Operational,1515,4,,,,,Enumeration,,http://schemas.microsoft.com/wbem/wsman/1/Config/Plugin
2026-03-26T06:17:14.992271Z,254,dc.danglingtree.htb,Microsoft-Windows-WinRM,Microsoft-Windows-WinRM/Operational,1516,4,,,,,,,
2026-03-26T06:17:14.992272Z,132,dc.danglingtree.htb,Microsoft-Windows-WinRM,Microsoft-Windows-WinRM/Operational,1517,4,,,,,Enumeration,,
2026-03-26T06:17:14.993730Z,145,dc.danglingtree.htb,Microsoft-Windows-WinRM,Microsoft-Windows-WinRM/Operational,1518,4,,,,,Enumeration,,http://schemas.microsoft.com/wbem/wsman/1/Config/Plugin
2026-03-26T06:17:14.997664Z,254,dc.danglingtree.htb,Microsoft-Windows-WinRM,Microsoft-Windows-WinRM/Operational,1519,4,,,,,,,
2026-03-26T06:17:14.997665Z,132,dc.danglingtree.htb,Microsoft-Windows-WinRM,Microsoft-Windows-WinRM/Operational,1520,4,,,,,Enumeration,,
2026-03-26T06:17:14.999357Z,145,dc.danglingtree.htb,Microsoft-Windows-WinRM,Microsoft-Windows-WinRM/Operational,1521,4,,,,,Enumeration,,http://schemas.microsoft.com/wbem/wsman/1/Config/Plugin
2026-03-26T06:17:15.002239Z,254,dc.danglingtree.htb,Microsoft-Windows-WinRM,Microsoft-Windows-WinRM/Operational,1522,4,,,,,,,
2026-03-26T06:17:15.002240Z,132,dc.danglingtree.htb,Microsoft-Windows-WinRM,Microsoft-Windows-WinRM/Operational,1523,4,,,,,Enumeration,,
2026-03-26T06:17:15.003488Z,145,dc.danglingtree.htb,Microsoft-Windows-WinRM,Microsoft-Windows-WinRM/Operational,1524,4,,,,,Enumeration,,http://schemas.microsoft.com/wbem/wsman/1/Config/Plugin
2026-03-26T06:17:15.006188Z,254,dc.danglingtree.htb,Microsoft-Windows-WinRM,Microsoft-Windows-WinRM/Operational,1525,4,,,,,,,
2026-03-26T06:17:15.006190Z,132,dc.danglingtree.htb,Microsoft-Windows-WinRM,Microsoft-Windows-WinRM/Operational,1526,4,,,,,Enumeration,,
2026-03-26T06:17:15.006666Z,145,dc.danglingtree.htb,Microsoft-Windows-WinRM,Microsoft-Windows-WinRM/Operational,1527,4,,,,,Get,,http://schemas.microsoft.com/wbem/wsman/1/Config/Plugin
2026-03-26T06:17:15.007738Z,254,dc.danglingtree.htb,Microsoft-Windows-WinRM,Microsoft-Windows-WinRM/Operational,1528,4,,,,,,,
2026-03-26T06:17:15.007739Z,132,dc.danglingtree.htb,Microsoft-Windows-WinRM,Microsoft-Windows-WinRM/Operational,1529,4,,,,,Get,,
2026-03-26T06:17:15.008618Z,145,dc.danglingtree.htb,Microsoft-Windows-WinRM,Microsoft-Windows-WinRM/Operational,1530,4,,,,,Enumeration,,http://schemas.microsoft.com/wbem/wsman/1/Config/Plugin
2026-03-26T06:17:15.011219Z,254,dc.danglingtree.htb,Microsoft-Windows-WinRM,Microsoft-Windows-WinRM/Operational,1531,4,,,,,,,
2026-03-26T06:17:15.011220Z,132,dc.danglingtree.htb,Microsoft-Windows-WinRM,Microsoft-Windows-WinRM/Operational,1532,4,,,,,Enumeration,,
2026-03-26T06:17:15.012321Z,145,dc.danglingtree.htb,Microsoft-Windows-WinRM,Microsoft-Windows-WinRM/Operational,1533,4,,,,,Enumeration,,http://schemas.microsoft.com/wbem/wsman/1/Config/Plugin
2026-03-26T06:17:15.014752Z,254,dc.danglingtree.htb,Microsoft-Windows-WinRM,Microsoft-Windows-WinRM/Operational,1534,4,,,,,,,
2026-03-26T06:17:15.014753Z,132,dc.danglingtree.htb,Microsoft-Windows-WinRM,Microsoft-Windows-WinRM/Operational,1535,4,,,,,Enumeration,,
2026-03-26T06:17:15.016342Z,145,dc.danglingtree.htb,Microsoft-Windows-WinRM,Microsoft-Windows-WinRM/Operational,1536,4,,,,,Enumeration,,http://schemas.microsoft.com/wbem/wsman/1/Config/Plugin
2026-03-26T06:17:15.018735Z,254,dc.danglingtree.htb,Microsoft-Windows-WinRM,Microsoft-Windows-WinRM/Operational,1537,4,,,,,,,
2026-03-26T06:17:15.018737Z,132,dc.danglingtree.htb,Microsoft-Windows-WinRM,Microsoft-Windows-WinRM/Operational,1538,4,,,,,Enumeration,,
2026-03-26T06:17:15.023445Z,145,dc.danglingtree.htb,Microsoft-Windows-WinRM,Microsoft-Windows-WinRM/Operational,1539,4,,,,,Enumeration,,http://schemas.microsoft.com/wbem/wsman/1/Config/Plugin
2026-03-26T06:17:15.026072Z,254,dc.danglingtree.htb,Microsoft-Windows-WinRM,Microsoft-Windows-WinRM/Operational,1540,4,,,,,,,
2026-03-26T06:17:15.026073Z,132,dc.danglingtree.htb,Microsoft-Windows-WinRM,Microsoft-Windows-WinRM/Operational,1541,4,,,,,Enumeration,,
2026-03-26T06:17:15.026960Z,145,dc.danglingtree.htb,Microsoft-Windows-WinRM,Microsoft-Windows-WinRM/Operational,1542,4,,,,,Enumeration,,http://schemas.microsoft.com/wbem/wsman/1/Config/Plugin
2026-03-26T06:17:15.029213Z,254,dc.danglingtree.htb,Microsoft-Windows-WinRM,Microsoft-Windows-WinRM/Operational,1543,4,,,,,,,
2026-03-26T06:17:15.029214Z,132,dc.danglingtree.htb,Microsoft-Windows-WinRM,Microsoft-Windows-WinRM/Operational,1544,4,,,,,Enumeration,,
2026-03-26T06:17:15.030221Z,145,dc.danglingtree.htb,Microsoft-Windows-WinRM,Microsoft-Windows-WinRM/Operational,1545,4,,,,,Enumeration,,http://schemas.microsoft.com/wbem/wsman/1/Config/Plugin
2026-03-26T06:17:15.032588Z,254,dc.danglingtree.htb,Microsoft-Windows-WinRM,Microsoft-Windows-WinRM/Operational,1546,4,,,,,,,
2026-03-26T06:17:15.032590Z,132,dc.danglingtree.htb,Microsoft-Windows-WinRM,Microsoft-Windows-WinRM/Operational,1547,4,,,,,Enumeration,,
2026-03-26T06:17:15.034015Z,145,dc.danglingtree.htb,Microsoft-Windows-WinRM,Microsoft-Windows-WinRM/Operational,1548,4,,,,,Enumeration,,http://schemas.microsoft.com/wbem/wsman/1/Config/Plugin
2026-03-26T06:17:15.036486Z,254,dc.danglingtree.htb,Microsoft-Windows-WinRM,Microsoft-Windows-WinRM/Operational,1549,4,,,,,,,
2026-03-26T06:17:15.036488Z,132,dc.danglingtree.htb,Microsoft-Windows-WinRM,Microsoft-Windows-WinRM/Operational,1550,4,,,,,Enumeration,,
2026-03-26T06:17:15.037365Z,145,dc.danglingtree.htb,Microsoft-Windows-WinRM,Microsoft-Windows-WinRM/Operational,1551,4,,,,,Enumeration,,http://schemas.microsoft.com/wbem/wsman/1/Config/Plugin
2026-03-26T06:17:15.039632Z,254,dc.danglingtree.htb,Microsoft-Windows-WinRM,Microsoft-Windows-WinRM/Operational,1552,4,,,,,,,
2026-03-26T06:17:15.039633Z,132,dc.danglingtree.htb,Microsoft-Windows-WinRM,Microsoft-Windows-WinRM/Operational,1553,4,,,,,Enumeration,,
2026-03-26T06:17:15.040663Z,145,dc.danglingtree.htb,Microsoft-Windows-WinRM,Microsoft-Windows-WinRM/Operational,1554,4,,,,,Enumeration,,http://schemas.microsoft.com/wbem/wsman/1/Config/Plugin
2026-03-26T06:17:15.042973Z,254,dc.danglingtree.htb,Microsoft-Windows-WinRM,Microsoft-Windows-WinRM/Operational,1555,4,,,,,,,
2026-03-26T06:17:15.042974Z,132,dc.danglingtree.htb,Microsoft-Windows-WinRM,Microsoft-Windows-WinRM/Operational,1556,4,,,,,Enumeration,,
2026-03-26T06:17:15.044479Z,145,dc.danglingtree.htb,Microsoft-Windows-WinRM,Microsoft-Windows-WinRM/Operational,1557,4,,,,,Enumeration,,http://schemas.microsoft.com/wbem/wsman/1/Config/Plugin
2026-03-26T06:17:15.047389Z,254,dc.danglingtree.htb,Microsoft-Windows-WinRM,Microsoft-Windows-WinRM/Operational,1558,4,,,,,,,
2026-03-26T06:17:15.047406Z,132,dc.danglingtree.htb,Microsoft-Windows-WinRM,Microsoft-Windows-WinRM/Operational,1559,4,,,,,Enumeration,,
2026-03-26T06:17:15.048139Z,145,dc.danglingtree.htb,Microsoft-Windows-WinRM,Microsoft-Windows-WinRM/Operational,1560,4,,,,,Enumeration,,http://schemas.microsoft.com/wbem/wsman/1/Config/Plugin
2026-03-26T06:17:15.052629Z,254,dc.danglingtree.htb,Microsoft-Windows-WinRM,Microsoft-Windows-WinRM/Operational,1561,4,,,,,,,
2026-03-26T06:17:15.052630Z,132,dc.danglingtree.htb,Microsoft-Windows-WinRM,Microsoft-Windows-WinRM/Operational,1562,4,,,,,Enumeration,,
2026-03-26T06:17:15.054236Z,145,dc.danglingtree.htb,Microsoft-Windows-WinRM,Microsoft-Windows-WinRM/Operational,1563,4,,,,,Enumeration,,http://schemas.microsoft.com/wbem/wsman/1/Config/Plugin
2026-03-26T06:17:15.056687Z,254,dc.danglingtree.htb,Microsoft-Windows-WinRM,Microsoft-Windows-WinRM/Operational,1564,4,,,,,,,
2026-03-26T06:17:15.056688Z,132,dc.danglingtree.htb,Microsoft-Windows-WinRM,Microsoft-Windows-WinRM/Operational,1565,4,,,,,Enumeration,,
2026-03-26T06:17:15.057592Z,145,dc.danglingtree.htb,Microsoft-Windows-WinRM,Microsoft-Windows-WinRM/Operational,1566,4,,,,,Enumeration,,http://schemas.microsoft.com/wbem/wsman/1/Config/Plugin
2026-03-26T06:17:15.059878Z,254,dc.danglingtree.htb,Microsoft-Windows-WinRM,Microsoft-Windows-WinRM/Operational,1567,4,,,,,,,
2026-03-26T06:17:15.059879Z,132,dc.danglingtree.htb,Microsoft-Windows-WinRM,Microsoft-Windows-WinRM/Operational,1568,4,,,,,Enumeration,,
2026-03-26T06:17:15.060944Z,145,dc.danglingtree.htb,Microsoft-Windows-WinRM,Microsoft-Windows-WinRM/Operational,1569,4,,,,,Enumeration,,http://schemas.microsoft.com/wbem/wsman/1/Config/Plugin
2026-03-26T06:17:15.064626Z,254,dc.danglingtree.htb,Microsoft-Windows-WinRM,Microsoft-Windows-WinRM/Operational,1570,4,,,,,,,
2026-03-26T06:17:15.064627Z,132,dc.danglingtree.htb,Microsoft-Windows-WinRM,Microsoft-Windows-WinRM/Operational,1571,4,,,,,Enumeration,,
2026-03-26T06:17:15.065981Z,145,dc.danglingtree.htb,Microsoft-Windows-WinRM,Microsoft-Windows-WinRM/Operational,1572,4,,,,,Enumeration,,http://schemas.microsoft.com/wbem/wsman/1/Config/Plugin
2026-03-26T06:17:15.068354Z,254,dc.danglingtree.htb,Microsoft-Windows-WinRM,Microsoft-Windows-WinRM/Operational,1573,4,,,,,,,
2026-03-26T06:17:15.068355Z,132,dc.danglingtree.htb,Microsoft-Windows-WinRM,Microsoft-Windows-WinRM/Operational,1574,4,,,,,Enumeration,,
2026-03-26T06:17:15.068994Z,145,dc.danglingtree.htb,Microsoft-Windows-WinRM,Microsoft-Windows-WinRM/Operational,1575,4,,,,,Enumeration,,http://schemas.microsoft.com/wbem/wsman/1/Config/Plugin
2026-03-26T06:17:15.071361Z,254,dc.danglingtree.htb,Microsoft-Windows-WinRM,Microsoft-Windows-WinRM/Operational,1576,4,,,,,,,
2026-03-26T06:17:15.071362Z,132,dc.danglingtree.htb,Microsoft-Windows-WinRM,Microsoft-Windows-WinRM/Operational,1577,4,,,,,Enumeration,,
2026-03-26T06:17:15.071807Z,145,dc.danglingtree.htb,Microsoft-Windows-WinRM,Microsoft-Windows-WinRM/Operational,1578,4,,,,,Get,,http://schemas.microsoft.com/wbem/wsman/1/Config/Plugin
2026-03-26T06:17:15.072717Z,254,dc.danglingtree.htb,Microsoft-Windows-WinRM,Microsoft-Windows-WinRM/Operational,1579,4,,,,,,,
2026-03-26T06:17:15.072719Z,132,dc.danglingtree.htb,Microsoft-Windows-WinRM,Microsoft-Windows-WinRM/Operational,1580,4,,,,,Get,,
2026-03-26T06:17:15.078478Z,145,dc.danglingtree.htb,Microsoft-Windows-WinRM,Microsoft-Windows-WinRM/Operational,1581,4,,,,,Enumeration,,http://schemas.microsoft.com/wbem/wsman/1/Config/Plugin
2026-03-26T06:17:15.081178Z,254,dc.danglingtree.htb,Microsoft-Windows-WinRM,Microsoft-Windows-WinRM/Operational,1582,4,,,,,,,
2026-03-26T06:17:15.081179Z,132,dc.danglingtree.htb,Microsoft-Windows-WinRM,Microsoft-Windows-WinRM/Operational,1583,4,,,,,Enumeration,,
2026-03-26T06:17:15.081675Z,145,dc.danglingtree.htb,Microsoft-Windows-WinRM,Microsoft-Windows-WinRM/Operational,1584,4,,,,,Get,,http://schemas.microsoft.com/wbem/wsman/1/Config/Plugin
2026-03-26T06:17:15.082793Z,254,dc.danglingtree.htb,Microsoft-Windows-WinRM,Microsoft-Windows-WinRM/Operational,1585,4,,,,,,,
2026-03-26T06:17:15.082794Z,132,dc.danglingtree.htb,Microsoft-Windows-WinRM,Microsoft-Windows-WinRM/Operational,1586,4,,,,,Get,,
2026-03-26T06:17:15.084089Z,145,dc.danglingtree.htb,Microsoft-Windows-WinRM,Microsoft-Windows-WinRM/Operational,1587,4,,,,,Enumeration,,http://schemas.microsoft.com/wbem/wsman/1/Config/Plugin
2026-03-26T06:17:15.086694Z,254,dc.danglingtree.htb,Microsoft-Windows-WinRM,Microsoft-Windows-WinRM/Operational,1588,4,,,,,,,
2026-03-26T06:17:15.086695Z,132,dc.danglingtree.htb,Microsoft-Windows-WinRM,Microsoft-Windows-WinRM/Operational,1589,4,,,,,Enumeration,,
2026-03-26T06:17:15.087025Z,145,dc.danglingtree.htb,Microsoft-Windows-WinRM,Microsoft-Windows-WinRM/Operational,1590,4,,,,,Get,,http://schemas.microsoft.com/wbem/wsman/1/Config/Plugin
2026-03-26T06:17:15.087920Z,254,dc.danglingtree.htb,Microsoft-Windows-WinRM,Microsoft-Windows-WinRM/Operational,1591,4,,,,,,,
2026-03-26T06:17:15.087921Z,132,dc.danglingtree.htb,Microsoft-Windows-WinRM,Microsoft-Windows-WinRM/Operational,1592,4,,,,,Get,,
2026-03-26T06:17:15.089183Z,145,dc.danglingtree.htb,Microsoft-Windows-WinRM,Microsoft-Windows-WinRM/Operational,1593,4,,,,,Enumeration,,http://schemas.microsoft.com/wbem/wsman/1/Config/Plugin
2026-03-26T06:17:15.091466Z,254,dc.danglingtree.htb,Microsoft-Windows-WinRM,Microsoft-Windows-WinRM/Operational,1594,4,,,,,,,
2026-03-26T06:17:15.091467Z,132,dc.danglingtree.htb,Microsoft-Windows-WinRM,Microsoft-Windows-WinRM/Operational,1595,4,,,,,Enumeration,,
2026-03-26T06:17:15.091788Z,145,dc.danglingtree.htb,Microsoft-Windows-WinRM,Microsoft-Windows-WinRM/Operational,1596,4,,,,,Get,,http://schemas.microsoft.com/wbem/wsman/1/Config/Plugin
2026-03-26T06:17:15.092670Z,254,dc.danglingtree.htb,Microsoft-Windows-WinRM,Microsoft-Windows-WinRM/Operational,1597,4,,,,,,,
2026-03-26T06:17:15.092671Z,132,dc.danglingtree.htb,Microsoft-Windows-WinRM,Microsoft-Windows-WinRM/Operational,1598,4,,,,,Get,,
2026-03-26T06:17:15.093473Z,145,dc.danglingtree.htb,Microsoft-Windows-WinRM,Microsoft-Windows-WinRM/Operational,1599,4,,,,,Enumeration,,http://schemas.microsoft.com/wbem/wsman/1/Config/Plugin
2026-03-26T06:17:15.096333Z,254,dc.danglingtree.htb,Microsoft-Windows-WinRM,Microsoft-Windows-WinRM/Operational,1600,4,,,,,,,
2026-03-26T06:17:15.096334Z,132,dc.danglingtree.htb,Microsoft-Windows-WinRM,Microsoft-Windows-WinRM/Operational,1601,4,,,,,Enumeration,,
2026-03-26T06:17:15.096704Z,145,dc.danglingtree.htb,Microsoft-Windows-WinRM,Microsoft-Windows-WinRM/Operational,1602,4,,,,,Get,,http://schemas.microsoft.com/wbem/wsman/1/Config/Plugin
2026-03-26T06:17:15.097981Z,254,dc.danglingtree.htb,Microsoft-Windows-WinRM,Microsoft-Windows-WinRM/Operational,1603,4,,,,,,,
2026-03-26T06:17:15.097982Z,132,dc.danglingtree.htb,Microsoft-Windows-WinRM,Microsoft-Windows-WinRM/Operational,1604,4,,,,,Get,,
2026-03-26T06:17:15.098551Z,145,dc.danglingtree.htb,Microsoft-Windows-WinRM,Microsoft-Windows-WinRM/Operational,1605,4,,,,,Get,,http://schemas.microsoft.com/wbem/wsman/1/Config/Plugin
2026-03-26T06:17:15.099532Z,254,dc.danglingtree.htb,Microsoft-Windows-WinRM,Microsoft-Windows-WinRM/Operational,1606,4,,,,,,,
2026-03-26T06:17:15.099533Z,132,dc.danglingtree.htb,Microsoft-Windows-WinRM,Microsoft-Windows-WinRM/Operational,1607,4,,,,,Get,,
2026-03-26T06:17:15.099864Z,145,dc.danglingtree.htb,Microsoft-Windows-WinRM,Microsoft-Windows-WinRM/Operational,1608,4,,,,,Put,,http://schemas.microsoft.com/wbem/wsman/1/Config/Plugin
2026-03-26T06:17:15.103587Z,254,dc.danglingtree.htb,Microsoft-Windows-WinRM,Microsoft-Windows-WinRM/Operational,1609,4,,,,,,,
2026-03-26T06:17:15.103589Z,132,dc.danglingtree.htb,Microsoft-Windows-WinRM,Microsoft-Windows-WinRM/Operational,1610,4,,,,,Put,,
2026-03-26T06:17:15.104372Z,145,dc.danglingtree.htb,Microsoft-Windows-WinRM,Microsoft-Windows-WinRM/Operational,1611,4,,,,,Get,,http://schemas.microsoft.com/wbem/wsman/1/Config/Plugin
2026-03-26T06:17:15.112592Z,254,dc.danglingtree.htb,Microsoft-Windows-WinRM,Microsoft-Windows-WinRM/Operational,1612,4,,,,,,,
2026-03-26T06:17:15.112594Z,132,dc.danglingtree.htb,Microsoft-Windows-WinRM,Microsoft-Windows-WinRM/Operational,1613,4,,,,,Get,,
2026-03-26T06:17:15.113221Z,145,dc.danglingtree.htb,Microsoft-Windows-WinRM,Microsoft-Windows-WinRM/Operational,1614,4,,,,,Enumeration,,http://schemas.microsoft.com/wbem/wsman/1/Config/Plugin
2026-03-26T06:17:15.115914Z,254,dc.danglingtree.htb,Microsoft-Windows-WinRM,Microsoft-Windows-WinRM/Operational,1615,4,,,,,,,
2026-03-26T06:17:15.115915Z,132,dc.danglingtree.htb,Microsoft-Windows-WinRM,Microsoft-Windows-WinRM/Operational,1616,4,,,,,Enumeration,,
2026-03-26T06:17:15.116513Z,145,dc.danglingtree.htb,Microsoft-Windows-WinRM,Microsoft-Windows-WinRM/Operational,1617,4,,,,,Put,,http://schemas.microsoft.com/wbem/wsman/1/Config/Plugin
2026-03-26T06:17:15.120387Z,254,dc.danglingtree.htb,Microsoft-Windows-WinRM,Microsoft-Windows-WinRM/Operational,1618,4,,,,,,,
2026-03-26T06:17:15.120389Z,132,dc.danglingtree.htb,Microsoft-Windows-WinRM,Microsoft-Windows-WinRM/Operational,1619,4,,,,,Put,,
2026-03-26T06:17:15.123531Z,145,dc.danglingtree.htb,Microsoft-Windows-WinRM,Microsoft-Windows-WinRM/Operational,1620,4,,,,,Enumeration,,http://schemas.microsoft.com/wbem/wsman/1/Config/Plugin
2026-03-26T06:17:15.130822Z,254,dc.danglingtree.htb,Microsoft-Windows-WinRM,Microsoft-Windows-WinRM/Operational,1621,4,,,,,,,
2026-03-26T06:17:15.130823Z,132,dc.danglingtree.htb,Microsoft-Windows-WinRM,Microsoft-Windows-WinRM/Operational,1622,4,,,,,Enumeration,,
2026-03-26T06:17:15.131216Z,145,dc.danglingtree.htb,Microsoft-Windows-WinRM,Microsoft-Windows-WinRM/Operational,1623,4,,,,,Get,,http://schemas.microsoft.com/wbem/wsman/1/Config/Plugin
2026-03-26T06:17:15.131985Z,254,dc.danglingtree.htb,Microsoft-Windows-WinRM,Microsoft-Windows-WinRM/Operational,1624,4,,,,,,,
2026-03-26T06:17:15.131986Z,132,dc.danglingtree.htb,Microsoft-Windows-WinRM,Microsoft-Windows-WinRM/Operational,1625,4,,,,,Get,,
2026-03-26T06:17:15.135552Z,145,dc.danglingtree.htb,Microsoft-Windows-WinRM,Microsoft-Windows-WinRM/Operational,1626,4,,,,,Enumeration,,http://schemas.microsoft.com/wbem/wsman/1/Config/Plugin
2026-03-26T06:17:15.138153Z,254,dc.danglingtree.htb,Microsoft-Windows-WinRM,Microsoft-Windows-WinRM/Operational,1627,4,,,,,,,
2026-03-26T06:17:15.138154Z,132,dc.danglingtree.htb,Microsoft-Windows-WinRM,Microsoft-Windows-WinRM/Operational,1628,4,,,,,Enumeration,,
2026-03-26T06:17:15.138504Z,145,dc.danglingtree.htb,Microsoft-Windows-WinRM,Microsoft-Windows-WinRM/Operational,1629,4,,,,,Get,,http://schemas.microsoft.com/wbem/wsman/1/Config/Plugin
2026-03-26T06:17:15.139531Z,254,dc.danglingtree.htb,Microsoft-Windows-WinRM,Microsoft-Windows-WinRM/Operational,1630,4,,,,,,,
2026-03-26T06:17:15.139533Z,132,dc.danglingtree.htb,Microsoft-Windows-WinRM,Microsoft-Windows-WinRM/Operational,1631,4,,,,,Get,,
2026-03-26T06:17:15.140847Z,145,dc.danglingtree.htb,Microsoft-Windows-WinRM,Microsoft-Windows-WinRM/Operational,1632,4,,,,,Enumeration,,http://schemas.microsoft.com/wbem/wsman/1/Config/Plugin
2026-03-26T06:17:15.143696Z,254,dc.danglingtree.htb,Microsoft-Windows-WinRM,Microsoft-Windows-WinRM/Operational,1633,4,,,,,,,
2026-03-26T06:17:15.143697Z,132,dc.danglingtree.htb,Microsoft-Windows-WinRM,Microsoft-Windows-WinRM/Operational,1634,4,,,,,Enumeration,,
2026-03-26T06:17:15.144300Z,145,dc.danglingtree.htb,Microsoft-Windows-WinRM,Microsoft-Windows-WinRM/Operational,1635,4,,,,,Get,,http://schemas.microsoft.com/wbem/wsman/1/Config/Plugin
2026-03-26T06:17:15.145141Z,254,dc.danglingtree.htb,Microsoft-Windows-WinRM,Microsoft-Windows-WinRM/Operational,1636,4,,,,,,,
2026-03-26T06:17:15.145142Z,132,dc.danglingtree.htb,Microsoft-Windows-WinRM,Microsoft-Windows-WinRM/Operational,1637,4,,,,,Get,,
2026-03-26T06:17:15.146453Z,145,dc.danglingtree.htb,Microsoft-Windows-WinRM,Microsoft-Windows-WinRM/Operational,1638,4,,,,,Enumeration,,http://schemas.microsoft.com/wbem/wsman/1/Config/Plugin
2026-03-26T06:17:15.148771Z,254,dc.danglingtree.htb,Microsoft-Windows-WinRM,Microsoft-Windows-WinRM/Operational,1639,4,,,,,,,
2026-03-26T06:17:15.148772Z,132,dc.danglingtree.htb,Microsoft-Windows-WinRM,Microsoft-Windows-WinRM/Operational,1640,4,,,,,Enumeration,,
2026-03-26T06:17:15.149311Z,145,dc.danglingtree.htb,Microsoft-Windows-WinRM,Microsoft-Windows-WinRM/Operational,1641,4,,,,,Get,,http://schemas.microsoft.com/wbem/wsman/1/Config/Plugin
2026-03-26T06:17:15.150722Z,254,dc.danglingtree.htb,Microsoft-Windows-WinRM,Microsoft-Windows-WinRM/Operational,1642,4,,,,,,,
2026-03-26T06:17:15.150724Z,132,dc.danglingtree.htb,Microsoft-Windows-WinRM,Microsoft-Windows-WinRM/Operational,1643,4,,,,,Get,,
2026-03-26T06:17:15.153473Z,145,dc.danglingtree.htb,Microsoft-Windows-WinRM,Microsoft-Windows-WinRM/Operational,1644,4,,,,,Enumeration,,http://schemas.microsoft.com/wbem/wsman/1/Config/Plugin
2026-03-26T06:17:15.156426Z,254,dc.danglingtree.htb,Microsoft-Windows-WinRM,Microsoft-Windows-WinRM/Operational,1645,4,,,,,,,
2026-03-26T06:17:15.156427Z,132,dc.danglingtree.htb,Microsoft-Windows-WinRM,Microsoft-Windows-WinRM/Operational,1646,4,,,,,Enumeration,,
2026-03-26T06:17:15.156910Z,145,dc.danglingtree.htb,Microsoft-Windows-WinRM,Microsoft-Windows-WinRM/Operational,1647,4,,,,,Get,,http://schemas.microsoft.com/wbem/wsman/1/Config/Plugin
2026-03-26T06:17:15.157756Z,254,dc.danglingtree.htb,Microsoft-Windows-WinRM,Microsoft-Windows-WinRM/Operational,1648,4,,,,,,,
2026-03-26T06:17:15.157757Z,132,dc.danglingtree.htb,Microsoft-Windows-WinRM,Microsoft-Windows-WinRM/Operational,1649,4,,,,,Get,,
2026-03-26T06:17:15.162663Z,145,dc.danglingtree.htb,Microsoft-Windows-WinRM,Microsoft-Windows-WinRM/Operational,1650,4,,,,,Enumeration,,http://schemas.microsoft.com/wbem/wsman/1/Config/Plugin
2026-03-26T06:17:15.165382Z,254,dc.danglingtree.htb,Microsoft-Windows-WinRM,Microsoft-Windows-WinRM/Operational,1651,4,,,,,,,
2026-03-26T06:17:15.165383Z,132,dc.danglingtree.htb,Microsoft-Windows-WinRM,Microsoft-Windows-WinRM/Operational,1652,4,,,,,Enumeration,,
2026-03-26T06:17:15.165784Z,145,dc.danglingtree.htb,Microsoft-Windows-WinRM,Microsoft-Windows-WinRM/Operational,1653,4,,,,,Get,,http://schemas.microsoft.com/wbem/wsman/1/Config/Plugin
2026-03-26T06:17:15.166535Z,254,dc.danglingtree.htb,Microsoft-Windows-WinRM,Microsoft-Windows-WinRM/Operational,1654,4,,,,,,,
2026-03-26T06:17:15.166536Z,132,dc.danglingtree.htb,Microsoft-Windows-WinRM,Microsoft-Windows-WinRM/Operational,1655,4,,,,,Get,,
2026-03-26T06:17:15.168536Z,145,dc.danglingtree.htb,Microsoft-Windows-WinRM,Microsoft-Windows-WinRM/Operational,1656,4,,,,,Enumeration,,http://schemas.microsoft.com/wbem/wsman/1/Config/Plugin
2026-03-26T06:17:15.171459Z,254,dc.danglingtree.htb,Microsoft-Windows-WinRM,Microsoft-Windows-WinRM/Operational,1657,4,,,,,,,
2026-03-26T06:17:15.171461Z,132,dc.danglingtree.htb,Microsoft-Windows-WinRM,Microsoft-Windows-WinRM/Operational,1658,4,,,,,Enumeration,,
2026-03-26T06:17:15.172119Z,145,dc.danglingtree.htb,Microsoft-Windows-WinRM,Microsoft-Windows-WinRM/Operational,1659,4,,,,,Get,,http://schemas.microsoft.com/wbem/wsman/1/Config/Plugin
2026-03-26T06:17:15.173389Z,254,dc.danglingtree.htb,Microsoft-Windows-WinRM,Microsoft-Windows-WinRM/Operational,1660,4,,,,,,,
2026-03-26T06:17:15.173390Z,132,dc.danglingtree.htb,Microsoft-Windows-WinRM,Microsoft-Windows-WinRM/Operational,1661,4,,,,,Get,,
2026-03-26T06:17:15.176385Z,145,dc.danglingtree.htb,Microsoft-Windows-WinRM,Microsoft-Windows-WinRM/Operational,1662,4,,,,,Enumeration,,http://schemas.microsoft.com/wbem/wsman/1/Config/Plugin
2026-03-26T06:17:15.179679Z,254,dc.danglingtree.htb,Microsoft-Windows-WinRM,Microsoft-Windows-WinRM/Operational,1663,4,,,,,,,
2026-03-26T06:17:15.179680Z,132,dc.danglingtree.htb,Microsoft-Windows-WinRM,Microsoft-Windows-WinRM/Operational,1664,4,,,,,Enumeration,,
2026-03-26T06:17:15.180096Z,145,dc.danglingtree.htb,Microsoft-Windows-WinRM,Microsoft-Windows-WinRM/Operational,1665,4,,,,,Get,,http://schemas.microsoft.com/wbem/wsman/1/Config/Plugin
2026-03-26T06:17:15.181032Z,254,dc.danglingtree.htb,Microsoft-Windows-WinRM,Microsoft-Windows-WinRM/Operational,1666,4,,,,,,,
2026-03-26T06:17:15.181033Z,132,dc.danglingtree.htb,Microsoft-Windows-WinRM,Microsoft-Windows-WinRM/Operational,1667,4,,,,,Get,,
2026-03-26T06:17:15.181811Z,145,dc.danglingtree.htb,Microsoft-Windows-WinRM,Microsoft-Windows-WinRM/Operational,1668,4,,,,,Enumeration,,http://schemas.microsoft.com/wbem/wsman/1/Config/Plugin
2026-03-26T06:17:15.184995Z,254,dc.danglingtree.htb,Microsoft-Windows-WinRM,Microsoft-Windows-WinRM/Operational,1669,4,,,,,,,
2026-03-26T06:17:15.184997Z,132,dc.danglingtree.htb,Microsoft-Windows-WinRM,Microsoft-Windows-WinRM/Operational,1670,4,,,,,Enumeration,,
2026-03-26T06:17:15.185434Z,145,dc.danglingtree.htb,Microsoft-Windows-WinRM,Microsoft-Windows-WinRM/Operational,1671,4,,,,,Get,,http://schemas.microsoft.com/wbem/wsman/1/Config/Plugin
2026-03-26T06:17:15.186333Z,254,dc.danglingtree.htb,Microsoft-Windows-WinRM,Microsoft-Windows-WinRM/Operational,1672,4,,,,,,,
2026-03-26T06:17:15.186334Z,132,dc.danglingtree.htb,Microsoft-Windows-WinRM,Microsoft-Windows-WinRM/Operational,1673,4,,,,,Get,,
2026-03-26T06:17:15.189861Z,145,dc.danglingtree.htb,Microsoft-Windows-WinRM,Microsoft-Windows-WinRM/Operational,1674,4,,,,,Enumeration,,http://schemas.microsoft.com/wbem/wsman/1/Config/Plugin
2026-03-26T06:17:15.193017Z,254,dc.danglingtree.htb,Microsoft-Windows-WinRM,Microsoft-Windows-WinRM/Operational,1675,4,,,,,,,
2026-03-26T06:17:15.193018Z,132,dc.danglingtree.htb,Microsoft-Windows-WinRM,Microsoft-Windows-WinRM/Operational,1676,4,,,,,Enumeration,,
2026-03-26T06:17:15.193969Z,145,dc.danglingtree.htb,Microsoft-Windows-WinRM,Microsoft-Windows-WinRM/Operational,1677,4,,,,,Enumeration,,http://schemas.microsoft.com/wbem/wsman/1/Config/Plugin
2026-03-26T06:17:15.197654Z,254,dc.danglingtree.htb,Microsoft-Windows-WinRM,Microsoft-Windows-WinRM/Operational,1678,4,,,,,,,
2026-03-26T06:17:15.197655Z,132,dc.danglingtree.htb,Microsoft-Windows-WinRM,Microsoft-Windows-WinRM/Operational,1679,4,,,,,Enumeration,,
2026-03-26T06:17:15.199166Z,145,dc.danglingtree.htb,Microsoft-Windows-WinRM,Microsoft-Windows-WinRM/Operational,1680,4,,,,,Enumeration,,http://schemas.microsoft.com/wbem/wsman/1/Config/Plugin
2026-03-26T06:17:15.203630Z,254,dc.danglingtree.htb,Microsoft-Windows-WinRM,Microsoft-Windows-WinRM/Operational,1681,4,,,,,,,
2026-03-26T06:17:15.203631Z,132,dc.danglingtree.htb,Microsoft-Windows-WinRM,Microsoft-Windows-WinRM/Operational,1682,4,,,,,Enumeration,,
2026-03-26T06:17:15.205560Z,145,dc.danglingtree.htb,Microsoft-Windows-WinRM,Microsoft-Windows-WinRM/Operational,1683,4,,,,,Enumeration,,http://schemas.microsoft.com/wbem/wsman/1/Config/Plugin
2026-03-26T06:17:15.209311Z,254,dc.danglingtree.htb,Microsoft-Windows-WinRM,Microsoft-Windows-WinRM/Operational,1684,4,,,,,,,
2026-03-26T06:17:15.209312Z,132,dc.danglingtree.htb,Microsoft-Windows-WinRM,Microsoft-Windows-WinRM/Operational,1685,4,,,,,Enumeration,,
2026-03-26T06:17:15.210712Z,145,dc.danglingtree.htb,Microsoft-Windows-WinRM,Microsoft-Windows-WinRM/Operational,1686,4,,,,,Enumeration,,http://schemas.microsoft.com/wbem/wsman/1/Config/Plugin
2026-03-26T06:17:15.214805Z,254,dc.danglingtree.htb,Microsoft-Windows-WinRM,Microsoft-Windows-WinRM/Operational,1687,4,,,,,,,
2026-03-26T06:17:15.214808Z,132,dc.danglingtree.htb,Microsoft-Windows-WinRM,Microsoft-Windows-WinRM/Operational,1688,4,,,,,Enumeration,,
2026-03-26T06:17:15.216883Z,145,dc.danglingtree.htb,Microsoft-Windows-WinRM,Microsoft-Windows-WinRM/Operational,1689,4,,,,,Enumeration,,http://schemas.microsoft.com/wbem/wsman/1/Config/Plugin
2026-03-26T06:17:15.220781Z,254,dc.danglingtree.htb,Microsoft-Windows-WinRM,Microsoft-Windows-WinRM/Operational,1690,4,,,,,,,
2026-03-26T06:17:15.220782Z,132,dc.danglingtree.htb,Microsoft-Windows-WinRM,Microsoft-Windows-WinRM/Operational,1691,4,,,,,Enumeration,,
2026-03-26T06:17:15.222010Z,145,dc.danglingtree.htb,Microsoft-Windows-WinRM,Microsoft-Windows-WinRM/Operational,1692,4,,,,,Enumeration,,http://schemas.microsoft.com/wbem/wsman/1/Config/Plugin
2026-03-26T06:17:15.226270Z,254,dc.danglingtree.htb,Microsoft-Windows-WinRM,Microsoft-Windows-WinRM/Operational,1693,4,,,,,,,
2026-03-26T06:17:15.226271Z,132,dc.danglingtree.htb,Microsoft-Windows-WinRM,Microsoft-Windows-WinRM/Operational,1694,4,,,,,Enumeration,,
2026-03-26T06:17:15.228495Z,145,dc.danglingtree.htb,Microsoft-Windows-WinRM,Microsoft-Windows-WinRM/Operational,1695,4,,,,,Enumeration,,http://schemas.microsoft.com/wbem/wsman/1/Config/Plugin
2026-03-26T06:17:15.232867Z,254,dc.danglingtree.htb,Microsoft-Windows-WinRM,Microsoft-Windows-WinRM/Operational,1696,4,,,,,,,
2026-03-26T06:17:15.232869Z,132,dc.danglingtree.htb,Microsoft-Windows-WinRM,Microsoft-Windows-WinRM/Operational,1697,4,,,,,Enumeration,,
2026-03-26T06:17:15.234465Z,145,dc.danglingtree.htb,Microsoft-Windows-WinRM,Microsoft-Windows-WinRM/Operational,1698,4,,,,,Enumeration,,http://schemas.microsoft.com/wbem/wsman/1/Config/Plugin
2026-03-26T06:17:15.238377Z,254,dc.danglingtree.htb,Microsoft-Windows-WinRM,Microsoft-Windows-WinRM/Operational,1699,4,,,,,,,
2026-03-26T06:17:15.238378Z,132,dc.danglingtree.htb,Microsoft-Windows-WinRM,Microsoft-Windows-WinRM/Operational,1700,4,,,,,Enumeration,,
2026-03-26T06:17:15.239817Z,145,dc.danglingtree.htb,Microsoft-Windows-WinRM,Microsoft-Windows-WinRM/Operational,1701,4,,,,,Enumeration,,http://schemas.microsoft.com/wbem/wsman/1/Config/Plugin
2026-03-26T06:17:15.244300Z,254,dc.danglingtree.htb,Microsoft-Windows-WinRM,Microsoft-Windows-WinRM/Operational,1702,4,,,,,,,
2026-03-26T06:17:15.244302Z,132,dc.danglingtree.htb,Microsoft-Windows-WinRM,Microsoft-Windows-WinRM/Operational,1703,4,,,,,Enumeration,,
2026-03-26T06:17:15.245967Z,145,dc.danglingtree.htb,Microsoft-Windows-WinRM,Microsoft-Windows-WinRM/Operational,1704,4,,,,,Enumeration,,http://schemas.microsoft.com/wbem/wsman/1/Config/Plugin
2026-03-26T06:17:15.249900Z,254,dc.danglingtree.htb,Microsoft-Windows-WinRM,Microsoft-Windows-WinRM/Operational,1705,4,,,,,,,
2026-03-26T06:17:15.249901Z,132,dc.danglingtree.htb,Microsoft-Windows-WinRM,Microsoft-Windows-WinRM/Operational,1706,4,,,,,Enumeration,,
2026-03-26T06:17:15.251331Z,145,dc.danglingtree.htb,Microsoft-Windows-WinRM,Microsoft-Windows-WinRM/Operational,1707,4,,,,,Enumeration,,http://schemas.microsoft.com/wbem/wsman/1/Config/Plugin
2026-03-26T06:17:15.254649Z,254,dc.danglingtree.htb,Microsoft-Windows-WinRM,Microsoft-Windows-WinRM/Operational,1708,4,,,,,,,
2026-03-26T06:17:15.254651Z,132,dc.danglingtree.htb,Microsoft-Windows-WinRM,Microsoft-Windows-WinRM/Operational,1709,4,,,,,Enumeration,,
2026-03-26T06:17:15.255874Z,145,dc.danglingtree.htb,Microsoft-Windows-WinRM,Microsoft-Windows-WinRM/Operational,1710,4,,,,,Enumeration,,http://schemas.microsoft.com/wbem/wsman/1/Config/Plugin
2026-03-26T06:17:15.259231Z,254,dc.danglingtree.htb,Microsoft-Windows-WinRM,Microsoft-Windows-WinRM/Operational,1711,4,,,,,,,
2026-03-26T06:17:15.259233Z,132,dc.danglingtree.htb,Microsoft-Windows-WinRM,Microsoft-Windows-WinRM/Operational,1712,4,,,,,Enumeration,,
2026-03-26T06:17:15.266208Z,145,dc.danglingtree.htb,Microsoft-Windows-WinRM,Microsoft-Windows-WinRM/Operational,1713,4,,,,,Enumeration,,http://schemas.microsoft.com/wbem/wsman/1/Config/Plugin
2026-03-26T06:17:15.269936Z,254,dc.danglingtree.htb,Microsoft-Windows-WinRM,Microsoft-Windows-WinRM/Operational,1714,4,,,,,,,
2026-03-26T06:17:15.269938Z,132,dc.danglingtree.htb,Microsoft-Windows-WinRM,Microsoft-Windows-WinRM/Operational,1715,4,,,,,Enumeration,,
2026-03-26T06:17:15.271033Z,145,dc.danglingtree.htb,Microsoft-Windows-WinRM,Microsoft-Windows-WinRM/Operational,1716,4,,,,,Enumeration,,http://schemas.microsoft.com/wbem/wsman/1/Config/Plugin
2026-03-26T06:17:15.274604Z,254,dc.danglingtree.htb,Microsoft-Windows-WinRM,Microsoft-Windows-WinRM/Operational,1717,4,,,,,,,
2026-03-26T06:17:15.274605Z,132,dc.danglingtree.htb,Microsoft-Windows-WinRM,Microsoft-Windows-WinRM/Operational,1718,4,,,,,Enumeration,,
2026-03-26T06:17:15.275670Z,145,dc.danglingtree.htb,Microsoft-Windows-WinRM,Microsoft-Windows-WinRM/Operational,1719,4,,,,,Enumeration,,http://schemas.microsoft.com/wbem/wsman/1/Config/Plugin
2026-03-26T06:17:15.279259Z,254,dc.danglingtree.htb,Microsoft-Windows-WinRM,Microsoft-Windows-WinRM/Operational,1720,4,,,,,,,
2026-03-26T06:17:15.279260Z,132,dc.danglingtree.htb,Microsoft-Windows-WinRM,Microsoft-Windows-WinRM/Operational,1721,4,,,,,Enumeration,,
2026-03-26T06:17:15.281237Z,145,dc.danglingtree.htb,Microsoft-Windows-WinRM,Microsoft-Windows-WinRM/Operational,1722,4,,,,,Enumeration,,http://schemas.microsoft.com/wbem/wsman/1/Config/Plugin
2026-03-26T06:17:15.284448Z,254,dc.danglingtree.htb,Microsoft-Windows-WinRM,Microsoft-Windows-WinRM/Operational,1723,4,,,,,,,
2026-03-26T06:17:15.284449Z,132,dc.danglingtree.htb,Microsoft-Windows-WinRM,Microsoft-Windows-WinRM/Operational,1724,4,,,,,Enumeration,,
2026-03-26T06:17:15.285422Z,145,dc.danglingtree.htb,Microsoft-Windows-WinRM,Microsoft-Windows-WinRM/Operational,1725,4,,,,,Enumeration,,http://schemas.microsoft.com/wbem/wsman/1/Config/Plugin
2026-03-26T06:17:15.288858Z,254,dc.danglingtree.htb,Microsoft-Windows-WinRM,Microsoft-Windows-WinRM/Operational,1726,4,,,,,,,
2026-03-26T06:17:15.288859Z,132,dc.danglingtree.htb,Microsoft-Windows-WinRM,Microsoft-Windows-WinRM/Operational,1727,4,,,,,Enumeration,,
2026-03-26T06:17:15.290293Z,145,dc.danglingtree.htb,Microsoft-Windows-WinRM,Microsoft-Windows-WinRM/Operational,1728,4,,,,,Enumeration,,http://schemas.microsoft.com/wbem/wsman/1/Config/Plugin
2026-03-26T06:17:15.294304Z,254,dc.danglingtree.htb,Microsoft-Windows-WinRM,Microsoft-Windows-WinRM/Operational,1729,4,,,,,,,
2026-03-26T06:17:15.294306Z,132,dc.danglingtree.htb,Microsoft-Windows-WinRM,Microsoft-Windows-WinRM/Operational,1730,4,,,,,Enumeration,,
2026-03-26T06:17:15.295297Z,145,dc.danglingtree.htb,Microsoft-Windows-WinRM,Microsoft-Windows-WinRM/Operational,1731,4,,,,,Enumeration,,http://schemas.microsoft.com/wbem/wsman/1/Config/Plugin
2026-03-26T06:17:15.297859Z,254,dc.danglingtree.htb,Microsoft-Windows-WinRM,Microsoft-Windows-WinRM/Operational,1732,4,,,,,,,
2026-03-26T06:17:15.297860Z,132,dc.danglingtree.htb,Microsoft-Windows-WinRM,Microsoft-Windows-WinRM/Operational,1733,4,,,,,Enumeration,,
2026-03-26T06:17:15.298630Z,145,dc.danglingtree.htb,Microsoft-Windows-WinRM,Microsoft-Windows-WinRM/Operational,1734,4,,,,,Enumeration,,http://schemas.microsoft.com/wbem/wsman/1/Config/Plugin
2026-03-26T06:17:15.301497Z,254,dc.danglingtree.htb,Microsoft-Windows-WinRM,Microsoft-Windows-WinRM/Operational,1735,4,,,,,,,
2026-03-26T06:17:15.301498Z,132,dc.danglingtree.htb,Microsoft-Windows-WinRM,Microsoft-Windows-WinRM/Operational,1736,4,,,,,Enumeration,,
2026-03-26T06:17:15.302646Z,145,dc.danglingtree.htb,Microsoft-Windows-WinRM,Microsoft-Windows-WinRM/Operational,1737,4,,,,,Enumeration,,http://schemas.microsoft.com/wbem/wsman/1/Config/Plugin
2026-03-26T06:17:15.305498Z,254,dc.danglingtree.htb,Microsoft-Windows-WinRM,Microsoft-Windows-WinRM/Operational,1738,4,,,,,,,
2026-03-26T06:17:15.305499Z,132,dc.danglingtree.htb,Microsoft-Windows-WinRM,Microsoft-Windows-WinRM/Operational,1739,4,,,,,Enumeration,,
2026-03-26T06:17:15.306293Z,145,dc.danglingtree.htb,Microsoft-Windows-WinRM,Microsoft-Windows-WinRM/Operational,1740,4,,,,,Enumeration,,http://schemas.microsoft.com/wbem/wsman/1/Config/Plugin
2026-03-26T06:17:15.309095Z,254,dc.danglingtree.htb,Microsoft-Windows-WinRM,Microsoft-Windows-WinRM/Operational,1741,4,,,,,,,
2026-03-26T06:17:15.309096Z,132,dc.danglingtree.htb,Microsoft-Windows-WinRM,Microsoft-Windows-WinRM/Operational,1742,4,,,,,Enumeration,,
2026-03-26T06:17:15.309612Z,145,dc.danglingtree.htb,Microsoft-Windows-WinRM,Microsoft-Windows-WinRM/Operational,1743,4,,,,,Get,,http://schemas.microsoft.com/wbem/wsman/1/Config/Plugin
2026-03-26T06:17:15.310596Z,254,dc.danglingtree.htb,Microsoft-Windows-WinRM,Microsoft-Windows-WinRM/Operational,1744,4,,,,,,,
2026-03-26T06:17:15.310597Z,132,dc.danglingtree.htb,Microsoft-Windows-WinRM,Microsoft-Windows-WinRM/Operational,1745,4,,,,,Get,,
2026-03-26T06:17:15.311530Z,145,dc.danglingtree.htb,Microsoft-Windows-WinRM,Microsoft-Windows-WinRM/Operational,1746,4,,,,,Enumeration,,http://schemas.microsoft.com/wbem/wsman/1/Config/Plugin
2026-03-26T06:17:15.314332Z,254,dc.danglingtree.htb,Microsoft-Windows-WinRM,Microsoft-Windows-WinRM/Operational,1747,4,,,,,,,
2026-03-26T06:17:15.314333Z,132,dc.danglingtree.htb,Microsoft-Windows-WinRM,Microsoft-Windows-WinRM/Operational,1748,4,,,,,Enumeration,,
2026-03-26T06:17:15.315139Z,145,dc.danglingtree.htb,Microsoft-Windows-WinRM,Microsoft-Windows-WinRM/Operational,1749,4,,,,,Enumeration,,http://schemas.microsoft.com/wbem/wsman/1/Config/Plugin
2026-03-26T06:17:15.317483Z,254,dc.danglingtree.htb,Microsoft-Windows-WinRM,Microsoft-Windows-WinRM/Operational,1750,4,,,,,,,
2026-03-26T06:17:15.317483Z,132,dc.danglingtree.htb,Microsoft-Windows-WinRM,Microsoft-Windows-WinRM/Operational,1751,4,,,,,Enumeration,,
2026-03-26T06:17:15.318546Z,145,dc.danglingtree.htb,Microsoft-Windows-WinRM,Microsoft-Windows-WinRM/Operational,1752,4,,,,,Enumeration,,http://schemas.microsoft.com/wbem/wsman/1/Config/Plugin
2026-03-26T06:17:15.322062Z,254,dc.danglingtree.htb,Microsoft-Windows-WinRM,Microsoft-Windows-WinRM/Operational,1753,4,,,,,,,
2026-03-26T06:17:15.322064Z,132,dc.danglingtree.htb,Microsoft-Windows-WinRM,Microsoft-Windows-WinRM/Operational,1754,4,,,,,Enumeration,,
2026-03-26T06:17:15.323468Z,145,dc.danglingtree.htb,Microsoft-Windows-WinRM,Microsoft-Windows-WinRM/Operational,1755,4,,,,,Enumeration,,http://schemas.microsoft.com/wbem/wsman/1/Config/Plugin
2026-03-26T06:17:15.326516Z,254,dc.danglingtree.htb,Microsoft-Windows-WinRM,Microsoft-Windows-WinRM/Operational,1756,4,,,,,,,
2026-03-26T06:17:15.326518Z,132,dc.danglingtree.htb,Microsoft-Windows-WinRM,Microsoft-Windows-WinRM/Operational,1757,4,,,,,Enumeration,,
2026-03-26T06:17:15.328129Z,145,dc.danglingtree.htb,Microsoft-Windows-WinRM,Microsoft-Windows-WinRM/Operational,1758,4,,,,,Enumeration,,http://schemas.microsoft.com/wbem/wsman/1/Config/Plugin
2026-03-26T06:17:15.331344Z,254,dc.danglingtree.htb,Microsoft-Windows-WinRM,Microsoft-Windows-WinRM/Operational,1759,4,,,,,,,
2026-03-26T06:17:15.331345Z,132,dc.danglingtree.htb,Microsoft-Windows-WinRM,Microsoft-Windows-WinRM/Operational,1760,4,,,,,Enumeration,,
2026-03-26T06:17:15.333422Z,145,dc.danglingtree.htb,Microsoft-Windows-WinRM,Microsoft-Windows-WinRM/Operational,1761,4,,,,,Enumeration,,http://schemas.microsoft.com/wbem/wsman/1/Config/Plugin
2026-03-26T06:17:15.336493Z,254,dc.danglingtree.htb,Microsoft-Windows-WinRM,Microsoft-Windows-WinRM/Operational,1762,4,,,,,,,
2026-03-26T06:17:15.336494Z,132,dc.danglingtree.htb,Microsoft-Windows-WinRM,Microsoft-Windows-WinRM/Operational,1763,4,,,,,Enumeration,,
2026-03-26T06:17:15.337844Z,145,dc.danglingtree.htb,Microsoft-Windows-WinRM,Microsoft-Windows-WinRM/Operational,1764,4,,,,,Enumeration,,http://schemas.microsoft.com/wbem/wsman/1/Config/Plugin
2026-03-26T06:17:15.340959Z,254,dc.danglingtree.htb,Microsoft-Windows-WinRM,Microsoft-Windows-WinRM/Operational,1765,4,,,,,,,
2026-03-26T06:17:15.340961Z,132,dc.danglingtree.htb,Microsoft-Windows-WinRM,Microsoft-Windows-WinRM/Operational,1766,4,,,,,Enumeration,,
2026-03-26T06:17:15.342026Z,145,dc.danglingtree.htb,Microsoft-Windows-WinRM,Microsoft-Windows-WinRM/Operational,1767,4,,,,,Enumeration,,http://schemas.microsoft.com/wbem/wsman/1/Config/Plugin
2026-03-26T06:17:15.345434Z,254,dc.danglingtree.htb,Microsoft-Windows-WinRM,Microsoft-Windows-WinRM/Operational,1768,4,,,,,,,
2026-03-26T06:17:15.345435Z,132,dc.danglingtree.htb,Microsoft-Windows-WinRM,Microsoft-Windows-WinRM/Operational,1769,4,,,,,Enumeration,,
2026-03-26T06:17:15.347170Z,145,dc.danglingtree.htb,Microsoft-Windows-WinRM,Microsoft-Windows-WinRM/Operational,1770,4,,,,,Enumeration,,http://schemas.microsoft.com/wbem/wsman/1/Config/Plugin
2026-03-26T06:17:15.350493Z,254,dc.danglingtree.htb,Microsoft-Windows-WinRM,Microsoft-Windows-WinRM/Operational,1771,4,,,,,,,
2026-03-26T06:17:15.350494Z,132,dc.danglingtree.htb,Microsoft-Windows-WinRM,Microsoft-Windows-WinRM/Operational,1772,4,,,,,Enumeration,,
2026-03-26T06:17:15.351681Z,145,dc.danglingtree.htb,Microsoft-Windows-WinRM,Microsoft-Windows-WinRM/Operational,1773,4,,,,,Enumeration,,http://schemas.microsoft.com/wbem/wsman/1/Config/Plugin
2026-03-26T06:17:15.355608Z,254,dc.danglingtree.htb,Microsoft-Windows-WinRM,Microsoft-Windows-WinRM/Operational,1774,4,,,,,,,
2026-03-26T06:17:15.355610Z,132,dc.danglingtree.htb,Microsoft-Windows-WinRM,Microsoft-Windows-WinRM/Operational,1775,4,,,,,Enumeration,,
2026-03-26T06:17:15.357864Z,145,dc.danglingtree.htb,Microsoft-Windows-WinRM,Microsoft-Windows-WinRM/Operational,1776,4,,,,,Enumeration,,http://schemas.microsoft.com/wbem/wsman/1/Config/Plugin
2026-03-26T06:17:15.360806Z,254,dc.danglingtree.htb,Microsoft-Windows-WinRM,Microsoft-Windows-WinRM/Operational,1777,4,,,,,,,
2026-03-26T06:17:15.360807Z,132,dc.danglingtree.htb,Microsoft-Windows-WinRM,Microsoft-Windows-WinRM/Operational,1778,4,,,,,Enumeration,,
2026-03-26T06:17:15.362302Z,145,dc.danglingtree.htb,Microsoft-Windows-WinRM,Microsoft-Windows-WinRM/Operational,1779,4,,,,,Enumeration,,http://schemas.microsoft.com/wbem/wsman/1/Config/Plugin
2026-03-26T06:17:15.365950Z,254,dc.danglingtree.htb,Microsoft-Windows-WinRM,Microsoft-Windows-WinRM/Operational,1780,4,,,,,,,
2026-03-26T06:17:15.365951Z,132,dc.danglingtree.htb,Microsoft-Windows-WinRM,Microsoft-Windows-WinRM/Operational,1781,4,,,,,Enumeration,,
2026-03-26T06:17:15.367118Z,145,dc.danglingtree.htb,Microsoft-Windows-WinRM,Microsoft-Windows-WinRM/Operational,1782,4,,,,,Enumeration,,http://schemas.microsoft.com/wbem/wsman/1/Config/Plugin
2026-03-26T06:17:15.370391Z,254,dc.danglingtree.htb,Microsoft-Windows-WinRM,Microsoft-Windows-WinRM/Operational,1783,4,,,,,,,
2026-03-26T06:17:15.370393Z,132,dc.danglingtree.htb,Microsoft-Windows-WinRM,Microsoft-Windows-WinRM/Operational,1784,4,,,,,Enumeration,,
2026-03-26T06:17:15.372401Z,145,dc.danglingtree.htb,Microsoft-Windows-WinRM,Microsoft-Windows-WinRM/Operational,1785,4,,,,,Enumeration,,http://schemas.microsoft.com/wbem/wsman/1/Config/Plugin
2026-03-26T06:17:15.375906Z,254,dc.danglingtree.htb,Microsoft-Windows-WinRM,Microsoft-Windows-WinRM/Operational,1786,4,,,,,,,
2026-03-26T06:17:15.375909Z,132,dc.danglingtree.htb,Microsoft-Windows-WinRM,Microsoft-Windows-WinRM/Operational,1787,4,,,,,Enumeration,,
2026-03-26T06:17:15.386380Z,145,dc.danglingtree.htb,Microsoft-Windows-WinRM,Microsoft-Windows-WinRM/Operational,1788,4,,,,,Enumeration,,http://schemas.microsoft.com/wbem/wsman/1/Config/Plugin
2026-03-26T06:17:15.389130Z,254,dc.danglingtree.htb,Microsoft-Windows-WinRM,Microsoft-Windows-WinRM/Operational,1789,4,,,,,,,
2026-03-26T06:17:15.389131Z,132,dc.danglingtree.htb,Microsoft-Windows-WinRM,Microsoft-Windows-WinRM/Operational,1790,4,,,,,Enumeration,,
2026-03-26T06:17:15.390164Z,145,dc.danglingtree.htb,Microsoft-Windows-WinRM,Microsoft-Windows-WinRM/Operational,1791,4,,,,,Enumeration,,http://schemas.microsoft.com/wbem/wsman/1/Config/Plugin
2026-03-26T06:17:15.392749Z,254,dc.danglingtree.htb,Microsoft-Windows-WinRM,Microsoft-Windows-WinRM/Operational,1792,4,,,,,,,
2026-03-26T06:17:15.392750Z,132,dc.danglingtree.htb,Microsoft-Windows-WinRM,Microsoft-Windows-WinRM/Operational,1793,4,,,,,Enumeration,,
2026-03-26T06:17:15.394935Z,145,dc.danglingtree.htb,Microsoft-Windows-WinRM,Microsoft-Windows-WinRM/Operational,1794,4,,,,,Enumeration,,http://schemas.microsoft.com/wbem/wsman/1/Config/Plugin
2026-03-26T06:17:15.398529Z,254,dc.danglingtree.htb,Microsoft-Windows-WinRM,Microsoft-Windows-WinRM/Operational,1795,4,,,,,,,
2026-03-26T06:17:15.398530Z,132,dc.danglingtree.htb,Microsoft-Windows-WinRM,Microsoft-Windows-WinRM/Operational,1796,4,,,,,Enumeration,,
2026-03-26T06:17:15.399829Z,145,dc.danglingtree.htb,Microsoft-Windows-WinRM,Microsoft-Windows-WinRM/Operational,1797,4,,,,,Enumeration,,http://schemas.microsoft.com/wbem/wsman/1/Config/Plugin
2026-03-26T06:17:15.403440Z,254,dc.danglingtree.htb,Microsoft-Windows-WinRM,Microsoft-Windows-WinRM/Operational,1798,4,,,,,,,
2026-03-26T06:17:15.403441Z,132,dc.danglingtree.htb,Microsoft-Windows-WinRM,Microsoft-Windows-WinRM/Operational,1799,4,,,,,Enumeration,,
2026-03-26T06:17:15.404743Z,145,dc.danglingtree.htb,Microsoft-Windows-WinRM,Microsoft-Windows-WinRM/Operational,1800,4,,,,,Enumeration,,http://schemas.microsoft.com/wbem/wsman/1/Config/Plugin
2026-03-26T06:17:15.407583Z,254,dc.danglingtree.htb,Microsoft-Windows-WinRM,Microsoft-Windows-WinRM/Operational,1801,4,,,,,,,
2026-03-26T06:17:15.407584Z,132,dc.danglingtree.htb,Microsoft-Windows-WinRM,Microsoft-Windows-WinRM/Operational,1802,4,,,,,Enumeration,,
2026-03-26T06:17:15.409281Z,145,dc.danglingtree.htb,Microsoft-Windows-WinRM,Microsoft-Windows-WinRM/Operational,1803,4,,,,,Enumeration,,http://schemas.microsoft.com/wbem/wsman/1/Config/Plugin
2026-03-26T06:17:15.412362Z,254,dc.danglingtree.htb,Microsoft-Windows-WinRM,Microsoft-Windows-WinRM/Operational,1804,4,,,,,,,
2026-03-26T06:17:15.412363Z,132,dc.danglingtree.htb,Microsoft-Windows-WinRM,Microsoft-Windows-WinRM/Operational,1805,4,,,,,Enumeration,,
2026-03-26T06:17:15.413548Z,145,dc.danglingtree.htb,Microsoft-Windows-WinRM,Microsoft-Windows-WinRM/Operational,1806,4,,,,,Enumeration,,http://schemas.microsoft.com/wbem/wsman/1/Config/Plugin
2026-03-26T06:17:15.416003Z,254,dc.danglingtree.htb,Microsoft-Windows-WinRM,Microsoft-Windows-WinRM/Operational,1807,4,,,,,,,
2026-03-26T06:17:15.416004Z,132,dc.danglingtree.htb,Microsoft-Windows-WinRM,Microsoft-Windows-WinRM/Operational,1808,4,,,,,Enumeration,,
2026-03-26T06:17:15.418044Z,145,dc.danglingtree.htb,Microsoft-Windows-WinRM,Microsoft-Windows-WinRM/Operational,1809,4,,,,,Enumeration,,http://schemas.microsoft.com/wbem/wsman/1/Config/Plugin
2026-03-26T06:17:15.420455Z,254,dc.danglingtree.htb,Microsoft-Windows-WinRM,Microsoft-Windows-WinRM/Operational,1810,4,,,,,,,
2026-03-26T06:17:15.420456Z,132,dc.danglingtree.htb,Microsoft-Windows-WinRM,Microsoft-Windows-WinRM/Operational,1811,4,,,,,Enumeration,,
2026-03-26T06:17:15.421586Z,145,dc.danglingtree.htb,Microsoft-Windows-WinRM,Microsoft-Windows-WinRM/Operational,1812,4,,,,,Enumeration,,http://schemas.microsoft.com/wbem/wsman/1/Config/Plugin
2026-03-26T06:17:15.424153Z,254,dc.danglingtree.htb,Microsoft-Windows-WinRM,Microsoft-Windows-WinRM/Operational,1813,4,,,,,,,
2026-03-26T06:17:15.424154Z,132,dc.danglingtree.htb,Microsoft-Windows-WinRM,Microsoft-Windows-WinRM/Operational,1814,4,,,,,Enumeration,,
2026-03-26T06:17:15.425100Z,145,dc.danglingtree.htb,Microsoft-Windows-WinRM,Microsoft-Windows-WinRM/Operational,1815,4,,,,,Enumeration,,http://schemas.microsoft.com/wbem/wsman/1/Config/Plugin
2026-03-26T06:17:15.428226Z,254,dc.danglingtree.htb,Microsoft-Windows-WinRM,Microsoft-Windows-WinRM/Operational,1816,4,,,,,,,
2026-03-26T06:17:15.428227Z,132,dc.danglingtree.htb,Microsoft-Windows-WinRM,Microsoft-Windows-WinRM/Operational,1817,4,,,,,Enumeration,,
2026-03-26T06:17:15.430391Z,145,dc.danglingtree.htb,Microsoft-Windows-WinRM,Microsoft-Windows-WinRM/Operational,1818,4,,,,,Enumeration,,http://schemas.microsoft.com/wbem/wsman/1/Config/Plugin
2026-03-26T06:17:15.434701Z,254,dc.danglingtree.htb,Microsoft-Windows-WinRM,Microsoft-Windows-WinRM/Operational,1819,4,,,,,,,
2026-03-26T06:17:15.434702Z,132,dc.danglingtree.htb,Microsoft-Windows-WinRM,Microsoft-Windows-WinRM/Operational,1820,4,,,,,Enumeration,,
2026-03-26T06:17:15.435748Z,145,dc.danglingtree.htb,Microsoft-Windows-WinRM,Microsoft-Windows-WinRM/Operational,1821,4,,,,,Enumeration,,http://schemas.microsoft.com/wbem/wsman/1/Config/Plugin
2026-03-26T06:17:15.438808Z,254,dc.danglingtree.htb,Microsoft-Windows-WinRM,Microsoft-Windows-WinRM/Operational,1822,4,,,,,,,
2026-03-26T06:17:15.438809Z,132,dc.danglingtree.htb,Microsoft-Windows-WinRM,Microsoft-Windows-WinRM/Operational,1823,4,,,,,Enumeration,,
2026-03-26T06:17:15.439234Z,145,dc.danglingtree.htb,Microsoft-Windows-WinRM,Microsoft-Windows-WinRM/Operational,1824,4,,,,,Get,,http://schemas.microsoft.com/wbem/wsman/1/Config/Plugin
2026-03-26T06:17:15.440166Z,254,dc.danglingtree.htb,Microsoft-Windows-WinRM,Microsoft-Windows-WinRM/Operational,1825,4,,,,,,,
2026-03-26T06:17:15.440167Z,132,dc.danglingtree.htb,Microsoft-Windows-WinRM,Microsoft-Windows-WinRM/Operational,1826,4,,,,,Get,,
2026-03-26T06:17:15.440971Z,145,dc.danglingtree.htb,Microsoft-Windows-WinRM,Microsoft-Windows-WinRM/Operational,1827,4,,,,,Enumeration,,http://schemas.microsoft.com/wbem/wsman/1/Config/Plugin
2026-03-26T06:17:15.445183Z,254,dc.danglingtree.htb,Microsoft-Windows-WinRM,Microsoft-Windows-WinRM/Operational,1828,4,,,,,,,
2026-03-26T06:17:15.445184Z,132,dc.danglingtree.htb,Microsoft-Windows-WinRM,Microsoft-Windows-WinRM/Operational,1829,4,,,,,Enumeration,,
2026-03-26T06:17:15.446416Z,145,dc.danglingtree.htb,Microsoft-Windows-WinRM,Microsoft-Windows-WinRM/Operational,1830,4,,,,,Enumeration,,http://schemas.microsoft.com/wbem/wsman/1/Config/Plugin
2026-03-26T06:17:15.449667Z,254,dc.danglingtree.htb,Microsoft-Windows-WinRM,Microsoft-Windows-WinRM/Operational,1831,4,,,,,,,
2026-03-26T06:17:15.449668Z,132,dc.danglingtree.htb,Microsoft-Windows-WinRM,Microsoft-Windows-WinRM/Operational,1832,4,,,,,Enumeration,,
2026-03-26T06:17:15.451475Z,145,dc.danglingtree.htb,Microsoft-Windows-WinRM,Microsoft-Windows-WinRM/Operational,1833,4,,,,,Enumeration,,http://schemas.microsoft.com/wbem/wsman/1/Config/Plugin
2026-03-26T06:17:15.454274Z,254,dc.danglingtree.htb,Microsoft-Windows-WinRM,Microsoft-Windows-WinRM/Operational,1834,4,,,,,,,
2026-03-26T06:17:15.454276Z,132,dc.danglingtree.htb,Microsoft-Windows-WinRM,Microsoft-Windows-WinRM/Operational,1835,4,,,,,Enumeration,,
2026-03-26T06:17:15.455312Z,145,dc.danglingtree.htb,Microsoft-Windows-WinRM,Microsoft-Windows-WinRM/Operational,1836,4,,,,,Enumeration,,http://schemas.microsoft.com/wbem/wsman/1/Config/Plugin
2026-03-26T06:17:15.458441Z,254,dc.danglingtree.htb,Microsoft-Windows-WinRM,Microsoft-Windows-WinRM/Operational,1837,4,,,,,,,
2026-03-26T06:17:15.458442Z,132,dc.danglingtree.htb,Microsoft-Windows-WinRM,Microsoft-Windows-WinRM/Operational,1838,4,,,,,Enumeration,,
2026-03-26T06:17:15.459593Z,145,dc.danglingtree.htb,Microsoft-Windows-WinRM,Microsoft-Windows-WinRM/Operational,1839,4,,,,,Enumeration,,http://schemas.microsoft.com/wbem/wsman/1/Config/Plugin
2026-03-26T06:17:15.464135Z,254,dc.danglingtree.htb,Microsoft-Windows-WinRM,Microsoft-Windows-WinRM/Operational,1840,4,,,,,,,
2026-03-26T06:17:15.464136Z,132,dc.danglingtree.htb,Microsoft-Windows-WinRM,Microsoft-Windows-WinRM/Operational,1841,4,,,,,Enumeration,,
2026-03-26T06:17:15.466748Z,145,dc.danglingtree.htb,Microsoft-Windows-WinRM,Microsoft-Windows-WinRM/Operational,1842,4,,,,,Enumeration,,http://schemas.microsoft.com/wbem/wsman/1/Config/Plugin
2026-03-26T06:17:15.470054Z,254,dc.danglingtree.htb,Microsoft-Windows-WinRM,Microsoft-Windows-WinRM/Operational,1843,4,,,,,,,
2026-03-26T06:17:15.470055Z,132,dc.danglingtree.htb,Microsoft-Windows-WinRM,Microsoft-Windows-WinRM/Operational,1844,4,,,,,Enumeration,,
2026-03-26T06:17:15.471272Z,145,dc.danglingtree.htb,Microsoft-Windows-WinRM,Microsoft-Windows-WinRM/Operational,1845,4,,,,,Enumeration,,http://schemas.microsoft.com/wbem/wsman/1/Config/Plugin
2026-03-26T06:17:15.474614Z,254,dc.danglingtree.htb,Microsoft-Windows-WinRM,Microsoft-Windows-WinRM/Operational,1846,4,,,,,,,
2026-03-26T06:17:15.474615Z,132,dc.danglingtree.htb,Microsoft-Windows-WinRM,Microsoft-Windows-WinRM/Operational,1847,4,,,,,Enumeration,,
2026-03-26T06:17:15.476145Z,145,dc.danglingtree.htb,Microsoft-Windows-WinRM,Microsoft-Windows-WinRM/Operational,1848,4,,,,,Enumeration,,http://schemas.microsoft.com/wbem/wsman/1/Config/Plugin
2026-03-26T06:17:15.480107Z,254,dc.danglingtree.htb,Microsoft-Windows-WinRM,Microsoft-Windows-WinRM/Operational,1849,4,,,,,,,
2026-03-26T06:17:15.480108Z,132,dc.danglingtree.htb,Microsoft-Windows-WinRM,Microsoft-Windows-WinRM/Operational,1850,4,,,,,Enumeration,,
2026-03-26T06:17:15.481788Z,145,dc.danglingtree.htb,Microsoft-Windows-WinRM,Microsoft-Windows-WinRM/Operational,1851,4,,,,,Enumeration,,http://schemas.microsoft.com/wbem/wsman/1/Config/Plugin
2026-03-26T06:17:15.484841Z,254,dc.danglingtree.htb,Microsoft-Windows-WinRM,Microsoft-Windows-WinRM/Operational,1852,4,,,,,,,
2026-03-26T06:17:15.484841Z,132,dc.danglingtree.htb,Microsoft-Windows-WinRM,Microsoft-Windows-WinRM/Operational,1853,4,,,,,Enumeration,,
2026-03-26T06:17:15.485744Z,145,dc.danglingtree.htb,Microsoft-Windows-WinRM,Microsoft-Windows-WinRM/Operational,1854,4,,,,,Enumeration,,http://schemas.microsoft.com/wbem/wsman/1/Config/Plugin
2026-03-26T06:17:15.487954Z,254,dc.danglingtree.htb,Microsoft-Windows-WinRM,Microsoft-Windows-WinRM/Operational,1855,4,,,,,,,
2026-03-26T06:17:15.487955Z,132,dc.danglingtree.htb,Microsoft-Windows-WinRM,Microsoft-Windows-WinRM/Operational,1856,4,,,,,Enumeration,,
2026-03-26T06:17:15.492924Z,145,dc.danglingtree.htb,Microsoft-Windows-WinRM,Microsoft-Windows-WinRM/Operational,1857,4,,,,,Enumeration,,http://schemas.microsoft.com/wbem/wsman/1/Config/Plugin
2026-03-26T06:17:15.496181Z,254,dc.danglingtree.htb,Microsoft-Windows-WinRM,Microsoft-Windows-WinRM/Operational,1858,4,,,,,,,
2026-03-26T06:17:15.496183Z,132,dc.danglingtree.htb,Microsoft-Windows-WinRM,Microsoft-Windows-WinRM/Operational,1859,4,,,,,Enumeration,,
2026-03-26T06:17:15.497537Z,145,dc.danglingtree.htb,Microsoft-Windows-WinRM,Microsoft-Windows-WinRM/Operational,1860,4,,,,,Enumeration,,http://schemas.microsoft.com/wbem/wsman/1/Config/Plugin
2026-03-26T06:17:15.499831Z,254,dc.danglingtree.htb,Microsoft-Windows-WinRM,Microsoft-Windows-WinRM/Operational,1861,4,,,,,,,
2026-03-26T06:17:15.499832Z,132,dc.danglingtree.htb,Microsoft-Windows-WinRM,Microsoft-Windows-WinRM/Operational,1862,4,,,,,Enumeration,,
2026-03-26T06:17:15.500646Z,145,dc.danglingtree.htb,Microsoft-Windows-WinRM,Microsoft-Windows-WinRM/Operational,1863,4,,,,,Enumeration,,http://schemas.microsoft.com/wbem/wsman/1/Config/Plugin
2026-03-26T06:17:15.502953Z,254,dc.danglingtree.htb,Microsoft-Windows-WinRM,Microsoft-Windows-WinRM/Operational,1864,4,,,,,,,
2026-03-26T06:17:15.502954Z,132,dc.danglingtree.htb,Microsoft-Windows-WinRM,Microsoft-Windows-WinRM/Operational,1865,4,,,,,Enumeration,,
2026-03-26T06:17:15.504367Z,145,dc.danglingtree.htb,Microsoft-Windows-WinRM,Microsoft-Windows-WinRM/Operational,1866,4,,,,,Enumeration,,http://schemas.microsoft.com/wbem/wsman/1/Config/Plugin
2026-03-26T06:17:15.506567Z,254,dc.danglingtree.htb,Microsoft-Windows-WinRM,Microsoft-Windows-WinRM/Operational,1867,4,,,,,,,
2026-03-26T06:17:15.506567Z,132,dc.danglingtree.htb,Microsoft-Windows-WinRM,Microsoft-Windows-WinRM/Operational,1868,4,,,,,Enumeration,,
2026-03-26T06:17:15.507290Z,145,dc.danglingtree.htb,Microsoft-Windows-WinRM,Microsoft-Windows-WinRM/Operational,1869,4,,,,,Enumeration,,http://schemas.microsoft.com/wbem/wsman/1/Config/Plugin
2026-03-26T06:17:15.509884Z,254,dc.danglingtree.htb,Microsoft-Windows-WinRM,Microsoft-Windows-WinRM/Operational,1870,4,,,,,,,
2026-03-26T06:17:15.509885Z,132,dc.danglingtree.htb,Microsoft-Windows-WinRM,Microsoft-Windows-WinRM/Operational,1871,4,,,,,Enumeration,,
2026-03-26T06:17:15.511070Z,145,dc.danglingtree.htb,Microsoft-Windows-WinRM,Microsoft-Windows-WinRM/Operational,1872,4,,,,,Enumeration,,http://schemas.microsoft.com/wbem/wsman/1/Config/Plugin
2026-03-26T06:17:15.514165Z,254,dc.danglingtree.htb,Microsoft-Windows-WinRM,Microsoft-Windows-WinRM/Operational,1873,4,,,,,,,
2026-03-26T06:17:15.514167Z,132,dc.danglingtree.htb,Microsoft-Windows-WinRM,Microsoft-Windows-WinRM/Operational,1874,4,,,,,Enumeration,,
2026-03-26T06:17:15.516211Z,145,dc.danglingtree.htb,Microsoft-Windows-WinRM,Microsoft-Windows-WinRM/Operational,1875,4,,,,,Enumeration,,http://schemas.microsoft.com/wbem/wsman/1/Config/Plugin
2026-03-26T06:17:15.519280Z,254,dc.danglingtree.htb,Microsoft-Windows-WinRM,Microsoft-Windows-WinRM/Operational,1876,4,,,,,,,
2026-03-26T06:17:15.519282Z,132,dc.danglingtree.htb,Microsoft-Windows-WinRM,Microsoft-Windows-WinRM/Operational,1877,4,,,,,Enumeration,,
2026-03-26T06:17:15.520450Z,145,dc.danglingtree.htb,Microsoft-Windows-WinRM,Microsoft-Windows-WinRM/Operational,1878,4,,,,,Enumeration,,http://schemas.microsoft.com/wbem/wsman/1/Config/Plugin
2026-03-26T06:17:15.524048Z,254,dc.danglingtree.htb,Microsoft-Windows-WinRM,Microsoft-Windows-WinRM/Operational,1879,4,,,,,,,
2026-03-26T06:17:15.524050Z,132,dc.danglingtree.htb,Microsoft-Windows-WinRM,Microsoft-Windows-WinRM/Operational,1880,4,,,,,Enumeration,,
2026-03-26T06:17:15.525747Z,145,dc.danglingtree.htb,Microsoft-Windows-WinRM,Microsoft-Windows-WinRM/Operational,1881,4,,,,,Enumeration,,http://schemas.microsoft.com/wbem/wsman/1/Config/Plugin
2026-03-26T06:17:15.528880Z,254,dc.danglingtree.htb,Microsoft-Windows-WinRM,Microsoft-Windows-WinRM/Operational,1882,4,,,,,,,
2026-03-26T06:17:15.528881Z,132,dc.danglingtree.htb,Microsoft-Windows-WinRM,Microsoft-Windows-WinRM/Operational,1883,4,,,,,Enumeration,,
2026-03-26T06:17:15.529818Z,145,dc.danglingtree.htb,Microsoft-Windows-WinRM,Microsoft-Windows-WinRM/Operational,1884,4,,,,,Enumeration,,http://schemas.microsoft.com/wbem/wsman/1/Config/Plugin
2026-03-26T06:17:15.532607Z,254,dc.danglingtree.htb,Microsoft-Windows-WinRM,Microsoft-Windows-WinRM/Operational,1885,4,,,,,,,
2026-03-26T06:17:15.532609Z,132,dc.danglingtree.htb,Microsoft-Windows-WinRM,Microsoft-Windows-WinRM/Operational,1886,4,,,,,Enumeration,,
2026-03-26T06:17:15.532984Z,145,dc.danglingtree.htb,Microsoft-Windows-WinRM,Microsoft-Windows-WinRM/Operational,1887,4,,,,,Get,,http://schemas.microsoft.com/wbem/wsman/1/Config/Plugin
2026-03-26T06:17:15.533980Z,254,dc.danglingtree.htb,Microsoft-Windows-WinRM,Microsoft-Windows-WinRM/Operational,1888,4,,,,,,,
2026-03-26T06:17:15.533981Z,132,dc.danglingtree.htb,Microsoft-Windows-WinRM,Microsoft-Windows-WinRM/Operational,1889,4,,,,,Get,,
2026-03-26T06:17:15.534541Z,145,dc.danglingtree.htb,Microsoft-Windows-WinRM,Microsoft-Windows-WinRM/Operational,1890,4,,,,,Enumeration,,http://schemas.microsoft.com/wbem/wsman/1/Config/Plugin
2026-03-26T06:17:15.536825Z,254,dc.danglingtree.htb,Microsoft-Windows-WinRM,Microsoft-Windows-WinRM/Operational,1891,4,,,,,,,
2026-03-26T06:17:15.536826Z,132,dc.danglingtree.htb,Microsoft-Windows-WinRM,Microsoft-Windows-WinRM/Operational,1892,4,,,,,Enumeration,,
2026-03-26T06:17:15.537658Z,145,dc.danglingtree.htb,Microsoft-Windows-WinRM,Microsoft-Windows-WinRM/Operational,1893,4,,,,,Enumeration,,http://schemas.microsoft.com/wbem/wsman/1/Config/Plugin
2026-03-26T06:17:15.540014Z,254,dc.danglingtree.htb,Microsoft-Windows-WinRM,Microsoft-Windows-WinRM/Operational,1894,4,,,,,,,
2026-03-26T06:17:15.540015Z,132,dc.danglingtree.htb,Microsoft-Windows-WinRM,Microsoft-Windows-WinRM/Operational,1895,4,,,,,Enumeration,,
2026-03-26T06:17:15.541322Z,145,dc.danglingtree.htb,Microsoft-Windows-WinRM,Microsoft-Windows-WinRM/Operational,1896,4,,,,,Enumeration,,http://schemas.microsoft.com/wbem/wsman/1/Config/Plugin
2026-03-26T06:17:15.544305Z,254,dc.danglingtree.htb,Microsoft-Windows-WinRM,Microsoft-Windows-WinRM/Operational,1897,4,,,,,,,
2026-03-26T06:17:15.544306Z,132,dc.danglingtree.htb,Microsoft-Windows-WinRM,Microsoft-Windows-WinRM/Operational,1898,4,,,,,Enumeration,,
2026-03-26T06:17:15.545966Z,145,dc.danglingtree.htb,Microsoft-Windows-WinRM,Microsoft-Windows-WinRM/Operational,1899,4,,,,,Enumeration,,http://schemas.microsoft.com/wbem/wsman/1/Config/Plugin
2026-03-26T06:17:15.549093Z,254,dc.danglingtree.htb,Microsoft-Windows-WinRM,Microsoft-Windows-WinRM/Operational,1900,4,,,,,,,
2026-03-26T06:17:15.549094Z,132,dc.danglingtree.htb,Microsoft-Windows-WinRM,Microsoft-Windows-WinRM/Operational,1901,4,,,,,Enumeration,,
2026-03-26T06:17:15.549979Z,145,dc.danglingtree.htb,Microsoft-Windows-WinRM,Microsoft-Windows-WinRM/Operational,1902,4,,,,,Enumeration,,http://schemas.microsoft.com/wbem/wsman/1/Config/Plugin
2026-03-26T06:17:15.552989Z,254,dc.danglingtree.htb,Microsoft-Windows-WinRM,Microsoft-Windows-WinRM/Operational,1903,4,,,,,,,
2026-03-26T06:17:15.552990Z,132,dc.danglingtree.htb,Microsoft-Windows-WinRM,Microsoft-Windows-WinRM/Operational,1904,4,,,,,Enumeration,,
2026-03-26T06:17:15.554182Z,145,dc.danglingtree.htb,Microsoft-Windows-WinRM,Microsoft-Windows-WinRM/Operational,1905,4,,,,,Enumeration,,http://schemas.microsoft.com/wbem/wsman/1/Config/Plugin
2026-03-26T06:17:15.556911Z,254,dc.danglingtree.htb,Microsoft-Windows-WinRM,Microsoft-Windows-WinRM/Operational,1906,4,,,,,,,
2026-03-26T06:17:15.556912Z,132,dc.danglingtree.htb,Microsoft-Windows-WinRM,Microsoft-Windows-WinRM/Operational,1907,4,,,,,Enumeration,,
2026-03-26T06:17:15.558228Z,145,dc.danglingtree.htb,Microsoft-Windows-WinRM,Microsoft-Windows-WinRM/Operational,1908,4,,,,,Enumeration,,http://schemas.microsoft.com/wbem/wsman/1/Config/Plugin
2026-03-26T06:17:15.561328Z,254,dc.danglingtree.htb,Microsoft-Windows-WinRM,Microsoft-Windows-WinRM/Operational,1909,4,,,,,,,
2026-03-26T06:17:15.561329Z,132,dc.danglingtree.htb,Microsoft-Windows-WinRM,Microsoft-Windows-WinRM/Operational,1910,4,,,,,Enumeration,,
2026-03-26T06:17:15.562931Z,145,dc.danglingtree.htb,Microsoft-Windows-WinRM,Microsoft-Windows-WinRM/Operational,1911,4,,,,,Enumeration,,http://schemas.microsoft.com/wbem/wsman/1/Config/Plugin
2026-03-26T06:17:15.565896Z,254,dc.danglingtree.htb,Microsoft-Windows-WinRM,Microsoft-Windows-WinRM/Operational,1912,4,,,,,,,
2026-03-26T06:17:15.565897Z,132,dc.danglingtree.htb,Microsoft-Windows-WinRM,Microsoft-Windows-WinRM/Operational,1913,4,,,,,Enumeration,,
2026-03-26T06:17:15.567086Z,145,dc.danglingtree.htb,Microsoft-Windows-WinRM,Microsoft-Windows-WinRM/Operational,1914,4,,,,,Enumeration,,http://schemas.microsoft.com/wbem/wsman/1/Config/Plugin
2026-03-26T06:17:15.569181Z,254,dc.danglingtree.htb,Microsoft-Windows-WinRM,Microsoft-Windows-WinRM/Operational,1915,4,,,,,,,
2026-03-26T06:17:15.569182Z,132,dc.danglingtree.htb,Microsoft-Windows-WinRM,Microsoft-Windows-WinRM/Operational,1916,4,,,,,Enumeration,,
2026-03-26T06:17:15.570399Z,145,dc.danglingtree.htb,Microsoft-Windows-WinRM,Microsoft-Windows-WinRM/Operational,1917,4,,,,,Enumeration,,http://schemas.microsoft.com/wbem/wsman/1/Config/Plugin
2026-03-26T06:17:15.572978Z,254,dc.danglingtree.htb,Microsoft-Windows-WinRM,Microsoft-Windows-WinRM/Operational,1918,4,,,,,,,
2026-03-26T06:17:15.572978Z,132,dc.danglingtree.htb,Microsoft-Windows-WinRM,Microsoft-Windows-WinRM/Operational,1919,4,,,,,Enumeration,,
2026-03-26T06:17:15.573735Z,145,dc.danglingtree.htb,Microsoft-Windows-WinRM,Microsoft-Windows-WinRM/Operational,1920,4,,,,,Enumeration,,http://schemas.microsoft.com/wbem/wsman/1/Config/Plugin
2026-03-26T06:17:15.576038Z,254,dc.danglingtree.htb,Microsoft-Windows-WinRM,Microsoft-Windows-WinRM/Operational,1921,4,,,,,,,
2026-03-26T06:17:15.576039Z,132,dc.danglingtree.htb,Microsoft-Windows-WinRM,Microsoft-Windows-WinRM/Operational,1922,4,,,,,Enumeration,,
2026-03-26T06:17:15.577309Z,145,dc.danglingtree.htb,Microsoft-Windows-WinRM,Microsoft-Windows-WinRM/Operational,1923,4,,,,,Enumeration,,http://schemas.microsoft.com/wbem/wsman/1/Config/Plugin
2026-03-26T06:17:15.580842Z,254,dc.danglingtree.htb,Microsoft-Windows-WinRM,Microsoft-Windows-WinRM/Operational,1924,4,,,,,,,
2026-03-26T06:17:15.580844Z,132,dc.danglingtree.htb,Microsoft-Windows-WinRM,Microsoft-Windows-WinRM/Operational,1925,4,,,,,Enumeration,,
2026-03-26T06:17:15.581704Z,145,dc.danglingtree.htb,Microsoft-Windows-WinRM,Microsoft-Windows-WinRM/Operational,1926,4,,,,,Enumeration,,http://schemas.microsoft.com/wbem/wsman/1/Config/Plugin
2026-03-26T06:17:15.584756Z,254,dc.danglingtree.htb,Microsoft-Windows-WinRM,Microsoft-Windows-WinRM/Operational,1927,4,,,,,,,
2026-03-26T06:17:15.584758Z,132,dc.danglingtree.htb,Microsoft-Windows-WinRM,Microsoft-Windows-WinRM/Operational,1928,4,,,,,Enumeration,,
2026-03-26T06:17:15.589560Z,145,dc.danglingtree.htb,Microsoft-Windows-WinRM,Microsoft-Windows-WinRM/Operational,1929,4,,,,,Enumeration,,http://schemas.microsoft.com/wbem/wsman/1/Config/Plugin
2026-03-26T06:17:15.593213Z,254,dc.danglingtree.htb,Microsoft-Windows-WinRM,Microsoft-Windows-WinRM/Operational,1930,4,,,,,,,
2026-03-26T06:17:15.593214Z,132,dc.danglingtree.htb,Microsoft-Windows-WinRM,Microsoft-Windows-WinRM/Operational,1931,4,,,,,Enumeration,,
2026-03-26T06:17:15.594679Z,145,dc.danglingtree.htb,Microsoft-Windows-WinRM,Microsoft-Windows-WinRM/Operational,1932,4,,,,,Enumeration,,http://schemas.microsoft.com/wbem/wsman/1/Config/Plugin
2026-03-26T06:17:15.598037Z,254,dc.danglingtree.htb,Microsoft-Windows-WinRM,Microsoft-Windows-WinRM/Operational,1933,4,,,,,,,
2026-03-26T06:17:15.598038Z,132,dc.danglingtree.htb,Microsoft-Windows-WinRM,Microsoft-Windows-WinRM/Operational,1934,4,,,,,Enumeration,,
2026-03-26T06:17:15.598725Z,145,dc.danglingtree.htb,Microsoft-Windows-WinRM,Microsoft-Windows-WinRM/Operational,1935,4,,,,,Enumeration,,http://schemas.microsoft.com/wbem/wsman/1/Config/Plugin
2026-03-26T06:17:15.601214Z,254,dc.danglingtree.htb,Microsoft-Windows-WinRM,Microsoft-Windows-WinRM/Operational,1936,4,,,,,,,
2026-03-26T06:17:15.601215Z,132,dc.danglingtree.htb,Microsoft-Windows-WinRM,Microsoft-Windows-WinRM/Operational,1937,4,,,,,Enumeration,,
2026-03-26T06:17:15.602045Z,145,dc.danglingtree.htb,Microsoft-Windows-WinRM,Microsoft-Windows-WinRM/Operational,1938,4,,,,,Get,,http://schemas.microsoft.com/wbem/wsman/1/Config/Plugin
2026-03-26T06:17:15.603571Z,254,dc.danglingtree.htb,Microsoft-Windows-WinRM,Microsoft-Windows-WinRM/Operational,1939,4,,,,,,,
2026-03-26T06:17:15.603572Z,132,dc.danglingtree.htb,Microsoft-Windows-WinRM,Microsoft-Windows-WinRM/Operational,1940,4,,,,,Get,,
2026-03-26T06:17:15.604895Z,145,dc.danglingtree.htb,Microsoft-Windows-WinRM,Microsoft-Windows-WinRM/Operational,1941,4,,,,,Enumeration,,http://schemas.microsoft.com/wbem/wsman/1/Config/Plugin
2026-03-26T06:17:15.609124Z,254,dc.danglingtree.htb,Microsoft-Windows-WinRM,Microsoft-Windows-WinRM/Operational,1942,4,,,,,,,
2026-03-26T06:17:15.609125Z,132,dc.danglingtree.htb,Microsoft-Windows-WinRM,Microsoft-Windows-WinRM/Operational,1943,4,,,,,Enumeration,,
2026-03-26T06:17:15.609639Z,145,dc.danglingtree.htb,Microsoft-Windows-WinRM,Microsoft-Windows-WinRM/Operational,1944,4,,,,,Get,,http://schemas.microsoft.com/wbem/wsman/1/Config/Plugin
2026-03-26T06:17:15.611409Z,254,dc.danglingtree.htb,Microsoft-Windows-WinRM,Microsoft-Windows-WinRM/Operational,1945,4,,,,,,,
2026-03-26T06:17:15.611411Z,132,dc.danglingtree.htb,Microsoft-Windows-WinRM,Microsoft-Windows-WinRM/Operational,1946,4,,,,,Get,,
2026-03-26T06:17:15.613040Z,145,dc.danglingtree.htb,Microsoft-Windows-WinRM,Microsoft-Windows-WinRM/Operational,1947,4,,,,,Enumeration,,http://schemas.microsoft.com/wbem/wsman/1/Config/Plugin
2026-03-26T06:17:15.615885Z,254,dc.danglingtree.htb,Microsoft-Windows-WinRM,Microsoft-Windows-WinRM/Operational,1948,4,,,,,,,
2026-03-26T06:17:15.615886Z,132,dc.danglingtree.htb,Microsoft-Windows-WinRM,Microsoft-Windows-WinRM/Operational,1949,4,,,,,Enumeration,,
2026-03-26T06:17:15.616679Z,145,dc.danglingtree.htb,Microsoft-Windows-WinRM,Microsoft-Windows-WinRM/Operational,1950,4,,,,,Get,,http://schemas.microsoft.com/wbem/wsman/1/Config/Plugin
2026-03-26T06:17:15.617919Z,254,dc.danglingtree.htb,Microsoft-Windows-WinRM,Microsoft-Windows-WinRM/Operational,1951,4,,,,,,,
2026-03-26T06:17:15.617920Z,132,dc.danglingtree.htb,Microsoft-Windows-WinRM,Microsoft-Windows-WinRM/Operational,1952,4,,,,,Get,,
2026-03-26T06:17:15.619264Z,145,dc.danglingtree.htb,Microsoft-Windows-WinRM,Microsoft-Windows-WinRM/Operational,1953,4,,,,,Enumeration,,http://schemas.microsoft.com/wbem/wsman/1/Config/Plugin
2026-03-26T06:17:15.621925Z,254,dc.danglingtree.htb,Microsoft-Windows-WinRM,Microsoft-Windows-WinRM/Operational,1954,4,,,,,,,
2026-03-26T06:17:15.621926Z,132,dc.danglingtree.htb,Microsoft-Windows-WinRM,Microsoft-Windows-WinRM/Operational,1955,4,,,,,Enumeration,,
2026-03-26T06:17:15.622270Z,145,dc.danglingtree.htb,Microsoft-Windows-WinRM,Microsoft-Windows-WinRM/Operational,1956,4,,,,,Get,,http://schemas.microsoft.com/wbem/wsman/1/Config/Plugin
2026-03-26T06:17:15.622886Z,254,dc.danglingtree.htb,Microsoft-Windows-WinRM,Microsoft-Windows-WinRM/Operational,1957,4,,,,,,,
2026-03-26T06:17:15.622887Z,132,dc.danglingtree.htb,Microsoft-Windows-WinRM,Microsoft-Windows-WinRM/Operational,1958,4,,,,,Get,,
2026-03-26T06:17:15.623419Z,145,dc.danglingtree.htb,Microsoft-Windows-WinRM,Microsoft-Windows-WinRM/Operational,1959,4,,,,,Enumeration,,http://schemas.microsoft.com/wbem/wsman/1/Config/Plugin
2026-03-26T06:17:15.625538Z,254,dc.danglingtree.htb,Microsoft-Windows-WinRM,Microsoft-Windows-WinRM/Operational,1960,4,,,,,,,
2026-03-26T06:17:15.625539Z,132,dc.danglingtree.htb,Microsoft-Windows-WinRM,Microsoft-Windows-WinRM/Operational,1961,4,,,,,Enumeration,,
2026-03-26T06:17:15.625831Z,145,dc.danglingtree.htb,Microsoft-Windows-WinRM,Microsoft-Windows-WinRM/Operational,1962,4,,,,,Get,,http://schemas.microsoft.com/wbem/wsman/1/Config/Plugin
2026-03-26T06:17:15.626408Z,254,dc.danglingtree.htb,Microsoft-Windows-WinRM,Microsoft-Windows-WinRM/Operational,1963,4,,,,,,,
2026-03-26T06:17:15.626409Z,132,dc.danglingtree.htb,Microsoft-Windows-WinRM,Microsoft-Windows-WinRM/Operational,1964,4,,,,,Get,,
2026-03-26T06:17:15.626894Z,145,dc.danglingtree.htb,Microsoft-Windows-WinRM,Microsoft-Windows-WinRM/Operational,1965,4,,,,,Get,,http://schemas.microsoft.com/wbem/wsman/1/Config/Plugin
2026-03-26T06:17:15.627898Z,254,dc.danglingtree.htb,Microsoft-Windows-WinRM,Microsoft-Windows-WinRM/Operational,1966,4,,,,,,,
2026-03-26T06:17:15.627899Z,132,dc.danglingtree.htb,Microsoft-Windows-WinRM,Microsoft-Windows-WinRM/Operational,1967,4,,,,,Get,,
2026-03-26T06:17:15.628213Z,145,dc.danglingtree.htb,Microsoft-Windows-WinRM,Microsoft-Windows-WinRM/Operational,1968,4,,,,,Put,,http://schemas.microsoft.com/wbem/wsman/1/Config/Plugin
2026-03-26T06:17:15.631506Z,254,dc.danglingtree.htb,Microsoft-Windows-WinRM,Microsoft-Windows-WinRM/Operational,1969,4,,,,,,,
2026-03-26T06:17:15.631507Z,132,dc.danglingtree.htb,Microsoft-Windows-WinRM,Microsoft-Windows-WinRM/Operational,1970,4,,,,,Put,,
2026-03-26T06:17:15.632179Z,145,dc.danglingtree.htb,Microsoft-Windows-WinRM,Microsoft-Windows-WinRM/Operational,1971,4,,,,,Get,,http://schemas.microsoft.com/wbem/wsman/1/Config/Plugin
2026-03-26T06:17:15.639647Z,254,dc.danglingtree.htb,Microsoft-Windows-WinRM,Microsoft-Windows-WinRM/Operational,1972,4,,,,,,,
2026-03-26T06:17:15.639648Z,132,dc.danglingtree.htb,Microsoft-Windows-WinRM,Microsoft-Windows-WinRM/Operational,1973,4,,,,,Get,,
2026-03-26T06:17:15.640195Z,145,dc.danglingtree.htb,Microsoft-Windows-WinRM,Microsoft-Windows-WinRM/Operational,1974,4,,,,,Enumeration,,http://schemas.microsoft.com/wbem/wsman/1/Config/Plugin
2026-03-26T06:17:15.642417Z,254,dc.danglingtree.htb,Microsoft-Windows-WinRM,Microsoft-Windows-WinRM/Operational,1975,4,,,,,,,
2026-03-26T06:17:15.642417Z,132,dc.danglingtree.htb,Microsoft-Windows-WinRM,Microsoft-Windows-WinRM/Operational,1976,4,,,,,Enumeration,,
2026-03-26T06:17:15.642892Z,145,dc.danglingtree.htb,Microsoft-Windows-WinRM,Microsoft-Windows-WinRM/Operational,1977,4,,,,,Put,,http://schemas.microsoft.com/wbem/wsman/1/Config/Plugin
2026-03-26T06:17:15.645594Z,254,dc.danglingtree.htb,Microsoft-Windows-WinRM,Microsoft-Windows-WinRM/Operational,1978,4,,,,,,,
2026-03-26T06:17:15.645595Z,132,dc.danglingtree.htb,Microsoft-Windows-WinRM,Microsoft-Windows-WinRM/Operational,1979,4,,,,,Put,,
2026-03-26T06:17:15.649631Z,145,dc.danglingtree.htb,Microsoft-Windows-WinRM,Microsoft-Windows-WinRM/Operational,1980,4,,,,,Enumeration,,http://schemas.microsoft.com/wbem/wsman/1/Config/Plugin
2026-03-26T06:17:15.655388Z,254,dc.danglingtree.htb,Microsoft-Windows-WinRM,Microsoft-Windows-WinRM/Operational,1981,4,,,,,,,
2026-03-26T06:17:15.655390Z,132,dc.danglingtree.htb,Microsoft-Windows-WinRM,Microsoft-Windows-WinRM/Operational,1982,4,,,,,Enumeration,,
2026-03-26T06:17:15.655737Z,145,dc.danglingtree.htb,Microsoft-Windows-WinRM,Microsoft-Windows-WinRM/Operational,1983,4,,,,,Get,,http://schemas.microsoft.com/wbem/wsman/1/Config/Plugin
2026-03-26T06:17:15.656571Z,254,dc.danglingtree.htb,Microsoft-Windows-WinRM,Microsoft-Windows-WinRM/Operational,1984,4,,,,,,,
2026-03-26T06:17:15.656572Z,132,dc.danglingtree.htb,Microsoft-Windows-WinRM,Microsoft-Windows-WinRM/Operational,1985,4,,,,,Get,,
2026-03-26T06:17:15.660045Z,145,dc.danglingtree.htb,Microsoft-Windows-WinRM,Microsoft-Windows-WinRM/Operational,1986,4,,,,,Enumeration,,http://schemas.microsoft.com/wbem/wsman/1/Config/Plugin
2026-03-26T06:17:15.663270Z,254,dc.danglingtree.htb,Microsoft-Windows-WinRM,Microsoft-Windows-WinRM/Operational,1987,4,,,,,,,
2026-03-26T06:17:15.663271Z,132,dc.danglingtree.htb,Microsoft-Windows-WinRM,Microsoft-Windows-WinRM/Operational,1988,4,,,,,Enumeration,,
2026-03-26T06:17:15.664047Z,145,dc.danglingtree.htb,Microsoft-Windows-WinRM,Microsoft-Windows-WinRM/Operational,1989,4,,,,,Get,,http://schemas.microsoft.com/wbem/wsman/1/Config/Plugin
2026-03-26T06:17:15.665900Z,254,dc.danglingtree.htb,Microsoft-Windows-WinRM,Microsoft-Windows-WinRM/Operational,1990,4,,,,,,,
2026-03-26T06:17:15.665901Z,132,dc.danglingtree.htb,Microsoft-Windows-WinRM,Microsoft-Windows-WinRM/Operational,1991,4,,,,,Get,,
2026-03-26T06:17:15.667649Z,145,dc.danglingtree.htb,Microsoft-Windows-WinRM,Microsoft-Windows-WinRM/Operational,1992,4,,,,,Enumeration,,http://schemas.microsoft.com/wbem/wsman/1/Config/Plugin
2026-03-26T06:17:15.669940Z,254,dc.danglingtree.htb,Microsoft-Windows-WinRM,Microsoft-Windows-WinRM/Operational,1993,4,,,,,,,
2026-03-26T06:17:15.669941Z,132,dc.danglingtree.htb,Microsoft-Windows-WinRM,Microsoft-Windows-WinRM/Operational,1994,4,,,,,Enumeration,,
2026-03-26T06:17:15.670236Z,145,dc.danglingtree.htb,Microsoft-Windows-WinRM,Microsoft-Windows-WinRM/Operational,1995,4,,,,,Get,,http://schemas.microsoft.com/wbem/wsman/1/Config/Plugin
2026-03-26T06:17:15.671108Z,254,dc.danglingtree.htb,Microsoft-Windows-WinRM,Microsoft-Windows-WinRM/Operational,1996,4,,,,,,,
2026-03-26T06:17:15.671119Z,132,dc.danglingtree.htb,Microsoft-Windows-WinRM,Microsoft-Windows-WinRM/Operational,1997,4,,,,,Get,,
2026-03-26T06:17:15.675291Z,145,dc.danglingtree.htb,Microsoft-Windows-WinRM,Microsoft-Windows-WinRM/Operational,1998,4,,,,,Enumeration,,http://schemas.microsoft.com/wbem/wsman/1/Config/Plugin
2026-03-26T06:17:15.678217Z,254,dc.danglingtree.htb,Microsoft-Windows-WinRM,Microsoft-Windows-WinRM/Operational,1999,4,,,,,,,
2026-03-26T06:17:15.678219Z,132,dc.danglingtree.htb,Microsoft-Windows-WinRM,Microsoft-Windows-WinRM/Operational,2000,4,,,,,Enumeration,,
2026-03-26T06:17:15.678611Z,145,dc.danglingtree.htb,Microsoft-Windows-WinRM,Microsoft-Windows-WinRM/Operational,2001,4,,,,,Get,,http://schemas.microsoft.com/wbem/wsman/1/Config/Plugin
2026-03-26T06:17:15.679655Z,254,dc.danglingtree.htb,Microsoft-Windows-WinRM,Microsoft-Windows-WinRM/Operational,2002,4,,,,,,,
2026-03-26T06:17:15.679656Z,132,dc.danglingtree.htb,Microsoft-Windows-WinRM,Microsoft-Windows-WinRM/Operational,2003,4,,,,,Get,,
2026-03-26T06:17:15.681415Z,145,dc.danglingtree.htb,Microsoft-Windows-WinRM,Microsoft-Windows-WinRM/Operational,2004,4,,,,,Enumeration,,http://schemas.microsoft.com/wbem/wsman/1/Config/Plugin
2026-03-26T06:17:15.684546Z,254,dc.danglingtree.htb,Microsoft-Windows-WinRM,Microsoft-Windows-WinRM/Operational,2005,4,,,,,,,
2026-03-26T06:17:15.684547Z,132,dc.danglingtree.htb,Microsoft-Windows-WinRM,Microsoft-Windows-WinRM/Operational,2006,4,,,,,Enumeration,,
2026-03-26T06:17:15.684967Z,145,dc.danglingtree.htb,Microsoft-Windows-WinRM,Microsoft-Windows-WinRM/Operational,2007,4,,,,,Get,,http://schemas.microsoft.com/wbem/wsman/1/Config/Plugin
2026-03-26T06:17:15.686055Z,254,dc.danglingtree.htb,Microsoft-Windows-WinRM,Microsoft-Windows-WinRM/Operational,2008,4,,,,,,,
2026-03-26T06:17:15.686057Z,132,dc.danglingtree.htb,Microsoft-Windows-WinRM,Microsoft-Windows-WinRM/Operational,2009,4,,,,,Get,,
2026-03-26T06:17:15.687323Z,145,dc.danglingtree.htb,Microsoft-Windows-WinRM,Microsoft-Windows-WinRM/Operational,2010,4,,,,,Enumeration,,http://schemas.microsoft.com/wbem/wsman/1/Config/Plugin
2026-03-26T06:17:15.689858Z,254,dc.danglingtree.htb,Microsoft-Windows-WinRM,Microsoft-Windows-WinRM/Operational,2011,4,,,,,,,
2026-03-26T06:17:15.689859Z,132,dc.danglingtree.htb,Microsoft-Windows-WinRM,Microsoft-Windows-WinRM/Operational,2012,4,,,,,Enumeration,,
2026-03-26T06:17:15.690198Z,145,dc.danglingtree.htb,Microsoft-Windows-WinRM,Microsoft-Windows-WinRM/Operational,2013,4,,,,,Get,,http://schemas.microsoft.com/wbem/wsman/1/Config/Plugin
2026-03-26T06:17:15.691202Z,254,dc.danglingtree.htb,Microsoft-Windows-WinRM,Microsoft-Windows-WinRM/Operational,2014,4,,,,,,,
2026-03-26T06:17:15.691203Z,132,dc.danglingtree.htb,Microsoft-Windows-WinRM,Microsoft-Windows-WinRM/Operational,2015,4,,,,,Get,,
2026-03-26T06:17:15.693863Z,145,dc.danglingtree.htb,Microsoft-Windows-WinRM,Microsoft-Windows-WinRM/Operational,2016,4,,,,,Enumeration,,http://schemas.microsoft.com/wbem/wsman/1/Config/Plugin
2026-03-26T06:17:15.696978Z,254,dc.danglingtree.htb,Microsoft-Windows-WinRM,Microsoft-Windows-WinRM/Operational,2017,4,,,,,,,
2026-03-26T06:17:15.696980Z,132,dc.danglingtree.htb,Microsoft-Windows-WinRM,Microsoft-Windows-WinRM/Operational,2018,4,,,,,Enumeration,,
2026-03-26T06:17:15.697370Z,145,dc.danglingtree.htb,Microsoft-Windows-WinRM,Microsoft-Windows-WinRM/Operational,2019,4,,,,,Get,,http://schemas.microsoft.com/wbem/wsman/1/Config/Plugin
2026-03-26T06:17:15.698648Z,254,dc.danglingtree.htb,Microsoft-Windows-WinRM,Microsoft-Windows-WinRM/Operational,2020,4,,,,,,,
2026-03-26T06:17:15.698649Z,132,dc.danglingtree.htb,Microsoft-Windows-WinRM,Microsoft-Windows-WinRM/Operational,2021,4,,,,,Get,,
2026-03-26T06:17:15.701114Z,145,dc.danglingtree.htb,Microsoft-Windows-WinRM,Microsoft-Windows-WinRM/Operational,2022,4,,,,,Enumeration,,http://schemas.microsoft.com/wbem/wsman/1/Config/Plugin
2026-03-26T06:17:15.704382Z,254,dc.danglingtree.htb,Microsoft-Windows-WinRM,Microsoft-Windows-WinRM/Operational,2023,4,,,,,,,
2026-03-26T06:17:15.704384Z,132,dc.danglingtree.htb,Microsoft-Windows-WinRM,Microsoft-Windows-WinRM/Operational,2024,4,,,,,Enumeration,,
2026-03-26T06:17:15.704951Z,145,dc.danglingtree.htb,Microsoft-Windows-WinRM,Microsoft-Windows-WinRM/Operational,2025,4,,,,,Get,,http://schemas.microsoft.com/wbem/wsman/1/Config/Plugin
2026-03-26T06:17:15.706122Z,254,dc.danglingtree.htb,Microsoft-Windows-WinRM,Microsoft-Windows-WinRM/Operational,2026,4,,,,,,,
2026-03-26T06:17:15.706123Z,132,dc.danglingtree.htb,Microsoft-Windows-WinRM,Microsoft-Windows-WinRM/Operational,2027,4,,,,,Get,,
2026-03-26T06:17:15.706986Z,145,dc.danglingtree.htb,Microsoft-Windows-WinRM,Microsoft-Windows-WinRM/Operational,2028,4,,,,,Enumeration,,http://schemas.microsoft.com/wbem/wsman/1/Config/Plugin
2026-03-26T06:17:15.709793Z,254,dc.danglingtree.htb,Microsoft-Windows-WinRM,Microsoft-Windows-WinRM/Operational,2029,4,,,,,,,
2026-03-26T06:17:15.709794Z,132,dc.danglingtree.htb,Microsoft-Windows-WinRM,Microsoft-Windows-WinRM/Operational,2030,4,,,,,Enumeration,,
2026-03-26T06:17:15.710444Z,145,dc.danglingtree.htb,Microsoft-Windows-WinRM,Microsoft-Windows-WinRM/Operational,2031,4,,,,,Get,,http://schemas.microsoft.com/wbem/wsman/1/Config/Plugin
2026-03-26T06:17:15.711835Z,254,dc.danglingtree.htb,Microsoft-Windows-WinRM,Microsoft-Windows-WinRM/Operational,2032,4,,,,,,,
2026-03-26T06:17:15.711836Z,132,dc.danglingtree.htb,Microsoft-Windows-WinRM,Microsoft-Windows-WinRM/Operational,2033,4,,,,,Get,,
2026-03-26T06:17:15.713731Z,145,dc.danglingtree.htb,Microsoft-Windows-WinRM,Microsoft-Windows-WinRM/Operational,2034,4,,,,,Enumeration,,http://schemas.microsoft.com/wbem/wsman/1/Config/Plugin
2026-03-26T06:17:15.716543Z,254,dc.danglingtree.htb,Microsoft-Windows-WinRM,Microsoft-Windows-WinRM/Operational,2035,4,,,,,,,
2026-03-26T06:17:15.716544Z,132,dc.danglingtree.htb,Microsoft-Windows-WinRM,Microsoft-Windows-WinRM/Operational,2036,4,,,,,Enumeration,,
2026-03-26T06:17:15.716982Z,145,dc.danglingtree.htb,Microsoft-Windows-WinRM,Microsoft-Windows-WinRM/Operational,2037,4,,,,,Get,,http://schemas.microsoft.com/wbem/wsman/1/Config/Plugin
2026-03-26T06:17:15.718399Z,254,dc.danglingtree.htb,Microsoft-Windows-WinRM,Microsoft-Windows-WinRM/Operational,2038,4,,,,,,,
2026-03-26T06:17:15.718400Z,132,dc.danglingtree.htb,Microsoft-Windows-WinRM,Microsoft-Windows-WinRM/Operational,2039,4,,,,,Get,,
2026-03-26T06:17:15.722529Z,145,dc.danglingtree.htb,Microsoft-Windows-WinRM,Microsoft-Windows-WinRM/Operational,2040,4,,,,,Enumeration,,http://schemas.microsoft.com/wbem/wsman/1/Config/Plugin
2026-03-26T06:17:15.725272Z,254,dc.danglingtree.htb,Microsoft-Windows-WinRM,Microsoft-Windows-WinRM/Operational,2041,4,,,,,,,
2026-03-26T06:17:15.725273Z,132,dc.danglingtree.htb,Microsoft-Windows-WinRM,Microsoft-Windows-WinRM/Operational,2042,4,,,,,Enumeration,,
2026-03-26T06:17:15.727148Z,145,dc.danglingtree.htb,Microsoft-Windows-WinRM,Microsoft-Windows-WinRM/Operational,2043,4,,,,,Enumeration,,http://schemas.microsoft.com/wbem/wsman/1/Config/Plugin
2026-03-26T06:17:15.731241Z,254,dc.danglingtree.htb,Microsoft-Windows-WinRM,Microsoft-Windows-WinRM/Operational,2044,4,,,,,,,
2026-03-26T06:17:15.731243Z,132,dc.danglingtree.htb,Microsoft-Windows-WinRM,Microsoft-Windows-WinRM/Operational,2045,4,,,,,Enumeration,,
2026-03-26T06:17:15.734004Z,145,dc.danglingtree.htb,Microsoft-Windows-WinRM,Microsoft-Windows-WinRM/Operational,2046,4,,,,,Enumeration,,http://schemas.microsoft.com/wbem/wsman/1/Config/Plugin
2026-03-26T06:17:15.737147Z,254,dc.danglingtree.htb,Microsoft-Windows-WinRM,Microsoft-Windows-WinRM/Operational,2047,4,,,,,,,
2026-03-26T06:17:15.737148Z,132,dc.danglingtree.htb,Microsoft-Windows-WinRM,Microsoft-Windows-WinRM/Operational,2048,4,,,,,Enumeration,,
2026-03-26T06:17:15.738311Z,145,dc.danglingtree.htb,Microsoft-Windows-WinRM,Microsoft-Windows-WinRM/Operational,2049,4,,,,,Enumeration,,http://schemas.microsoft.com/wbem/wsman/1/Config/Plugin
2026-03-26T06:17:15.740953Z,254,dc.danglingtree.htb,Microsoft-Windows-WinRM,Microsoft-Windows-WinRM/Operational,2050,4,,,,,,,
2026-03-26T06:17:15.740955Z,132,dc.danglingtree.htb,Microsoft-Windows-WinRM,Microsoft-Windows-WinRM/Operational,2051,4,,,,,Enumeration,,
2026-03-26T06:17:15.741699Z,145,dc.danglingtree.htb,Microsoft-Windows-WinRM,Microsoft-Windows-WinRM/Operational,2052,4,,,,,Enumeration,,http://schemas.microsoft.com/wbem/wsman/1/Config/Plugin
2026-03-26T06:17:15.745007Z,254,dc.danglingtree.htb,Microsoft-Windows-WinRM,Microsoft-Windows-WinRM/Operational,2053,4,,,,,,,
2026-03-26T06:17:15.745009Z,132,dc.danglingtree.htb,Microsoft-Windows-WinRM,Microsoft-Windows-WinRM/Operational,2054,4,,,,,Enumeration,,
2026-03-26T06:17:15.746271Z,145,dc.danglingtree.htb,Microsoft-Windows-WinRM,Microsoft-Windows-WinRM/Operational,2055,4,,,,,Enumeration,,http://schemas.microsoft.com/wbem/wsman/1/Config/Plugin
2026-03-26T06:17:15.749767Z,254,dc.danglingtree.htb,Microsoft-Windows-WinRM,Microsoft-Windows-WinRM/Operational,2056,4,,,,,,,
2026-03-26T06:17:15.749768Z,132,dc.danglingtree.htb,Microsoft-Windows-WinRM,Microsoft-Windows-WinRM/Operational,2057,4,,,,,Enumeration,,
2026-03-26T06:17:15.750815Z,145,dc.danglingtree.htb,Microsoft-Windows-WinRM,Microsoft-Windows-WinRM/Operational,2058,4,,,,,Enumeration,,http://schemas.microsoft.com/wbem/wsman/1/Config/Plugin
2026-03-26T06:17:15.753355Z,254,dc.danglingtree.htb,Microsoft-Windows-WinRM,Microsoft-Windows-WinRM/Operational,2059,4,,,,,,,
2026-03-26T06:17:15.753356Z,132,dc.danglingtree.htb,Microsoft-Windows-WinRM,Microsoft-Windows-WinRM/Operational,2060,4,,,,,Enumeration,,
2026-03-26T06:17:15.758310Z,145,dc.danglingtree.htb,Microsoft-Windows-WinRM,Microsoft-Windows-WinRM/Operational,2061,4,,,,,Enumeration,,http://schemas.microsoft.com/wbem/wsman/1/Config/Plugin
2026-03-26T06:17:15.761207Z,254,dc.danglingtree.htb,Microsoft-Windows-WinRM,Microsoft-Windows-WinRM/Operational,2062,4,,,,,,,
2026-03-26T06:17:15.761209Z,132,dc.danglingtree.htb,Microsoft-Windows-WinRM,Microsoft-Windows-WinRM/Operational,2063,4,,,,,Enumeration,,
2026-03-26T06:17:15.762618Z,145,dc.danglingtree.htb,Microsoft-Windows-WinRM,Microsoft-Windows-WinRM/Operational,2064,4,,,,,Enumeration,,http://schemas.microsoft.com/wbem/wsman/1/Config/Plugin
2026-03-26T06:17:15.765674Z,254,dc.danglingtree.htb,Microsoft-Windows-WinRM,Microsoft-Windows-WinRM/Operational,2065,4,,,,,,,
2026-03-26T06:17:15.765676Z,132,dc.danglingtree.htb,Microsoft-Windows-WinRM,Microsoft-Windows-WinRM/Operational,2066,4,,,,,Enumeration,,
2026-03-26T06:17:15.766466Z,145,dc.danglingtree.htb,Microsoft-Windows-WinRM,Microsoft-Windows-WinRM/Operational,2067,4,,,,,Enumeration,,http://schemas.microsoft.com/wbem/wsman/1/Config/Plugin
2026-03-26T06:17:15.768653Z,254,dc.danglingtree.htb,Microsoft-Windows-WinRM,Microsoft-Windows-WinRM/Operational,2068,4,,,,,,,
2026-03-26T06:17:15.768655Z,132,dc.danglingtree.htb,Microsoft-Windows-WinRM,Microsoft-Windows-WinRM/Operational,2069,4,,,,,Enumeration,,
2026-03-26T06:17:15.769629Z,145,dc.danglingtree.htb,Microsoft-Windows-WinRM,Microsoft-Windows-WinRM/Operational,2070,4,,,,,Enumeration,,http://schemas.microsoft.com/wbem/wsman/1/Config/Plugin
2026-03-26T06:17:15.771876Z,254,dc.danglingtree.htb,Microsoft-Windows-WinRM,Microsoft-Windows-WinRM/Operational,2071,4,,,,,,,
2026-03-26T06:17:15.771877Z,132,dc.danglingtree.htb,Microsoft-Windows-WinRM,Microsoft-Windows-WinRM/Operational,2072,4,,,,,Enumeration,,
2026-03-26T06:17:15.772748Z,145,dc.danglingtree.htb,Microsoft-Windows-WinRM,Microsoft-Windows-WinRM/Operational,2073,4,,,,,Enumeration,,http://schemas.microsoft.com/wbem/wsman/1/Config/Plugin
2026-03-26T06:17:15.775192Z,254,dc.danglingtree.htb,Microsoft-Windows-WinRM,Microsoft-Windows-WinRM/Operational,2074,4,,,,,,,
2026-03-26T06:17:15.775193Z,132,dc.danglingtree.htb,Microsoft-Windows-WinRM,Microsoft-Windows-WinRM/Operational,2075,4,,,,,Enumeration,,
2026-03-26T06:17:15.775893Z,145,dc.danglingtree.htb,Microsoft-Windows-WinRM,Microsoft-Windows-WinRM/Operational,2076,4,,,,,Enumeration,,http://schemas.microsoft.com/wbem/wsman/1/Config/Plugin
2026-03-26T06:17:15.778547Z,254,dc.danglingtree.htb,Microsoft-Windows-WinRM,Microsoft-Windows-WinRM/Operational,2077,4,,,,,,,
2026-03-26T06:17:15.778548Z,132,dc.danglingtree.htb,Microsoft-Windows-WinRM,Microsoft-Windows-WinRM/Operational,2078,4,,,,,Enumeration,,
2026-03-26T06:17:15.779670Z,145,dc.danglingtree.htb,Microsoft-Windows-WinRM,Microsoft-Windows-WinRM/Operational,2079,4,,,,,Enumeration,,http://schemas.microsoft.com/wbem/wsman/1/Config/Plugin
2026-03-26T06:17:15.782009Z,254,dc.danglingtree.htb,Microsoft-Windows-WinRM,Microsoft-Windows-WinRM/Operational,2080,4,,,,,,,
2026-03-26T06:17:15.782010Z,132,dc.danglingtree.htb,Microsoft-Windows-WinRM,Microsoft-Windows-WinRM/Operational,2081,4,,,,,Enumeration,,
2026-03-26T06:17:15.782779Z,145,dc.danglingtree.htb,Microsoft-Windows-WinRM,Microsoft-Windows-WinRM/Operational,2082,4,,,,,Enumeration,,http://schemas.microsoft.com/wbem/wsman/1/Config/Plugin
2026-03-26T06:17:15.784891Z,254,dc.danglingtree.htb,Microsoft-Windows-WinRM,Microsoft-Windows-WinRM/Operational,2083,4,,,,,,,
2026-03-26T06:17:15.784892Z,132,dc.danglingtree.htb,Microsoft-Windows-WinRM,Microsoft-Windows-WinRM/Operational,2084,4,,,,,Enumeration,,
2026-03-26T06:17:15.785558Z,145,dc.danglingtree.htb,Microsoft-Windows-WinRM,Microsoft-Windows-WinRM/Operational,2085,4,,,,,Enumeration,,http://schemas.microsoft.com/wbem/wsman/1/Config/Plugin
2026-03-26T06:17:15.787761Z,254,dc.danglingtree.htb,Microsoft-Windows-WinRM,Microsoft-Windows-WinRM/Operational,2086,4,,,,,,,
2026-03-26T06:17:15.787762Z,132,dc.danglingtree.htb,Microsoft-Windows-WinRM,Microsoft-Windows-WinRM/Operational,2087,4,,,,,Enumeration,,
2026-03-26T06:17:15.789066Z,145,dc.danglingtree.htb,Microsoft-Windows-WinRM,Microsoft-Windows-WinRM/Operational,2088,4,,,,,Enumeration,,http://schemas.microsoft.com/wbem/wsman/1/Config/Plugin
2026-03-26T06:17:15.791343Z,254,dc.danglingtree.htb,Microsoft-Windows-WinRM,Microsoft-Windows-WinRM/Operational,2089,4,,,,,,,
2026-03-26T06:17:15.791344Z,132,dc.danglingtree.htb,Microsoft-Windows-WinRM,Microsoft-Windows-WinRM/Operational,2090,4,,,,,Enumeration,,
2026-03-26T06:17:15.791989Z,145,dc.danglingtree.htb,Microsoft-Windows-WinRM,Microsoft-Windows-WinRM/Operational,2091,4,,,,,Enumeration,,http://schemas.microsoft.com/wbem/wsman/1/Config/Plugin
2026-03-26T06:17:15.795047Z,254,dc.danglingtree.htb,Microsoft-Windows-WinRM,Microsoft-Windows-WinRM/Operational,2092,4,,,,,,,
2026-03-26T06:17:15.795048Z,132,dc.danglingtree.htb,Microsoft-Windows-WinRM,Microsoft-Windows-WinRM/Operational,2093,4,,,,,Enumeration,,
2026-03-26T06:17:15.796264Z,145,dc.danglingtree.htb,Microsoft-Windows-WinRM,Microsoft-Windows-WinRM/Operational,2094,4,,,,,Enumeration,,http://schemas.microsoft.com/wbem/wsman/1/Config/Plugin
2026-03-26T06:17:15.798766Z,254,dc.danglingtree.htb,Microsoft-Windows-WinRM,Microsoft-Windows-WinRM/Operational,2095,4,,,,,,,
2026-03-26T06:17:15.798767Z,132,dc.danglingtree.htb,Microsoft-Windows-WinRM,Microsoft-Windows-WinRM/Operational,2096,4,,,,,Enumeration,,
2026-03-26T06:17:15.799692Z,145,dc.danglingtree.htb,Microsoft-Windows-WinRM,Microsoft-Windows-WinRM/Operational,2097,4,,,,,Enumeration,,http://schemas.microsoft.com/wbem/wsman/1/Config/Plugin
2026-03-26T06:17:15.802992Z,254,dc.danglingtree.htb,Microsoft-Windows-WinRM,Microsoft-Windows-WinRM/Operational,2098,4,,,,,,,
2026-03-26T06:17:15.802993Z,132,dc.danglingtree.htb,Microsoft-Windows-WinRM,Microsoft-Windows-WinRM/Operational,2099,4,,,,,Enumeration,,
2026-03-26T06:17:15.804214Z,145,dc.danglingtree.htb,Microsoft-Windows-WinRM,Microsoft-Windows-WinRM/Operational,2100,4,,,,,Enumeration,,http://schemas.microsoft.com/wbem/wsman/1/Config/Plugin
2026-03-26T06:17:15.807481Z,254,dc.danglingtree.htb,Microsoft-Windows-WinRM,Microsoft-Windows-WinRM/Operational,2101,4,,,,,,,
2026-03-26T06:17:15.807482Z,132,dc.danglingtree.htb,Microsoft-Windows-WinRM,Microsoft-Windows-WinRM/Operational,2102,4,,,,,Enumeration,,
2026-03-26T06:17:15.809479Z,145,dc.danglingtree.htb,Microsoft-Windows-WinRM,Microsoft-Windows-WinRM/Operational,2103,4,,,,,Enumeration,,http://schemas.microsoft.com/wbem/wsman/1/Config/Plugin
2026-03-26T06:17:15.813517Z,254,dc.danglingtree.htb,Microsoft-Windows-WinRM,Microsoft-Windows-WinRM/Operational,2104,4,,,,,,,
2026-03-26T06:17:15.813519Z,132,dc.danglingtree.htb,Microsoft-Windows-WinRM,Microsoft-Windows-WinRM/Operational,2105,4,,,,,Enumeration,,
2026-03-26T06:17:15.817125Z,145,dc.danglingtree.htb,Microsoft-Windows-WinRM,Microsoft-Windows-WinRM/Operational,2106,4,,,,,Enumeration,,http://schemas.microsoft.com/wbem/wsman/1/Config/Plugin
2026-03-26T06:17:15.820604Z,254,dc.danglingtree.htb,Microsoft-Windows-WinRM,Microsoft-Windows-WinRM/Operational,2107,4,,,,,,,
2026-03-26T06:17:15.820606Z,132,dc.danglingtree.htb,Microsoft-Windows-WinRM,Microsoft-Windows-WinRM/Operational,2108,4,,,,,Enumeration,,
2026-03-26T06:17:15.821037Z,145,dc.danglingtree.htb,Microsoft-Windows-WinRM,Microsoft-Windows-WinRM/Operational,2109,4,,,,,Get,,http://schemas.microsoft.com/wbem/wsman/1/Config/Plugin
2026-03-26T06:17:15.822165Z,254,dc.danglingtree.htb,Microsoft-Windows-WinRM,Microsoft-Windows-WinRM/Operational,2110,4,,,,,,,
2026-03-26T06:17:15.822167Z,132,dc.danglingtree.htb,Microsoft-Windows-WinRM,Microsoft-Windows-WinRM/Operational,2111,4,,,,,Get,,
2026-03-26T06:17:15.823052Z,145,dc.danglingtree.htb,Microsoft-Windows-WinRM,Microsoft-Windows-WinRM/Operational,2112,4,,,,,Enumeration,,http://schemas.microsoft.com/wbem/wsman/1/Config/Plugin
2026-03-26T06:17:15.827799Z,254,dc.danglingtree.htb,Microsoft-Windows-WinRM,Microsoft-Windows-WinRM/Operational,2113,4,,,,,,,
2026-03-26T06:17:15.827801Z,132,dc.danglingtree.htb,Microsoft-Windows-WinRM,Microsoft-Windows-WinRM/Operational,2114,4,,,,,Enumeration,,
2026-03-26T06:17:15.829034Z,145,dc.danglingtree.htb,Microsoft-Windows-WinRM,Microsoft-Windows-WinRM/Operational,2115,4,,,,,Enumeration,,http://schemas.microsoft.com/wbem/wsman/1/Config/Plugin
2026-03-26T06:17:15.832185Z,254,dc.danglingtree.htb,Microsoft-Windows-WinRM,Microsoft-Windows-WinRM/Operational,2116,4,,,,,,,
2026-03-26T06:17:15.832187Z,132,dc.danglingtree.htb,Microsoft-Windows-WinRM,Microsoft-Windows-WinRM/Operational,2117,4,,,,,Enumeration,,
2026-03-26T06:17:15.834769Z,145,dc.danglingtree.htb,Microsoft-Windows-WinRM,Microsoft-Windows-WinRM/Operational,2118,4,,,,,Enumeration,,http://schemas.microsoft.com/wbem/wsman/1/Config/Plugin
2026-03-26T06:17:15.838016Z,254,dc.danglingtree.htb,Microsoft-Windows-WinRM,Microsoft-Windows-WinRM/Operational,2119,4,,,,,,,
2026-03-26T06:17:15.838017Z,132,dc.danglingtree.htb,Microsoft-Windows-WinRM,Microsoft-Windows-WinRM/Operational,2120,4,,,,,Enumeration,,
2026-03-26T06:17:15.839125Z,145,dc.danglingtree.htb,Microsoft-Windows-WinRM,Microsoft-Windows-WinRM/Operational,2121,4,,,,,Enumeration,,http://schemas.microsoft.com/wbem/wsman/1/Config/Plugin
2026-03-26T06:17:15.842075Z,254,dc.danglingtree.htb,Microsoft-Windows-WinRM,Microsoft-Windows-WinRM/Operational,2122,4,,,,,,,
2026-03-26T06:17:15.842076Z,132,dc.danglingtree.htb,Microsoft-Windows-WinRM,Microsoft-Windows-WinRM/Operational,2123,4,,,,,Enumeration,,
2026-03-26T06:17:15.844009Z,145,dc.danglingtree.htb,Microsoft-Windows-WinRM,Microsoft-Windows-WinRM/Operational,2124,4,,,,,Enumeration,,http://schemas.microsoft.com/wbem/wsman/1/Config/Plugin
2026-03-26T06:17:15.848800Z,254,dc.danglingtree.htb,Microsoft-Windows-WinRM,Microsoft-Windows-WinRM/Operational,2125,4,,,,,,,
2026-03-26T06:17:15.848801Z,132,dc.danglingtree.htb,Microsoft-Windows-WinRM,Microsoft-Windows-WinRM/Operational,2126,4,,,,,Enumeration,,
2026-03-26T06:17:15.850768Z,145,dc.danglingtree.htb,Microsoft-Windows-WinRM,Microsoft-Windows-WinRM/Operational,2127,4,,,,,Enumeration,,http://schemas.microsoft.com/wbem/wsman/1/Config/Plugin
2026-03-26T06:17:15.854772Z,254,dc.danglingtree.htb,Microsoft-Windows-WinRM,Microsoft-Windows-WinRM/Operational,2128,4,,,,,,,
2026-03-26T06:17:15.854774Z,132,dc.danglingtree.htb,Microsoft-Windows-WinRM,Microsoft-Windows-WinRM/Operational,2129,4,,,,,Enumeration,,
2026-03-26T06:17:15.856020Z,145,dc.danglingtree.htb,Microsoft-Windows-WinRM,Microsoft-Windows-WinRM/Operational,2130,4,,,,,Enumeration,,http://schemas.microsoft.com/wbem/wsman/1/Config/Plugin
2026-03-26T06:17:15.858964Z,254,dc.danglingtree.htb,Microsoft-Windows-WinRM,Microsoft-Windows-WinRM/Operational,2131,4,,,,,,,
2026-03-26T06:17:15.858966Z,132,dc.danglingtree.htb,Microsoft-Windows-WinRM,Microsoft-Windows-WinRM/Operational,2132,4,,,,,Enumeration,,
2026-03-26T06:17:15.860215Z,145,dc.danglingtree.htb,Microsoft-Windows-WinRM,Microsoft-Windows-WinRM/Operational,2133,4,,,,,Enumeration,,http://schemas.microsoft.com/wbem/wsman/1/Config/Plugin
2026-03-26T06:17:15.865703Z,254,dc.danglingtree.htb,Microsoft-Windows-WinRM,Microsoft-Windows-WinRM/Operational,2134,4,,,,,,,
2026-03-26T06:17:15.865704Z,132,dc.danglingtree.htb,Microsoft-Windows-WinRM,Microsoft-Windows-WinRM/Operational,2135,4,,,,,Enumeration,,
2026-03-26T06:17:15.873723Z,145,dc.danglingtree.htb,Microsoft-Windows-WinRM,Microsoft-Windows-WinRM/Operational,2136,4,,,,,Enumeration,,http://schemas.microsoft.com/wbem/wsman/1/Config/Plugin
2026-03-26T06:17:15.877242Z,254,dc.danglingtree.htb,Microsoft-Windows-WinRM,Microsoft-Windows-WinRM/Operational,2137,4,,,,,,,
2026-03-26T06:17:15.877244Z,132,dc.danglingtree.htb,Microsoft-Windows-WinRM,Microsoft-Windows-WinRM/Operational,2138,4,,,,,Enumeration,,
2026-03-26T06:17:15.878921Z,145,dc.danglingtree.htb,Microsoft-Windows-WinRM,Microsoft-Windows-WinRM/Operational,2139,4,,,,,Enumeration,,http://schemas.microsoft.com/wbem/wsman/1/Config/Plugin
2026-03-26T06:17:15.885180Z,254,dc.danglingtree.htb,Microsoft-Windows-WinRM,Microsoft-Windows-WinRM/Operational,2140,4,,,,,,,
2026-03-26T06:17:15.885181Z,132,dc.danglingtree.htb,Microsoft-Windows-WinRM,Microsoft-Windows-WinRM/Operational,2141,4,,,,,Enumeration,,
2026-03-26T06:17:15.886908Z,145,dc.danglingtree.htb,Microsoft-Windows-WinRM,Microsoft-Windows-WinRM/Operational,2142,4,,,,,Enumeration,,http://schemas.microsoft.com/wbem/wsman/1/Config/Plugin
2026-03-26T06:17:15.890278Z,254,dc.danglingtree.htb,Microsoft-Windows-WinRM,Microsoft-Windows-WinRM/Operational,2143,4,,,,,,,
2026-03-26T06:17:15.890279Z,132,dc.danglingtree.htb,Microsoft-Windows-WinRM,Microsoft-Windows-WinRM/Operational,2144,4,,,,,Enumeration,,
2026-03-26T06:17:15.891456Z,145,dc.danglingtree.htb,Microsoft-Windows-WinRM,Microsoft-Windows-WinRM/Operational,2145,4,,,,,Enumeration,,http://schemas.microsoft.com/wbem/wsman/1/Config/Plugin
2026-03-26T06:17:15.896302Z,254,dc.danglingtree.htb,Microsoft-Windows-WinRM,Microsoft-Windows-WinRM/Operational,2146,4,,,,,,,
2026-03-26T06:17:15.896304Z,132,dc.danglingtree.htb,Microsoft-Windows-WinRM,Microsoft-Windows-WinRM/Operational,2147,4,,,,,Enumeration,,
2026-03-26T06:17:15.898223Z,145,dc.danglingtree.htb,Microsoft-Windows-WinRM,Microsoft-Windows-WinRM/Operational,2148,4,,,,,Enumeration,,http://schemas.microsoft.com/wbem/wsman/1/Config/Plugin
2026-03-26T06:17:15.901443Z,254,dc.danglingtree.htb,Microsoft-Windows-WinRM,Microsoft-Windows-WinRM/Operational,2149,4,,,,,,,
2026-03-26T06:17:15.901444Z,132,dc.danglingtree.htb,Microsoft-Windows-WinRM,Microsoft-Windows-WinRM/Operational,2150,4,,,,,Enumeration,,
2026-03-26T06:17:15.903029Z,145,dc.danglingtree.htb,Microsoft-Windows-WinRM,Microsoft-Windows-WinRM/Operational,2151,4,,,,,Enumeration,,http://schemas.microsoft.com/wbem/wsman/1/Config/Plugin
2026-03-26T06:17:15.906964Z,254,dc.danglingtree.htb,Microsoft-Windows-WinRM,Microsoft-Windows-WinRM/Operational,2152,4,,,,,,,
2026-03-26T06:17:15.906965Z,132,dc.danglingtree.htb,Microsoft-Windows-WinRM,Microsoft-Windows-WinRM/Operational,2153,4,,,,,Enumeration,,
2026-03-26T06:17:15.908858Z,145,dc.danglingtree.htb,Microsoft-Windows-WinRM,Microsoft-Windows-WinRM/Operational,2154,4,,,,,Enumeration,,http://schemas.microsoft.com/wbem/wsman/1/Config/Plugin
2026-03-26T06:17:15.913975Z,254,dc.danglingtree.htb,Microsoft-Windows-WinRM,Microsoft-Windows-WinRM/Operational,2155,4,,,,,,,
2026-03-26T06:17:15.913976Z,132,dc.danglingtree.htb,Microsoft-Windows-WinRM,Microsoft-Windows-WinRM/Operational,2156,4,,,,,Enumeration,,
2026-03-26T06:17:15.915058Z,145,dc.danglingtree.htb,Microsoft-Windows-WinRM,Microsoft-Windows-WinRM/Operational,2157,4,,,,,Enumeration,,http://schemas.microsoft.com/wbem/wsman/1/Config/Plugin
2026-03-26T06:17:15.918082Z,254,dc.danglingtree.htb,Microsoft-Windows-WinRM,Microsoft-Windows-WinRM/Operational,2158,4,,,,,,,
2026-03-26T06:17:15.918084Z,132,dc.danglingtree.htb,Microsoft-Windows-WinRM,Microsoft-Windows-WinRM/Operational,2159,4,,,,,Enumeration,,
2026-03-26T06:17:15.919793Z,145,dc.danglingtree.htb,Microsoft-Windows-WinRM,Microsoft-Windows-WinRM/Operational,2160,4,,,,,Enumeration,,http://schemas.microsoft.com/wbem/wsman/1/Config/Plugin
2026-03-26T06:17:15.923828Z,254,dc.danglingtree.htb,Microsoft-Windows-WinRM,Microsoft-Windows-WinRM/Operational,2161,4,,,,,,,
2026-03-26T06:17:15.923829Z,132,dc.danglingtree.htb,Microsoft-Windows-WinRM,Microsoft-Windows-WinRM/Operational,2162,4,,,,,Enumeration,,
2026-03-26T06:17:15.925268Z,145,dc.danglingtree.htb,Microsoft-Windows-WinRM,Microsoft-Windows-WinRM/Operational,2163,4,,,,,Enumeration,,http://schemas.microsoft.com/wbem/wsman/1/Config/Plugin
2026-03-26T06:17:15.928863Z,254,dc.danglingtree.htb,Microsoft-Windows-WinRM,Microsoft-Windows-WinRM/Operational,2164,4,,,,,,,
2026-03-26T06:17:15.928865Z,132,dc.danglingtree.htb,Microsoft-Windows-WinRM,Microsoft-Windows-WinRM/Operational,2165,4,,,,,Enumeration,,
2026-03-26T06:17:15.930007Z,145,dc.danglingtree.htb,Microsoft-Windows-WinRM,Microsoft-Windows-WinRM/Operational,2166,4,,,,,Enumeration,,http://schemas.microsoft.com/wbem/wsman/1/Config/Plugin
2026-03-26T06:17:15.933397Z,254,dc.danglingtree.htb,Microsoft-Windows-WinRM,Microsoft-Windows-WinRM/Operational,2167,4,,,,,,,
2026-03-26T06:17:15.933399Z,132,dc.danglingtree.htb,Microsoft-Windows-WinRM,Microsoft-Windows-WinRM/Operational,2168,4,,,,,Enumeration,,
2026-03-26T06:17:15.936223Z,145,dc.danglingtree.htb,Microsoft-Windows-WinRM,Microsoft-Windows-WinRM/Operational,2169,4,,,,,Enumeration,,http://schemas.microsoft.com/wbem/wsman/1/Config/Plugin
2026-03-26T06:17:15.940160Z,254,dc.danglingtree.htb,Microsoft-Windows-WinRM,Microsoft-Windows-WinRM/Operational,2170,4,,,,,,,
2026-03-26T06:17:15.940162Z,132,dc.danglingtree.htb,Microsoft-Windows-WinRM,Microsoft-Windows-WinRM/Operational,2171,4,,,,,Enumeration,,
2026-03-26T06:17:15.942304Z,145,dc.danglingtree.htb,Microsoft-Windows-WinRM,Microsoft-Windows-WinRM/Operational,2172,4,,,,,Enumeration,,http://schemas.microsoft.com/wbem/wsman/1/Config/Plugin
2026-03-26T06:17:15.946636Z,254,dc.danglingtree.htb,Microsoft-Windows-WinRM,Microsoft-Windows-WinRM/Operational,2173,4,,,,,,,
2026-03-26T06:17:15.946637Z,132,dc.danglingtree.htb,Microsoft-Windows-WinRM,Microsoft-Windows-WinRM/Operational,2174,4,,,,,Enumeration,,
2026-03-26T06:17:15.948354Z,145,dc.danglingtree.htb,Microsoft-Windows-WinRM,Microsoft-Windows-WinRM/Operational,2175,4,,,,,Enumeration,,http://schemas.microsoft.com/wbem/wsman/1/Config/Plugin
2026-03-26T06:17:15.951443Z,254,dc.danglingtree.htb,Microsoft-Windows-WinRM,Microsoft-Windows-WinRM/Operational,2176,4,,,,,,,
2026-03-26T06:17:15.951445Z,132,dc.danglingtree.htb,Microsoft-Windows-WinRM,Microsoft-Windows-WinRM/Operational,2177,4,,,,,Enumeration,,
2026-03-26T06:17:15.952883Z,145,dc.danglingtree.htb,Microsoft-Windows-WinRM,Microsoft-Windows-WinRM/Operational,2178,4,,,,,Enumeration,,http://schemas.microsoft.com/wbem/wsman/1/Config/Plugin
2026-03-26T06:17:15.957079Z,254,dc.danglingtree.htb,Microsoft-Windows-WinRM,Microsoft-Windows-WinRM/Operational,2179,4,,,,,,,
2026-03-26T06:17:15.957080Z,132,dc.danglingtree.htb,Microsoft-Windows-WinRM,Microsoft-Windows-WinRM/Operational,2180,4,,,,,Enumeration,,
2026-03-26T06:17:15.958686Z,145,dc.danglingtree.htb,Microsoft-Windows-WinRM,Microsoft-Windows-WinRM/Operational,2181,4,,,,,Enumeration,,http://schemas.microsoft.com/wbem/wsman/1/Config/Plugin
2026-03-26T06:17:15.962945Z,254,dc.danglingtree.htb,Microsoft-Windows-WinRM,Microsoft-Windows-WinRM/Operational,2182,4,,,,,,,
2026-03-26T06:17:15.962948Z,132,dc.danglingtree.htb,Microsoft-Windows-WinRM,Microsoft-Windows-WinRM/Operational,2183,4,,,,,Enumeration,,
2026-03-26T06:17:15.965661Z,145,dc.danglingtree.htb,Microsoft-Windows-WinRM,Microsoft-Windows-WinRM/Operational,2184,4,,,,,Enumeration,,http://schemas.microsoft.com/wbem/wsman/1/Config/Plugin
2026-03-26T06:17:15.969165Z,254,dc.danglingtree.htb,Microsoft-Windows-WinRM,Microsoft-Windows-WinRM/Operational,2185,4,,,,,,,
2026-03-26T06:17:15.969166Z,132,dc.danglingtree.htb,Microsoft-Windows-WinRM,Microsoft-Windows-WinRM/Operational,2186,4,,,,,Enumeration,,
2026-03-26T06:17:15.971368Z,145,dc.danglingtree.htb,Microsoft-Windows-WinRM,Microsoft-Windows-WinRM/Operational,2187,4,,,,,Enumeration,,http://schemas.microsoft.com/wbem/wsman/1/Config/Plugin
2026-03-26T06:17:15.975144Z,254,dc.danglingtree.htb,Microsoft-Windows-WinRM,Microsoft-Windows-WinRM/Operational,2188,4,,,,,,,
2026-03-26T06:17:15.975146Z,132,dc.danglingtree.htb,Microsoft-Windows-WinRM,Microsoft-Windows-WinRM/Operational,2189,4,,,,,Enumeration,,
2026-03-26T06:17:15.976265Z,145,dc.danglingtree.htb,Microsoft-Windows-WinRM,Microsoft-Windows-WinRM/Operational,2190,4,,,,,Get,,http://schemas.microsoft.com/wbem/wsman/1/Config/Plugin
2026-03-26T06:17:15.977897Z,254,dc.danglingtree.htb,Microsoft-Windows-WinRM,Microsoft-Windows-WinRM/Operational,2191,4,,,,,,,
2026-03-26T06:17:15.977898Z,132,dc.danglingtree.htb,Microsoft-Windows-WinRM,Microsoft-Windows-WinRM/Operational,2192,4,,,,,Get,,
2026-03-26T06:17:15.979207Z,145,dc.danglingtree.htb,Microsoft-Windows-WinRM,Microsoft-Windows-WinRM/Operational,2193,4,,,,,Enumeration,,http://schemas.microsoft.com/wbem/wsman/1/Config/Plugin
2026-03-26T06:17:15.982532Z,254,dc.danglingtree.htb,Microsoft-Windows-WinRM,Microsoft-Windows-WinRM/Operational,2194,4,,,,,,,
2026-03-26T06:17:15.982533Z,132,dc.danglingtree.htb,Microsoft-Windows-WinRM,Microsoft-Windows-WinRM/Operational,2195,4,,,,,Enumeration,,
2026-03-26T06:17:15.983721Z,145,dc.danglingtree.htb,Microsoft-Windows-WinRM,Microsoft-Windows-WinRM/Operational,2196,4,,,,,Enumeration,,http://schemas.microsoft.com/wbem/wsman/1/Config/Plugin
2026-03-26T06:17:15.987182Z,254,dc.danglingtree.htb,Microsoft-Windows-WinRM,Microsoft-Windows-WinRM/Operational,2197,4,,,,,,,
2026-03-26T06:17:15.987183Z,132,dc.danglingtree.htb,Microsoft-Windows-WinRM,Microsoft-Windows-WinRM/Operational,2198,4,,,,,Enumeration,,
2026-03-26T06:17:15.989086Z,145,dc.danglingtree.htb,Microsoft-Windows-WinRM,Microsoft-Windows-WinRM/Operational,2199,4,,,,,Enumeration,,http://schemas.microsoft.com/wbem/wsman/1/Config/Plugin
2026-03-26T06:17:15.994153Z,254,dc.danglingtree.htb,Microsoft-Windows-WinRM,Microsoft-Windows-WinRM/Operational,2200,4,,,,,,,
2026-03-26T06:17:15.994154Z,132,dc.danglingtree.htb,Microsoft-Windows-WinRM,Microsoft-Windows-WinRM/Operational,2201,4,,,,,Enumeration,,
2026-03-26T06:17:15.997951Z,145,dc.danglingtree.htb,Microsoft-Windows-WinRM,Microsoft-Windows-WinRM/Operational,2202,4,,,,,Enumeration,,http://schemas.microsoft.com/wbem/wsman/1/Config/Plugin
2026-03-26T06:17:16.001505Z,254,dc.danglingtree.htb,Microsoft-Windows-WinRM,Microsoft-Windows-WinRM/Operational,2203,4,,,,,,,
2026-03-26T06:17:16.001507Z,132,dc.danglingtree.htb,Microsoft-Windows-WinRM,Microsoft-Windows-WinRM/Operational,2204,4,,,,,Enumeration,,
2026-03-26T06:17:16.008647Z,145,dc.danglingtree.htb,Microsoft-Windows-WinRM,Microsoft-Windows-WinRM/Operational,2205,4,,,,,Enumeration,,http://schemas.microsoft.com/wbem/wsman/1/Config/Plugin
2026-03-26T06:17:16.016528Z,254,dc.danglingtree.htb,Microsoft-Windows-WinRM,Microsoft-Windows-WinRM/Operational,2206,4,,,,,,,
2026-03-26T06:17:16.016529Z,132,dc.danglingtree.htb,Microsoft-Windows-WinRM,Microsoft-Windows-WinRM/Operational,2207,4,,,,,Enumeration,,
2026-03-26T06:17:16.019465Z,145,dc.danglingtree.htb,Microsoft-Windows-WinRM,Microsoft-Windows-WinRM/Operational,2208,4,,,,,Enumeration,,http://schemas.microsoft.com/wbem/wsman/1/Config/Plugin
2026-03-26T06:17:16.023860Z,254,dc.danglingtree.htb,Microsoft-Windows-WinRM,Microsoft-Windows-WinRM/Operational,2209,4,,,,,,,
2026-03-26T06:17:16.023861Z,132,dc.danglingtree.htb,Microsoft-Windows-WinRM,Microsoft-Windows-WinRM/Operational,2210,4,,,,,Enumeration,,
2026-03-26T06:17:16.025787Z,145,dc.danglingtree.htb,Microsoft-Windows-WinRM,Microsoft-Windows-WinRM/Operational,2211,4,,,,,Enumeration,,http://schemas.microsoft.com/wbem/wsman/1/Config/Plugin
2026-03-26T06:17:16.031462Z,254,dc.danglingtree.htb,Microsoft-Windows-WinRM,Microsoft-Windows-WinRM/Operational,2212,4,,,,,,,
2026-03-26T06:17:16.031464Z,132,dc.danglingtree.htb,Microsoft-Windows-WinRM,Microsoft-Windows-WinRM/Operational,2213,4,,,,,Enumeration,,
2026-03-26T06:17:16.033966Z,145,dc.danglingtree.htb,Microsoft-Windows-WinRM,Microsoft-Windows-WinRM/Operational,2214,4,,,,,Enumeration,,http://schemas.microsoft.com/wbem/wsman/1/Config/Plugin
2026-03-26T06:17:16.037357Z,254,dc.danglingtree.htb,Microsoft-Windows-WinRM,Microsoft-Windows-WinRM/Operational,2215,4,,,,,,,
2026-03-26T06:17:16.037358Z,132,dc.danglingtree.htb,Microsoft-Windows-WinRM,Microsoft-Windows-WinRM/Operational,2216,4,,,,,Enumeration,,
2026-03-26T06:17:16.038462Z,145,dc.danglingtree.htb,Microsoft-Windows-WinRM,Microsoft-Windows-WinRM/Operational,2217,4,,,,,Enumeration,,http://schemas.microsoft.com/wbem/wsman/1/Config/Plugin
2026-03-26T06:17:16.043136Z,254,dc.danglingtree.htb,Microsoft-Windows-WinRM,Microsoft-Windows-WinRM/Operational,2218,4,,,,,,,
2026-03-26T06:17:16.043138Z,132,dc.danglingtree.htb,Microsoft-Windows-WinRM,Microsoft-Windows-WinRM/Operational,2219,4,,,,,Enumeration,,
2026-03-26T06:17:16.045882Z,145,dc.danglingtree.htb,Microsoft-Windows-WinRM,Microsoft-Windows-WinRM/Operational,2220,4,,,,,Enumeration,,http://schemas.microsoft.com/wbem/wsman/1/Config/Plugin
2026-03-26T06:17:16.049337Z,254,dc.danglingtree.htb,Microsoft-Windows-WinRM,Microsoft-Windows-WinRM/Operational,2221,4,,,,,,,
2026-03-26T06:17:16.049338Z,132,dc.danglingtree.htb,Microsoft-Windows-WinRM,Microsoft-Windows-WinRM/Operational,2222,4,,,,,Enumeration,,
2026-03-26T06:17:16.052172Z,145,dc.danglingtree.htb,Microsoft-Windows-WinRM,Microsoft-Windows-WinRM/Operational,2223,4,,,,,Enumeration,,http://schemas.microsoft.com/wbem/wsman/1/Config/Plugin
2026-03-26T06:17:16.057014Z,254,dc.danglingtree.htb,Microsoft-Windows-WinRM,Microsoft-Windows-WinRM/Operational,2224,4,,,,,,,
2026-03-26T06:17:16.057015Z,132,dc.danglingtree.htb,Microsoft-Windows-WinRM,Microsoft-Windows-WinRM/Operational,2225,4,,,,,Enumeration,,
2026-03-26T06:17:16.058342Z,145,dc.danglingtree.htb,Microsoft-Windows-WinRM,Microsoft-Windows-WinRM/Operational,2226,4,,,,,Enumeration,,http://schemas.microsoft.com/wbem/wsman/1/Config/Plugin
2026-03-26T06:17:16.063130Z,254,dc.danglingtree.htb,Microsoft-Windows-WinRM,Microsoft-Windows-WinRM/Operational,2227,4,,,,,,,
2026-03-26T06:17:16.063131Z,132,dc.danglingtree.htb,Microsoft-Windows-WinRM,Microsoft-Windows-WinRM/Operational,2228,4,,,,,Enumeration,,
2026-03-26T06:17:16.064844Z,145,dc.danglingtree.htb,Microsoft-Windows-WinRM,Microsoft-Windows-WinRM/Operational,2229,4,,,,,Enumeration,,http://schemas.microsoft.com/wbem/wsman/1/Config/Plugin
2026-03-26T06:17:16.068822Z,254,dc.danglingtree.htb,Microsoft-Windows-WinRM,Microsoft-Windows-WinRM/Operational,2230,4,,,,,,,
2026-03-26T06:17:16.068823Z,132,dc.danglingtree.htb,Microsoft-Windows-WinRM,Microsoft-Windows-WinRM/Operational,2231,4,,,,,Enumeration,,
2026-03-26T06:17:16.071136Z,145,dc.danglingtree.htb,Microsoft-Windows-WinRM,Microsoft-Windows-WinRM/Operational,2232,4,,,,,Enumeration,,http://schemas.microsoft.com/wbem/wsman/1/Config/Plugin
2026-03-26T06:17:16.076600Z,254,dc.danglingtree.htb,Microsoft-Windows-WinRM,Microsoft-Windows-WinRM/Operational,2233,4,,,,,,,
2026-03-26T06:17:16.076602Z,132,dc.danglingtree.htb,Microsoft-Windows-WinRM,Microsoft-Windows-WinRM/Operational,2234,4,,,,,Enumeration,,
2026-03-26T06:17:16.079628Z,145,dc.danglingtree.htb,Microsoft-Windows-WinRM,Microsoft-Windows-WinRM/Operational,2235,4,,,,,Enumeration,,http://schemas.microsoft.com/wbem/wsman/1/Config/Plugin
2026-03-26T06:17:16.082713Z,254,dc.danglingtree.htb,Microsoft-Windows-WinRM,Microsoft-Windows-WinRM/Operational,2236,4,,,,,,,
2026-03-26T06:17:16.082714Z,132,dc.danglingtree.htb,Microsoft-Windows-WinRM,Microsoft-Windows-WinRM/Operational,2237,4,,,,,Enumeration,,
2026-03-26T06:17:16.084390Z,145,dc.danglingtree.htb,Microsoft-Windows-WinRM,Microsoft-Windows-WinRM/Operational,2238,4,,,,,Enumeration,,http://schemas.microsoft.com/wbem/wsman/1/Config/Plugin
2026-03-26T06:17:16.087410Z,254,dc.danglingtree.htb,Microsoft-Windows-WinRM,Microsoft-Windows-WinRM/Operational,2239,4,,,,,,,
2026-03-26T06:17:16.087411Z,132,dc.danglingtree.htb,Microsoft-Windows-WinRM,Microsoft-Windows-WinRM/Operational,2240,4,,,,,Enumeration,,
2026-03-26T06:17:16.090980Z,145,dc.danglingtree.htb,Microsoft-Windows-WinRM,Microsoft-Windows-WinRM/Operational,2241,4,,,,,Enumeration,,http://schemas.microsoft.com/wbem/wsman/1/Config/Plugin
2026-03-26T06:17:16.095883Z,254,dc.danglingtree.htb,Microsoft-Windows-WinRM,Microsoft-Windows-WinRM/Operational,2242,4,,,,,,,
2026-03-26T06:17:16.095886Z,132,dc.danglingtree.htb,Microsoft-Windows-WinRM,Microsoft-Windows-WinRM/Operational,2243,4,,,,,Enumeration,,
2026-03-26T06:17:16.097660Z,145,dc.danglingtree.htb,Microsoft-Windows-WinRM,Microsoft-Windows-WinRM/Operational,2244,4,,,,,Enumeration,,http://schemas.microsoft.com/wbem/wsman/1/Config/Plugin
2026-03-26T06:17:16.100943Z,254,dc.danglingtree.htb,Microsoft-Windows-WinRM,Microsoft-Windows-WinRM/Operational,2245,4,,,,,,,
2026-03-26T06:17:16.100945Z,132,dc.danglingtree.htb,Microsoft-Windows-WinRM,Microsoft-Windows-WinRM/Operational,2246,4,,,,,Enumeration,,
2026-03-26T06:17:16.103659Z,145,dc.danglingtree.htb,Microsoft-Windows-WinRM,Microsoft-Windows-WinRM/Operational,2247,4,,,,,Enumeration,,http://schemas.microsoft.com/wbem/wsman/1/Config/Plugin
2026-03-26T06:17:16.109170Z,254,dc.danglingtree.htb,Microsoft-Windows-WinRM,Microsoft-Windows-WinRM/Operational,2248,4,,,,,,,
2026-03-26T06:17:16.109172Z,132,dc.danglingtree.htb,Microsoft-Windows-WinRM,Microsoft-Windows-WinRM/Operational,2249,4,,,,,Enumeration,,
2026-03-26T06:17:16.110498Z,145,dc.danglingtree.htb,Microsoft-Windows-WinRM,Microsoft-Windows-WinRM/Operational,2250,4,,,,,Enumeration,,http://schemas.microsoft.com/wbem/wsman/1/Config/Plugin
2026-03-26T06:17:16.113425Z,254,dc.danglingtree.htb,Microsoft-Windows-WinRM,Microsoft-Windows-WinRM/Operational,2251,4,,,,,,,
2026-03-26T06:17:16.113426Z,132,dc.danglingtree.htb,Microsoft-Windows-WinRM,Microsoft-Windows-WinRM/Operational,2252,4,,,,,Enumeration,,
2026-03-26T06:17:16.114074Z,145,dc.danglingtree.htb,Microsoft-Windows-WinRM,Microsoft-Windows-WinRM/Operational,2253,4,,,,,Get,,http://schemas.microsoft.com/wbem/wsman/1/Config/Plugin
2026-03-26T06:17:16.115739Z,254,dc.danglingtree.htb,Microsoft-Windows-WinRM,Microsoft-Windows-WinRM/Operational,2254,4,,,,,,,
2026-03-26T06:17:16.115741Z,132,dc.danglingtree.htb,Microsoft-Windows-WinRM,Microsoft-Windows-WinRM/Operational,2255,4,,,,,Get,,
2026-03-26T06:17:16.116456Z,145,dc.danglingtree.htb,Microsoft-Windows-WinRM,Microsoft-Windows-WinRM/Operational,2256,4,,,,,Enumeration,,http://schemas.microsoft.com/wbem/wsman/1/Config/Plugin
2026-03-26T06:17:16.120624Z,254,dc.danglingtree.htb,Microsoft-Windows-WinRM,Microsoft-Windows-WinRM/Operational,2257,4,,,,,,,
2026-03-26T06:17:16.120625Z,132,dc.danglingtree.htb,Microsoft-Windows-WinRM,Microsoft-Windows-WinRM/Operational,2258,4,,,,,Enumeration,,
2026-03-26T06:17:16.121948Z,145,dc.danglingtree.htb,Microsoft-Windows-WinRM,Microsoft-Windows-WinRM/Operational,2259,4,,,,,Enumeration,,http://schemas.microsoft.com/wbem/wsman/1/Config/Plugin
2026-03-26T06:17:16.125238Z,254,dc.danglingtree.htb,Microsoft-Windows-WinRM,Microsoft-Windows-WinRM/Operational,2260,4,,,,,,,
2026-03-26T06:17:16.125239Z,132,dc.danglingtree.htb,Microsoft-Windows-WinRM,Microsoft-Windows-WinRM/Operational,2261,4,,,,,Enumeration,,
2026-03-26T06:17:16.129056Z,145,dc.danglingtree.htb,Microsoft-Windows-WinRM,Microsoft-Windows-WinRM/Operational,2262,4,,,,,Enumeration,,http://schemas.microsoft.com/wbem/wsman/1/Config/Plugin
2026-03-26T06:17:16.132002Z,254,dc.danglingtree.htb,Microsoft-Windows-WinRM,Microsoft-Windows-WinRM/Operational,2263,4,,,,,,,
2026-03-26T06:17:16.132004Z,132,dc.danglingtree.htb,Microsoft-Windows-WinRM,Microsoft-Windows-WinRM/Operational,2264,4,,,,,Enumeration,,
2026-03-26T06:17:16.134736Z,145,dc.danglingtree.htb,Microsoft-Windows-WinRM,Microsoft-Windows-WinRM/Operational,2265,4,,,,,Enumeration,,http://schemas.microsoft.com/wbem/wsman/1/Config/Plugin
2026-03-26T06:17:16.139382Z,254,dc.danglingtree.htb,Microsoft-Windows-WinRM,Microsoft-Windows-WinRM/Operational,2266,4,,,,,,,
2026-03-26T06:17:16.139384Z,132,dc.danglingtree.htb,Microsoft-Windows-WinRM,Microsoft-Windows-WinRM/Operational,2267,4,,,,,Enumeration,,
2026-03-26T06:17:16.140862Z,145,dc.danglingtree.htb,Microsoft-Windows-WinRM,Microsoft-Windows-WinRM/Operational,2268,4,,,,,Enumeration,,http://schemas.microsoft.com/wbem/wsman/1/Config/Plugin
2026-03-26T06:17:16.145321Z,254,dc.danglingtree.htb,Microsoft-Windows-WinRM,Microsoft-Windows-WinRM/Operational,2269,4,,,,,,,
2026-03-26T06:17:16.145323Z,132,dc.danglingtree.htb,Microsoft-Windows-WinRM,Microsoft-Windows-WinRM/Operational,2270,4,,,,,Enumeration,,
2026-03-26T06:17:16.147644Z,145,dc.danglingtree.htb,Microsoft-Windows-WinRM,Microsoft-Windows-WinRM/Operational,2271,4,,,,,Enumeration,,http://schemas.microsoft.com/wbem/wsman/1/Config/Plugin
2026-03-26T06:17:16.150752Z,254,dc.danglingtree.htb,Microsoft-Windows-WinRM,Microsoft-Windows-WinRM/Operational,2272,4,,,,,,,
2026-03-26T06:17:16.150754Z,132,dc.danglingtree.htb,Microsoft-Windows-WinRM,Microsoft-Windows-WinRM/Operational,2273,4,,,,,Enumeration,,
2026-03-26T06:17:16.158258Z,145,dc.danglingtree.htb,Microsoft-Windows-WinRM,Microsoft-Windows-WinRM/Operational,2274,4,,,,,Enumeration,,http://schemas.microsoft.com/wbem/wsman/1/Config/Plugin
2026-03-26T06:17:16.162719Z,254,dc.danglingtree.htb,Microsoft-Windows-WinRM,Microsoft-Windows-WinRM/Operational,2275,4,,,,,,,
2026-03-26T06:17:16.162720Z,132,dc.danglingtree.htb,Microsoft-Windows-WinRM,Microsoft-Windows-WinRM/Operational,2276,4,,,,,Enumeration,,
2026-03-26T06:17:16.164254Z,145,dc.danglingtree.htb,Microsoft-Windows-WinRM,Microsoft-Windows-WinRM/Operational,2277,4,,,,,Enumeration,,http://schemas.microsoft.com/wbem/wsman/1/Config/Plugin
2026-03-26T06:17:16.168095Z,254,dc.danglingtree.htb,Microsoft-Windows-WinRM,Microsoft-Windows-WinRM/Operational,2278,4,,,,,,,
2026-03-26T06:17:16.168096Z,132,dc.danglingtree.htb,Microsoft-Windows-WinRM,Microsoft-Windows-WinRM/Operational,2279,4,,,,,Enumeration,,
2026-03-26T06:17:16.170107Z,145,dc.danglingtree.htb,Microsoft-Windows-WinRM,Microsoft-Windows-WinRM/Operational,2280,4,,,,,Enumeration,,http://schemas.microsoft.com/wbem/wsman/1/Config/Plugin
2026-03-26T06:17:16.175002Z,254,dc.danglingtree.htb,Microsoft-Windows-WinRM,Microsoft-Windows-WinRM/Operational,2281,4,,,,,,,
2026-03-26T06:17:16.175004Z,132,dc.danglingtree.htb,Microsoft-Windows-WinRM,Microsoft-Windows-WinRM/Operational,2282,4,,,,,Enumeration,,
2026-03-26T06:17:16.177472Z,145,dc.danglingtree.htb,Microsoft-Windows-WinRM,Microsoft-Windows-WinRM/Operational,2283,4,,,,,Enumeration,,http://schemas.microsoft.com/wbem/wsman/1/Config/Plugin
2026-03-26T06:17:16.182160Z,254,dc.danglingtree.htb,Microsoft-Windows-WinRM,Microsoft-Windows-WinRM/Operational,2284,4,,,,,,,
2026-03-26T06:17:16.182161Z,132,dc.danglingtree.htb,Microsoft-Windows-WinRM,Microsoft-Windows-WinRM/Operational,2285,4,,,,,Enumeration,,
2026-03-26T06:17:16.183435Z,145,dc.danglingtree.htb,Microsoft-Windows-WinRM,Microsoft-Windows-WinRM/Operational,2286,4,,,,,Enumeration,,http://schemas.microsoft.com/wbem/wsman/1/Config/Plugin
2026-03-26T06:17:16.188774Z,254,dc.danglingtree.htb,Microsoft-Windows-WinRM,Microsoft-Windows-WinRM/Operational,2287,4,,,,,,,
2026-03-26T06:17:16.188775Z,132,dc.danglingtree.htb,Microsoft-Windows-WinRM,Microsoft-Windows-WinRM/Operational,2288,4,,,,,Enumeration,,
2026-03-26T06:17:16.189965Z,145,dc.danglingtree.htb,Microsoft-Windows-WinRM,Microsoft-Windows-WinRM/Operational,2289,4,,,,,Enumeration,,http://schemas.microsoft.com/wbem/wsman/1/Config/Plugin
2026-03-26T06:17:16.196963Z,254,dc.danglingtree.htb,Microsoft-Windows-WinRM,Microsoft-Windows-WinRM/Operational,2290,4,,,,,,,
2026-03-26T06:17:16.196965Z,132,dc.danglingtree.htb,Microsoft-Windows-WinRM,Microsoft-Windows-WinRM/Operational,2291,4,,,,,Enumeration,,
2026-03-26T06:17:16.198047Z,145,dc.danglingtree.htb,Microsoft-Windows-WinRM,Microsoft-Windows-WinRM/Operational,2292,4,,,,,Enumeration,,http://schemas.microsoft.com/wbem/wsman/1/Config/Plugin
2026-03-26T06:17:16.203841Z,254,dc.danglingtree.htb,Microsoft-Windows-WinRM,Microsoft-Windows-WinRM/Operational,2293,4,,,,,,,
2026-03-26T06:17:16.203843Z,132,dc.danglingtree.htb,Microsoft-Windows-WinRM,Microsoft-Windows-WinRM/Operational,2294,4,,,,,Enumeration,,
2026-03-26T06:17:16.205350Z,145,dc.danglingtree.htb,Microsoft-Windows-WinRM,Microsoft-Windows-WinRM/Operational,2295,4,,,,,Enumeration,,http://schemas.microsoft.com/wbem/wsman/1/Config/Plugin
2026-03-26T06:17:16.217552Z,254,dc.danglingtree.htb,Microsoft-Windows-WinRM,Microsoft-Windows-WinRM/Operational,2296,4,,,,,,,
2026-03-26T06:17:16.217555Z,132,dc.danglingtree.htb,Microsoft-Windows-WinRM,Microsoft-Windows-WinRM/Operational,2297,4,,,,,Enumeration,,
2026-03-26T06:17:16.219983Z,145,dc.danglingtree.htb,Microsoft-Windows-WinRM,Microsoft-Windows-WinRM/Operational,2298,4,,,,,Enumeration,,http://schemas.microsoft.com/wbem/wsman/1/Config/Plugin
2026-03-26T06:17:16.224629Z,254,dc.danglingtree.htb,Microsoft-Windows-WinRM,Microsoft-Windows-WinRM/Operational,2299,4,,,,,,,
2026-03-26T06:17:16.224630Z,132,dc.danglingtree.htb,Microsoft-Windows-WinRM,Microsoft-Windows-WinRM/Operational,2300,4,,,,,Enumeration,,
2026-03-26T06:17:16.225840Z,145,dc.danglingtree.htb,Microsoft-Windows-WinRM,Microsoft-Windows-WinRM/Operational,2301,4,,,,,Enumeration,,http://schemas.microsoft.com/wbem/wsman/1/Config/Plugin
2026-03-26T06:17:16.229689Z,254,dc.danglingtree.htb,Microsoft-Windows-WinRM,Microsoft-Windows-WinRM/Operational,2302,4,,,,,,,
2026-03-26T06:17:16.229690Z,132,dc.danglingtree.htb,Microsoft-Windows-WinRM,Microsoft-Windows-WinRM/Operational,2303,4,,,,,Enumeration,,
2026-03-26T06:17:16.230102Z,145,dc.danglingtree.htb,Microsoft-Windows-WinRM,Microsoft-Windows-WinRM/Operational,2304,4,,,,,Get,,http://schemas.microsoft.com/wbem/wsman/1/Config/Plugin
2026-03-26T06:17:16.231729Z,254,dc.danglingtree.htb,Microsoft-Windows-WinRM,Microsoft-Windows-WinRM/Operational,2305,4,,,,,,,
2026-03-26T06:17:16.231730Z,132,dc.danglingtree.htb,Microsoft-Windows-WinRM,Microsoft-Windows-WinRM/Operational,2306,4,,,,,Get,,
2026-03-26T06:17:16.236167Z,145,dc.danglingtree.htb,Microsoft-Windows-WinRM,Microsoft-Windows-WinRM/Operational,2307,4,,,,,Enumeration,,http://schemas.microsoft.com/wbem/wsman/1/Config/Plugin
2026-03-26T06:17:16.239706Z,254,dc.danglingtree.htb,Microsoft-Windows-WinRM,Microsoft-Windows-WinRM/Operational,2308,4,,,,,,,
2026-03-26T06:17:16.239708Z,132,dc.danglingtree.htb,Microsoft-Windows-WinRM,Microsoft-Windows-WinRM/Operational,2309,4,,,,,Enumeration,,
2026-03-26T06:17:16.240123Z,145,dc.danglingtree.htb,Microsoft-Windows-WinRM,Microsoft-Windows-WinRM/Operational,2310,4,,,,,Get,,http://schemas.microsoft.com/wbem/wsman/1/Config/Plugin
2026-03-26T06:17:16.241584Z,254,dc.danglingtree.htb,Microsoft-Windows-WinRM,Microsoft-Windows-WinRM/Operational,2311,4,,,,,,,
2026-03-26T06:17:16.241585Z,132,dc.danglingtree.htb,Microsoft-Windows-WinRM,Microsoft-Windows-WinRM/Operational,2312,4,,,,,Get,,
2026-03-26T06:17:16.243603Z,145,dc.danglingtree.htb,Microsoft-Windows-WinRM,Microsoft-Windows-WinRM/Operational,2313,4,,,,,Enumeration,,http://schemas.microsoft.com/wbem/wsman/1/Config/Plugin
2026-03-26T06:17:16.248797Z,254,dc.danglingtree.htb,Microsoft-Windows-WinRM,Microsoft-Windows-WinRM/Operational,2314,4,,,,,,,
2026-03-26T06:17:16.248798Z,132,dc.danglingtree.htb,Microsoft-Windows-WinRM,Microsoft-Windows-WinRM/Operational,2315,4,,,,,Enumeration,,
2026-03-26T06:17:16.249597Z,145,dc.danglingtree.htb,Microsoft-Windows-WinRM,Microsoft-Windows-WinRM/Operational,2316,4,,,,,Get,,http://schemas.microsoft.com/wbem/wsman/1/Config/Plugin
2026-03-26T06:17:16.251245Z,254,dc.danglingtree.htb,Microsoft-Windows-WinRM,Microsoft-Windows-WinRM/Operational,2317,4,,,,,,,
2026-03-26T06:17:16.251246Z,132,dc.danglingtree.htb,Microsoft-Windows-WinRM,Microsoft-Windows-WinRM/Operational,2318,4,,,,,Get,,
2026-03-26T06:17:16.253031Z,145,dc.danglingtree.htb,Microsoft-Windows-WinRM,Microsoft-Windows-WinRM/Operational,2319,4,,,,,Enumeration,,http://schemas.microsoft.com/wbem/wsman/1/Config/Plugin
2026-03-26T06:17:16.257218Z,254,dc.danglingtree.htb,Microsoft-Windows-WinRM,Microsoft-Windows-WinRM/Operational,2320,4,,,,,,,
2026-03-26T06:17:16.257219Z,132,dc.danglingtree.htb,Microsoft-Windows-WinRM,Microsoft-Windows-WinRM/Operational,2321,4,,,,,Enumeration,,
2026-03-26T06:17:16.257950Z,145,dc.danglingtree.htb,Microsoft-Windows-WinRM,Microsoft-Windows-WinRM/Operational,2322,4,,,,,Get,,http://schemas.microsoft.com/wbem/wsman/1/Config/Plugin
2026-03-26T06:17:16.259376Z,254,dc.danglingtree.htb,Microsoft-Windows-WinRM,Microsoft-Windows-WinRM/Operational,2323,4,,,,,,,
2026-03-26T06:17:16.259377Z,132,dc.danglingtree.htb,Microsoft-Windows-WinRM,Microsoft-Windows-WinRM/Operational,2324,4,,,,,Get,,
2026-03-26T06:17:16.260663Z,145,dc.danglingtree.htb,Microsoft-Windows-WinRM,Microsoft-Windows-WinRM/Operational,2325,4,,,,,Enumeration,,http://schemas.microsoft.com/wbem/wsman/1/Config/Plugin
2026-03-26T06:17:16.266846Z,254,dc.danglingtree.htb,Microsoft-Windows-WinRM,Microsoft-Windows-WinRM/Operational,2326,4,,,,,,,
2026-03-26T06:17:16.266847Z,132,dc.danglingtree.htb,Microsoft-Windows-WinRM,Microsoft-Windows-WinRM/Operational,2327,4,,,,,Enumeration,,
2026-03-26T06:17:16.267398Z,145,dc.danglingtree.htb,Microsoft-Windows-WinRM,Microsoft-Windows-WinRM/Operational,2328,4,,,,,Get,,http://schemas.microsoft.com/wbem/wsman/1/Config/Plugin
2026-03-26T06:17:16.269178Z,254,dc.danglingtree.htb,Microsoft-Windows-WinRM,Microsoft-Windows-WinRM/Operational,2329,4,,,,,,,
2026-03-26T06:17:16.269179Z,132,dc.danglingtree.htb,Microsoft-Windows-WinRM,Microsoft-Windows-WinRM/Operational,2330,4,,,,,Get,,
2026-03-26T06:17:16.270201Z,145,dc.danglingtree.htb,Microsoft-Windows-WinRM,Microsoft-Windows-WinRM/Operational,2331,4,,,,,Get,,http://schemas.microsoft.com/wbem/wsman/1/Config/Plugin
2026-03-26T06:17:16.272045Z,254,dc.danglingtree.htb,Microsoft-Windows-WinRM,Microsoft-Windows-WinRM/Operational,2332,4,,,,,,,
2026-03-26T06:17:16.272047Z,132,dc.danglingtree.htb,Microsoft-Windows-WinRM,Microsoft-Windows-WinRM/Operational,2333,4,,,,,Get,,
2026-03-26T06:17:16.273120Z,145,dc.danglingtree.htb,Microsoft-Windows-WinRM,Microsoft-Windows-WinRM/Operational,2334,4,,,,,Put,,http://schemas.microsoft.com/wbem/wsman/1/Config/Plugin
2026-03-26T06:17:16.282029Z,254,dc.danglingtree.htb,Microsoft-Windows-WinRM,Microsoft-Windows-WinRM/Operational,2335,4,,,,,,,
2026-03-26T06:17:16.282031Z,132,dc.danglingtree.htb,Microsoft-Windows-WinRM,Microsoft-Windows-WinRM/Operational,2336,4,,,,,Put,,
2026-03-26T06:17:16.283042Z,145,dc.danglingtree.htb,Microsoft-Windows-WinRM,Microsoft-Windows-WinRM/Operational,2337,4,,,,,Get,,http://schemas.microsoft.com/wbem/wsman/1/Config/Plugin
2026-03-26T06:17:16.300367Z,254,dc.danglingtree.htb,Microsoft-Windows-WinRM,Microsoft-Windows-WinRM/Operational,2338,4,,,,,,,
2026-03-26T06:17:16.300369Z,132,dc.danglingtree.htb,Microsoft-Windows-WinRM,Microsoft-Windows-WinRM/Operational,2339,4,,,,,Get,,
2026-03-26T06:17:16.301735Z,145,dc.danglingtree.htb,Microsoft-Windows-WinRM,Microsoft-Windows-WinRM/Operational,2340,4,,,,,Enumeration,,http://schemas.microsoft.com/wbem/wsman/1/Config/Plugin
2026-03-26T06:17:16.305929Z,254,dc.danglingtree.htb,Microsoft-Windows-WinRM,Microsoft-Windows-WinRM/Operational,2341,4,,,,,,,
2026-03-26T06:17:16.305930Z,132,dc.danglingtree.htb,Microsoft-Windows-WinRM,Microsoft-Windows-WinRM/Operational,2342,4,,,,,Enumeration,,
2026-03-26T06:17:16.306796Z,145,dc.danglingtree.htb,Microsoft-Windows-WinRM,Microsoft-Windows-WinRM/Operational,2343,4,,,,,Put,,http://schemas.microsoft.com/wbem/wsman/1/Config/Plugin
2026-03-26T06:17:16.314625Z,254,dc.danglingtree.htb,Microsoft-Windows-WinRM,Microsoft-Windows-WinRM/Operational,2344,4,,,,,,,
2026-03-26T06:17:16.314627Z,132,dc.danglingtree.htb,Microsoft-Windows-WinRM,Microsoft-Windows-WinRM/Operational,2345,4,,,,,Put,,
2026-03-26T06:17:16.322077Z,145,dc.danglingtree.htb,Microsoft-Windows-WinRM,Microsoft-Windows-WinRM/Operational,2346,4,,,,,Enumeration,,http://schemas.microsoft.com/wbem/wsman/1/Config/Plugin
2026-03-26T06:17:16.339764Z,254,dc.danglingtree.htb,Microsoft-Windows-WinRM,Microsoft-Windows-WinRM/Operational,2347,4,,,,,,,
2026-03-26T06:17:16.339766Z,132,dc.danglingtree.htb,Microsoft-Windows-WinRM,Microsoft-Windows-WinRM/Operational,2348,4,,,,,Enumeration,,
2026-03-26T06:17:16.347242Z,145,dc.danglingtree.htb,Microsoft-Windows-WinRM,Microsoft-Windows-WinRM/Operational,2349,4,,,,,Get,,http://schemas.microsoft.com/wbem/wsman/1/Config/Plugin
2026-03-26T06:17:16.349699Z,254,dc.danglingtree.htb,Microsoft-Windows-WinRM,Microsoft-Windows-WinRM/Operational,2350,4,,,,,,,
2026-03-26T06:17:16.349701Z,132,dc.danglingtree.htb,Microsoft-Windows-WinRM,Microsoft-Windows-WinRM/Operational,2351,4,,,,,Get,,
2026-03-26T06:17:16.356984Z,145,dc.danglingtree.htb,Microsoft-Windows-WinRM,Microsoft-Windows-WinRM/Operational,2352,4,,,,,Enumeration,,http://schemas.microsoft.com/wbem/wsman/1/Config/Plugin
2026-03-26T06:17:16.362826Z,254,dc.danglingtree.htb,Microsoft-Windows-WinRM,Microsoft-Windows-WinRM/Operational,2353,4,,,,,,,
2026-03-26T06:17:16.362828Z,132,dc.danglingtree.htb,Microsoft-Windows-WinRM,Microsoft-Windows-WinRM/Operational,2354,4,,,,,Enumeration,,
2026-03-26T06:17:16.364057Z,145,dc.danglingtree.htb,Microsoft-Windows-WinRM,Microsoft-Windows-WinRM/Operational,2355,4,,,,,Get,,http://schemas.microsoft.com/wbem/wsman/1/Config/Plugin
2026-03-26T06:17:16.366258Z,254,dc.danglingtree.htb,Microsoft-Windows-WinRM,Microsoft-Windows-WinRM/Operational,2356,4,,,,,,,
2026-03-26T06:17:16.366259Z,132,dc.danglingtree.htb,Microsoft-Windows-WinRM,Microsoft-Windows-WinRM/Operational,2357,4,,,,,Get,,
2026-03-26T06:17:16.369859Z,145,dc.danglingtree.htb,Microsoft-Windows-WinRM,Microsoft-Windows-WinRM/Operational,2358,4,,,,,Enumeration,,http://schemas.microsoft.com/wbem/wsman/1/Config/Plugin
2026-03-26T06:17:16.376388Z,254,dc.danglingtree.htb,Microsoft-Windows-WinRM,Microsoft-Windows-WinRM/Operational,2359,4,,,,,,,
2026-03-26T06:17:16.376393Z,132,dc.danglingtree.htb,Microsoft-Windows-WinRM,Microsoft-Windows-WinRM/Operational,2360,4,,,,,Enumeration,,
2026-03-26T06:17:16.377356Z,145,dc.danglingtree.htb,Microsoft-Windows-WinRM,Microsoft-Windows-WinRM/Operational,2361,4,,,,,Get,,http://schemas.microsoft.com/wbem/wsman/1/Config/Plugin
2026-03-26T06:17:16.381267Z,254,dc.danglingtree.htb,Microsoft-Windows-WinRM,Microsoft-Windows-WinRM/Operational,2362,4,,,,,,,
2026-03-26T06:17:16.381269Z,132,dc.danglingtree.htb,Microsoft-Windows-WinRM,Microsoft-Windows-WinRM/Operational,2363,4,,,,,Get,,
2026-03-26T06:17:16.382761Z,145,dc.danglingtree.htb,Microsoft-Windows-WinRM,Microsoft-Windows-WinRM/Operational,2364,4,,,,,Enumeration,,http://schemas.microsoft.com/wbem/wsman/1/Config/Plugin
2026-03-26T06:17:16.390645Z,254,dc.danglingtree.htb,Microsoft-Windows-WinRM,Microsoft-Windows-WinRM/Operational,2365,4,,,,,,,
2026-03-26T06:17:16.390647Z,132,dc.danglingtree.htb,Microsoft-Windows-WinRM,Microsoft-Windows-WinRM/Operational,2366,4,,,,,Enumeration,,
2026-03-26T06:17:16.391838Z,145,dc.danglingtree.htb,Microsoft-Windows-WinRM,Microsoft-Windows-WinRM/Operational,2367,4,,,,,Get,,http://schemas.microsoft.com/wbem/wsman/1/Config/Plugin
2026-03-26T06:17:16.394914Z,254,dc.danglingtree.htb,Microsoft-Windows-WinRM,Microsoft-Windows-WinRM/Operational,2368,4,,,,,,,
2026-03-26T06:17:16.394915Z,132,dc.danglingtree.htb,Microsoft-Windows-WinRM,Microsoft-Windows-WinRM/Operational,2369,4,,,,,Get,,
2026-03-26T06:17:16.399005Z,145,dc.danglingtree.htb,Microsoft-Windows-WinRM,Microsoft-Windows-WinRM/Operational,2370,4,,,,,Enumeration,,http://schemas.microsoft.com/wbem/wsman/1/Config/Plugin
2026-03-26T06:17:16.404937Z,254,dc.danglingtree.htb,Microsoft-Windows-WinRM,Microsoft-Windows-WinRM/Operational,2371,4,,,,,,,
2026-03-26T06:17:16.404939Z,132,dc.danglingtree.htb,Microsoft-Windows-WinRM,Microsoft-Windows-WinRM/Operational,2372,4,,,,,Enumeration,,
2026-03-26T06:17:16.405421Z,145,dc.danglingtree.htb,Microsoft-Windows-WinRM,Microsoft-Windows-WinRM/Operational,2373,4,,,,,Get,,http://schemas.microsoft.com/wbem/wsman/1/Config/Plugin
2026-03-26T06:17:16.408527Z,254,dc.danglingtree.htb,Microsoft-Windows-WinRM,Microsoft-Windows-WinRM/Operational,2374,4,,,,,,,
2026-03-26T06:17:16.408528Z,132,dc.danglingtree.htb,Microsoft-Windows-WinRM,Microsoft-Windows-WinRM/Operational,2375,4,,,,,Get,,
2026-03-26T06:17:16.411536Z,145,dc.danglingtree.htb,Microsoft-Windows-WinRM,Microsoft-Windows-WinRM/Operational,2376,4,,,,,Enumeration,,http://schemas.microsoft.com/wbem/wsman/1/Config/Plugin
2026-03-26T06:17:16.416368Z,254,dc.danglingtree.htb,Microsoft-Windows-WinRM,Microsoft-Windows-WinRM/Operational,2377,4,,,,,,,
2026-03-26T06:17:16.416370Z,132,dc.danglingtree.htb,Microsoft-Windows-WinRM,Microsoft-Windows-WinRM/Operational,2378,4,,,,,Enumeration,,
2026-03-26T06:17:16.417118Z,145,dc.danglingtree.htb,Microsoft-Windows-WinRM,Microsoft-Windows-WinRM/Operational,2379,4,,,,,Get,,http://schemas.microsoft.com/wbem/wsman/1/Config/Plugin
2026-03-26T06:17:16.418746Z,254,dc.danglingtree.htb,Microsoft-Windows-WinRM,Microsoft-Windows-WinRM/Operational,2380,4,,,,,,,
2026-03-26T06:17:16.418747Z,132,dc.danglingtree.htb,Microsoft-Windows-WinRM,Microsoft-Windows-WinRM/Operational,2381,4,,,,,Get,,
2026-03-26T06:17:16.422573Z,145,dc.danglingtree.htb,Microsoft-Windows-WinRM,Microsoft-Windows-WinRM/Operational,2382,4,,,,,Enumeration,,http://schemas.microsoft.com/wbem/wsman/1/Config/Plugin
2026-03-26T06:17:16.430262Z,254,dc.danglingtree.htb,Microsoft-Windows-WinRM,Microsoft-Windows-WinRM/Operational,2383,4,,,,,,,
2026-03-26T06:17:16.430264Z,132,dc.danglingtree.htb,Microsoft-Windows-WinRM,Microsoft-Windows-WinRM/Operational,2384,4,,,,,Enumeration,,
2026-03-26T06:17:16.430860Z,145,dc.danglingtree.htb,Microsoft-Windows-WinRM,Microsoft-Windows-WinRM/Operational,2385,4,,,,,Get,,http://schemas.microsoft.com/wbem/wsman/1/Config/Plugin
2026-03-26T06:17:16.431968Z,254,dc.danglingtree.htb,Microsoft-Windows-WinRM,Microsoft-Windows-WinRM/Operational,2386,4,,,,,,,
2026-03-26T06:17:16.431970Z,132,dc.danglingtree.htb,Microsoft-Windows-WinRM,Microsoft-Windows-WinRM/Operational,2387,4,,,,,Get,,
2026-03-26T06:17:16.435218Z,145,dc.danglingtree.htb,Microsoft-Windows-WinRM,Microsoft-Windows-WinRM/Operational,2388,4,,,,,Enumeration,,http://schemas.microsoft.com/wbem/wsman/1/Config/Plugin
2026-03-26T06:17:16.440238Z,254,dc.danglingtree.htb,Microsoft-Windows-WinRM,Microsoft-Windows-WinRM/Operational,2389,4,,,,,,,
2026-03-26T06:17:16.440239Z,132,dc.danglingtree.htb,Microsoft-Windows-WinRM,Microsoft-Windows-WinRM/Operational,2390,4,,,,,Enumeration,,
2026-03-26T06:17:16.441716Z,145,dc.danglingtree.htb,Microsoft-Windows-WinRM,Microsoft-Windows-WinRM/Operational,2391,4,,,,,Get,,http://schemas.microsoft.com/wbem/wsman/1/Config/Plugin
2026-03-26T06:17:16.443670Z,254,dc.danglingtree.htb,Microsoft-Windows-WinRM,Microsoft-Windows-WinRM/Operational,2392,4,,,,,,,
2026-03-26T06:17:16.443674Z,132,dc.danglingtree.htb,Microsoft-Windows-WinRM,Microsoft-Windows-WinRM/Operational,2393,4,,,,,Get,,
2026-03-26T06:17:16.444806Z,145,dc.danglingtree.htb,Microsoft-Windows-WinRM,Microsoft-Windows-WinRM/Operational,2394,4,,,,,Enumeration,,http://schemas.microsoft.com/wbem/wsman/1/Config/Plugin
2026-03-26T06:17:16.450047Z,254,dc.danglingtree.htb,Microsoft-Windows-WinRM,Microsoft-Windows-WinRM/Operational,2395,4,,,,,,,
2026-03-26T06:17:16.450050Z,132,dc.danglingtree.htb,Microsoft-Windows-WinRM,Microsoft-Windows-WinRM/Operational,2396,4,,,,,Enumeration,,
2026-03-26T06:17:16.450873Z,145,dc.danglingtree.htb,Microsoft-Windows-WinRM,Microsoft-Windows-WinRM/Operational,2397,4,,,,,Get,,http://schemas.microsoft.com/wbem/wsman/1/Config/Plugin
2026-03-26T06:17:16.452702Z,254,dc.danglingtree.htb,Microsoft-Windows-WinRM,Microsoft-Windows-WinRM/Operational,2398,4,,,,,,,
2026-03-26T06:17:16.452703Z,132,dc.danglingtree.htb,Microsoft-Windows-WinRM,Microsoft-Windows-WinRM/Operational,2399,4,,,,,Get,,
2026-03-26T06:17:16.464763Z,145,dc.danglingtree.htb,Microsoft-Windows-WinRM,Microsoft-Windows-WinRM/Operational,2400,4,,,,,Enumeration,,http://schemas.microsoft.com/wbem/wsman/1/Config/Plugin
2026-03-26T06:17:16.471770Z,254,dc.danglingtree.htb,Microsoft-Windows-WinRM,Microsoft-Windows-WinRM/Operational,2401,4,,,,,,,
2026-03-26T06:17:16.471772Z,132,dc.danglingtree.htb,Microsoft-Windows-WinRM,Microsoft-Windows-WinRM/Operational,2402,4,,,,,Enumeration,,
2026-03-26T06:17:16.473034Z,145,dc.danglingtree.htb,Microsoft-Windows-WinRM,Microsoft-Windows-WinRM/Operational,2403,4,,,,,Get,,http://schemas.microsoft.com/wbem/wsman/1/Config/Plugin
2026-03-26T06:17:16.475604Z,254,dc.danglingtree.htb,Microsoft-Windows-WinRM,Microsoft-Windows-WinRM/Operational,2404,4,,,,,,,
2026-03-26T06:17:16.475606Z,132,dc.danglingtree.htb,Microsoft-Windows-WinRM,Microsoft-Windows-WinRM/Operational,2405,4,,,,,Get,,
2026-03-26T06:17:16.491911Z,145,dc.danglingtree.htb,Microsoft-Windows-WinRM,Microsoft-Windows-WinRM/Operational,2406,4,,,,,Enumeration,,http://schemas.microsoft.com/wbem/wsman/1/Config/Plugin
2026-03-26T06:17:16.499370Z,254,dc.danglingtree.htb,Microsoft-Windows-WinRM,Microsoft-Windows-WinRM/Operational,2407,4,,,,,,,
2026-03-26T06:17:16.499372Z,132,dc.danglingtree.htb,Microsoft-Windows-WinRM,Microsoft-Windows-WinRM/Operational,2408,4,,,,,Enumeration,,
2026-03-26T06:17:16.499778Z,145,dc.danglingtree.htb,Microsoft-Windows-WinRM,Microsoft-Windows-WinRM/Operational,2409,4,,,,,Get,,http://schemas.microsoft.com/wbem/wsman/1/Config/Plugin
2026-03-26T06:17:16.502661Z,254,dc.danglingtree.htb,Microsoft-Windows-WinRM,Microsoft-Windows-WinRM/Operational,2410,4,,,,,,,
2026-03-26T06:17:16.502662Z,132,dc.danglingtree.htb,Microsoft-Windows-WinRM,Microsoft-Windows-WinRM/Operational,2411,4,,,,,Get,,
2026-03-26T06:17:16.506906Z,145,dc.danglingtree.htb,Microsoft-Windows-WinRM,Microsoft-Windows-WinRM/Operational,2412,4,,,,,Enumeration,,http://schemas.microsoft.com/wbem/wsman/1/Config/Plugin
2026-03-26T06:17:16.514577Z,254,dc.danglingtree.htb,Microsoft-Windows-WinRM,Microsoft-Windows-WinRM/Operational,2413,4,,,,,,,
2026-03-26T06:17:16.514580Z,132,dc.danglingtree.htb,Microsoft-Windows-WinRM,Microsoft-Windows-WinRM/Operational,2414,4,,,,,Enumeration,,
2026-03-26T06:17:16.515053Z,145,dc.danglingtree.htb,Microsoft-Windows-WinRM,Microsoft-Windows-WinRM/Operational,2415,4,,,,,Get,,http://schemas.microsoft.com/wbem/wsman/1/Config/Plugin
2026-03-26T06:17:16.519275Z,254,dc.danglingtree.htb,Microsoft-Windows-WinRM,Microsoft-Windows-WinRM/Operational,2416,4,,,,,,,
2026-03-26T06:17:16.519277Z,132,dc.danglingtree.htb,Microsoft-Windows-WinRM,Microsoft-Windows-WinRM/Operational,2417,4,,,,,Get,,
2026-03-26T06:17:16.523965Z,145,dc.danglingtree.htb,Microsoft-Windows-WinRM,Microsoft-Windows-WinRM/Operational,2418,4,,,,,Enumeration,,http://schemas.microsoft.com/wbem/wsman/1/Config/Plugin
2026-03-26T06:17:16.533278Z,254,dc.danglingtree.htb,Microsoft-Windows-WinRM,Microsoft-Windows-WinRM/Operational,2419,4,,,,,,,
2026-03-26T06:17:16.533280Z,132,dc.danglingtree.htb,Microsoft-Windows-WinRM,Microsoft-Windows-WinRM/Operational,2420,4,,,,,Enumeration,,
2026-03-26T06:17:16.534761Z,145,dc.danglingtree.htb,Microsoft-Windows-WinRM,Microsoft-Windows-WinRM/Operational,2421,4,,,,,Get,,http://schemas.microsoft.com/wbem/wsman/1/Config/Plugin
2026-03-26T06:17:16.537758Z,254,dc.danglingtree.htb,Microsoft-Windows-WinRM,Microsoft-Windows-WinRM/Operational,2422,4,,,,,,,
2026-03-26T06:17:16.537759Z,132,dc.danglingtree.htb,Microsoft-Windows-WinRM,Microsoft-Windows-WinRM/Operational,2423,4,,,,,Get,,
2026-03-26T06:17:16.544595Z,145,dc.danglingtree.htb,Microsoft-Windows-WinRM,Microsoft-Windows-WinRM/Operational,2424,4,,,,,Enumeration,,http://schemas.microsoft.com/wbem/wsman/1/Config/Plugin
2026-03-26T06:17:16.548937Z,254,dc.danglingtree.htb,Microsoft-Windows-WinRM,Microsoft-Windows-WinRM/Operational,2425,4,,,,,,,
2026-03-26T06:17:16.548938Z,132,dc.danglingtree.htb,Microsoft-Windows-WinRM,Microsoft-Windows-WinRM/Operational,2426,4,,,,,Enumeration,,
2026-03-26T06:17:16.549722Z,145,dc.danglingtree.htb,Microsoft-Windows-WinRM,Microsoft-Windows-WinRM/Operational,2427,4,,,,,Get,,http://schemas.microsoft.com/wbem/wsman/1/Config/Plugin
2026-03-26T06:17:16.552932Z,254,dc.danglingtree.htb,Microsoft-Windows-WinRM,Microsoft-Windows-WinRM/Operational,2428,4,,,,,,,
2026-03-26T06:17:16.552934Z,132,dc.danglingtree.htb,Microsoft-Windows-WinRM,Microsoft-Windows-WinRM/Operational,2429,4,,,,,Get,,
2026-03-26T06:17:16.556373Z,145,dc.danglingtree.htb,Microsoft-Windows-WinRM,Microsoft-Windows-WinRM/Operational,2430,4,,,,,Enumeration,,http://schemas.microsoft.com/wbem/wsman/1/Config/Plugin
2026-03-26T06:17:16.562599Z,254,dc.danglingtree.htb,Microsoft-Windows-WinRM,Microsoft-Windows-WinRM/Operational,2431,4,,,,,,,
2026-03-26T06:17:16.562601Z,132,dc.danglingtree.htb,Microsoft-Windows-WinRM,Microsoft-Windows-WinRM/Operational,2432,4,,,,,Enumeration,,
2026-03-26T06:17:16.563125Z,145,dc.danglingtree.htb,Microsoft-Windows-WinRM,Microsoft-Windows-WinRM/Operational,2433,4,,,,,Get,,http://schemas.microsoft.com/wbem/wsman/1/Config/Plugin
2026-03-26T06:17:16.565590Z,254,dc.danglingtree.htb,Microsoft-Windows-WinRM,Microsoft-Windows-WinRM/Operational,2434,4,,,,,,,
2026-03-26T06:17:16.565592Z,132,dc.danglingtree.htb,Microsoft-Windows-WinRM,Microsoft-Windows-WinRM/Operational,2435,4,,,,,Get,,
2026-03-26T06:17:16.571829Z,145,dc.danglingtree.htb,Microsoft-Windows-WinRM,Microsoft-Windows-WinRM/Operational,2436,4,,,,,Enumeration,,http://schemas.microsoft.com/wbem/wsman/1/Config/Plugin
2026-03-26T06:17:16.577321Z,254,dc.danglingtree.htb,Microsoft-Windows-WinRM,Microsoft-Windows-WinRM/Operational,2437,4,,,,,,,
2026-03-26T06:17:16.577322Z,132,dc.danglingtree.htb,Microsoft-Windows-WinRM,Microsoft-Windows-WinRM/Operational,2438,4,,,,,Enumeration,,
2026-03-26T06:17:16.578377Z,145,dc.danglingtree.htb,Microsoft-Windows-WinRM,Microsoft-Windows-WinRM/Operational,2439,4,,,,,Get,,http://schemas.microsoft.com/wbem/wsman/1/Config/Plugin
2026-03-26T06:17:16.581479Z,254,dc.danglingtree.htb,Microsoft-Windows-WinRM,Microsoft-Windows-WinRM/Operational,2440,4,,,,,,,
2026-03-26T06:17:16.581482Z,132,dc.danglingtree.htb,Microsoft-Windows-WinRM,Microsoft-Windows-WinRM/Operational,2441,4,,,,,Get,,
2026-03-26T06:17:16.589862Z,145,dc.danglingtree.htb,Microsoft-Windows-WinRM,Microsoft-Windows-WinRM/Operational,2442,4,,,,,Enumeration,,http://schemas.microsoft.com/wbem/wsman/1/Config/Plugin
2026-03-26T06:17:16.596234Z,254,dc.danglingtree.htb,Microsoft-Windows-WinRM,Microsoft-Windows-WinRM/Operational,2443,4,,,,,,,
2026-03-26T06:17:16.596236Z,132,dc.danglingtree.htb,Microsoft-Windows-WinRM,Microsoft-Windows-WinRM/Operational,2444,4,,,,,Enumeration,,
2026-03-26T06:17:16.597037Z,145,dc.danglingtree.htb,Microsoft-Windows-WinRM,Microsoft-Windows-WinRM/Operational,2445,4,,,,,Get,,http://schemas.microsoft.com/wbem/wsman/1/Config/Plugin
2026-03-26T06:17:16.599536Z,254,dc.danglingtree.htb,Microsoft-Windows-WinRM,Microsoft-Windows-WinRM/Operational,2446,4,,,,,,,
2026-03-26T06:17:16.599540Z,132,dc.danglingtree.htb,Microsoft-Windows-WinRM,Microsoft-Windows-WinRM/Operational,2447,4,,,,,Get,,
2026-03-26T06:17:16.609372Z,145,dc.danglingtree.htb,Microsoft-Windows-WinRM,Microsoft-Windows-WinRM/Operational,2448,4,,,,,Enumeration,,http://schemas.microsoft.com/wbem/wsman/1/Config/Plugin
2026-03-26T06:17:16.615760Z,254,dc.danglingtree.htb,Microsoft-Windows-WinRM,Microsoft-Windows-WinRM/Operational,2449,4,,,,,,,
2026-03-26T06:17:16.615761Z,132,dc.danglingtree.htb,Microsoft-Windows-WinRM,Microsoft-Windows-WinRM/Operational,2450,4,,,,,Enumeration,,
2026-03-26T06:17:16.617111Z,145,dc.danglingtree.htb,Microsoft-Windows-WinRM,Microsoft-Windows-WinRM/Operational,2451,4,,,,,Get,,http://schemas.microsoft.com/wbem/wsman/1/Config/Plugin
2026-03-26T06:17:16.618705Z,254,dc.danglingtree.htb,Microsoft-Windows-WinRM,Microsoft-Windows-WinRM/Operational,2452,4,,,,,,,
2026-03-26T06:17:16.618706Z,132,dc.danglingtree.htb,Microsoft-Windows-WinRM,Microsoft-Windows-WinRM/Operational,2453,4,,,,,Get,,
2026-03-26T06:17:16.621991Z,145,dc.danglingtree.htb,Microsoft-Windows-WinRM,Microsoft-Windows-WinRM/Operational,2454,4,,,,,Enumeration,,http://schemas.microsoft.com/wbem/wsman/1/Config/Plugin
2026-03-26T06:17:16.625575Z,254,dc.danglingtree.htb,Microsoft-Windows-WinRM,Microsoft-Windows-WinRM/Operational,2455,4,,,,,,,
2026-03-26T06:17:16.625576Z,132,dc.danglingtree.htb,Microsoft-Windows-WinRM,Microsoft-Windows-WinRM/Operational,2456,4,,,,,Enumeration,,
2026-03-26T06:17:16.626004Z,145,dc.danglingtree.htb,Microsoft-Windows-WinRM,Microsoft-Windows-WinRM/Operational,2457,4,,,,,Get,,http://schemas.microsoft.com/wbem/wsman/1/Config/Plugin
2026-03-26T06:17:16.628430Z,254,dc.danglingtree.htb,Microsoft-Windows-WinRM,Microsoft-Windows-WinRM/Operational,2458,4,,,,,,,
2026-03-26T06:17:16.628431Z,132,dc.danglingtree.htb,Microsoft-Windows-WinRM,Microsoft-Windows-WinRM/Operational,2459,4,,,,,Get,,
2026-03-26T06:17:16.634183Z,145,dc.danglingtree.htb,Microsoft-Windows-WinRM,Microsoft-Windows-WinRM/Operational,2460,4,,,,,Enumeration,,http://schemas.microsoft.com/wbem/wsman/1/Config/Plugin
2026-03-26T06:17:16.639929Z,254,dc.danglingtree.htb,Microsoft-Windows-WinRM,Microsoft-Windows-WinRM/Operational,2461,4,,,,,,,
2026-03-26T06:17:16.639930Z,132,dc.danglingtree.htb,Microsoft-Windows-WinRM,Microsoft-Windows-WinRM/Operational,2462,4,,,,,Enumeration,,
2026-03-26T06:17:16.640333Z,145,dc.danglingtree.htb,Microsoft-Windows-WinRM,Microsoft-Windows-WinRM/Operational,2463,4,,,,,Get,,http://schemas.microsoft.com/wbem/wsman/1/Config/Plugin
2026-03-26T06:17:16.641740Z,254,dc.danglingtree.htb,Microsoft-Windows-WinRM,Microsoft-Windows-WinRM/Operational,2464,4,,,,,,,
2026-03-26T06:17:16.641742Z,132,dc.danglingtree.htb,Microsoft-Windows-WinRM,Microsoft-Windows-WinRM/Operational,2465,4,,,,,Get,,
2026-03-26T06:17:16.645839Z,145,dc.danglingtree.htb,Microsoft-Windows-WinRM,Microsoft-Windows-WinRM/Operational,2466,4,,,,,Enumeration,,http://schemas.microsoft.com/wbem/wsman/1/Config/Plugin
2026-03-26T06:17:16.652523Z,254,dc.danglingtree.htb,Microsoft-Windows-WinRM,Microsoft-Windows-WinRM/Operational,2467,4,,,,,,,
2026-03-26T06:17:16.652525Z,132,dc.danglingtree.htb,Microsoft-Windows-WinRM,Microsoft-Windows-WinRM/Operational,2468,4,,,,,Enumeration,,
2026-03-26T06:17:16.652938Z,145,dc.danglingtree.htb,Microsoft-Windows-WinRM,Microsoft-Windows-WinRM/Operational,2469,4,,,,,Get,,http://schemas.microsoft.com/wbem/wsman/1/Config/Plugin
2026-03-26T06:17:16.654322Z,254,dc.danglingtree.htb,Microsoft-Windows-WinRM,Microsoft-Windows-WinRM/Operational,2470,4,,,,,,,
2026-03-26T06:17:16.654324Z,132,dc.danglingtree.htb,Microsoft-Windows-WinRM,Microsoft-Windows-WinRM/Operational,2471,4,,,,,Get,,
2026-03-26T06:17:16.657919Z,145,dc.danglingtree.htb,Microsoft-Windows-WinRM,Microsoft-Windows-WinRM/Operational,2472,4,,,,,Enumeration,,http://schemas.microsoft.com/wbem/wsman/1/Config/Plugin
2026-03-26T06:17:16.662295Z,254,dc.danglingtree.htb,Microsoft-Windows-WinRM,Microsoft-Windows-WinRM/Operational,2473,4,,,,,,,
2026-03-26T06:17:16.662300Z,132,dc.danglingtree.htb,Microsoft-Windows-WinRM,Microsoft-Windows-WinRM/Operational,2474,4,,,,,Enumeration,,
2026-03-26T06:17:16.664918Z,145,dc.danglingtree.htb,Microsoft-Windows-WinRM,Microsoft-Windows-WinRM/Operational,2475,4,,,,,Get,,http://schemas.microsoft.com/wbem/wsman/1/Config/Plugin
2026-03-26T06:17:16.667837Z,254,dc.danglingtree.htb,Microsoft-Windows-WinRM,Microsoft-Windows-WinRM/Operational,2476,4,,,,,,,
2026-03-26T06:17:16.667838Z,132,dc.danglingtree.htb,Microsoft-Windows-WinRM,Microsoft-Windows-WinRM/Operational,2477,4,,,,,Get,,
2026-03-26T06:17:16.673267Z,145,dc.danglingtree.htb,Microsoft-Windows-WinRM,Microsoft-Windows-WinRM/Operational,2478,4,,,,,Enumeration,,http://schemas.microsoft.com/wbem/wsman/1/Config/Plugin
2026-03-26T06:17:16.678241Z,254,dc.danglingtree.htb,Microsoft-Windows-WinRM,Microsoft-Windows-WinRM/Operational,2479,4,,,,,,,
2026-03-26T06:17:16.678242Z,132,dc.danglingtree.htb,Microsoft-Windows-WinRM,Microsoft-Windows-WinRM/Operational,2480,4,,,,,Enumeration,,
2026-03-26T06:17:16.679078Z,145,dc.danglingtree.htb,Microsoft-Windows-WinRM,Microsoft-Windows-WinRM/Operational,2481,4,,,,,Get,,http://schemas.microsoft.com/wbem/wsman/1/Config/Plugin
2026-03-26T06:17:16.682341Z,254,dc.danglingtree.htb,Microsoft-Windows-WinRM,Microsoft-Windows-WinRM/Operational,2482,4,,,,,,,
2026-03-26T06:17:16.682344Z,132,dc.danglingtree.htb,Microsoft-Windows-WinRM,Microsoft-Windows-WinRM/Operational,2483,4,,,,,Get,,
2026-03-26T06:17:16.690173Z,145,dc.danglingtree.htb,Microsoft-Windows-WinRM,Microsoft-Windows-WinRM/Operational,2484,4,,,,,Enumeration,,http://schemas.microsoft.com/wbem/wsman/1/Config/Plugin
2026-03-26T06:17:16.694751Z,254,dc.danglingtree.htb,Microsoft-Windows-WinRM,Microsoft-Windows-WinRM/Operational,2485,4,,,,,,,
2026-03-26T06:17:16.694753Z,132,dc.danglingtree.htb,Microsoft-Windows-WinRM,Microsoft-Windows-WinRM/Operational,2486,4,,,,,Enumeration,,
2026-03-26T06:17:16.696241Z,145,dc.danglingtree.htb,Microsoft-Windows-WinRM,Microsoft-Windows-WinRM/Operational,2487,4,,,,,Get,,http://schemas.microsoft.com/wbem/wsman/1/Config/Plugin
2026-03-26T06:17:16.698137Z,254,dc.danglingtree.htb,Microsoft-Windows-WinRM,Microsoft-Windows-WinRM/Operational,2488,4,,,,,,,
2026-03-26T06:17:16.698138Z,132,dc.danglingtree.htb,Microsoft-Windows-WinRM,Microsoft-Windows-WinRM/Operational,2489,4,,,,,Get,,
2026-03-26T06:17:16.701910Z,145,dc.danglingtree.htb,Microsoft-Windows-WinRM,Microsoft-Windows-WinRM/Operational,2490,4,,,,,Enumeration,,http://schemas.microsoft.com/wbem/wsman/1/Config/Plugin
2026-03-26T06:17:16.706105Z,254,dc.danglingtree.htb,Microsoft-Windows-WinRM,Microsoft-Windows-WinRM/Operational,2491,4,,,,,,,
2026-03-26T06:17:16.706107Z,132,dc.danglingtree.htb,Microsoft-Windows-WinRM,Microsoft-Windows-WinRM/Operational,2492,4,,,,,Enumeration,,
2026-03-26T06:17:16.706542Z,145,dc.danglingtree.htb,Microsoft-Windows-WinRM,Microsoft-Windows-WinRM/Operational,2493,4,,,,,Get,,http://schemas.microsoft.com/wbem/wsman/1/Config/Plugin
2026-03-26T06:17:16.708714Z,254,dc.danglingtree.htb,Microsoft-Windows-WinRM,Microsoft-Windows-WinRM/Operational,2494,4,,,,,,,
2026-03-26T06:17:16.708715Z,132,dc.danglingtree.htb,Microsoft-Windows-WinRM,Microsoft-Windows-WinRM/Operational,2495,4,,,,,Get,,
2026-03-26T06:17:16.712293Z,145,dc.danglingtree.htb,Microsoft-Windows-WinRM,Microsoft-Windows-WinRM/Operational,2496,4,,,,,Enumeration,,http://schemas.microsoft.com/wbem/wsman/1/Config/Plugin
2026-03-26T06:17:16.718739Z,254,dc.danglingtree.htb,Microsoft-Windows-WinRM,Microsoft-Windows-WinRM/Operational,2497,4,,,,,,,
2026-03-26T06:17:16.718741Z,132,dc.danglingtree.htb,Microsoft-Windows-WinRM,Microsoft-Windows-WinRM/Operational,2498,4,,,,,Enumeration,,
2026-03-26T06:17:16.719288Z,145,dc.danglingtree.htb,Microsoft-Windows-WinRM,Microsoft-Windows-WinRM/Operational,2499,4,,,,,Get,,http://schemas.microsoft.com/wbem/wsman/1/Config/Plugin
2026-03-26T06:17:16.721486Z,254,dc.danglingtree.htb,Microsoft-Windows-WinRM,Microsoft-Windows-WinRM/Operational,2500,4,,,,,,,
2026-03-26T06:17:16.721488Z,132,dc.danglingtree.htb,Microsoft-Windows-WinRM,Microsoft-Windows-WinRM/Operational,2501,4,,,,,Get,,
2026-03-26T06:17:16.722494Z,145,dc.danglingtree.htb,Microsoft-Windows-WinRM,Microsoft-Windows-WinRM/Operational,2502,4,,,,,Enumeration,,http://schemas.microsoft.com/wbem/wsman/1/Config/Plugin
2026-03-26T06:17:16.725918Z,254,dc.danglingtree.htb,Microsoft-Windows-WinRM,Microsoft-Windows-WinRM/Operational,2503,4,,,,,,,
2026-03-26T06:17:16.725920Z,132,dc.danglingtree.htb,Microsoft-Windows-WinRM,Microsoft-Windows-WinRM/Operational,2504,4,,,,,Enumeration,,
2026-03-26T06:17:16.726530Z,145,dc.danglingtree.htb,Microsoft-Windows-WinRM,Microsoft-Windows-WinRM/Operational,2505,4,,,,,Get,,http://schemas.microsoft.com/wbem/wsman/1/Config/Plugin
2026-03-26T06:17:16.729019Z,254,dc.danglingtree.htb,Microsoft-Windows-WinRM,Microsoft-Windows-WinRM/Operational,2506,4,,,,,,,
2026-03-26T06:17:16.729021Z,132,dc.danglingtree.htb,Microsoft-Windows-WinRM,Microsoft-Windows-WinRM/Operational,2507,4,,,,,Get,,
2026-03-26T06:17:28.977742Z,145,dc.danglingtree.htb,Microsoft-Windows-WinRM,Microsoft-Windows-WinRM/Operational,2508,4,,,,,Get,,http://schemas.microsoft.com/wbem/wsman/1/Config/Client
2026-03-26T06:17:28.999836Z,132,dc.danglingtree.htb,Microsoft-Windows-WinRM,Microsoft-Windows-WinRM/Operational,2509,4,,,,,Get,,
2026-03-26T06:17:29.005413Z,145,dc.danglingtree.htb,Microsoft-Windows-WinRM,Microsoft-Windows-WinRM/Operational,2510,4,,,,,Put,,http://schemas.microsoft.com/wbem/wsman/1/Config/Client
2026-03-26T06:17:29.008369Z,132,dc.danglingtree.htb,Microsoft-Windows-WinRM,Microsoft-Windows-WinRM/Operational,2511,4,,,,,Put,,
2026-03-26T06:17:35.497693Z,145,dc.danglingtree.htb,Microsoft-Windows-WinRM,Microsoft-Windows-WinRM/Operational,2512,4,,,,,Enumeration,,http://schemas.microsoft.com/wbem/wsman/1/Config/Plugin
2026-03-26T06:17:35.520176Z,132,dc.danglingtree.htb,Microsoft-Windows-WinRM,Microsoft-Windows-WinRM/Operational,2513,4,,,,,Enumeration,,
2026-03-26T06:23:49.662915Z,145,dc.danglingtree.htb,Microsoft-Windows-WinRM,Microsoft-Windows-WinRM/Operational,2514,4,,,,,Enumeration,,http://schemas.microsoft.com/wbem/wsman/1/config/listener
2026-03-26T06:23:49.691079Z,132,dc.danglingtree.htb,Microsoft-Windows-WinRM,Microsoft-Windows-WinRM/Operational,2515,4,,,,,Enumeration,,
2026-03-26T06:23:49.747540Z,145,dc.danglingtree.htb,Microsoft-Windows-WinRM,Microsoft-Windows-WinRM/Operational,2516,4,,,,,Enumeration,,http://schemas.microsoft.com/wbem/wsman/1/windows/shell
2026-03-26T06:23:49.753381Z,132,dc.danglingtree.htb,Microsoft-Windows-WinRM,Microsoft-Windows-WinRM/Operational,2517,4,,,,,Enumeration,,
2026-03-26T06:27:25.865399Z,211,dc.danglingtree.htb,Microsoft-Windows-WinRM,Microsoft-Windows-WinRM/Operational,2518,4,,,,,,,
2026-03-26T06:27:26.453565Z,212,dc.danglingtree.htb,Microsoft-Windows-WinRM,Microsoft-Windows-WinRM/Operational,2519,4,,,,,,,
2026-03-26T06:40:09.576232Z,208,dc.danglingtree.htb,Microsoft-Windows-WinRM,Microsoft-Windows-WinRM/Operational,2520,4,,,,,,,
2026-03-26T06:40:09.813701Z,209,dc.danglingtree.htb,Microsoft-Windows-WinRM,Microsoft-Windows-WinRM/Operational,2521,4,,,,,,,
2026-03-26T06:40:22.465486Z,145,dc.danglingtree.htb,Microsoft-Windows-WinRM,Microsoft-Windows-WinRM/Operational,2522,4,,,,,Enumeration,,http://schemas.microsoft.com/wbem/wsman/1/config/listener
2026-03-26T06:40:22.494717Z,132,dc.danglingtree.htb,Microsoft-Windows-WinRM,Microsoft-Windows-WinRM/Operational,2523,4,,,,,Enumeration,,
2026-03-26T06:40:22.555748Z,145,dc.danglingtree.htb,Microsoft-Windows-WinRM,Microsoft-Windows-WinRM/Operational,2524,4,,,,,Enumeration,,http://schemas.microsoft.com/wbem/wsman/1/windows/shell
2026-03-26T06:40:22.560826Z,132,dc.danglingtree.htb,Microsoft-Windows-WinRM,Microsoft-Windows-WinRM/Operational,2525,4,,,,,Enumeration,,
2026-03-26T06:49:48.790271Z,145,dc.danglingtree.htb,Microsoft-Windows-WinRM,Microsoft-Windows-WinRM/Operational,2526,4,,,,,Enumeration,,http://schemas.microsoft.com/wbem/wsman/1/config/listener
2026-03-26T06:49:48.812608Z,132,dc.danglingtree.htb,Microsoft-Windows-WinRM,Microsoft-Windows-WinRM/Operational,2527,4,,,,,Enumeration,,
2026-03-26T06:49:48.845257Z,145,dc.danglingtree.htb,Microsoft-Windows-WinRM,Microsoft-Windows-WinRM/Operational,2528,4,,,,,Enumeration,,http://schemas.microsoft.com/wbem/wsman/1/windows/shell
2026-03-26T06:49:48.853882Z,132,dc.danglingtree.htb,Microsoft-Windows-WinRM,Microsoft-Windows-WinRM/Operational,2529,4,,,,,Enumeration,,
2026-03-26T07:20:33.206768Z,145,dc.danglingtree.htb,Microsoft-Windows-WinRM,Microsoft-Windows-WinRM/Operational,2530,4,,,,,Enumeration,,http://schemas.microsoft.com/wbem/wsman/1/config/listener
2026-03-26T07:20:33.225193Z,132,dc.danglingtree.htb,Microsoft-Windows-WinRM,Microsoft-Windows-WinRM/Operational,2531,4,,,,,Enumeration,,
2026-03-26T07:20:33.256107Z,145,dc.danglingtree.htb,Microsoft-Windows-WinRM,Microsoft-Windows-WinRM/Operational,2532,4,,,,,Enumeration,,http://schemas.microsoft.com/wbem/wsman/1/windows/shell
2026-03-26T07:20:33.260310Z,132,dc.danglingtree.htb,Microsoft-Windows-WinRM,Microsoft-Windows-WinRM/Operational,2533,4,,,,,Enumeration,,
2026-03-26T07:24:59.582426Z,145,dc.danglingtree.htb,Microsoft-Windows-WinRM,Microsoft-Windows-WinRM/Operational,2534,4,,,,,Enumeration,,http://schemas.microsoft.com/wbem/wsman/1/config/listener
2026-03-26T07:24:59.632613Z,132,dc.danglingtree.htb,Microsoft-Windows-WinRM,Microsoft-Windows-WinRM/Operational,2535,4,,,,,Enumeration,,
2026-03-26T07:24:59.691673Z,145,dc.danglingtree.htb,Microsoft-Windows-WinRM,Microsoft-Windows-WinRM/Operational,2536,4,,,,,Enumeration,,http://schemas.microsoft.com/wbem/wsman/1/windows/shell
2026-03-26T07:24:59.698806Z,132,dc.danglingtree.htb,Microsoft-Windows-WinRM,Microsoft-Windows-WinRM/Operational,2537,4,,,,,Enumeration,,
2026-03-26T07:45:21.817845Z,145,dc.danglingtree.htb,Microsoft-Windows-WinRM,Microsoft-Windows-WinRM/Operational,2538,4,,,,,Enumeration,,http://schemas.microsoft.com/wbem/wsman/1/config/listener
2026-03-26T07:45:21.840502Z,132,dc.danglingtree.htb,Microsoft-Windows-WinRM,Microsoft-Windows-WinRM/Operational,2539,4,,,,,Enumeration,,
2026-03-26T07:45:21.894960Z,145,dc.danglingtree.htb,Microsoft-Windows-WinRM,Microsoft-Windows-WinRM/Operational,2540,4,,,,,Enumeration,,http://schemas.microsoft.com/wbem/wsman/1/windows/shell
2026-03-26T07:45:21.903106Z,132,dc.danglingtree.htb,Microsoft-Windows-WinRM,Microsoft-Windows-WinRM/Operational,2541,4,,,,,Enumeration,,
2026-03-26T07:45:21.938437Z,145,dc.danglingtree.htb,Microsoft-Windows-WinRM,Microsoft-Windows-WinRM/Operational,2542,4,,,,,Enumeration,,http://schemas.microsoft.com/wbem/wsman/1/windows/shell
2026-03-26T07:45:21.944696Z,132,dc.danglingtree.htb,Microsoft-Windows-WinRM,Microsoft-Windows-WinRM/Operational,2543,4,,,,,Enumeration,,
2026-03-26T07:48:46.435939Z,145,dc.danglingtree.htb,Microsoft-Windows-WinRM,Microsoft-Windows-WinRM/Operational,2544,4,,,,,Enumeration,,http://schemas.microsoft.com/wbem/wsman/1/config/listener
2026-03-26T07:48:46.474233Z,132,dc.danglingtree.htb,Microsoft-Windows-WinRM,Microsoft-Windows-WinRM/Operational,2545,4,,,,,Enumeration,,
2026-03-26T07:48:46.537637Z,145,dc.danglingtree.htb,Microsoft-Windows-WinRM,Microsoft-Windows-WinRM/Operational,2546,4,,,,,Enumeration,,http://schemas.microsoft.com/wbem/wsman/1/windows/shell
2026-03-26T07:48:46.545838Z,132,dc.danglingtree.htb,Microsoft-Windows-WinRM,Microsoft-Windows-WinRM/Operational,2547,4,,,,,Enumeration,,
2026-03-26T07:48:46.590435Z,145,dc.danglingtree.htb,Microsoft-Windows-WinRM,Microsoft-Windows-WinRM/Operational,2548,4,,,,,Enumeration,,http://schemas.microsoft.com/wbem/wsman/1/windows/shell
2026-03-26T07:48:46.600073Z,132,dc.danglingtree.htb,Microsoft-Windows-WinRM,Microsoft-Windows-WinRM/Operational,2549,4,,,,,Enumeration,,
2026-03-26T07:50:30.589967Z,145,dc.danglingtree.htb,Microsoft-Windows-WinRM,Microsoft-Windows-WinRM/Operational,2550,4,,,,,Enumeration,,http://schemas.microsoft.com/wbem/wsman/1/windows/shell
2026-03-26T07:50:30.596127Z,132,dc.danglingtree.htb,Microsoft-Windows-WinRM,Microsoft-Windows-WinRM/Operational,2551,4,,,,,Enumeration,,
2026-03-26T07:50:50.959623Z,145,dc.danglingtree.htb,Microsoft-Windows-WinRM,Microsoft-Windows-WinRM/Operational,2552,4,,,,,Enumeration,,http://schemas.microsoft.com/wbem/wsman/1/windows/shell
2026-03-26T07:50:50.965934Z,132,dc.danglingtree.htb,Microsoft-Windows-WinRM,Microsoft-Windows-WinRM/Operational,2553,4,,,,,Enumeration,,
2026-03-26T07:51:45.729893Z,211,dc.danglingtree.htb,Microsoft-Windows-WinRM,Microsoft-Windows-WinRM/Operational,2554,4,,,,,,,
2026-03-26T07:51:46.279412Z,212,dc.danglingtree.htb,Microsoft-Windows-WinRM,Microsoft-Windows-WinRM/Operational,2555,4,,,,,,,
2026-03-26T20:55:04.930363Z,208,dc.danglingtree.htb,Microsoft-Windows-WinRM,Microsoft-Windows-WinRM/Operational,2556,4,,,,,,,
2026-03-26T20:55:05.119160Z,209,dc.danglingtree.htb,Microsoft-Windows-WinRM,Microsoft-Windows-WinRM/Operational,2557,4,,,,,,,
2026-03-26T20:55:25.579950Z,145,dc.danglingtree.htb,Microsoft-Windows-WinRM,Microsoft-Windows-WinRM/Operational,2558,4,,,,,Enumeration,,http://schemas.microsoft.com/wbem/wsman/1/config/listener
2026-03-26T20:55:25.606959Z,132,dc.danglingtree.htb,Microsoft-Windows-WinRM,Microsoft-Windows-WinRM/Operational,2559,4,,,,,Enumeration,,
2026-03-26T20:55:25.671015Z,145,dc.danglingtree.htb,Microsoft-Windows-WinRM,Microsoft-Windows-WinRM/Operational,2560,4,,,,,Enumeration,,http://schemas.microsoft.com/wbem/wsman/1/windows/shell
2026-03-26T20:55:25.676194Z,132,dc.danglingtree.htb,Microsoft-Windows-WinRM,Microsoft-Windows-WinRM/Operational,2561,4,,,,,Enumeration,,
2026-03-26T20:58:32.948413Z,145,dc.danglingtree.htb,Microsoft-Windows-WinRM,Microsoft-Windows-WinRM/Operational,2562,4,,,,,Enumeration,,http://schemas.microsoft.com/wbem/wsman/1/windows/shell
2026-03-26T20:58:32.960244Z,132,dc.danglingtree.htb,Microsoft-Windows-WinRM,Microsoft-Windows-WinRM/Operational,2563,4,,,,,Enumeration,,
2026-03-26T21:13:37.721689Z,145,dc.danglingtree.htb,Microsoft-Windows-WinRM,Microsoft-Windows-WinRM/Operational,2564,4,,,,,Enumeration,,http://schemas.microsoft.com/wbem/wsman/1/config/listener
2026-03-26T21:13:37.742594Z,132,dc.danglingtree.htb,Microsoft-Windows-WinRM,Microsoft-Windows-WinRM/Operational,2565,4,,,,,Enumeration,,
2026-03-26T21:13:37.772425Z,145,dc.danglingtree.htb,Microsoft-Windows-WinRM,Microsoft-Windows-WinRM/Operational,2566,4,,,,,Enumeration,,http://schemas.microsoft.com/wbem/wsman/1/windows/shell
2026-03-26T21:13:37.777205Z,132,dc.danglingtree.htb,Microsoft-Windows-WinRM,Microsoft-Windows-WinRM/Operational,2567,4,,,,,Enumeration,,
2026-03-26T21:33:43.444827Z,145,dc.danglingtree.htb,Microsoft-Windows-WinRM,Microsoft-Windows-WinRM/Operational,2568,4,,,,,Enumeration,,http://schemas.microsoft.com/wbem/wsman/1/config/listener
2026-03-26T21:33:43.468666Z,132,dc.danglingtree.htb,Microsoft-Windows-WinRM,Microsoft-Windows-WinRM/Operational,2569,4,,,,,Enumeration,,
2026-03-26T21:33:43.512509Z,145,dc.danglingtree.htb,Microsoft-Windows-WinRM,Microsoft-Windows-WinRM/Operational,2570,4,,,,,Enumeration,,http://schemas.microsoft.com/wbem/wsman/1/windows/shell
2026-03-26T21:33:43.517384Z,132,dc.danglingtree.htb,Microsoft-Windows-WinRM,Microsoft-Windows-WinRM/Operational,2571,4,,,,,Enumeration,,
2026-03-26T21:46:47.286993Z,211,dc.danglingtree.htb,Microsoft-Windows-WinRM,Microsoft-Windows-WinRM/Operational,2572,4,,,,,,,
2026-03-26T21:46:47.835192Z,212,dc.danglingtree.htb,Microsoft-Windows-WinRM,Microsoft-Windows-WinRM/Operational,2573,4,,,,,,,
2026-03-27T07:54:55.409176Z,208,dc.danglingtree.htb,Microsoft-Windows-WinRM,Microsoft-Windows-WinRM/Operational,2574,4,,,,,,,
2026-03-27T07:54:55.626364Z,209,dc.danglingtree.htb,Microsoft-Windows-WinRM,Microsoft-Windows-WinRM/Operational,2575,4,,,,,,,
2026-03-27T07:55:16.229368Z,145,dc.danglingtree.htb,Microsoft-Windows-WinRM,Microsoft-Windows-WinRM/Operational,2576,4,,,,,Enumeration,,http://schemas.microsoft.com/wbem/wsman/1/config/listener
2026-03-27T07:55:16.275970Z,132,dc.danglingtree.htb,Microsoft-Windows-WinRM,Microsoft-Windows-WinRM/Operational,2577,4,,,,,Enumeration,,
2026-03-27T07:55:16.394749Z,145,dc.danglingtree.htb,Microsoft-Windows-WinRM,Microsoft-Windows-WinRM/Operational,2578,4,,,,,Enumeration,,http://schemas.microsoft.com/wbem/wsman/1/windows/shell
2026-03-27T07:55:16.404385Z,132,dc.danglingtree.htb,Microsoft-Windows-WinRM,Microsoft-Windows-WinRM/Operational,2579,4,,,,,Enumeration,,
2026-03-27T07:57:45.507879Z,145,dc.danglingtree.htb,Microsoft-Windows-WinRM,Microsoft-Windows-WinRM/Operational,2580,4,,,,,Invoke,,http://schemas.microsoft.com/wbem/wsman/1/config/service
2026-03-27T07:57:45.559408Z,132,dc.danglingtree.htb,Microsoft-Windows-WinRM,Microsoft-Windows-WinRM/Operational,2581,4,,,,,Invoke,,
2026-03-27T07:59:45.494162Z,145,dc.danglingtree.htb,Microsoft-Windows-WinRM,Microsoft-Windows-WinRM/Operational,2582,4,,,,,Invoke,,http://schemas.microsoft.com/wbem/wsman/1/config/service
2026-03-27T07:59:45.526396Z,132,dc.danglingtree.htb,Microsoft-Windows-WinRM,Microsoft-Windows-WinRM/Operational,2583,4,,,,,Invoke,,
2026-03-27T08:01:45.492002Z,145,dc.danglingtree.htb,Microsoft-Windows-WinRM,Microsoft-Windows-WinRM/Operational,2584,4,,,,,Invoke,,http://schemas.microsoft.com/wbem/wsman/1/config/service
2026-03-27T08:01:45.524561Z,132,dc.danglingtree.htb,Microsoft-Windows-WinRM,Microsoft-Windows-WinRM/Operational,2585,4,,,,,Invoke,,
2026-03-27T08:03:45.512928Z,145,dc.danglingtree.htb,Microsoft-Windows-WinRM,Microsoft-Windows-WinRM/Operational,2586,4,,,,,Invoke,,http://schemas.microsoft.com/wbem/wsman/1/config/service
2026-03-27T08:03:45.541459Z,132,dc.danglingtree.htb,Microsoft-Windows-WinRM,Microsoft-Windows-WinRM/Operational,2587,4,,,,,Invoke,,
2026-03-27T08:05:45.694763Z,145,dc.danglingtree.htb,Microsoft-Windows-WinRM,Microsoft-Windows-WinRM/Operational,2588,4,,,,,Invoke,,http://schemas.microsoft.com/wbem/wsman/1/config/service
2026-03-27T08:05:45.723510Z,132,dc.danglingtree.htb,Microsoft-Windows-WinRM,Microsoft-Windows-WinRM/Operational,2589,4,,,,,Invoke,,
2026-03-27T08:07:45.580329Z,145,dc.danglingtree.htb,Microsoft-Windows-WinRM,Microsoft-Windows-WinRM/Operational,2590,4,,,,,Invoke,,http://schemas.microsoft.com/wbem/wsman/1/config/service
2026-03-27T08:07:45.625681Z,132,dc.danglingtree.htb,Microsoft-Windows-WinRM,Microsoft-Windows-WinRM/Operational,2591,4,,,,,Invoke,,
2026-03-27T08:09:45.625604Z,145,dc.danglingtree.htb,Microsoft-Windows-WinRM,Microsoft-Windows-WinRM/Operational,2592,4,,,,,Invoke,,http://schemas.microsoft.com/wbem/wsman/1/config/service
2026-03-27T08:09:45.662977Z,132,dc.danglingtree.htb,Microsoft-Windows-WinRM,Microsoft-Windows-WinRM/Operational,2593,4,,,,,Invoke,,
2026-03-27T08:11:45.862140Z,145,dc.danglingtree.htb,Microsoft-Windows-WinRM,Microsoft-Windows-WinRM/Operational,2594,4,,,,,Invoke,,http://schemas.microsoft.com/wbem/wsman/1/config/service
2026-03-27T08:11:45.907418Z,132,dc.danglingtree.htb,Microsoft-Windows-WinRM,Microsoft-Windows-WinRM/Operational,2595,4,,,,,Invoke,,
2026-03-27T08:13:45.592990Z,145,dc.danglingtree.htb,Microsoft-Windows-WinRM,Microsoft-Windows-WinRM/Operational,2596,4,,,,,Invoke,,http://schemas.microsoft.com/wbem/wsman/1/config/service
2026-03-27T08:13:45.635368Z,132,dc.danglingtree.htb,Microsoft-Windows-WinRM,Microsoft-Windows-WinRM/Operational,2597,4,,,,,Invoke,,
2026-03-27T08:15:45.590328Z,145,dc.danglingtree.htb,Microsoft-Windows-WinRM,Microsoft-Windows-WinRM/Operational,2598,4,,,,,Invoke,,http://schemas.microsoft.com/wbem/wsman/1/config/service
2026-03-27T08:15:45.631729Z,132,dc.danglingtree.htb,Microsoft-Windows-WinRM,Microsoft-Windows-WinRM/Operational,2599,4,,,,,Invoke,,
2026-03-27T08:17:45.658938Z,145,dc.danglingtree.htb,Microsoft-Windows-WinRM,Microsoft-Windows-WinRM/Operational,2600,4,,,,,Invoke,,http://schemas.microsoft.com/wbem/wsman/1/config/service
2026-03-27T08:17:45.717048Z,132,dc.danglingtree.htb,Microsoft-Windows-WinRM,Microsoft-Windows-WinRM/Operational,2601,4,,,,,Invoke,,
2026-03-27T08:19:45.633542Z,145,dc.danglingtree.htb,Microsoft-Windows-WinRM,Microsoft-Windows-WinRM/Operational,2602,4,,,,,Invoke,,http://schemas.microsoft.com/wbem/wsman/1/config/service
2026-03-27T08:19:45.663686Z,132,dc.danglingtree.htb,Microsoft-Windows-WinRM,Microsoft-Windows-WinRM/Operational,2603,4,,,,,Invoke,,
2026-03-27T08:21:45.628827Z,145,dc.danglingtree.htb,Microsoft-Windows-WinRM,Microsoft-Windows-WinRM/Operational,2604,4,,,,,Invoke,,http://schemas.microsoft.com/wbem/wsman/1/config/service
2026-03-27T08:21:45.675599Z,132,dc.danglingtree.htb,Microsoft-Windows-WinRM,Microsoft-Windows-WinRM/Operational,2605,4,,,,,Invoke,,
2026-03-27T08:23:45.648768Z,145,dc.danglingtree.htb,Microsoft-Windows-WinRM,Microsoft-Windows-WinRM/Operational,2606,4,,,,,Invoke,,http://schemas.microsoft.com/wbem/wsman/1/config/service
2026-03-27T08:23:45.692534Z,132,dc.danglingtree.htb,Microsoft-Windows-WinRM,Microsoft-Windows-WinRM/Operational,2607,4,,,,,Invoke,,
2026-03-27T08:25:45.637929Z,145,dc.danglingtree.htb,Microsoft-Windows-WinRM,Microsoft-Windows-WinRM/Operational,2608,4,,,,,Invoke,,http://schemas.microsoft.com/wbem/wsman/1/config/service
2026-03-27T08:25:45.674388Z,132,dc.danglingtree.htb,Microsoft-Windows-WinRM,Microsoft-Windows-WinRM/Operational,2609,4,,,,,Invoke,,
2026-03-27T08:27:45.762363Z,145,dc.danglingtree.htb,Microsoft-Windows-WinRM,Microsoft-Windows-WinRM/Operational,2610,4,,,,,Invoke,,http://schemas.microsoft.com/wbem/wsman/1/config/service
2026-03-27T08:27:45.806572Z,132,dc.danglingtree.htb,Microsoft-Windows-WinRM,Microsoft-Windows-WinRM/Operational,2611,4,,,,,Invoke,,
2026-03-27T08:31:39.505488Z,211,dc.danglingtree.htb,Microsoft-Windows-WinRM,Microsoft-Windows-WinRM/Operational,2612,4,,,,,,,
2026-03-27T08:31:40.104334Z,212,dc.danglingtree.htb,Microsoft-Windows-WinRM,Microsoft-Windows-WinRM/Operational,2613,4,,,,,,,
2026-03-27T21:56:30.928412Z,208,dc.danglingtree.htb,Microsoft-Windows-WinRM,Microsoft-Windows-WinRM/Operational,2614,4,,,,,,,
2026-03-27T21:56:31.180431Z,209,dc.danglingtree.htb,Microsoft-Windows-WinRM,Microsoft-Windows-WinRM/Operational,2615,4,,,,,,,
2026-03-27T21:56:51.819346Z,145,dc.danglingtree.htb,Microsoft-Windows-WinRM,Microsoft-Windows-WinRM/Operational,2616,4,,,,,Enumeration,,http://schemas.microsoft.com/wbem/wsman/1/config/listener
2026-03-27T21:56:51.857892Z,132,dc.danglingtree.htb,Microsoft-Windows-WinRM,Microsoft-Windows-WinRM/Operational,2617,4,,,,,Enumeration,,
2026-03-27T21:56:51.959875Z,145,dc.danglingtree.htb,Microsoft-Windows-WinRM,Microsoft-Windows-WinRM/Operational,2618,4,,,,,Enumeration,,http://schemas.microsoft.com/wbem/wsman/1/windows/shell
2026-03-27T21:56:51.966288Z,132,dc.danglingtree.htb,Microsoft-Windows-WinRM,Microsoft-Windows-WinRM/Operational,2619,4,,,,,Enumeration,,
2026-03-27T22:13:25.745379Z,145,dc.danglingtree.htb,Microsoft-Windows-WinRM,Microsoft-Windows-WinRM/Operational,2620,4,,,,,Enumeration,,http://schemas.microsoft.com/wbem/wsman/1/config/listener
2026-03-27T22:13:25.795708Z,132,dc.danglingtree.htb,Microsoft-Windows-WinRM,Microsoft-Windows-WinRM/Operational,2621,4,,,,,Enumeration,,
2026-03-27T22:13:25.867381Z,145,dc.danglingtree.htb,Microsoft-Windows-WinRM,Microsoft-Windows-WinRM/Operational,2622,4,,,,,Enumeration,,http://schemas.microsoft.com/wbem/wsman/1/windows/shell
2026-03-27T22:13:25.875847Z,132,dc.danglingtree.htb,Microsoft-Windows-WinRM,Microsoft-Windows-WinRM/Operational,2623,4,,,,,Enumeration,,
2026-03-27T22:13:25.925757Z,145,dc.danglingtree.htb,Microsoft-Windows-WinRM,Microsoft-Windows-WinRM/Operational,2624,4,,,,,Enumeration,,http://schemas.microsoft.com/wbem/wsman/1/windows/shell
2026-03-27T22:13:25.934040Z,132,dc.danglingtree.htb,Microsoft-Windows-WinRM,Microsoft-Windows-WinRM/Operational,2625,4,,,,,Enumeration,,
2026-03-27T22:18:21.747279Z,211,dc.danglingtree.htb,Microsoft-Windows-WinRM,Microsoft-Windows-WinRM/Operational,2626,4,,,,,,,
2026-03-27T22:18:22.371270Z,212,dc.danglingtree.htb,Microsoft-Windows-WinRM,Microsoft-Windows-WinRM/Operational,2627,4,,,,,,,
2026-03-27T22:18:50.926525Z,208,dc.danglingtree.htb,Microsoft-Windows-WinRM,Microsoft-Windows-WinRM/Operational,2628,4,,,,,,,
2026-03-27T22:18:51.321254Z,209,dc.danglingtree.htb,Microsoft-Windows-WinRM,Microsoft-Windows-WinRM/Operational,2629,4,,,,,,,
2026-03-27T22:19:11.926251Z,145,dc.danglingtree.htb,Microsoft-Windows-WinRM,Microsoft-Windows-WinRM/Operational,2630,4,,,,,Enumeration,,http://schemas.microsoft.com/wbem/wsman/1/config/listener
2026-03-27T22:19:11.984420Z,132,dc.danglingtree.htb,Microsoft-Windows-WinRM,Microsoft-Windows-WinRM/Operational,2631,4,,,,,Enumeration,,
2026-03-27T22:19:12.116427Z,145,dc.danglingtree.htb,Microsoft-Windows-WinRM,Microsoft-Windows-WinRM/Operational,2632,4,,,,,Enumeration,,http://schemas.microsoft.com/wbem/wsman/1/windows/shell
2026-03-27T22:19:12.125958Z,132,dc.danglingtree.htb,Microsoft-Windows-WinRM,Microsoft-Windows-WinRM/Operational,2633,4,,,,,Enumeration,,
2026-03-27T22:22:39.442411Z,211,dc.danglingtree.htb,Microsoft-Windows-WinRM,Microsoft-Windows-WinRM/Operational,2634,4,,,,,,,
2026-03-27T22:22:39.997315Z,212,dc.danglingtree.htb,Microsoft-Windows-WinRM,Microsoft-Windows-WinRM/Operational,2635,4,,,,,,,
2026-03-27T22:23:06.384858Z,208,dc.danglingtree.htb,Microsoft-Windows-WinRM,Microsoft-Windows-WinRM/Operational,2636,4,,,,,,,
2026-03-27T22:23:06.884844Z,209,dc.danglingtree.htb,Microsoft-Windows-WinRM,Microsoft-Windows-WinRM/Operational,2637,4,,,,,,,
2026-03-27T22:23:27.754948Z,145,dc.danglingtree.htb,Microsoft-Windows-WinRM,Microsoft-Windows-WinRM/Operational,2638,4,,,,,Enumeration,,http://schemas.microsoft.com/wbem/wsman/1/config/listener
2026-03-27T22:23:27.808854Z,132,dc.danglingtree.htb,Microsoft-Windows-WinRM,Microsoft-Windows-WinRM/Operational,2639,4,,,,,Enumeration,,
2026-03-27T22:23:27.896760Z,145,dc.danglingtree.htb,Microsoft-Windows-WinRM,Microsoft-Windows-WinRM/Operational,2640,4,,,,,Enumeration,,http://schemas.microsoft.com/wbem/wsman/1/windows/shell
2026-03-27T22:23:27.904055Z,132,dc.danglingtree.htb,Microsoft-Windows-WinRM,Microsoft-Windows-WinRM/Operational,2641,4,,,,,Enumeration,,
2026-03-27T22:28:56.775615Z,145,dc.danglingtree.htb,Microsoft-Windows-WinRM,Microsoft-Windows-WinRM/Operational,2642,4,,,,,Enumeration,,http://schemas.microsoft.com/wbem/wsman/1/config/listener
2026-03-27T22:28:56.811683Z,132,dc.danglingtree.htb,Microsoft-Windows-WinRM,Microsoft-Windows-WinRM/Operational,2643,4,,,,,Enumeration,,
2026-03-27T22:28:56.897375Z,145,dc.danglingtree.htb,Microsoft-Windows-WinRM,Microsoft-Windows-WinRM/Operational,2644,4,,,,,Enumeration,,http://schemas.microsoft.com/wbem/wsman/1/windows/shell
2026-03-27T22:28:56.913806Z,132,dc.danglingtree.htb,Microsoft-Windows-WinRM,Microsoft-Windows-WinRM/Operational,2645,4,,,,,Enumeration,,
2026-03-27T22:28:56.983968Z,145,dc.danglingtree.htb,Microsoft-Windows-WinRM,Microsoft-Windows-WinRM/Operational,2646,4,,,,,Enumeration,,http://schemas.microsoft.com/wbem/wsman/1/windows/shell
2026-03-27T22:28:56.997275Z,132,dc.danglingtree.htb,Microsoft-Windows-WinRM,Microsoft-Windows-WinRM/Operational,2647,4,,,,,Enumeration,,
2026-03-27T22:31:17.279798Z,145,dc.danglingtree.htb,Microsoft-Windows-WinRM,Microsoft-Windows-WinRM/Operational,2648,4,,,,,Enumeration,,http://schemas.microsoft.com/wbem/wsman/1/config/listener
2026-03-27T22:31:17.314599Z,132,dc.danglingtree.htb,Microsoft-Windows-WinRM,Microsoft-Windows-WinRM/Operational,2649,4,,,,,Enumeration,,
2026-03-27T22:31:17.358215Z,145,dc.danglingtree.htb,Microsoft-Windows-WinRM,Microsoft-Windows-WinRM/Operational,2650,4,,,,,Enumeration,,http://schemas.microsoft.com/wbem/wsman/1/windows/shell
2026-03-27T22:31:17.364633Z,132,dc.danglingtree.htb,Microsoft-Windows-WinRM,Microsoft-Windows-WinRM/Operational,2651,4,,,,,Enumeration,,
2026-03-27T22:35:10.260934Z,145,dc.danglingtree.htb,Microsoft-Windows-WinRM,Microsoft-Windows-WinRM/Operational,2652,4,,,,,Enumeration,,http://schemas.microsoft.com/wbem/wsman/1/config/listener
2026-03-27T22:35:10.292420Z,132,dc.danglingtree.htb,Microsoft-Windows-WinRM,Microsoft-Windows-WinRM/Operational,2653,4,,,,,Enumeration,,
2026-03-27T22:35:10.338208Z,145,dc.danglingtree.htb,Microsoft-Windows-WinRM,Microsoft-Windows-WinRM/Operational,2654,4,,,,,Enumeration,,http://schemas.microsoft.com/wbem/wsman/1/windows/shell
2026-03-27T22:35:10.345590Z,132,dc.danglingtree.htb,Microsoft-Windows-WinRM,Microsoft-Windows-WinRM/Operational,2655,4,,,,,Enumeration,,
2026-03-27T22:35:10.376062Z,145,dc.danglingtree.htb,Microsoft-Windows-WinRM,Microsoft-Windows-WinRM/Operational,2656,4,,,,,Enumeration,,http://schemas.microsoft.com/wbem/wsman/1/windows/shell
2026-03-27T22:35:10.383259Z,132,dc.danglingtree.htb,Microsoft-Windows-WinRM,Microsoft-Windows-WinRM/Operational,2657,4,,,,,Enumeration,,
2026-03-27T22:37:46.569117Z,145,dc.danglingtree.htb,Microsoft-Windows-WinRM,Microsoft-Windows-WinRM/Operational,2658,4,,,,,Enumeration,,http://schemas.microsoft.com/wbem/wsman/1/config/listener
2026-03-27T22:37:46.608675Z,132,dc.danglingtree.htb,Microsoft-Windows-WinRM,Microsoft-Windows-WinRM/Operational,2659,4,,,,,Enumeration,,
2026-03-27T22:37:46.682948Z,145,dc.danglingtree.htb,Microsoft-Windows-WinRM,Microsoft-Windows-WinRM/Operational,2660,4,,,,,Enumeration,,http://schemas.microsoft.com/wbem/wsman/1/windows/shell
2026-03-27T22:37:46.692088Z,132,dc.danglingtree.htb,Microsoft-Windows-WinRM,Microsoft-Windows-WinRM/Operational,2661,4,,,,,Enumeration,,
2026-03-27T22:39:33.658943Z,211,dc.danglingtree.htb,Microsoft-Windows-WinRM,Microsoft-Windows-WinRM/Operational,2662,4,,,,,,,
2026-03-27T22:39:34.242757Z,212,dc.danglingtree.htb,Microsoft-Windows-WinRM,Microsoft-Windows-WinRM/Operational,2663,4,,,,,,,
2026-03-27T22:40:01.323537Z,208,dc.danglingtree.htb,Microsoft-Windows-WinRM,Microsoft-Windows-WinRM/Operational,2664,4,,,,,,,
2026-03-27T22:40:01.645333Z,209,dc.danglingtree.htb,Microsoft-Windows-WinRM,Microsoft-Windows-WinRM/Operational,2665,4,,,,,,,
2026-03-27T22:40:22.284036Z,145,dc.danglingtree.htb,Microsoft-Windows-WinRM,Microsoft-Windows-WinRM/Operational,2666,4,,,,,Enumeration,,http://schemas.microsoft.com/wbem/wsman/1/config/listener
2026-03-27T22:40:22.326021Z,132,dc.danglingtree.htb,Microsoft-Windows-WinRM,Microsoft-Windows-WinRM/Operational,2667,4,,,,,Enumeration,,
2026-03-27T22:40:22.426526Z,145,dc.danglingtree.htb,Microsoft-Windows-WinRM,Microsoft-Windows-WinRM/Operational,2668,4,,,,,Enumeration,,http://schemas.microsoft.com/wbem/wsman/1/windows/shell
2026-03-27T22:40:22.433862Z,132,dc.danglingtree.htb,Microsoft-Windows-WinRM,Microsoft-Windows-WinRM/Operational,2669,4,,,,,Enumeration,,
2026-03-27T22:45:42.462286Z,145,dc.danglingtree.htb,Microsoft-Windows-WinRM,Microsoft-Windows-WinRM/Operational,2670,4,,,,,Enumeration,,http://schemas.microsoft.com/wbem/wsman/1/config/listener
2026-03-27T22:45:42.481144Z,132,dc.danglingtree.htb,Microsoft-Windows-WinRM,Microsoft-Windows-WinRM/Operational,2671,4,,,,,Enumeration,,
2026-03-27T22:45:42.517188Z,145,dc.danglingtree.htb,Microsoft-Windows-WinRM,Microsoft-Windows-WinRM/Operational,2672,4,,,,,Enumeration,,http://schemas.microsoft.com/wbem/wsman/1/windows/shell
2026-03-27T22:45:42.522190Z,132,dc.danglingtree.htb,Microsoft-Windows-WinRM,Microsoft-Windows-WinRM/Operational,2673,4,,,,,Enumeration,,
2026-03-27T23:00:46.785907Z,145,dc.danglingtree.htb,Microsoft-Windows-WinRM,Microsoft-Windows-WinRM/Operational,2674,4,,,,,Enumeration,,http://schemas.microsoft.com/wbem/wsman/1/config/listener
2026-03-27T23:00:46.804732Z,132,dc.danglingtree.htb,Microsoft-Windows-WinRM,Microsoft-Windows-WinRM/Operational,2675,4,,,,,Enumeration,,
2026-03-27T23:00:46.832954Z,145,dc.danglingtree.htb,Microsoft-Windows-WinRM,Microsoft-Windows-WinRM/Operational,2676,4,,,,,Enumeration,,http://schemas.microsoft.com/wbem/wsman/1/windows/shell
2026-03-27T23:00:46.837071Z,132,dc.danglingtree.htb,Microsoft-Windows-WinRM,Microsoft-Windows-WinRM/Operational,2677,4,,,,,Enumeration,,
2026-03-27T23:20:50.892972Z,145,dc.danglingtree.htb,Microsoft-Windows-WinRM,Microsoft-Windows-WinRM/Operational,2678,4,,,,,Enumeration,,http://schemas.microsoft.com/wbem/wsman/1/config/listener
2026-03-27T23:20:50.914137Z,132,dc.danglingtree.htb,Microsoft-Windows-WinRM,Microsoft-Windows-WinRM/Operational,2679,4,,,,,Enumeration,,
2026-03-27T23:20:50.945803Z,145,dc.danglingtree.htb,Microsoft-Windows-WinRM,Microsoft-Windows-WinRM/Operational,2680,4,,,,,Enumeration,,http://schemas.microsoft.com/wbem/wsman/1/windows/shell
2026-03-27T23:20:50.950200Z,132,dc.danglingtree.htb,Microsoft-Windows-WinRM,Microsoft-Windows-WinRM/Operational,2681,4,,,,,Enumeration,,
2026-03-27T23:40:01.697664Z,211,dc.danglingtree.htb,Microsoft-Windows-WinRM,Microsoft-Windows-WinRM/Operational,2682,4,,,,,,,
2026-03-27T23:40:02.235053Z,212,dc.danglingtree.htb,Microsoft-Windows-WinRM,Microsoft-Windows-WinRM/Operational,2683,4,,,,,,,
2026-03-27T23:40:27.908752Z,208,dc.danglingtree.htb,Microsoft-Windows-WinRM,Microsoft-Windows-WinRM/Operational,2684,4,,,,,,,
2026-03-27T23:40:28.108119Z,209,dc.danglingtree.htb,Microsoft-Windows-WinRM,Microsoft-Windows-WinRM/Operational,2685,4,,,,,,,
2026-03-27T23:40:48.408005Z,145,dc.danglingtree.htb,Microsoft-Windows-WinRM,Microsoft-Windows-WinRM/Operational,2686,4,,,,,Enumeration,,http://schemas.microsoft.com/wbem/wsman/1/config/listener
2026-03-27T23:40:48.440067Z,132,dc.danglingtree.htb,Microsoft-Windows-WinRM,Microsoft-Windows-WinRM/Operational,2687,4,,,,,Enumeration,,
2026-03-27T23:40:48.535466Z,145,dc.danglingtree.htb,Microsoft-Windows-WinRM,Microsoft-Windows-WinRM/Operational,2688,4,,,,,Enumeration,,http://schemas.microsoft.com/wbem/wsman/1/windows/shell
2026-03-27T23:40:48.546615Z,132,dc.danglingtree.htb,Microsoft-Windows-WinRM,Microsoft-Windows-WinRM/Operational,2689,4,,,,,Enumeration,,
2026-03-27T23:43:34.199715Z,211,dc.danglingtree.htb,Microsoft-Windows-WinRM,Microsoft-Windows-WinRM/Operational,2690,4,,,,,,,
2026-03-27T23:43:34.750754Z,212,dc.danglingtree.htb,Microsoft-Windows-WinRM,Microsoft-Windows-WinRM/Operational,2691,4,,,,,,,
2026-03-27T23:43:59.079326Z,208,dc.danglingtree.htb,Microsoft-Windows-WinRM,Microsoft-Windows-WinRM/Operational,2692,4,,,,,,,
2026-03-27T23:43:59.255740Z,209,dc.danglingtree.htb,Microsoft-Windows-WinRM,Microsoft-Windows-WinRM/Operational,2693,4,,,,,,,
2026-03-27T23:44:19.700873Z,145,dc.danglingtree.htb,Microsoft-Windows-WinRM,Microsoft-Windows-WinRM/Operational,2694,4,,,,,Enumeration,,http://schemas.microsoft.com/wbem/wsman/1/config/listener
2026-03-27T23:44:19.730830Z,132,dc.danglingtree.htb,Microsoft-Windows-WinRM,Microsoft-Windows-WinRM/Operational,2695,4,,,,,Enumeration,,
2026-03-27T23:44:19.789691Z,145,dc.danglingtree.htb,Microsoft-Windows-WinRM,Microsoft-Windows-WinRM/Operational,2696,4,,,,,Enumeration,,http://schemas.microsoft.com/wbem/wsman/1/windows/shell
2026-03-27T23:44:19.794528Z,132,dc.danglingtree.htb,Microsoft-Windows-WinRM,Microsoft-Windows-WinRM/Operational,2697,4,,,,,Enumeration,,
2026-03-27T23:46:54.864215Z,145,dc.danglingtree.htb,Microsoft-Windows-WinRM,Microsoft-Windows-WinRM/Operational,2698,4,,,,,Enumeration,,http://schemas.microsoft.com/wbem/wsman/1/windows/shell
2026-03-27T23:46:54.884341Z,132,dc.danglingtree.htb,Microsoft-Windows-WinRM,Microsoft-Windows-WinRM/Operational,2699,4,,,,,Enumeration,,
2026-03-27T23:55:51.169184Z,145,dc.danglingtree.htb,Microsoft-Windows-WinRM,Microsoft-Windows-WinRM/Operational,2700,4,,,,,Enumeration,,http://schemas.microsoft.com/wbem/wsman/1/config/listener
2026-03-27T23:55:51.187932Z,132,dc.danglingtree.htb,Microsoft-Windows-WinRM,Microsoft-Windows-WinRM/Operational,2701,4,,,,,Enumeration,,
2026-03-27T23:55:51.219105Z,145,dc.danglingtree.htb,Microsoft-Windows-WinRM,Microsoft-Windows-WinRM/Operational,2702,4,,,,,Enumeration,,http://schemas.microsoft.com/wbem/wsman/1/windows/shell
2026-03-27T23:55:51.223013Z,132,dc.danglingtree.htb,Microsoft-Windows-WinRM,Microsoft-Windows-WinRM/Operational,2703,4,,,,,Enumeration,,
2026-03-27T23:58:30.610977Z,145,dc.danglingtree.htb,Microsoft-Windows-WinRM,Microsoft-Windows-WinRM/Operational,2704,4,,,,,Enumeration,,http://schemas.microsoft.com/wbem/wsman/1/config/listener
2026-03-27T23:58:30.628058Z,132,dc.danglingtree.htb,Microsoft-Windows-WinRM,Microsoft-Windows-WinRM/Operational,2705,4,,,,,Enumeration,,
2026-03-27T23:58:30.654750Z,145,dc.danglingtree.htb,Microsoft-Windows-WinRM,Microsoft-Windows-WinRM/Operational,2706,4,,,,,Enumeration,,http://schemas.microsoft.com/wbem/wsman/1/windows/shell
2026-03-27T23:58:30.659013Z,132,dc.danglingtree.htb,Microsoft-Windows-WinRM,Microsoft-Windows-WinRM/Operational,2707,4,,,,,Enumeration,,
2026-03-27T23:58:30.676362Z,145,dc.danglingtree.htb,Microsoft-Windows-WinRM,Microsoft-Windows-WinRM/Operational,2708,4,,,,,Enumeration,,http://schemas.microsoft.com/wbem/wsman/1/windows/shell
2026-03-27T23:58:30.679950Z,132,dc.danglingtree.htb,Microsoft-Windows-WinRM,Microsoft-Windows-WinRM/Operational,2709,4,,,,,Enumeration,,
2026-03-28T00:03:56.905286Z,145,dc.danglingtree.htb,Microsoft-Windows-WinRM,Microsoft-Windows-WinRM/Operational,2710,4,,,,,Enumeration,,http://schemas.microsoft.com/wbem/wsman/1/config/listener
2026-03-28T00:03:56.928563Z,132,dc.danglingtree.htb,Microsoft-Windows-WinRM,Microsoft-Windows-WinRM/Operational,2711,4,,,,,Enumeration,,
2026-03-28T00:03:56.960444Z,145,dc.danglingtree.htb,Microsoft-Windows-WinRM,Microsoft-Windows-WinRM/Operational,2712,4,,,,,Enumeration,,http://schemas.microsoft.com/wbem/wsman/1/windows/shell
2026-03-28T00:03:56.965492Z,132,dc.danglingtree.htb,Microsoft-Windows-WinRM,Microsoft-Windows-WinRM/Operational,2713,4,,,,,Enumeration,,
2026-03-28T00:05:41.996421Z,211,dc.danglingtree.htb,Microsoft-Windows-WinRM,Microsoft-Windows-WinRM/Operational,2714,4,,,,,,,
2026-03-28T00:05:42.570554Z,212,dc.danglingtree.htb,Microsoft-Windows-WinRM,Microsoft-Windows-WinRM/Operational,2715,4,,,,,,,
2026-03-28T00:06:07.892017Z,208,dc.danglingtree.htb,Microsoft-Windows-WinRM,Microsoft-Windows-WinRM/Operational,2716,4,,,,,,,
2026-03-28T00:06:08.067415Z,209,dc.danglingtree.htb,Microsoft-Windows-WinRM,Microsoft-Windows-WinRM/Operational,2717,4,,,,,,,
2026-03-28T00:06:28.375643Z,145,dc.danglingtree.htb,Microsoft-Windows-WinRM,Microsoft-Windows-WinRM/Operational,2718,4,,,,,Enumeration,,http://schemas.microsoft.com/wbem/wsman/1/config/listener
2026-03-28T00:06:28.400117Z,132,dc.danglingtree.htb,Microsoft-Windows-WinRM,Microsoft-Windows-WinRM/Operational,2719,4,,,,,Enumeration,,
2026-03-28T00:06:28.446842Z,145,dc.danglingtree.htb,Microsoft-Windows-WinRM,Microsoft-Windows-WinRM/Operational,2720,4,,,,,Enumeration,,http://schemas.microsoft.com/wbem/wsman/1/windows/shell
2026-03-28T00:06:28.451634Z,132,dc.danglingtree.htb,Microsoft-Windows-WinRM,Microsoft-Windows-WinRM/Operational,2721,4,,,,,Enumeration,,
2026-03-28T00:16:34.631533Z,145,dc.danglingtree.htb,Microsoft-Windows-WinRM,Microsoft-Windows-WinRM/Operational,2722,4,,,,,Enumeration,,http://schemas.microsoft.com/wbem/wsman/1/config/listener
2026-03-28T00:16:34.650953Z,132,dc.danglingtree.htb,Microsoft-Windows-WinRM,Microsoft-Windows-WinRM/Operational,2723,4,,,,,Enumeration,,
2026-03-28T00:16:34.677585Z,145,dc.danglingtree.htb,Microsoft-Windows-WinRM,Microsoft-Windows-WinRM/Operational,2724,4,,,,,Enumeration,,http://schemas.microsoft.com/wbem/wsman/1/windows/shell
2026-03-28T00:16:34.701299Z,132,dc.danglingtree.htb,Microsoft-Windows-WinRM,Microsoft-Windows-WinRM/Operational,2725,4,,,,,Enumeration,,
2026-03-28T00:19:29.884082Z,211,dc.danglingtree.htb,Microsoft-Windows-WinRM,Microsoft-Windows-WinRM/Operational,2726,4,,,,,,,
2026-03-28T00:19:30.439227Z,212,dc.danglingtree.htb,Microsoft-Windows-WinRM,Microsoft-Windows-WinRM/Operational,2727,4,,,,,,,
2026-03-28T00:19:55.158191Z,208,dc.danglingtree.htb,Microsoft-Windows-WinRM,Microsoft-Windows-WinRM/Operational,2728,4,,,,,,,
2026-03-28T00:19:55.341733Z,209,dc.danglingtree.htb,Microsoft-Windows-WinRM,Microsoft-Windows-WinRM/Operational,2729,4,,,,,,,
2026-03-28T00:20:15.838395Z,145,dc.danglingtree.htb,Microsoft-Windows-WinRM,Microsoft-Windows-WinRM/Operational,2730,4,,,,,Enumeration,,http://schemas.microsoft.com/wbem/wsman/1/config/listener
2026-03-28T00:20:15.864756Z,132,dc.danglingtree.htb,Microsoft-Windows-WinRM,Microsoft-Windows-WinRM/Operational,2731,4,,,,,Enumeration,,
2026-03-28T00:20:15.923143Z,145,dc.danglingtree.htb,Microsoft-Windows-WinRM,Microsoft-Windows-WinRM/Operational,2732,4,,,,,Enumeration,,http://schemas.microsoft.com/wbem/wsman/1/windows/shell
2026-03-28T00:20:15.928719Z,132,dc.danglingtree.htb,Microsoft-Windows-WinRM,Microsoft-Windows-WinRM/Operational,2733,4,,,,,Enumeration,,
2026-03-28T00:21:32.935443Z,145,dc.danglingtree.htb,Microsoft-Windows-WinRM,Microsoft-Windows-WinRM/Operational,2734,4,,,,,Enumeration,,http://schemas.microsoft.com/wbem/wsman/1/windows/shell
2026-03-28T00:21:32.944380Z,132,dc.danglingtree.htb,Microsoft-Windows-WinRM,Microsoft-Windows-WinRM/Operational,2735,4,,,,,Enumeration,,
2026-03-28T00:25:24.634218Z,211,dc.danglingtree.htb,Microsoft-Windows-WinRM,Microsoft-Windows-WinRM/Operational,2736,4,,,,,,,
2026-03-28T00:25:25.200138Z,212,dc.danglingtree.htb,Microsoft-Windows-WinRM,Microsoft-Windows-WinRM/Operational,2737,4,,,,,,,
2026-03-28T00:25:51.491598Z,208,dc.danglingtree.htb,Microsoft-Windows-WinRM,Microsoft-Windows-WinRM/Operational,2738,4,,,,,,,
2026-03-28T00:25:51.681252Z,209,dc.danglingtree.htb,Microsoft-Windows-WinRM,Microsoft-Windows-WinRM/Operational,2739,4,,,,,,,
2026-03-28T00:26:12.034354Z,145,dc.danglingtree.htb,Microsoft-Windows-WinRM,Microsoft-Windows-WinRM/Operational,2740,4,,,,,Enumeration,,http://schemas.microsoft.com/wbem/wsman/1/config/listener
2026-03-28T00:26:12.058881Z,132,dc.danglingtree.htb,Microsoft-Windows-WinRM,Microsoft-Windows-WinRM/Operational,2741,4,,,,,Enumeration,,
2026-03-28T00:26:12.110633Z,145,dc.danglingtree.htb,Microsoft-Windows-WinRM,Microsoft-Windows-WinRM/Operational,2742,4,,,,,Enumeration,,http://schemas.microsoft.com/wbem/wsman/1/windows/shell
2026-03-28T00:26:12.115005Z,132,dc.danglingtree.htb,Microsoft-Windows-WinRM,Microsoft-Windows-WinRM/Operational,2743,4,,,,,Enumeration,,
2026-03-28T00:35:39.793763Z,211,dc.danglingtree.htb,Microsoft-Windows-WinRM,Microsoft-Windows-WinRM/Operational,2744,4,,,,,,,
2026-03-28T00:35:40.335056Z,212,dc.danglingtree.htb,Microsoft-Windows-WinRM,Microsoft-Windows-WinRM/Operational,2745,4,,,,,,,
2026-03-28T00:36:05.970760Z,208,dc.danglingtree.htb,Microsoft-Windows-WinRM,Microsoft-Windows-WinRM/Operational,2746,4,,,,,,,
2026-03-28T00:36:06.179371Z,209,dc.danglingtree.htb,Microsoft-Windows-WinRM,Microsoft-Windows-WinRM/Operational,2747,4,,,,,,,
2026-03-28T00:36:26.434185Z,145,dc.danglingtree.htb,Microsoft-Windows-WinRM,Microsoft-Windows-WinRM/Operational,2748,4,,,,,Enumeration,,http://schemas.microsoft.com/wbem/wsman/1/config/listener
2026-03-28T00:36:26.457715Z,132,dc.danglingtree.htb,Microsoft-Windows-WinRM,Microsoft-Windows-WinRM/Operational,2749,4,,,,,Enumeration,,
2026-03-28T00:36:26.504625Z,145,dc.danglingtree.htb,Microsoft-Windows-WinRM,Microsoft-Windows-WinRM/Operational,2750,4,,,,,Enumeration,,http://schemas.microsoft.com/wbem/wsman/1/windows/shell
2026-03-28T00:36:26.508687Z,132,dc.danglingtree.htb,Microsoft-Windows-WinRM,Microsoft-Windows-WinRM/Operational,2751,4,,,,,Enumeration,,
2026-03-28T00:41:19.849804Z,145,dc.danglingtree.htb,Microsoft-Windows-WinRM,Microsoft-Windows-WinRM/Operational,2752,4,,,,,Enumeration,,http://schemas.microsoft.com/wbem/wsman/1/config/listener
2026-03-28T00:41:19.868512Z,132,dc.danglingtree.htb,Microsoft-Windows-WinRM,Microsoft-Windows-WinRM/Operational,2753,4,,,,,Enumeration,,
2026-03-28T00:41:19.907439Z,145,dc.danglingtree.htb,Microsoft-Windows-WinRM,Microsoft-Windows-WinRM/Operational,2754,4,,,,,Enumeration,,http://schemas.microsoft.com/wbem/wsman/1/windows/shell
2026-03-28T00:41:19.913038Z,132,dc.danglingtree.htb,Microsoft-Windows-WinRM,Microsoft-Windows-WinRM/Operational,2755,4,,,,,Enumeration,,
2026-03-28T00:41:19.937104Z,145,dc.danglingtree.htb,Microsoft-Windows-WinRM,Microsoft-Windows-WinRM/Operational,2756,4,,,,,Enumeration,,http://schemas.microsoft.com/wbem/wsman/1/windows/shell
2026-03-28T00:41:19.942806Z,132,dc.danglingtree.htb,Microsoft-Windows-WinRM,Microsoft-Windows-WinRM/Operational,2757,4,,,,,Enumeration,,
2026-03-28T00:43:59.000316Z,145,dc.danglingtree.htb,Microsoft-Windows-WinRM,Microsoft-Windows-WinRM/Operational,2758,4,,,,,Enumeration,,http://schemas.microsoft.com/wbem/wsman/1/config/listener
2026-03-28T00:43:59.018716Z,132,dc.danglingtree.htb,Microsoft-Windows-WinRM,Microsoft-Windows-WinRM/Operational,2759,4,,,,,Enumeration,,
2026-03-28T00:43:59.048089Z,145,dc.danglingtree.htb,Microsoft-Windows-WinRM,Microsoft-Windows-WinRM/Operational,2760,4,,,,,Enumeration,,http://schemas.microsoft.com/wbem/wsman/1/windows/shell
2026-03-28T00:43:59.052883Z,132,dc.danglingtree.htb,Microsoft-Windows-WinRM,Microsoft-Windows-WinRM/Operational,2761,4,,,,,Enumeration,,
2026-03-28T00:43:59.070898Z,145,dc.danglingtree.htb,Microsoft-Windows-WinRM,Microsoft-Windows-WinRM/Operational,2762,4,,,,,Enumeration,,http://schemas.microsoft.com/wbem/wsman/1/windows/shell
2026-03-28T00:43:59.075419Z,132,dc.danglingtree.htb,Microsoft-Windows-WinRM,Microsoft-Windows-WinRM/Operational,2763,4,,,,,Enumeration,,
2026-03-28T00:45:15.866122Z,145,dc.danglingtree.htb,Microsoft-Windows-WinRM,Microsoft-Windows-WinRM/Operational,2764,4,,,,,Enumeration,,http://schemas.microsoft.com/wbem/wsman/1/windows/shell
2026-03-28T00:45:15.872366Z,132,dc.danglingtree.htb,Microsoft-Windows-WinRM,Microsoft-Windows-WinRM/Operational,2765,4,,,,,Enumeration,,
2026-03-28T00:50:55.853294Z,145,dc.danglingtree.htb,Microsoft-Windows-WinRM,Microsoft-Windows-WinRM/Operational,2766,4,,,,,Enumeration,,http://schemas.microsoft.com/wbem/wsman/1/config/listener
2026-03-28T00:50:55.872823Z,132,dc.danglingtree.htb,Microsoft-Windows-WinRM,Microsoft-Windows-WinRM/Operational,2767,4,,,,,Enumeration,,
2026-03-28T00:50:55.904063Z,145,dc.danglingtree.htb,Microsoft-Windows-WinRM,Microsoft-Windows-WinRM/Operational,2768,4,,,,,Enumeration,,http://schemas.microsoft.com/wbem/wsman/1/windows/shell
2026-03-28T00:50:55.908719Z,132,dc.danglingtree.htb,Microsoft-Windows-WinRM,Microsoft-Windows-WinRM/Operational,2769,4,,,,,Enumeration,,
2026-03-28T00:50:55.926997Z,145,dc.danglingtree.htb,Microsoft-Windows-WinRM,Microsoft-Windows-WinRM/Operational,2770,4,,,,,Enumeration,,http://schemas.microsoft.com/wbem/wsman/1/windows/shell
2026-03-28T00:50:55.932568Z,132,dc.danglingtree.htb,Microsoft-Windows-WinRM,Microsoft-Windows-WinRM/Operational,2771,4,,,,,Enumeration,,
2026-03-28T00:52:51.294178Z,211,dc.danglingtree.htb,Microsoft-Windows-WinRM,Microsoft-Windows-WinRM/Operational,2772,4,,,,,,,
2026-03-28T00:52:51.848978Z,212,dc.danglingtree.htb,Microsoft-Windows-WinRM,Microsoft-Windows-WinRM/Operational,2773,4,,,,,,,
2026-03-28T00:53:15.810332Z,208,dc.danglingtree.htb,Microsoft-Windows-WinRM,Microsoft-Windows-WinRM/Operational,2774,4,,,,,,,
2026-03-28T00:53:16.007066Z,209,dc.danglingtree.htb,Microsoft-Windows-WinRM,Microsoft-Windows-WinRM/Operational,2775,4,,,,,,,
2026-03-28T00:53:36.273467Z,145,dc.danglingtree.htb,Microsoft-Windows-WinRM,Microsoft-Windows-WinRM/Operational,2776,4,,,,,Enumeration,,http://schemas.microsoft.com/wbem/wsman/1/config/listener
2026-03-28T00:53:36.302920Z,132,dc.danglingtree.htb,Microsoft-Windows-WinRM,Microsoft-Windows-WinRM/Operational,2777,4,,,,,Enumeration,,
2026-03-28T00:53:36.353388Z,145,dc.danglingtree.htb,Microsoft-Windows-WinRM,Microsoft-Windows-WinRM/Operational,2778,4,,,,,Enumeration,,http://schemas.microsoft.com/wbem/wsman/1/windows/shell
2026-03-28T00:53:36.357027Z,132,dc.danglingtree.htb,Microsoft-Windows-WinRM,Microsoft-Windows-WinRM/Operational,2779,4,,,,,Enumeration,,
2026-03-28T00:56:30.750597Z,211,dc.danglingtree.htb,Microsoft-Windows-WinRM,Microsoft-Windows-WinRM/Operational,2780,4,,,,,,,
2026-03-28T00:56:31.310279Z,212,dc.danglingtree.htb,Microsoft-Windows-WinRM,Microsoft-Windows-WinRM/Operational,2781,4,,,,,,,
2026-03-28T00:56:57.082582Z,208,dc.danglingtree.htb,Microsoft-Windows-WinRM,Microsoft-Windows-WinRM/Operational,2782,4,,,,,,,
2026-03-28T00:56:57.281447Z,209,dc.danglingtree.htb,Microsoft-Windows-WinRM,Microsoft-Windows-WinRM/Operational,2783,4,,,,,,,
2026-03-28T00:57:17.538517Z,145,dc.danglingtree.htb,Microsoft-Windows-WinRM,Microsoft-Windows-WinRM/Operational,2784,4,,,,,Enumeration,,http://schemas.microsoft.com/wbem/wsman/1/config/listener
2026-03-28T00:57:17.560656Z,132,dc.danglingtree.htb,Microsoft-Windows-WinRM,Microsoft-Windows-WinRM/Operational,2785,4,,,,,Enumeration,,
2026-03-28T00:57:17.606690Z,145,dc.danglingtree.htb,Microsoft-Windows-WinRM,Microsoft-Windows-WinRM/Operational,2786,4,,,,,Enumeration,,http://schemas.microsoft.com/wbem/wsman/1/windows/shell
2026-03-28T00:57:17.611291Z,132,dc.danglingtree.htb,Microsoft-Windows-WinRM,Microsoft-Windows-WinRM/Operational,2787,4,,,,,Enumeration,,
2026-03-28T01:01:51.102406Z,145,dc.danglingtree.htb,Microsoft-Windows-WinRM,Microsoft-Windows-WinRM/Operational,2788,4,,,,,Enumeration,,http://schemas.microsoft.com/wbem/wsman/1/config/listener
2026-03-28T01:01:51.121881Z,132,dc.danglingtree.htb,Microsoft-Windows-WinRM,Microsoft-Windows-WinRM/Operational,2789,4,,,,,Enumeration,,
2026-03-28T01:01:51.152793Z,145,dc.danglingtree.htb,Microsoft-Windows-WinRM,Microsoft-Windows-WinRM/Operational,2790,4,,,,,Enumeration,,http://schemas.microsoft.com/wbem/wsman/1/windows/shell
2026-03-28T01:01:51.158385Z,132,dc.danglingtree.htb,Microsoft-Windows-WinRM,Microsoft-Windows-WinRM/Operational,2791,4,,,,,Enumeration,,
2026-03-28T01:05:40.012415Z,211,dc.danglingtree.htb,Microsoft-Windows-WinRM,Microsoft-Windows-WinRM/Operational,2792,4,,,,,,,
2026-03-28T01:05:40.536080Z,212,dc.danglingtree.htb,Microsoft-Windows-WinRM,Microsoft-Windows-WinRM/Operational,2793,4,,,,,,,
2026-03-28T01:06:05.431384Z,208,dc.danglingtree.htb,Microsoft-Windows-WinRM,Microsoft-Windows-WinRM/Operational,2794,4,,,,,,,
2026-03-28T01:06:05.537051Z,209,dc.danglingtree.htb,Microsoft-Windows-WinRM,Microsoft-Windows-WinRM/Operational,2795,4,,,,,,,
2026-03-28T01:06:26.014358Z,145,dc.danglingtree.htb,Microsoft-Windows-WinRM,Microsoft-Windows-WinRM/Operational,2796,4,,,,,Enumeration,,http://schemas.microsoft.com/wbem/wsman/1/config/listener
2026-03-28T01:06:26.040030Z,132,dc.danglingtree.htb,Microsoft-Windows-WinRM,Microsoft-Windows-WinRM/Operational,2797,4,,,,,Enumeration,,
2026-03-28T01:06:35.444540Z,145,dc.danglingtree.htb,Microsoft-Windows-WinRM,Microsoft-Windows-WinRM/Operational,2798,4,,,,,Enumeration,,http://schemas.microsoft.com/wbem/wsman/1/windows/shell
2026-03-28T01:06:35.453545Z,132,dc.danglingtree.htb,Microsoft-Windows-WinRM,Microsoft-Windows-WinRM/Operational,2799,4,,,,,Enumeration,,
2026-03-28T01:07:31.594623Z,145,dc.danglingtree.htb,Microsoft-Windows-WinRM,Microsoft-Windows-WinRM/Operational,2800,4,,,,,Enumeration,,http://schemas.microsoft.com/wbem/wsman/1/windows/shell
2026-03-28T01:07:31.599215Z,132,dc.danglingtree.htb,Microsoft-Windows-WinRM,Microsoft-Windows-WinRM/Operational,2801,4,,,,,Enumeration,,
2026-03-28T01:07:55.156555Z,211,dc.danglingtree.htb,Microsoft-Windows-WinRM,Microsoft-Windows-WinRM/Operational,2802,4,,,,,,,
2026-03-28T01:07:55.701158Z,212,dc.danglingtree.htb,Microsoft-Windows-WinRM,Microsoft-Windows-WinRM/Operational,2803,4,,,,,,,
2026-03-28T01:08:21.243123Z,208,dc.danglingtree.htb,Microsoft-Windows-WinRM,Microsoft-Windows-WinRM/Operational,2804,4,,,,,,,
2026-03-28T01:08:21.393148Z,209,dc.danglingtree.htb,Microsoft-Windows-WinRM,Microsoft-Windows-WinRM/Operational,2805,4,,,,,,,
2026-03-28T01:08:41.724882Z,145,dc.danglingtree.htb,Microsoft-Windows-WinRM,Microsoft-Windows-WinRM/Operational,2806,4,,,,,Enumeration,,http://schemas.microsoft.com/wbem/wsman/1/config/listener
2026-03-28T01:08:41.753507Z,132,dc.danglingtree.htb,Microsoft-Windows-WinRM,Microsoft-Windows-WinRM/Operational,2807,4,,,,,Enumeration,,
2026-03-28T01:08:41.806856Z,145,dc.danglingtree.htb,Microsoft-Windows-WinRM,Microsoft-Windows-WinRM/Operational,2808,4,,,,,Enumeration,,http://schemas.microsoft.com/wbem/wsman/1/windows/shell
2026-03-28T01:08:41.810937Z,132,dc.danglingtree.htb,Microsoft-Windows-WinRM,Microsoft-Windows-WinRM/Operational,2809,4,,,,,Enumeration,,
2026-03-28T01:09:31.362602Z,145,dc.danglingtree.htb,Microsoft-Windows-WinRM,Microsoft-Windows-WinRM/Operational,2810,4,,,,,Enumeration,,http://schemas.microsoft.com/wbem/wsman/1/windows/shell
2026-03-28T01:09:31.366856Z,132,dc.danglingtree.htb,Microsoft-Windows-WinRM,Microsoft-Windows-WinRM/Operational,2811,4,,,,,Enumeration,,
2026-03-28T01:19:33.432896Z,211,dc.danglingtree.htb,Microsoft-Windows-WinRM,Microsoft-Windows-WinRM/Operational,2812,4,,,,,,,
2026-03-28T01:19:33.962143Z,212,dc.danglingtree.htb,Microsoft-Windows-WinRM,Microsoft-Windows-WinRM/Operational,2813,4,,,,,,,
2026-04-04T23:29:24.161462Z,208,dc.danglingtree.htb,Microsoft-Windows-WinRM,Microsoft-Windows-WinRM/Operational,2814,4,,,,,,,
2026-04-04T23:29:24.360678Z,209,dc.danglingtree.htb,Microsoft-Windows-WinRM,Microsoft-Windows-WinRM/Operational,2815,4,,,,,,,
2026-04-04T23:29:44.716998Z,145,dc.danglingtree.htb,Microsoft-Windows-WinRM,Microsoft-Windows-WinRM/Operational,2816,4,,,,,Enumeration,,http://schemas.microsoft.com/wbem/wsman/1/config/listener
2026-04-04T23:29:44.743194Z,132,dc.danglingtree.htb,Microsoft-Windows-WinRM,Microsoft-Windows-WinRM/Operational,2817,4,,,,,Enumeration,,
2026-04-04T23:29:44.804561Z,145,dc.danglingtree.htb,Microsoft-Windows-WinRM,Microsoft-Windows-WinRM/Operational,2818,4,,,,,Enumeration,,http://schemas.microsoft.com/wbem/wsman/1/windows/shell
2026-04-04T23:29:44.808349Z,132,dc.danglingtree.htb,Microsoft-Windows-WinRM,Microsoft-Windows-WinRM/Operational,2819,4,,,,,Enumeration,,
2026-04-04T23:30:29.185367Z,145,dc.danglingtree.htb,Microsoft-Windows-WinRM,Microsoft-Windows-WinRM/Operational,2820,4,,,,,Enumeration,,http://schemas.microsoft.com/wbem/wsman/1/windows/shell
2026-04-04T23:30:29.190244Z,132,dc.danglingtree.htb,Microsoft-Windows-WinRM,Microsoft-Windows-WinRM/Operational,2821,4,,,,,Enumeration,,
2026-04-04T23:33:29.642282Z,211,dc.danglingtree.htb,Microsoft-Windows-WinRM,Microsoft-Windows-WinRM/Operational,2822,4,,,,,,,
2026-04-04T23:33:30.218650Z,212,dc.danglingtree.htb,Microsoft-Windows-WinRM,Microsoft-Windows-WinRM/Operational,2823,4,,,,,,,
2026-04-04T23:47:49.485838Z,208,dc.danglingtree.htb,Microsoft-Windows-WinRM,Microsoft-Windows-WinRM/Operational,2824,4,,,,,,,
2026-04-04T23:47:49.686068Z,209,dc.danglingtree.htb,Microsoft-Windows-WinRM,Microsoft-Windows-WinRM/Operational,2825,4,,,,,,,
2026-04-04T23:48:10.013902Z,145,dc.danglingtree.htb,Microsoft-Windows-WinRM,Microsoft-Windows-WinRM/Operational,2826,4,,,,,Enumeration,,http://schemas.microsoft.com/wbem/wsman/1/config/listener
2026-04-04T23:48:10.053881Z,132,dc.danglingtree.htb,Microsoft-Windows-WinRM,Microsoft-Windows-WinRM/Operational,2827,4,,,,,Enumeration,,
2026-04-04T23:48:10.116811Z,145,dc.danglingtree.htb,Microsoft-Windows-WinRM,Microsoft-Windows-WinRM/Operational,2828,4,,,,,Enumeration,,http://schemas.microsoft.com/wbem/wsman/1/windows/shell
2026-04-04T23:48:10.120883Z,132,dc.danglingtree.htb,Microsoft-Windows-WinRM,Microsoft-Windows-WinRM/Operational,2829,4,,,,,Enumeration,,
2026-04-04T23:48:54.500453Z,145,dc.danglingtree.htb,Microsoft-Windows-WinRM,Microsoft-Windows-WinRM/Operational,2830,4,,,,,Enumeration,,http://schemas.microsoft.com/wbem/wsman/1/windows/shell
2026-04-04T23:48:54.504843Z,132,dc.danglingtree.htb,Microsoft-Windows-WinRM,Microsoft-Windows-WinRM/Operational,2831,4,,,,,Enumeration,,
2026-04-05T00:05:44.182169Z,211,dc.danglingtree.htb,Microsoft-Windows-WinRM,Microsoft-Windows-WinRM/Operational,2832,4,,,,,,,
2026-04-05T00:05:44.714863Z,212,dc.danglingtree.htb,Microsoft-Windows-WinRM,Microsoft-Windows-WinRM/Operational,2833,4,,,,,,,
2026-04-05T00:52:29.886395Z,208,dc.danglingtree.htb,Microsoft-Windows-WinRM,Microsoft-Windows-WinRM/Operational,2834,4,,,,,,,
2026-04-05T00:52:30.064450Z,209,dc.danglingtree.htb,Microsoft-Windows-WinRM,Microsoft-Windows-WinRM/Operational,2835,4,,,,,,,
2026-04-05T00:52:50.414040Z,145,dc.danglingtree.htb,Microsoft-Windows-WinRM,Microsoft-Windows-WinRM/Operational,2836,4,,,,,Enumeration,,http://schemas.microsoft.com/wbem/wsman/1/config/listener
2026-04-05T00:52:50.440542Z,132,dc.danglingtree.htb,Microsoft-Windows-WinRM,Microsoft-Windows-WinRM/Operational,2837,4,,,,,Enumeration,,
2026-04-05T00:52:50.495808Z,145,dc.danglingtree.htb,Microsoft-Windows-WinRM,Microsoft-Windows-WinRM/Operational,2838,4,,,,,Enumeration,,http://schemas.microsoft.com/wbem/wsman/1/windows/shell
2026-04-05T00:52:50.500846Z,132,dc.danglingtree.htb,Microsoft-Windows-WinRM,Microsoft-Windows-WinRM/Operational,2839,4,,,,,Enumeration,,
2026-04-05T00:53:35.218046Z,145,dc.danglingtree.htb,Microsoft-Windows-WinRM,Microsoft-Windows-WinRM/Operational,2840,4,,,,,Enumeration,,http://schemas.microsoft.com/wbem/wsman/1/windows/shell
2026-04-05T00:53:35.223400Z,132,dc.danglingtree.htb,Microsoft-Windows-WinRM,Microsoft-Windows-WinRM/Operational,2841,4,,,,,Enumeration,,
2026-04-05T00:55:16.214368Z,41,dc.danglingtree.htb,Microsoft-Windows-WinRM,Microsoft-Windows-WinRM/Operational,2842,4,ServerManager.exe,,,,,,
2026-04-05T00:55:16.214752Z,44,dc.danglingtree.htb,Microsoft-Windows-WinRM,Microsoft-Windows-WinRM/Operational,2843,4,,,<local>,,,,
2026-04-05T00:55:16.217094Z,44,dc.danglingtree.htb,Microsoft-Windows-WinRM,Microsoft-Windows-WinRM/Operational,2844,4,,,<local>,,,,
2026-04-05T00:55:16.219714Z,47,dc.danglingtree.htb,Microsoft-Windows-WinRM,Microsoft-Windows-WinRM/Operational,2845,4,,*,,root\microsoft\windows\smb,,EnumerateInstances,
2026-04-05T00:55:16.219717Z,47,dc.danglingtree.htb,Microsoft-Windows-WinRM,Microsoft-Windows-WinRM/Operational,2846,4,,*,,root\microsoft\windows\storage,,EnumerateInstances,
2026-04-05T00:55:16.289531Z,47,dc.danglingtree.htb,Microsoft-Windows-WinRM,Microsoft-Windows-WinRM/Operational,2847,4,,MSFT_SmbShare,,root/microsoft/windows/smb,,GetClass,
2026-04-05T00:55:16.300839Z,48,dc.danglingtree.htb,Microsoft-Windows-WinRM,Microsoft-Windows-WinRM/Operational,2848,4,,,,,,,
2026-04-05T00:55:16.301086Z,132,dc.danglingtree.htb,Microsoft-Windows-WinRM,Microsoft-Windows-WinRM/Operational,2849,4,,,,,Get,,
2026-04-05T00:55:16.303304Z,48,dc.danglingtree.htb,Microsoft-Windows-WinRM,Microsoft-Windows-WinRM/Operational,2850,4,,,,,,,
2026-04-05T00:55:16.304071Z,132,dc.danglingtree.htb,Microsoft-Windows-WinRM,Microsoft-Windows-WinRM/Operational,2851,4,,,,,Enumeration,,
2026-04-05T00:55:16.337892Z,45,dc.danglingtree.htb,Microsoft-Windows-WinRM,Microsoft-Windows-WinRM/Operational,2852,4,,,,,,,
2026-04-05T00:55:16.479837Z,47,dc.danglingtree.htb,Microsoft-Windows-WinRM,Microsoft-Windows-WinRM/Operational,2853,4,,MSFT_Volume,,root/microsoft/windows/storage,,GetClass,
2026-04-05T00:55:16.487197Z,48,dc.danglingtree.htb,Microsoft-Windows-WinRM,Microsoft-Windows-WinRM/Operational,2854,4,,,,,,,
2026-04-05T00:55:16.487230Z,132,dc.danglingtree.htb,Microsoft-Windows-WinRM,Microsoft-Windows-WinRM/Operational,2855,4,,,,,Get,,
2026-04-05T00:55:16.488335Z,48,dc.danglingtree.htb,Microsoft-Windows-WinRM,Microsoft-Windows-WinRM/Operational,2856,4,,,,,,,
2026-04-05T00:55:16.488380Z,132,dc.danglingtree.htb,Microsoft-Windows-WinRM,Microsoft-Windows-WinRM/Operational,2857,4,,,,,Enumeration,,
2026-04-05T00:55:16.488490Z,47,dc.danglingtree.htb,Microsoft-Windows-WinRM,Microsoft-Windows-WinRM/Operational,2858,4,,*,,root\microsoft\windows\storage,,EnumerateInstances,
2026-04-05T00:55:16.508527Z,47,dc.danglingtree.htb,Microsoft-Windows-WinRM,Microsoft-Windows-WinRM/Operational,2859,4,,MSFT_Partition,,root/microsoft/windows/storage,,GetClass,
2026-04-05T00:55:16.511027Z,48,dc.danglingtree.htb,Microsoft-Windows-WinRM,Microsoft-Windows-WinRM/Operational,2860,4,,,,,,,
2026-04-05T00:55:16.511097Z,132,dc.danglingtree.htb,Microsoft-Windows-WinRM,Microsoft-Windows-WinRM/Operational,2861,4,,,,,Get,,
2026-04-05T00:55:16.512081Z,48,dc.danglingtree.htb,Microsoft-Windows-WinRM,Microsoft-Windows-WinRM/Operational,2862,4,,,,,,,
2026-04-05T00:55:16.512127Z,132,dc.danglingtree.htb,Microsoft-Windows-WinRM,Microsoft-Windows-WinRM/Operational,2863,4,,,,,Enumeration,,
2026-04-05T00:55:16.512204Z,47,dc.danglingtree.htb,Microsoft-Windows-WinRM,Microsoft-Windows-WinRM/Operational,2864,4,,*,,root\microsoft\windows\storage,,EnumerateInstances,
2026-04-05T00:55:16.528278Z,47,dc.danglingtree.htb,Microsoft-Windows-WinRM,Microsoft-Windows-WinRM/Operational,2865,4,,MSFT_Disk,,root/microsoft/windows/storage,,GetClass,
2026-04-05T00:55:16.531190Z,48,dc.danglingtree.htb,Microsoft-Windows-WinRM,Microsoft-Windows-WinRM/Operational,2866,4,,,,,,,
2026-04-05T00:55:16.531313Z,132,dc.danglingtree.htb,Microsoft-Windows-WinRM,Microsoft-Windows-WinRM/Operational,2867,4,,,,,Get,,
2026-04-05T00:55:16.531443Z,48,dc.danglingtree.htb,Microsoft-Windows-WinRM,Microsoft-Windows-WinRM/Operational,2868,4,,,,,,,
2026-04-05T00:55:16.531603Z,132,dc.danglingtree.htb,Microsoft-Windows-WinRM,Microsoft-Windows-WinRM/Operational,2869,4,,,,,Enumeration,,
2026-04-05T00:55:16.531662Z,47,dc.danglingtree.htb,Microsoft-Windows-WinRM,Microsoft-Windows-WinRM/Operational,2870,4,,*,,root\microsoft\windows\storage,,EnumerateInstances,
2026-04-05T00:55:16.546748Z,132,dc.danglingtree.htb,Microsoft-Windows-WinRM,Microsoft-Windows-WinRM/Operational,2871,4,,,,,Enumeration,,
2026-04-05T00:55:16.546769Z,48,dc.danglingtree.htb,Microsoft-Windows-WinRM,Microsoft-Windows-WinRM/Operational,2872,4,,,,,,,
2026-04-05T00:55:16.546967Z,47,dc.danglingtree.htb,Microsoft-Windows-WinRM,Microsoft-Windows-WinRM/Operational,2873,4,,*,,root\microsoft\windows\storage,,EnumerateInstances,
2026-04-05T00:55:16.567881Z,47,dc.danglingtree.htb,Microsoft-Windows-WinRM,Microsoft-Windows-WinRM/Operational,2874,4,,MSFT_PhysicalDisk,,root/microsoft/windows/storage,,GetClass,
2026-04-05T00:55:16.570761Z,48,dc.danglingtree.htb,Microsoft-Windows-WinRM,Microsoft-Windows-WinRM/Operational,2875,4,,,,,,,
2026-04-05T00:55:16.570833Z,132,dc.danglingtree.htb,Microsoft-Windows-WinRM,Microsoft-Windows-WinRM/Operational,2876,4,,,,,Get,,
2026-04-05T00:55:16.570938Z,48,dc.danglingtree.htb,Microsoft-Windows-WinRM,Microsoft-Windows-WinRM/Operational,2877,4,,,,,,,
2026-04-05T00:55:16.571067Z,132,dc.danglingtree.htb,Microsoft-Windows-WinRM,Microsoft-Windows-WinRM/Operational,2878,4,,,,,Enumeration,,
2026-04-05T00:55:16.571150Z,47,dc.danglingtree.htb,Microsoft-Windows-WinRM,Microsoft-Windows-WinRM/Operational,2879,4,,*,,root\microsoft\windows\storage,,EnumerateInstances,
2026-04-05T00:55:16.594513Z,47,dc.danglingtree.htb,Microsoft-Windows-WinRM,Microsoft-Windows-WinRM/Operational,2880,4,,MSFT_StoragePool,,root/microsoft/windows/storage,,GetClass,
2026-04-05T00:55:16.599174Z,48,dc.danglingtree.htb,Microsoft-Windows-WinRM,Microsoft-Windows-WinRM/Operational,2881,4,,,,,,,
2026-04-05T00:55:16.599247Z,132,dc.danglingtree.htb,Microsoft-Windows-WinRM,Microsoft-Windows-WinRM/Operational,2882,4,,,,,Get,,
2026-04-05T00:55:16.599372Z,48,dc.danglingtree.htb,Microsoft-Windows-WinRM,Microsoft-Windows-WinRM/Operational,2883,4,,,,,,,
2026-04-05T00:55:16.599511Z,132,dc.danglingtree.htb,Microsoft-Windows-WinRM,Microsoft-Windows-WinRM/Operational,2884,4,,,,,Enumeration,,
2026-04-05T00:55:16.599645Z,47,dc.danglingtree.htb,Microsoft-Windows-WinRM,Microsoft-Windows-WinRM/Operational,2885,4,,*,,root\microsoft\windows\storage,,EnumerateInstances,
2026-04-05T00:55:16.621948Z,47,dc.danglingtree.htb,Microsoft-Windows-WinRM,Microsoft-Windows-WinRM/Operational,2886,4,,MSFT_StorageSubSystem,,root/microsoft/windows/storage,,GetClass,
2026-04-05T00:55:16.627251Z,48,dc.danglingtree.htb,Microsoft-Windows-WinRM,Microsoft-Windows-WinRM/Operational,2887,4,,,,,,,
2026-04-05T00:55:16.627417Z,132,dc.danglingtree.htb,Microsoft-Windows-WinRM,Microsoft-Windows-WinRM/Operational,2888,4,,,,,Get,,
2026-04-05T00:55:16.627785Z,48,dc.danglingtree.htb,Microsoft-Windows-WinRM,Microsoft-Windows-WinRM/Operational,2889,4,,,,,,,
2026-04-05T00:55:16.628003Z,132,dc.danglingtree.htb,Microsoft-Windows-WinRM,Microsoft-Windows-WinRM/Operational,2890,4,,,,,Enumeration,,
2026-04-05T00:55:16.628082Z,47,dc.danglingtree.htb,Microsoft-Windows-WinRM,Microsoft-Windows-WinRM/Operational,2891,4,,*,,root\microsoft\windows\storage,,EnumerateInstances,
2026-04-05T00:55:16.644327Z,47,dc.danglingtree.htb,Microsoft-Windows-WinRM,Microsoft-Windows-WinRM/Operational,2892,4,,MSFT_ResiliencySetting,,root/microsoft/windows/storage,,GetClass,
2026-04-05T00:55:16.646048Z,48,dc.danglingtree.htb,Microsoft-Windows-WinRM,Microsoft-Windows-WinRM/Operational,2893,4,,,,,,,
2026-04-05T00:55:16.646111Z,132,dc.danglingtree.htb,Microsoft-Windows-WinRM,Microsoft-Windows-WinRM/Operational,2894,4,,,,,Get,,
2026-04-05T00:55:16.646939Z,48,dc.danglingtree.htb,Microsoft-Windows-WinRM,Microsoft-Windows-WinRM/Operational,2895,4,,,,,,,
2026-04-05T00:55:16.646982Z,132,dc.danglingtree.htb,Microsoft-Windows-WinRM,Microsoft-Windows-WinRM/Operational,2896,4,,,,,Enumeration,,
2026-04-05T00:55:16.647054Z,47,dc.danglingtree.htb,Microsoft-Windows-WinRM,Microsoft-Windows-WinRM/Operational,2897,4,,*,,root\microsoft\windows\storage,,EnumerateInstances,
2026-04-05T00:55:16.661103Z,47,dc.danglingtree.htb,Microsoft-Windows-WinRM,Microsoft-Windows-WinRM/Operational,2898,4,,MSFT_StorageSubSystemToStoragePool,,root/microsoft/windows/storage,,GetClass,
2026-04-05T00:55:16.662205Z,48,dc.danglingtree.htb,Microsoft-Windows-WinRM,Microsoft-Windows-WinRM/Operational,2899,4,,,,,,,
2026-04-05T00:55:16.662230Z,132,dc.danglingtree.htb,Microsoft-Windows-WinRM,Microsoft-Windows-WinRM/Operational,2900,4,,,,,Get,,
2026-04-05T00:55:16.662272Z,48,dc.danglingtree.htb,Microsoft-Windows-WinRM,Microsoft-Windows-WinRM/Operational,2901,4,,,,,,,
2026-04-05T00:55:16.662383Z,132,dc.danglingtree.htb,Microsoft-Windows-WinRM,Microsoft-Windows-WinRM/Operational,2902,4,,,,,Enumeration,,
2026-04-05T00:55:16.662460Z,47,dc.danglingtree.htb,Microsoft-Windows-WinRM,Microsoft-Windows-WinRM/Operational,2903,4,,*,,root\microsoft\windows\storage,,EnumerateInstances,
2026-04-05T00:55:16.675377Z,47,dc.danglingtree.htb,Microsoft-Windows-WinRM,Microsoft-Windows-WinRM/Operational,2904,4,,MSFT_StoragePoolToPhysicalDisk,,root/microsoft/windows/storage,,GetClass,
2026-04-05T00:55:16.676708Z,48,dc.danglingtree.htb,Microsoft-Windows-WinRM,Microsoft-Windows-WinRM/Operational,2905,4,,,,,,,
2026-04-05T00:55:16.676757Z,132,dc.danglingtree.htb,Microsoft-Windows-WinRM,Microsoft-Windows-WinRM/Operational,2906,4,,,,,Get,,
2026-04-05T00:55:16.676837Z,48,dc.danglingtree.htb,Microsoft-Windows-WinRM,Microsoft-Windows-WinRM/Operational,2907,4,,,,,,,
2026-04-05T00:55:16.677031Z,132,dc.danglingtree.htb,Microsoft-Windows-WinRM,Microsoft-Windows-WinRM/Operational,2908,4,,,,,Enumeration,,
2026-04-05T00:55:16.677145Z,47,dc.danglingtree.htb,Microsoft-Windows-WinRM,Microsoft-Windows-WinRM/Operational,2909,4,,*,,root\microsoft\windows\storage,,EnumerateInstances,
2026-04-05T00:55:16.688086Z,132,dc.danglingtree.htb,Microsoft-Windows-WinRM,Microsoft-Windows-WinRM/Operational,2910,4,,,,,Enumeration,,
2026-04-05T00:55:16.688105Z,48,dc.danglingtree.htb,Microsoft-Windows-WinRM,Microsoft-Windows-WinRM/Operational,2911,4,,,,,,,
2026-04-05T00:55:16.688268Z,47,dc.danglingtree.htb,Microsoft-Windows-WinRM,Microsoft-Windows-WinRM/Operational,2912,4,,*,,root\microsoft\windows\storage,,EnumerateInstances,
2026-04-05T00:55:16.710035Z,47,dc.danglingtree.htb,Microsoft-Windows-WinRM,Microsoft-Windows-WinRM/Operational,2913,4,,MSFT_PartitionToVolume,,root/microsoft/windows/storage,,GetClass,
2026-04-05T00:55:16.711745Z,48,dc.danglingtree.htb,Microsoft-Windows-WinRM,Microsoft-Windows-WinRM/Operational,2914,4,,,,,,,
2026-04-05T00:55:16.711771Z,132,dc.danglingtree.htb,Microsoft-Windows-WinRM,Microsoft-Windows-WinRM/Operational,2915,4,,,,,Get,,
2026-04-05T00:55:16.712676Z,48,dc.danglingtree.htb,Microsoft-Windows-WinRM,Microsoft-Windows-WinRM/Operational,2916,4,,,,,,,
2026-04-05T00:55:16.712722Z,132,dc.danglingtree.htb,Microsoft-Windows-WinRM,Microsoft-Windows-WinRM/Operational,2917,4,,,,,Enumeration,,
2026-04-05T00:55:16.712805Z,47,dc.danglingtree.htb,Microsoft-Windows-WinRM,Microsoft-Windows-WinRM/Operational,2918,4,,*,,root\microsoft\windows\storage,,EnumerateInstances,
2026-04-05T00:55:16.728762Z,47,dc.danglingtree.htb,Microsoft-Windows-WinRM,Microsoft-Windows-WinRM/Operational,2919,4,,MSFT_StoragePoolToResiliencySetting,,root/microsoft/windows/storage,,GetClass,
2026-04-05T00:55:16.730380Z,48,dc.danglingtree.htb,Microsoft-Windows-WinRM,Microsoft-Windows-WinRM/Operational,2920,4,,,,,,,
2026-04-05T00:55:16.730407Z,132,dc.danglingtree.htb,Microsoft-Windows-WinRM,Microsoft-Windows-WinRM/Operational,2921,4,,,,,Get,,
2026-04-05T00:55:16.731247Z,48,dc.danglingtree.htb,Microsoft-Windows-WinRM,Microsoft-Windows-WinRM/Operational,2922,4,,,,,,,
2026-04-05T00:55:16.731289Z,132,dc.danglingtree.htb,Microsoft-Windows-WinRM,Microsoft-Windows-WinRM/Operational,2923,4,,,,,Enumeration,,
2026-04-05T00:55:16.731396Z,47,dc.danglingtree.htb,Microsoft-Windows-WinRM,Microsoft-Windows-WinRM/Operational,2924,4,,*,,root\microsoft\windows\storage,,EnumerateInstances,
2026-04-05T00:55:16.740659Z,132,dc.danglingtree.htb,Microsoft-Windows-WinRM,Microsoft-Windows-WinRM/Operational,2925,4,,,,,Enumeration,,
2026-04-05T00:55:16.740681Z,48,dc.danglingtree.htb,Microsoft-Windows-WinRM,Microsoft-Windows-WinRM/Operational,2926,4,,,,,,,
2026-04-05T00:55:16.740937Z,47,dc.danglingtree.htb,Microsoft-Windows-WinRM,Microsoft-Windows-WinRM/Operational,2927,4,,*,,root\microsoft\windows\storage,,EnumerateInstances,
2026-04-05T00:55:16.752826Z,132,dc.danglingtree.htb,Microsoft-Windows-WinRM,Microsoft-Windows-WinRM/Operational,2928,4,,,,,Enumeration,,
2026-04-05T00:55:16.752848Z,48,dc.danglingtree.htb,Microsoft-Windows-WinRM,Microsoft-Windows-WinRM/Operational,2929,4,,,,,,,
2026-04-05T00:55:16.753023Z,47,dc.danglingtree.htb,Microsoft-Windows-WinRM,Microsoft-Windows-WinRM/Operational,2930,4,,*,,root\microsoft\windows\storage,,EnumerateInstances,
2026-04-05T00:55:16.761614Z,132,dc.danglingtree.htb,Microsoft-Windows-WinRM,Microsoft-Windows-WinRM/Operational,2931,4,,,,,Enumeration,,
2026-04-05T00:55:16.761635Z,48,dc.danglingtree.htb,Microsoft-Windows-WinRM,Microsoft-Windows-WinRM/Operational,2932,4,,,,,,,
2026-04-05T00:55:16.761810Z,47,dc.danglingtree.htb,Microsoft-Windows-WinRM,Microsoft-Windows-WinRM/Operational,2933,4,,*,,root\microsoft\windows\storage,,EnumerateInstances,
2026-04-05T00:55:16.773372Z,47,dc.danglingtree.htb,Microsoft-Windows-WinRM,Microsoft-Windows-WinRM/Operational,2934,4,,MSFT_StorageNode,,root/microsoft/windows/storage,,GetClass,
2026-04-05T00:55:16.775079Z,48,dc.danglingtree.htb,Microsoft-Windows-WinRM,Microsoft-Windows-WinRM/Operational,2935,4,,,,,,,
2026-04-05T00:55:16.775106Z,132,dc.danglingtree.htb,Microsoft-Windows-WinRM,Microsoft-Windows-WinRM/Operational,2936,4,,,,,Get,,
2026-04-05T00:55:16.775159Z,48,dc.danglingtree.htb,Microsoft-Windows-WinRM,Microsoft-Windows-WinRM/Operational,2937,4,,,,,,,
2026-04-05T00:55:16.775274Z,132,dc.danglingtree.htb,Microsoft-Windows-WinRM,Microsoft-Windows-WinRM/Operational,2938,4,,,,,Enumeration,,
2026-04-05T00:55:16.775358Z,47,dc.danglingtree.htb,Microsoft-Windows-WinRM,Microsoft-Windows-WinRM/Operational,2939,4,,*,,root\microsoft\windows\storage,,EnumerateInstances,
2026-04-05T00:55:16.787320Z,47,dc.danglingtree.htb,Microsoft-Windows-WinRM,Microsoft-Windows-WinRM/Operational,2940,4,,MSFT_StorageNodeToPhysicalDisk,,root/microsoft/windows/storage,,GetClass,
2026-04-05T00:55:16.788724Z,48,dc.danglingtree.htb,Microsoft-Windows-WinRM,Microsoft-Windows-WinRM/Operational,2941,4,,,,,,,
2026-04-05T00:55:16.788748Z,132,dc.danglingtree.htb,Microsoft-Windows-WinRM,Microsoft-Windows-WinRM/Operational,2942,4,,,,,Get,,
2026-04-05T00:55:16.788798Z,48,dc.danglingtree.htb,Microsoft-Windows-WinRM,Microsoft-Windows-WinRM/Operational,2943,4,,,,,,,
2026-04-05T00:55:16.788919Z,132,dc.danglingtree.htb,Microsoft-Windows-WinRM,Microsoft-Windows-WinRM/Operational,2944,4,,,,,Enumeration,,
2026-04-05T00:55:16.789002Z,47,dc.danglingtree.htb,Microsoft-Windows-WinRM,Microsoft-Windows-WinRM/Operational,2945,4,,*,,root\microsoft\windows\storage,,EnumerateInstances,
2026-04-05T00:55:16.797181Z,132,dc.danglingtree.htb,Microsoft-Windows-WinRM,Microsoft-Windows-WinRM/Operational,2946,4,,,,,Enumeration,,
2026-04-05T00:55:16.797202Z,48,dc.danglingtree.htb,Microsoft-Windows-WinRM,Microsoft-Windows-WinRM/Operational,2947,4,,,,,,,
2026-04-05T00:55:16.797385Z,47,dc.danglingtree.htb,Microsoft-Windows-WinRM,Microsoft-Windows-WinRM/Operational,2948,4,,*,,root\microsoft\windows\storage,,EnumerateInstances,
2026-04-05T00:55:16.808874Z,47,dc.danglingtree.htb,Microsoft-Windows-WinRM,Microsoft-Windows-WinRM/Operational,2949,4,,MSFT_StorageNodeToStoragePool,,root/microsoft/windows/storage,,GetClass,
2026-04-05T00:55:16.810434Z,48,dc.danglingtree.htb,Microsoft-Windows-WinRM,Microsoft-Windows-WinRM/Operational,2950,4,,,,,,,
2026-04-05T00:55:16.810474Z,132,dc.danglingtree.htb,Microsoft-Windows-WinRM,Microsoft-Windows-WinRM/Operational,2951,4,,,,,Get,,
2026-04-05T00:55:16.810527Z,48,dc.danglingtree.htb,Microsoft-Windows-WinRM,Microsoft-Windows-WinRM/Operational,2952,4,,,,,,,
2026-04-05T00:55:16.810652Z,132,dc.danglingtree.htb,Microsoft-Windows-WinRM,Microsoft-Windows-WinRM/Operational,2953,4,,,,,Enumeration,,
2026-04-05T00:55:16.810738Z,47,dc.danglingtree.htb,Microsoft-Windows-WinRM,Microsoft-Windows-WinRM/Operational,2954,4,,*,,root\microsoft\windows\storage,,EnumerateInstances,
2026-04-05T00:55:16.819668Z,132,dc.danglingtree.htb,Microsoft-Windows-WinRM,Microsoft-Windows-WinRM/Operational,2955,4,,,,,Enumeration,,
2026-04-05T00:55:16.819690Z,48,dc.danglingtree.htb,Microsoft-Windows-WinRM,Microsoft-Windows-WinRM/Operational,2956,4,,,,,,,
2026-04-05T00:55:16.819944Z,47,dc.danglingtree.htb,Microsoft-Windows-WinRM,Microsoft-Windows-WinRM/Operational,2957,4,,*,,root\microsoft\windows\storage,,EnumerateInstances,
2026-04-05T00:55:16.827889Z,132,dc.danglingtree.htb,Microsoft-Windows-WinRM,Microsoft-Windows-WinRM/Operational,2958,4,,,,,Enumeration,,
2026-04-05T00:55:16.827911Z,48,dc.danglingtree.htb,Microsoft-Windows-WinRM,Microsoft-Windows-WinRM/Operational,2959,4,,,,,,,
2026-04-05T00:55:16.828112Z,47,dc.danglingtree.htb,Microsoft-Windows-WinRM,Microsoft-Windows-WinRM/Operational,2960,4,,*,,root\microsoft\windows\storage,,EnumerateInstances,
2026-04-05T00:55:16.840785Z,47,dc.danglingtree.htb,Microsoft-Windows-WinRM,Microsoft-Windows-WinRM/Operational,2961,4,,MSFT_StorageNodeToDisk,,root/microsoft/windows/storage,,GetClass,
2026-04-05T00:55:16.842149Z,48,dc.danglingtree.htb,Microsoft-Windows-WinRM,Microsoft-Windows-WinRM/Operational,2962,4,,,,,,,
2026-04-05T00:55:16.842184Z,132,dc.danglingtree.htb,Microsoft-Windows-WinRM,Microsoft-Windows-WinRM/Operational,2963,4,,,,,Get,,
2026-04-05T00:55:16.842230Z,48,dc.danglingtree.htb,Microsoft-Windows-WinRM,Microsoft-Windows-WinRM/Operational,2964,4,,,,,,,
2026-04-05T00:55:16.842344Z,132,dc.danglingtree.htb,Microsoft-Windows-WinRM,Microsoft-Windows-WinRM/Operational,2965,4,,,,,Enumeration,,
2026-04-05T00:55:16.842418Z,47,dc.danglingtree.htb,Microsoft-Windows-WinRM,Microsoft-Windows-WinRM/Operational,2966,4,,*,,root\microsoft\windows\storage,,EnumerateInstances,
2026-04-05T00:55:16.860626Z,47,dc.danglingtree.htb,Microsoft-Windows-WinRM,Microsoft-Windows-WinRM/Operational,2967,4,,MSFT_StorageNodeToVolume,,root/microsoft/windows/storage,,GetClass,
2026-04-05T00:55:16.861727Z,48,dc.danglingtree.htb,Microsoft-Windows-WinRM,Microsoft-Windows-WinRM/Operational,2968,4,,,,,,,
2026-04-05T00:55:16.861764Z,132,dc.danglingtree.htb,Microsoft-Windows-WinRM,Microsoft-Windows-WinRM/Operational,2969,4,,,,,Get,,
2026-04-05T00:55:16.863066Z,48,dc.danglingtree.htb,Microsoft-Windows-WinRM,Microsoft-Windows-WinRM/Operational,2970,4,,,,,,,
2026-04-05T00:55:16.863129Z,132,dc.danglingtree.htb,Microsoft-Windows-WinRM,Microsoft-Windows-WinRM/Operational,2971,4,,,,,Enumeration,,
2026-04-05T00:55:16.882827Z,44,dc.danglingtree.htb,Microsoft-Windows-WinRM,Microsoft-Windows-WinRM/Operational,2972,4,,,<local>,,,,
2026-04-05T00:55:16.883206Z,47,dc.danglingtree.htb,Microsoft-Windows-WinRM,Microsoft-Windows-WinRM/Operational,2973,4,,*,,root\microsoft\windows\storage,,EnumerateInstances,
2026-04-05T00:55:16.917919Z,132,dc.danglingtree.htb,Microsoft-Windows-WinRM,Microsoft-Windows-WinRM/Operational,2974,4,,,,,Enumeration,,
2026-04-05T00:55:16.917941Z,48,dc.danglingtree.htb,Microsoft-Windows-WinRM,Microsoft-Windows-WinRM/Operational,2975,4,,,,,,,
2026-04-05T00:55:16.934765Z,45,dc.danglingtree.htb,Microsoft-Windows-WinRM,Microsoft-Windows-WinRM/Operational,2976,4,,,,,,,
2026-04-05T00:55:16.937660Z,45,dc.danglingtree.htb,Microsoft-Windows-WinRM,Microsoft-Windows-WinRM/Operational,2977,4,,,,,,,
2026-04-05T00:57:30.530834Z,44,dc.danglingtree.htb,Microsoft-Windows-WinRM,Microsoft-Windows-WinRM/Operational,2978,4,,,<local>,,,,
2026-04-05T00:57:30.532149Z,47,dc.danglingtree.htb,Microsoft-Windows-WinRM,Microsoft-Windows-WinRM/Operational,2979,4,,MSFT_SmbServerConfiguration,,root\microsoft\windows\smb,,GetConfiguration,
2026-04-05T00:57:30.553115Z,47,dc.danglingtree.htb,Microsoft-Windows-WinRM,Microsoft-Windows-WinRM/Operational,2980,4,,MSFT_SmbServerConfiguration,,root/microsoft/windows/smb,,GetClass,
2026-04-05T00:57:30.561350Z,48,dc.danglingtree.htb,Microsoft-Windows-WinRM,Microsoft-Windows-WinRM/Operational,2981,4,,,,,,,
2026-04-05T00:57:30.561461Z,132,dc.danglingtree.htb,Microsoft-Windows-WinRM,Microsoft-Windows-WinRM/Operational,2982,4,,,,,Get,,
2026-04-05T00:57:30.561641Z,48,dc.danglingtree.htb,Microsoft-Windows-WinRM,Microsoft-Windows-WinRM/Operational,2983,4,,,,,,,
2026-04-05T00:57:30.562034Z,132,dc.danglingtree.htb,Microsoft-Windows-WinRM,Microsoft-Windows-WinRM/Operational,2984,4,,,,,Invoke,,
2026-04-05T00:57:30.564423Z,45,dc.danglingtree.htb,Microsoft-Windows-WinRM,Microsoft-Windows-WinRM/Operational,2985,4,,,,,,,
2026-04-05T00:57:58.781072Z,44,dc.danglingtree.htb,Microsoft-Windows-WinRM,Microsoft-Windows-WinRM/Operational,2986,4,,,<local>,,,,
2026-04-05T00:57:58.782873Z,47,dc.danglingtree.htb,Microsoft-Windows-WinRM,Microsoft-Windows-WinRM/Operational,2987,4,,MSFT_SmbShare,,root\microsoft\windows\smb,,CreateShare,
2026-04-05T00:57:58.783806Z,47,dc.danglingtree.htb,Microsoft-Windows-WinRM,Microsoft-Windows-WinRM/Operational,2988,4,,MSFT_SmbShare,,root/microsoft/windows/smb,,GetClass,
2026-04-05T00:57:58.799609Z,48,dc.danglingtree.htb,Microsoft-Windows-WinRM,Microsoft-Windows-WinRM/Operational,2989,4,,,,,,,
2026-04-05T00:57:58.799639Z,132,dc.danglingtree.htb,Microsoft-Windows-WinRM,Microsoft-Windows-WinRM/Operational,2990,4,,,,,Get,,
2026-04-05T00:57:58.844470Z,48,dc.danglingtree.htb,Microsoft-Windows-WinRM,Microsoft-Windows-WinRM/Operational,2991,4,,,,,,,
2026-04-05T00:57:58.844730Z,132,dc.danglingtree.htb,Microsoft-Windows-WinRM,Microsoft-Windows-WinRM/Operational,2992,4,,,,,Invoke,,
2026-04-05T00:57:58.845529Z,47,dc.danglingtree.htb,Microsoft-Windows-WinRM,Microsoft-Windows-WinRM/Operational,2993,4,,MSFT_SmbShare,,root/microsoft/windows/smb,,ModifyInstance,
2026-04-05T00:57:58.857293Z,48,dc.danglingtree.htb,Microsoft-Windows-WinRM,Microsoft-Windows-WinRM/Operational,2994,4,,,,,,,
2026-04-05T00:57:58.857415Z,132,dc.danglingtree.htb,Microsoft-Windows-WinRM,Microsoft-Windows-WinRM/Operational,2995,4,,,,,Put,,
2026-04-05T00:57:58.858593Z,45,dc.danglingtree.htb,Microsoft-Windows-WinRM,Microsoft-Windows-WinRM/Operational,2996,4,,,,,,,
2026-04-05T01:00:46.160060Z,42,dc.danglingtree.htb,Microsoft-Windows-WinRM,Microsoft-Windows-WinRM/Operational,2997,4,,,,,,,
2026-04-05T01:01:42.762905Z,211,dc.danglingtree.htb,Microsoft-Windows-WinRM,Microsoft-Windows-WinRM/Operational,2998,4,,,,,,,
2026-04-05T01:01:43.324481Z,212,dc.danglingtree.htb,Microsoft-Windows-WinRM,Microsoft-Windows-WinRM/Operational,2999,4,,,,,,,
2026-04-05T01:02:07.909133Z,208,dc.danglingtree.htb,Microsoft-Windows-WinRM,Microsoft-Windows-WinRM/Operational,3000,4,,,,,,,
2026-04-05T01:02:08.105827Z,209,dc.danglingtree.htb,Microsoft-Windows-WinRM,Microsoft-Windows-WinRM/Operational,3001,4,,,,,,,
2026-04-05T01:02:28.367616Z,145,dc.danglingtree.htb,Microsoft-Windows-WinRM,Microsoft-Windows-WinRM/Operational,3002,4,,,,,Enumeration,,http://schemas.microsoft.com/wbem/wsman/1/config/listener
2026-04-05T01:02:28.392784Z,132,dc.danglingtree.htb,Microsoft-Windows-WinRM,Microsoft-Windows-WinRM/Operational,3003,4,,,,,Enumeration,,
2026-04-05T01:02:28.443098Z,145,dc.danglingtree.htb,Microsoft-Windows-WinRM,Microsoft-Windows-WinRM/Operational,3004,4,,,,,Enumeration,,http://schemas.microsoft.com/wbem/wsman/1/windows/shell
2026-04-05T01:02:28.447410Z,132,dc.danglingtree.htb,Microsoft-Windows-WinRM,Microsoft-Windows-WinRM/Operational,3005,4,,,,,Enumeration,,
2026-04-05T01:03:11.852672Z,145,dc.danglingtree.htb,Microsoft-Windows-WinRM,Microsoft-Windows-WinRM/Operational,3006,4,,,,,Enumeration,,http://schemas.microsoft.com/wbem/wsman/1/windows/shell
2026-04-05T01:03:11.858102Z,132,dc.danglingtree.htb,Microsoft-Windows-WinRM,Microsoft-Windows-WinRM/Operational,3007,4,,,,,Enumeration,,
2026-04-05T01:05:41.139329Z,145,dc.danglingtree.htb,Microsoft-Windows-WinRM,Microsoft-Windows-WinRM/Operational,3008,4,,,,,Invoke,,http://schemas.microsoft.com/wbem/wsman/1/config/service
2026-04-05T01:05:41.183588Z,132,dc.danglingtree.htb,Microsoft-Windows-WinRM,Microsoft-Windows-WinRM/Operational,3009,4,,,,,Invoke,,
2026-04-05T01:15:11.623793Z,211,dc.danglingtree.htb,Microsoft-Windows-WinRM,Microsoft-Windows-WinRM/Operational,3010,4,,,,,,,
2026-04-05T01:15:12.167042Z,212,dc.danglingtree.htb,Microsoft-Windows-WinRM,Microsoft-Windows-WinRM/Operational,3011,4,,,,,,,
2026-04-05T01:40:19.064914Z,208,dc.danglingtree.htb,Microsoft-Windows-WinRM,Microsoft-Windows-WinRM/Operational,3012,4,,,,,,,
2026-04-05T01:40:19.234042Z,209,dc.danglingtree.htb,Microsoft-Windows-WinRM,Microsoft-Windows-WinRM/Operational,3013,4,,,,,,,
2026-04-05T01:40:39.576354Z,145,dc.danglingtree.htb,Microsoft-Windows-WinRM,Microsoft-Windows-WinRM/Operational,3014,4,,,,,Enumeration,,http://schemas.microsoft.com/wbem/wsman/1/config/listener
2026-04-05T01:40:39.614235Z,132,dc.danglingtree.htb,Microsoft-Windows-WinRM,Microsoft-Windows-WinRM/Operational,3015,4,,,,,Enumeration,,
2026-04-05T01:40:39.667268Z,145,dc.danglingtree.htb,Microsoft-Windows-WinRM,Microsoft-Windows-WinRM/Operational,3016,4,,,,,Enumeration,,http://schemas.microsoft.com/wbem/wsman/1/windows/shell
2026-04-05T01:40:39.671704Z,132,dc.danglingtree.htb,Microsoft-Windows-WinRM,Microsoft-Windows-WinRM/Operational,3017,4,,,,,Enumeration,,
2026-04-05T01:41:22.810044Z,145,dc.danglingtree.htb,Microsoft-Windows-WinRM,Microsoft-Windows-WinRM/Operational,3018,4,,,,,Enumeration,,http://schemas.microsoft.com/wbem/wsman/1/windows/shell
2026-04-05T01:41:22.814736Z,132,dc.danglingtree.htb,Microsoft-Windows-WinRM,Microsoft-Windows-WinRM/Operational,3019,4,,,,,Enumeration,,
2026-04-05T01:42:32.317120Z,211,dc.danglingtree.htb,Microsoft-Windows-WinRM,Microsoft-Windows-WinRM/Operational,3020,4,,,,,,,
2026-04-05T01:42:32.863499Z,212,dc.danglingtree.htb,Microsoft-Windows-WinRM,Microsoft-Windows-WinRM/Operational,3021,4,,,,,,,
2026-04-05T19:04:08.205038Z,208,dc.danglingtree.htb,Microsoft-Windows-WinRM,Microsoft-Windows-WinRM/Operational,3022,4,,,,,,,
2026-04-05T19:04:08.381584Z,209,dc.danglingtree.htb,Microsoft-Windows-WinRM,Microsoft-Windows-WinRM/Operational,3023,4,,,,,,,
2026-04-05T19:04:28.851482Z,145,dc.danglingtree.htb,Microsoft-Windows-WinRM,Microsoft-Windows-WinRM/Operational,3024,4,,,,,Enumeration,,http://schemas.microsoft.com/wbem/wsman/1/config/listener
2026-04-05T19:04:28.875621Z,132,dc.danglingtree.htb,Microsoft-Windows-WinRM,Microsoft-Windows-WinRM/Operational,3025,4,,,,,Enumeration,,
2026-04-05T19:04:28.930589Z,145,dc.danglingtree.htb,Microsoft-Windows-WinRM,Microsoft-Windows-WinRM/Operational,3026,4,,,,,Enumeration,,http://schemas.microsoft.com/wbem/wsman/1/windows/shell
2026-04-05T19:04:28.934528Z,132,dc.danglingtree.htb,Microsoft-Windows-WinRM,Microsoft-Windows-WinRM/Operational,3027,4,,,,,Enumeration,,
2026-04-05T19:05:14.918960Z,145,dc.danglingtree.htb,Microsoft-Windows-WinRM,Microsoft-Windows-WinRM/Operational,3028,4,,,,,Enumeration,,http://schemas.microsoft.com/wbem/wsman/1/windows/shell
2026-04-05T19:05:14.923687Z,132,dc.danglingtree.htb,Microsoft-Windows-WinRM,Microsoft-Windows-WinRM/Operational,3029,4,,,,,Enumeration,,
2026-04-05T19:10:43.495618Z,211,dc.danglingtree.htb,Microsoft-Windows-WinRM,Microsoft-Windows-WinRM/Operational,3030,4,,,,,,,
2026-04-05T19:10:44.119930Z,212,dc.danglingtree.htb,Microsoft-Windows-WinRM,Microsoft-Windows-WinRM/Operational,3031,4,,,,,,,
2026-04-05T20:05:32.425974Z,208,dc.danglingtree.htb,Microsoft-Windows-WinRM,Microsoft-Windows-WinRM/Operational,3032,4,,,,,,,
2026-04-05T20:05:32.627126Z,209,dc.danglingtree.htb,Microsoft-Windows-WinRM,Microsoft-Windows-WinRM/Operational,3033,4,,,,,,,
2026-04-05T20:05:53.014622Z,145,dc.danglingtree.htb,Microsoft-Windows-WinRM,Microsoft-Windows-WinRM/Operational,3034,4,,,,,Enumeration,,http://schemas.microsoft.com/wbem/wsman/1/config/listener
2026-04-05T20:05:53.044875Z,132,dc.danglingtree.htb,Microsoft-Windows-WinRM,Microsoft-Windows-WinRM/Operational,3035,4,,,,,Enumeration,,
2026-04-05T20:05:53.100577Z,145,dc.danglingtree.htb,Microsoft-Windows-WinRM,Microsoft-Windows-WinRM/Operational,3036,4,,,,,Enumeration,,http://schemas.microsoft.com/wbem/wsman/1/windows/shell
2026-04-05T20:05:53.104735Z,132,dc.danglingtree.htb,Microsoft-Windows-WinRM,Microsoft-Windows-WinRM/Operational,3037,4,,,,,Enumeration,,
2026-04-05T20:06:37.190280Z,145,dc.danglingtree.htb,Microsoft-Windows-WinRM,Microsoft-Windows-WinRM/Operational,3038,4,,,,,Enumeration,,http://schemas.microsoft.com/wbem/wsman/1/windows/shell
2026-04-05T20:06:37.195202Z,132,dc.danglingtree.htb,Microsoft-Windows-WinRM,Microsoft-Windows-WinRM/Operational,3039,4,,,,,Enumeration,,
2026-04-05T20:08:21.035791Z,211,dc.danglingtree.htb,Microsoft-Windows-WinRM,Microsoft-Windows-WinRM/Operational,3040,4,,,,,,,
2026-04-05T20:08:21.596810Z,212,dc.danglingtree.htb,Microsoft-Windows-WinRM,Microsoft-Windows-WinRM/Operational,3041,4,,,,,,,
2026-06-03T19:37:59.104835Z,208,dc.danglingtree.htb,Microsoft-Windows-WinRM,Microsoft-Windows-WinRM/Operational,3042,4,,,,,,,
2026-06-03T19:38:00.996396Z,209,dc.danglingtree.htb,Microsoft-Windows-WinRM,Microsoft-Windows-WinRM/Operational,3043,4,,,,,,,
2026-06-03T19:38:29.422082Z,145,dc.danglingtree.htb,Microsoft-Windows-WinRM,Microsoft-Windows-WinRM/Operational,3044,4,,,,,Enumeration,,http://schemas.microsoft.com/wbem/wsman/1/config/listener
2026-06-03T19:38:30.437332Z,132,dc.danglingtree.htb,Microsoft-Windows-WinRM,Microsoft-Windows-WinRM/Operational,3045,4,,,,,Enumeration,,
2026-06-03T19:38:33.649608Z,145,dc.danglingtree.htb,Microsoft-Windows-WinRM,Microsoft-Windows-WinRM/Operational,3046,4,,,,,Enumeration,,http://schemas.microsoft.com/wbem/wsman/1/windows/shell
2026-06-03T19:38:33.667292Z,132,dc.danglingtree.htb,Microsoft-Windows-WinRM,Microsoft-Windows-WinRM/Operational,3047,4,,,,,Enumeration,,
2026-06-03T19:39:15.611345Z,211,dc.danglingtree.htb,Microsoft-Windows-WinRM,Microsoft-Windows-WinRM/Operational,3048,4,,,,,,,
2026-06-03T19:39:16.170260Z,212,dc.danglingtree.htb,Microsoft-Windows-WinRM,Microsoft-Windows-WinRM/Operational,3049,4,,,,,,,
2026-06-03T19:45:17.159104Z,208,dc.danglingtree.htb,Microsoft-Windows-WinRM,Microsoft-Windows-WinRM/Operational,3050,4,,,,,,,
2026-06-03T19:45:18.165228Z,209,dc.danglingtree.htb,Microsoft-Windows-WinRM,Microsoft-Windows-WinRM/Operational,3051,4,,,,,,,
2026-06-03T19:45:43.091460Z,145,dc.danglingtree.htb,Microsoft-Windows-WinRM,Microsoft-Windows-WinRM/Operational,3052,4,,,,,Enumeration,,http://schemas.microsoft.com/wbem/wsman/1/config/listener
2026-06-03T19:45:43.376998Z,132,dc.danglingtree.htb,Microsoft-Windows-WinRM,Microsoft-Windows-WinRM/Operational,3053,4,,,,,Enumeration,,
2026-06-03T19:45:44.400984Z,145,dc.danglingtree.htb,Microsoft-Windows-WinRM,Microsoft-Windows-WinRM/Operational,3054,4,,,,,Enumeration,,http://schemas.microsoft.com/wbem/wsman/1/windows/shell
2026-06-03T19:45:44.559292Z,132,dc.danglingtree.htb,Microsoft-Windows-WinRM,Microsoft-Windows-WinRM/Operational,3055,4,,,,,Enumeration,,
2026-06-03T19:46:45.633650Z,211,dc.danglingtree.htb,Microsoft-Windows-WinRM,Microsoft-Windows-WinRM/Operational,3056,4,,,,,,,
2026-06-03T19:46:46.340479Z,212,dc.danglingtree.htb,Microsoft-Windows-WinRM,Microsoft-Windows-WinRM/Operational,3057,4,,,,,,,
2026-06-03T20:14:30.658849Z,208,dc.danglingtree.htb,Microsoft-Windows-WinRM,Microsoft-Windows-WinRM/Operational,3058,4,,,,,,,
2026-06-03T20:14:32.083425Z,209,dc.danglingtree.htb,Microsoft-Windows-WinRM,Microsoft-Windows-WinRM/Operational,3059,4,,,,,,,
2026-06-03T20:14:56.003728Z,145,dc.danglingtree.htb,Microsoft-Windows-WinRM,Microsoft-Windows-WinRM/Operational,3060,4,,,,,Enumeration,,http://schemas.microsoft.com/wbem/wsman/1/config/listener
2026-06-03T20:14:57.274141Z,132,dc.danglingtree.htb,Microsoft-Windows-WinRM,Microsoft-Windows-WinRM/Operational,3061,4,,,,,Enumeration,,
2026-06-03T20:15:00.578218Z,145,dc.danglingtree.htb,Microsoft-Windows-WinRM,Microsoft-Windows-WinRM/Operational,3062,4,,,,,Enumeration,,http://schemas.microsoft.com/wbem/wsman/1/windows/shell
2026-06-03T20:15:01.511430Z,132,dc.danglingtree.htb,Microsoft-Windows-WinRM,Microsoft-Windows-WinRM/Operational,3063,4,,,,,Enumeration,,
2026-06-03T20:17:40.458740Z,145,dc.danglingtree.htb,Microsoft-Windows-WinRM,Microsoft-Windows-WinRM/Operational,3064,4,,,,,Enumeration,,http://schemas.microsoft.com/wbem/wsman/1/windows/shell
2026-06-03T20:17:40.472151Z,132,dc.danglingtree.htb,Microsoft-Windows-WinRM,Microsoft-Windows-WinRM/Operational,3065,4,,,,,Enumeration,,
2026-06-03T20:28:01.850164Z,211,dc.danglingtree.htb,Microsoft-Windows-WinRM,Microsoft-Windows-WinRM/Operational,3066,4,,,,,,,
2026-06-03T20:28:02.839699Z,212,dc.danglingtree.htb,Microsoft-Windows-WinRM,Microsoft-Windows-WinRM/Operational,3067,4,,,,,,,
2026-06-03T20:28:39.661770Z,208,dc.danglingtree.htb,Microsoft-Windows-WinRM,Microsoft-Windows-WinRM/Operational,3068,4,,,,,,,
2026-06-03T20:28:40.826842Z,209,dc.danglingtree.htb,Microsoft-Windows-WinRM,Microsoft-Windows-WinRM/Operational,3069,4,,,,,,,
2026-06-03T20:29:09.867157Z,145,dc.danglingtree.htb,Microsoft-Windows-WinRM,Microsoft-Windows-WinRM/Operational,3070,4,,,,,Enumeration,,http://schemas.microsoft.com/wbem/wsman/1/config/listener
2026-06-03T20:29:11.744378Z,132,dc.danglingtree.htb,Microsoft-Windows-WinRM,Microsoft-Windows-WinRM/Operational,3071,4,,,,,Enumeration,,
2026-06-03T20:29:14.062962Z,145,dc.danglingtree.htb,Microsoft-Windows-WinRM,Microsoft-Windows-WinRM/Operational,3072,4,,,,,Enumeration,,http://schemas.microsoft.com/wbem/wsman/1/windows/shell
2026-06-03T20:29:14.599865Z,132,dc.danglingtree.htb,Microsoft-Windows-WinRM,Microsoft-Windows-WinRM/Operational,3073,4,,,,,Enumeration,,
2026-06-03T20:31:52.880359Z,211,dc.danglingtree.htb,Microsoft-Windows-WinRM,Microsoft-Windows-WinRM/Operational,3074,4,,,,,,,
2026-06-03T20:31:53.546575Z,212,dc.danglingtree.htb,Microsoft-Windows-WinRM,Microsoft-Windows-WinRM/Operational,3075,4,,,,,,,
2026-06-03T20:32:49.186361Z,208,dc.danglingtree.htb,Microsoft-Windows-WinRM,Microsoft-Windows-WinRM/Operational,3076,4,,,,,,,
2026-06-03T20:32:49.966478Z,209,dc.danglingtree.htb,Microsoft-Windows-WinRM,Microsoft-Windows-WinRM/Operational,3077,4,,,,,,,
2026-06-03T20:33:19.791481Z,145,dc.danglingtree.htb,Microsoft-Windows-WinRM,Microsoft-Windows-WinRM/Operational,3078,4,,,,,Enumeration,,http://schemas.microsoft.com/wbem/wsman/1/config/listener
2026-06-03T20:33:21.502245Z,132,dc.danglingtree.htb,Microsoft-Windows-WinRM,Microsoft-Windows-WinRM/Operational,3079,4,,,,,Enumeration,,
2026-06-03T20:33:24.547163Z,145,dc.danglingtree.htb,Microsoft-Windows-WinRM,Microsoft-Windows-WinRM/Operational,3080,4,,,,,Enumeration,,http://schemas.microsoft.com/wbem/wsman/1/windows/shell
2026-06-03T20:33:25.358069Z,132,dc.danglingtree.htb,Microsoft-Windows-WinRM,Microsoft-Windows-WinRM/Operational,3081,4,,,,,Enumeration,,
2026-06-03T20:36:16.387758Z,145,dc.danglingtree.htb,Microsoft-Windows-WinRM,Microsoft-Windows-WinRM/Operational,3082,4,,,,,Enumeration,,http://schemas.microsoft.com/wbem/wsman/1/windows/shell
2026-06-03T20:36:16.400433Z,132,dc.danglingtree.htb,Microsoft-Windows-WinRM,Microsoft-Windows-WinRM/Operational,3083,4,,,,,Enumeration,,
2026-06-03T20:49:16.020954Z,211,dc.danglingtree.htb,Microsoft-Windows-WinRM,Microsoft-Windows-WinRM/Operational,3084,4,,,,,,,
2026-06-03T20:49:16.759530Z,212,dc.danglingtree.htb,Microsoft-Windows-WinRM,Microsoft-Windows-WinRM/Operational,3085,4,,,,,,,
2026-06-05T23:37:56.091182Z,208,dc.danglingtree.htb,Microsoft-Windows-WinRM,Microsoft-Windows-WinRM/Operational,3086,4,,,,,,,
2026-06-05T23:37:56.873479Z,209,dc.danglingtree.htb,Microsoft-Windows-WinRM,Microsoft-Windows-WinRM/Operational,3087,4,,,,,,,
2026-06-05T23:38:23.454518Z,145,dc.danglingtree.htb,Microsoft-Windows-WinRM,Microsoft-Windows-WinRM/Operational,3088,4,,,,,Enumeration,,http://schemas.microsoft.com/wbem/wsman/1/config/listener
2026-06-05T23:38:23.530679Z,132,dc.danglingtree.htb,Microsoft-Windows-WinRM,Microsoft-Windows-WinRM/Operational,3089,4,,,,,Enumeration,,
2026-06-05T23:38:24.179329Z,145,dc.danglingtree.htb,Microsoft-Windows-WinRM,Microsoft-Windows-WinRM/Operational,3090,4,,,,,Enumeration,,http://schemas.microsoft.com/wbem/wsman/1/windows/shell
2026-06-05T23:38:24.189745Z,132,dc.danglingtree.htb,Microsoft-Windows-WinRM,Microsoft-Windows-WinRM/Operational,3091,4,,,,,Enumeration,,
2026-06-05T23:42:35.616248Z,145,dc.danglingtree.htb,Microsoft-Windows-WinRM,Microsoft-Windows-WinRM/Operational,3092,4,,,,,Enumeration,,http://schemas.microsoft.com/wbem/wsman/1/windows/shell
2026-06-05T23:42:35.628438Z,132,dc.danglingtree.htb,Microsoft-Windows-WinRM,Microsoft-Windows-WinRM/Operational,3093,4,,,,,Enumeration,,
2026-06-05T23:55:06.503936Z,211,dc.danglingtree.htb,Microsoft-Windows-WinRM,Microsoft-Windows-WinRM/Operational,3094,4,,,,,,,
2026-06-05T23:55:06.682847Z,212,dc.danglingtree.htb,Microsoft-Windows-WinRM,Microsoft-Windows-WinRM/Operational,3095,4,,,,,,,
2026-06-05T23:57:16.469619Z,208,dc.danglingtree.htb,Microsoft-Windows-WinRM,Microsoft-Windows-WinRM/Operational,3096,4,,,,,,,
2026-06-05T23:57:17.926408Z,209,dc.danglingtree.htb,Microsoft-Windows-WinRM,Microsoft-Windows-WinRM/Operational,3097,4,,,,,,,
2026-06-05T23:57:40.782842Z,145,dc.danglingtree.htb,Microsoft-Windows-WinRM,Microsoft-Windows-WinRM/Operational,3098,4,,,,,Enumeration,,http://schemas.microsoft.com/wbem/wsman/1/config/listener
2026-06-05T23:57:40.983097Z,132,dc.danglingtree.htb,Microsoft-Windows-WinRM,Microsoft-Windows-WinRM/Operational,3099,4,,,,,Enumeration,,
2026-06-05T23:57:46.697517Z,145,dc.danglingtree.htb,Microsoft-Windows-WinRM,Microsoft-Windows-WinRM/Operational,3100,4,,,,,Enumeration,,http://schemas.microsoft.com/wbem/wsman/1/windows/shell
2026-06-05T23:57:46.707213Z,132,dc.danglingtree.htb,Microsoft-Windows-WinRM,Microsoft-Windows-WinRM/Operational,3101,4,,,,,Enumeration,,
2026-06-05T23:59:40.429394Z,145,dc.danglingtree.htb,Microsoft-Windows-WinRM,Microsoft-Windows-WinRM/Operational,3102,4,,,,,Enumeration,,http://schemas.microsoft.com/wbem/wsman/1/windows/shell
2026-06-05T23:59:40.443381Z,132,dc.danglingtree.htb,Microsoft-Windows-WinRM,Microsoft-Windows-WinRM/Operational,3103,4,,,,,Enumeration,,
2026-06-06T00:03:32.773557Z,145,dc.danglingtree.htb,Microsoft-Windows-WinRM,Microsoft-Windows-WinRM/Operational,3104,4,,,,,Enumeration,,http://schemas.microsoft.com/wbem/wsman/1/config/listener
2026-06-06T00:03:32.819553Z,132,dc.danglingtree.htb,Microsoft-Windows-WinRM,Microsoft-Windows-WinRM/Operational,3105,4,,,,,Enumeration,,
2026-06-06T00:03:32.897474Z,145,dc.danglingtree.htb,Microsoft-Windows-WinRM,Microsoft-Windows-WinRM/Operational,3106,4,,,,,Enumeration,,http://schemas.microsoft.com/wbem/wsman/1/windows/shell
2026-06-06T00:03:32.907161Z,132,dc.danglingtree.htb,Microsoft-Windows-WinRM,Microsoft-Windows-WinRM/Operational,3107,4,,,,,Enumeration,,
2026-06-06T00:13:54.718978Z,145,dc.danglingtree.htb,Microsoft-Windows-WinRM,Microsoft-Windows-WinRM/Operational,3108,4,,,,,Enumeration,,http://schemas.microsoft.com/wbem/wsman/1/config/listener
2026-06-06T00:13:54.759055Z,132,dc.danglingtree.htb,Microsoft-Windows-WinRM,Microsoft-Windows-WinRM/Operational,3109,4,,,,,Enumeration,,
2026-06-06T00:13:54.837360Z,145,dc.danglingtree.htb,Microsoft-Windows-WinRM,Microsoft-Windows-WinRM/Operational,3110,4,,,,,Enumeration,,http://schemas.microsoft.com/wbem/wsman/1/windows/shell
2026-06-06T00:13:54.847973Z,132,dc.danglingtree.htb,Microsoft-Windows-WinRM,Microsoft-Windows-WinRM/Operational,3111,4,,,,,Enumeration,,
2026-06-06T00:34:48.498180Z,145,dc.danglingtree.htb,Microsoft-Windows-WinRM,Microsoft-Windows-WinRM/Operational,3112,4,,,,,Enumeration,,http://schemas.microsoft.com/wbem/wsman/1/config/listener
2026-06-06T00:34:48.553393Z,132,dc.danglingtree.htb,Microsoft-Windows-WinRM,Microsoft-Windows-WinRM/Operational,3113,4,,,,,Enumeration,,
2026-06-06T00:34:48.644329Z,145,dc.danglingtree.htb,Microsoft-Windows-WinRM,Microsoft-Windows-WinRM/Operational,3114,4,,,,,Enumeration,,http://schemas.microsoft.com/wbem/wsman/1/windows/shell
2026-06-06T00:34:48.653064Z,132,dc.danglingtree.htb,Microsoft-Windows-WinRM,Microsoft-Windows-WinRM/Operational,3115,4,,,,,Enumeration,,
2026-06-06T00:54:51.167031Z,145,dc.danglingtree.htb,Microsoft-Windows-WinRM,Microsoft-Windows-WinRM/Operational,3116,4,,,,,Enumeration,,http://schemas.microsoft.com/wbem/wsman/1/config/listener
2026-06-06T00:54:51.211809Z,132,dc.danglingtree.htb,Microsoft-Windows-WinRM,Microsoft-Windows-WinRM/Operational,3117,4,,,,,Enumeration,,
2026-06-06T00:54:51.288020Z,145,dc.danglingtree.htb,Microsoft-Windows-WinRM,Microsoft-Windows-WinRM/Operational,3118,4,,,,,Enumeration,,http://schemas.microsoft.com/wbem/wsman/1/windows/shell
2026-06-06T00:54:51.297031Z,132,dc.danglingtree.htb,Microsoft-Windows-WinRM,Microsoft-Windows-WinRM/Operational,3119,4,,,,,Enumeration,,
2026-06-06T01:14:54.729096Z,145,dc.danglingtree.htb,Microsoft-Windows-WinRM,Microsoft-Windows-WinRM/Operational,3120,4,,,,,Enumeration,,http://schemas.microsoft.com/wbem/wsman/1/config/listener
2026-06-06T01:14:54.772044Z,132,dc.danglingtree.htb,Microsoft-Windows-WinRM,Microsoft-Windows-WinRM/Operational,3121,4,,,,,Enumeration,,
2026-06-06T01:14:54.846091Z,145,dc.danglingtree.htb,Microsoft-Windows-WinRM,Microsoft-Windows-WinRM/Operational,3122,4,,,,,Enumeration,,http://schemas.microsoft.com/wbem/wsman/1/windows/shell
2026-06-06T01:14:54.857637Z,132,dc.danglingtree.htb,Microsoft-Windows-WinRM,Microsoft-Windows-WinRM/Operational,3123,4,,,,,Enumeration,,
2026-06-06T01:35:09.801428Z,145,dc.danglingtree.htb,Microsoft-Windows-WinRM,Microsoft-Windows-WinRM/Operational,3124,4,,,,,Enumeration,,http://schemas.microsoft.com/wbem/wsman/1/config/listener
2026-06-06T01:35:09.984497Z,132,dc.danglingtree.htb,Microsoft-Windows-WinRM,Microsoft-Windows-WinRM/Operational,3125,4,,,,,Enumeration,,
2026-06-06T01:35:10.493550Z,145,dc.danglingtree.htb,Microsoft-Windows-WinRM,Microsoft-Windows-WinRM/Operational,3126,4,,,,,Enumeration,,http://schemas.microsoft.com/wbem/wsman/1/windows/shell
2026-06-06T01:35:10.595949Z,132,dc.danglingtree.htb,Microsoft-Windows-WinRM,Microsoft-Windows-WinRM/Operational,3127,4,,,,,Enumeration,,
2026-06-06T01:55:16.237562Z,145,dc.danglingtree.htb,Microsoft-Windows-WinRM,Microsoft-Windows-WinRM/Operational,3128,4,,,,,Enumeration,,http://schemas.microsoft.com/wbem/wsman/1/config/listener
2026-06-06T01:55:16.835523Z,132,dc.danglingtree.htb,Microsoft-Windows-WinRM,Microsoft-Windows-WinRM/Operational,3129,4,,,,,Enumeration,,
2026-06-06T01:55:17.656670Z,145,dc.danglingtree.htb,Microsoft-Windows-WinRM,Microsoft-Windows-WinRM/Operational,3130,4,,,,,Enumeration,,http://schemas.microsoft.com/wbem/wsman/1/windows/shell
2026-06-06T01:55:17.667156Z,132,dc.danglingtree.htb,Microsoft-Windows-WinRM,Microsoft-Windows-WinRM/Operational,3131,4,,,,,Enumeration,,
2026-06-06T02:15:20.773559Z,145,dc.danglingtree.htb,Microsoft-Windows-WinRM,Microsoft-Windows-WinRM/Operational,3132,4,,,,,Enumeration,,http://schemas.microsoft.com/wbem/wsman/1/config/listener
2026-06-06T02:15:21.021046Z,132,dc.danglingtree.htb,Microsoft-Windows-WinRM,Microsoft-Windows-WinRM/Operational,3133,4,,,,,Enumeration,,
2026-06-06T02:15:21.444402Z,145,dc.danglingtree.htb,Microsoft-Windows-WinRM,Microsoft-Windows-WinRM/Operational,3134,4,,,,,Enumeration,,http://schemas.microsoft.com/wbem/wsman/1/windows/shell
2026-06-06T02:15:21.453706Z,132,dc.danglingtree.htb,Microsoft-Windows-WinRM,Microsoft-Windows-WinRM/Operational,3135,4,,,,,Enumeration,,
2026-06-06T02:35:23.582823Z,145,dc.danglingtree.htb,Microsoft-Windows-WinRM,Microsoft-Windows-WinRM/Operational,3136,4,,,,,Enumeration,,http://schemas.microsoft.com/wbem/wsman/1/config/listener
2026-06-06T02:35:23.904946Z,132,dc.danglingtree.htb,Microsoft-Windows-WinRM,Microsoft-Windows-WinRM/Operational,3137,4,,,,,Enumeration,,
2026-06-06T02:35:24.179838Z,145,dc.danglingtree.htb,Microsoft-Windows-WinRM,Microsoft-Windows-WinRM/Operational,3138,4,,,,,Enumeration,,http://schemas.microsoft.com/wbem/wsman/1/windows/shell
2026-06-06T02:35:24.189348Z,132,dc.danglingtree.htb,Microsoft-Windows-WinRM,Microsoft-Windows-WinRM/Operational,3139,4,,,,,Enumeration,,
2026-06-06T02:55:25.589064Z,145,dc.danglingtree.htb,Microsoft-Windows-WinRM,Microsoft-Windows-WinRM/Operational,3140,4,,,,,Enumeration,,http://schemas.microsoft.com/wbem/wsman/1/config/listener
2026-06-06T02:55:25.651350Z,132,dc.danglingtree.htb,Microsoft-Windows-WinRM,Microsoft-Windows-WinRM/Operational,3141,4,,,,,Enumeration,,
2026-06-06T02:55:25.776726Z,145,dc.danglingtree.htb,Microsoft-Windows-WinRM,Microsoft-Windows-WinRM/Operational,3142,4,,,,,Enumeration,,http://schemas.microsoft.com/wbem/wsman/1/windows/shell
2026-06-06T02:55:25.786470Z,132,dc.danglingtree.htb,Microsoft-Windows-WinRM,Microsoft-Windows-WinRM/Operational,3143,4,,,,,Enumeration,,
2026-06-06T03:15:27.985801Z,145,dc.danglingtree.htb,Microsoft-Windows-WinRM,Microsoft-Windows-WinRM/Operational,3144,4,,,,,Enumeration,,http://schemas.microsoft.com/wbem/wsman/1/config/listener
2026-06-06T03:15:28.032633Z,132,dc.danglingtree.htb,Microsoft-Windows-WinRM,Microsoft-Windows-WinRM/Operational,3145,4,,,,,Enumeration,,
2026-06-06T03:15:28.106503Z,145,dc.danglingtree.htb,Microsoft-Windows-WinRM,Microsoft-Windows-WinRM/Operational,3146,4,,,,,Enumeration,,http://schemas.microsoft.com/wbem/wsman/1/windows/shell
2026-06-06T03:15:28.114986Z,132,dc.danglingtree.htb,Microsoft-Windows-WinRM,Microsoft-Windows-WinRM/Operational,3147,4,,,,,Enumeration,,
2026-06-06T03:35:30.464128Z,145,dc.danglingtree.htb,Microsoft-Windows-WinRM,Microsoft-Windows-WinRM/Operational,3148,4,,,,,Enumeration,,http://schemas.microsoft.com/wbem/wsman/1/config/listener
2026-06-06T03:35:30.511228Z,132,dc.danglingtree.htb,Microsoft-Windows-WinRM,Microsoft-Windows-WinRM/Operational,3149,4,,,,,Enumeration,,
2026-06-06T03:35:30.584845Z,145,dc.danglingtree.htb,Microsoft-Windows-WinRM,Microsoft-Windows-WinRM/Operational,3150,4,,,,,Enumeration,,http://schemas.microsoft.com/wbem/wsman/1/windows/shell
2026-06-06T03:35:30.593839Z,132,dc.danglingtree.htb,Microsoft-Windows-WinRM,Microsoft-Windows-WinRM/Operational,3151,4,,,,,Enumeration,,
2026-06-06T03:56:13.648026Z,211,dc.danglingtree.htb,Microsoft-Windows-WinRM,Microsoft-Windows-WinRM/Operational,3152,4,,,,,,,
2026-06-06T03:56:14.457298Z,212,dc.danglingtree.htb,Microsoft-Windows-WinRM,Microsoft-Windows-WinRM/Operational,3153,4,,,,,,,
2026-06-06T03:57:07.256144Z,208,dc.danglingtree.htb,Microsoft-Windows-WinRM,Microsoft-Windows-WinRM/Operational,3154,4,,,,,,,
2026-06-06T03:57:10.489007Z,209,dc.danglingtree.htb,Microsoft-Windows-WinRM,Microsoft-Windows-WinRM/Operational,3155,4,,,,,,,
2026-06-06T03:57:35.984218Z,145,dc.danglingtree.htb,Microsoft-Windows-WinRM,Microsoft-Windows-WinRM/Operational,3156,4,,,,,Enumeration,,http://schemas.microsoft.com/wbem/wsman/1/config/listener
2026-06-06T03:57:37.877536Z,132,dc.danglingtree.htb,Microsoft-Windows-WinRM,Microsoft-Windows-WinRM/Operational,3157,4,,,,,Enumeration,,
2026-06-06T03:57:41.590087Z,145,dc.danglingtree.htb,Microsoft-Windows-WinRM,Microsoft-Windows-WinRM/Operational,3158,4,,,,,Enumeration,,http://schemas.microsoft.com/wbem/wsman/1/windows/shell
2026-06-06T03:57:42.330908Z,132,dc.danglingtree.htb,Microsoft-Windows-WinRM,Microsoft-Windows-WinRM/Operational,3159,4,,,,,Enumeration,,
2026-06-06T04:03:06.927331Z,211,dc.danglingtree.htb,Microsoft-Windows-WinRM,Microsoft-Windows-WinRM/Operational,3160,4,,,,,,,
2026-06-06T04:03:07.991370Z,212,dc.danglingtree.htb,Microsoft-Windows-WinRM,Microsoft-Windows-WinRM/Operational,3161,4,,,,,,,
2026-06-06T04:03:49.933915Z,208,dc.danglingtree.htb,Microsoft-Windows-WinRM,Microsoft-Windows-WinRM/Operational,3162,4,,,,,,,
2026-06-06T04:03:52.589726Z,209,dc.danglingtree.htb,Microsoft-Windows-WinRM,Microsoft-Windows-WinRM/Operational,3163,4,,,,,,,
2026-06-06T04:04:17.952059Z,145,dc.danglingtree.htb,Microsoft-Windows-WinRM,Microsoft-Windows-WinRM/Operational,3164,4,,,,,Enumeration,,http://schemas.microsoft.com/wbem/wsman/1/config/listener
2026-06-06T04:04:18.959053Z,132,dc.danglingtree.htb,Microsoft-Windows-WinRM,Microsoft-Windows-WinRM/Operational,3165,4,,,,,Enumeration,,
2026-06-06T04:04:20.819335Z,145,dc.danglingtree.htb,Microsoft-Windows-WinRM,Microsoft-Windows-WinRM/Operational,3166,4,,,,,Enumeration,,http://schemas.microsoft.com/wbem/wsman/1/windows/shell
2026-06-06T04:04:21.320785Z,132,dc.danglingtree.htb,Microsoft-Windows-WinRM,Microsoft-Windows-WinRM/Operational,3167,4,,,,,Enumeration,,
2026-06-06T04:08:10.377018Z,145,dc.danglingtree.htb,Microsoft-Windows-WinRM,Microsoft-Windows-WinRM/Operational,3168,4,,,,,Enumeration,,http://schemas.microsoft.com/wbem/wsman/1/windows/shell
2026-06-06T04:08:10.390773Z,132,dc.danglingtree.htb,Microsoft-Windows-WinRM,Microsoft-Windows-WinRM/Operational,3169,4,,,,,Enumeration,,
2026-06-06T04:23:18.010900Z,145,dc.danglingtree.htb,Microsoft-Windows-WinRM,Microsoft-Windows-WinRM/Operational,3170,4,,,,,Enumeration,,http://schemas.microsoft.com/wbem/wsman/1/config/listener
2026-06-06T04:23:18.050733Z,132,dc.danglingtree.htb,Microsoft-Windows-WinRM,Microsoft-Windows-WinRM/Operational,3171,4,,,,,Enumeration,,
2026-06-06T04:23:18.115099Z,145,dc.danglingtree.htb,Microsoft-Windows-WinRM,Microsoft-Windows-WinRM/Operational,3172,4,,,,,Enumeration,,http://schemas.microsoft.com/wbem/wsman/1/windows/shell
2026-06-06T04:23:18.123099Z,132,dc.danglingtree.htb,Microsoft-Windows-WinRM,Microsoft-Windows-WinRM/Operational,3173,4,,,,,Enumeration,,
2026-06-06T04:43:23.225660Z,145,dc.danglingtree.htb,Microsoft-Windows-WinRM,Microsoft-Windows-WinRM/Operational,3174,4,,,,,Enumeration,,http://schemas.microsoft.com/wbem/wsman/1/config/listener
2026-06-06T04:43:23.267012Z,132,dc.danglingtree.htb,Microsoft-Windows-WinRM,Microsoft-Windows-WinRM/Operational,3175,4,,,,,Enumeration,,
2026-06-06T04:43:23.431562Z,145,dc.danglingtree.htb,Microsoft-Windows-WinRM,Microsoft-Windows-WinRM/Operational,3176,4,,,,,Enumeration,,http://schemas.microsoft.com/wbem/wsman/1/windows/shell
2026-06-06T04:43:23.439510Z,132,dc.danglingtree.htb,Microsoft-Windows-WinRM,Microsoft-Windows-WinRM/Operational,3177,4,,,,,Enumeration,,
2026-06-06T05:03:26.669366Z,145,dc.danglingtree.htb,Microsoft-Windows-WinRM,Microsoft-Windows-WinRM/Operational,3178,4,,,,,Enumeration,,http://schemas.microsoft.com/wbem/wsman/1/config/listener
2026-06-06T05:03:26.712877Z,132,dc.danglingtree.htb,Microsoft-Windows-WinRM,Microsoft-Windows-WinRM/Operational,3179,4,,,,,Enumeration,,
2026-06-06T05:03:26.778712Z,145,dc.danglingtree.htb,Microsoft-Windows-WinRM,Microsoft-Windows-WinRM/Operational,3180,4,,,,,Enumeration,,http://schemas.microsoft.com/wbem/wsman/1/windows/shell
2026-06-06T05:03:26.790464Z,132,dc.danglingtree.htb,Microsoft-Windows-WinRM,Microsoft-Windows-WinRM/Operational,3181,4,,,,,Enumeration,,
2026-06-06T05:23:32.280707Z,145,dc.danglingtree.htb,Microsoft-Windows-WinRM,Microsoft-Windows-WinRM/Operational,3182,4,,,,,Enumeration,,http://schemas.microsoft.com/wbem/wsman/1/config/listener
2026-06-06T05:23:32.325647Z,132,dc.danglingtree.htb,Microsoft-Windows-WinRM,Microsoft-Windows-WinRM/Operational,3183,4,,,,,Enumeration,,
2026-06-06T05:23:32.396214Z,145,dc.danglingtree.htb,Microsoft-Windows-WinRM,Microsoft-Windows-WinRM/Operational,3184,4,,,,,Enumeration,,http://schemas.microsoft.com/wbem/wsman/1/windows/shell
2026-06-06T05:23:32.406655Z,132,dc.danglingtree.htb,Microsoft-Windows-WinRM,Microsoft-Windows-WinRM/Operational,3185,4,,,,,Enumeration,,
2026-06-06T05:39:39.075037Z,211,dc.danglingtree.htb,Microsoft-Windows-WinRM,Microsoft-Windows-WinRM/Operational,3186,4,,,,,,,
2026-06-06T05:39:39.792680Z,212,dc.danglingtree.htb,Microsoft-Windows-WinRM,Microsoft-Windows-WinRM/Operational,3187,4,,,,,,,
2026-06-08T16:26:43.678272Z,208,dc.danglingtree.htb,Microsoft-Windows-WinRM,Microsoft-Windows-WinRM/Operational,3188,4,,,,,,,
2026-06-08T16:26:44.852448Z,209,dc.danglingtree.htb,Microsoft-Windows-WinRM,Microsoft-Windows-WinRM/Operational,3189,4,,,,,,,
2026-06-08T16:27:09.105172Z,145,dc.danglingtree.htb,Microsoft-Windows-WinRM,Microsoft-Windows-WinRM/Operational,3190,4,,,,,Enumeration,,http://schemas.microsoft.com/wbem/wsman/1/config/listener
2026-06-08T16:27:11.588588Z,132,dc.danglingtree.htb,Microsoft-Windows-WinRM,Microsoft-Windows-WinRM/Operational,3191,4,,,,,Enumeration,,
2026-06-08T16:27:15.667418Z,145,dc.danglingtree.htb,Microsoft-Windows-WinRM,Microsoft-Windows-WinRM/Operational,3192,4,,,,,Enumeration,,http://schemas.microsoft.com/wbem/wsman/1/windows/shell
2026-06-08T16:27:16.768171Z,132,dc.danglingtree.htb,Microsoft-Windows-WinRM,Microsoft-Windows-WinRM/Operational,3193,4,,,,,Enumeration,,
2026-06-08T16:29:19.276320Z,145,dc.danglingtree.htb,Microsoft-Windows-WinRM,Microsoft-Windows-WinRM/Operational,3194,4,,,,,Enumeration,,http://schemas.microsoft.com/wbem/wsman/1/windows/shell
2026-06-08T16:29:19.287839Z,132,dc.danglingtree.htb,Microsoft-Windows-WinRM,Microsoft-Windows-WinRM/Operational,3195,4,,,,,Enumeration,,
2026-06-08T16:44:26.519371Z,145,dc.danglingtree.htb,Microsoft-Windows-WinRM,Microsoft-Windows-WinRM/Operational,3196,4,,,,,Enumeration,,http://schemas.microsoft.com/wbem/wsman/1/config/listener
2026-06-08T16:44:26.949976Z,132,dc.danglingtree.htb,Microsoft-Windows-WinRM,Microsoft-Windows-WinRM/Operational,3197,4,,,,,Enumeration,,
2026-06-08T16:44:27.257309Z,145,dc.danglingtree.htb,Microsoft-Windows-WinRM,Microsoft-Windows-WinRM/Operational,3198,4,,,,,Enumeration,,http://schemas.microsoft.com/wbem/wsman/1/windows/shell
2026-06-08T16:44:27.275360Z,132,dc.danglingtree.htb,Microsoft-Windows-WinRM,Microsoft-Windows-WinRM/Operational,3199,4,,,,,Enumeration,,
2026-06-08T17:03:12.075188Z,145,dc.danglingtree.htb,Microsoft-Windows-WinRM,Microsoft-Windows-WinRM/Operational,3200,4,,,,,Enumeration,,http://schemas.microsoft.com/wbem/wsman/1/config/listener
2026-06-08T17:03:12.685396Z,132,dc.danglingtree.htb,Microsoft-Windows-WinRM,Microsoft-Windows-WinRM/Operational,3201,4,,,,,Enumeration,,
2026-06-08T17:03:14.429013Z,145,dc.danglingtree.htb,Microsoft-Windows-WinRM,Microsoft-Windows-WinRM/Operational,3202,4,,,,,Enumeration,,http://schemas.microsoft.com/wbem/wsman/1/windows/shell
2026-06-08T17:03:14.437462Z,132,dc.danglingtree.htb,Microsoft-Windows-WinRM,Microsoft-Windows-WinRM/Operational,3203,4,,,,,Enumeration,,
2026-06-08T17:19:24.139851Z,145,dc.danglingtree.htb,Microsoft-Windows-WinRM,Microsoft-Windows-WinRM/Operational,3204,4,,,,,Enumeration,,http://schemas.microsoft.com/wbem/wsman/1/config/listener
2026-06-08T17:19:24.204474Z,132,dc.danglingtree.htb,Microsoft-Windows-WinRM,Microsoft-Windows-WinRM/Operational,3205,4,,,,,Enumeration,,
2026-06-08T17:19:24.975780Z,145,dc.danglingtree.htb,Microsoft-Windows-WinRM,Microsoft-Windows-WinRM/Operational,3206,4,,,,,Enumeration,,http://schemas.microsoft.com/wbem/wsman/1/windows/shell
2026-06-08T17:19:24.987478Z,132,dc.danglingtree.htb,Microsoft-Windows-WinRM,Microsoft-Windows-WinRM/Operational,3207,4,,,,,Enumeration,,
2026-06-08T17:28:56.484536Z,211,dc.danglingtree.htb,Microsoft-Windows-WinRM,Microsoft-Windows-WinRM/Operational,3208,4,,,,,,,
2026-06-08T17:28:57.264400Z,212,dc.danglingtree.htb,Microsoft-Windows-WinRM,Microsoft-Windows-WinRM/Operational,3209,4,,,,,,,
2026-08-03T16:40:03.936037Z,208,dc.danglingtree.htb,Microsoft-Windows-WinRM,Microsoft-Windows-WinRM/Operational,3210,4,,,,,,,
2026-08-03T16:40:05.348466Z,209,dc.danglingtree.htb,Microsoft-Windows-WinRM,Microsoft-Windows-WinRM/Operational,3211,4,,,,,,,
2026-08-03T16:40:30.048608Z,145,dc.danglingtree.htb,Microsoft-Windows-WinRM,Microsoft-Windows-WinRM/Operational,3212,4,,,,,Enumeration,,http://schemas.microsoft.com/wbem/wsman/1/config/listener
2026-08-03T16:40:31.274075Z,132,dc.danglingtree.htb,Microsoft-Windows-WinRM,Microsoft-Windows-WinRM/Operational,3213,4,,,,,Enumeration,,
2026-08-03T16:40:31.705596Z,145,dc.danglingtree.htb,Microsoft-Windows-WinRM,Microsoft-Windows-WinRM/Operational,3214,4,,,,,Enumeration,,http://schemas.microsoft.com/wbem/wsman/1/windows/shell
2026-08-03T16:40:31.715627Z,132,dc.danglingtree.htb,Microsoft-Windows-WinRM,Microsoft-Windows-WinRM/Operational,3215,4,,,,,Enumeration,,
2026-08-03T16:52:19.343940Z,145,dc.danglingtree.htb,Microsoft-Windows-WinRM,Microsoft-Windows-WinRM/Operational,3216,4,,,,,Enumeration,,http://schemas.microsoft.com/wbem/wsman/1/config/listener
2026-08-03T16:52:19.427839Z,132,dc.danglingtree.htb,Microsoft-Windows-WinRM,Microsoft-Windows-WinRM/Operational,3217,4,,,,,Enumeration,,
2026-08-03T16:52:19.904283Z,145,dc.danglingtree.htb,Microsoft-Windows-WinRM,Microsoft-Windows-WinRM/Operational,3218,4,,,,,Enumeration,,http://schemas.microsoft.com/wbem/wsman/1/windows/shell
2026-08-03T16:52:20.217605Z,132,dc.danglingtree.htb,Microsoft-Windows-WinRM,Microsoft-Windows-WinRM/Operational,3219,4,,,,,Enumeration,,
2026-08-03T16:52:20.330868Z,145,dc.danglingtree.htb,Microsoft-Windows-WinRM,Microsoft-Windows-WinRM/Operational,3220,4,,,,,Enumeration,,http://schemas.microsoft.com/wbem/wsman/1/windows/shell
2026-08-03T16:52:20.339994Z,132,dc.danglingtree.htb,Microsoft-Windows-WinRM,Microsoft-Windows-WinRM/Operational,3221,4,,,,,Enumeration,,
2026-08-03T16:55:29.284881Z,145,dc.danglingtree.htb,Microsoft-Windows-WinRM,Microsoft-Windows-WinRM/Operational,3222,4,,,,,Enumeration,,http://schemas.microsoft.com/wbem/wsman/1/config/listener
2026-08-03T16:55:29.361471Z,132,dc.danglingtree.htb,Microsoft-Windows-WinRM,Microsoft-Windows-WinRM/Operational,3223,4,,,,,Enumeration,,
2026-08-03T16:55:29.839078Z,145,dc.danglingtree.htb,Microsoft-Windows-WinRM,Microsoft-Windows-WinRM/Operational,3224,4,,,,,Enumeration,,http://schemas.microsoft.com/wbem/wsman/1/windows/shell
2026-08-03T16:55:29.852476Z,132,dc.danglingtree.htb,Microsoft-Windows-WinRM,Microsoft-Windows-WinRM/Operational,3225,4,,,,,Enumeration,,
2026-08-03T16:58:47.892010Z,145,dc.danglingtree.htb,Microsoft-Windows-WinRM,Microsoft-Windows-WinRM/Operational,3226,4,,,,,Enumeration,,http://schemas.microsoft.com/wbem/wsman/1/config/listener
2026-08-03T16:58:47.980230Z,132,dc.danglingtree.htb,Microsoft-Windows-WinRM,Microsoft-Windows-WinRM/Operational,3227,4,,,,,Enumeration,,
2026-08-03T16:58:48.751593Z,145,dc.danglingtree.htb,Microsoft-Windows-WinRM,Microsoft-Windows-WinRM/Operational,3228,4,,,,,Enumeration,,http://schemas.microsoft.com/wbem/wsman/1/windows/shell
2026-08-03T16:58:48.759639Z,132,dc.danglingtree.htb,Microsoft-Windows-WinRM,Microsoft-Windows-WinRM/Operational,3229,4,,,,,Enumeration,,
2026-08-03T17:18:36.379683Z,145,dc.danglingtree.htb,Microsoft-Windows-WinRM,Microsoft-Windows-WinRM/Operational,3230,4,,,,,Enumeration,,http://schemas.microsoft.com/wbem/wsman/1/config/listener
2026-08-03T17:18:36.646708Z,132,dc.danglingtree.htb,Microsoft-Windows-WinRM,Microsoft-Windows-WinRM/Operational,3231,4,,,,,Enumeration,,
2026-08-03T17:18:36.976668Z,145,dc.danglingtree.htb,Microsoft-Windows-WinRM,Microsoft-Windows-WinRM/Operational,3232,4,,,,,Enumeration,,http://schemas.microsoft.com/wbem/wsman/1/windows/shell
2026-08-03T17:18:36.988182Z,132,dc.danglingtree.htb,Microsoft-Windows-WinRM,Microsoft-Windows-WinRM/Operational,3233,4,,,,,Enumeration,,
2026-08-03T17:38:39.939329Z,145,dc.danglingtree.htb,Microsoft-Windows-WinRM,Microsoft-Windows-WinRM/Operational,3234,4,,,,,Enumeration,,http://schemas.microsoft.com/wbem/wsman/1/config/listener
2026-08-03T17:38:40.090709Z,132,dc.danglingtree.htb,Microsoft-Windows-WinRM,Microsoft-Windows-WinRM/Operational,3235,4,,,,,Enumeration,,
2026-08-03T17:38:40.529717Z,145,dc.danglingtree.htb,Microsoft-Windows-WinRM,Microsoft-Windows-WinRM/Operational,3236,4,,,,,Enumeration,,http://schemas.microsoft.com/wbem/wsman/1/windows/shell
2026-08-03T17:38:40.538362Z,132,dc.danglingtree.htb,Microsoft-Windows-WinRM,Microsoft-Windows-WinRM/Operational,3237,4,,,,,Enumeration,,
2026-08-03T17:58:52.646619Z,145,dc.danglingtree.htb,Microsoft-Windows-WinRM,Microsoft-Windows-WinRM/Operational,3238,4,,,,,Enumeration,,http://schemas.microsoft.com/wbem/wsman/1/config/listener
2026-08-03T17:58:52.856101Z,132,dc.danglingtree.htb,Microsoft-Windows-WinRM,Microsoft-Windows-WinRM/Operational,3239,4,,,,,Enumeration,,
2026-08-03T17:58:53.171115Z,145,dc.danglingtree.htb,Microsoft-Windows-WinRM,Microsoft-Windows-WinRM/Operational,3240,4,,,,,Enumeration,,http://schemas.microsoft.com/wbem/wsman/1/windows/shell
2026-08-03T17:58:53.183502Z,132,dc.danglingtree.htb,Microsoft-Windows-WinRM,Microsoft-Windows-WinRM/Operational,3241,4,,,,,Enumeration,,
2026-08-03T18:18:55.973621Z,145,dc.danglingtree.htb,Microsoft-Windows-WinRM,Microsoft-Windows-WinRM/Operational,3242,4,,,,,Enumeration,,http://schemas.microsoft.com/wbem/wsman/1/config/listener
2026-08-03T18:18:56.191333Z,132,dc.danglingtree.htb,Microsoft-Windows-WinRM,Microsoft-Windows-WinRM/Operational,3243,4,,,,,Enumeration,,
2026-08-03T18:18:56.553541Z,145,dc.danglingtree.htb,Microsoft-Windows-WinRM,Microsoft-Windows-WinRM/Operational,3244,4,,,,,Enumeration,,http://schemas.microsoft.com/wbem/wsman/1/windows/shell
2026-08-03T18:18:56.565519Z,132,dc.danglingtree.htb,Microsoft-Windows-WinRM,Microsoft-Windows-WinRM/Operational,3245,4,,,,,Enumeration,,
2026-08-03T18:24:46.466194Z,211,dc.danglingtree.htb,Microsoft-Windows-WinRM,Microsoft-Windows-WinRM/Operational,3246,4,,,,,,,
2026-08-03T18:24:47.450955Z,212,dc.danglingtree.htb,Microsoft-Windows-WinRM,Microsoft-Windows-WinRM/Operational,3247,4,,,,,,,
2026-08-04T16:03:16.463043Z,208,dc.danglingtree.htb,Microsoft-Windows-WinRM,Microsoft-Windows-WinRM/Operational,3248,4,,,,,,,
2026-08-04T16:03:18.226093Z,209,dc.danglingtree.htb,Microsoft-Windows-WinRM,Microsoft-Windows-WinRM/Operational,3249,4,,,,,,,
2026-08-04T16:03:48.844146Z,145,dc.danglingtree.htb,Microsoft-Windows-WinRM,Microsoft-Windows-WinRM/Operational,3250,4,,,,,Enumeration,,http://schemas.microsoft.com/wbem/wsman/1/config/listener
2026-08-04T16:03:50.535311Z,132,dc.danglingtree.htb,Microsoft-Windows-WinRM,Microsoft-Windows-WinRM/Operational,3251,4,,,,,Enumeration,,
2026-08-04T16:03:53.952659Z,145,dc.danglingtree.htb,Microsoft-Windows-WinRM,Microsoft-Windows-WinRM/Operational,3252,4,,,,,Enumeration,,http://schemas.microsoft.com/wbem/wsman/1/windows/shell
2026-08-04T16:03:56.309488Z,132,dc.danglingtree.htb,Microsoft-Windows-WinRM,Microsoft-Windows-WinRM/Operational,3253,4,,,,,Enumeration,,
2026-08-04T16:08:05.762535Z,211,dc.danglingtree.htb,Microsoft-Windows-WinRM,Microsoft-Windows-WinRM/Operational,3254,4,,,,,,,
2026-08-04T16:08:06.663324Z,212,dc.danglingtree.htb,Microsoft-Windows-WinRM,Microsoft-Windows-WinRM/Operational,3255,4,,,,,,,
2026-08-05T02:49:15.108771Z,208,dc.danglingtree.htb,Microsoft-Windows-WinRM,Microsoft-Windows-WinRM/Operational,3256,4,,,,,,,
2026-08-05T02:49:17.182912Z,209,dc.danglingtree.htb,Microsoft-Windows-WinRM,Microsoft-Windows-WinRM/Operational,3257,4,,,,,,,
2026-08-05T02:49:45.793991Z,145,dc.danglingtree.htb,Microsoft-Windows-WinRM,Microsoft-Windows-WinRM/Operational,3258,4,,,,,Enumeration,,http://schemas.microsoft.com/wbem/wsman/1/config/listener
2026-08-05T02:49:48.965268Z,132,dc.danglingtree.htb,Microsoft-Windows-WinRM,Microsoft-Windows-WinRM/Operational,3259,4,,,,,Enumeration,,
2026-08-05T02:49:51.302568Z,145,dc.danglingtree.htb,Microsoft-Windows-WinRM,Microsoft-Windows-WinRM/Operational,3260,4,,,,,Enumeration,,http://schemas.microsoft.com/wbem/wsman/1/windows/shell
2026-08-05T02:49:52.478506Z,132,dc.danglingtree.htb,Microsoft-Windows-WinRM,Microsoft-Windows-WinRM/Operational,3261,4,,,,,Enumeration,,
2026-08-05T02:55:17.895112Z,145,dc.danglingtree.htb,Microsoft-Windows-WinRM,Microsoft-Windows-WinRM/Operational,3262,4,,,,,Enumeration,,http://schemas.microsoft.com/wbem/wsman/1/windows/shell
2026-08-05T02:55:17.915120Z,132,dc.danglingtree.htb,Microsoft-Windows-WinRM,Microsoft-Windows-WinRM/Operational,3263,4,,,,,Enumeration,,
2026-08-05T03:12:29.764329Z,211,dc.danglingtree.htb,Microsoft-Windows-WinRM,Microsoft-Windows-WinRM/Operational,3264,4,,,,,,,
2026-08-05T03:12:30.632060Z,212,dc.danglingtree.htb,Microsoft-Windows-WinRM,Microsoft-Windows-WinRM/Operational,3265,4,,,,,,,
2026-08-05T03:13:21.184914Z,208,dc.danglingtree.htb,Microsoft-Windows-WinRM,Microsoft-Windows-WinRM/Operational,3266,4,,,,,,,
2026-08-05T03:13:23.603407Z,209,dc.danglingtree.htb,Microsoft-Windows-WinRM,Microsoft-Windows-WinRM/Operational,3267,4,,,,,,,
2026-08-05T03:13:55.646557Z,145,dc.danglingtree.htb,Microsoft-Windows-WinRM,Microsoft-Windows-WinRM/Operational,3268,4,,,,,Enumeration,,http://schemas.microsoft.com/wbem/wsman/1/config/listener
2026-08-05T03:13:58.677023Z,132,dc.danglingtree.htb,Microsoft-Windows-WinRM,Microsoft-Windows-WinRM/Operational,3269,4,,,,,Enumeration,,
2026-08-05T03:14:01.660750Z,145,dc.danglingtree.htb,Microsoft-Windows-WinRM,Microsoft-Windows-WinRM/Operational,3270,4,,,,,Enumeration,,http://schemas.microsoft.com/wbem/wsman/1/windows/shell
2026-08-05T03:14:02.705828Z,132,dc.danglingtree.htb,Microsoft-Windows-WinRM,Microsoft-Windows-WinRM/Operational,3271,4,,,,,Enumeration,,
2026-08-05T03:22:52.765917Z,145,dc.danglingtree.htb,Microsoft-Windows-WinRM,Microsoft-Windows-WinRM/Operational,3272,4,,,,,Enumeration,,http://schemas.microsoft.com/wbem/wsman/1/config/listener
2026-08-05T03:22:53.564806Z,132,dc.danglingtree.htb,Microsoft-Windows-WinRM,Microsoft-Windows-WinRM/Operational,3273,4,,,,,Enumeration,,
2026-08-05T03:22:54.666959Z,145,dc.danglingtree.htb,Microsoft-Windows-WinRM,Microsoft-Windows-WinRM/Operational,3274,4,,,,,Enumeration,,http://schemas.microsoft.com/wbem/wsman/1/windows/shell
2026-08-05T03:22:54.698100Z,132,dc.danglingtree.htb,Microsoft-Windows-WinRM,Microsoft-Windows-WinRM/Operational,3275,4,,,,,Enumeration,,
2026-08-05T03:22:56.038244Z,145,dc.danglingtree.htb,Microsoft-Windows-WinRM,Microsoft-Windows-WinRM/Operational,3276,4,,,,,Enumeration,,http://schemas.microsoft.com/wbem/wsman/1/windows/shell
2026-08-05T03:22:56.067409Z,132,dc.danglingtree.htb,Microsoft-Windows-WinRM,Microsoft-Windows-WinRM/Operational,3277,4,,,,,Enumeration,,
2026-08-05T03:23:38.831156Z,211,dc.danglingtree.htb,Microsoft-Windows-WinRM,Microsoft-Windows-WinRM/Operational,3278,4,,,,,,,
2026-08-05T03:23:39.826400Z,212,dc.danglingtree.htb,Microsoft-Windows-WinRM,Microsoft-Windows-WinRM/Operational,3279,4,,,,,,,
2026-08-05T03:24:51.516537Z,208,dc.danglingtree.htb,Microsoft-Windows-WinRM,Microsoft-Windows-WinRM/Operational,3280,4,,,,,,,
2026-08-05T03:24:53.724030Z,209,dc.danglingtree.htb,Microsoft-Windows-WinRM,Microsoft-Windows-WinRM/Operational,3281,4,,,,,,,
2026-08-05T03:25:21.824541Z,145,dc.danglingtree.htb,Microsoft-Windows-WinRM,Microsoft-Windows-WinRM/Operational,3282,4,,,,,Enumeration,,http://schemas.microsoft.com/wbem/wsman/1/config/listener
2026-08-05T03:25:24.672290Z,132,dc.danglingtree.htb,Microsoft-Windows-WinRM,Microsoft-Windows-WinRM/Operational,3283,4,,,,,Enumeration,,
2026-08-05T03:25:28.278103Z,145,dc.danglingtree.htb,Microsoft-Windows-WinRM,Microsoft-Windows-WinRM/Operational,3284,4,,,,,Enumeration,,http://schemas.microsoft.com/wbem/wsman/1/windows/shell
2026-08-05T03:25:30.352830Z,132,dc.danglingtree.htb,Microsoft-Windows-WinRM,Microsoft-Windows-WinRM/Operational,3285,4,,,,,Enumeration,,
2026-08-05T03:31:22.055517Z,145,dc.danglingtree.htb,Microsoft-Windows-WinRM,Microsoft-Windows-WinRM/Operational,3286,4,,,,,Enumeration,,http://schemas.microsoft.com/wbem/wsman/1/config/listener
2026-08-05T03:31:22.639671Z,132,dc.danglingtree.htb,Microsoft-Windows-WinRM,Microsoft-Windows-WinRM/Operational,3287,4,,,,,Enumeration,,
2026-08-05T03:31:23.553690Z,145,dc.danglingtree.htb,Microsoft-Windows-WinRM,Microsoft-Windows-WinRM/Operational,3288,4,,,,,Enumeration,,http://schemas.microsoft.com/wbem/wsman/1/windows/shell
2026-08-05T03:31:23.653614Z,132,dc.danglingtree.htb,Microsoft-Windows-WinRM,Microsoft-Windows-WinRM/Operational,3289,4,,,,,Enumeration,,
2026-08-05T03:31:24.451928Z,145,dc.danglingtree.htb,Microsoft-Windows-WinRM,Microsoft-Windows-WinRM/Operational,3290,4,,,,,Enumeration,,http://schemas.microsoft.com/wbem/wsman/1/windows/shell
2026-08-05T03:31:24.463026Z,132,dc.danglingtree.htb,Microsoft-Windows-WinRM,Microsoft-Windows-WinRM/Operational,3291,4,,,,,Enumeration,,
2026-08-05T03:46:14.627093Z,145,dc.danglingtree.htb,Microsoft-Windows-WinRM,Microsoft-Windows-WinRM/Operational,3292,4,,,,,Enumeration,,http://schemas.microsoft.com/wbem/wsman/1/config/listener
2026-08-05T03:46:14.682418Z,132,dc.danglingtree.htb,Microsoft-Windows-WinRM,Microsoft-Windows-WinRM/Operational,3293,4,,,,,Enumeration,,
2026-08-05T03:46:15.199190Z,145,dc.danglingtree.htb,Microsoft-Windows-WinRM,Microsoft-Windows-WinRM/Operational,3294,4,,,,,Enumeration,,http://schemas.microsoft.com/wbem/wsman/1/windows/shell
2026-08-05T03:46:15.210935Z,132,dc.danglingtree.htb,Microsoft-Windows-WinRM,Microsoft-Windows-WinRM/Operational,3295,4,,,,,Enumeration,,
2026-08-05T04:04:17.585204Z,145,dc.danglingtree.htb,Microsoft-Windows-WinRM,Microsoft-Windows-WinRM/Operational,3296,4,,,,,Enumeration,,http://schemas.microsoft.com/wbem/wsman/1/config/listener
2026-08-05T04:04:17.683991Z,132,dc.danglingtree.htb,Microsoft-Windows-WinRM,Microsoft-Windows-WinRM/Operational,3297,4,,,,,Enumeration,,
2026-08-05T04:04:17.852368Z,145,dc.danglingtree.htb,Microsoft-Windows-WinRM,Microsoft-Windows-WinRM/Operational,3298,4,,,,,Enumeration,,http://schemas.microsoft.com/wbem/wsman/1/windows/shell
2026-08-05T04:04:17.862997Z,132,dc.danglingtree.htb,Microsoft-Windows-WinRM,Microsoft-Windows-WinRM/Operational,3299,4,,,,,Enumeration,,
2026-08-05T04:06:43.502068Z,145,dc.danglingtree.htb,Microsoft-Windows-WinRM,Microsoft-Windows-WinRM/Operational,3300,4,,,,,Enumeration,,http://schemas.microsoft.com/wbem/wsman/1/config/listener
2026-08-05T04:06:43.960602Z,132,dc.danglingtree.htb,Microsoft-Windows-WinRM,Microsoft-Windows-WinRM/Operational,3301,4,,,,,Enumeration,,
2026-08-05T04:06:45.245981Z,145,dc.danglingtree.htb,Microsoft-Windows-WinRM,Microsoft-Windows-WinRM/Operational,3302,4,,,,,Enumeration,,http://schemas.microsoft.com/wbem/wsman/1/windows/shell
2026-08-05T04:06:45.517841Z,132,dc.danglingtree.htb,Microsoft-Windows-WinRM,Microsoft-Windows-WinRM/Operational,3303,4,,,,,Enumeration,,
2026-08-05T04:12:04.239995Z,145,dc.danglingtree.htb,Microsoft-Windows-WinRM,Microsoft-Windows-WinRM/Operational,3304,4,,,,,Enumeration,,http://schemas.microsoft.com/wbem/wsman/1/config/listener
2026-08-05T04:12:04.643858Z,132,dc.danglingtree.htb,Microsoft-Windows-WinRM,Microsoft-Windows-WinRM/Operational,3305,4,,,,,Enumeration,,
2026-08-05T04:12:05.149175Z,145,dc.danglingtree.htb,Microsoft-Windows-WinRM,Microsoft-Windows-WinRM/Operational,3306,4,,,,,Enumeration,,http://schemas.microsoft.com/wbem/wsman/1/windows/shell
2026-08-05T04:12:05.164208Z,132,dc.danglingtree.htb,Microsoft-Windows-WinRM,Microsoft-Windows-WinRM/Operational,3307,4,,,,,Enumeration,,
2026-08-05T04:14:38.803411Z,145,dc.danglingtree.htb,Microsoft-Windows-WinRM,Microsoft-Windows-WinRM/Operational,3308,4,,,,,Enumeration,,http://schemas.microsoft.com/wbem/wsman/1/config/listener
2026-08-05T04:14:38.878579Z,132,dc.danglingtree.htb,Microsoft-Windows-WinRM,Microsoft-Windows-WinRM/Operational,3309,4,,,,,Enumeration,,
2026-08-05T04:14:39.021704Z,145,dc.danglingtree.htb,Microsoft-Windows-WinRM,Microsoft-Windows-WinRM/Operational,3310,4,,,,,Enumeration,,http://schemas.microsoft.com/wbem/wsman/1/windows/shell
2026-08-05T04:14:39.031027Z,132,dc.danglingtree.htb,Microsoft-Windows-WinRM,Microsoft-Windows-WinRM/Operational,3311,4,,,,,Enumeration,,
2026-08-05T04:26:45.298014Z,145,dc.danglingtree.htb,Microsoft-Windows-WinRM,Microsoft-Windows-WinRM/Operational,3312,4,,,,,Enumeration,,http://schemas.microsoft.com/wbem/wsman/1/config/listener
2026-08-05T04:26:45.375205Z,132,dc.danglingtree.htb,Microsoft-Windows-WinRM,Microsoft-Windows-WinRM/Operational,3313,4,,,,,Enumeration,,
2026-08-05T04:26:45.464601Z,145,dc.danglingtree.htb,Microsoft-Windows-WinRM,Microsoft-Windows-WinRM/Operational,3314,4,,,,,Enumeration,,http://schemas.microsoft.com/wbem/wsman/1/windows/shell
2026-08-05T04:26:45.470021Z,132,dc.danglingtree.htb,Microsoft-Windows-WinRM,Microsoft-Windows-WinRM/Operational,3315,4,,,,,Enumeration,,
2026-08-05T04:46:47.911847Z,145,dc.danglingtree.htb,Microsoft-Windows-WinRM,Microsoft-Windows-WinRM/Operational,3316,4,,,,,Enumeration,,http://schemas.microsoft.com/wbem/wsman/1/config/listener
2026-08-05T04:46:47.967383Z,132,dc.danglingtree.htb,Microsoft-Windows-WinRM,Microsoft-Windows-WinRM/Operational,3317,4,,,,,Enumeration,,
2026-08-05T04:46:48.092490Z,145,dc.danglingtree.htb,Microsoft-Windows-WinRM,Microsoft-Windows-WinRM/Operational,3318,4,,,,,Enumeration,,http://schemas.microsoft.com/wbem/wsman/1/windows/shell
2026-08-05T04:46:48.102483Z,132,dc.danglingtree.htb,Microsoft-Windows-WinRM,Microsoft-Windows-WinRM/Operational,3319,4,,,,,Enumeration,,
2026-08-05T04:56:27.635314Z,211,dc.danglingtree.htb,Microsoft-Windows-WinRM,Microsoft-Windows-WinRM/Operational,3320,4,,,,,,,
2026-08-05T04:56:28.273478Z,212,dc.danglingtree.htb,Microsoft-Windows-WinRM,Microsoft-Windows-WinRM/Operational,3321,4,,,,,,,
2026-08-05T05:28:14.572401Z,208,dc.danglingtree.htb,Microsoft-Windows-WinRM,Microsoft-Windows-WinRM/Operational,3322,4,,,,,,,
2026-08-05T05:28:17.284143Z,209,dc.danglingtree.htb,Microsoft-Windows-WinRM,Microsoft-Windows-WinRM/Operational,3323,4,,,,,,,
2026-08-05T05:28:47.697754Z,145,dc.danglingtree.htb,Microsoft-Windows-WinRM,Microsoft-Windows-WinRM/Operational,3324,4,,,,,Enumeration,,http://schemas.microsoft.com/wbem/wsman/1/config/listener
2026-08-05T05:28:50.420991Z,132,dc.danglingtree.htb,Microsoft-Windows-WinRM,Microsoft-Windows-WinRM/Operational,3325,4,,,,,Enumeration,,
2026-08-05T05:28:56.026157Z,145,dc.danglingtree.htb,Microsoft-Windows-WinRM,Microsoft-Windows-WinRM/Operational,3326,4,,,,,Enumeration,,http://schemas.microsoft.com/wbem/wsman/1/windows/shell
2026-08-05T05:28:59.277851Z,132,dc.danglingtree.htb,Microsoft-Windows-WinRM,Microsoft-Windows-WinRM/Operational,3327,4,,,,,Enumeration,,
2026-08-05T05:32:59.803466Z,145,dc.danglingtree.htb,Microsoft-Windows-WinRM,Microsoft-Windows-WinRM/Operational,3328,4,,,,,Enumeration,,http://schemas.microsoft.com/wbem/wsman/1/windows/shell
2026-08-05T05:32:59.816156Z,132,dc.danglingtree.htb,Microsoft-Windows-WinRM,Microsoft-Windows-WinRM/Operational,3329,4,,,,,Enumeration,,
2026-08-05T05:34:36.234634Z,211,dc.danglingtree.htb,Microsoft-Windows-WinRM,Microsoft-Windows-WinRM/Operational,3330,4,,,,,,,
2026-08-05T05:34:36.848724Z,212,dc.danglingtree.htb,Microsoft-Windows-WinRM,Microsoft-Windows-WinRM/Operational,3331,4,,,,,,,
2026-08-05T05:42:56.655448Z,208,dc.danglingtree.htb,Microsoft-Windows-WinRM,Microsoft-Windows-WinRM/Operational,3332,4,,,,,,,
2026-08-05T05:42:58.079723Z,209,dc.danglingtree.htb,Microsoft-Windows-WinRM,Microsoft-Windows-WinRM/Operational,3333,4,,,,,,,
2026-08-05T05:43:26.492463Z,145,dc.danglingtree.htb,Microsoft-Windows-WinRM,Microsoft-Windows-WinRM/Operational,3334,4,,,,,Enumeration,,http://schemas.microsoft.com/wbem/wsman/1/config/listener
2026-08-05T05:43:28.429576Z,132,dc.danglingtree.htb,Microsoft-Windows-WinRM,Microsoft-Windows-WinRM/Operational,3335,4,,,,,Enumeration,,
2026-08-05T05:43:31.081459Z,145,dc.danglingtree.htb,Microsoft-Windows-WinRM,Microsoft-Windows-WinRM/Operational,3336,4,,,,,Enumeration,,http://schemas.microsoft.com/wbem/wsman/1/windows/shell
2026-08-05T05:43:32.983428Z,132,dc.danglingtree.htb,Microsoft-Windows-WinRM,Microsoft-Windows-WinRM/Operational,3337,4,,,,,Enumeration,,
2026-08-05T05:45:50.664585Z,211,dc.danglingtree.htb,Microsoft-Windows-WinRM,Microsoft-Windows-WinRM/Operational,3338,4,,,,,,,
2026-08-05T05:45:51.612111Z,212,dc.danglingtree.htb,Microsoft-Windows-WinRM,Microsoft-Windows-WinRM/Operational,3339,4,,,,,,,
2026-08-06T15:17:38.589681Z,208,dc.danglingtree.htb,Microsoft-Windows-WinRM,Microsoft-Windows-WinRM/Operational,3340,4,,,,,,,
2026-08-06T15:17:40.053995Z,209,dc.danglingtree.htb,Microsoft-Windows-WinRM,Microsoft-Windows-WinRM/Operational,3341,4,,,,,,,
2026-08-06T15:18:12.559624Z,145,dc.danglingtree.htb,Microsoft-Windows-WinRM,Microsoft-Windows-WinRM/Operational,3342,4,,,,,Enumeration,,http://schemas.microsoft.com/wbem/wsman/1/config/listener
2026-08-06T15:18:15.432196Z,132,dc.danglingtree.htb,Microsoft-Windows-WinRM,Microsoft-Windows-WinRM/Operational,3343,4,,,,,Enumeration,,
2026-08-06T15:18:17.977953Z,145,dc.danglingtree.htb,Microsoft-Windows-WinRM,Microsoft-Windows-WinRM/Operational,3344,4,,,,,Enumeration,,http://schemas.microsoft.com/wbem/wsman/1/windows/shell
2026-08-06T15:18:19.505523Z,132,dc.danglingtree.htb,Microsoft-Windows-WinRM,Microsoft-Windows-WinRM/Operational,3345,4,,,,,Enumeration,,
2026-08-06T15:22:09.559399Z,145,dc.danglingtree.htb,Microsoft-Windows-WinRM,Microsoft-Windows-WinRM/Operational,3346,4,,,,,Enumeration,,http://schemas.microsoft.com/wbem/wsman/1/windows/shell
2026-08-06T15:22:09.574330Z,132,dc.danglingtree.htb,Microsoft-Windows-WinRM,Microsoft-Windows-WinRM/Operational,3347,4,,,,,Enumeration,,
2026-08-06T15:37:19.248108Z,145,dc.danglingtree.htb,Microsoft-Windows-WinRM,Microsoft-Windows-WinRM/Operational,3348,4,,,,,Enumeration,,http://schemas.microsoft.com/wbem/wsman/1/config/listener
2026-08-06T15:37:19.682019Z,132,dc.danglingtree.htb,Microsoft-Windows-WinRM,Microsoft-Windows-WinRM/Operational,3349,4,,,,,Enumeration,,
2026-08-06T15:37:20.145219Z,145,dc.danglingtree.htb,Microsoft-Windows-WinRM,Microsoft-Windows-WinRM/Operational,3350,4,,,,,Enumeration,,http://schemas.microsoft.com/wbem/wsman/1/windows/shell
2026-08-06T15:37:20.196533Z,132,dc.danglingtree.htb,Microsoft-Windows-WinRM,Microsoft-Windows-WinRM/Operational,3351,4,,,,,Enumeration,,
2026-08-06T15:57:21.313801Z,145,dc.danglingtree.htb,Microsoft-Windows-WinRM,Microsoft-Windows-WinRM/Operational,3352,4,,,,,Enumeration,,http://schemas.microsoft.com/wbem/wsman/1/config/listener
2026-08-06T15:57:22.263877Z,132,dc.danglingtree.htb,Microsoft-Windows-WinRM,Microsoft-Windows-WinRM/Operational,3353,4,,,,,Enumeration,,
2026-08-06T15:57:23.048217Z,145,dc.danglingtree.htb,Microsoft-Windows-WinRM,Microsoft-Windows-WinRM/Operational,3354,4,,,,,Enumeration,,http://schemas.microsoft.com/wbem/wsman/1/windows/shell
2026-08-06T15:57:23.062426Z,132,dc.danglingtree.htb,Microsoft-Windows-WinRM,Microsoft-Windows-WinRM/Operational,3355,4,,,,,Enumeration,,
2026-08-06T16:13:07.272095Z,211,dc.danglingtree.htb,Microsoft-Windows-WinRM,Microsoft-Windows-WinRM/Operational,3356,4,,,,,,,
2026-08-06T16:13:08.009244Z,212,dc.danglingtree.htb,Microsoft-Windows-WinRM,Microsoft-Windows-WinRM/Operational,3357,4,,,,,,,
2026-08-11T09:49:46.190065Z,208,dc.danglingtree.htb,Microsoft-Windows-WinRM,Microsoft-Windows-WinRM/Operational,3358,4,,,,,,,
2026-08-11T09:49:48.591451Z,209,dc.danglingtree.htb,Microsoft-Windows-WinRM,Microsoft-Windows-WinRM/Operational,3359,4,,,,,,,
2026-08-11T09:50:16.182130Z,145,dc.danglingtree.htb,Microsoft-Windows-WinRM,Microsoft-Windows-WinRM/Operational,3360,4,,,,,Enumeration,,http://schemas.microsoft.com/wbem/wsman/1/config/listener
2026-08-11T09:50:17.411631Z,132,dc.danglingtree.htb,Microsoft-Windows-WinRM,Microsoft-Windows-WinRM/Operational,3361,4,,,,,Enumeration,,
2026-08-11T09:50:18.178974Z,145,dc.danglingtree.htb,Microsoft-Windows-WinRM,Microsoft-Windows-WinRM/Operational,3362,4,,,,,Enumeration,,http://schemas.microsoft.com/wbem/wsman/1/windows/shell
2026-08-11T09:50:18.190187Z,132,dc.danglingtree.htb,Microsoft-Windows-WinRM,Microsoft-Windows-WinRM/Operational,3363,4,,,,,Enumeration,,
2026-08-11T09:52:32.137011Z,145,dc.danglingtree.htb,Microsoft-Windows-WinRM,Microsoft-Windows-WinRM/Operational,3364,4,,,,,Enumeration,,http://schemas.microsoft.com/wbem/wsman/1/windows/shell
2026-08-11T09:52:32.146021Z,132,dc.danglingtree.htb,Microsoft-Windows-WinRM,Microsoft-Windows-WinRM/Operational,3365,4,,,,,Enumeration,,
2026-08-11T10:07:38.454170Z,145,dc.danglingtree.htb,Microsoft-Windows-WinRM,Microsoft-Windows-WinRM/Operational,3366,4,,,,,Enumeration,,http://schemas.microsoft.com/wbem/wsman/1/config/listener
2026-08-11T10:07:38.516664Z,132,dc.danglingtree.htb,Microsoft-Windows-WinRM,Microsoft-Windows-WinRM/Operational,3367,4,,,,,Enumeration,,
2026-08-11T10:07:38.601702Z,145,dc.danglingtree.htb,Microsoft-Windows-WinRM,Microsoft-Windows-WinRM/Operational,3368,4,,,,,Enumeration,,http://schemas.microsoft.com/wbem/wsman/1/windows/shell
2026-08-11T10:07:38.608325Z,132,dc.danglingtree.htb,Microsoft-Windows-WinRM,Microsoft-Windows-WinRM/Operational,3369,4,,,,,Enumeration,,
2026-08-11T10:27:42.510384Z,145,dc.danglingtree.htb,Microsoft-Windows-WinRM,Microsoft-Windows-WinRM/Operational,3370,4,,,,,Enumeration,,http://schemas.microsoft.com/wbem/wsman/1/config/listener
2026-08-11T10:27:42.561330Z,132,dc.danglingtree.htb,Microsoft-Windows-WinRM,Microsoft-Windows-WinRM/Operational,3371,4,,,,,Enumeration,,
2026-08-11T10:27:42.640865Z,145,dc.danglingtree.htb,Microsoft-Windows-WinRM,Microsoft-Windows-WinRM/Operational,3372,4,,,,,Enumeration,,http://schemas.microsoft.com/wbem/wsman/1/windows/shell
2026-08-11T10:27:42.649269Z,132,dc.danglingtree.htb,Microsoft-Windows-WinRM,Microsoft-Windows-WinRM/Operational,3373,4,,,,,Enumeration,,
2026-08-11T10:47:47.612417Z,145,dc.danglingtree.htb,Microsoft-Windows-WinRM,Microsoft-Windows-WinRM/Operational,3374,4,,,,,Enumeration,,http://schemas.microsoft.com/wbem/wsman/1/config/listener
2026-08-11T10:47:47.679936Z,132,dc.danglingtree.htb,Microsoft-Windows-WinRM,Microsoft-Windows-WinRM/Operational,3375,4,,,,,Enumeration,,
2026-08-11T10:47:47.761267Z,145,dc.danglingtree.htb,Microsoft-Windows-WinRM,Microsoft-Windows-WinRM/Operational,3376,4,,,,,Enumeration,,http://schemas.microsoft.com/wbem/wsman/1/windows/shell
2026-08-11T10:47:47.768735Z,132,dc.danglingtree.htb,Microsoft-Windows-WinRM,Microsoft-Windows-WinRM/Operational,3377,4,,,,,Enumeration,,
2026-08-11T11:07:53.547449Z,145,dc.danglingtree.htb,Microsoft-Windows-WinRM,Microsoft-Windows-WinRM/Operational,3378,4,,,,,Enumeration,,http://schemas.microsoft.com/wbem/wsman/1/config/listener
2026-08-11T11:07:53.583477Z,132,dc.danglingtree.htb,Microsoft-Windows-WinRM,Microsoft-Windows-WinRM/Operational,3379,4,,,,,Enumeration,,
2026-08-11T11:07:53.653033Z,145,dc.danglingtree.htb,Microsoft-Windows-WinRM,Microsoft-Windows-WinRM/Operational,3380,4,,,,,Enumeration,,http://schemas.microsoft.com/wbem/wsman/1/windows/shell
2026-08-11T11:07:53.658921Z,132,dc.danglingtree.htb,Microsoft-Windows-WinRM,Microsoft-Windows-WinRM/Operational,3381,4,,,,,Enumeration,,
2026-08-11T11:27:58.813298Z,145,dc.danglingtree.htb,Microsoft-Windows-WinRM,Microsoft-Windows-WinRM/Operational,3382,4,,,,,Enumeration,,http://schemas.microsoft.com/wbem/wsman/1/config/listener
2026-08-11T11:27:58.860102Z,132,dc.danglingtree.htb,Microsoft-Windows-WinRM,Microsoft-Windows-WinRM/Operational,3383,4,,,,,Enumeration,,
2026-08-11T11:27:58.930988Z,145,dc.danglingtree.htb,Microsoft-Windows-WinRM,Microsoft-Windows-WinRM/Operational,3384,4,,,,,Enumeration,,http://schemas.microsoft.com/wbem/wsman/1/windows/shell
2026-08-11T11:27:58.937915Z,132,dc.danglingtree.htb,Microsoft-Windows-WinRM,Microsoft-Windows-WinRM/Operational,3385,4,,,,,Enumeration,,
2026-08-11T11:48:04.344449Z,145,dc.danglingtree.htb,Microsoft-Windows-WinRM,Microsoft-Windows-WinRM/Operational,3386,4,,,,,Enumeration,,http://schemas.microsoft.com/wbem/wsman/1/config/listener
2026-08-11T11:48:04.394056Z,132,dc.danglingtree.htb,Microsoft-Windows-WinRM,Microsoft-Windows-WinRM/Operational,3387,4,,,,,Enumeration,,
2026-08-11T11:48:04.493427Z,145,dc.danglingtree.htb,Microsoft-Windows-WinRM,Microsoft-Windows-WinRM/Operational,3388,4,,,,,Enumeration,,http://schemas.microsoft.com/wbem/wsman/1/windows/shell
2026-08-11T11:48:04.503003Z,132,dc.danglingtree.htb,Microsoft-Windows-WinRM,Microsoft-Windows-WinRM/Operational,3389,4,,,,,Enumeration,,
2026-08-11T12:08:09.872308Z,145,dc.danglingtree.htb,Microsoft-Windows-WinRM,Microsoft-Windows-WinRM/Operational,3390,4,,,,,Enumeration,,http://schemas.microsoft.com/wbem/wsman/1/config/listener
2026-08-11T12:08:09.910661Z,132,dc.danglingtree.htb,Microsoft-Windows-WinRM,Microsoft-Windows-WinRM/Operational,3391,4,,,,,Enumeration,,
2026-08-11T12:08:09.982948Z,145,dc.danglingtree.htb,Microsoft-Windows-WinRM,Microsoft-Windows-WinRM/Operational,3392,4,,,,,Enumeration,,http://schemas.microsoft.com/wbem/wsman/1/windows/shell
2026-08-11T12:08:09.990662Z,132,dc.danglingtree.htb,Microsoft-Windows-WinRM,Microsoft-Windows-WinRM/Operational,3393,4,,,,,Enumeration,,
2026-08-11T12:28:15.369192Z,145,dc.danglingtree.htb,Microsoft-Windows-WinRM,Microsoft-Windows-WinRM/Operational,3394,4,,,,,Enumeration,,http://schemas.microsoft.com/wbem/wsman/1/config/listener
2026-08-11T12:28:15.420255Z,132,dc.danglingtree.htb,Microsoft-Windows-WinRM,Microsoft-Windows-WinRM/Operational,3395,4,,,,,Enumeration,,
2026-08-11T12:28:15.483889Z,145,dc.danglingtree.htb,Microsoft-Windows-WinRM,Microsoft-Windows-WinRM/Operational,3396,4,,,,,Enumeration,,http://schemas.microsoft.com/wbem/wsman/1/windows/shell
2026-08-11T12:28:15.490632Z,132,dc.danglingtree.htb,Microsoft-Windows-WinRM,Microsoft-Windows-WinRM/Operational,3397,4,,,,,Enumeration,,
2026-08-11T12:48:20.722007Z,145,dc.danglingtree.htb,Microsoft-Windows-WinRM,Microsoft-Windows-WinRM/Operational,3398,4,,,,,Enumeration,,http://schemas.microsoft.com/wbem/wsman/1/config/listener
2026-08-11T12:48:20.776289Z,132,dc.danglingtree.htb,Microsoft-Windows-WinRM,Microsoft-Windows-WinRM/Operational,3399,4,,,,,Enumeration,,
2026-08-11T12:48:20.854002Z,145,dc.danglingtree.htb,Microsoft-Windows-WinRM,Microsoft-Windows-WinRM/Operational,3400,4,,,,,Enumeration,,http://schemas.microsoft.com/wbem/wsman/1/windows/shell
2026-08-11T12:48:20.862472Z,132,dc.danglingtree.htb,Microsoft-Windows-WinRM,Microsoft-Windows-WinRM/Operational,3401,4,,,,,Enumeration,,
2026-08-11T13:08:26.249030Z,145,dc.danglingtree.htb,Microsoft-Windows-WinRM,Microsoft-Windows-WinRM/Operational,3402,4,,,,,Enumeration,,http://schemas.microsoft.com/wbem/wsman/1/config/listener
2026-08-11T13:08:26.292130Z,132,dc.danglingtree.htb,Microsoft-Windows-WinRM,Microsoft-Windows-WinRM/Operational,3403,4,,,,,Enumeration,,
2026-08-11T13:08:26.359204Z,145,dc.danglingtree.htb,Microsoft-Windows-WinRM,Microsoft-Windows-WinRM/Operational,3404,4,,,,,Enumeration,,http://schemas.microsoft.com/wbem/wsman/1/windows/shell
2026-08-11T13:08:26.366815Z,132,dc.danglingtree.htb,Microsoft-Windows-WinRM,Microsoft-Windows-WinRM/Operational,3405,4,,,,,Enumeration,,
2026-08-11T13:28:31.305607Z,145,dc.danglingtree.htb,Microsoft-Windows-WinRM,Microsoft-Windows-WinRM/Operational,3406,4,,,,,Enumeration,,http://schemas.microsoft.com/wbem/wsman/1/config/listener
2026-08-11T13:28:31.367021Z,132,dc.danglingtree.htb,Microsoft-Windows-WinRM,Microsoft-Windows-WinRM/Operational,3407,4,,,,,Enumeration,,
2026-08-11T13:28:31.438319Z,145,dc.danglingtree.htb,Microsoft-Windows-WinRM,Microsoft-Windows-WinRM/Operational,3408,4,,,,,Enumeration,,http://schemas.microsoft.com/wbem/wsman/1/windows/shell
2026-08-11T13:28:31.445549Z,132,dc.danglingtree.htb,Microsoft-Windows-WinRM,Microsoft-Windows-WinRM/Operational,3409,4,,,,,Enumeration,,
2026-08-11T13:35:04.954011Z,145,dc.danglingtree.htb,Microsoft-Windows-WinRM,Microsoft-Windows-WinRM/Operational,3410,4,,,,,Enumeration,,http://schemas.microsoft.com/wbem/wsman/1/config/listener
2026-08-11T13:35:05.006681Z,132,dc.danglingtree.htb,Microsoft-Windows-WinRM,Microsoft-Windows-WinRM/Operational,3411,4,,,,,Enumeration,,
2026-08-11T13:35:05.075120Z,145,dc.danglingtree.htb,Microsoft-Windows-WinRM,Microsoft-Windows-WinRM/Operational,3412,4,,,,,Enumeration,,http://schemas.microsoft.com/wbem/wsman/1/windows/shell
2026-08-11T13:35:05.082755Z,132,dc.danglingtree.htb,Microsoft-Windows-WinRM,Microsoft-Windows-WinRM/Operational,3413,4,,,,,Enumeration,,
2026-08-11T13:35:05.141395Z,145,dc.danglingtree.htb,Microsoft-Windows-WinRM,Microsoft-Windows-WinRM/Operational,3414,4,,,,,Enumeration,,http://schemas.microsoft.com/wbem/wsman/1/windows/shell
2026-08-11T13:35:05.149447Z,132,dc.danglingtree.htb,Microsoft-Windows-WinRM,Microsoft-Windows-WinRM/Operational,3415,4,,,,,Enumeration,,
2026-08-11T13:48:36.658706Z,145,dc.danglingtree.htb,Microsoft-Windows-WinRM,Microsoft-Windows-WinRM/Operational,3416,4,,,,,Enumeration,,http://schemas.microsoft.com/wbem/wsman/1/config/listener
2026-08-11T13:48:36.724729Z,132,dc.danglingtree.htb,Microsoft-Windows-WinRM,Microsoft-Windows-WinRM/Operational,3417,4,,,,,Enumeration,,
2026-08-11T13:48:36.813190Z,145,dc.danglingtree.htb,Microsoft-Windows-WinRM,Microsoft-Windows-WinRM/Operational,3418,4,,,,,Enumeration,,http://schemas.microsoft.com/wbem/wsman/1/windows/shell
2026-08-11T13:48:36.819850Z,132,dc.danglingtree.htb,Microsoft-Windows-WinRM,Microsoft-Windows-WinRM/Operational,3419,4,,,,,Enumeration,,
2026-08-11T14:08:41.598558Z,145,dc.danglingtree.htb,Microsoft-Windows-WinRM,Microsoft-Windows-WinRM/Operational,3420,4,,,,,Enumeration,,http://schemas.microsoft.com/wbem/wsman/1/config/listener
2026-08-11T14:08:41.644610Z,132,dc.danglingtree.htb,Microsoft-Windows-WinRM,Microsoft-Windows-WinRM/Operational,3421,4,,,,,Enumeration,,
2026-08-11T14:08:41.710181Z,145,dc.danglingtree.htb,Microsoft-Windows-WinRM,Microsoft-Windows-WinRM/Operational,3422,4,,,,,Enumeration,,http://schemas.microsoft.com/wbem/wsman/1/windows/shell
2026-08-11T14:08:41.717142Z,132,dc.danglingtree.htb,Microsoft-Windows-WinRM,Microsoft-Windows-WinRM/Operational,3423,4,,,,,Enumeration,,
